forecast_origin,target_date,horizon,factor,current_factor,predicted_change,predicted_future_factor,realized_future_factor,error,model,representation
2021-12-31,2022-01-07,5,beta0,0.003861142263651722,0.00014649585081599067,0.004007638114467713,0.005104266132052918,-0.0010966280175852047,NS_RIDGE,NS
2021-12-31,2022-01-07,5,beta1,-0.011365858077563296,-0.0001771729660796417,-0.011543031043642937,-0.012161088528296986,0.0006180574846540495,NS_RIDGE,NS
2021-12-31,2022-01-07,5,beta2,-0.010178707139967148,-0.0005898182388586404,-0.010768525378825788,-0.00983665173164381,-0.0009318736471819779,NS_RIDGE,NS
2021-12-31,2022-01-07,5,beta0,0.003861142263651722,-5.677657469939238e-05,0.0038043656889523297,0.005104266132052918,-0.001299900443100588,NS_ELASTICNET,NS
2021-12-31,2022-01-07,5,beta1,-0.011365858077563296,2.6306082361063206e-05,-0.011339551995202233,-0.012161088528296986,0.0008215365330947536,NS_ELASTICNET,NS
2021-12-31,2022-01-07,5,beta2,-0.010178707139967148,3.901753690110296e-06,-0.010174805386277037,-0.00983665173164381,-0.00033815365463322686,NS_ELASTICNET,NS
2021-12-31,2022-01-07,5,PC1,-0.0964899061582326,-0.00012843170969687942,-0.09661833786792948,-0.0916378464076949,-0.004980491460234576,PCA_RIDGE,PCA
2021-12-31,2022-01-07,5,PC2,0.012311608370796395,-0.0003183498671587245,0.011993258503637671,0.01151281418362337,0.0004804443200143015,PCA_RIDGE,PCA
2021-12-31,2022-01-07,5,PC3,-0.005286319886582775,0.00018328430872065066,-0.005103035577862125,-0.005266056585297227,0.00016302100743510219,PCA_RIDGE,PCA
2021-12-31,2022-01-07,5,PC1,-0.0964899061582326,0.0003433389527518621,-0.09614656720548073,-0.0916378464076949,-0.004508720797785831,PCA_RIDGE_VAR,PCA
2021-12-31,2022-01-07,5,PC2,0.012311608370796395,-9.700409528799053e-05,0.012214604275508405,0.01151281418362337,0.000701790091885035,PCA_RIDGE_VAR,PCA
2021-12-31,2022-01-07,5,PC3,-0.005286319886582775,0.00012183920542604889,-0.0051644806811567264,-0.005266056585297227,0.00010157590414050077,PCA_RIDGE_VAR,PCA
2021-12-31,2022-01-14,10,beta0,0.003861142263651722,0.000396784260856177,0.004257926524507899,0.004451649017463631,-0.00019372249295573126,NS_RIDGE,NS
2021-12-31,2022-01-14,10,beta1,-0.011365858077563296,-0.00039182440417002095,-0.011757682481733317,-0.011715443997280061,-4.223848445325529e-05,NS_RIDGE,NS
2021-12-31,2022-01-14,10,beta2,-0.010178707139967148,-0.0014033244130818442,-0.011582031553048992,-0.007959062100275019,-0.003622969452773973,NS_RIDGE,NS
2021-12-31,2022-01-14,10,beta0,0.003861142263651722,-0.00011448171951555184,0.0037466605441361703,0.004451649017463631,-0.0007049884733274603,NS_ELASTICNET,NS
2021-12-31,2022-01-14,10,beta1,-0.011365858077563296,5.3297890386473096e-05,-0.011312560187176822,-0.011715443997280061,0.0004028838101032394,NS_ELASTICNET,NS
2021-12-31,2022-01-14,10,beta2,-0.010178707139967148,9.710787326329585e-06,-0.010168996352640817,-0.007959062100275019,-0.0022099342523657986,NS_ELASTICNET,NS
2021-12-31,2022-01-14,10,PC1,-0.0964899061582326,3.4182145775224634e-05,-0.09645572401245738,-0.09209151324042204,-0.004364210772035332,PCA_RIDGE,PCA
2021-12-31,2022-01-14,10,PC2,0.012311608370796395,-0.000652485933117496,0.0116591224376789,0.011899526253982001,-0.00024040381630310165,PCA_RIDGE,PCA
2021-12-31,2022-01-14,10,PC3,-0.005286319886582775,0.0004894763052362067,-0.004796843581346568,-0.005872853486560142,0.0010760099052135735,PCA_RIDGE,PCA
2021-12-31,2022-01-14,10,PC1,-0.0964899061582326,0.0006792168872520876,-0.0958106892709805,-0.09209151324042204,-0.003719176030558463,PCA_RIDGE_VAR,PCA
2021-12-31,2022-01-14,10,PC2,0.012311608370796395,-0.00019105651626325458,0.01212055185453314,0.011899526253982001,0.00022102560055113976,PCA_RIDGE_VAR,PCA
2021-12-31,2022-01-14,10,PC3,-0.005286319886582775,0.00023999091827569229,-0.005046328968307083,-0.005872853486560142,0.0008265245182530589,PCA_RIDGE_VAR,PCA
2021-12-31,2022-02-01,22,beta0,0.003861142263651722,0.001065434859682303,0.004926577123334025,0.0049539682685567745,-2.7391145222749498e-05,NS_RIDGE,NS
2021-12-31,2022-02-01,22,beta1,-0.011365858077563296,-0.0011091666892237644,-0.01247502476678706,-0.012748962033854819,0.00027393726706775867,NS_RIDGE,NS
2021-12-31,2022-02-01,22,beta2,-0.010178707139967148,-0.001928854419842756,-0.012107561559809904,-0.004073847218813918,-0.008033714340995986,NS_RIDGE,NS
2021-12-31,2022-02-01,22,beta0,0.003861142263651722,-0.00025796704323313187,0.00360317522041859,0.0049539682685567745,-0.0013507930481381843,NS_ELASTICNET,NS
2021-12-31,2022-02-01,22,beta1,-0.011365858077563296,0.00012085018595880114,-0.011245007891604495,-0.012748962033854819,0.0015039541422503244,NS_ELASTICNET,NS
2021-12-31,2022-02-01,22,beta2,-0.010178707139967148,3.4795385116596336e-05,-0.010143911754850552,-0.004073847218813918,-0.006070064536036634,NS_ELASTICNET,NS
2021-12-31,2022-02-01,22,PC1,-0.0964899061582326,0.0012797139024904604,-0.09521019225574213,-0.08770179387510431,-0.007508398380637826,PCA_RIDGE,PCA
2021-12-31,2022-02-01,22,PC2,0.012311608370796395,-0.0014717301913824313,0.010839878179413964,0.010609628511523231,0.00023024966789073238,PCA_RIDGE,PCA
2021-12-31,2022-02-01,22,PC3,-0.005286319886582775,0.0006196425198083484,-0.004666677366774427,-0.007113369703036233,0.002446692336261806,PCA_RIDGE,PCA
2021-12-31,2022-02-01,22,PC1,-0.0964899061582326,0.0014562000535083136,-0.09503370610472428,-0.08770179387510431,-0.007331912229619972,PCA_RIDGE_VAR,PCA
2021-12-31,2022-02-01,22,PC2,0.012311608370796395,-0.00040527604743068046,0.011906332323365715,0.010609628511523231,0.0012967038118424836,PCA_RIDGE_VAR,PCA
2021-12-31,2022-02-01,22,PC3,-0.005286319886582775,0.0005091768364802896,-0.004777143050102486,-0.007113369703036233,0.0023362266529337473,PCA_RIDGE_VAR,PCA
2022-01-31,2022-02-07,5,beta0,0.004946476596292131,0.00040171633714422263,0.005348192933436354,0.004278040645236604,0.00107015228819975,NS_RIDGE,NS
2022-01-31,2022-02-07,5,beta1,-0.012635226171360179,-0.00040702373937414845,-0.013042249910734327,-0.012330482823826521,-0.0007117670869078059,NS_RIDGE,NS
2022-01-31,2022-02-07,5,beta2,-0.0047705729226965995,-0.0007752674715834,-0.005545840394279999,0.006901257661690066,-0.012447098055970066,NS_RIDGE,NS
2022-01-31,2022-02-07,5,beta0,0.004946476596292131,-5.510502096474506e-05,0.004891371575327386,0.004278040645236604,0.0006133309300907818,NS_ELASTICNET,NS
2022-01-31,2022-02-07,5,beta1,-0.012635226171360179,2.4443433900037495e-05,-0.01261078273746014,-0.012330482823826521,-0.0002802999136336196,NS_ELASTICNET,NS
2022-01-31,2022-02-07,5,beta2,-0.0047705729226965995,7.357605934510533e-06,-0.004763215316762089,0.006901257661690066,-0.011664472978452155,NS_ELASTICNET,NS
2022-01-31,2022-02-07,5,PC1,-0.08780284965129061,0.0006039383875763896,-0.08719891126371422,-0.07887008593685299,-0.00832882532686123,PCA_RIDGE,PCA
2022-01-31,2022-02-07,5,PC2,0.010649729827649387,-0.0006548848452428552,0.009994844982406532,0.010797257658020068,-0.0008024126756135362,PCA_RIDGE,PCA
2022-01-31,2022-02-07,5,PC3,-0.006819940758041405,0.00021574834561629162,-0.006604192412425113,-0.010539257267536382,0.0039350648551112685,PCA_RIDGE,PCA
2022-01-31,2022-02-07,5,PC1,-0.08780284965129061,0.0004213965162813138,-0.0873814531350093,-0.07887008593685299,-0.008511367198156303,PCA_RIDGE_VAR,PCA
2022-01-31,2022-02-07,5,PC2,0.010649729827649387,-0.00014021503861326445,0.010509514789036122,0.010797257658020068,-0.0002877428689839461,PCA_RIDGE_VAR,PCA
2022-01-31,2022-02-07,5,PC3,-0.006819940758041405,0.00016238405296520233,-0.0066575567050762025,-0.010539257267536382,0.003881700562460179,PCA_RIDGE_VAR,PCA
2022-01-31,2022-02-14,10,beta0,0.004946476596292131,0.0005885427795695466,0.005535019375861677,0.005727164692769994,-0.00019214531690831677,NS_RIDGE,NS
2022-01-31,2022-02-14,10,beta1,-0.012635226171360179,-0.0005596389422485399,-0.01319486511360872,-0.014172820111323505,0.0009779549977147854,NS_RIDGE,NS
2022-01-31,2022-02-14,10,beta2,-0.0047705729226965995,-0.0013890611185297978,-0.006159634041226397,0.004099551402963983,-0.01025918544419038,NS_RIDGE,NS
2022-01-31,2022-02-14,10,beta0,0.004946476596292131,-0.00011054055696596721,0.004835936039326164,0.005727164692769994,-0.0008912286534438303,NS_ELASTICNET,NS
2022-01-31,2022-02-14,10,beta1,-0.012635226171360179,4.9474009791228945e-05,-0.01258575216156895,-0.014172820111323505,0.0015870679497545555,NS_ELASTICNET,NS
2022-01-31,2022-02-14,10,beta2,-0.0047705729226965995,1.7020513542657224e-05,-0.004753552409153942,0.004099551402963983,-0.008853103812117926,NS_ELASTICNET,NS
2022-01-31,2022-02-14,10,PC1,-0.08780284965129061,0.0008546588875642697,-0.08694819076372634,-0.07804559945528045,-0.008902591308445895,PCA_RIDGE,PCA
2022-01-31,2022-02-14,10,PC2,0.010649729827649387,-0.0010324525460583072,0.009617277281591079,0.008711866549057319,0.0009054107325337599,PCA_RIDGE,PCA
2022-01-31,2022-02-14,10,PC3,-0.006819940758041405,0.000411160527505173,-0.006408780230536232,-0.009643601126959948,0.003234820896423716,PCA_RIDGE,PCA
2022-01-31,2022-02-14,10,PC1,-0.08780284965129061,0.000832019985319038,-0.08697082966597157,-0.07804559945528045,-0.008925230210691124,PCA_RIDGE_VAR,PCA
2022-01-31,2022-02-14,10,PC2,0.010649729827649387,-0.0002763230637644349,0.010373406763884952,0.008711866549057319,0.0016615402148276327,PCA_RIDGE_VAR,PCA
2022-01-31,2022-02-14,10,PC3,-0.006819940758041405,0.00032004685945476175,-0.006499893898586643,-0.009643601126959948,0.0031437072283733046,PCA_RIDGE_VAR,PCA
2022-01-31,2022-03-02,22,beta0,0.004946476596292131,0.0010548259185311144,0.006001302514823246,0.005585286801073611,0.00041601571374963453,NS_RIDGE,NS
2022-01-31,2022-03-02,22,beta1,-0.012635226171360179,-0.0008699410518837291,-0.013505167223243908,-0.013687731222344087,0.0001825639991001795,NS_RIDGE,NS
2022-01-31,2022-03-02,22,beta2,-0.0047705729226965995,-0.0024331967268366246,-0.007203769649533225,-0.006257704430662201,-0.0009460652188710231,NS_RIDGE,NS
2022-01-31,2022-03-02,22,beta0,0.004946476596292131,-0.0002442026895011748,0.004702273906790956,0.005585286801073611,-0.0008830128942826547,NS_ELASTICNET,NS
2022-01-31,2022-03-02,22,beta1,-0.012635226171360179,0.00011052131908046277,-0.012524704852279717,-0.013687731222344087,0.0011630263700643708,NS_ELASTICNET,NS
2022-01-31,2022-03-02,22,beta2,-0.0047705729226965995,3.9916740757143615e-05,-0.004730656181939456,-0.006257704430662201,0.0015270482487227451,NS_ELASTICNET,NS
2022-01-31,2022-03-02,22,PC1,-0.08780284965129061,0.0016779649582936687,-0.08612488469299694,-0.08812415191297164,0.001999267219974704,PCA_RIDGE,PCA
2022-01-31,2022-03-02,22,PC2,0.010649729827649387,-0.0017807368168208122,0.008868993010828575,0.009395893328029068,-0.0005269003172004936,PCA_RIDGE,PCA
2022-01-31,2022-03-02,22,PC3,-0.006819940758041405,0.0007976994004061181,-0.006022241357635287,-0.00636677322411444,0.00034453186647915267,PCA_RIDGE,PCA
2022-01-31,2022-03-02,22,PC1,-0.08780284965129061,0.0017754085960145632,-0.08602744105527604,-0.08812415191297164,0.0020967108576955967,PCA_RIDGE_VAR,PCA
2022-01-31,2022-03-02,22,PC2,0.010649729827649387,-0.0005869370170369856,0.010062792810612401,0.009395893328029068,0.000666899482583333,PCA_RIDGE_VAR,PCA
2022-01-31,2022-03-02,22,PC3,-0.006819940758041405,0.0006799911352939284,-0.006139949622747476,-0.00636677322411444,0.0002268236013669633,PCA_RIDGE_VAR,PCA
2022-02-28,2022-03-07,5,beta0,0.006729145917417678,0.0002614908025430349,0.006990636719960713,0.004552140432680928,0.002438496287279785,NS_RIDGE,NS
2022-02-28,2022-03-07,5,beta1,-0.015247191069342593,-0.0005677644188447031,-0.015814955488187295,-0.013191041176837571,-0.0026239143113497235,NS_RIDGE,NS
2022-02-28,2022-03-07,5,beta2,-0.0015309319010038155,-0.0009451159690560655,-0.0024760478700598812,-0.003967491742173398,0.001491443872113517,NS_RIDGE,NS
2022-02-28,2022-03-07,5,beta0,0.006729145917417678,-5.3517282231653104e-05,0.006675628635186025,0.004552140432680928,0.0021234882025050967,NS_ELASTICNET,NS
2022-02-28,2022-03-07,5,beta1,-0.015247191069342593,2.2328180549892827e-05,-0.0152248628887927,-0.013191041176837571,-0.0020338217119551284,NS_ELASTICNET,NS
2022-02-28,2022-03-07,5,beta2,-0.0015309319010038155,1.8043844839728422e-05,-0.001512888056164087,-0.003967491742173398,0.0024546036860093115,NS_ELASTICNET,NS
2022-02-28,2022-03-07,5,PC1,-0.08043257238853543,-0.0005532230042378148,-0.08098579539277324,-0.08954791495058054,0.008562119557807293,PCA_RIDGE,PCA
2022-02-28,2022-03-07,5,PC2,0.007506922203499848,-0.000891796507092745,0.006615125696407103,0.009527517493164182,-0.002912391796757079,PCA_RIDGE,PCA
2022-02-28,2022-03-07,5,PC3,-0.007769886932521563,0.000262543891717155,-0.007507343040804408,-0.006901873827969301,-0.0006054692128351071,PCA_RIDGE,PCA
2022-02-28,2022-03-07,5,PC1,-0.08043257238853543,0.0004476767450799085,-0.07998489564345553,-0.08954791495058054,0.009563019307125012,PCA_RIDGE_VAR,PCA
2022-02-28,2022-03-07,5,PC2,0.007506922203499848,-0.00018216990917221,0.007324752294327638,0.009527517493164182,-0.002202765198836544,PCA_RIDGE_VAR,PCA
2022-02-28,2022-03-07,5,PC3,-0.007769886932521563,0.0001847340256694082,-0.0075851529068521545,-0.006901873827969301,-0.0006832790788828536,PCA_RIDGE_VAR,PCA
2022-02-28,2022-03-14,10,beta0,0.006729145917417678,0.0009277432812759745,0.007656889198693653,0.0071441776709777905,0.0005127115277158622,NS_RIDGE,NS
2022-02-28,2022-03-14,10,beta1,-0.015247191069342593,-0.0015084337500938828,-0.016755624819436474,-0.015549785906820096,-0.0012058389126163773,NS_RIDGE,NS
2022-02-28,2022-03-14,10,beta2,-0.0015309319010038155,-0.0022365358380978407,-0.0037674677391016562,0.003949815463354446,-0.007717283202456102,NS_RIDGE,NS
2022-02-28,2022-03-14,10,beta0,0.006729145917417678,-0.00010663421049318119,0.006622511706924497,0.0071441776709777905,-0.0005216659640532939,NS_ELASTICNET,NS
2022-02-28,2022-03-14,10,beta1,-0.015247191069342593,4.430151961636217e-05,-0.01520288954972623,-0.015549785906820096,0.00034689635709386595,NS_ELASTICNET,NS
2022-02-28,2022-03-14,10,beta2,-0.0015309319010038155,3.805597336582119e-05,-0.0014928759276379943,0.003949815463354446,-0.00544269139099244,NS_ELASTICNET,NS
2022-02-28,2022-03-14,10,PC1,-0.08043257238853543,-0.0001989492346339608,-0.08063152162316939,-0.0735557016868517,-0.007075819936317687,PCA_RIDGE,PCA
2022-02-28,2022-03-14,10,PC2,0.007506922203499848,-0.002162609040150845,0.005344313163349003,0.007178256722990876,-0.0018339435596418738,PCA_RIDGE,PCA
2022-02-28,2022-03-14,10,PC3,-0.007769886932521563,0.0006460876144006757,-0.007123799318120887,-0.009466982129071216,0.0023431828109503287,PCA_RIDGE,PCA
2022-02-28,2022-03-14,10,PC1,-0.08043257238853543,0.0008819543349395803,-0.07955061805359585,-0.0735557016868517,-0.005994916366744152,PCA_RIDGE_VAR,PCA
2022-02-28,2022-03-14,10,PC2,0.007506922203499848,-0.0003590944184763663,0.007147827785023482,0.007178256722990876,-3.0428937967394605e-05,PCA_RIDGE_VAR,PCA
2022-02-28,2022-03-14,10,PC3,-0.007769886932521563,0.0003643218416189203,-0.007405565090902642,-0.009466982129071216,0.0020614170381685736,PCA_RIDGE_VAR,PCA
2022-02-28,2022-03-30,22,beta0,0.006729145917417678,0.0011940847484995314,0.00792323066591721,0.007792859645652149,0.00013037102026506112,NS_RIDGE,NS
2022-02-28,2022-03-30,22,beta1,-0.015247191069342593,-0.0025379448090636476,-0.01778513587840624,-0.016633432933260812,-0.0011517029451454282,NS_RIDGE,NS
2022-02-28,2022-03-30,22,beta2,-0.0015309319010038155,-0.0020470143353215967,-0.003577946236325412,0.018196632432141934,-0.021774578668467347,NS_RIDGE,NS
2022-02-28,2022-03-30,22,beta0,0.006729145917417678,-0.00023975014726012242,0.006489395770157556,0.007792859645652149,-0.001303463875494593,NS_ELASTICNET,NS
2022-02-28,2022-03-30,22,beta1,-0.015247191069342593,0.00010269222166961311,-0.01514449884767298,-0.016633432933260812,0.0014889340855878327,NS_ELASTICNET,NS
2022-02-28,2022-03-30,22,beta2,-0.0015309319010038155,9.250636517669911e-05,-0.0014384255358271163,0.018196632432141934,-0.01963505796796905,NS_ELASTICNET,NS
2022-02-28,2022-03-30,22,PC1,-0.08043257238853543,-0.0004552671356243686,-0.0808878395241598,-0.05827912034851711,-0.022608719175642694,PCA_RIDGE,PCA
2022-02-28,2022-03-30,22,PC2,0.007506922203499848,-0.003936024417684496,0.003570897785815352,0.005953752227412675,-0.002382854441597323,PCA_RIDGE,PCA
2022-02-28,2022-03-30,22,PC3,-0.007769886932521563,0.0004939517195580442,-0.007275935212963518,-0.014074528054659061,0.006798592841695543,PCA_RIDGE,PCA
2022-02-28,2022-03-30,22,PC1,-0.08043257238853543,0.0018717909900599072,-0.07856078139847553,-0.05827912034851711,-0.02028166104995842,PCA_RIDGE_VAR,PCA
2022-02-28,2022-03-30,22,PC2,0.007506922203499848,-0.0007631794408077376,0.0067437427626921105,0.005953752227412675,0.0007899905352794353,PCA_RIDGE_VAR,PCA
2022-02-28,2022-03-30,22,PC3,-0.007769886932521563,0.0007751827313909783,-0.0069947042011305844,-0.014074528054659061,0.007079823853528477,PCA_RIDGE_VAR,PCA
2022-03-31,2022-04-07,5,beta0,0.007059072220624711,0.00034561000022443613,0.007404682220849147,0.008458563784309148,-0.0010538815634600004,NS_RIDGE,NS
2022-03-31,2022-04-07,5,beta1,-0.01578485942256768,-0.0006444273661301709,-0.01642928678869785,-0.017095893283371882,0.000666606494674031,NS_RIDGE,NS
2022-03-31,2022-04-07,5,beta2,0.01552774049409989,-0.0006035525621888417,0.014924187931911047,0.01638400764200816,-0.0014598197100971141,NS_RIDGE,NS
2022-03-31,2022-04-07,5,beta0,0.007059072220624711,-5.1724951905669944e-05,0.007007347268719041,0.008458563784309148,-0.001451216515590107,NS_ELASTICNET,NS
2022-03-31,2022-04-07,5,beta1,-0.01578485942256768,2.0110882661331102e-05,-0.01576474853990635,-0.017095893283371882,0.0013311447434655316,NS_ELASTICNET,NS
2022-03-31,2022-04-07,5,beta2,0.01552774049409989,3.241075745029907e-05,0.015560151251550188,0.01638400764200816,-0.0008238563904579728,NS_ELASTICNET,NS
2022-03-31,2022-04-07,5,PC1,-0.06253526583801504,-0.00013617374784341313,-0.06267143958585845,-0.05735673597877551,-0.005314703607082943,PCA_RIDGE,PCA
2022-03-31,2022-04-07,5,PC2,0.006829880142805938,-0.0010710095295524771,0.005758870613253461,0.005447088500514608,0.000311782112738853,PCA_RIDGE,PCA
2022-03-31,2022-04-07,5,PC3,-0.01313369879481338,0.00017730093319188848,-0.012956397861621491,-0.013354299861454984,0.0003979019998334929,PCA_RIDGE,PCA
2022-03-31,2022-04-07,5,PC1,-0.06253526583801504,0.0008667095253442891,-0.06166855631267075,-0.05735673597877551,-0.004311820333895239,PCA_RIDGE_VAR,PCA
2022-03-31,2022-04-07,5,PC2,0.006829880142805938,-0.00031986142293995764,0.00651001871986598,0.005447088500514608,0.0010629302193513723,PCA_RIDGE_VAR,PCA
2022-03-31,2022-04-07,5,PC3,-0.01313369879481338,0.0002734626945132216,-0.012860236100300158,-0.013354299861454984,0.0004940637611548261,PCA_RIDGE_VAR,PCA
2022-03-31,2022-04-14,10,beta0,0.007059072220624711,0.0010091054564690192,0.00806817767709373,0.010336973453791068,-0.002268795776697339,NS_RIDGE,NS
2022-03-31,2022-04-14,10,beta1,-0.01578485942256768,-0.0014807329157136883,-0.017265592338281368,-0.019041640953607247,0.0017760486153258793,NS_RIDGE,NS
2022-03-31,2022-04-14,10,beta2,0.01552774049409989,-0.0018704317169768747,0.013657308777123015,0.016118605185677065,-0.00246129640855405,NS_RIDGE,NS
2022-03-31,2022-04-14,10,beta0,0.007059072220624711,-0.00010311556013138625,0.006955956660493324,0.010336973453791068,-0.003381016793297744,NS_ELASTICNET,NS
2022-03-31,2022-04-14,10,beta1,-0.01578485942256768,4.0028950886707966e-05,-0.015744830471680973,-0.019041640953607247,0.003296810481926274,NS_ELASTICNET,NS
2022-03-31,2022-04-14,10,beta2,0.01552774049409989,5.8529880108743705e-05,0.015586270374208634,0.016118605185677065,-0.0005323348114684313,NS_ELASTICNET,NS
2022-03-31,2022-04-14,10,PC1,-0.06253526583801504,0.00013817183732875302,-0.062397094000686285,-0.052145366292469075,-0.01025172770821721,PCA_RIDGE,PCA
2022-03-31,2022-04-14,10,PC2,0.006829880142805938,-0.0022315510341681466,0.004598329108637791,0.003327699466871125,0.0012706296417666664,PCA_RIDGE,PCA
2022-03-31,2022-04-14,10,PC3,-0.01313369879481338,0.0005042698455714962,-0.012629428949241883,-0.013217808196862815,0.0005883792476209324,PCA_RIDGE,PCA
2022-03-31,2022-04-14,10,PC1,-0.06253526583801504,0.0017088940853648288,-0.06082637175265021,-0.052145366292469075,-0.008681005460181135,PCA_RIDGE_VAR,PCA
2022-03-31,2022-04-14,10,PC2,0.006829880142805938,-0.0006319870042647705,0.006197893138541168,0.003327699466871125,0.0028701936716700426,PCA_RIDGE_VAR,PCA
2022-03-31,2022-04-14,10,PC3,-0.01313369879481338,0.0005409040262441822,-0.012592794768569197,-0.013217808196862815,0.0006250134282936182,PCA_RIDGE_VAR,PCA
2022-03-31,2022-05-04,22,beta0,0.007059072220624711,0.0019908167550782897,0.009049888975703,0.010810270387387137,-0.0017603814116841365,NS_RIDGE,NS
2022-03-31,2022-05-04,22,beta1,-0.01578485942256768,-0.0031984517452180324,-0.01898331116778571,-0.018491834124724073,-0.0004914770430616382,NS_RIDGE,NS
2022-03-31,2022-05-04,22,beta2,0.01552774049409989,-0.0022543979293387873,0.013273342564761103,0.02079478927050628,-0.007521446705745179,NS_RIDGE,NS
2022-03-31,2022-05-04,22,beta0,0.007059072220624711,-0.00023117948087578773,0.006827892739748923,0.010810270387387137,-0.0039823776476382135,NS_ELASTICNET,NS
2022-03-31,2022-05-04,22,beta1,-0.01578485942256768,9.256359626895237e-05,-0.01569229582629873,-0.018491834124724073,0.002799538298425344,NS_ELASTICNET,NS
2022-03-31,2022-05-04,22,beta2,0.01552774049409989,0.00010596906843633349,0.01563370956253622,0.02079478927050628,-0.00516107970797006,NS_ELASTICNET,NS
2022-03-31,2022-05-04,22,PC1,-0.06253526583801504,0.001429146124494538,-0.0611061197135205,-0.04424841347562641,-0.016857706237894093,PCA_RIDGE,PCA
2022-03-31,2022-05-04,22,PC2,0.006829880142805938,-0.0047072736795270905,0.0021226064632788475,0.004232778918577682,-0.0021101724552988347,PCA_RIDGE,PCA
2022-03-31,2022-05-04,22,PC3,-0.01313369879481338,0.0007429658121498904,-0.012390732982663489,-0.014590311184076213,0.002199578201412724,PCA_RIDGE,PCA
2022-03-31,2022-05-04,22,PC1,-0.06253526583801504,0.003633417963953764,-0.058901847874061275,-0.04424841347562641,-0.014653434398434868,PCA_RIDGE_VAR,PCA
2022-03-31,2022-05-04,22,PC2,0.006829880142805938,-0.00135054112521553,0.005479339017590408,0.004232778918577682,0.0012465600990127258,PCA_RIDGE_VAR,PCA
2022-03-31,2022-05-04,22,PC3,-0.01313369879481338,0.0011589648148634928,-0.011974733979949886,-0.014590311184076213,0.002615577204126326,PCA_RIDGE_VAR,PCA
2022-04-29,2022-05-06,5,beta0,0.009797844269206385,0.000432505072642308,0.010230349341848693,0.01185571498915272,-0.0016253656473040265,NS_RIDGE,NS
2022-04-29,2022-05-06,5,beta1,-0.017264640755092306,-0.00039682829077437675,-0.01766146904586668,-0.019407560015476062,0.0017460909696093811,NS_RIDGE,NS
2022-04-29,2022-05-06,5,beta2,0.019628088225735044,4.769383847045976e-05,0.019675782064205505,0.021487646623004654,-0.0018118645587991491,NS_RIDGE,NS
2022-04-29,2022-05-06,5,beta0,0.009797844269206385,-4.884872082462717e-05,0.009748995548381758,0.01185571498915272,-0.0021067194407709613,NS_ELASTICNET,NS
2022-04-29,2022-05-06,5,beta1,-0.017264640755092306,1.866759440716734e-05,-0.01724597316068514,-0.019407560015476062,0.002161586854790922,NS_ELASTICNET,NS
2022-04-29,2022-05-06,5,beta2,0.019628088225735044,3.5503862543777514e-05,0.019663592088278822,0.021487646623004654,-0.0018240545347258316,NS_ELASTICNET,NS
2022-04-29,2022-05-06,5,PC1,-0.0478159316378237,0.0014574134401517864,-0.046358518197671915,-0.03999454977909843,-0.006363968418573486,PCA_RIDGE,PCA
2022-04-29,2022-05-06,5,PC2,0.005584368391692101,-0.0008363069990447602,0.0047480613926473405,0.0032663087387641183,0.0014817526538832221,PCA_RIDGE,PCA
2022-04-29,2022-05-06,5,PC3,-0.014136498248362144,2.075475784327954e-05,-0.014115743490518865,-0.014690778384809334,0.0005750348942904684,PCA_RIDGE,PCA
2022-04-29,2022-05-06,5,PC1,-0.0478159316378237,0.001061005483778528,-0.046754926154045175,-0.03999454977909843,-0.006760376374946746,PCA_RIDGE_VAR,PCA
2022-04-29,2022-05-06,5,PC2,0.005584368391692101,-0.00034461014728436913,0.005239758244407732,0.0032663087387641183,0.0019734495056436133,PCA_RIDGE_VAR,PCA
2022-04-29,2022-05-06,5,PC3,-0.014136498248362144,0.0002739696443982264,-0.013862528603963918,-0.014690778384809334,0.0008282497808454158,PCA_RIDGE_VAR,PCA
2022-04-29,2022-05-13,10,beta0,0.009797844269206385,0.0008946515032538611,0.010692495772460245,0.012606038886361215,-0.0019135431139009704,NS_RIDGE,NS
2022-04-29,2022-05-13,10,beta1,-0.017264640755092306,-0.0007500926738598688,-0.018014733428952174,-0.018966994872053333,0.0009522614431011593,NS_RIDGE,NS
2022-04-29,2022-05-13,10,beta2,0.019628088225735044,-0.0004143036910694344,0.019213784534665608,0.011513614391145805,0.007700170143519803,NS_RIDGE,NS
2022-04-29,2022-05-13,10,beta0,0.009797844269206385,-9.709165253354998e-05,0.009700752616672834,0.012606038886361215,-0.002905286269688381,NS_ELASTICNET,NS
2022-04-29,2022-05-13,10,beta1,-0.017264640755092306,3.59480264460961e-05,-0.01722869272864621,-0.018966994872053333,0.0017383021434071236,NS_ELASTICNET,NS
2022-04-29,2022-05-13,10,beta2,0.019628088225735044,7.349604238322653e-05,0.019701584268118272,0.011513614391145805,0.008187969876972467,NS_ELASTICNET,NS
2022-04-29,2022-05-13,10,PC1,-0.0478159316378237,0.002534121242327182,-0.04528181039549652,-0.04549502026600146,0.0002132098705049379,PCA_RIDGE,PCA
2022-04-29,2022-05-13,10,PC2,0.005584368391692101,-0.0015799402539823707,0.00400442813770973,0.003946377109449936,5.8051028259793747e-05,PCA_RIDGE,PCA
2022-04-29,2022-05-13,10,PC3,-0.014136498248362144,0.00024896434952680687,-0.013887533898835337,-0.011307409339158619,-0.0025801245596767178,PCA_RIDGE,PCA
2022-04-29,2022-05-13,10,PC1,-0.0478159316378237,0.0020933232135305346,-0.04572260842429317,-0.04549502026600146,-0.00022758815829170692,PCA_RIDGE_VAR,PCA
2022-04-29,2022-05-13,10,PC2,0.005584368391692101,-0.0006814880747213065,0.004902880316970794,0.003946377109449936,0.0009565032075208582,PCA_RIDGE_VAR,PCA
2022-04-29,2022-05-13,10,PC3,-0.014136498248362144,0.0005426277275837593,-0.013593870520778385,-0.011307409339158619,-0.002286461181619766,PCA_RIDGE_VAR,PCA
2022-04-29,2022-05-31,22,beta0,0.009797844269206385,0.0016265231843013489,0.011424367453507733,0.013616957427173471,-0.0021925899736657383,NS_RIDGE,NS
2022-04-29,2022-05-31,22,beta1,-0.017264640755092306,-0.0010732785677024547,-0.01833791932279476,-0.019121675818150455,0.000783756495355694,NS_RIDGE,NS
2022-04-29,2022-05-31,22,beta2,0.019628088225735044,-0.0011238292863920195,0.018504258939343023,0.017210777436966324,0.0012934815023766984,NS_RIDGE,NS
2022-04-29,2022-05-31,22,beta0,0.009797844269206385,-0.00022041536499047522,0.00957742890421591,0.013616957427173471,-0.0040395285229575615,NS_ELASTICNET,NS
2022-04-29,2022-05-31,22,beta1,-0.017264640755092306,8.381677355055456e-05,-0.017180823981541752,-0.019121675818150455,0.0019408518366087028,NS_ELASTICNET,NS
2022-04-29,2022-05-31,22,beta2,0.019628088225735044,0.0001661029871108065,0.01979419121284585,0.017210777436966324,0.002583413775879527,NS_ELASTICNET,NS
2022-04-29,2022-05-31,22,PC1,-0.0478159316378237,0.006774702054230206,-0.0410412295835935,-0.03528614697596715,-0.005755082607626347,PCA_RIDGE,PCA
2022-04-29,2022-05-31,22,PC2,0.005584368391692101,-0.0023457625066057503,0.0032386058850863504,0.004026303774757347,-0.0007876978896709966,PCA_RIDGE,PCA
2022-04-29,2022-05-31,22,PC3,-0.014136498248362144,0.00047715343821980047,-0.013659344810142344,-0.013014612655321871,-0.0006447321548204727,PCA_RIDGE,PCA
2022-04-29,2022-05-31,22,PC1,-0.0478159316378237,0.004457361082623491,-0.04335857055520021,-0.03528614697596715,-0.00807242357923306,PCA_RIDGE_VAR,PCA
2022-04-29,2022-05-31,22,PC2,0.005584368391692101,-0.0014593455150439527,0.004125022876648148,0.004026303774757347,9.871910189080107e-05,PCA_RIDGE_VAR,PCA
2022-04-29,2022-05-31,22,PC3,-0.014136498248362144,0.0011663194840693045,-0.01297017876429284,-0.013014612655321871,4.443389102903178e-05,PCA_RIDGE_VAR,PCA
2022-05-31,2022-06-07,5,beta0,0.013616957427173471,0.0008490731184347689,0.01446603054560824,0.014601975818490895,-0.00013594527288265414,NS_RIDGE,NS
2022-05-31,2022-06-07,5,beta1,-0.019121675818150455,-0.0013095825656170193,-0.020431258383767473,-0.019604850505271717,-0.0008264078784957565,NS_RIDGE,NS
2022-05-31,2022-06-07,5,beta2,0.017210777436966324,-0.0008161999711498652,0.01639457746581646,0.020320756154817068,-0.003926178689000609,NS_RIDGE,NS
2022-05-31,2022-06-07,5,beta0,0.013616957427173471,-4.45129388769813e-05,0.01357244448829649,0.014601975818490895,-0.001029531330194405,NS_ELASTICNET,NS
2022-05-31,2022-06-07,5,beta1,-0.019121675818150455,1.6882088623363655e-05,-0.01910479372952709,-0.019604850505271717,0.000500056775744627,NS_ELASTICNET,NS
2022-05-31,2022-06-07,5,beta2,0.017210777436966324,2.9406760357078897e-05,0.017240184197323403,0.020320756154817068,-0.003080571957493665,NS_ELASTICNET,NS
2022-05-31,2022-06-07,5,PC1,-0.03508472996007792,0.0009221186007157091,-0.034162611359362216,-0.028159499711678276,-0.00600311164768394,PCA_RIDGE,PCA
2022-05-31,2022-06-07,5,PC2,0.004014166483604463,-0.0015762846124326082,0.0024378818711718554,0.0036528804272376904,-0.001214998556065835,PCA_RIDGE,PCA
2022-05-31,2022-06-07,5,PC3,-0.012936063856068415,0.0002392238399111069,-0.012696840016157309,-0.01385871622000378,0.0011618762038464701,PCA_RIDGE,PCA
2022-05-31,2022-06-07,5,PC1,-0.03508472996007792,0.0010268046285708543,-0.03405792533150707,-0.028159499711678276,-0.005898425619828791,PCA_RIDGE_VAR,PCA
2022-05-31,2022-06-07,5,PC2,0.004014166483604463,-0.0003235266463079271,0.0036906398372965363,0.0036528804272376904,3.7759410058845876e-05,PCA_RIDGE_VAR,PCA
2022-05-31,2022-06-07,5,PC3,-0.012936063856068415,0.0002659146183547831,-0.012670149237713632,-0.01385871622000378,0.001188566982290147,PCA_RIDGE_VAR,PCA
2022-05-31,2022-06-14,10,beta0,0.013616957427173471,0.0010076400041231317,0.014624597431296602,0.015666462278919373,-0.0010418648476227706,NS_RIDGE,NS
2022-05-31,2022-06-14,10,beta1,-0.019121675818150455,-0.0015482833187290283,-0.02066995913687948,-0.02006455489565548,-0.0006054042412240029,NS_RIDGE,NS
2022-05-31,2022-06-14,10,beta2,0.017210777436966324,-0.00018266217778631239,0.01702811525918001,0.03367702812605299,-0.01664891286687298,NS_RIDGE,NS
2022-05-31,2022-06-14,10,beta0,0.013616957427173471,-9.121392048451239e-05,0.013525743506688958,0.015666462278919373,-0.002140718772230415,NS_ELASTICNET,NS
2022-05-31,2022-06-14,10,beta1,-0.019121675818150455,3.5155497625789396e-05,-0.019086520320524665,-0.02006455489565548,0.0009780345751308137,NS_ELASTICNET,NS
2022-05-31,2022-06-14,10,beta2,0.017210777436966324,6.59518039963403e-05,0.017276729240962664,0.03367702812605299,-0.016400298885090328,NS_ELASTICNET,NS
2022-05-31,2022-06-14,10,PC1,-0.03508472996007792,0.001289901127428177,-0.03379482883264975,-0.010654609688484654,-0.023140219144165093,PCA_RIDGE,PCA
2022-05-31,2022-06-14,10,PC2,0.004014166483604463,-0.0023222110786346515,0.0016919554049698118,0.0035758863075641967,-0.0018839309025943849,PCA_RIDGE,PCA
2022-05-31,2022-06-14,10,PC3,-0.012936063856068415,0.000203031325414937,-0.012733032530653478,-0.018063401006809435,0.005330368476155957,PCA_RIDGE,PCA
2022-05-31,2022-06-14,10,PC1,-0.03508472996007792,0.002023948216561579,-0.03306078174351634,-0.010654609688484654,-0.02240617205503169,PCA_RIDGE_VAR,PCA
2022-05-31,2022-06-14,10,PC2,0.004014166483604463,-0.0006393885603738604,0.003374777923230603,0.0035758863075641967,-0.00020110838433359379,PCA_RIDGE_VAR,PCA
2022-05-31,2022-06-14,10,PC3,-0.012936063856068415,0.0005264550578943546,-0.01240960879817406,-0.018063401006809435,0.005653792208635374,PCA_RIDGE_VAR,PCA
2022-05-31,2022-06-30,22,beta0,0.013616957427173471,0.002205959728200605,0.015822917155374077,0.018617083851592477,-0.0027941666962183996,NS_RIDGE,NS
2022-05-31,2022-06-30,22,beta1,-0.019121675818150455,-0.003498463121238746,-0.0226201389393892,-0.022137094227894304,-0.00048304471149489617,NS_RIDGE,NS
2022-05-31,2022-06-30,22,beta2,0.017210777436966324,-0.0014671107549309346,0.01574366668203539,0.011916995063817083,0.0038266716182183066,NS_RIDGE,NS
2022-05-31,2022-06-30,22,beta0,0.013616957427173471,-0.0002031260330540805,0.013413831394119391,0.018617083851592477,-0.005203252457473086,NS_ELASTICNET,NS
2022-05-31,2022-06-30,22,beta1,-0.019121675818150455,7.610439143806943e-05,-0.019045571426712385,-0.022137094227894304,0.0030915228011819187,NS_ELASTICNET,NS
2022-05-31,2022-06-30,22,beta2,0.017210777436966324,0.00015756275562883555,0.01736834019259516,0.011916995063817083,0.005451345128778078,NS_ELASTICNET,NS
2022-05-31,2022-06-30,22,PC1,-0.03508472996007792,0.004835372673430041,-0.03024935728664788,-0.02184920853970681,-0.008400148746941071,PCA_RIDGE,PCA
2022-05-31,2022-06-30,22,PC2,0.004014166483604463,-0.003217352545398359,0.0007968139382061043,0.0015226169944696291,-0.0007258030562635248,PCA_RIDGE,PCA
2022-05-31,2022-06-30,22,PC3,-0.012936063856068415,0.00011252034282528201,-0.012823543513243134,-0.010886244529900106,-0.0019372989833430273,PCA_RIDGE,PCA
2022-05-31,2022-06-30,22,PC1,-0.03508472996007792,0.004299879246906332,-0.03078485071317159,-0.02184920853970681,-0.008935642173464781,PCA_RIDGE_VAR,PCA
2022-05-31,2022-06-30,22,PC2,0.004014166483604463,-0.001367113658998473,0.0026470528246059903,0.0015226169944696291,0.0011244358301363611,PCA_RIDGE_VAR,PCA
2022-05-31,2022-06-30,22,PC3,-0.012936063856068415,0.0011304401231888063,-0.011805623732879609,-0.010886244529900106,-0.0009193792029795027,PCA_RIDGE_VAR,PCA
2022-06-30,2022-07-07,5,beta0,0.019029706113791484,0.00011295586117495519,0.01914266197496644,0.01890132094482188,0.00024134103014455954,NS_RIDGE,NS
2022-06-30,2022-07-07,5,beta1,-0.023183303288107922,-0.00013120203219371365,-0.023314505320301635,-0.022245456982937013,-0.0010690483373646219,NS_RIDGE,NS
2022-06-30,2022-07-07,5,beta2,0.003704828247725162,-0.0012547760277061466,0.0024500522200190155,-0.003556508681186294,0.006006560901205309,NS_RIDGE,NS
2022-06-30,2022-07-07,5,beta0,0.019029706113791484,-3.57923239932992e-05,0.018993913789798183,0.01890132094482188,9.259284497630318e-05,NS_ELASTICNET,NS
2022-06-30,2022-07-07,5,beta1,-0.023183303288107922,8.317660230612545e-06,-0.023174985627877308,-0.022245456982937013,-0.0009295286449402945,NS_ELASTICNET,NS
2022-06-30,2022-07-07,5,beta2,0.003704828247725162,3.9533156313791727e-05,0.0037443614040389536,-0.003556508681186294,0.007300870085225248,NS_ELASTICNET,NS
2022-06-30,2022-07-07,5,PC1,-0.021764557953816238,-0.0002779155686799498,-0.02204247352249619,-0.027137358419755668,0.0050948848972594794,PCA_RIDGE,PCA
2022-06-30,2022-07-07,5,PC2,0.001517593520541148,-0.0008819524703912289,0.0006356410501499191,0.0015611424584131527,-0.0009255014082632336,PCA_RIDGE,PCA
2022-06-30,2022-07-07,5,PC3,-0.010864389715797713,-7.359331103137914e-05,-0.010937983026829093,-0.008499259272668269,-0.0024387237541608243,PCA_RIDGE,PCA
2022-06-30,2022-07-07,5,PC1,-0.021764557953816238,0.0009017135239581878,-0.02086284442985805,-0.027137358419755668,0.006274513989897618,PCA_RIDGE_VAR,PCA
2022-06-30,2022-07-07,5,PC2,0.001517593520541148,-0.00027574559796002414,0.0012418479225811238,0.0015611424584131527,-0.00031929453583202884,PCA_RIDGE_VAR,PCA
2022-06-30,2022-07-07,5,PC3,-0.010864389715797713,0.0002428123658239096,-0.010621577349973804,-0.008499259272668269,-0.002122318077305535,PCA_RIDGE_VAR,PCA
2022-06-30,2022-07-14,10,beta0,0.019029706113791484,0.001118280001677694,0.02014798611546918,0.016761709144924388,0.003386276970544791,NS_RIDGE,NS
2022-06-30,2022-07-14,10,beta1,-0.023183303288107922,-0.0014418641188910942,-0.024625167406999014,-0.019316167452305258,-0.005308999954693756,NS_RIDGE,NS
2022-06-30,2022-07-14,10,beta2,0.003704828247725162,-0.0012080103436211472,0.002496817904104015,-0.0009716520608339144,0.003468469964937929,NS_RIDGE,NS
2022-06-30,2022-07-14,10,beta0,0.019029706113791484,-7.143761592682407e-05,0.01895826849786466,0.016761709144924388,0.0021965593529402715,NS_ELASTICNET,NS
2022-06-30,2022-07-14,10,beta1,-0.023183303288107922,1.563855379337163e-05,-0.02316766473431455,-0.019316167452305258,-0.0038514972820092933,NS_ELASTICNET,NS
2022-06-30,2022-07-14,10,beta2,0.003704828247725162,8.937579432346524e-05,0.003794204042048627,-0.0009716520608339144,0.004765856102882542,NS_ELASTICNET,NS
2022-06-30,2022-07-14,10,PC1,-0.021764557953816238,0.002346571834938583,-0.019417986118877656,-0.030998892035099215,0.01158090591622156,PCA_RIDGE,PCA
2022-06-30,2022-07-14,10,PC2,0.001517593520541148,-0.0022069414281820107,-0.0006893479076408627,0.00516902738043816,-0.005858375288079022,PCA_RIDGE,PCA
2022-06-30,2022-07-14,10,PC3,-0.010864389715797713,0.0006845468238862293,-0.010179842891911484,-0.008837207886264607,-0.001342635005646877,PCA_RIDGE,PCA
2022-06-30,2022-07-14,10,PC1,-0.021764557953816238,0.0017744122550711963,-0.019990145698745042,-0.030998892035099215,0.011008746336354173,PCA_RIDGE_VAR,PCA
2022-06-30,2022-07-14,10,PC2,0.001517593520541148,-0.0005443692352967615,0.0009732242852443865,0.00516902738043816,-0.0041958030951937736,PCA_RIDGE_VAR,PCA
2022-06-30,2022-07-14,10,PC3,-0.010864389715797713,0.00048037966755800146,-0.010384010048239712,-0.008837207886264607,-0.001546802161975105,PCA_RIDGE_VAR,PCA
2022-06-30,2022-08-01,22,beta0,0.019029706113791484,0.001483285182127102,0.020512991295918586,0.014079348594087654,0.006433642701830932,NS_RIDGE,NS
2022-06-30,2022-08-01,22,beta1,-0.023183303288107922,-0.0028619692214232407,-0.02604527250953116,-0.012853681442758013,-0.013191591066773149,NS_RIDGE,NS
2022-06-30,2022-08-01,22,beta2,0.003704828247725162,0.0020592064016850325,0.005764034649410194,-0.015605642739017102,0.021369677388427297,NS_RIDGE,NS
2022-06-30,2022-08-01,22,beta0,0.019029706113791484,-0.00016593504970509164,0.01886377106408639,0.014079348594087654,0.004784422469998736,NS_ELASTICNET,NS
2022-06-30,2022-08-01,22,beta1,-0.023183303288107922,3.813554269672803e-05,-0.023145167745411192,-0.012853681442758013,-0.01029148630265318,NS_ELASTICNET,NS
2022-06-30,2022-08-01,22,beta2,0.003704828247725162,0.00021902031003654163,0.003923848557761704,-0.015605642739017102,0.019529491296778806,NS_ELASTICNET,NS
2022-06-30,2022-08-01,22,PC1,-0.021764557953816238,0.003947020929434402,-0.017817537024381838,-0.04685918802819341,0.02904165100381157,PCA_RIDGE,PCA
2022-06-30,2022-08-01,22,PC2,0.001517593520541148,-0.004206133438543746,-0.0026885399180025986,0.010449625210943007,-0.013138165128945604,PCA_RIDGE,PCA
2022-06-30,2022-08-01,22,PC3,-0.010864389715797713,-0.0012187471629720493,-0.012083136878769763,-0.003398792232917356,-0.008684344645852406,PCA_RIDGE,PCA
2022-06-30,2022-08-01,22,PC1,-0.021764557953816238,0.0037544934316872114,-0.018010064522129027,-0.04685918802819341,0.028849123506064382,PCA_RIDGE_VAR,PCA
2022-06-30,2022-08-01,22,PC2,0.001517593520541148,-0.001160930692202394,0.0003566628283387539,0.010449625210943007,-0.010092962382604253,PCA_RIDGE_VAR,PCA
2022-06-30,2022-08-01,22,PC3,-0.010864389715797713,0.0010297806519361588,-0.009834609063861554,-0.003398792232917356,-0.0064358168309441985,PCA_RIDGE_VAR,PCA
2022-07-29,2022-08-05,5,beta0,0.014772024050375886,0.00041314218378964,0.015185166234165525,0.014187226790839664,0.000997939443325862,NS_RIDGE,NS
2022-07-29,2022-08-05,5,beta1,-0.014025276322863822,-0.0004259833575284894,-0.014451259680392311,-0.013191979997944896,-0.0012592796824474149,NS_RIDGE,NS
2022-07-29,2022-08-05,5,beta2,-0.013892417088639752,-0.000878231410145867,-0.01477064849878562,-0.008935951710613836,-0.005834696788171783,NS_RIDGE,NS
2022-07-29,2022-08-05,5,beta0,0.014772024050375886,-4.021957206823533e-05,0.01473180447830765,0.014187226790839664,0.0005445776874679863,NS_ELASTICNET,NS
2022-07-29,2022-08-05,5,beta1,-0.014025276322863822,1.8226128522828462e-05,-0.014007050194340993,-0.013191979997944896,-0.0008150701963960966,NS_ELASTICNET,NS
2022-07-29,2022-08-05,5,beta2,-0.013892417088639752,1.6269667307798706e-05,-0.013876147421331954,-0.008935951710613836,-0.004940195710718118,NS_ELASTICNET,NS
2022-07-29,2022-08-05,5,PC1,-0.04363958924248904,0.0007831670619741419,-0.0428564221805149,-0.041083252652573246,-0.0017731695279416537,PCA_RIDGE,PCA
2022-07-29,2022-08-05,5,PC2,0.009364529382868997,-0.0006982593142571763,0.008666270068611821,0.011129542895186181,-0.00246327282657436,PCA_RIDGE,PCA
2022-07-29,2022-08-05,5,PC3,-0.004044892762555599,0.000204554140551366,-0.003840338622004233,-0.005259526377865071,0.0014191877558608385,PCA_RIDGE,PCA
2022-07-29,2022-08-05,5,PC1,-0.04363958924248904,0.00041037194727070597,-0.043229217295218336,-0.041083252652573246,-0.00214596464264509,PCA_RIDGE_VAR,PCA
2022-07-29,2022-08-05,5,PC2,0.009364529382868997,-8.728652216999366e-05,0.009277242860699003,0.011129542895186181,-0.0018523000344871782,PCA_RIDGE_VAR,PCA
2022-07-29,2022-08-05,5,PC3,-0.004044892762555599,8.372992254538237e-05,-0.003961162840010217,-0.005259526377865071,0.0012983635378548547,PCA_RIDGE_VAR,PCA
2022-07-29,2022-08-12,10,beta0,0.014772024050375886,0.0005165859910335593,0.015288610041409445,0.01548794003037847,-0.00019932998896902455,NS_RIDGE,NS
2022-07-29,2022-08-12,10,beta1,-0.014025276322863822,-0.00075932500949496,-0.014784601332358783,-0.014215930580951917,-0.0005686707514068658,NS_RIDGE,NS
2022-07-29,2022-08-12,10,beta2,-0.013892417088639752,-0.0005480353390986086,-0.014440452427738362,-0.010945148975363734,-0.0034953034523746273,NS_RIDGE,NS
2022-07-29,2022-08-12,10,beta0,0.014772024050375886,-7.861673286122939e-05,0.014693407317514656,0.01548794003037847,-0.0007945327128638137,NS_ELASTICNET,NS
2022-07-29,2022-08-12,10,beta1,-0.014025276322863822,3.207793024956998e-05,-0.013993198392614252,-0.014215930580951917,0.0002227321883376647,NS_ELASTICNET,NS
2022-07-29,2022-08-12,10,beta2,-0.013892417088639752,4.613760344818463e-05,-0.013846279485191567,-0.010945148975363734,-0.0029011305098278328,NS_ELASTICNET,NS
2022-07-29,2022-08-12,10,PC1,-0.04363958924248904,0.0010957004444041131,-0.042543888798084926,-0.03801575910254059,-0.004528129695544336,PCA_RIDGE,PCA
2022-07-29,2022-08-12,10,PC2,0.009364529382868997,-0.001144306006002242,0.008220223376866755,0.009834037575764877,-0.0016138141988981218,PCA_RIDGE,PCA
2022-07-29,2022-08-12,10,PC3,-0.004044892762555599,9.944727850779317e-06,-0.00403494803470482,-0.0047182942982515585,0.0006833462635467387,PCA_RIDGE,PCA
2022-07-29,2022-08-12,10,PC1,-0.04363958924248904,0.0008120001048958422,-0.0428275891375932,-0.03801575910254059,-0.00481183003505261,PCA_RIDGE_VAR,PCA
2022-07-29,2022-08-12,10,PC2,0.009364529382868997,-0.00017259002274803287,0.009191939360120964,0.009834037575764877,-0.0006420982156439131,PCA_RIDGE_VAR,PCA
2022-07-29,2022-08-12,10,PC3,-0.004044892762555599,0.0001653521505727935,-0.0038795406119828055,-0.0047182942982515585,0.000838753686268753,PCA_RIDGE_VAR,PCA
2022-07-29,2022-08-30,22,beta0,0.014772024050375886,0.0018980367827815302,0.016670060833157415,0.017276540531639087,-0.0006064796984816719,NS_RIDGE,NS
2022-07-29,2022-08-30,22,beta1,-0.014025276322863822,-0.0030705393715010224,-0.017095815694364844,-0.01870718859092635,0.0016113728965615054,NS_RIDGE,NS
2022-07-29,2022-08-30,22,beta2,-0.013892417088639752,-0.000618034257457986,-0.014510451346097738,0.011054437078286286,-0.025564888424384022,NS_RIDGE,NS
2022-07-29,2022-08-30,22,beta0,0.014772024050375886,-0.0001677529619991493,0.014604271088376737,0.017276540531639087,-0.00267226944326235,NS_ELASTICNET,NS
2022-07-29,2022-08-30,22,beta1,-0.014025276322863822,5.763143701940191e-05,-0.01396764488584442,-0.01870718859092635,0.004739543705081929,NS_ELASTICNET,NS
2022-07-29,2022-08-30,22,beta2,-0.013892417088639752,0.00011951526396180139,-0.013772901824677952,0.011054437078286286,-0.024827338902964236,NS_ELASTICNET,NS
2022-07-29,2022-08-30,22,PC1,-0.04363958924248904,0.004125434167032928,-0.039514155075456116,-0.01741446935268269,-0.022099685722773425,PCA_RIDGE,PCA
2022-07-29,2022-08-30,22,PC2,0.009364529382868997,-0.004136442432124421,0.005228086950744576,0.00799980410565419,-0.0027717171549096137,PCA_RIDGE,PCA
2022-07-29,2022-08-30,22,PC3,-0.004044892762555599,-0.00036499264451275455,-0.0044098854070683535,-0.012047453846959162,0.007637568439890809,PCA_RIDGE,PCA
2022-07-29,2022-08-30,22,PC1,-0.04363958924248904,0.001741494079019447,-0.041898095163469595,-0.01741446935268269,-0.024483625810786905,PCA_RIDGE_VAR,PCA
2022-07-29,2022-08-30,22,PC2,0.009364529382868997,-0.00036952253680627885,0.008995006846062718,0.00799980410565419,0.0009952027404085285,PCA_RIDGE_VAR,PCA
2022-07-29,2022-08-30,22,PC3,-0.004044892762555599,0.0003529659875045124,-0.0036919267750510866,-0.012047453846959162,0.008355527071908075,PCA_RIDGE_VAR,PCA
2022-08-31,2022-09-07,5,beta0,0.017119801528594984,0.00016907747819874127,0.017288879006793725,0.018767755784507855,-0.0014788767777141297,NS_RIDGE,NS
2022-08-31,2022-09-07,5,beta1,-0.01904448801856118,8.715049044529663e-05,-0.018957337528115882,-0.018894978236005815,-6.235929211006672e-05,NS_RIDGE,NS
2022-08-31,2022-09-07,5,beta2,0.014667889926440482,-0.0029136855569156807,0.0117542043695248,0.0062644213931465935,0.005489782976378207,NS_RIDGE,NS
2022-08-31,2022-09-07,5,beta0,0.017119801528594984,-3.750506205991523e-05,0.017082296466535068,0.018767755784507855,-0.0016854593179727873,NS_ELASTICNET,NS
2022-08-31,2022-09-07,5,beta1,-0.01904448801856118,1.319459169198954e-05,-0.01903129342686919,-0.018894978236005815,-0.00013631519086337515,NS_ELASTICNET,NS
2022-08-31,2022-09-07,5,beta2,0.014667889926440482,3.943915161626334e-05,0.014707329078056745,0.0062644213931465935,0.008442907684910152,NS_ELASTICNET,NS
2022-08-31,2022-09-07,5,PC1,-0.01545568492586142,0.0006765725209668029,-0.014779112404894617,-0.014398227578127948,-0.00038088482676666875,PCA_RIDGE,PCA
2022-08-31,2022-09-07,5,PC2,0.008091845115715656,-0.0009742461642786189,0.007117598951437037,0.007217286782938728,-9.968783150169063e-05,PCA_RIDGE,PCA
2022-08-31,2022-09-07,5,PC3,-0.013147149240936795,0.0003932802277486066,-0.012753869013188188,-0.010636724858555685,-0.0021171441546325026,PCA_RIDGE,PCA
2022-08-31,2022-09-07,5,PC1,-0.01545568492586142,0.0021259236708146174,-0.013329761255046802,-0.014398227578127948,0.0010684663230811457,PCA_RIDGE_VAR,PCA
2022-08-31,2022-09-07,5,PC2,0.008091845115715656,-0.0005683312048172812,0.007523513910898375,0.007217286782938728,0.0003062271279596473,PCA_RIDGE_VAR,PCA
2022-08-31,2022-09-07,5,PC3,-0.013147149240936795,0.00021461678502639366,-0.012932532455910402,-0.010636724858555685,-0.0022958075973547164,PCA_RIDGE_VAR,PCA
2022-08-31,2022-09-14,10,beta0,0.017119801528594984,0.0006143756690735659,0.01773417719766855,0.019221486113928685,-0.001487308916260137,NS_RIDGE,NS
2022-08-31,2022-09-14,10,beta1,-0.01904448801856118,-0.00021344509263283417,-0.019257933111194014,-0.015338666928223579,-0.003919266182970435,NS_RIDGE,NS
2022-08-31,2022-09-14,10,beta2,0.014667889926440482,-0.0024561701577993735,0.012211719768641108,0.00989886928896874,0.0023128504796723678,NS_RIDGE,NS
2022-08-31,2022-09-14,10,beta0,0.017119801528594984,-7.628997044237369e-05,0.01704351155815261,0.019221486113928685,-0.0021779745557760737,NS_ELASTICNET,NS
2022-08-31,2022-09-14,10,beta1,-0.01904448801856118,2.971937825862406e-05,-0.019014768640302555,-0.015338666928223579,-0.0036761017120789767,NS_ELASTICNET,NS
2022-08-31,2022-09-14,10,beta2,0.014667889926440482,7.292466784781971e-05,0.0147408145942883,0.00989886928896874,0.00484194530531956,NS_ELASTICNET,NS
2022-08-31,2022-09-14,10,PC1,-0.01545568492586142,0.0006332351374936088,-0.01482244978836781,-0.004072015101454066,-0.010750434686913744,PCA_RIDGE,PCA
2022-08-31,2022-09-14,10,PC2,0.008091845115715656,-0.0012368331734453088,0.006855011942270347,0.012496650455857527,-0.00564163851358718,PCA_RIDGE,PCA
2022-08-31,2022-09-14,10,PC3,-0.013147149240936795,0.0008108448028415249,-0.01233630443809527,-0.010643565917906946,-0.001692738520188324,PCA_RIDGE,PCA
2022-08-31,2022-09-14,10,PC1,-0.01545568492586142,0.003013443077588057,-0.012442241848273363,-0.004072015101454066,-0.008370226746819297,PCA_RIDGE_VAR,PCA
2022-08-31,2022-09-14,10,PC2,0.008091845115715656,-0.0007964443851110675,0.007295400730604589,0.012496650455857527,-0.005201249725252938,PCA_RIDGE_VAR,PCA
2022-08-31,2022-09-14,10,PC3,-0.013147149240936795,0.0005216362474795393,-0.012625512993457256,-0.010643565917906946,-0.0019819470755503103,PCA_RIDGE_VAR,PCA
2022-08-31,2022-09-30,22,beta0,0.017119801528594984,0.0008032221122909513,0.017923023640885934,0.022520367080151482,-0.004597343439265548,NS_RIDGE,NS
2022-08-31,2022-09-30,22,beta1,-0.01904448801856118,0.00017950996453069753,-0.018864978054030482,-0.014451370806935898,-0.004413607247094584,NS_RIDGE,NS
2022-08-31,2022-09-30,22,beta2,0.014667889926440482,-0.003670332049217949,0.010997557877222532,0.009765224617966852,0.0012323332592556798,NS_RIDGE,NS
2022-08-31,2022-09-30,22,beta0,0.017119801528594984,-0.00017490610801183497,0.01694489542058315,0.022520367080151482,-0.0055754716595683325,NS_ELASTICNET,NS
2022-08-31,2022-09-30,22,beta1,-0.01904448801856118,7.649423742876502e-05,-0.018967993781132415,-0.014451370806935898,-0.0045166229741965165,NS_ELASTICNET,NS
2022-08-31,2022-09-30,22,beta2,0.014667889926440482,0.0001282961022221923,0.014796186028662674,0.009765224617966852,0.0050309614106958216,NS_ELASTICNET,NS
2022-08-31,2022-09-30,22,PC1,-0.01545568492586142,0.0007885726561580012,-0.014667112269703419,0.012881780347144434,-0.027548892616847852,PCA_RIDGE,PCA
2022-08-31,2022-09-30,22,PC2,0.008091845115715656,-0.0015184038661741452,0.006573441249541511,0.014454718046840908,-0.007881276797299396,PCA_RIDGE,PCA
2022-08-31,2022-09-30,22,PC3,-0.013147149240936795,0.001324349761605067,-0.011822799479331729,-0.009799608359580969,-0.0020231911197507602,PCA_RIDGE,PCA
2022-08-31,2022-09-30,22,PC1,-0.01545568492586142,0.005039535042450416,-0.010416149883411004,0.012881780347144434,-0.023297930230555437,PCA_RIDGE_VAR,PCA
2022-08-31,2022-09-30,22,PC2,0.008091845115715656,-0.0012795216121217262,0.00681232350359393,0.014454718046840908,-0.007642394543246978,PCA_RIDGE_VAR,PCA
2022-08-31,2022-09-30,22,PC3,-0.013147149240936795,0.0012213236496960052,-0.01192582559124079,-0.009799608359580969,-0.0021262172316598212,PCA_RIDGE_VAR,PCA
2022-09-30,2022-10-07,5,beta0,0.022520367080151482,0.0003371909866483077,0.02285755806679979,0.023400135743668674,-0.0005425776768688828,NS_RIDGE,NS
2022-09-30,2022-10-07,5,beta1,-0.014451370806935898,0.0002399247112757729,-0.014211446095660125,-0.015611689958032256,0.001400243862372131,NS_RIDGE,NS
2022-09-30,2022-10-07,5,beta2,0.009765224617966852,-0.0004909586884106856,0.009274265929556167,0.012000968514328358,-0.0027267025847721917,NS_RIDGE,NS
2022-09-30,2022-10-07,5,beta0,0.022520367080151482,-3.2639692116006566e-05,0.022487727388035474,0.023400135743668674,-0.0009124083556331999,NS_ELASTICNET,NS
2022-09-30,2022-10-07,5,beta1,-0.014451370806935898,1.87717151688549e-05,-0.014432599091767043,-0.015611689958032256,0.001179090866265213,NS_ELASTICNET,NS
2022-09-30,2022-10-07,5,beta2,0.009765224617966852,4.531341073485605e-05,0.009810538028701708,0.012000968514328358,-0.00219043048562665,NS_ELASTICNET,NS
2022-09-30,2022-10-07,5,PC1,0.012883682736632662,0.0014599615689267608,0.014343644305559422,0.017322310286017994,-0.002978665980458572,PCA_RIDGE,PCA
2022-09-30,2022-10-07,5,PC2,0.014423659096949468,0.00013927310192904401,0.014562932198878512,0.013321845070234244,0.0012410871286442672,PCA_RIDGE,PCA
2022-09-30,2022-10-07,5,PC3,-0.009755126992208797,0.00033767602110873566,-0.009417450971100062,-0.010543039832951413,0.001125588861851351,PCA_RIDGE,PCA
2022-09-30,2022-10-07,5,PC1,0.012883682736632662,7.846208850980849e-05,0.01296214482514247,0.017322310286017994,-0.004360165460875524,PCA_RIDGE_VAR,PCA
2022-09-30,2022-10-07,5,PC2,0.014423659096949468,0.0001186880673313094,0.014542347164280777,0.013321845070234244,0.0012205020940465328,PCA_RIDGE_VAR,PCA
2022-09-30,2022-10-07,5,PC3,-0.009755126992208797,0.00023461452702453617,-0.009520512465184261,-0.010543039832951413,0.0010225273677671523,PCA_RIDGE_VAR,PCA
2022-09-30,2022-10-14,10,beta0,0.022520367080151482,0.0009109256101672682,0.02343129269031875,0.026437852084900154,-0.0030065593945814047,NS_RIDGE,NS
2022-09-30,2022-10-14,10,beta1,-0.014451370806935898,0.00019114647593088032,-0.014260224331005017,-0.01629919564594391,0.0020389713149388915,NS_RIDGE,NS
2022-09-30,2022-10-14,10,beta2,0.009765224617966852,-0.0013065309894263173,0.008458693628540535,0.0030728150677974495,0.005385878560743086,NS_RIDGE,NS
2022-09-30,2022-10-14,10,beta0,0.022520367080151482,-6.79145106228531e-05,0.02245245256952863,0.026437852084900154,-0.003985399515371524,NS_ELASTICNET,NS
2022-09-30,2022-10-14,10,beta1,-0.014451370806935898,3.930498229497533e-05,-0.014412065824640923,-0.01629919564594391,0.0018871298213029852,NS_ELASTICNET,NS
2022-09-30,2022-10-14,10,beta2,0.009765224617966852,9.280593162096786e-05,0.00985803054958782,0.0030728150677974495,0.0067852154817903704,NS_ELASTICNET,NS
2022-09-30,2022-10-14,10,PC1,0.012883682736632662,0.0036030797299865833,0.016486762466619245,0.023373683409696325,-0.0068869209430770795,PCA_RIDGE,PCA
2022-09-30,2022-10-14,10,PC2,0.014423659096949468,2.13737785583374e-05,0.014445032875507805,0.011790949046955181,0.002654083828552624,PCA_RIDGE,PCA
2022-09-30,2022-10-14,10,PC3,-0.009755126992208797,0.0006371992553466995,-0.009117927736862097,-0.007520360639367592,-0.001597567097494505,PCA_RIDGE,PCA
2022-09-30,2022-10-14,10,PC1,0.012883682736632662,0.0010374467192773608,0.013921129455910022,0.023373683409696325,-0.009452553953786302,PCA_RIDGE_VAR,PCA
2022-09-30,2022-10-14,10,PC2,0.014423659096949468,1.3769314336126853e-05,0.014437428411285595,0.011790949046955181,0.0026464793643304133,PCA_RIDGE_VAR,PCA
2022-09-30,2022-10-14,10,PC3,-0.009755126992208797,0.00048013645973769663,-0.0092749905324711,-0.007520360639367592,-0.0017546298931035084,PCA_RIDGE_VAR,PCA
2022-09-30,2022-11-01,22,beta0,0.022520367080151482,0.0012993301804227267,0.02381969726057421,0.024064400785227067,-0.00024470352465285825,NS_RIDGE,NS
2022-09-30,2022-11-01,22,beta1,-0.014451370806935898,0.0004007865868643572,-0.01405058422007154,-0.010714179400909402,-0.0033364048191621386,NS_RIDGE,NS
2022-09-30,2022-11-01,22,beta2,0.009765224617966852,-0.000934872999771849,0.008830351618195004,0.0020594060083499056,0.0067709456098450985,NS_RIDGE,NS
2022-09-30,2022-11-01,22,beta0,0.022520367080151482,-0.00015407621536982807,0.022366290864781653,0.024064400785227067,-0.001698109920445414,NS_ELASTICNET,NS
2022-09-30,2022-11-01,22,beta1,-0.014451370806935898,7.54398497604909e-05,-0.014375930957175407,-0.010714179400909402,-0.003661751556266005,NS_ELASTICNET,NS
2022-09-30,2022-11-01,22,beta2,0.009765224617966852,0.00019636512441818517,0.009961589742385037,0.0020594060083499056,0.007902183734035131,NS_ELASTICNET,NS
2022-09-30,2022-11-01,22,PC1,0.012883682736632662,0.006011715651489719,0.018895398388122382,0.0191776520162492,-0.0002822536281268176,PCA_RIDGE,PCA
2022-09-30,2022-11-01,22,PC2,0.014423659096949468,2.557087377265815e-05,0.014449229970722125,0.018197440475709672,-0.0037482105049875467,PCA_RIDGE,PCA
2022-09-30,2022-11-01,22,PC3,-0.009755126992208797,0.0006633700204333046,-0.009091756971775493,-0.00610915517119816,-0.0029826018005773332,PCA_RIDGE,PCA
2022-09-30,2022-11-01,22,PC1,0.012883682736632662,0.0032050948009821265,0.016088777537614788,0.0191776520162492,-0.0030888744786344118,PCA_RIDGE_VAR,PCA
2022-09-30,2022-11-01,22,PC2,0.014423659096949468,-0.00027296195016302677,0.014150697146786441,0.018197440475709672,-0.004046743328923231,PCA_RIDGE_VAR,PCA
2022-09-30,2022-11-01,22,PC3,-0.009755126992208797,0.001043340598587121,-0.008711786393621676,-0.00610915517119816,-0.0026026312224235165,PCA_RIDGE_VAR,PCA
2022-10-31,2022-11-07,5,beta0,0.02348155257198571,0.0008833100217441015,0.024364862593729813,0.02455254641234036,-0.0001876838186105484,NS_RIDGE,NS
2022-10-31,2022-11-07,5,beta1,-0.010762430890004818,-0.0007971356201961597,-0.011559566510200977,-0.01124908247995405,-0.000310484030246928,NS_RIDGE,NS
2022-10-31,2022-11-07,5,beta2,0.0024131035695940757,-0.00033999657534826416,0.0020731069942458115,0.0068634621521002715,-0.00479035515785446,NS_RIDGE,NS
2022-10-31,2022-11-07,5,beta0,0.02348155257198571,-2.94537498598778e-05,0.023452098822125834,0.02455254641234036,-0.0011004475902145275,NS_ELASTICNET,NS
2022-10-31,2022-11-07,5,beta1,-0.010762430890004818,1.8506521541279756e-05,-0.010743924368463538,-0.01124908247995405,0.0005051581114905116,NS_ELASTICNET,NS
2022-10-31,2022-11-07,5,beta2,0.0024131035695940757,4.287802226777274e-05,0.0024559815918618485,0.0068634621521002715,-0.0044074805602384234,NS_ELASTICNET,NS
2022-10-31,2022-11-07,5,PC1,0.018687316841555474,0.002698175760340476,0.02138549260189595,0.02648484854759299,-0.005099355945697041,PCA_RIDGE,PCA
2022-10-31,2022-11-07,5,PC2,0.018740366150978863,-0.0008326091370348984,0.017907757013943964,0.01945752379842336,-0.0015497667844793957,PCA_RIDGE,PCA
2022-10-31,2022-11-07,5,PC3,-0.006660150790564728,1.856803072292584e-05,-0.006641582759841802,-0.007957455634187793,0.0013158728743459906,PCA_RIDGE,PCA
2022-10-31,2022-11-07,5,PC1,0.018687316841555474,0.0011664410958985814,0.019853757937454055,0.02648484854759299,-0.006631090610138935,PCA_RIDGE_VAR,PCA
2022-10-31,2022-11-07,5,PC2,0.018740366150978863,0.00037646878784882223,0.019116834938827685,0.01945752379842336,-0.0003406888595956746,PCA_RIDGE_VAR,PCA
2022-10-31,2022-11-07,5,PC3,-0.006660150790564728,0.00025525001503430133,-0.006404900775530427,-0.007957455634187793,0.001552554858657366,PCA_RIDGE_VAR,PCA
2022-10-31,2022-11-14,10,beta0,0.02348155257198571,0.0010878087343686317,0.024569361306354343,0.02253319789533549,0.0020361634110188515,NS_RIDGE,NS
2022-10-31,2022-11-14,10,beta1,-0.010762430890004818,-0.0006288468855366152,-0.011391277775541433,-0.006175454529505964,-0.005215823246035469,NS_RIDGE,NS
2022-10-31,2022-11-14,10,beta2,0.0024131035695940757,0.00030941585152815355,0.002722519421122229,0.0026577065585530963,6.48128625691329e-05,NS_RIDGE,NS
2022-10-31,2022-11-14,10,beta0,0.02348155257198571,-5.58842833785054e-05,0.023425668288607208,0.02253319789533549,0.0008924703932717166,NS_ELASTICNET,NS
2022-10-31,2022-11-14,10,beta1,-0.010762430890004818,3.172509737197507e-05,-0.010730705792632843,-0.006175454529505964,-0.004555251263126879,NS_ELASTICNET,NS
2022-10-31,2022-11-14,10,beta2,0.0024131035695940757,9.115829206625879e-05,0.0025042618616603345,0.0026577065585530963,-0.0001534446968927618,NS_ELASTICNET,NS
2022-10-31,2022-11-14,10,PC1,0.018687316841555474,0.005216096679897022,0.023903413521452498,0.019870661635926296,0.004032751885526202,PCA_RIDGE,PCA
2022-10-31,2022-11-14,10,PC2,0.018740366150978863,0.0016027846586810451,0.02034315080965991,0.024199651880361082,-0.0038565010707011724,PCA_RIDGE,PCA
2022-10-31,2022-11-14,10,PC3,-0.006660150790564728,0.0009035879850829304,-0.005756562805481798,-0.005197652624514336,-0.0005589101809674625,PCA_RIDGE,PCA
2022-10-31,2022-11-14,10,PC1,0.018687316841555474,0.00199793865687084,0.020685255498426314,0.019870661635926296,0.0008145938625000182,PCA_RIDGE_VAR,PCA
2022-10-31,2022-11-14,10,PC2,0.018740366150978863,0.0003190445429666032,0.019059410693945466,0.024199651880361082,-0.005140241186415616,PCA_RIDGE_VAR,PCA
2022-10-31,2022-11-14,10,PC3,-0.006660150790564728,0.00044257525407095585,-0.0062175755364937725,-0.005197652624514336,-0.0010199229119794368,PCA_RIDGE_VAR,PCA
2022-10-31,2022-11-30,22,beta0,0.02348155257198571,0.001560589345751914,0.025042141917737626,0.018892106812996204,0.006150035104741422,NS_RIDGE,NS
2022-10-31,2022-11-30,22,beta1,-0.010762430890004818,0.002731568258041797,-0.008030862631963022,-0.0036249355108550103,-0.004405927121108011,NS_RIDGE,NS
2022-10-31,2022-11-30,22,beta2,0.0024131035695940757,-0.0014078830961891356,0.00100522047340494,0.009808135380700508,-0.008802914907295569,NS_RIDGE,NS
2022-10-31,2022-11-30,22,beta0,0.02348155257198571,-0.00012427436326780387,0.023357278208717906,0.018892106812996204,0.004465171395721702,NS_ELASTICNET,NS
2022-10-31,2022-11-30,22,beta1,-0.010762430890004818,6.348936309047666e-05,-0.010698941526914342,-0.0036249355108550103,-0.007074006016059332,NS_ELASTICNET,NS
2022-10-31,2022-11-30,22,beta2,0.0024131035695940757,0.0002072094408008942,0.00262031301039497,0.009808135380700508,-0.007187822370305538,NS_ELASTICNET,NS
2022-10-31,2022-11-30,22,PC1,0.018687316841555474,0.009512130762865145,0.02819944760442062,0.010753551058755181,0.01744589654566544,PCA_RIDGE,PCA
2022-10-31,2022-11-30,22,PC2,0.018740366150978863,0.003960243427744381,0.022700609578723243,0.02819048813721555,-0.005489878558492308,PCA_RIDGE,PCA
2022-10-31,2022-11-30,22,PC3,-0.006660150790564728,0.0017077237407378623,-0.004952427049826866,-0.007076287391343941,0.002123860341517075,PCA_RIDGE,PCA
2022-10-31,2022-11-30,22,PC1,0.018687316841555474,0.0038407143265935945,0.022528031168149068,0.010753551058755181,0.011774480109393887,PCA_RIDGE_VAR,PCA
2022-10-31,2022-11-30,22,PC2,0.018740366150978863,0.00012161648882935,0.018861982639808213,0.02819048813721555,-0.009328505497407338,PCA_RIDGE_VAR,PCA
2022-10-31,2022-11-30,22,PC3,-0.006660150790564728,0.0008514624201277918,-0.0058086883704369366,-0.007076287391343941,0.0012675990209070048,PCA_RIDGE_VAR,PCA
2022-11-30,2022-12-07,5,beta0,0.018892106812996204,0.0004303494279774898,0.019322456240973694,0.01746043503325675,0.0018620212077169428,NS_RIDGE,NS
2022-11-30,2022-12-07,5,beta1,-0.0036249355108550103,-0.000251718990356519,-0.0038766545012115295,-0.0020259959960385156,-0.001850658505173014,NS_RIDGE,NS
2022-11-30,2022-12-07,5,beta2,0.009808135380700508,-0.0001466517581343888,0.00966148362256612,0.007580341347183787,0.0020811422753823335,NS_RIDGE,NS
2022-11-30,2022-12-07,5,beta0,0.018892106812996204,-3.407411726338867e-05,0.018858032695732815,0.01746043503325675,0.001397597662476064,NS_ELASTICNET,NS
2022-11-30,2022-12-07,5,beta1,-0.0036249355108550103,2.7065237138975587e-05,-0.0035978702737160346,-0.0020259959960385156,-0.001571874277677519,NS_ELASTICNET,NS
2022-11-30,2022-12-07,5,beta2,0.009808135380700508,4.92493172533687e-05,0.009857384697953877,0.007580341347183787,0.0022770433507700904,NS_ELASTICNET,NS
2022-11-30,2022-12-07,5,PC1,0.010682999863154392,0.0014367522850503751,0.012119752148204767,0.004141708607207084,0.007978043540997683,PCA_RIDGE,PCA
2022-11-30,2022-12-07,5,PC2,0.028103138352175764,-0.00027990987105031473,0.02782322848112545,0.029108264541632147,-0.0012850360605066967,PCA_RIDGE,PCA
2022-11-30,2022-12-07,5,PC3,-0.006989764000452035,7.89026882972179e-05,-0.006910861312154817,-0.006099601584564883,-0.0008112597275899336,PCA_RIDGE,PCA
2022-11-30,2022-12-07,5,PC1,0.010682999863154392,0.0010782617725982983,0.01176126163575269,0.004141708607207084,0.007619553028545606,PCA_RIDGE_VAR,PCA
2022-11-30,2022-12-07,5,PC2,0.028103138352175764,-0.00016192533145673732,0.027941213020719027,0.029108264541632147,-0.0011670515209131205,PCA_RIDGE_VAR,PCA
2022-11-30,2022-12-07,5,PC3,-0.006989764000452035,0.00011784252774338713,-0.006871921472708648,-0.006099601584564883,-0.0007723198881437647,PCA_RIDGE_VAR,PCA
2022-11-30,2022-12-14,10,beta0,0.018892106812996204,0.0007185737988844156,0.01961068061188062,0.019380995077171018,0.0002296855347096033,NS_RIDGE,NS
2022-11-30,2022-12-14,10,beta1,-0.0036249355108550103,-0.00019546167771574826,-0.0038203971885707585,-0.0020699721200572044,-0.001750425068513554,NS_RIDGE,NS
2022-11-30,2022-12-14,10,beta2,0.009808135380700508,0.0003475748165236498,0.010155710197224159,0.004756811802393787,0.005398898394830372,NS_RIDGE,NS
2022-11-30,2022-12-14,10,beta0,0.018892106812996204,-6.65139327603617e-05,0.01882559288023584,0.019380995077171018,-0.0005554021969351765,NS_ELASTICNET,NS
2022-11-30,2022-12-14,10,beta1,-0.0036249355108550103,5.16525522606207e-05,-0.0035732829585943897,-0.0020699721200572044,-0.0015033108385371853,NS_ELASTICNET,NS
2022-11-30,2022-12-14,10,beta2,0.009808135380700508,9.934836503751685e-05,0.009907483745738025,0.004756811802393787,0.005150671943344238,NS_ELASTICNET,NS
2022-11-30,2022-12-14,10,PC1,0.010682999863154392,0.0025474204431660784,0.01323042030632047,0.011230564996542916,0.0019998553097775543,PCA_RIDGE,PCA
2022-11-30,2022-12-14,10,PC2,0.028103138352175764,0.0006981721020228975,0.02880131045419866,0.028748034134893304,5.3276319305357867e-05,PCA_RIDGE,PCA
2022-11-30,2022-12-14,10,PC3,-0.006989764000452035,0.00032596781097884607,-0.0066637961894731885,-0.005317287130082655,-0.0013465090593905334,PCA_RIDGE,PCA
2022-11-30,2022-12-14,10,PC1,0.010682999863154392,0.0020440674142577567,0.012727067277412149,0.011230564996542916,0.0014965022808692326,PCA_RIDGE_VAR,PCA
2022-11-30,2022-12-14,10,PC2,0.028103138352175764,-0.0002311484101202195,0.027871989942055544,0.028748034134893304,-0.0008760441928377591,PCA_RIDGE_VAR,PCA
2022-11-30,2022-12-14,10,PC3,-0.006989764000452035,0.00029269655567359075,-0.006697067444778444,-0.005317287130082655,-0.0013797803146957891,PCA_RIDGE_VAR,PCA
2022-11-30,2023-01-02,22,beta0,0.018892106812996204,0.0018415717582887358,0.02073367857128494,0.02436731426598249,-0.003633635694697549,NS_RIDGE,NS
2022-11-30,2023-01-02,22,beta1,-0.0036249355108550103,-0.0007271275968087531,-0.004352063107663763,-0.005388541790414269,0.0010364786827505058,NS_RIDGE,NS
2022-11-30,2023-01-02,22,beta2,0.009808135380700508,0.0002689672285022298,0.010077102609202738,0.010903599519407111,-0.0008264969102043732,NS_RIDGE,NS
2022-11-30,2023-01-02,22,beta0,0.018892106812996204,-0.00013770231267244058,0.018754404500323764,0.02436731426598249,-0.005612909765658727,NS_ELASTICNET,NS
2022-11-30,2023-01-02,22,beta1,-0.0036249355108550103,0.0001015166482630358,-0.0035234188625919744,-0.005388541790414269,0.0018651229278222946,NS_ELASTICNET,NS
2022-11-30,2023-01-02,22,beta2,0.009808135380700508,0.00021882238403727513,0.010026957764737783,0.010903599519407111,-0.000876641754669328,NS_ELASTICNET,NS
2022-11-30,2023-01-02,22,PC1,0.010682999863154392,0.007885025266425622,0.018568025129580015,0.03555896258536427,-0.016990937455784255,PCA_RIDGE,PCA
2022-11-30,2023-01-02,22,PC2,0.028103138352175764,-0.0006057316707174288,0.027497406681458336,0.02747427467566043,2.313200579790592e-05,PCA_RIDGE,PCA
2022-11-30,2023-01-02,22,PC3,-0.006989764000452035,-6.71544196216323e-09,-0.006989770715893997,-0.006746735523249056,-0.00024303519264494075,PCA_RIDGE,PCA
2022-11-30,2023-01-02,22,PC1,0.010682999863154392,0.004292213534815287,0.01497521339796968,0.03555896258536427,-0.02058374918739459,PCA_RIDGE_VAR,PCA
2022-11-30,2023-01-02,22,PC2,0.028103138352175764,-0.000369826270354711,0.027733312081821053,0.02747427467566043,0.00025903740616062265,PCA_RIDGE_VAR,PCA
2022-11-30,2023-01-02,22,PC3,-0.006989764000452035,0.0007086798176301114,-0.0062810841828219235,-0.006746735523249056,0.00046565134042713275,PCA_RIDGE_VAR,PCA
2022-12-30,2023-01-06,5,beta0,0.025352879377342014,0.0006495584473761663,0.02600243782471818,0.022771132015448878,0.003231305809269301,NS_RIDGE,NS
2022-12-30,2023-01-06,5,beta1,-0.008980273964895645,-4.0374637150315625e-05,-0.00902064860204596,-0.001423281364586416,-0.007597367237459545,NS_RIDGE,NS
2022-12-30,2023-01-06,5,beta2,0.011195038479611187,-0.0020604841570226913,0.009134554322588495,0.00886003711055876,0.00027451721202973595,NS_RIDGE,NS
2022-12-30,2023-01-06,5,beta0,0.025352879377342014,-2.5906313499739456e-05,0.025326973063842274,0.022771132015448878,0.0025558410483933966,NS_ELASTICNET,NS
2022-12-30,2023-01-06,5,beta1,-0.008980273964895645,1.7054388515421843e-05,-0.008963219576380223,-0.001423281364586416,-0.007539938211793807,NS_ELASTICNET,NS
2022-12-30,2023-01-06,5,beta2,0.011195038479611187,6.69005973410431e-05,0.01126193907695223,0.00886003711055876,0.00240190196639347,NS_ELASTICNET,NS
2022-12-30,2023-01-06,5,PC1,0.03687348605391817,0.0016597417476503279,0.0385332278015685,0.03027683551501395,0.008256392286554552,PCA_RIDGE,PCA
2022-12-30,2023-01-06,5,PC2,0.025092345697192056,-0.0004447955531345175,0.024647550144057537,0.03200315358286262,-0.007355603438805081,PCA_RIDGE,PCA
2022-12-30,2023-01-06,5,PC3,-0.00683099790154446,0.0006081367992530673,-0.006222861102291393,-0.0037686879865490037,-0.0024541731157423892,PCA_RIDGE,PCA
2022-12-30,2023-01-06,5,PC1,0.03687348605391817,0.0007944887215220534,0.037667974775440226,0.03027683551501395,0.007391139260426276,PCA_RIDGE_VAR,PCA
2022-12-30,2023-01-06,5,PC2,0.025092345697192056,-2.7401376644951153e-05,0.025064944320547105,0.03200315358286262,-0.006938209262315514,PCA_RIDGE_VAR,PCA
2022-12-30,2023-01-06,5,PC3,-0.00683099790154446,0.00032772263115072014,-0.00650327527039374,-0.0037686879865490037,-0.002734587283844736,PCA_RIDGE_VAR,PCA
2022-12-30,2023-01-13,10,beta0,0.025352879377342014,0.0012639382520760328,0.026616817629418046,0.020865712154015018,0.005751105475403029,NS_RIDGE,NS
2022-12-30,2023-01-13,10,beta1,-0.008980273964895645,-0.0003452971878384167,-0.009325571152734061,0.0021624755000727632,-0.011488046652806824,NS_RIDGE,NS
2022-12-30,2023-01-13,10,beta2,0.011195038479611187,-0.003201667396999894,0.007993371082611292,0.006784739778449048,0.001208631304162244,NS_RIDGE,NS
2022-12-30,2023-01-13,10,beta0,0.025352879377342014,-5.406963337355573e-05,0.025298809743968458,0.020865712154015018,0.004433097589953441,NS_ELASTICNET,NS
2022-12-30,2023-01-13,10,beta1,-0.008980273964895645,3.467852246492879e-05,-0.008945595442430716,0.0021624755000727632,-0.01110807094250348,NS_ELASTICNET,NS
2022-12-30,2023-01-13,10,beta2,0.011195038479611187,0.0001395040014396285,0.011334542481050815,0.006784739778449048,0.004549802702601767,NS_ELASTICNET,NS
2022-12-30,2023-01-13,10,PC1,0.03687348605391817,0.0026516627576363694,0.03952514881155454,0.023309022608056215,0.016216126203498327,PCA_RIDGE,PCA
2022-12-30,2023-01-13,10,PC2,0.025092345697192056,0.00038758123875818414,0.02547992693595024,0.03490240865968608,-0.009422481723735839,PCA_RIDGE,PCA
2022-12-30,2023-01-13,10,PC3,-0.00683099790154446,0.0012194472886131432,-0.005611550612931317,-0.002239990311633893,-0.0033715603012974237,PCA_RIDGE,PCA
2022-12-30,2023-01-13,10,PC1,0.03687348605391817,0.0017624266892120322,0.038635912743130205,0.023309022608056215,0.01532689013507399,PCA_RIDGE_VAR,PCA
2022-12-30,2023-01-13,10,PC2,0.025092345697192056,-0.00010298365450134295,0.024989362042690713,0.03490240865968608,-0.009913046616995366,PCA_RIDGE_VAR,PCA
2022-12-30,2023-01-13,10,PC3,-0.00683099790154446,0.0005100141012905398,-0.00632098380025392,-0.002239990311633893,-0.004080993488620027,PCA_RIDGE_VAR,PCA
2022-12-30,2023-01-31,22,beta0,0.025352879377342014,0.0019604069286038362,0.02731328630594585,0.022549936883655593,0.004763349422290258,NS_RIDGE,NS
2022-12-30,2023-01-31,22,beta1,-0.008980273964895645,-0.0004521339763276191,-0.009432407941223265,0.0008669177866252389,-0.010299325727848503,NS_RIDGE,NS
2022-12-30,2023-01-31,22,beta2,0.011195038479611187,-0.005544684084013691,0.0056503543955974955,0.005857420886363167,-0.0002070664907656717,NS_RIDGE,NS
2022-12-30,2023-01-31,22,beta0,0.025352879377342014,-0.00013156798283696803,0.025221311394505046,0.022549936883655593,0.0026713745108494537,NS_ELASTICNET,NS
2022-12-30,2023-01-31,22,beta1,-0.008980273964895645,8.450741697298253e-05,-0.008895766547922661,0.0008669177866252389,-0.0097626843345479,NS_ELASTICNET,NS
2022-12-30,2023-01-31,22,beta2,0.011195038479611187,0.00030733224164450237,0.011502370721255688,0.005857420886363167,0.005644949834892521,NS_ELASTICNET,NS
2022-12-30,2023-01-31,22,PC1,0.03687348605391817,0.0046181249343222215,0.04149161098824039,0.029606193438980855,0.011885417549259536,PCA_RIDGE,PCA
2022-12-30,2023-01-31,22,PC2,0.025092345697192056,-0.00227369401477266,0.022818651682419398,0.033503956924134846,-0.010685305241715449,PCA_RIDGE,PCA
2022-12-30,2023-01-31,22,PC3,-0.00683099790154446,0.001146591056473764,-0.005684406845070696,-0.00232538190865263,-0.003359024936418066,PCA_RIDGE,PCA
2022-12-30,2023-01-31,22,PC1,0.03687348605391817,0.004030304725285053,0.040903790779203225,0.029606193438980855,0.01129759734022237,PCA_RIDGE_VAR,PCA
2022-12-30,2023-01-31,22,PC2,0.025092345697192056,-0.0002834693556559992,0.024808876341536057,0.033503956924134846,-0.00869508058259879,PCA_RIDGE_VAR,PCA
2022-12-30,2023-01-31,22,PC3,-0.00683099790154446,0.0009307369742686854,-0.0059002609272757744,-0.00232538190865263,-0.0035748790186231443,PCA_RIDGE_VAR,PCA
2023-01-31,2023-02-07,5,beta0,0.022549936883655593,0.0006376985663267038,0.023187635449982296,0.023009891810533926,0.0001777436394483703,NS_RIDGE,NS
2023-01-31,2023-02-07,5,beta1,0.0008669177866252389,-0.00013692315496304996,0.000729994631662189,0.001400700474808468,-0.0006707058431462791,NS_RIDGE,NS
2023-01-31,2023-02-07,5,beta2,0.005857420886363167,-0.000515128325180825,0.005342292561182342,0.0033484023509270863,0.001993890210255256,NS_RIDGE,NS
2023-01-31,2023-02-07,5,beta0,0.022549936883655593,-2.8750128528349887e-05,0.022521186755127244,0.023009891810533926,-0.0004887050554066817,NS_ELASTICNET,NS
2023-01-31,2023-02-07,5,beta1,0.0008669177866252389,2.7205361397188035e-05,0.0008941231480224269,0.001400700474808468,-0.0005065773267860412,NS_ELASTICNET,NS
2023-01-31,2023-02-07,5,beta2,0.005857420886363167,6.0868881535938865e-05,0.0059182897678991065,0.0033484023509270863,0.00256988741697202,NS_ELASTICNET,NS
2023-01-31,2023-02-07,5,PC1,0.029505539954047276,0.0022592754233630753,0.031764815377410355,0.03073114219553208,0.0010336731818782752,PCA_RIDGE,PCA
2023-01-31,2023-02-07,5,PC2,0.033340681876410316,0.00022042636996360068,0.033561108246373914,0.033286653468664246,0.00027445477770966786,PCA_RIDGE,PCA
2023-01-31,2023-02-07,5,PC3,-0.002268534357691274,0.00043559736086807823,-0.0018329369968231959,-0.0017671890124616903,-6.574798436150562e-05,PCA_RIDGE,PCA
2023-01-31,2023-02-07,5,PC1,0.029505539954047276,0.0009662951510106162,0.030471835105057892,0.03073114219553208,-0.00025930709047418746,PCA_RIDGE_VAR,PCA
2023-01-31,2023-02-07,5,PC2,0.033340681876410316,-0.00025071989371512615,0.03308996198269519,0.033286653468664246,-0.0001966914859690555,PCA_RIDGE_VAR,PCA
2023-01-31,2023-02-07,5,PC3,-0.002268534357691274,0.0001696640750227774,-0.0020988702826684968,-0.0017671890124616903,-0.0003316812702068065,PCA_RIDGE_VAR,PCA
2023-01-31,2023-02-14,10,beta0,0.022549936883655593,0.0010252619200157931,0.023575198803671385,0.023513790726022724,6.140807764866071e-05,NS_RIDGE,NS
2023-01-31,2023-02-14,10,beta1,0.0008669177866252389,-0.0003414147560843563,0.0005255030305408826,0.002639237016636974,-0.0021137339860960915,NS_RIDGE,NS
2023-01-31,2023-02-14,10,beta2,0.005857420886363167,-0.0005093978257703313,0.005348023060592836,0.008455865429587253,-0.003107842368994417,NS_RIDGE,NS
2023-01-31,2023-02-14,10,beta0,0.022549936883655593,-5.847064496941804e-05,0.022491466238686173,0.023513790726022724,-0.0010223244873365511,NS_ELASTICNET,NS
2023-01-31,2023-02-14,10,beta1,0.0008669177866252389,5.4528116701193445e-05,0.0009214459033264324,0.002639237016636974,-0.0017177911133105415,NS_ELASTICNET,NS
2023-01-31,2023-02-14,10,beta2,0.005857420886363167,0.0001253140670659319,0.0059827349534290995,0.008455865429587253,-0.0024731304761581533,NS_ELASTICNET,NS
2023-01-31,2023-02-14,10,PC1,0.029505539954047276,0.0044148302830709155,0.03392037023711819,0.037325415243590274,-0.003405045006472082,PCA_RIDGE,PCA
2023-01-31,2023-02-14,10,PC2,0.033340681876410316,-0.0004391420313815941,0.03290153984502872,0.03640099187388258,-0.003499452028853857,PCA_RIDGE,PCA
2023-01-31,2023-02-14,10,PC3,-0.002268534357691274,0.0003229844103011544,-0.0019455499473901199,-0.001786803928932228,-0.00015874601845789187,PCA_RIDGE,PCA
2023-01-31,2023-02-14,10,PC1,0.029505539954047276,0.001714870924878674,0.03122041087892595,0.037325415243590274,-0.006105004364664324,PCA_RIDGE_VAR,PCA
2023-01-31,2023-02-14,10,PC2,0.033340681876410316,-0.00028811186053148,0.033052570015878836,0.03640099187388258,-0.0033484218580037417,PCA_RIDGE_VAR,PCA
2023-01-31,2023-02-14,10,PC3,-0.002268534357691274,0.00025006902464329035,-0.002018465333047984,-0.001786803928932228,-0.0002316614041157558,PCA_RIDGE_VAR,PCA
2023-01-31,2023-03-02,22,beta0,0.022549936883655593,0.0017500730396373138,0.024300009923292905,0.026600777362101057,-0.0023007674388081517,NS_RIDGE,NS
2023-01-31,2023-03-02,22,beta1,0.0008669177866252389,-7.424672522443772e-05,0.0007926710614008012,0.0010060729942877366,-0.00021340193288693534,NS_RIDGE,NS
2023-01-31,2023-03-02,22,beta2,0.005857420886363167,-0.001043682396392782,0.004813738489970385,0.011619050876354725,-0.00680531238638434,NS_RIDGE,NS
2023-01-31,2023-03-02,22,beta0,0.022549936883655593,-0.0001253471070160355,0.022424589776639556,0.026600777362101057,-0.0041761875854615,NS_ELASTICNET,NS
2023-01-31,2023-03-02,22,beta1,0.0008669177866252389,0.00011054720799925708,0.000977464994624496,0.0010060729942877366,-2.860799966324058e-05,NS_ELASTICNET,NS
2023-01-31,2023-03-02,22,beta2,0.005857420886363167,0.00028847253906263623,0.0061458934254258035,0.011619050876354725,-0.005473157450928922,NS_ELASTICNET,NS
2023-01-31,2023-03-02,22,PC1,0.029505539954047276,0.007516521166569258,0.03702206112061653,0.052428450081195885,-0.015406388960579352,PCA_RIDGE,PCA
2023-01-31,2023-03-02,22,PC2,0.033340681876410316,0.0015054754036501789,0.0348461572800605,0.036375887699410206,-0.0015297304193497077,PCA_RIDGE,PCA
2023-01-31,2023-03-02,22,PC3,-0.002268534357691274,0.0012974780652916542,-0.00097105629239962,-0.0025510311276718146,0.0015799748352721946,PCA_RIDGE,PCA
2023-01-31,2023-03-02,22,PC1,0.029505539954047276,0.0034967232338768,0.033002263187924076,0.052428450081195885,-0.01942618689327181,PCA_RIDGE_VAR,PCA
2023-01-31,2023-03-02,22,PC2,0.033340681876410316,-0.0003823252778862099,0.032958356598524106,0.036375887699410206,-0.0034175311008860995,PCA_RIDGE_VAR,PCA
2023-01-31,2023-03-02,22,PC3,-0.002268534357691274,0.0004373160121073072,-0.001831218345583967,-0.0025510311276718146,0.0007198127820878476,PCA_RIDGE_VAR,PCA
2023-02-28,2023-03-07,5,beta0,0.02629826114243036,0.0007949805315286668,0.027093241673959025,0.025701561763504945,0.00139167991045408,NS_RIDGE,NS
2023-02-28,2023-03-07,5,beta1,0.00027578644005516254,0.0003544492136359418,0.0006302356536911043,0.00167566528832825,-0.0010454296346371456,NS_RIDGE,NS
2023-02-28,2023-03-07,5,beta2,0.013095243614849855,-0.001426072711064844,0.01166917090378501,0.01569507683469908,-0.0040259059309140695,NS_RIDGE,NS
2023-02-28,2023-03-07,5,beta0,0.02629826114243036,-2.5342904323746054e-05,0.026272918238106614,0.025701561763504945,0.000571356474601669,NS_ELASTICNET,NS
2023-02-28,2023-03-07,5,beta1,0.00027578644005516254,2.777174257593622e-05,0.00030355818263109877,0.00167566528832825,-0.0013721071056971511,NS_ELASTICNET,NS
2023-02-28,2023-03-07,5,beta2,0.013095243614849855,6.483677318639341e-05,0.013160080388036248,0.01569507683469908,-0.002534996446662831,NS_ELASTICNET,NS
2023-02-28,2023-03-07,5,PC1,0.051038046690844836,0.003144849683665516,0.054182896374510355,0.05103426339509275,0.003148632979417608,PCA_RIDGE,PCA
2023-02-28,2023-03-07,5,PC2,0.03584652076718066,0.00014586296030322024,0.03599238372748388,0.038062363740714325,-0.0020699800132304436,PCA_RIDGE,PCA
2023-02-28,2023-03-07,5,PC3,-0.003118600795688674,0.0005889649066512191,-0.0025296358890374545,-0.002732574661751127,0.00020293877271367272,PCA_RIDGE,PCA
2023-02-28,2023-03-07,5,PC1,0.051038046690844836,0.001559239443474629,0.052597286134319465,0.05103426339509275,0.0015630227392267187,PCA_RIDGE_VAR,PCA
2023-02-28,2023-03-07,5,PC2,0.03584652076718066,-0.0001920430234581133,0.035654477743722546,0.038062363740714325,-0.0024078859969917793,PCA_RIDGE_VAR,PCA
2023-02-28,2023-03-07,5,PC3,-0.003118600795688674,0.00022986554203143243,-0.0028887352536572414,-0.002732574661751127,-0.0001561605919061142,PCA_RIDGE_VAR,PCA
2023-02-28,2023-03-14,10,beta0,0.02629826114243036,0.0011710273832603677,0.02746928852569073,0.02411996841068264,0.0033493201150080892,NS_RIDGE,NS
2023-02-28,2023-03-14,10,beta1,0.00027578644005516254,-0.0002286234563516823,4.7162983703480225e-05,0.0028065730430303793,-0.002759410059326899,NS_RIDGE,NS
2023-02-28,2023-03-14,10,beta2,0.013095243614849855,-0.0018970417718086362,0.011198201843041218,0.008292228524156092,0.002905973318885126,NS_RIDGE,NS
2023-02-28,2023-03-14,10,beta0,0.02629826114243036,-5.114174562607972e-05,0.02624711939680428,0.02411996841068264,0.0021271509861216405,NS_ELASTICNET,NS
2023-02-28,2023-03-14,10,beta1,0.00027578644005516254,5.5049557443907604e-05,0.00033083599749907013,0.0028065730430303793,-0.002475737045531309,NS_ELASTICNET,NS
2023-02-28,2023-03-14,10,beta2,0.013095243614849855,0.00012997628999064802,0.013225219904840503,0.008292228524156092,0.0049329913806844105,NS_ELASTICNET,NS
2023-02-28,2023-03-14,10,PC1,0.051038046690844836,0.0044001938797969325,0.05543824057064177,0.04017076472361958,0.015267475847022191,PCA_RIDGE,PCA
2023-02-28,2023-03-14,10,PC2,0.03584652076718066,-0.0005650524902507284,0.035281468276929934,0.03648734227994946,-0.0012058740030195247,PCA_RIDGE,PCA
2023-02-28,2023-03-14,10,PC3,-0.003118600795688674,0.0005427580491854387,-0.002575842746503235,-0.0016035430442718967,-0.0009722997022313384,PCA_RIDGE,PCA
2023-02-28,2023-03-14,10,PC1,0.051038046690844836,0.0024919329365865814,0.05352997962743142,0.04017076472361958,0.013359214903811839,PCA_RIDGE_VAR,PCA
2023-02-28,2023-03-14,10,PC2,0.03584652076718066,-0.00022188886199273755,0.03562463190518792,0.03648734227994946,-0.000862710374761537,PCA_RIDGE_VAR,PCA
2023-02-28,2023-03-14,10,PC3,-0.003118600795688674,0.0003468183803090551,-0.0027717824153796187,-0.0016035430442718967,-0.001168239371107722,PCA_RIDGE_VAR,PCA
2023-02-28,2023-03-30,22,beta0,0.02629826114243036,0.0019190341923775206,0.02821729533480788,0.02449129653052781,0.003725998804280071,NS_RIDGE,NS
2023-02-28,2023-03-30,22,beta1,0.00027578644005516254,-8.478671343033957e-05,0.00019099972662482297,0.0045295565870130845,-0.004338556860388262,NS_RIDGE,NS
2023-02-28,2023-03-30,22,beta2,0.013095243614849855,-0.002873690277366179,0.010221553337483676,-0.002312617540585546,0.012534170878069222,NS_RIDGE,NS
2023-02-28,2023-03-30,22,beta0,0.02629826114243036,-0.00011721501839691556,0.026181046124033443,0.02449129653052781,0.0016897495935056343,NS_ELASTICNET,NS
2023-02-28,2023-03-30,22,beta1,0.00027578644005516254,0.00011850490215715015,0.0003942913422123127,0.0045295565870130845,-0.004135265244800772,NS_ELASTICNET,NS
2023-02-28,2023-03-30,22,beta2,0.013095243614849855,0.00028567675991248033,0.013380920374762335,-0.002312617540585546,0.01569353791534788,NS_ELASTICNET,NS
2023-02-28,2023-03-30,22,PC1,0.051038046690844836,0.007807752923503388,0.05884579961434822,0.03731854933676117,0.021527250277587055,PCA_RIDGE,PCA
2023-02-28,2023-03-30,22,PC2,0.03584652076718066,-0.000569280276230265,0.03527724049095039,0.034900949144475994,0.0003762913464743986,PCA_RIDGE,PCA
2023-02-28,2023-03-30,22,PC3,-0.003118600795688674,0.0009097692653131012,-0.0022088315303755725,0.0010358172732840235,-0.003244648803659596,PCA_RIDGE,PCA
2023-02-28,2023-03-30,22,PC1,0.051038046690844836,0.004750756608440362,0.0557888032992852,0.03731854933676117,0.01847025396252403,PCA_RIDGE_VAR,PCA
2023-02-28,2023-03-30,22,PC2,0.03584652076718066,-0.00030291423813511714,0.03554360652904554,0.034900949144475994,0.0006426573845695477,PCA_RIDGE_VAR,PCA
2023-02-28,2023-03-30,22,PC3,-0.003118600795688674,0.0005984495467543467,-0.002520151248934327,0.0010358172732840235,-0.0035559685222183507,PCA_RIDGE_VAR,PCA
2023-03-31,2023-04-11,5,beta0,0.02407563569963893,0.000408928210991468,0.0244845639106304,0.023814361247139648,0.0006702026634907501,NS_RIDGE,NS
2023-03-31,2023-04-11,5,beta1,0.005539771031029831,-0.00048292945126910054,0.005056841579760731,0.006611734125306549,-0.0015548925455458181,NS_RIDGE,NS
2023-03-31,2023-04-11,5,beta2,-0.0037573609846299374,-0.00017956532841479438,-0.003936926313044732,-0.004311416124688504,0.0003744898116437717,NS_RIDGE,NS
2023-03-31,2023-04-11,5,beta0,0.02407563569963893,-2.6162838902771537e-05,0.02404947286073616,0.023814361247139648,0.00023511161359651353,NS_ELASTICNET,NS
2023-03-31,2023-04-11,5,beta1,0.005539771031029831,3.135260936237766e-05,0.005571123640392209,0.006611734125306549,-0.0010406104849143404,NS_ELASTICNET,NS
2023-03-31,2023-04-11,5,beta2,-0.0037573609846299374,4.7735010619084696e-05,-0.0037096259740108527,-0.004311416124688504,0.000601790150677651,NS_ELASTICNET,NS
2023-03-31,2023-04-11,5,PC1,0.03529394577299483,0.0019551062268033897,0.037249051999798215,0.03473008165706515,0.0025189703427330665,PCA_RIDGE,PCA
2023-03-31,2023-04-11,5,PC2,0.03523791603240643,-0.0002562480670939922,0.03498166796531244,0.03615669321776696,-0.0011750252524545188,PCA_RIDGE,PCA
2023-03-31,2023-04-11,5,PC3,0.0015081315734358622,-0.00012278991085572658,0.0013853416625801355,0.0020920961785049737,-0.0007067545159248382,PCA_RIDGE,PCA
2023-03-31,2023-04-11,5,PC1,0.03529394577299483,0.0010431407492346792,0.03633708652222951,0.03473008165706515,0.001607004865164359,PCA_RIDGE_VAR,PCA
2023-03-31,2023-04-11,5,PC2,0.03523791603240643,-0.00011912895711693045,0.0351187870752895,0.03615669321776696,-0.0010379061424774585,PCA_RIDGE_VAR,PCA
2023-03-31,2023-04-11,5,PC3,0.0015081315734358622,-6.212380666749981e-05,0.0014460077667683624,0.0020920961785049737,-0.0006460884117366113,PCA_RIDGE_VAR,PCA
2023-03-31,2023-04-18,10,beta0,0.02407563569963893,0.0009386252712143397,0.025014260970853273,0.02537128709202054,-0.00035702612116726706,NS_RIDGE,NS
2023-03-31,2023-04-18,10,beta1,0.005539771031029831,-0.000826203725455489,0.004713567305574342,0.006003969502719187,-0.0012904021971448451,NS_RIDGE,NS
2023-03-31,2023-04-18,10,beta2,-0.0037573609846299374,-0.0016596651518464185,-0.005417026136476356,-0.0029722981236613728,-0.0024447280128149836,NS_RIDGE,NS
2023-03-31,2023-04-18,10,beta0,0.02407563569963893,-5.304661398872464e-05,0.024022589085650206,0.02537128709202054,-0.0013486980063703337,NS_ELASTICNET,NS
2023-03-31,2023-04-18,10,beta1,0.005539771031029831,6.348052459505585e-05,0.005603251555624887,0.006003969502719187,-0.0004007179470942998,NS_ELASTICNET,NS
2023-03-31,2023-04-18,10,beta2,-0.0037573609846299374,9.589814784898395e-05,-0.0036614628367809534,-0.0029722981236613728,-0.0006891647131195807,NS_ELASTICNET,NS
2023-03-31,2023-04-18,10,PC1,0.03529394577299483,0.0034649956656741207,0.03875894143866895,0.0423985119372854,-0.0036395704986164554,PCA_RIDGE,PCA
2023-03-31,2023-04-18,10,PC2,0.03523791603240643,-0.0006395924850308827,0.03459832354737555,0.0362008179721299,-0.0016024944247543527,PCA_RIDGE,PCA
2023-03-31,2023-04-18,10,PC3,0.0015081315734358622,-0.000142353716549518,0.001365777856886344,0.002122245480154046,-0.0007564676232677018,PCA_RIDGE,PCA
2023-03-31,2023-04-18,10,PC1,0.03529394577299483,0.0015645733631602862,0.036858519136155114,0.0423985119372854,-0.005539992801130288,PCA_RIDGE_VAR,PCA
2023-03-31,2023-04-18,10,PC2,0.03523791603240643,-0.00015294367217664334,0.03508497236022979,0.0362008179721299,-0.0011158456119001112,PCA_RIDGE_VAR,PCA
2023-03-31,2023-04-18,10,PC3,0.0015081315734358622,-5.9662461123804545e-05,0.0014484691123120576,0.002122245480154046,-0.0006737763678419883,PCA_RIDGE_VAR,PCA
2023-03-31,2023-05-05,22,beta0,0.02407563569963893,0.0019786966627649938,0.026054332362403926,0.024850644560849025,0.0012036878015549007,NS_RIDGE,NS
2023-03-31,2023-05-05,22,beta1,0.005539771031029831,-0.0023671251666082015,0.0031726458644216297,0.009069553539147271,-0.0058969076747256415,NS_RIDGE,NS
2023-03-31,2023-05-05,22,beta2,-0.0037573609846299374,0.0014479268590152,-0.0023094341256147373,-0.015700342640157943,0.013390908514543207,NS_RIDGE,NS
2023-03-31,2023-05-05,22,beta0,0.02407563569963893,0.0008894469385186194,0.02496508263815755,0.024850644560849025,0.00011443807730852559,NS_ELASTICNET,NS
2023-03-31,2023-05-05,22,beta1,0.005539771031029831,-0.0009351432333601019,0.004604627797669729,0.009069553539147271,-0.004464925741477542,NS_ELASTICNET,NS
2023-03-31,2023-05-05,22,beta2,-0.0037573609846299374,-0.0014123992944388482,-0.005169760279068786,-0.015700342640157943,0.010530582361089157,NS_ELASTICNET,NS
2023-03-31,2023-05-05,22,PC1,0.03529394577299483,0.011559816546564345,0.04685376231955917,0.03529037477835997,0.011563387541199198,PCA_RIDGE,PCA
2023-03-31,2023-05-05,22,PC2,0.03523791603240643,-0.0029690605636412304,0.0322688554687652,0.03522378181056789,-0.002954926341802694,PCA_RIDGE,PCA
2023-03-31,2023-05-05,22,PC3,0.0015081315734358622,-0.0017642019747983048,-0.0002560704013624426,0.005497141217345442,-0.005753211618707885,PCA_RIDGE,PCA
2023-03-31,2023-05-05,22,PC1,0.03529394577299483,0.002786293865780387,0.038080239638775215,0.03529037477835997,0.002789864860415242,PCA_RIDGE_VAR,PCA
2023-03-31,2023-05-05,22,PC2,0.03523791603240643,-0.00023453141691317375,0.03500338461549326,0.03522378181056789,-0.00022039719507463418,PCA_RIDGE_VAR,PCA
2023-03-31,2023-05-05,22,PC3,0.0015081315734358622,-5.1450769934223775e-05,0.0014566808035016384,0.005497141217345442,-0.004040460413843803,PCA_RIDGE_VAR,PCA
2023-04-28,2023-05-08,5,beta0,0.02454210842126914,0.0002936342174263061,0.024835742638695448,0.025110416034103352,-0.0002746733954079039,NS_RIDGE,NS
2023-04-28,2023-05-08,5,beta1,0.007169809674190576,-0.0003749099324637312,0.006794899741726845,0.008652698236956594,-0.0018577984952297486,NS_RIDGE,NS
2023-04-28,2023-05-08,5,beta2,-0.005853830776092369,-0.00025318372324663546,-0.006107014499339005,-0.014017738243812342,0.007910723744473337,NS_RIDGE,NS
2023-04-28,2023-05-08,5,beta0,0.02454210842126914,-2.508495517547798e-05,0.024517023466093663,0.025110416034103352,-0.0005933925680096895,NS_ELASTICNET,NS
2023-04-28,2023-05-08,5,beta1,0.007169809674190576,3.23583925413018e-05,0.007202168066731878,0.008652698236956594,-0.0014505301702247156,NS_ELASTICNET,NS
2023-04-28,2023-05-08,5,beta2,-0.005853830776092369,4.896921844821639e-05,-0.005804861557644153,-0.014017738243812342,0.00821287668616819,NS_ELASTICNET,NS
2023-04-28,2023-05-08,5,PC1,0.03771909567585949,0.0009948303641010188,0.0387139260399605,0.03702063565612336,0.0016932903838371427,PCA_RIDGE,PCA
2023-04-28,2023-05-08,5,PC2,0.036203578143543316,-0.00036143438878027766,0.03584214375476304,0.03521671830965582,0.0006254254451072139,PCA_RIDGE,PCA
2023-04-28,2023-05-08,5,PC3,0.002874961041792149,-8.243566712080693e-05,0.002792525374671342,0.005086864506417766,-0.0022943391317464244,PCA_RIDGE,PCA
2023-04-28,2023-05-08,5,PC1,0.03771909567585949,0.00011182731176787725,0.037830922987627365,0.03702063565612336,0.0008102873315040046,PCA_RIDGE_VAR,PCA
2023-04-28,2023-05-08,5,PC2,0.036203578143543316,-1.0831095486017739e-05,0.0361927470480573,0.03521671830965582,0.0009760287384014757,PCA_RIDGE_VAR,PCA
2023-04-28,2023-05-08,5,PC3,0.002874961041792149,-5.0292492648239e-05,0.00282466854914391,0.005086864506417766,-0.0022621959572738564,PCA_RIDGE_VAR,PCA
2023-04-28,2023-05-15,10,beta0,0.02454210842126914,0.0007735217296695957,0.025315630150938736,0.02511554968681491,0.0002000804641238245,NS_RIDGE,NS
2023-04-28,2023-05-15,10,beta1,0.007169809674190576,-0.0008913344845961793,0.006278475189594396,0.009280107552301478,-0.003001632362707082,NS_RIDGE,NS
2023-04-28,2023-05-15,10,beta2,-0.005853830776092369,-0.0013337378260283304,-0.0071875686021207,-0.016105372325395217,0.008917803723274519,NS_RIDGE,NS
2023-04-28,2023-05-15,10,beta0,0.02454210842126914,-4.944623447529087e-05,0.02449266218679385,0.02511554968681491,-0.0006228875000210618,NS_ELASTICNET,NS
2023-04-28,2023-05-15,10,beta1,0.007169809674190576,6.287071988056301e-05,0.007232680394071139,0.009280107552301478,-0.0020474271582303395,NS_ELASTICNET,NS
2023-04-28,2023-05-15,10,beta2,-0.005853830776092369,0.00010377326641174279,-0.005750057509680626,-0.016105372325395217,0.01035531481571459,NS_ELASTICNET,NS
2023-04-28,2023-05-15,10,PC1,0.03771909567585949,0.0023474231726428223,0.04006651884850231,0.03640468718981402,0.0036618316586882957,PCA_RIDGE,PCA
2023-04-28,2023-05-15,10,PC2,0.036203578143543316,-0.0010298392021869717,0.03517373894135634,0.035195654930826416,-2.1915989470072672e-05,PCA_RIDGE,PCA
2023-04-28,2023-05-15,10,PC3,0.002874961041792149,-5.170275696781649e-05,0.0028232582848243325,0.0057970493609201005,-0.002973791076095768,PCA_RIDGE,PCA
2023-04-28,2023-05-15,10,PC1,0.03771909567585949,0.0005373202872629157,0.0382564159631224,0.03640468718981402,0.0018517287733083865,PCA_RIDGE_VAR,PCA
2023-04-28,2023-05-15,10,PC2,0.036203578143543316,-5.4316401177277596e-05,0.03614926174236604,0.035195654930826416,0.0009536068115396229,PCA_RIDGE_VAR,PCA
2023-04-28,2023-05-15,10,PC3,0.002874961041792149,-8.189939776290017e-05,0.0027930616440292487,0.0057970493609201005,-0.003003987716890852,PCA_RIDGE_VAR,PCA
2023-04-28,2023-05-31,22,beta0,0.02454210842126914,0.001431225459802756,0.025973333881071897,0.024468747591608875,0.0015045862894630217,NS_RIDGE,NS
2023-04-28,2023-05-31,22,beta1,0.007169809674190576,-0.0020428098500659174,0.005126999824124658,0.010661657416959165,-0.005534657592834506,NS_RIDGE,NS
2023-04-28,2023-05-31,22,beta2,-0.005853830776092369,-0.0009904484203674781,-0.0068442791964598475,-0.012720086280423728,0.00587580708396388,NS_RIDGE,NS
2023-04-28,2023-05-31,22,beta0,0.02454210842126914,-0.00011149380286787831,0.024430614618401264,0.024468747591608875,-3.813297320761147e-05,NS_ELASTICNET,NS
2023-04-28,2023-05-31,22,beta1,0.007169809674190576,0.00013660190809019218,0.007306411582280768,0.010661657416959165,-0.0033552458346783965,NS_ELASTICNET,NS
2023-04-28,2023-05-31,22,beta2,-0.005853830776092369,0.00023161754893493854,-0.005622213227157431,-0.012720086280423728,0.007097873053266297,NS_ELASTICNET,NS
2023-04-28,2023-05-31,22,PC1,0.03771909567585949,0.004548308873394853,0.04226740454925434,0.03661236582228504,0.005655038726969298,PCA_RIDGE,PCA
2023-04-28,2023-05-31,22,PC2,0.036203578143543316,-0.001787072363977358,0.03441650577956596,0.03769993751478789,-0.0032834317352219283,PCA_RIDGE,PCA
2023-04-28,2023-05-31,22,PC3,0.002874961041792149,-0.00042106993449938693,0.002453891107292762,0.005879745817128866,-0.003425854709836104,PCA_RIDGE,PCA
2023-04-28,2023-05-31,22,PC1,0.03771909567585949,0.0015696527488263806,0.03928874842468587,0.03661236582228504,0.0026763826024008286,PCA_RIDGE_VAR,PCA
2023-04-28,2023-05-31,22,PC2,0.036203578143543316,-0.00012678046000900306,0.03607679768353431,0.03769993751478789,-0.0016231398312535755,PCA_RIDGE_VAR,PCA
2023-04-28,2023-05-31,22,PC3,0.002874961041792149,-0.00014601743752104285,0.002728943604271106,0.005879745817128866,-0.00315080221285776,PCA_RIDGE_VAR,PCA
2023-05-31,2023-06-07,5,beta0,0.025319924323741187,9.578939538387266e-05,0.02541571371912506,0.025833473414832032,-0.0004177596957069714,NS_RIDGE,NS
2023-05-31,2023-06-07,5,beta1,0.0092098405275617,0.00018811069793423,0.009397951225495929,0.009528689267385865,-0.000130738041889936,NS_RIDGE,NS
2023-05-31,2023-06-07,5,beta2,-0.0173466018060568,-0.00019901370611219462,-0.017545615512168995,-0.01443567753018651,-0.003109937981982485,NS_RIDGE,NS
2023-05-31,2023-06-07,5,beta0,0.025319924323741187,-2.56675043612473e-05,0.02529425681937994,0.025833473414832032,-0.0005392165954520925,NS_ELASTICNET,NS
2023-05-31,2023-06-07,5,beta1,0.0092098405275617,3.819139955499988e-05,0.0092480319271167,0.009528689267385865,-0.0002806573402691654,NS_ELASTICNET,NS
2023-05-31,2023-06-07,5,beta2,-0.0173466018060568,2.4816547660597472e-05,-0.017321785258396203,-0.01443567753018651,-0.002886107728209693,NS_ELASTICNET,NS
2023-05-31,2023-06-07,5,PC1,0.03647921566830796,0.0003137249899422994,0.036792940658250256,0.04145354551777322,-0.0046606048595229654,PCA_RIDGE,PCA
2023-05-31,2023-06-07,5,PC2,0.03751971811805931,0.00021421563619652666,0.03773393375425584,0.03873643445385723,-0.0010025006996013872,PCA_RIDGE,PCA
2023-05-31,2023-06-07,5,PC3,0.005766904499146084,0.000226265061913618,0.005993169561059702,0.0052848733494709815,0.0007082962115887203,PCA_RIDGE,PCA
2023-05-31,2023-06-07,5,PC1,0.03647921566830796,-0.00043076281482127415,0.036048452853486686,0.04145354551777322,-0.005405092664286536,PCA_RIDGE_VAR,PCA
2023-05-31,2023-06-07,5,PC2,0.03751971811805931,0.0002882939159798009,0.037808012034039114,0.03873643445385723,-0.000928422419818116,PCA_RIDGE_VAR,PCA
2023-05-31,2023-06-07,5,PC3,0.005766904499146084,-0.0001783469085209254,0.005588557590625158,0.0052848733494709815,0.00030368424115417673,PCA_RIDGE_VAR,PCA
2023-05-31,2023-06-14,10,beta0,0.025319924323741187,0.0005222107678253933,0.02584213509156658,0.0261417974282648,-0.00029966233669822054,NS_RIDGE,NS
2023-05-31,2023-06-14,10,beta1,0.0092098405275617,1.2913946701785273e-05,0.009222754474263484,0.009736440336156973,-0.0005136858618934887,NS_RIDGE,NS
2023-05-31,2023-06-14,10,beta2,-0.0173466018060568,-0.0005154144582233925,-0.017862016264280193,-0.012059317803101642,-0.0058026984611785504,NS_RIDGE,NS
2023-05-31,2023-06-14,10,beta0,0.025319924323741187,-5.029562125614013e-05,0.025269628702485048,0.0261417974282648,-0.0008721687257797518,NS_ELASTICNET,NS
2023-05-31,2023-06-14,10,beta1,0.0092098405275617,7.49073943634585e-05,0.009284747921925159,0.009736440336156973,-0.00045169241423181385,NS_ELASTICNET,NS
2023-05-31,2023-06-14,10,beta2,-0.0173466018060568,4.993283042604453e-05,-0.017296668975630758,-0.012059317803101642,-0.0052373511725291155,NS_ELASTICNET,NS
2023-05-31,2023-06-14,10,PC1,0.03647921566830796,0.0018171788724159438,0.0382963945407239,0.04492226208563059,-0.00662586754490669,PCA_RIDGE,PCA
2023-05-31,2023-06-14,10,PC2,0.03751971811805931,0.00012517986779655218,0.037644897985855866,0.03963035674033756,-0.001985458754481695,PCA_RIDGE,PCA
2023-05-31,2023-06-14,10,PC3,0.005766904499146084,0.00037382918696380853,0.006140733686109892,0.004784466808959313,0.0013562668771505788,PCA_RIDGE,PCA
2023-05-31,2023-06-14,10,PC1,0.03647921566830796,-0.0001398641349547175,0.03633935153335324,0.04492226208563059,-0.008582910552277348,PCA_RIDGE_VAR,PCA
2023-05-31,2023-06-14,10,PC2,0.03751971811805931,0.00028541451196204687,0.03780513263002136,0.03963035674033756,-0.001825224110316201,PCA_RIDGE_VAR,PCA
2023-05-31,2023-06-14,10,PC3,0.005766904499146084,-0.0002771925877369692,0.005489711911409114,0.004784466808959313,0.0007052451024498014,PCA_RIDGE_VAR,PCA
2023-05-31,2023-06-30,22,beta0,0.025319924323741187,0.0008838399640410158,0.026203764287782202,0.024094466273341573,0.0021092980144406283,NS_RIDGE,NS
2023-05-31,2023-06-30,22,beta1,0.0092098405275617,-0.0003949344101132009,0.008814906117448498,0.012979339561056116,-0.004164433443607618,NS_RIDGE,NS
2023-05-31,2023-06-30,22,beta2,-0.0173466018060568,0.0007145304964269542,-0.016632071309629848,-0.0047466512209555405,-0.011885420088674308,NS_RIDGE,NS
2023-05-31,2023-06-30,22,beta0,0.025319924323741187,-0.00011316873727275543,0.02520675558646843,0.024094466273341573,0.0011122893131268567,NS_ELASTICNET,NS
2023-05-31,2023-06-30,22,beta1,0.0092098405275617,0.00016525410928557984,0.00937509463684728,0.012979339561056116,-0.0036042449242088357,NS_ELASTICNET,NS
2023-05-31,2023-06-30,22,beta2,-0.0173466018060568,0.0001081462005835589,-0.01723845560547324,-0.0047466512209555405,-0.012491804384517701,NS_ELASTICNET,NS
2023-05-31,2023-06-30,22,PC1,0.03647921566830796,0.003918663110098564,0.040397878778406525,0.04441756057344058,-0.004019681795034057,PCA_RIDGE,PCA
2023-05-31,2023-06-30,22,PC2,0.03751971811805931,0.00015129915908330667,0.03767101727714262,0.044893099008333576,-0.007222081731190953,PCA_RIDGE,PCA
2023-05-31,2023-06-30,22,PC3,0.005766904499146084,-0.0001199746694636956,0.005646929829682388,0.0037879421363800495,0.0018589876933023386,PCA_RIDGE,PCA
2023-05-31,2023-06-30,22,PC1,0.03647921566830796,0.0004694890938908222,0.03694870476219878,0.04441756057344058,-0.007468855811241799,PCA_RIDGE_VAR,PCA
2023-05-31,2023-06-30,22,PC2,0.03751971811805931,0.00023997329771171388,0.03775969141577103,0.044893099008333576,-0.007133407592562549,PCA_RIDGE_VAR,PCA
2023-05-31,2023-06-30,22,PC3,0.005766904499146084,-0.0004816831975899523,0.005285221301556131,0.0037879421363800495,0.0014972791651760818,PCA_RIDGE_VAR,PCA
2023-06-30,2023-07-07,5,beta0,0.024565055329299448,0.0006838549988898416,0.025248910328189288,0.02682256590498562,-0.0015736555767963331,NS_RIDGE,NS
2023-06-30,2023-07-07,5,beta1,0.012460976760767838,-0.0003803060895590911,0.012080670671208747,0.010202003176220682,0.001878667494988065,NS_RIDGE,NS
2023-06-30,2023-07-07,5,beta2,-0.009419264919138508,-2.4059078478882296e-05,-0.009443323997617391,-0.00947105323716888,2.7729239551488663e-05,NS_RIDGE,NS
2023-06-30,2023-07-07,5,beta0,0.024565055329299448,9.495391321842799e-06,0.02457455072062129,0.02682256590498562,-0.002248015184364332,NS_ELASTICNET,NS
2023-06-30,2023-07-07,5,beta1,0.012460976760767838,3.4245518906004884e-05,0.012495222279673843,0.010202003176220682,0.002293219103453162,NS_ELASTICNET,NS
2023-06-30,2023-07-07,5,beta2,-0.009419264919138508,-5.9082539485833334e-05,-0.009478347458624341,-0.00947105323716888,-7.294221455461311e-06,NS_ELASTICNET,NS
2023-06-30,2023-07-07,5,PC1,0.04429149044981552,0.0019684998568573163,0.04625999030667284,0.05179784355216335,-0.005537853245490512,PCA_RIDGE,PCA
2023-06-30,2023-07-07,5,PC2,0.04466093194346759,-0.00018130974164071723,0.04447962220182687,0.042204932030600925,0.002274690171225946,PCA_RIDGE,PCA
2023-06-30,2023-07-07,5,PC3,0.0036417486818619447,1.540967359549782e-05,0.0036571583554574428,0.0033186581498408693,0.0003385002056165735,PCA_RIDGE,PCA
2023-06-30,2023-07-07,5,PC1,0.04429149044981552,0.0008731326613538523,0.04516462311116937,0.05179784355216335,-0.00663322044099398,PCA_RIDGE_VAR,PCA
2023-06-30,2023-07-07,5,PC2,0.04466093194346759,4.015847773034681e-05,0.044701090421197937,0.042204932030600925,0.0024961583905970114,PCA_RIDGE_VAR,PCA
2023-06-30,2023-07-07,5,PC3,0.0036417486818619447,-2.1351397698602097e-05,0.0036203972841633426,0.0033186581498408693,0.00030173913432247337,PCA_RIDGE_VAR,PCA
2023-06-30,2023-07-14,10,beta0,0.024565055329299448,0.0009725463514130907,0.02553760168071254,0.025599952184554593,-6.23505038420541e-05,NS_RIDGE,NS
2023-06-30,2023-07-14,10,beta1,0.012460976760767838,-0.0006092502182257067,0.011851726542542131,0.012615425698189646,-0.0007636991556475153,NS_RIDGE,NS
2023-06-30,2023-07-14,10,beta2,-0.009419264919138508,-0.0004393748507533491,-0.009858639769891858,-0.01398026954454872,0.004121629774656863,NS_RIDGE,NS
2023-06-30,2023-07-14,10,beta0,0.024565055329299448,8.250317344233426e-05,0.024647558502741782,0.025599952184554593,-0.0009523936818128104,NS_ELASTICNET,NS
2023-06-30,2023-07-14,10,beta1,0.012460976760767838,4.1477270436913426e-05,0.012502454031204752,0.012615425698189646,-0.0001129716669848943,NS_ELASTICNET,NS
2023-06-30,2023-07-14,10,beta2,-0.009419264919138508,-0.00015480887517963648,-0.009574073794318145,-0.01398026954454872,0.0044061957502305755,NS_ELASTICNET,NS
2023-06-30,2023-07-14,10,PC1,0.04429149044981552,0.004867639034955476,0.049159129484771,0.04563122477443024,0.003527904710340757,PCA_RIDGE,PCA
2023-06-30,2023-07-14,10,PC2,0.04466093194346759,-0.000328124883460054,0.044332807060007536,0.044385400212587287,-5.2593152579751e-05,PCA_RIDGE,PCA
2023-06-30,2023-07-14,10,PC3,0.0036417486818619447,0.0003747619428462769,0.004016510624708222,0.005148153724488099,-0.001131643099779877,PCA_RIDGE,PCA
2023-06-30,2023-07-14,10,PC1,0.04429149044981552,0.00143151648221862,0.04572300693203414,0.04563122477443024,9.178215760390074e-05,PCA_RIDGE_VAR,PCA
2023-06-30,2023-07-14,10,PC2,0.04466093194346759,7.02809355980702e-05,0.04473121287906566,0.044385400212587287,0.0003458126664783734,PCA_RIDGE_VAR,PCA
2023-06-30,2023-07-14,10,PC3,0.0036417486818619447,-5.575935673332458e-05,0.00358598932512862,0.005148153724488099,-0.0015621643993594786,PCA_RIDGE_VAR,PCA
2023-06-30,2023-08-01,22,beta0,0.024565055329299448,0.0018868539017985525,0.026451909231098,0.02693156693986638,-0.0004796577087683787,NS_RIDGE,NS
2023-06-30,2023-08-01,22,beta1,0.012460976760767838,-0.0013410638777599803,0.011119912883007857,0.011371570188056235,-0.0002516573050483778,NS_RIDGE,NS
2023-06-30,2023-08-01,22,beta2,-0.009419264919138508,-0.0014271495870257138,-0.010846414506164222,-0.018204586842774564,0.007358172336610342,NS_RIDGE,NS
2023-06-30,2023-08-01,22,beta0,0.024565055329299448,0.000345507948902074,0.02491056327820152,0.02693156693986638,-0.0020210036616648587,NS_ELASTICNET,NS
2023-06-30,2023-08-01,22,beta1,0.012460976760767838,1.1004418742871708e-05,0.01247198117951071,0.011371570188056235,0.0011004109914544754,NS_ELASTICNET,NS
2023-06-30,2023-08-01,22,beta2,-0.009419264919138508,-0.0002683298883178074,-0.009687594807456316,-0.018204586842774564,0.008516992035318248,NS_ELASTICNET,NS
2023-06-30,2023-08-01,22,PC1,0.04429149044981552,0.008922362327210857,0.05321385277702638,0.04665114754177194,0.006562705235254443,PCA_RIDGE,PCA
2023-06-30,2023-08-01,22,PC2,0.04466093194346759,-0.0008776731239810876,0.043783258819486505,0.04250058645907675,0.0012826723604097562,PCA_RIDGE,PCA
2023-06-30,2023-08-01,22,PC3,0.0036417486818619447,0.0008695648087338879,0.0045113134905958325,0.006319251713143029,-0.0018079382225471962,PCA_RIDGE,PCA
2023-06-30,2023-08-01,22,PC1,0.04429149044981552,0.0028017349157234764,0.047093225365539,0.04665114754177194,0.00044207782376706056,PCA_RIDGE_VAR,PCA
2023-06-30,2023-08-01,22,PC2,0.04466093194346759,0.00013692630772364767,0.04479785825119124,0.04250058645907675,0.0022972717921144886,PCA_RIDGE_VAR,PCA
2023-06-30,2023-08-01,22,PC3,0.0036417486818619447,-0.00014084389970144906,0.0035009047821604957,0.006319251713143029,-0.002818346930982533,PCA_RIDGE_VAR,PCA
2023-07-31,2023-08-07,5,beta0,0.02658535888120311,0.00016330468595117132,0.02674866356715428,0.028481968548976448,-0.0017333049818221667,NS_RIDGE,NS
2023-07-31,2023-08-07,5,beta1,0.011519909936794947,-7.170252342348339e-05,0.011448207413371464,0.009045312512695068,0.0024028949006763955,NS_RIDGE,NS
2023-07-31,2023-08-07,5,beta2,-0.017313293136143545,0.00016875751791442433,-0.01714453561822912,-0.019580144255637158,0.0024356086374080384,NS_RIDGE,NS
2023-07-31,2023-08-07,5,beta0,0.02658535888120311,2.7677038629612007e-06,0.026588126585066072,0.028481968548976448,-0.0018938419639103754,NS_ELASTICNET,NS
2023-07-31,2023-08-07,5,beta1,0.011519909936794947,2.5777056715609193e-05,0.011545686993510556,0.009045312512695068,0.0025003744808154878,NS_ELASTICNET,NS
2023-07-31,2023-08-07,5,beta2,-0.017313293136143545,-4.57817248981595e-05,-0.017359074861041705,-0.019580144255637158,0.0022210693945954527,NS_ELASTICNET,NS
2023-07-31,2023-08-07,5,PC1,0.04583314110444649,0.0007420860642599236,0.046575227168706414,0.0494363171080579,-0.0028610899393514896,PCA_RIDGE,PCA
2023-07-31,2023-08-07,5,PC2,0.04245009289447416,-2.150180716613042e-05,0.04242859108730803,0.039253622001474794,0.003174969085833236,PCA_RIDGE,PCA
2023-07-31,2023-08-07,5,PC3,0.005866182406207415,-2.3266814814551677e-06,0.00586385572472596,0.006094420161942104,-0.0002305644372161443,PCA_RIDGE,PCA
2023-07-31,2023-08-07,5,PC1,0.04583314110444649,-0.00013254189847865944,0.04570059920596783,0.0494363171080579,-0.0037357179020900758,PCA_RIDGE_VAR,PCA
2023-07-31,2023-08-07,5,PC2,0.04245009289447416,0.00027108628043056443,0.04272117917490473,0.039253622001474794,0.003467557173429933,PCA_RIDGE_VAR,PCA
2023-07-31,2023-08-07,5,PC3,0.005866182406207415,-0.00011070010033398942,0.005755482305873426,0.006094420161942104,-0.0003389378560686787,PCA_RIDGE_VAR,PCA
2023-07-31,2023-08-14,10,beta0,0.02658535888120311,0.00027031542026459106,0.0268556743014677,0.028725669839936692,-0.001869995538468991,NS_RIDGE,NS
2023-07-31,2023-08-14,10,beta1,0.011519909936794947,-0.0004194589977092713,0.011100450939085675,0.008679211469291745,0.00242123946979393,NS_RIDGE,NS
2023-07-31,2023-08-14,10,beta2,-0.017313293136143545,0.0006320275299076632,-0.01668126560623588,-0.018411631465869972,0.0017303658596340907,NS_RIDGE,NS
2023-07-31,2023-08-14,10,beta0,0.02658535888120311,6.13883336795908e-05,0.0266467472148827,0.028725669839936692,-0.0020789226250539916,NS_ELASTICNET,NS
2023-07-31,2023-08-14,10,beta1,0.011519909936794947,2.2285123197013376e-05,0.011542195059991961,0.008679211469291745,0.0028629835907002157,NS_ELASTICNET,NS
2023-07-31,2023-08-14,10,beta2,-0.017313293136143545,-0.00012974554836280494,-0.01744303868450635,-0.018411631465869972,0.0009685927813636239,NS_ELASTICNET,NS
2023-07-31,2023-08-14,10,PC1,0.04583314110444649,0.001149751981946005,0.046982893086392495,0.05105508394677871,-0.004072190860386217,PCA_RIDGE,PCA
2023-07-31,2023-08-14,10,PC2,0.04245009289447416,-0.00037770232809244074,0.04207239056638172,0.039032439167666313,0.003039951398715407,PCA_RIDGE,PCA
2023-07-31,2023-08-14,10,PC3,0.005866182406207415,-0.0002624286579997052,0.00560375374820771,0.00570832985718596,-0.00010457610897825036,PCA_RIDGE,PCA
2023-07-31,2023-08-14,10,PC1,0.04583314110444649,0.0002472710030744854,0.04608041210752097,0.05105508394677871,-0.00497467183925774,PCA_RIDGE_VAR,PCA
2023-07-31,2023-08-14,10,PC2,0.04245009289447416,0.0003092040783697625,0.042759296972843926,0.039032439167666313,0.003726857805177612,PCA_RIDGE_VAR,PCA
2023-07-31,2023-08-14,10,PC3,0.005866182406207415,-0.00019415329377920568,0.005672029112428209,0.00570832985718596,-3.630074475775066e-05,PCA_RIDGE_VAR,PCA
2023-07-31,2023-08-30,22,beta0,0.02658535888120311,0.0005000884308419052,0.027085447312045017,0.02776427454346359,-0.0006788272314185717,NS_RIDGE,NS
2023-07-31,2023-08-30,22,beta1,0.011519909936794947,-0.00021354888176719017,0.011306361055027758,0.010459881881311467,0.0008464791737162903,NS_RIDGE,NS
2023-07-31,2023-08-30,22,beta2,-0.017313293136143545,0.001446600624992358,-0.015866692511151186,-0.019425075435399303,0.003558382924248118,NS_RIDGE,NS
2023-07-31,2023-08-30,22,beta0,0.02658535888120311,0.0002756699427431882,0.0268610288239463,0.02776427454346359,-0.0009032457195172899,NS_ELASTICNET,NS
2023-07-31,2023-08-30,22,beta1,0.011519909936794947,-1.2513584585177134e-05,0.01150739635220977,0.010459881881311467,0.0010475144708983024,NS_ELASTICNET,NS
2023-07-31,2023-08-30,22,beta2,-0.017313293136143545,-9.46543619032213e-05,-0.017407947498046767,-0.019425075435399303,0.0020171279373525364,NS_ELASTICNET,NS
2023-07-31,2023-08-30,22,PC1,0.04583314110444649,0.0032709739641248944,0.04910411506857138,0.04817217826670392,0.0009319368018674626,PCA_RIDGE,PCA
2023-07-31,2023-08-30,22,PC2,0.04245009289447416,-0.0008244184731699947,0.04162567442130417,0.040980820747069886,0.0006448536742342803,PCA_RIDGE,PCA
2023-07-31,2023-08-30,22,PC3,0.005866182406207415,-0.00046342070738660733,0.0054027616988208075,0.0064003097507868865,-0.000997548051966079,PCA_RIDGE,PCA
2023-07-31,2023-08-30,22,PC1,0.04583314110444649,0.0011279809031994117,0.0469611220076459,0.04817217826670392,-0.0012110562590580201,PCA_RIDGE_VAR,PCA
2023-07-31,2023-08-30,22,PC2,0.04245009289447416,0.00034627293802818454,0.04279636583250235,0.040980820747069886,0.0018155450854324615,PCA_RIDGE_VAR,PCA
2023-07-31,2023-08-30,22,PC3,0.005866182406207415,-0.00038458345739320055,0.0054815989488142145,0.0064003097507868865,-0.000918710801972672,PCA_RIDGE_VAR,PCA
2023-08-31,2023-09-07,5,beta0,0.0272240248227552,0.00029126740783659886,0.0275152922305918,0.028475623555860155,-0.0009603313252683557,NS_RIDGE,NS
2023-08-31,2023-09-07,5,beta1,0.010700061459122627,-0.00012369385901702843,0.010576367600105599,0.009443214646433157,0.0011331529536724415,NS_RIDGE,NS
2023-08-31,2023-09-07,5,beta2,-0.019092348869792032,-3.3284627179673866e-05,-0.019125633496971706,-0.01690608308231229,-0.002219550414659415,NS_RIDGE,NS
2023-08-31,2023-09-07,5,beta0,0.0272240248227552,2.0466625226004172e-06,0.0272260714852778,0.028475623555860155,-0.0012495520705823535,NS_ELASTICNET,NS
2023-08-31,2023-09-07,5,beta1,0.010700061459122627,2.1524798059134682e-05,0.010721586257181762,0.009443214646433157,0.0012783716107486048,NS_ELASTICNET,NS
2023-08-31,2023-09-07,5,beta2,-0.019092348869792032,-3.6256045959782183e-05,-0.019128604915751815,-0.01690608308231229,-0.002222521833439524,NS_ELASTICNET,NS
2023-08-31,2023-09-07,5,PC1,0.04605427294966424,0.0011351433254733047,0.04718941627513755,0.052068209032514384,-0.004878792757376835,PCA_RIDGE,PCA
2023-08-31,2023-09-07,5,PC2,0.04097416868914562,-0.0002694203282584181,0.0407047483608872,0.039939708351728866,0.0007650400091583354,PCA_RIDGE,PCA
2023-08-31,2023-09-07,5,PC3,0.006074930119356127,4.4126594034882344e-05,0.006119056713391009,0.005240707744683375,0.0008783489687076342,PCA_RIDGE,PCA
2023-08-31,2023-09-07,5,PC1,0.04605427294966424,0.00024488508196379016,0.046299158031628034,0.052068209032514384,-0.005769051000886351,PCA_RIDGE_VAR,PCA
2023-08-31,2023-09-07,5,PC2,0.04097416868914562,-1.2684749655954286e-05,0.04096148393948967,0.039939708351728866,0.001021775587760801,PCA_RIDGE_VAR,PCA
2023-08-31,2023-09-07,5,PC3,0.006074930119356127,-6.489805498100833e-05,0.006010032064375118,0.005240707744683375,0.0007693243196917436,PCA_RIDGE_VAR,PCA
2023-08-31,2023-09-14,10,beta0,0.0272240248227552,0.0004279085310662202,0.02765193335382142,0.028532699083125803,-0.0008807657293043829,NS_RIDGE,NS
2023-08-31,2023-09-14,10,beta1,0.010700061459122627,-0.00029557793272805977,0.010404483526394568,0.011221702305941368,-0.0008172187795468001,NS_RIDGE,NS
2023-08-31,2023-09-14,10,beta2,-0.019092348869792032,0.0001779562891363889,-0.018914392580655644,-0.02030037238824177,0.0013859798075861254,NS_RIDGE,NS
2023-08-31,2023-09-14,10,beta0,0.0272240248227552,7.25780994644808e-05,0.027296602922219682,0.028532699083125803,-0.0012360961609061208,NS_ELASTICNET,NS
2023-08-31,2023-09-14,10,beta1,0.010700061459122627,-4.7863680712582505e-06,0.010695275091051368,0.011221702305941368,-0.0005264272148899993,NS_ELASTICNET,NS
2023-08-31,2023-09-14,10,beta2,-0.019092348869792032,-8.797312966759102e-05,-0.019180321999459623,-0.02030037238824177,0.0011200503887821463,NS_ELASTICNET,NS
2023-08-31,2023-09-14,10,PC1,0.04605427294966424,0.00173882633824556,0.047793099287909806,0.05205877564337402,-0.004265676355464217,PCA_RIDGE,PCA
2023-08-31,2023-09-14,10,PC2,0.04097416868914562,-0.0005924840539882589,0.040381684635157365,0.04175122918112068,-0.0013695445459633165,PCA_RIDGE,PCA
2023-08-31,2023-09-14,10,PC3,0.006074930119356127,-6.182385706062825e-05,0.0060131062622954985,0.006774464141444633,-0.0007613578791491344,PCA_RIDGE,PCA
2023-08-31,2023-09-14,10,PC1,0.04605427294966424,0.0005202508186490373,0.04657452376831328,0.05205877564337402,-0.005484251875060742,PCA_RIDGE_VAR,PCA
2023-08-31,2023-09-14,10,PC2,0.04097416868914562,-2.284746804287474e-05,0.040951321221102746,0.04175122918112068,-0.0007999079600179357,PCA_RIDGE_VAR,PCA
2023-08-31,2023-09-14,10,PC3,0.006074930119356127,-0.00015602712094974196,0.005918902998406385,0.006774464141444633,-0.0008555611430382483,PCA_RIDGE_VAR,PCA
2023-08-31,2023-10-02,22,beta0,0.0272240248227552,0.0011939766340713358,0.028418001456826537,0.03250151437193972,-0.004083512915113181,NS_RIDGE,NS
2023-08-31,2023-10-02,22,beta1,0.010700061459122627,-0.0011317357625122977,0.00956832569661033,0.007545809085171895,0.002022516611438434,NS_RIDGE,NS
2023-08-31,2023-10-02,22,beta2,-0.019092348869792032,0.0007816301044419299,-0.018310718765350103,-0.023626779550703164,0.005316060785353061,NS_RIDGE,NS
2023-08-31,2023-10-02,22,beta0,0.0272240248227552,0.00028425601182641234,0.02750828083458161,0.03250151437193972,-0.004993233537358106,NS_ELASTICNET,NS
2023-08-31,2023-10-02,22,beta1,0.010700061459122627,-0.00011522876244200294,0.010584832696680625,0.007545809085171895,0.00303902361150873,NS_ELASTICNET,NS
2023-08-31,2023-10-02,22,beta2,-0.019092348869792032,-1.1216949342697989e-05,-0.01910356581913473,-0.023626779550703164,0.0045232137315684325,NS_ELASTICNET,NS
2023-08-31,2023-10-02,22,PC1,0.04605427294966424,0.005518354750653341,0.051572627700317585,0.06293647555460505,-0.011363847854287464,PCA_RIDGE,PCA
2023-08-31,2023-10-02,22,PC2,0.04097416868914562,-0.0024345539897603348,0.038539614699385286,0.037361847915184196,0.0011777667842010897,PCA_RIDGE,PCA
2023-08-31,2023-10-02,22,PC3,0.006074930119356127,-0.00020633607050011966,0.005868594048856007,0.007360473309970033,-0.001491879261114026,PCA_RIDGE,PCA
2023-08-31,2023-10-02,22,PC1,0.04605427294966424,0.0012281675555163366,0.04728244050518058,0.06293647555460505,-0.015654035049424468,PCA_RIDGE_VAR,PCA
2023-08-31,2023-10-02,22,PC2,0.04097416868914562,-2.1205602825660752e-05,0.04095296308631996,0.037361847915184196,0.003591115171135764,PCA_RIDGE_VAR,PCA
2023-08-31,2023-10-02,22,PC3,0.006074930119356127,-0.00036244491984157787,0.005712485199514549,0.007360473309970033,-0.0016479881104554846,PCA_RIDGE_VAR,PCA
2023-09-29,2023-10-06,5,beta0,0.0315609533251288,-1.2827788884760798e-05,0.03154812553624404,0.03356975545156289,-0.0020216299153188524,NS_RIDGE,NS
2023-09-29,2023-10-06,5,beta1,0.00833647542624691,0.00015633330289126733,0.008492808729138178,0.00681324920995833,0.0016795595191798482,NS_RIDGE,NS
2023-09-29,2023-10-06,5,beta2,-0.02254320037050092,0.000547045075757128,-0.021996155294743792,-0.027121068736850953,0.005124913442107162,NS_RIDGE,NS
2023-09-29,2023-10-06,5,beta0,0.0315609533251288,-2.1053378772866272e-05,0.031539899946355934,0.03356975545156289,-0.0020298555052069567,NS_ELASTICNET,NS
2023-09-29,2023-10-06,5,beta1,0.00833647542624691,4.102616321058471e-05,0.008377501589457496,0.00681324920995833,0.001564252379499166,NS_ELASTICNET,NS
2023-09-29,2023-10-06,5,beta2,-0.02254320037050092,5.710945679808986e-06,-0.022537489424821113,-0.027121068736850953,0.00458357931202984,NS_ELASTICNET,NS
2023-09-29,2023-10-06,5,PC1,0.060322115285836184,0.0005931070315998288,0.06091522231743601,0.06387766695317032,-0.002962444635734307,PCA_RIDGE,PCA
2023-09-29,2023-10-06,5,PC2,0.03809675278626363,4.45713058432037e-05,0.03814132409210683,0.03586189833265502,0.0022794257594518155,PCA_RIDGE,PCA
2023-09-29,2023-10-06,5,PC3,0.0069492380921199635,-0.00011139906626315281,0.006837839025856811,0.008136478285936975,-0.0012986392600801639,PCA_RIDGE,PCA
2023-09-29,2023-10-06,5,PC1,0.060322115285836184,4.928515219555785e-06,0.06032704380105574,0.06387766695317032,-0.0035506231521145806,PCA_RIDGE_VAR,PCA
2023-09-29,2023-10-06,5,PC2,0.03809675278626363,0.00013987736846231974,0.03823663015472595,0.03586189833265502,0.00237473182207093,PCA_RIDGE_VAR,PCA
2023-09-29,2023-10-06,5,PC3,0.0069492380921199635,-0.0001602266804045108,0.006789011411715453,0.008136478285936975,-0.0013474668742215219,PCA_RIDGE_VAR,PCA
2023-09-29,2023-10-13,10,beta0,0.0315609533251288,-8.556577648027282e-06,0.031552396747480775,0.03140046183190189,0.00015193491557888295,NS_RIDGE,NS
2023-09-29,2023-10-13,10,beta1,0.00833647542624691,0.0003308939531600586,0.008667369379406969,0.00856851670920366,9.885267020330948e-05,NS_RIDGE,NS
2023-09-29,2023-10-13,10,beta2,-0.02254320037050092,0.001004230142500019,-0.0215389702280009,-0.02346801456151354,0.001929044333512639,NS_RIDGE,NS
2023-09-29,2023-10-13,10,beta0,0.0315609533251288,-4.393213931113641e-05,0.031517021185817666,0.03140046183190189,0.00011655935391577388,NS_ELASTICNET,NS
2023-09-29,2023-10-13,10,beta1,0.00833647542624691,8.388814338156731e-05,0.008420363569628478,0.00856851670920366,-0.0001481531395751811,NS_ELASTICNET,NS
2023-09-29,2023-10-13,10,beta2,-0.02254320037050092,1.6401555066361822e-05,-0.02252679881543456,-0.02346801456151354,0.0009412157460789786,NS_ELASTICNET,NS
2023-09-29,2023-10-13,10,PC1,0.060322115285836184,0.0012304611397353034,0.061552576425571486,0.05912702150054097,0.002425554925030514,PCA_RIDGE,PCA
2023-09-29,2023-10-13,10,PC2,0.03809675278626363,0.00010721360694682999,0.038203966393210456,0.03805818404225224,0.0001457823509582179,PCA_RIDGE,PCA
2023-09-29,2023-10-13,10,PC3,0.0069492380921199635,-0.00020997091852775402,0.006739267173592209,0.00712549117416427,-0.00038622400057206074,PCA_RIDGE,PCA
2023-09-29,2023-10-13,10,PC1,0.060322115285836184,0.0002708977078720448,0.06059301299370823,0.05912702150054097,0.0014659914931672569,PCA_RIDGE_VAR,PCA
2023-09-29,2023-10-13,10,PC2,0.03809675278626363,0.00012344618485112674,0.038220198971114755,0.03805818404225224,0.00016201492886251667,PCA_RIDGE_VAR,PCA
2023-09-29,2023-10-13,10,PC3,0.0069492380921199635,-0.000260625078856826,0.0066886130132631375,0.00712549117416427,-0.0004368781609011326,PCA_RIDGE_VAR,PCA
2023-09-29,2023-10-31,22,beta0,0.0315609533251288,0.0009066575444296856,0.03246761086955849,0.03274318659524462,-0.00027557572568612937,NS_RIDGE,NS
2023-09-29,2023-10-31,22,beta1,0.00833647542624691,-0.0006763300081024185,0.007660145418144492,0.008125559613951717,-0.00046541419580722453,NS_RIDGE,NS
2023-09-29,2023-10-31,22,beta2,-0.02254320037050092,0.0015869553278778283,-0.02095624504262309,-0.03109890410872485,0.010142659066101758,NS_RIDGE,NS
2023-09-29,2023-10-31,22,beta0,0.0315609533251288,0.00023611171026130463,0.03179706503539011,0.03274318659524462,-0.0009461215598545111,NS_ELASTICNET,NS
2023-09-29,2023-10-31,22,beta1,0.00833647542624691,-4.36414738588301e-05,0.008292833952388081,0.008125559613951717,0.00016727433843636424,NS_ELASTICNET,NS
2023-09-29,2023-10-31,22,beta2,-0.02254320037050092,1.4406893587056649e-05,-0.022528793476913864,-0.03109890410872485,0.008570110631810984,NS_ELASTICNET,NS
2023-09-29,2023-10-31,22,PC1,0.060322115285836184,0.0030497688503173456,0.06337188413615352,0.05846949809021562,0.004902386045937901,PCA_RIDGE,PCA
2023-09-29,2023-10-31,22,PC2,0.03809675278626363,-0.0007442430283532596,0.037352509757910365,0.036839928497822215,0.0005125812600881505,PCA_RIDGE,PCA
2023-09-29,2023-10-31,22,PC3,0.0069492380921199635,-0.00024032641389368242,0.006708911678226281,0.009541126014578481,-0.0028322143363522,PCA_RIDGE,PCA
2023-09-29,2023-10-31,22,PC1,0.060322115285836184,0.0009064318588948017,0.061228547144730985,0.05846949809021562,0.002759049054515364,PCA_RIDGE_VAR,PCA
2023-09-29,2023-10-31,22,PC2,0.03809675278626363,7.369814858323304e-05,0.03817045093484686,0.036839928497822215,0.0013305224370246463,PCA_RIDGE_VAR,PCA
2023-09-29,2023-10-31,22,PC3,0.0069492380921199635,-0.0004903068728720674,0.006458931219247896,0.009541126014578481,-0.003082194795330585,PCA_RIDGE_VAR,PCA
2023-10-31,2023-11-07,5,beta0,0.03274318659524462,2.5485450530808282e-05,0.032768672045775424,0.03136456027696393,0.0014041117688114932,NS_RIDGE,NS
2023-10-31,2023-11-07,5,beta1,0.008125559613951717,-0.00021561753700954955,0.007909942076942168,0.009561591484334527,-0.0016516494073923593,NS_RIDGE,NS
2023-10-31,2023-11-07,5,beta2,-0.03109890410872485,0.0006809687885653929,-0.030417935320159455,-0.03005242263278732,-0.0003655126873721333,NS_RIDGE,NS
2023-10-31,2023-11-07,5,beta0,0.03274318659524462,-1.4403200744850492e-05,0.03272878339449977,0.03136456027696393,0.00136422311753584,NS_ELASTICNET,NS
2023-10-31,2023-11-07,5,beta1,0.008125559613951717,1.642112055390389e-05,0.008141980734505621,0.009561591484334527,-0.0014196107498289055,NS_ELASTICNET,NS
2023-10-31,2023-11-07,5,beta2,-0.03109890410872485,-5.50762668408734e-07,-0.031099454871393258,-0.03005242263278732,-0.001047032238605937,NS_ELASTICNET,NS
2023-10-31,2023-11-07,5,PC1,0.05826623049893585,0.0003237310785738301,0.05858996157750968,0.054624759602379586,0.003965201975130096,PCA_RIDGE,PCA
2023-10-31,2023-11-07,5,PC2,0.03661137971181609,-7.155191225623201e-05,0.03653982779955986,0.038424376146753855,-0.0018845483471939956,PCA_RIDGE,PCA
2023-10-31,2023-11-07,5,PC3,0.009347396960929073,-0.00022302340327064115,0.009124373557658431,0.00929115710261616,-0.00016678354495772846,PCA_RIDGE,PCA
2023-10-31,2023-11-07,5,PC1,0.05826623049893585,-0.0001998967819438549,0.058066333716992,0.054624759602379586,0.0034415741146124126,PCA_RIDGE_VAR,PCA
2023-10-31,2023-11-07,5,PC2,0.03661137971181609,0.00019529085280590303,0.036806670564621995,0.038424376146753855,-0.0016177055821318606,PCA_RIDGE_VAR,PCA
2023-10-31,2023-11-07,5,PC3,0.009347396960929073,-0.00021884953982529397,0.00912854742110378,0.00929115710261616,-0.00016260968151238057,PCA_RIDGE_VAR,PCA
2023-10-31,2023-11-14,10,beta0,0.03274318659524462,0.00012438268881558064,0.0328675692840602,0.03042997168595544,0.00243759759810476,NS_RIDGE,NS
2023-10-31,2023-11-14,10,beta1,0.008125559613951717,-0.0005010286942356768,0.00762453091971604,0.010014096584256796,-0.0023895656645407555,NS_RIDGE,NS
2023-10-31,2023-11-14,10,beta2,-0.03109890410872485,0.0015003862214334244,-0.029598517887291426,-0.027846131804472637,-0.0017523860828187882,NS_RIDGE,NS
2023-10-31,2023-11-14,10,beta0,0.03274318659524462,4.2770935050367665e-05,0.032785957530294986,0.03042997168595544,0.0023559858443395476,NS_ELASTICNET,NS
2023-10-31,2023-11-14,10,beta1,0.008125559613951717,-3.263146183983873e-05,0.008092928152111878,0.010014096584256796,-0.001921168432144918,NS_ELASTICNET,NS
2023-10-31,2023-11-14,10,beta2,-0.03109890410872485,2.0850101075310914e-05,-0.031078054007649538,-0.027846131804472637,-0.0032319222031769006,NS_ELASTICNET,NS
2023-10-31,2023-11-14,10,PC1,0.05826623049893585,0.0010595219902434921,0.059325752489179345,0.05266962957701701,0.006656122912162332,PCA_RIDGE,PCA
2023-10-31,2023-11-14,10,PC2,0.03661137971181609,-0.00020834338651176156,0.03640303632530433,0.039088447768887535,-0.0026854114435832036,PCA_RIDGE,PCA
2023-10-31,2023-11-14,10,PC3,0.009347396960929073,-0.0005177027623971767,0.008829694198531897,0.00864407578389621,0.00018561841463568714,PCA_RIDGE,PCA
2023-10-31,2023-11-14,10,PC1,0.05826623049893585,-0.00013205312241953981,0.05813417737651631,0.05266962957701701,0.0054645477994993,PCA_RIDGE_VAR,PCA
2023-10-31,2023-11-14,10,PC2,0.03661137971181609,0.00017186768031534488,0.036783247392131437,0.039088447768887535,-0.002305200376756099,PCA_RIDGE_VAR,PCA
2023-10-31,2023-11-14,10,PC3,0.009347396960929073,-0.0003667115275162239,0.00898068543341285,0.00864407578389621,0.00033660964951664,PCA_RIDGE_VAR,PCA
2023-10-31,2023-11-30,22,beta0,0.03274318659524462,0.0005157467736537345,0.033258933368898354,0.02966878279756384,0.0035901505713345147,NS_RIDGE,NS
2023-10-31,2023-11-30,22,beta1,0.008125559613951717,-0.001293275719402418,0.006832283894549299,0.011087310309333114,-0.004255026414783815,NS_RIDGE,NS
2023-10-31,2023-11-30,22,beta2,-0.03109890410872485,0.0020933469271962432,-0.029005557181528606,-0.03349739648462019,0.004491839303091584,NS_RIDGE,NS
2023-10-31,2023-11-30,22,beta0,0.03274318659524462,0.00019415495864555336,0.03293734155389017,0.02966878279756384,0.0032685587563263327,NS_ELASTICNET,NS
2023-10-31,2023-11-30,22,beta1,0.008125559613951717,-0.0001896412245795573,0.00793591838937216,0.011087310309333114,-0.0031513919199609546,NS_ELASTICNET,NS
2023-10-31,2023-11-30,22,beta2,-0.03109890410872485,0.00026361425661192123,-0.030835289852112927,-0.03349739648462019,0.0026621066325072627,NS_ELASTICNET,NS
2023-10-31,2023-11-30,22,PC1,0.05826623049893585,0.0023548408239161293,0.06062107132285198,0.04582593517058689,0.01479513615226509,PCA_RIDGE,PCA
2023-10-31,2023-11-30,22,PC2,0.03661137971181609,-0.0009199306203692031,0.03569144909144689,0.03946219699997904,-0.00377074790853215,PCA_RIDGE,PCA
2023-10-31,2023-11-30,22,PC3,0.009347396960929073,-0.0008134881615128386,0.008533908799416234,0.010415142775471578,-0.0018812339760553437,PCA_RIDGE,PCA
2023-10-31,2023-11-30,22,PC1,0.05826623049893585,3.2795044733538448e-06,0.05826951000340921,0.04582593517058689,0.012443574832822317,PCA_RIDGE_VAR,PCA
2023-10-31,2023-11-30,22,PC2,0.03661137971181609,0.00010033634350947035,0.03671171605532556,0.03946219699997904,-0.00275048094465348,PCA_RIDGE_VAR,PCA
2023-10-31,2023-11-30,22,PC3,0.009347396960929073,-0.0006993984985882214,0.008647998462340852,0.010415142775471578,-0.0017671443131307262,PCA_RIDGE_VAR,PCA
2023-11-30,2023-12-07,5,beta0,0.02966878279756384,-2.838200306881471e-05,0.029640400794495023,0.026878332619244168,0.002762068175250855,NS_RIDGE,NS
2023-11-30,2023-12-07,5,beta1,0.011087310309333114,-0.00022345944027023714,0.010863850869062877,0.013246197587270508,-0.002382346718207631,NS_RIDGE,NS
2023-11-30,2023-12-07,5,beta2,-0.03349739648462019,0.0006732094087228734,-0.032824187075897314,-0.03607729599846228,0.0032531089225649665,NS_RIDGE,NS
2023-11-30,2023-12-07,5,beta0,0.02966878279756384,-3.0595950838722415e-05,0.029638186846725117,0.026878332619244168,0.00275985422748095,NS_ELASTICNET,NS
2023-11-30,2023-12-07,5,beta1,0.011087310309333114,3.2219500975108996e-05,0.011119529810308223,0.013246197587270508,-0.002126667776962285,NS_ELASTICNET,NS
2023-11-30,2023-12-07,5,beta2,-0.03349739648462019,2.2433321765028955e-05,-0.03347496316285516,-0.03607729599846228,0.002602332835607117,NS_ELASTICNET,NS
2023-11-30,2023-12-07,5,PC1,0.04566411689460784,8.871847748004823e-05,0.04575283537208789,0.0332637686735454,0.012489066698542488,PCA_RIDGE,PCA
2023-11-30,2023-12-07,5,PC2,0.039271422131258824,-0.00013959196685010256,0.03913183016440872,0.041190611402790886,-0.002058781238382164,PCA_RIDGE,PCA
2023-11-30,2023-12-07,5,PC3,0.010182178312067965,-0.00025710267937180636,0.00992507563269616,0.011156775046298646,-0.0012316994136024866,PCA_RIDGE,PCA
2023-11-30,2023-12-07,5,PC1,0.04566411689460784,-0.0007660361563547255,0.04489808073825311,0.0332637686735454,0.011634312064707712,PCA_RIDGE_VAR,PCA
2023-11-30,2023-12-07,5,PC2,0.039271422131258824,0.00024879465845845106,0.039520216789717275,0.041190611402790886,-0.0016703946130736114,PCA_RIDGE_VAR,PCA
2023-11-30,2023-12-07,5,PC3,0.010182178312067965,-0.00011131320941358373,0.010070865102654382,0.011156775046298646,-0.0010859099436442646,PCA_RIDGE_VAR,PCA
2023-11-30,2023-12-14,10,beta0,0.02966878279756384,5.9566173142311766e-05,0.029728348970706153,0.02688228543095123,0.002846063539754924,NS_RIDGE,NS
2023-11-30,2023-12-14,10,beta1,0.011087310309333114,-0.00056311857006056,0.010524191739272555,0.013879214148461477,-0.0033550224091889215,NS_RIDGE,NS
2023-11-30,2023-12-14,10,beta2,-0.03349739648462019,0.0016042116799801082,-0.03189318480464008,-0.038768090704396616,0.006874905899756534,NS_RIDGE,NS
2023-11-30,2023-12-14,10,beta0,0.02966878279756384,-2.335329081359212e-05,0.029645429506750247,0.02688228543095123,0.0027631440757990185,NS_ELASTICNET,NS
2023-11-30,2023-12-14,10,beta1,0.011087310309333114,2.336773255796795e-05,0.011110678041891081,0.013879214148461477,-0.002768536106570395,NS_ELASTICNET,NS
2023-11-30,2023-12-14,10,beta2,-0.03349739648462019,7.587488019493494e-05,-0.033421521604425256,-0.038768090704396616,0.00534656909997136,NS_ELASTICNET,NS
2023-11-30,2023-12-14,10,PC1,0.04566411689460784,0.0008515423817084587,0.0465156592763163,0.03194721722208406,0.014568442054232238,PCA_RIDGE,PCA
2023-11-30,2023-12-14,10,PC2,0.039271422131258824,-0.0003706696795602129,0.03890075245169861,0.0415193845646499,-0.00261863211295129,PCA_RIDGE,PCA
2023-11-30,2023-12-14,10,PC3,0.010182178312067965,-0.0005974211530146075,0.009584757159053358,0.012181915651578203,-0.0025971584925248443,PCA_RIDGE,PCA
2023-11-30,2023-12-14,10,PC1,0.04566411689460784,-0.0008536696872568847,0.04481044720735095,0.03194721722208406,0.012863229985266893,PCA_RIDGE_VAR,PCA
2023-11-30,2023-12-14,10,PC2,0.039271422131258824,0.00025621286271145655,0.03952763499397028,0.0415193845646499,-0.0019917495706796226,PCA_RIDGE_VAR,PCA
2023-11-30,2023-12-14,10,PC3,0.010182178312067965,-0.0002778502940211612,0.009904328018046804,0.012181915651578203,-0.0022775876335313985,PCA_RIDGE_VAR,PCA
2023-11-30,2024-01-04,22,beta0,0.02966878279756384,0.00028941886242510746,0.029958201659988946,0.02763144344097309,0.0023267582190158557,NS_RIDGE,NS
2023-11-30,2024-01-04,22,beta1,0.011087310309333114,-0.0013287920180199983,0.009758518291313117,0.013955697538367486,-0.004197179247054369,NS_RIDGE,NS
2023-11-30,2024-01-04,22,beta2,-0.03349739648462019,0.002564979428583161,-0.03093241705603703,-0.043713464023030134,0.012781046966993104,NS_RIDGE,NS
2023-11-30,2024-01-04,22,beta0,0.02966878279756384,8.513558652081353e-05,0.029753918384084654,0.02763144344097309,0.0021224749431115637,NS_ELASTICNET,NS
2023-11-30,2024-01-04,22,beta1,0.011087310309333114,-0.00013029615424230235,0.010957014155090811,0.013955697538367486,-0.0029986833832766745,NS_ELASTICNET,NS
2023-11-30,2024-01-04,22,beta2,-0.03349739648462019,0.00037552044337610185,-0.033121876041244086,-0.043713464023030134,0.010591587981786048,NS_ELASTICNET,NS
2023-11-30,2024-01-04,22,PC1,0.04566411689460784,0.0017257705842040657,0.047389887478811905,0.031484370206418616,0.01590551727239329,PCA_RIDGE,PCA
2023-11-30,2024-01-04,22,PC2,0.039271422131258824,-0.001111068810722088,0.03816035332053674,0.04103457989844336,-0.002874226577906626,PCA_RIDGE,PCA
2023-11-30,2024-01-04,22,PC3,0.010182178312067965,-0.0010199657819486626,0.009162212530119302,0.013742980389668692,-0.0045807678595493895,PCA_RIDGE,PCA
2023-11-30,2024-01-04,22,PC1,0.04566411689460784,-0.0010414618963180272,0.04462265499828981,0.031484370206418616,0.013138284791871194,PCA_RIDGE_VAR,PCA
2023-11-30,2024-01-04,22,PC2,0.039271422131258824,0.00025314307135713976,0.03952456520261596,0.04103457989844336,-0.0015100146958273997,PCA_RIDGE_VAR,PCA
2023-11-30,2024-01-04,22,PC3,0.010182178312067965,-0.0006447752239761989,0.009537403088091766,0.013742980389668692,-0.004205577301576925,PCA_RIDGE_VAR,PCA
2023-12-29,2024-01-08,5,beta0,0.026861134871467695,-1.1830974400954345e-05,0.026849303897066742,0.027643468486850866,-0.0007941645897841243,NS_RIDGE,NS
2023-12-29,2024-01-08,5,beta1,0.014829456534910669,-0.0003946841156039999,0.01443477241930667,0.01434770545400818,8.706696529848894e-05,NS_RIDGE,NS
2023-12-29,2024-01-08,5,beta2,-0.04637394640169692,0.0007118667287548258,-0.04566207967294209,-0.042618018068944025,-0.0030440616039980675,NS_RIDGE,NS
2023-12-29,2024-01-08,5,beta0,0.026861134871467695,-5.555172948061904e-05,0.026805583141987076,0.027643468486850866,-0.0008378853448637903,NS_ELASTICNET,NS
2023-12-29,2024-01-08,5,beta1,0.014829456534910669,2.7830995284060015e-05,0.014857287530194729,0.01434770545400818,0.0005095820761865481,NS_ELASTICNET,NS
2023-12-29,2024-01-08,5,beta2,-0.04637394640169692,4.211893076583716e-05,-0.04633182747093108,-0.042618018068944025,-0.0037138094019870532,NS_ELASTICNET,NS
2023-12-29,2024-01-08,5,PC1,0.026743025771010853,6.47524565390261e-06,0.026749501016664755,0.032956428521594305,-0.0062069275049295505,PCA_RIDGE,PCA
2023-12-29,2024-01-08,5,PC2,0.041609067849944614,-0.00024784949952487987,0.04136121835041973,0.04160656027165256,-0.0002453419212328292,PCA_RIDGE,PCA
2023-12-29,2024-01-08,5,PC3,0.014487511455001365,-0.00031278966230510177,0.014174721792696262,0.013278816249506154,0.0008959055431901081,PCA_RIDGE,PCA
2023-12-29,2024-01-08,5,PC1,0.026743025771010853,-0.0011646790712671433,0.02557834669974371,0.032956428521594305,-0.007378081821850596,PCA_RIDGE_VAR,PCA
2023-12-29,2024-01-08,5,PC2,0.041609067849944614,0.00033569657835204325,0.04194476442829666,0.04160656027165256,0.0003382041566440952,PCA_RIDGE_VAR,PCA
2023-12-29,2024-01-08,5,PC3,0.014487511455001365,-8.231705926935694e-05,0.014405194395732008,0.013278816249506154,0.0011263781462258534,PCA_RIDGE_VAR,PCA
2023-12-29,2024-01-15,10,beta0,0.026861134871467695,-0.0001182136086534466,0.02674292126281425,0.028318183881486103,-0.0015752626186718542,NS_RIDGE,NS
2023-12-29,2024-01-15,10,beta1,0.014829456534910669,-0.0007919841374779096,0.014037472397432759,0.013345148260669553,0.000692324136763206,NS_RIDGE,NS
2023-12-29,2024-01-15,10,beta2,-0.04637394640169692,0.0011854873141460612,-0.045188459087550856,-0.042724792078077466,-0.00246366700947339,NS_RIDGE,NS
2023-12-29,2024-01-15,10,beta0,0.026861134871467695,-0.00012787396308268394,0.02673326090838501,0.028318183881486103,-0.0015849229731010918,NS_ELASTICNET,NS
2023-12-29,2024-01-15,10,beta1,0.014829456534910669,2.1476026059168843e-05,0.014850932560969837,0.013345148260669553,0.0015057843003002842,NS_ELASTICNET,NS
2023-12-29,2024-01-15,10,beta2,-0.04637394640169692,0.00013356999525565588,-0.04624037640644126,-0.042724792078077466,-0.0035155843283637966,NS_ELASTICNET,NS
2023-12-29,2024-01-15,10,PC1,0.026743025771010853,-0.000671120044027186,0.026071905726983667,0.03463943347724885,-0.008567527750265182,PCA_RIDGE,PCA
2023-12-29,2024-01-15,10,PC2,0.041609067849944614,-0.0006207833909962691,0.040988284458948344,0.04041713096927216,0.0005711534896761863,PCA_RIDGE,PCA
2023-12-29,2024-01-15,10,PC3,0.014487511455001365,-0.0005653029923178763,0.013922208462683489,0.013149187103786479,0.0007730213588970098,PCA_RIDGE,PCA
2023-12-29,2024-01-15,10,PC1,0.026743025771010853,-0.0017597564398546296,0.024983269331156223,0.03463943347724885,-0.009656164146092626,PCA_RIDGE_VAR,PCA
2023-12-29,2024-01-15,10,PC2,0.041609067849944614,0.0003913838445587514,0.042000451694503366,0.04041713096927216,0.0015833207252312076,PCA_RIDGE_VAR,PCA
2023-12-29,2024-01-15,10,PC3,0.014487511455001365,-0.0002891495155430933,0.014198361939458271,0.013149187103786479,0.0010491748356717921,PCA_RIDGE_VAR,PCA
2023-12-29,2024-01-31,22,beta0,0.026861134871467695,-0.00011275713428570824,0.026748377737181986,0.028116274328966052,-0.0013678965917840666,NS_RIDGE,NS
2023-12-29,2024-01-31,22,beta1,0.014829456534910669,-0.0019194355289939818,0.012910021005916688,0.013029258914597462,-0.00011923790868077419,NS_RIDGE,NS
2023-12-29,2024-01-31,22,beta2,-0.04637394640169692,0.0021339652833223407,-0.04423998111837458,-0.043033312327186754,-0.0012066687911878246,NS_RIDGE,NS
2023-12-29,2024-01-31,22,beta0,0.026861134871467695,-0.00014864964918923453,0.02671248522227846,0.028116274328966052,-0.0014037891066875918,NS_ELASTICNET,NS
2023-12-29,2024-01-31,22,beta1,0.014829456534910669,-5.540691099376247e-05,0.014774049623916907,0.013029258914597462,0.0017447907093194447,NS_ELASTICNET,NS
2023-12-29,2024-01-31,22,beta2,-0.04637394640169692,0.000413458841705748,-0.04596048755999117,-0.043033312327186754,-0.0029271752328044187,NS_ELASTICNET,NS
2023-12-29,2024-01-31,22,PC1,0.026743025771010853,-0.0013358213154688833,0.025407204455541968,0.032957912546112536,-0.007550708090570568,PCA_RIDGE,PCA
2023-12-29,2024-01-31,22,PC2,0.041609067849944614,-0.0017806012331304368,0.039828466616814176,0.03987986896583865,-5.140234902447499e-05,PCA_RIDGE,PCA
2023-12-29,2024-01-31,22,PC3,0.014487511455001365,-0.001113192156283309,0.013374319298718056,0.013097041156698082,0.0002772781420199745,PCA_RIDGE,PCA
2023-12-29,2024-01-31,22,PC1,0.026743025771010853,-0.0031349642434110453,0.023608061527599807,0.032957912546112536,-0.009349851018512729,PCA_RIDGE_VAR,PCA
2023-12-29,2024-01-31,22,PC2,0.041609067849944614,0.0004679456235025456,0.04207701347344716,0.03987986896583865,0.002197144507608509,PCA_RIDGE_VAR,PCA
2023-12-29,2024-01-31,22,PC3,0.014487511455001365,-0.0007623081300295424,0.013725203324971822,0.013097041156698082,0.0006281621682737402,PCA_RIDGE_VAR,PCA
2024-01-31,2024-02-07,5,beta0,0.028116274328966052,-8.311343350537037e-05,0.028033160895460683,0.028709679472903902,-0.0006765185774432192,NS_RIDGE,NS
2024-01-31,2024-02-07,5,beta1,0.013029258914597462,-0.00022589321339233555,0.012803365701205126,0.012745570520398533,5.779518080659303e-05,NS_RIDGE,NS
2024-01-31,2024-02-07,5,beta2,-0.043033312327186754,0.00023445292573475576,-0.042798859401452,-0.03977710407464432,-0.003021755326807679,NS_RIDGE,NS
2024-01-31,2024-02-07,5,beta0,0.028116274328966052,-6.07463943463626e-05,0.02805552793461969,0.028709679472903902,-0.000654151538284211,NS_ELASTICNET,NS
2024-01-31,2024-02-07,5,beta1,0.013029258914597462,5.063818882420063e-05,0.013079897103421664,0.012745570520398533,0.0003343265830231309,NS_ELASTICNET,NS
2024-01-31,2024-02-07,5,beta2,-0.043033312327186754,5.6724223379042905e-05,-0.04297658810380771,-0.03977710407464432,-0.0031994840291633894,NS_ELASTICNET,NS
2024-01-31,2024-02-07,5,PC1,0.03285608516840489,-0.000410534153195616,0.032445551015209274,0.038026570195062934,-0.005581019179853659,PCA_RIDGE,PCA
2024-01-31,2024-02-07,5,PC2,0.039769972084028216,-0.0006946684719263029,0.03907530361210191,0.03995657012137644,-0.0008812665092745309,PCA_RIDGE,PCA
2024-01-31,2024-02-07,5,PC3,0.012828936703743127,-0.00018941760192105507,0.012639519101822072,0.011844671827176136,0.0007948472746459358,PCA_RIDGE,PCA
2024-01-31,2024-02-07,5,PC1,0.03285608516840489,-0.0007495531376439796,0.03210653203076091,0.038026570195062934,-0.005920038164302026,PCA_RIDGE_VAR,PCA
2024-01-31,2024-02-07,5,PC2,0.039769972084028216,-1.1328301681268194e-05,0.03975864378234695,0.03995657012137644,-0.00019792633902949303,PCA_RIDGE_VAR,PCA
2024-01-31,2024-02-07,5,PC3,0.012828936703743127,-0.0001285577108052268,0.0127003789929379,0.011844671827176136,0.0008557071657617644,PCA_RIDGE_VAR,PCA
2024-01-31,2024-02-14,10,beta0,0.028116274328966052,-2.1807965942799803e-05,0.028094466363023252,0.0285610992814887,-0.0004666329184654476,NS_RIDGE,NS
2024-01-31,2024-02-14,10,beta1,0.013029258914597462,-0.0006492347424387381,0.012380024172158725,0.012985697120895447,-0.0006056729487367227,NS_RIDGE,NS
2024-01-31,2024-02-14,10,beta2,-0.043033312327186754,0.000514640027388141,-0.04251867229979861,-0.034723890999842064,-0.007794781299956546,NS_RIDGE,NS
2024-01-31,2024-02-14,10,beta0,0.028116274328966052,-4.733417608882584e-05,0.028068940152877225,0.0285610992814887,-0.0004921591286114746,NS_ELASTICNET,NS
2024-01-31,2024-02-14,10,beta1,0.013029258914597462,9.04415766760692e-05,0.013119700491273532,0.012985697120895447,0.0001340033703780847,NS_ELASTICNET,NS
2024-01-31,2024-02-14,10,beta2,-0.043033312327186754,-2.575002936329661e-05,-0.04305906235655005,-0.034723890999842064,-0.008335171356707985,NS_ELASTICNET,NS
2024-01-31,2024-02-14,10,PC1,0.03285608516840489,-0.0004350571752227862,0.032421027993182104,0.04191817978908041,-0.009497151795898308,PCA_RIDGE,PCA
2024-01-31,2024-02-14,10,PC2,0.039769972084028216,-0.001548779508870162,0.038221192575158054,0.040944403649276664,-0.0027232110741186102,PCA_RIDGE,PCA
2024-01-31,2024-02-14,10,PC3,0.012828936703743127,-0.00040203768543891705,0.01242689901830421,0.010364781111513005,0.002062117906791205,PCA_RIDGE,PCA
2024-01-31,2024-02-14,10,PC1,0.03285608516840489,-0.001158495425502462,0.031697589742902425,0.04191817978908041,-0.010220590046177987,PCA_RIDGE_VAR,PCA
2024-01-31,2024-02-14,10,PC2,0.039769972084028216,-2.8244153757121804e-05,0.039741727930271094,0.040944403649276664,-0.0012026757190055706,PCA_RIDGE_VAR,PCA
2024-01-31,2024-02-14,10,PC3,0.012828936703743127,-0.00031554234278576183,0.012513394360957365,0.010364781111513005,0.00214861324944436,PCA_RIDGE_VAR,PCA
2024-01-31,2024-03-01,22,beta0,0.028116274328966052,-8.895225064921856e-05,0.028027322078316833,0.028407122832237133,-0.00037980075392030077,NS_RIDGE,NS
2024-01-31,2024-03-01,22,beta1,0.013029258914597462,-0.0013546123894270694,0.011674646525170394,0.01272186246653415,-0.0010472159413637567,NS_RIDGE,NS
2024-01-31,2024-03-01,22,beta2,-0.043033312327186754,0.00110900634507503,-0.04192430598211173,-0.02991068434155327,-0.012013621640558456,NS_RIDGE,NS
2024-01-31,2024-03-01,22,beta0,0.028116274328966052,-0.00020335649449932167,0.02791291783446673,0.028407122832237133,-0.0004942049977704026,NS_ELASTICNET,NS
2024-01-31,2024-03-01,22,beta1,0.013029258914597462,4.516379811653822e-05,0.013074422712714001,0.01272186246653415,0.00035256024617985084,NS_ELASTICNET,NS
2024-01-31,2024-03-01,22,beta2,-0.043033312327186754,0.000515576513690671,-0.042517735813496084,-0.02991068434155327,-0.012607051471942812,NS_ELASTICNET,NS
2024-01-31,2024-03-01,22,PC1,0.03285608516840489,-0.0016860602115710173,0.03117002495683387,0.04484726639102607,-0.0136772414341922,PCA_RIDGE,PCA
2024-01-31,2024-03-01,22,PC2,0.039769972084028216,-0.003167435561649587,0.03660253652237863,0.04125175961142056,-0.0046492230890419275,PCA_RIDGE,PCA
2024-01-31,2024-03-01,22,PC3,0.012828936703743127,-0.000731548024895922,0.012097388678847205,0.00882585416681298,0.0032715345120342253,PCA_RIDGE,PCA
2024-01-31,2024-03-01,22,PC1,0.03285608516840489,-0.0020596526526134966,0.03079643251579139,0.04484726639102607,-0.014050833875234679,PCA_RIDGE_VAR,PCA
2024-01-31,2024-03-01,22,PC2,0.039769972084028216,-4.176196390340975e-05,0.039728210120124806,0.04125175961142056,-0.0015235494912957531,PCA_RIDGE_VAR,PCA
2024-01-31,2024-03-01,22,PC3,0.012828936703743127,-0.0007414049584880591,0.012087531745255068,0.00882585416681298,0.0032616775784420887,PCA_RIDGE_VAR,PCA
2024-02-29,2024-03-07,5,beta0,0.027835952445129198,0.00025518835464161794,0.028091140799770816,0.02664104827888646,0.0014500925208843565,NS_RIDGE,NS
2024-02-29,2024-03-07,5,beta1,0.013178193090690666,-0.0001781566910428899,0.013000036399647776,0.01453939340098933,-0.0015393570013415535,NS_RIDGE,NS
2024-02-29,2024-03-07,5,beta2,-0.028683804284333616,-0.0003777914050866747,-0.02906159568942029,-0.030200386458814076,0.0011387907693937854,NS_RIDGE,NS
2024-02-29,2024-03-07,5,beta0,0.027835952445129198,-3.411433744672191e-05,0.027801838107682476,0.02664104827888646,0.0011607898287960168,NS_ELASTICNET,NS
2024-02-29,2024-03-07,5,beta1,0.013178193090690666,4.9767912692494396e-05,0.01322796100338316,0.01453939340098933,-0.0013114323976061697,NS_ELASTICNET,NS
2024-02-29,2024-03-07,5,beta2,-0.028683804284333616,1.6824996540550214e-05,-0.028666979287793066,-0.030200386458814076,0.0015334071710210104,NS_ELASTICNET,NS
2024-02-29,2024-03-07,5,PC1,0.04369698334645762,0.0006266437991213266,0.04432362714557895,0.03867541347641673,0.005648213669162218,PCA_RIDGE,PCA
2024-02-29,2024-03-07,5,PC2,0.04171889481774004,-0.00032838066735016067,0.041390514150389884,0.043126942533229455,-0.0017364283828395707,PCA_RIDGE,PCA
2024-02-29,2024-03-07,5,PC3,0.008229334391215403,9.792296322284694e-05,0.00832725735443825,0.008862635557339927,-0.0005353782029016759,PCA_RIDGE,PCA
2024-02-29,2024-03-07,5,PC1,0.04369698334645762,0.00013094629869471464,0.043827929645152336,0.03867541347641673,0.005152516168735605,PCA_RIDGE_VAR,PCA
2024-02-29,2024-03-07,5,PC2,0.04171889481774004,-4.061831069374772e-05,0.041678276507046294,0.043126942533229455,-0.001448666026183161,PCA_RIDGE_VAR,PCA
2024-02-29,2024-03-07,5,PC3,0.008229334391215403,-0.00010798124989630682,0.008121353141319097,0.008862635557339927,-0.00074128241602083,PCA_RIDGE_VAR,PCA
2024-02-29,2024-03-14,10,beta0,0.027835952445129198,0.00070046837293421,0.02853642081806341,0.028100042898655718,0.00043637791940769055,NS_RIDGE,NS
2024-02-29,2024-03-14,10,beta1,0.013178193090690666,-0.0006245101148229487,0.012553682975867718,0.01291728797084053,-0.0003636049949728125,NS_RIDGE,NS
2024-02-29,2024-03-14,10,beta2,-0.028683804284333616,-0.0007827811283218517,-0.02946658541265547,-0.029810389627051948,0.0003438042143964794,NS_RIDGE,NS
2024-02-29,2024-03-14,10,beta0,0.027835952445129198,-6.466138436854209e-05,0.027771291060760657,0.028100042898655718,-0.000328751837895061,NS_ELASTICNET,NS
2024-02-29,2024-03-14,10,beta1,0.013178193090690666,9.29563740503503e-05,0.013271149464741016,0.01291728797084053,0.0003538614939004852,NS_ELASTICNET,NS
2024-02-29,2024-03-14,10,beta2,-0.028683804284333616,6.400496078806428e-05,-0.028619799323545553,-0.029810389627051948,0.0011905903035063954,NS_ELASTICNET,NS
2024-02-29,2024-03-14,10,PC1,0.04369698334645762,0.0010239253198137202,0.04472090866627134,0.04363438307200579,0.0010865255942655513,PCA_RIDGE,PCA
2024-02-29,2024-03-14,10,PC2,0.04171889481774004,-0.0005075671398003618,0.04121132767793968,0.0412607483241898,-4.942064625011733e-05,PCA_RIDGE,PCA
2024-02-29,2024-03-14,10,PC3,0.008229334391215403,0.00014695960236085046,0.008376293993576254,0.008552451268397364,-0.00017615727482111002,PCA_RIDGE,PCA
2024-02-29,2024-03-14,10,PC1,0.04369698334645762,0.00021204658948840993,0.04390902993594603,0.04363438307200579,0.0002746468639402422,PCA_RIDGE_VAR,PCA
2024-02-29,2024-03-14,10,PC2,0.04171889481774004,-3.709322332350745e-05,0.041681801594416534,0.0412607483241898,0.00042105327022673444,PCA_RIDGE_VAR,PCA
2024-02-29,2024-03-14,10,PC3,0.008229334391215403,-0.00022215990190404059,0.008007174489311363,0.008552451268397364,-0.0005452767790860014,PCA_RIDGE_VAR,PCA
2024-02-29,2024-04-03,22,beta0,0.027835952445129198,0.0007307626308931291,0.028566715076022327,0.028583243160914533,-1.652808489220614e-05,NS_RIDGE,NS
2024-02-29,2024-04-03,22,beta1,0.013178193090690666,-0.0007474387164078749,0.012430754374282791,0.012094381630393024,0.0003363727438897672,NS_RIDGE,NS
2024-02-29,2024-04-03,22,beta2,-0.028683804284333616,-0.000898855298756155,-0.02958265958308977,-0.031408910782406554,0.0018262511993167828,NS_RIDGE,NS
2024-02-29,2024-04-03,22,beta0,0.027835952445129198,-2.6010596506868575e-05,0.02780994184862233,0.028583243160914533,-0.0007733013122922031,NS_ELASTICNET,NS
2024-02-29,2024-04-03,22,beta1,0.013178193090690666,0.00010679215960088568,0.013284985250291552,0.012094381630393024,0.0011906036198985285,NS_ELASTICNET,NS
2024-02-29,2024-04-03,22,beta2,-0.028683804284333616,0.000144943316811465,-0.028538860967522152,-0.031408910782406554,0.0028700498148844025,NS_ELASTICNET,NS
2024-02-29,2024-04-03,22,PC1,0.04369698334645762,0.0014764019191802061,0.04517338526563783,0.04339942552065715,0.0017739597449806799,PCA_RIDGE,PCA
2024-02-29,2024-04-03,22,PC2,0.04171889481774004,-0.0013450498773961493,0.04037384494034389,0.0400963652235698,0.0002774797167740886,PCA_RIDGE,PCA
2024-02-29,2024-04-03,22,PC3,0.008229334391215403,0.0001687481939524881,0.008398082585167891,0.008940139732141536,-0.0005420571469736454,PCA_RIDGE,PCA
2024-02-29,2024-04-03,22,PC1,0.04369698334645762,0.00045436280940427953,0.0441513461558619,0.04339942552065715,0.000751920635204753,PCA_RIDGE_VAR,PCA
2024-02-29,2024-04-03,22,PC2,0.04171889481774004,-1.446064461699953e-05,0.04170443417312304,0.0400963652235698,0.0016080689495532388,PCA_RIDGE_VAR,PCA
2024-02-29,2024-04-03,22,PC3,0.008229334391215403,-0.0004847034104585868,0.007744630980756817,0.008940139732141536,-0.0011955087513847197,PCA_RIDGE_VAR,PCA
2024-03-28,2024-04-08,5,beta0,0.026878710108560286,0.00023659472405167597,0.027115304832611962,0.02826407663890453,-0.0011487718062925673,NS_RIDGE,NS
2024-03-28,2024-04-08,5,beta1,0.01382841013382088,-0.00035246948875797745,0.013475940645062903,0.011997165204522316,0.0014787754405405865,NS_RIDGE,NS
2024-03-28,2024-04-08,5,beta2,-0.030604591507598037,-0.00012432644164525969,-0.030728917949243297,-0.029371289495728658,-0.0013576284535146387,NS_RIDGE,NS
2024-03-28,2024-04-08,5,beta0,0.026878710108560286,-2.4861482856436012e-05,0.02685384862570385,0.02826407663890453,-0.0014102280132006796,NS_ELASTICNET,NS
2024-03-28,2024-04-08,5,beta1,0.01382841013382088,4.51964475440395e-05,0.01387360658136492,0.011997165204522316,0.0018764413768426035,NS_ELASTICNET,NS
2024-03-28,2024-04-08,5,beta2,-0.030604591507598037,-3.7521022161647954e-06,-0.030608343609814202,-0.029371289495728658,-0.0012370541140855444,NS_ELASTICNET,NS
2024-03-28,2024-04-08,5,PC1,0.03833501497583199,0.0004803245130508393,0.038815339488882834,0.04333719330725694,-0.004521853818374104,PCA_RIDGE,PCA
2024-03-28,2024-04-08,5,PC2,0.04197622553856148,-0.00030852981016698763,0.04166769572839449,0.03999153940627866,0.0016761563221158252,PCA_RIDGE,PCA
2024-03-28,2024-04-08,5,PC3,0.008649169551107932,-4.817309347017166e-06,0.008644352241760914,0.008046969657241953,0.0005973825845189615,PCA_RIDGE,PCA
2024-03-28,2024-04-08,5,PC1,0.03833501497583199,-0.00013940582018684422,0.03819560915564515,0.04333719330725694,-0.00514158415161179,PCA_RIDGE_VAR,PCA
2024-03-28,2024-04-08,5,PC2,0.04197622553856148,4.9303041649240154e-05,0.04202552858021072,0.03999153940627866,0.002033989173932056,PCA_RIDGE_VAR,PCA
2024-03-28,2024-04-08,5,PC3,0.008649169551107932,-0.0001535257224144944,0.008495643828693437,0.008046969657241953,0.00044867417145148455,PCA_RIDGE_VAR,PCA
2024-03-28,2024-04-15,10,beta0,0.026878710108560286,0.0003595304399176428,0.02723824054847793,0.028349405702397697,-0.0011111651539197666,NS_RIDGE,NS
2024-03-28,2024-04-15,10,beta1,0.01382841013382088,-0.000626008465180063,0.013202401668640817,0.011370062984921363,0.0018323386837194536,NS_RIDGE,NS
2024-03-28,2024-04-15,10,beta2,-0.030604591507598037,0.0003041155002942465,-0.03030047600730379,-0.02882062261525111,-0.0014798533920526782,NS_RIDGE,NS
2024-03-28,2024-04-15,10,beta0,0.026878710108560286,-4.874619690251347e-05,0.026829963911657772,0.028349405702397697,-0.0015194417907399248,NS_ELASTICNET,NS
2024-03-28,2024-04-15,10,beta1,0.01382841013382088,8.989439173360335e-05,0.013918304525554485,0.011370062984921363,0.0025482415406331213,NS_ELASTICNET,NS
2024-03-28,2024-04-15,10,beta2,-0.030604591507598037,-4.391847218788698e-06,-0.030608983354816825,-0.02882062261525111,-0.0017883607395657135,NS_ELASTICNET,NS
2024-03-28,2024-04-15,10,PC1,0.03833501497583199,0.0010264957063634268,0.03936151068219542,0.043297948882699416,-0.003936438200503996,PCA_RIDGE,PCA
2024-03-28,2024-04-15,10,PC2,0.04197622553856148,-0.0004578946889358625,0.04151833084962562,0.03922801394933875,0.0022903169002868665,PCA_RIDGE,PCA
2024-03-28,2024-04-15,10,PC3,0.008649169551107932,-0.00018814106962588084,0.008461028481482051,0.007808766989654576,0.0006522614918274749,PCA_RIDGE,PCA
2024-03-28,2024-04-15,10,PC1,0.03833501497583199,-0.0002637447300637419,0.03807127024576825,0.043297948882699416,-0.005226678636931166,PCA_RIDGE_VAR,PCA
2024-03-28,2024-04-15,10,PC2,0.04197622553856148,9.730227135503616e-05,0.042073527809916515,0.03922801394933875,0.0028455138605777627,PCA_RIDGE_VAR,PCA
2024-03-28,2024-04-15,10,PC3,0.008649169551107932,-0.00030302639200435223,0.00834614315910358,0.007808766989654576,0.0005373761694490034,PCA_RIDGE_VAR,PCA
2024-03-28,2024-05-02,22,beta0,0.026878710108560286,0.0007766781340686693,0.027655388242628955,0.028817522657439816,-0.0011621344148108614,NS_RIDGE,NS
2024-03-28,2024-05-02,22,beta1,0.01382841013382088,-0.0014299353210320757,0.012398474812788805,0.010836690309568759,0.0015617845032200456,NS_RIDGE,NS
2024-03-28,2024-05-02,22,beta2,-0.030604591507598037,0.00031423384261390457,-0.030290357664984134,-0.024296908559236892,-0.005993449105747242,NS_RIDGE,NS
2024-03-28,2024-05-02,22,beta0,0.026878710108560286,6.956755896773024e-06,0.02688566686445706,0.028817522657439816,-0.0019318557929827555,NS_ELASTICNET,NS
2024-03-28,2024-05-02,22,beta1,0.01382841013382088,-6.359664418295616e-05,0.013764813489637925,0.010836690309568759,0.0029281231800691657,NS_ELASTICNET,NS
2024-03-28,2024-05-02,22,beta2,-0.030604591507598037,0.00051380961994119,-0.030090781887656848,-0.024296908559236892,-0.005793873328419956,NS_ELASTICNET,NS
2024-03-28,2024-05-02,22,PC1,0.03833501497583199,0.0019034244432711493,0.04023843941910314,0.04856974688720275,-0.00833130746809961,PCA_RIDGE,PCA
2024-03-28,2024-05-02,22,PC2,0.04197622553856148,-0.0011377254238789374,0.04083850011468254,0.039226151774689105,0.0016123483399934357,PCA_RIDGE,PCA
2024-03-28,2024-05-02,22,PC3,0.008649169551107932,-0.000327330914081609,0.008321838637026322,0.006322331675085364,0.001999506961940958,PCA_RIDGE,PCA
2024-03-28,2024-05-02,22,PC1,0.03833501497583199,-0.0005032437518086227,0.03783177122402337,0.04856974688720275,-0.010737975663179383,PCA_RIDGE_VAR,PCA
2024-03-28,2024-05-02,22,PC2,0.04197622553856148,0.00020737778331972323,0.0421836033218812,0.039226151774689105,0.002957451547192097,PCA_RIDGE_VAR,PCA
2024-03-28,2024-05-02,22,PC3,0.008649169551107932,-0.0006459867633178164,0.008003182787790115,0.006322331675085364,0.0016808511127047515,PCA_RIDGE_VAR,PCA
2024-04-30,2024-05-08,5,beta0,0.028985466246148308,0.0002019961951863984,0.029187462441334706,0.028009431831756137,0.0011780306095785682,NS_RIDGE,NS
2024-04-30,2024-05-08,5,beta1,0.010836377572831178,8.278601047448627e-05,0.010919163583305663,0.01141762567679085,-0.0004984620934851865,NS_RIDGE,NS
2024-04-30,2024-05-08,5,beta2,-0.024051927784423034,7.657845950317883e-05,-0.023975349324919855,-0.025355899723353555,0.0013805503984337004,NS_RIDGE,NS
2024-04-30,2024-05-08,5,beta0,0.028985466246148308,-2.2749509408352457e-05,0.028962716736739957,0.028009431831756137,0.0009532849049838192,NS_ELASTICNET,NS
2024-04-30,2024-05-08,5,beta1,0.010836377572831178,4.19147716066876e-05,0.010878292344437865,0.01141762567679085,-0.0005393333323529849,NS_ELASTICNET,NS
2024-04-30,2024-05-08,5,beta2,-0.024051927784423034,1.7268719694753079e-06,-0.024050200912453558,-0.025355899723353555,0.0013056988108999974,NS_ELASTICNET,NS
2024-04-30,2024-05-08,5,PC1,0.04944870275136441,0.0011790547415349425,0.050627757492899356,0.04452033256190763,0.006107424930991728,PCA_RIDGE,PCA
2024-04-30,2024-05-08,5,PC2,0.039088887356885565,6.042034599981301e-06,0.039094929391485546,0.039553848327686096,-0.00045891893620055024,PCA_RIDGE,PCA
2024-04-30,2024-05-08,5,PC3,0.006098972305611851,2.7360172682513842e-05,0.006126332478294365,0.006516610257361777,-0.0003902777790674118,PCA_RIDGE,PCA
2024-04-30,2024-05-08,5,PC1,0.04944870275136441,8.242434732468745e-05,0.0495311270986891,0.04452033256190763,0.005010794536781472,PCA_RIDGE_VAR,PCA
2024-04-30,2024-05-08,5,PC2,0.039088887356885565,6.192822619856264e-06,0.03909508017950542,0.039553848327686096,-0.00045876814818067435,PCA_RIDGE_VAR,PCA
2024-04-30,2024-05-08,5,PC3,0.006098972305611851,-0.00010108022227382253,0.005997892083338029,0.006516610257361777,-0.0005187181740237481,PCA_RIDGE_VAR,PCA
2024-04-30,2024-05-15,10,beta0,0.028985466246148308,0.00025934143888257195,0.02924480768503088,0.028167114946494733,0.001077692738536147,NS_RIDGE,NS
2024-04-30,2024-05-15,10,beta1,0.010836377572831178,0.00033458332804107234,0.01117096090087225,0.01141711491855972,-0.0002461540176874697,NS_RIDGE,NS
2024-04-30,2024-05-15,10,beta2,-0.024051927784423034,0.0003752627800621838,-0.02367666500436085,-0.026869441741172555,0.0031927767368117033,NS_RIDGE,NS
2024-04-30,2024-05-15,10,beta0,0.028985466246148308,-4.608059394779012e-05,0.028939385652200517,0.028167114946494733,0.000772270705705784,NS_ELASTICNET,NS
2024-04-30,2024-05-15,10,beta1,0.010836377572831178,8.44858087646579e-05,0.010920863381595836,0.01141711491855972,-0.0004962515369638845,NS_ELASTICNET,NS
2024-04-30,2024-05-15,10,beta2,-0.024051927784423034,4.093671086010523e-06,-0.024047834113337024,-0.026869441741172555,0.0028216076278355304,NS_ELASTICNET,NS
2024-04-30,2024-05-15,10,PC1,0.04944870275136441,0.0021095232034516534,0.051558225954816066,0.043998031913670466,0.0075601940411456,PCA_RIDGE,PCA
2024-04-30,2024-05-15,10,PC2,0.039088887356885565,0.00022755274980873166,0.0393164401066943,0.03940274056590229,-8.630045920798857e-05,PCA_RIDGE,PCA
2024-04-30,2024-05-15,10,PC3,0.006098972305611851,5.50446329453712e-06,0.006104476768906388,0.007001094549107641,-0.0008966177802012523,PCA_RIDGE,PCA
2024-04-30,2024-05-15,10,PC1,0.04944870275136441,0.00017322330532836688,0.04962192605669278,0.043998031913670466,0.0056238941430223136,PCA_RIDGE_VAR,PCA
2024-04-30,2024-05-15,10,PC2,0.039088887356885565,1.1699065401153674e-05,0.03910058642228672,0.03940274056590229,-0.00030215414361556975,PCA_RIDGE_VAR,PCA
2024-04-30,2024-05-15,10,PC3,0.006098972305611851,-0.00019934665455496967,0.0058996256510568815,0.007001094549107641,-0.0011014688980507592,PCA_RIDGE_VAR,PCA
2024-04-30,2024-05-31,22,beta0,0.028985466246148308,0.0006170534588103577,0.029602519704958665,0.029693111278026634,-9.059157306796906e-05,NS_RIDGE,NS
2024-04-30,2024-05-31,22,beta1,0.010836377572831178,0.0006374646855090718,0.01147384225834025,0.00932815628314262,0.0021456859751976306,NS_RIDGE,NS
2024-04-30,2024-05-31,22,beta2,-0.024051927784423034,-0.00012953381505766297,-0.024181461599480696,-0.022485793448958517,-0.001695668150522179,NS_RIDGE,NS
2024-04-30,2024-05-31,22,beta0,0.028985466246148308,-0.00010356026943507139,0.028881905976713237,0.029693111278026634,-0.0008112053013133967,NS_ELASTICNET,NS
2024-04-30,2024-05-31,22,beta1,0.010836377572831178,0.00018953138278847418,0.011025908955619652,0.00932815628314262,0.0016977526724770327,NS_ELASTICNET,NS
2024-04-30,2024-05-31,22,beta2,-0.024051927784423034,6.261292008695786e-06,-0.02404566649241434,-0.022485793448958517,-0.001559873043455822,NS_ELASTICNET,NS
2024-04-30,2024-05-31,22,PC1,0.04944870275136441,0.003794161126890338,0.05324286387825475,0.05194867428127428,0.0012941895969804662,PCA_RIDGE,PCA
2024-04-30,2024-05-31,22,PC2,0.039088887356885565,0.00025815882965449043,0.03934704618654006,0.03749593669813625,0.001851109488403807,PCA_RIDGE,PCA
2024-04-30,2024-05-31,22,PC3,0.006098972305611851,0.0002791254384979891,0.006378097744109841,0.005373129361666283,0.001004968382443558,PCA_RIDGE,PCA
2024-04-30,2024-05-31,22,PC1,0.04944870275136441,0.00042367032616950906,0.04987237307753392,0.05194867428127428,-0.0020763012037403605,PCA_RIDGE_VAR,PCA
2024-04-30,2024-05-31,22,PC2,0.039088887356885565,2.222606038088798e-05,0.03911111341726645,0.03749593669813625,0.0016151767191302027,PCA_RIDGE_VAR,PCA
2024-04-30,2024-05-31,22,PC3,0.006098972305611851,-0.00042413128201793365,0.0056748410235939175,0.005373129361666283,0.00030171166192763475,PCA_RIDGE_VAR,PCA
2024-05-31,2024-06-07,5,beta0,0.029693111278026634,0.00026339358242632435,0.029956504860452957,0.029105054245497957,0.0008514506149550002,NS_RIDGE,NS
2024-05-31,2024-06-07,5,beta1,0.00932815628314262,-0.0002772571229145436,0.009050899160228075,0.009334277661591455,-0.00028337850136338043,NS_RIDGE,NS
2024-05-31,2024-06-07,5,beta2,-0.022485793448958517,1.1806266568498278e-05,-0.022473987182390017,-0.02012915462592662,-0.0023448325564633977,NS_RIDGE,NS
2024-05-31,2024-06-07,5,beta0,0.029693111278026634,-2.252736589792002e-05,0.029670583912128713,0.029105054245497957,0.0005655296666307562,NS_ELASTICNET,NS
2024-05-31,2024-06-07,5,beta1,0.00932815628314262,4.082286466860879e-05,0.009368979147811228,0.009334277661591455,3.4701486219772607e-05,NS_ELASTICNET,NS
2024-05-31,2024-06-07,5,beta2,-0.022485793448958517,4.601593465074954e-06,-0.02248119185549344,-0.02012915462592662,-0.0023520372295668217,NS_ELASTICNET,NS
2024-05-31,2024-06-07,5,PC1,0.0518011146231501,0.0005850510527350475,0.05238616567588515,0.05097864555362304,0.0014075201222621125,PCA_RIDGE,PCA
2024-05-31,2024-06-07,5,PC2,0.0372692092522466,-0.0002670476905259981,0.037002161561720606,0.03748177673226486,-0.000479615170544255,PCA_RIDGE,PCA
2024-05-31,2024-06-07,5,PC3,0.005238531487065407,-2.38031553220601e-05,0.005214728331743347,0.004436869832400054,0.0007778584993432935,PCA_RIDGE,PCA
2024-05-31,2024-06-07,5,PC1,0.0518011146231501,0.0002264810220461988,0.0520275956451963,0.05097864555362304,0.0010489500915732627,PCA_RIDGE_VAR,PCA
2024-05-31,2024-06-07,5,PC2,0.0372692092522466,9.323927765528955e-05,0.03736244852990189,0.03748177673226486,-0.00011932820236296854,PCA_RIDGE_VAR,PCA
2024-05-31,2024-06-07,5,PC3,0.005238531487065407,-0.00010019153270429421,0.005138339954361113,0.004436869832400054,0.0007014701219610594,PCA_RIDGE_VAR,PCA
2024-05-31,2024-06-14,10,beta0,0.029693111278026634,0.0002017055344998477,0.02989481681252648,0.027736579833110196,0.002158236979416285,NS_RIDGE,NS
2024-05-31,2024-06-14,10,beta1,0.00932815628314262,-0.00019736396434475763,0.009130792318797862,0.009782896109970789,-0.0006521037911729269,NS_RIDGE,NS
2024-05-31,2024-06-14,10,beta2,-0.022485793448958517,0.00026059853779794904,-0.022225194911160567,-0.026943139067631593,0.004717944156471025,NS_RIDGE,NS
2024-05-31,2024-06-14,10,beta0,0.029693111278026634,-4.571505784917888e-05,0.029647396220177456,0.027736579833110196,0.0019108163870672594,NS_ELASTICNET,NS
2024-05-31,2024-06-14,10,beta1,0.00932815628314262,8.248398887283497e-05,0.009410640272015455,0.009782896109970789,-0.00037225583795533375,NS_ELASTICNET,NS
2024-05-31,2024-06-14,10,beta2,-0.022485793448958517,1.0890049550849754e-05,-0.022474903399407668,-0.026943139067631593,0.004468235668223925,NS_ELASTICNET,NS
2024-05-31,2024-06-14,10,PC1,0.0518011146231501,0.000805180527521371,0.05260629515067147,0.03932697165976193,0.013279323490909545,PCA_RIDGE,PCA
2024-05-31,2024-06-14,10,PC2,0.0372692092522466,-0.00035482254237032647,0.036914386709876276,0.03710349850087624,-0.00018911179099996567,PCA_RIDGE,PCA
2024-05-31,2024-06-14,10,PC3,0.005238531487065407,-0.0001145893726742374,0.0051239421143911695,0.006496775499819702,-0.0013728333854285324,PCA_RIDGE,PCA
2024-05-31,2024-06-14,10,PC1,0.0518011146231501,0.0004641484959602843,0.05226526311911039,0.03932697165976193,0.01293829145934846,PCA_RIDGE_VAR,PCA
2024-05-31,2024-06-14,10,PC2,0.0372692092522466,8.074121247180627e-05,0.03734995046471841,0.03710349850087624,0.0002464519638421675,PCA_RIDGE_VAR,PCA
2024-05-31,2024-06-14,10,PC3,0.005238531487065407,-0.00015810604219034224,0.005080425444875065,0.006496775499819702,-0.0014163500549446368,PCA_RIDGE_VAR,PCA
2024-05-31,2024-07-02,22,beta0,0.029693111278026634,0.00047616391897717695,0.03016927519700381,0.02995833608359783,0.0002109391134059828,NS_RIDGE,NS
2024-05-31,2024-07-02,22,beta1,0.00932815628314262,-0.0005201449970762864,0.008808011286066333,0.006972412067034785,0.0018355992190315484,NS_RIDGE,NS
2024-05-31,2024-07-02,22,beta2,-0.022485793448958517,6.764538562267348e-05,-0.022418148063335842,-0.024058284697358313,0.0016401366340224703,NS_RIDGE,NS
2024-05-31,2024-07-02,22,beta0,0.029693111278026634,-0.00010225718448074468,0.02959085409354589,0.02995833608359783,-0.0003674819900519391,NS_ELASTICNET,NS
2024-05-31,2024-07-02,22,beta1,0.00932815628314262,0.00018396469186204717,0.009512120975004666,0.006972412067034785,0.0025397089079698815,NS_ELASTICNET,NS
2024-05-31,2024-07-02,22,beta2,-0.022485793448958517,2.3954903326272045e-05,-0.022461838545632246,-0.024058284697358313,0.001596446151726067,NS_ELASTICNET,NS
2024-05-31,2024-07-02,22,PC1,0.0518011146231501,0.0013236381987277901,0.053124752821877896,0.04828317870172409,0.004841574120153805,PCA_RIDGE,PCA
2024-05-31,2024-07-02,22,PC2,0.0372692092522466,-0.0009245084136941464,0.03634470083855246,0.03421388484650276,0.0021308159920497005,PCA_RIDGE,PCA
2024-05-31,2024-07-02,22,PC3,0.005238531487065407,-0.000101681919096175,0.005136849567969232,0.005275084652693469,-0.00013823508472423675,PCA_RIDGE,PCA
2024-05-31,2024-07-02,22,PC1,0.0518011146231501,0.001023282919654478,0.05282439754280458,0.04828317870172409,0.00454121884108049,PCA_RIDGE_VAR,PCA
2024-05-31,2024-07-02,22,PC2,0.0372692092522466,2.915044503241926e-05,0.03729835969727902,0.03421388484650276,0.0030844748507762657,PCA_RIDGE_VAR,PCA
2024-05-31,2024-07-02,22,PC3,0.005238531487065407,-0.0002948316889364016,0.004943699798129006,0.005275084652693469,-0.00033138485456446314,PCA_RIDGE_VAR,PCA
2024-06-28,2024-07-05,5,beta0,0.028823235364279366,-1.2413878918472134e-05,0.028810821485360894,0.029537602666504188,-0.0007267811811432941,NS_RIDGE,NS
2024-06-28,2024-07-05,5,beta1,0.00793185046536932,0.00013659130780597494,0.008068441773175295,0.007257964321851492,0.0008104774513238034,NS_RIDGE,NS
2024-06-28,2024-07-05,5,beta2,-0.02546411541178975,9.623348834083345e-05,-0.025367881923448916,-0.023528970113359172,-0.001838911810089744,NS_RIDGE,NS
2024-06-28,2024-07-05,5,beta0,0.028823235364279366,-2.3307653402968818e-05,0.0287999277108764,0.029537602666504188,-0.0007376749556277894,NS_ELASTICNET,NS
2024-06-28,2024-07-05,5,beta1,0.00793185046536932,3.979268397648701e-05,0.007971643149345807,0.007257964321851492,0.000713678827494315,NS_ELASTICNET,NS
2024-06-28,2024-07-05,5,beta2,-0.02546411541178975,1.3053723606162446e-06,-0.025462810039429136,-0.023528970113359172,-0.0019338399260699635,NS_ELASTICNET,NS
2024-06-28,2024-07-05,5,PC1,0.04293176292868189,0.00014493491691649235,0.04307669784559838,0.04699877896687771,-0.003922081121279328,PCA_RIDGE,PCA
2024-06-28,2024-07-05,5,PC2,0.03492749948290308,9.186713104486662e-05,0.035019366613947944,0.0343884222951178,0.0006309443188301442,PCA_RIDGE,PCA
2024-06-28,2024-07-05,5,PC3,0.005677266526064856,4.9560196578856674e-05,0.005726826722643713,0.005021429205966004,0.0007053975166777093,PCA_RIDGE,PCA
2024-06-28,2024-07-05,5,PC1,0.04293176292868189,5.5206580117997395e-06,0.042937283586693686,0.04699877896687771,-0.0040614953801840215,PCA_RIDGE_VAR,PCA
2024-06-28,2024-07-05,5,PC2,0.03492749948290308,-0.00014617890425625002,0.03478132057864683,0.0343884222951178,0.0003928982835290293,PCA_RIDGE_VAR,PCA
2024-06-28,2024-07-05,5,PC3,0.005677266526064856,-3.864578300557392e-05,0.005638620743059282,0.005021429205966004,0.0006171915370932783,PCA_RIDGE_VAR,PCA
2024-06-28,2024-07-12,10,beta0,0.028823235364279366,4.1270508351502714e-05,0.02886450587263087,0.029023119620885832,-0.00015861374825496335,NS_RIDGE,NS
2024-06-28,2024-07-12,10,beta1,0.00793185046536932,0.00024140572916693404,0.008173256194536254,0.00824704601341139,-7.378981887513555e-05,NS_RIDGE,NS
2024-06-28,2024-07-12,10,beta2,-0.02546411541178975,0.00015904633631092042,-0.02530506907547883,-0.025917359355557352,0.0006122902800785208,NS_RIDGE,NS
2024-06-28,2024-07-12,10,beta0,0.028823235364279366,-4.6896318524239034e-05,0.028776339045755127,0.029023119620885832,-0.0002467805751307055,NS_ELASTICNET,NS
2024-06-28,2024-07-12,10,beta1,0.00793185046536932,7.98971464942798e-05,0.0080117476118636,0.00824704601341139,-0.00023529840154778991,NS_ELASTICNET,NS
2024-06-28,2024-07-12,10,beta2,-0.02546411541178975,5.596496113603678e-06,-0.025458518915676145,-0.025917359355557352,0.0004588404398812064,NS_ELASTICNET,NS
2024-06-28,2024-07-12,10,PC1,0.04293176292868189,0.0006733077569729337,0.04360507068565482,0.04397020159019416,-0.0003651309045393375,PCA_RIDGE,PCA
2024-06-28,2024-07-12,10,PC2,0.03492749948290308,2.668059354506566e-05,0.03495418007644815,0.035296740580700973,-0.0003425605042528257,PCA_RIDGE,PCA
2024-06-28,2024-07-12,10,PC3,0.005677266526064856,1.1124042704942732e-05,0.005688390568769798,0.005919076888002802,-0.00023068631923300366,PCA_RIDGE,PCA
2024-06-28,2024-07-12,10,PC1,0.04293176292868189,8.455236394078885e-05,0.043016315292622676,0.04397020159019416,-0.0009538862975714824,PCA_RIDGE_VAR,PCA
2024-06-28,2024-07-12,10,PC2,0.03492749948290308,-0.0001832901245030702,0.03474420935840001,0.035296740580700973,-0.0005525312223009643,PCA_RIDGE_VAR,PCA
2024-06-28,2024-07-12,10,PC3,0.005677266526064856,-0.00011699449115736005,0.005560272034907496,0.005919076888002802,-0.0003588048530953061,PCA_RIDGE_VAR,PCA
2024-06-28,2024-07-30,22,beta0,0.028823235364279366,0.00018212545634270478,0.02900536082062207,0.02847749842040259,0.0005278624002194796,NS_RIDGE,NS
2024-06-28,2024-07-30,22,beta1,0.00793185046536932,0.00027259121714353355,0.008204441682512853,0.007598705714233116,0.0006057359682797372,NS_RIDGE,NS
2024-06-28,2024-07-30,22,beta2,-0.02546411541178975,0.00034362153622870685,-0.025120493875561044,-0.030858190443747834,0.00573769656818679,NS_RIDGE,NS
2024-06-28,2024-07-30,22,beta0,0.028823235364279366,-0.00010125166414741919,0.02872198370013195,0.02847749842040259,0.0002444852797293569,NS_ELASTICNET,NS
2024-06-28,2024-07-30,22,beta1,0.00793185046536932,0.00017636142303671396,0.008108211888406033,0.007598705714233116,0.0005095061741729173,NS_ELASTICNET,NS
2024-06-28,2024-07-30,22,beta2,-0.02546411541178975,2.493901095884345e-05,-0.025439176400830908,-0.030858190443747834,0.005419014042916927,NS_ELASTICNET,NS
2024-06-28,2024-07-30,22,PC1,0.04293176292868189,0.0014010141625293777,0.044332777091211265,0.03623789267582156,0.008094884415389705,PCA_RIDGE,PCA
2024-06-28,2024-07-30,22,PC2,0.03492749948290308,-0.0002075161249098052,0.03471998335799328,0.033818658334274866,0.0009013250237184106,PCA_RIDGE,PCA
2024-06-28,2024-07-30,22,PC3,0.005677266526064856,-2.384538028503103e-05,0.005653421145779825,0.0072834255092361425,-0.0016300043634563171,PCA_RIDGE,PCA
2024-06-28,2024-07-30,22,PC1,0.04293176292868189,0.00033526714262674395,0.04326703007130863,0.03623789267582156,0.0070291373954870714,PCA_RIDGE_VAR,PCA
2024-06-28,2024-07-30,22,PC2,0.03492749948290308,-0.0002591502144398128,0.03466834926846327,0.033818658334274866,0.0008496909341884004,PCA_RIDGE_VAR,PCA
2024-06-28,2024-07-30,22,PC3,0.005677266526064856,-0.0002938345755809438,0.005383431950483912,0.0072834255092361425,-0.0018999935587522302,PCA_RIDGE_VAR,PCA
2024-07-31,2024-08-07,5,beta0,0.02824518072711635,-4.0076134785413733e-05,0.028205104592330936,0.028439187105389608,-0.00023408251305867198,NS_RIDGE,NS
2024-07-31,2024-08-07,5,beta1,0.007634787590296787,-0.00017362657226315483,0.007461161018033632,0.0072560948637620075,0.0002050661542716244,NS_RIDGE,NS
2024-07-31,2024-08-07,5,beta2,-0.03110322380881569,0.00029352577246236707,-0.030809698036353323,-0.03319805775126653,0.002388359714913208,NS_RIDGE,NS
2024-07-31,2024-08-07,5,beta0,0.02824518072711635,-2.30808548066072e-05,0.028222099872309746,0.028439187105389608,-0.0002170872330798622,NS_ELASTICNET,NS
2024-07-31,2024-08-07,5,beta1,0.007634787590296787,3.8902092324197225e-05,0.007673689682620984,0.0072560948637620075,0.0004175948188589766,NS_ELASTICNET,NS
2024-07-31,2024-08-07,5,beta2,-0.03110322380881569,-3.4500807072517587e-06,-0.031106673889522943,-0.03319805775126653,0.0020913838617435884,NS_ELASTICNET,NS
2024-07-31,2024-08-07,5,PC1,0.034823168047044155,-0.0002022972727859583,0.0346208707742582,0.03344806450941669,0.0011728062648415083,PCA_RIDGE,PCA
2024-07-31,2024-08-07,5,PC2,0.03361892820520662,-0.00022053469239069934,0.03339839351281592,0.03276656463276466,0.000631828880051262,PCA_RIDGE,PCA
2024-07-31,2024-08-07,5,PC3,0.0072283323748038655,-0.00012416286387876766,0.007104169510925098,0.0077565443671154055,-0.0006523748561903077,PCA_RIDGE,PCA
2024-07-31,2024-08-07,5,PC1,0.034823168047044155,-0.0004915590525339866,0.03433160899451017,0.03344806450941669,0.0008835444850934793,PCA_RIDGE_VAR,PCA
2024-07-31,2024-08-07,5,PC2,0.03361892820520662,-0.00021669260894109643,0.033402235596265525,0.03276656463276466,0.0006356709635008673,PCA_RIDGE_VAR,PCA
2024-07-31,2024-08-07,5,PC3,0.0072283323748038655,-0.00014145693305343907,0.0070868754417504265,0.0077565443671154055,-0.0006696689253649791,PCA_RIDGE_VAR,PCA
2024-07-31,2024-08-14,10,beta0,0.02824518072711635,0.00019777882539192694,0.02844295955250828,0.027729254089854747,0.000713705462653532,NS_RIDGE,NS
2024-07-31,2024-08-14,10,beta1,0.007634787590296787,-0.0010046613282492496,0.006630126262047537,0.008103874860913263,-0.0014737485988657257,NS_RIDGE,NS
2024-07-31,2024-08-14,10,beta2,-0.03110322380881569,0.0006157234187120827,-0.03048750039010361,-0.034691619639792406,0.004204119249688797,NS_RIDGE,NS
2024-07-31,2024-08-14,10,beta0,0.02824518072711635,-4.57025816591431e-05,0.02819947814545721,0.027729254089854747,0.00047022405560246186,NS_ELASTICNET,NS
2024-07-31,2024-08-14,10,beta1,0.007634787590296787,7.780164888133897e-05,0.007712589239178126,0.008103874860913263,-0.00039128562173513723,NS_ELASTICNET,NS
2024-07-31,2024-08-14,10,beta2,-0.03110322380881569,-2.1970256759910476e-06,-0.031105420834491682,-0.034691619639792406,0.003586198805300724,NS_ELASTICNET,NS
2024-07-31,2024-08-14,10,PC1,0.034823168047044155,5.9206027601073244e-05,0.03488237407464523,0.03003369173685244,0.004848682337792787,PCA_RIDGE,PCA
2024-07-31,2024-08-14,10,PC2,0.03361892820520662,-0.0007298372401009429,0.03288909096510568,0.033560359060502476,-0.0006712680953967973,PCA_RIDGE,PCA
2024-07-31,2024-08-14,10,PC3,0.0072283323748038655,-0.00028200678032354375,0.0069463255944803215,0.008321598653730933,-0.001375273059250612,PCA_RIDGE,PCA
2024-07-31,2024-08-14,10,PC1,0.034823168047044155,-0.000578402690320716,0.03424476535672344,0.03003369173685244,0.0042110736198709975,PCA_RIDGE_VAR,PCA
2024-07-31,2024-08-14,10,PC2,0.03361892820520662,-0.0002679967629924396,0.03335093144221418,0.033560359060502476,-0.0002094276182882937,PCA_RIDGE_VAR,PCA
2024-07-31,2024-08-14,10,PC3,0.0072283323748038655,-0.0002541536662930121,0.006974178708510853,0.008321598653730933,-0.00134741994522008,PCA_RIDGE_VAR,PCA
2024-07-31,2024-08-30,22,beta0,0.02824518072711635,0.00037402843219834557,0.028619209159314696,0.028561580479351888,5.762867996280882e-05,NS_RIDGE,NS
2024-07-31,2024-08-30,22,beta1,0.007634787590296787,-0.0018736693704969759,0.005761118219799811,0.005976265457690948,-0.00021514723789113708,NS_RIDGE,NS
2024-07-31,2024-08-30,22,beta2,-0.03110322380881569,0.0011571461773432425,-0.02994607763147245,-0.031997292702855534,0.0020512150713830855,NS_RIDGE,NS
2024-07-31,2024-08-30,22,beta0,0.02824518072711635,-9.965666887209364e-05,0.028145524058244258,0.028561580479351888,-0.0004160564211076294,NS_ELASTICNET,NS
2024-07-31,2024-08-30,22,beta1,0.007634787590296787,0.00017016743100008774,0.0078049550212968746,0.005976265457690948,0.0018286895636059263,NS_ELASTICNET,NS
2024-07-31,2024-08-30,22,beta2,-0.03110322380881569,1.259552469936882e-05,-0.031090628284116323,-0.031997292702855534,0.0009066644187392114,NS_ELASTICNET,NS
2024-07-31,2024-08-30,22,PC1,0.034823168047044155,-0.00022091741739237386,0.03460225062965178,0.03317079833664151,0.0014314522930102755,PCA_RIDGE,PCA
2024-07-31,2024-08-30,22,PC2,0.03361892820520662,-0.0013213070144726603,0.03229762119073396,0.03126599394735955,0.0010316272433744111,PCA_RIDGE,PCA
2024-07-31,2024-08-30,22,PC3,0.0072283323748038655,-0.0006203691569196421,0.006607963217884223,0.007128037088294682,-0.0005200738704104584,PCA_RIDGE,PCA
2024-07-31,2024-08-30,22,PC1,0.034823168047044155,-0.0007122617859754016,0.03411090626106875,0.03317079833664151,0.0009401079244272456,PCA_RIDGE_VAR,PCA
2024-07-31,2024-08-30,22,PC2,0.03361892820520662,-0.00035800857833980654,0.033260919626866815,0.03126599394735955,0.0019949256795072645,PCA_RIDGE_VAR,PCA
2024-07-31,2024-08-30,22,PC3,0.0072283323748038655,-0.0005090617878620368,0.006719270586941829,0.007128037088294682,-0.000408766501352853,PCA_RIDGE_VAR,PCA
2024-08-30,2024-09-06,5,beta0,0.028561580479351888,0.00026618714864033765,0.028827767627992225,0.028272357173278383,0.0005554104547138422,NS_RIDGE,NS
2024-08-30,2024-09-06,5,beta1,0.005976265457690948,-0.00036645641305916,0.005609809044631788,0.00658046105230186,-0.0009706520076700718,NS_RIDGE,NS
2024-08-30,2024-09-06,5,beta2,-0.031997292702855534,0.00019142818855383362,-0.0318058645143017,-0.03523993834047193,0.0034340738261702253,NS_RIDGE,NS
2024-08-30,2024-09-06,5,beta0,0.028561580479351888,-2.3120273096843593e-05,0.028538460206255042,0.028272357173278383,0.00026610303297665977,NS_ELASTICNET,NS
2024-08-30,2024-09-06,5,beta1,0.005976265457690948,3.719388590772451e-05,0.006013459343598673,0.00658046105230186,-0.0005670017087031874,NS_ELASTICNET,NS
2024-08-30,2024-09-06,5,beta2,-0.031997292702855534,-5.4413963360829715e-06,-0.03200273409919162,-0.03523993834047193,0.0032372042412803087,NS_ELASTICNET,NS
2024-08-30,2024-09-06,5,PC1,0.033063129282452204,0.0010286884875949631,0.03409181777004717,0.02983163487169753,0.004260182898349639,PCA_RIDGE,PCA
2024-08-30,2024-09-06,5,PC2,0.03112447572109398,-0.0005197733398563834,0.030604702381237595,0.03147460247572072,-0.0008699000944831226,PCA_RIDGE,PCA
2024-08-30,2024-09-06,5,PC3,0.00702291727776319,-0.00015329608755180397,0.006869621190211386,0.008123095654795395,-0.0012534744645840094,PCA_RIDGE,PCA
2024-08-30,2024-09-06,5,PC1,0.033063129282452204,-0.0002562900620166758,0.03280683922043553,0.02983163487169753,0.002975204348737999,PCA_RIDGE_VAR,PCA
2024-08-30,2024-09-06,5,PC2,0.03112447572109398,-0.00010390739798969012,0.031020568323104288,0.03147460247572072,-0.0004540341526164289,PCA_RIDGE_VAR,PCA
2024-08-30,2024-09-06,5,PC3,0.00702291727776319,-0.00011008454814759403,0.006912832729615596,0.008123095654795395,-0.0012102629251797992,PCA_RIDGE_VAR,PCA
2024-08-30,2024-09-13,10,beta0,0.028561580479351888,0.0002643708021797669,0.028825951281531655,0.02839073612078997,0.00043521516074168307,NS_RIDGE,NS
2024-08-30,2024-09-13,10,beta1,0.005976265457690948,-0.0001988615724187064,0.005777403885272242,0.006707155430455289,-0.0009297515451830466,NS_RIDGE,NS
2024-08-30,2024-09-13,10,beta2,-0.031997292702855534,-1.0376847806796694e-05,-0.03200766955066233,-0.03861579993975759,0.00660813038909526,NS_RIDGE,NS
2024-08-30,2024-09-13,10,beta0,0.028561580479351888,-4.6796382894251004e-05,0.02851478409645764,0.02839073612078997,0.00012404797566766684,NS_ELASTICNET,NS
2024-08-30,2024-09-13,10,beta1,0.005976265457690948,7.529030500383234e-05,0.006051555762694781,0.006707155430455289,-0.0006555996677605081,NS_ELASTICNET,NS
2024-08-30,2024-09-13,10,beta2,-0.031997292702855534,-8.22554669673214e-06,-0.032005518249552264,-0.03861579993975759,0.006610281690205326,NS_ELASTICNET,NS
2024-08-30,2024-09-13,10,PC1,0.033063129282452204,0.0017293081042554894,0.034792437386707696,0.027737332939705248,0.0070551044470024485,PCA_RIDGE,PCA
2024-08-30,2024-09-13,10,PC2,0.03112447572109398,-0.0011533672427579706,0.029971108478336006,0.031258753427299106,-0.0012876449489631,PCA_RIDGE,PCA
2024-08-30,2024-09-13,10,PC3,0.00702291727776319,-0.0001699862459654298,0.00685293103179776,0.00912653193622396,-0.0022736009044261995,PCA_RIDGE,PCA
2024-08-30,2024-09-13,10,PC1,0.033063129282452204,-0.0003653830920969034,0.0326977461903553,0.027737332939705248,0.004960413250650053,PCA_RIDGE_VAR,PCA
2024-08-30,2024-09-13,10,PC2,0.03112447572109398,-0.00015399893608257845,0.0309704767850114,0.031258753427299106,-0.00028827664228770616,PCA_RIDGE_VAR,PCA
2024-08-30,2024-09-13,10,PC3,0.00702291727776319,-0.0002206457618782005,0.00680227151588499,0.00912653193622396,-0.00232426042033897,PCA_RIDGE_VAR,PCA
2024-08-30,2024-10-01,22,beta0,0.028561580479351888,0.00044681123377113556,0.029008391713123024,0.027820117537809982,0.0011882741753130414,NS_RIDGE,NS
2024-08-30,2024-10-01,22,beta1,0.005976265457690948,-0.0004483623166344273,0.005527903141056521,0.00491126132186198,0.0006166418191945414,NS_RIDGE,NS
2024-08-30,2024-10-01,22,beta2,-0.031997292702855534,-0.00030646075259128675,-0.032303753455446824,-0.03983606268864547,0.007532309233198649,NS_RIDGE,NS
2024-08-30,2024-10-01,22,beta0,0.028561580479351888,-0.0001036825276290911,0.028457897951722797,0.027820117537809982,0.0006377804139128147,NS_ELASTICNET,NS
2024-08-30,2024-10-01,22,beta1,0.005976265457690948,0.0001674651794241639,0.006143730637115112,0.00491126132186198,0.0012324693152531326,NS_ELASTICNET,NS
2024-08-30,2024-10-01,22,beta2,-0.031997292702855534,-1.4422898392476274e-05,-0.03201171560124801,-0.03983606268864547,0.00782434708739746,NS_ELASTICNET,NS
2024-08-30,2024-10-01,22,PC1,0.033063129282452204,0.002207874515728707,0.03527100379818091,0.021330595485606257,0.013940408312574655,PCA_RIDGE,PCA
2024-08-30,2024-10-01,22,PC2,0.03112447572109398,-0.0021255363722554985,0.02899893934883848,0.028800858293424728,0.0001980810554137527,PCA_RIDGE,PCA
2024-08-30,2024-10-01,22,PC3,0.00702291727776319,-0.00015207302084243403,0.0068708442569207565,0.009055497310801939,-0.0021846530538811824,PCA_RIDGE,PCA
2024-08-30,2024-10-01,22,PC1,0.033063129282452204,-0.0005900756740529478,0.032473053608399256,0.021330595485606257,0.011142458122792999,PCA_RIDGE_VAR,PCA
2024-08-30,2024-10-01,22,PC2,0.03112447572109398,-0.0002641018744245216,0.030860373846669457,0.028800858293424728,0.002059515553244729,PCA_RIDGE_VAR,PCA
2024-08-30,2024-10-01,22,PC3,0.00702291727776319,-0.0004725798445196277,0.006550337433243562,0.009055497310801939,-0.0025051598775583765,PCA_RIDGE_VAR,PCA
2024-09-30,2024-10-07,5,beta0,0.028669763014944068,2.7455337818648476e-05,0.028697218352762715,0.029300672807797468,-0.0006034544550347527,NS_RIDGE,NS
2024-09-30,2024-10-07,5,beta1,0.004174301477426366,-0.00035537151701406567,0.0038189299604123,0.0026164031556586004,0.0012025268047536996,NS_RIDGE,NS
2024-09-30,2024-10-07,5,beta2,-0.03858209310554639,0.00027184031589931064,-0.03831025278964708,-0.03335967988183578,-0.004950572907811299,NS_RIDGE,NS
2024-09-30,2024-10-07,5,beta0,0.028669763014944068,-2.247097426210234e-05,0.028647292040681966,0.029300672807797468,-0.0006533807671155016,NS_ELASTICNET,NS
2024-09-30,2024-10-07,5,beta1,0.004174301477426366,3.5252420285457214e-05,0.004209553897711823,0.0026164031556586004,0.0015931507420532225,NS_ELASTICNET,NS
2024-09-30,2024-10-07,5,beta2,-0.03858209310554639,-1.2442191020820986e-05,-0.03859453529656721,-0.03335967988183578,-0.005234855414731426,NS_ELASTICNET,NS
2024-09-30,2024-10-07,5,PC1,0.025279418268837856,-0.00012908293550119038,0.025150335333336667,0.030414139416026484,-0.005263804082689817,PCA_RIDGE,PCA
2024-09-30,2024-10-07,5,PC2,0.02801337946000716,-0.0005423946327806684,0.02747098482722649,0.02672346694229722,0.0007475178849292684,PCA_RIDGE,PCA
2024-09-30,2024-10-07,5,PC3,0.008546013773261916,-0.00017892890037654206,0.008367084872885374,0.00670967955245347,0.001657405320431904,PCA_RIDGE,PCA
2024-09-30,2024-10-07,5,PC1,0.025279418268837856,-0.00037098056119148556,0.02490843770764637,0.030414139416026484,-0.005505701708380113,PCA_RIDGE_VAR,PCA
2024-09-30,2024-10-07,5,PC2,0.02801337946000716,-0.000312552700722165,0.027700826759284994,0.02672346694229722,0.0009773598169877731,PCA_RIDGE_VAR,PCA
2024-09-30,2024-10-07,5,PC3,0.008546013773261916,-0.0001451860208415024,0.008400827752420414,0.00670967955245347,0.001691148199966944,PCA_RIDGE_VAR,PCA
2024-09-30,2024-10-14,10,beta0,0.028669763014944068,0.00032815406114988495,0.028997917076093952,0.029586087895011434,-0.0005881708189174814,NS_RIDGE,NS
2024-09-30,2024-10-14,10,beta1,0.004174301477426366,-0.0015105522133335074,0.0026637492640928587,0.00205637715631745,0.0006073721077754085,NS_RIDGE,NS
2024-09-30,2024-10-14,10,beta2,-0.03858209310554639,0.0007497633663769888,-0.0378323297391694,-0.032354119389640716,-0.005478210349528681,NS_RIDGE,NS
2024-09-30,2024-10-14,10,beta0,0.028669763014944068,-4.524492714336598e-05,0.028624518087800702,0.029586087895011434,-0.0009615698072107312,NS_ELASTICNET,NS
2024-09-30,2024-10-14,10,beta1,0.004174301477426366,7.176352508708949e-05,0.004246065002513455,0.00205637715631745,0.002189687846196005,NS_ELASTICNET,NS
2024-09-30,2024-10-14,10,beta2,-0.03858209310554639,-2.0199496531732964e-05,-0.03860229260207812,-0.032354119389640716,-0.006248173212437404,NS_ELASTICNET,NS
2024-09-30,2024-10-14,10,PC1,0.025279418268837856,-0.0003846658136411037,0.02489475245519675,0.03180658786799993,-0.006911835412803182,PCA_RIDGE,PCA
2024-09-30,2024-10-14,10,PC2,0.02801337946000716,-0.0011546730076177742,0.026858706452389386,0.026161015376868112,0.0006976910755212735,PCA_RIDGE,PCA
2024-09-30,2024-10-14,10,PC3,0.008546013773261916,-0.0002584984112563493,0.008287515362005567,0.006324100602043917,0.0019634147599616493,PCA_RIDGE,PCA
2024-09-30,2024-10-14,10,PC1,0.025279418268837856,-0.0006922227225753183,0.024587195546262538,0.03180658786799993,-0.007219392321737395,PCA_RIDGE_VAR,PCA
2024-09-30,2024-10-14,10,PC2,0.02801337946000716,-0.0003919720052547003,0.02762140745475246,0.026161015376868112,0.0014603920778843461,PCA_RIDGE_VAR,PCA
2024-09-30,2024-10-14,10,PC3,0.008546013773261916,-0.00028705821511628565,0.00825895555814563,0.006324100602043917,0.0019348549561017132,PCA_RIDGE_VAR,PCA
2024-09-30,2024-10-30,22,beta0,0.028669763014944068,9.604587985654886e-05,0.028765808894800616,0.02977570364636173,-0.0010098947515611127,NS_RIDGE,NS
2024-09-30,2024-10-30,22,beta1,0.004174301477426366,-0.001550690043084873,0.002623611434341493,-0.0003947749873810611,0.003018386421722554,NS_RIDGE,NS
2024-09-30,2024-10-30,22,beta2,-0.03858209310554639,0.0009284019707224499,-0.03765369113482394,-0.027448340073117677,-0.010205351061706263,NS_RIDGE,NS
2024-09-30,2024-10-30,22,beta0,0.028669763014944068,-0.00010076305540141091,0.02856899995954266,0.02977570364636173,-0.0012067036868190703,NS_ELASTICNET,NS
2024-09-30,2024-10-30,22,beta1,0.004174301477426366,0.00016092104708747234,0.004335222524513838,-0.0003947749873810611,0.004729997511894899,NS_ELASTICNET,NS
2024-09-30,2024-10-30,22,beta2,-0.03858209310554639,-3.18585682243013e-05,-0.03861395167377069,-0.027448340073117677,-0.011165611600653016,NS_ELASTICNET,NS
2024-09-30,2024-10-30,22,PC1,0.025279418268837856,-0.0010161457304993272,0.02426327253833853,0.03324287059664939,-0.008979598058310861,PCA_RIDGE,PCA
2024-09-30,2024-10-30,22,PC2,0.02801337946000716,-0.0023378821390685135,0.025675497320938646,0.02366738672628779,0.002008110594650857,PCA_RIDGE,PCA
2024-09-30,2024-10-30,22,PC3,0.008546013773261916,-0.0005929984633592313,0.007953015309902684,0.004292672935803292,0.0036603423740993925,PCA_RIDGE,PCA
2024-09-30,2024-10-30,22,PC1,0.025279418268837856,-0.0013686317958621075,0.02391078647297575,0.03324287059664939,-0.009332084123673642,PCA_RIDGE_VAR,PCA
2024-09-30,2024-10-30,22,PC2,0.02801337946000716,-0.0005440607204605652,0.027469318739546594,0.02366738672628779,0.0038019320132588047,PCA_RIDGE_VAR,PCA
2024-09-30,2024-10-30,22,PC3,0.008546013773261916,-0.000617812235859265,0.007928201537402651,0.004292672935803292,0.0036355286015993596,PCA_RIDGE_VAR,PCA
2024-10-31,2024-11-07,5,beta0,0.029664307356633893,0.00015409215997870342,0.029818399516612595,0.030484585880119573,-0.0006661863635069772,NS_RIDGE,NS
2024-10-31,2024-11-07,5,beta1,2.6617563222284396e-05,-2.5150528989075256e-05,1.4670342332091406e-06,-0.0012381082850819545,0.0012395753193151636,NS_RIDGE,NS
2024-10-31,2024-11-07,5,beta2,-0.025057059917173483,0.00023342589871586702,-0.024823634018457615,-0.027950368528591136,0.0031267345101335213,NS_RIDGE,NS
2024-10-31,2024-11-07,5,beta0,0.029664307356633893,-2.166124234984075e-05,0.029642646114284053,0.030484585880119573,-0.0008419397658355199,NS_ELASTICNET,NS
2024-10-31,2024-11-07,5,beta1,2.6617563222284396e-05,3.0742153364121897e-05,5.735971658640629e-05,-0.0012381082850819545,0.0012954680016683607,NS_ELASTICNET,NS
2024-10-31,2024-11-07,5,beta2,-0.025057059917173483,-2.65034566642343e-06,-0.025059710262839905,-0.027950368528591136,0.002890658265751231,NS_ELASTICNET,NS
2024-10-31,2024-11-07,5,PC1,0.035233055460539425,0.0011515381363861213,0.036384593596925544,0.03486217115084808,0.0015224224460774621,PCA_RIDGE,PCA
2024-10-31,2024-11-07,5,PC2,0.024310502955356795,-0.0006711723003664259,0.023639330654990368,0.022483035142618183,0.0011562955123721845,PCA_RIDGE,PCA
2024-10-31,2024-11-07,5,PC3,0.0035783572551527972,-0.0002304149653182073,0.00334794228983459,0.004323756585464763,-0.0009758142956301733,PCA_RIDGE,PCA
2024-10-31,2024-11-07,5,PC1,0.035233055460539425,0.0008962333912541642,0.03612928885179359,0.03486217115084808,0.0012671177009455081,PCA_RIDGE_VAR,PCA
2024-10-31,2024-11-07,5,PC2,0.024310502955356795,-0.0002694252316448355,0.02404107772371196,0.022483035142618183,0.0015580425810937763,PCA_RIDGE_VAR,PCA
2024-10-31,2024-11-07,5,PC3,0.0035783572551527972,-0.00017702905097839033,0.003401328204174407,0.004323756585464763,-0.0009224283812903564,PCA_RIDGE_VAR,PCA
2024-10-31,2024-11-14,10,beta0,0.029664307356633893,0.0003438019688042664,0.03000810932543816,0.02940472850680105,0.0006033808186371101,NS_RIDGE,NS
2024-10-31,2024-11-14,10,beta1,2.6617563222284396e-05,-0.00011206818543699916,-8.545062221471476e-05,-0.00016499279644056897,7.954217422585421e-05,NS_RIDGE,NS
2024-10-31,2024-11-14,10,beta2,-0.025057059917173483,-0.00044372502275230786,-0.025500784939925792,-0.02824593606272712,0.0027451511228013294,NS_RIDGE,NS
2024-10-31,2024-11-14,10,beta0,0.029664307356633893,-4.3216426422055186e-05,0.029621090930211837,0.02940472850680105,0.0002163624234107868,NS_ELASTICNET,NS
2024-10-31,2024-11-14,10,beta1,2.6617563222284396e-05,6.225681205986862e-05,8.887437528215301e-05,-0.00016499279644056897,0.000253867171722722,NS_ELASTICNET,NS
2024-10-31,2024-11-14,10,beta2,-0.025057059917173483,-7.054148033184963e-06,-0.02506411406520667,-0.02824593606272712,0.003181821997520453,NS_ELASTICNET,NS
2024-10-31,2024-11-14,10,PC1,0.035233055460539425,0.0013660630650691467,0.03659911852560857,0.031024641100326503,0.005574477425282068,PCA_RIDGE,PCA
2024-10-31,2024-11-14,10,PC2,0.024310502955356795,-0.0010092249117053807,0.023301278043651414,0.023611544576309908,-0.0003102665326584937,PCA_RIDGE,PCA
2024-10-31,2024-11-14,10,PC3,0.0035783572551527972,0.0001335465142917673,0.0037119037694445644,0.0045086177208649315,-0.0007967139514203671,PCA_RIDGE,PCA
2024-10-31,2024-11-14,10,PC1,0.035233055460539425,0.0009294937193880248,0.03616254917992745,0.031024641100326503,0.005137908079600947,PCA_RIDGE_VAR,PCA
2024-10-31,2024-11-14,10,PC2,0.024310502955356795,-0.00032360476380224185,0.023986898191554553,0.023611544576309908,0.0003753536152446453,PCA_RIDGE_VAR,PCA
2024-10-31,2024-11-14,10,PC3,0.0035783572551527972,-0.00021286510203366409,0.003365492153119133,0.0045086177208649315,-0.0011431255677457983,PCA_RIDGE_VAR,PCA
2024-10-31,2024-12-02,22,beta0,0.029664307356633893,0.0008601541089549947,0.03052446146558889,0.02633593581547324,0.004188525650115651,NS_RIDGE,NS
2024-10-31,2024-12-02,22,beta1,2.6617563222284396e-05,-0.0008442798500784165,-0.0008176622868561321,0.001839986462855308,-0.00265764874971144,NS_RIDGE,NS
2024-10-31,2024-12-02,22,beta2,-0.025057059917173483,-0.0018060790844063865,-0.02686313900157987,-0.030007170091985634,0.0031440310904057647,NS_RIDGE,NS
2024-10-31,2024-12-02,22,beta0,0.029664307356633893,-9.663276367594563e-05,0.02956767459295795,0.02633593581547324,0.00323173877748471,NS_ELASTICNET,NS
2024-10-31,2024-12-02,22,beta1,2.6617563222284396e-05,0.00014227517582134598,0.00016889273904363038,0.001839986462855308,-0.0016710937238116775,NS_ELASTICNET,NS
2024-10-31,2024-12-02,22,beta2,-0.025057059917173483,-1.5058855107507533e-05,-0.02507211877228099,-0.030007170091985634,0.004935051319704644,NS_ELASTICNET,NS
2024-10-31,2024-12-02,22,PC1,0.035233055460539425,0.0012860236767872272,0.03651907913732665,0.017778653423127053,0.0187404257141996,PCA_RIDGE,PCA
2024-10-31,2024-12-02,22,PC2,0.024310502955356795,-0.0010131038568147164,0.023297399098542077,0.025638925523027174,-0.0023415264244850964,PCA_RIDGE,PCA
2024-10-31,2024-12-02,22,PC3,0.0035783572551527972,0.0004760260762996584,0.004054383331452456,0.005063625891358038,-0.0010092425599055824,PCA_RIDGE,PCA
2024-10-31,2024-12-02,22,PC1,0.035233055460539425,0.0010023821310873593,0.036235437591626785,0.017778653423127053,0.018456784168499732,PCA_RIDGE_VAR,PCA
2024-10-31,2024-12-02,22,PC2,0.024310502955356795,-0.00044895018152488544,0.02386155277383191,0.025638925523027174,-0.0017773727491952641,PCA_RIDGE_VAR,PCA
2024-10-31,2024-12-02,22,PC3,0.0035783572551527972,-0.0003036430904817698,0.0032747141646710274,0.005063625891358038,-0.0017889117266870107,PCA_RIDGE_VAR,PCA
2024-11-29,2024-12-06,5,beta0,0.02644546312166902,0.0001661916932292625,0.026611654814898283,0.02587993414692254,0.0007317206679757424,NS_RIDGE,NS
2024-11-29,2024-12-06,5,beta1,0.0015183251814031122,-0.00017009141394969902,0.0013482337674534132,0.0018743161523288206,-0.0005260823848754074,NS_RIDGE,NS
2024-11-29,2024-12-06,5,beta2,-0.027639285794355452,-0.0005312176688065662,-0.02817050346316202,-0.02553221178040037,-0.0026382916827616502,NS_RIDGE,NS
2024-11-29,2024-12-06,5,beta0,0.02644546312166902,-2.4209382781137233e-05,0.026421253738887884,0.02587993414692254,0.0005413195919653432,NS_ELASTICNET,NS
2024-11-29,2024-12-06,5,beta1,0.0015183251814031122,3.1717391884555413e-05,0.0015500425732876675,0.0018743161523288206,-0.00032427357904115306,NS_ELASTICNET,NS
2024-11-29,2024-12-06,5,beta2,-0.027639285794355452,-3.681111646437376e-08,-0.027639322605471917,-0.02553221178040037,-0.002107110825071548,NS_ELASTICNET,NS
2024-11-29,2024-12-06,5,PC1,0.019720572822652792,0.00018396583852055775,0.019904538661173348,0.01930634013812746,0.000598198523045889,PCA_RIDGE,PCA
2024-11-29,2024-12-06,5,PC2,0.0254181588019088,-0.00034656410803446505,0.025071594693874336,0.026084552767093542,-0.0010129580732192063,PCA_RIDGE,PCA
2024-11-29,2024-12-06,5,PC3,0.004242764506195685,0.0001496555776015932,0.004392420083797278,0.0035689283539935036,0.0008234917298037747,PCA_RIDGE,PCA
2024-11-29,2024-12-06,5,PC1,0.019720572822652792,-0.00011426055683572134,0.01960631226581707,0.01930634013812746,0.0002999721276896114,PCA_RIDGE_VAR,PCA
2024-11-29,2024-12-06,5,PC2,0.0254181588019088,-0.00012303616321659647,0.025295122638692203,0.026084552767093542,-0.0007894301284013389,PCA_RIDGE_VAR,PCA
2024-11-29,2024-12-06,5,PC3,0.004242764506195685,-7.23164553490729e-05,0.004170448050846612,0.0035689283539935036,0.0006015196968531082,PCA_RIDGE_VAR,PCA
2024-11-29,2024-12-13,10,beta0,0.02644546312166902,0.0005068457868405994,0.02695230890850962,0.027958545483337673,-0.0010062365748280538,NS_RIDGE,NS
2024-11-29,2024-12-13,10,beta1,0.0015183251814031122,-0.0005498854627410782,0.000968439718662034,-0.0013826853198534734,0.0023511250385155075,NS_RIDGE,NS
2024-11-29,2024-12-13,10,beta2,-0.027639285794355452,-0.0005601628190008404,-0.02819944861335629,-0.024889305906551668,-0.003310142706804624,NS_RIDGE,NS
2024-11-29,2024-12-13,10,beta0,0.02644546312166902,-4.6399794740962446e-05,0.026399063326928058,0.027958545483337673,-0.0015594821564096153,NS_ELASTICNET,NS
2024-11-29,2024-12-13,10,beta1,0.0015183251814031122,6.215417995571732e-05,0.0015804793613588294,-0.0013826853198534734,0.0029631646812123026,NS_ELASTICNET,NS
2024-11-29,2024-12-13,10,beta2,-0.027639285794355452,1.6728843713739715e-06,-0.02763761290998408,-0.024889305906551668,-0.0027483070034324125,NS_ELASTICNET,NS
2024-11-29,2024-12-13,10,PC1,0.019720572822652792,0.001355066819877203,0.021075639642529995,0.025017296556350127,-0.003941656913820132,PCA_RIDGE,PCA
2024-11-29,2024-12-13,10,PC2,0.0254181588019088,-0.0008328310078106293,0.02458532779409817,0.022251570308388043,0.002333757485710127,PCA_RIDGE,PCA
2024-11-29,2024-12-13,10,PC3,0.004242764506195685,0.00010643829450169904,0.004349202800697384,0.0030658154313205795,0.0012833873693768047,PCA_RIDGE,PCA
2024-11-29,2024-12-13,10,PC1,0.019720572822652792,-0.00014495559232379981,0.019575617230328992,0.025017296556350127,-0.005441679326021135,PCA_RIDGE_VAR,PCA
2024-11-29,2024-12-13,10,PC2,0.0254181588019088,-0.00018424382834357836,0.02523391497356522,0.022251570308388043,0.0029823446651771786,PCA_RIDGE_VAR,PCA
2024-11-29,2024-12-13,10,PC3,0.004242764506195685,-0.00013798388535694872,0.004104780620838736,0.0030658154313205795,0.0010389651895181566,PCA_RIDGE_VAR,PCA
2024-11-29,2025-01-06,22,beta0,0.02644546312166902,0.0007655363912809123,0.027210999512949932,0.029896896713287012,-0.00268589720033708,NS_RIDGE,NS
2024-11-29,2025-01-06,22,beta1,0.0015183251814031122,-0.0008666315851752635,0.0006516935962278487,-0.00298834322929443,0.0036400368255222787,NS_RIDGE,NS
2024-11-29,2025-01-06,22,beta2,-0.027639285794355452,0.00012310040767196206,-0.02751618538668349,-0.022195677738350024,-0.005320507648333465,NS_RIDGE,NS
2024-11-29,2025-01-06,22,beta0,0.02644546312166902,-9.856271978197547e-05,0.026346900401887044,0.029896896713287012,-0.003549996311399968,NS_ELASTICNET,NS
2024-11-29,2025-01-06,22,beta1,0.0015183251814031122,0.00013458254606023753,0.0016529077274633497,-0.00298834322929443,0.004641250956757779,NS_ELASTICNET,NS
2024-11-29,2025-01-06,22,beta2,-0.027639285794355452,1.0765883388288353e-05,-0.027628519910967164,-0.022195677738350024,-0.0054328421726171396,NS_ELASTICNET,NS
2024-11-29,2025-01-06,22,PC1,0.019720572822652792,0.002752542218150222,0.022473115040803016,0.03421212604234454,-0.011739011001541524,PCA_RIDGE,PCA
2024-11-29,2025-01-06,22,PC2,0.0254181588019088,-0.0013358345178958247,0.024082324284012975,0.02075669770485545,0.0033256265791575257,PCA_RIDGE,PCA
2024-11-29,2025-01-06,22,PC3,0.004242764506195685,-9.5097042869793e-05,0.004147667463325891,0.0021116784429133662,0.002035989020412525,PCA_RIDGE,PCA
2024-11-29,2025-01-06,22,PC1,0.019720572822652792,-0.0001907724124067811,0.01952980041024601,0.03421212604234454,-0.01468232563209853,PCA_RIDGE_VAR,PCA
2024-11-29,2025-01-06,22,PC2,0.0254181588019088,-0.0003096937858560779,0.02510846501605272,0.02075669770485545,0.004351767311197272,PCA_RIDGE_VAR,PCA
2024-11-29,2025-01-06,22,PC3,0.004242764506195685,-0.0002888795677415462,0.003953884938454139,0.0021116784429133662,0.0018422064955407724,PCA_RIDGE_VAR,PCA
2024-12-30,2025-01-08,5,beta0,0.029230480641959104,0.0002714789777263286,0.029501959619685433,0.03117251350805704,-0.0016705538883716071,NS_RIDGE,NS
2024-12-30,2025-01-08,5,beta1,-0.0031669052433278503,-0.0003111571538017882,-0.0034780623971296387,-0.0035037048965297895,2.5642499400150773e-05,NS_RIDGE,NS
2024-12-30,2025-01-08,5,beta2,-0.023716845761407385,-0.0008226594398461784,-0.024539505201253562,-0.025291733820264124,0.0007522286190105622,NS_RIDGE,NS
2024-12-30,2025-01-08,5,beta0,0.029230480641959104,-2.2351537302220033e-05,0.029208129104656883,0.03117251350805704,-0.0019643844034001566,NS_ELASTICNET,NS
2024-12-30,2025-01-08,5,beta1,-0.0031669052433278503,2.8389973228392653e-05,-0.0031385152700994577,-0.0035037048965297895,0.0003651896264303318,NS_ELASTICNET,NS
2024-12-30,2025-01-08,5,beta2,-0.023716845761407385,1.812177071328953e-06,-0.023715033584336055,-0.025291733820264124,0.001576700235928069,NS_ELASTICNET,NS
2024-12-30,2025-01-08,5,PC1,0.029396588117670683,0.00020078500780689717,0.02959737312547758,0.036881236433016176,-0.007283863307538597,PCA_RIDGE,PCA
2024-12-30,2025-01-08,5,PC2,0.020177424801129672,-0.0006178780089585638,0.019559546792171107,0.0197870597191282,-0.00022751292695709358,PCA_RIDGE,PCA
2024-12-30,2025-01-08,5,PC3,0.002440272551446873,0.00021172569342603316,0.002651998244872906,0.003111375058633953,-0.0004593768137610473,PCA_RIDGE,PCA
2024-12-30,2025-01-08,5,PC1,0.029396588117670683,0.0001288707784821673,0.02952545889615285,0.036881236433016176,-0.0073557775368633255,PCA_RIDGE_VAR,PCA
2024-12-30,2025-01-08,5,PC2,0.020177424801129672,-0.0003160675221975835,0.01986135727893209,0.0197870597191282,7.429755980388822e-05,PCA_RIDGE_VAR,PCA
2024-12-30,2025-01-08,5,PC3,0.002440272551446873,0.00010691422287169945,0.0025471867743185723,0.003111375058633953,-0.0005641882843153809,PCA_RIDGE_VAR,PCA
2024-12-30,2025-01-15,10,beta0,0.029230480641959104,0.0006717387508960068,0.02990221939285511,0.03107462008966388,-0.001172400696808771,NS_RIDGE,NS
2024-12-30,2025-01-15,10,beta1,-0.0031669052433278503,-0.0011095443624634018,-0.004276449605791252,-0.004435104100628135,0.00015865449483688267,NS_RIDGE,NS
2024-12-30,2025-01-15,10,beta2,-0.023716845761407385,-0.0008533307092430272,-0.024570176470650414,-0.021961323131304458,-0.0026088533393459554,NS_RIDGE,NS
2024-12-30,2025-01-15,10,beta0,0.029230480641959104,-4.546358832492008e-05,0.029185017053634184,0.03107462008966388,-0.0018896030360296967,NS_ELASTICNET,NS
2024-12-30,2025-01-15,10,beta1,-0.0031669052433278503,5.709197513348054e-05,-0.00310981326819437,-0.004435104100628135,0.001325290832433765,NS_ELASTICNET,NS
2024-12-30,2025-01-15,10,beta2,-0.023716845761407385,6.7208396492715065e-06,-0.023710124921758113,-0.021961323131304458,-0.0017488017904536551,NS_ELASTICNET,NS
2024-12-30,2025-01-15,10,PC1,0.029396588117670683,0.0003969100910655761,0.02979349820873626,0.03784206499604936,-0.008048566787313104,PCA_RIDGE,PCA
2024-12-30,2025-01-15,10,PC2,0.020177424801129672,-0.0011049056501985627,0.01907251915093111,0.019024819776100738,4.769937483037334e-05,PCA_RIDGE,PCA
2024-12-30,2025-01-15,10,PC3,0.002440272551446873,0.0002153137612383516,0.002655586312685224,0.0018494357769862028,0.0008061505356990214,PCA_RIDGE,PCA
2024-12-30,2025-01-15,10,PC1,0.029396588117670683,9.592094181324132e-05,0.029492509059483925,0.03784206499604936,-0.008349555936565438,PCA_RIDGE_VAR,PCA
2024-12-30,2025-01-15,10,PC2,0.020177424801129672,-0.0003792996986539329,0.01979812510247574,0.019024819776100738,0.0007733053263750019,PCA_RIDGE_VAR,PCA
2024-12-30,2025-01-15,10,PC3,0.002440272551446873,8.33586641797346e-05,0.0025236312156266074,0.0018494357769862028,0.0006741954386404046,PCA_RIDGE_VAR,PCA
2024-12-30,2025-01-31,22,beta0,0.029230480641959104,0.00047652170096880745,0.02970700234292791,0.03022126298190553,-0.0005142606389776198,NS_RIDGE,NS
2024-12-30,2025-01-31,22,beta1,-0.0031669052433278503,-0.001024851496213157,-0.004191756739541007,-0.005374856653234358,0.001183099913693351,NS_RIDGE,NS
2024-12-30,2025-01-31,22,beta2,-0.023716845761407385,-0.0008517125743847766,-0.024568558335792162,-0.021580665236121677,-0.0029878930996704856,NS_RIDGE,NS
2024-12-30,2025-01-31,22,beta0,0.029230480641959104,-0.00010482098638173527,0.02912565965557737,0.03022126298190553,-0.001095603326328163,NS_ELASTICNET,NS
2024-12-30,2025-01-31,22,beta1,-0.0031669052433278503,0.00013245921526171714,-0.0030344460280661333,-0.005374856653234358,0.0023404106251682247,NS_ELASTICNET,NS
2024-12-30,2025-01-31,22,beta2,-0.023716845761407385,1.6749740470711404e-05,-0.023700096020936673,-0.021580665236121677,-0.0021194307848149962,NS_ELASTICNET,NS
2024-12-30,2025-01-31,22,PC1,0.029396588117670683,0.0008501412165088656,0.03024672933417955,0.03268593966707646,-0.002439210332896912,PCA_RIDGE,PCA
2024-12-30,2025-01-31,22,PC2,0.020177424801129672,-0.0027312761521074078,0.017446148649022265,0.017802617231796228,-0.0003564685827739632,PCA_RIDGE,PCA
2024-12-30,2025-01-31,22,PC3,0.002440272551446873,-2.6505331895045736e-05,0.002413767219551827,0.0014255958241880754,0.0009881713953637516,PCA_RIDGE,PCA
2024-12-30,2025-01-31,22,PC1,0.029396588117670683,0.00012082453384589659,0.02951741265151658,0.03268593966707646,-0.0031685270155598806,PCA_RIDGE_VAR,PCA
2024-12-30,2025-01-31,22,PC2,0.020177424801129672,-0.0004926182541123841,0.019684806547017288,0.017802617231796228,0.0018821893152210604,PCA_RIDGE_VAR,PCA
2024-12-30,2025-01-31,22,PC3,0.002440272551446873,1.9253933047112988e-05,0.002459526484493986,0.0014255958241880754,0.0010339306603059104,PCA_RIDGE_VAR,PCA
2025-01-31,2025-02-07,5,beta0,0.03022126298190553,0.0002043281563853474,0.030425591138290877,0.029318903103868303,0.001106688034422574,NS_RIDGE,NS
2025-01-31,2025-02-07,5,beta1,-0.005374856653234358,-0.0005977131500882821,-0.00597256980332264,-0.00499984597186212,-0.0009727238314605202,NS_RIDGE,NS
2025-01-31,2025-02-07,5,beta2,-0.021580665236121677,-0.0003180037612474783,-0.021898668997369156,-0.02071049139414832,-0.0011881776032208365,NS_RIDGE,NS
2025-01-31,2025-02-07,5,beta0,0.03022126298190553,-2.0727447839112203e-05,0.03020053553406642,0.029318903103868303,0.000881632430198117,NS_ELASTICNET,NS
2025-01-31,2025-02-07,5,beta1,-0.005374856653234358,2.5361894917287824e-05,-0.00534949475831707,-0.00499984597186212,-0.0003496487864549508,NS_ELASTICNET,NS
2025-01-31,2025-02-07,5,beta2,-0.021580665236121677,6.71403037997111e-06,-0.021573951205741706,-0.02071049139414832,-0.0008634598115933867,NS_ELASTICNET,NS
2025-01-31,2025-02-07,5,PC1,0.032543378805624995,-0.00010368292109846805,0.032439695884526526,0.029504149098491098,0.0029355467860354284,PCA_RIDGE,PCA
2025-01-31,2025-02-07,5,PC2,0.01770632673011153,-0.0009374356380332944,0.01676889109207824,0.018189742460235636,-0.0014208513681573977,PCA_RIDGE,PCA
2025-01-31,2025-02-07,5,PC3,0.0014144574732997536,1.7677619117492482e-05,0.0014321350924172461,0.0010995752372583729,0.00033255985515887325,PCA_RIDGE,PCA
2025-01-31,2025-02-07,5,PC1,0.032543378805624995,-0.00046779104409144096,0.032075587761533554,0.029504149098491098,0.0025714386630424566,PCA_RIDGE_VAR,PCA
2025-01-31,2025-02-07,5,PC2,0.01770632673011153,-0.00021414992738333014,0.0174921768027282,0.018189742460235636,-0.0006975656575074346,PCA_RIDGE_VAR,PCA
2025-01-31,2025-02-07,5,PC3,0.0014144574732997536,2.7409135603562174e-05,0.0014418666089033158,0.0010995752372583729,0.0003422913716449429,PCA_RIDGE_VAR,PCA
2025-01-31,2025-02-14,10,beta0,0.03022126298190553,0.00043803107121001366,0.030659294053115543,0.029635205889100014,0.0010240881640155297,NS_RIDGE,NS
2025-01-31,2025-02-14,10,beta1,-0.005374856653234358,-0.0010515695188911289,-0.0064264261721254864,-0.005462905207888044,-0.0009635209642374423,NS_RIDGE,NS
2025-01-31,2025-02-14,10,beta2,-0.021580665236121677,-9.668735334365028e-05,-0.021677352589465328,-0.019944458164035814,-0.0017328944254295132,NS_RIDGE,NS
2025-01-31,2025-02-14,10,beta0,0.03022126298190553,-4.118559381649752e-05,0.030180077388089033,0.029635205889100014,0.0005448714989890191,NS_ELASTICNET,NS
2025-01-31,2025-02-14,10,beta1,-0.005374856653234358,5.117757153616446e-05,-0.005323679081698194,-0.005462905207888044,0.00013922612618985034,NS_ELASTICNET,NS
2025-01-31,2025-02-14,10,beta2,-0.021580665236121677,1.5065887293783923e-05,-0.02156559934882789,-0.019944458164035814,-0.001621141184792077,NS_ELASTICNET,NS
2025-01-31,2025-02-14,10,PC1,0.032543378805624995,0.00035187439775950465,0.0328952532033845,0.03098410853301646,0.0019111446703680424,PCA_RIDGE,PCA
2025-01-31,2025-02-14,10,PC2,0.01770632673011153,-0.0012858329600981672,0.016420493770013363,0.017722761120764683,-0.0013022673507513197,PCA_RIDGE,PCA
2025-01-31,2025-02-14,10,PC3,0.0014144574732997536,-9.723995958079629e-05,0.0013172175137189572,0.0008510669808735067,0.0004661505328454505,PCA_RIDGE,PCA
2025-01-31,2025-02-14,10,PC1,0.032543378805624995,-0.0004358626024019499,0.032107516203223045,0.03098410853301646,0.0011234076702065846,PCA_RIDGE_VAR,PCA
2025-01-31,2025-02-14,10,PC2,0.01770632673011153,-0.0002647430606462983,0.017441583669465233,0.017722761120764683,-0.0002811774512994497,PCA_RIDGE_VAR,PCA
2025-01-31,2025-02-14,10,PC3,0.0014144574732997536,2.1192673168223593e-05,0.0014356501464679772,0.0008510669808735067,0.0005845831655944705,PCA_RIDGE_VAR,PCA
2025-01-31,2025-03-04,22,beta0,0.03022126298190553,0.0005325247012272922,0.030753787683132822,0.03211904851028537,-0.0013652608271525445,NS_RIDGE,NS
2025-01-31,2025-03-04,22,beta1,-0.005374856653234358,-0.0012235684372261708,-0.006598425090460529,-0.008411385983889443,0.001812960893428914,NS_RIDGE,NS
2025-01-31,2025-03-04,22,beta2,-0.021580665236121677,0.00023090324590491196,-0.021349761990216765,-0.026227633691248538,0.004877871701031773,NS_RIDGE,NS
2025-01-31,2025-03-04,22,beta0,0.03022126298190553,-9.02977706338794e-05,0.030130965211271652,0.03211904851028537,-0.0019880832990137147,NS_ELASTICNET,NS
2025-01-31,2025-03-04,22,beta1,-0.005374856653234358,0.00011444754555340902,-0.005260409107680949,-0.008411385983889443,0.0031509768762084936,NS_ELASTICNET,NS
2025-01-31,2025-03-04,22,beta2,-0.021580665236121677,3.423885738514504e-05,-0.021546426378736532,-0.026227633691248538,0.004681207312512006,NS_ELASTICNET,NS
2025-01-31,2025-03-04,22,PC1,0.032543378805624995,0.0008292882719537448,0.03337266707757874,0.03323897504725627,0.00013369203032246452,PCA_RIDGE,PCA
2025-01-31,2025-03-04,22,PC2,0.01770632673011153,-0.0026651256828728372,0.015041201047238694,0.013607310854085166,0.001433890193153528,PCA_RIDGE,PCA
2025-01-31,2025-03-04,22,PC3,0.0014144574732997536,-0.0003039578383498628,0.0011104996349498909,0.0025482182497669603,-0.0014377186148170694,PCA_RIDGE,PCA
2025-01-31,2025-03-04,22,PC1,0.032543378805624995,-0.00031820854777313973,0.032225170257851855,0.03323897504725627,-0.001013804789404417,PCA_RIDGE_VAR,PCA
2025-01-31,2025-03-04,22,PC2,0.01770632673011153,-0.00035907166746074193,0.01734725506265079,0.013607310854085166,0.0037399442085656234,PCA_RIDGE_VAR,PCA
2025-01-31,2025-03-04,22,PC3,0.0014144574732997536,1.6050429612808528e-05,0.0014305079029125621,0.0025482182497669603,-0.0011177103468543981,PCA_RIDGE_VAR,PCA
2025-02-28,2025-03-07,5,beta0,0.030038279770580545,2.278112014297737e-05,0.030061060890723523,0.034336932577126986,-0.004275871686403462,NS_RIDGE,NS
2025-02-28,2025-03-07,5,beta1,-0.0069781940190374245,-0.0001749909788151428,-0.007153184997852567,-0.011341709509675928,0.004188524511823361,NS_RIDGE,NS
2025-02-28,2025-03-07,5,beta2,-0.021684392602378488,0.00033436933365513173,-0.021350023268723355,-0.01894226464164824,-0.002407758627075117,NS_RIDGE,NS
2025-02-28,2025-03-07,5,beta0,0.030038279770580545,-2.092429957662415e-05,0.030017355471003922,0.034336932577126986,-0.004319577106123063,NS_ELASTICNET,NS
2025-02-28,2025-03-07,5,beta1,-0.0069781940190374245,2.3614372547286665e-05,-0.006954579646490138,-0.011341709509675928,0.00438712986318579,NS_ELASTICNET,NS
2025-02-28,2025-03-07,5,beta2,-0.021684392602378488,5.860280655386108e-06,-0.0216785323217231,-0.01894226464164824,-0.0027362676800748616,NS_ELASTICNET,NS
2025-02-28,2025-03-07,5,PC1,0.029098218684688388,-5.918125054922143e-05,0.029039037434139166,0.04558101468316968,-0.01654197724903051,PCA_RIDGE,PCA
2025-02-28,2025-03-07,5,PC2,0.015621948762137685,-0.00012790810664264316,0.01549404065549504,0.010862804983523811,0.00463123567197123,PCA_RIDGE,PCA
2025-02-28,2025-03-07,5,PC3,0.00113742990034763,-0.00013294008914574174,0.0010044898112018881,-6.431966314788314e-05,0.0010688094743497713,PCA_RIDGE,PCA
2025-02-28,2025-03-07,5,PC1,0.029098218684688388,-0.00021564776353514073,0.028882570921153247,0.04558101468316968,-0.01669844376201643,PCA_RIDGE_VAR,PCA
2025-02-28,2025-03-07,5,PC2,0.015621948762137685,-1.2074965238979829e-05,0.015609873796898705,0.010862804983523811,0.004747068813374894,PCA_RIDGE_VAR,PCA
2025-02-28,2025-03-07,5,PC3,0.00113742990034763,1.2289565617619978e-05,0.00114971946596525,-6.431966314788314e-05,0.001214039129113133,PCA_RIDGE_VAR,PCA
2025-02-28,2025-03-14,10,beta0,0.030038279770580545,5.84659564691591e-05,0.030096745727049703,0.03586812423907325,-0.005771378512023546,NS_RIDGE,NS
2025-02-28,2025-03-14,10,beta1,-0.0069781940190374245,-0.0003502697992155418,-0.007328463818252967,-0.012759902991172432,0.005431439172919466,NS_RIDGE,NS
2025-02-28,2025-03-14,10,beta2,-0.021684392602378488,-4.735386533694857e-05,-0.021731746467715436,-0.021936132030667813,0.00020438556295237706,NS_RIDGE,NS
2025-02-28,2025-03-14,10,beta0,0.030038279770580545,-4.1539503049324225e-05,0.02999674026753122,0.03586812423907325,-0.005871383971542028,NS_ELASTICNET,NS
2025-02-28,2025-03-14,10,beta1,-0.0069781940190374245,4.7152781113259806e-05,-0.0069310412379241645,-0.012759902991172432,0.005828861753248268,NS_ELASTICNET,NS
2025-02-28,2025-03-14,10,beta2,-0.021684392602378488,1.599523590916074e-05,-0.021668397366469326,-0.021936132030667813,0.0002677346641984865,NS_ELASTICNET,NS
2025-02-28,2025-03-14,10,PC1,0.029098218684688388,-0.0003320115001293295,0.028766207184559058,0.04830536042723453,-0.019539153242675474,PCA_RIDGE,PCA
2025-02-28,2025-03-14,10,PC2,0.015621948762137685,-0.0005694533980504968,0.015052495364087188,0.008892009548580921,0.006160485815506267,PCA_RIDGE,PCA
2025-02-28,2025-03-14,10,PC3,0.00113742990034763,-8.131621400458856e-05,0.0010561136863430414,0.0008200792877188536,0.0002360343986241879,PCA_RIDGE,PCA
2025-02-28,2025-03-14,10,PC1,0.029098218684688388,-0.00018095162199852424,0.028917267062689864,0.04830536042723453,-0.019388093364544667,PCA_RIDGE_VAR,PCA
2025-02-28,2025-03-14,10,PC2,0.015621948762137685,-5.106857480301902e-05,0.015570880187334666,0.008892009548580921,0.006678870638753744,PCA_RIDGE_VAR,PCA
2025-02-28,2025-03-14,10,PC3,0.00113742990034763,1.2629999483225246e-05,0.0011500598998308552,0.0008200792877188536,0.0003299806121120016,PCA_RIDGE_VAR,PCA
2025-02-28,2025-04-01,22,beta0,0.030038279770580545,0.00023837504815009782,0.030276654818730642,0.034272546416315955,-0.0039958915975853125,NS_RIDGE,NS
2025-02-28,2025-04-01,22,beta1,-0.0069781940190374245,-0.000986282662069762,-0.007964476681107186,-0.011633496962905446,0.0036690202817982603,NS_RIDGE,NS
2025-02-28,2025-04-01,22,beta2,-0.021684392602378488,-0.00017810147906054723,-0.021862494081439036,-0.024935038266797962,0.003072544185358926,NS_RIDGE,NS
2025-02-28,2025-04-01,22,beta0,0.030038279770580545,-9.3117319063868e-05,0.029945162451516676,0.034272546416315955,-0.004327383964799279,NS_ELASTICNET,NS
2025-02-28,2025-04-01,22,beta1,-0.0069781940190374245,0.00010694876699251797,-0.006871245252044906,-0.011633496962905446,0.00476225171086054,NS_ELASTICNET,NS
2025-02-28,2025-04-01,22,beta2,-0.021684392602378488,3.972938681266735e-05,-0.02164466321556582,-0.024935038266797962,0.0032903750512321417,NS_ELASTICNET,NS
2025-02-28,2025-04-01,22,PC1,0.029098218684688388,-0.00064911287997544,0.028449105804712948,0.03979221085126809,-0.011343105046555144,PCA_RIDGE,PCA
2025-02-28,2025-04-01,22,PC2,0.015621948762137685,-0.0013331602510062467,0.014288788511131438,0.009792334720328472,0.004496453790802966,PCA_RIDGE,PCA
2025-02-28,2025-04-01,22,PC3,0.00113742990034763,-0.00011896275373239394,0.001018467146615236,0.0018063889883746954,-0.0007879218417594595,PCA_RIDGE,PCA
2025-02-28,2025-04-01,22,PC1,0.029098218684688388,-8.547389498840888e-05,0.02901274478969998,0.03979221085126809,-0.010779466061568113,PCA_RIDGE_VAR,PCA
2025-02-28,2025-04-01,22,PC2,0.015621948762137685,-0.0001335102525899367,0.015488438509547748,0.009792334720328472,0.005696103789219276,PCA_RIDGE_VAR,PCA
2025-02-28,2025-04-01,22,PC3,0.00113742990034763,1.5462158145313626e-05,0.0011528920584929435,0.0018063889883746954,-0.0006534969298817518,PCA_RIDGE_VAR,PCA
2025-03-31,2025-04-07,5,beta0,0.03480547630260822,1.9230519203181158e-05,0.0348247068218114,0.035114868433133,-0.00029016161132160156,NS_RIDGE,NS
2025-03-31,2025-04-07,5,beta1,-0.012528811224116348,-0.00012333037055376573,-0.012652141594670114,-0.012608272952828577,-4.386864184153724e-05,NS_RIDGE,NS
2025-03-31,2025-04-07,5,beta2,-0.025210657141327055,0.00018196295823500066,-0.025028694183092056,-0.032833957305093045,0.007805263122000989,NS_RIDGE,NS
2025-03-31,2025-04-07,5,beta0,0.03480547630260822,-1.6164366773953063e-05,0.03478931193583427,0.035114868433133,-0.0003255564972987346,NS_ELASTICNET,NS
2025-03-31,2025-04-07,5,beta1,-0.012528811224116348,1.7944002426619923e-05,-0.012510867221689728,-0.012608272952828577,9.740573113884918e-05,NS_ELASTICNET,NS
2025-03-31,2025-04-07,5,beta2,-0.025210657141327055,3.3119424627220974e-06,-0.025207345198864334,-0.032833957305093045,0.007626612106228711,NS_ELASTICNET,NS
2025-03-31,2025-04-07,5,PC1,0.04061771444802606,2.3638498754597917e-05,0.04064135294678066,0.035559313790767585,0.005082039156013074,PCA_RIDGE,PCA
2025-03-31,2025-04-07,5,PC2,0.0086640450267694,-0.00011646109407658819,0.008547583932692811,0.007711059143841372,0.000836524788851439,PCA_RIDGE,PCA
2025-03-31,2025-04-07,5,PC3,0.001763740190667218,-6.209488679716903e-05,0.001701645303870049,0.00419764203326891,-0.002495996729398861,PCA_RIDGE,PCA
2025-03-31,2025-04-07,5,PC1,0.04061771444802606,-0.0001795318721203934,0.040438182575905667,0.035559313790767585,0.004878868785138081,PCA_RIDGE_VAR,PCA
2025-03-31,2025-04-07,5,PC2,0.0086640450267694,-2.3032159284414738e-05,0.008641012867484985,0.007711059143841372,0.0009299537236436128,PCA_RIDGE_VAR,PCA
2025-03-31,2025-04-07,5,PC3,0.001763740190667218,-1.653825201586908e-05,0.001747201938651349,0.00419764203326891,-0.002450440094617561,PCA_RIDGE_VAR,PCA
2025-03-31,2025-04-14,10,beta0,0.03480547630260822,0.00020202872476754766,0.03500750502737576,0.0331276627591689,0.001879842268206866,NS_RIDGE,NS
2025-03-31,2025-04-14,10,beta1,-0.012528811224116348,-0.00035905991106709043,-0.012887871135183438,-0.012695958693628558,-0.00019191244155488014,NS_RIDGE,NS
2025-03-31,2025-04-14,10,beta2,-0.025210657141327055,3.2389623506181484e-05,-0.025178267517820874,-0.02622977270456481,0.0010515051867439375,NS_RIDGE,NS
2025-03-31,2025-04-14,10,beta0,0.03480547630260822,-3.264086050587921e-05,0.034772835442102336,0.0331276627591689,0.0016451726829334393,NS_ELASTICNET,NS
2025-03-31,2025-04-14,10,beta1,-0.012528811224116348,3.63390878277861e-05,-0.012492472136288561,-0.012695958693628558,0.00020348655733999632,NS_ELASTICNET,NS
2025-03-31,2025-04-14,10,beta2,-0.025210657141327055,1.1558909918509365e-05,-0.025199098231408545,-0.02622977270456481,0.0010306744731562664,NS_ELASTICNET,NS
2025-03-31,2025-04-14,10,PC1,0.04061771444802606,0.0003892824080181684,0.041006996856044226,0.031471674668535676,0.00953532218750855,PCA_RIDGE,PCA
2025-03-31,2025-04-14,10,PC2,0.0086640450267694,-0.00038249827530815095,0.008281546751461248,0.0081486129811223,0.0001329337703389489,PCA_RIDGE,PCA
2025-03-31,2025-04-14,10,PC3,0.001763740190667218,-3.6694030695882994e-05,0.001727046159971335,0.0018199582926239199,-9.291213265258478e-05,PCA_RIDGE,PCA
2025-03-31,2025-04-14,10,PC1,0.04061771444802606,-0.00035750179941219234,0.04026021264861387,0.031471674668535676,0.008788537980078191,PCA_RIDGE_VAR,PCA
2025-03-31,2025-04-14,10,PC2,0.0086640450267694,-4.592222514674532e-05,0.008618122801622654,0.0081486129811223,0.00046950982050035506,PCA_RIDGE_VAR,PCA
2025-03-31,2025-04-14,10,PC3,0.001763740190667218,-3.2744551343301875e-05,0.0017309956393239162,0.0018199582926239199,-8.896265330000366e-05,PCA_RIDGE_VAR,PCA
2025-03-31,2025-05-05,22,beta0,0.03480547630260822,0.0003242862551845453,0.035129762557792765,0.034430914244295355,0.0006988483134974105,NS_RIDGE,NS
2025-03-31,2025-05-05,22,beta1,-0.012528811224116348,-0.0006387737341657161,-0.013167584958282064,-0.014607950153106106,0.0014403651948240413,NS_RIDGE,NS
2025-03-31,2025-05-05,22,beta2,-0.025210657141327055,4.815231712767214e-05,-0.025162504824199385,-0.02900662443108335,0.0038441196068839667,NS_RIDGE,NS
2025-03-31,2025-05-05,22,beta0,0.03480547630260822,-7.393450772614501e-05,0.034731541794882075,0.034430914244295355,0.0003006275505867198,NS_ELASTICNET,NS
2025-03-31,2025-05-05,22,beta1,-0.012528811224116348,8.303819190350925e-05,-0.012445773032212839,-0.014607950153106106,0.002162177120893267,NS_ELASTICNET,NS
2025-03-31,2025-05-05,22,beta2,-0.025210657141327055,3.465534477442645e-05,-0.02517600179655263,-0.02900662443108335,0.003830622634530722,NS_ELASTICNET,NS
2025-03-31,2025-05-05,22,PC1,0.04061771444802606,0.0005372055858124911,0.04115492003383855,0.03254810751780657,0.00860681251603198,PCA_RIDGE,PCA
2025-03-31,2025-05-05,22,PC2,0.0086640450267694,-0.0006289031061608933,0.008035141920608507,0.005629494137587874,0.002405647783020633,PCA_RIDGE,PCA
2025-03-31,2025-05-05,22,PC3,0.001763740190667218,-9.977632844411225e-05,0.001663963862223106,0.002511952844300275,-0.0008479889820771692,PCA_RIDGE,PCA
2025-03-31,2025-05-05,22,PC1,0.04061771444802606,-0.0007784389837826589,0.0398392754642434,0.03254810751780657,0.007291167946436833,PCA_RIDGE_VAR,PCA
2025-03-31,2025-05-05,22,PC2,0.0086640450267694,-0.00010028492322899062,0.008563760103540409,0.005629494137587874,0.002934265965952535,PCA_RIDGE_VAR,PCA
2025-03-31,2025-05-05,22,PC3,0.001763740190667218,-7.03332668962834e-05,0.0016934069237709347,0.002511952844300275,-0.0008185459205293404,PCA_RIDGE_VAR,PCA
2025-04-30,2025-05-08,5,beta0,0.03237688645577992,5.2200710626768904e-05,0.03242908716640669,0.03305179385032939,-0.0006227066839227038,NS_RIDGE,NS
2025-04-30,2025-05-08,5,beta1,-0.011329126537562448,-0.0003810463601649602,-0.011710172897727408,-0.011140224579476766,-0.0005699483182506418,NS_RIDGE,NS
2025-04-30,2025-05-08,5,beta2,-0.03391741639936915,-0.000322845704549389,-0.034240262103918534,-0.035069432400622436,0.0008291702967039016,NS_RIDGE,NS
2025-04-30,2025-05-08,5,beta0,0.03237688645577992,-1.737687481194369e-05,0.03235950958096798,0.03305179385032939,-0.0006922842693614165,NS_ELASTICNET,NS
2025-04-30,2025-05-08,5,beta1,-0.011329126537562448,1.728412094514828e-05,-0.011311842416617299,-0.011140224579476766,-0.00017161783714053289,NS_ELASTICNET,NS
2025-04-30,2025-05-08,5,beta2,-0.03391741639936915,2.1591345603399272e-06,-0.03391525726480881,-0.035069432400622436,0.0011541751358136246,NS_ELASTICNET,NS
2025-04-30,2025-05-08,5,PC1,0.02947533995923227,-0.0001689967337601964,0.029306343225472074,0.03209766455227421,-0.002791321326802137,PCA_RIDGE,PCA
2025-04-30,2025-05-08,5,PC2,0.006270707897456109,-0.0007305021177613197,0.005540205779694789,0.006335316765172506,-0.0007951109854777167,PCA_RIDGE,PCA
2025-04-30,2025-05-08,5,PC3,0.0023858975208076484,-4.489818932054845e-06,0.0023814077018755936,0.002817765333085906,-0.0004363576312103124,PCA_RIDGE,PCA
2025-04-30,2025-05-08,5,PC1,0.02947533995923227,-0.0002563155572568275,0.029219024401975442,0.03209766455227421,-0.0028786401502987682,PCA_RIDGE_VAR,PCA
2025-04-30,2025-05-08,5,PC2,0.006270707897456109,-1.4829445835920323e-05,0.006255878451620189,0.006335316765172506,-7.943831355231717e-05,PCA_RIDGE_VAR,PCA
2025-04-30,2025-05-08,5,PC3,0.0023858975208076484,-4.101823898887804e-05,0.0023448792818187704,0.002817765333085906,-0.00047288605126713555,PCA_RIDGE_VAR,PCA
2025-04-30,2025-05-15,10,beta0,0.03237688645577992,9.557073908518152e-05,0.0324724571948651,0.03400180120060063,-0.001529344005735532,NS_RIDGE,NS
2025-04-30,2025-05-15,10,beta1,-0.011329126537562448,-0.0007693291870253023,-0.01209845572458775,-0.012098970236096691,5.145115089411761e-07,NS_RIDGE,NS
2025-04-30,2025-05-15,10,beta2,-0.03391741639936915,-0.0005806400153688373,-0.034498056414737986,-0.03189166833512474,-0.0026063880796132477,NS_RIDGE,NS
2025-04-30,2025-05-15,10,beta0,0.03237688645577992,-3.465634515928766e-05,0.03234223011062063,0.03400180120060063,-0.0016595710899800012,NS_ELASTICNET,NS
2025-04-30,2025-05-15,10,beta1,-0.011329126537562448,3.389112610473136e-05,-0.011295235411457716,-0.012098970236096691,0.0008037348246389756,NS_ELASTICNET,NS
2025-04-30,2025-05-15,10,beta2,-0.03391741639936915,8.298652983157587e-06,-0.03390911774638599,-0.03189166833512474,-0.0020174494112612518,NS_ELASTICNET,NS
2025-04-30,2025-05-15,10,PC1,0.02947533995923227,-0.00033671529330151477,0.029138624665930753,0.03779354439320852,-0.008654919727277766,PCA_RIDGE,PCA
2025-04-30,2025-05-15,10,PC2,0.006270707897456109,-0.0013925280828385393,0.004878179814617569,0.005931634933344324,-0.0010534551187267541,PCA_RIDGE,PCA
2025-04-30,2025-05-15,10,PC3,0.0023858975208076484,-4.4927334304324e-05,0.0023409701865033244,0.001739813838467075,0.0006011563480362494,PCA_RIDGE,PCA
2025-04-30,2025-05-15,10,PC1,0.02947533995923227,-0.0005085365388554676,0.028966803420376802,0.03779354439320852,-0.008826740972831718,PCA_RIDGE_VAR,PCA
2025-04-30,2025-05-15,10,PC2,0.006270707897456109,-2.950344871424041e-05,0.0062412044487418685,0.005931634933344324,0.00030956951539754494,PCA_RIDGE_VAR,PCA
2025-04-30,2025-05-15,10,PC3,0.0023858975208076484,-8.107550379596404e-05,0.0023048220170116844,0.001739813838467075,0.0005650081785446093,PCA_RIDGE_VAR,PCA
2025-04-30,2025-06-02,22,beta0,0.03237688645577992,-0.0002316114171136809,0.03214527503866624,0.033092855833480796,-0.0009475807948145579,NS_RIDGE,NS
2025-04-30,2025-06-02,22,beta1,-0.011329126537562448,-0.0011116535163961,-0.012440780053958548,-0.011997703430828375,-0.00044307662313017304,NS_RIDGE,NS
2025-04-30,2025-06-02,22,beta2,-0.03391741639936915,0.0005371583131527765,-0.03338025808621637,-0.03223405541853092,-0.0011462026676854475,NS_RIDGE,NS
2025-04-30,2025-06-02,22,beta0,0.03237688645577992,-7.365035748443012e-05,0.03230323609829549,0.033092855833480796,-0.0007896197351853068,NS_ELASTICNET,NS
2025-04-30,2025-06-02,22,beta1,-0.011329126537562448,7.564052059184844e-05,-0.011253486016970599,-0.011997703430828375,0.0007442174138577763,NS_ELASTICNET,NS
2025-04-30,2025-06-02,22,beta2,-0.03391741639936915,2.521430471970201e-05,-0.033892202094649444,-0.03223405541853092,-0.0016581466761185215,NS_ELASTICNET,NS
2025-04-30,2025-06-02,22,PC1,0.02947533995923227,-0.0019324073215159934,0.027542932637716275,0.033300806368360886,-0.005757873730644611,PCA_RIDGE,PCA
2025-04-30,2025-06-02,22,PC2,0.006270707897456109,-0.0020940437920311627,0.004176664105424947,0.005920843118812913,-0.0017441790133879663,PCA_RIDGE,PCA
2025-04-30,2025-06-02,22,PC3,0.0023858975208076484,-0.0003861643212234935,0.001999733199584155,0.0019035928685587622,9.614033102539263e-05,PCA_RIDGE,PCA
2025-04-30,2025-06-02,22,PC1,0.02947533995923227,-0.0010977140431628271,0.028377625916069443,0.033300806368360886,-0.004923180452291443,PCA_RIDGE_VAR,PCA
2025-04-30,2025-06-02,22,PC2,0.006270707897456109,-6.410084538437631e-05,0.006206607052071733,0.005920843118812913,0.0002857639332588197,PCA_RIDGE_VAR,PCA
2025-04-30,2025-06-02,22,PC3,0.0023858975208076484,-0.00017343347898138772,0.0022124640418262607,0.0019035928685587622,0.0003088711732674985,PCA_RIDGE_VAR,PCA
2025-05-30,2025-06-06,5,beta0,0.03289478718011542,7.491030771973409e-05,0.03296969748783515,0.03282969790908725,0.00013999957874790553,NS_RIDGE,NS
2025-05-30,2025-06-06,5,beta1,-0.012212479199313217,-0.00035687178975237394,-0.012569350989065592,-0.012432108640009817,-0.00013724234905577483,NS_RIDGE,NS
2025-05-30,2025-06-06,5,beta2,-0.03169712751220046,-0.0002636517609027807,-0.03196077927310324,-0.02798197447486803,-0.003978804798235213,NS_RIDGE,NS
2025-05-30,2025-06-06,5,beta0,0.03289478718011542,-1.661413613824984e-05,0.032878173043977166,0.03282969790908725,4.847513488991789e-05,NS_ELASTICNET,NS
2025-05-30,2025-06-06,5,beta1,-0.012212479199313217,1.565910620331218e-05,-0.012196820093109904,-0.012432108640009817,0.00023528854689991267,NS_ELASTICNET,NS
2025-05-30,2025-06-06,5,beta2,-0.03169712751220046,4.148448078373145e-06,-0.031692979064122086,-0.02798197447486803,-0.0037110045892540557,NS_ELASTICNET,NS
2025-05-30,2025-06-06,5,PC1,0.0323414432068405,-0.0002774028814798036,0.0320640403253607,0.03449250550816936,-0.0024284651828086617,PCA_RIDGE,PCA
2025-05-30,2025-06-06,5,PC2,0.005733893559063749,-0.00046097400810628963,0.005272919550957459,0.006218707435317192,-0.000945787884359733,PCA_RIDGE,PCA
2025-05-30,2025-06-06,5,PC3,0.0016057610579423842,-1.5867068370880754e-05,0.0015898939895715035,0.00047946174311427545,0.001110432246457228,PCA_RIDGE,PCA
2025-05-30,2025-06-06,5,PC1,0.0323414432068405,-0.00020262123779354185,0.03213882196904696,0.03449250550816936,-0.0023536835391224017,PCA_RIDGE_VAR,PCA
2025-05-30,2025-06-06,5,PC2,0.005733893559063749,-1.359090959818926e-05,0.0057203026494655595,0.006218707435317192,-0.0004984047858516329,PCA_RIDGE_VAR,PCA
2025-05-30,2025-06-06,5,PC3,0.0016057610579423842,-1.897433878509259e-05,0.0015867867191572916,0.00047946174311427545,0.0011073249760430162,PCA_RIDGE_VAR,PCA
2025-05-30,2025-06-13,10,beta0,0.03289478718011542,0.0001561394084289795,0.033050926588544395,0.03220993374186778,0.0008409928466766164,NS_RIDGE,NS
2025-05-30,2025-06-13,10,beta1,-0.012212479199313217,-0.000712822215027535,-0.012925301414340753,-0.012059267002366453,-0.0008660344119743001,NS_RIDGE,NS
2025-05-30,2025-06-13,10,beta2,-0.03169712751220046,-0.0009298528217348107,-0.032626980333935275,-0.027871294539952674,-0.004755685793982601,NS_RIDGE,NS
2025-05-30,2025-06-13,10,beta0,0.03289478718011542,-3.211284461566259e-05,0.032862674335499754,0.03220993374186778,0.0006527405936319758,NS_ELASTICNET,NS
2025-05-30,2025-06-13,10,beta1,-0.012212479199313217,3.0762161890986065e-05,-0.01218171703742223,-0.012059267002366453,-0.00012245003505577737,NS_ELASTICNET,NS
2025-05-30,2025-06-13,10,beta2,-0.03169712751220046,9.112981921052299e-06,-0.03168801453027941,-0.027871294539952674,-0.003816719990326737,NS_ELASTICNET,NS
2025-05-30,2025-06-13,10,PC1,0.0323414432068405,-0.0008517388111533871,0.031489704395687115,0.03207073759154139,-0.0005810331958542719,PCA_RIDGE,PCA
2025-05-30,2025-06-13,10,PC2,0.005733893559063749,-0.0010373328516379804,0.004696560707425768,0.006606555106737456,-0.0019099943993116878,PCA_RIDGE,PCA
2025-05-30,2025-06-13,10,PC3,0.0016057610579423842,0.00012433088516568088,0.0017300919431080652,0.0005610787453518944,0.0011690131977561708,PCA_RIDGE,PCA
2025-05-30,2025-06-13,10,PC1,0.0323414432068405,-0.00040321342517574826,0.03193822978166475,0.03207073759154139,-0.00013250780987663496,PCA_RIDGE_VAR,PCA
2025-05-30,2025-06-13,10,PC2,0.005733893559063749,-2.7059210698376565e-05,0.005706834348365372,0.006606555106737456,-0.0008997207583720836,PCA_RIDGE_VAR,PCA
2025-05-30,2025-06-13,10,PC3,0.0016057610579423842,-3.755708360167389e-05,0.0015682039743407103,0.0005610787453518944,0.001007125228988816,PCA_RIDGE_VAR,PCA
2025-05-30,2025-07-01,22,beta0,0.03289478718011542,0.00032055231119809755,0.033215339491313514,0.03301947472669774,0.0001958647646157774,NS_RIDGE,NS
2025-05-30,2025-07-01,22,beta1,-0.012212479199313217,-0.0016151341212009914,-0.013827613320514208,-0.012658763109918047,-0.001168850210596161,NS_RIDGE,NS
2025-05-30,2025-07-01,22,beta2,-0.03169712751220046,-0.0008104574385926586,-0.03250758495079312,-0.029545906789675478,-0.002961678161117639,NS_RIDGE,NS
2025-05-30,2025-07-01,22,beta0,0.03289478718011542,-7.103266098293625e-05,0.032823754519132484,0.03301947472669774,-0.0001957202075652531,NS_ELASTICNET,NS
2025-05-30,2025-07-01,22,beta1,-0.012212479199313217,6.782789846831196e-05,-0.012144651300844906,-0.012658763109918047,0.0005141118090731412,NS_ELASTICNET,NS
2025-05-30,2025-07-01,22,beta2,-0.03169712751220046,2.6786965876003775e-05,-0.031670340546324456,-0.029545906789675478,-0.002124433756648978,NS_ELASTICNET,NS
2025-05-30,2025-07-01,22,PC1,0.0323414432068405,-0.001369632552681786,0.030971810654158716,0.033968586082091606,-0.0029967754279328906,PCA_RIDGE,PCA
2025-05-30,2025-07-01,22,PC2,0.005733893559063749,-0.0019023551542921345,0.0038315384047716144,0.005636140651848861,-0.0018046022470772465,PCA_RIDGE,PCA
2025-05-30,2025-07-01,22,PC3,0.0016057610579423842,-0.00018426488384903702,0.0014214961740933471,0.0008799854438099903,0.0005415107302833568,PCA_RIDGE,PCA
2025-05-30,2025-07-01,22,PC1,0.0323414432068405,-0.0008765807437105047,0.031464862463129996,0.033968586082091606,-0.0025037236189616105,PCA_RIDGE_VAR,PCA
2025-05-30,2025-07-01,22,PC2,0.005733893559063749,-5.88907131312804e-05,0.005675002845932468,0.005636140651848861,3.886219408360744e-05,PCA_RIDGE_VAR,PCA
2025-05-30,2025-07-01,22,PC3,0.0016057610579423842,-8.061448126922468e-05,0.0015251465766731595,0.0008799854438099903,0.0006451611328631692,PCA_RIDGE_VAR,PCA
2025-06-30,2025-07-07,5,beta0,0.033376236409161326,3.935844615362279e-05,0.03341559485531495,0.03382288281346349,-0.0004072879581485389,NS_RIDGE,NS
2025-06-30,2025-07-07,5,beta1,-0.012905912837129031,-0.00011223642034174266,-0.013018149257470774,-0.01349119624065619,0.0004730469831854163,NS_RIDGE,NS
2025-06-30,2025-07-07,5,beta2,-0.029782078132067784,0.00013048411210771143,-0.02965159401996007,-0.03078007962199919,0.0011284856020391185,NS_RIDGE,NS
2025-06-30,2025-07-07,5,beta0,0.033376236409161326,-1.6394846065740863e-05,0.033359841563095585,0.03382288281346349,-0.00046304125036790433,NS_ELASTICNET,NS
2025-06-30,2025-07-07,5,beta1,-0.012905912837129031,1.527242488123392e-05,-0.012890640412247797,-0.01349119624065619,0.0006005558284083931,NS_ELASTICNET,NS
2025-06-30,2025-07-07,5,beta2,-0.029782078132067784,5.868900676891127e-06,-0.029776209231390894,-0.03078007962199919,0.0010038703906082962,NS_ELASTICNET,NS
2025-06-30,2025-07-07,5,PC1,0.035064619866309356,0.00025760596457355693,0.03532222583088291,0.03573690840972678,-0.0004146825788438682,PCA_RIDGE,PCA
2025-06-30,2025-07-07,5,PC2,0.005295529763819905,-0.0001702195772471902,0.005125310186572715,0.00444238586015,0.0006829243264227149,PCA_RIDGE,PCA
2025-06-30,2025-07-07,5,PC3,0.0009401268294887349,-8.748151894638827e-05,0.0008526453105423466,0.0011007595524797232,-0.0002481142419373766,PCA_RIDGE,PCA
2025-06-30,2025-07-07,5,PC1,0.035064619866309356,-9.792597735579917e-05,0.03496669388895356,0.03573690840972678,-0.0007702145207732214,PCA_RIDGE_VAR,PCA
2025-06-30,2025-07-07,5,PC2,0.005295529763819905,-3.1878325475317645e-05,0.0052636514383445875,0.00444238586015,0.0008212655781945875,PCA_RIDGE_VAR,PCA
2025-06-30,2025-07-07,5,PC3,0.0009401268294887349,6.830638634322604e-06,0.0009469574681230575,0.0011007595524797232,-0.00015380208435666573,PCA_RIDGE_VAR,PCA
2025-06-30,2025-07-14,10,beta0,0.033376236409161326,7.814153440786092e-05,0.03345437794356919,0.03510955053636037,-0.0016551725927911806,NS_RIDGE,NS
2025-06-30,2025-07-14,10,beta1,-0.012905912837129031,-0.00016393047831974054,-0.013069843315448772,-0.015106548827648648,0.002036705512199876,NS_RIDGE,NS
2025-06-30,2025-07-14,10,beta2,-0.029782078132067784,-0.00023098320784504533,-0.030013061339912828,-0.03107753411014014,0.0010644727702273128,NS_RIDGE,NS
2025-06-30,2025-07-14,10,beta0,0.033376236409161326,-3.3551381714490194e-05,0.03334268502744683,0.03510955053636037,-0.0017668655089135357,NS_ELASTICNET,NS
2025-06-30,2025-07-14,10,beta1,-0.012905912837129031,3.079728015332642e-05,-0.012875115556975705,-0.015106548827648648,0.002231433270672944,NS_ELASTICNET,NS
2025-06-30,2025-07-14,10,beta2,-0.029782078132067784,1.6100127543846332e-05,-0.02976597800452394,-0.03107753411014014,0.0013115561056162017,NS_ELASTICNET,NS
2025-06-30,2025-07-14,10,PC1,0.035064619866309356,-0.00012862880646144107,0.03493599105984792,0.03966297456133862,-0.0047269835014907,PCA_RIDGE,PCA
2025-06-30,2025-07-14,10,PC2,0.005295529763819905,-0.0002613699648351859,0.005034159798984719,0.002574965698601335,0.0024591941003833844,PCA_RIDGE,PCA
2025-06-30,2025-07-14,10,PC3,0.0009401268294887349,1.8110191418550096e-05,0.0009582370209072849,0.0009064941555450064,5.174286536227849e-05,PCA_RIDGE,PCA
2025-06-30,2025-07-14,10,PC1,0.035064619866309356,-0.0002172148316184827,0.03484740503469087,0.03966297456133862,-0.004815569526647745,PCA_RIDGE_VAR,PCA
2025-06-30,2025-07-14,10,PC2,0.005295529763819905,-4.806855523030885e-05,0.005247461208589596,0.002574965698601335,0.0026724955099882612,PCA_RIDGE_VAR,PCA
2025-06-30,2025-07-14,10,PC3,0.0009401268294887349,1.1090415354527848e-05,0.0009512172448432627,0.0009064941555450064,4.4723089298256274e-05,PCA_RIDGE_VAR,PCA
2025-06-30,2025-07-30,22,beta0,0.033376236409161326,0.00029384269964815023,0.033670079108809474,0.034775405647224415,-0.0011053265384149413,NS_RIDGE,NS
2025-06-30,2025-07-30,22,beta1,-0.012905912837129031,-0.0006677876079049329,-0.013573700445033964,-0.013953731595431753,0.00038003115039778913,NS_RIDGE,NS
2025-06-30,2025-07-30,22,beta2,-0.029782078132067784,-0.0010587701153443277,-0.030840848247412112,-0.030403541884789862,-0.0004373063626222501,NS_RIDGE,NS
2025-06-30,2025-07-30,22,beta0,0.033376236409161326,-7.388793295478151e-05,0.03330234847620654,0.034775405647224415,-0.0014730571710178733,NS_ELASTICNET,NS
2025-06-30,2025-07-30,22,beta1,-0.012905912837129031,6.686671586041238e-05,-0.012839046121268618,-0.013953731595431753,0.0011146854741631348,NS_ELASTICNET,NS
2025-06-30,2025-07-30,22,beta2,-0.029782078132067784,4.106276282830313e-05,-0.029741015369239482,-0.030403541884789862,0.0006625265155503803,NS_ELASTICNET,NS
2025-06-30,2025-07-30,22,PC1,0.035064619866309356,-0.00042433825096680833,0.03464028161534255,0.039996582231869984,-0.005356300616527435,PCA_RIDGE,PCA
2025-06-30,2025-07-30,22,PC2,0.005295529763819905,-0.0007635423639928496,0.0045319873998270555,0.004070759586151874,0.00046122781367518174,PCA_RIDGE,PCA
2025-06-30,2025-07-30,22,PC3,0.0009401268294887349,0.0001381954724190875,0.0010783223019078224,0.0010466491421707528,3.1673159737069566e-05,PCA_RIDGE,PCA
2025-06-30,2025-07-30,22,PC1,0.035064619866309356,-0.000498504228645176,0.03456611563766418,0.039996582231869984,-0.0054304665942058045,PCA_RIDGE_VAR,PCA
2025-06-30,2025-07-30,22,PC2,0.005295529763819905,-8.459245135851619e-05,0.005210937312461389,0.004070759586151874,0.0011401777263095152,PCA_RIDGE_VAR,PCA
2025-06-30,2025-07-30,22,PC3,0.0009401268294887349,1.6032119854786603e-05,0.0009561589493435215,0.0010466491421707528,-9.049019282723132e-05,PCA_RIDGE_VAR,PCA
2025-07-31,2025-08-07,5,beta0,0.03445659330487397,-0.00011264954506458763,0.03434394375980938,0.03405485333730702,0.0002890904225023583,NS_RIDGE,NS
2025-07-31,2025-08-07,5,beta1,-0.013517953909836799,0.0002941037971161254,-0.013223850112720674,-0.013248175725743619,2.4325613022945294e-05,NS_RIDGE,NS
2025-07-31,2025-08-07,5,beta2,-0.0297734725981039,0.00035232691494662755,-0.02942114568315727,-0.030714173055790567,0.001293027372633298,NS_RIDGE,NS
2025-07-31,2025-08-07,5,beta0,0.03445659330487397,-1.5000763215134965e-05,0.03444159254165883,0.03405485333730702,0.0003867392043518103,NS_ELASTICNET,NS
2025-07-31,2025-08-07,5,beta1,-0.013517953909836799,1.4099251670505186e-05,-0.013503854658166293,-0.013248175725743619,-0.0002556789324226743,NS_ELASTICNET,NS
2025-07-31,2025-08-07,5,beta2,-0.0297734725981039,5.386074713595412e-06,-0.029768086523390302,-0.030714173055790567,0.000946086532400265,NS_ELASTICNET,NS
2025-07-31,2025-08-07,5,PC1,0.039315766645362404,8.054584585180503e-05,0.03939631249121421,0.037031682260542154,0.0023646302306720574,PCA_RIDGE,PCA
2025-07-31,2025-08-07,5,PC2,0.004677564022332459,0.00038377551961355156,0.00506133954194601,0.004781043745539268,0.0002802957964067425,PCA_RIDGE,PCA
2025-07-31,2025-08-07,5,PC3,0.0009329931069778345,-1.1791988543068258e-05,0.0009212011184347662,0.0012499895379107957,-0.00032878841947602954,PCA_RIDGE,PCA
2025-07-31,2025-08-07,5,PC1,0.039315766645362404,-0.00017495223422414607,0.03914081441113826,0.037031682260542154,0.0021091321505961047,PCA_RIDGE_VAR,PCA
2025-07-31,2025-08-07,5,PC2,0.004677564022332459,-1.2021637375403404e-05,0.004665542384957056,0.004781043745539268,-0.00011550136058221215,PCA_RIDGE_VAR,PCA
2025-07-31,2025-08-07,5,PC3,0.0009329931069778345,2.90387118069091e-06,0.0009358969781585254,0.0012499895379107957,-0.00031409255975227033,PCA_RIDGE_VAR,PCA
2025-07-31,2025-08-14,10,beta0,0.03445659330487397,-0.00010611893525307395,0.034350474369620895,0.035251525527211655,-0.0009010511575907598,NS_RIDGE,NS
2025-07-31,2025-08-14,10,beta1,-0.013517953909836799,0.0004971645138423552,-0.013020789395994443,-0.013936962985290409,0.0009161735892959655,NS_RIDGE,NS
2025-07-31,2025-08-14,10,beta2,-0.0297734725981039,0.0003042536520672432,-0.029469218946036654,-0.032871450817204814,0.0034022318711681605,NS_RIDGE,NS
2025-07-31,2025-08-14,10,beta0,0.03445659330487397,-3.0207437920621306e-05,0.034426385866953346,0.035251525527211655,-0.0008251396602583089,NS_ELASTICNET,NS
2025-07-31,2025-08-14,10,beta1,-0.013517953909836799,2.79606867038559e-05,-0.013489993223132943,-0.013936962985290409,0.0004469697621574658,NS_ELASTICNET,NS
2025-07-31,2025-08-14,10,beta2,-0.0297734725981039,1.1175230017966592e-05,-0.029762297368085933,-0.032871450817204814,0.003109153449118881,NS_ELASTICNET,NS
2025-07-31,2025-08-14,10,PC1,0.039315766645362404,0.00035062882015794684,0.03966639546552035,0.040316300036957006,-0.0006499045714366547,PCA_RIDGE,PCA
2025-07-31,2025-08-14,10,PC2,0.004677564022332459,0.000590430352865453,0.0052679943751979125,0.0036276944108743527,0.0016402999643235598,PCA_RIDGE,PCA
2025-07-31,2025-08-14,10,PC3,0.0009329931069778345,5.5005766996166435e-05,0.000987998873974001,0.0018446084941907345,-0.0008566096202167336,PCA_RIDGE,PCA
2025-07-31,2025-08-14,10,PC1,0.039315766645362404,-0.0003498212130232589,0.038965945432339145,0.040316300036957006,-0.0013503546046178608,PCA_RIDGE_VAR,PCA
2025-07-31,2025-08-14,10,PC2,0.004677564022332459,-2.394912438806289e-05,0.004653614897944396,0.0036276944108743527,0.0010259204870700436,PCA_RIDGE_VAR,PCA
2025-07-31,2025-08-14,10,PC3,0.0009329931069778345,5.6102603193442825e-06,0.0009386033672971788,0.0018446084941907345,-0.0009060051268935558,PCA_RIDGE_VAR,PCA
2025-07-31,2025-09-01,22,beta0,0.03445659330487397,-0.00015181589259546124,0.034304777412278505,0.03634714363613005,-0.0020423662238515453,NS_RIDGE,NS
2025-07-31,2025-09-01,22,beta1,-0.013517953909836799,0.000915026701436394,-0.012602927208400404,-0.014314838107171848,0.0017119108987714432,NS_RIDGE,NS
2025-07-31,2025-09-01,22,beta2,-0.0297734725981039,-0.00021549966030706536,-0.029988972258410965,-0.036280080207759316,0.006291107949348351,NS_RIDGE,NS
2025-07-31,2025-09-01,22,beta0,0.03445659330487397,-6.658829389740712e-05,0.03439000501097656,0.03634714363613005,-0.0019571386251534886,NS_ELASTICNET,NS
2025-07-31,2025-09-01,22,beta1,-0.013517953909836799,5.9754571697419986e-05,-0.013458199338139378,-0.014314838107171848,0.0008566387690324695,NS_ELASTICNET,NS
2025-07-31,2025-09-01,22,beta2,-0.0297734725981039,3.2683581395913873e-05,-0.029740789016707986,-0.036280080207759316,0.00653929119105133,NS_ELASTICNET,NS
2025-07-31,2025-09-01,22,PC1,0.039315766645362404,0.00026171402148366903,0.03957748066684608,0.04257947979645878,-0.0030019991296127008,PCA_RIDGE,PCA
2025-07-31,2025-09-01,22,PC2,0.004677564022332459,0.0009311785826378262,0.005608742604970286,0.0026041570293575678,0.003004585575612718,PCA_RIDGE,PCA
2025-07-31,2025-09-01,22,PC3,0.0009329931069778345,0.00031388826574778897,0.0012468813727256234,0.002865944745809274,-0.0016190633730836508,PCA_RIDGE,PCA
2025-07-31,2025-09-01,22,PC1,0.039315766645362404,-0.0007690591675221028,0.0385467074778403,0.04257947979645878,-0.004032772318618476,PCA_RIDGE_VAR,PCA
2025-07-31,2025-09-01,22,PC2,0.004677564022332459,-5.2192511029262693e-05,0.0046253715113031965,0.0026041570293575678,0.0020212144819456287,PCA_RIDGE_VAR,PCA
2025-07-31,2025-09-01,22,PC3,0.0009329931069778345,1.1333076092952883e-05,0.0009443261830707874,0.002865944745809274,-0.0019216185627384868,PCA_RIDGE_VAR,PCA
2025-08-29,2025-09-05,5,beta0,0.03589036186855662,-7.660283671878834e-05,0.03581375903183783,0.03563119635734512,0.0001825626744927089,NS_RIDGE,NS
2025-08-29,2025-09-05,5,beta1,-0.013954689470342271,0.0001475568910531716,-0.013807132579289099,-0.01385309905610077,4.596647681167146e-05,NS_RIDGE,NS
2025-08-29,2025-09-05,5,beta2,-0.035713694885756535,0.00015705863899437893,-0.035556636246762155,-0.03607272746087067,0.0005160912141085119,NS_RIDGE,NS
2025-08-29,2025-09-05,5,beta0,0.03589036186855662,-1.3829145498726351e-05,0.035876532723057894,0.03563119635734512,0.00024533636571277134,NS_ELASTICNET,NS
2025-08-29,2025-09-05,5,beta1,-0.013954689470342271,1.3788558433525034e-05,-0.013940900911908746,-0.01385309905610077,-8.780185580797503e-05,NS_ELASTICNET,NS
2025-08-29,2025-09-05,5,beta2,-0.035713694885756535,1.254145670869873e-06,-0.035712440740085664,-0.03607272746087067,0.00036028672078500246,NS_ELASTICNET,NS
2025-08-29,2025-09-05,5,PC1,0.041098298163576366,-2.852221895236e-05,0.04106977594462401,0.03971437996296262,0.0013553959816613864,PCA_RIDGE,PCA
2025-08-29,2025-09-05,5,PC2,0.0030994362657982538,0.00023210886209791066,0.0033315451278961646,0.003134765213106433,0.0001967799147897316,PCA_RIDGE,PCA
2025-08-29,2025-09-05,5,PC3,0.0027520470853295426,-9.823764641651107e-06,0.0027422233206878914,0.002907823343367963,-0.00016560002268007148,PCA_RIDGE,PCA
2025-08-29,2025-09-05,5,PC1,0.041098298163576366,-0.00035994302921171784,0.04073835513436465,0.03971437996296262,0.0010239751714020279,PCA_RIDGE_VAR,PCA
2025-08-29,2025-09-05,5,PC2,0.0030994362657982538,-9.60207283283573e-06,0.003089834192965418,0.003134765213106433,-4.493102014101495e-05,PCA_RIDGE_VAR,PCA
2025-08-29,2025-09-05,5,PC3,0.0027520470853295426,-4.466044282222742e-05,0.002707386642507315,0.002907823343367963,-0.00020043670086064775,PCA_RIDGE_VAR,PCA
2025-08-29,2025-09-12,10,beta0,0.03589036186855662,-0.00020960426111916482,0.035680757607437455,0.03526521778714903,0.00041553982028842695,NS_RIDGE,NS
2025-08-29,2025-09-12,10,beta1,-0.013954689470342271,0.00033856115107484206,-0.01361612831926743,-0.013607618615213531,-8.509704053898809e-06,NS_RIDGE,NS
2025-08-29,2025-09-12,10,beta2,-0.035713694885756535,0.00058863481316546,-0.03512506007259107,-0.03210005248285105,-0.003025007589740024,NS_RIDGE,NS
2025-08-29,2025-09-12,10,beta0,0.03589036186855662,-2.760405153308488e-05,0.035862757817023534,0.03526521778714903,0.0005975400298745062,NS_ELASTICNET,NS
2025-08-29,2025-09-12,10,beta1,-0.013954689470342271,2.6911578156611576e-05,-0.01392777789218566,-0.013607618615213531,-0.00032015927697212794,NS_ELASTICNET,NS
2025-08-29,2025-09-12,10,beta2,-0.035713694885756535,6.452733727847486e-06,-0.03570724215202869,-0.03210005248285105,-0.0036071896691776406,NS_ELASTICNET,NS
2025-08-29,2025-09-12,10,PC1,0.041098298163576366,-6.815677967944956e-05,0.04103014138389691,0.041195047428077614,-0.00016490604418070015,PCA_RIDGE,PCA
2025-08-29,2025-09-12,10,PC2,0.0030994362657982538,0.0005698593819880156,0.0036692956477862694,0.004206979165793778,-0.0005376835180075082,PCA_RIDGE,PCA
2025-08-29,2025-09-12,10,PC3,0.0027520470853295426,-0.00011352313799068735,0.002638523947338855,0.0017573704427158946,0.0008811535046229606,PCA_RIDGE,PCA
2025-08-29,2025-09-12,10,PC1,0.041098298163576366,-0.0007151543852702766,0.04038314377830609,0.041195047428077614,-0.000811903649771524,PCA_RIDGE_VAR,PCA
2025-08-29,2025-09-12,10,PC2,0.0030994362657982538,-1.902591107703997e-05,0.0030804103547212138,0.004206979165793778,-0.0011265688110725638,PCA_RIDGE_VAR,PCA
2025-08-29,2025-09-12,10,PC3,0.0027520470853295426,-8.831845268108575e-05,0.002663728632648457,0.0017573704427158946,0.0009063581899325622,PCA_RIDGE_VAR,PCA
2025-08-29,2025-09-30,22,beta0,0.03589036186855662,-0.00041780002474753276,0.035472561843809085,0.03506628861535605,0.00040627322845303293,NS_RIDGE,NS
2025-08-29,2025-09-30,22,beta1,-0.013954689470342271,0.0006677582926427649,-0.013286931177699506,-0.013446230941340533,0.00015929976364102705,NS_RIDGE,NS
2025-08-29,2025-09-30,22,beta2,-0.035713694885756535,0.0006209740123770449,-0.03509272087337949,-0.031157145647168996,-0.0039355752262104915,NS_RIDGE,NS
2025-08-29,2025-09-30,22,beta0,0.03589036186855662,-6.311187783615343e-05,0.03582724999072046,0.03506628861535605,0.0007609613753644107,NS_ELASTICNET,NS
2025-08-29,2025-09-30,22,beta1,-0.013954689470342271,5.934453806361127e-05,-0.01389534493227866,-0.013446230941340533,-0.00044911399093812594,NS_ELASTICNET,NS
2025-08-29,2025-09-30,22,beta2,-0.035713694885756535,2.729138190273318e-05,-0.035686403503853804,-0.031157145647168996,-0.004529257856684808,NS_ELASTICNET,NS
2025-08-29,2025-09-30,22,PC1,0.041098298163576366,-0.0008579714360283198,0.04024032672754805,0.04113893244634231,-0.0008986057187942639,PCA_RIDGE,PCA
2025-08-29,2025-09-30,22,PC2,0.0030994362657982538,0.0009767140340912626,0.004076150299889517,0.004571031626212418,-0.0004948813263229018,PCA_RIDGE,PCA
2025-08-29,2025-09-30,22,PC3,0.0027520470853295426,-0.00012314740875733187,0.0026288996765722107,0.001500848712228095,0.0011280509643441156,PCA_RIDGE,PCA
2025-08-29,2025-09-30,22,PC1,0.041098298163576366,-0.001548929061628762,0.039549369101947604,0.04113893244634231,-0.0015895633443947094,PCA_RIDGE_VAR,PCA
2025-08-29,2025-09-30,22,PC2,0.0030994362657982538,-4.0933262158303254e-05,0.0030585030036399505,0.004571031626212418,-0.001512528622572468,PCA_RIDGE_VAR,PCA
2025-08-29,2025-09-30,22,PC3,0.0027520470853295426,-0.0001891543146182043,0.0025628927707113383,0.001500848712228095,0.0010620440584832433,PCA_RIDGE_VAR,PCA
2025-09-30,2025-10-07,5,beta0,0.03506628861535605,2.3768889394049314e-05,0.035090057504750104,0.035547678764962856,-0.00045762126021275246,NS_RIDGE,NS
2025-09-30,2025-10-07,5,beta1,-0.013446230941340533,-7.787344882222635e-05,-0.01352410439016276,-0.013999372598399534,0.0004752682082367742,NS_RIDGE,NS
2025-09-30,2025-10-07,5,beta2,-0.031157145647168996,-0.00031194505690729566,-0.03146909070407629,-0.03209679684299916,0.0006277061389228719,NS_RIDGE,NS
2025-09-30,2025-10-07,5,beta0,0.03506628861535605,-1.420685840650597e-05,0.035052081756949544,0.035547678764962856,-0.0004955970080133126,NS_ELASTICNET,NS
2025-09-30,2025-10-07,5,beta1,-0.013446230941340533,1.4087558169887085e-05,-0.013432143383170647,-0.013999372598399534,0.0005672292152288875,NS_ELASTICNET,NS
2025-09-30,2025-10-07,5,beta2,-0.031157145647168996,4.51845743783049e-06,-0.031152627189731167,-0.03209679684299916,0.0009441696532679934,NS_ELASTICNET,NS
2025-09-30,2025-10-07,5,PC1,0.04097061678446927,-0.00025946327616556116,0.040711153508303705,0.04189351927942429,-0.0011823657711205887,PCA_RIDGE,PCA
2025-09-30,2025-10-07,5,PC2,0.004550650148647987,-0.00010788747514409671,0.00444276267350389,0.00374113619285156,0.0007016264806523299,PCA_RIDGE,PCA
2025-09-30,2025-10-07,5,PC3,0.0014889907486006478,-1.3832756924735883e-06,0.0014876074729081742,0.001668406905903001,-0.00018079943299482678,PCA_RIDGE,PCA
2025-09-30,2025-10-07,5,PC1,0.04097061678446927,-0.00022555892816385897,0.04074505785630541,0.04189351927942429,-0.0011484614231188836,PCA_RIDGE_VAR,PCA
2025-09-30,2025-10-07,5,PC2,0.004550650148647987,-1.2410842575250047e-05,0.004538239306072737,0.00374113619285156,0.0007971031132211768,PCA_RIDGE_VAR,PCA
2025-09-30,2025-10-07,5,PC3,0.0014889907486006478,-1.0980092093382026e-05,0.0014780106565072657,0.001668406905903001,-0.0001903962493957352,PCA_RIDGE_VAR,PCA
2025-09-30,2025-10-14,10,beta0,0.03506628861535605,9.328649913412176e-06,0.03507561726526946,0.03412958516884924,0.0009460320964202254,NS_RIDGE,NS
2025-09-30,2025-10-14,10,beta1,-0.013446230941340533,-0.00021364874083850741,-0.01365987968217904,-0.012811204734756373,-0.000848674947422667,NS_RIDGE,NS
2025-09-30,2025-10-14,10,beta2,-0.031157145647168996,-1.8467694665770837e-05,-0.031175613341834767,-0.03189952994069617,0.000723916598861403,NS_RIDGE,NS
2025-09-30,2025-10-14,10,beta0,0.03506628861535605,-2.8251089055188687e-05,0.035038037526300865,0.03412958516884924,0.0009084523574516279,NS_ELASTICNET,NS
2025-09-30,2025-10-14,10,beta1,-0.013446230941340533,2.7954952402167206e-05,-0.013418275988938366,-0.012811204734756373,-0.0006070712541819921,NS_ELASTICNET,NS
2025-09-30,2025-10-14,10,beta2,-0.031157145647168996,1.060009201254783e-05,-0.03114654555515645,-0.03189952994069617,0.0007529843855397199,NS_ELASTICNET,NS
2025-09-30,2025-10-14,10,PC1,0.04097061678446927,-0.0004864407845478712,0.0404841759999214,0.03672511131686085,0.003759064683060552,PCA_RIDGE,PCA
2025-09-30,2025-10-14,10,PC2,0.004550650148647987,-0.0001595419177742028,0.004391108230873784,0.005083596905801745,-0.0006924886749279614,PCA_RIDGE,PCA
2025-09-30,2025-10-14,10,PC3,0.0014889907486006478,-4.437155101904762e-05,0.0014446191975816002,0.001788379424345345,-0.00034376022676374475,PCA_RIDGE,PCA
2025-09-30,2025-10-14,10,PC1,0.04097061678446927,-0.0004497132687240196,0.04052090351574525,0.03672511131686085,0.0037957921988844012,PCA_RIDGE_VAR,PCA
2025-09-30,2025-10-14,10,PC2,0.004550650148647987,-2.470290550031333e-05,0.004525947243147674,0.005083596905801745,-0.0005576496626540717,PCA_RIDGE_VAR,PCA
2025-09-30,2025-10-14,10,PC3,0.0014889907486006478,-2.1803091469503556e-05,0.0014671876571311442,0.001788379424345345,-0.0003211917672142008,PCA_RIDGE_VAR,PCA
2025-09-30,2025-10-30,22,beta0,0.03506628861535605,0.00015955053609692022,0.03522583915145297,0.03418532518108259,0.0010405139703703811,NS_RIDGE,NS
2025-09-30,2025-10-30,22,beta1,-0.013446230941340533,-0.0006326611637501613,-0.014078892105090694,-0.012918514472837778,-0.0011603776322529156,NS_RIDGE,NS
2025-09-30,2025-10-30,22,beta2,-0.031157145647168996,-0.000689704573586581,-0.031846850220755576,-0.029897641260485566,-0.0019492089602700102,NS_RIDGE,NS
2025-09-30,2025-10-30,22,beta0,0.03506628861535605,-6.14367010980038e-05,0.03500485191425805,0.03418532518108259,0.0008195267331754588,NS_ELASTICNET,NS
2025-09-30,2025-10-30,22,beta1,-0.013446230941340533,6.022751990195721e-05,-0.013386003421438575,-0.012918514472837778,-0.00046748894860079715,NS_ELASTICNET,NS
2025-09-30,2025-10-30,22,beta2,-0.031157145647168996,2.3426827981150912e-05,-0.031133718819187844,-0.029897641260485566,-0.0012360775587022775,NS_ELASTICNET,NS
2025-09-30,2025-10-30,22,PC1,0.04097061678446927,-0.0009785885866375335,0.039992028197831736,0.03833415904230418,0.0016578691555275554,PCA_RIDGE,PCA
2025-09-30,2025-10-30,22,PC2,0.004550650148647987,-0.00040941453692662993,0.004141235611721357,0.005364858612917061,-0.0012236230011957042,PCA_RIDGE,PCA
2025-09-30,2025-10-30,22,PC3,0.0014889907486006478,-7.546212193069047e-05,0.0014135286266699573,0.0011775462091306622,0.00023598241753929505,PCA_RIDGE,PCA
2025-09-30,2025-10-30,22,PC1,0.04097061678446927,-0.0009820451693512144,0.039988571615118054,0.03833415904230418,0.0016544125728138737,PCA_RIDGE_VAR,PCA
2025-09-30,2025-10-30,22,PC2,0.004550650148647987,-5.37250228815761e-05,0.004496925125766411,0.005364858612917061,-0.0008679334871506501,PCA_RIDGE_VAR,PCA
2025-09-30,2025-10-30,22,PC3,0.0014889907486006478,-4.715778481895975e-05,0.001441832963781688,0.0011775462091306622,0.0002642867546510258,PCA_RIDGE_VAR,PCA
2025-10-31,2025-11-07,5,beta0,0.03569015246322988,-3.713944112102867e-05,0.035653013022108854,0.03626483280661971,-0.0006118197845108586,NS_RIDGE,NS
2025-10-31,2025-11-07,5,beta1,-0.015616316296141085,-7.562665926599499e-06,-0.015623878962067685,-0.015973746375114863,0.0003498674130471783,NS_RIDGE,NS
2025-10-31,2025-11-07,5,beta2,-0.026307003121933757,-8.875209864008801e-05,-0.026395755220573844,-0.02705662659092653,0.0006608713703526864,NS_RIDGE,NS
2025-10-31,2025-11-07,5,beta0,0.03569015246322988,-1.537164912299396e-05,0.03567478081410689,0.03626483280661971,-0.0005900519925128231,NS_ELASTICNET,NS
2025-10-31,2025-11-07,5,beta1,-0.015616316296141085,1.5123301284193576e-05,-0.015601192994856891,-0.015973746375114863,0.0003725533802579721,NS_ELASTICNET,NS
2025-10-31,2025-11-07,5,beta2,-0.026307003121933757,7.096611603376473e-07,-0.02630629346077342,-0.02705662659092653,0.0007503331301531094,NS_ELASTICNET,NS
2025-10-31,2025-11-07,5,PC1,0.038308763194623216,-0.0003217016240217506,0.037987061570601464,0.03990174445836131,-0.0019146828877598457,PCA_RIDGE,PCA
2025-10-31,2025-11-07,5,PC2,0.0047878563183337,2.5250543628018693e-05,0.004813106861961718,0.004323511877085975,0.0004895949848757429,PCA_RIDGE,PCA
2025-10-31,2025-11-07,5,PC3,0.0014139877060115674,2.4714559984530677e-05,0.001438702265996098,0.0016495644247941626,-0.00021086215879806457,PCA_RIDGE,PCA
2025-10-31,2025-11-07,5,PC1,0.038308763194623216,-0.0002094787073461668,0.03809928448727705,0.03990174445836131,-0.001802459971084261,PCA_RIDGE_VAR,PCA
2025-10-31,2025-11-07,5,PC2,0.0047878563183337,-1.2306913760268962e-05,0.004775549404573431,0.004323511877085975,0.0004520375274874554,PCA_RIDGE_VAR,PCA
2025-10-31,2025-11-07,5,PC3,0.0014139877060115674,-1.0672153114327839e-05,0.0014033155528972395,0.0016495644247941626,-0.00024624887189692306,PCA_RIDGE_VAR,PCA
2025-10-31,2025-11-14,10,beta0,0.03569015246322988,-1.622611890349747e-05,0.03567392634432638,0.036263617976517074,-0.000589691632190692,NS_RIDGE,NS
2025-10-31,2025-11-14,10,beta1,-0.015616316296141085,-8.476342820494197e-05,-0.015701079724346027,-0.016397693883056383,0.0006966141587103555,NS_RIDGE,NS
2025-10-31,2025-11-14,10,beta2,-0.026307003121933757,-0.0002505091292439537,-0.026557512251177712,-0.02515961138518241,-0.0013979008659953038,NS_RIDGE,NS
2025-10-31,2025-11-14,10,beta0,0.03569015246322988,-3.086705123785637e-05,0.03565928541199202,0.036263617976517074,-0.0006043325645250508,NS_ELASTICNET,NS
2025-10-31,2025-11-14,10,beta1,-0.015616316296141085,3.0202853262503625e-05,-0.015586113442878581,-0.016397693883056383,0.0008115804401778014,NS_ELASTICNET,NS
2025-10-31,2025-11-14,10,beta2,-0.026307003121933757,2.4693027320666488e-06,-0.02630453381920169,-0.02515961138518241,-0.001144922434019282,NS_ELASTICNET,NS
2025-10-31,2025-11-14,10,PC1,0.038308763194623216,-0.00047604098369511164,0.03783272221092811,0.04086789739234495,-0.003035175181416841,PCA_RIDGE,PCA
2025-10-31,2025-11-14,10,PC2,0.0047878563183337,-6.120183087138389e-08,0.004787795116502828,0.004016026472869083,0.0007717686436337452,PCA_RIDGE,PCA
2025-10-31,2025-11-14,10,PC3,0.0014139877060115674,3.234822346784494e-05,0.0014463359294794123,0.0009248911812878759,0.0005214447481915363,PCA_RIDGE,PCA
2025-10-31,2025-11-14,10,PC1,0.038308763194623216,-0.0004176230180556323,0.037891140176567584,0.04086789739234495,-0.0029767572157773647,PCA_RIDGE_VAR,PCA
2025-10-31,2025-11-14,10,PC2,0.0047878563183337,-2.4500929081437e-05,0.004763355389252263,0.004016026472869083,0.0007473289163831796,PCA_RIDGE_VAR,PCA
2025-10-31,2025-11-14,10,PC3,0.0014139877060115674,-2.1185028336966408e-05,0.001392802677674601,0.0009248911812878759,0.000467911496386725,PCA_RIDGE_VAR,PCA
2025-10-31,2025-12-02,22,beta0,0.03569015246322988,-0.00018270142880391708,0.035507451034425964,0.03726498849816578,-0.001757537463739814,NS_RIDGE,NS
2025-10-31,2025-12-02,22,beta1,-0.015616316296141085,1.0955611932731998e-05,-0.015605360684208354,-0.016675817468151093,0.0010704567839427397,NS_RIDGE,NS
2025-10-31,2025-12-02,22,beta2,-0.026307003121933757,-0.0003808218785508942,-0.026687825000484652,-0.026836158858769114,0.00014833385828446136,NS_RIDGE,NS
2025-10-31,2025-12-02,22,beta0,0.03569015246322988,-6.639162531692271e-05,0.03562376083791296,0.03726498849816578,-0.0016412276602528197,NS_ELASTICNET,NS
2025-10-31,2025-12-02,22,beta1,-0.015616316296141085,6.476069906033425e-05,-0.015551555597080751,-0.016675817468151093,0.0011242618710703423,NS_ELASTICNET,NS
2025-10-31,2025-12-02,22,beta2,-0.026307003121933757,1.0312992091450216e-05,-0.026296690129842308,-0.026836158858769114,0.0005394687289268056,NS_ELASTICNET,NS
2025-10-31,2025-12-02,22,PC1,0.038308763194623216,-0.001317508857118247,0.03699125433750497,0.043839552631513595,-0.006848298294008626,PCA_RIDGE,PCA
2025-10-31,2025-12-02,22,PC2,0.0047878563183337,8.34692189547925e-05,0.0048713255372884925,0.003610292208255879,0.0012610333290326136,PCA_RIDGE,PCA
2025-10-31,2025-12-02,22,PC3,0.0014139877060115674,7.39789673206839e-05,0.0014879666733322514,0.001455382012583743,3.258466074850842e-05,PCA_RIDGE,PCA
2025-10-31,2025-12-02,22,PC1,0.038308763194623216,-0.0009118178459548015,0.037396945348668414,0.043839552631513595,-0.006442607282845181,PCA_RIDGE_VAR,PCA
2025-10-31,2025-12-02,22,PC2,0.0047878563183337,-5.3311416529653113e-05,0.004734544901804047,0.003610292208255879,0.0011242526935481677,PCA_RIDGE_VAR,PCA
2025-10-31,2025-12-02,22,PC3,0.0014139877060115674,-4.5787171122442646e-05,0.0013682005348891247,0.001455382012583743,-8.718147769461821e-05,PCA_RIDGE_VAR,PCA
2025-11-28,2025-12-05,5,beta0,0.03663490708281612,-0.00011639445550437165,0.036518512627311754,0.03759489678299884,-0.001076384155687088,NS_RIDGE,NS
2025-11-28,2025-12-05,5,beta1,-0.015868704401960313,9.382512659001854e-05,-0.015774879275370295,-0.01686633311686306,0.001091453841492767,NS_RIDGE,NS
2025-11-28,2025-12-05,5,beta2,-0.027597694613593064,8.487055674132044e-05,-0.027512824056851744,-0.026722229727069315,-0.0007905943297824292,NS_RIDGE,NS
2025-11-28,2025-12-05,5,beta0,0.03663490708281612,-1.4252913407530869e-05,0.036620654169408594,0.03759489678299884,-0.0009742426135902482,NS_ELASTICNET,NS
2025-11-28,2025-12-05,5,beta1,-0.015868704401960313,1.4465039316193408e-05,-0.01585423936264412,-0.01686633311686306,0.0010120937542189429,NS_ELASTICNET,NS
2025-11-28,2025-12-05,5,beta2,-0.027597694613593064,-7.089714804894549e-07,-0.027598403585073553,-0.026722229727069315,-0.000876173858004238,NS_ELASTICNET,NS
2025-11-28,2025-12-05,5,PC1,0.04122284471139312,-0.00036164597968697733,0.04086119873170614,0.045087867969783896,-0.004226669238077754,PCA_RIDGE,PCA
2025-11-28,2025-12-05,5,PC2,0.004441050719428672,0.00012240426523603586,0.004563454984664708,0.0033916070303533774,0.0011718479543113306,PCA_RIDGE,PCA
2025-11-28,2025-12-05,5,PC3,0.001835342310771088,-2.273221689669441e-05,0.0018126100938743936,0.0014219292674722689,0.0003906808264021247,PCA_RIDGE,PCA
2025-11-28,2025-12-05,5,PC1,0.04122284471139312,-0.00025568730890127706,0.04096715740249184,0.045087867969783896,-0.004120710567292053,PCA_RIDGE_VAR,PCA
2025-11-28,2025-12-05,5,PC2,0.004441050719428672,-1.2308976164393179e-05,0.004428741743264279,0.0033916070303533774,0.0010371347129109016,PCA_RIDGE_VAR,PCA
2025-11-28,2025-12-05,5,PC3,0.001835342310771088,-2.015181884335959e-05,0.0018151904919277283,0.0014219292674722689,0.00039326122445545943,PCA_RIDGE_VAR,PCA
2025-11-28,2025-12-12,10,beta0,0.03663490708281612,-0.00011643233159842881,0.036518474751217694,0.03804711973654767,-0.001528644985329973,NS_RIDGE,NS
2025-11-28,2025-12-12,10,beta1,-0.015868704401960313,9.666378959783088e-05,-0.01577204061236248,-0.017651933429061156,0.001879892816698675,NS_RIDGE,NS
2025-11-28,2025-12-12,10,beta2,-0.027597694613593064,3.1499750532958207e-06,-0.02759454463853977,-0.02387099789067927,-0.003723546747860497,NS_RIDGE,NS
2025-11-28,2025-12-12,10,beta0,0.03663490708281612,-2.8286706389124996e-05,0.036606620376427,0.03804711973654767,-0.0014404993601206673,NS_ELASTICNET,NS
2025-11-28,2025-12-12,10,beta1,-0.015868704401960313,2.84992986126623e-05,-0.01584020510334765,-0.017651933429061156,0.0018117283257135068,NS_ELASTICNET,NS
2025-11-28,2025-12-12,10,beta2,-0.027597694613593064,9.636484930386234e-07,-0.027596730965100024,-0.02387099789067927,-0.0037257330744207527,NS_ELASTICNET,NS
2025-11-28,2025-12-12,10,PC1,0.04122284471139312,-0.00046231111502933954,0.04076053359636378,0.048500624653079805,-0.007740091056716025,PCA_RIDGE,PCA
2025-11-28,2025-12-12,10,PC2,0.004441050719428672,0.00010119510615906489,0.004542245825587737,0.002753764670420159,0.0017884811551675782,PCA_RIDGE,PCA
2025-11-28,2025-12-12,10,PC3,0.001835342310771088,-2.3980369629612234e-05,0.0018113619411414756,0.00044513258614270294,0.0013662293549987726,PCA_RIDGE,PCA
2025-11-28,2025-12-12,10,PC1,0.04122284471139312,-0.0005091051750422543,0.040713739536350865,0.048500624653079805,-0.007786885116728939,PCA_RIDGE_VAR,PCA
2025-11-28,2025-12-12,10,PC2,0.004441050719428672,-2.448698901128584e-05,0.004416563730417386,0.002753764670420159,0.0016627990599972272,PCA_RIDGE_VAR,PCA
2025-11-28,2025-12-12,10,PC3,0.001835342310771088,-3.991021646301525e-05,0.0017954320943080727,0.00044513258614270294,0.0013502995081653697,PCA_RIDGE_VAR,PCA
2025-11-28,2026-01-02,22,beta0,0.03663490708281612,-0.0001641294698502364,0.03647077761296589,0.03855423133194906,-0.0020834537189831706,NS_RIDGE,NS
2025-11-28,2026-01-02,22,beta1,-0.015868704401960313,-0.00010962399014544707,-0.01597832839210576,-0.018082844154448142,0.0021045157623423814,NS_RIDGE,NS
2025-11-28,2026-01-02,22,beta2,-0.027597694613593064,7.445991779293449e-05,-0.02752323469580013,-0.02520776711509336,-0.002315467580706769,NS_RIDGE,NS
2025-11-28,2026-01-02,22,beta0,0.03663490708281612,-6.406185833165499e-05,0.03657084522448447,0.03855423133194906,-0.0019833861074645895,NS_ELASTICNET,NS
2025-11-28,2026-01-02,22,beta1,-0.015868704401960313,6.28374389190126e-05,-0.0158058669630413,-0.018082844154448142,0.0022769771914068412,NS_ELASTICNET,NS
2025-11-28,2026-01-02,22,beta2,-0.027597694613593064,1.203615907924645e-05,-0.027585658454513818,-0.02520776711509336,-0.002377891339420457,NS_ELASTICNET,NS
2025-11-28,2026-01-02,22,PC1,0.04122284471139312,-0.0009589169532756995,0.04026392775811742,0.0491680568693966,-0.008904129111279177,PCA_RIDGE,PCA
2025-11-28,2026-01-02,22,PC2,0.004441050719428672,-6.211275812848334e-05,0.004378937961300189,0.002111807315593562,0.002267130645706627,PCA_RIDGE,PCA
2025-11-28,2026-01-02,22,PC3,0.001835342310771088,-0.0001250093374935861,0.0017103329732775017,0.000838304947384556,0.0008720280258929457,PCA_RIDGE,PCA
2025-11-28,2026-01-02,22,PC1,0.04122284471139312,-0.0011082736887357766,0.04011457102265734,0.0491680568693966,-0.009053485846739255,PCA_RIDGE_VAR,PCA
2025-11-28,2026-01-02,22,PC2,0.004441050719428672,-5.318809937675164e-05,0.004387862620051921,0.002111807315593562,0.0022760553044583586,PCA_RIDGE_VAR,PCA
2025-11-28,2026-01-02,22,PC3,0.001835342310771088,-8.578143788334444e-05,0.0017495608728877435,0.000838304947384556,0.0009112559255031875,PCA_RIDGE_VAR,PCA
2025-12-31,2026-01-08,5,beta0,0.03823291589723373,-0.00017014060492531537,0.038062775292308414,0.038064756049267505,-1.980756959091279e-06,NS_RIDGE,NS
2025-12-31,2026-01-08,5,beta1,-0.01750101772294436,0.0001447647270907094,-0.017356252995853652,-0.017519732208238298,0.0001634792123846457,NS_RIDGE,NS
2025-12-31,2026-01-08,5,beta2,-0.02549009062166765,0.0002729649997482172,-0.025217125621919433,-0.02595154718393806,0.0007344215620186285,NS_RIDGE,NS
2025-12-31,2026-01-08,5,beta0,0.03823291589723373,-1.278220366829449e-05,0.03822013369356544,0.038064756049267505,0.00015537764429793266,NS_ELASTICNET,NS
2025-12-31,2026-01-08,5,beta1,-0.01750101772294436,1.2925144564177046e-05,-0.017488092578380184,-0.017519732208238298,3.1639629858113555e-05,NS_ELASTICNET,NS
2025-12-31,2026-01-08,5,beta2,-0.02549009062166765,1.7429064783696872e-06,-0.02548834771518928,-0.02595154718393806,0.0004631994687487803,NS_ELASTICNET,NS
2025-12-31,2026-01-08,5,PC1,0.048067453671559734,-0.00041190193944436984,0.047655551732115366,0.046844289199903105,0.0008112625322122605,PCA_RIDGE,PCA
2025-12-31,2026-01-08,5,PC2,0.002765357144285288,0.00017315566087504396,0.002938512805160332,0.0026773577617093813,0.00026115504345095063,PCA_RIDGE,PCA
2025-12-31,2026-01-08,5,PC3,0.0009960200356580468,-5.261584540900254e-05,0.0009434041902490443,0.0011181660931650662,-0.00017476190291602195,PCA_RIDGE,PCA
2025-12-31,2026-01-08,5,PC1,0.048067453671559734,-0.000225214052918081,0.047842239618641653,0.046844289199903105,0.0009979504187385482,PCA_RIDGE_VAR,PCA
2025-12-31,2026-01-08,5,PC2,0.002765357144285288,-9.003106904664857e-06,0.0027563540373806233,0.0026773577617093813,7.899627567124192e-05,PCA_RIDGE_VAR,PCA
2025-12-31,2026-01-08,5,PC3,0.0009960200356580468,5.999538659726437e-06,0.0010020195743177733,0.0011181660931650662,-0.00011614651884729295,PCA_RIDGE_VAR,PCA
2025-12-31,2026-01-15,10,beta0,0.03823291589723373,-0.00017029290969790173,0.03806262298753583,0.03724464201932513,0.000817980968210695,NS_RIDGE,NS
2025-12-31,2026-01-15,10,beta1,-0.01750101772294436,0.0001246556255697376,-0.017376362097374625,-0.016462284265744195,-0.0009140778316304304,NS_RIDGE,NS
2025-12-31,2026-01-15,10,beta2,-0.02549009062166765,0.00017752063254353415,-0.025312569989124116,-0.025558169765868007,0.00024559977674389055,NS_RIDGE,NS
2025-12-31,2026-01-15,10,beta0,0.03823291589723373,-2.530943483860318e-05,0.03820760646239513,0.03724464201932513,0.0009629644430699941,NS_ELASTICNET,NS
2025-12-31,2026-01-15,10,beta1,-0.01750101772294436,2.533567418449639e-05,-0.017475682048759864,-0.016462284265744195,-0.0010133977830156689,NS_ELASTICNET,NS
2025-12-31,2026-01-15,10,beta2,-0.02549009062166765,5.995056082139726e-06,-0.02548409556558551,-0.025558169765868007,7.407420028249581e-05,NS_ELASTICNET,NS
2025-12-31,2026-01-15,10,PC1,0.048067453671559734,-0.0004954601560868724,0.04757199351547286,0.044806783510163206,0.0027652100053096526,PCA_RIDGE,PCA
2025-12-31,2026-01-15,10,PC2,0.002765357144285288,3.9992857147017696e-05,0.002805350001432306,0.003971739384168258,-0.0011663893827359522,PCA_RIDGE,PCA
2025-12-31,2026-01-15,10,PC3,0.0009960200356580468,-3.7120080283210585e-05,0.0009588999553748362,0.0010843709137105546,-0.00012547095833571832,PCA_RIDGE,PCA
2025-12-31,2026-01-15,10,PC1,0.048067453671559734,-0.0004504164234342828,0.04761703724812545,0.044806783510163206,0.0028102537379622455,PCA_RIDGE_VAR,PCA
2025-12-31,2026-01-15,10,PC2,0.002765357144285288,-1.7910418263101992e-05,0.002747446726022186,0.003971739384168258,-0.001224292658146072,PCA_RIDGE_VAR,PCA
2025-12-31,2026-01-15,10,PC3,0.0009960200356580468,1.1683744428550667e-05,0.0010077037800865975,0.0010843709137105546,-7.666713362395705e-05,PCA_RIDGE_VAR,PCA
2025-12-31,2026-02-02,22,beta0,0.03823291589723373,-0.0003815315270624589,0.03785138437017127,0.03840968923555887,-0.0005583048653875974,NS_RIDGE,NS
2025-12-31,2026-02-02,22,beta1,-0.01750101772294436,0.000263710403754832,-0.01723730731918953,-0.01767144223595469,0.00043413491676515953,NS_RIDGE,NS
2025-12-31,2026-02-02,22,beta2,-0.02549009062166765,0.0002681937438574679,-0.025221896877810183,-0.027603846542549344,0.002381949664739161,NS_RIDGE,NS
2025-12-31,2026-02-02,22,beta0,0.03823291589723373,-5.722249045022393e-05,0.038175693406783506,0.03840968923555887,-0.00023399582877536157,NS_ELASTICNET,NS
2025-12-31,2026-02-02,22,beta1,-0.01750101772294436,5.684394867604874e-05,-0.017444173774268313,-0.01767144223595469,0.00022726846168637585,NS_ELASTICNET,NS
2025-12-31,2026-02-02,22,beta2,-0.02549009062166765,1.8188989925513194e-05,-0.02547190163174214,-0.027603846542549344,0.002131944910807204,NS_ELASTICNET,NS
2025-12-31,2026-02-02,22,PC1,0.048067453671559734,-0.0012630697219582693,0.046804383949601465,0.04687566925115766,-7.1285301556194e-05,PCA_RIDGE,PCA
2025-12-31,2026-02-02,22,PC2,0.002765357144285288,0.0001120452969880969,0.002877402441273385,0.002374891558384582,0.0005025108828888027,PCA_RIDGE,PCA
2025-12-31,2026-02-02,22,PC3,0.0009960200356580468,-7.656807037589202e-05,0.0009194519652821548,0.0015968052893642563,-0.0006773533240821014,PCA_RIDGE,PCA
2025-12-31,2026-02-02,22,PC1,0.048067453671559734,-0.0009906876004447257,0.04707676607111501,0.04687566925115766,0.00020109681995734985,PCA_RIDGE_VAR,PCA
2025-12-31,2026-02-02,22,PC2,0.002765357144285288,-3.8898209208447325e-05,0.002726458935076841,0.002374891558384582,0.00035156737669225866,PCA_RIDGE_VAR,PCA
2025-12-31,2026-02-02,22,PC3,0.0009960200356580468,2.4091915061186285e-05,0.0010201119507192331,0.0015968052893642563,-0.0005766933386450231,PCA_RIDGE_VAR,PCA
2026-01-30,2026-02-06,5,beta0,0.038364111815061754,-0.00016112520045750774,0.038202986614604244,0.038527401549326185,-0.0003244149347219408,NS_RIDGE,NS
2026-01-30,2026-02-06,5,beta1,-0.017561411986326495,0.00014486010846797851,-0.017416551877858517,-0.01766913211756366,0.0002525802397051434,NS_RIDGE,NS
2026-01-30,2026-02-06,5,beta2,-0.02818734163050737,0.00025669914712272973,-0.02793064248338464,-0.028801800794599562,0.0008711583112149222,NS_RIDGE,NS
2026-01-30,2026-02-06,5,beta0,0.038364111815061754,-1.2693613462503198e-05,0.03835141820159925,0.038527401549326185,-0.00017598334772693514,NS_ELASTICNET,NS
2026-01-30,2026-02-06,5,beta1,-0.017561411986326495,1.2950639451604526e-05,-0.01754846134687489,-0.01766913211756366,0.00012067077068876955,NS_ELASTICNET,NS
2026-01-30,2026-02-06,5,beta2,-0.02818734163050737,-2.5507549036075835e-07,-0.02818759670599773,-0.028801800794599562,0.0006142040886018309,NS_ELASTICNET,NS
2026-01-30,2026-02-06,5,PC1,0.046149621461400614,-0.00039623015846767444,0.04575339130293294,0.04625322151772078,-0.00049983021478784,PCA_RIDGE,PCA
2026-01-30,2026-02-06,5,PC2,0.002421602017006354,0.0001319024231690768,0.0025535044401754307,0.002248973757356148,0.0003045306828192828,PCA_RIDGE,PCA
2026-01-30,2026-02-06,5,PC3,0.0018020101073240005,-0.00010931476591093264,0.0016926953414130679,0.0019720040195919854,-0.00027930867817891757,PCA_RIDGE,PCA
2026-01-30,2026-02-06,5,PC1,0.046149621461400614,-0.00029521144004483746,0.045854410021355776,0.04625322151772078,-0.00039881149636500357,PCA_RIDGE_VAR,PCA
2026-01-30,2026-02-06,5,PC2,0.002421602017006354,-8.065673535269467e-06,0.0024135363434710845,0.002248973757356148,0.00016456258611493657,PCA_RIDGE_VAR,PCA
2026-01-30,2026-02-06,5,PC3,0.0018020101073240005,-1.6887892416577854e-05,0.0017851222149074227,0.0019720040195919854,-0.00018688180468456276,PCA_RIDGE_VAR,PCA
2026-01-30,2026-02-13,10,beta0,0.038364111815061754,-0.0002615885316684007,0.03810252328339335,0.03750346104765846,0.0005990622357348874,NS_RIDGE,NS
2026-01-30,2026-02-13,10,beta1,-0.017561411986326495,0.00016672393494379545,-0.0173946880513827,-0.016384540283745627,-0.0010101477676370714,NS_RIDGE,NS
2026-01-30,2026-02-13,10,beta2,-0.02818734163050737,0.0005225417853766874,-0.02766479984513068,-0.029775166085256776,0.002110366240126095,NS_RIDGE,NS
2026-01-30,2026-02-13,10,beta0,0.038364111815061754,-2.5243896759023937e-05,0.03833886791830273,0.03750346104765846,0.0008354068706442688,NS_ELASTICNET,NS
2026-01-30,2026-02-13,10,beta1,-0.017561411986326495,2.5682433537292514e-05,-0.017535729552789203,-0.016384540283745627,-0.001151189269043576,NS_ELASTICNET,NS
2026-01-30,2026-02-13,10,beta2,-0.02818734163050737,2.1553748431109753e-06,-0.028185186255664258,-0.029775166085256776,0.001589979829592518,NS_ELASTICNET,NS
2026-01-30,2026-02-13,10,PC1,0.046149621461400614,-0.0005526449626662152,0.0455969764987344,0.04242181002633365,0.0031751664724007506,PCA_RIDGE,PCA
2026-01-30,2026-02-13,10,PC2,0.002421602017006354,0.00027943007902807044,0.0027010320960344242,0.003658380247235759,-0.0009573481512013347,PCA_RIDGE,PCA
2026-01-30,2026-02-13,10,PC3,0.0018020101073240005,-0.0001550437071747332,0.0016469664001492674,0.0024038052477899086,-0.0007568388476406412,PCA_RIDGE,PCA
2026-01-30,2026-02-13,10,PC1,0.046149621461400614,-0.0005882581929072053,0.04556136326849341,0.04242181002633365,0.0031395532421597608,PCA_RIDGE_VAR,PCA
2026-01-30,2026-02-13,10,PC2,0.002421602017006354,-1.600313554691842e-05,0.0024055988814594355,0.003658380247235759,-0.0012527813657763234,PCA_RIDGE_VAR,PCA
2026-01-30,2026-02-13,10,PC3,0.0018020101073240005,-3.3496219086010014e-05,0.0017685138882379905,0.0024038052477899086,-0.000635291359551918,PCA_RIDGE_VAR,PCA
2026-01-30,2026-03-03,22,beta0,0.038364111815061754,-0.0005278964193982381,0.037836215395663515,0.03684521875157101,0.0009909966440925025,NS_RIDGE,NS
2026-01-30,2026-03-03,22,beta1,-0.017561411986326495,0.0003509181528611504,-0.017210493833465346,-0.01550418758556332,-0.0017063062479020265,NS_RIDGE,NS
2026-01-30,2026-03-03,22,beta2,-0.02818734163050737,0.0008973978680418449,-0.027289943762465525,-0.024866432078229087,-0.002423511684236438,NS_RIDGE,NS
2026-01-30,2026-03-03,22,beta0,0.038364111815061754,-5.5997553140044916e-05,0.03830811426192171,0.03684521875157101,0.001462895510350698,NS_ELASTICNET,NS
2026-01-30,2026-03-03,22,beta1,-0.017561411986326495,5.630818655923559e-05,-0.01750510379976726,-0.01550418758556332,-0.002000916214203941,NS_ELASTICNET,NS
2026-01-30,2026-03-03,22,beta2,-0.02818734163050737,1.317593594889736e-05,-0.02817416569455847,-0.024866432078229087,-0.0033077336163293836,NS_ELASTICNET,NS
2026-01-30,2026-03-03,22,PC1,0.046149621461400614,-0.0013402933136591223,0.044809328147741495,0.04470370038009559,0.0001056277676459022,PCA_RIDGE,PCA
2026-01-30,2026-03-03,22,PC2,0.002421602017006354,0.0004318768665376203,0.002853478883543974,0.0052633131154041154,-0.0024098342318601414,PCA_RIDGE,PCA
2026-01-30,2026-03-03,22,PC3,0.0018020101073240005,-0.0003423888915998823,0.0014596212157241182,0.000934349592273561,0.0005252716234505571,PCA_RIDGE,PCA
2026-01-30,2026-03-03,22,PC1,0.046149621461400614,-0.0012829031214045827,0.04486671833999603,0.04470370038009559,0.00016301795990043833,PCA_RIDGE_VAR,PCA
2026-01-30,2026-03-03,22,PC2,0.002421602017006354,-3.453791688559551e-05,0.0023870641001207584,0.0052633131154041154,-0.002876249015283357,PCA_RIDGE_VAR,PCA
2026-01-30,2026-03-03,22,PC3,0.0018020101073240005,-7.22534845687382e-05,0.0017297566227552623,0.000934349592273561,0.0007954070304817013,PCA_RIDGE_VAR,PCA
2026-02-27,2026-03-06,5,beta0,0.03670437527356494,-0.0001614122181077251,0.03654296305545721,0.03654228549619875,6.775592584634671e-07,NS_RIDGE,NS
2026-02-27,2026-03-06,5,beta1,-0.01559699515030906,-1.8865470607704e-05,-0.015615860620916763,-0.015077336524241126,-0.0005385240966756365,NS_RIDGE,NS
2026-02-27,2026-03-06,5,beta2,-0.030040462780988958,8.643045169497903e-05,-0.02995403232929398,-0.020743723977398404,-0.009210308351895576,NS_RIDGE,NS
2026-02-27,2026-03-06,5,beta0,0.03670437527356494,-1.3820561819996063e-05,0.03669055471174494,0.03654228549619875,0.0001482692155461915,NS_ELASTICNET,NS
2026-02-27,2026-03-06,5,beta1,-0.01559699515030906,1.4463471988206062e-05,-0.015582531678320853,-0.015077336524241126,-0.0005051951540797264,NS_ELASTICNET,NS
2026-02-27,2026-03-06,5,beta2,-0.030040462780988958,-2.270693160999176e-06,-0.030042733474149957,-0.020743723977398404,-0.009299009496751554,NS_ELASTICNET,NS
2026-02-27,2026-03-06,5,PC1,0.039369895666523234,-0.0007682164142934043,0.03860167925222983,0.04720586423604936,-0.008604184983819534,PCA_RIDGE,PCA
2026-02-27,2026-03-06,5,PC2,0.004547203466546803,3.123003917939425e-05,0.004578433505726197,0.006165446790575107,-0.00158701328484891,PCA_RIDGE,PCA
2026-02-27,2026-03-06,5,PC3,0.0025461201435256074,-5.018545353330318e-05,0.002495934689992304,-0.0003068351721496462,0.0028027698621419504,PCA_RIDGE,PCA
2026-02-27,2026-03-06,5,PC1,0.039369895666523234,-0.00030849737119661297,0.03906139829532662,0.04720586423604936,-0.00814446594072274,PCA_RIDGE_VAR,PCA
2026-02-27,2026-03-06,5,PC2,0.004547203466546803,-1.2288125092635958e-05,0.004534915341454167,0.006165446790575107,-0.0016305314491209403,PCA_RIDGE_VAR,PCA
2026-02-27,2026-03-06,5,PC3,0.0025461201435256074,-4.045171598204833e-05,0.002505668427543559,-0.0003068351721496462,0.0028125035996932053,PCA_RIDGE_VAR,PCA
2026-02-27,2026-03-13,10,beta0,0.03670437527356494,-0.00028301073683390654,0.03642136453673103,0.037442764488778604,-0.001021399952047572,NS_RIDGE,NS
2026-02-27,2026-03-13,10,beta1,-0.01559699515030906,-9.101928265017238e-05,-0.01568801443295923,-0.016065319016948423,0.00037730458398919225,NS_RIDGE,NS
2026-02-27,2026-03-13,10,beta2,-0.030040462780988958,0.00041179798779588436,-0.029628664793193073,-0.018753201137011413,-0.01087546365618166,NS_RIDGE,NS
2026-02-27,2026-03-13,10,beta0,0.03670437527356494,-2.720468237591043e-05,0.03667717059118903,0.037442764488778604,-0.000765593897589574,NS_ELASTICNET,NS
2026-02-27,2026-03-13,10,beta1,-0.01559699515030906,2.8382200328485456e-05,-0.015568612949980574,-0.016065319016948423,0.0004967060669678492,NS_ELASTICNET,NS
2026-02-27,2026-03-13,10,beta2,-0.030040462780988958,-2.0559729712280337e-06,-0.030042518753960187,-0.018753201137011413,-0.011289317616948773,NS_ELASTICNET,NS
2026-02-27,2026-03-13,10,PC1,0.039369895666523234,-0.0013661920680332702,0.038003703598489966,0.0517395720881875,-0.01373586848969753,PCA_RIDGE,PCA
2026-02-27,2026-03-13,10,PC2,0.004547203466546803,5.4368617187183066e-05,0.004601572083733986,0.005249835382720249,-0.0006482632989862633,PCA_RIDGE,PCA
2026-02-27,2026-03-13,10,PC3,0.0025461201435256074,-0.00015619692535613695,0.0023899232181694703,-0.0009552969330348052,0.0033452201512042755,PCA_RIDGE,PCA
2026-02-27,2026-03-13,10,PC1,0.039369895666523234,-0.0006128467498251397,0.038757048916698095,0.0517395720881875,-0.012982523171489402,PCA_RIDGE_VAR,PCA
2026-02-27,2026-03-13,10,PC2,0.004547203466546803,-2.4425865465568797e-05,0.004522777601081234,0.005249835382720249,-0.0007270577816390154,PCA_RIDGE_VAR,PCA
2026-02-27,2026-03-13,10,PC3,0.0025461201435256074,-7.997789307860994e-05,0.0024661422504469975,-0.0009552969330348052,0.0034214391834818027,PCA_RIDGE_VAR,PCA
2026-02-27,2026-03-31,22,beta0,0.03670437527356494,-0.0004983041854829883,0.03620607108808195,0.036537525030408725,-0.00033145394232677455,NS_RIDGE,NS
2026-02-27,2026-03-31,22,beta1,-0.01559699515030906,-0.00038266246676281707,-0.015979657617071878,-0.013803624704171347,-0.002176032912900531,NS_RIDGE,NS
2026-02-27,2026-03-31,22,beta2,-0.030040462780988958,0.0006327419896306454,-0.029407720791358314,-0.013511799239483755,-0.01589592155187456,NS_RIDGE,NS
2026-02-27,2026-03-31,22,beta0,0.03670437527356494,-5.7043071812136664e-05,0.0366473322017528,0.036537525030408725,0.0001098071713440743,NS_ELASTICNET,NS
2026-02-27,2026-03-31,22,beta1,-0.01559699515030906,5.8361867944423295e-05,-0.015538633282364636,-0.013803624704171347,-0.0017350085781932898,NS_ELASTICNET,NS
2026-02-27,2026-03-31,22,beta2,-0.030040462780988958,3.1710246734657337e-06,-0.030037291756315494,-0.013511799239483755,-0.01652549251683174,NS_ELASTICNET,NS
2026-02-27,2026-03-31,22,PC1,0.039369895666523234,-0.0025372760793905005,0.036832619587132735,0.05516761499176315,-0.018334995404630412,PCA_RIDGE,PCA
2026-02-27,2026-03-31,22,PC2,0.004547203466546803,-0.00013383400995240928,0.004413369456594394,0.00854665878560189,-0.004133289329007496,PCA_RIDGE,PCA
2026-02-27,2026-03-31,22,PC3,0.0025461201435256074,-0.00035226311725271645,0.002193857026272891,-0.0021949646198278425,0.004388821646100733,PCA_RIDGE,PCA
2026-02-27,2026-03-31,22,PC1,0.039369895666523234,-0.001326885544155526,0.03804301012236771,0.05516761499176315,-0.01712460486939544,PCA_RIDGE_VAR,PCA
2026-02-27,2026-03-31,22,PC2,0.004547203466546803,-5.295553497838487e-05,0.004494247931568418,0.00854665878560189,-0.004052410854033472,PCA_RIDGE_VAR,PCA
2026-02-27,2026-03-31,22,PC3,0.0025461201435256074,-0.00017120160159827267,0.0023749185419273348,-0.0021949646198278425,0.004569883161755177,PCA_RIDGE_VAR,PCA
2026-03-31,2026-04-09,5,beta0,0.036537525030408725,0.000138768168702266,0.03667629319911099,0.03733615196210823,-0.0006598587629972411,NS_RIDGE,NS
2026-03-31,2026-04-09,5,beta1,-0.013803624704171347,0.000433539805576826,-0.01337008489859452,-0.014619477373354825,0.0012493924747603042,NS_RIDGE,NS
2026-03-31,2026-04-09,5,beta2,-0.013511799239483755,-0.0014354131461637551,-0.01494721238564751,-0.016546178521466642,0.0015989661358191323,NS_RIDGE,NS
2026-03-31,2026-04-09,5,beta0,0.036537525030408725,-1.4149423357153602e-05,0.03652337560705157,0.03733615196210823,-0.0008127763550566589,NS_ELASTICNET,NS
2026-03-31,2026-04-09,5,beta1,-0.013803624704171347,1.6127690451736207e-05,-0.01378749701371961,-0.014619477373354825,0.0008319803596352152,NS_ELASTICNET,NS
2026-03-31,2026-04-09,5,beta2,-0.013511799239483755,1.3120245925789805e-05,-0.013498678993557965,-0.016546178521466642,0.0030474995279086772,NS_ELASTICNET,NS
2026-03-31,2026-04-09,5,PC1,0.05496770796902598,7.686849238428227e-05,0.05504457646141026,0.05502715393642314,1.7422524987119326e-05,PCA_RIDGE,PCA
2026-03-31,2026-04-09,5,PC2,0.008505927873408163,1.7950207468422453e-05,0.008523878080876585,0.007250477204539436,0.0012734008763371496,PCA_RIDGE,PCA
2026-03-31,2026-04-09,5,PC3,-0.0021892663524753194,0.00035403554751325483,-0.0018352308049620646,-0.0013525821613446449,-0.0004826486436174198,PCA_RIDGE,PCA
2026-03-31,2026-04-09,5,PC1,0.05496770796902598,0.00013843276291673756,0.05510614073194272,0.05502715393642314,7.898679551957694e-05,PCA_RIDGE_VAR,PCA
2026-03-31,2026-04-09,5,PC2,0.008505927873408163,-2.4512755159146124e-05,0.008481415118249017,0.007250477204539436,0.0012309379137095816,PCA_RIDGE_VAR,PCA
2026-03-31,2026-04-09,5,PC3,-0.0021892663524753194,9.691117567488337e-05,-0.002092355176800436,-0.0013525821613446449,-0.0007397730154557912,PCA_RIDGE_VAR,PCA
2026-03-31,2026-04-16,10,beta0,0.036537525030408725,0.00028121485942007916,0.036818739889828804,0.03793467905962532,-0.0011159391697965135,NS_RIDGE,NS
2026-03-31,2026-04-16,10,beta1,-0.013803624704171347,0.0006566300700265727,-0.013146994634144774,-0.01481969396687129,0.0016726993327265162,NS_RIDGE,NS
2026-03-31,2026-04-16,10,beta2,-0.013511799239483755,-0.0020042638362893334,-0.01551606307577309,-0.01926264557368542,0.003746582497912331,NS_RIDGE,NS
2026-03-31,2026-04-16,10,beta0,0.036537525030408725,-2.8128484538978025e-05,0.036509396545869745,0.03793467905962532,-0.0014252825137555727,NS_ELASTICNET,NS
2026-03-31,2026-04-16,10,beta1,-0.013803624704171347,3.144803381670965e-05,-0.013772176670354637,-0.01481969396687129,0.0010475172965166528,NS_ELASTICNET,NS
2026-03-31,2026-04-16,10,beta2,-0.013511799239483755,2.6829908163240173e-05,-0.013484969331320516,-0.01926264557368542,0.005777676242364905,NS_ELASTICNET,NS
2026-03-31,2026-04-16,10,PC1,0.05496770796902598,0.0006979733406101913,0.05566568130963617,0.05530781735362421,0.00035786395601196397,PCA_RIDGE,PCA
2026-03-31,2026-04-16,10,PC2,0.008505927873408163,2.7443239480792383e-05,0.008533371112888957,0.006767200063772762,0.0017661710491161942,PCA_RIDGE,PCA
2026-03-31,2026-04-16,10,PC3,-0.0021892663524753194,0.0004718097557185225,-0.0017174565967567968,-0.0004940858932811765,-0.0012233707034756203,PCA_RIDGE,PCA
2026-03-31,2026-04-16,10,PC1,0.05496770796902598,0.00026786893560659664,0.05523557690463258,0.05530781735362421,-7.224044899162979e-05,PCA_RIDGE_VAR,PCA
2026-03-31,2026-04-16,10,PC2,0.008505927873408163,-4.9012182077132205e-05,0.008456915691331031,0.006767200063772762,0.0016897156275582689,PCA_RIDGE_VAR,PCA
2026-03-31,2026-04-16,10,PC3,-0.0021892663524753194,0.00019117169933586002,-0.0019980946531394594,-0.0004940858932811765,-0.0015040087598582829,PCA_RIDGE_VAR,PCA
2026-03-31,2026-05-05,22,beta0,0.036537525030408725,8.72530803623568e-05,0.036624778110771083,0.03750450746906704,-0.0008797293582959581,NS_RIDGE,NS
2026-03-31,2026-05-05,22,beta1,-0.013803624704171347,0.001555990583397959,-0.012247634120773388,-0.014084043515984437,0.0018364093952110486,NS_RIDGE,NS
2026-03-31,2026-05-05,22,beta2,-0.013511799239483755,-0.0026402898168504654,-0.01615208905633422,-0.014795097120954713,-0.0013569919353795066,NS_RIDGE,NS
2026-03-31,2026-05-05,22,beta0,0.036537525030408725,-6.080169929909122e-05,0.036476723331109635,0.03750450746906704,-0.0010277841379574063,NS_ELASTICNET,NS
2026-03-31,2026-05-05,22,beta1,-0.013803624704171347,6.537004827567212e-05,-0.013738254655895675,-0.014084043515984437,0.000345788860088762,NS_ELASTICNET,NS
2026-03-31,2026-05-05,22,beta2,-0.013511799239483755,4.67226575647949e-05,-0.01346507658191896,-0.014795097120954713,0.001330020539035753,NS_ELASTICNET,NS
2026-03-31,2026-05-05,22,PC1,0.05496770796902598,0.0008823942517558037,0.05585010222078179,0.05809978777982437,-0.0022496855590425843,PCA_RIDGE,PCA
2026-03-31,2026-05-05,22,PC2,0.008505927873408163,0.0012602065600784325,0.009766134433486597,0.00814902932693227,0.0016171051065543268,PCA_RIDGE,PCA
2026-03-31,2026-05-05,22,PC3,-0.0021892663524753194,0.0011951876540936062,-0.0009940786983817132,-0.001790707135096813,0.0007966284367150998,PCA_RIDGE,PCA
2026-03-31,2026-05-05,22,PC1,0.05496770796902598,0.0005432884472526614,0.05551099641627864,0.05809978777982437,-0.0025887913635457283,PCA_RIDGE_VAR,PCA
2026-03-31,2026-05-05,22,PC2,0.008505927873408163,-0.00010773558636949752,0.008398192287038666,0.00814902932693227,0.0002491629601063961,PCA_RIDGE_VAR,PCA
2026-03-31,2026-05-05,22,PC3,-0.0021892663524753194,0.00040699227815065475,-0.0017822740743246646,-0.001790707135096813,8.433060772148346e-06,PCA_RIDGE_VAR,PCA
2026-04-30,2026-05-08,5,beta0,0.03722957647423752,-0.00013087270571026966,0.037098703768527246,0.03719461216415703,-9.590839562978459e-05,NS_RIDGE,NS
2026-04-30,2026-05-08,5,beta1,-0.013607895984579385,0.00025799093167629204,-0.013349905052903094,-0.01409331394216664,0.0007434088892635457,NS_RIDGE,NS
2026-04-30,2026-05-08,5,beta2,-0.01565653268863032,0.00017339419415486924,-0.01548313849447545,-0.01717196998114712,0.00168883148667167,NS_RIDGE,NS
2026-04-30,2026-05-08,5,beta0,0.03722957647423752,-1.3199718071592769e-05,0.037216376756165924,0.03719461216415703,2.17645920088938e-05,NS_ELASTICNET,NS
2026-04-30,2026-05-08,5,beta1,-0.013607895984579385,1.6107184076674903e-05,-0.01359178880050271,-0.01409331394216664,0.0005015251416639298,NS_ELASTICNET,NS
2026-04-30,2026-05-08,5,beta2,-0.01565653268863032,9.398079967738302e-06,-0.015647134608662582,-0.01717196998114712,0.0015248353724845384,NS_ELASTICNET,NS
2026-04-30,2026-05-08,5,PC1,0.05656281970997577,-5.2308695857823025e-05,0.05651051101411795,0.05439825576457864,0.0021122552495393063,PCA_RIDGE,PCA
2026-04-30,2026-05-08,5,PC2,0.008571465190307371,0.00015929653930573507,0.008730761729613106,0.007813672616213494,0.000917089113399612,PCA_RIDGE,PCA
2026-04-30,2026-05-08,5,PC3,-0.0014611659269106619,-2.905878467741385e-05,-0.0014902247115880756,-0.0010875641501809415,-0.0004026605614071341,PCA_RIDGE,PCA
2026-04-30,2026-05-08,5,PC1,0.05656281970997577,0.0005382637492683945,0.05710108345924417,0.05439825576457864,0.0027028276946655244,PCA_RIDGE_VAR,PCA
2026-04-30,2026-05-08,5,PC2,0.008571465190307371,-8.848617975983596e-05,0.008482979010547535,0.007813672616213494,0.0006693063943340408,PCA_RIDGE_VAR,PCA
2026-04-30,2026-05-08,5,PC3,-0.0014611659269106619,9.387106432101285e-05,-0.001367294862589649,-0.0010875641501809415,-0.0002797307124087075,PCA_RIDGE_VAR,PCA
2026-04-30,2026-05-15,10,beta0,0.03722957647423752,-0.0004883868615439469,0.03674118961269357,0.03813755216327148,-0.0013963625505779079,NS_RIDGE,NS
2026-04-30,2026-05-15,10,beta1,-0.013607895984579385,0.001148481319017131,-0.012459414665562253,-0.014895465488873424,0.0024360508233111713,NS_RIDGE,NS
2026-04-30,2026-05-15,10,beta2,-0.01565653268863032,-0.0007275559388267786,-0.016384088627457098,-0.013483723084404231,-0.002900365543052867,NS_RIDGE,NS
2026-04-30,2026-05-15,10,beta0,0.03722957647423752,-2.6227007671928846e-05,0.03720334946656559,0.03813755216327148,-0.0009342026967058895,NS_ELASTICNET,NS
2026-04-30,2026-05-15,10,beta1,-0.013607895984579385,3.1510394811823705e-05,-0.013576385589767561,-0.014895465488873424,0.0013190798991058635,NS_ELASTICNET,NS
2026-04-30,2026-05-15,10,beta2,-0.01565653268863032,1.82613872208521e-05,-0.01563827130140947,-0.013483723084404231,-0.0021545482170052376,NS_ELASTICNET,NS
2026-04-30,2026-05-15,10,PC1,0.05656281970997577,-0.0004367767541420955,0.05612604295583368,0.060842306886952566,-0.004716263931118889,PCA_RIDGE,PCA
2026-04-30,2026-05-15,10,PC2,0.008571465190307371,0.0005816212746061795,0.00915308646491355,0.007294889754887568,0.001858196710025982,PCA_RIDGE,PCA
2026-04-30,2026-05-15,10,PC3,-0.0014611659269106619,0.00037482549483618897,-0.0010863404320744729,-0.0022918921561861485,0.0012055517241116756,PCA_RIDGE,PCA
2026-04-30,2026-05-15,10,PC1,0.05656281970997577,0.0006175930140974312,0.057180412724073204,0.060842306886952566,-0.0036618941628793616,PCA_RIDGE_VAR,PCA
2026-04-30,2026-05-15,10,PC2,0.008571465190307371,-0.00010936676110995594,0.008462098429197415,0.007294889754887568,0.001167208674309847,PCA_RIDGE_VAR,PCA
2026-04-30,2026-05-15,10,PC3,-0.0014611659269106619,0.0001713603945381983,-0.0012898055323724636,-0.0022918921561861485,0.0010020866238136849,PCA_RIDGE_VAR,PCA
2026-04-30,2026-06-02,22,beta0,0.03722957647423752,-0.0003630731773963941,0.03686650329684112,0.036636133834209994,0.00023036946263112895,NS_RIDGE,NS
2026-04-30,2026-06-02,22,beta1,-0.013607895984579385,0.0010399031752134568,-0.012567992809365928,-0.01312314561563276,0.0005551528062668308,NS_RIDGE,NS
2026-04-30,2026-06-02,22,beta2,-0.01565653268863032,-0.00024138692432634846,-0.015897919612956668,-0.01645356692001986,0.0005556473070631937,NS_RIDGE,NS
2026-04-30,2026-06-02,22,beta0,0.03722957647423752,-5.829488400789848e-05,0.03717128159022962,0.036636133834209994,0.0005351477560196286,NS_ELASTICNET,NS
2026-04-30,2026-06-02,22,beta1,-0.013607895984579385,6.835508344483716e-05,-0.013539540901134548,-0.01312314561563276,-0.00041639528550178884,NS_ELASTICNET,NS
2026-04-30,2026-06-02,22,beta2,-0.01565653268863032,5.094491964597454e-05,-0.015605587768984346,-0.01645356692001986,0.0008479791510355161,NS_ELASTICNET,NS
2026-04-30,2026-06-02,22,PC1,0.05656281970997577,-0.0004586786671634393,0.05610414104281233,0.05375700689904049,0.0023471341437718424,PCA_RIDGE,PCA
2026-04-30,2026-06-02,22,PC2,0.008571465190307371,0.0006595336619875967,0.009230998852294968,0.009080201268701522,0.00015079758359344553,PCA_RIDGE,PCA
2026-04-30,2026-06-02,22,PC3,-0.0014611659269106619,0.00028188750194269914,-0.0011792784249679627,-0.0012525368974487259,7.325847248076315e-05,PCA_RIDGE,PCA
2026-04-30,2026-06-02,22,PC1,0.05656281970997577,0.0007985149614248219,0.057361334671400595,0.05375700689904049,0.003604327772360104,PCA_RIDGE_VAR,PCA
2026-04-30,2026-06-02,22,PC2,0.008571465190307371,-0.0001470227443870313,0.00842444244592034,0.009080201268701522,-0.0006557588227811828,PCA_RIDGE_VAR,PCA
2026-04-30,2026-06-02,22,PC3,-0.0014611659269106619,0.00034335390601357364,-0.0011178120208970882,-0.0012525368974487259,0.0001347248765516376,PCA_RIDGE_VAR,PCA
