forecast_origin,target_date,horizon,factor,current_factor,predicted_change,predicted_future_factor,realized_future_factor,error,model,representation
2021-12-31,2022-01-07,5,beta0,0.0419250796159483,2.2126379200682693e-05,0.041947205995149,0.0420671955683344,-0.0001199895731854,NS_RIDGE,NS
2021-12-31,2022-01-07,5,beta1,-0.0265670333501586,-2.6215552042014896e-05,-0.0265932489022006,-0.0267537818861579,0.0001605329839573,NS_RIDGE,NS
2021-12-31,2022-01-07,5,beta2,-0.0128560841800672,0.0001047391016423,-0.0127513450784249,-0.0133115653270685,0.0005602202486435,NS_RIDGE,NS
2021-12-31,2022-01-07,5,beta0,0.0419250796159483,-2.823159592622429e-05,0.0418968480200221,0.0420671955683344,-0.0001703475483123,NS_ELASTICNET,NS
2021-12-31,2022-01-07,5,beta1,-0.0265670333501586,2.0621911164076408e-05,-0.0265464114389945,-0.0267537818861579,0.0002073704471634,NS_ELASTICNET,NS
2021-12-31,2022-01-07,5,beta2,-0.0128560841800672,-5.133492374436522e-05,-0.0129074191038116,-0.0133115653270685,0.0004041462232568,NS_ELASTICNET,NS
2021-12-31,2022-01-07,5,PC1,-0.0414351207122839,9.460074436945551e-05,-0.0413405199679144,-0.0416570165792411,0.0003164966113266,PCA_RIDGE,PCA
2021-12-31,2022-01-07,5,PC2,-0.0025914791444376,5.894595013071403e-05,-0.0025325331943069,-0.0026034713142542,7.093811994731076e-05,PCA_RIDGE,PCA
2021-12-31,2022-01-07,5,PC3,-0.0036314109607584,1.4799147500182556e-05,-0.0036166118132583,-0.0036257141731423,9.10235988400539e-06,PCA_RIDGE,PCA
2021-12-31,2022-01-07,5,PC1,-0.0414351207122839,-2.335429663358896e-05,-0.0414584750089175,-0.0416570165792411,0.0001985415703235,PCA_RIDGE_VAR,PCA
2021-12-31,2022-01-07,5,PC2,-0.0025914791444376,0.0001024617588634,-0.0024890173855742,-0.0026034713142542,0.0001144539286799,PCA_RIDGE_VAR,PCA
2021-12-31,2022-01-07,5,PC3,-0.0036314109607584,3.588743046923455e-05,-0.0035955235302892,-0.0036257141731423,3.0190642853057496e-05,PCA_RIDGE_VAR,PCA
2021-12-31,2022-01-17,10,beta0,0.0419250796159483,0.0001576207836705,0.0420827003996188,0.0417693428639391,0.0003133575356796,NS_RIDGE,NS
2021-12-31,2022-01-17,10,beta1,-0.0265670333501586,-0.0001472354628802,-0.0267142688130388,-0.0265247913083681,-0.0001894775046707,NS_RIDGE,NS
2021-12-31,2022-01-17,10,beta2,-0.0128560841800672,-0.0001980874196466,-0.0130541715997139,-0.0121445055482102,-0.0009096660515037,NS_RIDGE,NS
2021-12-31,2022-01-17,10,beta0,0.0419250796159483,-5.683624103515107e-05,0.0418682433749131,0.0417693428639391,9.890051097398432e-05,NS_ELASTICNET,NS
2021-12-31,2022-01-17,10,beta1,-0.0265670333501586,4.1548757611273686e-05,-0.0265254845925473,-0.0265247913083681,-6.932841791901234e-07,NS_ELASTICNET,NS
2021-12-31,2022-01-17,10,beta2,-0.0128560841800672,-0.0001027396432635,-0.0129588238233307,-0.0121445055482102,-0.0008143182751205,NS_ELASTICNET,NS
2021-12-31,2022-01-17,10,PC1,-0.0414351207122839,0.0001196721150479,-0.041315448597236,-0.0414556693371074,0.0001402207398713,PCA_RIDGE,PCA
2021-12-31,2022-01-17,10,PC2,-0.0025914791444376,9.332744698194986e-05,-0.0024981516974557,-0.0025256845984522,2.7532900996514627e-05,PCA_RIDGE,PCA
2021-12-31,2022-01-17,10,PC3,-0.0036314109607584,7.989277750651281e-05,-0.0035515181832519,-0.0038859416534955,0.0003344234702435,PCA_RIDGE,PCA
2021-12-31,2022-01-17,10,PC1,-0.0414351207122839,-8.075015568563548e-05,-0.0415158708679695,-0.0414556693371074,-6.020153086215563e-05,PCA_RIDGE_VAR,PCA
2021-12-31,2022-01-17,10,PC2,-0.0025914791444376,0.0001422908082157,-0.0024491883362219,-0.0025256845984522,7.649626223030009e-05,PCA_RIDGE_VAR,PCA
2021-12-31,2022-01-17,10,PC3,-0.0036314109607584,8.12733013662967e-05,-0.0035501376593921,-0.0038859416534955,0.0003358039941033,PCA_RIDGE_VAR,PCA
2021-12-31,2022-02-02,22,beta0,0.0419250796159483,0.0004075082577342,0.0423325878736825,0.038758376997934,0.0035742108757485,NS_RIDGE,NS
2021-12-31,2022-02-02,22,beta1,-0.0265670333501586,-0.0003801161345088,-0.0269471494846674,-0.023260065142634,-0.0036870843420333,NS_RIDGE,NS
2021-12-31,2022-02-02,22,beta2,-0.0128560841800672,-0.0006440104761674,-0.0135000946562347,-0.0056384717842549,-0.0078616228719798,NS_RIDGE,NS
2021-12-31,2022-02-02,22,beta0,0.0419250796159483,-0.0001272253615676,0.0417978542543806,0.038758376997934,0.0030394772564466,NS_ELASTICNET,NS
2021-12-31,2022-02-02,22,beta1,-0.0265670333501586,9.278392704038236e-05,-0.0264742494231182,-0.023260065142634,-0.0032141842804841,NS_ELASTICNET,NS
2021-12-31,2022-02-02,22,beta2,-0.0128560841800672,-0.0002211036457957,-0.013077187825863,-0.0056384717842549,-0.0074387160416081,NS_ELASTICNET,NS
2021-12-31,2022-02-02,22,PC1,-0.0414351207122839,0.0002060202644955,-0.0412291004477883,-0.0403255716010933,-0.0009035288466949,PCA_RIDGE,PCA
2021-12-31,2022-02-02,22,PC2,-0.0025914791444376,0.0001564515275573,-0.0024350276168802,-0.003014053554723,0.0005790259378427,PCA_RIDGE,PCA
2021-12-31,2022-02-02,22,PC3,-0.0036314109607584,0.000129847769622,-0.0035015631911364,-0.004442897678552,0.0009413344874156,PCA_RIDGE,PCA
2021-12-31,2022-02-02,22,PC1,-0.0414351207122839,-0.0002256925347499,-0.0416608132470338,-0.0403255716010933,-0.0013352416459404,PCA_RIDGE_VAR,PCA
2021-12-31,2022-02-02,22,PC2,-0.0025914791444376,0.0002341933533942,-0.0023572857910434,-0.003014053554723,0.0006567677636795,PCA_RIDGE_VAR,PCA
2021-12-31,2022-02-02,22,PC3,-0.0036314109607584,0.0001879677382918,-0.0034434432224666,-0.004442897678552,0.0009994544560853,PCA_RIDGE_VAR,PCA
2022-01-31,2022-02-07,5,beta0,0.0397496432354442,0.0002683950263692,0.0400180382618135,0.0383000517423507,0.0017179865194627,NS_RIDGE,NS
2022-01-31,2022-02-07,5,beta1,-0.024071606315098,-0.0002343922713534,-0.0243059985864514,-0.02284624116808,-0.0014597574183714,NS_RIDGE,NS
2022-01-31,2022-02-07,5,beta2,-0.008304922319069,-0.0003940871021501,-0.0086990094212192,-0.0040969959381253,-0.0046020134830938,NS_RIDGE,NS
2022-01-31,2022-02-07,5,beta0,0.0397496432354442,-3.047841448101761e-05,0.0397191648209632,0.0383000517423507,0.0014191130786124,NS_ELASTICNET,NS
2022-01-31,2022-02-07,5,beta1,-0.024071606315098,2.3370354552248588e-05,-0.0240482359605458,-0.02284624116808,-0.0012019947924657,NS_ELASTICNET,NS
2022-01-31,2022-02-07,5,beta2,-0.008304922319069,-4.65109147592953e-05,-0.0083514332338283,-0.0040969959381253,-0.0042544372957029,NS_ELASTICNET,NS
2022-01-31,2022-02-07,5,PC1,-0.0402466842044392,0.0001616152935792,-0.0400850689108599,-0.0398644001580845,-0.0002206687527754,PCA_RIDGE,PCA
2022-01-31,2022-02-07,5,PC2,-0.0030470566700311,8.575487029198184e-05,-0.0029613017997392,-0.0029248982762129,-3.640352352627004e-05,PCA_RIDGE,PCA
2022-01-31,2022-02-07,5,PC3,-0.0040394585733734,5.053310027121295e-05,-0.0039889254731022,-0.0046332787264247,0.0006443532533225,PCA_RIDGE,PCA
2022-01-31,2022-02-07,5,PC1,-0.0402466842044392,-3.036951944402483e-05,-0.0402770537238832,-0.0398644001580845,-0.0004126535657987,PCA_RIDGE_VAR,PCA
2022-01-31,2022-02-07,5,PC2,-0.0030470566700311,4.045260901802813e-05,-0.0030066040610131,-0.0029248982762129,-8.170578480022356e-05,PCA_RIDGE_VAR,PCA
2022-01-31,2022-02-07,5,PC3,-0.0040394585733734,3.866672930385919e-05,-0.0040007918440696,-0.0046332787264247,0.0006324868823551,PCA_RIDGE_VAR,PCA
2022-01-31,2022-02-14,10,beta0,0.0397496432354442,0.000386225332169,0.0401358685676132,0.0407208327074845,-0.0005849641398713,NS_RIDGE,NS
2022-01-31,2022-02-14,10,beta1,-0.024071606315098,-0.0003411537563674,-0.0244127600714655,-0.0252392639263652,0.0008265038548997,NS_RIDGE,NS
2022-01-31,2022-02-14,10,beta2,-0.008304922319069,-0.0004114069167918,-0.0087163292358609,-0.0085931349975201,-0.0001231942383407,NS_RIDGE,NS
2022-01-31,2022-02-14,10,beta0,0.0397496432354442,-0.00012828930176,0.0396213539336842,0.0407208327074845,-0.0010994787738003,NS_ELASTICNET,NS
2022-01-31,2022-02-14,10,beta1,-0.024071606315098,0.0001194332015284,-0.0239521731135696,-0.0252392639263652,0.0012870908127955,NS_ELASTICNET,NS
2022-01-31,2022-02-14,10,beta2,-0.008304922319069,7.081542554724429e-05,-0.0082341068935217,-0.0085931349975201,0.0003590281039983,NS_ELASTICNET,NS
2022-01-31,2022-02-14,10,PC1,-0.0402466842044392,0.000357453817712,-0.0398892303867272,-0.0398808664510077,-8.363935719409021e-06,PCA_RIDGE,PCA
2022-01-31,2022-02-14,10,PC2,-0.0030470566700311,0.0001600411482558,-0.0028870155217753,-0.002411883527778,-0.0004751319939973,PCA_RIDGE,PCA
2022-01-31,2022-02-14,10,PC3,-0.0040394585733734,5.291662118639482e-05,-0.003986541952187,-0.004206313136649,0.0002197711844619,PCA_RIDGE,PCA
2022-01-31,2022-02-14,10,PC1,-0.0402466842044392,-6.423540499315289e-05,-0.0403109196094323,-0.0398808664510077,-0.0004300531584246,PCA_RIDGE_VAR,PCA
2022-01-31,2022-02-14,10,PC2,-0.0030470566700311,9.782466234387792e-05,-0.0029492320076873,-0.002411883527778,-0.0005373484799092,PCA_RIDGE_VAR,PCA
2022-01-31,2022-02-14,10,PC3,-0.0040394585733734,9.12228034574648e-05,-0.003948235769916,-0.004206313136649,0.000258077366733,PCA_RIDGE_VAR,PCA
2022-01-31,2022-03-02,22,beta0,0.0397496432354442,0.0002688674368383,0.0400185106722825,0.0378779211214806,0.0021405895508019,NS_RIDGE,NS
2022-01-31,2022-03-02,22,beta1,-0.024071606315098,-0.0002263968683861,-0.0242980031834842,-0.0225742959273738,-0.0017237072561103,NS_RIDGE,NS
2022-01-31,2022-03-02,22,beta2,-0.008304922319069,0.0002008187604683,-0.0081041035586007,-0.0029579243715558,-0.0051461791870448,NS_RIDGE,NS
2022-01-31,2022-03-02,22,beta0,0.0397496432354442,-0.0001266177445947,0.0396230254908495,0.0378779211214806,0.0017451043693688,NS_ELASTICNET,NS
2022-01-31,2022-03-02,22,beta1,-0.024071606315098,9.462148822617366e-05,-0.0239769848268718,-0.0225742959273738,-0.001402688899498,NS_ELASTICNET,NS
2022-01-31,2022-03-02,22,beta2,-0.008304922319069,-0.0002218275184807,-0.0085267498375497,-0.0029579243715558,-0.0055688254659938,NS_ELASTICNET,NS
2022-01-31,2022-03-02,22,PC1,-0.0402466842044392,0.0006218999764806,-0.0396247842279586,-0.0399344655778451,0.0003096813498865,PCA_RIDGE,PCA
2022-01-31,2022-03-02,22,PC2,-0.0030470566700311,0.0002254665758856,-0.0028215900941455,-0.0028868698725648,6.527977841928271e-05,PCA_RIDGE,PCA
2022-01-31,2022-03-02,22,PC3,-0.0040394585733734,-2.37455229112973e-05,-0.0040632040962847,-0.0049481415166512,0.0008849374203664,PCA_RIDGE,PCA
2022-01-31,2022-03-02,22,PC1,-0.0402466842044392,-0.0001638101716892,-0.0404104943761285,-0.0399344655778451,-0.0004760287982833,PCA_RIDGE_VAR,PCA
2022-01-31,2022-03-02,22,PC2,-0.0030470566700311,0.0002228617736269,-0.0028241948964042,-0.0028868698725648,6.267497616064405e-05,PCA_RIDGE_VAR,PCA
2022-01-31,2022-03-02,22,PC3,-0.0040394585733734,0.0002059847710577,-0.0038334738023157,-0.0049481415166512,0.0011146677143355,PCA_RIDGE_VAR,PCA
2022-02-28,2022-03-07,5,beta0,0.0377722340169075,0.000595871085211,0.0383681051021186,0.0383000517423507,6.80533597678945e-05,NS_RIDGE,NS
2022-02-28,2022-03-07,5,beta1,-0.0225014973261034,-0.0005822392089149,-0.0230837365350184,-0.02284624116808,-0.0002374953669383,NS_RIDGE,NS
2022-02-28,2022-03-07,5,beta2,-0.0024887439933657,-0.0012192055025225,-0.0037079494958882,-0.0040969959381253,0.000389046442237,NS_RIDGE,NS
2022-02-28,2022-03-07,5,beta0,0.0377722340169075,-1.516823613844643e-05,0.0377570657807691,0.0383000517423507,-0.0005429859615816,NS_ELASTICNET,NS
2022-02-28,2022-03-07,5,beta1,-0.0225014973261034,5.109476082526027e-06,-0.0224963878500209,-0.02284624116808,0.0003498533180591,NS_ELASTICNET,NS
2022-02-28,2022-03-07,5,beta2,-0.0024887439933657,-0.0001015054235509,-0.0025902494169166,-0.0040969959381253,0.0015067465212087,NS_ELASTICNET,NS
2022-02-28,2022-03-07,5,PC1,-0.0396758166730704,7.744793891731929e-05,-0.0395983687341531,-0.0396914688655791,9.31001314260424e-05,PCA_RIDGE,PCA
2022-02-28,2022-03-07,5,PC2,-0.0027605879456994,0.0001106234346431,-0.0026499645110563,-0.0028641087765428,0.0002141442654865,PCA_RIDGE,PCA
2022-02-28,2022-03-07,5,PC3,-0.0049069826087102,0.0001564524622683,-0.0047505301464419,-0.0045321844169932,-0.0002183457294487,PCA_RIDGE,PCA
2022-02-28,2022-03-07,5,PC1,-0.0396758166730704,6.674282192961623e-07,-0.0396751492448511,-0.0396914688655791,1.6319620728018347e-05,PCA_RIDGE_VAR,PCA
2022-02-28,2022-03-07,5,PC2,-0.0027605879456994,9.609907077074484e-05,-0.0026644888749287,-0.0028641087765428,0.000199619901614,PCA_RIDGE_VAR,PCA
2022-02-28,2022-03-07,5,PC3,-0.0049069826087102,9.973215079044518e-05,-0.0048072504579198,-0.0045321844169932,-0.0002750660409266,PCA_RIDGE_VAR,PCA
2022-02-28,2022-03-14,10,beta0,0.0377722340169075,0.0008520311556831,0.0386242651725907,0.0368639371295348,0.0017603280430559,NS_RIDGE,NS
2022-02-28,2022-03-14,10,beta1,-0.0225014973261034,-0.0008485708407732,-0.0233500681668767,-0.0217269768176255,-0.0016230913492511,NS_RIDGE,NS
2022-02-28,2022-03-14,10,beta2,-0.0024887439933657,-0.0017054234705266,-0.0041941674638924,0.0008763969400846,-0.005070564403977,NS_RIDGE,NS
2022-02-28,2022-03-14,10,beta0,0.0377722340169075,-4.48111949153693e-05,0.0377274228219922,0.0368639371295348,0.0008634856924573,NS_ELASTICNET,NS
2022-02-28,2022-03-14,10,beta1,-0.0225014973261034,1.94115817356506e-05,-0.0224820857443677,-0.0217269768176255,-0.0007551089267422,NS_ELASTICNET,NS
2022-02-28,2022-03-14,10,beta2,-0.0024887439933657,-0.0001486925027703,-0.002637436496136,0.0008763969400846,-0.0035138334362206,NS_ELASTICNET,NS
2022-02-28,2022-03-14,10,PC1,-0.0396758166730704,-1.88954603229406e-05,-0.0396947121333933,-0.0390125659832288,-0.0006821461501645,PCA_RIDGE,PCA
2022-02-28,2022-03-14,10,PC2,-0.0027605879456994,0.0001515433479803,-0.0026090445977191,-0.0025017469033351,-0.0001072976943839,PCA_RIDGE,PCA
2022-02-28,2022-03-14,10,PC3,-0.0049069826087102,0.0002158544293052,-0.004691128179405,-0.0053124763311239,0.0006213481517189,PCA_RIDGE,PCA
2022-02-28,2022-03-14,10,PC1,-0.0396758166730704,-3.3283745966415645e-05,-0.0397091004190368,-0.0390125659832288,-0.0006965344358079,PCA_RIDGE_VAR,PCA
2022-02-28,2022-03-14,10,PC2,-0.0027605879456994,0.0001797688086065,-0.0025808191370928,-0.0025017469033351,-7.907223375771535e-05,PCA_RIDGE_VAR,PCA
2022-02-28,2022-03-14,10,PC3,-0.0049069826087102,0.0001663007755131,-0.0047406818331971,-0.0053124763311239,0.0005717944979268,PCA_RIDGE_VAR,PCA
2022-02-28,2022-03-30,22,beta0,0.0377722340169075,0.0011824059950294,0.038954640011937,0.038811033065763,0.0001436069461739,NS_RIDGE,NS
2022-02-28,2022-03-30,22,beta1,-0.0225014973261034,-0.0012013903124571,-0.0237028876385606,-0.0232541963727515,-0.000448691265809,NS_RIDGE,NS
2022-02-28,2022-03-30,22,beta2,-0.0024887439933657,-0.0021894770378026,-0.0046782210311683,-0.0041430940638728,-0.0005351269672954,NS_RIDGE,NS
2022-02-28,2022-03-30,22,beta0,0.0377722340169075,-0.0001358905732925,0.037636343443615,0.038811033065763,-0.001174689622148,NS_ELASTICNET,NS
2022-02-28,2022-03-30,22,beta1,-0.0225014973261034,0.0001040913982892,-0.0223974059278142,-0.0232541963727515,0.0008567904449373,NS_ELASTICNET,NS
2022-02-28,2022-03-30,22,beta2,-0.0024887439933657,-0.0001940820958223,-0.002682826089188,-0.0041430940638728,0.0014602679746848,NS_ELASTICNET,NS
2022-02-28,2022-03-30,22,PC1,-0.0396758166730704,5.313738118297828e-05,-0.0396226792918874,-0.039014351017557,-0.0006083282743304,PCA_RIDGE,PCA
2022-02-28,2022-03-30,22,PC2,-0.0027605879456994,0.0002930381425442,-0.0024675498031552,-0.002568597226029,0.0001010474228738,PCA_RIDGE,PCA
2022-02-28,2022-03-30,22,PC3,-0.0049069826087102,0.0003084012464786,-0.0045985813622316,-0.0044668882750672,-0.0001316930871644,PCA_RIDGE,PCA
2022-02-28,2022-03-30,22,PC1,-0.0396758166730704,-0.0001257485615608,-0.0398015652346312,-0.039014351017557,-0.0007872142170741,PCA_RIDGE_VAR,PCA
2022-02-28,2022-03-30,22,PC2,-0.0027605879456994,0.0003576091336037,-0.0024029788120957,-0.002568597226029,0.0001656184139333,PCA_RIDGE_VAR,PCA
2022-02-28,2022-03-30,22,PC3,-0.0049069826087102,0.0003040600455127,-0.0046029225631975,-0.0044668882750672,-0.0001360342881302,PCA_RIDGE_VAR,PCA
2022-03-31,2022-04-07,5,beta0,0.0386436436362679,-6.0318120969206034e-05,0.0385833255152987,0.0380635720849251,0.0005197534303735,NS_RIDGE,NS
2022-03-31,2022-04-07,5,beta1,-0.0230788473274206,8.031020248726591e-05,-0.0229985371249333,-0.0224720478766361,-0.0005264892482971,NS_RIDGE,NS
2022-03-31,2022-04-07,5,beta2,-0.0039446112766901,0.0001225929172714,-0.0038220183594187,-0.0024825955273342,-0.0013394228320845,NS_RIDGE,NS
2022-03-31,2022-04-07,5,beta0,0.0386436436362679,-8.621143682053522e-05,0.0385574321994473,0.0380635720849251,0.0004938601145222,NS_ELASTICNET,NS
2022-03-31,2022-04-07,5,beta1,-0.0230788473274206,8.498154971505086e-05,-0.0229938657777055,-0.0224720478766361,-0.0005218179010694,NS_ELASTICNET,NS
2022-03-31,2022-04-07,5,beta2,-0.0039446112766901,7.515969612080603e-05,-0.0038694515805693,-0.0024825955273342,-0.0013868560532351,NS_ELASTICNET,NS
2022-03-31,2022-04-07,5,PC1,-0.0388589178471502,6.651217392751431e-05,-0.0387924056732227,-0.0385811294720057,-0.000211276201217,PCA_RIDGE,PCA
2022-03-31,2022-04-07,5,PC2,-0.0025770110206136,2.6533311661233823e-05,-0.0025504777089524,-0.0025638583210707,1.3380612118326416e-05,PCA_RIDGE,PCA
2022-03-31,2022-04-07,5,PC3,-0.0043725130628406,-9.770227711445763e-06,-0.004382283290552,-0.0044980818641143,0.0001157985735622,PCA_RIDGE,PCA
2022-03-31,2022-04-07,5,PC1,-0.0388589178471502,-3.5792221970566696e-05,-0.0388947100691208,-0.0385811294720057,-0.0003135805971151,PCA_RIDGE_VAR,PCA
2022-03-31,2022-04-07,5,PC2,-0.0025770110206136,8.738702951224765e-05,-0.0024896239911013,-0.0025638583210707,7.423432996934032e-05,PCA_RIDGE_VAR,PCA
2022-03-31,2022-04-07,5,PC3,-0.0043725130628406,4.363486500482197e-05,-0.0043288781978358,-0.0044980818641143,0.0001692036662785,PCA_RIDGE_VAR,PCA
2022-03-31,2022-04-14,10,beta0,0.0386436436362679,0.0002105207202749,0.0388541643565428,0.0377079534048127,0.0011462109517301,NS_RIDGE,NS
2022-03-31,2022-04-14,10,beta1,-0.0230788473274206,-0.000164796132394,-0.0232436434598146,-0.0220136402848901,-0.0012300031749244,NS_RIDGE,NS
2022-03-31,2022-04-14,10,beta2,-0.0039446112766901,-0.0003798842263398,-0.00432449550303,-0.0018178485417506,-0.0025066469612793,NS_RIDGE,NS
2022-03-31,2022-04-14,10,beta0,0.0386436436362679,-6.453029388023993e-05,0.0385791133423876,0.0377079534048127,0.0008711599375749,NS_ELASTICNET,NS
2022-03-31,2022-04-14,10,beta1,-0.0230788473274206,5.000802770015014e-05,-0.0230288392997204,-0.0220136402848901,-0.0010151990148302,NS_ELASTICNET,NS
2022-03-31,2022-04-14,10,beta2,-0.0039446112766901,-7.899543773240768e-05,-0.0040236067144225,-0.0018178485417506,-0.0022057581726718,NS_ELASTICNET,NS
2022-03-31,2022-04-14,10,PC1,-0.0388589178471502,0.0001173645228238,-0.0387415533243264,-0.0383515312446656,-0.0003900220796608,PCA_RIDGE,PCA
2022-03-31,2022-04-14,10,PC2,-0.0025770110206136,0.0001143540944063,-0.0024626569262072,-0.0027361622934614,0.0002735053672541,PCA_RIDGE,PCA
2022-03-31,2022-04-14,10,PC3,-0.0043725130628406,6.347760682938633e-05,-0.0043090354560112,-0.0045370435678345,0.0002280081118232,PCA_RIDGE,PCA
2022-03-31,2022-04-14,10,PC1,-0.0388589178471502,-6.722911608789822e-05,-0.0389261469632381,-0.0383515312446656,-0.0005746157185725,PCA_RIDGE_VAR,PCA
2022-03-31,2022-04-14,10,PC2,-0.0025770110206136,0.0001560043910407,-0.0024210066295729,-0.0027361622934614,0.0003151556638884,PCA_RIDGE_VAR,PCA
2022-03-31,2022-04-14,10,PC3,-0.0043725130628406,9.93794777104616e-05,-0.0042731335851301,-0.0045370435678345,0.0002639099827043,PCA_RIDGE_VAR,PCA
2022-03-31,2022-05-06,22,beta0,0.0386436436362679,0.0004329434357828,0.0390765870720508,0.0386178131657179,0.0004587739063328,NS_RIDGE,NS
2022-03-31,2022-05-06,22,beta1,-0.0230788473274206,-0.0004147546074078,-0.0234936019348284,-0.0227050658238542,-0.0007885361109741,NS_RIDGE,NS
2022-03-31,2022-05-06,22,beta2,-0.0039446112766901,-0.0006736008711674,-0.0046182121478575,-0.001814673476857,-0.0028035386710005,NS_RIDGE,NS
2022-03-31,2022-05-06,22,beta0,0.0386436436362679,-0.0002482987078584,0.0383953449284094,0.0386178131657179,-0.0002224682373085,NS_ELASTICNET,NS
2022-03-31,2022-05-06,22,beta1,-0.0230788473274206,0.0002233482257741,-0.0228554991016464,-0.0227050658238542,-0.0001504332777921,NS_ELASTICNET,NS
2022-03-31,2022-05-06,22,beta2,-0.0039446112766901,0.0003152532292226,-0.0036293580474674,-0.001814673476857,-0.0018146845706104,NS_ELASTICNET,NS
2022-03-31,2022-05-06,22,PC1,-0.0388589178471502,0.0002049443229064,-0.0386539735242438,-0.0370519734945673,-0.0016020000296765,PCA_RIDGE,PCA
2022-03-31,2022-05-06,22,PC2,-0.0025770110206136,0.000207857151637,-0.0023691538689765,-0.0021107957030487,-0.0002583581659277,PCA_RIDGE,PCA
2022-03-31,2022-05-06,22,PC3,-0.0043725130628406,9.746916617859158e-05,-0.004275043896662,-0.0042369639380008,-3.807995866118592e-05,PCA_RIDGE,PCA
2022-03-31,2022-05-06,22,PC1,-0.0388589178471502,-0.000148009346927,-0.0390069271940773,-0.0370519734945673,-0.00195495369951,PCA_RIDGE_VAR,PCA
2022-03-31,2022-05-06,22,PC2,-0.0025770110206136,0.0003079796819992,-0.0022690313386144,-0.0021107957030487,-0.0001582356355656,PCA_RIDGE_VAR,PCA
2022-03-31,2022-05-06,22,PC3,-0.0043725130628406,0.0002264756416012,-0.0041460374212393,-0.0042369639380008,9.092651676150235e-05,PCA_RIDGE_VAR,PCA
2022-04-29,2022-05-10,5,beta0,0.0380344382386156,0.00056247987605,0.0385969181146657,0.039061902301458,-0.0004649841867923,NS_RIDGE,NS
2022-04-29,2022-05-10,5,beta1,-0.0223229580910156,-0.0004444135434813,-0.0227673716344969,-0.023276167500184,0.000508795865687,NS_RIDGE,NS
2022-04-29,2022-05-10,5,beta2,-0.0007214454621417,-0.001384497274339,-0.0021059427364808,-0.0027693122596033,0.0006633695231225,NS_RIDGE,NS
2022-04-29,2022-05-10,5,beta0,0.0380344382386156,-3.146501209774808e-05,0.0380029732265179,0.039061902301458,-0.0010589290749401,NS_ELASTICNET,NS
2022-04-29,2022-05-10,5,beta1,-0.0223229580910156,2.4576963377199707e-05,-0.0222983811276384,-0.023276167500184,0.0009777863725456,NS_ELASTICNET,NS
2022-04-29,2022-05-10,5,beta2,-0.0007214454621417,-3.946936812055398e-05,-0.0007609148302623,-0.0027693122596033,0.002008397429341,NS_ELASTICNET,NS
2022-04-29,2022-05-10,5,PC1,-0.0372683516117677,0.0001537816123912,-0.0371145699993765,-0.0372093608784214,9.479087904496614e-05,PCA_RIDGE,PCA
2022-04-29,2022-05-10,5,PC2,-0.0020451985427315,-1.1293045745023528e-05,-0.0020564915884765,-0.0019092895377914,-0.0001472020506851,PCA_RIDGE,PCA
2022-04-29,2022-05-10,5,PC3,-0.0043645757426294,0.0001468661029199,-0.0042177096397095,-0.0043273532769951,0.0001096436372856,PCA_RIDGE,PCA
2022-04-29,2022-05-10,5,PC1,-0.0372683516117677,0.0001090908926575,-0.0371592607191102,-0.0372093608784214,5.010015931119355e-05,PCA_RIDGE_VAR,PCA
2022-04-29,2022-05-10,5,PC2,-0.0020451985427315,-3.815478301567692e-05,-0.0020833533257472,-0.0019092895377914,-0.0001740637879557,PCA_RIDGE_VAR,PCA
2022-04-29,2022-05-10,5,PC3,-0.0043645757426294,5.19800624234866e-05,-0.004312595680206,-0.0043273532769951,1.4757596789182968e-05,PCA_RIDGE_VAR,PCA
2022-04-29,2022-05-17,10,beta0,0.0380344382386156,0.0003934978408433,0.0384279360794589,0.0397492782992501,-0.0013213422197911,NS_RIDGE,NS
2022-04-29,2022-05-17,10,beta1,-0.0223229580910156,-0.0003310985051184,-0.022654056596134,-0.0228847535923691,0.000230696996235,NS_RIDGE,NS
2022-04-29,2022-05-17,10,beta2,-0.0007214454621417,-0.0006167830899758,-0.0013382285521176,-0.0059285829683267,0.0045903544162091,NS_RIDGE,NS
2022-04-29,2022-05-17,10,beta0,0.0380344382386156,-6.269738110769447e-05,0.0379717408575079,0.0397492782992501,-0.0017775374417421,NS_ELASTICNET,NS
2022-04-29,2022-05-17,10,beta1,-0.0223229580910156,4.885272487440261e-05,-0.0222741053661412,-0.0228847535923691,0.0006106482262278,NS_ELASTICNET,NS
2022-04-29,2022-05-17,10,beta2,-0.0007214454621417,-8.013599872026067e-05,-0.000801581460862,-0.0059285829683267,0.0051270015074647,NS_ELASTICNET,NS
2022-04-29,2022-05-17,10,PC1,-0.0372683516117677,0.0009230911087509,-0.0363452605030167,-0.0360500018835112,-0.0002952586195055,PCA_RIDGE,PCA
2022-04-29,2022-05-17,10,PC2,-0.0020451985427315,0.0002080279093785,-0.0018371706333529,-0.0030876656195513,0.0012504949861984,PCA_RIDGE,PCA
2022-04-29,2022-05-17,10,PC3,-0.0043645757426294,-6.929128183829248e-05,-0.0044338670244677,-0.0036022620953996,-0.0008316049290681,PCA_RIDGE,PCA
2022-04-29,2022-05-17,10,PC1,-0.0372683516117677,0.0001062702118765,-0.0371620813998912,-0.0360500018835112,-0.0011120795163799,PCA_RIDGE_VAR,PCA
2022-04-29,2022-05-17,10,PC2,-0.0020451985427315,3.518324944273062e-05,-0.0020100152932887,-0.0030876656195513,0.0010776503262625,PCA_RIDGE_VAR,PCA
2022-04-29,2022-05-17,10,PC3,-0.0043645757426294,0.000111698854674,-0.0042528768879554,-0.0036022620953996,-0.0006506147925558,PCA_RIDGE_VAR,PCA
2022-04-29,2022-06-02,22,beta0,0.0380344382386156,0.0006229674846452,0.0386574057232609,0.0369697450132155,0.0016876607100453,NS_RIDGE,NS
2022-04-29,2022-06-02,22,beta1,-0.0223229580910156,-0.000412389715876,-0.0227353478068917,-0.0204839821072521,-0.0022513656996395,NS_RIDGE,NS
2022-04-29,2022-06-02,22,beta2,-0.0007214454621417,-0.0008735944431088,-0.0015950399052506,-0.0002480483649133,-0.0013469915403373,NS_RIDGE,NS
2022-04-29,2022-06-02,22,beta0,0.0380344382386156,-0.0002146452038748,0.0378197930347407,0.0369697450132155,0.0008500480215252,NS_ELASTICNET,NS
2022-04-29,2022-06-02,22,beta1,-0.0223229580910156,0.0001900748907187,-0.0221328832002969,-0.0204839821072521,-0.0016489010930447,NS_ELASTICNET,NS
2022-04-29,2022-06-02,22,beta2,-0.0007214454621417,0.000259345660323,-0.0004620998018187,-0.0002480483649133,-0.0002140514369054,NS_ELASTICNET,NS
2022-04-29,2022-06-02,22,PC1,-0.0372683516117677,0.0006653078647534,-0.0366030437470143,-0.0364046068859194,-0.0001984368610948,PCA_RIDGE,PCA
2022-04-29,2022-06-02,22,PC2,-0.0020451985427315,0.0001531273158643,-0.0018920712268672,-0.0033680798681287,0.0014760086412615,PCA_RIDGE,PCA
2022-04-29,2022-06-02,22,PC3,-0.0043645757426294,0.0001339546468,-0.0042306210958294,-0.0045574197139837,0.0003267986181542,PCA_RIDGE,PCA
2022-04-29,2022-06-02,22,PC1,-0.0372683516117677,4.817962507686069e-05,-0.0372201719866909,-0.0364046068859194,-0.0008155651007715,PCA_RIDGE_VAR,PCA
2022-04-29,2022-06-02,22,PC2,-0.0020451985427315,0.0001889190428578,-0.0018562794998736,-0.0033680798681287,0.001511800368255,PCA_RIDGE_VAR,PCA
2022-04-29,2022-06-02,22,PC3,-0.0043645757426294,0.0002411167836833,-0.0041234589589461,-0.0045574197139837,0.0004339607550376,PCA_RIDGE_VAR,PCA
2022-05-31,2022-06-07,5,beta0,0.0375603162083497,0.0002651956702003,0.0378255118785501,0.0359824689355506,0.0018430429429994,NS_RIDGE,NS
2022-05-31,2022-06-07,5,beta1,-0.0212588885569357,-0.0002760310889105,-0.0215349196458462,-0.0194271144760957,-0.0021078051697505,NS_RIDGE,NS
2022-05-31,2022-06-07,5,beta2,-0.0013075061009765,-0.000342330554131,-0.0016498366551076,0.0023152423274551,-0.0039650789825627,NS_RIDGE,NS
2022-05-31,2022-06-07,5,beta0,0.0375603162083497,-3.248728952622086e-05,0.0375278289188235,0.0359824689355506,0.0015453599832728,NS_ELASTICNET,NS
2022-05-31,2022-06-07,5,beta1,-0.0212588885569357,2.618884280297533e-05,-0.0212326997141327,-0.0194271144760957,-0.001805585238037,NS_ELASTICNET,NS
2022-05-31,2022-06-07,5,beta2,-0.0013075061009765,-3.741428321900195e-05,-0.0013449203841955,0.0023152423274551,-0.0036601627116507,NS_ELASTICNET,NS
2022-05-31,2022-06-07,5,PC1,-0.0366304592342944,6.151010168349897e-05,-0.0365689491326109,-0.0357062788727502,-0.0008626702598606,PCA_RIDGE,PCA
2022-05-31,2022-06-07,5,PC2,-0.0030878636272797,0.0001884862864492,-0.0028993773408304,-0.0033763835952147,0.0004770062543842,PCA_RIDGE,PCA
2022-05-31,2022-06-07,5,PC3,-0.0043783298625241,4.5780407298536266e-05,-0.0043325494552255,-0.0047032461704684,0.0003706967152428,PCA_RIDGE,PCA
2022-05-31,2022-06-07,5,PC1,-0.0366304592342944,3.6065966763566826e-05,-0.0365943932675308,-0.0357062788727502,-0.0008881143947806,PCA_RIDGE_VAR,PCA
2022-05-31,2022-06-07,5,PC2,-0.0030878636272797,7.98186696271473e-05,-0.0030080449576525,-0.0033763835952147,0.0003683386375621,PCA_RIDGE_VAR,PCA
2022-05-31,2022-06-07,5,PC3,-0.0043783298625241,5.34762670055958e-05,-0.0043248535955185,-0.0047032461704684,0.0003783925749498,PCA_RIDGE_VAR,PCA
2022-05-31,2022-06-14,10,beta0,0.0375603162083497,0.0003104073537469,0.0378707235620967,0.0366863455888065,0.0011843779732902,NS_RIDGE,NS
2022-05-31,2022-06-14,10,beta1,-0.0212588885569357,-0.0002726716462892,-0.0215315602032249,-0.0202052127002358,-0.001326347502989,NS_RIDGE,NS
2022-05-31,2022-06-14,10,beta2,-0.0013075061009765,-0.0003315925624208,-0.0016390986633974,0.0010671373247688,-0.0027062359881662,NS_RIDGE,NS
2022-05-31,2022-06-14,10,beta0,0.0375603162083497,-6.491581188881234e-05,0.0374954003964609,0.0366863455888065,0.0008090548076544,NS_ELASTICNET,NS
2022-05-31,2022-06-14,10,beta1,-0.0212588885569357,5.209747064366408e-05,-0.021206791086292,-0.0202052127002358,-0.0010015783860561,NS_ELASTICNET,NS
2022-05-31,2022-06-14,10,beta2,-0.0013075061009765,-7.464435164543685e-05,-0.0013821504526219,0.0010671373247688,-0.0024492877773908,NS_ELASTICNET,NS
2022-05-31,2022-06-14,10,PC1,-0.0366304592342944,0.0001359236657863,-0.0364945355685081,-0.0358477606805287,-0.0006467748879793,PCA_RIDGE,PCA
2022-05-31,2022-06-14,10,PC2,-0.0030878636272797,0.0002847516082501,-0.0028031120190295,-0.0032524706956724,0.0004493586766428,PCA_RIDGE,PCA
2022-05-31,2022-06-14,10,PC3,-0.0043783298625241,8.120611610027828e-05,-0.0042971237464238,-0.0046604260648598,0.0003633023184359,PCA_RIDGE,PCA
2022-05-31,2022-06-14,10,PC1,-0.0366304592342944,3.3321634702994374e-05,-0.0365971375995914,-0.0358477606805287,-0.0007493769190626,PCA_RIDGE_VAR,PCA
2022-05-31,2022-06-14,10,PC2,-0.0030878636272797,0.0001526959858497,-0.00293516764143,-0.0032524706956724,0.0003173030542424,PCA_RIDGE_VAR,PCA
2022-05-31,2022-06-14,10,PC3,-0.0043783298625241,0.0001075224085035,-0.0042708074540206,-0.0046604260648598,0.0003896186108392,PCA_RIDGE_VAR,PCA
2022-05-31,2022-07-07,22,beta0,0.0375603162083497,0.0005672014384451,0.0381275176467948,0.0395565061304428,-0.001428988483648,NS_RIDGE,NS
2022-05-31,2022-07-07,22,beta1,-0.0212588885569357,-0.0004373128169875,-0.0216962013739233,-0.022780726156362,0.0010845247824387,NS_RIDGE,NS
2022-05-31,2022-07-07,22,beta2,-0.0013075061009765,-0.000255912757827,-0.0015634188588036,-0.0042011084794323,0.0026376896206286,NS_RIDGE,NS
2022-05-31,2022-07-07,22,beta0,0.0375603162083497,-0.0001999077716525,0.0373604084366972,0.0395565061304428,-0.0021960976937456,NS_ELASTICNET,NS
2022-05-31,2022-07-07,22,beta1,-0.0212588885569357,0.0001759843607761,-0.0210829041961596,-0.022780726156362,0.0016978219602024,NS_ELASTICNET,NS
2022-05-31,2022-07-07,22,beta2,-0.0013075061009765,0.0002294277592476,-0.0010780783417289,-0.0042011084794323,0.0031230301377034,NS_ELASTICNET,NS
2022-05-31,2022-07-07,22,PC1,-0.0366304592342944,0.0003105284486537,-0.0363199307856407,-0.0353325253523094,-0.0009874054333312,PCA_RIDGE,PCA
2022-05-31,2022-07-07,22,PC2,-0.0030878636272797,0.0004725901730902,-0.0026152734541894,-0.0027333854377627,0.0001181119835732,PCA_RIDGE,PCA
2022-05-31,2022-07-07,22,PC3,-0.0043783298625241,0.0001960748896311,-0.004182254972893,-0.0038290251082921,-0.0003532298646009,PCA_RIDGE,PCA
2022-05-31,2022-07-07,22,PC1,-0.0366304592342944,1.5606888929819984e-05,-0.0366148523453646,-0.0353325253523094,-0.0012823269930551,PCA_RIDGE_VAR,PCA
2022-05-31,2022-07-07,22,PC2,-0.0030878636272797,0.000313932585615,-0.0027739310416646,-0.0027333854377627,-4.054560390187373e-05,PCA_RIDGE_VAR,PCA
2022-05-31,2022-07-07,22,PC3,-0.0043783298625241,0.000229010377949,-0.0041493194845751,-0.0038290251082921,-0.0003202943762829,PCA_RIDGE_VAR,PCA
2022-06-24,2022-07-08,5,beta0,0.0382846682643536,-0.000416777942011,0.0378678903223425,0.0369326474815266,0.0009352428408159,NS_RIDGE,NS
2022-06-24,2022-07-08,5,beta1,-0.0214026474231643,0.0004653592674087,-0.0209372881557556,-0.0202048973359381,-0.0007323908198174,NS_RIDGE,NS
2022-06-24,2022-07-08,5,beta2,-0.0013802185686099,0.0010452255961458,-0.0003349929724641,0.001756749499053,-0.0020917424715172,NS_RIDGE,NS
2022-06-24,2022-07-08,5,beta0,0.0382846682643536,-3.2427216809541735e-05,0.0382522410475441,0.0369326474815266,0.0013195935660175,NS_ELASTICNET,NS
2022-06-24,2022-07-08,5,beta1,-0.0214026474231643,2.6809558254026617e-05,-0.0213758378649103,-0.0202048973359381,-0.0011709405289722,NS_ELASTICNET,NS
2022-06-24,2022-07-08,5,beta2,-0.0013802185686099,-3.597521149547123e-05,-0.0014161937801054,0.001756749499053,-0.0031729432791585,NS_ELASTICNET,NS
2022-06-24,2022-07-08,5,PC1,-0.0347112579618819,0.0003612565013035,-0.0343500014605784,-0.0346268696366992,0.0002768681761208,PCA_RIDGE,PCA
2022-06-24,2022-07-08,5,PC2,-0.002754424789722,-4.590076913204865e-05,-0.0028003255588541,-0.0028530832725605,5.275771370638399e-05,PCA_RIDGE,PCA
2022-06-24,2022-07-08,5,PC3,-0.0039241450427589,-0.000126494399842,-0.004050639442601,-0.0043334617449183,0.0002828223023173,PCA_RIDGE,PCA
2022-06-24,2022-07-08,5,PC1,-0.0347112579618819,5.675545744633637e-06,-0.0347055824161373,-0.0346268696366992,-7.871277943808513e-05,PCA_RIDGE_VAR,PCA
2022-06-24,2022-07-08,5,PC2,-0.002754424789722,0.0001525393901329,-0.0026018853995891,-0.0028530832725605,0.0002511978729713,PCA_RIDGE_VAR,PCA
2022-06-24,2022-07-08,5,PC3,-0.0039241450427589,5.9137944054354994e-05,-0.0038650070987046,-0.0043334617449183,0.0004684546462137,PCA_RIDGE_VAR,PCA
2022-06-24,2022-07-18,10,beta0,0.0382846682643536,-0.0001010164132358,0.0381836518511177,0.039637603460689,-0.0014539516095712,NS_RIDGE,NS
2022-06-24,2022-07-18,10,beta1,-0.0214026474231643,0.000242160465908,-0.0211604869572563,-0.0221035732932255,0.0009430863359691,NS_RIDGE,NS
2022-06-24,2022-07-18,10,beta2,-0.0013802185686099,0.0006578752866085,-0.0007223432820013,-0.0054922479523125,0.0047699046703111,NS_RIDGE,NS
2022-06-24,2022-07-18,10,beta0,0.0382846682643536,-6.599446360690347e-05,0.0382186738007467,0.039637603460689,-0.0014189296599423,NS_ELASTICNET,NS
2022-06-24,2022-07-18,10,beta1,-0.0214026474231643,5.444002862868403e-05,-0.0213482073945357,-0.0221035732932255,0.0007553658986898,NS_ELASTICNET,NS
2022-06-24,2022-07-18,10,beta2,-0.0013802185686099,-7.053010452921232e-05,-0.0014507486731391,-0.0054922479523125,0.0040414992791733,NS_ELASTICNET,NS
2022-06-24,2022-07-18,10,PC1,-0.0347112579618819,0.0007528357598145,-0.0339584222020674,-0.0342477856024429,0.0002893634003755,PCA_RIDGE,PCA
2022-06-24,2022-07-18,10,PC2,-0.002754424789722,1.920028483146216e-05,-0.0027352245048906,-0.0035627187896261,0.0008274942847355,PCA_RIDGE,PCA
2022-06-24,2022-07-18,10,PC3,-0.0039241450427589,-9.546689681220608e-05,-0.0040196119395711,-0.0034916301112539,-0.0005279818283172,PCA_RIDGE,PCA
2022-06-24,2022-07-18,10,PC1,-0.0347112579618819,2.247204062993252e-05,-0.034688785921252,-0.0342477856024429,-0.000441000318809,PCA_RIDGE_VAR,PCA
2022-06-24,2022-07-18,10,PC2,-0.002754424789722,0.0002070122791712,-0.0025474125105508,-0.0035627187896261,0.0010153062790752,PCA_RIDGE_VAR,PCA
2022-06-24,2022-07-18,10,PC3,-0.0039241450427589,0.0001090746808624,-0.0038150703618965,-0.0034916301112539,-0.0003234402506426,PCA_RIDGE_VAR,PCA
2022-06-24,2022-08-03,22,beta0,0.0382846682643536,-0.000742870836419,0.0375417974279346,0.040153510347619,-0.0026117129196843,NS_RIDGE,NS
2022-06-24,2022-08-03,22,beta1,-0.0214026474231643,0.0009327615219709,-0.0204698859011934,-0.0222563659487942,0.0017864800476007,NS_RIDGE,NS
2022-06-24,2022-08-03,22,beta2,-0.0013802185686099,0.0031350464196196,0.0017548278510096,-0.007197776246793,0.0089526040978027,NS_RIDGE,NS
2022-06-24,2022-08-03,22,beta0,0.0382846682643536,-0.0001446124847679,0.0381400557795856,0.040153510347619,-0.0020134545680333,NS_ELASTICNET,NS
2022-06-24,2022-08-03,22,beta1,-0.0214026474231643,0.000118974368197,-0.0212836730549673,-0.0222563659487942,0.0009726928938268,NS_ELASTICNET,NS
2022-06-24,2022-08-03,22,beta2,-0.0013802185686099,-0.000159872520643,-0.001540091089253,-0.007197776246793,0.00565768515754,NS_ELASTICNET,NS
2022-06-24,2022-08-03,22,PC1,-0.0347112579618819,0.0017082066837203,-0.0330030512781615,-0.0339063798981848,0.0009033286200232,PCA_RIDGE,PCA
2022-06-24,2022-08-03,22,PC2,-0.002754424789722,0.0001776986088541,-0.0025767261808679,-0.0040350766457561,0.0014583504648881,PCA_RIDGE,PCA
2022-06-24,2022-08-03,22,PC3,-0.0039241450427589,-0.0003960607997337,-0.0043202058424927,-0.0032041700707273,-0.0011160357717654,PCA_RIDGE,PCA
2022-06-24,2022-08-03,22,PC1,-0.0347112579618819,2.080246067976549e-05,-0.0346904555012021,-0.0339063798981848,-0.0007840756030173,PCA_RIDGE_VAR,PCA
2022-06-24,2022-08-03,22,PC2,-0.002754424789722,0.000341296391418,-0.002413128398304,-0.0040350766457561,0.001621948247452,PCA_RIDGE_VAR,PCA
2022-06-24,2022-08-03,22,PC3,-0.0039241450427589,0.0002203445697517,-0.0037038004730072,-0.0032041700707273,-0.0004996304022798,PCA_RIDGE_VAR,PCA
2022-07-29,2022-08-05,5,beta0,0.0397651198668041,7.796056450013403e-06,0.0397729159232542,0.0404299201095223,-0.0006570041862681,NS_RIDGE,NS
2022-07-29,2022-08-05,5,beta1,-0.02219070571288,-5.0530956119540304e-05,-0.0222412366689995,-0.0224277111124978,0.0001864744434982,NS_RIDGE,NS
2022-07-29,2022-08-05,5,beta2,-0.0056938780589855,0.0005061995639185,-0.005187678495067,-0.0078589290477205,0.0026712505526535,NS_RIDGE,NS
2022-07-29,2022-08-05,5,beta0,0.0397651198668041,-3.074297605030695e-05,0.0397343768907538,0.0404299201095223,-0.0006955432187684,NS_ELASTICNET,NS
2022-07-29,2022-08-05,5,beta1,-0.02219070571288,2.5595180415310744e-05,-0.0221651105324647,-0.0224277111124978,0.0002626005800331,NS_ELASTICNET,NS
2022-07-29,2022-08-05,5,beta2,-0.0056938780589855,-3.88208562634467e-05,-0.005732698915249,-0.0078589290477205,0.0021262301324715,NS_ELASTICNET,NS
2022-07-29,2022-08-05,5,PC1,-0.0340166088801902,0.0001965161667057,-0.0338200927134845,-0.0336504192127891,-0.0001696735006953,PCA_RIDGE,PCA
2022-07-29,2022-08-05,5,PC2,-0.0035205061096456,0.0002839972897967,-0.0032365088198488,-0.0040673234600511,0.0008308146402023,PCA_RIDGE,PCA
2022-07-29,2022-08-05,5,PC3,-0.0032654222839552,-5.946419191131658e-05,-0.0033248864758666,-0.0029811616287303,-0.0003437248471362,PCA_RIDGE,PCA
2022-07-29,2022-08-05,5,PC1,-0.0340166088801902,4.520640172073903e-05,-0.0339714024784694,-0.0336504192127891,-0.0003209832656803,PCA_RIDGE_VAR,PCA
2022-07-29,2022-08-05,5,PC2,-0.0035205061096456,0.0001363962506933,-0.0033841098589522,-0.0040673234600511,0.0006832136010989,PCA_RIDGE_VAR,PCA
2022-07-29,2022-08-05,5,PC3,-0.0032654222839552,-8.913246439672508e-05,-0.003354554748352,-0.0029811616287303,-0.0003733931196216,PCA_RIDGE_VAR,PCA
2022-07-29,2022-08-12,10,beta0,0.0397651198668041,0.0001248907243022,0.0398900105911064,0.0415287859348135,-0.0016387753437071,NS_RIDGE,NS
2022-07-29,2022-08-12,10,beta1,-0.02219070571288,-1.5237021903299133e-05,-0.0222059427347833,-0.0235519297647322,0.0013459870299489,NS_RIDGE,NS
2022-07-29,2022-08-12,10,beta2,-0.0056938780589855,0.0005494847742375,-0.005144393284748,-0.0104434849031291,0.005299091618381,NS_RIDGE,NS
2022-07-29,2022-08-12,10,beta0,0.0397651198668041,-6.210162074894073e-05,0.0397030182460552,0.0415287859348135,-0.0018257676887583,NS_ELASTICNET,NS
2022-07-29,2022-08-12,10,beta1,-0.02219070571288,5.1904236099637694e-05,-0.0221388014767803,-0.0235519297647322,0.0014131282879518,NS_ELASTICNET,NS
2022-07-29,2022-08-12,10,beta2,-0.0056938780589855,-7.684083913829493e-05,-0.0057707188981238,-0.0104434849031291,0.0046727660050052,NS_ELASTICNET,NS
2022-07-29,2022-08-12,10,PC1,-0.0340166088801902,0.0004392645299479,-0.0335773443502423,-0.0340343613280692,0.0004570169778269,PCA_RIDGE,PCA
2022-07-29,2022-08-12,10,PC2,-0.0035205061096456,0.0003173451518124,-0.0032031609578331,-0.0039935127579855,0.0007903518001524,PCA_RIDGE,PCA
2022-07-29,2022-08-12,10,PC3,-0.0032654222839552,5.884536392536686e-05,-0.0032065769200299,-0.002656567141889,-0.0005500097781408,PCA_RIDGE,PCA
2022-07-29,2022-08-12,10,PC1,-0.0340166088801902,6.550722695227579e-05,-0.0339511016532379,-0.0340343613280692,8.325967483126945e-05,PCA_RIDGE_VAR,PCA
2022-07-29,2022-08-12,10,PC2,-0.0035205061096456,0.0001876871335336,-0.0033328189761119,-0.0039935127579855,0.0006606937818736,PCA_RIDGE_VAR,PCA
2022-07-29,2022-08-12,10,PC3,-0.0032654222839552,-4.850565981038982e-05,-0.0033139279437656,-0.002656567141889,-0.0006573608018765,PCA_RIDGE_VAR,PCA
2022-07-29,2022-08-30,22,beta0,0.0397651198668041,-0.0002073298088033,0.0395577900580008,0.0419719017525495,-0.0024141116945486,NS_RIDGE,NS
2022-07-29,2022-08-30,22,beta1,-0.02219070571288,0.0001921545806275,-0.0219985511322524,-0.02213772774365,0.0001391766113975,NS_RIDGE,NS
2022-07-29,2022-08-30,22,beta2,-0.0056938780589855,0.0015271780373535,-0.004166700021632,-0.0140595300750996,0.0098928300534676,NS_RIDGE,NS
2022-07-29,2022-08-30,22,beta0,0.0397651198668041,-0.0001375712298576,0.0396275486369465,0.0419719017525495,-0.0023443531156029,NS_ELASTICNET,NS
2022-07-29,2022-08-30,22,beta1,-0.02219070571288,0.0001148755688336,-0.0220758301440463,-0.02213772774365,6.189759960366359e-05,NS_ELASTICNET,NS
2022-07-29,2022-08-30,22,beta2,-0.0056938780589855,-0.0001686244880701,-0.0058625025470557,-0.0140595300750996,0.0081970275280439,NS_ELASTICNET,NS
2022-07-29,2022-08-30,22,PC1,-0.0340166088801902,0.0005749463571344,-0.0334416625230557,-0.0317413143554735,-0.0017003481675822,PCA_RIDGE,PCA
2022-07-29,2022-08-30,22,PC2,-0.0035205061096456,0.0004927572034683,-0.0030277489061772,-0.0060830931259611,0.0030553442197839,PCA_RIDGE,PCA
2022-07-29,2022-08-30,22,PC3,-0.0032654222839552,-0.0001121848852278,-0.003377607169183,-0.0018313440980988,-0.0015462630710842,PCA_RIDGE,PCA
2022-07-29,2022-08-30,22,PC1,-0.0340166088801902,9.31414916608489e-05,-0.0339234673885293,-0.0317413143554735,-0.0021821530330558,PCA_RIDGE_VAR,PCA
2022-07-29,2022-08-30,22,PC2,-0.0035205061096456,0.0002975200763591,-0.0032229860332864,-0.0060830931259611,0.0028601070926747,PCA_RIDGE_VAR,PCA
2022-07-29,2022-08-30,22,PC3,-0.0032654222839552,3.7341253547274085e-05,-0.003228081030408,-0.0018313440980988,-0.0013967369323091,PCA_RIDGE_VAR,PCA
2022-08-31,2022-09-07,5,beta0,0.0419014438436954,0.0002090695148202,0.0421105133585156,0.0422736883069607,-0.000163174948445,NS_RIDGE,NS
2022-08-31,2022-09-07,5,beta1,-0.0218624204152058,-0.0001120904818944,-0.0219745108971003,-0.0218212971095598,-0.0001532137875405,NS_RIDGE,NS
2022-08-31,2022-09-07,5,beta2,-0.0142101823419791,-0.000423009196682,-0.0146331915386612,-0.0161357129687337,0.0015025214300725,NS_RIDGE,NS
2022-08-31,2022-09-07,5,beta0,0.0419014438436954,-8.209020561487344e-05,0.0418193536380805,0.0422736883069607,-0.0004543346688801,NS_ELASTICNET,NS
2022-08-31,2022-09-07,5,beta1,-0.0218624204152058,8.557792479392916e-05,-0.0217768424904119,-0.0218212971095598,4.445461914785037e-05,NS_ELASTICNET,NS
2022-08-31,2022-09-07,5,beta2,-0.0142101823419791,6.827147822104258e-05,-0.0141419108637581,-0.0161357129687337,0.0019938021049756,NS_ELASTICNET,NS
2022-08-31,2022-09-07,5,PC1,-0.0312983385793447,0.0002332675450959,-0.0310650710342488,-0.0311375739454586,7.250291120973473e-05,PCA_RIDGE,PCA
2022-08-31,2022-09-07,5,PC2,-0.0062408867770471,4.13315753161996e-05,-0.0061995552017309,-0.0067358823370356,0.0005363271353046,PCA_RIDGE,PCA
2022-08-31,2022-09-07,5,PC3,-0.0017894568058947,0.0001010215570124,-0.0016884352488823,-0.001350267597539,-0.0003381676513433,PCA_RIDGE,PCA
2022-08-31,2022-09-07,5,PC1,-0.0312983385793447,0.0001778495490856,-0.0311204890302591,-0.0311375739454586,1.7084915199489653e-05,PCA_RIDGE_VAR,PCA
2022-08-31,2022-09-07,5,PC2,-0.0062408867770471,5.531054828199211e-05,-0.0061855762287652,-0.0067358823370356,0.0005503061082704,PCA_RIDGE_VAR,PCA
2022-08-31,2022-09-07,5,PC3,-0.0017894568058947,2.5597049242121698e-06,-0.0017868971009705,-0.001350267597539,-0.0004366295034315,PCA_RIDGE_VAR,PCA
2022-08-31,2022-09-14,10,beta0,0.0419014438436954,0.0003078203577445,0.04220926420144,0.0378493708634491,0.0043598933379908,NS_RIDGE,NS
2022-08-31,2022-09-14,10,beta1,-0.0218624204152058,-0.0001597746450685,-0.0220221950602744,-0.0171931186941361,-0.0048290763661382,NS_RIDGE,NS
2022-08-31,2022-09-14,10,beta2,-0.0142101823419791,-0.0003052981806769,-0.0145154805226561,-0.0048845459621617,-0.0096309345604943,NS_RIDGE,NS
2022-08-31,2022-09-14,10,beta0,0.0419014438436954,-5.387523445007552e-05,0.0418475686092453,0.0378493708634491,0.0039981977457961,NS_ELASTICNET,NS
2022-08-31,2022-09-14,10,beta1,-0.0218624204152058,4.879266733395961e-05,-0.0218136277478719,-0.0171931186941361,-0.0046205090537357,NS_ELASTICNET,NS
2022-08-31,2022-09-14,10,beta2,-0.0142101823419791,-0.0001023308580859,-0.0143125132000651,-0.0048845459621617,-0.0094279672379034,NS_ELASTICNET,NS
2022-08-31,2022-09-14,10,PC1,-0.0312983385793447,0.0005754469288605,-0.0307228916504842,-0.0290059737072658,-0.0017169179432183,PCA_RIDGE,PCA
2022-08-31,2022-09-14,10,PC2,-0.0062408867770471,8.7979701582852e-05,-0.0061529070754643,-0.006857576215282,0.0007046691398177,PCA_RIDGE,PCA
2022-08-31,2022-09-14,10,PC3,-0.0017894568058947,8.912893468722286e-05,-0.0017003278712075,-0.0023879487341856,0.0006876208629781,PCA_RIDGE,PCA
2022-08-31,2022-09-14,10,PC1,-0.0312983385793447,0.000245067410246,-0.0310532711690987,-0.0290059737072658,-0.0020472974618329,PCA_RIDGE_VAR,PCA
2022-08-31,2022-09-14,10,PC2,-0.0062408867770471,7.546878063003932e-05,-0.0061654179964171,-0.006857576215282,0.0006921582188649,PCA_RIDGE_VAR,PCA
2022-08-31,2022-09-14,10,PC3,-0.0017894568058947,5.325394851923111e-06,-0.0017841314110428,-0.0023879487341856,0.0006038173231428,PCA_RIDGE_VAR,PCA
2022-08-31,2022-09-30,22,beta0,0.0419014438436954,-0.000902550337104,0.0409988935065914,0.0360550710054476,0.0049438225011437,NS_RIDGE,NS
2022-08-31,2022-09-30,22,beta1,-0.0218624204152058,0.0009326867009571,-0.0209297337142487,-0.0152334841687252,-0.0056962495455234,NS_RIDGE,NS
2022-08-31,2022-09-30,22,beta2,-0.0142101823419791,0.0021826065787365,-0.0120275757632426,0.0167667408609755,-0.0287943166242181,NS_RIDGE,NS
2022-08-31,2022-09-30,22,beta0,0.0419014438436954,-0.0001214545147962,0.0417799893288992,0.0360550710054476,0.0057249183234515,NS_ELASTICNET,NS
2022-08-31,2022-09-30,22,beta1,-0.0218624204152058,0.0001070186882358,-0.02175540172697,-0.0152334841687252,-0.0065219175582447,NS_ELASTICNET,NS
2022-08-31,2022-09-30,22,beta2,-0.0142101823419791,-0.0002150975883733,-0.0144252799303525,0.0167667408609755,-0.031192020791328,NS_ELASTICNET,NS
2022-08-31,2022-09-30,22,PC1,-0.0312983385793447,0.0007057608549008,-0.0305925777244439,-0.0188704576471188,-0.0117221200773251,PCA_RIDGE,PCA
2022-08-31,2022-09-30,22,PC2,-0.0062408867770471,4.992091831098093e-05,-0.0061909658587362,-0.0025110304828402,-0.0036799353758959,PCA_RIDGE,PCA
2022-08-31,2022-09-30,22,PC3,-0.0017894568058947,-0.0001777358753604,-0.0019671926812552,-0.0044590750759195,0.0024918823946643,PCA_RIDGE,PCA
2022-08-31,2022-09-30,22,PC1,-0.0312983385793447,0.0003740461282844,-0.0309242924510603,-0.0188704576471188,-0.0120538348039414,PCA_RIDGE_VAR,PCA
2022-08-31,2022-09-30,22,PC2,-0.0062408867770471,0.0001257540040091,-0.006115132773038,-0.0025110304828402,-0.0036041022901978,PCA_RIDGE_VAR,PCA
2022-08-31,2022-09-30,22,PC3,-0.0017894568058947,1.2563351398260257e-05,-0.0017768934544964,-0.0044590750759195,0.002682181621423,PCA_RIDGE_VAR,PCA
2022-09-30,2022-10-07,5,beta0,0.0360550710054476,-0.0007769385670596,0.035278132438388,0.0382527253999308,-0.0029745929615428,NS_RIDGE,NS
2022-09-30,2022-10-07,5,beta1,-0.0152334841687252,0.0014934177679109,-0.0137400664008143,-0.0163424387493306,0.0026023723485163,NS_RIDGE,NS
2022-09-30,2022-10-07,5,beta2,0.0167667408609755,0.0009799993402769,0.0177467402012524,0.0103960370272816,0.0073507031739708,NS_RIDGE,NS
2022-09-30,2022-10-07,5,beta0,0.0360550710054476,-0.0005358301219276,0.03551924088352,0.0382527253999308,-0.0027334845164108,NS_ELASTICNET,NS
2022-09-30,2022-10-07,5,beta1,-0.0152334841687252,0.000640109001151,-0.0145933751675741,-0.0163424387493306,0.0017490635817564,NS_ELASTICNET,NS
2022-09-30,2022-10-07,5,beta2,0.0167667408609755,0.0014887862222047,0.0182555270831803,0.0103960370272816,0.0078594900558986,NS_ELASTICNET,NS
2022-09-30,2022-10-07,5,PC1,-0.0187378590145397,0.0015589264179388,-0.0171789325966009,-0.0178329327238526,0.0006540001272517,PCA_RIDGE,PCA
2022-09-30,2022-10-07,5,PC2,-0.0024429162184871,-0.0004078524417527,-0.0028507686602399,-0.0035882406472442,0.0007374719870042,PCA_RIDGE,PCA
2022-09-30,2022-10-07,5,PC3,-0.0044326566625188,1.1888424287912354e-05,-0.0044207682382309,-0.0031040821677234,-0.0013166860705074,PCA_RIDGE,PCA
2022-09-30,2022-10-07,5,PC1,-0.0187378590145397,0.0011112322272701,-0.0176266267872696,-0.0178329327238526,0.000206305936583,PCA_RIDGE_VAR,PCA
2022-09-30,2022-10-07,5,PC2,-0.0024429162184871,-0.0007734843675009,-0.0032164005859881,-0.0035882406472442,0.0003718400612561,PCA_RIDGE_VAR,PCA
2022-09-30,2022-10-07,5,PC3,-0.0044326566625188,0.0001103082198438,-0.0043223484426749,-0.0031040821677234,-0.0012182662749514,PCA_RIDGE_VAR,PCA
2022-09-30,2022-10-17,10,beta0,0.0360550710054476,-0.0014772164812255,0.034577854524222,0.0403286309287347,-0.0057507764045126,NS_RIDGE,NS
2022-09-30,2022-10-17,10,beta1,-0.0152334841687252,0.0022511702447068,-0.0129823139240184,-0.0179888297872838,0.0050065158632654,NS_RIDGE,NS
2022-09-30,2022-10-17,10,beta2,0.0167667408609755,0.0057295003782568,0.0224962412392323,0.0047186048406973,0.017777636398535,NS_RIDGE,NS
2022-09-30,2022-10-17,10,beta0,0.0360550710054476,-0.0010526055949906,0.035002465410457,0.0403286309287347,-0.0053261655182777,NS_ELASTICNET,NS
2022-09-30,2022-10-17,10,beta1,-0.0152334841687252,0.0012810515224967,-0.0139524326462284,-0.0179888297872838,0.0040363971410554,NS_ELASTICNET,NS
2022-09-30,2022-10-17,10,beta2,0.0167667408609755,0.0031300036430379,0.0198967445040134,0.0047186048406973,0.0151781396633161,NS_ELASTICNET,NS
2022-09-30,2022-10-17,10,PC1,-0.0187378590145397,0.0037082053158018,-0.0150296536987379,-0.0180232989758679,0.00299364527713,PCA_RIDGE,PCA
2022-09-30,2022-10-17,10,PC2,-0.0024429162184871,3.595680836872961e-05,-0.0024069594101184,-0.0039902996201134,0.001583340209995,PCA_RIDGE,PCA
2022-09-30,2022-10-17,10,PC3,-0.0044326566625188,-0.000641898126822,-0.0050745547893408,-0.0024856121975874,-0.0025889425917534,PCA_RIDGE,PCA
2022-09-30,2022-10-17,10,PC1,-0.0187378590145397,0.0014212423892089,-0.0173166166253307,-0.0180232989758679,0.0007066823505371,PCA_RIDGE_VAR,PCA
2022-09-30,2022-10-17,10,PC2,-0.0024429162184871,-0.0006415461679973,-0.0030844623864845,-0.0039902996201134,0.0009058372336289,PCA_RIDGE_VAR,PCA
2022-09-30,2022-10-17,10,PC3,-0.0044326566625188,0.0001938277680625,-0.0042388288944562,-0.0024856121975874,-0.0017532166968688,PCA_RIDGE_VAR,PCA
2022-09-30,2022-11-02,22,beta0,0.0360550710054476,-0.0033447178592441,0.0327103531462034,0.0411251969708507,-0.0084148438246472,NS_RIDGE,NS
2022-09-30,2022-11-02,22,beta1,-0.0152334841687252,0.0047907643646408,-0.0104427198040844,-0.0175497779146157,0.0071070581105313,NS_RIDGE,NS
2022-09-30,2022-11-02,22,beta2,0.0167667408609755,0.0116558263883199,0.0284225672492954,0.001537792372842,0.0268847748764534,NS_RIDGE,NS
2022-09-30,2022-11-02,22,beta0,0.0360550710054476,-0.0018174742629756,0.034237596742472,0.0411251969708507,-0.0068876002283786,NS_ELASTICNET,NS
2022-09-30,2022-11-02,22,beta1,-0.0152334841687252,0.0022602606793727,-0.0129732234893525,-0.0175497779146157,0.0045765544252632,NS_ELASTICNET,NS
2022-09-30,2022-11-02,22,beta2,0.0167667408609755,0.0061518507534772,0.0229185916144528,0.001537792372842,0.0213807992416107,NS_ELASTICNET,NS
2022-09-30,2022-11-02,22,PC1,-0.0187378590145397,0.00605311497852,-0.0126847440360197,-0.0163688380635695,0.0036840940275498,PCA_RIDGE,PCA
2022-09-30,2022-11-02,22,PC2,-0.0024429162184871,-0.0008054020269699,-0.003248318245457,-0.0053945820425739,0.0021462637971169,PCA_RIDGE,PCA
2022-09-30,2022-11-02,22,PC3,-0.0044326566625188,-0.0010435878193691,-0.0054762444818879,-0.001655038469324,-0.0038212060125639,PCA_RIDGE,PCA
2022-09-30,2022-11-02,22,PC1,-0.0187378590145397,0.0016283173187169,-0.0171095416958228,-0.0163688380635695,-0.0007407036322532,PCA_RIDGE_VAR,PCA
2022-09-30,2022-11-02,22,PC2,-0.0024429162184871,-0.0004338513114147,-0.0028767675299019,-0.0053945820425739,0.002517814512672,PCA_RIDGE_VAR,PCA
2022-09-30,2022-11-02,22,PC3,-0.0044326566625188,0.0003315466400134,-0.0041011100225054,-0.001655038469324,-0.0024460715531813,PCA_RIDGE_VAR,PCA
2022-10-31,2022-11-07,5,beta0,0.0407729538731912,0.0003907737151773,0.0411637275883686,0.0408098405056322,0.0003538870827363,NS_RIDGE,NS
2022-10-31,2022-11-07,5,beta1,-0.0173614936632231,-0.0002324921139623,-0.0175939857771855,-0.0169001172723818,-0.0006938685048036,NS_RIDGE,NS
2022-10-31,2022-11-07,5,beta2,0.0026417336215615,-0.0006223186131049,0.0020194150084565,0.0013381845589031,0.0006812304495534,NS_RIDGE,NS
2022-10-31,2022-11-07,5,beta0,0.0407729538731912,-6.25466330342693e-05,0.0407104072401569,0.0408098405056322,-9.9433265475235e-05,NS_ELASTICNET,NS
2022-10-31,2022-11-07,5,beta1,-0.0173614936632231,9.652933531599671e-05,-0.0172649643279071,-0.0169001172723818,-0.0003648470555253,NS_ELASTICNET,NS
2022-10-31,2022-11-07,5,beta2,0.0026417336215615,0.0001432625775542,0.0027849961991158,0.0013381845589031,0.0014468116402127,NS_ELASTICNET,NS
2022-10-31,2022-11-07,5,PC1,-0.0163952686700334,0.0007047994255153,-0.0156904692445181,-0.0160320096624405,0.0003415404179223,PCA_RIDGE,PCA
2022-10-31,2022-11-07,5,PC2,-0.0051754123420982,0.0001621690562582,-0.00501324328584,-0.0058789159386016,0.0008656726527616,PCA_RIDGE,PCA
2022-10-31,2022-11-07,5,PC3,-0.0018842361759137,0.0001066501933043,-0.0017775859826093,-0.0016403550953848,-0.0001372308872245,PCA_RIDGE,PCA
2022-10-31,2022-11-07,5,PC1,-0.0163952686700334,0.0003117619178509,-0.0160835067521825,-0.0160320096624405,-5.149708974205511e-05,PCA_RIDGE_VAR,PCA
2022-10-31,2022-11-07,5,PC2,-0.0051754123420982,0.0001266377893376,-0.0050487745527606,-0.0058789159386016,0.0008301413858409,PCA_RIDGE_VAR,PCA
2022-10-31,2022-11-07,5,PC3,-0.0018842361759137,-2.719031310374525e-05,-0.0019114264890174,-0.0016403550953848,-0.0002710713936326,PCA_RIDGE_VAR,PCA
2022-10-31,2022-11-14,10,beta0,0.0407729538731912,0.0012433557911506,0.0420163096643419,0.0423933287070928,-0.0003770190427509,NS_RIDGE,NS
2022-10-31,2022-11-14,10,beta1,-0.0173614936632231,-0.0008131814672078,-0.018174675130431,-0.0172740704701769,-0.0009006046602541,NS_RIDGE,NS
2022-10-31,2022-11-14,10,beta2,0.0026417336215615,-0.0023546043926439,0.0002871292289175,-0.0039343292586232,0.0042214584875407,NS_RIDGE,NS
2022-10-31,2022-11-14,10,beta0,0.0407729538731912,-0.0001320967134795,0.0406408571597117,0.0423933287070928,-0.0017524715473811,NS_ELASTICNET,NS
2022-10-31,2022-11-14,10,beta1,-0.0173614936632231,0.0001939138655687,-0.0171675797976544,-0.0172740704701769,0.0001064906725225,NS_ELASTICNET,NS
2022-10-31,2022-11-14,10,beta2,0.0026417336215615,0.0003688362457225,0.003010569867284,-0.0039343292586232,0.0069448991259072,NS_ELASTICNET,NS
2022-10-31,2022-11-14,10,PC1,-0.0163952686700334,0.0013194246037275,-0.0150758440663059,-0.0148676350795638,-0.000208208986742,PCA_RIDGE,PCA
2022-10-31,2022-11-14,10,PC2,-0.0051754123420982,0.0001786361718173,-0.0049967761702809,-0.0070662368673586,0.0020694606970777,PCA_RIDGE,PCA
2022-10-31,2022-11-14,10,PC3,-0.0018842361759137,0.0003299390152171,-0.0015542971606965,-0.0006936867982772,-0.0008606103624193,PCA_RIDGE,PCA
2022-10-31,2022-11-14,10,PC1,-0.0163952686700334,0.0004193303875999,-0.0159759382824335,-0.0148676350795638,-0.0011083032028696,PCA_RIDGE_VAR,PCA
2022-10-31,2022-11-14,10,PC2,-0.0051754123420982,0.0001682693597254,-0.0050071429823728,-0.0070662368673586,0.0020590938849858,PCA_RIDGE_VAR,PCA
2022-10-31,2022-11-14,10,PC3,-0.0018842361759137,-1.4849878909747436e-05,-0.0018990860548234,-0.0006936867982772,-0.0012053992565462,PCA_RIDGE_VAR,PCA
2022-10-31,2022-12-01,22,beta0,0.0407729538731912,-0.0009091438259377,0.0398638100472535,0.0397463166962956,0.0001174933509578,NS_RIDGE,NS
2022-10-31,2022-12-01,22,beta1,-0.0173614936632231,0.0010904631000564,-0.0162710305631666,-0.0127100413492978,-0.0035609892138688,NS_RIDGE,NS
2022-10-31,2022-12-01,22,beta2,0.0026417336215615,0.0031013913321043,0.0057431249536658,-0.0006010497373255,0.0063441746909914,NS_RIDGE,NS
2022-10-31,2022-12-01,22,beta0,0.0407729538731912,-0.0001349456646804,0.0406380082085108,0.0397463166962956,0.0008916915122151,NS_ELASTICNET,NS
2022-10-31,2022-12-01,22,beta1,-0.0173614936632231,0.0001372697618356,-0.0172242239013875,-0.0127100413492978,-0.0045141825520897,NS_ELASTICNET,NS
2022-10-31,2022-12-01,22,beta2,0.0026417336215615,-0.0001120494494564,0.0025296841721051,-0.0006010497373255,0.0031307339094306,NS_ELASTICNET,NS
2022-10-31,2022-12-01,22,PC1,-0.0163952686700334,0.0021254211802161,-0.0142698474898173,-0.0117091562362504,-0.0025606912535669,PCA_RIDGE,PCA
2022-10-31,2022-12-01,22,PC2,-0.0051754123420982,0.000724216252429,-0.0044511960896692,-0.0095759295029113,0.005124733413242,PCA_RIDGE,PCA
2022-10-31,2022-12-01,22,PC3,-0.0018842361759137,-0.0001407309630731,-0.0020249671389868,-0.0006641295551535,-0.0013608375838332,PCA_RIDGE,PCA
2022-10-31,2022-12-01,22,PC1,-0.0163952686700334,0.0006207385515081,-0.0157745301185253,-0.0117091562362504,-0.0040653738822749,PCA_RIDGE_VAR,PCA
2022-10-31,2022-12-01,22,PC2,-0.0051754123420982,0.0002639414527288,-0.0049114708893694,-0.0095759295029113,0.0046644586135418,PCA_RIDGE_VAR,PCA
2022-10-31,2022-12-01,22,PC3,-0.0018842361759137,1.8703401959564497e-05,-0.0018655327739541,-0.0006641295551535,-0.0012014032188005,PCA_RIDGE_VAR,PCA
2022-11-30,2022-12-07,5,beta0,0.04061505661128,-0.0001551978103262,0.0404598588009538,0.0412439789598822,-0.0007841201589284,NS_RIDGE,NS
2022-11-30,2022-12-07,5,beta1,-0.0134201685931903,0.0002896073421798,-0.0131305612510104,-0.0128363484389837,-0.0002942128120267,NS_RIDGE,NS
2022-11-30,2022-12-07,5,beta2,-0.0028216032662903,0.0006683048729897,-0.0021532983933006,-0.0058686902599494,0.0037153918666488,NS_RIDGE,NS
2022-11-30,2022-12-07,5,beta0,0.04061505661128,-1.359056776954773e-05,0.0406014660435105,0.0412439789598822,-0.0006425129163717,NS_ELASTICNET,NS
2022-11-30,2022-12-07,5,beta1,-0.0134201685931903,4.0287082927976974e-05,-0.0133798815102623,-0.0128363484389837,-0.0005435330712786,NS_ELASTICNET,NS
2022-11-30,2022-12-07,5,beta2,-0.0028216032662903,-2.757060600604387e-05,-0.0028491738722964,-0.0058686902599494,0.003019516387653,NS_ELASTICNET,NS
2022-11-30,2022-12-07,5,PC1,-0.011705522723969,0.0003180430125484,-0.0113874797114205,-0.0103091998942537,-0.0010782798171668,PCA_RIDGE,PCA
2022-11-30,2022-12-07,5,PC2,-0.009666152380786,-1.2958278667432168e-05,-0.0096791106594534,-0.010952639515349,0.0012735288558955,PCA_RIDGE,PCA
2022-11-30,2022-12-07,5,PC3,-0.0002211813139324,-4.463298028967556e-05,-0.000265814294222,0.0006843550009006,-0.0009501692951227,PCA_RIDGE,PCA
2022-11-30,2022-12-07,5,PC1,-0.011705522723969,0.0002373533452787,-0.0114681693786902,-0.0103091998942537,-0.0011589694844365,PCA_RIDGE_VAR,PCA
2022-11-30,2022-12-07,5,PC2,-0.009666152380786,0.0001802479333874,-0.0094859044473986,-0.010952639515349,0.0014667350679503,PCA_RIDGE_VAR,PCA
2022-11-30,2022-12-07,5,PC3,-0.0002211813139324,-6.633954703994947e-05,-0.0002875208609723,0.0006843550009006,-0.000971875861873,PCA_RIDGE_VAR,PCA
2022-11-30,2022-12-14,10,beta0,0.04061505661128,-0.0012713317223286,0.0393437248889513,0.042771880278439,-0.0034281553894876,NS_RIDGE,NS
2022-11-30,2022-12-14,10,beta1,-0.0134201685931903,0.0015446293660101,-0.0118755392271801,-0.0139248438904354,0.0020493046632553,NS_RIDGE,NS
2022-11-30,2022-12-14,10,beta2,-0.0028216032662903,0.0030338725720787,0.0002122693057884,-0.0099413667070232,0.0101536360128116,NS_RIDGE,NS
2022-11-30,2022-12-14,10,beta0,0.04061505661128,-8.074778121864294e-05,0.0405343088300614,0.042771880278439,-0.0022375714483776,NS_ELASTICNET,NS
2022-11-30,2022-12-14,10,beta1,-0.0134201685931903,0.0001224067721477,-0.0132977618210425,-0.0139248438904354,0.0006270820693929,NS_ELASTICNET,NS
2022-11-30,2022-12-14,10,beta2,-0.0028216032662903,0.0001035974797666,-0.0027180057865237,-0.0099413667070232,0.0072233609204994,NS_ELASTICNET,NS
2022-11-30,2022-12-14,10,PC1,-0.011705522723969,0.0006903898697329,-0.011015132854236,-0.0101369800579971,-0.0008781527962389,PCA_RIDGE,PCA
2022-11-30,2022-12-14,10,PC2,-0.009666152380786,-0.0002910311543323,-0.0099571835351184,-0.0114146434607931,0.0014574599256746,PCA_RIDGE,PCA
2022-11-30,2022-12-14,10,PC3,-0.0002211813139324,-0.0001410903253859,-0.0003622716393183,0.0013259075274263,-0.0016881791667447,PCA_RIDGE,PCA
2022-11-30,2022-12-14,10,PC1,-0.011705522723969,0.0003944351303981,-0.0113110875935708,-0.0101369800579971,-0.0011741075355736,PCA_RIDGE_VAR,PCA
2022-11-30,2022-12-14,10,PC2,-0.009666152380786,0.0002028819432182,-0.0094632704375678,-0.0114146434607931,0.0019513730232252,PCA_RIDGE_VAR,PCA
2022-11-30,2022-12-14,10,PC3,-0.0002211813139324,-0.0001066910053809,-0.0003278723193133,0.0013259075274263,-0.0016537798467397,PCA_RIDGE_VAR,PCA
2022-11-30,2023-01-02,22,beta0,0.04061505661128,-0.0002306480045488,0.0403844086067312,0.0439341507631535,-0.0035497421564223,NS_RIDGE,NS
2022-11-30,2023-01-02,22,beta1,-0.0134201685931903,0.0004726999055215,-0.0129474686876687,-0.0141522437914262,0.0012047751037575,NS_RIDGE,NS
2022-11-30,2023-01-02,22,beta2,-0.0028216032662903,0.0022069572963673,-0.000614645969923,-0.0133586332931632,0.0127439873232401,NS_RIDGE,NS
2022-11-30,2023-01-02,22,beta0,0.04061505661128,-0.0002841710871592,0.0403308855241208,0.0439341507631535,-0.0036032652390327,NS_ELASTICNET,NS
2022-11-30,2023-01-02,22,beta1,-0.0134201685931903,0.0003545123171133,-0.0130656562760769,-0.0141522437914262,0.0010865875153493,NS_ELASTICNET,NS
2022-11-30,2023-01-02,22,beta2,-0.0028216032662903,0.0005224867927141,-0.0022991164735762,-0.0133586332931632,0.011059516819587,NS_ELASTICNET,NS
2022-11-30,2023-01-02,22,PC1,-0.011705522723969,0.0015393741808554,-0.0101661485431135,-0.0089845316180718,-0.0011816169250416,PCA_RIDGE,PCA
2022-11-30,2023-01-02,22,PC2,-0.009666152380786,5.8536210458785934e-05,-0.0096076161703272,-0.0122455233757134,0.0026379072053861,PCA_RIDGE,PCA
2022-11-30,2023-01-02,22,PC3,-0.0002211813139324,-0.0001050774015303,-0.0003262587154628,0.0020875621993105,-0.0024138209147733,PCA_RIDGE,PCA
2022-11-30,2023-01-02,22,PC1,-0.011705522723969,0.0007234663132884,-0.0109820564106806,-0.0089845316180718,-0.0019975247926087,PCA_RIDGE_VAR,PCA
2022-11-30,2023-01-02,22,PC2,-0.009666152380786,0.0002814659947878,-0.0093846863859981,-0.0122455233757134,0.0028608369897152,PCA_RIDGE_VAR,PCA
2022-11-30,2023-01-02,22,PC3,-0.0002211813139324,-0.0001789656719718,-0.0004001469859042,0.0020875621993105,-0.0024877091852148,PCA_RIDGE_VAR,PCA
2022-12-30,2023-01-06,5,beta0,0.0442826420867333,0.0009813287007716,0.045263970787505,0.058551727055103,-0.013287756267598,NS_RIDGE,NS
2022-12-30,2023-01-06,5,beta1,-0.0144386740007953,0.0001785910008887,-0.0142600829999066,-0.0252370393288064,0.0109769563288997,NS_RIDGE,NS
2022-12-30,2023-01-06,5,beta2,-0.0136538644907554,-0.0028373259501286,-0.016491190440884,-0.00610874569504,-0.010382444745844,NS_RIDGE,NS
2022-12-30,2023-01-06,5,beta0,0.0442826420867333,-2.455501861210923e-05,0.0442580870681212,0.058551727055103,-0.0142936399869818,NS_ELASTICNET,NS
2022-12-30,2023-01-06,5,beta1,-0.0144386740007953,3.3293567328953104e-05,-0.0144053804334664,-0.0252370393288064,0.01083165889534,NS_ELASTICNET,NS
2022-12-30,2023-01-06,5,beta2,-0.0136538644907554,-4.891671283762786e-05,-0.013702781203593,-0.00610874569504,-0.007594035508553,NS_ELASTICNET,NS
2022-12-30,2023-01-06,5,PC1,-0.008604796532679,0.0019744107183978,-0.0066303858142812,0.0158246326732002,-0.0224550184874814,PCA_RIDGE,PCA
2022-12-30,2023-01-06,5,PC2,-0.0122383652719559,-0.0009184631376277,-0.0131568284095836,-0.0008410714130364,-0.0123157569965472,PCA_RIDGE,PCA
2022-12-30,2023-01-06,5,PC3,0.002045909112755,0.0007522424554279,0.0027981515681829,0.0040949600545186,-0.0012968084863357,PCA_RIDGE,PCA
2022-12-30,2023-01-06,5,PC1,-0.008604796532679,-0.0002712210624327,-0.0088760175951117,0.0158246326732002,-0.024700650268312,PCA_RIDGE_VAR,PCA
2022-12-30,2023-01-06,5,PC2,-0.0122383652719559,0.0001449643324059,-0.01209340093955,-0.0008410714130364,-0.0112523295265135,PCA_RIDGE_VAR,PCA
2022-12-30,2023-01-06,5,PC3,0.002045909112755,-0.0001521292215686,0.0018937798911863,0.0040949600545186,-0.0022011801633322,PCA_RIDGE_VAR,PCA
2022-12-30,2023-01-16,10,beta0,0.0442826420867333,0.0016126927649787,0.045895334851712,0.0586444357963384,-0.0127491009446263,NS_RIDGE,NS
2022-12-30,2023-01-16,10,beta1,-0.0144386740007953,0.0002445775359682,-0.014194096464827,-0.025379441796745,0.0111853453319179,NS_RIDGE,NS
2022-12-30,2023-01-16,10,beta2,-0.0136538644907554,-0.0051596912735213,-0.0188135557642767,-0.0062238114661599,-0.0125897442981167,NS_RIDGE,NS
2022-12-30,2023-01-16,10,beta0,0.0442826420867333,-5.006718562643099e-05,0.0442325749011068,0.0586444357963384,-0.0144118608952315,NS_ELASTICNET,NS
2022-12-30,2023-01-16,10,beta1,-0.0144386740007953,6.67180445038704e-05,-0.0143719559562915,-0.025379441796745,0.0110074858404535,NS_ELASTICNET,NS
2022-12-30,2023-01-16,10,beta2,-0.0136538644907554,-9.515356776576884e-05,-0.0137490180585211,-0.0062238114661599,-0.0075252065923611,NS_ELASTICNET,NS
2022-12-30,2023-01-16,10,PC1,-0.008604796532679,0.0032661855765967,-0.0053386109560823,0.0157378365472134,-0.0210764475032958,PCA_RIDGE,PCA
2022-12-30,2023-01-16,10,PC2,-0.0122383652719559,-0.0015769951786877,-0.0138153604506436,-0.000768853492859,-0.0130465069577845,PCA_RIDGE,PCA
2022-12-30,2023-01-16,10,PC3,0.002045909112755,0.0012075554772417,0.0032534645899967,0.0041395181701279,-0.0008860535801312,PCA_RIDGE,PCA
2022-12-30,2023-01-16,10,PC1,-0.008604796532679,-0.0001367782602503,-0.0087415747929294,0.0157378365472134,-0.0244794113401428,PCA_RIDGE_VAR,PCA
2022-12-30,2023-01-16,10,PC2,-0.0122383652719559,0.0001500438767539,-0.012088321395202,-0.000768853492859,-0.0113194679023429,PCA_RIDGE_VAR,PCA
2022-12-30,2023-01-16,10,PC3,0.002045909112755,-0.0002320609950029,0.001813848117752,0.0041395181701279,-0.0023256700523758,PCA_RIDGE_VAR,PCA
2022-12-30,2023-02-01,22,beta0,0.0442826420867333,0.0136368026586336,0.0579194447453669,0.0564959252512267,0.0014235194941401,NS_RIDGE,NS
2022-12-30,2023-02-01,22,beta1,-0.0144386740007953,-0.0146323203706882,-0.0290709943714835,-0.0241251379694786,-0.0049458564020049,NS_RIDGE,NS
2022-12-30,2023-02-01,22,beta2,-0.0136538644907554,-0.0453726420304715,-0.0590265065212269,-0.0002394673282419,-0.0587870391929849,NS_RIDGE,NS
2022-12-30,2023-02-01,22,beta0,0.0442826420867333,-0.0005129008516123,0.0437697412351209,0.0564959252512267,-0.0127261840161058,NS_ELASTICNET,NS
2022-12-30,2023-02-01,22,beta1,-0.0144386740007953,0.0006447040688719,-0.0137939699319234,-0.0241251379694786,0.0103311680375552,NS_ELASTICNET,NS
2022-12-30,2023-02-01,22,beta2,-0.0136538644907554,0.0010083567054968,-0.0126455077852585,-0.0002394673282419,-0.0124060404570165,NS_ELASTICNET,NS
2022-12-30,2023-02-01,22,PC1,-0.008604796532679,0.0004633398224471,-0.0081414567102319,0.0151120853075801,-0.023253542017812,PCA_RIDGE,PCA
2022-12-30,2023-02-01,22,PC2,-0.0122383652719559,-0.0009528874838045,-0.0131912527557604,0.0001359371367194,-0.0133271898924798,PCA_RIDGE,PCA
2022-12-30,2023-02-01,22,PC3,0.002045909112755,0.0016362976516774,0.0036822067644324,0.0028726860263683,0.0008095207380641,PCA_RIDGE,PCA
2022-12-30,2023-02-01,22,PC1,-0.008604796532679,0.0002351442914356,-0.0083696522412433,0.0151120853075801,-0.0234817375488235,PCA_RIDGE_VAR,PCA
2022-12-30,2023-02-01,22,PC2,-0.0122383652719559,0.0001498024970521,-0.0120885627749037,0.0001359371367194,-0.0122244999116232,PCA_RIDGE_VAR,PCA
2022-12-30,2023-02-01,22,PC3,0.002045909112755,-0.0004226811346714,0.0016232279780835,0.0028726860263683,-0.0012494580482847,PCA_RIDGE_VAR,PCA
2023-01-31,2023-02-07,5,beta0,0.0570986808472837,0.000385825693699,0.0574845065409828,0.0564959252512267,0.000988581289756,NS_RIDGE,NS
2023-01-31,2023-02-07,5,beta1,-0.0248091953724647,-8.570485219411839e-05,-0.0248949002246588,-0.0241251379694786,-0.0007697622551801,NS_RIDGE,NS
2023-01-31,2023-02-07,5,beta2,-0.0014418226830347,0.0001381920205927,-0.0013036306624419,-0.0002394673282419,-0.0010641633341999,NS_RIDGE,NS
2023-01-31,2023-02-07,5,beta0,0.0570986808472837,0.000184474001615,0.0572831548488988,0.0564959252512267,0.000787229597672,NS_ELASTICNET,NS
2023-01-31,2023-02-07,5,beta1,-0.0248091953724647,-9.9317453601686e-05,-0.0249085128260663,-0.0241251379694786,-0.0007833748565877,NS_ELASTICNET,NS
2023-01-31,2023-02-07,5,beta2,-0.0014418226830347,-0.0001982870879863,-0.001640109771021,-0.0002394673282419,-0.0014006424427791,NS_ELASTICNET,NS
2023-01-31,2023-02-07,5,PC1,0.0148267508693915,0.0008799338442991,0.0157066847136907,0.0150635083154433,0.0006431763982473,PCA_RIDGE,PCA
2023-01-31,2023-02-07,5,PC2,0.0002636068141532,4.608683917995258e-05,0.0003096936533332,0.0001452737013374,0.0001644199519958,PCA_RIDGE,PCA
2023-01-31,2023-02-07,5,PC3,0.0031013570005512,-4.9568200443548245e-05,0.0030517888001077,0.0028752250674639,0.0001765637326437,PCA_RIDGE,PCA
2023-01-31,2023-02-07,5,PC1,0.0148267508693915,-8.500591311026706e-05,0.0147417449562812,0.0150635083154433,-0.000321763359162,PCA_RIDGE_VAR,PCA
2023-01-31,2023-02-07,5,PC2,0.0002636068141532,-6.185503148518505e-05,0.000201751782668,0.0001452737013374,5.64780813306757e-05,PCA_RIDGE_VAR,PCA
2023-01-31,2023-02-07,5,PC3,0.0031013570005512,-7.647917169895492e-05,0.0030248778288523,0.0028752250674639,0.0001496527613883,PCA_RIDGE_VAR,PCA
2023-01-31,2023-02-14,10,beta0,0.0570986808472837,0.0013951243981467,0.0584938052454305,0.0563969009546688,0.0020969042907617,NS_RIDGE,NS
2023-01-31,2023-02-14,10,beta1,-0.0248091953724647,-0.0007969979281711,-0.0256061933006358,-0.0241936351902021,-0.0014125581104337,NS_RIDGE,NS
2023-01-31,2023-02-14,10,beta2,-0.0014418226830347,6.113349834436062e-05,-0.0013806891846903,0.0002240394152373,-0.0016047285999277,NS_RIDGE,NS
2023-01-31,2023-02-14,10,beta0,0.0570986808472837,-1.7641572356285823e-05,0.0570810392749274,0.0563969009546688,0.0006841383202586,NS_ELASTICNET,NS
2023-01-31,2023-02-14,10,beta1,-0.0248091953724647,4.220877646278856e-05,-0.0247669865960019,-0.0241936351902021,-0.0005733514057997,NS_ELASTICNET,NS
2023-01-31,2023-02-14,10,beta2,-0.0014418226830347,-7.694112150459482e-05,-0.0015187638045393,0.0002240394152373,-0.0017428032197766,NS_ELASTICNET,NS
2023-01-31,2023-02-14,10,PC1,0.0148267508693915,0.0017003389423075,0.016527089811699,0.0148595143059308,0.0016675755057681,PCA_RIDGE,PCA
2023-01-31,2023-02-14,10,PC2,0.0002636068141532,-8.805140374950997e-05,0.0001755554104037,0.0003426850128828,-0.000167129602479,PCA_RIDGE,PCA
2023-01-31,2023-02-14,10,PC3,0.0031013570005512,-3.5647698234585465e-05,0.0030657093023167,0.0028069918783059,0.0002587174240107,PCA_RIDGE,PCA
2023-01-31,2023-02-14,10,PC1,0.0148267508693915,-0.0001641213668673,0.0146626295025241,0.0148595143059308,-0.0001968848034067,PCA_RIDGE_VAR,PCA
2023-01-31,2023-02-14,10,PC2,0.0002636068141532,-0.0001198035075246,0.0001438033066286,0.0003426850128828,-0.0001988817062541,PCA_RIDGE_VAR,PCA
2023-01-31,2023-02-14,10,PC3,0.0031013570005512,-0.0001486072316443,0.0029527497689068,0.0028069918783059,0.0001457578906009,PCA_RIDGE_VAR,PCA
2023-01-31,2023-03-02,22,beta0,0.0570986808472837,-0.0067529245092359,0.0503457563380478,0.0531619405614754,-0.0028161842234276,NS_RIDGE,NS
2023-01-31,2023-03-02,22,beta1,-0.0248091953724647,0.0102885905427088,-0.0145206048297558,-0.0217043499876035,0.0071837451578476,NS_RIDGE,NS
2023-01-31,2023-03-02,22,beta2,-0.0014418226830347,0.0089987507697872,0.0075569280867524,0.0151669127795307,-0.0076099846927782,NS_RIDGE,NS
2023-01-31,2023-03-02,22,beta0,0.0570986808472837,-5.188618597368727e-05,0.05704679466131,0.0531619405614754,0.0038848540998346,NS_ELASTICNET,NS
2023-01-31,2023-03-02,22,beta1,-0.0248091953724647,0.0001054223840331,-0.0247037729884315,-0.0217043499876035,-0.002999423000828,NS_ELASTICNET,NS
2023-01-31,2023-03-02,22,beta2,-0.0014418226830347,-0.0001898021882789,-0.0016316248713136,0.0151669127795307,-0.0167985376508443,NS_ELASTICNET,NS
2023-01-31,2023-03-02,22,PC1,0.0148267508693915,0.0078193837328392,0.0226461346022307,0.0182875325439293,0.0043586020583014,PCA_RIDGE,PCA
2023-01-31,2023-03-02,22,PC2,0.0002636068141532,0.0001539281436753,0.0004175349578286,0.0027457375653013,-0.0023282026074727,PCA_RIDGE,PCA
2023-01-31,2023-03-02,22,PC3,0.0031013570005512,0.0004469940922621,0.0035483510928134,0.0011392095146625,0.0024091415781509,PCA_RIDGE,PCA
2023-01-31,2023-03-02,22,PC1,0.0148267508693915,-0.0003452822488777,0.0144814686205137,0.0182875325439293,-0.0038060639234155,PCA_RIDGE_VAR,PCA
2023-01-31,2023-03-02,22,PC2,0.0002636068141532,-0.0002515975978878,1.2009216265413563e-05,0.0027457375653013,-0.0027337283490359,PCA_RIDGE_VAR,PCA
2023-01-31,2023-03-02,22,PC3,0.0031013570005512,-0.0003146905456115,0.0027866664549397,0.0011392095146625,0.0016474569402772,PCA_RIDGE_VAR,PCA
2023-02-28,2023-03-07,5,beta0,0.049796808273936,0.000111413361599,0.049908221635535,0.0531619405614754,-0.0032537189259404,NS_RIDGE,NS
2023-02-28,2023-03-07,5,beta1,-0.0182363201025821,-0.0001211065293864,-0.0183574266319686,-0.0217043499876035,0.0033469233556348,NS_RIDGE,NS
2023-02-28,2023-03-07,5,beta2,0.0184648690750516,0.0006434778695034,0.019108346944555,0.0151669127795307,0.0039414341650243,NS_RIDGE,NS
2023-02-28,2023-03-07,5,beta0,0.049796808273936,-1.756743427993081e-05,0.0497792408396561,0.0531619405614754,-0.0033826997218193,NS_ELASTICNET,NS
2023-02-28,2023-03-07,5,beta1,-0.0182363201025821,2.855091070766358e-05,-0.0182077691918744,-0.0217043499876035,0.003496580795729,NS_ELASTICNET,NS
2023-02-28,2023-03-07,5,beta2,0.0184648690750516,-1.4017747330051944e-05,0.0184508513277215,0.0151669127795307,0.0032839385481908,NS_ELASTICNET,NS
2023-02-28,2023-03-07,5,PC1,0.0168841227835967,0.0005415154591,0.0174256382426968,0.018221305840333,-0.0007956675976361,PCA_RIDGE,PCA
2023-02-28,2023-03-07,5,PC2,0.0009180382298786,0.0002874004816059,0.0012054387114845,0.002742806372096,-0.0015373676606114,PCA_RIDGE,PCA
2023-02-28,2023-03-07,5,PC3,0.000728457953528,-1.1792860825742744e-05,0.0007166650927022,0.0011399007437576,-0.0004232356510553,PCA_RIDGE,PCA
2023-02-28,2023-03-07,5,PC1,0.0168841227835967,-7.65659286256562e-05,0.0168075568549711,0.018221305840333,-0.0014137489853619,PCA_RIDGE_VAR,PCA
2023-02-28,2023-03-07,5,PC2,0.0009180382298786,-2.056931496168728e-05,0.0008974689149169,0.002742806372096,-0.001845337457179,PCA_RIDGE_VAR,PCA
2023-02-28,2023-03-07,5,PC3,0.000728457953528,-1.4014700856941405e-05,0.000714443252671,0.0011399007437576,-0.0004254574910865,PCA_RIDGE_VAR,PCA
2023-02-28,2023-03-14,10,beta0,0.049796808273936,9.19215616301948e-05,0.0498887298355662,0.0531578506457572,-0.003269120810191,NS_RIDGE,NS
2023-02-28,2023-03-14,10,beta1,-0.0182363201025821,-0.0001493506330999,-0.018385670735682,-0.0217079247747433,0.0033222540390613,NS_RIDGE,NS
2023-02-28,2023-03-14,10,beta2,0.0184648690750516,0.0013099562739073,0.0197748253489589,0.015187257955284,0.0045875673936749,NS_RIDGE,NS
2023-02-28,2023-03-14,10,beta0,0.049796808273936,-3.02163030390395e-05,0.0497665919708969,0.0531578506457572,-0.0033912586748602,NS_ELASTICNET,NS
2023-02-28,2023-03-14,10,beta1,-0.0182363201025821,5.2865087696746806e-05,-0.0181834550148853,-0.0217079247747433,0.003524469759858,NS_ELASTICNET,NS
2023-02-28,2023-03-14,10,beta2,0.0184648690750516,-4.2919553001040807e-05,0.0184219495220506,0.015187257955284,0.0032346915667665,NS_ELASTICNET,NS
2023-02-28,2023-03-14,10,PC1,0.0168841227835967,0.0008460597527152,0.017730182536312,0.0182119760674396,-0.0004817935311275,PCA_RIDGE,PCA
2023-02-28,2023-03-14,10,PC2,0.0009180382298786,0.0004087252717778,0.0013267635016564,0.0027518273864323,-0.0014250638847758,PCA_RIDGE,PCA
2023-02-28,2023-03-14,10,PC3,0.000728457953528,-0.0002348091515524,0.0004936488019755,0.0011371376585937,-0.0006434888566182,PCA_RIDGE,PCA
2023-02-28,2023-03-14,10,PC1,0.0168841227835967,-0.0001489280085962,0.0167351947750005,0.0182119760674396,-0.001476781292439,PCA_RIDGE_VAR,PCA
2023-02-28,2023-03-14,10,PC2,0.0009180382298786,-4.057211066313458e-05,0.0008774661192154,0.0027518273864323,-0.0018743612672168,PCA_RIDGE_VAR,PCA
2023-02-28,2023-03-14,10,PC3,0.000728457953528,-2.711982652323357e-05,0.0007013381270047,0.0011371376585937,-0.0004357995315889,PCA_RIDGE_VAR,PCA
2023-02-28,2023-03-30,22,beta0,0.049796808273936,-0.0013234754150856,0.0484733328588504,0.0606273206594901,-0.0121539878006397,NS_RIDGE,NS
2023-02-28,2023-03-30,22,beta1,-0.0182363201025821,0.0012795825857224,-0.0169567375168596,-0.0289809760129803,0.0120242384961207,NS_RIDGE,NS
2023-02-28,2023-03-30,22,beta2,0.0184648690750516,0.0045150355441457,0.0229799046191973,0.007045434453452,0.0159344701657453,NS_RIDGE,NS
2023-02-28,2023-03-30,22,beta0,0.049796808273936,-0.0009754791990067,0.0488213290749292,0.0606273206594901,-0.0118059915845608,NS_ELASTICNET,NS
2023-02-28,2023-03-30,22,beta1,-0.0182363201025821,0.0009528574138074,-0.0172834626887746,-0.0289809760129803,0.0116975133242057,NS_ELASTICNET,NS
2023-02-28,2023-03-30,22,beta2,0.0184648690750516,0.0025219993273962,0.0209868684024478,0.007045434453452,0.0139414339489958,NS_ELASTICNET,NS
2023-02-28,2023-03-30,22,PC1,0.0168841227835967,0.0013633908225884,0.0182475136061852,0.0212598270929068,-0.0030123134867216,PCA_RIDGE,PCA
2023-02-28,2023-03-30,22,PC2,0.0009180382298786,0.0003380596674267,0.0012560978973053,0.0057981452533916,-0.0045420473560862,PCA_RIDGE,PCA
2023-02-28,2023-03-30,22,PC3,0.000728457953528,-0.0006438658769299,8.45920765980225e-05,0.0023964705983389,-0.0023118785217409,PCA_RIDGE,PCA
2023-02-28,2023-03-30,22,PC1,0.0168841227835967,-0.0003196774777352,0.0165644453058615,0.0212598270929068,-0.0046953817870453,PCA_RIDGE_VAR,PCA
2023-02-28,2023-03-30,22,PC2,0.0009180382298786,-8.719992266350315e-05,0.0008308383072151,0.0057981452533916,-0.0049673069461764,PCA_RIDGE_VAR,PCA
2023-02-28,2023-03-30,22,PC3,0.000728457953528,-5.737298256199344e-05,0.000671084970966,0.0023964705983389,-0.0017253856273728,PCA_RIDGE_VAR,PCA
2023-03-31,2023-04-11,5,beta0,0.0605754125044754,-0.0003142322357018,0.0602611802687735,0.0605180251755331,-0.0002568449067595,NS_RIDGE,NS
2023-03-31,2023-04-11,5,beta1,-0.0282478261568336,2.9925810058199666e-05,-0.0282179003467754,-0.0285293557001311,0.0003114553533556,NS_RIDGE,NS
2023-03-31,2023-04-11,5,beta2,0.0061991833660751,0.0002848736122904,0.0064840569783656,0.0106171111881886,-0.0041330542098229,NS_RIDGE,NS
2023-03-31,2023-04-11,5,beta0,0.0605754125044754,-5.652508821011317e-06,0.0605697599956543,0.0605180251755331,5.173482012128805e-05,NS_ELASTICNET,NS
2023-03-31,2023-04-11,5,beta1,-0.0282478261568336,1.6855978582009984e-05,-0.0282309701782516,-0.0285293557001311,0.0002983855218794,NS_ELASTICNET,NS
2023-03-31,2023-04-11,5,beta2,0.0061991833660751,-2.652890988278561e-05,0.0061726544561924,0.0106171111881886,-0.0044444567319962,NS_ELASTICNET,NS
2023-03-31,2023-04-11,5,PC1,0.0220281398174981,-0.0006931519065474,0.0213349879109506,0.0236570706674003,-0.0023220827564496,PCA_RIDGE,PCA
2023-03-31,2023-04-11,5,PC2,0.0049944930247023,6.636499328986504e-05,0.0050608580179922,0.0065592249401787,-0.0014983669221865,PCA_RIDGE,PCA
2023-03-31,2023-04-11,5,PC3,0.0026703680827462,-0.0002593447011188,0.0024110233816273,0.0021024607436834,0.0003085626379438,PCA_RIDGE,PCA
2023-03-31,2023-04-11,5,PC1,0.0220281398174981,-0.0004618259584401,0.021566313859058,0.0236570706674003,-0.0020907568083423,PCA_RIDGE_VAR,PCA
2023-03-31,2023-04-11,5,PC2,0.0049944930247023,5.998728180217627e-05,0.0050544803065045,0.0065592249401787,-0.0015047446336742,PCA_RIDGE_VAR,PCA
2023-03-31,2023-04-11,5,PC3,0.0026703680827462,-0.0001093264133121,0.0025610416694341,0.0021024607436834,0.0004585809257506,PCA_RIDGE_VAR,PCA
2023-03-31,2023-04-18,10,beta0,0.0605754125044754,-0.0005026517156726,0.0600727607888027,0.0603628949742029,-0.0002901341854002,NS_RIDGE,NS
2023-03-31,2023-04-18,10,beta1,-0.0282478261568336,0.0002010881208128,-0.0280467380360208,-0.0286123290127951,0.0005655909767743,NS_RIDGE,NS
2023-03-31,2023-04-18,10,beta2,0.0061991833660751,0.0001681670557512,0.0063673504218264,0.011463732396942,-0.0050963819751156,NS_RIDGE,NS
2023-03-31,2023-04-18,10,beta0,0.0605754125044754,-1.0296087413434634e-05,0.0605651164170619,0.0603628949742029,0.000202221442859,NS_ELASTICNET,NS
2023-03-31,2023-04-18,10,beta1,-0.0282478261568336,3.228969531129257e-05,-0.0282155364615223,-0.0286123290127951,0.0003967925512728,NS_ELASTICNET,NS
2023-03-31,2023-04-18,10,beta2,0.0061991833660751,-5.43450598355019e-05,0.0061448383062396,0.011463732396942,-0.0053188940907024,NS_ELASTICNET,NS
2023-03-31,2023-04-18,10,PC1,0.0220281398174981,-0.0009930104703412,0.0210351293471569,0.0234797360158634,-0.0024446066687064,PCA_RIDGE,PCA
2023-03-31,2023-04-18,10,PC2,0.0049944930247023,-0.0001752404150674,0.0048192526096348,0.0068703725282074,-0.0020511199185725,PCA_RIDGE,PCA
2023-03-31,2023-04-18,10,PC3,0.0026703680827462,-0.000357209304157,0.0023131587785891,0.0019270933141279,0.0003860654644612,PCA_RIDGE,PCA
2023-03-31,2023-04-18,10,PC1,0.0220281398174981,-0.0006361633932978,0.0213919764242003,0.0234797360158634,-0.002087759591663,PCA_RIDGE_VAR,PCA
2023-03-31,2023-04-18,10,PC2,0.0049944930247023,-2.181935770382073e-05,0.0049726736669985,0.0068703725282074,-0.0018976988612088,PCA_RIDGE_VAR,PCA
2023-03-31,2023-04-18,10,PC3,0.0026703680827462,-0.0001558195176413,0.0025145485651049,0.0019270933141279,0.000587455250977,PCA_RIDGE_VAR,PCA
2023-03-31,2023-05-08,22,beta0,0.0605754125044754,-0.0028015715202993,0.057773840984176,0.060104620098105,-0.0023307791139289,NS_RIDGE,NS
2023-03-31,2023-05-08,22,beta1,-0.0282478261568336,0.0021895691557608,-0.0260582570010728,-0.0287404787042347,0.0026822217031618,NS_RIDGE,NS
2023-03-31,2023-05-08,22,beta2,0.0061991833660751,0.0044753098150321,0.0106744931811073,0.0129277282084068,-0.0022532350272994,NS_RIDGE,NS
2023-03-31,2023-05-08,22,beta0,0.0605754125044754,-3.662873715401069e-05,0.0605387837673213,0.060104620098105,0.0004341636692163,NS_ELASTICNET,NS
2023-03-31,2023-05-08,22,beta1,-0.0282478261568336,8.530203651065331e-05,-0.028162524120323,-0.0287404787042347,0.0005779545839117,NS_ELASTICNET,NS
2023-03-31,2023-05-08,22,beta2,0.0061991833660751,-0.0001066674587008,0.0060925159073743,0.0129277282084068,-0.0068352123010324,NS_ELASTICNET,NS
2023-03-31,2023-05-08,22,PC1,0.0220281398174981,-0.0013307167548329,0.0206974230626651,0.0232037679686938,-0.0025063449060286,PCA_RIDGE,PCA
2023-03-31,2023-05-08,22,PC2,0.0049944930247023,-0.0003064114104727,0.0046880816142296,0.00732880369373,-0.0026407220795004,PCA_RIDGE,PCA
2023-03-31,2023-05-08,22,PC3,0.0026703680827462,-0.0008121295290448,0.0018582385537013,0.0017761180880701,8.21204656311881e-05,PCA_RIDGE,PCA
2023-03-31,2023-05-08,22,PC1,0.0220281398174981,-0.0010497912581257,0.0209783485593724,0.0232037679686938,-0.0022254194093214,PCA_RIDGE_VAR,PCA
2023-03-31,2023-05-08,22,PC2,0.0049944930247023,-0.0002109152300407,0.0047835777946616,0.00732880369373,-0.0025452258990684,PCA_RIDGE_VAR,PCA
2023-03-31,2023-05-08,22,PC3,0.0026703680827462,-0.0002639942212792,0.002406373861467,0.0017761180880701,0.0006302557733968,PCA_RIDGE_VAR,PCA
2023-04-28,2023-05-08,5,beta0,0.060608664971183,-0.0006976660691211,0.0599109989020619,0.060104620098105,-0.0001936211960431,NS_RIDGE,NS
2023-04-28,2023-05-08,5,beta1,-0.0288886302129108,0.0006715971362392,-0.0282170330766716,-0.0287404787042347,0.000523445627563,NS_RIDGE,NS
2023-04-28,2023-05-08,5,beta2,0.0109715524681618,0.0016755221818351,0.012647074649997,0.0129277282084068,-0.0002806535584097,NS_RIDGE,NS
2023-04-28,2023-05-08,5,beta0,0.060608664971183,3.354578834372721e-06,0.0606120195500174,0.060104620098105,0.0005073994519124,NS_ELASTICNET,NS
2023-04-28,2023-05-08,5,beta1,-0.0288886302129108,7.917888039082618e-06,-0.0288807123248718,-0.0287404787042347,-0.000140233620637,NS_ELASTICNET,NS
2023-04-28,2023-05-08,5,beta2,0.0109715524681618,-3.569906900511101e-05,0.0109358533991567,0.0129277282084068,-0.00199187480925,NS_ELASTICNET,NS
2023-04-28,2023-05-08,5,PC1,0.023307696484844,2.412190032569592e-07,0.0233079377038473,0.023131198946474,0.0001767387573732,PCA_RIDGE,PCA
2023-04-28,2023-05-08,5,PC2,0.006877010499546,-9.683527910521336e-05,0.0067801752204408,0.0072776537160554,-0.0004974784956146,PCA_RIDGE,PCA
2023-04-28,2023-05-08,5,PC3,0.001998243064168,-0.0002456163497079,0.00175262671446,0.0017688532471394,-1.622653267945029e-05,PCA_RIDGE,PCA
2023-04-28,2023-05-08,5,PC1,0.023307696484844,-0.0002236796752457,0.0230840168095983,0.023131198946474,-4.718213687572581e-05,PCA_RIDGE_VAR,PCA
2023-04-28,2023-05-08,5,PC2,0.006877010499546,-8.009484444926503e-05,0.0067969156550967,0.0072776537160554,-0.0004807380609587,PCA_RIDGE_VAR,PCA
2023-04-28,2023-05-08,5,PC3,0.001998243064168,-3.141689198591334e-05,0.0019668261721821,0.0017688532471394,0.0001979729250426,PCA_RIDGE_VAR,PCA
2023-04-28,2023-05-15,10,beta0,0.060608664971183,-0.0008449530784617,0.0597637118927213,0.0608306737965628,-0.0010669619038414,NS_RIDGE,NS
2023-04-28,2023-05-15,10,beta1,-0.0288886302129108,0.0008630975507357,-0.0280255326621751,-0.0297092846834181,0.0016837520212429,NS_RIDGE,NS
2023-04-28,2023-05-15,10,beta2,0.0109715524681618,0.0021902091533168,0.0131617616214787,0.0116032956186759,0.0015584660028028,NS_RIDGE,NS
2023-04-28,2023-05-15,10,beta0,0.060608664971183,-1.1378650071523938e-05,0.0605972863211115,0.0608306737965628,-0.0002333874754512,NS_ELASTICNET,NS
2023-04-28,2023-05-15,10,beta1,-0.0288886302129108,3.365014898076044e-05,-0.0288549800639301,-0.0297092846834181,0.000854304619488,NS_ELASTICNET,NS
2023-04-28,2023-05-15,10,beta2,0.0109715524681618,-4.388455415373735e-05,0.0109276679140081,0.0116032956186759,-0.0006756277046677,NS_ELASTICNET,NS
2023-04-28,2023-05-15,10,PC1,0.023307696484844,5.923776116683434e-05,0.0233669342460108,0.0226013783571055,0.0007655558889053,PCA_RIDGE,PCA
2023-04-28,2023-05-15,10,PC2,0.006877010499546,-0.0001839977439798,0.0066930127555661,0.0076590850199031,-0.000966072264337,PCA_RIDGE,PCA
2023-04-28,2023-05-15,10,PC3,0.001998243064168,-0.0003621118309347,0.0016361312332333,0.0019516182266834,-0.0003154869934501,PCA_RIDGE,PCA
2023-04-28,2023-05-15,10,PC1,0.023307696484844,-0.0004296271962951,0.0228780692885489,0.0226013783571055,0.0002766909314434,PCA_RIDGE_VAR,PCA
2023-04-28,2023-05-15,10,PC2,0.006877010499546,-0.0001607963260607,0.0067162141734853,0.0076590850199031,-0.0009428708464178,PCA_RIDGE_VAR,PCA
2023-04-28,2023-05-15,10,PC3,0.001998243064168,-5.907223606400002e-05,0.001939170828104,0.0019516182266834,-1.2447398579432762e-05,PCA_RIDGE_VAR,PCA
2023-04-28,2023-05-31,22,beta0,0.060608664971183,-0.0014516914750263,0.0591569734961567,0.0603413838448068,-0.00118441034865,NS_RIDGE,NS
2023-04-28,2023-05-31,22,beta1,-0.0288886302129108,0.0014090364670434,-0.0274795937458674,-0.0297619211274375,0.0022823273815701,NS_RIDGE,NS
2023-04-28,2023-05-31,22,beta2,0.0109715524681618,0.004040434662659,0.0150119871308209,0.0107134192432527,0.0042985678875682,NS_RIDGE,NS
2023-04-28,2023-05-31,22,beta0,0.060608664971183,1.1368915392002431e-05,0.060620033886575,0.0603413838448068,0.0002786500417682,NS_ELASTICNET,NS
2023-04-28,2023-05-31,22,beta1,-0.0288886302129108,4.212917456886179e-05,-0.028846501038342,-0.0297619211274375,0.0009154200890955,NS_ELASTICNET,NS
2023-04-28,2023-05-31,22,beta2,0.0109715524681618,-0.0002296166628275,0.0107419358053343,0.0107134192432527,2.851656208162009e-05,NS_ELASTICNET,NS
2023-04-28,2023-05-31,22,PC1,0.023307696484844,6.314865002213829e-05,0.0233708451348662,0.0206077997693847,0.0027630453654814,PCA_RIDGE,PCA
2023-04-28,2023-05-31,22,PC2,0.006877010499546,-0.0002373600553056,0.0066396504442403,0.0074560601225106,-0.0008164096782703,PCA_RIDGE,PCA
2023-04-28,2023-05-31,22,PC3,0.001998243064168,-0.0007273964968777,0.0012708465672903,0.0018019175886674,-0.0005310710213771,PCA_RIDGE,PCA
2023-04-28,2023-05-31,22,PC1,0.023307696484844,-0.0009145623316689,0.022393134153175,0.0206077997693847,0.0017853343837903,PCA_RIDGE_VAR,PCA
2023-04-28,2023-05-31,22,PC2,0.006877010499546,-0.0003505655077493,0.0065264449917966,0.0074560601225106,-0.0009296151307139,PCA_RIDGE_VAR,PCA
2023-04-28,2023-05-31,22,PC3,0.001998243064168,-0.0001234261064484,0.0018748169577195,0.0018019175886674,7.289936905209029e-05,PCA_RIDGE_VAR,PCA
2023-05-31,2023-06-07,5,beta0,0.0608743917107154,0.0002208327801791,0.0610952244908946,0.0621893036984583,-0.0010940792075637,NS_RIDGE,NS
2023-05-31,2023-06-07,5,beta1,-0.0304271687457783,-0.0002087054673349,-0.0306358742131133,-0.031442918098592,0.0008070438854787,NS_RIDGE,NS
2023-05-31,2023-06-07,5,beta2,0.001314398468966,-0.0006785088200233,0.0006358896489427,-0.0022556799008167,0.0028915695497595,NS_RIDGE,NS
2023-05-31,2023-06-07,5,beta0,0.0608743917107154,8.914442290353757e-05,0.0609635361336189,0.0621893036984583,-0.0012257675648393,NS_ELASTICNET,NS
2023-05-31,2023-06-07,5,beta1,-0.0304271687457783,-6.800676194216699e-05,-0.0304951755077205,-0.031442918098592,0.0009477425908715,NS_ELASTICNET,NS
2023-05-31,2023-06-07,5,beta2,0.001314398468966,-0.000230403974588,0.001083994494378,-0.0022556799008167,0.0033396743951947,NS_ELASTICNET,NS
2023-05-31,2023-06-07,5,PC1,0.0205198588203329,-3.7016596567364064e-05,0.0204828422237656,0.0205818038363855,-9.896161261996676e-05,PCA_RIDGE,PCA
2023-05-31,2023-06-07,5,PC2,0.0073832708445853,2.7657419700886424e-05,0.0074109282642862,0.0075230746278076,-0.0001121463635214,PCA_RIDGE,PCA
2023-05-31,2023-06-07,5,PC3,0.00178552757738,5.731668172407761e-05,0.0018428442591041,0.0024938750879158,-0.0006510308288116,PCA_RIDGE,PCA
2023-05-31,2023-06-07,5,PC1,0.0205198588203329,-0.0001849099339171,0.0203349488864158,0.0205818038363855,-0.0002468549499697,PCA_RIDGE_VAR,PCA
2023-05-31,2023-06-07,5,PC2,0.0073832708445853,3.1646071935773935e-05,0.0074149169165211,0.0075230746278076,-0.0001081577112865,PCA_RIDGE_VAR,PCA
2023-05-31,2023-06-07,5,PC3,0.00178552757738,6.955412357808125e-05,0.0018550817009581,0.0024938750879158,-0.0006387933869576,PCA_RIDGE_VAR,PCA
2023-05-31,2023-06-14,10,beta0,0.0608743917107154,0.0002936026633989,0.0611679943741144,0.0615810376464206,-0.0004130432723062,NS_RIDGE,NS
2023-05-31,2023-06-14,10,beta1,-0.0304271687457783,-0.000348142348608,-0.0307753110943864,-0.030353996948081,-0.0004213141463054,NS_RIDGE,NS
2023-05-31,2023-06-14,10,beta2,0.001314398468966,-0.0010154507245363,0.0002989477444297,-0.0012178045691745,0.0015167523136043,NS_RIDGE,NS
2023-05-31,2023-06-14,10,beta0,0.0608743917107154,8.712764800209981e-05,0.0609615193587175,0.0615810376464206,-0.0006195182877031,NS_ELASTICNET,NS
2023-05-31,2023-06-14,10,beta1,-0.0304271687457783,-6.381876080087612e-05,-0.0304909875065792,-0.030353996948081,-0.0001369905584981,NS_ELASTICNET,NS
2023-05-31,2023-06-14,10,beta2,0.001314398468966,-0.0003013614406652,0.0010130370283008,-0.0012178045691745,0.0022308415974753,NS_ELASTICNET,NS
2023-05-31,2023-06-14,10,PC1,0.0205198588203329,-0.0002177413382728,0.0203021174820601,0.021380968591379,-0.0010788511093188,PCA_RIDGE,PCA
2023-05-31,2023-06-14,10,PC2,0.0073832708445853,9.417733558229272e-05,0.0074774481801676,0.0069180270141621,0.0005594211660054,PCA_RIDGE,PCA
2023-05-31,2023-06-14,10,PC3,0.00178552757738,8.992586840491584e-06,0.0017945201642205,0.0024885936088575,-0.000694073444637,PCA_RIDGE,PCA
2023-05-31,2023-06-14,10,PC1,0.0205198588203329,-0.0004052155499148,0.0201146432704181,0.021380968591379,-0.0012663253209608,PCA_RIDGE_VAR,PCA
2023-05-31,2023-06-14,10,PC2,0.0073832708445853,-5.594356489127799e-05,0.007327327279694,0.0069180270141621,0.0004093002655318,PCA_RIDGE_VAR,PCA
2023-05-31,2023-06-14,10,PC3,0.00178552757738,4.601747918718492e-05,0.0018315450565672,0.0024885936088575,-0.0006570485522903,PCA_RIDGE_VAR,PCA
2023-05-31,2023-07-05,22,beta0,0.0608743917107154,-0.0001242578848989,0.0607501338258164,0.061770337187271,-0.0010202033614545,NS_RIDGE,NS
2023-05-31,2023-07-05,22,beta1,-0.0304271687457783,-0.0001229917272945,-0.0305501604730728,-0.0312173158355483,0.0006671553624754,NS_RIDGE,NS
2023-05-31,2023-07-05,22,beta2,0.001314398468966,-0.0003058541492963,0.0010085443196697,-0.0128828033174474,0.0138913476371172,NS_RIDGE,NS
2023-05-31,2023-07-05,22,beta0,0.0608743917107154,-3.8052139809537415e-05,0.0608363395709059,0.061770337187271,-0.000933997616365,NS_ELASTICNET,NS
2023-05-31,2023-07-05,22,beta1,-0.0304271687457783,8.373932928684205e-05,-0.0303434294164915,-0.0312173158355483,0.0008738864190567,NS_ELASTICNET,NS
2023-05-31,2023-07-05,22,beta2,0.001314398468966,-4.6252572257740005e-05,0.0012681458967083,-0.0128828033174474,0.0141509492141558,NS_ELASTICNET,NS
2023-05-31,2023-07-05,22,PC1,0.0205198588203329,-0.0004815290517471,0.0200383297685858,0.0140053717853794,0.0060329579832063,PCA_RIDGE,PCA
2023-05-31,2023-07-05,22,PC2,0.0073832708445853,7.01591315241899e-05,0.0074534299761095,0.0048209211481385,0.0026325088279709,PCA_RIDGE,PCA
2023-05-31,2023-07-05,22,PC3,0.00178552757738,-0.0002469562917395,0.0015385712856405,0.0034796181970016,-0.0019410469113611,PCA_RIDGE,PCA
2023-05-31,2023-07-05,22,PC1,0.0205198588203329,-0.0009240456073503,0.0195958132129826,0.0140053717853794,0.0055904414276031,PCA_RIDGE_VAR,PCA
2023-05-31,2023-07-05,22,PC2,0.0073832708445853,-0.00026222080355,0.0071210500410353,0.0048209211481385,0.0023001288928967,PCA_RIDGE_VAR,PCA
2023-05-31,2023-07-05,22,PC3,0.00178552757738,-8.940411668545856e-06,0.0017765871657114,0.0034796181970016,-0.0017030310312901,PCA_RIDGE_VAR,PCA
2023-06-27,2023-07-07,5,beta0,0.0618689518839629,0.0002369052927705,0.0621058571767335,0.0623649059744534,-0.0002590487977199,NS_RIDGE,NS
2023-06-27,2023-07-07,5,beta1,-0.0319563979094752,-0.0002439530662458,-0.032200350975721,-0.0316074077201139,-0.000592943255607,NS_RIDGE,NS
2023-06-27,2023-07-07,5,beta2,-0.0114806709150781,-0.0016679887545943,-0.0131486596696724,-0.013973624194688,0.0008249645250156,NS_RIDGE,NS
2023-06-27,2023-07-07,5,beta0,0.0618689518839629,5.3269604072361205e-05,0.0619222214880353,0.0623649059744534,-0.000442684486418,NS_ELASTICNET,NS
2023-06-27,2023-07-07,5,beta1,-0.0319563979094752,-2.746932347823176e-05,-0.0319838672329534,-0.0316074077201139,-0.0003764595128395,NS_ELASTICNET,NS
2023-06-27,2023-07-07,5,beta2,-0.0114806709150781,-0.0001116757245331,-0.0115923466396113,-0.013973624194688,0.0023812775550767,NS_ELASTICNET,NS
2023-06-27,2023-07-07,5,PC1,0.0135537837732577,-0.0003634671498075,0.0131903166234501,0.0143880551525134,-0.0011977385290632,PCA_RIDGE,PCA
2023-06-27,2023-07-07,5,PC2,0.0056704949612512,-5.763886662321341e-05,0.005612856094628,0.0049013235200545,0.0007115325745735,PCA_RIDGE,PCA
2023-06-27,2023-07-07,5,PC3,0.00308837314284,0.0002423497834332,0.0033307229262733,0.0037430660592086,-0.0004123431329352,PCA_RIDGE,PCA
2023-06-27,2023-07-07,5,PC1,0.0135537837732577,-0.000197022955152,0.0133567608181057,0.0143880551525134,-0.0010312943344077,PCA_RIDGE_VAR,PCA
2023-06-27,2023-07-07,5,PC2,0.0056704949612512,-0.0001117859549703,0.0055587090062809,0.0049013235200545,0.0006573854862264,PCA_RIDGE_VAR,PCA
2023-06-27,2023-07-07,5,PC3,0.00308837314284,-7.086688596479214e-05,0.0030175062568752,0.0037430660592086,-0.0007255598023333,PCA_RIDGE_VAR,PCA
2023-06-27,2023-07-14,10,beta0,0.0618689518839629,-0.0001894840243533,0.0616794678596096,0.0617252898810009,-4.582202139130631e-05,NS_RIDGE,NS
2023-06-27,2023-07-14,10,beta1,-0.0319563979094752,0.0001648645488531,-0.031791533360622,-0.0309935497657633,-0.0007979835948586,NS_RIDGE,NS
2023-06-27,2023-07-14,10,beta2,-0.0114806709150781,-0.0012618826083358,-0.0127425535234139,-0.0131402645870348,0.0003977110636209,NS_RIDGE,NS
2023-06-27,2023-07-14,10,beta0,0.0618689518839629,-1.6890972407726158e-05,0.0618520609115552,0.0617252898810009,0.0001267710305543,NS_ELASTICNET,NS
2023-06-27,2023-07-14,10,beta1,-0.0319563979094752,3.710543756354498e-05,-0.0319192924719116,-0.0309935497657633,-0.0009257427061482,NS_ELASTICNET,NS
2023-06-27,2023-07-14,10,beta2,-0.0114806709150781,-3.730041780001482e-05,-0.0115179713328781,-0.0131402645870348,0.0016222932541567,NS_ELASTICNET,NS
2023-06-27,2023-07-14,10,PC1,0.0135537837732577,-0.0002580297652459,0.0132957540080117,0.0140782226392519,-0.0007824686312401,PCA_RIDGE,PCA
2023-06-27,2023-07-14,10,PC2,0.0056704949612512,-0.000171143696803,0.0054993512644482,0.0045502145300582,0.00094913673439,PCA_RIDGE,PCA
2023-06-27,2023-07-14,10,PC3,0.00308837314284,0.0002679026343924,0.0033562757772325,0.0035995286692197,-0.0002432528919871,PCA_RIDGE,PCA
2023-06-27,2023-07-14,10,PC1,0.0135537837732577,-0.0003932483783838,0.0131605353948739,0.0140782226392519,-0.0009176872443779,PCA_RIDGE_VAR,PCA
2023-06-27,2023-07-14,10,PC2,0.0056704949612512,-0.0002172154911979,0.0054532794700533,0.0045502145300582,0.000903064939995,PCA_RIDGE_VAR,PCA
2023-06-27,2023-07-14,10,PC3,0.00308837314284,-0.0001276723045591,0.0029607008382808,0.0035995286692197,-0.0006388278309388,PCA_RIDGE_VAR,PCA
2023-06-27,2023-08-02,22,beta0,0.0618689518839629,-0.0003428841250088,0.0615260677589541,0.0609212825157537,0.0006047852432003,NS_RIDGE,NS
2023-06-27,2023-08-02,22,beta1,-0.0319563979094752,6.349600409189528e-05,-0.0318929019053833,-0.0303705437804001,-0.0015223581249832,NS_RIDGE,NS
2023-06-27,2023-08-02,22,beta2,-0.0114806709150781,-0.0020074567632795,-0.0134881276783576,-0.0129128088551592,-0.0005753188231984,NS_RIDGE,NS
2023-06-27,2023-08-02,22,beta0,0.0618689518839629,-3.710621077300733e-05,0.0618318456731899,0.0609212825157537,0.0009105631574362,NS_ELASTICNET,NS
2023-06-27,2023-08-02,22,beta1,-0.0319563979094752,8.188956174290276e-05,-0.0318745083477323,-0.0303705437804001,-0.0015039645673322,NS_ELASTICNET,NS
2023-06-27,2023-08-02,22,beta2,-0.0114806709150781,-6.947835726371103e-05,-0.0115501492723418,-0.0129128088551592,0.0013626595828173,NS_ELASTICNET,NS
2023-06-27,2023-08-02,22,PC1,0.0135537837732577,-0.0005744856770717,0.0129792980961859,0.0129891128667498,-9.814770563906436e-06,PCA_RIDGE,PCA
2023-06-27,2023-08-02,22,PC2,0.0056704949612512,0.0001275403021808,0.0057980352634321,0.0041592276588721,0.00163880760456,PCA_RIDGE,PCA
2023-06-27,2023-08-02,22,PC3,0.00308837314284,0.0003506481865683,0.0034390213294084,0.0035164094525451,-7.738812313670424e-05,PCA_RIDGE,PCA
2023-06-27,2023-08-02,22,PC1,0.0135537837732577,-0.0008502882862657,0.012703495486992,0.0129891128667498,-0.0002856173797578,PCA_RIDGE_VAR,PCA
2023-06-27,2023-08-02,22,PC2,0.0056704949612512,-0.0004632162338662,0.0052072787273849,0.0041592276588721,0.0010480510685128,PCA_RIDGE_VAR,PCA
2023-06-27,2023-08-02,22,PC3,0.00308837314284,-0.0002592203008565,0.0028291528419835,0.0035164094525451,-0.0006872566105615,PCA_RIDGE_VAR,PCA
2023-07-31,2023-08-07,5,beta0,0.0611390710725238,-0.000297899109508,0.0608411719630157,0.060912663398501,-7.149143548527276e-05,NS_RIDGE,NS
2023-07-31,2023-08-07,5,beta1,-0.0304414197937977,0.000243757688438,-0.0301976621053596,-0.0309793520751272,0.0007816899697676,NS_RIDGE,NS
2023-07-31,2023-08-07,5,beta2,-0.013687800237047,0.0005682375113277,-0.0131195627257192,-0.0121967207370027,-0.0009228419887165,NS_RIDGE,NS
2023-07-31,2023-08-07,5,beta0,0.0611390710725238,-8.50193155051462e-06,0.0611305691409732,0.060912663398501,0.0002179057424722,NS_ELASTICNET,NS
2023-07-31,2023-08-07,5,beta1,-0.0304414197937977,1.836429839727657e-05,-0.0304230554954004,-0.0309793520751272,0.0005562965797267,NS_ELASTICNET,NS
2023-07-31,2023-08-07,5,beta2,-0.013687800237047,-2.5969117997979404e-05,-0.013713769355045,-0.0121967207370027,-0.0015170486180423,NS_ELASTICNET,NS
2023-07-31,2023-08-07,5,PC1,0.0130174474758281,-0.0001011530349709,0.0129162944408572,0.0121119811211891,0.000804313319668,PCA_RIDGE,PCA
2023-07-31,2023-08-07,5,PC2,0.0040034315720795,-0.0001262503785441,0.0038771811935354,0.0048296287916037,-0.0009524475980682,PCA_RIDGE,PCA
2023-07-31,2023-08-07,5,PC3,0.0036787092008973,-0.0001512245221072,0.0035274846787901,0.0032898516475992,0.0002376330311908,PCA_RIDGE,PCA
2023-07-31,2023-08-07,5,PC1,0.0130174474758281,-8.53131934753261e-05,0.0129321342823528,0.0121119811211891,0.0008201531611636,PCA_RIDGE_VAR,PCA
2023-07-31,2023-08-07,5,PC2,0.0040034315720795,-3.864603518277231e-05,0.0039647855368967,0.0048296287916037,-0.0008648432547069,PCA_RIDGE_VAR,PCA
2023-07-31,2023-08-07,5,PC3,0.0036787092008973,-6.492761352878051e-05,0.0036137815873685,0.0032898516475992,0.0003239299397692,PCA_RIDGE_VAR,PCA
2023-07-31,2023-08-15,10,beta0,0.0611390710725238,-0.0004699599728351,0.0606691110996886,0.061259614954013,-0.0005905038543243,NS_RIDGE,NS
2023-07-31,2023-08-15,10,beta1,-0.0304414197937977,0.0003925778545987,-0.030048841939199,-0.0307085516967104,0.0006597097575114,NS_RIDGE,NS
2023-07-31,2023-08-15,10,beta2,-0.013687800237047,0.0006954166811853,-0.0129923835558617,-0.0138530248312283,0.0008606412753665,NS_RIDGE,NS
2023-07-31,2023-08-15,10,beta0,0.0611390710725238,-1.6846100753142694e-05,0.0611222249717706,0.061259614954013,-0.0001373899822423,NS_ELASTICNET,NS
2023-07-31,2023-08-15,10,beta1,-0.0304414197937977,3.669216430646408e-05,-0.0304047276294913,-0.0307085516967104,0.0003038240672191,NS_ELASTICNET,NS
2023-07-31,2023-08-15,10,beta2,-0.013687800237047,-5.1985398717407104e-05,-0.0137397856357644,-0.0138530248312283,0.0001132391954638,NS_ELASTICNET,NS
2023-07-31,2023-08-15,10,PC1,0.0130174474758281,-0.0002386477251907,0.0127787997506374,0.0127455606228407,3.3239127796690776e-05,PCA_RIDGE,PCA
2023-07-31,2023-08-15,10,PC2,0.0040034315720795,-0.0002346798062345,0.0037687517658449,0.0041850273788952,-0.0004162756130502,PCA_RIDGE,PCA
2023-07-31,2023-08-15,10,PC3,0.0036787092008973,-0.0001839776623148,0.0034947315385824,0.0037260693224298,-0.0002313377838473,PCA_RIDGE,PCA
2023-07-31,2023-08-15,10,PC1,0.0130174474758281,-0.0002511315356831,0.012766315940145,0.0127455606228407,2.075531730432421e-05,PCA_RIDGE_VAR,PCA
2023-07-31,2023-08-15,10,PC2,0.0040034315720795,-0.0001419802111264,0.0038614513609531,0.0041850273788952,-0.000323576017942,PCA_RIDGE_VAR,PCA
2023-07-31,2023-08-15,10,PC3,0.0036787092008973,-0.0001399161910893,0.0035387930098079,0.0037260693224298,-0.0001872763126218,PCA_RIDGE_VAR,PCA
2023-07-31,2023-09-01,22,beta0,0.0611390710725238,-0.0009447748116573,0.0601942962608664,0.06151226897458,-0.0013179727137135,NS_RIDGE,NS
2023-07-31,2023-09-01,22,beta1,-0.0304414197937977,0.0007258889134043,-0.0297155308803934,-0.0310386711073907,0.0013231402269973,NS_RIDGE,NS
2023-07-31,2023-09-01,22,beta2,-0.013687800237047,0.0014227657955922,-0.0122650344414547,-0.0134765762669737,0.0012115418255189,NS_RIDGE,NS
2023-07-31,2023-09-01,22,beta0,0.0611390710725238,-3.608771154575901e-05,0.061102983360978,0.06151226897458,-0.0004092856136019,NS_ELASTICNET,NS
2023-07-31,2023-09-01,22,beta1,-0.0304414197937977,7.988718498389287e-05,-0.0303615326088138,-0.0310386711073907,0.0006771384985769,NS_ELASTICNET,NS
2023-07-31,2023-09-01,22,beta2,-0.013687800237047,-0.0001154792949835,-0.0138032795320306,-0.0134765762669737,-0.0003267032650569,NS_ELASTICNET,NS
2023-07-31,2023-09-01,22,PC1,0.0130174474758281,-0.0005427955408397,0.0124746519349884,0.0131046523510006,-0.0006300004160121,PCA_RIDGE,PCA
2023-07-31,2023-09-01,22,PC2,0.0040034315720795,-0.000381329854733,0.0036221017173464,0.0044978806103733,-0.0008757788930268,PCA_RIDGE,PCA
2023-07-31,2023-09-01,22,PC3,0.0036787092008973,-0.0004362000527249,0.0032425091481723,0.003526031674258,-0.0002835225260856,PCA_RIDGE,PCA
2023-07-31,2023-09-01,22,PC1,0.0130174474758281,-0.000634583410999,0.0123828640648291,0.0131046523510006,-0.0007217882861714,PCA_RIDGE_VAR,PCA
2023-07-31,2023-09-01,22,PC2,0.0040034315720795,-0.0003814663924356,0.0036219651796439,0.0044978806103733,-0.0008759154307294,PCA_RIDGE_VAR,PCA
2023-07-31,2023-09-01,22,PC3,0.0036787092008973,-0.0003131842383773,0.00336552496252,0.003526031674258,-0.000160506711738,PCA_RIDGE_VAR,PCA
2023-08-31,2023-09-07,5,beta0,0.0611808983860973,-0.0003062504265203,0.060874647959577,0.061008357344095,-0.000133709384518,NS_RIDGE,NS
2023-08-31,2023-09-07,5,beta1,-0.0306315182414067,0.0002512746269576,-0.0303802436144491,-0.0305247096456426,0.0001444660311935,NS_RIDGE,NS
2023-08-31,2023-09-07,5,beta2,-0.0134945850855504,0.0006077390333577,-0.0128868460521927,-0.0125260287730222,-0.0003608172791704,NS_RIDGE,NS
2023-08-31,2023-09-07,5,beta0,0.0611808983860973,-3.200372423627427e-05,0.061148894661861,0.061008357344095,0.000140537317766,NS_ELASTICNET,NS
2023-08-31,2023-09-07,5,beta1,-0.0306315182414067,3.988142215446894e-05,-0.0305916368192523,-0.0305247096456426,-6.692717360961414e-05,NS_ELASTICNET,NS
2023-08-31,2023-09-07,5,beta2,-0.0134945850855504,2.746429816575954e-06,-0.0134918386557339,-0.0125260287730222,-0.0009658098827116,NS_ELASTICNET,NS
2023-08-31,2023-09-07,5,PC1,0.0128089676205819,-0.0001610648051577,0.0126479028154242,0.0130086608892075,-0.0003607580737833,PCA_RIDGE,PCA
2023-08-31,2023-09-07,5,PC2,0.0041636929563951,-0.0001063312802077,0.0040573616761874,0.0042277475117654,-0.000170385835578,PCA_RIDGE,PCA
2023-08-31,2023-09-07,5,PC3,0.003617533706814,-0.0001567575625443,0.0034607761442696,0.0034064176939154,5.43584503542088e-05,PCA_RIDGE,PCA
2023-08-31,2023-09-07,5,PC1,0.0128089676205819,-0.0001542761130006,0.0126546915075813,0.0130086608892075,-0.0003539693816262,PCA_RIDGE_VAR,PCA
2023-08-31,2023-09-07,5,PC2,0.0041636929563951,-8.250455881772013e-05,0.0040811883975774,0.0042277475117654,-0.000146559114188,PCA_RIDGE_VAR,PCA
2023-08-31,2023-09-07,5,PC3,0.003617533706814,-7.14974052735155e-05,0.0035460363015405,0.0034064176939154,0.000139618607625,PCA_RIDGE_VAR,PCA
2023-08-31,2023-09-14,10,beta0,0.0611808983860973,-0.0004669212132811,0.0607139771728162,0.0609994094542208,-0.0002854322814046,NS_RIDGE,NS
2023-08-31,2023-09-14,10,beta1,-0.0306315182414067,0.000377649155564,-0.0302538690858427,-0.0304140427347568,0.0001601736489141,NS_RIDGE,NS
2023-08-31,2023-09-14,10,beta2,-0.0134945850855504,0.0008226244145274,-0.012671960671023,-0.0131108044242113,0.0004388437531883,NS_RIDGE,NS
2023-08-31,2023-09-14,10,beta0,0.0611808983860973,-1.7844109600354743e-05,0.061163054276497,0.0609994094542208,0.0001636448222761,NS_ELASTICNET,NS
2023-08-31,2023-09-14,10,beta1,-0.0306315182414067,3.733686620441242e-05,-0.0305941813752023,-0.0304140427347568,-0.0001801386404454,NS_ELASTICNET,NS
2023-08-31,2023-09-14,10,beta2,-0.0134945850855504,-5.242149117481989e-05,-0.0135470065767253,-0.0131108044242113,-0.0004362021525139,NS_ELASTICNET,NS
2023-08-31,2023-09-14,10,PC1,0.0128089676205819,-0.0003366416946185,0.0124723259259634,0.0128823426636583,-0.0004100167376949,PCA_RIDGE,PCA
2023-08-31,2023-09-14,10,PC2,0.0041636929563951,-0.0002054169299631,0.003958276026432,0.0040827350422201,-0.000124459015788,PCA_RIDGE,PCA
2023-08-31,2023-09-14,10,PC3,0.003617533706814,-0.00023487762013,0.003382656086684,0.0036084459201582,-0.0002257898334742,PCA_RIDGE,PCA
2023-08-31,2023-09-14,10,PC1,0.0128089676205819,-0.0003203658351177,0.0124886017854642,0.0128823426636583,-0.0003937408781941,PCA_RIDGE_VAR,PCA
2023-08-31,2023-09-14,10,PC2,0.0041636929563951,-0.0001849988833389,0.0039786940730561,0.0040827350422201,-0.0001040409691639,PCA_RIDGE_VAR,PCA
2023-08-31,2023-09-14,10,PC3,0.003617533706814,-0.0001440686594103,0.0034734650474037,0.0036084459201582,-0.0001349808727544,PCA_RIDGE_VAR,PCA
2023-08-31,2023-10-04,22,beta0,0.0611808983860973,-0.001019524648619,0.0601613737374782,0.0608980489231577,-0.0007366751856794,NS_RIDGE,NS
2023-08-31,2023-10-04,22,beta1,-0.0306315182414067,0.0008415592894472,-0.0297899589519595,-0.0310177889934843,0.0012278300415247,NS_RIDGE,NS
2023-08-31,2023-10-04,22,beta2,-0.0134945850855504,0.0016127658918777,-0.0118818191936727,-0.0125314030208528,0.00064958382718,NS_RIDGE,NS
2023-08-31,2023-10-04,22,beta0,0.0611808983860973,-3.932154850300947e-05,0.0611415768375943,0.0608980489231577,0.0002435279144366,NS_ELASTICNET,NS
2023-08-31,2023-10-04,22,beta1,-0.0306315182414067,8.23204097151026e-05,-0.0305491978316916,-0.0310177889934843,0.0004685911617926,NS_ELASTICNET,NS
2023-08-31,2023-10-04,22,beta2,-0.0134945850855504,-0.0001157860809979,-0.0136103711665484,-0.0125314030208528,-0.0010789681456956,NS_ELASTICNET,NS
2023-08-31,2023-10-04,22,PC1,0.0128089676205819,-0.0007829579862675,0.0120260096343143,0.0117937789397246,0.0002322306945897,PCA_RIDGE,PCA
2023-08-31,2023-10-04,22,PC2,0.0041636929563951,-0.0005132473664116,0.0036504455899834,0.0047146360940636,-0.0010641905040801,PCA_RIDGE,PCA
2023-08-31,2023-10-04,22,PC3,0.003617533706814,-0.000448448665316,0.0031690850414979,0.003129033195738,4.005184575993663e-05,PCA_RIDGE,PCA
2023-08-31,2023-10-04,22,PC1,0.0128089676205819,-0.0007052361279976,0.0121037314925843,0.0117937789397246,0.0003099525528596,PCA_RIDGE_VAR,PCA
2023-08-31,2023-10-04,22,PC2,0.0041636929563951,-0.0004226382554896,0.0037410547009054,0.0047146360940636,-0.0009735813931581,PCA_RIDGE_VAR,PCA
2023-08-31,2023-10-04,22,PC3,0.003617533706814,-0.0003118784508089,0.0033056552560051,0.003129033195738,0.000176622060267,PCA_RIDGE_VAR,PCA
2023-09-27,2023-10-06,5,beta0,0.061036449962256,-0.0005315792843324,0.0605048706779236,0.0620600706173877,-0.001555199939464,NS_RIDGE,NS
2023-09-27,2023-10-06,5,beta1,-0.0302438689508591,0.0004566574051939,-0.0297872115456651,-0.032247597187133,0.0024603856414679,NS_RIDGE,NS
2023-09-27,2023-10-06,5,beta2,-0.0136963081007656,0.0015031879477625,-0.012193120153003,-0.0144944950277938,0.0023013748747908,NS_RIDGE,NS
2023-09-27,2023-10-06,5,beta0,0.061036449962256,-0.0001041014449631,0.0609323485172929,0.0620600706173877,-0.0011277221000948,NS_ELASTICNET,NS
2023-09-27,2023-10-06,5,beta1,-0.0302438689508591,0.0001010533159922,-0.0301428156348668,-0.032247597187133,0.0021047815522662,NS_ELASTICNET,NS
2023-09-27,2023-10-06,5,beta2,-0.0136963081007656,0.0001699487354269,-0.0135263593653387,-0.0144944950277938,0.0009681356624551,NS_ELASTICNET,NS
2023-09-27,2023-10-06,5,PC1,0.0129378332159835,0.0001935543033488,0.0131313875193323,0.0118117053089846,0.0013196822103477,PCA_RIDGE,PCA
2023-09-27,2023-10-06,5,PC2,0.0038110960635987,-8.38307300306709e-05,0.003727265333568,0.0055099330008585,-0.0017826676672904,PCA_RIDGE,PCA
2023-09-27,2023-10-06,5,PC3,0.0037600475894801,-0.0002347518152771,0.003525295774203,0.0037684037171882,-0.0002431079429852,PCA_RIDGE,PCA
2023-09-27,2023-10-06,5,PC1,0.0129378332159835,6.27057565776197e-06,0.0129441037916412,0.0118117053089846,0.0011323984826566,PCA_RIDGE_VAR,PCA
2023-09-27,2023-10-06,5,PC2,0.0038110960635987,-0.0001553315703873,0.0036557644932113,0.0055099330008585,-0.0018541685076471,PCA_RIDGE_VAR,PCA
2023-09-27,2023-10-06,5,PC3,0.0037600475894801,-0.0001746632277772,0.0035853843617028,0.0037684037171882,-0.0001830193554853,PCA_RIDGE_VAR,PCA
2023-09-27,2023-10-13,10,beta0,0.061036449962256,-0.0007489538931387,0.0602874960691172,0.0607549059290307,-0.0004674098599134,NS_RIDGE,NS
2023-09-27,2023-10-13,10,beta1,-0.0302438689508591,0.0006408914629838,-0.0296029774878752,-0.0308106741276522,0.001207696639777,NS_RIDGE,NS
2023-09-27,2023-10-13,10,beta2,-0.0136963081007656,0.0018364152973464,-0.0118598928034192,-0.0121507722326344,0.0002908794292152,NS_RIDGE,NS
2023-09-27,2023-10-13,10,beta0,0.061036449962256,-1.9175199096572896e-05,0.0610172747631594,0.0607549059290307,0.0002623688341287,NS_ELASTICNET,NS
2023-09-27,2023-10-13,10,beta1,-0.0302438689508591,3.883185949301961e-05,-0.030205037091366,-0.0308106741276522,0.0006056370362862,NS_ELASTICNET,NS
2023-09-27,2023-10-13,10,beta2,-0.0136963081007656,-4.902573002508326e-05,-0.0137453338307907,-0.0121507722326344,-0.0015945615981562,NS_ELASTICNET,NS
2023-09-27,2023-10-13,10,PC1,0.0129378332159835,0.0001249088200271,0.0130627420360107,0.0118932327637394,0.0011695092722712,PCA_RIDGE,PCA
2023-09-27,2023-10-13,10,PC2,0.0038110960635987,-0.0001703831273106,0.003640712936288,0.004663930867133,-0.001023217930845,PCA_RIDGE,PCA
2023-09-27,2023-10-13,10,PC3,0.0037600475894801,-0.0003290173767988,0.0034310302126812,0.0032041060124461,0.0002269242002351,PCA_RIDGE,PCA
2023-09-27,2023-10-13,10,PC1,0.0129378332159835,-0.0001501533151623,0.0127876799008211,0.0118932327637394,0.0008944471370817,PCA_RIDGE_VAR,PCA
2023-09-27,2023-10-13,10,PC2,0.0038110960635987,-0.0002535375612515,0.0035575585023471,0.004663930867133,-0.0011063723647859,PCA_RIDGE_VAR,PCA
2023-09-27,2023-10-13,10,PC3,0.0037600475894801,-0.0002490176023515,0.0035110299871285,0.0032041060124461,0.0003069239746823,PCA_RIDGE_VAR,PCA
2023-09-27,2023-10-31,22,beta0,0.061036449962256,-0.0012090274229386,0.0598274225393174,0.0601948044031751,-0.0003673818638577,NS_RIDGE,NS
2023-09-27,2023-10-31,22,beta1,-0.0302438689508591,0.001025632821848,-0.029218236129011,-0.0306511619978898,0.0014329258688787,NS_RIDGE,NS
2023-09-27,2023-10-31,22,beta2,-0.0136963081007656,0.0026434332533539,-0.0110528748474117,-0.0103448943519633,-0.0007079804954483,NS_RIDGE,NS
2023-09-27,2023-10-31,22,beta0,0.061036449962256,-4.040558283924417e-05,0.0609960443794168,0.0601948044031751,0.0008012399762416,NS_ELASTICNET,NS
2023-09-27,2023-10-31,22,beta1,-0.0302438689508591,8.39783534031076e-05,-0.0301598905974559,-0.0306511619978898,0.0004912714004338,NS_ELASTICNET,NS
2023-09-27,2023-10-31,22,beta2,-0.0136963081007656,-0.0001126798961235,-0.0138089879968891,-0.0103448943519633,-0.0034640936449258,NS_ELASTICNET,NS
2023-09-27,2023-10-31,22,PC1,0.0129378332159835,4.908454444032559e-05,0.0129869177604238,0.011487277728445,0.0014996400319788,PCA_RIDGE,PCA
2023-09-27,2023-10-31,22,PC2,0.0038110960635987,-0.0002769404102394,0.0035341556533592,0.0048772362230851,-0.0013430805697258,PCA_RIDGE,PCA
2023-09-27,2023-10-31,22,PC3,0.0037600475894801,-0.0005259310678245,0.0032341165216555,0.00279252090038,0.0004415956212754,PCA_RIDGE,PCA
2023-09-27,2023-10-31,22,PC1,0.0129378332159835,-0.0005098099067683,0.0124280233092151,0.011487277728445,0.0009407455807701,PCA_RIDGE_VAR,PCA
2023-09-27,2023-10-31,22,PC2,0.0038110960635987,-0.0004818161785861,0.0033292798850125,0.0048772362230851,-0.0015479563380726,PCA_RIDGE_VAR,PCA
2023-09-27,2023-10-31,22,PC3,0.0037600475894801,-0.0004206975445144,0.0033393500449656,0.00279252090038,0.0005468291445856,PCA_RIDGE_VAR,PCA
2023-10-31,2023-11-08,5,beta0,0.0617012054086955,1.3222899557514396e-05,0.0617144283082531,0.0621652718890911,-0.000450843580838,NS_RIDGE,NS
2023-10-31,2023-11-08,5,beta1,-0.0321772988444818,-4.409434543617e-05,-0.032221393189918,-0.0326053054340244,0.0003839122441064,NS_RIDGE,NS
2023-10-31,2023-11-08,5,beta2,-0.0041937194763007,-0.0003808905513453,-0.0045746100276461,-0.005326775731175,0.0007521657035288,NS_RIDGE,NS
2023-10-31,2023-11-08,5,beta0,0.0617012054086955,-3.663530930863484e-06,0.0616975418777647,0.0621652718890911,-0.0004677300113264,NS_ELASTICNET,NS
2023-10-31,2023-11-08,5,beta1,-0.0321772988444818,1.201895061529233e-05,-0.0321652798938665,-0.0326053054340244,0.0004400255401579,NS_ELASTICNET,NS
2023-10-31,2023-11-08,5,beta2,-0.0041937194763007,-3.845830653497606e-05,-0.0042321777828357,-0.005326775731175,0.0010945979483392,NS_ELASTICNET,NS
2023-10-31,2023-11-08,5,PC1,0.011437084933049,-0.0002915945059699,0.011145490427079,0.0113487051791455,-0.0002032147520665,PCA_RIDGE,PCA
2023-10-31,2023-11-08,5,PC2,0.0048509132886085,-3.651199535290225e-05,0.0048144012932556,0.0048371848134523,-2.278352019670533e-05,PCA_RIDGE,PCA
2023-10-31,2023-11-08,5,PC3,0.0027744012196769,1.6946427086639617e-05,0.0027913476467636,0.0028942773960479,-0.0001029297492843,PCA_RIDGE,PCA
2023-10-31,2023-11-08,5,PC1,0.011437084933049,-0.0001844645230393,0.0112526204100097,0.0113487051791455,-9.6084769135878e-05,PCA_RIDGE_VAR,PCA
2023-10-31,2023-11-08,5,PC2,0.0048509132886085,-9.756941133307052e-05,0.0047533438772754,0.0048371848134523,-8.384093617687383e-05,PCA_RIDGE_VAR,PCA
2023-10-31,2023-11-08,5,PC3,0.0027744012196769,-5.473725002292556e-05,0.002719663969654,0.0028942773960479,-0.0001746134263939,PCA_RIDGE_VAR,PCA
2023-10-31,2023-11-15,10,beta0,0.0617012054086955,-0.0002383735280239,0.0614628318806715,0.0625566717449891,-0.0010938398643175,NS_RIDGE,NS
2023-10-31,2023-11-15,10,beta1,-0.0321772988444818,0.0001799476777941,-0.0319973511666877,-0.0330842455397138,0.0010868943730261,NS_RIDGE,NS
2023-10-31,2023-11-15,10,beta2,-0.0041937194763007,-0.0001239463871707,-0.0043176658634715,-0.0059421686396203,0.0016245027761487,NS_RIDGE,NS
2023-10-31,2023-11-15,10,beta0,0.0617012054086955,-7.0738666145748384e-06,0.061694131542081,0.0625566717449891,-0.0008625402029081,NS_ELASTICNET,NS
2023-10-31,2023-11-15,10,beta1,-0.0321772988444818,2.395492099453888e-05,-0.0321533439234872,-0.0330842455397138,0.0009309016162265,NS_ELASTICNET,NS
2023-10-31,2023-11-15,10,beta2,-0.0041937194763007,-7.809220412476246e-05,-0.0042718116804255,-0.0059421686396203,0.0016703569591947,NS_ELASTICNET,NS
2023-10-31,2023-11-15,10,PC1,0.011437084933049,-0.0004766730823454,0.0109604118507035,0.0112097125582104,-0.0002493007075068,PCA_RIDGE,PCA
2023-10-31,2023-11-15,10,PC2,0.0048509132886085,-0.0001740245998604,0.004676888688748,0.0050289207410616,-0.0003520320523135,PCA_RIDGE,PCA
2023-10-31,2023-11-15,10,PC3,0.0027744012196769,-7.3903420567731e-05,0.0027004977991092,0.0030073887875361,-0.0003068909884268,PCA_RIDGE,PCA
2023-10-31,2023-11-15,10,PC1,0.011437084933049,-0.0003552502211501,0.0110818347118988,0.0112097125582104,-0.0001278778463115,PCA_RIDGE_VAR,PCA
2023-10-31,2023-11-15,10,PC2,0.0048509132886085,-0.0001925096924344,0.004658403596174,0.0050289207410616,-0.0003705171448875,PCA_RIDGE_VAR,PCA
2023-10-31,2023-11-15,10,PC3,0.0027744012196769,-0.00010577404529,0.0026686271743869,0.0030073887875361,-0.0003387616131491,PCA_RIDGE_VAR,PCA
2023-10-31,2023-12-01,22,beta0,0.0617012054086955,-0.0009764909952405,0.060724714413455,0.0653053789104138,-0.0045806644969587,NS_RIDGE,NS
2023-10-31,2023-12-01,22,beta1,-0.0321772988444818,0.0007897288117566,-0.0313875700327251,-0.0357064971702796,0.0043189271375544,NS_RIDGE,NS
2023-10-31,2023-12-01,22,beta2,-0.0041937194763007,0.001666418499512,-0.0025273009767887,-0.0154249516507796,0.0128976506739908,NS_RIDGE,NS
2023-10-31,2023-12-01,22,beta0,0.0617012054086955,-1.3473232220827464e-05,0.0616877321764747,0.0653053789104138,-0.003617646733939,NS_ELASTICNET,NS
2023-10-31,2023-12-01,22,beta1,-0.0321772988444818,5.220183916135479e-05,-0.0321250970053204,-0.0357064971702796,0.0035814001649591,NS_ELASTICNET,NS
2023-10-31,2023-12-01,22,beta2,-0.0041937194763007,-0.0001787622823789,-0.0043724817586797,-0.0154249516507796,0.0110524698920999,NS_ELASTICNET,NS
2023-10-31,2023-12-01,22,PC1,0.011437084933049,-0.0005808455152489,0.0108562394178001,0.0090403352384915,0.0018159041793086,PCA_RIDGE,PCA
2023-10-31,2023-12-01,22,PC2,0.0048509132886085,-0.0001724972451343,0.0046784160434742,0.0044765701931789,0.0002018458502952,PCA_RIDGE,PCA
2023-10-31,2023-12-01,22,PC3,0.0027744012196769,-0.0003695999484535,0.0024048012712233,0.0041750279054345,-0.0017702266342112,PCA_RIDGE,PCA
2023-10-31,2023-12-01,22,PC1,0.011437084933049,-0.0007529595406113,0.0106841253924376,0.0090403352384915,0.0016437901539461,PCA_RIDGE_VAR,PCA
2023-10-31,2023-12-01,22,PC2,0.0048509132886085,-0.0004140024792725,0.004436910809336,0.0044765701931789,-3.965938384293665e-05,PCA_RIDGE_VAR,PCA
2023-10-31,2023-12-01,22,PC3,0.0027744012196769,-0.0002240293743453,0.0025503718453315,0.0041750279054345,-0.001624656060103,PCA_RIDGE_VAR,PCA
2023-11-30,2023-12-07,5,beta0,0.0651561257608804,-0.0004325293710846,0.0647235963897957,0.0652602849717513,-0.0005366885819555,NS_RIDGE,NS
2023-11-30,2023-12-07,5,beta1,-0.0355993425384441,0.0004073919682361,-0.035191950570208,-0.0355970422594409,0.0004050916892329,NS_RIDGE,NS
2023-11-30,2023-12-07,5,beta2,-0.0147724626909074,0.0003478561153746,-0.0144246065755328,-0.0155665133759594,0.0011419068004266,NS_RIDGE,NS
2023-11-30,2023-12-07,5,beta0,0.0651561257608804,-6.277495181514578e-07,0.0651554980113622,0.0652602849717513,-0.000104786960389,NS_ELASTICNET,NS
2023-11-30,2023-12-07,5,beta1,-0.0355993425384441,9.018448173402674e-06,-0.0355903240902707,-0.0355970422594409,6.718169170166766e-06,NS_ELASTICNET,NS
2023-11-30,2023-12-07,5,beta2,-0.0147724626909074,-4.768546909260884e-05,-0.01482014816,-0.0155665133759594,0.0007463652159594,NS_ELASTICNET,NS
2023-11-30,2023-12-07,5,PC1,0.0091210924645872,-0.000213823510539,0.0089072689540481,0.0090081059951074,-0.0001008370410592,PCA_RIDGE,PCA
2023-11-30,2023-12-07,5,PC2,0.0045501796348381,-0.0001612137539116,0.0043889658809265,0.0043254720412293,6.34938396971204e-05,PCA_RIDGE,PCA
2023-11-30,2023-12-07,5,PC3,0.004074535153176,-6.646619151039352e-05,0.0040080689616656,0.0041868625144322,-0.0001787935527665,PCA_RIDGE,PCA
2023-11-30,2023-12-07,5,PC1,0.0091210924645872,-0.0002063499703557,0.0089147424942315,0.0090081059951074,-9.33635008759856e-05,PCA_RIDGE_VAR,PCA
2023-11-30,2023-12-07,5,PC2,0.0045501796348381,-0.0001168313956457,0.0044333482391924,0.0043254720412293,0.000107876197963,PCA_RIDGE_VAR,PCA
2023-11-30,2023-12-07,5,PC3,0.004074535153176,-6.438669012813654e-05,0.0040101484630478,0.0041868625144322,-0.0001767140513843,PCA_RIDGE_VAR,PCA
2023-11-30,2023-12-14,10,beta0,0.0651561257608804,-0.0007358262796487,0.0644202994812316,0.066523276456619,-0.0021029769753874,NS_RIDGE,NS
2023-11-30,2023-12-14,10,beta1,-0.0355993425384441,0.0006598140714391,-0.034939528467005,-0.0368642182601063,0.0019246897931012,NS_RIDGE,NS
2023-11-30,2023-12-14,10,beta2,-0.0147724626909074,0.0004989167643733,-0.0142735459265341,-0.0197035490733144,0.0054300031467803,NS_RIDGE,NS
2023-11-30,2023-12-14,10,beta0,0.0651561257608804,-3.0937664407935514e-06,0.0651530319944396,0.066523276456619,-0.0013702444621794,NS_ELASTICNET,NS
2023-11-30,2023-12-14,10,beta1,-0.0355993425384441,1.9659219874108405e-05,-0.03557968331857,-0.0368642182601063,0.0012845349415362,NS_ELASTICNET,NS
2023-11-30,2023-12-14,10,beta2,-0.0147724626909074,-8.951708891753473e-05,-0.0148619797798249,-0.0197035490733144,0.0048415692934894,NS_ELASTICNET,NS
2023-11-30,2023-12-14,10,PC1,0.0091210924645872,-0.0004294445620723,0.0086916479025148,0.0079917910923413,0.0006998568101734,PCA_RIDGE,PCA
2023-11-30,2023-12-14,10,PC2,0.0045501796348381,-0.0002659919966376,0.0042841876382005,0.0041412862709933,0.0001429013672072,PCA_RIDGE,PCA
2023-11-30,2023-12-14,10,PC3,0.004074535153176,-0.0001009303428869,0.003973604810289,0.0046948828949063,-0.0007212780846173,PCA_RIDGE,PCA
2023-11-30,2023-12-14,10,PC1,0.0091210924645872,-0.0003822406219233,0.0087388518426638,0.0079917910923413,0.0007470607503224,PCA_RIDGE_VAR,PCA
2023-11-30,2023-12-14,10,PC2,0.0045501796348381,-0.0002335427585645,0.0043166368762736,0.0041412862709933,0.0001753506052803,PCA_RIDGE_VAR,PCA
2023-11-30,2023-12-14,10,PC3,0.004074535153176,-0.000146030832815,0.0039285043203609,0.0046948828949063,-0.0007663785745454,PCA_RIDGE_VAR,PCA
2023-11-30,2024-01-09,22,beta0,0.0651561257608804,-0.0019628069964815,0.0631933187643988,0.0745481429351601,-0.0113548241707612,NS_RIDGE,NS
2023-11-30,2024-01-09,22,beta1,-0.0355993425384441,0.0016225673074797,-0.0339767752309644,-0.0448554018266985,0.0108786265957341,NS_RIDGE,NS
2023-11-30,2024-01-09,22,beta2,-0.0147724626909074,0.0019626128351442,-0.0128098498557632,-0.0422321079778708,0.0294222581221075,NS_RIDGE,NS
2023-11-30,2024-01-09,22,beta0,0.0651561257608804,-1.1521253259577374e-05,0.0651446045076208,0.0745481429351601,-0.0094035384275392,NS_ELASTICNET,NS
2023-11-30,2024-01-09,22,beta1,-0.0355993425384441,4.883180197098732e-05,-0.0355505107364731,-0.0448554018266985,0.0093048910902254,NS_ELASTICNET,NS
2023-11-30,2024-01-09,22,beta2,-0.0147724626909074,-0.0001846569193091,-0.0149571196102166,-0.0422321079778708,0.0272749883676541,NS_ELASTICNET,NS
2023-11-30,2024-01-09,22,PC1,0.0091210924645872,-0.0010899669369899,0.0080311255275972,0.0036516229690568,0.0043795025585403,PCA_RIDGE,PCA
2023-11-30,2024-01-09,22,PC2,0.0045501796348381,-0.0004958137673691,0.004054365867469,0.0045469806629967,-0.0004926147955277,PCA_RIDGE,PCA
2023-11-30,2024-01-09,22,PC3,0.004074535153176,-0.0002639487343846,0.0038105864187913,0.0078848568663677,-0.0040742704475764,PCA_RIDGE,PCA
2023-11-30,2024-01-09,22,PC1,0.0091210924645872,-0.0007889324143148,0.0083321600502723,0.0036516229690568,0.0046805370812155,PCA_RIDGE_VAR,PCA
2023-11-30,2024-01-09,22,PC2,0.0045501796348381,-0.0005042723716605,0.0040459072631776,0.0045469806629967,-0.0005010733998191,PCA_RIDGE_VAR,PCA
2023-11-30,2024-01-09,22,PC3,0.004074535153176,-0.0003350302094214,0.0037395049437545,0.0078848568663677,-0.0041453519226132,PCA_RIDGE_VAR,PCA
2023-12-29,2024-01-15,5,beta0,0.0614623314780216,0.0004701674863926,0.0619324989644142,0.0700162968638803,-0.008083797899466,NS_RIDGE,NS
2023-12-29,2024-01-15,5,beta1,-0.0315865163409399,-0.0004764145058698,-0.0320629308468098,-0.0406597604400515,0.0085968295932417,NS_RIDGE,NS
2023-12-29,2024-01-15,5,beta2,-0.0156019785846549,-0.0012828863234398,-0.0168848649080947,-0.038177033012322,0.0212921681042272,NS_RIDGE,NS
2023-12-29,2024-01-15,5,beta0,0.0614623314780216,-4.209803534043106e-06,0.0614581216744876,0.0700162968638803,-0.0085581751893926,NS_ELASTICNET,NS
2023-12-29,2024-01-15,5,beta1,-0.0315865163409399,1.2867926787398337e-05,-0.0315736484141525,-0.0406597604400515,0.0090861120258989,NS_ELASTICNET,NS
2023-12-29,2024-01-15,5,beta2,-0.0156019785846549,-4.944692820151848e-05,-0.0156514255128564,-0.038177033012322,0.0225256074994656,NS_ELASTICNET,NS
2023-12-29,2024-01-15,5,PC1,0.0057735458091386,-3.419495512464422e-05,0.005739350854014,0.0008473885284497,0.0048919623255642,PCA_RIDGE,PCA
2023-12-29,2024-01-15,5,PC2,0.0012263426944311,5.426646833638703e-05,0.0012806091627675,0.0023550135703179,-0.0010744044075503,PCA_RIDGE,PCA
2023-12-29,2024-01-15,5,PC3,0.0040176356743324,0.0001864523243367,0.0042040879986691,0.0068175955525137,-0.0026135075538446,PCA_RIDGE,PCA
2023-12-29,2024-01-15,5,PC1,0.0057735458091386,-8.680030319898648e-05,0.0056867455059396,0.0008473885284497,0.0048393569774899,PCA_RIDGE_VAR,PCA
2023-12-29,2024-01-15,5,PC2,0.0012263426944311,-0.0001074163500311,0.0011189263443999,0.0023550135703179,-0.0012360872259179,PCA_RIDGE_VAR,PCA
2023-12-29,2024-01-15,5,PC3,0.0040176356743324,-0.0001174388077064,0.0039001968666259,0.0068175955525137,-0.0029173986858878,PCA_RIDGE_VAR,PCA
2023-12-29,2024-01-24,10,beta0,0.0614623314780216,0.0002079091151128,0.0616702405931345,0.0675766937324987,-0.0059064531393642,NS_RIDGE,NS
2023-12-29,2024-01-24,10,beta1,-0.0315865163409399,-0.0003062561065872,-0.0318927724475271,-0.0366484337616206,0.0047556613140934,NS_RIDGE,NS
2023-12-29,2024-01-24,10,beta2,-0.0156019785846549,-0.0009249226364652,-0.0165269012211201,-0.0347642753970716,0.0182373741759515,NS_RIDGE,NS
2023-12-29,2024-01-24,10,beta0,0.0614623314780216,-5.113621339046251e-06,0.0614572178566826,0.0675766937324987,-0.0061194758758161,NS_ELASTICNET,NS
2023-12-29,2024-01-24,10,beta1,-0.0315865163409399,2.231708423218185e-05,-0.0315641992567077,-0.0366484337616206,0.0050842345049129,NS_ELASTICNET,NS
2023-12-29,2024-01-24,10,beta2,-0.0156019785846549,-0.0001020363339509,-0.0157040149186058,-0.0347642753970716,0.0190602604784657,NS_ELASTICNET,NS
2023-12-29,2024-01-24,10,PC1,0.0057735458091386,-6.914344535894421e-05,0.0057044023637797,0.0034863238311411,0.0022180785326385,PCA_RIDGE,PCA
2023-12-29,2024-01-24,10,PC2,0.0012263426944311,3.721183938236141e-05,0.0012635545338135,6.230118245653324e-05,0.001201253351357,PCA_RIDGE,PCA
2023-12-29,2024-01-24,10,PC3,0.0040176356743324,6.606406354037809e-05,0.0040836997378728,0.0069862861586329,-0.00290258642076,PCA_RIDGE,PCA
2023-12-29,2024-01-24,10,PC1,0.0057735458091386,-0.0001893080831199,0.0055842377260186,0.0034863238311411,0.0020979138948775,PCA_RIDGE_VAR,PCA
2023-12-29,2024-01-24,10,PC2,0.0012263426944311,-0.0002026090718432,0.0010237336225879,6.230118245653324e-05,0.0009614324401314,PCA_RIDGE_VAR,PCA
2023-12-29,2024-01-24,10,PC3,0.0040176356743324,-0.0002072509747251,0.0038103846996073,0.0069862861586329,-0.0031759014590255,PCA_RIDGE_VAR,PCA
2023-12-29,2024-02-09,22,beta0,0.0614623314780216,-0.0005902874743275,0.0608720440036941,0.0624243363867982,-0.0015522923831041,NS_RIDGE,NS
2023-12-29,2024-02-09,22,beta1,-0.0315865163409399,0.0004343167858123,-0.0311521995551275,-0.0309326962533252,-0.0002195033018023,NS_RIDGE,NS
2023-12-29,2024-02-09,22,beta2,-0.0156019785846549,0.0003815165179357,-0.0152204620667191,-0.0261793201142842,0.010958858047565,NS_RIDGE,NS
2023-12-29,2024-02-09,22,beta0,0.0614623314780216,-5.238905879564092e-06,0.0614570925721421,0.0624243363867982,-0.000967243814656,NS_ELASTICNET,NS
2023-12-29,2024-02-09,22,beta1,-0.0315865163409399,4.3474484464066544e-05,-0.0315430418564758,-0.0309326962533252,-0.0006103456031506,NS_ELASTICNET,NS
2023-12-29,2024-02-09,22,beta2,-0.0156019785846549,-0.0002242266272475,-0.0158262052119024,-0.0261793201142842,0.0103531149023817,NS_ELASTICNET,NS
2023-12-29,2024-02-09,22,PC1,0.0057735458091386,0.0001416278277917,0.0059151736369303,0.004270263840369,0.0016449097965613,PCA_RIDGE,PCA
2023-12-29,2024-02-09,22,PC2,0.0012263426944311,-2.7894987985150425e-05,0.001198447706446,-0.0019614147355907,0.0031598624420367,PCA_RIDGE,PCA
2023-12-29,2024-02-09,22,PC3,0.0040176356743324,-0.0001589994216528,0.0038586362526796,0.006076852113659,-0.0022182158609794,PCA_RIDGE,PCA
2023-12-29,2024-02-09,22,PC1,0.0057735458091386,-0.0004209941769886,0.00535255163215,0.004270263840369,0.001082287791781,PCA_RIDGE_VAR,PCA
2023-12-29,2024-02-09,22,PC2,0.0012263426944311,-0.0004211326205817,0.0008052100738494,-0.0019614147355907,0.0027666248094402,PCA_RIDGE_VAR,PCA
2023-12-29,2024-02-09,22,PC3,0.0040176356743324,-0.0004146336601913,0.003603002014141,0.006076852113659,-0.002473850099518,PCA_RIDGE_VAR,PCA
2024-01-31,2024-02-07,5,beta0,0.0626892110109439,0.0003318773590938,0.0630210883700378,0.0631444791967045,-0.0001233908266667,NS_RIDGE,NS
2024-01-31,2024-02-07,5,beta1,-0.0313934082959496,-0.0002874134499053,-0.031680821745855,-0.0317749120517687,9.409030591378542e-05,NS_RIDGE,NS
2024-01-31,2024-02-07,5,beta2,-0.0260139870373047,-0.0007017058726636,-0.0267156929099684,-0.0275214598289613,0.0008057669189928,NS_RIDGE,NS
2024-01-31,2024-02-07,5,beta0,0.0626892110109439,-8.052391304819133e-07,0.0626884057718134,0.0631444791967045,-0.000456073424891,NS_ELASTICNET,NS
2024-01-31,2024-02-07,5,beta1,-0.0313934082959496,1.0917324906258118e-05,-0.0313824909710433,-0.0317749120517687,0.0003924210807254,NS_ELASTICNET,NS
2024-01-31,2024-02-07,5,beta2,-0.0260139870373047,-6.397571624467198e-05,-0.0260779627535494,-0.0275214598289613,0.0014434970754118,NS_ELASTICNET,NS
2024-01-31,2024-02-07,5,PC1,0.0042129686749076,9.653079052120883e-06,0.0042226217539597,0.0039886933549149,0.0002339283990447,PCA_RIDGE,PCA
2024-01-31,2024-02-07,5,PC2,-0.0015103923681327,-4.223303630270832e-05,-0.0015526254044354,-0.0017072020317642,0.0001545766273287,PCA_RIDGE,PCA
2024-01-31,2024-02-07,5,PC3,0.0060656874519097,6.8220938240562505e-06,0.0060725095457338,0.0062246208477413,-0.0001521113020075,PCA_RIDGE,PCA
2024-01-31,2024-02-07,5,PC1,0.0042129686749076,-2.022622109944857e-05,0.0041927424538081,0.0039886933549149,0.0002040490988931,PCA_RIDGE_VAR,PCA
2024-01-31,2024-02-07,5,PC2,-0.0015103923681327,-1.945258689958545e-05,-0.0015298449550323,-0.0017072020317642,0.0001773570767319,PCA_RIDGE_VAR,PCA
2024-01-31,2024-02-07,5,PC3,0.0060656874519097,-6.448112626761347e-05,0.0060012063256421,0.0062246208477413,-0.0002234145220991,PCA_RIDGE_VAR,PCA
2024-01-31,2024-02-14,10,beta0,0.0626892110109439,0.0001479903839397,0.0628372013948837,0.062057092917673,0.0007801084772106,NS_RIDGE,NS
2024-01-31,2024-02-14,10,beta1,-0.0313934082959496,-0.0001284868439899,-0.0315218951399395,-0.030806962068406,-0.0007149330715335,NS_RIDGE,NS
2024-01-31,2024-02-14,10,beta2,-0.0260139870373047,-0.0003059665073807,-0.0263199535446855,-0.0245081201354654,-0.00181183340922,NS_RIDGE,NS
2024-01-31,2024-02-14,10,beta0,0.0626892110109439,2.0691885276948283e-06,0.0626912801994716,0.062057092917673,0.0006341872817986,NS_ELASTICNET,NS
2024-01-31,2024-02-14,10,beta1,-0.0313934082959496,1.7459650441248178e-05,-0.0313759486455083,-0.030806962068406,-0.0005689865771023,NS_ELASTICNET,NS
2024-01-31,2024-02-14,10,beta2,-0.0260139870373047,-0.0001352184472463,-0.0261492054845511,-0.0245081201354654,-0.0016410853490856,NS_ELASTICNET,NS
2024-01-31,2024-02-14,10,PC1,0.0042129686749076,-4.475114812981297e-05,0.0041682175267777,0.0042916331395041,-0.0001234156127263,PCA_RIDGE,PCA
2024-01-31,2024-02-14,10,PC2,-0.0015103923681327,-0.0001493096986399,-0.0016597020667727,-0.0017640349449242,0.0001043328781515,PCA_RIDGE,PCA
2024-01-31,2024-02-14,10,PC3,0.0060656874519097,-0.000138905012421,0.0059267824394887,0.005708873911915,0.0002179085275736,PCA_RIDGE,PCA
2024-01-31,2024-02-14,10,PC1,0.0042129686749076,-8.903301280714909e-05,0.0041239356621004,0.0042916331395041,-0.0001676974774037,PCA_RIDGE_VAR,PCA
2024-01-31,2024-02-14,10,PC2,-0.0015103923681327,-0.0001492981426053,-0.0016596905107381,-0.0017640349449242,0.000104344434186,PCA_RIDGE_VAR,PCA
2024-01-31,2024-02-14,10,PC3,0.0060656874519097,-0.0002098804352064,0.0058558070167033,0.005708873911915,0.0001469331047882,PCA_RIDGE_VAR,PCA
2024-01-31,2024-03-01,22,beta0,0.0626892110109439,-0.0013645303687526,0.0613246806421913,0.0609823035164565,0.0003423771257347,NS_RIDGE,NS
2024-01-31,2024-03-01,22,beta1,-0.0313934082959496,0.001346807435535,-0.0300466008604145,-0.0303675402441478,0.0003209393837332,NS_RIDGE,NS
2024-01-31,2024-03-01,22,beta2,-0.0260139870373047,0.0032103255105466,-0.0228036615267581,-0.0227599429553498,-4.371857140830424e-05,NS_RIDGE,NS
2024-01-31,2024-03-01,22,beta0,0.0626892110109439,5.46617990324904e-06,0.0626946771908472,0.0609823035164565,0.0017123736743906,NS_ELASTICNET,NS
2024-01-31,2024-03-01,22,beta1,-0.0313934082959496,3.518648941941414e-05,-0.0313582218065301,-0.0303675402441478,-0.0009906815623823,NS_ELASTICNET,NS
2024-01-31,2024-03-01,22,beta2,-0.0260139870373047,-0.0002830481340663,-0.0262970351713711,-0.0227599429553498,-0.0035370922160212,NS_ELASTICNET,NS
2024-01-31,2024-03-01,22,PC1,0.0042129686749076,0.0001808553656815,0.0043938240405891,0.0029518081484204,0.0014420158921687,PCA_RIDGE,PCA
2024-01-31,2024-03-01,22,PC2,-0.0015103923681327,-0.0003908518201596,-0.0019012441882924,-0.0017317030935832,-0.0001695410947091,PCA_RIDGE,PCA
2024-01-31,2024-03-01,22,PC3,0.0060656874519097,-0.0007520022421333,0.0053136852097763,0.0050843332383537,0.0002293519714225,PCA_RIDGE,PCA
2024-01-31,2024-03-01,22,PC1,0.0042129686749076,-0.0002344221831923,0.0039785464917152,0.0029518081484204,0.0010267383432948,PCA_RIDGE_VAR,PCA
2024-01-31,2024-03-01,22,PC2,-0.0015103923681327,-0.0004427786660556,-0.0019531710341884,-0.0017317030935832,-0.0002214679406051,PCA_RIDGE_VAR,PCA
2024-01-31,2024-03-01,22,PC3,0.0060656874519097,-0.0005457598793944,0.0055199275725153,0.0050843332383537,0.0004355943341615,PCA_RIDGE_VAR,PCA
2024-02-29,2024-03-07,5,beta0,0.0619187267442083,-0.000738136292006,0.0611805904522022,0.0610235389300931,0.0001570515221091,NS_RIDGE,NS
2024-02-29,2024-03-07,5,beta1,-0.0311196410320232,0.0006432530198089,-0.0304763880122143,-0.0304161457048126,-6.0242307401744966e-05,NS_RIDGE,NS
2024-02-29,2024-03-07,5,beta2,-0.0253220215981767,0.0012899340311456,-0.024032087567031,-0.0234416668473983,-0.0005904207196326,NS_RIDGE,NS
2024-02-29,2024-03-07,5,beta0,0.0619187267442083,-0.000278443582175,0.0616402831620332,0.0610235389300931,0.0006167442319401,NS_ELASTICNET,NS
2024-02-29,2024-03-07,5,beta1,-0.0311196410320232,0.0002816542869972,-0.030837986745026,-0.0304161457048126,-0.0004218410402134,NS_ELASTICNET,NS
2024-02-29,2024-03-07,5,beta2,-0.0253220215981767,0.0003092917296763,-0.0250127298685004,-0.0234416668473983,-0.001571063021102,NS_ELASTICNET,NS
2024-02-29,2024-03-07,5,PC1,0.0028217324620799,-9.832168725588672e-05,0.002723410774824,0.002586090552095,0.000137320222729,PCA_RIDGE,PCA
2024-02-29,2024-03-07,5,PC2,-0.0017780371021299,-0.0001453518745752,-0.0019233889767051,-0.0017681452369801,-0.0001552437397249,PCA_RIDGE,PCA
2024-02-29,2024-03-07,5,PC3,0.0055706541184699,-0.0002023391337837,0.0053683149846861,0.005252796673078,0.0001155183116081,PCA_RIDGE,PCA
2024-02-29,2024-03-07,5,PC1,0.0028217324620799,6.182034673432937e-06,0.0028279144967533,0.002586090552095,0.0002418239446583,PCA_RIDGE_VAR,PCA
2024-02-29,2024-03-07,5,PC2,-0.0017780371021299,-0.0001568507779635,-0.0019348878800934,-0.0017681452369801,-0.0001667426431132,PCA_RIDGE_VAR,PCA
2024-02-29,2024-03-07,5,PC3,0.0055706541184699,-0.0001556758503106,0.0054149782681592,0.005252796673078,0.0001621815950812,PCA_RIDGE_VAR,PCA
2024-02-29,2024-03-14,10,beta0,0.0619187267442083,-0.0010549901257417,0.0608637366184665,0.0606403703418734,0.000223366276593,NS_RIDGE,NS
2024-02-29,2024-03-14,10,beta1,-0.0311196410320232,0.000974213494615,-0.0301454275374081,-0.0300247051194428,-0.0001207224179653,NS_RIDGE,NS
2024-02-29,2024-03-14,10,beta2,-0.0253220215981767,0.0017427410642129,-0.0235792805339638,-0.0228297814916747,-0.000749499042289,NS_RIDGE,NS
2024-02-29,2024-03-14,10,beta0,0.0619187267442083,-7.600112285632521e-06,0.0619111266319227,0.0606403703418734,0.0012707562900492,NS_ELASTICNET,NS
2024-02-29,2024-03-14,10,beta1,-0.0311196410320232,2.709727978041441e-05,-0.0310925437522428,-0.0300247051194428,-0.0010678386328,NS_ELASTICNET,NS
2024-02-29,2024-03-14,10,beta2,-0.0253220215981767,-0.0001175463459668,-0.0254395679441435,-0.0228297814916747,-0.0026097864524688,NS_ELASTICNET,NS
2024-02-29,2024-03-14,10,PC1,0.0028217324620799,-0.0002468487940843,0.0025748836679956,0.002567302137921,7.5815300745558575e-06,PCA_RIDGE,PCA
2024-02-29,2024-03-14,10,PC2,-0.0017780371021299,-0.0002670172503743,-0.0020450543525042,-0.0019265625756433,-0.0001184917768609,PCA_RIDGE,PCA
2024-02-29,2024-03-14,10,PC3,0.0055706541184699,-0.0003294803499167,0.0052411737685531,0.0051405979638712,0.0001005758046819,PCA_RIDGE,PCA
2024-02-29,2024-03-14,10,PC1,0.0028217324620799,-4.84877154309604e-05,0.0027732447466489,0.002567302137921,0.0002059426087278,PCA_RIDGE_VAR,PCA
2024-02-29,2024-03-14,10,PC2,-0.0017780371021299,-0.0002717323760736,-0.0020497694782036,-0.0019265625756433,-0.0001232069025602,PCA_RIDGE_VAR,PCA
2024-02-29,2024-03-14,10,PC3,0.0055706541184699,-0.0002889760421441,0.0052816780763257,0.0051405979638712,0.0001410801124545,PCA_RIDGE_VAR,PCA
2024-02-29,2024-04-03,22,beta0,0.0619187267442083,-0.0022471965606707,0.0596715301835375,0.0594586678487339,0.0002128623348036,NS_RIDGE,NS
2024-02-29,2024-04-03,22,beta1,-0.0311196410320232,0.0020287174700783,-0.0290909235619449,-0.0295490670858026,0.0004581435238577,NS_RIDGE,NS
2024-02-29,2024-04-03,22,beta2,-0.0253220215981767,0.0034772596540684,-0.0218447619441082,-0.0186577087271512,-0.0031870532169569,NS_RIDGE,NS
2024-02-29,2024-04-03,22,beta0,0.0619187267442083,-1.495029909285702e-05,0.0619037764451154,0.0594586678487339,0.0024451085963815,NS_ELASTICNET,NS
2024-02-29,2024-04-03,22,beta1,-0.0311196410320232,5.966502893879104e-05,-0.0310599760030844,-0.0295490670858026,-0.0015109089172818,NS_ELASTICNET,NS
2024-02-29,2024-04-03,22,beta2,-0.0253220215981767,-0.0002648252606244,-0.0255868468588012,-0.0186577087271512,-0.0069291381316499,NS_ELASTICNET,NS
2024-02-29,2024-04-03,22,PC1,0.0028217324620799,-0.0007392582507062,0.0020824742113737,0.0022823497011989,-0.0001998754898252,PCA_RIDGE,PCA
2024-02-29,2024-04-03,22,PC2,-0.0017780371021299,-0.0006047901137885,-0.0023828272159184,-0.0010724132223102,-0.0013104139936081,PCA_RIDGE,PCA
2024-02-29,2024-04-03,22,PC3,0.0055706541184699,-0.0006556352049485,0.0049150189135213,0.0043514028566187,0.0005636160569026,PCA_RIDGE,PCA
2024-02-29,2024-04-03,22,PC1,0.0028217324620799,-0.0001604816797724,0.0026612507823075,0.0022823497011989,0.0003789010811085,PCA_RIDGE_VAR,PCA
2024-02-29,2024-04-03,22,PC2,-0.0017780371021299,-0.000531464494838,-0.0023095015969679,-0.0010724132223102,-0.0012370883746576,PCA_RIDGE_VAR,PCA
2024-02-29,2024-04-03,22,PC3,0.0055706541184699,-0.0005967327957799,0.0049739213226899,0.0043514028566187,0.0006225184660712,PCA_RIDGE_VAR,PCA
2024-03-28,2024-04-08,5,beta0,0.0612817579148385,-0.000565834132448,0.0607159237823905,0.0605139307863604,0.00020199299603,NS_RIDGE,NS
2024-03-28,2024-04-08,5,beta1,-0.030488146377403,0.0004406892943754,-0.0300474570830276,-0.0297773019614938,-0.0002701551215338,NS_RIDGE,NS
2024-03-28,2024-04-08,5,beta2,-0.0247561835859664,0.0013186103806726,-0.0234375732052938,-0.02262049449326,-0.0008170787120338,NS_RIDGE,NS
2024-03-28,2024-04-08,5,beta0,0.0612817579148385,-4.587614124455822e-06,0.0612771703007141,0.0605139307863604,0.0007632395143536,NS_ELASTICNET,NS
2024-03-28,2024-04-08,5,beta1,-0.030488146377403,1.398274354377475e-05,-0.0304741636338593,-0.0297773019614938,-0.0006968616723655,NS_ELASTICNET,NS
2024-03-28,2024-04-08,5,beta2,-0.0247561835859664,-5.8024364611690014e-05,-0.0248142079505781,-0.02262049449326,-0.0021937134573181,NS_ELASTICNET,NS
2024-03-28,2024-04-08,5,PC1,0.0025027114669841,-0.000403423321836,0.002099288145148,0.002788574730169,-0.0006892865850209,PCA_RIDGE,PCA
2024-03-28,2024-04-08,5,PC2,-0.002138989531303,9.683181706559736e-05,-0.0020421577142374,-0.002082850438708,4.069272447061343e-05,PCA_RIDGE,PCA
2024-03-28,2024-04-08,5,PC3,0.0054130783858152,-0.0001861100130198,0.0052269683727953,0.0051861037837784,4.086458901690626e-05,PCA_RIDGE,PCA
2024-03-28,2024-04-08,5,PC1,0.0025027114669841,-0.0003588849733722,0.0021438264936118,0.002788574730169,-0.0006447482365571,PCA_RIDGE_VAR,PCA
2024-03-28,2024-04-08,5,PC2,-0.002138989531303,7.269740249742996e-05,-0.0020662921288056,-0.002082850438708,1.6558309902446004e-05,PCA_RIDGE_VAR,PCA
2024-03-28,2024-04-08,5,PC3,0.0054130783858152,-0.0002637915248205,0.0051492868609947,0.0051861037837784,-3.681692278375767e-05,PCA_RIDGE_VAR,PCA
2024-03-28,2024-04-18,10,beta0,0.0612817579148385,-0.0011937252161344,0.0600880326987041,0.0610618025033588,-0.0009737698046547,NS_RIDGE,NS
2024-03-28,2024-04-18,10,beta1,-0.030488146377403,0.0009658894122334,-0.0295222569651696,-0.0300533351144489,0.0005310781492793,NS_RIDGE,NS
2024-03-28,2024-04-18,10,beta2,-0.0247561835859664,0.0022417210262984,-0.022514462559668,-0.0240732410654661,0.0015587785057981,NS_RIDGE,NS
2024-03-28,2024-04-18,10,beta0,0.0612817579148385,-0.0002668004709745,0.061014957443864,0.0610618025033588,-4.684505949488493e-05,NS_ELASTICNET,NS
2024-03-28,2024-04-18,10,beta1,-0.030488146377403,0.0002874514533623,-0.0302006949240407,-0.0300533351144489,-0.0001473598095917,NS_ELASTICNET,NS
2024-03-28,2024-04-18,10,beta2,-0.0247561835859664,0.0002705526001304,-0.024485630985836,-0.0240732410654661,-0.0004123899203698,NS_ELASTICNET,NS
2024-03-28,2024-04-18,10,PC1,0.0025027114669841,-0.0009365148023633,0.0015661966646207,0.0030940977842762,-0.0015279011196555,PCA_RIDGE,PCA
2024-03-28,2024-04-18,10,PC2,-0.002138989531303,-9.16016734223234e-05,-0.0022305912047253,-0.00227921438134,4.862317661465977e-05,PCA_RIDGE,PCA
2024-03-28,2024-04-18,10,PC3,0.0054130783858152,-0.000386387795185,0.0050266905906302,0.0054312811712782,-0.000404590580648,PCA_RIDGE,PCA
2024-03-28,2024-04-18,10,PC1,0.0025027114669841,-0.0004050169447484,0.0020976945222356,0.0030940977842762,-0.0009964032620406,PCA_RIDGE_VAR,PCA
2024-03-28,2024-04-18,10,PC2,-0.002138989531303,-3.591877536209161e-05,-0.0021749083066651,-0.00227921438134,0.0001043060746748,PCA_RIDGE_VAR,PCA
2024-03-28,2024-04-18,10,PC3,0.0054130783858152,-0.0003905392134923,0.0050225391723229,0.0054312811712782,-0.0004087419989553,PCA_RIDGE_VAR,PCA
2024-03-28,2024-05-07,22,beta0,0.0612817579148385,-0.0022512502480227,0.0590305076668158,0.059661542583656,-0.0006310349168402,NS_RIDGE,NS
2024-03-28,2024-05-07,22,beta1,-0.030488146377403,0.0019283645720406,-0.0285597818053623,-0.0297275351673033,0.0011677533619409,NS_RIDGE,NS
2024-03-28,2024-05-07,22,beta2,-0.0247561835859664,0.0038843862520295,-0.0208717973339368,-0.0198757626073967,-0.00099603472654,NS_RIDGE,NS
2024-03-28,2024-05-07,22,beta0,0.0612817579148385,-2.123298578279936e-05,0.0612605249290557,0.059661542583656,0.0015989823453997,NS_ELASTICNET,NS
2024-03-28,2024-05-07,22,beta1,-0.030488146377403,6.312392552242179e-05,-0.0304250224518806,-0.0297275351673033,-0.0006974872845773,NS_ELASTICNET,NS
2024-03-28,2024-05-07,22,beta2,-0.0247561835859664,-0.0002539677037338,-0.0250101512897003,-0.0198757626073967,-0.0051343886823035,NS_ELASTICNET,NS
2024-03-28,2024-05-07,22,PC1,0.0025027114669841,-0.0016838815044948,0.0008188299624892,0.0018272247472546,-0.0010083947847653,PCA_RIDGE,PCA
2024-03-28,2024-05-07,22,PC2,-0.002138989531303,-0.0006063205664245,-0.0027453100977276,-0.0012945975247509,-0.0014507125729766,PCA_RIDGE,PCA
2024-03-28,2024-05-07,22,PC3,0.0054130783858152,-0.0007007447534919,0.0047123336323233,0.0045676020695019,0.0001447315628213,PCA_RIDGE,PCA
2024-03-28,2024-05-07,22,PC1,0.0025027114669841,-0.0005040748671913,0.0019986365997927,0.0018272247472546,0.0001714118525381,PCA_RIDGE_VAR,PCA
2024-03-28,2024-05-07,22,PC2,-0.002138989531303,-0.0002794567216789,-0.0024184462529819,-0.0012945975247509,-0.001123848728231,PCA_RIDGE_VAR,PCA
2024-03-28,2024-05-07,22,PC3,0.0054130783858152,-0.0006840420996353,0.0047290362861799,0.0045676020695019,0.0001614342166779,PCA_RIDGE_VAR,PCA
2024-04-30,2024-05-08,5,beta0,0.0608635766024069,-0.0007426718009474,0.0601209048014595,0.0595261967666148,0.0005947080348447,NS_RIDGE,NS
2024-04-30,2024-05-08,5,beta1,-0.0299045571704048,0.0006440392299351,-0.0292605179404697,-0.029336322541757,7.580460128725833e-05,NS_RIDGE,NS
2024-04-30,2024-05-08,5,beta2,-0.0238304804696757,0.0015168682413902,-0.0223136122282855,-0.0199204367776348,-0.0023931754506506,NS_RIDGE,NS
2024-04-30,2024-05-08,5,beta0,0.0608635766024069,-5.000337089841188e-06,0.0608585762653171,0.0595261967666148,0.0013323794987022,NS_ELASTICNET,NS
2024-04-30,2024-05-08,5,beta1,-0.0299045571704048,1.4610804644808515e-05,-0.02988994636576,-0.029336322541757,-0.000553623824003,NS_ELASTICNET,NS
2024-04-30,2024-05-08,5,beta2,-0.0238304804696757,-5.706260476853063e-05,-0.0238875430744443,-0.0199204367776348,-0.0039671062968094,NS_ELASTICNET,NS
2024-04-30,2024-05-08,5,PC1,0.0029326397526261,-0.0001979063216855,0.0027347334309406,0.0021827404278784,0.0005519930030621,PCA_RIDGE,PCA
2024-04-30,2024-05-08,5,PC2,-0.0023203533480962,-0.0001271848312465,-0.0024475381793428,-0.0015858989869167,-0.000861639192426,PCA_RIDGE,PCA
2024-04-30,2024-05-08,5,PC3,0.0053502557719647,-0.0001994404657882,0.0051508153061764,0.0046397344517448,0.0005110808544315,PCA_RIDGE,PCA
2024-04-30,2024-05-08,5,PC1,0.0029326397526261,-5.91424472824436e-05,0.0028734973053437,0.0021827404278784,0.0006907568774652,PCA_RIDGE_VAR,PCA
2024-04-30,2024-05-08,5,PC2,-0.0023203533480962,-0.0001324963263494,-0.0024528496744457,-0.0015858989869167,-0.0008669506875289,PCA_RIDGE_VAR,PCA
2024-04-30,2024-05-08,5,PC3,0.0053502557719647,-0.0001586652847215,0.0051915904872431,0.0046397344517448,0.0005518560354982,PCA_RIDGE_VAR,PCA
2024-04-30,2024-05-15,10,beta0,0.0608635766024069,-0.0012864556994214,0.0595771209029855,0.0599947798030813,-0.0004176589000957,NS_RIDGE,NS
2024-04-30,2024-05-15,10,beta1,-0.0299045571704048,0.0011510825302672,-0.0287534746401376,-0.0294289595094864,0.0006754848693487,NS_RIDGE,NS
2024-04-30,2024-05-15,10,beta2,-0.0238304804696757,0.0024805525527289,-0.0213499279169467,-0.0208731013246353,-0.0004768265923114,NS_RIDGE,NS
2024-04-30,2024-05-15,10,beta0,0.0608635766024069,-9.478873052776435e-06,0.0608540977293541,0.0599947798030813,0.0008593179262728,NS_ELASTICNET,NS
2024-04-30,2024-05-15,10,beta1,-0.0299045571704048,2.8822204927684007e-05,-0.0298757349654771,-0.0294289595094864,-0.0004467754559907,NS_ELASTICNET,NS
2024-04-30,2024-05-15,10,beta2,-0.0238304804696757,-0.0001153947109292,-0.023945875180605,-0.0208731013246353,-0.0030727738559697,NS_ELASTICNET,NS
2024-04-30,2024-05-15,10,PC1,0.0029326397526261,-0.0003221409514604,0.0026104988011657,0.0028606419140387,-0.000250143112873,PCA_RIDGE,PCA
2024-04-30,2024-05-15,10,PC2,-0.0023203533480962,-0.000288224567069,-0.0026085779151653,-0.0019189774207363,-0.000689600494429,PCA_RIDGE,PCA
2024-04-30,2024-05-15,10,PC3,0.0053502557719647,-0.0003317068267985,0.0050185489451661,0.0048332871994082,0.0001852617457578,PCA_RIDGE,PCA
2024-04-30,2024-05-15,10,PC1,0.0029326397526261,-9.821073263631756e-05,0.0028344290199898,0.0028606419140387,-2.6212894048850428e-05,PCA_RIDGE_VAR,PCA
2024-04-30,2024-05-15,10,PC2,-0.0023203533480962,-0.0002358437755763,-0.0025561971236725,-0.0019189774207363,-0.0006372197029362,PCA_RIDGE_VAR,PCA
2024-04-30,2024-05-15,10,PC3,0.0053502557719647,-0.000286545098674,0.0050637106732906,0.0048332871994082,0.0002304234738823,PCA_RIDGE_VAR,PCA
2024-04-30,2024-05-31,22,beta0,0.0608635766024069,-0.0022808521973982,0.0585827244050087,0.0601645364114286,-0.0015818120064199,NS_RIDGE,NS
2024-04-30,2024-05-31,22,beta1,-0.0299045571704048,0.0020268754824706,-0.0278776816879341,-0.0293844265716353,0.0015067448837011,NS_RIDGE,NS
2024-04-30,2024-05-31,22,beta2,-0.0238304804696757,0.004382110451075,-0.0194483700186007,-0.0213796144994216,0.0019312444808208,NS_RIDGE,NS
2024-04-30,2024-05-31,22,beta0,0.0608635766024069,-0.0004600470336014,0.0604035295688054,0.0601645364114286,0.0002389931573767,NS_ELASTICNET,NS
2024-04-30,2024-05-31,22,beta1,-0.0299045571704048,0.0005248063983072,-0.0293797507720976,-0.0293844265716353,4.675799537751102e-06,NS_ELASTICNET,NS
2024-04-30,2024-05-31,22,beta2,-0.0238304804696757,0.000421498871859,-0.0234089815978167,-0.0213796144994216,-0.0020293670983951,NS_ELASTICNET,NS
2024-04-30,2024-05-31,22,PC1,0.0029326397526261,-0.0005855586954536,0.0023470810571725,0.0031833421383766,-0.0008362610812041,PCA_RIDGE,PCA
2024-04-30,2024-05-31,22,PC2,-0.0023203533480962,-0.0004957752269399,-0.0028161285750362,-0.0021023129451701,-0.000713815629866,PCA_RIDGE,PCA
2024-04-30,2024-05-31,22,PC3,0.0053502557719647,-0.0006231737193369,0.0047270820526278,0.004987830620834,-0.0002607485682062,PCA_RIDGE,PCA
2024-04-30,2024-05-31,22,PC1,0.0029326397526261,-0.0001754721961936,0.0027571675564325,0.0031833421383766,-0.0004261745819441,PCA_RIDGE_VAR,PCA
2024-04-30,2024-05-31,22,PC2,-0.0023203533480962,-0.0004685700268985,-0.0027889233749948,-0.0021023129451701,-0.0006866104298246,PCA_RIDGE_VAR,PCA
2024-04-30,2024-05-31,22,PC3,0.0053502557719647,-0.0005819824644828,0.0047682733074818,0.004987830620834,-0.0002195573133521,PCA_RIDGE_VAR,PCA
2024-05-31,2024-06-07,5,beta0,0.0601645364114286,-0.0005632136089682,0.0596013228024604,0.0605891389153313,-0.0009878161128708,NS_RIDGE,NS
2024-05-31,2024-06-07,5,beta1,-0.0293844265716353,0.0004840310190356,-0.0289003955525997,-0.0293206194178823,0.0004202238652826,NS_RIDGE,NS
2024-05-31,2024-06-07,5,beta2,-0.0213796144994216,0.0010971926083401,-0.0202824218910814,-0.0237655360320012,0.0034831141409197,NS_RIDGE,NS
2024-05-31,2024-06-07,5,beta0,0.0601645364114286,-5.771496161999319e-06,0.0601587649152666,0.0605891389153313,-0.0004303740000646,NS_ELASTICNET,NS
2024-05-31,2024-06-07,5,beta1,-0.0293844265716353,1.5186527163328276e-05,-0.029369240044472,-0.0293206194178823,-4.8620626589696014e-05,NS_ELASTICNET,NS
2024-05-31,2024-06-07,5,beta2,-0.0213796144994216,-5.4869677070029856e-05,-0.0214344841764916,-0.0237655360320012,0.0023310518555095,NS_ELASTICNET,NS
2024-05-31,2024-06-07,5,PC1,0.0031728078868194,-0.0001350522489811,0.0030377556378382,0.0033121062418837,-0.0002743506040455,PCA_RIDGE,PCA
2024-05-31,2024-06-07,5,PC2,-0.0020978225496633,-9.405098459230136e-05,-0.0021918735342556,-0.0027933569972956,0.00060148346304,PCA_RIDGE,PCA
2024-05-31,2024-06-07,5,PC3,0.0049749158614204,-0.0001528092177672,0.0048221066436531,0.005413197073824,-0.0005910904301708,PCA_RIDGE,PCA
2024-05-31,2024-06-07,5,PC1,0.0031728078868194,-0.0001111144865073,0.003061693400312,0.0033121062418837,-0.0002504128415717,PCA_RIDGE_VAR,PCA
2024-05-31,2024-06-07,5,PC2,-0.0020978225496633,-0.0001054779770472,-0.0022033005267105,-0.0027933569972956,0.000590056470585,PCA_RIDGE_VAR,PCA
2024-05-31,2024-06-07,5,PC3,0.0049749158614204,-0.0001070470757043,0.004867868785716,0.005413197073824,-0.0005453282881079,PCA_RIDGE_VAR,PCA
2024-05-31,2024-06-14,10,beta0,0.0601645364114286,-0.0009526166796294,0.0592119197317992,0.0606921866763565,-0.0014802669445572,NS_RIDGE,NS
2024-05-31,2024-06-14,10,beta1,-0.0293844265716353,0.0008458731018187,-0.0285385534698166,-0.0293163690677533,0.0007778155979366,NS_RIDGE,NS
2024-05-31,2024-06-14,10,beta2,-0.0213796144994216,0.0018577921785767,-0.0195218223208448,-0.023983708835593,0.0044618865147481,NS_RIDGE,NS
2024-05-31,2024-06-14,10,beta0,0.0601645364114286,-1.191711078929004e-05,0.0601526193006394,0.0606921866763565,-0.0005395673757171,NS_ELASTICNET,NS
2024-05-31,2024-06-14,10,beta1,-0.0293844265716353,3.057526840928802e-05,-0.029353851303226,-0.0293163690677533,-3.748223547276122e-05,NS_ELASTICNET,NS
2024-05-31,2024-06-14,10,beta2,-0.0213796144994216,-0.0001093587405274,-0.0214889732399491,-0.023983708835593,0.0024947355956439,NS_ELASTICNET,NS
2024-05-31,2024-06-14,10,PC1,0.0031728078868194,-0.0002174110188961,0.0029553968679232,0.0035024435721385,-0.0005470467042153,PCA_RIDGE,PCA
2024-05-31,2024-06-14,10,PC2,-0.0020978225496633,-0.0001582004094316,-0.0022560229590949,-0.0028751661361713,0.0006191431770764,PCA_RIDGE,PCA
2024-05-31,2024-06-14,10,PC3,0.0049749158614204,-0.000276444980475,0.0046984708809454,0.0054773254768609,-0.0007788545959155,PCA_RIDGE,PCA
2024-05-31,2024-06-14,10,PC1,0.0031728078868194,-0.0001508706330658,0.0030219372537535,0.0035024435721385,-0.000480506318385,PCA_RIDGE_VAR,PCA
2024-05-31,2024-06-14,10,PC2,-0.0020978225496633,-0.0002017845309666,-0.0022996070806299,-0.0028751661361713,0.0005755590555413,PCA_RIDGE_VAR,PCA
2024-05-31,2024-06-14,10,PC3,0.0049749158614204,-0.0002262453380655,0.0047486705233548,0.0054773254768609,-0.0007286549535061,PCA_RIDGE_VAR,PCA
2024-05-31,2024-07-04,22,beta0,0.0601645364114286,-0.0018291550263342,0.0583353813850944,0.0607196528235444,-0.00238427143845,NS_RIDGE,NS
2024-05-31,2024-07-04,22,beta1,-0.0293844265716353,0.0016105745067372,-0.0277738520648981,-0.032755896544285,0.0049820444793869,NS_RIDGE,NS
2024-05-31,2024-07-04,22,beta2,-0.0213796144994216,0.0035331956986894,-0.0178464188007321,-0.0227965552359664,0.0049501364352342,NS_RIDGE,NS
2024-05-31,2024-07-04,22,beta0,0.0601645364114286,-2.53235672536615e-05,0.060139212844175,0.0607196528235444,-0.0005804399793694,NS_ELASTICNET,NS
2024-05-31,2024-07-04,22,beta1,-0.0293844265716353,6.649545438811046e-05,-0.0293179311172472,-0.032755896544285,0.0034379654270377,NS_ELASTICNET,NS
2024-05-31,2024-07-04,22,beta2,-0.0213796144994216,-0.0002431187476527,-0.0216227332470743,-0.0227965552359664,0.001173821988892,NS_ELASTICNET,NS
2024-05-31,2024-07-04,22,PC1,0.0031728078868194,-0.00045196366021,0.0027208442266093,-0.0027645885034109,0.0054854327300202,PCA_RIDGE,PCA
2024-05-31,2024-07-04,22,PC2,-0.0020978225496633,-0.0003410955795035,-0.0024389181291668,0.0004424848234184,-0.0028814029525852,PCA_RIDGE,PCA
2024-05-31,2024-07-04,22,PC3,0.0049749158614204,-0.0005839606696234,0.0043909551917969,0.0044575432443432,-6.658805254635986e-05,PCA_RIDGE,PCA
2024-05-31,2024-07-04,22,PC1,0.0031728078868194,-0.0002316561142354,0.0029411517725839,-0.0027645885034109,0.0057057402759948,PCA_RIDGE_VAR,PCA
2024-05-31,2024-07-04,22,PC2,-0.0020978225496633,-0.0004186292101027,-0.002516451759766,0.0004424848234184,-0.0029589365831845,PCA_RIDGE_VAR,PCA
2024-05-31,2024-07-04,22,PC3,0.0049749158614204,-0.0005017066801704,0.0044732091812499,0.0044575432443432,1.5665936906690894e-05,PCA_RIDGE_VAR,PCA
2024-06-28,2024-07-05,5,beta0,0.0573000161330276,0.000484844434559,0.0577848605675867,0.0606259251899483,-0.0028410646223615,NS_RIDGE,NS
2024-06-28,2024-07-05,5,beta1,-0.0289784168921237,-0.0003761283470886,-0.0293545452392124,-0.0327114110292119,0.0033568657899995,NS_RIDGE,NS
2024-06-28,2024-07-05,5,beta2,-0.0178154169568035,-0.0014576466584974,-0.019273063615301,-0.0225257825336656,0.0032527189183646,NS_RIDGE,NS
2024-06-28,2024-07-05,5,beta0,0.0573000161330276,-6.113029746383181e-06,0.0572939031032813,0.0606259251899483,-0.0033320220866669,NS_ELASTICNET,NS
2024-06-28,2024-07-05,5,beta1,-0.0289784168921237,1.434067761883895e-05,-0.0289640762145049,-0.0327114110292119,0.003747334814707,NS_ELASTICNET,NS
2024-06-28,2024-07-05,5,beta2,-0.0178154169568035,-5.5331182158714256e-05,-0.0178707481389622,-0.0225257825336656,0.0046550343947033,NS_ELASTICNET,NS
2024-06-28,2024-07-05,5,PC1,-0.0026032800520207,-0.0001195267915315,-0.0027228068435522,-0.002813332656856,9.052581330374308e-05,PCA_RIDGE,PCA
2024-06-28,2024-07-05,5,PC2,-0.0012786223832658,3.883761797801331e-06,-0.001274738621468,0.0004939363297219,-0.00176867495119,PCA_RIDGE,PCA
2024-06-28,2024-07-05,5,PC3,0.0035140191851842,0.0002380670599874,0.0037520862451717,0.0043980018280081,-0.0006459155828363,PCA_RIDGE,PCA
2024-06-28,2024-07-05,5,PC1,-0.0026032800520207,4.3218024093164345e-05,-0.0025600620279275,-0.002813332656856,0.0002532706289284,PCA_RIDGE_VAR,PCA
2024-06-28,2024-07-05,5,PC2,-0.0012786223832658,-0.0001023099604667,-0.0013809323437326,0.0004939363297219,-0.0018748686734545,PCA_RIDGE_VAR,PCA
2024-06-28,2024-07-05,5,PC3,0.0035140191851842,-9.751771976302012e-05,0.0034165014654212,0.0043980018280081,-0.0009815003625868,PCA_RIDGE_VAR,PCA
2024-06-28,2024-07-12,10,beta0,0.0573000161330276,0.0006280318036093,0.0579280479366369,0.062382926106496,-0.004454878169859,NS_RIDGE,NS
2024-06-28,2024-07-12,10,beta1,-0.0289784168921237,-0.0005821987104028,-0.0295606156025265,-0.0347755751916268,0.0052149595891003,NS_RIDGE,NS
2024-06-28,2024-07-12,10,beta2,-0.0178154169568035,-0.0017790471878085,-0.0195944641446121,-0.0267845875000198,0.0071901233554077,NS_RIDGE,NS
2024-06-28,2024-07-12,10,beta0,0.0573000161330276,0.0008506745176215,0.0581506906506492,0.062382926106496,-0.0042322354558467,NS_ELASTICNET,NS
2024-06-28,2024-07-12,10,beta1,-0.0289784168921237,-0.0006846998158461,-0.0296631167079698,-0.0347755751916268,0.0051124584836569,NS_ELASTICNET,NS
2024-06-28,2024-07-12,10,beta2,-0.0178154169568035,-0.0021354518502916,-0.0199508688070951,-0.0267845875000198,0.0068337186929246,NS_ELASTICNET,NS
2024-06-28,2024-07-12,10,PC1,-0.0026032800520207,-0.0002103411027027,-0.0028136211547235,-0.0040213196945669,0.0012076985398434,PCA_RIDGE,PCA
2024-06-28,2024-07-12,10,PC2,-0.0012786223832658,0.0001261295514069,-0.0011524928318589,0.0008408520906441,-0.001993344922503,PCA_RIDGE,PCA
2024-06-28,2024-07-12,10,PC3,0.0035140191851842,0.0002878385657256,0.0038018577509098,0.0047952205912283,-0.0009933628403184,PCA_RIDGE,PCA
2024-06-28,2024-07-12,10,PC1,-0.0026032800520207,4.835864464062742e-06,-0.0025984441875566,-0.0040213196945669,0.0014228755070102,PCA_RIDGE_VAR,PCA
2024-06-28,2024-07-12,10,PC2,-0.0012786223832658,-0.0001806629517794,-0.0014592853350453,0.0008408520906441,-0.0023001374256894,PCA_RIDGE_VAR,PCA
2024-06-28,2024-07-12,10,PC3,0.0035140191851842,-0.000191540333957,0.0033224788512272,0.0047952205912283,-0.0014727417400011,PCA_RIDGE_VAR,PCA
2024-06-28,2024-07-31,22,beta0,0.0573000161330276,0.0002924104456005,0.0575924265786282,0.0569727896979631,0.0006196368806651,NS_RIDGE,NS
2024-06-28,2024-07-31,22,beta1,-0.0289784168921237,-0.0004905122061348,-0.0294689290982585,-0.030514767553368,0.0010458384551094,NS_RIDGE,NS
2024-06-28,2024-07-31,22,beta2,-0.0178154169568035,-0.0011982710737931,-0.0190136880305966,-0.0165295156095839,-0.0024841724210127,NS_RIDGE,NS
2024-06-28,2024-07-31,22,beta0,0.0573000161330276,0.0006132759536732,0.0579132920867009,0.0569727896979631,0.0009405023887377,NS_ELASTICNET,NS
2024-06-28,2024-07-31,22,beta1,-0.0289784168921237,-0.0004947896132809,-0.0294732065054046,-0.030514767553368,0.0010415610479633,NS_ELASTICNET,NS
2024-06-28,2024-07-31,22,beta2,-0.0178154169568035,-0.0023157470180692,-0.0201311639748727,-0.0165295156095839,-0.0036016483652888,NS_ELASTICNET,NS
2024-06-28,2024-07-31,22,PC1,-0.0026032800520207,-0.000541684696952,-0.0031449647489728,-0.0059715104538804,0.0028265457049076,PCA_RIDGE,PCA
2024-06-28,2024-07-31,22,PC2,-0.0012786223832658,0.0003628527291977,-0.0009157696540681,0.0002884856517483,-0.0012042553058164,PCA_RIDGE,PCA
2024-06-28,2024-07-31,22,PC3,0.0035140191851842,0.0001812896492229,0.0036953088344072,0.0026965233196558,0.0009987855147513,PCA_RIDGE,PCA
2024-06-28,2024-07-31,22,PC1,-0.0026032800520207,-6.917745360684796e-05,-0.0026724575056275,-0.0059715104538804,0.0032990529482528,PCA_RIDGE_VAR,PCA
2024-06-28,2024-07-31,22,PC2,-0.0012786223832658,-0.0003575982522386,-0.0016362206355045,0.0002884856517483,-0.0019247062872528,PCA_RIDGE_VAR,PCA
2024-06-28,2024-07-31,22,PC3,0.0035140191851842,-0.0004075301408186,0.0031064890443656,0.0026965233196558,0.0004099657247097,PCA_RIDGE_VAR,PCA
2024-07-31,2024-08-07,5,beta0,0.0569727896979631,0.000401261664779,0.0573740513627421,0.057317024806092,5.702655665008882e-05,NS_RIDGE,NS
2024-07-31,2024-08-07,5,beta1,-0.030514767553368,-0.0003403988490625,-0.0308551664024305,-0.0309705962376169,0.0001154298351863,NS_RIDGE,NS
2024-07-31,2024-08-07,5,beta2,-0.0165295156095839,-0.0011132586336914,-0.0176427742432754,-0.0171726257846957,-0.0004701484585797,NS_RIDGE,NS
2024-07-31,2024-08-07,5,beta0,0.0569727896979631,-5.737783058963052e-06,0.0569670519149041,0.057317024806092,-0.0003499728911879,NS_ELASTICNET,NS
2024-07-31,2024-08-07,5,beta1,-0.030514767553368,1.0826807320600865e-05,-0.0305039407460474,-0.0309705962376169,0.0004666554915695,NS_ELASTICNET,NS
2024-07-31,2024-08-07,5,beta2,-0.0165295156095839,-5.456134487569545e-05,-0.0165840769544596,-0.0171726257846957,0.000588548830236,NS_ELASTICNET,NS
2024-07-31,2024-08-07,5,PC1,-0.0059529868523268,-0.0002055143566746,-0.0061585012090015,-0.0061747672967756,1.6266087774092705e-05,PCA_RIDGE,PCA
2024-07-31,2024-08-07,5,PC2,0.0002851276488886,3.5166386891399216e-05,0.00032029403578,0.0004231159173807,-0.0001028218816007,PCA_RIDGE,PCA
2024-07-31,2024-08-07,5,PC3,0.0026836671190756,0.0001615047084167,0.0028451718274923,0.002672597320953,0.0001725745065393,PCA_RIDGE,PCA
2024-07-31,2024-08-07,5,PC1,-0.0059529868523268,7.930730015558857e-05,-0.0058736795521712,-0.0061747672967756,0.0003010877446043,PCA_RIDGE_VAR,PCA
2024-07-31,2024-08-07,5,PC2,0.0002851276488886,0.0002702384846377,0.0005553661335263,0.0004231159173807,0.0001322502161455,PCA_RIDGE_VAR,PCA
2024-07-31,2024-08-07,5,PC3,0.0026836671190756,0.0002758450650911,0.0029595121841668,0.002672597320953,0.0002869148632137,PCA_RIDGE_VAR,PCA
2024-07-31,2024-08-15,10,beta0,0.0569727896979631,0.0004935039401744,0.0574662936381375,0.0568095236284453,0.0006567700096921,NS_RIDGE,NS
2024-07-31,2024-08-15,10,beta1,-0.030514767553368,-0.0004778668077692,-0.0309926343611372,-0.030063049823945,-0.0009295845371922,NS_RIDGE,NS
2024-07-31,2024-08-15,10,beta2,-0.0165295156095839,-0.0014215020482175,-0.0179510176578015,-0.0171394295565383,-0.0008115881012632,NS_RIDGE,NS
2024-07-31,2024-08-15,10,beta0,0.0569727896979631,0.0005304551193261,0.0575032448172892,0.0568095236284453,0.0006937211888438,NS_ELASTICNET,NS
2024-07-31,2024-08-15,10,beta1,-0.030514767553368,-0.0004871126203202,-0.0310018801736882,-0.030063049823945,-0.0009388303497432,NS_ELASTICNET,NS
2024-07-31,2024-08-15,10,beta2,-0.0165295156095839,-0.0016860211829524,-0.0182155367925364,-0.0171394295565383,-0.001076107235998,NS_ELASTICNET,NS
2024-07-31,2024-08-15,10,PC1,-0.0059529868523268,-0.0004025995170204,-0.0063555863693473,-0.0058280479178982,-0.000527538451449,PCA_RIDGE,PCA
2024-07-31,2024-08-15,10,PC2,0.0002851276488886,5.678964643937932e-05,0.0003419172953279,-0.0003622054610819,0.0007041227564099,PCA_RIDGE,PCA
2024-07-31,2024-08-15,10,PC3,0.0026836671190756,0.0001673653325083,0.002851032451584,0.0026883475405491,0.0001626849110348,PCA_RIDGE,PCA
2024-07-31,2024-08-15,10,PC1,-0.0059529868523268,1.9067971621530844e-05,-0.0059339188807053,-0.0058280479178982,-0.000105870962807,PCA_RIDGE_VAR,PCA
2024-07-31,2024-08-15,10,PC2,0.0002851276488886,0.0001723035589275,0.0004574312078161,-0.0003622054610819,0.0008196366688981,PCA_RIDGE_VAR,PCA
2024-07-31,2024-08-15,10,PC3,0.0026836671190756,0.0001992253802437,0.0028828924993193,0.0026883475405491,0.0001945449587702,PCA_RIDGE_VAR,PCA
2024-07-31,2024-09-04,22,beta0,0.0569727896979631,4.087381943360279e-05,0.0570136635173967,0.058613800389745,-0.0016001368723483,NS_RIDGE,NS
2024-07-31,2024-09-04,22,beta1,-0.030514767553368,-8.890993204090913e-05,-0.0306036774854089,-0.032640773761359,0.0020370962759501,NS_RIDGE,NS
2024-07-31,2024-09-04,22,beta2,-0.0165295156095839,-0.0006473228127324,-0.0171768384223163,-0.0220038061629671,0.0048269677406507,NS_RIDGE,NS
2024-07-31,2024-09-04,22,beta0,0.0569727896979631,-7.72720082722031e-05,0.0568955176896909,0.058613800389745,-0.0017182827000541,NS_ELASTICNET,NS
2024-07-31,2024-09-04,22,beta1,-0.030514767553368,0.0001153368109502,-0.0303994307424177,-0.032640773761359,0.0022413430189412,NS_ELASTICNET,NS
2024-07-31,2024-09-04,22,beta2,-0.0165295156095839,-0.0005778494591129,-0.0171073650686968,-0.0220038061629671,0.0048964410942702,NS_ELASTICNET,NS
2024-07-31,2024-09-04,22,PC1,-0.0059529868523268,-0.0006943216793178,-0.0066473085316446,-0.0082532957895529,0.0016059872579082,PCA_RIDGE,PCA
2024-07-31,2024-09-04,22,PC2,0.0002851276488886,-7.194063007478845e-05,0.0002131870188138,0.000566766248291,-0.0003535792294771,PCA_RIDGE,PCA
2024-07-31,2024-09-04,22,PC3,0.0026836671190756,2.027569470844456e-05,0.002703942813784,0.0031966316376355,-0.0004926888238514,PCA_RIDGE,PCA
2024-07-31,2024-09-04,22,PC1,-0.0059529868523268,-0.0001097997730672,-0.006062786625394,-0.0082532957895529,0.0021905091641588,PCA_RIDGE_VAR,PCA
2024-07-31,2024-09-04,22,PC2,0.0002851276488886,-4.743132610835079e-05,0.0002376963227802,0.000566766248291,-0.0003290699255107,PCA_RIDGE_VAR,PCA
2024-07-31,2024-09-04,22,PC3,0.0026836671190756,2.3681635194582485e-05,0.0027073487542702,0.0031966316376355,-0.0004892828833653,PCA_RIDGE_VAR,PCA
2024-08-30,2024-09-06,5,beta0,0.0612258805390596,-0.0004945310089668,0.0607313495300927,0.0593591833447267,0.001372166185366,NS_RIDGE,NS
2024-08-30,2024-09-06,5,beta1,-0.0343007367266658,0.0004428826823425,-0.0338578540443233,-0.032421433931858,-0.0014364201124652,NS_RIDGE,NS
2024-08-30,2024-09-06,5,beta2,-0.0283029098439724,0.000323925982773,-0.0279789838611993,-0.0278423353104176,-0.0001366485507817,NS_RIDGE,NS
2024-08-30,2024-09-06,5,beta0,0.0612258805390596,-0.0001344405500148,0.0610914399890447,0.0593591833447267,0.001732256644318,NS_ELASTICNET,NS
2024-08-30,2024-09-06,5,beta1,-0.0343007367266658,0.0001519157125461,-0.0341488210141196,-0.032421433931858,-0.0017273870822616,NS_ELASTICNET,NS
2024-08-30,2024-09-06,5,beta2,-0.0283029098439724,-2.676139227807076e-05,-0.0283296712362505,-0.0278423353104176,-0.0004873359258329,NS_ELASTICNET,NS
2024-08-30,2024-09-06,5,PC1,-0.0071958724704587,-0.0003167293938229,-0.0075126018642816,-0.0086847544223982,0.0011721525581166,PCA_RIDGE,PCA
2024-08-30,2024-09-06,5,PC2,-3.726868597746519e-05,-0.0002133763450199,-0.0002506450309974,-0.0013334521425474,0.0010828071115499,PCA_RIDGE,PCA
2024-08-30,2024-09-06,5,PC3,0.0042830178827618,-9.438142715750584e-05,0.0041886364556043,0.0040300336810949,0.0001586027745094,PCA_RIDGE,PCA
2024-08-30,2024-09-06,5,PC1,-0.0071958724704587,-0.0001137817487019,-0.0073096542191607,-0.0086847544223982,0.0013751002032375,PCA_RIDGE_VAR,PCA
2024-08-30,2024-09-06,5,PC2,-3.726868597746519e-05,-0.0001677789035926,-0.0002050475895701,-0.0013334521425474,0.0011284045529773,PCA_RIDGE_VAR,PCA
2024-08-30,2024-09-06,5,PC3,0.0042830178827618,-0.0001161257250655,0.0041668921576963,0.0040300336810949,0.0001368584766013,PCA_RIDGE_VAR,PCA
2024-08-30,2024-09-13,10,beta0,0.0612258805390596,-0.0007060001483113,0.0605198803907482,0.0607140426574029,-0.0001941622666547,NS_RIDGE,NS
2024-08-30,2024-09-13,10,beta1,-0.0343007367266658,0.000634690888874,-0.0336660458377918,-0.0339476882977317,0.0002816424599398,NS_RIDGE,NS
2024-08-30,2024-09-13,10,beta2,-0.0283029098439724,0.000154711109802,-0.0281481987341704,-0.0303754635953111,0.0022272648611407,NS_RIDGE,NS
2024-08-30,2024-09-13,10,beta0,0.0612258805390596,-0.0005013782479161,0.0607245022911434,0.0607140426574029,1.0459633740460272e-05,NS_ELASTICNET,NS
2024-08-30,2024-09-13,10,beta1,-0.0343007367266658,0.0004675589066365,-0.0338331778200293,-0.0339476882977317,0.0001145104777024,NS_ELASTICNET,NS
2024-08-30,2024-09-13,10,beta2,-0.0283029098439724,-2.736899923184517e-05,-0.0283302788432043,-0.0303754635953111,0.0020451847521068,NS_ELASTICNET,NS
2024-08-30,2024-09-13,10,PC1,-0.0071958724704587,-0.0005240525196288,-0.0077199249900876,-0.0090972943307014,0.0013773693406138,PCA_RIDGE,PCA
2024-08-30,2024-09-13,10,PC2,-3.726868597746519e-05,-0.0003887061744165,-0.0004259748603939,-0.0008193398983981,0.0003933650380041,PCA_RIDGE,PCA
2024-08-30,2024-09-13,10,PC3,0.0042830178827618,-0.0001299314644379,0.0041530864183239,0.0043528008345954,-0.0001997144162715,PCA_RIDGE,PCA
2024-08-30,2024-09-13,10,PC1,-0.0071958724704587,-0.0001747199180934,-0.0073705923885521,-0.0090972943307014,0.0017267019421492,PCA_RIDGE_VAR,PCA
2024-08-30,2024-09-13,10,PC2,-3.726868597746519e-05,-0.0002797110578371,-0.0003169797438146,-0.0008193398983981,0.0005023601545835,PCA_RIDGE_VAR,PCA
2024-08-30,2024-09-13,10,PC3,0.0042830178827618,-0.0002252440970645,0.0040577737856973,0.0043528008345954,-0.0002950270488981,PCA_RIDGE_VAR,PCA
2024-08-30,2024-10-03,22,beta0,0.0612258805390596,-0.0022866922097513,0.0589391883293082,0.0599247368843075,-0.0009855485549993,NS_RIDGE,NS
2024-08-30,2024-10-03,22,beta1,-0.0343007367266658,0.002030464466202,-0.0322702722604638,-0.0323277529660672,5.748070560347013e-05,NS_RIDGE,NS
2024-08-30,2024-10-03,22,beta2,-0.0283029098439724,0.0015356276005053,-0.0267672822434671,-0.0306695531413559,0.0039022708978887,NS_RIDGE,NS
2024-08-30,2024-10-03,22,beta0,0.0612258805390596,-3.345950477015064e-05,0.0611924210342894,0.0599247368843075,0.0012676841499819,NS_ELASTICNET,NS
2024-08-30,2024-10-03,22,beta1,-0.0343007367266658,5.684825229087216e-05,-0.0342438884743749,-0.0323277529660672,-0.0019161355083076,NS_ELASTICNET,NS
2024-08-30,2024-10-03,22,beta2,-0.0283029098439724,-0.0002327755068941,-0.0285356853508666,-0.0306695531413559,0.0021338677904893,NS_ELASTICNET,NS
2024-08-30,2024-10-03,22,PC1,-0.0071958724704587,-0.0013945039671222,-0.008590376437581,-0.0083365892309868,-0.0002537872065941,PCA_RIDGE,PCA
2024-08-30,2024-10-03,22,PC2,-3.726868597746519e-05,-0.000901471337794,-0.0009387400237714,-0.0023128440541772,0.0013741040304057,PCA_RIDGE,PCA
2024-08-30,2024-10-03,22,PC3,0.0042830178827618,-0.0003218805673865,0.0039611373153753,0.0045115254584409,-0.0005503881430655,PCA_RIDGE,PCA
2024-08-30,2024-10-03,22,PC1,-0.0071958724704587,-0.0003024285598671,-0.0074983010303259,-0.0083365892309868,0.0008382882006609,PCA_RIDGE_VAR,PCA
2024-08-30,2024-10-03,22,PC2,-3.726868597746519e-05,-0.0005345102128079,-0.0005717788987854,-0.0023128440541772,0.0017410651553917,PCA_RIDGE_VAR,PCA
2024-08-30,2024-10-03,22,PC3,0.0042830178827618,-0.0004764792514779,0.0038065386312839,0.0045115254584409,-0.0007049868271569,PCA_RIDGE_VAR,PCA
2024-09-30,2024-10-07,5,beta0,0.0595518165461032,-0.0003502704076909,0.0592015461384123,0.0600399188630241,-0.0008383727246117,NS_RIDGE,NS
2024-09-30,2024-10-07,5,beta1,-0.0319751378213677,0.0003563951575381,-0.0316187426638295,-0.0324736326746477,0.0008548900108182,NS_RIDGE,NS
2024-09-30,2024-10-07,5,beta2,-0.0296889273864052,0.0011814669048492,-0.0285074604815559,-0.0308465193207117,0.0023390588391558,NS_RIDGE,NS
2024-09-30,2024-10-07,5,beta0,0.0595518165461032,-0.0001170359638122,0.059434780582291,0.0600399188630241,-0.0006051382807331,NS_ELASTICNET,NS
2024-09-30,2024-10-07,5,beta1,-0.0319751378213677,0.0001230142007235,-0.0318521236206441,-0.0324736326746477,0.0006215090540036,NS_ELASTICNET,NS
2024-09-30,2024-10-07,5,beta2,-0.0296889273864052,0.0001515888921016,-0.0295373384943035,-0.0308465193207117,0.0013091808264082,NS_ELASTICNET,NS
2024-09-30,2024-10-07,5,PC1,-0.008179232795784,0.0004926757911513,-0.0076865570046326,-0.0083541086620047,0.000667551657372,PCA_RIDGE,PCA
2024-09-30,2024-10-07,5,PC2,-0.0023054182562453,-2.8718958111390425e-05,-0.0023341372143566,-0.0022559150215763,-7.822219278032574e-05,PCA_RIDGE,PCA
2024-09-30,2024-10-07,5,PC3,0.0043719944823323,-0.0001076250850111,0.0042643693973211,0.0045114238600103,-0.0002470544626891,PCA_RIDGE,PCA
2024-09-30,2024-10-07,5,PC1,-0.008179232795784,-9.328627192899988e-05,-0.008272519067713,-0.0083541086620047,8.158959429169915e-05,PCA_RIDGE_VAR,PCA
2024-09-30,2024-10-07,5,PC2,-0.0023054182562453,-0.000144626031978,-0.0024500442882233,-0.0022559150215763,-0.000194129266647,PCA_RIDGE_VAR,PCA
2024-09-30,2024-10-07,5,PC3,0.0043719944823323,-0.0001882675589021,0.0041837269234301,0.0045114238600103,-0.0003276969365801,PCA_RIDGE_VAR,PCA
2024-09-30,2024-10-14,10,beta0,0.0595518165461032,-0.0006526006656955,0.0588992158804077,0.0596614003946494,-0.0007621845142416,NS_RIDGE,NS
2024-09-30,2024-10-14,10,beta1,-0.0319751378213677,0.0007290489902273,-0.0312460888311403,-0.03185230071805,0.0006062118869097,NS_RIDGE,NS
2024-09-30,2024-10-14,10,beta2,-0.0296889273864052,0.0022948601308992,-0.0273940672555059,-0.031182202366116,0.00378813511061,NS_RIDGE,NS
2024-09-30,2024-10-14,10,beta0,0.0595518165461032,-9.649535787154147e-06,0.0595421670103161,0.0596614003946494,-0.0001192333843332,NS_ELASTICNET,NS
2024-09-30,2024-10-14,10,beta1,-0.0319751378213677,2.02317749122748e-05,-0.0319549060464554,-0.03185230071805,-0.0001026053284054,NS_ELASTICNET,NS
2024-09-30,2024-10-14,10,beta2,-0.0296889273864052,-0.0001285553745484,-0.0298174827609536,-0.031182202366116,0.0013647196051623,NS_ELASTICNET,NS
2024-09-30,2024-10-14,10,PC1,-0.008179232795784,0.0010534524329193,-0.0071257803628646,-0.0083958883934735,0.0012701080306088,PCA_RIDGE,PCA
2024-09-30,2024-10-14,10,PC2,-0.0023054182562453,4.881988615686497e-05,-0.0022565983700884,-0.0029200714309213,0.0006634730608329,PCA_RIDGE,PCA
2024-09-30,2024-10-14,10,PC3,0.0043719944823323,-0.0001810272663632,0.004190967215969,0.00449546450636,-0.0003044972903909,PCA_RIDGE,PCA
2024-09-30,2024-10-14,10,PC1,-0.008179232795784,-0.0001002411772783,-0.0082794739730623,-0.0083958883934735,0.0001164144204111,PCA_RIDGE_VAR,PCA
2024-09-30,2024-10-14,10,PC2,-0.0023054182562453,-0.0002336846474188,-0.0025391029036641,-0.0029200714309213,0.0003809685272572,PCA_RIDGE_VAR,PCA
2024-09-30,2024-10-14,10,PC3,0.0043719944823323,-0.0003045858666689,0.0040674086156633,0.00449546450636,-0.0004280558906966,PCA_RIDGE_VAR,PCA
2024-09-30,2024-10-30,22,beta0,0.0595518165461032,-0.0010709750687619,0.0584808414773413,0.0580325386653604,0.0004483028119808,NS_RIDGE,NS
2024-09-30,2024-10-30,22,beta1,-0.0319751378213677,0.00142344811845,-0.0305516897029176,-0.0314054428295734,0.0008537531266558,NS_RIDGE,NS
2024-09-30,2024-10-30,22,beta2,-0.0296889273864052,0.0049568347458839,-0.0247320926405212,-0.0277472963592374,0.0030152037187162,NS_RIDGE,NS
2024-09-30,2024-10-30,22,beta0,0.0595518165461032,-2.1562921694080783e-05,0.0595302536244092,0.0580325386653604,0.0014977149590487,NS_ELASTICNET,NS
2024-09-30,2024-10-30,22,beta1,-0.0319751378213677,4.545159137813024e-05,-0.0319296862299895,-0.0314054428295734,-0.0005242434004161,NS_ELASTICNET,NS
2024-09-30,2024-10-30,22,beta2,-0.0296889273864052,-0.0002771975803193,-0.0299661249667245,-0.0277472963592374,-0.002218828607487,NS_ELASTICNET,NS
2024-09-30,2024-10-30,22,PC1,-0.008179232795784,0.0025187469450015,-0.0056604858507825,-0.010521973940357,0.0048614880895745,PCA_RIDGE,PCA
2024-09-30,2024-10-30,22,PC2,-0.0023054182562453,0.0002797196726594,-0.0020256985835858,-0.0021555509447895,0.0001298523612037,PCA_RIDGE,PCA
2024-09-30,2024-10-30,22,PC3,0.0043719944823323,-0.0003362394762934,0.0040357550060388,0.0037803389173149,0.0002554160887239,PCA_RIDGE,PCA
2024-09-30,2024-10-30,22,PC1,-0.008179232795784,-0.0001024266576853,-0.0082816594534694,-0.010521973940357,0.0022403144868876,PCA_RIDGE_VAR,PCA
2024-09-30,2024-10-30,22,PC2,-0.0023054182562453,-0.0004334923040309,-0.0027389105602762,-0.0021555509447895,-0.0005833596154866,PCA_RIDGE_VAR,PCA
2024-09-30,2024-10-30,22,PC3,0.0043719944823323,-0.0005722321016458,0.0037997623806864,0.0037803389173149,1.9423463371542708e-05,PCA_RIDGE_VAR,PCA
2024-10-31,2024-11-08,5,beta0,0.0587739407051951,-0.0001987423417118,0.0585751983634833,0.0584878649690773,8.733339440592652e-05,NS_RIDGE,NS
2024-10-31,2024-11-08,5,beta1,-0.0318797237176561,0.00013731817015,-0.0317424055475061,-0.0316146273978508,-0.0001277781496552,NS_RIDGE,NS
2024-10-31,2024-11-08,5,beta2,-0.0297048115989908,0.0003369452731919,-0.0293678663257989,-0.029495001129512,0.0001271348037131,NS_RIDGE,NS
2024-10-31,2024-11-08,5,beta0,0.0587739407051951,-6.422858995265511e-06,0.0587675178461998,0.0584878649690773,0.0002796528771225,NS_ELASTICNET,NS
2024-10-31,2024-11-08,5,beta1,-0.0318797237176561,1.1754061972209426e-05,-0.0318679696556839,-0.0316146273978508,-0.0002533422578331,NS_ELASTICNET,NS
2024-10-31,2024-11-08,5,beta2,-0.0297048115989908,-6.238199662744852e-05,-0.0297671935956183,-0.029495001129512,-0.0002721924661062,NS_ELASTICNET,NS
2024-10-31,2024-11-08,5,PC1,-0.0102823453646042,-0.0001690829612188,-0.010451428325823,-0.0104832625595561,3.18342337330621e-05,PCA_RIDGE,PCA
2024-10-31,2024-11-08,5,PC2,-0.0024068846362938,-3.092198330296888e-06,-0.0024099768346241,-0.0025265436224367,0.0001165667878126,PCA_RIDGE,PCA
2024-10-31,2024-11-08,5,PC3,0.0040701075784688,6.50780091345273e-06,0.0040766153793823,0.0040552426009947,2.137277838755968e-05,PCA_RIDGE,PCA
2024-10-31,2024-11-08,5,PC1,-0.0102823453646042,-7.055608209218488e-05,-0.0103529014466963,-0.0104832625595561,0.0001303611128597,PCA_RIDGE_VAR,PCA
2024-10-31,2024-11-08,5,PC2,-0.0024068846362938,-2.870470515957792e-05,-0.0024355893414534,-0.0025265436224367,9.095428098337618e-05,PCA_RIDGE_VAR,PCA
2024-10-31,2024-11-08,5,PC3,0.0040701075784688,-0.0001848340057521,0.0038852735727167,0.0040552426009947,-0.000169969028278,PCA_RIDGE_VAR,PCA
2024-10-31,2024-11-15,10,beta0,0.0587739407051951,-0.0006268432124575,0.0581470974927376,0.0583094893911591,-0.0001623918984215,NS_RIDGE,NS
2024-10-31,2024-11-15,10,beta1,-0.0318797237176561,0.0005511808626532,-0.0313285428550029,-0.0317450380995045,0.0004164952445015,NS_RIDGE,NS
2024-10-31,2024-11-15,10,beta2,-0.0297048115989908,0.0006560612094404,-0.0290487503895504,-0.0287547602110664,-0.0002939901784839,NS_RIDGE,NS
2024-10-31,2024-11-15,10,beta0,0.0587739407051951,-0.000223563604281,0.058550377100914,0.0583094893911591,0.0002408877097548,NS_ELASTICNET,NS
2024-10-31,2024-11-15,10,beta1,-0.0318797237176561,0.0002445587254665,-0.0316351649921895,-0.0317450380995045,0.0001098731073149,NS_ELASTICNET,NS
2024-10-31,2024-11-15,10,beta2,-0.0297048115989908,0.0001890607038719,-0.0295157508951189,-0.0287547602110664,-0.0007609906840524,NS_ELASTICNET,NS
2024-10-31,2024-11-15,10,PC1,-0.0102823453646042,-0.0004267906565512,-0.0107091360211554,-0.010890528152133,0.0001813921309775,PCA_RIDGE,PCA
2024-10-31,2024-11-15,10,PC2,-0.0024068846362938,-0.0002301574061337,-0.0026370420424275,-0.0021892128327029,-0.0004478292097245,PCA_RIDGE,PCA
2024-10-31,2024-11-15,10,PC3,0.0040701075784688,-1.317665391340321e-05,0.0040569309245554,0.0038851241392896,0.0001718067852657,PCA_RIDGE,PCA
2024-10-31,2024-11-15,10,PC1,-0.0102823453646042,-6.668917372283818e-05,-0.010349034538327,-0.010890528152133,0.0005414936138059,PCA_RIDGE_VAR,PCA
2024-10-31,2024-11-15,10,PC2,-0.0024068846362938,-0.0001147523290849,-0.0025216369653787,-0.0021892128327029,-0.0003324241326757,PCA_RIDGE_VAR,PCA
2024-10-31,2024-11-15,10,PC3,0.0040701075784688,-0.0002935374324139,0.0037765701460549,0.0038851241392896,-0.0001085539932347,PCA_RIDGE_VAR,PCA
2024-10-31,2024-12-05,22,beta0,0.0587739407051951,-0.0016040833737844,0.0571698573314106,0.0571349368306484,3.4920500762251894e-05,NS_RIDGE,NS
2024-10-31,2024-12-05,22,beta1,-0.0318797237176561,0.0014323550649933,-0.0304473686526628,-0.0298569353233331,-0.0005904333293296,NS_RIDGE,NS
2024-10-31,2024-12-05,22,beta2,-0.0297048115989908,0.0023954960875031,-0.0273093155114876,-0.0255640963499905,-0.001745219161497,NS_RIDGE,NS
2024-10-31,2024-12-05,22,beta0,0.0587739407051951,-0.0004556551600618,0.0583182855451332,0.0571349368306484,0.0011833487144848,NS_ELASTICNET,NS
2024-10-31,2024-12-05,22,beta1,-0.0318797237176561,0.0005061086477381,-0.031373615069918,-0.0298569353233331,-0.0015166797465848,NS_ELASTICNET,NS
2024-10-31,2024-12-05,22,beta2,-0.0297048115989908,0.0004030221069013,-0.0293017894920894,-0.0255640963499905,-0.0037376931420988,NS_ELASTICNET,NS
2024-10-31,2024-12-05,22,PC1,-0.0102823453646042,-0.0006345848567206,-0.0109169302213248,-0.0088513055193531,-0.0020656247019717,PCA_RIDGE,PCA
2024-10-31,2024-12-05,22,PC2,-0.0024068846362938,-0.000356439391745,-0.0027633240280388,-0.0028932809741679,0.0001299569461291,PCA_RIDGE,PCA
2024-10-31,2024-12-05,22,PC3,0.0040701075784688,-0.000227458022084,0.0038426495563848,0.0037477737451794,9.487581120539226e-05,PCA_RIDGE,PCA
2024-10-31,2024-12-05,22,PC1,-0.0102823453646042,-4.4687490059421714e-05,-0.0103270328546636,-0.0088513055193531,-0.0014757273353104,PCA_RIDGE_VAR,PCA
2024-10-31,2024-12-05,22,PC2,-0.0024068846362938,-0.0003069512806984,-0.0027138359169922,-0.0028932809741679,0.0001794450571756,PCA_RIDGE_VAR,PCA
2024-10-31,2024-12-05,22,PC3,0.0040701075784688,-0.0005438158815459,0.0035262916969229,0.0037477737451794,-0.0002214820482564,PCA_RIDGE_VAR,PCA
2024-11-29,2024-12-09,5,beta0,0.0571530457427304,-0.0001169995555045,0.0570360461872258,0.05793009796136,-0.0008940517741341,NS_RIDGE,NS
2024-11-29,2024-12-09,5,beta1,-0.030186948255993,0.0001201078448059,-0.0300668404111871,-0.0305672784725684,0.0005004380613813,NS_RIDGE,NS
2024-11-29,2024-12-09,5,beta2,-0.0253447184597809,1.1500369023609644e-05,-0.0253332180907573,-0.0264277983630154,0.001094580272258,NS_RIDGE,NS
2024-11-29,2024-12-09,5,beta0,0.0571530457427304,-2.05724445271397e-05,0.0571324732982033,0.05793009796136,-0.0007976246631567,NS_ELASTICNET,NS
2024-11-29,2024-12-09,5,beta1,-0.030186948255993,3.186838540404855e-05,-0.0301550798705889,-0.0305672784725684,0.0004121986019795,NS_ELASTICNET,NS
2024-11-29,2024-12-09,5,beta2,-0.0253447184597809,-6.346780477343903e-05,-0.0254081862645544,-0.0264277983630154,0.001019612098461,NS_ELASTICNET,NS
2024-11-29,2024-12-09,5,PC1,-0.0093157590365661,-6.04780692690222e-05,-0.0093762371058351,-0.0083608137691825,-0.0010154233366526,PCA_RIDGE,PCA
2024-11-29,2024-12-09,5,PC2,-0.0025964816815679,-5.485893284995024e-05,-0.0026513406144178,-0.0025499271510181,-0.0001014134633997,PCA_RIDGE,PCA
2024-11-29,2024-12-09,5,PC3,0.0035431686556829,1.473038744792442e-05,0.0035578990431308,0.0039620362748469,-0.000404137231716,PCA_RIDGE,PCA
2024-11-29,2024-12-09,5,PC1,-0.0093157590365661,-9.537425698549588e-05,-0.0094111332935516,-0.0083608137691825,-0.0010503195243691,PCA_RIDGE_VAR,PCA
2024-11-29,2024-12-09,5,PC2,-0.0025964816815679,-0.0001137810180431,-0.0027102626996111,-0.0025499271510181,-0.0001603355485929,PCA_RIDGE_VAR,PCA
2024-11-29,2024-12-09,5,PC3,0.0035431686556829,-3.675504850366232e-05,0.0035064136071793,0.0039620362748469,-0.0004556226676676,PCA_RIDGE_VAR,PCA
2024-11-29,2024-12-16,10,beta0,0.0571530457427304,-0.0004100673633849,0.0567429783793455,0.058060446315326,-0.0013174679359805,NS_RIDGE,NS
2024-11-29,2024-12-16,10,beta1,-0.030186948255993,0.0003610886041597,-0.0298258596518332,-0.030477399108742,0.0006515394569087,NS_RIDGE,NS
2024-11-29,2024-12-16,10,beta2,-0.0253447184597809,0.0006030699122101,-0.0247416485475707,-0.0264384047489645,0.0016967562013937,NS_RIDGE,NS
2024-11-29,2024-12-16,10,beta0,0.0571530457427304,-1.578582752930475e-05,0.0571372599152011,0.058060446315326,-0.0009231864001249,NS_ELASTICNET,NS
2024-11-29,2024-12-16,10,beta1,-0.030186948255993,2.633033851505968e-05,-0.0301606179174779,-0.030477399108742,0.000316781191264,NS_ELASTICNET,NS
2024-11-29,2024-12-16,10,beta2,-0.0253447184597809,-0.0001196809816894,-0.0254643994414703,-0.0264384047489645,0.0009740053074942,NS_ELASTICNET,NS
2024-11-29,2024-12-16,10,PC1,-0.0093157590365661,-0.0001088703609302,-0.0094246293974963,-0.0078037351608347,-0.0016208942366615,PCA_RIDGE,PCA
2024-11-29,2024-12-16,10,PC2,-0.0025964816815679,-6.951594552128147e-05,-0.0026659976270892,-0.0027305023855165,6.450475842733434e-05,PCA_RIDGE,PCA
2024-11-29,2024-12-16,10,PC3,0.0035431686556829,-8.755721392720267e-05,0.0034556114417557,0.0039446415041015,-0.0004890300623458,PCA_RIDGE,PCA
2024-11-29,2024-12-16,10,PC1,-0.0093157590365661,-8.043624114253099e-05,-0.0093961952777086,-0.0078037351608347,-0.0015924601168738,PCA_RIDGE_VAR,PCA
2024-11-29,2024-12-16,10,PC2,-0.0025964816815679,-0.0001866374113868,-0.0027831190929547,-0.0027305023855165,-5.261670743822748e-05,PCA_RIDGE_VAR,PCA
2024-11-29,2024-12-16,10,PC3,0.0035431686556829,-0.0001365685346936,0.0034066001209893,0.0039446415041015,-0.0005380413831122,PCA_RIDGE_VAR,PCA
2024-11-29,2025-01-07,22,beta0,0.0571530457427304,-0.0010838837719832,0.0560691619707472,0.0567191502327143,-0.0006499882619671,NS_RIDGE,NS
2024-11-29,2025-01-07,22,beta1,-0.030186948255993,0.0009652207886631,-0.0292217274673298,-0.0313202993923969,0.0020985719250671,NS_RIDGE,NS
2024-11-29,2025-01-07,22,beta2,-0.0253447184597809,0.0017466558714924,-0.0235980625882885,-0.0262047194943072,0.0026066569060187,NS_RIDGE,NS
2024-11-29,2025-01-07,22,beta0,0.0571530457427304,-0.0005204846026427,0.0566325611400877,0.0567191502327143,-8.658909262668213e-05,NS_ELASTICNET,NS
2024-11-29,2025-01-07,22,beta1,-0.030186948255993,0.0005497397417386,-0.0296372085142543,-0.0313202993923969,0.0016830908781425,NS_ELASTICNET,NS
2024-11-29,2025-01-07,22,beta2,-0.0253447184597809,0.0005191624310674,-0.0248255560287134,-0.0262047194943072,0.0013791634655937,NS_ELASTICNET,NS
2024-11-29,2025-01-07,22,PC1,-0.0093157590365661,-0.0002288620394192,-0.0095446210759853,-0.0133405313631187,0.0037959102871333,PCA_RIDGE,PCA
2024-11-29,2025-01-07,22,PC2,-0.0025964816815679,-0.0002023555132111,-0.002798837194779,-0.0018650425881006,-0.0009337946066783,PCA_RIDGE,PCA
2024-11-29,2025-01-07,22,PC3,0.0035431686556829,-0.0002631169364472,0.0032800517192357,0.0029778240237847,0.0003022276954509,PCA_RIDGE,PCA
2024-11-29,2025-01-07,22,PC1,-0.0093157590365661,-3.443399124780644e-05,-0.0093501930278139,-0.0133405313631187,0.0039903383353047,PCA_RIDGE_VAR,PCA
2024-11-29,2025-01-07,22,PC2,-0.0025964816815679,-0.0003492999519566,-0.0029457816335245,-0.0018650425881006,-0.0010807390454238,PCA_RIDGE_VAR,PCA
2024-11-29,2025-01-07,22,PC3,0.0035431686556829,-0.0003658400501169,0.003177328605566,0.0029778240237847,0.0001995045817812,PCA_RIDGE_VAR,PCA
2024-12-30,2025-01-08,5,beta0,0.0589518221072579,-0.0001718276261798,0.058779994481078,0.0565923549600586,0.0021876395210193,NS_RIDGE,NS
2024-12-30,2025-01-08,5,beta1,-0.0333713092911341,-0.0002209116658875,-0.0335922209570217,-0.0314194280065905,-0.0021727929504311,NS_RIDGE,NS
2024-12-30,2025-01-08,5,beta2,-0.0293282361492625,-0.0002964534808794,-0.0296246896301419,-0.0257070369458967,-0.0039176526842452,NS_RIDGE,NS
2024-12-30,2025-01-08,5,beta0,0.0589518221072579,-7.67850272063328e-06,0.0589441436045372,0.0565923549600586,0.0023517886444786,NS_ELASTICNET,NS
2024-12-30,2025-01-08,5,beta1,-0.0333713092911341,1.1405285368846909e-05,-0.0333599040057653,-0.0314194280065905,-0.0019404759991747,NS_ELASTICNET,NS
2024-12-30,2025-01-08,5,beta2,-0.0293282361492625,-5.931447360630479e-05,-0.0293875506228688,-0.0257070369458967,-0.0036805136769721,NS_ELASTICNET,NS
2024-12-30,2025-01-08,5,PC1,-0.0124903351067651,0.0014807678474848,-0.0110095672592802,-0.0136240644561576,0.0026144971968773,PCA_RIDGE,PCA
2024-12-30,2025-01-08,5,PC2,-0.0010516026689375,0.0003622273862271,-0.0006893752827104,-0.0016370283780114,0.000947653095301,PCA_RIDGE,PCA
2024-12-30,2025-01-08,5,PC3,0.0036143523836419,0.0002760203648715,0.0038903727485134,0.0028487035194019,0.0010416692291115,PCA_RIDGE,PCA
2024-12-30,2025-01-08,5,PC1,-0.0124903351067651,-0.0001249173340197,-0.0126152524407849,-0.0136240644561576,0.0010088120153727,PCA_RIDGE_VAR,PCA
2024-12-30,2025-01-08,5,PC2,-0.0010516026689375,-0.0001559359306092,-0.0012075385995468,-0.0016370283780114,0.0004294897784646,PCA_RIDGE_VAR,PCA
2024-12-30,2025-01-08,5,PC3,0.0036143523836419,-0.0001954405066769,0.003418911876965,0.0028487035194019,0.000570208357563,PCA_RIDGE_VAR,PCA
2024-12-30,2025-01-16,10,beta0,0.0589518221072579,-0.0004466544533047,0.0585051676539531,0.0546152441646437,0.0038899234893094,NS_RIDGE,NS
2024-12-30,2025-01-16,10,beta1,-0.0333713092911341,-0.0001005595419477,-0.0334718688330819,-0.0296544774490703,-0.0038173913840116,NS_RIDGE,NS
2024-12-30,2025-01-16,10,beta2,-0.0293282361492625,0.0007065928326225,-0.0286216433166399,-0.0219627011445935,-0.0066589421720464,NS_RIDGE,NS
2024-12-30,2025-01-16,10,beta0,0.0589518221072579,-1.6267105238416836e-05,0.0589355550020195,0.0546152441646437,0.0043203108373757,NS_ELASTICNET,NS
2024-12-30,2025-01-16,10,beta1,-0.0333713092911341,2.4781053209513163e-05,-0.0333465282379246,-0.0296544774490703,-0.0036920507888543,NS_ELASTICNET,NS
2024-12-30,2025-01-16,10,beta2,-0.0293282361492625,-0.00011584206463,-0.0294440782138925,-0.0219627011445935,-0.007481377069299,NS_ELASTICNET,NS
2024-12-30,2025-01-16,10,PC1,-0.0124903351067651,0.0039592258027902,-0.0085311093039749,-0.0139255171010127,0.0053944077970378,PCA_RIDGE,PCA
2024-12-30,2025-01-16,10,PC2,-0.0010516026689375,0.0013144807676066,0.000262878098669,-0.002023775899878,0.0022866539985471,PCA_RIDGE,PCA
2024-12-30,2025-01-16,10,PC3,0.0036143523836419,0.0005576069399061,0.004171959323548,0.0021442898670179,0.0020276694565301,PCA_RIDGE,PCA
2024-12-30,2025-01-16,10,PC1,-0.0124903351067651,-0.0001355587854365,-0.0126258938922017,-0.0139255171010127,0.001299623208811,PCA_RIDGE_VAR,PCA
2024-12-30,2025-01-16,10,PC2,-0.0010516026689375,-0.0002496934021341,-0.0013012960710717,-0.002023775899878,0.0007224798288062,PCA_RIDGE_VAR,PCA
2024-12-30,2025-01-16,10,PC3,0.0036143523836419,-0.0002896653089171,0.0033246870747248,0.0021442898670179,0.0011803972077069,PCA_RIDGE_VAR,PCA
2024-12-30,2025-02-03,22,beta0,0.0589518221072579,-0.0009841049431957,0.0579677171640621,0.0546448530436826,0.0033228641203795,NS_RIDGE,NS
2024-12-30,2025-02-03,22,beta1,-0.0333713092911341,0.0010700817695722,-0.0323012275215619,-0.0289172050652125,-0.0033840224563494,NS_RIDGE,NS
2024-12-30,2025-02-03,22,beta2,-0.0293282361492625,0.0068939063751862,-0.0224343297740762,-0.0239432635792621,0.0015089338051858,NS_RIDGE,NS
2024-12-30,2025-02-03,22,beta0,0.0589518221072579,0.0023874044239365,0.0613392265311944,0.0546448530436826,0.0066943734875118,NS_ELASTICNET,NS
2024-12-30,2025-02-03,22,beta1,-0.0333713092911341,-0.0013765111051827,-0.0347478203963169,-0.0289172050652125,-0.0058306153311044,NS_ELASTICNET,NS
2024-12-30,2025-02-03,22,beta2,-0.0293282361492625,0.0038817749247549,-0.0254464612245075,-0.0239432635792621,-0.0015031976452454,NS_ELASTICNET,NS
2024-12-30,2025-02-03,22,PC1,-0.0124903351067651,0.0108587442018065,-0.0016315909049586,-0.013366631192504,0.0117350402875454,PCA_RIDGE,PCA
2024-12-30,2025-02-03,22,PC2,-0.0010516026689375,0.0041766494429528,0.0031250467740152,-0.0032344186466627,0.0063594654206779,PCA_RIDGE,PCA
2024-12-30,2025-02-03,22,PC3,0.0036143523836419,0.0008652439667873,0.0044795963504293,0.002444905873099,0.0020346904773303,PCA_RIDGE,PCA
2024-12-30,2025-02-03,22,PC1,-0.0124903351067651,-0.0001474760655711,-0.0126378111723363,-0.013366631192504,0.0007288200201677,PCA_RIDGE_VAR,PCA
2024-12-30,2025-02-03,22,PC2,-0.0010516026689375,-0.000462541837203,-0.0015141445061406,-0.0032344186466627,0.001720274140522,PCA_RIDGE_VAR,PCA
2024-12-30,2025-02-03,22,PC3,0.0036143523836419,-0.000506749466346,0.0031076029172959,0.002444905873099,0.0006626970441969,PCA_RIDGE_VAR,PCA
2025-01-31,2025-02-07,5,beta0,0.0546541835637936,-0.0005242954851853,0.0541298880786083,0.0542804081007006,-0.0001505200220922,NS_RIDGE,NS
2025-01-31,2025-02-07,5,beta1,-0.0291317340778758,0.0003464448455277,-0.028785289232348,-0.0287032153324195,-8.207389992851907e-05,NS_RIDGE,NS
2025-01-31,2025-02-07,5,beta2,-0.023583621076604,0.0011858986550413,-0.0223977224215626,-0.0228629700355986,0.000465247614036,NS_RIDGE,NS
2025-01-31,2025-02-07,5,beta0,0.0546541835637936,-1.1699032954815212e-05,0.0546424845308388,0.0542804081007006,0.0003620764301382,NS_ELASTICNET,NS
2025-01-31,2025-02-07,5,beta1,-0.0291317340778758,1.5105090482418956e-05,-0.0291166289873934,-0.0287032153324195,-0.0004134136549738,NS_ELASTICNET,NS
2025-01-31,2025-02-07,5,beta2,-0.023583621076604,-5.29297597945415e-05,-0.0236365508363985,-0.0228629700355986,-0.0007735808007998,NS_ELASTICNET,NS
2025-01-31,2025-02-07,5,PC1,-0.0135396428851523,-0.0003729496965128,-0.0139125925816651,-0.0134033383669693,-0.0005092542146958,PCA_RIDGE,PCA
2025-01-31,2025-02-07,5,PC2,-0.0029249256435603,0.000140647778897,-0.0027842778646632,-0.00304922325344,0.0002649453887768,PCA_RIDGE,PCA
2025-01-31,2025-02-07,5,PC3,0.0023653898272562,-0.0001773069385439,0.0021880828887123,0.0023251235353581,-0.0001370406466458,PCA_RIDGE,PCA
2025-01-31,2025-02-07,5,PC1,-0.0135396428851523,-7.902520941499742e-05,-0.0136186680945673,-0.0134033383669693,-0.0002153297275979,PCA_RIDGE_VAR,PCA
2025-01-31,2025-02-07,5,PC2,-0.0029249256435603,4.909269575595864e-05,-0.0028758329478043,-0.00304922325344,0.0001733903056356,PCA_RIDGE_VAR,PCA
2025-01-31,2025-02-07,5,PC3,0.0023653898272562,-0.0001318890443213,0.0022335007829348,0.0023251235353581,-9.162275242322047e-05,PCA_RIDGE_VAR,PCA
2025-01-31,2025-02-14,10,beta0,0.0546541835637936,-0.000794614319526,0.0538595692442675,0.053791257406331,6.831183793650636e-05,NS_RIDGE,NS
2025-01-31,2025-02-14,10,beta1,-0.0291317340778758,0.0006671360759335,-0.0284645980019423,-0.028317492449675,-0.0001471055522673,NS_RIDGE,NS
2025-01-31,2025-02-14,10,beta2,-0.023583621076604,0.0016621051362418,-0.0219215159403621,-0.0215351711604407,-0.0003863447799214,NS_RIDGE,NS
2025-01-31,2025-02-14,10,beta0,0.0546541835637936,-2.4010340101572632e-05,0.054630173223692,0.053791257406331,0.0008389158173609,NS_ELASTICNET,NS
2025-01-31,2025-02-14,10,beta1,-0.0291317340778758,3.0406496527941064e-05,-0.0291013275813479,-0.028317492449675,-0.0007838351316729,NS_ELASTICNET,NS
2025-01-31,2025-02-14,10,beta2,-0.023583621076604,-0.0001040880860551,-0.0236877091626591,-0.0215351711604407,-0.0021525380022184,NS_ELASTICNET,NS
2025-01-31,2025-02-14,10,PC1,-0.0135396428851523,-0.0002565243381366,-0.0137961672232889,-0.0133821434294283,-0.0004140237938605,PCA_RIDGE,PCA
2025-01-31,2025-02-14,10,PC2,-0.0029249256435603,2.63157112923436e-05,-0.0028986099322679,-0.0029341861209273,3.557618865933018e-05,PCA_RIDGE,PCA
2025-01-31,2025-02-14,10,PC3,0.0023653898272562,-0.0001708558184814,0.0021945340087747,0.0021756537655293,1.888024324546043e-05,PCA_RIDGE,PCA
2025-01-31,2025-02-14,10,PC1,-0.0135396428851523,-2.024099944620411e-05,-0.0135598838845985,-0.0133821434294283,-0.0001777404551701,PCA_RIDGE_VAR,PCA
2025-01-31,2025-02-14,10,PC2,-0.0029249256435603,-3.5199857261725663e-06,-0.0029284456292864,-0.0029341861209273,5.7404916408141694e-06,PCA_RIDGE_VAR,PCA
2025-01-31,2025-02-14,10,PC3,0.0023653898272562,-0.000200694359921,0.0021646954673351,0.0021756537655293,-1.0958298194126224e-05,PCA_RIDGE_VAR,PCA
2025-01-31,2025-03-04,22,beta0,0.0546541835637936,-0.001351294284859,0.0533028892789345,0.0536991137876182,-0.0003962245086837,NS_RIDGE,NS
2025-01-31,2025-03-04,22,beta1,-0.0291317340778758,0.0012312967205957,-0.0279004373572801,-0.0281968964208951,0.000296459063615,NS_RIDGE,NS
2025-01-31,2025-03-04,22,beta2,-0.023583621076604,0.0031736038821476,-0.0204100171944563,-0.0212792137757474,0.000869196581291,NS_RIDGE,NS
2025-01-31,2025-03-04,22,beta0,0.0546541835637936,-0.0011201836858648,0.0535339998779288,0.0536991137876182,-0.0001651139096894,NS_ELASTICNET,NS
2025-01-31,2025-03-04,22,beta1,-0.0291317340778758,0.0010858428845248,-0.028045891193351,-0.0281968964208951,0.0001510052275441,NS_ELASTICNET,NS
2025-01-31,2025-03-04,22,beta2,-0.023583621076604,0.0021852123678277,-0.0213984087087762,-0.0212792137757474,-0.0001191949330287,NS_ELASTICNET,NS
2025-01-31,2025-03-04,22,PC1,-0.0135396428851523,-0.0001485126725539,-0.0136881555577062,-0.0132738760494719,-0.0004142795082343,PCA_RIDGE,PCA
2025-01-31,2025-03-04,22,PC2,-0.0029249256435603,0.0001500682219045,-0.0027748574216557,-0.0029442121910168,0.000169354769361,PCA_RIDGE,PCA
2025-01-31,2025-03-04,22,PC3,0.0023653898272562,-0.000273170737058,0.0020922190901981,0.0021428776198545,-5.065852965633775e-05,PCA_RIDGE,PCA
2025-01-31,2025-03-04,22,PC1,-0.0135396428851523,0.0001239705663648,-0.0134156723187874,-0.0132738760494719,-0.0001417962693154,PCA_RIDGE_VAR,PCA
2025-01-31,2025-03-04,22,PC2,-0.0029249256435603,-0.0001193511065964,-0.0030442767501568,-0.0029442121910168,-0.00010006455914,PCA_RIDGE_VAR,PCA
2025-01-31,2025-03-04,22,PC3,0.0023653898272562,-0.0003589789546062,0.00200641087265,0.0021428776198545,-0.0001364667472045,PCA_RIDGE_VAR,PCA
2025-02-28,2025-03-07,5,beta0,0.0536099837538155,-0.0006038199423758,0.0530061638114397,0.0539511283832392,-0.0009449645717995,NS_RIDGE,NS
2025-02-28,2025-03-07,5,beta1,-0.0282171724355272,0.000471265429326,-0.0277459070062011,-0.0282234409052493,0.0004775338990481,NS_RIDGE,NS
2025-02-28,2025-03-07,5,beta2,-0.0209464395262258,0.0014762324943156,-0.0194702070319101,-0.0221415410002148,0.0026713339683046,NS_RIDGE,NS
2025-02-28,2025-03-07,5,beta0,0.0536099837538155,-1.2206002941342953e-05,0.0535977777508742,0.0539511283832392,-0.0003533506323649,NS_ELASTICNET,NS
2025-02-28,2025-03-07,5,beta1,-0.0282171724355272,1.5762715996370113e-05,-0.0282014097195308,-0.0282234409052493,2.2031185718494883e-05,NS_ELASTICNET,NS
2025-02-28,2025-03-07,5,beta2,-0.0209464395262258,-5.161529595206746e-05,-0.0209980548221778,-0.0221415410002148,0.0011434861780369,NS_ELASTICNET,NS
2025-02-28,2025-03-07,5,PC1,-0.0133517740396659,-0.0001609817619209,-0.0135127558015868,-0.0129853504500501,-0.0005274053515367,PCA_RIDGE,PCA
2025-02-28,2025-03-07,5,PC2,-0.0028116290077513,7.684003224719915e-05,-0.0027347889755041,-0.0031741355052911,0.000439346529787,PCA_RIDGE,PCA
2025-02-28,2025-03-07,5,PC3,0.0020634339453771,-0.0001280483086509,0.0019353856367262,0.0022972159172785,-0.0003618302805523,PCA_RIDGE,PCA
2025-02-28,2025-03-07,5,PC1,-0.0133517740396659,2.451630350417192e-05,-0.0133272577361617,-0.0129853504500501,-0.0003419072861116,PCA_RIDGE_VAR,PCA
2025-02-28,2025-03-07,5,PC2,-0.0028116290077513,-2.670636954619837e-05,-0.0028383353772975,-0.0031741355052911,0.0003358001279936,PCA_RIDGE_VAR,PCA
2025-02-28,2025-03-07,5,PC3,0.0020634339453771,-7.224840562128658e-05,0.0019911855397558,0.0022972159172785,-0.0003060303775227,PCA_RIDGE_VAR,PCA
2025-02-28,2025-03-14,10,beta0,0.0536099837538155,-0.0009579513844391,0.0526520323693764,0.0537071533380949,-0.0010551209687185,NS_RIDGE,NS
2025-02-28,2025-03-14,10,beta1,-0.0282171724355272,0.0008646368203062,-0.0273525356152209,-0.0281835562432966,0.0008310206280757,NS_RIDGE,NS
2025-02-28,2025-03-14,10,beta2,-0.0209464395262258,0.0020549792522646,-0.0188914602739611,-0.0212755665270737,0.0023841062531125,NS_RIDGE,NS
2025-02-28,2025-03-14,10,beta0,0.0536099837538155,-2.443858749141888e-05,0.0535855451663241,0.0537071533380949,-0.0001216081717708,NS_ELASTICNET,NS
2025-02-28,2025-03-14,10,beta1,-0.0282171724355272,3.1527607384436696e-05,-0.0281856448281427,-0.0281835562432966,-2.0885848460855394e-06,NS_ELASTICNET,NS
2025-02-28,2025-03-14,10,beta2,-0.0209464395262258,-0.0001033759000562,-0.021049815426282,-0.0212755665270737,0.0002257511007917,NS_ELASTICNET,NS
2025-02-28,2025-03-14,10,PC1,-0.0133517740396659,-4.595094772440096e-05,-0.0133977249873903,-0.0131711527514273,-0.000226572235963,PCA_RIDGE,PCA
2025-02-28,2025-03-14,10,PC2,-0.0028116290077513,-7.850670896391031e-05,-0.0028901357167152,-0.002936669171335,4.653345461980933e-05,PCA_RIDGE,PCA
2025-02-28,2025-03-14,10,PC3,0.0020634339453771,-8.857082390981677e-05,0.0019748631214673,0.0021341764265417,-0.0001593133050743,PCA_RIDGE,PCA
2025-02-28,2025-03-14,10,PC1,-0.0133517740396659,8.45884473123816e-05,-0.0132671855923535,-0.0131711527514273,-9.603284092626375e-05,PCA_RIDGE_VAR,PCA
2025-02-28,2025-03-14,10,PC2,-0.0028116290077513,-7.351677544500902e-05,-0.0028851457831963,-0.002936669171335,5.1523388138710775e-05,PCA_RIDGE_VAR,PCA
2025-02-28,2025-03-14,10,PC3,0.0020634339453771,-0.0001347283199699,0.0019287056254072,0.0021341764265417,-0.0002054708011345,PCA_RIDGE_VAR,PCA
2025-02-28,2025-04-02,22,beta0,0.0536099837538155,-0.0016097005841066,0.0520002831697089,0.0498788467632133,0.0021214364064955,NS_RIDGE,NS
2025-02-28,2025-04-02,22,beta1,-0.0282171724355272,0.0015221784820486,-0.0266949939534785,-0.0271445028422523,0.0004495088887737,NS_RIDGE,NS
2025-02-28,2025-04-02,22,beta2,-0.0209464395262258,0.0035093718805886,-0.0174370676456371,-0.0176719347592237,0.0002348671135866,NS_RIDGE,NS
2025-02-28,2025-04-02,22,beta0,0.0536099837538155,-5.178664691984258e-05,0.0535581971068957,0.0498788467632133,0.0036793503436823,NS_ELASTICNET,NS
2025-02-28,2025-04-02,22,beta1,-0.0282171724355272,6.848887056646154e-05,-0.0281486835649607,-0.0271445028422523,-0.0010041807227083,NS_ELASTICNET,NS
2025-02-28,2025-04-02,22,beta2,-0.0209464395262258,-0.0002342819219986,-0.0211807214482244,-0.0176719347592237,-0.0035087866890007,NS_ELASTICNET,NS
2025-02-28,2025-04-02,22,PC1,-0.0133517740396659,0.0003363388541811,-0.0130154351854847,-0.0205170644294283,0.0075016292439436,PCA_RIDGE,PCA
2025-02-28,2025-04-02,22,PC2,-0.0028116290077513,-6.303495596498096e-05,-0.0028746639637163,-0.0026962580314116,-0.0001784059323046,PCA_RIDGE,PCA
2025-02-28,2025-04-02,22,PC3,0.0020634339453771,-0.0002349878115895,0.0018284461337876,0.0003135329794922,0.0015149131542954,PCA_RIDGE,PCA
2025-02-28,2025-04-02,22,PC1,-0.0133517740396659,0.0002359056780472,-0.0131158683616187,-0.0205170644294283,0.0074011960678096,PCA_RIDGE_VAR,PCA
2025-02-28,2025-04-02,22,PC2,-0.0028116290077513,-0.000177475202863,-0.0029891042106143,-0.0026962580314116,-0.0002928461792027,PCA_RIDGE_VAR,PCA
2025-02-28,2025-04-02,22,PC3,0.0020634339453771,-0.0002781209678272,0.0017853129775499,0.0003135329794922,0.0014717799980576,PCA_RIDGE_VAR,PCA
2025-03-31,2025-04-10,5,beta0,0.0490704806687182,0.0003921525017721,0.0494626331704903,0.049572293576535,-0.0001096604060447,NS_RIDGE,NS
2025-03-31,2025-04-10,5,beta1,-0.0259192799590197,-0.0002952963645067,-0.0262145763235265,-0.0271802029292332,0.0009656266057067,NS_RIDGE,NS
2025-03-31,2025-04-10,5,beta2,-0.015931682835332,-0.000498744812859,-0.0164304276481911,-0.0163259781560694,-0.0001044494921216,NS_RIDGE,NS
2025-03-31,2025-04-10,5,beta0,0.0490704806687182,-5.133933878926557e-05,0.0490191413299289,0.049572293576535,-0.0005531522466061,NS_ELASTICNET,NS
2025-03-31,2025-04-10,5,beta1,-0.0259192799590197,5.227414259926366e-05,-0.0258670058164204,-0.0271802029292332,0.0013131971128127,NS_ELASTICNET,NS
2025-03-31,2025-04-10,5,beta2,-0.015931682835332,4.705967123097958e-06,-0.0159269768682089,-0.0163259781560694,0.0003990012878604,NS_ELASTICNET,NS
2025-03-31,2025-04-10,5,PC1,-0.0194427210476824,0.0003316483223255,-0.0191110727253569,-0.0207112346391593,0.0016001619138024,PCA_RIDGE,PCA
2025-03-31,2025-04-10,5,PC2,-0.0031813534646416,0.0001263477143213,-0.0030550057503203,-0.0023607931389891,-0.0006942126113311,PCA_RIDGE,PCA
2025-03-31,2025-04-10,5,PC3,0.000245774783631,0.0001620573519548,0.0004078321355859,4.195835638738134e-05,0.0003658737791985,PCA_RIDGE,PCA
2025-03-31,2025-04-10,5,PC1,-0.0194427210476824,0.0001416416762928,-0.0193010793713896,-0.0207112346391593,0.0014101552677697,PCA_RIDGE_VAR,PCA
2025-03-31,2025-04-10,5,PC2,-0.0031813534646416,-2.038549085635289e-05,-0.003201738955498,-0.0023607931389891,-0.0008409458165088,PCA_RIDGE_VAR,PCA
2025-03-31,2025-04-10,5,PC3,0.000245774783631,-1.878863987011292e-05,0.0002269861437609,4.195835638738134e-05,0.0001850277873736,PCA_RIDGE_VAR,PCA
2025-03-31,2025-04-22,10,beta0,0.0490704806687182,0.0003362374180904,0.0494067180868086,0.0504389182999032,-0.0010322002130945,NS_RIDGE,NS
2025-03-31,2025-04-22,10,beta1,-0.0259192799590197,-0.0002138078643804,-0.0261330878234002,-0.028021980211084,0.0018888923876838,NS_RIDGE,NS
2025-03-31,2025-04-22,10,beta2,-0.015931682835332,0.0001825118040258,-0.0157491710313062,-0.0187203966717298,0.0029712256404236,NS_RIDGE,NS
2025-03-31,2025-04-22,10,beta0,0.0490704806687182,-2.729736859200421e-05,0.0490431833001261,0.0504389182999032,-0.001395734999777,NS_ELASTICNET,NS
2025-03-31,2025-04-22,10,beta1,-0.0259192799590197,2.989766110993236e-05,-0.0258893822979098,-0.028021980211084,0.0021325979131742,NS_ELASTICNET,NS
2025-03-31,2025-04-22,10,beta2,-0.015931682835332,-0.000101325332283,-0.0160330081676151,-0.0187203966717298,0.0026873885041147,NS_ELASTICNET,NS
2025-03-31,2025-04-22,10,PC1,-0.0194427210476824,0.0007399443666079,-0.0187027766810745,-0.0211066379167083,0.0024038612356338,PCA_RIDGE,PCA
2025-03-31,2025-04-22,10,PC2,-0.0031813534646416,0.0002709340118699,-0.0029104194527717,-0.0023827246714647,-0.000527694781307,PCA_RIDGE,PCA
2025-03-31,2025-04-22,10,PC3,0.000245774783631,0.0001489374511417,0.0003947122347728,0.000262962520089,0.0001317497146838,PCA_RIDGE,PCA
2025-03-31,2025-04-22,10,PC1,-0.0194427210476824,0.0002749348731337,-0.0191677861745486,-0.0211066379167083,0.0019388517421597,PCA_RIDGE_VAR,PCA
2025-03-31,2025-04-22,10,PC2,-0.0031813534646416,-3.8614250540992216e-05,-0.0032199677151826,-0.0023827246714647,-0.0008372430437179,PCA_RIDGE_VAR,PCA
2025-03-31,2025-04-22,10,PC3,0.000245774783631,-3.638359579963911e-05,0.0002093911878314,0.000262962520089,-5.357133225756402e-05,PCA_RIDGE_VAR,PCA
2025-03-31,2025-05-09,22,beta0,0.0490704806687182,0.0005525283859882,0.0496230090547064,0.0517507673209961,-0.0021277582662896,NS_RIDGE,NS
2025-03-31,2025-05-09,22,beta1,-0.0259192799590197,-0.0002279793895684,-0.0261472593485881,-0.0298686933818492,0.003721434033261,NS_RIDGE,NS
2025-03-31,2025-05-09,22,beta2,-0.015931682835332,0.0014711869121537,-0.0144604959231783,-0.0222764471571398,0.0078159512339614,NS_RIDGE,NS
2025-03-31,2025-05-09,22,beta0,0.0490704806687182,-5.536531959566962e-05,0.0490151153491225,0.0517507673209961,-0.0027356519718736,NS_ELASTICNET,NS
2025-03-31,2025-05-09,22,beta1,-0.0259192799590197,6.784023358445884e-05,-0.0258514397254352,-0.0298686933818492,0.0040172536564139,NS_ELASTICNET,NS
2025-03-31,2025-05-09,22,beta2,-0.015931682835332,-0.0002297859569422,-0.0161614687922743,-0.0222764471571398,0.0061149783648654,NS_ELASTICNET,NS
2025-03-31,2025-05-09,22,PC1,-0.0194427210476824,0.0021137034662632,-0.0173290175814191,-0.0228422264893614,0.0055132089079423,PCA_RIDGE,PCA
2025-03-31,2025-05-09,22,PC2,-0.0031813534646416,0.0007506712843677,-0.0024306821802738,-0.001952438679214,-0.0004782435010598,PCA_RIDGE,PCA
2025-03-31,2025-05-09,22,PC3,0.000245774783631,0.0002003556596061,0.0004461304432372,0.0005375658760679,-9.1435432830789e-05,PCA_RIDGE,PCA
2025-03-31,2025-05-09,22,PC1,-0.0194427210476824,0.0005955435623139,-0.0188471774853684,-0.0228422264893614,0.0039950490039929,PCA_RIDGE_VAR,PCA
2025-03-31,2025-05-09,22,PC2,-0.0031813534646416,-7.90428053168324e-05,-0.0032603962699585,-0.001952438679214,-0.0013079575907444,PCA_RIDGE_VAR,PCA
2025-03-31,2025-05-09,22,PC3,0.000245774783631,-7.667245974561101e-05,0.0001691023238854,0.0005375658760679,-0.0003684635521825,PCA_RIDGE_VAR,PCA
2025-04-30,2025-05-08,5,beta0,0.0504414721533183,-0.0001964374302864,0.0502450347230319,0.0517448370439556,-0.0014998023209237,NS_RIDGE,NS
2025-04-30,2025-05-08,5,beta1,-0.028371370758142,0.0002185505054165,-0.0281528202527254,-0.0298654992527878,0.0017126790000623,NS_RIDGE,NS
2025-04-30,2025-05-08,5,beta2,-0.0193849017638657,0.0001287243288097,-0.019256177435056,-0.0222669462055215,0.0030107687704655,NS_RIDGE,NS
2025-04-30,2025-05-08,5,beta0,0.0504414721533183,-8.105285154733382e-05,0.0503604193017709,0.0517448370439556,-0.0013844177421846,NS_ELASTICNET,NS
2025-04-30,2025-05-08,5,beta1,-0.028371370758142,7.970755038069123e-05,-0.0282916632077613,-0.0298654992527878,0.0015738360450264,NS_ELASTICNET,NS
2025-04-30,2025-05-08,5,beta2,-0.0193849017638657,5.0261264047934415e-05,-0.0193346404998178,-0.0222669462055215,0.0029323057057037,NS_ELASTICNET,NS
2025-04-30,2025-05-08,5,PC1,-0.0221194304087661,1.42074298195873e-05,-0.0221052229789465,-0.0227823277011975,0.000677104722251,PCA_RIDGE,PCA
2025-04-30,2025-05-08,5,PC2,-0.0022128545947228,-0.0001240283006684,-0.0023368828953912,-0.0019353277104891,-0.0004015551849021,PCA_RIDGE,PCA
2025-04-30,2025-05-08,5,PC3,0.0003469030148805,-1.0297942296145964e-05,0.0003366050725843,0.000533285516994,-0.0001966804444096,PCA_RIDGE,PCA
2025-04-30,2025-05-08,5,PC1,-0.0221194304087661,0.0002037741743072,-0.0219156562344588,-0.0227823277011975,0.0008666714667387,PCA_RIDGE_VAR,PCA
2025-04-30,2025-05-08,5,PC2,-0.0022128545947228,-7.764047247173656e-05,-0.0022904950671946,-0.0019353277104891,-0.0003551673567055,PCA_RIDGE_VAR,PCA
2025-04-30,2025-05-08,5,PC3,0.0003469030148805,-1.950315757305745e-05,0.0003273998573074,0.000533285516994,-0.0002058856596865,PCA_RIDGE_VAR,PCA
2025-04-30,2025-05-15,10,beta0,0.0504414721533183,-0.0002156379436268,0.0502258342096914,0.0536870832902276,-0.0034612490805361,NS_RIDGE,NS
2025-04-30,2025-05-15,10,beta1,-0.028371370758142,0.0002671884077937,-0.0281041823503482,-0.0316811161261965,0.0035769337758482,NS_RIDGE,NS
2025-04-30,2025-05-15,10,beta2,-0.0193849017638657,7.327995726564524e-05,-0.0193116218066001,-0.0278384480560014,0.0085268262494013,NS_RIDGE,NS
2025-04-30,2025-05-15,10,beta0,0.0504414721533183,-3.0530169374576614e-05,0.0504109419839437,0.0536870832902276,-0.0032761413062838,NS_ELASTICNET,NS
2025-04-30,2025-05-15,10,beta1,-0.028371370758142,3.169476439530485e-05,-0.0283396759937467,-0.0316811161261965,0.0033414401324498,NS_ELASTICNET,NS
2025-04-30,2025-05-15,10,beta2,-0.0193849017638657,-9.883402562642069e-05,-0.0194837357894922,-0.0278384480560014,0.0083547122665092,NS_ELASTICNET,NS
2025-04-30,2025-05-15,10,PC1,-0.0221194304087661,9.810004612397856e-05,-0.0220213303626421,-0.02363544405869,0.0016141136960479,PCA_RIDGE,PCA
2025-04-30,2025-05-15,10,PC2,-0.0022128545947228,-0.000153055300908,-0.0023659098956309,-0.002081675647681,-0.0002842342479498,PCA_RIDGE,PCA
2025-04-30,2025-05-15,10,PC3,0.0003469030148805,1.93924130667316e-05,0.0003662954279472,0.001200014348265,-0.0008337189203177,PCA_RIDGE,PCA
2025-04-30,2025-05-15,10,PC1,-0.0221194304087661,0.0003216462259142,-0.0217977841828518,-0.02363544405869,0.0018376598758381,PCA_RIDGE_VAR,PCA
2025-04-30,2025-05-15,10,PC2,-0.0022128545947228,-0.0001129301009468,-0.0023257846956696,-0.002081675647681,-0.0002441090479885,PCA_RIDGE_VAR,PCA
2025-04-30,2025-05-15,10,PC3,0.0003469030148805,-3.756376737110677e-05,0.0003093392475094,0.001200014348265,-0.0008906751007556,PCA_RIDGE_VAR,PCA
2025-04-30,2025-06-02,22,beta0,0.0504414721533183,-0.0004483514457227,0.0499931207075955,0.0506672330830589,-0.0006741123754634,NS_RIDGE,NS
2025-04-30,2025-06-02,22,beta1,-0.028371370758142,0.0005793088446509,-0.0277920619134911,-0.0300834946834834,0.0022914327699923,NS_RIDGE,NS
2025-04-30,2025-06-02,22,beta2,-0.0193849017638657,0.0003242821379167,-0.019060619625949,-0.0227234021005254,0.0036627824745764,NS_RIDGE,NS
2025-04-30,2025-06-02,22,beta0,0.0504414721533183,-0.0004065693404374,0.0500349028128808,0.0506672330830589,-0.0006323302701781,NS_ELASTICNET,NS
2025-04-30,2025-06-02,22,beta1,-0.028371370758142,0.0004964177874666,-0.0278749529706753,-0.0300834946834834,0.002208541712808,NS_ELASTICNET,NS
2025-04-30,2025-06-02,22,beta2,-0.0193849017638657,0.0004908140295277,-0.018894087734338,-0.0227234021005254,0.0038293143661874,NS_ELASTICNET,NS
2025-04-30,2025-06-02,22,PC1,-0.0221194304087661,0.0002390985987338,-0.0218803318100322,-0.0266613722654631,0.0047810404554309,PCA_RIDGE,PCA
2025-04-30,2025-06-02,22,PC2,-0.0022128545947228,-0.0002515761174668,-0.0024644307121897,-0.0016958514764362,-0.0007685792357534,PCA_RIDGE,PCA
2025-04-30,2025-06-02,22,PC3,0.0003469030148805,3.211772180017882e-05,0.0003790207366807,0.0002009719349724,0.0001780488017082,PCA_RIDGE,PCA
2025-04-30,2025-06-02,22,PC1,-0.0221194304087661,0.0006107361778437,-0.0215086942309223,-0.0266613722654631,0.0051526780345407,PCA_RIDGE_VAR,PCA
2025-04-30,2025-06-02,22,PC2,-0.0022128545947228,-0.0001941435729951,-0.002406998167718,-0.0016958514764362,-0.0007111466912818,PCA_RIDGE_VAR,PCA
2025-04-30,2025-06-02,22,PC3,0.0003469030148805,-7.903234926064399e-05,0.0002678706656198,0.0002009719349724,6.689873064742876e-05,PCA_RIDGE_VAR,PCA
2025-05-30,2025-06-06,5,beta0,0.0511218337256486,1.4636458475540153e-05,0.0511364701841241,0.050120635069391,0.0010158351147331,NS_RIDGE,NS
2025-05-30,2025-06-06,5,beta1,-0.0300710351322293,6.6285394179017744e-06,-0.0300644065928114,-0.0293768936012543,-0.000687512991557,NS_RIDGE,NS
2025-05-30,2025-06-06,5,beta2,-0.0249152106855019,-6.996005994478488e-05,-0.0249851707454466,-0.0219876499308241,-0.0029975208146225,NS_RIDGE,NS
2025-05-30,2025-06-06,5,beta0,0.0511218337256486,-1.3719259625559583e-05,0.051108114466023,0.050120635069391,0.000987479396632,NS_ELASTICNET,NS
2025-05-30,2025-06-06,5,beta1,-0.0300710351322293,1.3056651568523006e-05,-0.0300579784806608,-0.0293768936012543,-0.0006810848794064,NS_ELASTICNET,NS
2025-05-30,2025-06-06,5,beta2,-0.0249152106855019,-5.601720138632672e-05,-0.0249712278868882,-0.0219876499308241,-0.002983577956064,NS_ELASTICNET,NS
2025-05-30,2025-06-06,5,PC1,-0.0263364933462843,-0.0002147488273423,-0.0265512421736266,-0.0263724911519033,-0.0001787510217233,PCA_RIDGE,PCA
2025-05-30,2025-06-06,5,PC2,-0.0023402084346751,-1.756640958392075e-05,-0.002357774844259,-0.0019924350505041,-0.0003653397937549,PCA_RIDGE,PCA
2025-05-30,2025-06-06,5,PC3,0.0004430300517741,5.49006099192337e-05,0.0004979306616933,0.0001622676221098,0.0003356630395835,PCA_RIDGE,PCA
2025-05-30,2025-06-06,5,PC1,-0.0263364933462843,8.347888595327743e-05,-0.026253014460331,-0.0263724911519033,0.0001194766915722,PCA_RIDGE_VAR,PCA
2025-05-30,2025-06-06,5,PC2,-0.0023402084346751,4.605408775349611e-05,-0.0022941543469216,-0.0019924350505041,-0.0003017192964175,PCA_RIDGE_VAR,PCA
2025-05-30,2025-06-06,5,PC3,0.0004430300517741,-1.9651960880296424e-05,0.0004233780908938,0.0001622676221098,0.0002611104687839,PCA_RIDGE_VAR,PCA
2025-05-30,2025-06-16,10,beta0,0.0511218337256486,-7.498714860479625e-05,0.0510468465770438,0.0495945803607342,0.0014522662163095,NS_RIDGE,NS
2025-05-30,2025-06-16,10,beta1,-0.0300710351322293,9.49688636261006e-05,-0.0299760662686032,-0.028667239485698,-0.0013088267829051,NS_RIDGE,NS
2025-05-30,2025-06-16,10,beta2,-0.0249152106855019,2.114767449228996e-05,-0.0248940630110096,-0.0206251074870111,-0.0042689555239985,NS_RIDGE,NS
2025-05-30,2025-06-16,10,beta0,0.0511218337256486,-2.619768934306684e-05,0.0510956360363055,0.0495945803607342,0.0015010556755712,NS_ELASTICNET,NS
2025-05-30,2025-06-16,10,beta1,-0.0300710351322293,2.5180171854888467e-05,-0.0300458549603744,-0.028667239485698,-0.0013786154746763,NS_ELASTICNET,NS
2025-05-30,2025-06-16,10,beta2,-0.0249152106855019,-0.0001128215193031,-0.025028032204805,-0.0206251074870111,-0.0044029247177939,NS_ELASTICNET,NS
2025-05-30,2025-06-16,10,PC1,-0.0263364933462843,-0.0003964934983836,-0.0267329868446679,-0.025781212034351,-0.0009517748103168,PCA_RIDGE,PCA
2025-05-30,2025-06-16,10,PC2,-0.0023402084346751,-0.0001141748249526,-0.0024543832596278,-0.0021849323591801,-0.0002694509004476,PCA_RIDGE,PCA
2025-05-30,2025-06-16,10,PC3,0.0004430300517741,4.2693748906700034e-05,0.0004857238006808,8.929501980050811e-05,0.0003964287808803,PCA_RIDGE,PCA
2025-05-30,2025-06-16,10,PC1,-0.0263364933462843,0.000213888854876,-0.0261226044914082,-0.025781212034351,-0.0003413924570571,PCA_RIDGE_VAR,PCA
2025-05-30,2025-06-16,10,PC2,-0.0023402084346751,9.77621899604826e-07,-0.0023392308127755,-0.0021849323591801,-0.0001542984535953,PCA_RIDGE_VAR,PCA
2025-05-30,2025-06-16,10,PC3,0.0004430300517741,-4.1088481633323336e-05,0.0004019415701408,8.929501980050811e-05,0.0003126465503402,PCA_RIDGE_VAR,PCA
2025-05-30,2025-07-02,22,beta0,0.0511218337256486,-0.0002318579879723,0.0508899757376762,0.0505936074909701,0.0002963682467061,NS_RIDGE,NS
2025-05-30,2025-07-02,22,beta1,-0.0300710351322293,0.0003011104636037,-0.0297699246686256,-0.0291013008490516,-0.000668623819574,NS_RIDGE,NS
2025-05-30,2025-07-02,22,beta2,-0.0249152106855019,0.0001218290296307,-0.0247933816558711,-0.0218145181969103,-0.0029788634589607,NS_RIDGE,NS
2025-05-30,2025-07-02,22,beta0,0.0511218337256486,-0.0004724686318456,0.0506493650938029,0.0505936074909701,5.575760283283576e-05,NS_ELASTICNET,NS
2025-05-30,2025-07-02,22,beta1,-0.0300710351322293,0.0005267461419204,-0.0295442889903089,-0.0291013008490516,-0.0004429881412572,NS_ELASTICNET,NS
2025-05-30,2025-07-02,22,beta2,-0.0249152106855019,0.0004269653286862,-0.0244882453568156,-0.0218145181969103,-0.0026737271599053,NS_ELASTICNET,NS
2025-05-30,2025-07-02,22,PC1,-0.0263364933462843,-0.0006735990753017,-0.027010092421586,-0.0243312103318387,-0.0026788820897472,PCA_RIDGE,PCA
2025-05-30,2025-07-02,22,PC2,-0.0023402084346751,-0.0003475438051346,-0.0026877522398098,-0.002464892962105,-0.0002228592777048,PCA_RIDGE,PCA
2025-05-30,2025-07-02,22,PC3,0.0004430300517741,3.138739994481787e-05,0.0004744174517189,0.0001403514367885,0.0003340660149303,PCA_RIDGE,PCA
2025-05-30,2025-07-02,22,PC1,-0.0263364933462843,0.000527528853716,-0.0258089644925683,-0.0243312103318387,-0.0014777541607295,PCA_RIDGE_VAR,PCA
2025-05-30,2025-07-02,22,PC2,-0.0023402084346751,-0.0001008415461331,-0.0024410499808083,-0.002464892962105,2.3842981296746165e-05,PCA_RIDGE_VAR,PCA
2025-05-30,2025-07-02,22,PC3,0.0004430300517741,-9.059052081133193e-05,0.0003524395309627,0.0001403514367885,0.0002120880941742,PCA_RIDGE_VAR,PCA
2025-06-30,2025-07-07,5,beta0,0.0497824177299104,0.0002876934041995,0.05007011113411,0.0506310764925084,-0.0005609653583984,NS_RIDGE,NS
2025-06-30,2025-07-07,5,beta1,-0.0278022759646165,-0.0002084291081793,-0.0280107050727959,-0.0293549813891292,0.0013442763163333,NS_RIDGE,NS
2025-06-30,2025-07-07,5,beta2,-0.0203745209446711,-0.0002482466823441,-0.0206227676270152,-0.0219710828606298,0.0013483152336146,NS_RIDGE,NS
2025-06-30,2025-07-07,5,beta0,0.0497824177299104,-1.559902178572843e-05,0.0497668187081247,0.0506310764925084,-0.0008642577843836,NS_ELASTICNET,NS
2025-06-30,2025-07-07,5,beta1,-0.0278022759646165,1.5989706731020628e-05,-0.0277862862578855,-0.0293549813891292,0.0015686951312437,NS_ELASTICNET,NS
2025-06-30,2025-07-07,5,beta2,-0.0203745209446711,-5.053440164077682e-05,-0.0204250553463119,-0.0219710828606298,0.0015460275143179,NS_ELASTICNET,NS
2025-06-30,2025-07-07,5,PC1,-0.0232471565679817,5.033135906446182e-05,-0.0231968252089172,-0.0247120065870953,0.001515181378178,PCA_RIDGE,PCA
2025-06-30,2025-07-07,5,PC2,-0.0030464187171565,6.308437371881308e-06,-0.0030401102797846,-0.0022305198173737,-0.0008095904624108,PCA_RIDGE,PCA
2025-06-30,2025-07-07,5,PC3,0.0001708693814845,0.0001155628045699,0.0002864321860545,0.0001721646612923,0.0001142675247621,PCA_RIDGE,PCA
2025-06-30,2025-07-07,5,PC1,-0.0232471565679817,0.0002117170962338,-0.0230354394717479,-0.0247120065870953,0.0016765671153474,PCA_RIDGE_VAR,PCA
2025-06-30,2025-07-07,5,PC2,-0.0030464187171565,3.045510264196999e-05,-0.0030159636145145,-0.0022305198173737,-0.0007854437971407,PCA_RIDGE_VAR,PCA
2025-06-30,2025-07-07,5,PC3,0.0001708693814845,7.527117624708514e-06,0.0001783964991092,0.0001721646612923,6.231837816929889e-06,PCA_RIDGE_VAR,PCA
2025-06-30,2025-07-14,10,beta0,0.0497824177299104,0.0003605400270452,0.0501429577569557,0.0506154635423668,-0.0004725057854111,NS_RIDGE,NS
2025-06-30,2025-07-14,10,beta1,-0.0278022759646165,-0.0002324881793816,-0.0280347641439982,-0.0292832244882909,0.0012484603442927,NS_RIDGE,NS
2025-06-30,2025-07-14,10,beta2,-0.0203745209446711,-8.32923805350655e-05,-0.0204578133252061,-0.0229215445145575,0.0024637311893514,NS_RIDGE,NS
2025-06-30,2025-07-14,10,beta0,0.0497824177299104,-3.2747610244248264e-05,0.0497496701196662,0.0506154635423668,-0.0008657934227006,NS_ELASTICNET,NS
2025-06-30,2025-07-14,10,beta1,-0.0278022759646165,3.2669223877872216e-05,-0.0277696067407387,-0.0292832244882909,0.0015136177475522,NS_ELASTICNET,NS
2025-06-30,2025-07-14,10,beta2,-0.0203745209446711,-9.77957764503843e-05,-0.0204723167211215,-0.0229215445145575,0.002449227793436,NS_ELASTICNET,NS
2025-06-30,2025-07-14,10,PC1,-0.0232471565679817,7.565917525408165e-05,-0.0231714973927276,-0.0251207630219933,0.0019492656292657,PCA_RIDGE,PCA
2025-06-30,2025-07-14,10,PC2,-0.0030464187171565,8.974187907445266e-06,-0.003037444529249,-0.0025130417219957,-0.0005244028072533,PCA_RIDGE,PCA
2025-06-30,2025-07-14,10,PC3,0.0001708693814845,0.0001417921292496,0.0003126615107342,0.0003026886340122,9.97287672196436e-06,PCA_RIDGE,PCA
2025-06-30,2025-07-14,10,PC1,-0.0232471565679817,0.0003528960281162,-0.0228942605398654,-0.0251207630219933,0.0022265024821278,PCA_RIDGE_VAR,PCA
2025-06-30,2025-07-14,10,PC2,-0.0030464187171565,4.868581949294196e-06,-0.0030415501352072,-0.0025130417219957,-0.0005285084132114,PCA_RIDGE_VAR,PCA
2025-06-30,2025-07-14,10,PC3,0.0001708693814845,-9.194663121968706e-06,0.0001616747183626,0.0003026886340122,-0.0001410139156496,PCA_RIDGE_VAR,PCA
2025-06-30,2025-07-30,22,beta0,0.0497824177299104,0.000396992006304,0.0501794097362145,0.0508418502989052,-0.0006624405626906,NS_RIDGE,NS
2025-06-30,2025-07-30,22,beta1,-0.0278022759646165,-0.0002114197095097,-0.0280136956741263,-0.0293321505675605,0.0013184548934341,NS_RIDGE,NS
2025-06-30,2025-07-30,22,beta2,-0.0203745209446711,0.0007024553192703,-0.0196720656254007,-0.0237767073705425,0.0041046417451417,NS_RIDGE,NS
2025-06-30,2025-07-30,22,beta0,0.0497824177299104,0.0002640018363122,0.0500464195662227,0.0508418502989052,-0.0007954307326824,NS_ELASTICNET,NS
2025-06-30,2025-07-30,22,beta1,-0.0278022759646165,-7.418617645705235e-05,-0.0278764621410736,-0.0293321505675605,0.0014556884264868,NS_ELASTICNET,NS
2025-06-30,2025-07-30,22,beta2,-0.0203745209446711,0.0007327954040339,-0.0196417255406372,-0.0237767073705425,0.0041349818299053,NS_ELASTICNET,NS
2025-06-30,2025-07-30,22,PC1,-0.0232471565679817,0.0003166872580895,-0.0229304693098921,-0.0249979718915222,0.00206750258163,PCA_RIDGE,PCA
2025-06-30,2025-07-30,22,PC2,-0.0030464187171565,3.0058409023372127e-05,-0.0030163603081331,-0.0027058638922215,-0.0003104964159115,PCA_RIDGE,PCA
2025-06-30,2025-07-30,22,PC3,0.0001708693814845,0.0001074582296927,0.0002783276111773,0.0004764956306682,-0.0001981680194909,PCA_RIDGE,PCA
2025-06-30,2025-07-30,22,PC1,-0.0232471565679817,0.0006948648061251,-0.0225522917618565,-0.0249979718915222,0.0024456801296656,PCA_RIDGE_VAR,PCA
2025-06-30,2025-07-30,22,PC2,-0.0030464187171565,-5.235508861379037e-05,-0.0030987738057702,-0.0027058638922215,-0.0003929099135487,PCA_RIDGE_VAR,PCA
2025-06-30,2025-07-30,22,PC3,0.0001708693814845,-4.742664664307423e-05,0.0001234427348415,0.0004764956306682,-0.0003530528958267,PCA_RIDGE_VAR,PCA
2025-07-31,2025-08-07,5,beta0,0.0494859665315905,0.0004217522486767,0.0499077187802672,0.0507916344371968,-0.0008839156569295,NS_RIDGE,NS
2025-07-31,2025-08-07,5,beta1,-0.0290670407144159,-0.0002598360467514,-0.0293268767611673,-0.0292454325395754,-8.144422159192186e-05,NS_RIDGE,NS
2025-07-31,2025-08-07,5,beta2,-0.0193947107677968,-0.0015597261634104,-0.0209544369312073,-0.0238757203730368,0.0029212834418295,NS_RIDGE,NS
2025-07-31,2025-08-07,5,beta0,0.0494859665315905,-1.4808082690891838e-05,0.0494711584488996,0.0507916344371968,-0.0013204759882971,NS_ELASTICNET,NS
2025-07-31,2025-08-07,5,beta1,-0.0290670407144159,1.4446095915487672e-05,-0.0290525946185004,-0.0292454325395754,0.000192837921075,NS_ELASTICNET,NS
2025-07-31,2025-08-07,5,beta2,-0.0193947107677968,-5.30891084314491e-05,-0.0194477998762282,-0.0238757203730368,0.0044279204968086,NS_ELASTICNET,NS
2025-07-31,2025-08-07,5,PC1,-0.0260782634154106,9.079774090430554e-05,-0.0259874656745063,-0.0249183004273913,-0.001069165247115,PCA_RIDGE,PCA
2025-07-31,2025-08-07,5,PC2,-0.0014804842509302,-0.0004768437437135,-0.0019573279946437,-0.0027544718172078,0.000797143822564,PCA_RIDGE,PCA
2025-07-31,2025-08-07,5,PC3,-0.0003506314579046,0.0002956365333113,-5.4994924593248585e-05,0.0005217878769665,-0.0005767828015598,PCA_RIDGE,PCA
2025-07-31,2025-08-07,5,PC1,-0.0260782634154106,0.0005350503408656,-0.025543213074545,-0.0249183004273913,-0.0006249126471536,PCA_RIDGE_VAR,PCA
2025-07-31,2025-08-07,5,PC2,-0.0014804842509302,-0.0003408131038328,-0.0018212973547631,-0.0027544718172078,0.0009331744624447,PCA_RIDGE_VAR,PCA
2025-07-31,2025-08-07,5,PC3,-0.0003506314579046,0.0001819997292143,-0.0001686317286903,0.0005217878769665,-0.0006904196056568,PCA_RIDGE_VAR,PCA
2025-07-31,2025-08-14,10,beta0,0.0494859665315905,0.0004859181018471,0.0499718846334377,0.0509174511483554,-0.0009455665149177,NS_RIDGE,NS
2025-07-31,2025-08-14,10,beta1,-0.0290670407144159,-0.0003450819035653,-0.0294121226179812,-0.0292329077559294,-0.0001792148620517,NS_RIDGE,NS
2025-07-31,2025-08-14,10,beta2,-0.0193947107677968,-0.0017096904638422,-0.0211044012316391,-0.0241528757486992,0.0030484745170601,NS_RIDGE,NS
2025-07-31,2025-08-14,10,beta0,0.0494859665315905,-2.9474689544526285e-05,0.0494564918420459,0.0509174511483554,-0.0014609593063094,NS_ELASTICNET,NS
2025-07-31,2025-08-14,10,beta1,-0.0290670407144159,2.87841438219261e-05,-0.0290382565705939,-0.0292329077559294,0.0001946511853354,NS_ELASTICNET,NS
2025-07-31,2025-08-14,10,beta2,-0.0193947107677968,-0.0001066448859745,-0.0195013556537713,-0.0241528757486992,0.0046515200949278,NS_ELASTICNET,NS
2025-07-31,2025-08-14,10,PC1,-0.0260782634154106,-3.4392843437003215e-05,-0.0261126562588476,-0.0246677597598751,-0.0014448964989725,PCA_RIDGE,PCA
2025-07-31,2025-08-14,10,PC2,-0.0014804842509302,-0.0004496316621054,-0.0019301159130356,-0.0028872756947925,0.0009571597817568,PCA_RIDGE,PCA
2025-07-31,2025-08-14,10,PC3,-0.0003506314579046,0.0002557829749701,-9.484848293443245e-05,0.0005658086589402,-0.0006606571418746,PCA_RIDGE,PCA
2025-07-31,2025-08-14,10,PC1,-0.0260782634154106,0.0006588503481166,-0.025419413067294,-0.0246677597598751,-0.0007516533074189,PCA_RIDGE_VAR,PCA
2025-07-31,2025-08-14,10,PC2,-0.0014804842509302,-0.0003758473641659,-0.0018563316150961,-0.0028872756947925,0.0010309440796963,PCA_RIDGE_VAR,PCA
2025-07-31,2025-08-14,10,PC3,-0.0003506314579046,0.0001770356802085,-0.000173595777696,0.0005658086589402,-0.0007394044366362,PCA_RIDGE_VAR,PCA
2025-07-31,2025-09-01,22,beta0,0.0494859665315905,0.0004911436047464,0.0499771101363369,0.0506002709071331,-0.0006231607707961,NS_RIDGE,NS
2025-07-31,2025-09-01,22,beta1,-0.0290670407144159,-0.0004066191232873,-0.0294736598377032,-0.0289132404213696,-0.0005604194163335,NS_RIDGE,NS
2025-07-31,2025-09-01,22,beta2,-0.0193947107677968,-0.0024845941060708,-0.0218793048738676,-0.0240047506218923,0.0021254457480246,NS_RIDGE,NS
2025-07-31,2025-09-01,22,beta0,0.0494859665315905,-6.45806483271439e-05,0.0494213858832633,0.0506002709071331,-0.0011788850238697,NS_ELASTICNET,NS
2025-07-31,2025-09-01,22,beta1,-0.0290670407144159,6.368298051775155e-05,-0.0290033577338981,-0.0289132404213696,-9.0117312528476e-05,NS_ELASTICNET,NS
2025-07-31,2025-09-01,22,beta2,-0.0193947107677968,-0.000235761819238,-0.0196304725870348,-0.0240047506218923,0.0043742780348574,NS_ELASTICNET,NS
2025-07-31,2025-09-01,22,PC1,-0.0260782634154106,-0.000795130800145,-0.0268733942155557,-0.0249005561722617,-0.0019728380432939,PCA_RIDGE,PCA
2025-07-31,2025-09-01,22,PC2,-0.0014804842509302,-0.0007268425766188,-0.002207326827549,-0.0030494411661713,0.0008421143386223,PCA_RIDGE,PCA
2025-07-31,2025-09-01,22,PC3,-0.0003506314579046,0.0003679766502459,1.7345192341319566e-05,0.0006283139790584,-0.000610968786717,PCA_RIDGE,PCA
2025-07-31,2025-09-01,22,PC1,-0.0260782634154106,0.0009762652264199,-0.0251019981889907,-0.0249005561722617,-0.000201442016729,PCA_RIDGE_VAR,PCA
2025-07-31,2025-09-01,22,PC2,-0.0014804842509302,-0.0004610775120548,-0.0019415617629851,-0.0030494411661713,0.0011078794031862,PCA_RIDGE_VAR,PCA
2025-07-31,2025-09-01,22,PC3,-0.0003506314579046,0.0001667753646516,-0.0001838560932529,0.0006283139790584,-0.0008121700723113,PCA_RIDGE_VAR,PCA
2025-08-29,2025-09-05,5,beta0,0.0505582208411598,7.732718680222942e-05,0.0506355480279621,0.0504793793275521,0.0001561687004099,NS_RIDGE,NS
2025-08-29,2025-09-05,5,beta1,-0.0289069147447458,-0.0001026188019129,-0.0290095335466587,-0.0287348760201708,-0.0002746575264879,NS_RIDGE,NS
2025-08-29,2025-09-05,5,beta2,-0.0237522241155141,-0.0002536574358107,-0.0240058815513248,-0.0238140806118491,-0.0001918009394756,NS_RIDGE,NS
2025-08-29,2025-09-05,5,beta0,0.0505582208411598,-1.4666614314633672e-05,0.0505435542268452,0.0504793793275521,6.417489929313319e-05,NS_ELASTICNET,NS
2025-08-29,2025-09-05,5,beta1,-0.0289069147447458,1.4677419063091867e-05,-0.0288922373256827,-0.0287348760201708,-0.0001573613055118,NS_ELASTICNET,NS
2025-08-29,2025-09-05,5,beta2,-0.0237522241155141,-5.397057317837114e-05,-0.0238061946886924,-0.0238140806118491,7.885923156689123e-06,NS_ELASTICNET,NS
2025-08-29,2025-09-05,5,PC1,-0.0247791526906804,-0.0001689327717889,-0.0249480854624694,-0.0246817100212492,-0.0002663754412202,PCA_RIDGE,PCA
2025-08-29,2025-09-05,5,PC2,-0.0029745336103192,-0.0001082991420231,-0.0030828327523423,-0.0030963312571016,1.3498504759279757e-05,PCA_RIDGE,PCA
2025-08-29,2025-09-05,5,PC3,0.0005600565022183,0.0001490248566074,0.0007090813588258,0.0005812508998311,0.0001278304589946,PCA_RIDGE,PCA
2025-08-29,2025-09-05,5,PC1,-0.0247791526906804,0.0001334799603237,-0.0246456727303567,-0.0246817100212492,3.603729089251759e-05,PCA_RIDGE_VAR,PCA
2025-08-29,2025-09-05,5,PC2,-0.0029745336103192,-4.788834047202628e-05,-0.0030224219507912,-0.0030963312571016,7.390930631037467e-05,PCA_RIDGE_VAR,PCA
2025-08-29,2025-09-05,5,PC3,0.0005600565022183,-1.4744681499918584e-05,0.0005453118207184,0.0005812508998311,-3.593907911273299e-05,PCA_RIDGE_VAR,PCA
2025-08-29,2025-09-12,10,beta0,0.0505582208411598,-0.0003118017500471,0.0502464190911127,0.0498437475348586,0.000402671556254,NS_RIDGE,NS
2025-08-29,2025-09-12,10,beta1,-0.0289069147447458,0.0002634089372806,-0.0286435058074651,-0.0283083915831943,-0.0003351142242707,NS_RIDGE,NS
2025-08-29,2025-09-12,10,beta2,-0.0237522241155141,0.0005658960739966,-0.0231863280415174,-0.0222744519863897,-0.0009118760551276,NS_RIDGE,NS
2025-08-29,2025-09-12,10,beta0,0.0505582208411598,-2.996579746211591e-05,0.0505282550436977,0.0498437475348586,0.0006845075088391,NS_ELASTICNET,NS
2025-08-29,2025-09-12,10,beta1,-0.0289069147447458,2.9568022760145435e-05,-0.0288773467219856,-0.0283083915831943,-0.0005689551387913,NS_ELASTICNET,NS
2025-08-29,2025-09-12,10,beta2,-0.0237522241155141,-0.0001062993629029,-0.023858523478417,-0.0222744519863897,-0.0015840714920272,NS_ELASTICNET,NS
2025-08-29,2025-09-12,10,PC1,-0.0247791526906804,-0.0003271927835789,-0.0251063454742594,-0.0248828491761357,-0.0002234962981237,PCA_RIDGE,PCA
2025-08-29,2025-09-12,10,PC2,-0.0029745336103192,1.629727696851658e-05,-0.0029582363333507,-0.0029808120569793,2.257572362858408e-05,PCA_RIDGE,PCA
2025-08-29,2025-09-12,10,PC3,0.0005600565022183,0.0001369785233435,0.0006970350255618,0.0002958414824585,0.0004011935431032,PCA_RIDGE,PCA
2025-08-29,2025-09-12,10,PC1,-0.0247791526906804,0.0002697525296238,-0.0245094001610566,-0.0248828491761357,0.000373449015079,PCA_RIDGE_VAR,PCA
2025-08-29,2025-09-12,10,PC2,-0.0029745336103192,-8.198855109896623e-05,-0.0030565221614182,-0.0029808120569793,-7.57101044388986e-05,PCA_RIDGE_VAR,PCA
2025-08-29,2025-09-12,10,PC3,0.0005600565022183,-4.150928035317558e-05,0.0005185472218651,0.0002958414824585,0.0002227057394066,PCA_RIDGE_VAR,PCA
2025-08-29,2025-09-30,22,beta0,0.0505582208411598,-0.0014925286592673,0.0490656921818925,0.0500006277691525,-0.0009349355872599,NS_RIDGE,NS
2025-08-29,2025-09-30,22,beta1,-0.0289069147447458,0.0013602918418256,-0.0275466229029201,-0.0279959674682089,0.0004493445652887,NS_RIDGE,NS
2025-08-29,2025-09-30,22,beta2,-0.0237522241155141,0.0021140770528627,-0.0216381470626513,-0.0219091113549792,0.0002709642923278,NS_RIDGE,NS
2025-08-29,2025-09-30,22,beta0,0.0505582208411598,-6.473106281244019e-05,0.0504934897783474,0.0500006277691525,0.0004928620091949,NS_ELASTICNET,NS
2025-08-29,2025-09-30,22,beta1,-0.0289069147447458,6.431919675794985e-05,-0.0288425955479878,-0.0279959674682089,-0.0008466280797788,NS_ELASTICNET,NS
2025-08-29,2025-09-30,22,beta2,-0.0237522241155141,-0.0002370058140013,-0.0239892299295154,-0.0219091113549792,-0.0020801185745361,NS_ELASTICNET,NS
2025-08-29,2025-09-30,22,PC1,-0.0247791526906804,-0.0010694789363701,-0.0258486316270506,-0.0236147313059856,-0.002233900321065,PCA_RIDGE,PCA
2025-08-29,2025-09-30,22,PC2,-0.0029745336103192,-0.0003614008196231,-0.0033359344299424,-0.0030917642710598,-0.0002441701588825,PCA_RIDGE,PCA
2025-08-29,2025-09-30,22,PC3,0.0005600565022183,-7.195108219266658e-05,0.0004881054200257,0.0005653851642973,-7.727974427159859e-05,PCA_RIDGE,PCA
2025-08-29,2025-09-30,22,PC1,-0.0247791526906804,0.0005997520863606,-0.0241794006043198,-0.0236147313059856,-0.0005646692983342,PCA_RIDGE_VAR,PCA
2025-08-29,2025-09-30,22,PC2,-0.0029745336103192,-0.000158998317079,-0.0031335319273983,-0.0030917642710598,-4.1767656338474735e-05,PCA_RIDGE_VAR,PCA
2025-08-29,2025-09-30,22,PC3,0.0005600565022183,-0.0001028766108321,0.0004571798913861,0.0005653851642973,-0.0001082052729111,PCA_RIDGE_VAR,PCA
2025-09-30,2025-10-07,5,beta0,0.0500006277691525,0.0002399302724589,0.0502405580416114,0.0498762307832797,0.0003643272583316,NS_RIDGE,NS
2025-09-30,2025-10-07,5,beta1,-0.0279959674682089,-0.0002743455952983,-0.0282703130635072,-0.0279574077222872,-0.00031290534122,NS_RIDGE,NS
2025-09-30,2025-10-07,5,beta2,-0.0219091113549792,0.0006000889230007,-0.0213090224319785,-0.0211243535817444,-0.0001846688502341,NS_RIDGE,NS
2025-09-30,2025-10-07,5,beta0,0.0500006277691525,-1.5680881912066645e-05,0.0499849468872404,0.0498762307832797,0.0001087161039606,NS_ELASTICNET,NS
2025-09-30,2025-10-07,5,beta1,-0.0279959674682089,1.5760912311795975e-05,-0.0279802065558971,-0.0279574077222872,-2.2798833609911223e-05,NS_ELASTICNET,NS
2025-09-30,2025-10-07,5,beta2,-0.0219091113549792,-5.0384410402559854e-05,-0.0219594957653818,-0.0211243535817444,-0.0008351421836373,NS_ELASTICNET,NS
2025-09-30,2025-10-07,5,PC1,-0.0235114229331963,0.0001547493856578,-0.0233566735475384,-0.0233850144641593,2.8340916620853834e-05,PCA_RIDGE,PCA
2025-09-30,2025-10-07,5,PC2,-0.003065024787635,0.0002274485695637,-0.0028375762180712,-0.0028692861444179,3.170992634667514e-05,PCA_RIDGE,PCA
2025-09-30,2025-10-07,5,PC3,0.000566352083432,8.501046249011618e-05,0.0006513625459221,0.0004640183832685,0.0001873441626536,PCA_RIDGE,PCA
2025-09-30,2025-10-07,5,PC1,-0.0235114229331963,0.0001406881341758,-0.0233707347990204,-0.0233850144641593,1.4279665138904746e-05,PCA_RIDGE_VAR,PCA
2025-09-30,2025-10-07,5,PC2,-0.003065024787635,-3.271518518031379e-05,-0.0030977399728153,-0.0028692861444179,-0.0002284538283974,PCA_RIDGE_VAR,PCA
2025-09-30,2025-10-07,5,PC3,0.000566352083432,-2.990296556457052e-05,0.0005364491178675,0.0004640183832685,7.243073459898826e-05,PCA_RIDGE_VAR,PCA
2025-09-30,2025-10-14,10,beta0,0.0500006277691525,0.0003346508201181,0.0503352785892706,0.0493696166403424,0.0009656619489281,NS_RIDGE,NS
2025-09-30,2025-10-14,10,beta1,-0.0279959674682089,-0.0001393936012934,-0.0281353610695024,-0.027325509920824,-0.0008098511486783,NS_RIDGE,NS
2025-09-30,2025-10-14,10,beta2,-0.0219091113549792,0.0011246633088821,-0.0207844480460971,-0.0197061180812417,-0.0010783299648553,NS_RIDGE,NS
2025-09-30,2025-10-14,10,beta0,0.0500006277691525,-3.243785713257564e-05,0.0499681899120199,0.0493696166403424,0.0005985732716774,NS_ELASTICNET,NS
2025-09-30,2025-10-14,10,beta1,-0.0279959674682089,3.126556712483892e-05,-0.0279647019010841,-0.027325509920824,-0.00063919198026,NS_ELASTICNET,NS
2025-09-30,2025-10-14,10,beta2,-0.0219091113549792,-9.797866613178408e-05,-0.022007090021111,-0.0197061180812417,-0.0023009719398692,NS_ELASTICNET,NS
2025-09-30,2025-10-14,10,PC1,-0.0235114229331963,0.0009738860774064,-0.0225375368557898,-0.0228644282206043,0.0003268913648144,PCA_RIDGE,PCA
2025-09-30,2025-10-14,10,PC2,-0.003065024787635,0.0002327855637223,-0.0028322392239126,-0.0029346833786203,0.0001024441547076,PCA_RIDGE,PCA
2025-09-30,2025-10-14,10,PC3,0.000566352083432,0.00026748999722,0.0008338420806521,0.0003487754583542,0.0004850666222979,PCA_RIDGE,PCA
2025-09-30,2025-10-14,10,PC1,-0.0235114229331963,0.0002754670691273,-0.0232359558640689,-0.0228644282206043,-0.0003715276434646,PCA_RIDGE_VAR,PCA
2025-09-30,2025-10-14,10,PC2,-0.003065024787635,-6.250126900404426e-05,-0.0031275260566391,-0.0029346833786203,-0.0001928426780187,PCA_RIDGE_VAR,PCA
2025-09-30,2025-10-14,10,PC3,0.000566352083432,-5.713207391195988e-05,0.0005092200095201,0.0003487754583542,0.0001604445511658,PCA_RIDGE_VAR,PCA
2025-09-30,2025-10-30,22,beta0,0.0500006277691525,0.0003515468489498,0.0503521746181023,0.0503581396009591,-5.964982856786205e-06,NS_RIDGE,NS
2025-09-30,2025-10-30,22,beta1,-0.0279959674682089,-2.43738857733646e-05,-0.0280203413539823,-0.0279503395447539,-7.000180922842048e-05,NS_RIDGE,NS
2025-09-30,2025-10-30,22,beta2,-0.0219091113549792,0.0031436680238457,-0.0187654433311334,-0.0195254400879557,0.0007599967568222,NS_RIDGE,NS
2025-09-30,2025-10-30,22,beta0,0.0500006277691525,-7.01353107269691e-05,0.0499304924584255,0.0503581396009591,-0.0004276471425336,NS_ELASTICNET,NS
2025-09-30,2025-10-30,22,beta1,-0.0279959674682089,6.867640707731941e-05,-0.0279272910611316,-0.0279503395447539,2.304848362226497e-05,NS_ELASTICNET,NS
2025-09-30,2025-10-30,22,beta2,-0.0219091113549792,-0.0002203342445328,-0.022129445599512,-0.0195254400879557,-0.0026040055115563,NS_ELASTICNET,NS
2025-09-30,2025-10-30,22,PC1,-0.0235114229331963,0.0019244618600643,-0.021586961073132,-0.0210908449615517,-0.0004961161115802,PCA_RIDGE,PCA
2025-09-30,2025-10-30,22,PC2,-0.003065024787635,0.0005241632496422,-0.0025408615379927,-0.0023235829837038,-0.0002172785542889,PCA_RIDGE,PCA
2025-09-30,2025-10-30,22,PC3,0.000566352083432,0.0002357646126103,0.0008021166960424,0.0005968204709424,0.0002052962251,PCA_RIDGE,PCA
2025-09-30,2025-10-30,22,PC1,-0.0235114229331963,0.0006017542915432,-0.022909668641653,-0.0210908449615517,-0.0018188236801012,PCA_RIDGE_VAR,PCA
2025-09-30,2025-10-30,22,PC2,-0.003065024787635,-0.000129403589255,-0.0031944283768901,-0.0023235829837038,-0.0008708453931862,PCA_RIDGE_VAR,PCA
2025-09-30,2025-10-30,22,PC3,0.000566352083432,-0.0001195034359842,0.0004468486474478,0.0005968204709424,-0.0001499718234945,PCA_RIDGE_VAR,PCA
2025-10-31,2025-11-10,5,beta0,0.0506047315490586,-0.0003196470759671,0.0502850844730915,0.050131440030928,0.0001536444421635,NS_RIDGE,NS
2025-10-31,2025-11-10,5,beta1,-0.0282408483160531,0.0003442090878241,-0.0278966392282289,-0.0281457254298255,0.0002490862015966,NS_RIDGE,NS
2025-10-31,2025-11-10,5,beta2,-0.0200570530625166,0.0006718039563515,-0.0193852491061651,-0.0196202974019473,0.0002350482957822,NS_RIDGE,NS
2025-10-31,2025-11-10,5,beta0,0.0506047315490586,-1.4827990424206769e-05,0.0505899035586344,0.050131440030928,0.0004584635277064,NS_ELASTICNET,NS
2025-10-31,2025-11-10,5,beta1,-0.0282408483160531,1.5566300168174245e-05,-0.0282252820158849,-0.0281457254298255,-7.955658605937263e-05,NS_ELASTICNET,NS
2025-10-31,2025-11-10,5,beta2,-0.0200570530625166,-4.86082009788592e-05,-0.0201056612634955,-0.0196202974019473,-0.0004853638615481,NS_ELASTICNET,NS
2025-10-31,2025-11-10,5,PC1,-0.0211218681781608,0.0002049191437269,-0.0209169490344338,-0.0221013739931764,0.0011844249587426,PCA_RIDGE,PCA
2025-10-31,2025-11-10,5,PC2,-0.0022382531528274,-4.882085540796141e-05,-0.0022870740082354,-0.0022917022495685,4.628241333095012e-06,PCA_RIDGE,PCA
2025-10-31,2025-11-10,5,PC3,0.0006087175632659,-5.824030078660671e-05,0.0005504772624793,0.0002896517005689,0.0002608255619104,PCA_RIDGE,PCA
2025-10-31,2025-11-10,5,PC1,-0.0211218681781608,0.0001547935638126,-0.0209670746143481,-0.0221013739931764,0.0011342993788283,PCA_RIDGE_VAR,PCA
2025-10-31,2025-11-10,5,PC2,-0.0022382531528274,-5.543160560789575e-05,-0.0022936847584353,-0.0022917022495685,-1.98250886683949e-06,PCA_RIDGE_VAR,PCA
2025-10-31,2025-11-10,5,PC3,0.0006087175632659,-2.9806876897629005e-05,0.0005789106863682,0.0002896517005689,0.0002892589857993,PCA_RIDGE_VAR,PCA
2025-10-31,2025-11-17,10,beta0,0.0506047315490586,-0.0005478990792822,0.0500568324697763,0.0476474091636275,0.0024094233061488,NS_RIDGE,NS
2025-10-31,2025-11-17,10,beta1,-0.0282408483160531,0.0005620635761188,-0.0276787847399342,-0.0258131047488213,-0.0018656799911128,NS_RIDGE,NS
2025-10-31,2025-11-17,10,beta2,-0.0200570530625166,0.0009852962536002,-0.0190717568089163,-0.013153267322726,-0.0059184894861903,NS_RIDGE,NS
2025-10-31,2025-11-17,10,beta0,0.0506047315490586,-0.0005982440989234,0.0500064874501351,0.0476474091636275,0.0023590782865076,NS_ELASTICNET,NS
2025-10-31,2025-11-17,10,beta1,-0.0282408483160531,0.00061395537443,-0.027626892941623,-0.0258131047488213,-0.0018137881928016,NS_ELASTICNET,NS
2025-10-31,2025-11-17,10,beta2,-0.0200570530625166,0.0010846551726448,-0.0189723978898718,-0.013153267322726,-0.0058191305671457,NS_ELASTICNET,NS
2025-10-31,2025-11-17,10,PC1,-0.0211218681781608,0.0002360726303894,-0.0208857955477713,-0.0213335455656032,0.0004477500178318,PCA_RIDGE,PCA
2025-10-31,2025-11-17,10,PC2,-0.0022382531528274,-0.0001005325253665,-0.002338785678194,-0.0021785810654448,-0.0001602046127491,PCA_RIDGE,PCA
2025-10-31,2025-11-17,10,PC3,0.0006087175632659,-9.56048201561788e-05,0.0005131127431097,-0.0003580019753121,0.0008711147184218,PCA_RIDGE,PCA
2025-10-31,2025-11-17,10,PC1,-0.0211218681781608,0.0002621792378299,-0.0208596889403308,-0.0213335455656032,0.0004738566252724,PCA_RIDGE_VAR,PCA
2025-10-31,2025-11-17,10,PC2,-0.0022382531528274,-9.12174930558958e-05,-0.0023294706458833,-0.0021785810654448,-0.0001508895804384,PCA_RIDGE_VAR,PCA
2025-10-31,2025-11-17,10,PC3,0.0006087175632659,-5.526470670271443e-05,0.0005534528565632,-0.0003580019753121,0.0009114548318753,PCA_RIDGE_VAR,PCA
2025-10-31,2025-12-04,22,beta0,0.0506047315490586,-0.0009256438007538,0.0496790877483047,0.0454887677904905,0.0041903199578141,NS_RIDGE,NS
2025-10-31,2025-12-04,22,beta1,-0.0282408483160531,0.0009729968976728,-0.0272678514183803,-0.0225723952645599,-0.0046954561538203,NS_RIDGE,NS
2025-10-31,2025-12-04,22,beta2,-0.0200570530625166,0.0014059617994168,-0.0186510912630997,-0.00705008950964,-0.0116010017534596,NS_RIDGE,NS
2025-10-31,2025-12-04,22,beta0,0.0506047315490586,-0.0006442653287293,0.0499604662203292,0.0454887677904905,0.0044716984298387,NS_ELASTICNET,NS
2025-10-31,2025-12-04,22,beta1,-0.0282408483160531,0.0006947766700922,-0.0275460716459608,-0.0225723952645599,-0.0049736763814009,NS_ELASTICNET,NS
2025-10-31,2025-12-04,22,beta2,-0.0200570530625166,0.0008221172834656,-0.0192349357790509,-0.00705008950964,-0.0121848462694109,NS_ELASTICNET,NS
2025-10-31,2025-12-04,22,PC1,-0.0211218681781608,0.0004191506304367,-0.020702717547724,-0.0179461842190705,-0.0027565333286535,PCA_RIDGE,PCA
2025-10-31,2025-12-04,22,PC2,-0.0022382531528274,-0.0002746158784355,-0.002512869031263,-0.0031604459161663,0.0006475768849032,PCA_RIDGE,PCA
2025-10-31,2025-12-04,22,PC3,0.0006087175632659,-0.0001868957728637,0.0004218217904022,-0.0008276154770546,0.0012494372674568,PCA_RIDGE,PCA
2025-10-31,2025-12-04,22,PC1,-0.0211218681781608,0.0005254474961426,-0.0205964206820181,-0.0179461842190705,-0.0026502364629475,PCA_RIDGE_VAR,PCA
2025-10-31,2025-12-04,22,PC2,-0.0022382531528274,-0.0001728571187656,-0.0024111102715931,-0.0031604459161663,0.0007493356445731,PCA_RIDGE_VAR,PCA
2025-10-31,2025-12-04,22,PC3,0.0006087175632659,-0.000113631725036,0.0004950858382298,-0.0008276154770546,0.0013227013152845,PCA_RIDGE_VAR,PCA
2025-11-28,2025-12-05,5,beta0,0.0461956672933284,0.0009729536714604,0.0471686209647888,0.0472957751702659,-0.000127154205477,NS_RIDGE,NS
2025-11-28,2025-12-05,5,beta1,-0.0236756518195608,-0.0011067216458273,-0.0247823734653882,-0.0242060784463903,-0.0005762950189978,NS_RIDGE,NS
2025-11-28,2025-12-05,5,beta2,-0.0072960808796037,-0.0020671586505857,-0.0093632395301894,-0.0098837671881147,0.0005205276579253,NS_RIDGE,NS
2025-11-28,2025-12-05,5,beta0,0.0461956672933284,0.0009075035368438,0.0471031708301722,0.0472957751702659,-0.0001926043400936,NS_ELASTICNET,NS
2025-11-28,2025-12-05,5,beta1,-0.0236756518195608,-0.0010063578881898,-0.0246820097077507,-0.0242060784463903,-0.0004759312613603,NS_ELASTICNET,NS
2025-11-28,2025-12-05,5,beta2,-0.0072960808796037,-0.0021495193004912,-0.0094456001800949,-0.0098837671881147,0.0004381670080197,NS_ELASTICNET,NS
2025-11-28,2025-12-05,5,PC1,-0.0180992967663034,-0.0003421896468567,-0.0184414864131602,-0.0173386388293163,-0.0011028475838438,PCA_RIDGE,PCA
2025-11-28,2025-12-05,5,PC2,-0.0023390307337933,0.0003800014115477,-0.0019590293222455,-0.002663406947894,0.0007043776256484,PCA_RIDGE,PCA
2025-11-28,2025-12-05,5,PC3,-0.0009713827621115,0.0002844475618917,-0.0006869352002197,-0.0003063103014735,-0.0003806248987462,PCA_RIDGE,PCA
2025-11-28,2025-12-05,5,PC1,-0.0180992967663034,-0.0001000760866106,-0.0181993728529141,-0.0173386388293163,-0.0008607340235977,PCA_RIDGE_VAR,PCA
2025-11-28,2025-12-05,5,PC2,-0.0023390307337933,-0.0001286136019044,-0.0024676443356977,-0.002663406947894,0.0001957626121962,PCA_RIDGE_VAR,PCA
2025-11-28,2025-12-05,5,PC3,-0.0009713827621115,4.655800852474388e-05,-0.0009248247535867,-0.0003063103014735,-0.0006185144521132,PCA_RIDGE_VAR,PCA
2025-11-28,2025-12-12,10,beta0,0.0461956672933284,0.0009950829476751,0.0471907502410035,0.0479262564665324,-0.0007355062255288,NS_RIDGE,NS
2025-11-28,2025-12-12,10,beta1,-0.0236756518195608,-0.0010474836909403,-0.0247231355105012,-0.0251957080637121,0.0004725725532108,NS_RIDGE,NS
2025-11-28,2025-12-12,10,beta2,-0.0072960808796037,-0.0023386310259961,-0.0096347119055998,-0.0122808914777811,0.0026461795721812,NS_RIDGE,NS
2025-11-28,2025-12-12,10,beta0,0.0461956672933284,0.0006774358938502,0.0468731031871786,0.0479262564665324,-0.0010531532793537,NS_ELASTICNET,NS
2025-11-28,2025-12-12,10,beta1,-0.0236756518195608,-0.0006944065178971,-0.0243700583374579,-0.0251957080637121,0.0008256497262541,NS_ELASTICNET,NS
2025-11-28,2025-12-12,10,beta2,-0.0072960808796037,-0.0017631531025583,-0.0090592339821621,-0.0122808914777811,0.003221657495619,NS_ELASTICNET,NS
2025-11-28,2025-12-12,10,PC1,-0.0180992967663034,-0.0001368599466605,-0.0182361567129639,-0.018714975596721,0.000478818883757,PCA_RIDGE,PCA
2025-11-28,2025-12-12,10,PC2,-0.0023390307337933,0.0003405679656265,-0.0019984627681667,-0.0026779701507352,0.0006795073825684,PCA_RIDGE,PCA
2025-11-28,2025-12-12,10,PC3,-0.0009713827621115,0.000377988451124,-0.0005933943109874,-0.0004265256308878,-0.0001668686800995,PCA_RIDGE,PCA
2025-11-28,2025-12-12,10,PC1,-0.0180992967663034,4.566280644328555e-05,-0.0180536339598601,-0.018714975596721,0.0006613416368608,PCA_RIDGE_VAR,PCA
2025-11-28,2025-12-12,10,PC2,-0.0023390307337933,-0.0001297855946803,-0.0024688163284736,-0.0026779701507352,0.0002091538222615,PCA_RIDGE_VAR,PCA
2025-11-28,2025-12-12,10,PC3,-0.0009713827621115,6.353165957391873e-05,-0.0009078511025376,-0.0004265256308878,-0.0004813254716497,PCA_RIDGE_VAR,PCA
2025-11-28,2026-01-02,22,beta0,0.0461956672933284,0.0001869573526761,0.0463826246460045,0.0488595421050565,-0.0024769174590519,NS_RIDGE,NS
2025-11-28,2026-01-02,22,beta1,-0.0236756518195608,-0.0001700122102344,-0.0238456640297953,-0.0265459042470462,0.0027002402172509,NS_RIDGE,NS
2025-11-28,2026-01-02,22,beta2,-0.0072960808796037,-0.0007132248495098,-0.0080093057291135,-0.0137887017467781,0.0057793960176645,NS_RIDGE,NS
2025-11-28,2026-01-02,22,beta0,0.0461956672933284,-0.0003248350982406,0.0458708321950877,0.0488595421050565,-0.0029887099099687,NS_ELASTICNET,NS
2025-11-28,2026-01-02,22,beta1,-0.0236756518195608,0.0003475193823937,-0.0233281324371671,-0.0265459042470462,0.0032177718098791,NS_ELASTICNET,NS
2025-11-28,2026-01-02,22,beta2,-0.0072960808796037,7.408817596297069e-06,-0.0072886720620074,-0.0137887017467781,0.0065000296847707,NS_ELASTICNET,NS
2025-11-28,2026-01-02,22,PC1,-0.0180992967663034,0.0003436922948599,-0.0177556044714434,-0.0194431977073942,0.0016875932359507,PCA_RIDGE,PCA
2025-11-28,2026-01-02,22,PC2,-0.0023390307337933,0.0004097032479787,-0.0019293274858145,-0.0018912558902532,-3.807159556131487e-05,PCA_RIDGE,PCA
2025-11-28,2026-01-02,22,PC3,-0.0009713827621115,0.0002670286167891,-0.0007043541453224,-0.0002480543621178,-0.0004562997832045,PCA_RIDGE,PCA
2025-11-28,2026-01-02,22,PC1,-0.0180992967663034,0.0003818848303875,-0.0177174119359159,-0.0194431977073942,0.0017257857714782,PCA_RIDGE_VAR,PCA
2025-11-28,2026-01-02,22,PC2,-0.0023390307337933,-0.0001332999773531,-0.0024723307111464,-0.0018912558902532,-0.0005810748208932,PCA_RIDGE_VAR,PCA
2025-11-28,2026-01-02,22,PC3,-0.0009713827621115,0.0001022896874757,-0.0008690930746357,-0.0002480543621178,-0.0006210387125179,PCA_RIDGE_VAR,PCA
2025-12-31,2026-01-08,5,beta0,0.0474548524791206,0.0003959697737872,0.0478508222529079,0.048929336774073,-0.0010785145211651,NS_RIDGE,NS
2025-12-31,2026-01-08,5,beta1,-0.0253289581068736,-0.0003669497986767,-0.0256959079055504,-0.0263114818482614,0.000615573942711,NS_RIDGE,NS
2025-12-31,2026-01-08,5,beta2,-0.0116778548784284,-0.0014737103084402,-0.0131515651868687,-0.0135137722659031,0.0003622070790343,NS_RIDGE,NS
2025-12-31,2026-01-08,5,beta0,0.0474548524791206,0.0002696514323902,0.0477245039115109,0.048929336774073,-0.0012048328625621,NS_ELASTICNET,NS
2025-12-31,2026-01-08,5,beta1,-0.0253289581068736,-0.0002101761447977,-0.0255391342516714,-0.0263114818482614,0.00077234759659,NS_ELASTICNET,NS
2025-12-31,2026-01-08,5,beta2,-0.0116778548784284,-0.0007267474538003,-0.0124046023322288,-0.0135137722659031,0.0011091699336743,NS_ELASTICNET,NS
2025-12-31,2026-01-08,5,PC1,-0.019997698117744,-0.0003151371563156,-0.0203128352740597,-0.018533323361027,-0.0017795119130326,PCA_RIDGE,PCA
2025-12-31,2026-01-08,5,PC2,-0.0021737551004645,-0.0002038987132707,-0.0023776538137353,-0.002037291541258,-0.0003403622724772,PCA_RIDGE,PCA
2025-12-31,2026-01-08,5,PC3,-0.0005697080365316,0.00016677844507,-0.0004029295914616,-0.0002649575403567,-0.0001379720511048,PCA_RIDGE,PCA
2025-12-31,2026-01-08,5,PC1,-0.019997698117744,0.0001917881956438,-0.0198059099221001,-0.018533323361027,-0.0012725865610731,PCA_RIDGE_VAR,PCA
2025-12-31,2026-01-08,5,PC2,-0.0021737551004645,-6.336856502966786e-05,-0.0022371236654942,-0.002037291541258,-0.0001998321242361,PCA_RIDGE_VAR,PCA
2025-12-31,2026-01-08,5,PC3,-0.0005697080365316,7.164729659443704e-05,-0.0004980607399372,-0.0002649575403567,-0.0002331031995804,PCA_RIDGE_VAR,PCA
2025-12-31,2026-01-16,10,beta0,0.0474548524791206,0.0005260434099143,0.047980895889035,0.0474693431846262,0.0005115527044087,NS_RIDGE,NS
2025-12-31,2026-01-16,10,beta1,-0.0253289581068736,-0.0004336180783899,-0.0257625761852635,-0.0241503291777833,-0.0016122470074802,NS_RIDGE,NS
2025-12-31,2026-01-16,10,beta2,-0.0116778548784284,-0.0021453490747139,-0.0138232039531424,-0.00939180288841,-0.0044314010647323,NS_RIDGE,NS
2025-12-31,2026-01-16,10,beta0,0.0474548524791206,-3.299218840452776e-05,0.0474218602907161,0.0474693431846262,-4.748289391012101e-05,NS_ELASTICNET,NS
2025-12-31,2026-01-16,10,beta1,-0.0253289581068736,3.453279765985887e-05,-0.0252944253092137,-0.0241503291777833,-0.0011440961314304,NS_ELASTICNET,NS
2025-12-31,2026-01-16,10,beta2,-0.0116778548784284,-8.70812356127741e-05,-0.0117649361140412,-0.00939180288841,-0.0023731332256311,NS_ELASTICNET,NS
2025-12-31,2026-01-16,10,PC1,-0.019997698117744,-0.000505595370936,-0.0205032934886801,-0.016328428160969,-0.004174865327711,PCA_RIDGE,PCA
2025-12-31,2026-01-16,10,PC2,-0.0021737551004645,-0.0002543417867579,-0.0024280968872225,-0.0024207820922974,-7.31479492505115e-06,PCA_RIDGE,PCA
2025-12-31,2026-01-16,10,PC3,-0.0005697080365316,0.0001629014682806,-0.000406806568251,-0.0003307163266727,-7.609024157832468e-05,PCA_RIDGE,PCA
2025-12-31,2026-01-16,10,PC1,-0.019997698117744,0.0003219728307725,-0.0196757252869715,-0.016328428160969,-0.0033472971260024,PCA_RIDGE_VAR,PCA
2025-12-31,2026-01-16,10,PC2,-0.0021737551004645,-7.749393270950044e-05,-0.002251249033174,-0.0024207820922974,0.0001695330591234,PCA_RIDGE_VAR,PCA
2025-12-31,2026-01-16,10,PC3,-0.0005697080365316,7.688775753484918e-05,-0.0004928202789968,-0.0003307163266727,-0.000162103952324,PCA_RIDGE_VAR,PCA
2025-12-31,2026-02-03,22,beta0,0.0474548524791206,0.0002455098561742,0.0477003623352949,0.0467314181244668,0.000968944210828,NS_RIDGE,NS
2025-12-31,2026-02-03,22,beta1,-0.0253289581068736,-0.0002572994970271,-0.0255862576039008,-0.0228905572662199,-0.0026957003376808,NS_RIDGE,NS
2025-12-31,2026-02-03,22,beta2,-0.0116778548784284,-0.0023471372661375,-0.014024992144566,-0.0068118545042991,-0.0072131376402669,NS_RIDGE,NS
2025-12-31,2026-02-03,22,beta0,0.0474548524791206,-7.82972768698186e-05,0.0473765552022508,0.0467314181244668,0.000645137077784,NS_ELASTICNET,NS
2025-12-31,2026-02-03,22,beta1,-0.0253289581068736,8.28208048885253e-05,-0.0252461373019851,-0.0228905572662199,-0.0023555800357652,NS_ELASTICNET,NS
2025-12-31,2026-02-03,22,beta2,-0.0116778548784284,-0.0001797855952384,-0.0118576404736669,-0.0068118545042991,-0.0050457859693678,NS_ELASTICNET,NS
2025-12-31,2026-02-03,22,PC1,-0.019997698117744,-0.0012486713244578,-0.0212463694422018,-0.0146129086690929,-0.0066334607731089,PCA_RIDGE,PCA
2025-12-31,2026-02-03,22,PC2,-0.0021737551004645,-0.00044434000105,-0.0026180951015146,-0.002603351658508,-1.4743443006527517e-05,PCA_RIDGE,PCA
2025-12-31,2026-02-03,22,PC3,-0.0005697080365316,0.0002074588420857,-0.0003622491944459,-0.0003127251953055,-4.95239991403953e-05,PCA_RIDGE,PCA
2025-12-31,2026-02-03,22,PC1,-0.019997698117744,0.0006350884495075,-0.0193626096682365,-0.0146129086690929,-0.0047497009991436,PCA_RIDGE_VAR,PCA
2025-12-31,2026-02-03,22,PC2,-0.0021737551004645,-0.0001107466435482,-0.0022845017440127,-0.002603351658508,0.0003188499144952,PCA_RIDGE_VAR,PCA
2025-12-31,2026-02-03,22,PC3,-0.0005697080365316,8.923560911127271e-05,-0.0004804724274204,-0.0003127251953055,-0.0001677472321148,PCA_RIDGE_VAR,PCA
2026-01-30,2026-02-06,5,beta0,0.0459378218501317,-0.0002322642428223,0.0457055576073093,0.0468781780382106,-0.0011726204309012,NS_RIDGE,NS
2026-01-30,2026-02-06,5,beta1,-0.0220984841241034,0.0002481762936775,-0.0218503078304258,-0.0234210344009367,0.0015707265705108,NS_RIDGE,NS
2026-01-30,2026-02-06,5,beta2,-0.0056516434680865,0.0006246594239813,-0.0050269840441051,-0.0069413722125358,0.0019143881684306,NS_RIDGE,NS
2026-01-30,2026-02-06,5,beta0,0.0459378218501317,-0.0001693732783705,0.0457684485717611,0.0468781780382106,-0.0011097294664494,NS_ELASTICNET,NS
2026-01-30,2026-02-06,5,beta1,-0.0220984841241034,0.0001560412788865,-0.0219424428452168,-0.0234210344009367,0.0014785915557198,NS_ELASTICNET,NS
2026-01-30,2026-02-06,5,beta2,-0.0056516434680865,0.0002467669109546,-0.0054048765571318,-0.0069413722125358,0.0015364956554039,NS_ELASTICNET,NS
2026-01-30,2026-02-06,5,PC1,-0.0146895166716021,0.0001764154544644,-0.0145131012171377,-0.0152672571354822,0.0007541559183445,PCA_RIDGE,PCA
2026-01-30,2026-02-06,5,PC2,-0.0028848193284769,-6.073573378664665e-05,-0.0029455550622635,-0.0021528687587961,-0.0007926863034674,PCA_RIDGE,PCA
2026-01-30,2026-02-06,5,PC3,-0.0005150791506704,-0.0001321453176381,-0.0006472244683085,-0.0003181620644038,-0.0003290624039047,PCA_RIDGE,PCA
2026-01-30,2026-02-06,5,PC1,-0.0146895166716021,8.483851820218977e-05,-0.0146046781533999,-0.0152672571354822,0.0006625789820822,PCA_RIDGE_VAR,PCA
2026-01-30,2026-02-06,5,PC2,-0.0028848193284769,-1.97869209213517e-05,-0.0029046062493982,-0.0021528687587961,-0.0007517374906021,PCA_RIDGE_VAR,PCA
2026-01-30,2026-02-06,5,PC3,-0.0005150791506704,-2.4392585943872665e-05,-0.0005394717366143,-0.0003181620644038,-0.0002213096722104,PCA_RIDGE_VAR,PCA
2026-01-30,2026-02-13,10,beta0,0.0459378218501317,-0.0003287905138977,0.0456090313362339,0.048239028714769,-0.002629997378535,NS_RIDGE,NS
2026-01-30,2026-02-13,10,beta1,-0.0220984841241034,0.0003594995310136,-0.0217389845930897,-0.0255841014120211,0.0038451168189313,NS_RIDGE,NS
2026-01-30,2026-02-13,10,beta2,-0.0056516434680865,0.0010417799080016,-0.0046098635600848,-0.009025546227792,0.0044156826677071,NS_RIDGE,NS
2026-01-30,2026-02-13,10,beta0,0.0459378218501317,-3.778787728782077e-05,0.0459000339728438,0.048239028714769,-0.0023389947419251,NS_ELASTICNET,NS
2026-01-30,2026-02-13,10,beta1,-0.0220984841241034,4.199937415144952e-05,-0.0220564847499519,-0.0255841014120211,0.0035276166620692,NS_ELASTICNET,NS
2026-01-30,2026-02-13,10,beta2,-0.0056516434680865,-7.162443297000886e-05,-0.0057232679010565,-0.009025546227792,0.0033022783267355,NS_ELASTICNET,NS
2026-01-30,2026-02-13,10,PC1,-0.0146895166716021,0.0009248348713813,-0.0137646818002208,-0.0167149922581957,0.0029503104579749,PCA_RIDGE,PCA
2026-01-30,2026-02-13,10,PC2,-0.0028848193284769,1.9116104940769607e-05,-0.0028657032235361,-0.0011153201638632,-0.0017503830596728,PCA_RIDGE,PCA
2026-01-30,2026-02-13,10,PC3,-0.0005150791506704,-0.0003178951893469,-0.0008329743400174,-0.0003310753829329,-0.0005018989570844,PCA_RIDGE,PCA
2026-01-30,2026-02-13,10,PC1,-0.0146895166716021,0.0002126781615408,-0.0144768385100612,-0.0167149922581957,0.0022381537481344,PCA_RIDGE_VAR,PCA
2026-01-30,2026-02-13,10,PC2,-0.0028848193284769,-1.6064856272045985e-05,-0.0029008841847489,-0.0011153201638632,-0.0017855640208856,PCA_RIDGE_VAR,PCA
2026-01-30,2026-02-13,10,PC3,-0.0005150791506704,-1.8437181485874885e-05,-0.0005335163321563,-0.0003310753829329,-0.0002024409492233,PCA_RIDGE_VAR,PCA
2026-01-30,2026-03-03,22,beta0,0.0459378218501317,-0.0005389136807963,0.0453989081693353,0.0492822743099301,-0.0038833661405948,NS_RIDGE,NS
2026-01-30,2026-03-03,22,beta1,-0.0220984841241034,0.0006224920819492,-0.0214759920421541,-0.0263697988717915,0.0048938068296373,NS_RIDGE,NS
2026-01-30,2026-03-03,22,beta2,-0.0056516434680865,0.0017500565953009,-0.0039015868727855,-0.0118849824835416,0.007983395610756,NS_RIDGE,NS
2026-01-30,2026-03-03,22,beta0,0.0459378218501317,-0.0002738124312249,0.0456640094189067,0.0492822743099301,-0.0036182648910234,NS_ELASTICNET,NS
2026-01-30,2026-03-03,22,beta1,-0.0220984841241034,0.0003086255231664,-0.0217898586009369,-0.0263697988717915,0.0045799402708545,NS_ELASTICNET,NS
2026-01-30,2026-03-03,22,beta2,-0.0056516434680865,0.0002968163289821,-0.0053548271391043,-0.0118849824835416,0.0065301553444372,NS_ELASTICNET,NS
2026-01-30,2026-03-03,22,PC1,-0.0146895166716021,0.0006336630054233,-0.0140558536661788,-0.0166881937831317,0.0026323401169529,PCA_RIDGE,PCA
2026-01-30,2026-03-03,22,PC2,-0.0028848193284769,-0.0001251113381777,-0.0030099306666546,-0.0012659942904595,-0.0017439363761951,PCA_RIDGE,PCA
2026-01-30,2026-03-03,22,PC3,-0.0005150791506704,-0.0003405581787672,-0.0008556373294376,-3.2094550307726344e-05,-0.0008235427791299,PCA_RIDGE,PCA
2026-01-30,2026-03-03,22,PC1,-0.0146895166716021,0.0005140274917488,-0.0141754891798533,-0.0166881937831317,0.0025127046032784,PCA_RIDGE_VAR,PCA
2026-01-30,2026-03-03,22,PC2,-0.0028848193284769,-7.100877673184465e-06,-0.0028919202061501,-0.0012659942904595,-0.0016259259156905,PCA_RIDGE_VAR,PCA
2026-01-30,2026-03-03,22,PC3,-0.0005150791506704,-4.899475113403205e-06,-0.0005199786257838,-3.2094550307726344e-05,-0.0004878840754761,PCA_RIDGE_VAR,PCA
2026-02-27,2026-03-06,5,beta0,0.050322043610592,-0.000248950022678,0.050073093587914,0.0488561477158811,0.0012169458720328,NS_RIDGE,NS
2026-02-27,2026-03-06,5,beta1,-0.0276089648740975,0.000256621544828,-0.0273523433292694,-0.0258662972815839,-0.0014860460476854,NS_RIDGE,NS
2026-02-27,2026-03-06,5,beta2,-0.0164199823761148,6.324245532072496e-05,-0.016356739920794,-0.010731666992678,-0.0056250729281159,NS_RIDGE,NS
2026-02-27,2026-03-06,5,beta0,0.050322043610592,-1.4901361929950193e-05,0.0503071422486621,0.0488561477158811,0.0014509945327809,NS_ELASTICNET,NS
2026-02-27,2026-03-06,5,beta1,-0.0276089648740975,1.5890499556892955e-05,-0.0275930743745406,-0.0258662972815839,-0.0017267770929566,NS_ELASTICNET,NS
2026-02-27,2026-03-06,5,beta2,-0.0164199823761148,-4.468380339014505e-05,-0.0164646661795049,-0.010731666992678,-0.0057329991868268,NS_ELASTICNET,NS
2026-02-27,2026-03-06,5,PC1,-0.0184694893141965,-0.0001253331776282,-0.0185948224918247,-0.016246270795512,-0.0023485516963127,PCA_RIDGE,PCA
2026-02-27,2026-03-06,5,PC2,-0.0015418224125373,-0.0001453732274595,-0.0016871956399969,-0.0013633305706845,-0.0003238650693124,PCA_RIDGE,PCA
2026-02-27,2026-03-06,5,PC3,0.0004094784509539,-4.225233204447188e-05,0.0003672261189094,-0.0001678559063196,0.0005350820252291,PCA_RIDGE,PCA
2026-02-27,2026-03-06,5,PC1,-0.0184694893141965,9.0560904582173e-05,-0.0183789284096143,-0.016246270795512,-0.0021326576141023,PCA_RIDGE_VAR,PCA
2026-02-27,2026-03-06,5,PC2,-0.0015418224125373,-3.949804407417509e-05,-0.0015813204566115,-0.0013633305706845,-0.000217989885927,PCA_RIDGE_VAR,PCA
2026-02-27,2026-03-06,5,PC3,0.0004094784509539,-1.9193867033194133e-05,0.0003902845839207,-0.0001678559063196,0.0005581404902403,PCA_RIDGE_VAR,PCA
2026-02-27,2026-03-13,10,beta0,0.050322043610592,-0.0003521767019728,0.0499698669086192,0.0467414895916255,0.0032283773169936,NS_RIDGE,NS
2026-02-27,2026-03-13,10,beta1,-0.0276089648740975,0.0004037026034899,-0.0272052622706075,-0.0234658964713068,-0.0037393657993006,NS_RIDGE,NS
2026-02-27,2026-03-13,10,beta2,-0.0164199823761148,-7.984723800345891e-05,-0.0164998296141182,-0.0044553802403412,-0.012044449373777,NS_RIDGE,NS
2026-02-27,2026-03-13,10,beta0,0.050322043610592,-3.19765372813151e-05,0.0502900670733107,0.0467414895916255,0.0035485774816851,NS_ELASTICNET,NS
2026-02-27,2026-03-13,10,beta1,-0.0276089648740975,3.380359341931548e-05,-0.0275751612806782,-0.0234658964713068,-0.0041092648093713,NS_ELASTICNET,NS
2026-02-27,2026-03-13,10,beta2,-0.0164199823761148,-8.362297071842835e-05,-0.0165036053468332,-0.0044553802403412,-0.012048225106492,NS_ELASTICNET,NS
2026-02-27,2026-03-13,10,PC1,-0.0184694893141965,-0.0001503490310322,-0.0186198383452288,-0.0143723927325038,-0.004247445612725,PCA_RIDGE,PCA
2026-02-27,2026-03-13,10,PC2,-0.0015418224125373,-0.0002326264319419,-0.0017744488444793,-0.0013860506066761,-0.0003883982378032,PCA_RIDGE,PCA
2026-02-27,2026-03-13,10,PC3,0.0004094784509539,-4.5106752962243016e-05,0.0003643716979917,-0.0005916174682759,0.0009559891662676,PCA_RIDGE,PCA
2026-02-27,2026-03-13,10,PC1,-0.0184694893141965,0.0001781510969878,-0.0182913382172087,-0.0143723927325038,-0.0039189454847049,PCA_RIDGE_VAR,PCA
2026-02-27,2026-03-13,10,PC2,-0.0015418224125373,-7.636199428253158e-05,-0.0016181844068199,-0.0013860506066761,-0.0002321338001438,PCA_RIDGE_VAR,PCA
2026-02-27,2026-03-13,10,PC3,0.0004094784509539,-3.713009826145764e-05,0.0003723483526924,-0.0005916174682759,0.0009639658209684,PCA_RIDGE_VAR,PCA
2026-02-27,2026-04-02,22,beta0,0.050322043610592,-0.0009082337122158,0.0494138098983762,0.0441187826074779,0.0052950272908982,NS_RIDGE,NS
2026-02-27,2026-04-02,22,beta1,-0.0276089648740975,0.0010272217579071,-0.0265817431161903,-0.0206374088036652,-0.005944334312525,NS_RIDGE,NS
2026-02-27,2026-04-02,22,beta2,-0.0164199823761148,0.0003350414626974,-0.0160849409134173,0.0043002803087086,-0.020385221222126,NS_RIDGE,NS
2026-02-27,2026-04-02,22,beta0,0.050322043610592,-7.476627906466237e-05,0.0502472773315273,0.0441187826074779,0.0061284947240494,NS_ELASTICNET,NS
2026-02-27,2026-04-02,22,beta1,-0.0276089648740975,8.112175161871858e-05,-0.0275278431224787,-0.0206374088036652,-0.0068904343188135,NS_ELASTICNET,NS
2026-02-27,2026-04-02,22,beta2,-0.0164199823761148,-0.0001725188560606,-0.0165925012321754,0.0043002803087086,-0.0208927815408841,NS_ELASTICNET,NS
2026-02-27,2026-04-02,22,PC1,-0.0184694893141965,-0.0002539147409366,-0.0187234040551332,-0.0117720654452595,-0.0069513386098736,PCA_RIDGE,PCA
2026-02-27,2026-04-02,22,PC2,-0.0015418224125373,-0.0005175694657391,-0.0020593918782765,-0.0012893918648003,-0.0007700000134761,PCA_RIDGE,PCA
2026-02-27,2026-04-02,22,PC3,0.0004094784509539,-0.000138350890482,0.0002711275604719,-0.0017140121308781,0.00198513969135,PCA_RIDGE,PCA
2026-02-27,2026-04-02,22,PC1,-0.0184694893141965,0.0003917722325748,-0.0180777170816217,-0.0117720654452595,-0.0063056516363621,PCA_RIDGE_VAR,PCA
2026-02-27,2026-04-02,22,PC2,-0.0015418224125373,-0.0001607684141507,-0.0017025908266881,-0.0012893918648003,-0.0004131989618877,PCA_RIDGE_VAR,PCA
2026-02-27,2026-04-02,22,PC3,0.0004094784509539,-7.831698613341222e-05,0.0003311614648205,-0.0017140121308781,0.0020451735956987,PCA_RIDGE_VAR,PCA
2026-03-31,2026-04-09,5,beta0,0.0444867598439577,0.0003259831380647,0.0448127429820225,0.0484793243639353,-0.0036665813819128,NS_RIDGE,NS
2026-03-31,2026-04-09,5,beta1,-0.0211040283884262,-0.0002593027319479,-0.0213633311203742,-0.0265763560084202,0.005213024888046,NS_RIDGE,NS
2026-03-31,2026-04-09,5,beta2,0.0045932002344433,-0.0007576332287006,0.0038355670057426,-0.0026721700661463,0.0065077370718889,NS_RIDGE,NS
2026-03-31,2026-04-09,5,beta0,0.0444867598439577,-3.9300835610916e-05,0.0444474590083468,0.0484793243639353,-0.0040318653555885,NS_ELASTICNET,NS
2026-03-31,2026-04-09,5,beta1,-0.0211040283884262,3.925820468373739e-05,-0.0210647701837425,-0.0265763560084202,0.0055115858246777,NS_ELASTICNET,NS
2026-03-31,2026-04-09,5,beta2,0.0045932002344433,9.7979254188713e-06,0.0046029981598621,-0.0026721700661463,0.0072751682260085,NS_ELASTICNET,NS
2026-03-31,2026-04-09,5,PC1,-0.0114117721090984,4.682974615346998e-05,-0.0113649423629449,-0.0145100105733576,0.0031450682104126,PCA_RIDGE,PCA
2026-03-31,2026-04-09,5,PC2,-0.0008394953429674,-4.477345584714445e-06,-0.0008439726885521,0.0012923198781354,-0.0021362925666875,PCA_RIDGE,PCA
2026-03-31,2026-04-09,5,PC3,-0.0017037458508921,0.0001043421847415,-0.0015994036661506,-0.0011682620724228,-0.0004311415937277,PCA_RIDGE,PCA
2026-03-31,2026-04-09,5,PC1,-0.0114117721090984,1.673316981262024e-05,-0.0113950389392858,-0.0145100105733576,0.0031149716340718,PCA_RIDGE_VAR,PCA
2026-03-31,2026-04-09,5,PC2,-0.0008394953429674,-6.509802223134988e-05,-0.0009045933651987,0.0012923198781354,-0.0021969132433342,PCA_RIDGE_VAR,PCA
2026-03-31,2026-04-09,5,PC3,-0.0017037458508921,6.382822981623217e-05,-0.0016399176210759,-0.0011682620724228,-0.000471655548653,PCA_RIDGE_VAR,PCA
2026-03-31,2026-04-16,10,beta0,0.0444867598439577,0.0001888508977739,0.0446756107417316,0.0490186629348879,-0.0043430521931562,NS_RIDGE,NS
2026-03-31,2026-04-16,10,beta1,-0.0211040283884262,-0.0001403056264355,-0.0212443340148618,-0.0257096108424673,0.0044652768276055,NS_RIDGE,NS
2026-03-31,2026-04-16,10,beta2,0.0045932002344433,-0.0002282018996661,0.0043649983347771,-0.0070047390363498,0.011369737371127,NS_RIDGE,NS
2026-03-31,2026-04-16,10,beta0,0.0444867598439577,-4.695364845767301e-05,0.0444398061955,0.0490186629348879,-0.0045788567393878,NS_ELASTICNET,NS
2026-03-31,2026-04-16,10,beta1,-0.0211040283884262,5.4049368635323707e-05,-0.0210499790197909,-0.0257096108424673,0.0046596318226764,NS_ELASTICNET,NS
2026-03-31,2026-04-16,10,beta2,0.0045932002344433,2.35265914774276e-05,0.0046167268259207,-0.0070047390363498,0.0116214658622705,NS_ELASTICNET,NS
2026-03-31,2026-04-16,10,PC1,-0.0114117721090984,0.0001626675974639,-0.0112491045116344,-0.013416379833693,0.0021672753220585,PCA_RIDGE,PCA
2026-03-31,2026-04-16,10,PC2,-0.0008394953429674,3.286708455552736e-05,-0.0008066282584119,-0.0004921702201268,-0.000314458038285,PCA_RIDGE,PCA
2026-03-31,2026-04-16,10,PC3,-0.0017037458508921,-2.933302143432353e-05,-0.0017330788723265,-0.0004537292947023,-0.0012793495776241,PCA_RIDGE,PCA
2026-03-31,2026-04-16,10,PC1,-0.0114117721090984,0.000116924479358,-0.0112948476297404,-0.013416379833693,0.0021215322039525,PCA_RIDGE_VAR,PCA
2026-03-31,2026-04-16,10,PC2,-0.0008394953429674,-6.036828837998058e-05,-0.0008998636313474,-0.0004921702201268,-0.0004076934112205,PCA_RIDGE_VAR,PCA
2026-03-31,2026-04-16,10,PC3,-0.0017037458508921,0.0001097718610432,-0.0015939739898488,-0.0004537292947023,-0.0011402446951465,PCA_RIDGE_VAR,PCA
2026-03-31,2026-05-05,22,beta0,0.0444867598439577,1.970399775213393e-05,0.0445064638417098,0.0506745140391788,-0.006168050197469,NS_RIDGE,NS
2026-03-31,2026-05-05,22,beta1,-0.0211040283884262,0.0001648737028524,-0.0209391546855737,-0.0284579353235762,0.0075187806380024,NS_RIDGE,NS
2026-03-31,2026-05-05,22,beta2,0.0045932002344433,0.0005233442292649,0.0051165444637082,-0.0094259229719098,0.0145424674356181,NS_RIDGE,NS
2026-03-31,2026-05-05,22,beta0,0.0444867598439577,-2.690403350522296e-05,0.0444598558104525,0.0506745140391788,-0.0062146582287263,NS_ELASTICNET,NS
2026-03-31,2026-05-05,22,beta1,-0.0211040283884262,5.2655768698391314e-05,-0.0210513726197278,-0.0284579353235762,0.0074065627038483,NS_ELASTICNET,NS
2026-03-31,2026-05-05,22,beta2,0.0045932002344433,5.881809618142451e-05,0.0046520183306247,-0.0094259229719098,0.0140779413025345,NS_ELASTICNET,NS
2026-03-31,2026-05-05,22,PC1,-0.0114117721090984,0.0005871842032169,-0.0108245879058815,-0.0153619833295336,0.0045373954236521,PCA_RIDGE,PCA
2026-03-31,2026-05-05,22,PC2,-0.0008394953429674,6.987956714083314e-06,-0.0008325073862533,0.0008778326619092,-0.0017103400481626,PCA_RIDGE,PCA
2026-03-31,2026-05-05,22,PC3,-0.0017037458508921,-0.0001291996241622,-0.0018329454750544,-0.0003207316493627,-0.0015122138256916,PCA_RIDGE,PCA
2026-03-31,2026-05-05,22,PC1,-0.0114117721090984,0.0003469355484337,-0.0110648365606647,-0.0153619833295336,0.0042971467688689,PCA_RIDGE_VAR,PCA
2026-03-31,2026-05-05,22,PC2,-0.0008394953429674,-5.263270056996938e-05,-0.0008921280435374,0.0008778326619092,-0.0017699607054466,PCA_RIDGE_VAR,PCA
2026-03-31,2026-05-05,22,PC3,-0.0017037458508921,0.000214497420303,-0.0014892484305891,-0.0003207316493627,-0.0011685167812263,PCA_RIDGE_VAR,PCA
2026-04-30,2026-05-08,5,beta0,0.0504901227312995,0.0011193409116202,0.0516094636429197,0.0493643234202257,0.0022451402226939,NS_RIDGE,NS
2026-04-30,2026-05-08,5,beta1,-0.0283282659794915,-0.0012066344941991,-0.0295349004736906,-0.0273608303601551,-0.0021740701135355,NS_RIDGE,NS
2026-04-30,2026-05-08,5,beta2,-0.0090964181996865,-0.0034242390652259,-0.0125206572649125,-0.0059571024794588,-0.0065635547854536,NS_RIDGE,NS
2026-04-30,2026-05-08,5,beta0,0.0504901227312995,-4.708437255121089e-05,0.0504430383587483,0.0493643234202257,0.0010787149385225,NS_ELASTICNET,NS
2026-04-30,2026-05-08,5,beta1,-0.0283282659794915,4.297864083291723e-05,-0.0282852873386586,-0.0273608303601551,-0.0009244569785035,NS_ELASTICNET,NS
2026-04-30,2026-05-08,5,beta2,-0.0090964181996865,2.9086870192264043e-05,-0.0090673313294942,-0.0059571024794588,-0.0031102288500354,NS_ELASTICNET,NS
2026-04-30,2026-05-08,5,PC1,-0.0154138230450877,-0.0011942266096835,-0.0166080496547713,-0.0151536574543109,-0.0014543922004603,PCA_RIDGE,PCA
2026-04-30,2026-05-08,5,PC2,0.0008474044997168,0.0001219339992937,0.0009693384990105,0.0011406834145476,-0.000171344915537,PCA_RIDGE,PCA
2026-04-30,2026-05-08,5,PC3,-0.0004093751371885,0.0002855793903819,-0.0001237957468066,-0.0007194820819922,0.0005956863351855,PCA_RIDGE,PCA
2026-04-30,2026-05-08,5,PC1,-0.0154138230450877,-9.938750572239044e-05,-0.0155132105508101,-0.0151536574543109,-0.0003595530964992,PCA_RIDGE_VAR,PCA
2026-04-30,2026-05-08,5,PC2,0.0008474044997168,5.626718026124976e-05,0.000903671679978,0.0011406834145476,-0.0002370117345695,PCA_RIDGE_VAR,PCA
2026-04-30,2026-05-08,5,PC3,-0.0004093751371885,-2.8271787156321205e-05,-0.0004376469243449,-0.0007194820819922,0.0002818351576472,PCA_RIDGE_VAR,PCA
2026-04-30,2026-05-15,10,beta0,0.0504901227312995,0.0016086416888132,0.0520987644201127,0.0490043078454087,0.0030944565747039,NS_RIDGE,NS
2026-04-30,2026-05-15,10,beta1,-0.0283282659794915,-0.0015045885833491,-0.0298328545628407,-0.0254171724845395,-0.0044156820783011,NS_RIDGE,NS
2026-04-30,2026-05-15,10,beta2,-0.0090964181996865,-0.0061912312106053,-0.0152876494102918,-0.0107241123812682,-0.0045635370290236,NS_RIDGE,NS
2026-04-30,2026-05-15,10,beta0,0.0504901227312995,0.0002009512884919,0.0506910740197914,0.0490043078454087,0.0016867661743826,NS_ELASTICNET,NS
2026-04-30,2026-05-15,10,beta1,-0.0283282659794915,-0.0001476760893099,-0.0284759420688014,-0.0254171724845395,-0.0030587695842618,NS_ELASTICNET,NS
2026-04-30,2026-05-15,10,beta2,-0.0090964181996865,-0.0003718789517729,-0.0094682971514594,-0.0107241123812682,0.0012558152298087,NS_ELASTICNET,NS
2026-04-30,2026-05-15,10,PC1,-0.0154138230450877,-0.0023316563328162,-0.017745479377904,-0.0148395343181788,-0.0029059450597252,PCA_RIDGE,PCA
2026-04-30,2026-05-15,10,PC2,0.0008474044997168,-0.0004996673902846,0.0003477371094321,-0.001570736317877,0.0019184734273092,PCA_RIDGE,PCA
2026-04-30,2026-05-15,10,PC3,-0.0004093751371885,0.0004605849656289,5.120982844032462e-05,0.0003977795096101,-0.0003465696811697,PCA_RIDGE,PCA
2026-04-30,2026-05-15,10,PC1,-0.0154138230450877,-5.2065447315893104e-05,-0.0154658884924036,-0.0148395343181788,-0.0006263541742248,PCA_RIDGE_VAR,PCA
2026-04-30,2026-05-15,10,PC2,0.0008474044997168,7.867858069885271e-06,0.0008552723577866,-0.001570736317877,0.0024260086756637,PCA_RIDGE_VAR,PCA
2026-04-30,2026-05-15,10,PC3,-0.0004093751371885,-1.1698017417134016e-05,-0.0004210731546057,0.0003977795096101,-0.0008188526642158,PCA_RIDGE_VAR,PCA
2026-04-30,2026-06-05,22,beta0,0.0504901227312995,0.0005117907724093,0.0510019135037089,0.0499403316166959,0.0010615818870129,NS_RIDGE,NS
2026-04-30,2026-06-05,22,beta1,-0.0283282659794915,-0.000276441084427,-0.0286047070639186,-0.0276473010257952,-0.0009574060381234,NS_RIDGE,NS
2026-04-30,2026-06-05,22,beta2,-0.0090964181996865,-0.0048021807520663,-0.0138985989517528,-0.007475281685813,-0.0064233172659397,NS_RIDGE,NS
2026-04-30,2026-06-05,22,beta0,0.0504901227312995,-6.414896429254995e-05,0.0504259737670069,0.0499403316166959,0.000485642150311,NS_ELASTICNET,NS
2026-04-30,2026-06-05,22,beta1,-0.0283282659794915,6.826927373269452e-05,-0.0282599967057588,-0.0276473010257952,-0.0006126956799636,NS_ELASTICNET,NS
2026-04-30,2026-06-05,22,beta2,-0.0090964181996865,-0.0001625383038468,-0.0092589565035333,-0.007475281685813,-0.0017836748177202,NS_ELASTICNET,NS
2026-04-30,2026-06-05,22,PC1,-0.0154138230450877,-0.0033306655133582,-0.018744488558446,-0.0148225885500633,-0.0039219000083827,PCA_RIDGE,PCA
2026-04-30,2026-06-05,22,PC2,0.0008474044997168,-0.000904506702314,-5.7102202597270296e-05,0.0008621690632684,-0.0009192712658657,PCA_RIDGE,PCA
2026-04-30,2026-06-05,22,PC3,-0.0004093751371885,0.0002212022909769,-0.0001881728462116,-0.000460192578046,0.0002720197318343,PCA_RIDGE,PCA
2026-04-30,2026-06-05,22,PC1,-0.0154138230450877,5.635841265930891e-05,-0.0153574646324284,-0.0148225885500633,-0.0005348760823651,PCA_RIDGE_VAR,PCA
2026-04-30,2026-06-05,22,PC2,0.0008474044997168,-0.0001048539602638,0.0007425505394529,0.0008621690632684,-0.0001196185238154,PCA_RIDGE_VAR,PCA
2026-04-30,2026-06-05,22,PC3,-0.0004093751371885,2.488420786020206e-05,-0.0003844909293283,-0.000460192578046,7.57016487176683e-05,PCA_RIDGE_VAR,PCA
