market,model,representation,variant,horizon,maturity,n,mae,rmse,bias,rmse_ratio_vs_persistence,rmse_improvement_pct,mae_ratio_vs_persistence,mae_improvement_pct,rate_unit
BAM,DNS_KALMAN_OU,NS,existing,5,0.25,45,0.000855354097992,0.0010521761585355,0.0006837565276463,1.9325442660416643,-93.25442660416644,2.739248113602377,-173.92481136023775,decimal
BAM,DNS_KALMAN_OU,NS,existing,5,0.5,45,0.0007667920275497,0.0010247579442258,0.0003835016067732,1.39541510277114,-39.541510277114,1.731858041071239,-73.18580410712391,decimal
BAM,DNS_KALMAN_OU,NS,existing,5,1.0,45,0.0007184990296398,0.0011434080604746,-0.0002718209556655,1.2677582383521555,-26.775823835215554,1.4417377185067948,-44.173771850679465,decimal
BAM,DNS_KALMAN_OU,NS,existing,5,2.0,45,0.0008292777551897,0.0014235554432098,-0.0006710732741924,1.202157772175242,-20.215777217524195,1.5945280892341973,-59.45280892341973,decimal
BAM,DNS_KALMAN_OU,NS,existing,5,5.0,45,0.0007013089684288,0.0014192412660149,-0.0005008985388167,0.9264930405881228,7.350695941187736,1.2949345659763414,-29.493456597634133,decimal
BAM,DNS_KALMAN_OU,NS,existing,5,10.0,45,0.0006128829645321,0.0016065875942786,-1.3018066162508158e-06,1.013950356697534,-1.3950356697533892,1.2273017842007403,-22.730178420074065,decimal
BAM,DNS_KALMAN_OU,NS,existing,5,15.0,45,0.0007188875633015,0.0017838444260799,4.075846495666685e-05,1.0908706493487952,-9.08706493487952,1.4969757090176483,-49.69757090176482,decimal
BAM,DNS_KALMAN_OU,NS,existing,5,20.0,45,0.0008180670573912,0.0019617989881205,-0.0002331643026017,1.0178695689963773,-1.7869568996377156,1.402808121667669,-40.28081216676691,decimal
BAM,DNS_KALMAN_OU,NS,existing,5,30.0,45,0.0014496300518054,0.0024228400504295,-0.001278579872588,1.0462646161068585,-4.62646161068584,2.2920673775202887,-129.20673775202889,decimal
BAM,DNS_KALMAN_OU,NS,existing,10,0.25,44,0.0007642311079944,0.0009493055030529,0.0004982968932832,1.5972754317603683,-59.72754317603684,2.0071064352081605,-100.71064352081602,decimal
BAM,DNS_KALMAN_OU,NS,existing,10,0.5,44,0.0007830943347553,0.0011149886158359,0.0001238532962294,1.144287108249766,-14.4287108249766,1.313283442524069,-31.32834425240689,decimal
BAM,DNS_KALMAN_OU,NS,existing,10,1.0,44,0.0007421027003239,0.0011622630101121,-0.0002952741983064,1.2160398064872506,-21.603980648725067,1.2788643920365284,-27.886439203652845,decimal
BAM,DNS_KALMAN_OU,NS,existing,10,2.0,44,0.0010503732478162,0.0015469118848223,-0.0008038779364184,1.1892909830132006,-18.929098301320064,1.5381721490657585,-53.81721490657583,decimal
BAM,DNS_KALMAN_OU,NS,existing,10,5.0,44,0.0008311458703856,0.0015536146171287,-0.0005240591167784,0.910469550717764,8.953044928223589,1.0886725025912622,-8.86725025912623,decimal
BAM,DNS_KALMAN_OU,NS,existing,10,10.0,44,0.0007694983401061,0.0016363740893427,9.661252330527486e-05,1.004141884465777,-0.4141884465776928,1.1873598506127288,-18.73598506127288,decimal
BAM,DNS_KALMAN_OU,NS,existing,10,15.0,44,0.0007881194740147,0.001792167575435,6.534789146853373e-05,1.0573269626858188,-5.732696268581889,1.2099432943016215,-20.994329430162157,decimal
BAM,DNS_KALMAN_OU,NS,existing,10,20.0,44,0.000914700447702,0.0019868417643077,-0.0001783077225731,1.009191232462737,-0.9191232462737042,1.4286972160364853,-42.86972160364853,decimal
BAM,DNS_KALMAN_OU,NS,existing,10,30.0,44,0.001379938368177,0.0023921604017055,-0.0011643060980474,1.0272187277253166,-2.721872772531663,2.199326801444642,-119.9326801444642,decimal
BAM,DNS_KALMAN_OU,NS,existing,22,0.25,36,0.0010934314584482,0.0013526565419536,0.0007619349085803,1.177680165654313,-17.768016565431292,1.363967318468147,-36.396731846814674,decimal
BAM,DNS_KALMAN_OU,NS,existing,22,0.5,36,0.001057885919609,0.0013261964239865,0.0005126527935724,1.0894410497639615,-8.944104976396142,1.190598370448099,-19.059837044809875,decimal
BAM,DNS_KALMAN_OU,NS,existing,22,1.0,36,0.0013010669298187,0.0017201497857643,-0.0003037014410132,1.0688008313328714,-6.88008313328713,1.104117224720358,-10.411722472035782,decimal
BAM,DNS_KALMAN_OU,NS,existing,22,2.0,36,0.0014249546454266,0.0020661034509882,-0.0007508792179146,1.038210556802163,-3.821055680216293,1.1054310722147191,-10.54310722147192,decimal
BAM,DNS_KALMAN_OU,NS,existing,22,5.0,36,0.0012178765580219,0.0019879362672663,-0.0004966177089018,0.857926974745207,14.207302525479305,0.8636086076422431,13.639139235775689,decimal
BAM,DNS_KALMAN_OU,NS,existing,22,10.0,36,0.0014521165853892,0.0022636724713741,2.357918459591121e-05,0.9151127385899568,8.488726141004317,0.9935713169092242,0.6428683090775826,decimal
BAM,DNS_KALMAN_OU,NS,existing,22,15.0,36,0.001534845435119,0.0023917274050198,0.0001024446113439,0.9899596388881124,1.0040361111887546,1.0639105863351843,-6.391058633518464,decimal
BAM,DNS_KALMAN_OU,NS,existing,22,20.0,36,0.0016459651518737,0.0025779174171548,-0.0001835188737186,0.9698418562540692,3.015814374593069,1.15248700375624,-15.248700375624,decimal
BAM,DNS_KALMAN_OU,NS,existing,22,30.0,36,0.0016104888078777,0.0027239537327585,-0.0010326638401983,0.9745474242659028,2.545257573409722,1.3595765065160437,-35.95765065160437,decimal
BAM,NS_ELASTICNET,NS,direct_change,5,0.25,53,0.0008152936692026,0.0010274325134351,0.0006523656612923,1.880879565527268,-88.08795655272678,2.5069456057131814,-150.69456057131814,decimal
BAM,NS_ELASTICNET,NS,direct_change,5,0.5,53,0.0006881119661452,0.0009400914283427,0.0003420828357038,1.1948972852018958,-19.48972852018957,1.425046176635598,-42.504617663559806,decimal
BAM,NS_ELASTICNET,NS,direct_change,5,1.0,53,0.0006209085931928,0.0010229665320801,-0.0002900291773391,1.1302318844669936,-13.023188446699372,1.1779484872599426,-17.794848725994264,decimal
BAM,NS_ELASTICNET,NS,direct_change,5,2.0,53,0.0008920369682203,0.0013909384862371,-0.0006914009259784,1.2122876261711972,-21.228762617119717,1.685284948560213,-68.52849485602131,decimal
BAM,NS_ELASTICNET,NS,direct_change,5,5.0,53,0.0007406637094465,0.0013618356398925,-0.0005382092010257,0.9385951119855964,6.14048880144037,1.3319016906236627,-33.19016906236628,decimal
BAM,NS_ELASTICNET,NS,direct_change,5,10.0,53,0.0005979754675515,0.0015092553990648,-4.387216483871537e-05,1.0254219805196934,-2.5421980519693395,1.243717220703894,-24.3717220703894,decimal
BAM,NS_ELASTICNET,NS,direct_change,5,15.0,53,0.0006458897917491,0.0016856092574348,4.131565920321363e-05,1.111299887604922,-11.129988760492198,1.427520958673266,-42.75209586732659,decimal
BAM,NS_ELASTICNET,NS,direct_change,5,20.0,53,0.0007068182115651,0.0018482350633493,-7.548107672385718e-05,1.0341237238909786,-3.412372389097873,1.2990698648267818,-29.906986482678168,decimal
BAM,NS_ELASTICNET,NS,direct_change,5,30.0,53,0.0010489065049833,0.0021627815911492,-0.0009713227323853,1.006516342550735,-0.6516342550735083,1.7550186173562383,-75.50186173562383,decimal
BAM,NS_ELASTICNET,NS,direct_change,10,0.25,53,0.0007584686491381,0.0009525560859555,0.0004940317043315,1.5989740081443942,-59.897400814439415,1.926566637260729,-92.65666372607288,decimal
BAM,NS_ELASTICNET,NS,direct_change,10,0.5,53,0.0007001533692984,0.0010108314584679,0.000114598785579,1.031883955423837,-3.1883955423837103,1.1390838265687402,-13.908382656874029,decimal
BAM,NS_ELASTICNET,NS,direct_change,10,1.0,53,0.0006326276226248,0.001012926438636,-0.0003419000840657,1.0949363944426802,-9.49363944426803,1.0725352308388638,-7.253523083886386,decimal
BAM,NS_ELASTICNET,NS,direct_change,10,2.0,53,0.0010098702959454,0.0014519531132787,-0.0008440587139027,1.213347251042257,-21.33472510422569,1.6281669934784606,-62.81669934784607,decimal
BAM,NS_ELASTICNET,NS,direct_change,10,5.0,53,0.0008767539864967,0.0015142524668898,-0.0005970262882751,0.9475743368820349,5.2425663117965255,1.1662558742030509,-16.625587420305063,decimal
BAM,NS_ELASTICNET,NS,direct_change,10,10.0,53,0.0007541050962409,0.001552762295644,-8.177015274630781e-06,1.0294703187478056,-2.947031874780559,1.2188202225007183,-21.882022250071845,decimal
BAM,NS_ELASTICNET,NS,direct_change,10,15.0,53,0.0007193100439377,0.0017056316774051,-1.1351307980868292e-05,1.0911760455829596,-9.117604558295966,1.1791430104270897,-17.91430104270897,decimal
BAM,NS_ELASTICNET,NS,direct_change,10,20.0,53,0.0007211267600429,0.0018666013474577,-0.0001130669974744,1.034692853514303,-3.4692853514303064,1.232938273188807,-23.29382731888071,decimal
BAM,NS_ELASTICNET,NS,direct_change,10,30.0,53,0.0009989618449062,0.002144463134347,-0.0008978956785157,0.9976945286390648,0.2305471360935283,1.6644633637137742,-66.44633637137741,decimal
BAM,NS_ELASTICNET,NS,direct_change,22,0.25,53,0.001170955659146,0.0014648333793514,0.0006947459745103,1.2255899875708511,-22.558998757085103,1.3704400997958426,-37.04400997958425,decimal
BAM,NS_ELASTICNET,NS,direct_change,22,0.5,53,0.0010714536281138,0.0013243648352032,0.0004229283050224,1.0627308203971175,-6.273082039711777,1.145746597554852,-14.5746597554852,decimal
BAM,NS_ELASTICNET,NS,direct_change,22,1.0,53,0.0010621252747018,0.0015003889023968,-0.0002888842783581,1.0266790839351008,-2.6679083935100856,0.9729364373588634,2.706356264113663,decimal
BAM,NS_ELASTICNET,NS,direct_change,22,2.0,53,0.0013511616493728,0.0018970096774324,-0.0006976183067476,1.0714584663014726,-7.1458466301472665,1.1634418834771374,-16.34418834771374,decimal
BAM,NS_ELASTICNET,NS,direct_change,22,5.0,53,0.0012749516987185,0.0019218123734221,-0.0004422319930694,0.9496093814799312,5.039061852006873,1.0128552379818334,-1.2855237981833338,decimal
BAM,NS_ELASTICNET,NS,direct_change,22,10.0,53,0.001394641504398,0.0021655347455418,2.3535709915546407e-06,1.0068465869519188,-0.6846586951918665,1.0949066741105644,-9.49066741105644,decimal
BAM,NS_ELASTICNET,NS,direct_change,22,15.0,53,0.001356528451026,0.0022748585612689,6.474469245680434e-05,1.0888398528660472,-8.883985286604718,1.1183143000211164,-11.83143000211165,decimal
BAM,NS_ELASTICNET,NS,direct_change,22,20.0,53,0.0012900280185121,0.0023414207641093,-5.367651605789143e-05,1.036315901933735,-3.631590193373465,1.1054159383423572,-10.541593834235725,decimal
BAM,NS_ELASTICNET,NS,direct_change,22,30.0,53,0.0013190885569698,0.0024611865233296,-0.0008440056999121,1.0372257256498516,-3.72257256498516,1.3033822245567102,-30.33822245567101,decimal
BAM,NS_RIDGE,NS,direct_change,5,0.25,53,0.0007716177885085,0.0009866216799338,0.0006716846160655,1.8061688066393664,-80.61688066393661,2.372646688258285,-137.2646688258285,decimal
BAM,NS_RIDGE,NS,direct_change,5,0.5,53,0.0006532926912422,0.0008465195458934,0.0003608793212988,1.0759633337383214,-7.596333373832135,1.3529371638367325,-35.29371638367324,decimal
BAM,NS_RIDGE,NS,direct_change,5,1.0,53,0.0005988994238301,0.0009259043930948,-0.0002722224723629,1.022992086472157,-2.2992086472156723,1.1361940840501854,-13.619408405018534,decimal
BAM,NS_RIDGE,NS,direct_change,5,2.0,53,0.0008967844064749,0.0013233347517286,-0.0006753675047945,1.1533668531546486,-15.336685315464862,1.6942540681368174,-69.42540681368175,decimal
BAM,NS_RIDGE,NS,direct_change,5,5.0,53,0.0007396775299903,0.0013128370558589,-0.0005261087181865,0.9048246406299564,9.517535937004364,1.3301282891889925,-33.01282891889925,decimal
BAM,NS_RIDGE,NS,direct_change,5,10.0,53,0.0006267569384293,0.0014755856867193,-3.508966858423219e-05,1.002546022521957,-0.2546022521956576,1.3035792266060635,-30.357922660606384,decimal
BAM,NS_RIDGE,NS,direct_change,5,15.0,53,0.0006672933089921,0.0016610091039808,4.909608570352568e-05,1.095081331822807,-9.508133182280709,1.4748261953314052,-47.482619533140536,decimal
BAM,NS_RIDGE,NS,direct_change,5,20.0,53,0.0007270762880606,0.0018129587727713,-6.757852731457366e-05,1.014385948268694,-1.438594826869394,1.336302432216922,-33.630243221692204,decimal
BAM,NS_RIDGE,NS,direct_change,5,30.0,53,0.0010462487911185,0.0021171344669668,-0.0009620410256571,0.9852730618292236,1.472693817077655,1.7505717602816369,-75.0571760281637,decimal
BAM,NS_RIDGE,NS,direct_change,10,0.25,53,0.000688570040373,0.0008954563114748,0.0005388415450894,1.5031255257172802,-50.31255257172801,1.7490189854350224,-74.90189854350224,decimal
BAM,NS_RIDGE,NS,direct_change,10,0.5,53,0.0006354878899289,0.000873504991875,0.000161264923848,0.891697402715076,10.830259728492402,1.0338791601098676,-3.3879160109867583,decimal
BAM,NS_RIDGE,NS,direct_change,10,1.0,53,0.0006071356186115,0.0008754055571497,-0.0002918529492109,0.9462813565329552,5.371864346704466,1.029316959250423,-2.931695925042305,decimal
BAM,NS_RIDGE,NS,direct_change,10,2.0,53,0.000962659422142,0.0013362739802865,-0.0007884547257237,1.1166781804397166,-11.667818043971664,1.552051093477702,-55.20510934777021,decimal
BAM,NS_RIDGE,NS,direct_change,10,5.0,53,0.0008897287467861,0.0014814569096658,-0.0005322984563439,0.92705184867836,7.294815132164007,1.1835148666193631,-18.351486661936317,decimal
BAM,NS_RIDGE,NS,direct_change,10,10.0,53,0.0008258713770369,0.0015690474980931,5.650326149328293e-05,1.0402672917314832,-4.026729173148315,1.3348122702456466,-33.48122702456466,decimal
BAM,NS_RIDGE,NS,direct_change,10,15.0,53,0.0007520346208873,0.0017005328052353,4.487648309011966e-05,1.087914047553204,-8.791404755320412,1.2327874110641197,-23.278741106411942,decimal
BAM,NS_RIDGE,NS,direct_change,10,20.0,53,0.0007636875916919,0.0018273107936387,-6.763815198202834e-05,1.0129133475140115,-1.2913347514011568,1.305706170854488,-30.57061708544881,decimal
BAM,NS_RIDGE,NS,direct_change,10,30.0,53,0.0010278160162251,0.0021070516971295,-0.0008725328609384,0.9802891530825456,1.971084691745424,1.7125399857543533,-71.25399857543533,decimal
BAM,NS_RIDGE,NS,direct_change,22,0.25,53,0.0011841901569052,0.0015511723350014,0.000692880390737,1.2978276639328914,-29.782766393289144,1.385929231504777,-38.59292315047772,decimal
BAM,NS_RIDGE,NS,direct_change,22,0.5,53,0.0010925977884431,0.0014733302199785,0.0004241256601035,1.1822674475899757,-18.226744758997555,1.1683568618908793,-16.83568618908794,decimal
BAM,NS_RIDGE,NS,direct_change,22,1.0,53,0.0011485093433406,0.0017215127531521,-0.000282378913871,1.1779886758462366,-17.798867584623665,1.0520666586123073,-5.206665861230741,decimal
BAM,NS_RIDGE,NS,direct_change,22,2.0,53,0.0014000799862288,0.0022456796394825,-0.000683450011442,1.2683922970709842,-26.83922970709842,1.205563891598649,-20.55638915986491,decimal
BAM,NS_RIDGE,NS,direct_change,22,5.0,53,0.0014218518865706,0.002598727538709,-0.0004232213547595,1.2840879186733778,-28.408791867337776,1.129556619591902,-12.955661959190191,decimal
BAM,NS_RIDGE,NS,direct_change,22,10.0,53,0.0015802520920208,0.002949754929827,-5.388390956931425e-06,1.3714629559997644,-37.14629559997645,1.2406260367804591,-24.06260367804592,decimal
BAM,NS_RIDGE,NS,direct_change,22,15.0,53,0.001495111867196,0.0029467855343879,1.3848364385410202e-05,1.4104514374295467,-41.04514374295467,1.2325616760577214,-23.25616760577214,decimal
BAM,NS_RIDGE,NS,direct_change,22,20.0,53,0.0013888365969118,0.0028135537250329,-0.0001493206223363,1.2452825698356276,-24.52825698356276,1.1900843144090654,-19.008431440906527,decimal
BAM,NS_RIDGE,NS,direct_change,22,30.0,53,0.0014615030454968,0.0025905408417264,-0.0010152616781527,1.0917399306860376,-9.173993068603751,1.444100989710602,-44.410098971060215,decimal
BAM,PCA_RIDGE,PCA,direct_change,5,0.25,53,0.0006090020936614,0.0008122548281673,0.0003129108016286,1.4869623924911637,-48.69623924911637,1.872619867228688,-87.26198672286874,decimal
BAM,PCA_RIDGE,PCA,direct_change,5,0.5,53,0.0005779552895116,0.0007883577834667,0.0001241635981563,1.0020371921621714,-0.2037192162171321,1.196917095045822,-19.69170950458222,decimal
BAM,PCA_RIDGE,PCA,direct_change,5,1.0,53,0.000599244887198,0.0008992650611197,-0.0002189314478738,0.9935594301389024,0.6440569861097648,1.1368494752883125,-13.684947528831255,decimal
BAM,PCA_RIDGE,PCA,direct_change,5,2.0,53,0.0007856865798764,0.0011772529260583,-0.0002221551624382,1.0260476428366996,-2.6047642836699647,1.4843619878145102,-48.43619878145103,decimal
BAM,PCA_RIDGE,PCA,direct_change,5,5.0,53,0.0007087647367368,0.001264321159036,-0.000290630077387,0.8713868436758414,12.86131563241586,1.274539226202421,-27.45392262024212,decimal
BAM,PCA_RIDGE,PCA,direct_change,5,10.0,53,0.0006214243659825,0.0014448333693701,-0.0001257164182022,0.9816522081408692,1.8347791859130784,1.292488115778593,-29.248811577859307,decimal
BAM,PCA_RIDGE,PCA,direct_change,5,15.0,53,0.0006898112054172,0.0016494897470777,-1.908740784625444e-05,1.0874867721849923,-8.748677218499227,1.5245943903124552,-52.45943903124552,decimal
BAM,PCA_RIDGE,PCA,direct_change,5,20.0,53,0.0009626557557558,0.0019869231333832,-4.950353559277316e-06,1.1117224159008252,-11.172241590082528,1.769276826831051,-76.9276826831051,decimal
BAM,PCA_RIDGE,PCA,direct_change,5,30.0,53,0.0010365537531056,0.002098790434845,-0.000604862267954,0.9767361072914325,2.3263892708567617,1.7343501312539713,-73.43501312539713,decimal
BAM,PCA_RIDGE,PCA,direct_change,10,0.25,53,0.000577805125153,0.0007794347384343,0.0001928938256602,1.3083700856848353,-30.83700856848352,1.4676678834689345,-46.766788346893456,decimal
BAM,PCA_RIDGE,PCA,direct_change,10,0.5,53,0.0006528331404912,0.0008863027641192,-5.992826640767796e-05,0.9047617130244532,9.523828697554697,1.062098255024908,-6.2098255024908,decimal
BAM,PCA_RIDGE,PCA,direct_change,10,1.0,53,0.0006199082417024,0.0008631177463896,-0.0002203189696348,0.9329986829882204,6.700131701177966,1.0509712275201757,-5.09712275201756,decimal
BAM,PCA_RIDGE,PCA,direct_change,10,2.0,53,0.0008168736028048,0.0011532363281109,-0.0003134706372757,0.9637199133487732,3.628008665122681,1.317007385275637,-31.700738527563686,decimal
BAM,PCA_RIDGE,PCA,direct_change,10,5.0,53,0.0008697624156893,0.0014024284667206,-0.0002743950520207,0.877598190153094,12.240180984690593,1.1569557048857582,-15.695570488575818,decimal
BAM,PCA_RIDGE,PCA,direct_change,10,10.0,53,0.0008540319918818,0.0015306702336527,-4.388113452196762e-06,1.014823439335695,-1.4823439335694943,1.380326784100564,-38.032678410056405,decimal
BAM,PCA_RIDGE,PCA,direct_change,10,15.0,53,0.0008101716419278,0.0017126376932825,1.3729719137009714e-05,1.0956581367645686,-9.565813676456855,1.3280896560205375,-32.808965602053775,decimal
BAM,PCA_RIDGE,PCA,direct_change,10,20.0,53,0.0010284120658123,0.0020163914532748,1.9297276726183785e-05,1.1177243761407971,-11.77243761407974,1.7583158285149794,-75.83158285149794,decimal
BAM,PCA_RIDGE,PCA,direct_change,10,30.0,53,0.0011340771983188,0.0021482480260309,-0.0005037353420845,0.9994554195884434,0.0544580411556591,1.8895916374081936,-88.95916374081935,decimal
BAM,PCA_RIDGE,PCA,direct_change,22,0.25,53,0.0010987412488076,0.0013755770611146,0.0003730371216235,1.1509114258309654,-15.091142583096527,1.2859232157123937,-28.59232157123936,decimal
BAM,PCA_RIDGE,PCA,direct_change,22,0.5,53,0.0010342092230991,0.0012965727952911,0.0002385584128922,1.0404292184584591,-4.0429218458459255,1.1059197219870955,-10.59197219870954,decimal
BAM,PCA_RIDGE,PCA,direct_change,22,1.0,53,0.0010681613951495,0.0014134704044156,-0.0001619841919381,0.9672029016321572,3.2797098367842823,0.978465692394742,2.153430760525801,decimal
BAM,PCA_RIDGE,PCA,direct_change,22,2.0,53,0.0011893299216899,0.0017319008839464,-0.0001400800975992,0.9782026349022238,2.17973650977762,1.0240937824197225,-2.4093782419722345,decimal
BAM,PCA_RIDGE,PCA,direct_change,22,5.0,53,0.0012957933605649,0.0019646150287002,-6.959230732704105e-05,0.9707591063783888,2.924089362161116,1.0294124035518135,-2.941240355181353,decimal
BAM,PCA_RIDGE,PCA,direct_change,22,10.0,53,0.0014539478651013,0.0022371236322455,8.507604842090968e-05,1.0401312185606644,-4.013121856066429,1.1414669764868626,-14.14669764868625,decimal
BAM,PCA_RIDGE,PCA,direct_change,22,15.0,53,0.0015642153286526,0.0024452917531423,0.0001830677856299,1.1704161120332708,-17.041611203327083,1.289530174631683,-28.953017463168305,decimal
BAM,PCA_RIDGE,PCA,direct_change,22,20.0,53,0.0015114412371161,0.0026420886748337,0.0001243300346435,1.169391913670338,-16.939191367033786,1.2951433685161715,-29.514336851617145,decimal
BAM,PCA_RIDGE,PCA,direct_change,22,30.0,53,0.0014661515233567,0.0025893738177593,-0.0004706992411712,1.091248108034773,-9.124810803477262,1.4486941183385906,-44.86941183385907,decimal
BAM,PCA_RIDGE_VAR,PCA,recursive,5,0.25,53,0.0006025492076138,0.0008429826411308,0.0002771317661761,1.5432145693890351,-54.32145693890352,1.852777895026192,-85.27778950261919,decimal
BAM,PCA_RIDGE_VAR,PCA,recursive,5,0.5,53,0.0005779157958982,0.0008666042087483,9.253837889351484e-05,1.101491817879223,-10.14918178792231,1.19683530570694,-19.68353057069401,decimal
BAM,PCA_RIDGE_VAR,PCA,recursive,5,1.0,53,0.00061651970647,0.0010121294380941,-0.0002442736362844,1.118258443720152,-11.825844372015204,1.1696221691310702,-16.962216913107014,decimal
BAM,PCA_RIDGE_VAR,PCA,recursive,5,2.0,53,0.0008096100589884,0.001274905719039,-0.000238086555293,1.1111580008883637,-11.115800088836345,1.5295595308546677,-52.95595308546676,decimal
BAM,PCA_RIDGE_VAR,PCA,recursive,5,5.0,53,0.000719115793142,0.0013397392518212,-0.0002994259904656,0.9233659894478108,7.663401055218928,1.2931530577565078,-29.31530577565079,decimal
BAM,PCA_RIDGE_VAR,PCA,recursive,5,10.0,53,0.0005906204350453,0.0014883867069645,-0.0001291252629099,1.0112433228865116,-1.1243322886511686,1.2284196356302728,-22.841963563027285,decimal
BAM,PCA_RIDGE_VAR,PCA,recursive,5,15.0,53,0.0006140813448851,0.0016550042803663,-2.5598794671413357e-05,1.091122431040561,-9.1122431040561,1.3572191438106624,-35.72191438106625,decimal
BAM,PCA_RIDGE_VAR,PCA,recursive,5,20.0,53,0.0009486526720835,0.0020227068696149,-4.049618377864933e-05,1.1317441173069247,-13.174411730692476,1.7435403875096112,-74.35403875096111,decimal
BAM,PCA_RIDGE_VAR,PCA,recursive,5,30.0,53,0.0010384131893095,0.0021632686812104,-0.0006693608721994,1.0067430247589122,-0.674302475891213,1.7374613190862769,-73.74613190862767,decimal
BAM,PCA_RIDGE_VAR,PCA,recursive,10,0.25,53,0.0005896230615716,0.00080592251889,0.0001119531096322,1.35283284552298,-35.28328455229801,1.497686318708407,-49.7686318708407,decimal
BAM,PCA_RIDGE_VAR,PCA,recursive,10,0.5,53,0.0006687072524757,0.0009916698020157,-0.0001381387173621,1.0123232208555677,-1.2323220855567674,1.087923945531565,-8.79239455315651,decimal
BAM,PCA_RIDGE_VAR,PCA,recursive,10,1.0,53,0.0006332273000329,0.0010032587731067,-0.0002942831730893,1.0844860019624754,-8.448600196247526,1.0735519034031042,-7.3551903403104335,decimal
BAM,PCA_RIDGE_VAR,PCA,recursive,10,2.0,53,0.0008400485807356,0.0012807374387552,-0.0003805355476445,1.0702682038481277,-7.0268203848127495,1.35437132626188,-35.43713262618799,decimal
BAM,PCA_RIDGE_VAR,PCA,recursive,10,5.0,53,0.0008599162695252,0.0014580977986954,-0.0003390176310055,0.9124344090030658,8.756559099693419,1.1438583868478522,-14.385838684785226,decimal
BAM,PCA_RIDGE_VAR,PCA,recursive,10,10.0,53,0.0007301415782432,0.0015171491599927,-6.711774994017372e-05,1.0058590640094769,-0.5859064009476681,1.1800892545182915,-18.008925451829146,decimal
BAM,PCA_RIDGE_VAR,PCA,recursive,10,15.0,53,0.0006837545220323,0.0016684245435956,-5.3640704225238895e-05,1.067372821431127,-6.737282143112732,1.120857928089947,-12.085792808994706,decimal
BAM,PCA_RIDGE_VAR,PCA,recursive,10,20.0,53,0.0009956079820317,0.002042682088604,-7.560214367196511e-05,1.1322977785046824,-13.22977785046824,1.702229419507428,-70.2229419507428,decimal
BAM,PCA_RIDGE_VAR,PCA,recursive,10,30.0,53,0.0010724723096284,0.0021800375509396,-0.0006162088400409,1.0142452448651629,-1.424524486516272,1.7869459950610735,-78.69459950610735,decimal
BAM,PCA_RIDGE_VAR,PCA,recursive,22,0.25,53,0.0010497443783234,0.0012878579224304,0.0002731064005177,1.0775189843389037,-7.751898433890347,1.2285792201890835,-22.85792201890837,decimal
BAM,PCA_RIDGE_VAR,PCA,recursive,22,0.5,53,0.0010041515783213,0.0012318519305029,0.0001342163556389,0.9884942410980084,1.1505758901991543,1.0737779257104745,-7.377792571047451,decimal
BAM,PCA_RIDGE_VAR,PCA,recursive,22,1.0,53,0.0010493058779942,0.0014753282067123,-0.0002745513705894,1.009530668582937,-0.9530668582937034,0.961193511680668,3.880648831933209,decimal
BAM,PCA_RIDGE_VAR,PCA,recursive,22,2.0,53,0.0011984123096189,0.0017468085823336,-0.0002636411763783,0.986622718278712,1.3377281721288004,1.0319143348484097,-3.191433484840974,decimal
BAM,PCA_RIDGE_VAR,PCA,recursive,22,5.0,53,0.0011877535941471,0.001819959272405,-0.0002238868357334,0.8992815442798507,10.071845572014922,0.9435827651140286,5.641723488597134,decimal
BAM,PCA_RIDGE_VAR,PCA,recursive,22,10.0,53,0.0012450991147041,0.0020058745442852,-9.693305063770872e-05,0.932613961944076,6.738603805592416,0.9775037716285464,2.249622837145372,decimal
BAM,PCA_RIDGE_VAR,PCA,recursive,22,15.0,53,0.0012019341714285,0.0020928047918022,-1.7596121868347935e-05,1.001701512516104,-0.1701512516103938,0.9908676597058504,0.9132340294149512,decimal
BAM,PCA_RIDGE_VAR,PCA,recursive,22,20.0,53,0.0013585913149896,0.0024284477095386,-9.543423544402044e-05,1.074834142152468,-7.483414215246816,1.16416734499699,-16.416734499698997,decimal
BAM,PCA_RIDGE_VAR,PCA,recursive,22,30.0,53,0.0013078903133197,0.0024143542056579,-0.0006648535331024,1.01748903189647,-1.7489031896470084,1.2923173179265488,-29.231731792654884,decimal
BAM,PERSISTENCE,YIELD,random_walk,5,0.25,53,0.0003252139445485,0.0005462510903228,2.097515952076045e-05,1.0,0.0,1.0,0.0,decimal
BAM,PERSISTENCE,YIELD,random_walk,5,0.5,53,0.0004828699430427,0.0007867550123221,-6.533191992912855e-05,1.0,0.0,1.0,0.0,decimal
BAM,PERSISTENCE,YIELD,random_walk,5,1.0,53,0.0005271101409851,0.0009050943847355,-8.90206346881246e-05,1.0,0.0,1.0,0.0,decimal
BAM,PERSISTENCE,YIELD,random_walk,5,2.0,53,0.0005293092832653,0.0011473667273418,-4.521450039509627e-05,1.0,0.0,1.0,0.0,decimal
BAM,PERSISTENCE,YIELD,random_walk,5,5.0,53,0.0005560948789694,0.001450929823203,-0.0001378923873795,1.0,0.0,1.0,0.0,decimal
BAM,PERSISTENCE,YIELD,random_walk,5,10.0,53,0.0004807969670252,0.0014718383531235,-0.0001445194936328,1.0,0.0,1.0,0.0,decimal
BAM,PERSISTENCE,YIELD,random_walk,5,15.0,53,0.000452455557885,0.0015167906307159,-0.0001578857451785,1.0,0.0,1.0,0.0,decimal
BAM,PERSISTENCE,YIELD,random_walk,5,20.0,53,0.0005440956107925,0.0017872475223711,-0.0002174835372836,1.0,0.0,1.0,0.0,decimal
BAM,PERSISTENCE,YIELD,random_walk,5,30.0,53,0.0005976611841094,0.0021487794084577,-0.0004325323547849,1.0,0.0,1.0,0.0,decimal
BAM,PERSISTENCE,YIELD,random_walk,10,0.25,53,0.0003936892887424,0.0005957295622716,-0.0001456347273133,1.0,0.0,1.0,0.0,decimal
BAM,PERSISTENCE,YIELD,random_walk,10,0.5,53,0.000614663603299,0.0009795979995179,-0.0003000203460312,1.0,0.0,1.0,0.0,decimal
BAM,PERSISTENCE,YIELD,random_walk,10,1.0,53,0.0005898432092809,0.0009251007124953,-0.0001460619948678,1.0,0.0,1.0,0.0,decimal
BAM,PERSISTENCE,YIELD,random_walk,10,2.0,53,0.0006202498269467,0.0011966509274501,-0.0001993782954059,1.0,0.0,1.0,0.0,decimal
BAM,PERSISTENCE,YIELD,random_walk,10,5.0,53,0.0007517681204357,0.0015980302631162,-0.000189864060808,1.0,0.0,1.0,0.0,decimal
BAM,PERSISTENCE,YIELD,random_walk,10,10.0,53,0.0006187172499433,0.0015083118642339,-9.400267057460713e-05,1.0,0.0,1.0,0.0,decimal
BAM,PERSISTENCE,YIELD,random_walk,10,15.0,53,0.0006100278232385,0.0015631131972787,-0.0001919064236679,1.0,0.0,1.0,0.0,decimal
BAM,PERSISTENCE,YIELD,random_walk,10,20.0,53,0.0005848847227184,0.0018040149220301,-0.0002346763287465,1.0,0.0,1.0,0.0,decimal
BAM,PERSISTENCE,YIELD,random_walk,10,30.0,53,0.000600170521433,0.0021494185572735,-0.0003377725894978,1.0,0.0,1.0,0.0,decimal
BAM,PERSISTENCE,YIELD,random_walk,22,0.25,53,0.0008544376797793,0.0011952067120381,1.4736045383607714e-05,1.0,0.0,1.0,0.0,decimal
BAM,PERSISTENCE,YIELD,random_walk,22,0.5,53,0.0009351575910418,0.0012461902955899,-3.442755746980944e-05,1.0,0.0,1.0,0.0,decimal
BAM,PERSISTENCE,YIELD,random_walk,22,1.0,53,0.001091669747291,0.0014614000868178,-0.0001401381103127,1.0,0.0,1.0,0.0,decimal
BAM,PERSISTENCE,YIELD,random_walk,22,2.0,53,0.0011613486402385,0.0017704929655189,-0.0001071649211238,1.0,0.0,1.0,0.0,decimal
BAM,PERSISTENCE,YIELD,random_walk,22,5.0,53,0.0012587699119362,0.0020237925308057,-0.0001007203229092,1.0,0.0,1.0,0.0,decimal
BAM,PERSISTENCE,YIELD,random_walk,22,10.0,53,0.0012737537704123,0.0021508090444023,-0.0001475582526603,1.0,0.0,1.0,0.0,decimal
BAM,PERSISTENCE,YIELD,random_walk,22,15.0,53,0.0012130118080404,0.0020892499069363,-0.0001666489983656,1.0,0.0,1.0,0.0,decimal
BAM,PERSISTENCE,YIELD,random_walk,22,20.0,53,0.0011670068919457,0.0022593697151035,-0.000209505491226,1.0,0.0,1.0,0.0,decimal
BAM,PERSISTENCE,YIELD,random_walk,22,30.0,53,0.001012050442393,0.0023728552642556,-0.0002870849184191,1.0,0.0,1.0,0.0,decimal
BAM,PERSISTENCE_DNS_BLEND,NS,leakage_safe_horizon_weight,5,0.25,45,0.0003930535689351,0.0006029508467391,0.0001177655739208,1.107446877709668,-10.744687770966808,1.2587433085055235,-25.87433085055237,decimal
BAM,PERSISTENCE_DNS_BLEND,NS,leakage_safe_horizon_weight,5,0.5,45,0.0004874307261837,0.0007693292359888,2.883516620124003e-05,1.0475972798759114,-4.759727987591142,1.1008993211680296,-10.089932116802949,decimal
BAM,PERSISTENCE_DNS_BLEND,NS,leakage_safe_horizon_weight,5,1.0,45,0.0005173560809356,0.0009249297524136,-0.0001836494014455,1.0255195446432714,-2.551954464327141,1.0381249591355894,-3.8124959135589394,decimal
BAM,PERSISTENCE_DNS_BLEND,NS,leakage_safe_horizon_weight,5,2.0,45,0.0005658630951944,0.0012097730875523,-0.0002497142470177,1.0216237988527077,-2.1623798852707603,1.0880366611812915,-8.803666118129147,decimal
BAM,PERSISTENCE_DNS_BLEND,NS,leakage_safe_horizon_weight,5,5.0,45,0.0005451636075377,0.0015008946364948,-0.0002718365703229,0.9797970709187576,2.0202929081242345,1.006619380748205,-0.6619380748204667,decimal
BAM,PERSISTENCE_DNS_BLEND,NS,leakage_safe_horizon_weight,5,10.0,45,0.0005093991807477,0.0015829999646528,-0.0001503056668396,0.9990637202278686,0.0936279772131453,1.020074891263024,-2.007489126302398,decimal
BAM,PERSISTENCE_DNS_BLEND,NS,leakage_safe_horizon_weight,5,15.0,45,0.0005100283027678,0.0016537777367186,-0.0001569318098532,1.0113312389563631,-1.1331238956363237,1.0620575721861625,-6.205757218616236,decimal
BAM,PERSISTENCE_DNS_BLEND,NS,leakage_safe_horizon_weight,5,20.0,45,0.0005968943926004,0.0019197274643737,-0.0002642650110075,0.9960409698368972,0.3959030163102845,1.023544823315491,-2.354482331549081,decimal
BAM,PERSISTENCE_DNS_BLEND,NS,leakage_safe_horizon_weight,5,30.0,45,0.0007639477356383,0.0022972508720754,-0.0006617078617496,0.9920309437459848,0.7969056254015148,1.2079079630050544,-20.790796300505438,decimal
BAM,PERSISTENCE_DNS_BLEND,NS,leakage_safe_horizon_weight,10,0.25,44,0.0004135450764529,0.0006264301654557,-4.6078451172545895e-06,1.0540142343830652,-5.401423438306515,1.08609683054597,-8.609683054596987,decimal
BAM,PERSISTENCE_DNS_BLEND,NS,leakage_safe_horizon_weight,10,0.5,44,0.0005972615558371,0.0009803025214965,-0.0002092089325263,1.0060618750733203,-0.606187507332035,1.001633746184865,-0.1633746184864933,decimal
BAM,PERSISTENCE_DNS_BLEND,NS,leakage_safe_horizon_weight,10,1.0,44,0.0005778584709451,0.0009829611913454,-0.0002680700888105,1.0284418642841024,-2.8441864284102527,0.995822575238884,0.417742476111598,decimal
BAM,PERSISTENCE_DNS_BLEND,NS,leakage_safe_horizon_weight,10,2.0,44,0.0007319993440743,0.0013556369706572,-0.000491425963691,1.042235722189918,-4.223572218991803,1.0719437176550255,-7.194371765502552,decimal
BAM,PERSISTENCE_DNS_BLEND,NS,leakage_safe_horizon_weight,10,5.0,44,0.0007501706796819,0.0016368335388849,-0.0003960251965687,0.9592385912940476,4.076140870595244,0.9826075305421182,1.739246945788175,decimal
BAM,PERSISTENCE_DNS_BLEND,NS,leakage_safe_horizon_weight,10,10.0,44,0.0006668526187841,0.0016150977327891,-0.0001053093503666,0.9910858962883282,0.8914103711671771,1.0289743129413835,-2.897431294138357,decimal
BAM,PERSISTENCE_DNS_BLEND,NS,leakage_safe_horizon_weight,10,15.0,44,0.0006619849149908,0.0017139002101325,-0.0001877148028831,1.011151484026887,-1.1151484026887026,1.0162979538391594,-1.6297953839159454,decimal
BAM,PERSISTENCE_DNS_BLEND,NS,leakage_safe_horizon_weight,10,20.0,44,0.0006792772929162,0.0019531216343951,-0.0002865840573621,0.992063517474759,0.7936482525241013,1.0609829477447197,-6.098294774471952,decimal
BAM,PERSISTENCE_DNS_BLEND,NS,leakage_safe_horizon_weight,10,30.0,44,0.0008162489091725,0.0022813087080305,-0.0006893872871394,0.9796178495978108,2.038215040218931,1.300926290617253,-30.092629061725308,decimal
BAM,PERSISTENCE_DNS_BLEND,NS,leakage_safe_horizon_weight,22,0.25,36,0.0008679074678871,0.0011524015100291,0.0002963346580963,1.0033296399625362,-0.3329639962536242,1.0826443783979276,-8.26443783979275,decimal
BAM,PERSISTENCE_DNS_BLEND,NS,leakage_safe_horizon_weight,22,0.5,36,0.0008645298358842,0.0011812146127012,0.0001702842515536,0.970341696284666,2.9658303715334,0.9729856449814114,2.7014355018588634,decimal
BAM,PERSISTENCE_DNS_BLEND,NS,leakage_safe_horizon_weight,22,1.0,36,0.0010887692418058,0.001599076954107,-0.0003808946673748,0.9935732295286216,0.6426770471378479,0.9239562132218638,7.604378677813621,decimal
BAM,PERSISTENCE_DNS_BLEND,NS,leakage_safe_horizon_weight,22,2.0,36,0.0012606686486827,0.0019614172483781,-0.0006096670862407,0.9856060656527128,1.439393434728725,0.977983615474026,2.201638452597406,decimal
BAM,PERSISTENCE_DNS_BLEND,NS,leakage_safe_horizon_weight,22,5.0,36,0.0012633575692127,0.0021291160096337,-0.0005212692920577,0.918855441748352,8.114455825164807,0.895859653522032,10.414034647796798,decimal
BAM,PERSISTENCE_DNS_BLEND,NS,leakage_safe_horizon_weight,22,10.0,36,0.0014001671994279,0.002354581447299,-0.0002898877798516,0.9518636214906624,4.813637850933768,0.9580263611243524,4.1973638875647685,decimal
BAM,PERSISTENCE_DNS_BLEND,NS,leakage_safe_horizon_weight,22,15.0,36,0.0013873694241509,0.0023708599417168,-0.000253520427347,0.9813223893451326,1.8677610654867385,0.9616844691579396,3.8315530842060297,decimal
BAM,PERSISTENCE_DNS_BLEND,NS,leakage_safe_horizon_weight,22,20.0,36,0.0014360175226614,0.0025810372752801,-0.0004110079788625,0.9710155823693172,2.898441763068267,1.0054839436603478,-0.548394366034774,decimal
BAM,PERSISTENCE_DNS_BLEND,NS,leakage_safe_horizon_weight,22,30.0,36,0.0013287138347658,0.0027189925727577,-0.0008182788520906,0.9727724727893038,2.72275272106962,1.1217017496762618,-12.17017496762618,decimal
BAM,DNS_KALMAN_OU,NS,existing,5,aggregate,405,0.0008300777239811,0.0015981717051041,-0.000205424683456,1.0813223643701668,-8.132236437016683,1.6563833758341788,-65.63833758341788,decimal
BAM,DNS_KALMAN_OU,NS,existing,10,aggregate,396,0.0008914670990306,0.0016282726695217,-0.0002424127186486,1.049888955600576,-4.988895560057589,1.4402331967418274,-44.02331967418274,decimal
BAM,DNS_KALMAN_OU,NS,existing,22,aggregate,324,0.0013709590546204,0.0020996883689228,-0.0001518632870726,0.9771606681665528,2.283933183344726,1.113119988144391,-11.311998814439086,decimal
BAM,NS_ELASTICNET,NS,direct_change,5,aggregate,477,0.000750733875784,0.0014902603672738,-0.0001749501246768,1.0706596460907805,-7.065964609078051,1.5029347793574437,-50.293477935744335,decimal
BAM,NS_ELASTICNET,NS,direct_change,10,aggregate,477,0.000796819740959,0.0015187518476146,-0.0002449828439532,1.0522561280562357,-5.225612805623575,1.331975953457298,-33.19759534572978,decimal
BAM,NS_ELASTICNET,NS,direct_change,22,aggregate,477,0.0012545482712176,0.0019677134763329,-0.0001268493612404,1.0423377140711698,-4.233771407116988,1.1328083209801896,-13.280832098018958,decimal
BAM,NS_RIDGE,NS,direct_change,5,aggregate,477,0.0007475163518496,0.0014425076488055,-0.0001618608770924,1.0363522795540836,-3.6352279554083498,1.496493444044843,-49.64934440448431,decimal
BAM,NS_RIDGE,NS,direct_change,10,aggregate,477,0.0007947768137425,0.0014698444383126,-0.0001945878811864,1.018370986631561,-1.837098663156086,1.3285609653650543,-32.85609653650543,decimal
BAM,NS_RIDGE,NS,direct_change,22,aggregate,477,0.0013525480847904,0.0023885953827136,-0.0001586851729214,1.2652873911798277,-26.528739117982767,1.2212983430994726,-22.12983430994727,decimal
BAM,PCA_RIDGE,PCA,direct_change,5,aggregate,477,0.0007323442963606,0.0014234356213914,-0.0001165843039417,1.022650210727854,-2.265021072785416,1.4661196849747848,-46.611968497478486,decimal
BAM,PCA_RIDGE,PCA,direct_change,10,aggregate,477,0.0008182083804201,0.0014678656570706,-0.000127812839928,1.0170000024966954,-1.7000002496695343,1.3677295272895569,-36.77295272895569,decimal
BAM,PCA_RIDGE,PCA,direct_change,22,aggregate,477,0.0012979990115042,0.0020303275042121,1.796817390829019e-05,1.0755056338284634,-7.550563382846349,1.172042650402675,-17.204265040267515,decimal
BAM,PCA_RIDGE_VAR,PCA,recursive,5,aggregate,477,0.0007241642448262,0.0014769233436673,-0.000141855238948,1.061077821808274,-6.10778218082741,1.4497435970632673,-44.97435970632672,decimal
BAM,PCA_RIDGE_VAR,PCA,recursive,10,aggregate,477,0.0007859443173641,0.001506145991007,-0.0002058434885941,1.04352225235063,-4.35222523506299,1.3137964305771157,-31.37964305771156,decimal
BAM,PCA_RIDGE_VAR,PCA,recursive,22,aggregate,477,0.0011780980725385,0.0018810768663319,-0.0001366192852885,0.996444545624902,0.3555454375098097,1.0637767634138784,-6.377676341387839,decimal
BAM,PERSISTENCE,YIELD,random_walk,5,aggregate,477,0.0004995119456248,0.0013919085983254,-0.0001409894904167,1.0,0.0,1.0,0.0,decimal
BAM,PERSISTENCE,YIELD,random_walk,10,aggregate,477,0.0005982238184487,0.0014433290594563,-0.0002043686041014,1.0,0.0,1.0,0.0,decimal
BAM,PERSISTENCE,YIELD,random_walk,22,aggregate,477,0.0011074673870087,0.0018877888133275,-0.0001309458363448,1.0,0.0,1.0,0.0,decimal
BAM,PERSISTENCE_DNS_BLEND,NS,leakage_safe_horizon_weight,5,aggregate,405,0.0005432374100601,0.0014806429787365,-0.0001990899809015,1.0018024730647772,-0.1802473064777204,1.0840062191275086,-8.400621912750859,decimal
BAM,PERSISTENCE_DNS_BLEND,NS,leakage_safe_horizon_weight,10,aggregate,396,0.0006550220958728,0.0015420637065885,-0.000293148169385,0.9943025420031948,0.5697457996805239,1.0582382323489572,-5.823823234895713,decimal
BAM,PERSISTENCE_DNS_BLEND,NS,leakage_safe_horizon_weight,22,aggregate,324,0.0012108334160532,0.002078470099583,-0.0003131007971305,0.9672860322194786,3.271396778052144,0.9831095051158082,1.6890494884191791,decimal
EUROPE,DNS_KALMAN_OU,NS,existing,5,0.25,53,0.0007686552899041,0.0009466417119661,0.0003684823811821,1.2337515410122442,-23.375154101224428,1.4354661522079073,-43.546615220790734,decimal
EUROPE,DNS_KALMAN_OU,NS,existing,5,0.5,53,0.0006878529292452,0.0010545408306922,-0.0004119309850683,1.3839995411721122,-38.39995411721123,1.3301480372435062,-33.014803724350614,decimal
EUROPE,DNS_KALMAN_OU,NS,existing,5,1.0,53,0.0012618296933402,0.0016605429520974,-0.0009506787715687,1.9572372720893072,-95.72372720893073,1.8297583872837369,-82.97583872837367,decimal
EUROPE,DNS_KALMAN_OU,NS,existing,5,2.0,53,0.0012003601760445,0.0014316745826435,-0.0007363300439176,1.266779468434908,-26.67794684349081,1.2932018186060512,-29.32018186060513,decimal
EUROPE,DNS_KALMAN_OU,NS,existing,5,3.0,53,0.0011039518269226,0.001394673248428,-0.0003478707411588,1.1134125232599603,-11.341252325996049,1.0917511982954953,-9.175119829549525,decimal
EUROPE,DNS_KALMAN_OU,NS,existing,5,4.0,53,0.0011162832189844,0.0014396240407131,-9.04915094854384e-05,1.1099635120525893,-10.996351205258929,1.086762444940034,-8.676244494003392,decimal
EUROPE,DNS_KALMAN_OU,NS,existing,5,5.0,53,0.0011454456132368,0.0014530890711782,4.239983841938015e-05,1.1065405245563236,-10.654052455632366,1.113368622932022,-11.336862293202216,decimal
EUROPE,DNS_KALMAN_OU,NS,existing,5,6.0,53,0.0011438412813584,0.0014384067258687,8.361062928876237e-05,1.0936564010754826,-9.36564010754826,1.1172700694390902,-11.727006943909014,decimal
EUROPE,DNS_KALMAN_OU,NS,existing,5,7.0,53,0.0011240800429226,0.0014080752548416,6.13821322530627e-05,1.0750734699641336,-7.507346996413351,1.0945000434466077,-9.450004344660751,decimal
EUROPE,DNS_KALMAN_OU,NS,existing,5,8.0,53,0.0010946364175978,0.0013721512479655,-1.7831676380312338e-06,1.0550182602816145,-5.5018260281614575,1.066753101712408,-6.675310171240793,decimal
EUROPE,DNS_KALMAN_OU,NS,existing,5,9.0,53,0.0010644436505466,0.0013386498259739,-8.819181297186905e-05,1.037758453823168,-3.77584538231681,1.0449025920159465,-4.4902592015946485,decimal
EUROPE,DNS_KALMAN_OU,NS,existing,5,10.0,53,0.00103621239566,0.0013130964018865,-0.0001842225450046,1.026639964765007,-2.663996476500711,1.027397326597845,-2.7397326597845204,decimal
EUROPE,DNS_KALMAN_OU,NS,existing,5,11.0,53,0.001016393562629,0.0012979333382583,-0.0002796997694444,1.0231515866058225,-2.3151586605822327,1.0178452403973353,-1.7845240397335238,decimal
EUROPE,DNS_KALMAN_OU,NS,existing,5,12.0,53,0.0010034770215658,0.0012926288027991,-0.0003672975264618,1.0267098804063783,-2.670988040637839,1.0158304785151873,-1.5830478515187263,decimal
EUROPE,DNS_KALMAN_OU,NS,existing,5,13.0,53,0.0010135497967802,0.0012945524462994,-0.0004419789933344,1.0351683943127037,-3.5168394312703555,1.0371322267635912,-3.713222676359109,decimal
EUROPE,DNS_KALMAN_OU,NS,existing,5,14.0,53,0.001027084293747,0.0013001510769562,-0.0005004992863384,1.0456768806224588,-4.567688062245887,1.0579167792612882,-5.791677926128835,decimal
EUROPE,DNS_KALMAN_OU,NS,existing,5,15.0,53,0.0010455941883325,0.0013059818022993,-0.0005409744579686,1.0554813210770235,-5.54813210770235,1.080684419230418,-8.068441923041815,decimal
EUROPE,DNS_KALMAN_OU,NS,existing,5,16.0,53,0.0010617005161108,0.0013093644630036,-0.0005625473751278,1.0624542416379077,-6.24542416379076,1.1008257319510748,-10.082573195107472,decimal
EUROPE,DNS_KALMAN_OU,NS,existing,5,17.0,53,0.0010735443231072,0.0013086759998505,-0.0005650977847847,1.0653453099638874,-6.5345309963887495,1.1164483811413042,-11.644838114130415,decimal
EUROPE,DNS_KALMAN_OU,NS,existing,5,18.0,53,0.0010768683278927,0.001303410223146,-0.0005490341829301,1.063825895150006,-6.382589515000589,1.1231391165375595,-12.313911653755971,decimal
EUROPE,DNS_KALMAN_OU,NS,existing,5,19.0,53,0.0010741866011006,0.0012941128049416,-0.0005151302693414,1.0584380351603495,-5.84380351603497,1.1235150597593149,-12.351505975931492,decimal
EUROPE,DNS_KALMAN_OU,NS,existing,5,20.0,53,0.0010705846983782,0.0012822669171384,-0.0004643972851382,1.0504914447175873,-5.049144471758735,1.1229150837292328,-12.291508372923284,decimal
EUROPE,DNS_KALMAN_OU,NS,existing,5,30.0,53,0.0012581464170897,0.001623801202908,0.000704776567447,1.337231387216522,-33.72313872165221,1.344830105848252,-34.4830105848252,decimal
EUROPE,DNS_KALMAN_OU,NS,existing,10,0.25,53,0.0008700352855457,0.0011224577898151,9.907448436820984e-05,0.7825647384403511,21.743526155964894,0.9430821590229864,5.691784097701346,decimal
EUROPE,DNS_KALMAN_OU,NS,existing,10,0.5,53,0.001121277043214,0.0017161071519194,-0.0007118882585679,1.2484599476704,-24.84599476704001,1.2040700347162434,-20.40700347162435,decimal
EUROPE,DNS_KALMAN_OU,NS,existing,10,1.0,53,0.0017112420995836,0.0023484819944593,-0.0012822416763717,1.5063991034697777,-50.63991034697775,1.5202045863333464,-52.02045863333464,decimal
EUROPE,DNS_KALMAN_OU,NS,existing,10,2.0,53,0.0016405954777041,0.0021823864113683,-0.0010395705206001,1.1704242781276113,-17.042427812761137,1.1493407742613406,-14.934077426134069,decimal
EUROPE,DNS_KALMAN_OU,NS,existing,10,3.0,53,0.0015334774724567,0.0020458939273756,-0.000614259669061,1.080370039956299,-8.0370039956299,1.0318154297201223,-3.181542972012253,decimal
EUROPE,DNS_KALMAN_OU,NS,existing,10,4.0,53,0.0015129867804499,0.0020140031493061,-0.0003334581350782,1.0722109365808847,-7.221093658088463,1.0169994236227575,-1.699942362275742,decimal
EUROPE,DNS_KALMAN_OU,NS,existing,10,5.0,53,0.0015156365485145,0.0020002182374741,-0.0001863812159672,1.071759445581305,-7.175944558130535,1.0288972780002834,-2.889727800028344,decimal
EUROPE,DNS_KALMAN_OU,NS,existing,10,6.0,53,0.0015378649141338,0.0019834732822669,-0.0001369910474849,1.066666906833747,-6.666690683374728,1.0554724040321566,-5.547240403215666,decimal
EUROPE,DNS_KALMAN_OU,NS,existing,10,7.0,53,0.0015406956649005,0.001961545764851,-0.0001553163079345,1.0566730881017976,-5.66730881017975,1.0647264012423463,-6.472640124234644,decimal
EUROPE,DNS_KALMAN_OU,NS,existing,10,8.0,53,0.0015304111295077,0.00193784093476,-0.0002176801098401,1.0443876172462312,-4.438761724623116,1.058122806379679,-5.812280637967907,decimal
EUROPE,DNS_KALMAN_OU,NS,existing,10,9.0,53,0.001521540219917,0.0019170190029515,-0.0003053895819894,1.03299276639573,-3.29927663957302,1.048072621952023,-4.807262195202304,decimal
EUROPE,DNS_KALMAN_OU,NS,existing,10,10.0,53,0.0015084975629905,0.0019025162015709,-0.0004039455590736,1.0248916770494605,-2.4891677049460434,1.0354021834192746,-3.540218341927459,decimal
EUROPE,DNS_KALMAN_OU,NS,existing,10,11.0,53,0.001493924475325,0.0018955080416884,-0.0005024413982718,1.0211183329061275,-2.1118332906127693,1.022196572317381,-2.2196572317380943,decimal
EUROPE,DNS_KALMAN_OU,NS,existing,10,12.0,53,0.0014948138504607,0.0018950306482475,-0.0005929852413279,1.0214098386599808,-2.1409838659980798,1.0213050390237677,-2.1305039023767605,decimal
EUROPE,DNS_KALMAN_OU,NS,existing,10,13.0,53,0.0015110745276297,0.0018987393308422,-0.0006701258161097,1.0246470354294444,-2.464703542944446,1.030925067653406,-3.0925067653405813,decimal
EUROPE,DNS_KALMAN_OU,NS,existing,10,14.0,53,0.0015303860044313,0.0019038025440241,-0.0007303452217811,1.029363637278916,-2.9363637278916106,1.043608436040586,-4.3608436040586005,decimal
EUROPE,DNS_KALMAN_OU,NS,existing,10,15.0,53,0.0015459503163324,0.0019076289801841,-0.0007716056671639,1.0341448335269845,-3.414483352698441,1.053047832918842,-5.304783291884196,decimal
EUROPE,DNS_KALMAN_OU,NS,existing,10,16.0,53,0.0015561178657616,0.0019082905865922,-0.0007929753630767,1.03788028969891,-3.78802896989102,1.0593033809055517,-5.930338090555175,decimal
EUROPE,DNS_KALMAN_OU,NS,existing,10,17.0,53,0.0015602498485028,0.0019047188227641,-0.0007943334412193,1.0398816948238772,-3.988169482387719,1.062383885835063,-6.238388583506289,decimal
EUROPE,DNS_KALMAN_OU,NS,existing,10,18.0,53,0.0015580512808277,0.0018967221766854,-0.0007761280079556,1.0399091605093325,-3.9909160509332473,1.06201632010059,-6.201632010058992,decimal
EUROPE,DNS_KALMAN_OU,NS,existing,10,19.0,53,0.0015498319591061,0.0018849256809292,-0.0007392056416239,1.0381573522293983,-3.815735222939839,1.0583249059628688,-5.832490596286867,decimal
EUROPE,DNS_KALMAN_OU,NS,existing,10,20.0,53,0.0015391586089457,0.0018706509441532,-0.0006846640463388,1.0352126638736816,-3.5212663873681693,1.053654497001158,-5.365449700115806,decimal
EUROPE,DNS_KALMAN_OU,NS,existing,10,30.0,53,0.0016595885977165,0.0020859715754278,0.0005453154230571,1.2037352827226158,-20.373528272261574,1.17310816661913,-17.31081666191302,decimal
EUROPE,DNS_KALMAN_OU,NS,existing,22,0.25,53,0.0012677140562662,0.0017791552888941,-0.0002013958641527,0.7981864005826983,20.18135994173017,0.8754370091736781,12.45629908263219,decimal
EUROPE,DNS_KALMAN_OU,NS,existing,22,0.5,53,0.0017282343120118,0.0026650562606631,-0.001031589139121,1.1783087827457377,-17.830878274573752,1.1855100485822974,-18.55100485822973,decimal
EUROPE,DNS_KALMAN_OU,NS,existing,22,1.0,53,0.0023976350814277,0.0033634943870002,-0.0016235920294369,1.3448953515769182,-34.489535157691826,1.3824287242607067,-38.24287242607068,decimal
EUROPE,DNS_KALMAN_OU,NS,existing,22,2.0,53,0.0024698510710521,0.0032385314367093,-0.0014240376285727,1.1566000800274938,-15.660008002749388,1.1913753708154546,-19.137537081545457,decimal
EUROPE,DNS_KALMAN_OU,NS,existing,22,3.0,53,0.002335818773093,0.0030812005448464,-0.0010076537866901,1.0712977812101223,-7.129778121012259,1.0779270842872728,-7.79270842872728,decimal
EUROPE,DNS_KALMAN_OU,NS,existing,22,4.0,53,0.0022472957183449,0.0030008066076912,-0.0007196067403392,1.0494624210215702,-4.946242102157015,1.0481260281336549,-4.812602813365485,decimal
EUROPE,DNS_KALMAN_OU,NS,existing,22,5.0,53,0.0022239011199532,0.0029422861421395,-0.0005642714352998,1.044323420237484,-4.432342023748395,1.0576172687485117,-5.7617268748511705,decimal
EUROPE,DNS_KALMAN_OU,NS,existing,22,6.0,53,0.0021957677165523,0.002890952608019,-0.0005094965366726,1.0425658253144865,-4.256582531448625,1.0593035242514444,-5.930352425144436,decimal
EUROPE,DNS_KALMAN_OU,NS,existing,22,7.0,53,0.0021741257740785,0.0028444193340436,-0.0005253433285108,1.0407251606135313,-4.072516061353121,1.053309003799864,-5.330900379986412,decimal
EUROPE,DNS_KALMAN_OU,NS,existing,22,8.0,53,0.0021513177635774,0.0028040765775462,-0.0005875434967226,1.0386448876587435,-3.864488765874344,1.0472387005809167,-4.723870058091671,decimal
EUROPE,DNS_KALMAN_OU,NS,existing,22,9.0,53,0.0021354357184473,0.0027720873565283,-0.0006769536349037,1.0372369822036214,-3.723698220362132,1.0442809437819098,-4.428094378190993,decimal
EUROPE,DNS_KALMAN_OU,NS,existing,22,10.0,53,0.0021279897199893,0.0027496727929102,-0.0007787922564623,1.0373620443643308,-3.7362044364330695,1.042715592358894,-4.27155923588939,decimal
EUROPE,DNS_KALMAN_OU,NS,existing,22,11.0,53,0.0021232352931174,0.0027364510383384,-0.0008819384810788,1.0393467406717034,-3.934674067170344,1.043240183377472,-4.324018337747195,decimal
EUROPE,DNS_KALMAN_OU,NS,existing,22,12.0,53,0.0021281683424733,0.002730598232485,-0.0009783098682395,1.042931318507287,-4.293131850728712,1.0499208381787926,-4.992083817879265,decimal
EUROPE,DNS_KALMAN_OU,NS,existing,22,13.0,53,0.0021288521427517,0.0027294234173898,-0.001062268388739,1.0474487698982986,-4.74487698982986,1.054212246516924,-5.421224651692399,decimal
EUROPE,DNS_KALMAN_OU,NS,existing,22,14.0,53,0.0021316206237679,0.0027300203487838,-0.0011301021772394,1.0520651792560425,-5.2065179256042295,1.060695159510035,-6.069515951003457,decimal
EUROPE,DNS_KALMAN_OU,NS,existing,22,15.0,53,0.002141360789124,0.0027297688200164,-0.0011795869617138,1.0559760928746504,-5.597609287465054,1.0703993642383574,-7.039936423835744,decimal
EUROPE,DNS_KALMAN_OU,NS,existing,22,16.0,53,0.0021477111705392,0.0027266413402792,-0.0012096122119936,1.0585435656798543,-5.854356567985439,1.077443166075901,-7.744316607590104,decimal
EUROPE,DNS_KALMAN_OU,NS,existing,22,17.0,53,0.0021451464004947,0.0027193372810116,-0.0012198904438344,1.0593563215355162,-5.935632153551607,1.0805967329325032,-8.059673293250325,decimal
EUROPE,DNS_KALMAN_OU,NS,existing,22,18.0,53,0.0021355897271513,0.0027072902269662,-0.0012107258523724,1.058246211069579,-5.82462110695789,1.0793174942281998,-7.931749422819984,decimal
EUROPE,DNS_KALMAN_OU,NS,existing,22,19.0,53,0.0021187329711222,0.0026906057602722,-0.0011828327845533,1.0552778157751823,-5.527781577518225,1.0738486516123034,-7.384865161230333,decimal
EUROPE,DNS_KALMAN_OU,NS,existing,22,20.0,53,0.0020943204614769,0.0026699661556934,-0.0011371983053139,1.0507216280067218,-5.072162800672179,1.0646225514850929,-6.462255148509262,decimal
EUROPE,DNS_KALMAN_OU,NS,existing,22,30.0,53,0.0019400476886485,0.0026051003686652,2.399258367474883e-05,1.0587251547121774,-5.872515471217744,1.0130632636483514,-1.3063263648351435,decimal
EUROPE,NS_ELASTICNET,NS,direct_change,5,0.25,53,0.000846097233482,0.0010682750761044,0.000415273267971,1.3922754561822233,-39.22754561822232,1.5800892234691728,-58.00892234691727,decimal
EUROPE,NS_ELASTICNET,NS,direct_change,5,0.5,53,0.0006361769394309,0.0009509075068388,-0.0003503079128891,1.2479891862491124,-24.798918624911245,1.230218657718264,-23.021865771826416,decimal
EUROPE,NS_ELASTICNET,NS,direct_change,5,1.0,53,0.0011660014813859,0.0015329044372178,-0.0008708918924799,1.806793190916352,-80.67931909163516,1.6907994806363316,-69.07994806363317,decimal
EUROPE,NS_ELASTICNET,NS,direct_change,5,2.0,53,0.0011201748995607,0.0013495330903762,-0.0006483519974342,1.1940987369527862,-19.409873695278637,1.2068146262918311,-20.68146262918312,decimal
EUROPE,NS_ELASTICNET,NS,direct_change,5,3.0,53,0.0010776776247986,0.0013376225678475,-0.0002697270383112,1.0678671295339182,-6.786712953391817,1.0657673727755603,-6.576737277556042,decimal
EUROPE,NS_ELASTICNET,NS,direct_change,5,4.0,53,0.0011060194929333,0.0013855130771105,-2.874230369898296e-05,1.0682434563280827,-6.824345632808266,1.0767701492324258,-7.677014923242573,decimal
EUROPE,NS_ELASTICNET,NS,direct_change,5,5.0,53,0.0011307491920761,0.0013994539846941,8.618821566186053e-05,1.0656969190885728,-6.569691908857285,1.0990837594686331,-9.90837594686331,decimal
EUROPE,NS_ELASTICNET,NS,direct_change,5,6.0,53,0.001134061497147,0.0013875627545881,0.0001100172379397,1.0549984654255022,-5.499846542550215,1.107717467725032,-10.77174677250319,decimal
EUROPE,NS_ELASTICNET,NS,direct_change,5,7.0,53,0.0011140779755852,0.0013623331095733,7.183793308559997e-05,1.0401490817482808,-4.014908174828081,1.0847611790264882,-8.476117902648811,decimal
EUROPE,NS_ELASTICNET,NS,direct_change,5,8.0,53,0.0010838894791165,0.0013334457967975,-5.591858874708747e-06,1.025258452231871,-2.525845223187096,1.0562799164844623,-5.627991648446225,decimal
EUROPE,NS_ELASTICNET,NS,direct_change,5,9.0,53,0.0010501556459411,0.001308659512662,-0.0001045949548146,1.014509131581958,-1.4509131581957864,1.030876886625692,-3.087688662569195,decimal
EUROPE,NS_ELASTICNET,NS,direct_change,5,10.0,53,0.0010174227548043,0.00129311069634,-0.0002116821568389,1.01101420872111,-1.1014208721110108,1.0087675294020515,-0.8767529402051447,decimal
EUROPE,NS_ELASTICNET,NS,direct_change,5,11.0,53,0.0009997938384143,0.0012886045782948,-0.0003168501645406,1.015797791710154,-1.579779171015388,1.001221807403481,-0.1221807403481261,decimal
EUROPE,NS_ELASTICNET,NS,direct_change,5,12.0,53,0.0009960268565936,0.0012938386481848,-0.000412949474332,1.0276708370310004,-2.7670837031000297,1.0082885971506357,-0.8288597150635575,decimal
EUROPE,NS_ELASTICNET,NS,direct_change,5,13.0,53,0.0010123635460761,0.0013054772118252,-0.0004951076441631,1.0439042103237617,-4.390421032376146,1.0359183753690735,-3.5918375369073567,decimal
EUROPE,NS_ELASTICNET,NS,direct_change,5,14.0,53,0.0010322740553338,0.0013194564170214,-0.0005602258574302,1.061203651423632,-6.120365142363214,1.063262334535086,-6.326233453508605,decimal
EUROPE,NS_ELASTICNET,NS,direct_change,5,15.0,53,0.0010540200793311,0.0013320336488529,-0.0006065466298769,1.0765361607144914,-7.653616071449154,1.0893930838556531,-8.93930838556532,decimal
EUROPE,NS_ELASTICNET,NS,direct_change,5,16.0,53,0.0010808721846042,0.0013403829025258,-0.0006333207162864,1.087623454313632,-8.76234543136321,1.1207039044505471,-12.07039044505471,decimal
EUROPE,NS_ELASTICNET,NS,direct_change,5,17.0,53,0.0010984866276246,0.0013428167574527,-0.000640519159505,1.0931380531595418,-9.313805315954172,1.1423875015866012,-14.238750158660109,decimal
EUROPE,NS_ELASTICNET,NS,direct_change,5,18.0,53,0.00110460779046,0.0013387886309673,-0.0006286274052269,1.09270127582538,-9.270127582537995,1.1520704860227242,-15.20704860227242,decimal
EUROPE,NS_ELASTICNET,NS,direct_change,5,19.0,53,0.0010995610863863,0.0013287958474066,-0.0005984839309216,1.0868048445913705,-8.680484459137022,1.1500547841637785,-15.00547841637785,decimal
EUROPE,NS_ELASTICNET,NS,direct_change,5,20.0,53,0.001083940905515,0.0013142554762521,-0.0005511545413918,1.0766979288970042,-7.669792889700428,1.1369241448320744,-13.692414483207443,decimal
EUROPE,NS_ELASTICNET,NS,direct_change,5,30.0,53,0.0011927150502218,0.0015494884508307,0.0005962049759192,1.2760334127536808,-27.60334127536808,1.2748906529868376,-27.48906529868377,decimal
EUROPE,NS_ELASTICNET,NS,direct_change,10,0.25,53,0.0008652516351689,0.0011443703064921,0.0001927807051817,0.7978418945503795,20.21581054496205,0.937896880448219,6.210311955178106,decimal
EUROPE,NS_ELASTICNET,NS,direct_change,10,0.5,53,0.0010340232411962,0.0015739117670562,-0.0006014142700188,1.1450134684999385,-14.501346849993842,1.1103735757898323,-11.03735757898323,decimal
EUROPE,NS_ELASTICNET,NS,direct_change,10,1.0,53,0.0016002261421765,0.0022005180810471,-0.001151344159309,1.4114898356806784,-41.14898356806784,1.4215820900497924,-42.158209004979234,decimal
EUROPE,NS_ELASTICNET,NS,direct_change,10,2.0,53,0.0015733083790855,0.0020884058995211,-0.0008996215589515,1.1200220797983595,-12.002207979835948,1.102201910918696,-10.220191091869602,decimal
EUROPE,NS_ELASTICNET,NS,direct_change,10,3.0,53,0.0014987605622018,0.0019837266072801,-0.0004853882540386,1.0475415002178106,-4.7541500217810535,1.0084558145209723,-0.8455814520972659,decimal
EUROPE,NS_ELASTICNET,NS,direct_change,10,4.0,53,0.0015049999002638,0.0019614723127283,-0.0002228980842336,1.0442446757009891,-4.424467570098913,1.011630802660065,-1.1630802660065105,decimal
EUROPE,NS_ELASTICNET,NS,direct_change,10,5.0,53,0.0015131305778781,0.0019506565025329,-9.584572188344214e-05,1.0452032145823364,-4.520321458233644,1.0271960875869146,-2.719608758691463,decimal
EUROPE,NS_ELASTICNET,NS,direct_change,10,6.0,53,0.0015322706716594,0.0019363713003894,-6.585197250860682e-05,1.04133653018377,-4.133653018377013,1.0516329455082685,-5.163294550826845,decimal
EUROPE,NS_ELASTICNET,NS,direct_change,10,7.0,53,0.0015296571892261,0.0019178561894917,-0.0001020214632853,1.033137772566477,-3.313777256647695,1.0570980572755986,-5.709805727559864,decimal
EUROPE,NS_ELASTICNET,NS,direct_change,10,8.0,53,0.0015138765911259,0.0018987523689123,-0.0001803979321121,1.023321071785796,-2.332107178579621,1.0466908638007455,-4.669086380074568,decimal
EUROPE,NS_ELASTICNET,NS,direct_change,10,9.0,53,0.0014984295467895,0.0018836330815858,-0.0002823006056744,1.0150026394240448,-1.500263942404469,1.0321534477739176,-3.215344777391771,decimal
EUROPE,NS_ELASTICNET,NS,direct_change,10,10.0,53,0.0014809622202102,0.0018756613282545,-0.0003933669587467,1.010424869288543,-1.0424869288542948,1.0165024816660932,-1.6502481666093347,decimal
EUROPE,NS_ELASTICNET,NS,direct_change,10,11.0,53,0.0014735995517932,0.0018756034206114,-0.0005028712648074,1.0103956279403452,-1.0395627940345311,1.0082895324970949,-0.8289532497094778,decimal
EUROPE,NS_ELASTICNET,NS,direct_change,10,12.0,53,0.0014809850749923,0.0018820378772913,-0.0006031085508894,1.0144068152004688,-1.440681520046887,1.0118567735658035,-1.1856773565803622,decimal
EUROPE,NS_ELASTICNET,NS,direct_change,10,13.0,53,0.0015087028419271,0.0018922039208446,-0.000688802973896,1.0211202277362414,-2.1120227736241466,1.0293069937605073,-2.9306993760507365,decimal
EUROPE,NS_ELASTICNET,NS,direct_change,10,14.0,53,0.0015301081616671,0.0019029495121321,-0.0007565936860864,1.028902412970863,-2.890241297086314,1.0434189681208783,-4.34189681208786,decimal
EUROPE,NS_ELASTICNET,NS,direct_change,10,15.0,53,0.0015475063808274,0.0019114671344906,-0.0008045798816095,1.0362255355332946,-3.6225535533294537,1.0541077701801216,-5.410777018012161,decimal
EUROPE,NS_ELASTICNET,NS,direct_change,10,16.0,53,0.0015590369220274,0.0019156978888491,-0.0008319474888307,1.0419089701662865,-4.190897016628651,1.0612904837076074,-6.129048370760727,decimal
EUROPE,NS_ELASTICNET,NS,direct_change,10,17.0,53,0.0015636905509145,0.0019144994735046,-0.0008386759572091,1.0452214434245064,-4.522144342450631,1.0647266816389815,-6.4726681638981605,decimal
EUROPE,NS_ELASTICNET,NS,direct_change,10,18.0,53,0.0015631001068544,0.0019076391328813,-0.0008252985165796,1.0458945614776542,-4.589456147765416,1.0654577573008002,-6.5457757300800194,decimal
EUROPE,NS_ELASTICNET,NS,direct_change,10,19.0,53,0.0015570513134812,0.001895716903736,-0.0007927338572272,1.0441008158946874,-4.410081589468749,1.0632547452884638,-6.325474528846367,decimal
EUROPE,NS_ELASTICNET,NS,direct_change,10,20.0,53,0.0015451671157233,0.0018800387550392,-0.0007421407808224,1.040407850472017,-4.040785047201699,1.0577677119419169,-5.776771194191688,decimal
EUROPE,NS_ELASTICNET,NS,direct_change,10,30.0,53,0.0015866543455248,0.0020290166104594,0.000462464695004,1.1708687270771163,-17.086872707711642,1.121553361416148,-12.155336141614791,decimal
EUROPE,NS_ELASTICNET,NS,direct_change,22,0.25,53,0.0012015262977671,0.0016765937496843,3.410113611209417e-07,0.7521739887763415,24.78260112236585,0.8297301614362402,17.026983856375974,decimal
EUROPE,NS_ELASTICNET,NS,direct_change,22,0.5,53,0.0015701556815064,0.0024459120595582,-0.0008056989203136,1.0814179438313227,-8.141794383132265,1.0770734762796896,-7.707347627968964,decimal
EUROPE,NS_ELASTICNET,NS,direct_change,22,1.0,53,0.0022192013957267,0.0031242621916225,-0.0013663678683813,1.2492382074013488,-24.92382074013488,1.2795474082507776,-27.95474082507776,decimal
EUROPE,NS_ELASTICNET,NS,direct_change,22,2.0,53,0.0023169929274825,0.0030660442016521,-0.0011462453645337,1.094998470233166,-9.49984702331658,1.1176416021636333,-11.764160216363337,decimal
EUROPE,NS_ELASTICNET,NS,direct_change,22,3.0,53,0.0022726392626608,0.0029685328669464,-0.0007372037893648,1.0321245331233428,-3.2124533123342927,1.0487711813330485,-4.877118133304855,decimal
EUROPE,NS_ELASTICNET,NS,direct_change,22,4.0,53,0.0022439443491733,0.0029150672741982,-0.0004676482008977,1.019477080322264,-1.9477080322264169,1.0465629684837712,-4.656296848377121,decimal
EUROPE,NS_ELASTICNET,NS,direct_change,22,5.0,53,0.0022099695000593,0.0028660263844516,-0.0003344730308642,1.017256083096286,-1.7256083096285957,1.0509918294926095,-5.099182949260941,decimal
EUROPE,NS_ELASTICNET,NS,direct_change,22,6.0,53,0.00218956741582,0.0028172970191267,-0.0003021505415806,1.016003369876943,-1.6003369876943057,1.056312315132376,-5.63123151323762,decimal
EUROPE,NS_ELASTICNET,NS,direct_change,22,7.0,53,0.0021640692943754,0.0027712128134331,-0.0003392569811144,1.0139401268428678,-1.394012684286792,1.0484368934812571,-4.843689348125732,decimal
EUROPE,NS_ELASTICNET,NS,direct_change,22,8.0,53,0.0021305901448598,0.0027311887556382,-0.0004209384545158,1.0116468505139975,-1.1646850513997489,1.0371487153358432,-3.71487153358432,decimal
EUROPE,NS_ELASTICNET,NS,direct_change,22,9.0,53,0.0020988914445191,0.0027002335260253,-0.0005278993933419,1.0103513033901024,-1.035130339010231,1.0264098889250712,-2.6409888925071234,decimal
EUROPE,NS_ELASTICNET,NS,direct_change,22,10.0,53,0.0020865779588438,0.002679833045753,-0.000645411655111,1.0110137810088902,-1.101378100889021,1.0224238171459916,-2.2423817145991523,decimal
EUROPE,NS_ELASTICNET,NS,direct_change,22,11.0,53,0.0020869353283116,0.0026695530182412,-0.000762498642943,1.0139378303088604,-1.3937830308860466,1.025404391902362,-2.540439190236208,decimal
EUROPE,NS_ELASTICNET,NS,direct_change,22,12.0,53,0.0020907768449126,0.0026673524710394,-0.0008712549565672,1.01877507882701,-1.8775078827010057,1.0314739363636607,-3.1473936363660657,decimal
EUROPE,NS_ELASTICNET,NS,direct_change,22,13.0,53,0.0020898693163025,0.0026702656399526,-0.0009662231906807,1.0247462676732,-2.4746267673200006,1.0349078654275214,-3.49078654275214,decimal
EUROPE,NS_ELASTICNET,NS,direct_change,22,14.0,53,0.0020910077074369,0.0026751224199818,-0.00104386174971,1.0309092199857834,-3.0909219985783336,1.0404861582996112,-4.048615829961122,decimal
EUROPE,NS_ELASTICNET,NS,direct_change,22,15.0,53,0.0021000697802439,0.0026790855008714,-0.0011021003871064,1.0363699002431657,-3.636990024316564,1.0497592787943604,-4.975927879436037,decimal
EUROPE,NS_ELASTICNET,NS,direct_change,22,16.0,53,0.0021073580710069,0.0026799679972424,-0.0011399646651438,1.0404239229419163,-4.042392294191633,1.0571992096643448,-5.719920966434481,decimal
EUROPE,NS_ELASTICNET,NS,direct_change,22,17.0,53,0.0021090974542415,0.0026763629352174,-0.0011572856853572,1.0426150569638672,-4.261505696386718,1.0624374252330877,-6.243742523308774,decimal
EUROPE,NS_ELASTICNET,NS,direct_change,22,18.0,53,0.0021023385523306,0.0026676401357176,-0.0011544701297325,1.042747481596695,-4.274748159669508,1.0625124992278427,-6.2512499227842815,decimal
EUROPE,NS_ELASTICNET,NS,direct_change,22,19.0,53,0.0020883510452369,0.0026538726105062,-0.0011323205129014,1.0408707708547125,-4.087077085471241,1.058450019226845,-5.845001922684464,decimal
EUROPE,NS_ELASTICNET,NS,direct_change,22,20.0,53,0.0020649428083004,0.0026357316573613,-0.0010918995818513,1.0372491996222646,-3.7249199622264686,1.049688775753644,-4.9688775753643855,decimal
EUROPE,NS_ELASTICNET,NS,direct_change,22,30.0,53,0.0019116483732088,0.0025770585640907,3.5646227910546234e-05,1.0473288322350545,-4.7328832235054366,0.9982335750004347,0.1766424999565165,decimal
EUROPE,NS_RIDGE,NS,direct_change,5,0.25,53,0.0009537382420441,0.0011888503961588,0.0004286249007299,1.549420429876811,-54.9420429876811,1.7811091428138968,-78.11091428138967,decimal
EUROPE,NS_RIDGE,NS,direct_change,5,0.5,53,0.0006278474666913,0.0009139314721227,-0.0003400773701084,1.1994611315810657,-19.946113158106545,1.214111389224157,-21.411138922415702,decimal
EUROPE,NS_RIDGE,NS,direct_change,5,1.0,53,0.0011282435907374,0.0014681678647066,-0.0008606251182076,1.7304899357514318,-73.04899357514319,1.6360473873349977,-63.60473873349978,decimal
EUROPE,NS_RIDGE,NS,direct_change,5,2.0,53,0.001096360537851,0.0013233013496508,-0.0006251307584953,1.170888273503205,-17.088827350320475,1.181158347046229,-18.115834704622905,decimal
EUROPE,NS_RIDGE,NS,direct_change,5,3.0,53,0.0010962408957142,0.0013493656785831,-0.0002281657745968,1.0772420326302874,-7.724203263028731,1.0841254865737766,-8.41254865737766,decimal
EUROPE,NS_RIDGE,NS,direct_change,5,4.0,53,0.0011359635764328,0.0014142590101991,3.094586871179006e-05,1.0904068378401244,-9.040683784012442,1.1059223436236048,-10.592234362360486,decimal
EUROPE,NS_RIDGE,NS,direct_change,5,5.0,53,0.0011546231216076,0.0014315879809814,0.0001621519164864,1.0901672491000836,-9.016724910008348,1.122289124908335,-12.228912490833537,decimal
EUROPE,NS_RIDGE,NS,direct_change,5,6.0,53,0.0011366881366837,0.0014149510688817,0.0002001243595548,1.0758224818202469,-7.582248182024694,1.1102830909328207,-11.02830909328207,decimal
EUROPE,NS_RIDGE,NS,direct_change,5,7.0,53,0.0011089412944787,0.0013799044976813,0.0001741081578423,1.053564936561764,-5.356493656176394,1.0797596689208666,-7.975966892086666,decimal
EUROPE,NS_RIDGE,NS,direct_change,5,8.0,53,0.0010801366059748,0.0013381705106114,0.0001071226850675,1.0288911853986122,-2.8891185398612302,1.0526226390543614,-5.262263905436146,decimal
EUROPE,NS_RIDGE,NS,direct_change,5,9.0,53,0.0010459911123709,0.0012991602722906,1.7108594111521514e-05,1.007145057117517,-0.7145057117516718,1.0267888055706231,-2.6788805570623047,decimal
EUROPE,NS_RIDGE,NS,direct_change,5,10.0,53,0.00101147625343,0.0012695164503081,-8.221144370806857e-05,0.9925671275470744,0.7432872452925474,1.0028716149735295,-0.2871614973529423,decimal
EUROPE,NS_RIDGE,NS,direct_change,5,11.0,53,0.0009849457864159,0.0012523493038961,-0.0001806364904885,0.9872180176721256,1.2781982327874348,0.9863525484751676,1.3647451524832397,decimal
EUROPE,NS_RIDGE,NS,direct_change,5,12.0,53,0.0009713344906855,0.0012472752074021,-0.0002708526945096,0.9906864029740096,0.9313597025990452,0.9832922521053904,1.670774789460946,decimal
EUROPE,NS_RIDGE,NS,direct_change,5,13.0,53,0.0009731065897899,0.0012513908779752,-0.0003478518300659,1.0006549286698363,-0.0654928669836523,0.9957480210180492,0.4251978981950747,decimal
EUROPE,NS_RIDGE,NS,direct_change,5,14.0,53,0.0009826492133609,0.0012606509745478,-0.0004084230547151,1.0139080003725405,-1.390800037254016,1.0121477830702843,-1.2147783070284437,decimal
EUROPE,NS_RIDGE,NS,direct_change,5,15.0,53,0.0010040664198693,0.001271092851942,-0.0004507163634496,1.027284423272387,-2.728442327238711,1.037762975285574,-3.7762975285573854,decimal
EUROPE,NS_RIDGE,NS,direct_change,5,16.0,53,0.001029367112315,0.001279596350464,-0.0004739059224735,1.0382995785728084,-3.829957857280837,1.0673007949656672,-6.730079496566724,decimal
EUROPE,NS_RIDGE,NS,direct_change,5,17.0,53,0.0010459658155156,0.0012842123674967,-0.0004778991823807,1.0454303608124142,-4.543036081241431,1.0877677021118797,-8.776770211187944,decimal
EUROPE,NS_RIDGE,NS,direct_change,5,18.0,53,0.0010537553846867,0.0012842080639759,-0.0004631286046543,1.0481533510766634,-4.815335107666337,1.0990330583125183,-9.90330583125185,decimal
EUROPE,NS_RIDGE,NS,direct_change,5,19.0,53,0.0010529152295801,0.0012799733249918,-0.0004303883562018,1.046873538372224,-4.687353837222408,1.1012668710176785,-10.126687101767851,decimal
EUROPE,NS_RIDGE,NS,direct_change,5,20.0,53,0.0010437793378991,0.0012728770033296,-0.0003807070404023,1.042798799769072,-4.279879976907198,1.0947994720897525,-9.47994720897526,decimal
EUROPE,NS_RIDGE,NS,direct_change,5,30.0,53,0.0012529399649635,0.0016284462060471,0.0007817555664555,1.341056636255763,-34.105663625576305,1.3392649399273124,-33.92649399273124,decimal
EUROPE,NS_RIDGE,NS,direct_change,10,0.25,53,0.0009726104678758,0.0012323609024793,0.0001778901112423,0.8591879321107648,14.08120678892352,1.0542694016798997,-5.426940167989976,decimal
EUROPE,NS_RIDGE,NS,direct_change,10,0.5,53,0.0010727660650161,0.0015139703448851,-0.0006113291903851,1.1014063634871467,-10.140636348714663,1.151977096975019,-15.1977096975019,decimal
EUROPE,NS_RIDGE,NS,direct_change,10,1.0,53,0.0016134037417578,0.0021430331929334,-0.0011437049465203,1.3746170028797862,-37.46170028797861,1.4332885851887671,-43.32885851887672,decimal
EUROPE,NS_RIDGE,NS,direct_change,10,2.0,53,0.0016122549176809,0.0021171715773216,-0.0008449119634853,1.1354492504859863,-13.544925048598635,1.1294864215932412,-12.948642159324129,decimal
EUROPE,NS_RIDGE,NS,direct_change,10,3.0,53,0.0015885788341217,0.0020835137602596,-0.0003837991598322,1.1002358501100693,-10.023585011006938,1.0688909239388007,-6.889092393880073,decimal
EUROPE,NS_RIDGE,NS,direct_change,10,4.0,53,0.0016398443072521,0.0020949432251444,-8.064937830824442e-05,1.115301650987865,-11.530165098786512,1.1022705134346793,-10.227051343467924,decimal
EUROPE,NS_RIDGE,NS,direct_change,10,5.0,53,0.001640162205972,0.0020913834045306,8.032926805905935e-05,1.1206076797740376,-12.060767977403756,1.1134321291325189,-11.34321291325189,decimal
EUROPE,NS_RIDGE,NS,direct_change,10,6.0,53,0.0016356449428982,0.0020684954140729,0.0001384459241763,1.1123898793369629,-11.238987933696276,1.1225811084949555,-12.258110849495582,decimal
EUROPE,NS_RIDGE,NS,direct_change,10,7.0,53,0.0016211237654925,0.0020322426317528,0.0001257052354862,1.094757071665605,-9.475707166560492,1.1203077363840148,-12.030773638401474,decimal
EUROPE,NS_RIDGE,NS,direct_change,10,8.0,53,0.0015967160950693,0.0019904559468921,6.701774744589382e-05,1.0727441588830506,-7.274415888305056,1.1039659101602393,-10.396591016023915,decimal
EUROPE,NS_RIDGE,NS,direct_change,10,9.0,53,0.0015654618081201,0.0019505522108884,-1.818332626628247e-05,1.0510622592800087,-5.106225928000872,1.0783268429747392,-7.832684297473915,decimal
EUROPE,NS_RIDGE,NS,direct_change,10,10.0,53,0.0015300037153163,0.0019178520151108,-0.0001149558936029,1.0331531297744592,-3.315312977445911,1.0501635709225887,-5.016357092258877,decimal
EUROPE,NS_RIDGE,NS,direct_change,10,11.0,53,0.0014951685297578,0.0018948047114547,-0.0002121277074825,1.0207394458848444,-2.0739445884844536,1.0230477988672737,-2.3047798867273723,decimal
EUROPE,NS_RIDGE,NS,direct_change,10,12.0,53,0.0014710303244055,0.0018811892374511,-0.0003016465640607,1.0139494035575511,-1.39494035575512,1.0050553668666613,-0.5055366866661354,decimal
EUROPE,NS_RIDGE,NS,direct_change,10,13.0,53,0.0014650029895796,0.0018749473419144,-0.0003779633203325,1.0118077843928177,-1.1807784392817615,0.999492929388408,0.0507070611591965,decimal
EUROPE,NS_RIDGE,NS,direct_change,10,14.0,53,0.0014691294582984,0.0018731963483694,-0.0004374993974819,1.012815227370898,-1.2815227370898223,1.00183606742123,-0.183606742122997,decimal
EUROPE,NS_RIDGE,NS,direct_change,10,15.0,53,0.001474169313511,0.0018730952304024,-0.0004781785963835,1.0154237408564075,-1.5423740856407575,1.0041530989372642,-0.4153098937264313,decimal
EUROPE,NS_RIDGE,NS,direct_change,10,16.0,53,0.0014795451458148,0.0018723872115339,-0.000499044170683,1.01835317702095,-1.835317702095005,1.0071776757070858,-0.7177675707085739,decimal
EUROPE,NS_RIDGE,NS,direct_change,10,17.0,53,0.0014829668575905,0.0018696745081772,-0.0004999585176821,1.0207492429307004,-2.07492429307004,1.0097614136885578,-0.9761413688557716,decimal
EUROPE,NS_RIDGE,NS,direct_change,10,18.0,53,0.0014825066763461,0.0018644755732471,-0.0004813581181254,1.0222294292745608,-2.2229429274560943,1.0105227628330682,-1.052276283306825,decimal
EUROPE,NS_RIDGE,NS,direct_change,10,19.0,53,0.0014782461500317,0.0018571735482348,-0.0004440811660483,1.0228723567050606,-2.2872356705060577,1.0094415130170062,-0.9441513017006332,decimal
EUROPE,NS_RIDGE,NS,direct_change,10,20.0,53,0.0014713615212011,0.0018488879082762,-0.0003892190921447,1.023169064604344,-2.316906460434414,1.0072429667206038,-0.7242966720603733,decimal
EUROPE,NS_RIDGE,NS,direct_change,10,30.0,53,0.0016645239438635,0.0021562263301132,0.0008428223823821,1.2442766438753814,-24.42766438753813,1.1765967992104434,-17.659679921044336,decimal
EUROPE,NS_RIDGE,NS,direct_change,22,0.25,53,0.00129489743729,0.0017250625561604,-3.8140273350738526e-05,0.7739186573969977,22.608134260300226,0.8942088589178099,10.579114108219011,decimal
EUROPE,NS_RIDGE,NS,direct_change,22,0.5,53,0.0015800860151384,0.0022816311816001,-0.0008196219271271,1.0087839795160671,-0.8783979516067026,1.0838853479250323,-8.388534792503243,decimal
EUROPE,NS_RIDGE,NS,direct_change,22,1.0,53,0.0021499827599018,0.0029694326364596,-0.0013285121360384,1.1873295121378398,-18.732951213783966,1.2396373188632794,-23.963731886327945,decimal
EUROPE,NS_RIDGE,NS,direct_change,22,2.0,53,0.0023246471551956,0.0030673654114471,-0.0010079319337618,1.0954703234124386,-9.547032341243847,1.1213337512518111,-12.133375125181106,decimal
EUROPE,NS_RIDGE,NS,direct_change,22,3.0,53,0.0024237368667652,0.0030801791970306,-0.0005126552433825,1.0709426703911331,-7.094267039113328,1.1184992791252626,-11.849927912526262,decimal
EUROPE,NS_RIDGE,NS,direct_change,22,4.0,53,0.0024193238482097,0.0030730571097141,-0.0001725304690922,1.0747303561756072,-7.473035617560726,1.1283589761210984,-12.835897612109823,decimal
EUROPE,NS_RIDGE,NS,direct_change,22,5.0,53,0.0023765681407158,0.0030298693369265,1.787618225591719e-05,1.0754098534110972,-7.540985341109726,1.1302208913098994,-13.022089130989944,decimal
EUROPE,NS_RIDGE,NS,direct_change,22,6.0,53,0.0023318997535331,0.0029638798483255,9.687205105324368e-05,1.0688656160018568,-6.886561600185692,1.1249776597486971,-12.497765974869708,decimal
EUROPE,NS_RIDGE,NS,direct_change,22,7.0,53,0.0022755683741041,0.0028877646045549,9.823704417639632e-05,1.0565844655601626,-5.658446556016264,1.1024553803572037,-10.245538035720372,decimal
EUROPE,NS_RIDGE,NS,direct_change,22,8.0,53,0.0022085171188173,0.0028111803665184,4.8642514189448106e-05,1.0412761689004868,-4.127616890048673,1.0750827408569092,-7.508274085690918,decimal
EUROPE,NS_RIDGE,NS,direct_change,22,9.0,53,0.0021375603688048,0.0027412018654395,-3.125256668843212e-05,1.0256805016708803,-2.5680501670880638,1.0453199504170998,-4.531995041709982,decimal
EUROPE,NS_RIDGE,NS,direct_change,22,10.0,53,0.0020868622363922,0.0026821964544479,-0.0001256992175589,1.011905418181746,-1.1905418181745888,1.022563113228821,-2.2563113228821114,decimal
EUROPE,NS_RIDGE,NS,direct_change,22,11.0,53,0.0020432046817814,0.0026358231611805,-0.0002229494178791,1.0011267050564028,-0.1126705056402872,1.0039175751311384,-0.3917575131138513,decimal
EUROPE,NS_RIDGE,NS,direct_change,22,12.0,53,0.0020188316225679,0.002601463777208,-0.0003145068426104,0.9936093911345572,0.6390608865442859,0.9959801332468428,0.4019866753157226,decimal
EUROPE,NS_RIDGE,NS,direct_change,22,13.0,53,0.0020005095195513,0.002576974758046,-0.0003944547523691,0.988944779757032,1.1055220242968011,0.990656698242368,0.9343301757631968,decimal
EUROPE,NS_RIDGE,NS,direct_change,22,14.0,53,0.0019903630858018,0.0025595127750548,-0.0004588894469693,0.9863568481076808,1.3643151892319214,0.9904053597706588,0.959464022934132,decimal
EUROPE,NS_RIDGE,NS,direct_change,22,15.0,53,0.0019797328721208,0.0025462156225753,-0.0005054515470317,0.9849708902189476,1.502910978105242,0.9896066176437488,1.0393382356251226,decimal
EUROPE,NS_RIDGE,NS,direct_change,22,16.0,53,0.0019650214938678,0.0025346660531537,-0.0005329331184753,0.9840144363975108,1.598556360248912,0.9857931591558388,1.4206840844161164,decimal
EUROPE,NS_RIDGE,NS,direct_change,22,17.0,53,0.0019489917645301,0.0025231378868114,-0.0005409748196908,0.982924070935796,1.707592906420388,0.98178573396101,1.8214266038990088,decimal
EUROPE,NS_RIDGE,NS,direct_change,22,18.0,53,0.0019345418129374,0.0025106726026786,-0.0005298266549307,0.9813908174884584,1.8609182511541695,0.9777087778018416,2.229122219815827,decimal
EUROPE,NS_RIDGE,NS,direct_change,22,19.0,53,0.0019193689873139,0.0024970469672422,-0.0005001612574718,0.9793624574760552,2.063754252394495,0.972803947956595,2.719605204340501,decimal
EUROPE,NS_RIDGE,NS,direct_change,22,20.0,53,0.0019018333890421,0.0024826849923822,-0.00045293297911,0.9770201811214604,2.297981887853949,0.9667740693865472,3.3225930613452714,decimal
EUROPE,NS_RIDGE,NS,direct_change,22,30.0,53,0.0019684761412733,0.0026110466169671,0.0007183447845528,1.0611417382454336,-6.114173824543349,1.02790816728914,-2.7908167289139887,decimal
EUROPE,PCA_RIDGE,PCA,direct_change,5,0.25,53,0.0011538964948193,0.0014057418792617,-0.0005833728073911,1.8320935871318031,-83.20935871318031,2.1549053043933477,-115.49053043933472,decimal
EUROPE,PCA_RIDGE,PCA,direct_change,5,0.5,53,0.0006477512816962,0.0008989927274841,-0.0004005611807869,1.1798552375997626,-17.985523759976257,1.2526007513199346,-25.26007513199346,decimal
EUROPE,PCA_RIDGE,PCA,direct_change,5,1.0,53,0.0009626756392823,0.0013224525825126,-0.0001283592258289,1.5587392556122217,-55.873925561222165,1.3959600368474991,-39.59600368474992,decimal
EUROPE,PCA_RIDGE,PCA,direct_change,5,2.0,53,0.0009993325193086,0.0012926800190869,0.0001443426655903,1.1437937973388812,-14.379379733888122,1.0766257138091848,-7.662571380918479,decimal
EUROPE,PCA_RIDGE,PCA,direct_change,5,3.0,53,0.0010548444899247,0.0013415894677851,0.0001353813938687,1.0710340333761457,-7.103403337614557,1.043186584600354,-4.318658460035416,decimal
EUROPE,PCA_RIDGE,PCA,direct_change,5,4.0,53,0.0011075052394372,0.0013826990135148,1.607825860037963e-05,1.066073787148166,-6.607378714816599,1.0782166042858894,-7.821660428588935,decimal
EUROPE,PCA_RIDGE,PCA,direct_change,5,5.0,53,0.0011081123868436,0.001394341860611,-0.0001169280622498,1.0618039901713328,-6.180399017133284,1.0770808739732858,-7.708087397328587,decimal
EUROPE,PCA_RIDGE,PCA,direct_change,5,6.0,53,0.0011085302011704,0.0013967407071124,-0.0002301797224423,1.0619766909485442,-6.197669094854423,1.0827792588200602,-8.277925882006018,decimal
EUROPE,PCA_RIDGE,PCA,direct_change,5,7.0,53,0.0011103196548227,0.0013960218154931,-0.0003170877060741,1.0658706004293774,-6.587060042937745,1.0811017579169837,-8.110175791698357,decimal
EUROPE,PCA_RIDGE,PCA,direct_change,5,8.0,53,0.0011029470119059,0.0013913591189399,-0.0003795636905139,1.0697867886411383,-6.978678864113824,1.0748520029665016,-7.485200296650161,decimal
EUROPE,PCA_RIDGE,PCA,direct_change,5,9.0,53,0.0010906699545814,0.0013812318906296,-0.0004210623762328,1.0707692507622082,-7.076925076220825,1.0706474335121086,-7.06474335121086,decimal
EUROPE,PCA_RIDGE,PCA,direct_change,5,10.0,53,0.0010765357232819,0.0013651434978577,-0.0004444718443751,1.0673328100863917,-6.733281008639172,1.067377623274272,-6.737762327427205,decimal
EUROPE,PCA_RIDGE,PCA,direct_change,5,11.0,53,0.0010547161961497,0.0013436517940969,-0.000451775944332,1.0591911190298835,-5.919111902988357,1.0562226087345663,-5.62226087345664,decimal
EUROPE,PCA_RIDGE,PCA,direct_change,5,12.0,53,0.0010287182219455,0.0013180818937725,-0.0004442501322069,1.0469267747944988,-4.692677479449883,1.0413824145426342,-4.138241454263428,decimal
EUROPE,PCA_RIDGE,PCA,direct_change,5,13.0,53,0.0010038899648074,0.0012903278002395,-0.0004227376185578,1.031790222890646,-3.1790222890646223,1.0272476378900284,-2.72476378900283,decimal
EUROPE,PCA_RIDGE,PCA,direct_change,5,14.0,53,0.0009849293947954,0.0012627356445827,-0.0003878731285616,1.0155846449547563,-1.558464495475628,1.0144964142527777,-1.4496414252777508,decimal
EUROPE,PCA_RIDGE,PCA,direct_change,5,15.0,53,0.0009668755802103,0.001238038039778,-0.0003402205576333,1.000569857457372,-0.056985745737209,0.9993240078486249,0.0675992151375235,decimal
EUROPE,PCA_RIDGE,PCA,direct_change,5,16.0,53,0.0009523937855751,0.0012192522460857,-0.0002803652111254,0.9893347170189214,1.0665282981078608,0.987490888628316,1.2509111371683967,decimal
EUROPE,PCA_RIDGE,PCA,direct_change,5,17.0,53,0.0009461278413634,0.0012095114361357,-0.0002089357211599,0.9846190623057685,1.5380937694231536,0.9839397164204848,1.606028357951519,decimal
EUROPE,PCA_RIDGE,PCA,direct_change,5,18.0,53,0.000950647652884,0.0012118068202904,-0.0001266192891086,0.989060429672562,1.0939570327437835,0.9914950020752412,0.8504997924758769,decimal
EUROPE,PCA_RIDGE,PCA,direct_change,5,19.0,53,0.000961442809994,0.0012286644556887,-3.415556329139168e-05,1.0049086813643002,-0.4908681364300192,1.0055938837990264,-0.5593883799026342,decimal
EUROPE,PCA_RIDGE,PCA,direct_change,5,20.0,53,0.0009709859516878,0.0012618400573717,6.76803422241261e-05,1.0337568310887235,-3.375683108872363,1.01844793120167,-1.8447931201670131,decimal
EUROPE,PCA_RIDGE,PCA,direct_change,5,30.0,53,0.0019455695448388,0.0023570873184637,0.0014329225235075,1.9411065461799717,-94.11065461799714,2.0796152668566377,-107.96152668566376,decimal
EUROPE,PCA_RIDGE,PCA,direct_change,10,0.25,53,0.0012293434836149,0.0015106358528443,-0.0007782738383079,1.0531980460970818,-5.319804609708178,1.3325573410291742,-33.25573410291742,decimal
EUROPE,PCA_RIDGE,PCA,direct_change,10,0.5,53,0.0010590019669537,0.0014496885348041,-0.000628035924443,1.0546416465169923,-5.464164651699251,1.1371966837558904,-13.719668375589036,decimal
EUROPE,PCA_RIDGE,PCA,direct_change,10,1.0,53,0.0014368772854443,0.0019617540694481,-0.0003873589251057,1.2583381854393183,-25.83381854393185,1.2764689694475466,-27.64689694475466,decimal
EUROPE,PCA_RIDGE,PCA,direct_change,10,2.0,53,0.001508119975452,0.0020799236100034,-7.679333197487456e-05,1.1154729873306493,-11.54729873306493,1.0565333159949728,-5.653331599497291,decimal
EUROPE,PCA_RIDGE,PCA,direct_change,10,3.0,53,0.0015781446657901,0.0020958826928563,-3.4846210867719626e-05,1.1067674811125277,-10.676748111252763,1.0618701909484551,-6.1870190948455175,decimal
EUROPE,PCA_RIDGE,PCA,direct_change,10,4.0,53,0.0016314901706387,0.0020885941704338,-0.0001156429271493,1.1119215540401532,-11.192155404015322,1.0966550300541222,-9.665503005412234,decimal
EUROPE,PCA_RIDGE,PCA,direct_change,10,5.0,53,0.0016207033357666,0.0020641847281567,-0.000219640607468,1.1060340508745254,-10.603405087452536,1.1002223799964626,-10.022237999646244,decimal
EUROPE,PCA_RIDGE,PCA,direct_change,10,6.0,53,0.0016020898564138,0.0020363698912083,-0.0003107855456192,1.095113502382082,-9.51135023820819,1.099551473399158,-9.955147339915795,decimal
EUROPE,PCA_RIDGE,PCA,direct_change,10,7.0,53,0.0015862045664416,0.002009545781215,-0.0003810906459653,1.0825304126817914,-8.253041268179148,1.0961761742677778,-9.61761742677779,decimal
EUROPE,PCA_RIDGE,PCA,direct_change,10,8.0,53,0.0015718783353148,0.0019837974135556,-0.0004314448000813,1.069155582730611,-6.915558273061092,1.0867931390343246,-8.679313903432462,decimal
EUROPE,PCA_RIDGE,PCA,direct_change,10,9.0,53,0.0015507081078745,0.0019583967672501,-0.0004643404947401,1.0552893274336177,-5.52893274336174,1.0681641478993846,-6.816414789938462,decimal
EUROPE,PCA_RIDGE,PCA,direct_change,10,10.0,53,0.0015323282885564,0.0019328689029754,-0.0004817532915239,1.041242776199001,-4.124277619900117,1.0517591109270257,-5.175911092702576,decimal
EUROPE,PCA_RIDGE,PCA,direct_change,10,11.0,53,0.0015133136956722,0.0019071947558696,-0.0004848581714362,1.0274140160894163,-2.741401608941621,1.035463370543201,-3.546337054320093,decimal
EUROPE,PCA_RIDGE,PCA,direct_change,10,12.0,53,0.0014911368350161,0.0018818120709039,-0.0004742628658287,1.0142851069495007,-1.4285106949500614,1.0187927834669894,-1.879278346698948,decimal
EUROPE,PCA_RIDGE,PCA,direct_change,10,13.0,53,0.0014681376919641,0.0018575857740568,-0.000450283064213,1.0024386841973596,-0.243868419735958,1.0016315686207882,-0.1631568620788105,decimal
EUROPE,PCA_RIDGE,PCA,direct_change,10,14.0,53,0.0014520415419125,0.0018357714188392,-0.0004131645277919,0.9925800082789832,0.741999172101675,0.9901833904867984,0.9816609513201532,decimal
EUROPE,PCA_RIDGE,PCA,direct_change,10,15.0,53,0.0014380878576117,0.0018179674798701,-0.0003632038201206,0.9855384334988896,1.446156650111029,0.9795756603599444,2.042433964005564,decimal
EUROPE,PCA_RIDGE,PCA,direct_change,10,16.0,53,0.0014262991199991,0.0018060115705262,-0.0003008038669307,0.9822528210259008,1.7747178974099214,0.9709312599262624,2.9068740073737445,decimal
EUROPE,PCA_RIDGE,PCA,direct_change,10,17.0,53,0.0014176526609927,0.001801861888339,-0.0002264926298336,0.9837269269830224,1.627307301697762,0.9652885684911487,3.4711431508851223,decimal
EUROPE,PCA_RIDGE,PCA,direct_change,10,18.0,53,0.0014150228722952,0.0018074390502438,-0.0001409054802789,0.9909582165035232,0.9041783496476752,0.9645236984078898,3.5476301592110238,decimal
EUROPE,PCA_RIDGE,PCA,direct_change,10,19.0,53,0.0014147526506959,0.0018244666047868,-4.477244417045152e-05,1.0048584083817496,-0.4858408381749583,0.9660840694445226,3.3915930555477423,decimal
EUROPE,PCA_RIDGE,PCA,direct_change,10,20.0,53,0.0014215828139661,0.0018543090849761,6.111857654651664e-05,1.0261691276520772,-2.6169127652077258,0.9731661935874092,2.683380641259073,decimal
EUROPE,PCA_RIDGE,PCA,direct_change,10,30.0,53,0.0023038076423791,0.0028405340982618,0.0014783273830824,1.6391647691331606,-63.916476913316046,1.6284852543053014,-62.84852543053015,decimal
EUROPE,PCA_RIDGE,PCA,direct_change,22,0.25,53,0.0015663606244945,0.002012504600947,-0.0010692491390094,0.9028744222683756,9.712557773162448,1.0816714176331232,-8.167141763312332,decimal
EUROPE,PCA_RIDGE,PCA,direct_change,22,0.5,53,0.0016255179137954,0.0023381638664702,-0.0009232723163702,1.0337789336856251,-3.377893368562508,1.1150500875727671,-11.505008757276723,decimal
EUROPE,PCA_RIDGE,PCA,direct_change,22,1.0,53,0.0020387103355578,0.0029120002670049,-0.0006592971366182,1.164365142995988,-16.43651429959881,1.1754798510221864,-17.54798510221865,decimal
EUROPE,PCA_RIDGE,PCA,direct_change,22,2.0,53,0.0023155127033117,0.003064008609658,-0.0003023669788591,1.0942714845887909,-9.427148458879088,1.1169275904399658,-11.692759043996588,decimal
EUROPE,PCA_RIDGE,PCA,direct_change,22,3.0,53,0.0024051111593373,0.0031060442576147,-0.0001990913153067,1.079935652708059,-7.993565270805908,1.109903939995405,-10.990393999540494,decimal
EUROPE,PCA_RIDGE,PCA,direct_change,22,4.0,53,0.0024142191156426,0.0030845700389104,-0.0002189996432889,1.0787567357884775,-7.875673578847782,1.1259781576883017,-12.597815768830136,decimal
EUROPE,PCA_RIDGE,PCA,direct_change,22,5.0,53,0.0023535617629458,0.003020648634136,-0.0002734954675219,1.0721370935876058,-7.21370935876058,1.1192797832711343,-11.927978327113442,decimal
EUROPE,PCA_RIDGE,PCA,direct_change,22,6.0,53,0.0022746641545637,0.002942575302174,-0.0003273599635319,1.0611825458333006,-6.118254583330061,1.0973655078603408,-9.736550786034073,decimal
EUROPE,PCA_RIDGE,PCA,direct_change,22,7.0,53,0.0022085514037922,0.0028648189805353,-0.0003704830745321,1.04818904792347,-4.818904792347005,1.0699873515620777,-6.998735156207779,decimal
EUROPE,PCA_RIDGE,PCA,direct_change,22,8.0,53,0.0021611000208521,0.0027931362971354,-0.0004015956031811,1.0345925495702566,-3.459254957025653,1.0520005998087367,-5.2000599808736645,decimal
EUROPE,PCA_RIDGE,PCA,direct_change,22,9.0,53,0.0021217968685666,0.0027293232475886,-0.0004215691735774,1.0212358575641856,-2.1235857564185543,1.0376112084663185,-3.7611208466318224,decimal
EUROPE,PCA_RIDGE,PCA,direct_change,22,10.0,53,0.0020835768992889,0.0026734916689074,-0.0004312037610812,1.0086213859335165,-0.8621385933516444,1.0209532970762043,-2.09532970762043,decimal
EUROPE,PCA_RIDGE,PCA,direct_change,22,11.0,53,0.0020482290907473,0.0026251001244641,-0.0004307663962674,0.9970539286371988,0.2946071362801259,1.0063862913153236,-0.638629131532356,decimal
EUROPE,PCA_RIDGE,PCA,direct_change,22,12.0,53,0.0020147591926188,0.0025834630246175,-0.0004201276888839,0.986734139986296,1.3265860013703985,0.993971021006916,0.6028978993084029,decimal
EUROPE,PCA_RIDGE,PCA,direct_change,22,13.0,53,0.001979845525475,0.0025480213314124,-0.0003989807162356,0.9778335571748246,2.216644282517545,0.9804238430902166,1.9576156909783424,decimal
EUROPE,PCA_RIDGE,PCA,direct_change,22,14.0,53,0.0019438436629276,0.0025184852684195,-0.0003670261707378,0.970546119392069,2.945388060793096,0.9672572788618335,3.2742721138166324,decimal
EUROPE,PCA_RIDGE,PCA,direct_change,22,15.0,53,0.0019081576109919,0.0024948767110661,-0.0003240889901402,0.9651110900811576,3.488890991884237,0.95382838055416,4.61716194458399,decimal
EUROPE,PCA_RIDGE,PCA,direct_change,22,16.0,53,0.0018881049813233,0.0024775156530508,-0.0002701602886063,0.9618273641884668,3.817263581153333,0.947206419962861,5.279358003713894,decimal
EUROPE,PCA_RIDGE,PCA,direct_change,22,17.0,53,0.001877265372898,0.0024669675298591,-0.0002054099807912,0.9610421134692376,3.89578865307624,0.9456542585313006,5.434574146869936,decimal
EUROPE,PCA_RIDGE,PCA,direct_change,22,18.0,53,0.0018736991295633,0.0024639648303912,-0.0001301717203697,0.9631333279299676,3.6866672070032496,0.9469591578132494,5.304084218675068,decimal
EUROPE,PCA_RIDGE,PCA,direct_change,22,19.0,53,0.0018882197099135,0.0024693149310115,-4.491288883870908e-05,0.968485723674081,3.151427632591902,0.957016394739204,4.298360526079606,decimal
EUROPE,PCA_RIDGE,PCA,direct_change,22,20.0,53,0.0019101174232888,0.0024838112373141,4.979720382804863e-05,0.977463396443072,2.253660355692795,0.9709851582998716,2.90148417001284,decimal
EUROPE,PCA_RIDGE,PCA,direct_change,22,30.0,53,0.0025337163096947,0.0031882474606885,0.0013656984734025,1.2957189007683256,-29.57189007683257,1.3230679476989928,-32.30679476989928,decimal
EUROPE,PCA_RIDGE_VAR,PCA,recursive,5,0.25,53,0.0011047452362298,0.001372585917978,-0.0005520073888291,1.788881654031386,-78.8881654031386,2.063115175618741,-106.31151756187413,decimal
EUROPE,PCA_RIDGE_VAR,PCA,recursive,5,0.5,53,0.0006203055113327,0.0008723628443236,-0.0003653137691026,1.1449056699747615,-14.490566997476163,1.1995269967026454,-19.952699670264543,decimal
EUROPE,PCA_RIDGE_VAR,PCA,recursive,5,1.0,53,0.0009403850005247,0.0013154182476397,-9.444061120553726e-05,1.5504480744776237,-55.04480744776236,1.363636749925485,-36.3636749925485,decimal
EUROPE,PCA_RIDGE_VAR,PCA,recursive,5,2.0,53,0.0009785539647864,0.0012691579811072,0.000163171254562,1.1229809428469064,-12.298094284690638,1.0542400457136536,-5.424004571365367,decimal
EUROPE,PCA_RIDGE_VAR,PCA,recursive,5,3.0,53,0.0010302988725181,0.0013107619422008,0.0001359989654262,1.046423427927579,-4.642342792757894,1.018912239866252,-1.8912239866252096,decimal
EUROPE,PCA_RIDGE_VAR,PCA,recursive,5,4.0,53,0.0010817013969259,0.0013599033621438,-8.863818112103945e-07,1.0484981281290084,-4.849812812900847,1.053095159746024,-5.309515974602409,decimal
EUROPE,PCA_RIDGE_VAR,PCA,recursive,5,5.0,53,0.0010981447181507,0.0013870865982161,-0.0001499865477817,1.056279041965802,-5.627904196580211,1.067392339277065,-6.739233927706491,decimal
EUROPE,PCA_RIDGE_VAR,PCA,recursive,5,6.0,53,0.0011133920921761,0.0014073157783711,-0.0002776030856953,1.070017180586068,-7.001718058606817,1.0875282090372524,-8.752820903725251,decimal
EUROPE,PCA_RIDGE_VAR,PCA,recursive,5,7.0,53,0.0011284169992254,0.0014234532868376,-0.0003771157973173,1.0868146849044065,-8.681468490440652,1.0987228733880394,-9.87228733880394,decimal
EUROPE,PCA_RIDGE_VAR,PCA,recursive,5,8.0,53,0.0011324919281549,0.0014330326939788,-0.0004505002116995,1.1018287247632887,-10.18287247632888,1.1036443312152666,-10.364433121526671,decimal
EUROPE,PCA_RIDGE_VAR,PCA,recursive,5,9.0,53,0.0011320601852525,0.0014339065833029,-0.0005013224909514,1.1116041327183306,-11.160413271833065,1.1112778222510358,-11.127782225103578,decimal
EUROPE,PCA_RIDGE_VAR,PCA,recursive,5,10.0,53,0.001126230595425,0.0014254251286731,-0.0005326049346863,1.114463798525173,-11.446379852517316,1.1166497406503113,-11.66497406503112,decimal
EUROPE,PCA_RIDGE_VAR,PCA,recursive,5,11.0,53,0.0011089843841216,0.0014081581932592,-0.0005464739282463,1.1100410530778897,-11.00410530778896,1.1105683059753986,-11.056830597539856,decimal
EUROPE,PCA_RIDGE_VAR,PCA,recursive,5,12.0,53,0.0010841950847732,0.0013834710735831,-0.0005443470672355,1.0988641266760537,-9.88641266760535,1.0975422337529288,-9.754223375292872,decimal
EUROPE,PCA_RIDGE_VAR,PCA,recursive,5,13.0,53,0.0010557505172637,0.0013532812347238,-0.000527204066314,1.0821299413608156,-8.212994136081553,1.0803148383581067,-8.031483835810668,decimal
EUROPE,PCA_RIDGE_VAR,PCA,recursive,5,14.0,53,0.0010271016319789,0.0013199437696219,-0.0004958074727692,1.061595616139137,-6.159561613913711,1.0579346379770118,-5.793463797701175,decimal
EUROPE,PCA_RIDGE_VAR,PCA,recursive,5,15.0,53,0.0010013330909665,0.0012862206049091,-0.000450838734614,1.039510520648778,-3.951052064877804,1.0349379156296346,-3.493791562963457,decimal
EUROPE,PCA_RIDGE_VAR,PCA,recursive,5,16.0,53,0.0009796202143328,0.0012552442578935,-0.0003929897868178,1.0185396226740824,-1.8539622674082483,1.0157206510809569,-1.572065108095679,decimal
EUROPE,PCA_RIDGE_VAR,PCA,recursive,5,17.0,53,0.0009626601899921,0.0012304338238863,-0.0003229849427131,1.0016512136296454,-0.1651213629645329,1.0011327781932635,-0.1132778193263825,decimal
EUROPE,PCA_RIDGE_VAR,PCA,recursive,5,18.0,53,0.0009559960940077,0.0012153202751569,-0.0002415965115977,0.9919280642837196,0.8071935716280326,0.997073254571779,0.2926745428221023,decimal
EUROPE,PCA_RIDGE_VAR,PCA,recursive,5,19.0,53,0.0009567142858889,0.0012132539160923,-0.0001496392907419,0.9923046014194395,0.7695398580560355,1.0006482178996643,-0.0648217899664361,decimal
EUROPE,PCA_RIDGE_VAR,PCA,recursive,5,20.0,53,0.0009643098109495,0.0012270311619364,-4.795433579670154e-05,1.005239798974677,-0.5239798974677076,1.0114454594238915,-1.144545942389168,decimal
EUROPE,PCA_RIDGE_VAR,PCA,recursive,5,30.0,53,0.0018164162834404,0.0022224043881062,0.0013258223168489,1.830192573783735,-83.0192573783735,1.9415636125834328,-94.15636125834328,decimal
EUROPE,PCA_RIDGE_VAR,PCA,recursive,10,0.25,53,0.0011391631700196,0.0014111424485066,-0.0007602582356281,0.9838323820617934,1.6167617938206686,1.2348056219210422,-23.480562192104223,decimal
EUROPE,PCA_RIDGE_VAR,PCA,recursive,10,0.5,53,0.0009810561059476,0.0014431985147807,-0.0006003912183925,1.0499201872248445,-4.992018722484441,1.053495446728268,-5.349544672826791,decimal
EUROPE,PCA_RIDGE_VAR,PCA,recursive,10,1.0,53,0.0013827256039011,0.0019470924379352,-0.0003562907874015,1.2489336983627306,-24.89336983627306,1.2283626058537145,-22.83626058537144,decimal
EUROPE,PCA_RIDGE_VAR,PCA,recursive,10,2.0,53,0.0014174821222343,0.0019716339165064,-6.426869081673822e-05,1.057396706393573,-5.739670639357308,0.9930357739071556,0.6964226092844387,decimal
EUROPE,PCA_RIDGE_VAR,PCA,recursive,10,3.0,53,0.0014641514463744,0.0019533612408051,-5.010386768612214e-05,1.031506537821729,-3.1506537821728937,0.9851687298646432,1.4831270135356638,decimal
EUROPE,PCA_RIDGE_VAR,PCA,recursive,10,4.0,53,0.0015155881565268,0.0019548026030639,-0.0001598213356529,1.0406938691153793,-4.069386911537936,1.0187480165417584,-1.87480165417585,decimal
EUROPE,PCA_RIDGE_VAR,PCA,recursive,10,5.0,53,0.0015297533451746,0.0019572691314729,-0.000291501869199,1.0487464017175443,-4.874640171754426,1.0384805344029964,-3.848053440299627,decimal
EUROPE,PCA_RIDGE_VAR,PCA,recursive,10,6.0,53,0.0015354137700421,0.0019615799090031,-0.0004081375195603,1.0548931476668255,-5.489314766682547,1.0537901269197358,-5.379012691973585,decimal
EUROPE,PCA_RIDGE_VAR,PCA,recursive,10,7.0,53,0.0015389999341504,0.0019655118983185,-0.0005013408185079,1.0588096207150095,-5.880962071500959,1.063554534961335,-6.355453496133463,decimal
EUROPE,PCA_RIDGE_VAR,PCA,recursive,10,8.0,53,0.0015384201208742,0.0019660771834355,-0.000571884732091,1.0596053721946177,-5.960537219461775,1.0636602049633954,-6.366020496339536,decimal
EUROPE,PCA_RIDGE_VAR,PCA,recursive,10,9.0,53,0.0015358871760884,0.0019614064440513,-0.0006223077335188,1.0569111028881597,-5.6911102888159775,1.0579551421606814,-5.795514216068141,decimal
EUROPE,PCA_RIDGE_VAR,PCA,recursive,10,10.0,53,0.0015375368927941,0.0019508145251969,-0.0006547243942473,1.0509101413646935,-5.091014136469378,1.0553341914128225,-5.533419141282233,decimal
EUROPE,PCA_RIDGE_VAR,PCA,recursive,10,11.0,53,0.0015319881303252,0.0019344598570841,-0.0006704994040478,1.042101843355972,-4.210184335597213,1.0482410868251042,-4.8241086825104205,decimal
EUROPE,PCA_RIDGE_VAR,PCA,recursive,10,12.0,53,0.0015211447828337,0.0019130881669177,-0.000670454015208,1.031142729918798,-3.114272991879794,1.0392951813458324,-3.929518134583234,decimal
EUROPE,PCA_RIDGE_VAR,PCA,recursive,10,13.0,53,0.0015073598976423,0.0018878987354865,-0.0006551240842299,1.0187969517907292,-1.8796951790729208,1.0283907749358585,-2.839077493585821,decimal
EUROPE,PCA_RIDGE_VAR,PCA,recursive,10,14.0,53,0.0014895295141018,0.0018604832463682,-0.0006249713383239,1.0059414026887863,-0.5941402688786187,1.0157473749413637,-1.574737494136372,decimal
EUROPE,PCA_RIDGE_VAR,PCA,recursive,10,15.0,53,0.0014673474298717,0.0018327941113757,-0.0005804975260588,0.993576099381206,0.642390061879406,0.9995062679836042,0.0493732016395824,decimal
EUROPE,PCA_RIDGE_VAR,PCA,recursive,10,16.0,53,0.0014439433568864,0.0018070769631492,-0.0005222961983605,0.982832266322098,1.7167733677901889,0.9829423036906842,1.7057696309315722,decimal
EUROPE,PCA_RIDGE_VAR,PCA,recursive,10,17.0,53,0.0014232501767018,0.0017857945214354,-0.0004510695244042,0.9749549441962044,2.5045055803795577,0.9690999519665222,3.0900048033477834,decimal
EUROPE,PCA_RIDGE_VAR,PCA,recursive,10,18.0,53,0.0014063716901126,0.0017715019492082,-0.0003676100759124,0.9712551092016573,2.874489079834277,0.9586267829602716,4.137321703972841,decimal
EUROPE,PCA_RIDGE_VAR,PCA,recursive,10,19.0,53,0.0013933754544564,0.0017666963623992,-0.000272788297892,0.97304038898635,2.6959611013650053,0.951486345435178,4.851365456482188,decimal
EUROPE,PCA_RIDGE_VAR,PCA,recursive,10,20.0,53,0.0013908790383234,0.0017736257449458,-0.0001675164839988,0.9815192074604048,1.848079253959538,0.9521474557569524,4.785254424304753,decimal
EUROPE,PCA_RIDGE_VAR,PCA,recursive,10,30.0,53,0.0021059575459763,0.0026070529515678,0.001263311178588,1.504431632096758,-50.443163209675824,1.488631579619951,-48.863157961995086,decimal
EUROPE,PCA_RIDGE_VAR,PCA,recursive,22,0.25,53,0.001286682907874,0.0016923933727758,-0.0009139287483658,0.7592622088798313,24.073779112016872,0.8885362050348573,11.146379496514273,decimal
EUROPE,PCA_RIDGE_VAR,PCA,recursive,22,0.5,53,0.001425461117155,0.0021642719369218,-0.0007646514487107,0.9568956082340242,4.310439176597584,0.977817918846545,2.218208115345504,decimal
EUROPE,PCA_RIDGE_VAR,PCA,recursive,22,1.0,53,0.0019880346452875,0.0028290281905553,-0.0005309849267636,1.1311887059074996,-13.118870590749973,1.1462612554177147,-14.626125541771474,decimal
EUROPE,PCA_RIDGE_VAR,PCA,recursive,22,2.0,53,0.0022318497935485,0.0029258780160883,-0.0002679820538344,1.0449399098614285,-4.493990986142825,1.0765713392834573,-7.657133928345725,decimal
EUROPE,PCA_RIDGE_VAR,PCA,recursive,22,3.0,53,0.002246104147113,0.0029168660132857,-0.0002523829191235,1.01416056586994,-1.4160565869939905,1.0365258307677157,-3.652583076771564,decimal
EUROPE,PCA_RIDGE_VAR,PCA,recursive,22,4.0,53,0.0022731113733645,0.0028908052069373,-0.0003462076756313,1.0109919857542409,-1.0991985754240756,1.0601663038029745,-6.016630380297434,decimal
EUROPE,PCA_RIDGE_VAR,PCA,recursive,22,5.0,53,0.0022340395415991,0.0028515900567619,-0.0004621612184945,1.012132109974642,-1.2132109974642136,1.062438782490473,-6.243878249047316,decimal
EUROPE,PCA_RIDGE_VAR,PCA,recursive,22,6.0,53,0.0021703728142556,0.0028119069038577,-0.0005669395129869,1.014059529649873,-1.4059529649872875,1.0470522695772566,-4.705226957725658,decimal
EUROPE,PCA_RIDGE_VAR,PCA,recursive,22,7.0,53,0.002139085202933,0.0027760721138039,-0.0006521031917292,1.0157180630628522,-1.5718063062852226,1.0363327324516916,-3.633273245169153,decimal
EUROPE,PCA_RIDGE_VAR,PCA,recursive,22,8.0,53,0.0021205030937547,0.0027438986849208,-0.0007177701715991,1.0163546759626665,-1.635467596266631,1.0322384456997844,-3.223844569978438,decimal
EUROPE,PCA_RIDGE_VAR,PCA,recursive,22,9.0,53,0.0021082022198596,0.0027140201271833,-0.0007659641088148,1.0155098610907802,-1.5509861090780328,1.0309630886191623,-3.096308861916224,decimal
EUROPE,PCA_RIDGE_VAR,PCA,recursive,22,10.0,53,0.0020952787238917,0.0026850671267975,-0.0007984490208615,1.01298842942038,-1.2988429420380014,1.0266871945935852,-2.6687194593585057,decimal
EUROPE,PCA_RIDGE_VAR,PCA,recursive,22,11.0,53,0.0020793266253252,0.0026559804365156,-0.0008163049314146,1.0087827522967328,-0.8782752296732793,1.021665896821495,-2.166589682149468,decimal
EUROPE,PCA_RIDGE_VAR,PCA,recursive,22,12.0,53,0.0020605244225319,0.0026260911149508,-0.0008200923449899,1.0030156163044972,-0.3015616304497138,1.0165490603428022,-1.6549060342802318,decimal
EUROPE,PCA_RIDGE_VAR,PCA,recursive,22,13.0,53,0.0020372185177583,0.0025951438540912,-0.0008100924504599,0.9959173869316702,0.4082613068329827,1.008835074603092,-0.8835074603091755,decimal
EUROPE,PCA_RIDGE_VAR,PCA,recursive,22,14.0,53,0.0020080581147548,0.0025633048145949,-0.0007865087187443,0.9878181825479888,1.218181745201107,0.9992104122967128,0.0789587703287135,decimal
EUROPE,PCA_RIDGE_VAR,PCA,recursive,22,15.0,53,0.0019739065378359,0.0025311338801394,-0.0007495965668116,0.9791367113923812,2.08632886076189,0.9866942151443256,1.3305784855674432,decimal
EUROPE,PCA_RIDGE_VAR,PCA,recursive,22,16.0,53,0.0019381867289171,0.002499543283758,-0.0006997158363673,0.9703789864380974,2.9621013561902663,0.972330951338513,2.766904866148702,decimal
EUROPE,PCA_RIDGE_VAR,PCA,recursive,22,17.0,53,0.0019038173096206,0.0024697390364208,-0.0006373521760451,0.9621217930723748,3.787820692762508,0.9590295396164512,4.097046038354887,decimal
EUROPE,PCA_RIDGE_VAR,PCA,recursive,22,18.0,53,0.0018715298720276,0.0024431482131597,-0.0005631093751871,0.9549963701361092,4.500362986389077,0.9458628247592088,5.41371752407913,decimal
EUROPE,PCA_RIDGE_VAR,PCA,recursive,22,19.0,53,0.0018501837788532,0.0024213358512695,-0.0004776856699604,0.9496679320746488,5.033206792535118,0.9377384423787024,6.226155762129752,decimal
EUROPE,PCA_RIDGE_VAR,PCA,recursive,22,20.0,53,0.0018344111218479,0.0024059147561652,-0.0003818473791096,0.9468085069366016,5.31914930633984,0.9325007728937303,6.749922710626957,decimal
EUROPE,PCA_RIDGE_VAR,PCA,recursive,22,30.0,53,0.0022346968232204,0.002831559116037,0.0009713559553578,1.1507590645111678,-15.075906451116785,1.1669245401762876,-16.692454017628744,decimal
EUROPE,PERSISTENCE,YIELD,random_walk,5,0.25,53,0.0005354743396226,0.0007672871566907,-0.0002325075471698,1.0,0.0,1.0,0.0,decimal
EUROPE,PERSISTENCE,YIELD,random_walk,5,0.5,53,0.0005171250943396,0.0007619517198677,-0.0002249888679245,1.0,0.0,1.0,0.0,decimal
EUROPE,PERSISTENCE,YIELD,random_walk,5,1.0,53,0.0006896154716981,0.0008484116748527,-0.0001832022641509,1.0,0.0,1.0,0.0,decimal
EUROPE,PERSISTENCE,YIELD,random_walk,5,2.0,53,0.0009282079245283,0.0011301687612701,-0.0001520320754716,1.0,0.0,1.0,0.0,decimal
EUROPE,PERSISTENCE,YIELD,random_walk,5,3.0,53,0.0010111752830188,0.001252611425947,-0.0001825179245283,1.0,0.0,1.0,0.0,decimal
EUROPE,PERSISTENCE,YIELD,random_walk,5,4.0,53,0.0010271639622641,0.0012970012302935,-0.0002248673584905,1.0,0.0,1.0,0.0,decimal
EUROPE,PERSISTENCE,YIELD,random_walk,5,5.0,53,0.0010288107547169,0.0013131819747504,-0.0002604816981132,1.0,0.0,1.0,0.0,decimal
EUROPE,PERSISTENCE,YIELD,random_walk,5,6.0,53,0.0010237822641509,0.0013152272728932,-0.0002862999999999,1.0,0.0,1.0,0.0,decimal
EUROPE,PERSISTENCE,YIELD,random_walk,5,7.0,53,0.0010270260377358,0.0013097479327516,-0.0003034626415094,1.0,0.0,1.0,0.0,decimal
EUROPE,PERSISTENCE,YIELD,random_walk,5,8.0,53,0.001026138490566,0.0013005947855341,-0.0003137807547169,1.0,0.0,1.0,0.0,decimal
EUROPE,PERSISTENCE,YIELD,random_walk,5,9.0,53,0.0010187013207547,0.0012899435519337,-0.000318927735849,1.0,0.0,1.0,0.0,decimal
EUROPE,PERSISTENCE,YIELD,random_walk,5,10.0,53,0.00100858,0.0012790232671169,-0.0003203052830188,1.0,0.0,1.0,0.0,decimal
EUROPE,PERSISTENCE,YIELD,random_walk,5,11.0,53,0.0009985737735849,0.0012685640673872,-0.0003190530188679,1.0,0.0,1.0,0.0,decimal
EUROPE,PERSISTENCE,YIELD,random_walk,5,12.0,53,0.0009878390566037,0.001259001035704,-0.0003160733962264,1.0,0.0,1.0,0.0,decimal
EUROPE,PERSISTENCE,YIELD,random_walk,5,13.0,53,0.0009772618867924,0.0012505718426218,-0.0003120618867924,1.0,0.0,1.0,0.0,decimal
EUROPE,PERSISTENCE,YIELD,random_walk,5,14.0,53,0.0009708554716981,0.0012433583462056,-0.0003075415094339,1.0,0.0,1.0,0.0,decimal
EUROPE,PERSISTENCE,YIELD,random_walk,5,15.0,53,0.0009675296226415,0.001237332936377,-0.0003028832075471,1.0,0.0,1.0,0.0,decimal
EUROPE,PERSISTENCE,YIELD,random_walk,5,16.0,53,0.0009644583018867,0.0012323960992287,-0.0002983537735849,1.0,0.0,1.0,0.0,decimal
EUROPE,PERSISTENCE,YIELD,random_walk,5,17.0,53,0.0009615709433962,0.0012284054640414,-0.0002941241509433,1.0,0.0,1.0,0.0,decimal
EUROPE,PERSISTENCE,YIELD,random_walk,5,18.0,53,0.0009588022641509,0.0012252100922606,-0.0002902973584905,1.0,0.0,1.0,0.0,decimal
EUROPE,PERSISTENCE,YIELD,random_walk,5,19.0,53,0.0009560945283018,0.0012226627936189,-0.0002869307547169,1.0,0.0,1.0,0.0,decimal
EUROPE,PERSISTENCE,YIELD,random_walk,5,20.0,53,0.000953397735849,0.0012206352784559,-0.0002840452830188,1.0,0.0,1.0,0.0,decimal
EUROPE,PERSISTENCE,YIELD,random_walk,5,30.0,53,0.0009355430188679,0.0012143008445891,-0.0002756332075471,1.0,0.0,1.0,0.0,decimal
EUROPE,PERSISTENCE,YIELD,random_walk,10,0.25,53,0.0009225445283018,0.0014343321832417,-0.0004559343396226,1.0,0.0,1.0,0.0,decimal
EUROPE,PERSISTENCE,YIELD,random_walk,10,0.5,53,0.0009312390566037,0.0013745792607297,-0.00047663,1.0,0.0,1.0,0.0,decimal
EUROPE,PERSISTENCE,YIELD,random_walk,10,1.0,53,0.0011256656603773,0.0015590038450301,-0.0004631543396226,1.0,0.0,1.0,0.0,decimal
EUROPE,PERSISTENCE,YIELD,random_walk,10,2.0,53,0.0014274230188679,0.0018646113654269,-0.0004004290566037,1.0,0.0,1.0,0.0,decimal
EUROPE,PERSISTENCE,YIELD,random_walk,10,3.0,53,0.0014861935849056,0.001893697392292,-0.0003930860377358,1.0,0.0,1.0,0.0,decimal
EUROPE,PERSISTENCE,YIELD,random_walk,10,4.0,53,0.0014876967924528,0.001878364676757,-0.0004120545283018,1.0,0.0,1.0,0.0,decimal
EUROPE,PERSISTENCE,YIELD,random_walk,10,5.0,53,0.0014730688679245,0.0018662940137554,-0.0004340126415094,1.0,0.0,1.0,0.0,decimal
EUROPE,PERSISTENCE,YIELD,random_walk,10,6.0,53,0.0014570394339622,0.0018595057834451,-0.0004524186792452,1.0,0.0,1.0,0.0,decimal
EUROPE,PERSISTENCE,YIELD,random_walk,10,7.0,53,0.0014470343396226,0.001856341177738,-0.0004665528301886,1.0,0.0,1.0,0.0,decimal
EUROPE,PERSISTENCE,YIELD,random_walk,10,8.0,53,0.0014463454716981,0.0018554805732661,-0.0004769786792452,1.0,0.0,1.0,0.0,decimal
EUROPE,PERSISTENCE,YIELD,random_walk,10,9.0,53,0.0014517507547169,0.0018557913136606,-0.0004843273584905,1.0,0.0,1.0,0.0,decimal
EUROPE,PERSISTENCE,YIELD,random_walk,10,10.0,53,0.0014569194339622,0.0018563095439003,-0.0004890975471698,1.0,0.0,1.0,0.0,decimal
EUROPE,PERSISTENCE,YIELD,random_walk,10,11.0,53,0.0014614845283018,0.0018563059545643,-0.0004916837735849,1.0,0.0,1.0,0.0,decimal
EUROPE,PERSISTENCE,YIELD,random_walk,10,12.0,53,0.0014636311320754,0.0018553087864649,-0.0004924156603773,1.0,0.0,1.0,0.0,decimal
EUROPE,PERSISTENCE,YIELD,random_walk,10,13.0,53,0.001465746226415,0.0018530667295069,-0.0004915718867924,1.0,0.0,1.0,0.0,decimal
EUROPE,PERSISTENCE,YIELD,random_walk,10,14.0,53,0.001466436981132,0.0018494946538589,-0.0004894030188679,1.0,0.0,1.0,0.0,decimal
EUROPE,PERSISTENCE,YIELD,random_walk,10,15.0,53,0.0014680722641509,0.0018446439205987,-0.000486128490566,1.0,0.0,1.0,0.0,decimal
EUROPE,PERSISTENCE,YIELD,random_walk,10,16.0,53,0.0014690011320754,0.0018386422842135,-0.0004819437735849,1.0,0.0,1.0,0.0,decimal
EUROPE,PERSISTENCE,YIELD,random_walk,10,17.0,53,0.0014686309433962,0.0018316687679426,-0.0004770230188679,1.0,0.0,1.0,0.0,decimal
EUROPE,PERSISTENCE,YIELD,random_walk,10,18.0,53,0.0014670690566037,0.0018239306361686,-0.0004715128301886,1.0,0.0,1.0,0.0,decimal
EUROPE,PERSISTENCE,YIELD,random_walk,10,19.0,53,0.0014644198113207,0.0018156454576769,-0.0004655473584905,1.0,0.0,1.0,0.0,decimal
EUROPE,PERSISTENCE,YIELD,random_walk,10,20.0,53,0.0014607811320754,0.0018070209237524,-0.000459237735849,1.0,0.0,1.0,0.0,decimal
EUROPE,PERSISTENCE,YIELD,random_walk,10,30.0,53,0.0014146935849056,0.0017329155382982,-0.0003925558490566,1.0,0.0,1.0,0.0,decimal
EUROPE,PERSISTENCE,YIELD,random_walk,22,0.25,53,0.0014480928301886,0.0022289972462513,-0.0006466030188679,1.0,0.0,1.0,0.0,decimal
EUROPE,PERSISTENCE,YIELD,random_walk,22,0.5,53,0.0014577981132075,0.002261763893886,-0.0006810460377358,1.0,0.0,1.0,0.0,decimal
EUROPE,PERSISTENCE,YIELD,random_walk,22,1.0,53,0.0017343643396226,0.0025009339076504,-0.0006815028301886,1.0,0.0,1.0,0.0,decimal
EUROPE,PERSISTENCE,YIELD,random_walk,22,2.0,53,0.0020731090566037,0.0028000442786,-0.0006543735849056,1.0,0.0,1.0,0.0,decimal
EUROPE,PERSISTENCE,YIELD,random_walk,22,3.0,53,0.0021669543396226,0.0028761382678922,-0.0006537324528301,1.0,0.0,1.0,0.0,decimal
EUROPE,PERSISTENCE,YIELD,random_walk,22,4.0,53,0.0021441083018867,0.0028593749976966,-0.0006656064150943,1.0,0.0,1.0,0.0,decimal
EUROPE,PERSISTENCE,YIELD,random_walk,22,5.0,53,0.0021027466037735,0.0028174089416384,-0.000680586226415,1.0,0.0,1.0,0.0,decimal
EUROPE,PERSISTENCE,YIELD,random_walk,22,6.0,53,0.0020728409433962,0.0027729209396893,-0.0006954322641509,1.0,0.0,1.0,0.0,decimal
EUROPE,PERSISTENCE,YIELD,random_walk,22,7.0,53,0.0020640911320754,0.0027331128733034,-0.0007091552830188,1.0,0.0,1.0,0.0,decimal
EUROPE,PERSISTENCE,YIELD,random_walk,22,8.0,53,0.0020542764150943,0.0026997452265586,-0.0007215586792452,1.0,0.0,1.0,0.0,decimal
EUROPE,PERSISTENCE,YIELD,random_walk,22,9.0,53,0.002044886226415,0.002672568953952,-0.0007327247169811,1.0,0.0,1.0,0.0,decimal
EUROPE,PERSISTENCE,YIELD,random_walk,22,10.0,53,0.0020408150943396,0.0026506394829542,-0.0007428124528301,1.0,0.0,1.0,0.0,decimal
EUROPE,PERSISTENCE,YIELD,random_walk,22,11.0,53,0.0020352315094339,0.0026328567082145,-0.0007519703773584,1.0,0.0,1.0,0.0,decimal
EUROPE,PERSISTENCE,YIELD,random_walk,22,12.0,53,0.0020269798113207,0.0026181956414859,-0.0007603220754716,1.0,0.0,1.0,0.0,decimal
EUROPE,PERSISTENCE,YIELD,random_walk,22,13.0,53,0.0020193771698113,0.0026057822547778,-0.0007679545283018,1.0,0.0,1.0,0.0,decimal
EUROPE,PERSISTENCE,YIELD,random_walk,22,14.0,53,0.0020096449056603,0.0025949156027712,-0.0007749260377358,1.0,0.0,1.0,0.0,decimal
EUROPE,PERSISTENCE,YIELD,random_walk,22,15.0,53,0.0020005250943396,0.0025850668764529,-0.0007812752830188,1.0,0.0,1.0,0.0,decimal
EUROPE,PERSISTENCE,YIELD,random_walk,22,16.0,53,0.0019933405660377,0.0025758423447863,-0.000787026981132,1.0,0.0,1.0,0.0,decimal
EUROPE,PERSISTENCE,YIELD,random_walk,22,17.0,53,0.0019851498113207,0.0025669713067554,-0.000792197735849,1.0,0.0,1.0,0.0,decimal
EUROPE,PERSISTENCE,YIELD,random_walk,22,18.0,53,0.0019786483018867,0.0025582801040505,-0.0007967996226415,1.0,0.0,1.0,0.0,decimal
EUROPE,PERSISTENCE,YIELD,random_walk,22,19.0,53,0.0019730275471698,0.0025496658036876,-0.0008008437735849,1.0,0.0,1.0,0.0,decimal
EUROPE,PERSISTENCE,YIELD,random_walk,22,20.0,53,0.0019671952830188,0.0025410785164463,-0.0008043394339622,1.0,0.0,1.0,0.0,decimal
EUROPE,PERSISTENCE,YIELD,random_walk,22,30.0,53,0.0019150311320754,0.0024606011834804,-0.0008123688679245,1.0,0.0,1.0,0.0,decimal
EUROPE,DNS_KALMAN_OU,NS,existing,5,aggregate,1219,0.0010638574905433,0.001349783486969,-0.0002755436938736,1.120057199542135,-12.00571995421348,1.139472512573758,-13.947251257375786,decimal
EUROPE,DNS_KALMAN_OU,NS,existing,10,aggregate,1219,0.0015018872840851,0.0019323438872461,-0.0005129366095397,1.0739544375238566,-7.395443752385647,1.0733470475826792,-7.334704758267918,decimal
EUROPE,DNS_KALMAN_OU,NS,existing,22,aggregate,1219,0.0021169509754548,0.0027927956497662,-0.0009051629899256,1.065701040449727,-6.570104044972691,1.0746362762170285,-7.463627621702848,decimal
EUROPE,NS_ELASTICNET,NS,direct_change,5,aggregate,1219,0.0010537898363836,0.0013297269625841,-0.0002893110438451,1.1034141936437996,-10.341419364379965,1.1286892871106513,-12.868928711065138,decimal
EUROPE,NS_ELASTICNET,NS,direct_change,10,aggregate,1219,0.0014808912618572,0.0018975047274506,-0.0004874764581971,1.0545915950665947,-5.459159506659467,1.0583419145689374,-5.8341914568937465,decimal
EUROPE,NS_ELASTICNET,NS,direct_change,22,aggregate,1219,0.0020672400414925,0.00270929262308,-0.0007599646288148,1.0338371758566922,-3.383717585669224,1.0494013163242508,-4.940131632425073,decimal
EUROPE,NS_RIDGE,NS,direct_change,5,aggregate,1219,0.001042220703439,0.0013148510733533,-0.0001790773024129,1.091070105133777,-9.107010513377691,1.1162978633515537,-11.629786335155366,decimal
EUROPE,NS_RIDGE,NS,direct_change,10,aggregate,1219,0.0015009661642162,0.0019280475560382,-0.0002559304278275,1.0715666306762648,-7.156663067626472,1.0726887549782835,-7.268875497828364,decimal
EUROPE,NS_RIDGE,NS,direct_change,22,aggregate,1219,0.0020556750193763,0.0026861574766747,-0.0003264979142309,1.0250090506778484,-2.5009050677848426,1.0435305179707002,-4.353051797070014,decimal
EUROPE,PCA_RIDGE,PCA,direct_change,5,aggregate,1219,0.0010560616322316,0.0013653759013814,-0.0001705267216557,1.1329958642906168,-13.29958642906168,1.131122553733256,-13.112255373325612,decimal
EUROPE,PCA_RIDGE,PCA,direct_change,10,aggregate,1219,0.0015073358878594,0.0019469162515975,-0.0002464916284444,1.0820534386714589,-8.20534386714589,1.0772409767986533,-7.724097679865335,decimal
EUROPE,PCA_RIDGE,PCA,direct_change,22,aggregate,1219,0.002062375694417,0.0027049689021379,-0.0002945275102834,1.0321872900488915,-3.2187290048891493,1.0469320083959952,-4.693200839599527,decimal
EUROPE,PCA_RIDGE_VAR,PCA,recursive,5,aggregate,1219,0.0010608612212356,0.0013710353356706,-0.0002346358616995,1.137692091635309,-13.769209163530904,1.1362632796202503,-13.62632796202506,decimal
EUROPE,PCA_RIDGE_VAR,PCA,recursive,10,aggregate,1219,0.0014694489070156,0.0018984312482697,-0.0003808933466326,1.055106535058216,-5.510653505821597,1.0501644581667893,-5.016445816678925,decimal
EUROPE,PCA_RIDGE_VAR,PCA,recursive,22,aggregate,1219,0.0020048080623187,0.00262491884675,-0.0005569771517673,1.0016410424843607,-0.16410424843606,1.0177087214582918,-1.7708721458291798,decimal
EUROPE,PERSISTENCE,YIELD,random_walk,5,aggregate,1219,0.0009336403281378,0.0012051022818484,-0.000273494421657,1.0,0.0,1.0,0.0,decimal
EUROPE,PERSISTENCE,YIELD,random_walk,10,aggregate,1219,0.0013992559885151,0.0017992792056443,-0.0004610304101722,1.0,0.0,1.0,0.0,decimal
EUROPE,PERSISTENCE,YIELD,random_walk,22,aggregate,1219,0.0019699232403609,0.0026206183007831,-0.0007345721164889,1.0,0.0,1.0,0.0,decimal
US_CORE,DNS_KALMAN_OU,NS,existing,5,0.25,55,0.0005754596198736,0.000718236703656,-0.0002099838022338,0.7815487637403249,21.84512362596752,0.8671309340562107,13.286906594378928,decimal
US_CORE,DNS_KALMAN_OU,NS,existing,5,0.5,55,0.0012156508387918,0.0015552163498115,-0.0008584834096783,1.882707600398265,-88.2707600398265,1.9157821241705704,-91.57821241705705,decimal
US_CORE,DNS_KALMAN_OU,NS,existing,5,1.0,55,0.0012286927808688,0.001550855999854,-0.000619136527927,1.261916776412296,-26.191677641229607,1.282316943980786,-28.2316943980786,decimal
US_CORE,DNS_KALMAN_OU,NS,existing,5,2.0,55,0.0013368501384974,0.001584145793655,-0.0003456772919565,1.0349855390347564,-3.4985539034756474,1.039982427402579,-3.9982427402579046,decimal
US_CORE,DNS_KALMAN_OU,NS,existing,5,3.0,55,0.0012886578211027,0.001588272720091,-9.529944868134396e-05,1.0113757373067225,-1.1375737306722338,0.97357390330564,2.642609669436004,decimal
US_CORE,DNS_KALMAN_OU,NS,existing,5,5.0,55,0.0012868953101389,0.0015221446781191,2.5609639916761705e-05,0.9590340200535268,4.096597994647313,0.9424666052948508,5.753339470514904,decimal
US_CORE,DNS_KALMAN_OU,NS,existing,5,7.0,55,0.0013764851896428,0.0015640702282952,-0.0004330348408999,0.9771969383195116,2.280306168048833,0.9987689370759169,0.1231062924083254,decimal
US_CORE,DNS_KALMAN_OU,NS,existing,5,10.0,55,0.001412434160467,0.0016427968198141,-0.0006173374232325,1.0634462451430453,-6.34462451430453,1.0774463082619483,-7.74463082619485,decimal
US_CORE,DNS_KALMAN_OU,NS,existing,10,0.25,55,0.0012181761217276,0.001761007904642,-0.000848682449047,0.9031619523932776,9.683804760672258,1.0213366874240766,-2.133668742407649,decimal
US_CORE,DNS_KALMAN_OU,NS,existing,10,0.5,55,0.0017694267391567,0.0025656953950098,-0.0013600180371742,1.3730991506068582,-37.30991506068581,1.463435648926626,-46.3435648926626,decimal
US_CORE,DNS_KALMAN_OU,NS,existing,10,1.0,55,0.0019052959990008,0.002802322293091,-0.0010620218505056,1.138912480221589,-13.89124802215891,1.1415172107303504,-14.15172107303504,decimal
US_CORE,DNS_KALMAN_OU,NS,existing,10,2.0,55,0.0020710234217317,0.0026718466943509,-0.000684809649839,1.0025336668772211,-0.2533666877221119,1.012500339513284,-1.2500339513284109,decimal
US_CORE,DNS_KALMAN_OU,NS,existing,10,3.0,55,0.002118434430883,0.0026659462517553,-0.0004079667511753,0.9849462772048184,1.5053722795181657,0.9924522461547424,0.7547753845257492,decimal
US_CORE,DNS_KALMAN_OU,NS,existing,10,5.0,55,0.0020195049023489,0.002486067635893,-0.0002411900680204,0.9505969872970744,4.940301270292561,0.950965493400637,4.9034506599363015,decimal
US_CORE,DNS_KALMAN_OU,NS,existing,10,7.0,55,0.0020211391922854,0.0024668322925193,-0.0006641428722851,0.9778412090854636,2.2158790914536293,0.9846116525748227,1.538834742517714,decimal
US_CORE,DNS_KALMAN_OU,NS,existing,10,10.0,55,0.0020481611174577,0.0024474303108006,-0.000823677621562,1.030537458237246,-3.053745823724606,1.0478963856760566,-4.789638567605655,decimal
US_CORE,DNS_KALMAN_OU,NS,existing,22,0.25,55,0.0020724586998977,0.0027632740345239,-0.0016785204264473,1.0392628862641708,-3.926288626417085,1.1836472325480467,-18.36472325480468,decimal
US_CORE,DNS_KALMAN_OU,NS,existing,22,0.5,55,0.0027005691348897,0.0036059909916601,-0.0021824345177279,1.3956747321408691,-39.56747321408691,1.5171736712864017,-51.71736712864017,decimal
US_CORE,DNS_KALMAN_OU,NS,existing,22,1.0,55,0.0026007404624886,0.0033940265796412,-0.001734149449955,1.2019106189874278,-20.191061898742788,1.19200604530732,-19.20060453073201,decimal
US_CORE,DNS_KALMAN_OU,NS,existing,22,2.0,55,0.0026475731803048,0.0033729681798796,-0.0011387158961054,1.0157046613262346,-1.570466132623456,1.0261911551569014,-2.61911551569013,decimal
US_CORE,DNS_KALMAN_OU,NS,existing,22,3.0,55,0.0026485747465066,0.0033657251813035,-0.000782062909041,0.9906361536649286,0.9363846335071404,0.9991194174064808,0.0880582593519183,decimal
US_CORE,DNS_KALMAN_OU,NS,existing,22,5.0,55,0.0025117455247574,0.0031677025698904,-0.0004358434813211,0.9557066316516118,4.4293368348388125,0.9560277083851796,4.397229161482038,decimal
US_CORE,DNS_KALMAN_OU,NS,existing,22,7.0,55,0.0025315530785907,0.0031413161081605,-0.0008612790753086,0.9834264701544034,1.6573529845596533,0.9917052658297072,0.8294734170292705,decimal
US_CORE,DNS_KALMAN_OU,NS,existing,22,10.0,55,0.002472272302666,0.0030780914283952,-0.0010580376571647,1.015861196611767,-1.586119661176689,1.0379769209666685,-3.797692096666852,decimal
US_CORE,NS_ELASTICNET,NS,direct_change,5,0.25,55,0.0005178815336197,0.0007027103943855,0.0001370864673019,0.764653821231663,23.534617876833693,0.7803694342215379,21.96305657784621,decimal
US_CORE,NS_ELASTICNET,NS,direct_change,5,0.5,55,0.0010168648789304,0.0013689700656194,-0.0005770505708478,1.6572423171681672,-65.72423171681672,1.6025091215236196,-60.25091215236196,decimal
US_CORE,NS_ELASTICNET,NS,direct_change,5,1.0,55,0.0011101132722825,0.0014388707616128,-0.0004356816631083,1.1707954531815514,-17.079545318155148,1.1585622386250876,-15.856223862508768,decimal
US_CORE,NS_ELASTICNET,NS,direct_change,5,2.0,55,0.0013452799460722,0.0015871490911878,-0.0002748917608804,1.036947712925748,-3.694771292574796,1.0465402692217023,-4.654026922170248,decimal
US_CORE,NS_ELASTICNET,NS,direct_change,5,3.0,55,0.0012967893306203,0.0016096776623607,-7.87373050230031e-05,1.0250059149179755,-2.5005914917975565,0.979717214067552,2.028278593244796,decimal
US_CORE,NS_ELASTICNET,NS,direct_change,5,5.0,55,0.0012953633891716,0.0015523369538455,3.1117859130173265e-06,0.9780567975730762,2.194320242692384,0.9486682610444568,5.1331738955543305,decimal
US_CORE,NS_ELASTICNET,NS,direct_change,5,7.0,55,0.0013936032075091,0.0016100552922967,-0.0004631442002616,1.0059274025517262,-0.5927402551726239,1.0111896624406764,-1.1189662440676524,decimal
US_CORE,NS_ELASTICNET,NS,direct_change,5,10.0,55,0.0014516572764508,0.0016997745986624,-0.0006459280349831,1.100330176400958,-10.033017640095805,1.1073668544354278,-10.736685443542774,decimal
US_CORE,NS_ELASTICNET,NS,direct_change,10,0.25,55,0.0009997920852926,0.0015746291143621,-0.0002514009125344,0.8075745154089409,19.242548459105915,0.8382403154130164,16.175968458698367,decimal
US_CORE,NS_ELASTICNET,NS,direct_change,10,0.5,55,0.0014730107260194,0.0023219755449838,-0.0008703245244952,1.2426660837246328,-24.26660837246328,1.2182795478356214,-21.827954783562134,decimal
US_CORE,NS_ELASTICNET,NS,direct_change,10,1.0,55,0.001766126612598,0.0026903592335387,-0.0007326564816632,1.0934087470634406,-9.340874706344051,1.0581368593997198,-5.813685939971988,decimal
US_CORE,NS_ELASTICNET,NS,direct_change,10,2.0,55,0.0021064894695545,0.0026939590253702,-0.0005397032133827,1.0108306834488658,-1.0830683448865854,1.0298392962266718,-2.983929622667188,decimal
US_CORE,NS_ELASTICNET,NS,direct_change,10,3.0,55,0.0021636419553612,0.0027196104287013,-0.0003519587056123,1.004772757677734,-0.477275767773402,1.0136312397348073,-1.3631239734807297,decimal
US_CORE,NS_ELASTICNET,NS,direct_change,10,5.0,55,0.0020432549142682,0.0025452318099274,-0.0002506346424833,0.9732195759913572,2.6780424008642814,0.9621491462735872,3.785085372641269,decimal
US_CORE,NS_ELASTICNET,NS,direct_change,10,7.0,55,0.0020752714255633,0.0025305664315534,-0.0006875411966823,1.003105134712682,-0.3105134712681957,1.010982536811177,-1.0982536811176873,decimal
US_CORE,NS_ELASTICNET,NS,direct_change,10,10.0,55,0.0021105023974658,0.0025206093716473,-0.0008461300031174,1.0613509049075571,-6.135090490755702,1.0797919242848777,-7.979192428487768,decimal
US_CORE,NS_ELASTICNET,NS,direct_change,22,0.25,55,0.0014861115261881,0.0022046971672377,-0.0004927542666271,0.8291830316990872,17.081696830091275,0.8487656691625228,15.12343308374772,decimal
US_CORE,NS_ELASTICNET,NS,direct_change,22,0.5,55,0.0021057980376633,0.0030708869714519,-0.0012034605494435,1.1885662945993145,-18.85662945993145,1.1830326054288711,-18.303260542887127,decimal
US_CORE,NS_ELASTICNET,NS,direct_change,22,1.0,55,0.0023492039073765,0.0030863874729059,-0.0010629390223428,1.092967833618894,-9.296783361889396,1.0767184575475717,-7.671845754757145,decimal
US_CORE,NS_ELASTICNET,NS,direct_change,22,2.0,55,0.0026262333558686,0.0033391143447978,-0.0008211686113111,1.0055102283335124,-0.5510228333512516,1.017919905375431,-1.7919905375431184,decimal
US_CORE,NS_ELASTICNET,NS,direct_change,22,3.0,55,0.0026601584893384,0.0034110100477033,-0.0006363986125911,1.003964878814203,-0.3964878814203028,1.0034891420686765,-0.3489142068676362,decimal
US_CORE,NS_ELASTICNET,NS,direct_change,22,5.0,55,0.0025543086157821,0.003250514791004,-0.0004189526510066,0.9806913602218696,1.930863977813049,0.9722281928582616,2.77718071417384,decimal
US_CORE,NS_ELASTICNET,NS,direct_change,22,7.0,55,0.0025827614045003,0.0032382037778252,-0.0008742411070557,1.0137583105993448,-1.3758310599344918,1.0117655074609504,-1.176550746095039,decimal
US_CORE,NS_ELASTICNET,NS,direct_change,22,10.0,55,0.0025610729808672,0.0031915087994594,-0.001072447915737,1.0532922830385505,-5.329228303855039,1.0752596484557284,-7.525964845572835,decimal
US_CORE,NS_RIDGE,NS,direct_change,5,0.25,55,0.000563737255193,0.0007136713247605,4.177645166908534e-06,0.7765809499072485,22.341905009275152,0.8494670968662043,15.053290313379572,decimal
US_CORE,NS_RIDGE,NS,direct_change,5,0.5,55,0.0010103332891847,0.0012991262534137,-0.0006971885267553,1.5726910738016355,-57.269107380163554,1.5922157852481542,-59.22157852481541,decimal
US_CORE,NS_RIDGE,NS,direct_change,5,1.0,55,0.001049762600374,0.0013852869878036,-0.0005266597331262,1.1271948460847754,-12.719484608477533,1.0955776664245511,-9.55776664245514,decimal
US_CORE,NS_RIDGE,NS,direct_change,5,2.0,55,0.0012965926875102,0.0015549407817014,-0.0003118575144114,1.0159047415725553,-1.5904741572555323,1.0086647498311625,-0.8664749831162212,decimal
US_CORE,NS_RIDGE,NS,direct_change,5,3.0,55,0.0012716189876036,0.0015965669505639,-7.62063978760899e-05,1.0166573135459784,-1.6657313545978527,0.9607011582170638,3.9298841782936216,decimal
US_CORE,NS_RIDGE,NS,direct_change,5,5.0,55,0.0012738806862561,0.0015611519994278,5.148789799302984e-05,0.9836107562231848,1.638924377681528,0.9329352562461894,6.706474375381053,decimal
US_CORE,NS_RIDGE,NS,direct_change,5,7.0,55,0.0013701414790456,0.0015911545314034,-0.0003917276084083,0.9941186197089164,0.5881380291083593,0.994165980837864,0.5834019162136069,decimal
US_CORE,NS_RIDGE,NS,direct_change,5,10.0,55,0.0014305310226636,0.0016711169633357,-0.0005568518383657,1.081778974989288,-8.177897498928818,1.0912511268585523,-9.125112685855242,decimal
US_CORE,NS_RIDGE,NS,direct_change,10,0.25,55,0.0009781332961958,0.0013588798949828,-0.0004824840899488,0.6969239693845378,30.307603061546214,0.8200812696763676,17.991873032363234,decimal
US_CORE,NS_RIDGE,NS,direct_change,10,0.5,55,0.0014555771415194,0.0021155643944449,-0.0010834556767873,1.132199745424333,-13.21997454243334,1.2038607937379038,-20.38607937379038,decimal
US_CORE,NS_RIDGE,NS,direct_change,10,1.0,55,0.001734005161647,0.0025685086834125,-0.0008983086338396,1.0438865659057637,-4.388656590576346,1.0388919813789228,-3.889198137892276,decimal
US_CORE,NS_RIDGE,NS,direct_change,10,2.0,55,0.002063374949215,0.0026483141910365,-0.000609283619429,0.993703771476224,0.6296228523775833,1.0087610862828995,-0.8761086282899722,decimal
US_CORE,NS_RIDGE,NS,direct_change,10,3.0,55,0.0021505005354616,0.0027068858196448,-0.0003487011997809,1.000071591511726,-0.0071591511726003,1.007474697192403,-0.747469719240269,decimal
US_CORE,NS_RIDGE,NS,direct_change,10,5.0,55,0.0020488086733291,0.0025619971079606,-0.0001622567676378,0.9796301183158828,2.036988168411717,0.9647643581601084,3.5235641839891727,decimal
US_CORE,NS_RIDGE,NS,direct_change,10,7.0,55,0.0020519183423251,0.0025152572171858,-0.0005568978259862,0.9970366310966268,0.296336890337321,0.999605924073382,0.0394075926618007,decimal
US_CORE,NS_RIDGE,NS,direct_change,10,10.0,55,0.0020646649054674,0.0024924836935794,-0.0006837036075124,1.0495080488885695,-4.950804888856948,1.0563401841926394,-5.634018419263937,decimal
US_CORE,NS_RIDGE,NS,direct_change,22,0.25,55,0.0014676938123872,0.0019467162570616,-0.001019026281028,0.7321568294618302,26.78431705381697,0.8382467256625228,16.175327433747725,decimal
US_CORE,NS_RIDGE,NS,direct_change,22,0.5,55,0.0020674876357994,0.0027797782880253,-0.0016818459783115,1.0758946227329984,-7.589462273299832,1.1615099077524735,-16.150990775247354,decimal
US_CORE,NS_RIDGE,NS,direct_change,22,1.0,55,0.0021705914537779,0.0028995901836949,-0.001424242602785,1.0268181909356446,-2.6818190935644552,0.9948544163148768,0.5145583685123165,decimal
US_CORE,NS_RIDGE,NS,direct_change,22,2.0,55,0.0026030796657722,0.003302844290382,-0.0009573249447195,0.9945881972404242,0.5411802759575779,1.0089456068884517,-0.8945606888451634,decimal
US_CORE,NS_RIDGE,NS,direct_change,22,3.0,55,0.0026679808934843,0.0034344378258474,-0.0006074522818912,1.0108603924938324,-1.086039249383242,1.006439980395322,-0.6439980395322175,decimal
US_CORE,NS_RIDGE,NS,direct_change,22,5.0,55,0.0025864643207598,0.0033205056702386,-0.000204267346411,1.001807846370373,-0.1807846370372977,0.9844673885244916,1.5532611475508336,decimal
US_CORE,NS_RIDGE,NS,direct_change,22,7.0,55,0.0025669819734403,0.0032553339990181,-0.0005724343152537,1.0191211306342192,-1.9121130634219057,1.0055841064047126,-0.5584106404712726,decimal
US_CORE,NS_RIDGE,NS,direct_change,22,10.0,55,0.002540132229797,0.0031790227334162,-0.0007090810183948,1.0491715120066825,-4.917151200668242,1.0664677300674832,-6.646773006748315,decimal
US_CORE,PCA_RIDGE,PCA,direct_change,5,0.25,55,0.0007469969829885,0.0009250690348822,-0.000454115199788,1.0066132194392408,-0.6613219439240742,1.125611892174587,-12.561189217458704,decimal
US_CORE,PCA_RIDGE,PCA,direct_change,5,0.5,55,0.0008259881499924,0.0011331124778748,-0.0002965034947298,1.3717187801295765,-37.171878012957656,1.301700522910747,-30.1700522910747,decimal
US_CORE,PCA_RIDGE,PCA,direct_change,5,1.0,55,0.0010608625155324,0.0013896908776399,-0.0003034172490812,1.1307782493577765,-13.077824935777643,1.1071620181079092,-10.716201810790926,decimal
US_CORE,PCA_RIDGE,PCA,direct_change,5,2.0,55,0.0012476377774016,0.0014954082868677,-0.0003508499836891,0.977009791687084,2.299020831291587,0.9705810149517968,2.941898504820321,decimal
US_CORE,PCA_RIDGE,PCA,direct_change,5,3.0,55,0.0013026358006732,0.0015848794243745,-0.0003510625528355,1.0092149642141597,-0.9214964214159668,0.9841341900690987,1.5865809930901136,decimal
US_CORE,PCA_RIDGE,PCA,direct_change,5,5.0,55,0.0013644107032409,0.0016232880215411,-0.0004172400523568,1.0227598331368914,-2.275983313689152,0.9992355349966916,0.0764465003308391,decimal
US_CORE,PCA_RIDGE,PCA,direct_change,5,7.0,55,0.0013627434844338,0.0015816507481111,-0.0002290263425842,0.9881808633551894,1.1819136644810566,0.9887980427950332,1.120195720496674,decimal
US_CORE,PCA_RIDGE,PCA,direct_change,5,10.0,55,0.001368756183584,0.0015928761823756,-0.0002910931857298,1.031130675865803,-3.113067586580306,1.0441274632055964,-4.412746320559639,decimal
US_CORE,PCA_RIDGE,PCA,direct_change,10,0.25,55,0.001265882672345,0.001610770140652,-0.0009628561288635,0.8261100369017299,17.388996309827007,1.061334557606326,-6.133455760632598,decimal
US_CORE,PCA_RIDGE,PCA,direct_change,10,0.5,55,0.0012709538891999,0.0019557336150803,-0.0006982690224071,1.0466621138671486,-4.666211386714869,1.0511648707669148,-5.116487076691476,decimal
US_CORE,PCA_RIDGE,PCA,direct_change,10,1.0,55,0.0016876336599607,0.0025080705463597,-0.0006855056162233,1.01932345668011,-1.9323456680109932,1.011109491261884,-1.1109491261883797,decimal
US_CORE,PCA_RIDGE,PCA,direct_change,10,2.0,55,0.0020293182481937,0.0026081279393759,-0.0006601209849442,0.9786250357386738,2.137496426132625,0.992111143561371,0.7888856438629074,decimal
US_CORE,PCA_RIDGE,PCA,direct_change,10,3.0,55,0.0022394886833357,0.002776543170209,-0.0006438044613682,1.0258068245731775,-2.580682457317756,1.0491642042884464,-4.916420428844634,decimal
US_CORE,PCA_RIDGE,PCA,direct_change,10,5.0,55,0.0022239849038289,0.0027008691847088,-0.0006586884007892,1.0327305954994548,-3.2730595499454784,1.0472531653304364,-4.725316533043645,decimal
US_CORE,PCA_RIDGE,PCA,direct_change,10,7.0,55,0.0020606120403207,0.0025380275378323,-0.000425821326808,1.0060626836336377,-0.6062683633637594,1.0038411179596245,-0.3841117959624464,decimal
US_CORE,PCA_RIDGE,PCA,direct_change,10,10.0,55,0.0019417247279926,0.0024038691159509,-0.0004515427030133,1.0121951819239752,-1.2195181923975256,0.9934405585078874,0.6559441492112646,decimal
US_CORE,PCA_RIDGE,PCA,direct_change,22,0.25,55,0.001838455425387,0.0023946162648244,-0.0016271983868904,0.900611296521416,9.9388703478584,1.0500005025574966,-5.000050255749656,decimal
US_CORE,PCA_RIDGE,PCA,direct_change,22,0.5,55,0.0019184940803391,0.002652148457181,-0.0014034513114201,1.0264963490299497,-2.649634902994975,1.07780566311191,-7.780566311190988,decimal
US_CORE,PCA_RIDGE,PCA,direct_change,22,1.0,55,0.0021693129238911,0.0028523499745681,-0.0012945135732122,1.0100892385658091,-1.0089238565809249,0.9942684234500946,0.5731576549905395,decimal
US_CORE,PCA_RIDGE,PCA,direct_change,22,2.0,55,0.0025575880301917,0.003262735984714,-0.0010720875332858,0.9825103504146032,1.748964958539693,0.991313189996784,0.8686810003215885,decimal
US_CORE,PCA_RIDGE,PCA,direct_change,22,3.0,55,0.0026616754989001,0.003444978280229,-0.0009753351747128,1.013962771512929,-1.3962771512928651,1.0040614021914316,-0.4061402191431611,decimal
US_CORE,PCA_RIDGE,PCA,direct_change,22,5.0,55,0.0026243068570218,0.0033404106130331,-0.0007794134809319,1.0078132352639293,-0.7813235263929346,0.9988711220498292,0.1128877950170767,decimal
US_CORE,PCA_RIDGE,PCA,direct_change,22,7.0,55,0.0025451153907005,0.0031640171088999,-0.0005260163525116,0.9905332891619284,0.9466710838071606,0.99701813738268,0.2981862617320189,decimal
US_CORE,PCA_RIDGE,PCA,direct_change,22,10.0,55,0.0024347968521527,0.0030160903583956,-0.0005649606944988,0.9953990100178324,0.4600989982167643,1.022242953193913,-2.224295319391307,decimal
US_CORE,PCA_RIDGE_VAR,PCA,recursive,5,0.25,55,0.0007644969214481,0.0009336191308704,-0.000413365043909,1.0159170003729958,-1.5917000372995715,1.151981662456054,-15.198166245605387,decimal
US_CORE,PCA_RIDGE_VAR,PCA,recursive,5,0.5,55,0.0007951564741058,0.0010992098714957,-0.0002581299271953,1.330677098236972,-33.0677098236972,1.2531119219433495,-25.31119219433496,decimal
US_CORE,PCA_RIDGE_VAR,PCA,recursive,5,1.0,55,0.0010365712075494,0.0013699784357239,-0.0002731184719115,1.1147384228618171,-11.47384228618172,1.081810558163569,-8.181055816356897,decimal
US_CORE,PCA_RIDGE_VAR,PCA,recursive,5,2.0,55,0.001248538463585,0.0014874799059527,-0.0003366963218889,0.9718298646703124,2.817013532968744,0.9712816902005268,2.8718309799473127,decimal
US_CORE,PCA_RIDGE_VAR,PCA,recursive,5,3.0,55,0.0013049575671433,0.001574666245221,-0.0003475612716827,1.0027114453499493,-0.2711445349949322,0.9858882718802794,1.411172811972062,decimal
US_CORE,PCA_RIDGE_VAR,PCA,recursive,5,5.0,55,0.0013413632539083,0.00160078846275,-0.0004288773297342,1.0085838861148992,-0.858388611489922,0.9823565774295672,1.7643422570432803,decimal
US_CORE,PCA_RIDGE_VAR,PCA,recursive,5,7.0,55,0.0013439822415995,0.0015564731260806,-0.0002476898048966,0.9724504346843464,2.754956531565369,0.9751850037991804,2.4814996200819484,decimal
US_CORE,PCA_RIDGE_VAR,PCA,recursive,5,10.0,55,0.001343871495491,0.0015708592433661,-0.0003153018025266,1.016878255337088,-1.6878255337087935,1.025144691428685,-2.514469142868511,decimal
US_CORE,PCA_RIDGE_VAR,PCA,recursive,10,0.25,55,0.0012486764961074,0.0015395986446643,-0.0009323407479815,0.7896085611834613,21.03914388165387,1.0469086476510605,-4.690864765106047,decimal
US_CORE,PCA_RIDGE_VAR,PCA,recursive,10,0.5,55,0.0012188508245051,0.001875677094332,-0.0006665197360564,1.0038177680987748,-0.3817768098774777,1.008072110492987,-0.8072110492987167,decimal
US_CORE,PCA_RIDGE_VAR,PCA,recursive,10,1.0,55,0.0016461634683186,0.0024394314597359,-0.0006574565954123,0.9914273390281192,0.8572660971880648,0.9862635158771936,1.3736484122806254,decimal
US_CORE,PCA_RIDGE_VAR,PCA,recursive,10,2.0,55,0.0020001966616611,0.0025500296662315,-0.0006433679621802,0.9568253288401168,4.317467115988325,0.9778739234787682,2.2126076521231743,decimal
US_CORE,PCA_RIDGE_VAR,PCA,recursive,10,3.0,55,0.0022011705650956,0.0027231964604752,-0.0006360526518381,1.0060976338425378,-0.6097633842537761,1.031212786032885,-3.121278603288508,decimal
US_CORE,PCA_RIDGE_VAR,PCA,recursive,10,5.0,55,0.0021791357961153,0.0026445159566597,-0.000666079712407,1.0111828274361518,-1.1182827436151908,1.0261341505680026,-2.6134150568002537,decimal
US_CORE,PCA_RIDGE_VAR,PCA,recursive,10,7.0,55,0.0020293046017067,0.002477114671809,-0.0004412165894683,0.9819170979196236,1.8082902080376488,0.9885894871024866,1.1410512897513403,decimal
US_CORE,PCA_RIDGE_VAR,PCA,recursive,10,10.0,55,0.001897576018391,0.0023417936153147,-0.0004739422981689,0.986057102174738,1.3942897825262175,0.9708528466186712,2.914715338132867,decimal
US_CORE,PCA_RIDGE_VAR,PCA,recursive,22,0.25,55,0.0018051874702024,0.0022421317113522,-0.0014750183494756,0.843262103074692,15.673789692530798,1.0310001127843458,-3.100011278434577,decimal
US_CORE,PCA_RIDGE_VAR,PCA,recursive,22,0.5,55,0.0018110266133934,0.0024677836471452,-0.0012653151129803,0.9551391805128852,4.486081948711483,1.0174306816816865,-1.7430681681686162,decimal
US_CORE,PCA_RIDGE_VAR,PCA,recursive,22,1.0,55,0.002084874530831,0.0026893320617328,-0.0011884835394721,0.9523604742428656,4.763952575713453,0.955567493297571,4.443250670242902,decimal
US_CORE,PCA_RIDGE_VAR,PCA,recursive,22,2.0,55,0.0025285508639068,0.0031948796905771,-0.0010186778980357,0.9620767291707768,3.792327082922312,0.9800584743825106,1.994152561748942,decimal
US_CORE,PCA_RIDGE_VAR,PCA,recursive,22,3.0,55,0.0026680874145822,0.0034133907674557,-0.0009513903104841,1.0046655976582617,-0.4665597658261647,1.0064801632511755,-0.6480163251175829,decimal
US_CORE,PCA_RIDGE_VAR,PCA,recursive,22,5.0,55,0.0025780138230517,0.0033176767241403,-0.0007891192227771,1.0009543437175514,-0.09543437175514,0.9812509361096734,1.8749063890326585,decimal
US_CORE,PCA_RIDGE_VAR,PCA,recursive,22,7.0,55,0.0024889137645304,0.0031363022434427,-0.0005478349907632,0.9818568200104956,1.8143179989504357,0.9750018308345808,2.4998169165419224,decimal
US_CORE,PCA_RIDGE_VAR,PCA,recursive,22,10.0,55,0.0023522183137957,0.0029863906642581,-0.0005937927331484,0.9855972326738714,1.4402767326128527,0.9875725744943828,1.2427425505617289,decimal
US_CORE,PERSISTENCE,YIELD,random_walk,5,0.25,55,0.0006636363636363,0.0009189915421512,-0.0002490909090909,1.0,0.0,1.0,0.0,decimal
US_CORE,PERSISTENCE,YIELD,random_walk,5,0.5,55,0.0006345454545454,0.0008260530469428,-0.0001436363636363,1.0,0.0,1.0,0.0,decimal
US_CORE,PERSISTENCE,YIELD,random_walk,5,1.0,55,0.0009581818181818,0.0012289685253755,-0.0001399999999999,1.0,0.0,1.0,0.0,decimal
US_CORE,PERSISTENCE,YIELD,random_walk,5,2.0,55,0.0012854545454545,0.0015305970314642,-0.0003399999999999,1.0,0.0,1.0,0.0,decimal
US_CORE,PERSISTENCE,YIELD,random_walk,5,3.0,55,0.0013236363636363,0.0015704081692928,-0.000250909090909,1.0,0.0,1.0,0.0,decimal
US_CORE,PERSISTENCE,YIELD,random_walk,5,5.0,55,0.0013654545454545,0.001587164424088,-0.0003472727272727,1.0,0.0,1.0,0.0,decimal
US_CORE,PERSISTENCE,YIELD,random_walk,5,7.0,55,0.0013781818181818,0.0016005680809694,-0.0003381818181818,1.0,0.0,1.0,0.0,decimal
US_CORE,PERSISTENCE,YIELD,random_walk,5,10.0,55,0.001310909090909,0.0015447859516333,-0.0003145454545454,1.0,0.0,1.0,0.0,decimal
US_CORE,PERSISTENCE,YIELD,random_walk,10,0.25,55,0.0011927272727272,0.0019498251669875,-0.0006181818181818,1.0,0.0,1.0,0.0,decimal
US_CORE,PERSISTENCE,YIELD,random_walk,10,0.5,55,0.0012090909090909,0.0018685434288382,-0.0004163636363636,1.0,0.0,1.0,0.0,decimal
US_CORE,PERSISTENCE,YIELD,random_walk,10,1.0,55,0.0016690909090909,0.0024605247038348,-0.0004145454545454,1.0,0.0,1.0,0.0,decimal
US_CORE,PERSISTENCE,YIELD,random_walk,10,2.0,55,0.0020454545454545,0.0026650942333672,-0.0005799999999999,1.0,0.0,1.0,0.0,decimal
US_CORE,PERSISTENCE,YIELD,random_walk,10,3.0,55,0.0021345454545454,0.0027066920434696,-0.0004981818181818,1.0,0.0,1.0,0.0,decimal
US_CORE,PERSISTENCE,YIELD,random_walk,10,5.0,55,0.0021236363636363,0.002615269845281,-0.0005745454545454,1.0,0.0,1.0,0.0,decimal
US_CORE,PERSISTENCE,YIELD,random_walk,10,7.0,55,0.0020527272727272,0.0025227330057264,-0.0005363636363636,1.0,0.0,1.0,0.0,decimal
US_CORE,PERSISTENCE,YIELD,random_walk,10,10.0,55,0.0019545454545454,0.0023749066967318,-0.0004890909090909,1.0,0.0,1.0,0.0,decimal
US_CORE,PERSISTENCE,YIELD,random_walk,22,0.25,55,0.001750909090909,0.0026588787794174,-0.0008090909090909,1.0,0.0,1.0,0.0,decimal
US_CORE,PERSISTENCE,YIELD,random_walk,22,0.5,55,0.0017799999999999,0.0025836901024415,-0.0006963636363636,1.0,0.0,1.0,0.0,decimal
US_CORE,PERSISTENCE,YIELD,random_walk,22,1.0,55,0.0021818181818181,0.0028238593835709,-0.0006872727272727,1.0,0.0,1.0,0.0,decimal
US_CORE,PERSISTENCE,YIELD,random_walk,22,2.0,55,0.00258,0.0033208158909849,-0.0007981818181818,1.0,0.0,1.0,0.0,decimal
US_CORE,PERSISTENCE,YIELD,random_walk,22,3.0,55,0.002650909090909,0.0033975392164436,-0.0007163636363636,1.0,0.0,1.0,0.0,decimal
US_CORE,PERSISTENCE,YIELD,random_walk,22,5.0,55,0.0026272727272727,0.0033145135389676,-0.0006745454545454,1.0,0.0,1.0,0.0,decimal
US_CORE,PERSISTENCE,YIELD,random_walk,22,7.0,55,0.0025527272727272,0.0031942562087711,-0.0006545454545454,1.0,0.0,1.0,0.0,decimal
US_CORE,PERSISTENCE,YIELD,random_walk,22,10.0,55,0.0023818181818181,0.0030300315029865,-0.0006472727272727,1.0,0.0,1.0,0.0,decimal
US_CORE,DNS_KALMAN_OU,NS,existing,5,aggregate,440,0.0012151407324229,0.0014930616953839,-0.0003941678880866,1.079160797387063,-7.916079738706284,1.089812316074377,-8.98123160743766,decimal
US_CORE,DNS_KALMAN_OU,NS,existing,10,aggregate,440,0.001896395240574,0.0025009671900532,-0.0007615636624511,1.0360128913269258,-3.6012891326925844,1.0548848367289072,-5.488483672890722,decimal
US_CORE,DNS_KALMAN_OU,NS,existing,22,aggregate,440,0.0025231858912627,0.0032449989308145,-0.0012338804266339,1.062217478876874,-6.22174788768741,1.0907858048296388,-9.078580482963872,decimal
US_CORE,NS_ELASTICNET,NS,direct_change,5,aggregate,440,0.0011784441043321,0.0014764652116927,-0.0002919044102361,1.0671651279318928,-6.716512793189285,1.0569005420018975,-5.69005420018976,decimal
US_CORE,NS_ELASTICNET,NS,direct_change,10,aggregate,440,0.0018422611982654,0.0024748282575329,-0.0005662937099964,1.0251849719666914,-2.51849719666914,1.0247723479605375,-2.477234796053763,decimal
US_CORE,NS_ELASTICNET,NS,direct_change,22,aggregate,440,0.0023657060396981,0.0031192754909398,-0.0008227953420144,1.021063186321853,-2.106318632185265,1.022706482086038,-2.270648208603788,decimal
US_CORE,NS_RIDGE,NS,direct_change,5,aggregate,440,0.0011583247509789,0.0014510574978345,-0.0003131032594729,1.0488008441037668,-4.880084410376691,1.0388562789048448,-3.885627890484472,decimal
US_CORE,NS_RIDGE,NS,direct_change,10,aggregate,440,0.001818372875645,0.0024073591869619,-0.0006031364276153,0.9972362539045584,0.2763746095441744,1.0114842797520025,-1.1484279752002542,decimal
US_CORE,NS_RIDGE,NS,direct_change,22,aggregate,440,0.0023338014981523,0.0030487247585346,-0.0008969593460993,0.997969119819473,0.2030880180527002,1.0089139901621276,-0.891399016212763,decimal
US_CORE,PCA_RIDGE,PCA,direct_change,5,aggregate,440,0.0011600039497309,0.0014358344132727,-0.0003366635075993,1.0377978452824876,-3.779784528248765,1.0403622867541893,-4.036228675418936,decimal
US_CORE,PCA_RIDGE,PCA,direct_change,10,aggregate,440,0.0018399498531472,0.0024170302147264,-0.0006483260805521,1.0012424277865173,-0.124242778651736,1.023486643975687,-2.3486643975686765,decimal
US_CORE,PCA_RIDGE,PCA,direct_change,22,aggregate,440,0.002343718132323,0.0030348692045207,-0.001030372063433,0.993433644780258,0.6566355219742095,1.0132010004147574,-1.320100041475729,decimal
US_CORE,PCA_RIDGE_VAR,PCA,recursive,5,aggregate,440,0.0011473672031038,0.0014186987545403,-0.0003275924967181,1.025412468845196,-2.5412468845195955,1.0290288817074953,-2.9028881707495287,decimal
US_CORE,PCA_RIDGE_VAR,PCA,recursive,10,aggregate,440,0.0018026343039876,0.0023550839617638,-0.0006396220366891,0.975581508725316,2.4418491274683936,1.0027295749109513,-0.272957491095117,decimal
US_CORE,PCA_RIDGE_VAR,PCA,recursive,22,aggregate,440,0.0022896090992867,0.0029574061746474,-0.0009787040196421,0.9680769078282444,3.1923092171755507,0.9898093964297162,1.019060357028381,decimal
US_CORE,PERSISTENCE,YIELD,random_walk,5,aggregate,440,0.0011149999999999,0.0013835395976197,-0.0002654545454545,1.0,0.0,1.0,0.0,decimal
US_CORE,PERSISTENCE,YIELD,random_walk,10,aggregate,440,0.0017977272727272,0.0024140309555897,-0.000515909090909,1.0,0.0,1.0,0.0,decimal
US_CORE,PERSISTENCE,YIELD,random_walk,22,aggregate,440,0.0023131818181818,0.0030549289531985,-0.0007104545454545,1.0,0.0,1.0,0.0,decimal
US_COMMON,DNS_KALMAN_OU,NS,existing,5,0.25,53,0.0005740154985376,0.0007200128135364,-0.0002106820376011,0.7758992681787205,22.41007318212795,0.854573635463422,14.542636453657805,decimal
US_COMMON,DNS_KALMAN_OU,NS,existing,5,0.5,53,0.0012245130670281,0.0015645965334481,-0.0008713518949228,1.8625352350062203,-86.25352350062207,1.8866044346655173,-88.66044346655174,decimal
US_COMMON,DNS_KALMAN_OU,NS,existing,5,1.0,53,0.0012310597135884,0.0015569779075912,-0.0006275393998822,1.2546485524171995,-25.46485524171997,1.27933656510173,-27.933656510173005,decimal
US_COMMON,DNS_KALMAN_OU,NS,existing,5,2.0,53,0.0013066488706319,0.0015585224677315,-0.0003152778270301,1.0158526669895869,-1.5852666989586666,1.0169220285388292,-1.692202853882909,decimal
US_COMMON,DNS_KALMAN_OU,NS,existing,5,3.0,53,0.0012860513414873,0.0015872607488666,-8.969670615315971e-05,1.0030394747512104,-0.3039474751210343,0.965449307348854,3.4550692651146004,decimal
US_COMMON,DNS_KALMAN_OU,NS,existing,5,5.0,53,0.0012979958183406,0.0015306305765334,6.275137734228109e-06,0.9606528344178998,3.934716558210016,0.951504541798798,4.849545820120199,decimal
US_COMMON,DNS_KALMAN_OU,NS,existing,5,7.0,53,0.0013859727844671,0.0015777200659938,-0.0004634053829398,0.9804189734924512,1.9581026507548671,1.0048776686286784,-0.4877668628678437,decimal
US_COMMON,DNS_KALMAN_OU,NS,existing,5,10.0,53,0.0014089742552868,0.0016489347987715,-0.0006391473050745,1.0577100430745798,-5.771004307457989,1.0683209660973565,-6.832096609735656,decimal
US_COMMON,DNS_KALMAN_OU,NS,existing,10,0.25,53,0.0012340022806205,0.0017712448665666,-0.0008833232612955,0.8938182076460559,10.61817923539441,1.0171402935130311,-1.7140293513031253,decimal
US_COMMON,DNS_KALMAN_OU,NS,existing,10,0.5,53,0.0018033014416402,0.0025864384926633,-0.0014084748143688,1.3616392989826946,-36.16392989826947,1.4636290414537827,-46.36290414537826,decimal
US_COMMON,DNS_KALMAN_OU,NS,existing,10,1.0,53,0.0019485478262527,0.0028270786089193,-0.001123596591981,1.128737766534483,-12.873776653448331,1.1348685141911443,-13.486851419114435,decimal
US_COMMON,DNS_KALMAN_OU,NS,existing,10,2.0,53,0.0020947629871636,0.002691321260916,-0.0007251937195251,0.9928617383633328,0.7138261636667222,0.9975061843636562,0.2493815636343713,decimal
US_COMMON,DNS_KALMAN_OU,NS,existing,10,3.0,53,0.0021686421229907,0.002694593673632,-0.0004738827788729,0.9778081961895178,2.219180381048228,0.986592553806944,1.3407446193056007,decimal
US_COMMON,DNS_KALMAN_OU,NS,existing,10,5.0,53,0.0020811260568057,0.0025136645969327,-0.0003375089167877,0.9449322650320952,5.506773496790472,0.9566320989653646,4.336790103463542,decimal
US_COMMON,DNS_KALMAN_OU,NS,existing,10,7.0,53,0.0020770195291202,0.0025058643442527,-0.0007691024063414,0.9769016351525508,2.309836484744922,0.9890569186286772,1.094308137132287,decimal
US_COMMON,DNS_KALMAN_OU,NS,existing,10,10.0,53,0.0020898977368209,0.0024846847712792,-0.0009148857169743,1.029184529264657,-2.918452926465707,1.0439639967154593,-4.396399671545925,decimal
US_COMMON,DNS_KALMAN_OU,NS,existing,22,0.25,53,0.0020981589525476,0.0027688189902679,-0.0017348106451462,1.0258337301939562,-2.583373019395625,1.1792409807531874,-17.924098075318735,decimal
US_COMMON,DNS_KALMAN_OU,NS,existing,22,0.5,53,0.0027161542010156,0.003599483888613,-0.0022337555458542,1.3768668876053538,-37.68668876053539,1.508974556119793,-50.8974556119793,decimal
US_COMMON,DNS_KALMAN_OU,NS,existing,22,1.0,53,0.0025997720351525,0.0033820097661189,-0.0018092394336457,1.1829969000732827,-18.29969000732828,1.1786819321051072,-17.86819321051073,decimal
US_COMMON,DNS_KALMAN_OU,NS,existing,22,2.0,53,0.0026294689113469,0.0033617458956276,-0.0012168853421368,0.9983435926631232,0.1656407336876897,1.0054967698512711,-0.5496769851271442,decimal
US_COMMON,DNS_KALMAN_OU,NS,existing,22,3.0,53,0.0026666098041158,0.0033761354621454,-0.0009003639883086,0.97956291936724,2.0437080632760085,0.9910962105058922,0.8903789494107771,decimal
US_COMMON,DNS_KALMAN_OU,NS,existing,22,5.0,53,0.0025208975598099,0.0031811457291169,-0.0005968692445507,0.9484264596567772,5.157354034322273,0.9489174053261704,5.108259467382963,decimal
US_COMMON,DNS_KALMAN_OU,NS,existing,22,7.0,53,0.0025337787277965,0.0031758857714138,-0.001039494274463,0.9839706303669576,1.6029369633042438,0.982372147572919,1.7627852427081003,decimal
US_COMMON,DNS_KALMAN_OU,NS,existing,22,10.0,53,0.0024781944200182,0.0031144509292184,-0.0012292290562644,1.0188325247447667,-1.8832524744766657,1.029344077280326,-2.93440772803259,decimal
US_COMMON,NS_ELASTICNET,NS,direct_change,5,0.25,53,0.0004987767851769,0.0006746557661908,0.0001605557854983,0.7270216660297532,27.29783339702469,0.7425609442241828,25.74390557758172,decimal
US_COMMON,NS_ELASTICNET,NS,direct_change,5,0.5,53,0.0010384631036221,0.0013837806003094,-0.000561727242483,1.6472873808012567,-64.72873808012567,1.5999576887201776,-59.99576887201776,decimal
US_COMMON,NS_ELASTICNET,NS,direct_change,5,1.0,53,0.0011331944027638,0.0014658944468076,-0.0004070864458723,1.1812514080748795,-18.12514080748796,1.1776333989506258,-17.76333989506257,decimal
US_COMMON,NS_ELASTICNET,NS,direct_change,5,2.0,53,0.0013277491641563,0.0015705057251814,-0.000191875476837,1.023663413572778,-2.366341357277796,1.0333436960394489,-3.334369603944886,decimal
US_COMMON,NS_ELASTICNET,NS,direct_change,5,3.0,53,0.001298073694499,0.001618415249757,-9.755378079838188e-06,1.022726973627242,-2.2726973627242,0.9744745865219132,2.5525413478086927,decimal
US_COMMON,NS_ELASTICNET,NS,direct_change,5,5.0,53,0.0013169394136251,0.0015789225439858,5.8078815823026697e-05,0.9909617908205732,0.903820917942684,0.9653912713987928,3.460872860120727,decimal
US_COMMON,NS_ELASTICNET,NS,direct_change,5,7.0,53,0.0014042439119937,0.0016252761410433,-0.0004151486665835,1.0099710336381351,-0.9971033638135122,1.0181248609530669,-1.812486095306695,decimal
US_COMMON,NS_ELASTICNET,NS,direct_change,5,10.0,53,0.001439801069271,0.0016987220189262,-0.0005874627217732,1.0896460800928571,-8.96460800928572,1.0916946591039165,-9.16946591039162,decimal
US_COMMON,NS_ELASTICNET,NS,direct_change,10,0.25,53,0.0009843388856536,0.0015598726669142,-0.0002220311878503,0.7871540618773228,21.284593812267715,0.8113524251888515,18.864757481114847,decimal
US_COMMON,NS_ELASTICNET,NS,direct_change,10,0.5,53,0.0014867345084936,0.0023398012099614,-0.0008486705571351,1.231796266691846,-23.179626669184614,1.2066911018401802,-20.669110184018017,decimal
US_COMMON,NS_ELASTICNET,NS,direct_change,10,1.0,53,0.0018349069193515,0.0027388147878171,-0.0007092232494536,1.093497604487924,-9.349760448792422,1.068682051930047,-6.868205193004702,decimal
US_COMMON,NS_ELASTICNET,NS,direct_change,10,2.0,53,0.0021393417345708,0.0027332928067296,-0.0004669831797218,1.008345561325453,-0.8345561325452969,1.0187341593194743,-1.873415931947444,decimal
US_COMMON,NS_ELASTICNET,NS,direct_change,10,3.0,53,0.0022221622895482,0.0027722818736167,-0.000285124727284,1.0059995184789097,-0.5999518478909628,1.0109407840863054,-1.0940784086305313,decimal
US_COMMON,NS_ELASTICNET,NS,direct_change,10,5.0,53,0.002124036356139,0.002609934311055,-0.0001944554723267,0.9811218024630408,1.8878197536959225,0.9763566944958428,2.3643305504157146,decimal
US_COMMON,NS_ELASTICNET,NS,direct_change,10,7.0,53,0.0021358956260756,0.0025857125198001,-0.0006327652663074,1.0080301411449637,-0.8030141144963435,1.0170931552741205,-1.7093155274120433,decimal
US_COMMON,NS_ELASTICNET,NS,direct_change,10,10.0,53,0.0021495998449718,0.0025650839072499,-0.0007741849925609,1.0624867605431534,-6.248676054315349,1.0737869159614484,-7.378691596144846,decimal
US_COMMON,NS_ELASTICNET,NS,direct_change,22,0.25,53,0.0014522431646672,0.0022251158460274,-0.0004758446315032,0.8243944065925122,17.560559340748778,0.8162130193781988,18.37869806218012,decimal
US_COMMON,NS_ELASTICNET,NS,direct_change,22,0.5,53,0.0021334767986393,0.0031226943562314,-0.0011758983162448,1.1944863742295948,-19.44863742295949,1.185264888132978,-18.5264888132978,decimal
US_COMMON,NS_ELASTICNET,NS,direct_change,22,1.0,53,0.0024210720049146,0.0031744128083805,-0.0010332669020812,1.110381332865443,-11.038133286544314,1.097663098892014,-9.766309889201406,decimal
US_COMMON,NS_ELASTICNET,NS,direct_change,22,2.0,53,0.0026431124346383,0.0033721642643916,-0.0007319548234601,1.0014375539631617,-0.1437553963161612,1.010713990157511,-1.0713990157511142,decimal
US_COMMON,NS_ELASTICNET,NS,direct_change,22,3.0,53,0.0027044856997883,0.0034479770587427,-0.0005385977957368,1.0004072737730074,-0.0407273773007346,1.005173506933953,-0.5173506933952778,decimal
US_COMMON,NS_ELASTICNET,NS,direct_change,22,5.0,53,0.0026135246174539,0.0032981633087518,-0.0003104925019136,0.983314068782938,1.6685931217062024,0.9837841244677672,1.6215875532232882,decimal
US_COMMON,NS_ELASTICNET,NS,direct_change,22,7.0,53,0.0026231367303325,0.003266786634366,-0.0007601066489581,1.012134042358993,-1.2134042358993025,1.0170171668443693,-1.701716684436917,decimal
US_COMMON,NS_ELASTICNET,NS,direct_change,22,10.0,53,0.0025633376598952,0.0031934522387721,-0.0009369230593702,1.0446762787482675,-4.467627874826744,1.064709216100712,-6.47092161007119,decimal
US_COMMON,NS_RIDGE,NS,direct_change,5,0.25,53,0.00051924031076,0.0007100606775199,8.4286973671227e-05,0.7651746603566895,23.48253396433105,0.7730263053450375,22.69736946549625,decimal
US_COMMON,NS_RIDGE,NS,direct_change,5,0.5,53,0.0010238588919193,0.0013214344842825,-0.0006432133572902,1.5730689894246326,-57.30689894246326,1.5774570137129669,-57.74570137129668,decimal
US_COMMON,NS_RIDGE,NS,direct_change,5,1.0,53,0.0010636989144603,0.0014242900515904,-0.0004845104325073,1.147725631004498,-14.772563100449789,1.1054125973803677,-10.541259738036755,decimal
US_COMMON,NS_RIDGE,NS,direct_change,5,2.0,53,0.0012869518939434,0.001549003123157,-0.0002414096172723,1.00964791102732,-0.964791102731989,1.0015925165785955,-0.1592516578595527,decimal
US_COMMON,NS_RIDGE,NS,direct_change,5,3.0,53,0.001275717717442,0.0015988372426728,-3.1492295381607184e-05,1.0103550215352843,-1.035502153528425,0.9576917708842356,4.230822911576426,decimal
US_COMMON,NS_RIDGE,NS,direct_change,5,5.0,53,0.0012811572744216,0.001568947994645,7.352939848560743e-05,0.984701574120868,1.5298425879131892,0.939160934223338,6.083906577666188,decimal
US_COMMON,NS_RIDGE,NS,direct_change,5,7.0,53,0.0013727664216633,0.001596906735066,-0.0003787898689921,0.9923418581676108,0.7658141832389245,0.9953026039419894,0.4697396058010546,decimal
US_COMMON,NS_RIDGE,NS,direct_change,5,10.0,53,0.0014222043542961,0.0016668806151686,-0.0005335392288299,1.0692213958876116,-6.922139588761146,1.0783523716408208,-7.83523716408207,decimal
US_COMMON,NS_RIDGE,NS,direct_change,10,0.25,53,0.0009036359124931,0.0012893457264462,-0.0003004992241914,0.6506388292219271,34.936117077807296,0.7448320896133449,25.51679103866551,decimal
US_COMMON,NS_RIDGE,NS,direct_change,10,0.5,53,0.0014190481304194,0.0021076873755286,-0.0009418305750166,1.1095991529008675,-10.959915290086771,1.1517542253021575,-15.17542253021576,decimal
US_COMMON,NS_RIDGE,NS,direct_change,10,1.0,53,0.0017484850143793,0.0025727111128044,-0.0008039155111521,1.0271791474929384,-2.7179147492938407,1.0183484149681838,-1.8348414968183813,decimal
US_COMMON,NS_RIDGE,NS,direct_change,10,2.0,53,0.002116440622214,0.002650580503086,-0.0005232376698984,0.9778319683285212,2.2168031671478787,1.0078288677209657,-0.7828867720965542,decimal
US_COMMON,NS_RIDGE,NS,direct_change,10,3.0,53,0.0022284116406251,0.0027109196090676,-0.0002979115800805,0.983732515553764,1.6267484446236018,1.0137838365075678,-1.3783836507567808,decimal
US_COMMON,NS_RIDGE,NS,direct_change,10,5.0,53,0.0021388063655047,0.0025701646747634,-0.000146424480223,0.9661716724630502,3.382832753694973,0.9831460309779092,1.6853969022090929,decimal
US_COMMON,NS_RIDGE,NS,direct_change,10,7.0,53,0.0021198322681475,0.002521596684884,-0.0005497828673129,0.9830348280058466,1.6965171994153327,1.009443937213125,-0.944393721312492,decimal
US_COMMON,NS_RIDGE,NS,direct_change,10,10.0,53,0.0020870260364745,0.0024931896511178,-0.0006616649402257,1.032707346667593,-3.2707346667592896,1.0425294998411938,-4.252949984119376,decimal
US_COMMON,NS_RIDGE,NS,direct_change,22,0.25,53,0.0013379249807825,0.0018306149186349,-0.0007377894819856,0.6782337657797839,32.17662342202161,0.751962078276495,24.803792172350494,decimal
US_COMMON,NS_RIDGE,NS,direct_change,22,0.5,53,0.0020173334006176,0.0027550656041255,-0.0014215888762899,1.0538618093280732,-5.386180932807311,1.1207407781209155,-12.07407781209155,decimal
US_COMMON,NS_RIDGE,NS,direct_change,22,1.0,53,0.002174513303851,0.0028877142383359,-0.0012200054500909,1.0100967260568103,-1.0096726056810332,0.985878572319112,1.412142768088794,decimal
US_COMMON,NS_RIDGE,NS,direct_change,22,2.0,53,0.0026923745689525,0.0033930756080654,-0.0007829441100305,1.007647632481527,-0.7647632481526613,1.029551602846221,-2.955160284622105,decimal
US_COMMON,NS_RIDGE,NS,direct_change,22,3.0,53,0.0028199090589483,0.0035744010181192,-0.0004823411933727,1.0370883323719158,-3.708833237191585,1.0480727918952466,-4.807279189524657,decimal
US_COMMON,NS_RIDGE,NS,direct_change,22,5.0,53,0.0027669307432306,0.0034925907869115,-0.0001275784685889,1.041280657073187,-4.128065707318694,1.041529328062681,-4.1529328062681,decimal
US_COMMON,NS_RIDGE,NS,direct_change,22,7.0,53,0.0027358980065116,0.003416172392638,-0.0005136883962846,1.0584175705821608,-5.841757058216085,1.060735876701678,-6.07358767016781,decimal
US_COMMON,NS_RIDGE,NS,direct_change,22,10.0,53,0.0026669712411972,0.0033163828204419,-0.0006416933139167,1.084890646461062,-8.489064646106197,1.107754512409534,-10.775451240953409,decimal
US_COMMON,PCA_RIDGE,PCA,direct_change,5,0.25,53,0.0009052368261652,0.0011306046214037,-0.0005415672589775,1.218360676163562,-21.8360676163562,1.3476840389539038,-34.76840389539038,decimal
US_COMMON,PCA_RIDGE,PCA,direct_change,5,0.5,53,0.0009289558925265,0.0012023364565067,-0.0001177773713617,1.431291688753262,-43.129168875326215,1.4312401832531914,-43.12401832531913,decimal
US_COMMON,PCA_RIDGE,PCA,direct_change,5,1.0,53,0.0012285374077477,0.0015778246024384,-7.800852167550961e-05,1.2714472978491456,-27.14472978491456,1.2767153453065323,-27.67153453065322,decimal
US_COMMON,PCA_RIDGE,PCA,direct_change,5,2.0,53,0.0012943107993765,0.0015593938126976,-0.0004466234775012,1.0164206139560568,-1.6420613956056818,1.007319711702759,-0.7319711702759022,decimal
US_COMMON,PCA_RIDGE,PCA,direct_change,5,3.0,53,0.0013081117261297,0.0015958983659574,-0.0004228867232625,1.008497853858801,-0.8497853858800939,0.9820102193325496,1.798978066745025,decimal
US_COMMON,PCA_RIDGE,PCA,direct_change,5,5.0,53,0.0013057851007136,0.0016077848152381,-0.000281530816209,1.009076300690752,-0.9076300690751832,0.9572145274940816,4.278547250591846,decimal
US_COMMON,PCA_RIDGE,PCA,direct_change,5,7.0,53,0.001356575094435,0.0015962022449899,-0.0003926352810882,0.991904077440746,0.8095922559254046,0.9835633379624714,1.643666203752853,decimal
US_COMMON,PCA_RIDGE,PCA,direct_change,5,10.0,53,0.0013997928269931,0.0016812019705785,-0.0001750261007418,1.078407836405915,-7.8407836405915,1.0613593681064022,-6.135936810640218,decimal
US_COMMON,PCA_RIDGE,PCA,direct_change,10,0.25,53,0.0013460993429038,0.0017651262814774,-0.0010222072032535,0.8907306036331938,10.926939636680624,1.10953756102496,-10.953756102496012,decimal
US_COMMON,PCA_RIDGE,PCA,direct_change,10,0.5,53,0.0013600731618244,0.0021066931207624,-0.0005030507991669,1.1090757241138556,-10.907572411385564,1.1038878648805277,-10.38878648805274,decimal
US_COMMON,PCA_RIDGE,PCA,direct_change,10,1.0,53,0.0018558007851035,0.0027373189565837,-0.0004757990699227,1.0929003797767771,-9.290037977677718,1.0808510067086827,-8.085100670868284,decimal
US_COMMON,PCA_RIDGE,PCA,direct_change,10,2.0,53,0.0021336263917715,0.0026876849326633,-0.000808781401123,0.9915202518441704,0.8479748155829478,1.0160125675102696,-1.6012567510269655,decimal
US_COMMON,PCA_RIDGE,PCA,direct_change,10,3.0,53,0.0022919713807617,0.0027969548854109,-0.0007733133550888,1.0149528064618505,-1.4952806461850194,1.0426994264409466,-4.269942644094655,decimal
US_COMMON,PCA_RIDGE,PCA,direct_change,10,5.0,53,0.0022667976482111,0.0026986671449449,-0.0005783484344827,1.0144780894603636,-1.4478089460363537,1.0419798382930867,-4.197983829308671,decimal
US_COMMON,PCA_RIDGE,PCA,direct_change,10,7.0,53,0.0021680998742611,0.0025568462369684,-0.0006312203044212,0.996776731133438,0.3223268866562139,1.032428511552919,-3.2428511552919024,decimal
US_COMMON,PCA_RIDGE,PCA,direct_change,10,10.0,53,0.00201533961901,0.0025028158199314,-0.0003571700962308,1.0366946146436218,-3.669461464362183,1.0067200735865545,-0.6720073586554356,decimal
US_COMMON,PCA_RIDGE,PCA,direct_change,22,0.25,53,0.0019362119125227,0.0026429991744572,-0.0015989542909822,0.979218111246288,2.078188875371193,1.0882209052354557,-8.822090523545569,decimal
US_COMMON,PCA_RIDGE,PCA,direct_change,22,0.5,53,0.0019946219698422,0.0028869232234319,-0.0011115870186034,1.1042997041817737,-10.429970418177357,1.1081233165790425,-10.812331657904224,decimal
US_COMMON,PCA_RIDGE,PCA,direct_change,22,1.0,53,0.0023790313462478,0.0030970594601362,-0.0010208377548782,1.0833238204655375,-8.332382046553757,1.0786027489404495,-7.86027489404497,decimal
US_COMMON,PCA_RIDGE,PCA,direct_change,22,2.0,53,0.0026416089102829,0.0033854906711298,-0.0012074019351252,1.0053951204162273,-0.5395120416227307,1.0101390493867053,-1.01390493867052,decimal
US_COMMON,PCA_RIDGE,PCA,direct_change,22,3.0,53,0.0027566717001704,0.0035491942127159,-0.0011110581350533,1.029774747900675,-2.9774747900674945,1.0245694257295577,-2.4569425729557723,decimal
US_COMMON,PCA_RIDGE,PCA,direct_change,22,5.0,53,0.002684281112827,0.0034258031661027,-0.0007195444294048,1.0213686026920088,-2.1368602692008745,1.0104183166181204,-1.04183166181205,decimal
US_COMMON,PCA_RIDGE,PCA,direct_change,22,7.0,53,0.0026456408997367,0.0032898661533386,-0.0007533258775892,1.0192846675598382,-1.9284667559838229,1.025742265442924,-2.574226544292391,decimal
US_COMMON,PCA_RIDGE,PCA,direct_change,22,10.0,53,0.0024708983394821,0.0030928034672928,-0.0004961712847797,1.0117509752873286,-1.1750975287328678,1.0263135736093396,-2.6313573609339653,decimal
US_COMMON,PCA_RIDGE_VAR,PCA,recursive,5,0.25,53,0.000945216034215,0.0011124189899084,-0.0004738894578905,1.19876349969207,-19.876349969207,1.4072036464437216,-40.720364644372175,decimal
US_COMMON,PCA_RIDGE_VAR,PCA,recursive,5,0.5,53,0.0008567891523461,0.0011248323880809,-5.1293386430230986e-05,1.3390288879522525,-33.90288879522522,1.3200530544867246,-32.00530544867247,decimal
US_COMMON,PCA_RIDGE_VAR,PCA,recursive,5,1.0,53,0.0011869375697353,0.0015213205954278,-1.751345461154484e-05,1.225915071440547,-22.59150714405468,1.2334841410974695,-23.348414109746976,decimal
US_COMMON,PCA_RIDGE_VAR,PCA,recursive,5,2.0,53,0.0012852194722674,0.0015211059852651,-0.0004042083759423,0.9914644183182816,0.8535581681718373,1.0002442295180125,-0.0244229518012496,decimal
US_COMMON,PCA_RIDGE_VAR,PCA,recursive,5,3.0,53,0.0012935382434587,0.0015600576285464,-0.000397228544609,0.9858489762543462,1.415102374565385,0.9710697861658998,2.8930213834100225,decimal
US_COMMON,PCA_RIDGE_VAR,PCA,recursive,5,5.0,53,0.0012815628069847,0.0015698407243189,-0.0002846829334567,0.9852618682275708,1.4738131772429366,0.9394582125891328,6.054178741086709,decimal
US_COMMON,PCA_RIDGE_VAR,PCA,recursive,5,7.0,53,0.0013411527306973,0.001564374391744,-0.0004139083996276,0.9721257708320864,2.7874229167913698,0.9723815968120316,2.761840318796851,decimal
US_COMMON,PCA_RIDGE_VAR,PCA,recursive,5,10.0,53,0.0013737474010036,0.001653889697231,-0.0002105798362179,1.0608883651446164,-6.088836514461627,1.0416110479713063,-4.161104797130623,decimal
US_COMMON,PCA_RIDGE_VAR,PCA,recursive,10,0.25,53,0.0013120049748971,0.00159431257507,-0.0009281545602698,0.8045333737728305,19.546662622716944,1.0814348937721847,-8.143489377218467,decimal
US_COMMON,PCA_RIDGE_VAR,PCA,recursive,10,0.5,53,0.001254630130909,0.0018815911988978,-0.0004046718546694,0.9905700554282498,0.9429944571750166,1.0183062318251086,-1.8306231825108668,decimal
US_COMMON,PCA_RIDGE_VAR,PCA,recursive,10,1.0,53,0.0017601726690645,0.0025830816773922,-0.0003800116979907,1.0313196930984458,-3.131969309844578,1.0251555105540917,-2.51555105540916,decimal
US_COMMON,PCA_RIDGE_VAR,PCA,recursive,10,2.0,53,0.0020709001488561,0.0026196350308677,-0.0007337056554703,0.9664158004457288,3.358419955427128,0.9861429280267212,1.3857071973278912,decimal
US_COMMON,PCA_RIDGE_VAR,PCA,recursive,10,3.0,53,0.0022521487978456,0.0027485805880012,-0.0007232506288932,0.997398848343794,0.2601151656205857,1.024582714899759,-2.4582714899759104,decimal
US_COMMON,PCA_RIDGE_VAR,PCA,recursive,10,5.0,53,0.0022186285152731,0.0026482913761625,-0.0005788926390659,0.9955409212493004,0.4459078750699767,1.0198379124846084,-1.983791248460836,decimal
US_COMMON,PCA_RIDGE_VAR,PCA,recursive,10,7.0,53,0.0021259403528443,0.0025058152238003,-0.0006662685714475,0.9768824857319668,2.311751426803308,1.0123525489735223,-1.2352548973522308,decimal
US_COMMON,PCA_RIDGE_VAR,PCA,recursive,10,10.0,53,0.0019777782839259,0.0024458842420356,-0.0004217731734787,1.0131129112926525,-1.31129112926525,0.9879571069564084,1.2042893043591465,decimal
US_COMMON,PCA_RIDGE_VAR,PCA,recursive,22,0.25,53,0.0017808379093771,0.0022609617233437,-0.001271700015315,0.8376751267005139,16.232487329948604,1.0008951134357411,-0.0895113435741062,decimal
US_COMMON,PCA_RIDGE_VAR,PCA,recursive,22,0.5,53,0.0017402977317941,0.0024213204486899,-0.0008037024789155,0.9261983254403512,7.3801674559648704,0.9668320732189906,3.316792678100942,decimal
US_COMMON,PCA_RIDGE_VAR,PCA,recursive,22,1.0,53,0.0021731163267506,0.0027520754600259,-0.0007571905029568,0.962651489239944,3.734851076005593,0.9852452122992804,1.475478770071966,decimal
US_COMMON,PCA_RIDGE_VAR,PCA,recursive,22,2.0,53,0.0025608293075119,0.0032493298289298,-0.0010406058625436,0.964959195571704,3.5040804428295886,0.9792493022953191,2.0750697704680725,decimal
US_COMMON,PCA_RIDGE_VAR,PCA,recursive,22,3.0,53,0.0026984408622016,0.003455776044543,-0.001016216478996,1.0026700968689148,-0.2670096868914818,1.0029268281675254,-0.2926828167525429,decimal
US_COMMON,PCA_RIDGE_VAR,PCA,recursive,22,5.0,53,0.0026022864324597,0.0033316230606608,-0.0007236342315563,0.9932897557668882,0.671024423311188,0.9795538417639814,2.0446158236018603,decimal
US_COMMON,PCA_RIDGE_VAR,PCA,recursive,22,7.0,53,0.0025281647214973,0.0031965483347378,-0.0008124439878017,0.990372420897953,0.9627579102047018,0.9801955394247316,1.980446057526852,decimal
US_COMMON,PCA_RIDGE_VAR,PCA,recursive,22,10.0,53,0.0023842189012626,0.0030355305448391,-0.0005855359027312,0.9930152438505194,0.6984756149480528,0.9903103586749094,0.9689641325090672,decimal
US_COMMON,PERSISTENCE,YIELD,random_walk,5,0.25,53,0.0006716981132075,0.0009279720230005,-0.0002415094339622,1.0,0.0,1.0,0.0,decimal
US_COMMON,PERSISTENCE,YIELD,random_walk,5,0.5,53,0.0006490566037735,0.000840035938135,-0.0001471698113207,1.0,0.0,1.0,0.0,decimal
US_COMMON,PERSISTENCE,YIELD,random_walk,5,1.0,53,0.0009622641509433,0.001240967364599,-0.0001132075471698,1.0,0.0,1.0,0.0,decimal
US_COMMON,PERSISTENCE,YIELD,random_walk,5,2.0,53,0.0012849056603773,0.001534201285655,-0.0003037735849056,1.0,0.0,1.0,0.0,decimal
US_COMMON,PERSISTENCE,YIELD,random_walk,5,3.0,53,0.0013320754716981,0.0015824509292222,-0.0002188679245283,1.0,0.0,1.0,0.0,decimal
US_COMMON,PERSISTENCE,YIELD,random_walk,5,5.0,53,0.0013641509433962,0.0015933233335651,-0.0003075471698113,1.0,0.0,1.0,0.0,decimal
US_COMMON,PERSISTENCE,YIELD,random_walk,5,7.0,53,0.0013792452830188,0.0016092304500939,-0.0002999999999999,1.0,0.0,1.0,0.0,decimal
US_COMMON,PERSISTENCE,YIELD,random_walk,5,10.0,53,0.0013188679245283,0.0015589667599056,-0.0002849056603773,1.0,0.0,1.0,0.0,decimal
US_COMMON,PERSISTENCE,YIELD,random_walk,10,0.25,53,0.0012132075471698,0.0019816612051699,-0.0006320754716981,1.0,0.0,1.0,0.0,decimal
US_COMMON,PERSISTENCE,YIELD,random_walk,10,0.5,53,0.0012320754716981,0.0018995034107753,-0.0004396226415094,1.0,0.0,1.0,0.0,decimal
US_COMMON,PERSISTENCE,YIELD,random_walk,10,1.0,53,0.0017169811320754,0.002504637208693,-0.0004188679245283,1.0,0.0,1.0,0.0,decimal
US_COMMON,PERSISTENCE,YIELD,random_walk,10,2.0,53,0.0021,0.0027106707378537,-0.0005830188679245,1.0,0.0,1.0,0.0,decimal
US_COMMON,PERSISTENCE,YIELD,random_walk,10,3.0,53,0.0021981132075471,0.0027557487083179,-0.0004999999999999,1.0,0.0,1.0,0.0,decimal
US_COMMON,PERSISTENCE,YIELD,random_walk,10,5.0,53,0.0021754716981132,0.0026601532088095,-0.0005679245283018,1.0,0.0,1.0,0.0,decimal
US_COMMON,PERSISTENCE,YIELD,random_walk,10,7.0,53,0.0020999999999999,0.0025651142899985,-0.0005264150943396,1.0,0.0,1.0,0.0,decimal
US_COMMON,PERSISTENCE,YIELD,random_walk,10,10.0,53,0.0020018867924528,0.002414226701459,-0.0004811320754716,1.0,0.0,1.0,0.0,decimal
US_COMMON,PERSISTENCE,YIELD,random_walk,22,0.25,53,0.0017792452830188,0.0026990913914913,-0.0008169811320754,1.0,0.0,1.0,0.0,decimal
US_COMMON,PERSISTENCE,YIELD,random_walk,22,0.5,53,0.0017999999999999,0.0026142569924629,-0.0006867924528301,1.0,0.0,1.0,0.0,decimal
US_COMMON,PERSISTENCE,YIELD,random_walk,22,1.0,53,0.0022056603773584,0.0028588492209146,-0.000654716981132,1.0,0.0,1.0,0.0,decimal
US_COMMON,PERSISTENCE,YIELD,random_walk,22,2.0,53,0.0026150943396226,0.0033673235550698,-0.000766037735849,1.0,0.0,1.0,0.0,decimal
US_COMMON,PERSISTENCE,YIELD,random_walk,22,3.0,53,0.0026905660377358,0.0034465733598065,-0.0006830188679245,1.0,0.0,1.0,0.0,decimal
US_COMMON,PERSISTENCE,YIELD,random_walk,22,5.0,53,0.0026566037735849,0.0033541300927729,-0.0006301886792452,1.0,0.0,1.0,0.0,decimal
US_COMMON,PERSISTENCE,YIELD,random_walk,22,7.0,53,0.0025792452830188,0.0032276225259176,-0.0006094339622641,1.0,0.0,1.0,0.0,decimal
US_COMMON,PERSISTENCE,YIELD,random_walk,22,10.0,53,0.0024075471698113,0.0030568821210322,-0.0006075471698113,1.0,0.0,1.0,0.0,decimal
US_COMMON,DNS_KALMAN_OU,NS,existing,5,aggregate,424,0.001214403918671,0.0014954082417201,-0.0004013531769837,1.0735230950280958,-7.352309502809595,1.0840152874031954,-8.40152874031955,decimal
US_COMMON,DNS_KALMAN_OU,NS,existing,10,aggregate,424,0.0019371624976768,0.002527224647227,-0.0008294960257683,1.029219782710484,-2.9219782710484066,1.0515387261746083,-5.153872617460863,decimal
US_COMMON,DNS_KALMAN_OU,NS,existing,22,aggregate,424,0.0025303793264754,0.0032531907841064,-0.0013450809412962,1.051865196470054,-5.186519647005411,1.0805527590145834,-8.055275901458332,decimal
US_COMMON,NS_ELASTICNET,NS,direct_change,5,aggregate,424,0.0011821551931385,0.0014842838031959,-0.0002443026662884,1.065537087366912,-6.553708736691198,1.055229056612076,-5.522905661207595,decimal
US_COMMON,NS_ELASTICNET,NS,direct_change,10,aggregate,424,0.0018846270206005,0.0025160171161356,-0.00051667982908,1.0246554822130065,-2.465548221300621,1.0230211966901082,-2.30211966901081,decimal
US_COMMON,NS_ELASTICNET,NS,direct_change,22,aggregate,424,0.0023942986387912,0.0031580691925474,-0.0007453855849085,1.0211092100451076,-2.110921004510764,1.0224419607689366,-2.2441960768936515,decimal
US_COMMON,NS_RIDGE,NS,direct_change,5,aggregate,424,0.0011556994723632,0.0014588038136091,-0.0002693923035146,1.04724552221472,-4.724552221472022,1.0316138448042895,-3.1613844804289792,decimal
US_COMMON,NS_RIDGE,NS,direct_change,10,aggregate,424,0.0018452107487822,0.0024051625207157,-0.0005281583560126,0.9795096172675392,2.049038273246083,1.0016250895963044,-0.1625089596304376,decimal
US_COMMON,NS_RIDGE,NS,direct_change,22,aggregate,424,0.0024014819130114,0.0031312248988774,-0.00074095366132,1.0124295536372256,-1.2429553637225563,1.0255094481990763,-2.5509448199076434,decimal
US_COMMON,PCA_RIDGE,PCA,direct_change,5,aggregate,424,0.0012159132092609,0.0015062903348578,-0.0003070069438522,1.081335127876119,-8.133512787611897,1.0853625278455874,-8.536252784558748,decimal
US_COMMON,PCA_RIDGE,PCA,direct_change,10,aggregate,424,0.0019297260254809,0.0025044386287199,-0.0006437363329612,1.0199401086449318,-1.99401086449318,1.047502028938578,-4.7502028938577885,decimal
US_COMMON,PCA_RIDGE,PCA,direct_change,22,aggregate,424,0.002438620773889,0.0031838391566773,-0.001002360090802,1.02944149984348,-2.9441499843479964,1.0413689275142974,-4.136892751429743,decimal
US_COMMON,PCA_RIDGE_VAR,PCA,recursive,5,aggregate,424,0.0011955204263385,0.0014667865282282,-0.0002816630485982,1.05297615032387,-5.297615032387001,1.067159285826417,-6.715928582641699,decimal
US_COMMON,PCA_RIDGE_VAR,PCA,recursive,10,aggregate,424,0.001871525484202,0.0024095284496371,-0.0006045910976607,0.98128765485546,1.8712345144540048,1.0159093653842697,-1.590936538426968,decimal
US_COMMON,PCA_RIDGE_VAR,PCA,recursive,22,aggregate,424,0.0023085240241069,0.0029912637700864,-0.000876378682602,0.9671754477442754,3.282455225572455,0.9858134618001172,1.4186538199882834,decimal
US_COMMON,PERSISTENCE,YIELD,random_walk,5,aggregate,424,0.0011202830188679,0.001392991216161,-0.0002396226415094,1.0,0.0,1.0,0.0,decimal
US_COMMON,PERSISTENCE,YIELD,random_walk,10,aggregate,424,0.001842216981132,0.0024554761671714,-0.0005186320754716,1.0,0.0,1.0,0.0,decimal
US_COMMON,PERSISTENCE,YIELD,random_walk,22,aggregate,424,0.0023417452830188,0.003092782986854,-0.0006818396226415,1.0,0.0,1.0,0.0,decimal
