series_id,reference_date,publication_date,available_from,value,vintage,source,frequency,unit,is_revised,timing_quality,vintage_quality,metadata
bam_interbank_weighted_average,2001-01-01,2001-01-02,2001-01-02,0.06315,current_official_historical_export,Bank Al-Maghrib,daily,decimal_rate,True,CONSERVATIVE_NEXT_ORIGIN,UNKNOWN,bam_interbank_oldest_1000_2026-08-10.csv; volume_mad_millions=0.0; outstanding_mad_millions=2917; export has a middle gap
bam_interbank_weighted_average,2001-01-02,2001-01-03,2001-01-03,0.06480999999999999,current_official_historical_export,Bank Al-Maghrib,daily,decimal_rate,True,CONSERVATIVE_NEXT_ORIGIN,UNKNOWN,bam_interbank_oldest_1000_2026-08-10.csv; volume_mad_millions=2049.0; outstanding_mad_millions=3248; export has a middle gap
bam_interbank_weighted_average,2001-01-03,2001-01-04,2001-01-04,0.06312000000000001,current_official_historical_export,Bank Al-Maghrib,daily,decimal_rate,True,CONSERVATIVE_NEXT_ORIGIN,UNKNOWN,bam_interbank_oldest_1000_2026-08-10.csv; volume_mad_millions=2118.0; outstanding_mad_millions=3317; export has a middle gap
bam_interbank_weighted_average,2001-01-04,2001-01-05,2001-01-05,0.055540000000000006,current_official_historical_export,Bank Al-Maghrib,daily,decimal_rate,True,CONSERVATIVE_NEXT_ORIGIN,UNKNOWN,bam_interbank_oldest_1000_2026-08-10.csv; volume_mad_millions=2154.0; outstanding_mad_millions=3353; export has a middle gap
bam_interbank_weighted_average,2001-01-05,2001-01-06,2001-01-06,0.05551999999999999,current_official_historical_export,Bank Al-Maghrib,daily,decimal_rate,True,CONSERVATIVE_NEXT_ORIGIN,UNKNOWN,bam_interbank_oldest_1000_2026-08-10.csv; volume_mad_millions=2085.0; outstanding_mad_millions=3284; export has a middle gap
bam_interbank_weighted_average,2001-01-06,2001-01-07,2001-01-07,0.05551999999999999,current_official_historical_export,Bank Al-Maghrib,daily,decimal_rate,True,CONSERVATIVE_NEXT_ORIGIN,UNKNOWN,bam_interbank_oldest_1000_2026-08-10.csv; volume_mad_millions=0.0; outstanding_mad_millions=3284; export has a middle gap
bam_interbank_weighted_average,2001-01-07,2001-01-08,2001-01-08,0.05551999999999999,current_official_historical_export,Bank Al-Maghrib,daily,decimal_rate,True,CONSERVATIVE_NEXT_ORIGIN,UNKNOWN,bam_interbank_oldest_1000_2026-08-10.csv; volume_mad_millions=0.0; outstanding_mad_millions=3284; export has a middle gap
bam_interbank_weighted_average,2001-01-08,2001-01-09,2001-01-09,0.055670000000000004,current_official_historical_export,Bank Al-Maghrib,daily,decimal_rate,True,CONSERVATIVE_NEXT_ORIGIN,UNKNOWN,bam_interbank_oldest_1000_2026-08-10.csv; volume_mad_millions=2119.0; outstanding_mad_millions=3318; export has a middle gap
bam_interbank_weighted_average,2001-01-09,2001-01-10,2001-01-10,0.05579,current_official_historical_export,Bank Al-Maghrib,daily,decimal_rate,True,CONSERVATIVE_NEXT_ORIGIN,UNKNOWN,bam_interbank_oldest_1000_2026-08-10.csv; volume_mad_millions=1901.0; outstanding_mad_millions=3123; export has a middle gap
bam_interbank_weighted_average,2001-01-10,2001-01-11,2001-01-11,0.055650000000000005,current_official_historical_export,Bank Al-Maghrib,daily,decimal_rate,True,CONSERVATIVE_NEXT_ORIGIN,UNKNOWN,bam_interbank_oldest_1000_2026-08-10.csv; volume_mad_millions=2343.0; outstanding_mad_millions=3565; export has a middle gap
bam_interbank_weighted_average,2001-01-11,2001-01-12,2001-01-12,0.055650000000000005,current_official_historical_export,Bank Al-Maghrib,daily,decimal_rate,True,CONSERVATIVE_NEXT_ORIGIN,UNKNOWN,bam_interbank_oldest_1000_2026-08-10.csv; volume_mad_millions=0.0; outstanding_mad_millions=3565; export has a middle gap
bam_interbank_weighted_average,2001-01-12,2001-01-13,2001-01-13,0.05516,current_official_historical_export,Bank Al-Maghrib,daily,decimal_rate,True,CONSERVATIVE_NEXT_ORIGIN,UNKNOWN,bam_interbank_oldest_1000_2026-08-10.csv; volume_mad_millions=1246.0; outstanding_mad_millions=2468; export has a middle gap
bam_interbank_weighted_average,2001-01-13,2001-01-14,2001-01-14,0.05516,current_official_historical_export,Bank Al-Maghrib,daily,decimal_rate,True,CONSERVATIVE_NEXT_ORIGIN,UNKNOWN,bam_interbank_oldest_1000_2026-08-10.csv; volume_mad_millions=0.0; outstanding_mad_millions=2468; export has a middle gap
bam_interbank_weighted_average,2001-01-14,2001-01-15,2001-01-15,0.05516,current_official_historical_export,Bank Al-Maghrib,daily,decimal_rate,True,CONSERVATIVE_NEXT_ORIGIN,UNKNOWN,bam_interbank_oldest_1000_2026-08-10.csv; volume_mad_millions=0.0; outstanding_mad_millions=2468; export has a middle gap
bam_interbank_weighted_average,2001-01-15,2001-01-16,2001-01-16,0.058159999999999996,current_official_historical_export,Bank Al-Maghrib,daily,decimal_rate,True,CONSERVATIVE_NEXT_ORIGIN,UNKNOWN,bam_interbank_oldest_1000_2026-08-10.csv; volume_mad_millions=1581.0; outstanding_mad_millions=2773; export has a middle gap
bam_interbank_weighted_average,2001-01-16,2001-01-17,2001-01-17,0.052919999999999995,current_official_historical_export,Bank Al-Maghrib,daily,decimal_rate,True,CONSERVATIVE_NEXT_ORIGIN,UNKNOWN,bam_interbank_oldest_1000_2026-08-10.csv; volume_mad_millions=1336.0; outstanding_mad_millions=2628; export has a middle gap
bam_interbank_weighted_average,2001-01-17,2001-01-18,2001-01-18,0.05271,current_official_historical_export,Bank Al-Maghrib,daily,decimal_rate,True,CONSERVATIVE_NEXT_ORIGIN,UNKNOWN,bam_interbank_oldest_1000_2026-08-10.csv; volume_mad_millions=1728.0; outstanding_mad_millions=3080; export has a middle gap
bam_interbank_weighted_average,2001-01-18,2001-01-19,2001-01-19,0.04926,current_official_historical_export,Bank Al-Maghrib,daily,decimal_rate,True,CONSERVATIVE_NEXT_ORIGIN,UNKNOWN,bam_interbank_oldest_1000_2026-08-10.csv; volume_mad_millions=1233.0; outstanding_mad_millions=2585; export has a middle gap
bam_interbank_weighted_average,2001-01-19,2001-01-20,2001-01-20,0.049249999999999995,current_official_historical_export,Bank Al-Maghrib,daily,decimal_rate,True,CONSERVATIVE_NEXT_ORIGIN,UNKNOWN,bam_interbank_oldest_1000_2026-08-10.csv; volume_mad_millions=1873.0; outstanding_mad_millions=3202; export has a middle gap
bam_interbank_weighted_average,2001-01-20,2001-01-21,2001-01-21,0.049249999999999995,current_official_historical_export,Bank Al-Maghrib,daily,decimal_rate,True,CONSERVATIVE_NEXT_ORIGIN,UNKNOWN,bam_interbank_oldest_1000_2026-08-10.csv; volume_mad_millions=0.0; outstanding_mad_millions=3202; export has a middle gap
bam_interbank_weighted_average,2001-01-21,2001-01-22,2001-01-22,0.049249999999999995,current_official_historical_export,Bank Al-Maghrib,daily,decimal_rate,True,CONSERVATIVE_NEXT_ORIGIN,UNKNOWN,bam_interbank_oldest_1000_2026-08-10.csv; volume_mad_millions=0.0; outstanding_mad_millions=3202; export has a middle gap
bam_interbank_weighted_average,2001-01-22,2001-01-23,2001-01-23,0.05309,current_official_historical_export,Bank Al-Maghrib,daily,decimal_rate,True,CONSERVATIVE_NEXT_ORIGIN,UNKNOWN,bam_interbank_oldest_1000_2026-08-10.csv; volume_mad_millions=1442.0; outstanding_mad_millions=2771; export has a middle gap
bam_interbank_weighted_average,2001-01-23,2001-01-24,2001-01-24,0.0548,current_official_historical_export,Bank Al-Maghrib,daily,decimal_rate,True,CONSERVATIVE_NEXT_ORIGIN,UNKNOWN,bam_interbank_oldest_1000_2026-08-10.csv; volume_mad_millions=1639.0; outstanding_mad_millions=2968; export has a middle gap
bam_interbank_weighted_average,2001-01-24,2001-01-25,2001-01-25,0.057030000000000004,current_official_historical_export,Bank Al-Maghrib,daily,decimal_rate,True,CONSERVATIVE_NEXT_ORIGIN,UNKNOWN,bam_interbank_oldest_1000_2026-08-10.csv; volume_mad_millions=1626.0; outstanding_mad_millions=2955; export has a middle gap
bam_interbank_weighted_average,2001-01-25,2001-01-26,2001-01-26,0.05756,current_official_historical_export,Bank Al-Maghrib,daily,decimal_rate,True,CONSERVATIVE_NEXT_ORIGIN,UNKNOWN,bam_interbank_oldest_1000_2026-08-10.csv; volume_mad_millions=1929.0; outstanding_mad_millions=3258; export has a middle gap
bam_interbank_weighted_average,2001-01-26,2001-01-27,2001-01-27,0.06023,current_official_historical_export,Bank Al-Maghrib,daily,decimal_rate,True,CONSERVATIVE_NEXT_ORIGIN,UNKNOWN,bam_interbank_oldest_1000_2026-08-10.csv; volume_mad_millions=1986.0; outstanding_mad_millions=3315; export has a middle gap
bam_interbank_weighted_average,2001-01-27,2001-01-28,2001-01-28,0.06023,current_official_historical_export,Bank Al-Maghrib,daily,decimal_rate,True,CONSERVATIVE_NEXT_ORIGIN,UNKNOWN,bam_interbank_oldest_1000_2026-08-10.csv; volume_mad_millions=0.0; outstanding_mad_millions=3315; export has a middle gap
bam_interbank_weighted_average,2001-01-28,2001-01-29,2001-01-29,0.06023,current_official_historical_export,Bank Al-Maghrib,daily,decimal_rate,True,CONSERVATIVE_NEXT_ORIGIN,UNKNOWN,bam_interbank_oldest_1000_2026-08-10.csv; volume_mad_millions=0.0; outstanding_mad_millions=3315; export has a middle gap
bam_interbank_weighted_average,2001-01-29,2001-01-30,2001-01-30,0.06019,current_official_historical_export,Bank Al-Maghrib,daily,decimal_rate,True,CONSERVATIVE_NEXT_ORIGIN,UNKNOWN,bam_interbank_oldest_1000_2026-08-10.csv; volume_mad_millions=2280.0; outstanding_mad_millions=3409; export has a middle gap
bam_interbank_weighted_average,2001-01-30,2001-01-31,2001-01-31,0.06035,current_official_historical_export,Bank Al-Maghrib,daily,decimal_rate,True,CONSERVATIVE_NEXT_ORIGIN,UNKNOWN,bam_interbank_oldest_1000_2026-08-10.csv; volume_mad_millions=1963.0; outstanding_mad_millions=3092; export has a middle gap
bam_interbank_weighted_average,2001-01-31,2001-02-01,2001-02-01,0.06117,current_official_historical_export,Bank Al-Maghrib,daily,decimal_rate,True,CONSERVATIVE_NEXT_ORIGIN,UNKNOWN,bam_interbank_oldest_1000_2026-08-10.csv; volume_mad_millions=2095.0; outstanding_mad_millions=3224; export has a middle gap
bam_interbank_weighted_average,2001-02-01,2001-02-02,2001-02-02,0.06194,current_official_historical_export,Bank Al-Maghrib,daily,decimal_rate,True,CONSERVATIVE_NEXT_ORIGIN,UNKNOWN,bam_interbank_oldest_1000_2026-08-10.csv; volume_mad_millions=1596.0; outstanding_mad_millions=2725; export has a middle gap
bam_interbank_weighted_average,2001-02-02,2001-02-03,2001-02-03,0.06282,current_official_historical_export,Bank Al-Maghrib,daily,decimal_rate,True,CONSERVATIVE_NEXT_ORIGIN,UNKNOWN,bam_interbank_oldest_1000_2026-08-10.csv; volume_mad_millions=1321.0; outstanding_mad_millions=2450; export has a middle gap
bam_interbank_weighted_average,2001-02-03,2001-02-04,2001-02-04,0.06282,current_official_historical_export,Bank Al-Maghrib,daily,decimal_rate,True,CONSERVATIVE_NEXT_ORIGIN,UNKNOWN,bam_interbank_oldest_1000_2026-08-10.csv; volume_mad_millions=0.0; outstanding_mad_millions=2450; export has a middle gap
bam_interbank_weighted_average,2001-02-04,2001-02-05,2001-02-05,0.06282,current_official_historical_export,Bank Al-Maghrib,daily,decimal_rate,True,CONSERVATIVE_NEXT_ORIGIN,UNKNOWN,bam_interbank_oldest_1000_2026-08-10.csv; volume_mad_millions=0.0; outstanding_mad_millions=2450; export has a middle gap
bam_interbank_weighted_average,2001-02-05,2001-02-06,2001-02-06,0.06283,current_official_historical_export,Bank Al-Maghrib,daily,decimal_rate,True,CONSERVATIVE_NEXT_ORIGIN,UNKNOWN,bam_interbank_oldest_1000_2026-08-10.csv; volume_mad_millions=1851.0; outstanding_mad_millions=2980; export has a middle gap
bam_interbank_weighted_average,2001-02-06,2001-02-07,2001-02-07,0.06036,current_official_historical_export,Bank Al-Maghrib,daily,decimal_rate,True,CONSERVATIVE_NEXT_ORIGIN,UNKNOWN,bam_interbank_oldest_1000_2026-08-10.csv; volume_mad_millions=1845.0; outstanding_mad_millions=2974; export has a middle gap
bam_interbank_weighted_average,2001-02-07,2001-02-08,2001-02-08,0.06094,current_official_historical_export,Bank Al-Maghrib,daily,decimal_rate,True,CONSERVATIVE_NEXT_ORIGIN,UNKNOWN,bam_interbank_oldest_1000_2026-08-10.csv; volume_mad_millions=2048.0; outstanding_mad_millions=3177; export has a middle gap
bam_interbank_weighted_average,2001-02-08,2001-02-09,2001-02-09,0.06109,current_official_historical_export,Bank Al-Maghrib,daily,decimal_rate,True,CONSERVATIVE_NEXT_ORIGIN,UNKNOWN,bam_interbank_oldest_1000_2026-08-10.csv; volume_mad_millions=2197.0; outstanding_mad_millions=3276; export has a middle gap
bam_interbank_weighted_average,2001-02-09,2001-02-10,2001-02-10,0.06308,current_official_historical_export,Bank Al-Maghrib,daily,decimal_rate,True,CONSERVATIVE_NEXT_ORIGIN,UNKNOWN,bam_interbank_oldest_1000_2026-08-10.csv; volume_mad_millions=1689.0; outstanding_mad_millions=2718; export has a middle gap
bam_interbank_weighted_average,2001-02-10,2001-02-11,2001-02-11,0.06308,current_official_historical_export,Bank Al-Maghrib,daily,decimal_rate,True,CONSERVATIVE_NEXT_ORIGIN,UNKNOWN,bam_interbank_oldest_1000_2026-08-10.csv; volume_mad_millions=0.0; outstanding_mad_millions=2718; export has a middle gap
bam_interbank_weighted_average,2001-02-11,2001-02-12,2001-02-12,0.06308,current_official_historical_export,Bank Al-Maghrib,daily,decimal_rate,True,CONSERVATIVE_NEXT_ORIGIN,UNKNOWN,bam_interbank_oldest_1000_2026-08-10.csv; volume_mad_millions=0.0; outstanding_mad_millions=2718; export has a middle gap
bam_interbank_weighted_average,2001-02-12,2001-02-13,2001-02-13,0.06344999999999999,current_official_historical_export,Bank Al-Maghrib,daily,decimal_rate,True,CONSERVATIVE_NEXT_ORIGIN,UNKNOWN,bam_interbank_oldest_1000_2026-08-10.csv; volume_mad_millions=1629.0; outstanding_mad_millions=2658; export has a middle gap
bam_interbank_weighted_average,2001-02-13,2001-02-14,2001-02-14,0.06381,current_official_historical_export,Bank Al-Maghrib,daily,decimal_rate,True,CONSERVATIVE_NEXT_ORIGIN,UNKNOWN,bam_interbank_oldest_1000_2026-08-10.csv; volume_mad_millions=1790.0; outstanding_mad_millions=2819; export has a middle gap
bam_interbank_weighted_average,2001-02-14,2001-02-15,2001-02-15,0.06186,current_official_historical_export,Bank Al-Maghrib,daily,decimal_rate,True,CONSERVATIVE_NEXT_ORIGIN,UNKNOWN,bam_interbank_oldest_1000_2026-08-10.csv; volume_mad_millions=1840.0; outstanding_mad_millions=2869; export has a middle gap
bam_interbank_weighted_average,2001-02-15,2001-02-16,2001-02-16,0.06232,current_official_historical_export,Bank Al-Maghrib,daily,decimal_rate,True,CONSERVATIVE_NEXT_ORIGIN,UNKNOWN,bam_interbank_oldest_1000_2026-08-10.csv; volume_mad_millions=2249.0; outstanding_mad_millions=3278; export has a middle gap
bam_interbank_weighted_average,2001-02-16,2001-02-17,2001-02-17,0.05934999999999999,current_official_historical_export,Bank Al-Maghrib,daily,decimal_rate,True,CONSERVATIVE_NEXT_ORIGIN,UNKNOWN,bam_interbank_oldest_1000_2026-08-10.csv; volume_mad_millions=2435.0; outstanding_mad_millions=3364; export has a middle gap
bam_interbank_weighted_average,2001-02-17,2001-02-18,2001-02-18,0.05934999999999999,current_official_historical_export,Bank Al-Maghrib,daily,decimal_rate,True,CONSERVATIVE_NEXT_ORIGIN,UNKNOWN,bam_interbank_oldest_1000_2026-08-10.csv; volume_mad_millions=0.0; outstanding_mad_millions=3364; export has a middle gap
bam_interbank_weighted_average,2001-02-18,2001-02-19,2001-02-19,0.05934999999999999,current_official_historical_export,Bank Al-Maghrib,daily,decimal_rate,True,CONSERVATIVE_NEXT_ORIGIN,UNKNOWN,bam_interbank_oldest_1000_2026-08-10.csv; volume_mad_millions=0.0; outstanding_mad_millions=3364; export has a middle gap
bam_interbank_weighted_average,2001-02-19,2001-02-20,2001-02-20,0.06159,current_official_historical_export,Bank Al-Maghrib,daily,decimal_rate,True,CONSERVATIVE_NEXT_ORIGIN,UNKNOWN,bam_interbank_oldest_1000_2026-08-10.csv; volume_mad_millions=1927.0; outstanding_mad_millions=2856; export has a middle gap
bam_interbank_weighted_average,2001-02-20,2001-02-21,2001-02-21,0.065,current_official_historical_export,Bank Al-Maghrib,daily,decimal_rate,True,CONSERVATIVE_NEXT_ORIGIN,UNKNOWN,bam_interbank_oldest_1000_2026-08-10.csv; volume_mad_millions=2033.0; outstanding_mad_millions=2962; export has a middle gap
bam_interbank_weighted_average,2001-02-21,2001-02-22,2001-02-22,0.05592,current_official_historical_export,Bank Al-Maghrib,daily,decimal_rate,True,CONSERVATIVE_NEXT_ORIGIN,UNKNOWN,bam_interbank_oldest_1000_2026-08-10.csv; volume_mad_millions=2210.0; outstanding_mad_millions=3139; export has a middle gap
bam_interbank_weighted_average,2001-02-22,2001-02-23,2001-02-23,0.0565,current_official_historical_export,Bank Al-Maghrib,daily,decimal_rate,True,CONSERVATIVE_NEXT_ORIGIN,UNKNOWN,bam_interbank_oldest_1000_2026-08-10.csv; volume_mad_millions=1831.0; outstanding_mad_millions=2677; export has a middle gap
bam_interbank_weighted_average,2001-02-23,2001-02-24,2001-02-24,0.05662,current_official_historical_export,Bank Al-Maghrib,daily,decimal_rate,True,CONSERVATIVE_NEXT_ORIGIN,UNKNOWN,bam_interbank_oldest_1000_2026-08-10.csv; volume_mad_millions=1966.0; outstanding_mad_millions=2812; export has a middle gap
bam_interbank_weighted_average,2001-02-24,2001-02-25,2001-02-25,0.05662,current_official_historical_export,Bank Al-Maghrib,daily,decimal_rate,True,CONSERVATIVE_NEXT_ORIGIN,UNKNOWN,bam_interbank_oldest_1000_2026-08-10.csv; volume_mad_millions=0.0; outstanding_mad_millions=2812; export has a middle gap
bam_interbank_weighted_average,2001-02-25,2001-02-26,2001-02-26,0.05662,current_official_historical_export,Bank Al-Maghrib,daily,decimal_rate,True,CONSERVATIVE_NEXT_ORIGIN,UNKNOWN,bam_interbank_oldest_1000_2026-08-10.csv; volume_mad_millions=0.0; outstanding_mad_millions=2812; export has a middle gap
bam_interbank_weighted_average,2001-02-26,2001-02-27,2001-02-27,0.05487,current_official_historical_export,Bank Al-Maghrib,daily,decimal_rate,True,CONSERVATIVE_NEXT_ORIGIN,UNKNOWN,bam_interbank_oldest_1000_2026-08-10.csv; volume_mad_millions=1798.0; outstanding_mad_millions=2644; export has a middle gap
bam_interbank_weighted_average,2001-02-27,2001-02-28,2001-02-28,0.05312,current_official_historical_export,Bank Al-Maghrib,daily,decimal_rate,True,CONSERVATIVE_NEXT_ORIGIN,UNKNOWN,bam_interbank_oldest_1000_2026-08-10.csv; volume_mad_millions=1846.0; outstanding_mad_millions=2692; export has a middle gap
bam_interbank_weighted_average,2001-02-28,2001-03-01,2001-03-01,0.05283,current_official_historical_export,Bank Al-Maghrib,daily,decimal_rate,True,CONSERVATIVE_NEXT_ORIGIN,UNKNOWN,bam_interbank_oldest_1000_2026-08-10.csv; volume_mad_millions=2295.0; outstanding_mad_millions=3131; export has a middle gap
bam_interbank_weighted_average,2001-03-01,2001-03-02,2001-03-02,0.053040000000000004,current_official_historical_export,Bank Al-Maghrib,daily,decimal_rate,True,CONSERVATIVE_NEXT_ORIGIN,UNKNOWN,bam_interbank_oldest_1000_2026-08-10.csv; volume_mad_millions=2476.0; outstanding_mad_millions=3282; export has a middle gap
bam_interbank_weighted_average,2001-03-02,2001-03-03,2001-03-03,0.05441,current_official_historical_export,Bank Al-Maghrib,daily,decimal_rate,True,CONSERVATIVE_NEXT_ORIGIN,UNKNOWN,bam_interbank_oldest_1000_2026-08-10.csv; volume_mad_millions=2020.0; outstanding_mad_millions=2826; export has a middle gap
bam_interbank_weighted_average,2001-03-03,2001-03-04,2001-03-04,0.05441,current_official_historical_export,Bank Al-Maghrib,daily,decimal_rate,True,CONSERVATIVE_NEXT_ORIGIN,UNKNOWN,bam_interbank_oldest_1000_2026-08-10.csv; volume_mad_millions=0.0; outstanding_mad_millions=2826; export has a middle gap
bam_interbank_weighted_average,2001-03-04,2001-03-05,2001-03-05,0.05441,current_official_historical_export,Bank Al-Maghrib,daily,decimal_rate,True,CONSERVATIVE_NEXT_ORIGIN,UNKNOWN,bam_interbank_oldest_1000_2026-08-10.csv; volume_mad_millions=0.0; outstanding_mad_millions=2826; export has a middle gap
bam_interbank_weighted_average,2001-03-05,2001-03-06,2001-03-06,0.05625,current_official_historical_export,Bank Al-Maghrib,daily,decimal_rate,True,CONSERVATIVE_NEXT_ORIGIN,UNKNOWN,bam_interbank_oldest_1000_2026-08-10.csv; volume_mad_millions=2110.0; outstanding_mad_millions=2956; export has a middle gap
bam_interbank_weighted_average,2001-03-06,2001-03-07,2001-03-07,0.05625,current_official_historical_export,Bank Al-Maghrib,daily,decimal_rate,True,CONSERVATIVE_NEXT_ORIGIN,UNKNOWN,bam_interbank_oldest_1000_2026-08-10.csv; volume_mad_millions=0.0; outstanding_mad_millions=2956; export has a middle gap
bam_interbank_weighted_average,2001-03-07,2001-03-08,2001-03-08,0.05625,current_official_historical_export,Bank Al-Maghrib,daily,decimal_rate,True,CONSERVATIVE_NEXT_ORIGIN,UNKNOWN,bam_interbank_oldest_1000_2026-08-10.csv; volume_mad_millions=0.0; outstanding_mad_millions=2956; export has a middle gap
bam_interbank_weighted_average,2001-03-08,2001-03-09,2001-03-09,0.056639999999999996,current_official_historical_export,Bank Al-Maghrib,daily,decimal_rate,True,CONSERVATIVE_NEXT_ORIGIN,UNKNOWN,bam_interbank_oldest_1000_2026-08-10.csv; volume_mad_millions=2268.0; outstanding_mad_millions=3114; export has a middle gap
bam_interbank_weighted_average,2001-03-09,2001-03-10,2001-03-10,0.06075,current_official_historical_export,Bank Al-Maghrib,daily,decimal_rate,True,CONSERVATIVE_NEXT_ORIGIN,UNKNOWN,bam_interbank_oldest_1000_2026-08-10.csv; volume_mad_millions=2191.0; outstanding_mad_millions=3087; export has a middle gap
bam_interbank_weighted_average,2001-03-10,2001-03-11,2001-03-11,0.06075,current_official_historical_export,Bank Al-Maghrib,daily,decimal_rate,True,CONSERVATIVE_NEXT_ORIGIN,UNKNOWN,bam_interbank_oldest_1000_2026-08-10.csv; volume_mad_millions=0.0; outstanding_mad_millions=3087; export has a middle gap
bam_interbank_weighted_average,2001-03-11,2001-03-12,2001-03-12,0.06075,current_official_historical_export,Bank Al-Maghrib,daily,decimal_rate,True,CONSERVATIVE_NEXT_ORIGIN,UNKNOWN,bam_interbank_oldest_1000_2026-08-10.csv; volume_mad_millions=0.0; outstanding_mad_millions=3087; export has a middle gap
bam_interbank_weighted_average,2001-03-12,2001-03-13,2001-03-13,0.06187,current_official_historical_export,Bank Al-Maghrib,daily,decimal_rate,True,CONSERVATIVE_NEXT_ORIGIN,UNKNOWN,bam_interbank_oldest_1000_2026-08-10.csv; volume_mad_millions=2204.0; outstanding_mad_millions=3060; export has a middle gap
bam_interbank_weighted_average,2001-03-13,2001-03-14,2001-03-14,0.064,current_official_historical_export,Bank Al-Maghrib,daily,decimal_rate,True,CONSERVATIVE_NEXT_ORIGIN,UNKNOWN,bam_interbank_oldest_1000_2026-08-10.csv; volume_mad_millions=2610.0; outstanding_mad_millions=3466; export has a middle gap
bam_interbank_weighted_average,2001-03-14,2001-03-15,2001-03-15,0.061040000000000004,current_official_historical_export,Bank Al-Maghrib,daily,decimal_rate,True,CONSERVATIVE_NEXT_ORIGIN,UNKNOWN,bam_interbank_oldest_1000_2026-08-10.csv; volume_mad_millions=2365.0; outstanding_mad_millions=3221; export has a middle gap
bam_interbank_weighted_average,2001-03-15,2001-03-16,2001-03-16,0.059160000000000004,current_official_historical_export,Bank Al-Maghrib,daily,decimal_rate,True,CONSERVATIVE_NEXT_ORIGIN,UNKNOWN,bam_interbank_oldest_1000_2026-08-10.csv; volume_mad_millions=2535.0; outstanding_mad_millions=3391; export has a middle gap
bam_interbank_weighted_average,2001-03-16,2001-03-17,2001-03-17,0.05864,current_official_historical_export,Bank Al-Maghrib,daily,decimal_rate,True,CONSERVATIVE_NEXT_ORIGIN,UNKNOWN,bam_interbank_oldest_1000_2026-08-10.csv; volume_mad_millions=2400.0; outstanding_mad_millions=3256; export has a middle gap
bam_interbank_weighted_average,2001-03-17,2001-03-18,2001-03-18,0.05864,current_official_historical_export,Bank Al-Maghrib,daily,decimal_rate,True,CONSERVATIVE_NEXT_ORIGIN,UNKNOWN,bam_interbank_oldest_1000_2026-08-10.csv; volume_mad_millions=0.0; outstanding_mad_millions=3256; export has a middle gap
bam_interbank_weighted_average,2001-03-18,2001-03-19,2001-03-19,0.05864,current_official_historical_export,Bank Al-Maghrib,daily,decimal_rate,True,CONSERVATIVE_NEXT_ORIGIN,UNKNOWN,bam_interbank_oldest_1000_2026-08-10.csv; volume_mad_millions=0.0; outstanding_mad_millions=3256; export has a middle gap
bam_interbank_weighted_average,2001-03-19,2001-03-20,2001-03-20,0.055830000000000005,current_official_historical_export,Bank Al-Maghrib,daily,decimal_rate,True,CONSERVATIVE_NEXT_ORIGIN,UNKNOWN,bam_interbank_oldest_1000_2026-08-10.csv; volume_mad_millions=2380.0; outstanding_mad_millions=3236; export has a middle gap
bam_interbank_weighted_average,2001-03-20,2001-03-21,2001-03-21,0.049370000000000004,current_official_historical_export,Bank Al-Maghrib,daily,decimal_rate,True,CONSERVATIVE_NEXT_ORIGIN,UNKNOWN,bam_interbank_oldest_1000_2026-08-10.csv; volume_mad_millions=1725.0; outstanding_mad_millions=2581; export has a middle gap
bam_interbank_weighted_average,2001-03-21,2001-03-22,2001-03-22,0.0492,current_official_historical_export,Bank Al-Maghrib,daily,decimal_rate,True,CONSERVATIVE_NEXT_ORIGIN,UNKNOWN,bam_interbank_oldest_1000_2026-08-10.csv; volume_mad_millions=2064.0; outstanding_mad_millions=2920; export has a middle gap
bam_interbank_weighted_average,2001-03-22,2001-03-23,2001-03-23,0.051390000000000005,current_official_historical_export,Bank Al-Maghrib,daily,decimal_rate,True,CONSERVATIVE_NEXT_ORIGIN,UNKNOWN,bam_interbank_oldest_1000_2026-08-10.csv; volume_mad_millions=1737.0; outstanding_mad_millions=2593; export has a middle gap
bam_interbank_weighted_average,2001-03-23,2001-03-24,2001-03-24,0.05144,current_official_historical_export,Bank Al-Maghrib,daily,decimal_rate,True,CONSERVATIVE_NEXT_ORIGIN,UNKNOWN,bam_interbank_oldest_1000_2026-08-10.csv; volume_mad_millions=1872.0; outstanding_mad_millions=2728; export has a middle gap
bam_interbank_weighted_average,2001-03-24,2001-03-25,2001-03-25,0.05144,current_official_historical_export,Bank Al-Maghrib,daily,decimal_rate,True,CONSERVATIVE_NEXT_ORIGIN,UNKNOWN,bam_interbank_oldest_1000_2026-08-10.csv; volume_mad_millions=0.0; outstanding_mad_millions=2728; export has a middle gap
bam_interbank_weighted_average,2001-03-25,2001-03-26,2001-03-26,0.05144,current_official_historical_export,Bank Al-Maghrib,daily,decimal_rate,True,CONSERVATIVE_NEXT_ORIGIN,UNKNOWN,bam_interbank_oldest_1000_2026-08-10.csv; volume_mad_millions=0.0; outstanding_mad_millions=2728; export has a middle gap
bam_interbank_weighted_average,2001-03-26,2001-03-27,2001-03-27,0.05093,current_official_historical_export,Bank Al-Maghrib,daily,decimal_rate,True,CONSERVATIVE_NEXT_ORIGIN,UNKNOWN,bam_interbank_oldest_1000_2026-08-10.csv; volume_mad_millions=1676.0; outstanding_mad_millions=2532; export has a middle gap
bam_interbank_weighted_average,2001-03-27,2001-03-28,2001-03-28,0.05093,current_official_historical_export,Bank Al-Maghrib,daily,decimal_rate,True,CONSERVATIVE_NEXT_ORIGIN,UNKNOWN,bam_interbank_oldest_1000_2026-08-10.csv; volume_mad_millions=0.0; outstanding_mad_millions=2532; export has a middle gap
bam_interbank_weighted_average,2001-03-28,2001-03-29,2001-03-29,0.05071,current_official_historical_export,Bank Al-Maghrib,daily,decimal_rate,True,CONSERVATIVE_NEXT_ORIGIN,UNKNOWN,bam_interbank_oldest_1000_2026-08-10.csv; volume_mad_millions=2055.0; outstanding_mad_millions=2961; export has a middle gap
bam_interbank_weighted_average,2001-03-29,2001-03-30,2001-03-30,0.050199999999999995,current_official_historical_export,Bank Al-Maghrib,daily,decimal_rate,True,CONSERVATIVE_NEXT_ORIGIN,UNKNOWN,bam_interbank_oldest_1000_2026-08-10.csv; volume_mad_millions=1965.0; outstanding_mad_millions=2901; export has a middle gap
bam_interbank_weighted_average,2001-03-30,2001-03-31,2001-03-31,0.04857,current_official_historical_export,Bank Al-Maghrib,daily,decimal_rate,True,CONSERVATIVE_NEXT_ORIGIN,UNKNOWN,bam_interbank_oldest_1000_2026-08-10.csv; volume_mad_millions=2200.0; outstanding_mad_millions=3136; export has a middle gap
bam_interbank_weighted_average,2001-03-31,2001-04-01,2001-04-01,0.04857,current_official_historical_export,Bank Al-Maghrib,daily,decimal_rate,True,CONSERVATIVE_NEXT_ORIGIN,UNKNOWN,bam_interbank_oldest_1000_2026-08-10.csv; volume_mad_millions=0.0; outstanding_mad_millions=3136; export has a middle gap
bam_interbank_weighted_average,2001-04-01,2001-04-02,2001-04-02,0.04857,current_official_historical_export,Bank Al-Maghrib,daily,decimal_rate,True,CONSERVATIVE_NEXT_ORIGIN,UNKNOWN,bam_interbank_oldest_1000_2026-08-10.csv; volume_mad_millions=0.0; outstanding_mad_millions=3136; export has a middle gap
bam_interbank_weighted_average,2001-04-02,2001-04-03,2001-04-03,0.04865,current_official_historical_export,Bank Al-Maghrib,daily,decimal_rate,True,CONSERVATIVE_NEXT_ORIGIN,UNKNOWN,bam_interbank_oldest_1000_2026-08-10.csv; volume_mad_millions=2431.0; outstanding_mad_millions=3447; export has a middle gap
bam_interbank_weighted_average,2001-04-03,2001-04-04,2001-04-04,0.04838,current_official_historical_export,Bank Al-Maghrib,daily,decimal_rate,True,CONSERVATIVE_NEXT_ORIGIN,UNKNOWN,bam_interbank_oldest_1000_2026-08-10.csv; volume_mad_millions=2255.0; outstanding_mad_millions=3271; export has a middle gap
bam_interbank_weighted_average,2001-04-04,2001-04-05,2001-04-05,0.04825,current_official_historical_export,Bank Al-Maghrib,daily,decimal_rate,True,CONSERVATIVE_NEXT_ORIGIN,UNKNOWN,bam_interbank_oldest_1000_2026-08-10.csv; volume_mad_millions=2187.0; outstanding_mad_millions=3203; export has a middle gap
bam_interbank_weighted_average,2001-04-05,2001-04-06,2001-04-06,0.04873,current_official_historical_export,Bank Al-Maghrib,daily,decimal_rate,True,CONSERVATIVE_NEXT_ORIGIN,UNKNOWN,bam_interbank_oldest_1000_2026-08-10.csv; volume_mad_millions=2283.0; outstanding_mad_millions=3299; export has a middle gap
bam_interbank_weighted_average,2001-04-06,2001-04-07,2001-04-07,0.04871,current_official_historical_export,Bank Al-Maghrib,daily,decimal_rate,True,CONSERVATIVE_NEXT_ORIGIN,UNKNOWN,bam_interbank_oldest_1000_2026-08-10.csv; volume_mad_millions=2570.0; outstanding_mad_millions=3586; export has a middle gap
bam_interbank_weighted_average,2001-04-07,2001-04-08,2001-04-08,0.04871,current_official_historical_export,Bank Al-Maghrib,daily,decimal_rate,True,CONSERVATIVE_NEXT_ORIGIN,UNKNOWN,bam_interbank_oldest_1000_2026-08-10.csv; volume_mad_millions=0.0; outstanding_mad_millions=3586; export has a middle gap
bam_interbank_weighted_average,2001-04-08,2001-04-09,2001-04-09,0.04871,current_official_historical_export,Bank Al-Maghrib,daily,decimal_rate,True,CONSERVATIVE_NEXT_ORIGIN,UNKNOWN,bam_interbank_oldest_1000_2026-08-10.csv; volume_mad_millions=0.0; outstanding_mad_millions=3586; export has a middle gap
bam_interbank_weighted_average,2001-04-09,2001-04-10,2001-04-10,0.04832,current_official_historical_export,Bank Al-Maghrib,daily,decimal_rate,True,CONSERVATIVE_NEXT_ORIGIN,UNKNOWN,bam_interbank_oldest_1000_2026-08-10.csv; volume_mad_millions=2682.0; outstanding_mad_millions=3618; export has a middle gap
bam_interbank_weighted_average,2001-04-10,2001-04-11,2001-04-11,0.04806,current_official_historical_export,Bank Al-Maghrib,daily,decimal_rate,True,CONSERVATIVE_NEXT_ORIGIN,UNKNOWN,bam_interbank_oldest_1000_2026-08-10.csv; volume_mad_millions=2629.0; outstanding_mad_millions=3565; export has a middle gap
bam_interbank_weighted_average,2001-04-11,2001-04-12,2001-04-12,0.04824,current_official_historical_export,Bank Al-Maghrib,daily,decimal_rate,True,CONSERVATIVE_NEXT_ORIGIN,UNKNOWN,bam_interbank_oldest_1000_2026-08-10.csv; volume_mad_millions=2605.0; outstanding_mad_millions=3541; export has a middle gap
bam_interbank_weighted_average,2001-04-12,2001-04-13,2001-04-13,0.04861,current_official_historical_export,Bank Al-Maghrib,daily,decimal_rate,True,CONSERVATIVE_NEXT_ORIGIN,UNKNOWN,bam_interbank_oldest_1000_2026-08-10.csv; volume_mad_millions=2296.0; outstanding_mad_millions=3602; export has a middle gap
bam_interbank_weighted_average,2001-04-13,2001-04-14,2001-04-14,0.048440000000000004,current_official_historical_export,Bank Al-Maghrib,daily,decimal_rate,True,CONSERVATIVE_NEXT_ORIGIN,UNKNOWN,bam_interbank_oldest_1000_2026-08-10.csv; volume_mad_millions=2215.0; outstanding_mad_millions=3521; export has a middle gap
bam_interbank_weighted_average,2001-04-14,2001-04-15,2001-04-15,0.048440000000000004,current_official_historical_export,Bank Al-Maghrib,daily,decimal_rate,True,CONSERVATIVE_NEXT_ORIGIN,UNKNOWN,bam_interbank_oldest_1000_2026-08-10.csv; volume_mad_millions=0.0; outstanding_mad_millions=3521; export has a middle gap
bam_interbank_weighted_average,2001-04-15,2001-04-16,2001-04-16,0.048440000000000004,current_official_historical_export,Bank Al-Maghrib,daily,decimal_rate,True,CONSERVATIVE_NEXT_ORIGIN,UNKNOWN,bam_interbank_oldest_1000_2026-08-10.csv; volume_mad_millions=0.0; outstanding_mad_millions=3521; export has a middle gap
bam_interbank_weighted_average,2001-04-16,2001-04-17,2001-04-17,0.04852,current_official_historical_export,Bank Al-Maghrib,daily,decimal_rate,True,CONSERVATIVE_NEXT_ORIGIN,UNKNOWN,bam_interbank_oldest_1000_2026-08-10.csv; volume_mad_millions=1970.0; outstanding_mad_millions=3076; export has a middle gap
bam_interbank_weighted_average,2001-04-17,2001-04-18,2001-04-18,0.048470000000000006,current_official_historical_export,Bank Al-Maghrib,daily,decimal_rate,True,CONSERVATIVE_NEXT_ORIGIN,UNKNOWN,bam_interbank_oldest_1000_2026-08-10.csv; volume_mad_millions=2027.0; outstanding_mad_millions=3133; export has a middle gap
bam_interbank_weighted_average,2001-04-18,2001-04-19,2001-04-19,0.047400000000000005,current_official_historical_export,Bank Al-Maghrib,daily,decimal_rate,True,CONSERVATIVE_NEXT_ORIGIN,UNKNOWN,bam_interbank_oldest_1000_2026-08-10.csv; volume_mad_millions=1979.0; outstanding_mad_millions=3085; export has a middle gap
bam_interbank_weighted_average,2001-04-19,2001-04-20,2001-04-20,0.04518,current_official_historical_export,Bank Al-Maghrib,daily,decimal_rate,True,CONSERVATIVE_NEXT_ORIGIN,UNKNOWN,bam_interbank_oldest_1000_2026-08-10.csv; volume_mad_millions=1610.0; outstanding_mad_millions=2516; export has a middle gap
bam_interbank_weighted_average,2001-04-20,2001-04-21,2001-04-21,0.0438,current_official_historical_export,Bank Al-Maghrib,daily,decimal_rate,True,CONSERVATIVE_NEXT_ORIGIN,UNKNOWN,bam_interbank_oldest_1000_2026-08-10.csv; volume_mad_millions=1541.0; outstanding_mad_millions=2447; export has a middle gap
bam_interbank_weighted_average,2001-04-21,2001-04-22,2001-04-22,0.0438,current_official_historical_export,Bank Al-Maghrib,daily,decimal_rate,True,CONSERVATIVE_NEXT_ORIGIN,UNKNOWN,bam_interbank_oldest_1000_2026-08-10.csv; volume_mad_millions=0.0; outstanding_mad_millions=2447; export has a middle gap
bam_interbank_weighted_average,2001-04-22,2001-04-23,2001-04-23,0.0438,current_official_historical_export,Bank Al-Maghrib,daily,decimal_rate,True,CONSERVATIVE_NEXT_ORIGIN,UNKNOWN,bam_interbank_oldest_1000_2026-08-10.csv; volume_mad_millions=0.0; outstanding_mad_millions=2447; export has a middle gap
bam_interbank_weighted_average,2001-04-23,2001-04-24,2001-04-24,0.047510000000000004,current_official_historical_export,Bank Al-Maghrib,daily,decimal_rate,True,CONSERVATIVE_NEXT_ORIGIN,UNKNOWN,bam_interbank_oldest_1000_2026-08-10.csv; volume_mad_millions=1676.0; outstanding_mad_millions=2582; export has a middle gap
bam_interbank_weighted_average,2001-04-24,2001-04-25,2001-04-25,0.04872,current_official_historical_export,Bank Al-Maghrib,daily,decimal_rate,True,CONSERVATIVE_NEXT_ORIGIN,UNKNOWN,bam_interbank_oldest_1000_2026-08-10.csv; volume_mad_millions=1832.0; outstanding_mad_millions=2738; export has a middle gap
bam_interbank_weighted_average,2001-04-25,2001-04-26,2001-04-26,0.04961,current_official_historical_export,Bank Al-Maghrib,daily,decimal_rate,True,CONSERVATIVE_NEXT_ORIGIN,UNKNOWN,bam_interbank_oldest_1000_2026-08-10.csv; volume_mad_millions=1734.0; outstanding_mad_millions=2681; export has a middle gap
bam_interbank_weighted_average,2001-04-26,2001-04-27,2001-04-27,0.05086,current_official_historical_export,Bank Al-Maghrib,daily,decimal_rate,True,CONSERVATIVE_NEXT_ORIGIN,UNKNOWN,bam_interbank_oldest_1000_2026-08-10.csv; volume_mad_millions=1994.0; outstanding_mad_millions=2971; export has a middle gap
bam_interbank_weighted_average,2001-04-27,2001-04-28,2001-04-28,0.05151,current_official_historical_export,Bank Al-Maghrib,daily,decimal_rate,True,CONSERVATIVE_NEXT_ORIGIN,UNKNOWN,bam_interbank_oldest_1000_2026-08-10.csv; volume_mad_millions=2077.0; outstanding_mad_millions=3104; export has a middle gap
bam_interbank_weighted_average,2001-04-28,2001-04-29,2001-04-29,0.05151,current_official_historical_export,Bank Al-Maghrib,daily,decimal_rate,True,CONSERVATIVE_NEXT_ORIGIN,UNKNOWN,bam_interbank_oldest_1000_2026-08-10.csv; volume_mad_millions=0.0; outstanding_mad_millions=3104; export has a middle gap
bam_interbank_weighted_average,2001-04-29,2001-04-30,2001-04-30,0.05151,current_official_historical_export,Bank Al-Maghrib,daily,decimal_rate,True,CONSERVATIVE_NEXT_ORIGIN,UNKNOWN,bam_interbank_oldest_1000_2026-08-10.csv; volume_mad_millions=0.0; outstanding_mad_millions=3104; export has a middle gap
bam_interbank_weighted_average,2001-04-30,2001-05-01,2001-05-01,0.05158,current_official_historical_export,Bank Al-Maghrib,daily,decimal_rate,True,CONSERVATIVE_NEXT_ORIGIN,UNKNOWN,bam_interbank_oldest_1000_2026-08-10.csv; volume_mad_millions=1795.0; outstanding_mad_millions=2822; export has a middle gap
bam_interbank_weighted_average,2001-05-01,2001-05-02,2001-05-02,0.05158,current_official_historical_export,Bank Al-Maghrib,daily,decimal_rate,True,CONSERVATIVE_NEXT_ORIGIN,UNKNOWN,bam_interbank_oldest_1000_2026-08-10.csv; volume_mad_millions=0.0; outstanding_mad_millions=2822; export has a middle gap
bam_interbank_weighted_average,2001-05-02,2001-05-03,2001-05-03,0.05141,current_official_historical_export,Bank Al-Maghrib,daily,decimal_rate,True,CONSERVATIVE_NEXT_ORIGIN,UNKNOWN,bam_interbank_oldest_1000_2026-08-10.csv; volume_mad_millions=2112.0; outstanding_mad_millions=3139; export has a middle gap
bam_interbank_weighted_average,2001-05-03,2001-05-04,2001-05-04,0.05175,current_official_historical_export,Bank Al-Maghrib,daily,decimal_rate,True,CONSERVATIVE_NEXT_ORIGIN,UNKNOWN,bam_interbank_oldest_1000_2026-08-10.csv; volume_mad_millions=1980.0; outstanding_mad_millions=3007; export has a middle gap
bam_interbank_weighted_average,2001-05-04,2001-05-05,2001-05-05,0.0512,current_official_historical_export,Bank Al-Maghrib,daily,decimal_rate,True,CONSERVATIVE_NEXT_ORIGIN,UNKNOWN,bam_interbank_oldest_1000_2026-08-10.csv; volume_mad_millions=1986.0; outstanding_mad_millions=3038; export has a middle gap
bam_interbank_weighted_average,2001-05-05,2001-05-06,2001-05-06,0.0512,current_official_historical_export,Bank Al-Maghrib,daily,decimal_rate,True,CONSERVATIVE_NEXT_ORIGIN,UNKNOWN,bam_interbank_oldest_1000_2026-08-10.csv; volume_mad_millions=0.0; outstanding_mad_millions=3038; export has a middle gap
bam_interbank_weighted_average,2001-05-06,2001-05-07,2001-05-07,0.0512,current_official_historical_export,Bank Al-Maghrib,daily,decimal_rate,True,CONSERVATIVE_NEXT_ORIGIN,UNKNOWN,bam_interbank_oldest_1000_2026-08-10.csv; volume_mad_millions=0.0; outstanding_mad_millions=3038; export has a middle gap
bam_interbank_weighted_average,2001-05-07,2001-05-08,2001-05-08,0.049859999999999995,current_official_historical_export,Bank Al-Maghrib,daily,decimal_rate,True,CONSERVATIVE_NEXT_ORIGIN,UNKNOWN,bam_interbank_oldest_1000_2026-08-10.csv; volume_mad_millions=1642.0; outstanding_mad_millions=2653; export has a middle gap
bam_interbank_weighted_average,2001-05-08,2001-05-09,2001-05-09,0.04923,current_official_historical_export,Bank Al-Maghrib,daily,decimal_rate,True,CONSERVATIVE_NEXT_ORIGIN,UNKNOWN,bam_interbank_oldest_1000_2026-08-10.csv; volume_mad_millions=1611.0; outstanding_mad_millions=2622; export has a middle gap
bam_interbank_weighted_average,2001-05-09,2001-05-10,2001-05-10,0.04874,current_official_historical_export,Bank Al-Maghrib,daily,decimal_rate,True,CONSERVATIVE_NEXT_ORIGIN,UNKNOWN,bam_interbank_oldest_1000_2026-08-10.csv; volume_mad_millions=1585.0; outstanding_mad_millions=2571; export has a middle gap
bam_interbank_weighted_average,2001-05-10,2001-05-11,2001-05-11,0.05039,current_official_historical_export,Bank Al-Maghrib,daily,decimal_rate,True,CONSERVATIVE_NEXT_ORIGIN,UNKNOWN,bam_interbank_oldest_1000_2026-08-10.csv; volume_mad_millions=2127.0; outstanding_mad_millions=3113; export has a middle gap
bam_interbank_weighted_average,2001-05-11,2001-05-12,2001-05-12,0.05098,current_official_historical_export,Bank Al-Maghrib,daily,decimal_rate,True,CONSERVATIVE_NEXT_ORIGIN,UNKNOWN,bam_interbank_oldest_1000_2026-08-10.csv; volume_mad_millions=1895.0; outstanding_mad_millions=2981; export has a middle gap
bam_interbank_weighted_average,2001-05-12,2001-05-13,2001-05-13,0.05098,current_official_historical_export,Bank Al-Maghrib,daily,decimal_rate,True,CONSERVATIVE_NEXT_ORIGIN,UNKNOWN,bam_interbank_oldest_1000_2026-08-10.csv; volume_mad_millions=0.0; outstanding_mad_millions=2981; export has a middle gap
bam_interbank_weighted_average,2001-05-13,2001-05-14,2001-05-14,0.05098,current_official_historical_export,Bank Al-Maghrib,daily,decimal_rate,True,CONSERVATIVE_NEXT_ORIGIN,UNKNOWN,bam_interbank_oldest_1000_2026-08-10.csv; volume_mad_millions=0.0; outstanding_mad_millions=2981; export has a middle gap
bam_interbank_weighted_average,2001-05-14,2001-05-15,2001-05-15,0.049089999999999995,current_official_historical_export,Bank Al-Maghrib,daily,decimal_rate,True,CONSERVATIVE_NEXT_ORIGIN,UNKNOWN,bam_interbank_oldest_1000_2026-08-10.csv; volume_mad_millions=2070.0; outstanding_mad_millions=3156; export has a middle gap
bam_interbank_weighted_average,2001-05-15,2001-05-16,2001-05-16,0.04397,current_official_historical_export,Bank Al-Maghrib,daily,decimal_rate,True,CONSERVATIVE_NEXT_ORIGIN,UNKNOWN,bam_interbank_oldest_1000_2026-08-10.csv; volume_mad_millions=1754.0; outstanding_mad_millions=2840; export has a middle gap
bam_interbank_weighted_average,2001-05-16,2001-05-17,2001-05-17,0.04285,current_official_historical_export,Bank Al-Maghrib,daily,decimal_rate,True,CONSERVATIVE_NEXT_ORIGIN,UNKNOWN,bam_interbank_oldest_1000_2026-08-10.csv; volume_mad_millions=1642.0; outstanding_mad_millions=2728; export has a middle gap
bam_interbank_weighted_average,2001-05-17,2001-05-18,2001-05-18,0.04201,current_official_historical_export,Bank Al-Maghrib,daily,decimal_rate,True,CONSERVATIVE_NEXT_ORIGIN,UNKNOWN,bam_interbank_oldest_1000_2026-08-10.csv; volume_mad_millions=1763.0; outstanding_mad_millions=2849; export has a middle gap
bam_interbank_weighted_average,2001-05-18,2001-05-19,2001-05-19,0.04216,current_official_historical_export,Bank Al-Maghrib,daily,decimal_rate,True,CONSERVATIVE_NEXT_ORIGIN,UNKNOWN,bam_interbank_oldest_1000_2026-08-10.csv; volume_mad_millions=1943.0; outstanding_mad_millions=3029; export has a middle gap
bam_interbank_weighted_average,2001-05-19,2001-05-20,2001-05-20,0.04216,current_official_historical_export,Bank Al-Maghrib,daily,decimal_rate,True,CONSERVATIVE_NEXT_ORIGIN,UNKNOWN,bam_interbank_oldest_1000_2026-08-10.csv; volume_mad_millions=0.0; outstanding_mad_millions=3029; export has a middle gap
bam_interbank_weighted_average,2001-05-20,2001-05-21,2001-05-21,0.04216,current_official_historical_export,Bank Al-Maghrib,daily,decimal_rate,True,CONSERVATIVE_NEXT_ORIGIN,UNKNOWN,bam_interbank_oldest_1000_2026-08-10.csv; volume_mad_millions=0.0; outstanding_mad_millions=3029; export has a middle gap
bam_interbank_weighted_average,2001-05-21,2001-05-22,2001-05-22,0.04577,current_official_historical_export,Bank Al-Maghrib,daily,decimal_rate,True,CONSERVATIVE_NEXT_ORIGIN,UNKNOWN,bam_interbank_oldest_1000_2026-08-10.csv; volume_mad_millions=1910.0; outstanding_mad_millions=2996; export has a middle gap
bam_interbank_weighted_average,2001-05-22,2001-05-23,2001-05-23,0.04594,current_official_historical_export,Bank Al-Maghrib,daily,decimal_rate,True,CONSERVATIVE_NEXT_ORIGIN,UNKNOWN,bam_interbank_oldest_1000_2026-08-10.csv; volume_mad_millions=1812.0; outstanding_mad_millions=2898; export has a middle gap
bam_interbank_weighted_average,2001-05-23,2001-05-24,2001-05-24,0.04589000000000001,current_official_historical_export,Bank Al-Maghrib,daily,decimal_rate,True,CONSERVATIVE_NEXT_ORIGIN,UNKNOWN,bam_interbank_oldest_1000_2026-08-10.csv; volume_mad_millions=2143.0; outstanding_mad_millions=3229; export has a middle gap
bam_interbank_weighted_average,2001-05-24,2001-05-25,2001-05-25,0.04596,current_official_historical_export,Bank Al-Maghrib,daily,decimal_rate,True,CONSERVATIVE_NEXT_ORIGIN,UNKNOWN,bam_interbank_oldest_1000_2026-08-10.csv; volume_mad_millions=2062.0; outstanding_mad_millions=3148; export has a middle gap
bam_interbank_weighted_average,2001-05-25,2001-05-26,2001-05-26,0.04666000000000001,current_official_historical_export,Bank Al-Maghrib,daily,decimal_rate,True,CONSERVATIVE_NEXT_ORIGIN,UNKNOWN,bam_interbank_oldest_1000_2026-08-10.csv; volume_mad_millions=2401.0; outstanding_mad_millions=3487; export has a middle gap
bam_interbank_weighted_average,2001-05-26,2001-05-27,2001-05-27,0.04666000000000001,current_official_historical_export,Bank Al-Maghrib,daily,decimal_rate,True,CONSERVATIVE_NEXT_ORIGIN,UNKNOWN,bam_interbank_oldest_1000_2026-08-10.csv; volume_mad_millions=0.0; outstanding_mad_millions=3487; export has a middle gap
bam_interbank_weighted_average,2001-05-27,2001-05-28,2001-05-28,0.04666000000000001,current_official_historical_export,Bank Al-Maghrib,daily,decimal_rate,True,CONSERVATIVE_NEXT_ORIGIN,UNKNOWN,bam_interbank_oldest_1000_2026-08-10.csv; volume_mad_millions=0.0; outstanding_mad_millions=3487; export has a middle gap
bam_interbank_weighted_average,2001-05-28,2001-05-29,2001-05-29,0.04686,current_official_historical_export,Bank Al-Maghrib,daily,decimal_rate,True,CONSERVATIVE_NEXT_ORIGIN,UNKNOWN,bam_interbank_oldest_1000_2026-08-10.csv; volume_mad_millions=2469.0; outstanding_mad_millions=3555; export has a middle gap
bam_interbank_weighted_average,2001-05-29,2001-05-30,2001-05-30,0.04642,current_official_historical_export,Bank Al-Maghrib,daily,decimal_rate,True,CONSERVATIVE_NEXT_ORIGIN,UNKNOWN,bam_interbank_oldest_1000_2026-08-10.csv; volume_mad_millions=2496.0; outstanding_mad_millions=3582; export has a middle gap
bam_interbank_weighted_average,2001-05-30,2001-05-31,2001-05-31,0.046349999999999995,current_official_historical_export,Bank Al-Maghrib,daily,decimal_rate,True,CONSERVATIVE_NEXT_ORIGIN,UNKNOWN,bam_interbank_oldest_1000_2026-08-10.csv; volume_mad_millions=2600.0; outstanding_mad_millions=3686; export has a middle gap
bam_interbank_weighted_average,2001-05-31,2001-06-01,2001-06-01,0.04632,current_official_historical_export,Bank Al-Maghrib,daily,decimal_rate,True,CONSERVATIVE_NEXT_ORIGIN,UNKNOWN,bam_interbank_oldest_1000_2026-08-10.csv; volume_mad_millions=2256.0; outstanding_mad_millions=3342; export has a middle gap
bam_interbank_weighted_average,2001-06-01,2001-06-02,2001-06-02,0.04565,current_official_historical_export,Bank Al-Maghrib,daily,decimal_rate,True,CONSERVATIVE_NEXT_ORIGIN,UNKNOWN,bam_interbank_oldest_1000_2026-08-10.csv; volume_mad_millions=2494.0; outstanding_mad_millions=3580; export has a middle gap
bam_interbank_weighted_average,2001-06-02,2001-06-03,2001-06-03,0.04565,current_official_historical_export,Bank Al-Maghrib,daily,decimal_rate,True,CONSERVATIVE_NEXT_ORIGIN,UNKNOWN,bam_interbank_oldest_1000_2026-08-10.csv; volume_mad_millions=0.0; outstanding_mad_millions=3580; export has a middle gap
bam_interbank_weighted_average,2001-06-03,2001-06-04,2001-06-04,0.04565,current_official_historical_export,Bank Al-Maghrib,daily,decimal_rate,True,CONSERVATIVE_NEXT_ORIGIN,UNKNOWN,bam_interbank_oldest_1000_2026-08-10.csv; volume_mad_millions=0.0; outstanding_mad_millions=3580; export has a middle gap
bam_interbank_weighted_average,2001-06-04,2001-06-05,2001-06-05,0.045869999999999994,current_official_historical_export,Bank Al-Maghrib,daily,decimal_rate,True,CONSERVATIVE_NEXT_ORIGIN,UNKNOWN,bam_interbank_oldest_1000_2026-08-10.csv; volume_mad_millions=2413.0; outstanding_mad_millions=3449; export has a middle gap
bam_interbank_weighted_average,2001-06-05,2001-06-06,2001-06-06,0.045869999999999994,current_official_historical_export,Bank Al-Maghrib,daily,decimal_rate,True,CONSERVATIVE_NEXT_ORIGIN,UNKNOWN,bam_interbank_oldest_1000_2026-08-10.csv; volume_mad_millions=0.0; outstanding_mad_millions=3449; export has a middle gap
bam_interbank_weighted_average,2001-06-06,2001-06-07,2001-06-07,0.045869999999999994,current_official_historical_export,Bank Al-Maghrib,daily,decimal_rate,True,CONSERVATIVE_NEXT_ORIGIN,UNKNOWN,bam_interbank_oldest_1000_2026-08-10.csv; volume_mad_millions=0.0; outstanding_mad_millions=3449; export has a middle gap
bam_interbank_weighted_average,2001-06-07,2001-06-08,2001-06-08,0.04472,current_official_historical_export,Bank Al-Maghrib,daily,decimal_rate,True,CONSERVATIVE_NEXT_ORIGIN,UNKNOWN,bam_interbank_oldest_1000_2026-08-10.csv; volume_mad_millions=2419.0; outstanding_mad_millions=3425; export has a middle gap
bam_interbank_weighted_average,2001-06-08,2001-06-09,2001-06-09,0.04459,current_official_historical_export,Bank Al-Maghrib,daily,decimal_rate,True,CONSERVATIVE_NEXT_ORIGIN,UNKNOWN,bam_interbank_oldest_1000_2026-08-10.csv; volume_mad_millions=2012.0; outstanding_mad_millions=3059; export has a middle gap
bam_interbank_weighted_average,2001-06-09,2001-06-10,2001-06-10,0.04459,current_official_historical_export,Bank Al-Maghrib,daily,decimal_rate,True,CONSERVATIVE_NEXT_ORIGIN,UNKNOWN,bam_interbank_oldest_1000_2026-08-10.csv; volume_mad_millions=0.0; outstanding_mad_millions=3059; export has a middle gap
bam_interbank_weighted_average,2001-06-10,2001-06-11,2001-06-11,0.04459,current_official_historical_export,Bank Al-Maghrib,daily,decimal_rate,True,CONSERVATIVE_NEXT_ORIGIN,UNKNOWN,bam_interbank_oldest_1000_2026-08-10.csv; volume_mad_millions=0.0; outstanding_mad_millions=3059; export has a middle gap
bam_interbank_weighted_average,2001-06-11,2001-06-12,2001-06-12,0.044340000000000004,current_official_historical_export,Bank Al-Maghrib,daily,decimal_rate,True,CONSERVATIVE_NEXT_ORIGIN,UNKNOWN,bam_interbank_oldest_1000_2026-08-10.csv; volume_mad_millions=2106.0; outstanding_mad_millions=3112; export has a middle gap
bam_interbank_weighted_average,2001-06-12,2001-06-13,2001-06-13,0.04393,current_official_historical_export,Bank Al-Maghrib,daily,decimal_rate,True,CONSERVATIVE_NEXT_ORIGIN,UNKNOWN,bam_interbank_oldest_1000_2026-08-10.csv; volume_mad_millions=2080.0; outstanding_mad_millions=3086; export has a middle gap
bam_interbank_weighted_average,2001-06-13,2001-06-14,2001-06-14,0.043899999999999995,current_official_historical_export,Bank Al-Maghrib,daily,decimal_rate,True,CONSERVATIVE_NEXT_ORIGIN,UNKNOWN,bam_interbank_oldest_1000_2026-08-10.csv; volume_mad_millions=2134.0; outstanding_mad_millions=3140; export has a middle gap
bam_interbank_weighted_average,2001-06-14,2001-06-15,2001-06-15,0.04424,current_official_historical_export,Bank Al-Maghrib,daily,decimal_rate,True,CONSERVATIVE_NEXT_ORIGIN,UNKNOWN,bam_interbank_oldest_1000_2026-08-10.csv; volume_mad_millions=1898.0; outstanding_mad_millions=2904; export has a middle gap
bam_interbank_weighted_average,2001-06-15,2001-06-16,2001-06-16,0.03944,current_official_historical_export,Bank Al-Maghrib,daily,decimal_rate,True,CONSERVATIVE_NEXT_ORIGIN,UNKNOWN,bam_interbank_oldest_1000_2026-08-10.csv; volume_mad_millions=1797.0; outstanding_mad_millions=2803; export has a middle gap
bam_interbank_weighted_average,2001-06-16,2001-06-17,2001-06-17,0.03944,current_official_historical_export,Bank Al-Maghrib,daily,decimal_rate,True,CONSERVATIVE_NEXT_ORIGIN,UNKNOWN,bam_interbank_oldest_1000_2026-08-10.csv; volume_mad_millions=0.0; outstanding_mad_millions=2803; export has a middle gap
bam_interbank_weighted_average,2001-06-17,2001-06-18,2001-06-18,0.03944,current_official_historical_export,Bank Al-Maghrib,daily,decimal_rate,True,CONSERVATIVE_NEXT_ORIGIN,UNKNOWN,bam_interbank_oldest_1000_2026-08-10.csv; volume_mad_millions=0.0; outstanding_mad_millions=2803; export has a middle gap
bam_interbank_weighted_average,2001-06-18,2001-06-19,2001-06-19,0.03315,current_official_historical_export,Bank Al-Maghrib,daily,decimal_rate,True,CONSERVATIVE_NEXT_ORIGIN,UNKNOWN,bam_interbank_oldest_1000_2026-08-10.csv; volume_mad_millions=1851.0; outstanding_mad_millions=2857; export has a middle gap
bam_interbank_weighted_average,2001-06-19,2001-06-20,2001-06-20,0.03595,current_official_historical_export,Bank Al-Maghrib,daily,decimal_rate,True,CONSERVATIVE_NEXT_ORIGIN,UNKNOWN,bam_interbank_oldest_1000_2026-08-10.csv; volume_mad_millions=1354.0; outstanding_mad_millions=2380; export has a middle gap
bam_interbank_weighted_average,2001-06-20,2001-06-21,2001-06-21,0.03499,current_official_historical_export,Bank Al-Maghrib,daily,decimal_rate,True,CONSERVATIVE_NEXT_ORIGIN,UNKNOWN,bam_interbank_oldest_1000_2026-08-10.csv; volume_mad_millions=1335.0; outstanding_mad_millions=2361; export has a middle gap
bam_interbank_weighted_average,2001-06-21,2001-06-22,2001-06-22,0.035539999999999995,current_official_historical_export,Bank Al-Maghrib,daily,decimal_rate,True,CONSERVATIVE_NEXT_ORIGIN,UNKNOWN,bam_interbank_oldest_1000_2026-08-10.csv; volume_mad_millions=1557.0; outstanding_mad_millions=2583; export has a middle gap
bam_interbank_weighted_average,2001-06-22,2001-06-23,2001-06-23,0.030520000000000002,current_official_historical_export,Bank Al-Maghrib,daily,decimal_rate,True,CONSERVATIVE_NEXT_ORIGIN,UNKNOWN,bam_interbank_oldest_1000_2026-08-10.csv; volume_mad_millions=1815.0; outstanding_mad_millions=2821; export has a middle gap
bam_interbank_weighted_average,2001-06-23,2001-06-24,2001-06-24,0.030520000000000002,current_official_historical_export,Bank Al-Maghrib,daily,decimal_rate,True,CONSERVATIVE_NEXT_ORIGIN,UNKNOWN,bam_interbank_oldest_1000_2026-08-10.csv; volume_mad_millions=0.0; outstanding_mad_millions=2821; export has a middle gap
bam_interbank_weighted_average,2001-06-24,2001-06-25,2001-06-25,0.030520000000000002,current_official_historical_export,Bank Al-Maghrib,daily,decimal_rate,True,CONSERVATIVE_NEXT_ORIGIN,UNKNOWN,bam_interbank_oldest_1000_2026-08-10.csv; volume_mad_millions=0.0; outstanding_mad_millions=2821; export has a middle gap
bam_interbank_weighted_average,2001-06-25,2001-06-26,2001-06-26,0.03133,current_official_historical_export,Bank Al-Maghrib,daily,decimal_rate,True,CONSERVATIVE_NEXT_ORIGIN,UNKNOWN,bam_interbank_oldest_1000_2026-08-10.csv; volume_mad_millions=1678.0; outstanding_mad_millions=2684; export has a middle gap
bam_interbank_weighted_average,2001-06-26,2001-06-27,2001-06-27,0.03535,current_official_historical_export,Bank Al-Maghrib,daily,decimal_rate,True,CONSERVATIVE_NEXT_ORIGIN,UNKNOWN,bam_interbank_oldest_1000_2026-08-10.csv; volume_mad_millions=1233.0; outstanding_mad_millions=2239; export has a middle gap
bam_interbank_weighted_average,2001-06-27,2001-06-28,2001-06-28,0.03104,current_official_historical_export,Bank Al-Maghrib,daily,decimal_rate,True,CONSERVATIVE_NEXT_ORIGIN,UNKNOWN,bam_interbank_oldest_1000_2026-08-10.csv; volume_mad_millions=1652.0; outstanding_mad_millions=2658; export has a middle gap
bam_interbank_weighted_average,2001-06-28,2001-06-29,2001-06-29,0.02857,current_official_historical_export,Bank Al-Maghrib,daily,decimal_rate,True,CONSERVATIVE_NEXT_ORIGIN,UNKNOWN,bam_interbank_oldest_1000_2026-08-10.csv; volume_mad_millions=1948.0; outstanding_mad_millions=2941; export has a middle gap
bam_interbank_weighted_average,2001-06-29,2001-06-30,2001-06-30,0.02694,current_official_historical_export,Bank Al-Maghrib,daily,decimal_rate,True,CONSERVATIVE_NEXT_ORIGIN,UNKNOWN,bam_interbank_oldest_1000_2026-08-10.csv; volume_mad_millions=2285.0; outstanding_mad_millions=3278; export has a middle gap
bam_interbank_weighted_average,2001-06-30,2001-07-01,2001-07-01,0.02694,current_official_historical_export,Bank Al-Maghrib,daily,decimal_rate,True,CONSERVATIVE_NEXT_ORIGIN,UNKNOWN,bam_interbank_oldest_1000_2026-08-10.csv; volume_mad_millions=0.0; outstanding_mad_millions=3278; export has a middle gap
bam_interbank_weighted_average,2001-07-01,2001-07-02,2001-07-02,0.02694,current_official_historical_export,Bank Al-Maghrib,daily,decimal_rate,True,CONSERVATIVE_NEXT_ORIGIN,UNKNOWN,bam_interbank_oldest_1000_2026-08-10.csv; volume_mad_millions=0.0; outstanding_mad_millions=3278; export has a middle gap
bam_interbank_weighted_average,2001-07-02,2001-07-03,2001-07-03,0.02691,current_official_historical_export,Bank Al-Maghrib,daily,decimal_rate,True,CONSERVATIVE_NEXT_ORIGIN,UNKNOWN,bam_interbank_oldest_1000_2026-08-10.csv; volume_mad_millions=2514.0; outstanding_mad_millions=3507; export has a middle gap
bam_interbank_weighted_average,2001-07-03,2001-07-04,2001-07-04,0.028290000000000003,current_official_historical_export,Bank Al-Maghrib,daily,decimal_rate,True,CONSERVATIVE_NEXT_ORIGIN,UNKNOWN,bam_interbank_oldest_1000_2026-08-10.csv; volume_mad_millions=2157.0; outstanding_mad_millions=3150; export has a middle gap
bam_interbank_weighted_average,2001-07-04,2001-07-05,2001-07-05,0.02881,current_official_historical_export,Bank Al-Maghrib,daily,decimal_rate,True,CONSERVATIVE_NEXT_ORIGIN,UNKNOWN,bam_interbank_oldest_1000_2026-08-10.csv; volume_mad_millions=2124.0; outstanding_mad_millions=3117; export has a middle gap
bam_interbank_weighted_average,2001-07-05,2001-07-06,2001-07-06,0.027999999999999997,current_official_historical_export,Bank Al-Maghrib,daily,decimal_rate,True,CONSERVATIVE_NEXT_ORIGIN,UNKNOWN,bam_interbank_oldest_1000_2026-08-10.csv; volume_mad_millions=2092.0; outstanding_mad_millions=3085; export has a middle gap
bam_interbank_weighted_average,2001-07-06,2001-07-07,2001-07-07,0.0255,current_official_historical_export,Bank Al-Maghrib,daily,decimal_rate,True,CONSERVATIVE_NEXT_ORIGIN,UNKNOWN,bam_interbank_oldest_1000_2026-08-10.csv; volume_mad_millions=2975.0; outstanding_mad_millions=3968; export has a middle gap
bam_interbank_weighted_average,2001-07-07,2001-07-08,2001-07-08,0.0255,current_official_historical_export,Bank Al-Maghrib,daily,decimal_rate,True,CONSERVATIVE_NEXT_ORIGIN,UNKNOWN,bam_interbank_oldest_1000_2026-08-10.csv; volume_mad_millions=0.0; outstanding_mad_millions=3968; export has a middle gap
bam_interbank_weighted_average,2001-07-08,2001-07-09,2001-07-09,0.0255,current_official_historical_export,Bank Al-Maghrib,daily,decimal_rate,True,CONSERVATIVE_NEXT_ORIGIN,UNKNOWN,bam_interbank_oldest_1000_2026-08-10.csv; volume_mad_millions=0.0; outstanding_mad_millions=3968; export has a middle gap
bam_interbank_weighted_average,2001-07-09,2001-07-10,2001-07-10,0.0254,current_official_historical_export,Bank Al-Maghrib,daily,decimal_rate,True,CONSERVATIVE_NEXT_ORIGIN,UNKNOWN,bam_interbank_oldest_1000_2026-08-10.csv; volume_mad_millions=3065.0; outstanding_mad_millions=4058; export has a middle gap
bam_interbank_weighted_average,2001-07-10,2001-07-11,2001-07-11,0.02466,current_official_historical_export,Bank Al-Maghrib,daily,decimal_rate,True,CONSERVATIVE_NEXT_ORIGIN,UNKNOWN,bam_interbank_oldest_1000_2026-08-10.csv; volume_mad_millions=3544.0; outstanding_mad_millions=4537; export has a middle gap
bam_interbank_weighted_average,2001-07-11,2001-07-12,2001-07-12,0.024470000000000002,current_official_historical_export,Bank Al-Maghrib,daily,decimal_rate,True,CONSERVATIVE_NEXT_ORIGIN,UNKNOWN,bam_interbank_oldest_1000_2026-08-10.csv; volume_mad_millions=3703.0; outstanding_mad_millions=4696; export has a middle gap
bam_interbank_weighted_average,2001-07-12,2001-07-13,2001-07-13,0.03371,current_official_historical_export,Bank Al-Maghrib,daily,decimal_rate,True,CONSERVATIVE_NEXT_ORIGIN,UNKNOWN,bam_interbank_oldest_1000_2026-08-10.csv; volume_mad_millions=3584.0; outstanding_mad_millions=4577; export has a middle gap
bam_interbank_weighted_average,2001-07-13,2001-07-14,2001-07-14,0.03755,current_official_historical_export,Bank Al-Maghrib,daily,decimal_rate,True,CONSERVATIVE_NEXT_ORIGIN,UNKNOWN,bam_interbank_oldest_1000_2026-08-10.csv; volume_mad_millions=3961.0; outstanding_mad_millions=4954; export has a middle gap
bam_interbank_weighted_average,2001-07-14,2001-07-15,2001-07-15,0.03755,current_official_historical_export,Bank Al-Maghrib,daily,decimal_rate,True,CONSERVATIVE_NEXT_ORIGIN,UNKNOWN,bam_interbank_oldest_1000_2026-08-10.csv; volume_mad_millions=0.0; outstanding_mad_millions=4954; export has a middle gap
bam_interbank_weighted_average,2001-07-15,2001-07-16,2001-07-16,0.03755,current_official_historical_export,Bank Al-Maghrib,daily,decimal_rate,True,CONSERVATIVE_NEXT_ORIGIN,UNKNOWN,bam_interbank_oldest_1000_2026-08-10.csv; volume_mad_millions=0.0; outstanding_mad_millions=4954; export has a middle gap
bam_interbank_weighted_average,2001-07-16,2001-07-17,2001-07-17,0.03929,current_official_historical_export,Bank Al-Maghrib,daily,decimal_rate,True,CONSERVATIVE_NEXT_ORIGIN,UNKNOWN,bam_interbank_oldest_1000_2026-08-10.csv; volume_mad_millions=2914.0; outstanding_mad_millions=3907; export has a middle gap
bam_interbank_weighted_average,2001-07-17,2001-07-18,2001-07-18,0.0392,current_official_historical_export,Bank Al-Maghrib,daily,decimal_rate,True,CONSERVATIVE_NEXT_ORIGIN,UNKNOWN,bam_interbank_oldest_1000_2026-08-10.csv; volume_mad_millions=3029.0; outstanding_mad_millions=4022; export has a middle gap
bam_interbank_weighted_average,2001-07-18,2001-07-19,2001-07-19,0.03868,current_official_historical_export,Bank Al-Maghrib,daily,decimal_rate,True,CONSERVATIVE_NEXT_ORIGIN,UNKNOWN,bam_interbank_oldest_1000_2026-08-10.csv; volume_mad_millions=2903.0; outstanding_mad_millions=3896; export has a middle gap
bam_interbank_weighted_average,2001-07-19,2001-07-20,2001-07-20,0.03819,current_official_historical_export,Bank Al-Maghrib,daily,decimal_rate,True,CONSERVATIVE_NEXT_ORIGIN,UNKNOWN,bam_interbank_oldest_1000_2026-08-10.csv; volume_mad_millions=2470.0; outstanding_mad_millions=3463; export has a middle gap
bam_interbank_weighted_average,2001-07-20,2001-07-21,2001-07-21,0.040970000000000006,current_official_historical_export,Bank Al-Maghrib,daily,decimal_rate,True,CONSERVATIVE_NEXT_ORIGIN,UNKNOWN,bam_interbank_oldest_1000_2026-08-10.csv; volume_mad_millions=2618.0; outstanding_mad_millions=3611; export has a middle gap
bam_interbank_weighted_average,2001-07-21,2001-07-22,2001-07-22,0.040970000000000006,current_official_historical_export,Bank Al-Maghrib,daily,decimal_rate,True,CONSERVATIVE_NEXT_ORIGIN,UNKNOWN,bam_interbank_oldest_1000_2026-08-10.csv; volume_mad_millions=0.0; outstanding_mad_millions=3611; export has a middle gap
bam_interbank_weighted_average,2001-07-22,2001-07-23,2001-07-23,0.040970000000000006,current_official_historical_export,Bank Al-Maghrib,daily,decimal_rate,True,CONSERVATIVE_NEXT_ORIGIN,UNKNOWN,bam_interbank_oldest_1000_2026-08-10.csv; volume_mad_millions=0.0; outstanding_mad_millions=3611; export has a middle gap
bam_interbank_weighted_average,2001-07-23,2001-07-24,2001-07-24,0.04916,current_official_historical_export,Bank Al-Maghrib,daily,decimal_rate,True,CONSERVATIVE_NEXT_ORIGIN,UNKNOWN,bam_interbank_oldest_1000_2026-08-10.csv; volume_mad_millions=1631.0; outstanding_mad_millions=2624; export has a middle gap
bam_interbank_weighted_average,2001-07-24,2001-07-25,2001-07-25,0.055990000000000005,current_official_historical_export,Bank Al-Maghrib,daily,decimal_rate,True,CONSERVATIVE_NEXT_ORIGIN,UNKNOWN,bam_interbank_oldest_1000_2026-08-10.csv; volume_mad_millions=3145.0; outstanding_mad_millions=4138; export has a middle gap
bam_interbank_weighted_average,2001-07-25,2001-07-26,2001-07-26,0.059519999999999997,current_official_historical_export,Bank Al-Maghrib,daily,decimal_rate,True,CONSERVATIVE_NEXT_ORIGIN,UNKNOWN,bam_interbank_oldest_1000_2026-08-10.csv; volume_mad_millions=2604.0; outstanding_mad_millions=3597; export has a middle gap
bam_interbank_weighted_average,2001-07-26,2001-07-27,2001-07-27,0.055940000000000004,current_official_historical_export,Bank Al-Maghrib,daily,decimal_rate,True,CONSERVATIVE_NEXT_ORIGIN,UNKNOWN,bam_interbank_oldest_1000_2026-08-10.csv; volume_mad_millions=1921.0; outstanding_mad_millions=2914; export has a middle gap
bam_interbank_weighted_average,2001-07-27,2001-07-28,2001-07-28,0.05769,current_official_historical_export,Bank Al-Maghrib,daily,decimal_rate,True,CONSERVATIVE_NEXT_ORIGIN,UNKNOWN,bam_interbank_oldest_1000_2026-08-10.csv; volume_mad_millions=2038.0; outstanding_mad_millions=3031; export has a middle gap
bam_interbank_weighted_average,2001-07-28,2001-07-29,2001-07-29,0.05769,current_official_historical_export,Bank Al-Maghrib,daily,decimal_rate,True,CONSERVATIVE_NEXT_ORIGIN,UNKNOWN,bam_interbank_oldest_1000_2026-08-10.csv; volume_mad_millions=0.0; outstanding_mad_millions=3031; export has a middle gap
bam_interbank_weighted_average,2001-07-29,2001-07-30,2001-07-30,0.05769,current_official_historical_export,Bank Al-Maghrib,daily,decimal_rate,True,CONSERVATIVE_NEXT_ORIGIN,UNKNOWN,bam_interbank_oldest_1000_2026-08-10.csv; volume_mad_millions=0.0; outstanding_mad_millions=3031; export has a middle gap
bam_interbank_weighted_average,2001-07-30,2001-07-31,2001-07-31,0.05769,current_official_historical_export,Bank Al-Maghrib,daily,decimal_rate,True,CONSERVATIVE_NEXT_ORIGIN,UNKNOWN,bam_interbank_oldest_1000_2026-08-10.csv; volume_mad_millions=0.0; outstanding_mad_millions=3031; export has a middle gap
bam_interbank_weighted_average,2001-07-31,2001-08-01,2001-08-01,0.05803,current_official_historical_export,Bank Al-Maghrib,daily,decimal_rate,True,CONSERVATIVE_NEXT_ORIGIN,UNKNOWN,bam_interbank_oldest_1000_2026-08-10.csv; volume_mad_millions=1664.0; outstanding_mad_millions=2657; export has a middle gap
bam_interbank_weighted_average,2001-08-01,2001-08-02,2001-08-02,0.05842,current_official_historical_export,Bank Al-Maghrib,daily,decimal_rate,True,CONSERVATIVE_NEXT_ORIGIN,UNKNOWN,bam_interbank_oldest_1000_2026-08-10.csv; volume_mad_millions=1606.0; outstanding_mad_millions=2549; export has a middle gap
bam_interbank_weighted_average,2001-08-02,2001-08-03,2001-08-03,0.05847,current_official_historical_export,Bank Al-Maghrib,daily,decimal_rate,True,CONSERVATIVE_NEXT_ORIGIN,UNKNOWN,bam_interbank_oldest_1000_2026-08-10.csv; volume_mad_millions=1197.0; outstanding_mad_millions=2140; export has a middle gap
bam_interbank_weighted_average,2001-08-03,2001-08-04,2001-08-04,0.05734,current_official_historical_export,Bank Al-Maghrib,daily,decimal_rate,True,CONSERVATIVE_NEXT_ORIGIN,UNKNOWN,bam_interbank_oldest_1000_2026-08-10.csv; volume_mad_millions=1331.0; outstanding_mad_millions=2274; export has a middle gap
bam_interbank_weighted_average,2001-08-04,2001-08-05,2001-08-05,0.05734,current_official_historical_export,Bank Al-Maghrib,daily,decimal_rate,True,CONSERVATIVE_NEXT_ORIGIN,UNKNOWN,bam_interbank_oldest_1000_2026-08-10.csv; volume_mad_millions=0.0; outstanding_mad_millions=2274; export has a middle gap
bam_interbank_weighted_average,2001-08-05,2001-08-06,2001-08-06,0.05734,current_official_historical_export,Bank Al-Maghrib,daily,decimal_rate,True,CONSERVATIVE_NEXT_ORIGIN,UNKNOWN,bam_interbank_oldest_1000_2026-08-10.csv; volume_mad_millions=0.0; outstanding_mad_millions=2274; export has a middle gap
bam_interbank_weighted_average,2001-08-06,2001-08-07,2001-08-07,0.05593,current_official_historical_export,Bank Al-Maghrib,daily,decimal_rate,True,CONSERVATIVE_NEXT_ORIGIN,UNKNOWN,bam_interbank_oldest_1000_2026-08-10.csv; volume_mad_millions=1388.0; outstanding_mad_millions=2421; export has a middle gap
bam_interbank_weighted_average,2001-08-07,2001-08-08,2001-08-08,0.054150000000000004,current_official_historical_export,Bank Al-Maghrib,daily,decimal_rate,True,CONSERVATIVE_NEXT_ORIGIN,UNKNOWN,bam_interbank_oldest_1000_2026-08-10.csv; volume_mad_millions=1675.0; outstanding_mad_millions=2708; export has a middle gap
bam_interbank_weighted_average,2001-08-08,2001-08-09,2001-08-09,0.052910000000000006,current_official_historical_export,Bank Al-Maghrib,daily,decimal_rate,True,CONSERVATIVE_NEXT_ORIGIN,UNKNOWN,bam_interbank_oldest_1000_2026-08-10.csv; volume_mad_millions=1918.0; outstanding_mad_millions=2951; export has a middle gap
bam_interbank_weighted_average,2001-08-09,2001-08-10,2001-08-10,0.05303,current_official_historical_export,Bank Al-Maghrib,daily,decimal_rate,True,CONSERVATIVE_NEXT_ORIGIN,UNKNOWN,bam_interbank_oldest_1000_2026-08-10.csv; volume_mad_millions=1799.0; outstanding_mad_millions=2832; export has a middle gap
bam_interbank_weighted_average,2001-08-10,2001-08-11,2001-08-11,0.05302,current_official_historical_export,Bank Al-Maghrib,daily,decimal_rate,True,CONSERVATIVE_NEXT_ORIGIN,UNKNOWN,bam_interbank_oldest_1000_2026-08-10.csv; volume_mad_millions=1865.0; outstanding_mad_millions=2898; export has a middle gap
bam_interbank_weighted_average,2001-08-11,2001-08-12,2001-08-12,0.05302,current_official_historical_export,Bank Al-Maghrib,daily,decimal_rate,True,CONSERVATIVE_NEXT_ORIGIN,UNKNOWN,bam_interbank_oldest_1000_2026-08-10.csv; volume_mad_millions=0.0; outstanding_mad_millions=2898; export has a middle gap
bam_interbank_weighted_average,2001-08-12,2001-08-13,2001-08-13,0.05302,current_official_historical_export,Bank Al-Maghrib,daily,decimal_rate,True,CONSERVATIVE_NEXT_ORIGIN,UNKNOWN,bam_interbank_oldest_1000_2026-08-10.csv; volume_mad_millions=0.0; outstanding_mad_millions=2898; export has a middle gap
bam_interbank_weighted_average,2001-08-13,2001-08-14,2001-08-14,0.052610000000000004,current_official_historical_export,Bank Al-Maghrib,daily,decimal_rate,True,CONSERVATIVE_NEXT_ORIGIN,UNKNOWN,bam_interbank_oldest_1000_2026-08-10.csv; volume_mad_millions=1769.0; outstanding_mad_millions=2852; export has a middle gap
bam_interbank_weighted_average,2001-08-14,2001-08-15,2001-08-15,0.052610000000000004,current_official_historical_export,Bank Al-Maghrib,daily,decimal_rate,True,CONSERVATIVE_NEXT_ORIGIN,UNKNOWN,bam_interbank_oldest_1000_2026-08-10.csv; volume_mad_millions=0.0; outstanding_mad_millions=2852; export has a middle gap
bam_interbank_weighted_average,2001-08-15,2001-08-16,2001-08-16,0.05122,current_official_historical_export,Bank Al-Maghrib,daily,decimal_rate,True,CONSERVATIVE_NEXT_ORIGIN,UNKNOWN,bam_interbank_oldest_1000_2026-08-10.csv; volume_mad_millions=1641.0; outstanding_mad_millions=2724; export has a middle gap
bam_interbank_weighted_average,2001-08-16,2001-08-17,2001-08-17,0.050469999999999994,current_official_historical_export,Bank Al-Maghrib,daily,decimal_rate,True,CONSERVATIVE_NEXT_ORIGIN,UNKNOWN,bam_interbank_oldest_1000_2026-08-10.csv; volume_mad_millions=1992.0; outstanding_mad_millions=3075; export has a middle gap
bam_interbank_weighted_average,2001-08-17,2001-08-18,2001-08-18,0.04932,current_official_historical_export,Bank Al-Maghrib,daily,decimal_rate,True,CONSERVATIVE_NEXT_ORIGIN,UNKNOWN,bam_interbank_oldest_1000_2026-08-10.csv; volume_mad_millions=1570.0; outstanding_mad_millions=2653; export has a middle gap
bam_interbank_weighted_average,2001-08-18,2001-08-19,2001-08-19,0.04932,current_official_historical_export,Bank Al-Maghrib,daily,decimal_rate,True,CONSERVATIVE_NEXT_ORIGIN,UNKNOWN,bam_interbank_oldest_1000_2026-08-10.csv; volume_mad_millions=0.0; outstanding_mad_millions=2653; export has a middle gap
bam_interbank_weighted_average,2001-08-19,2001-08-20,2001-08-20,0.04932,current_official_historical_export,Bank Al-Maghrib,daily,decimal_rate,True,CONSERVATIVE_NEXT_ORIGIN,UNKNOWN,bam_interbank_oldest_1000_2026-08-10.csv; volume_mad_millions=0.0; outstanding_mad_millions=2653; export has a middle gap
bam_interbank_weighted_average,2001-08-20,2001-08-21,2001-08-21,0.04932,current_official_historical_export,Bank Al-Maghrib,daily,decimal_rate,True,CONSERVATIVE_NEXT_ORIGIN,UNKNOWN,bam_interbank_oldest_1000_2026-08-10.csv; volume_mad_millions=0.0; outstanding_mad_millions=2653; export has a middle gap
bam_interbank_weighted_average,2001-08-21,2001-08-22,2001-08-22,0.04932,current_official_historical_export,Bank Al-Maghrib,daily,decimal_rate,True,CONSERVATIVE_NEXT_ORIGIN,UNKNOWN,bam_interbank_oldest_1000_2026-08-10.csv; volume_mad_millions=0.0; outstanding_mad_millions=2653; export has a middle gap
bam_interbank_weighted_average,2001-08-22,2001-08-23,2001-08-23,0.049080000000000006,current_official_historical_export,Bank Al-Maghrib,daily,decimal_rate,True,CONSERVATIVE_NEXT_ORIGIN,UNKNOWN,bam_interbank_oldest_1000_2026-08-10.csv; volume_mad_millions=1870.0; outstanding_mad_millions=2953; export has a middle gap
bam_interbank_weighted_average,2001-08-23,2001-08-24,2001-08-24,0.04931,current_official_historical_export,Bank Al-Maghrib,daily,decimal_rate,True,CONSERVATIVE_NEXT_ORIGIN,UNKNOWN,bam_interbank_oldest_1000_2026-08-10.csv; volume_mad_millions=2040.0; outstanding_mad_millions=3123; export has a middle gap
bam_interbank_weighted_average,2001-08-24,2001-08-25,2001-08-25,0.0478,current_official_historical_export,Bank Al-Maghrib,daily,decimal_rate,True,CONSERVATIVE_NEXT_ORIGIN,UNKNOWN,bam_interbank_oldest_1000_2026-08-10.csv; volume_mad_millions=3202.0; outstanding_mad_millions=4285; export has a middle gap
bam_interbank_weighted_average,2001-08-25,2001-08-26,2001-08-26,0.0478,current_official_historical_export,Bank Al-Maghrib,daily,decimal_rate,True,CONSERVATIVE_NEXT_ORIGIN,UNKNOWN,bam_interbank_oldest_1000_2026-08-10.csv; volume_mad_millions=0.0; outstanding_mad_millions=4285; export has a middle gap
bam_interbank_weighted_average,2001-08-26,2001-08-27,2001-08-27,0.0478,current_official_historical_export,Bank Al-Maghrib,daily,decimal_rate,True,CONSERVATIVE_NEXT_ORIGIN,UNKNOWN,bam_interbank_oldest_1000_2026-08-10.csv; volume_mad_millions=0.0; outstanding_mad_millions=4285; export has a middle gap
bam_interbank_weighted_average,2001-08-27,2001-08-28,2001-08-28,0.04748,current_official_historical_export,Bank Al-Maghrib,daily,decimal_rate,True,CONSERVATIVE_NEXT_ORIGIN,UNKNOWN,bam_interbank_oldest_1000_2026-08-10.csv; volume_mad_millions=3472.0; outstanding_mad_millions=4555; export has a middle gap
bam_interbank_weighted_average,2001-08-28,2001-08-29,2001-08-29,0.04758,current_official_historical_export,Bank Al-Maghrib,daily,decimal_rate,True,CONSERVATIVE_NEXT_ORIGIN,UNKNOWN,bam_interbank_oldest_1000_2026-08-10.csv; volume_mad_millions=3680.0; outstanding_mad_millions=4763; export has a middle gap
bam_interbank_weighted_average,2001-08-29,2001-08-30,2001-08-30,0.04686,current_official_historical_export,Bank Al-Maghrib,daily,decimal_rate,True,CONSERVATIVE_NEXT_ORIGIN,UNKNOWN,bam_interbank_oldest_1000_2026-08-10.csv; volume_mad_millions=3929.0; outstanding_mad_millions=5012; export has a middle gap
bam_interbank_weighted_average,2001-08-30,2001-08-31,2001-08-31,0.044809999999999996,current_official_historical_export,Bank Al-Maghrib,daily,decimal_rate,True,CONSERVATIVE_NEXT_ORIGIN,UNKNOWN,bam_interbank_oldest_1000_2026-08-10.csv; volume_mad_millions=3150.0; outstanding_mad_millions=4283; export has a middle gap
bam_interbank_weighted_average,2001-08-31,2001-09-01,2001-09-01,0.03871,current_official_historical_export,Bank Al-Maghrib,daily,decimal_rate,True,CONSERVATIVE_NEXT_ORIGIN,UNKNOWN,bam_interbank_oldest_1000_2026-08-10.csv; volume_mad_millions=2849.0; outstanding_mad_millions=4062; export has a middle gap
bam_interbank_weighted_average,2001-09-01,2001-09-02,2001-09-02,0.03871,current_official_historical_export,Bank Al-Maghrib,daily,decimal_rate,True,CONSERVATIVE_NEXT_ORIGIN,UNKNOWN,bam_interbank_oldest_1000_2026-08-10.csv; volume_mad_millions=0.0; outstanding_mad_millions=4062; export has a middle gap
bam_interbank_weighted_average,2001-09-02,2001-09-03,2001-09-03,0.03871,current_official_historical_export,Bank Al-Maghrib,daily,decimal_rate,True,CONSERVATIVE_NEXT_ORIGIN,UNKNOWN,bam_interbank_oldest_1000_2026-08-10.csv; volume_mad_millions=0.0; outstanding_mad_millions=4062; export has a middle gap
bam_interbank_weighted_average,2001-09-03,2001-09-04,2001-09-04,0.04113000000000001,current_official_historical_export,Bank Al-Maghrib,daily,decimal_rate,True,CONSERVATIVE_NEXT_ORIGIN,UNKNOWN,bam_interbank_oldest_1000_2026-08-10.csv; volume_mad_millions=3137.0; outstanding_mad_millions=4250; export has a middle gap
bam_interbank_weighted_average,2001-09-04,2001-09-05,2001-09-05,0.04075,current_official_historical_export,Bank Al-Maghrib,daily,decimal_rate,True,CONSERVATIVE_NEXT_ORIGIN,UNKNOWN,bam_interbank_oldest_1000_2026-08-10.csv; volume_mad_millions=2658.0; outstanding_mad_millions=3771; export has a middle gap
bam_interbank_weighted_average,2001-09-05,2001-09-06,2001-09-06,0.03899,current_official_historical_export,Bank Al-Maghrib,daily,decimal_rate,True,CONSERVATIVE_NEXT_ORIGIN,UNKNOWN,bam_interbank_oldest_1000_2026-08-10.csv; volume_mad_millions=2901.0; outstanding_mad_millions=4014; export has a middle gap
bam_interbank_weighted_average,2001-09-06,2001-09-07,2001-09-07,0.038239999999999996,current_official_historical_export,Bank Al-Maghrib,daily,decimal_rate,True,CONSERVATIVE_NEXT_ORIGIN,UNKNOWN,bam_interbank_oldest_1000_2026-08-10.csv; volume_mad_millions=3100.0; outstanding_mad_millions=4173; export has a middle gap
bam_interbank_weighted_average,2001-09-07,2001-09-08,2001-09-08,0.03617,current_official_historical_export,Bank Al-Maghrib,daily,decimal_rate,True,CONSERVATIVE_NEXT_ORIGIN,UNKNOWN,bam_interbank_oldest_1000_2026-08-10.csv; volume_mad_millions=3355.0; outstanding_mad_millions=4428; export has a middle gap
bam_interbank_weighted_average,2001-09-08,2001-09-09,2001-09-09,0.03617,current_official_historical_export,Bank Al-Maghrib,daily,decimal_rate,True,CONSERVATIVE_NEXT_ORIGIN,UNKNOWN,bam_interbank_oldest_1000_2026-08-10.csv; volume_mad_millions=0.0; outstanding_mad_millions=4428; export has a middle gap
bam_interbank_weighted_average,2001-09-09,2001-09-10,2001-09-10,0.03617,current_official_historical_export,Bank Al-Maghrib,daily,decimal_rate,True,CONSERVATIVE_NEXT_ORIGIN,UNKNOWN,bam_interbank_oldest_1000_2026-08-10.csv; volume_mad_millions=0.0; outstanding_mad_millions=4428; export has a middle gap
bam_interbank_weighted_average,2001-09-10,2001-09-11,2001-09-11,0.036230000000000005,current_official_historical_export,Bank Al-Maghrib,daily,decimal_rate,True,CONSERVATIVE_NEXT_ORIGIN,UNKNOWN,bam_interbank_oldest_1000_2026-08-10.csv; volume_mad_millions=3061.0; outstanding_mad_millions=4184; export has a middle gap
bam_interbank_weighted_average,2001-09-11,2001-09-12,2001-09-12,0.03804,current_official_historical_export,Bank Al-Maghrib,daily,decimal_rate,True,CONSERVATIVE_NEXT_ORIGIN,UNKNOWN,bam_interbank_oldest_1000_2026-08-10.csv; volume_mad_millions=1433.0; outstanding_mad_millions=2856; export has a middle gap
bam_interbank_weighted_average,2001-09-12,2001-09-13,2001-09-13,0.03231,current_official_historical_export,Bank Al-Maghrib,daily,decimal_rate,True,CONSERVATIVE_NEXT_ORIGIN,UNKNOWN,bam_interbank_oldest_1000_2026-08-10.csv; volume_mad_millions=2424.0; outstanding_mad_millions=3797; export has a middle gap
bam_interbank_weighted_average,2001-09-13,2001-09-14,2001-09-14,0.03258,current_official_historical_export,Bank Al-Maghrib,daily,decimal_rate,True,CONSERVATIVE_NEXT_ORIGIN,UNKNOWN,bam_interbank_oldest_1000_2026-08-10.csv; volume_mad_millions=2718.0; outstanding_mad_millions=4061; export has a middle gap
bam_interbank_weighted_average,2001-09-14,2001-09-15,2001-09-15,0.03433,current_official_historical_export,Bank Al-Maghrib,daily,decimal_rate,True,CONSERVATIVE_NEXT_ORIGIN,UNKNOWN,bam_interbank_oldest_1000_2026-08-10.csv; volume_mad_millions=2907.0; outstanding_mad_millions=4250; export has a middle gap
bam_interbank_weighted_average,2001-09-15,2001-09-16,2001-09-16,0.03433,current_official_historical_export,Bank Al-Maghrib,daily,decimal_rate,True,CONSERVATIVE_NEXT_ORIGIN,UNKNOWN,bam_interbank_oldest_1000_2026-08-10.csv; volume_mad_millions=0.0; outstanding_mad_millions=4250; export has a middle gap
bam_interbank_weighted_average,2001-09-16,2001-09-17,2001-09-17,0.03433,current_official_historical_export,Bank Al-Maghrib,daily,decimal_rate,True,CONSERVATIVE_NEXT_ORIGIN,UNKNOWN,bam_interbank_oldest_1000_2026-08-10.csv; volume_mad_millions=0.0; outstanding_mad_millions=4250; export has a middle gap
bam_interbank_weighted_average,2001-09-17,2001-09-18,2001-09-18,0.03438,current_official_historical_export,Bank Al-Maghrib,daily,decimal_rate,True,CONSERVATIVE_NEXT_ORIGIN,UNKNOWN,bam_interbank_oldest_1000_2026-08-10.csv; volume_mad_millions=3662.0; outstanding_mad_millions=5005; export has a middle gap
bam_interbank_weighted_average,2001-09-18,2001-09-19,2001-09-19,0.03357,current_official_historical_export,Bank Al-Maghrib,daily,decimal_rate,True,CONSERVATIVE_NEXT_ORIGIN,UNKNOWN,bam_interbank_oldest_1000_2026-08-10.csv; volume_mad_millions=2689.0; outstanding_mad_millions=4032; export has a middle gap
bam_interbank_weighted_average,2001-09-19,2001-09-20,2001-09-20,0.03159,current_official_historical_export,Bank Al-Maghrib,daily,decimal_rate,True,CONSERVATIVE_NEXT_ORIGIN,UNKNOWN,bam_interbank_oldest_1000_2026-08-10.csv; volume_mad_millions=2465.0; outstanding_mad_millions=3858; export has a middle gap
bam_interbank_weighted_average,2001-09-20,2001-09-21,2001-09-21,0.03154,current_official_historical_export,Bank Al-Maghrib,daily,decimal_rate,True,CONSERVATIVE_NEXT_ORIGIN,UNKNOWN,bam_interbank_oldest_1000_2026-08-10.csv; volume_mad_millions=2158.0; outstanding_mad_millions=3551; export has a middle gap
bam_interbank_weighted_average,2001-09-21,2001-09-22,2001-09-22,0.03113,current_official_historical_export,Bank Al-Maghrib,daily,decimal_rate,True,CONSERVATIVE_NEXT_ORIGIN,UNKNOWN,bam_interbank_oldest_1000_2026-08-10.csv; volume_mad_millions=2213.0; outstanding_mad_millions=3606; export has a middle gap
bam_interbank_weighted_average,2001-09-22,2001-09-23,2001-09-23,0.03113,current_official_historical_export,Bank Al-Maghrib,daily,decimal_rate,True,CONSERVATIVE_NEXT_ORIGIN,UNKNOWN,bam_interbank_oldest_1000_2026-08-10.csv; volume_mad_millions=0.0; outstanding_mad_millions=3606; export has a middle gap
bam_interbank_weighted_average,2001-09-23,2001-09-24,2001-09-24,0.03113,current_official_historical_export,Bank Al-Maghrib,daily,decimal_rate,True,CONSERVATIVE_NEXT_ORIGIN,UNKNOWN,bam_interbank_oldest_1000_2026-08-10.csv; volume_mad_millions=0.0; outstanding_mad_millions=3606; export has a middle gap
bam_interbank_weighted_average,2001-09-24,2001-09-25,2001-09-25,0.0329,current_official_historical_export,Bank Al-Maghrib,daily,decimal_rate,True,CONSERVATIVE_NEXT_ORIGIN,UNKNOWN,bam_interbank_oldest_1000_2026-08-10.csv; volume_mad_millions=1831.0; outstanding_mad_millions=3224; export has a middle gap
bam_interbank_weighted_average,2001-09-25,2001-09-26,2001-09-26,0.033620000000000004,current_official_historical_export,Bank Al-Maghrib,daily,decimal_rate,True,CONSERVATIVE_NEXT_ORIGIN,UNKNOWN,bam_interbank_oldest_1000_2026-08-10.csv; volume_mad_millions=1796.0; outstanding_mad_millions=3189; export has a middle gap
bam_interbank_weighted_average,2001-09-26,2001-09-27,2001-09-27,0.03476,current_official_historical_export,Bank Al-Maghrib,daily,decimal_rate,True,CONSERVATIVE_NEXT_ORIGIN,UNKNOWN,bam_interbank_oldest_1000_2026-08-10.csv; volume_mad_millions=1625.0; outstanding_mad_millions=3018; export has a middle gap
bam_interbank_weighted_average,2001-09-27,2001-09-28,2001-09-28,0.03399,current_official_historical_export,Bank Al-Maghrib,daily,decimal_rate,True,CONSERVATIVE_NEXT_ORIGIN,UNKNOWN,bam_interbank_oldest_1000_2026-08-10.csv; volume_mad_millions=1959.0; outstanding_mad_millions=3352; export has a middle gap
bam_interbank_weighted_average,2001-09-28,2001-09-29,2001-09-29,0.030270000000000002,current_official_historical_export,Bank Al-Maghrib,daily,decimal_rate,True,CONSERVATIVE_NEXT_ORIGIN,UNKNOWN,bam_interbank_oldest_1000_2026-08-10.csv; volume_mad_millions=2513.0; outstanding_mad_millions=3906; export has a middle gap
bam_interbank_weighted_average,2001-09-29,2001-09-30,2001-09-30,0.030270000000000002,current_official_historical_export,Bank Al-Maghrib,daily,decimal_rate,True,CONSERVATIVE_NEXT_ORIGIN,UNKNOWN,bam_interbank_oldest_1000_2026-08-10.csv; volume_mad_millions=0.0; outstanding_mad_millions=3906; export has a middle gap
bam_interbank_weighted_average,2001-09-30,2001-10-01,2001-10-01,0.030270000000000002,current_official_historical_export,Bank Al-Maghrib,daily,decimal_rate,True,CONSERVATIVE_NEXT_ORIGIN,UNKNOWN,bam_interbank_oldest_1000_2026-08-10.csv; volume_mad_millions=0.0; outstanding_mad_millions=3906; export has a middle gap
bam_interbank_weighted_average,2001-10-01,2001-10-02,2001-10-02,0.03537,current_official_historical_export,Bank Al-Maghrib,daily,decimal_rate,True,CONSERVATIVE_NEXT_ORIGIN,UNKNOWN,bam_interbank_oldest_1000_2026-08-10.csv; volume_mad_millions=1494.0; outstanding_mad_millions=2737; export has a middle gap
bam_interbank_weighted_average,2001-10-02,2001-10-03,2001-10-03,0.03417,current_official_historical_export,Bank Al-Maghrib,daily,decimal_rate,True,CONSERVATIVE_NEXT_ORIGIN,UNKNOWN,bam_interbank_oldest_1000_2026-08-10.csv; volume_mad_millions=1582.0; outstanding_mad_millions=2825; export has a middle gap
bam_interbank_weighted_average,2001-10-03,2001-10-04,2001-10-04,0.03833,current_official_historical_export,Bank Al-Maghrib,daily,decimal_rate,True,CONSERVATIVE_NEXT_ORIGIN,UNKNOWN,bam_interbank_oldest_1000_2026-08-10.csv; volume_mad_millions=1412.0; outstanding_mad_millions=2655; export has a middle gap
bam_interbank_weighted_average,2001-10-04,2001-10-05,2001-10-05,0.03889,current_official_historical_export,Bank Al-Maghrib,daily,decimal_rate,True,CONSERVATIVE_NEXT_ORIGIN,UNKNOWN,bam_interbank_oldest_1000_2026-08-10.csv; volume_mad_millions=1359.0; outstanding_mad_millions=2602; export has a middle gap
bam_interbank_weighted_average,2001-10-05,2001-10-06,2001-10-06,0.03621,current_official_historical_export,Bank Al-Maghrib,daily,decimal_rate,True,CONSERVATIVE_NEXT_ORIGIN,UNKNOWN,bam_interbank_oldest_1000_2026-08-10.csv; volume_mad_millions=1598.0; outstanding_mad_millions=2841; export has a middle gap
bam_interbank_weighted_average,2001-10-06,2001-10-07,2001-10-07,0.03621,current_official_historical_export,Bank Al-Maghrib,daily,decimal_rate,True,CONSERVATIVE_NEXT_ORIGIN,UNKNOWN,bam_interbank_oldest_1000_2026-08-10.csv; volume_mad_millions=0.0; outstanding_mad_millions=2841; export has a middle gap
bam_interbank_weighted_average,2001-10-07,2001-10-08,2001-10-08,0.03621,current_official_historical_export,Bank Al-Maghrib,daily,decimal_rate,True,CONSERVATIVE_NEXT_ORIGIN,UNKNOWN,bam_interbank_oldest_1000_2026-08-10.csv; volume_mad_millions=0.0; outstanding_mad_millions=2841; export has a middle gap
bam_interbank_weighted_average,2001-10-08,2001-10-09,2001-10-09,0.03379,current_official_historical_export,Bank Al-Maghrib,daily,decimal_rate,True,CONSERVATIVE_NEXT_ORIGIN,UNKNOWN,bam_interbank_oldest_1000_2026-08-10.csv; volume_mad_millions=1650.0; outstanding_mad_millions=3143; export has a middle gap
bam_interbank_weighted_average,2001-10-09,2001-10-10,2001-10-10,0.03352,current_official_historical_export,Bank Al-Maghrib,daily,decimal_rate,True,CONSERVATIVE_NEXT_ORIGIN,UNKNOWN,bam_interbank_oldest_1000_2026-08-10.csv; volume_mad_millions=1620.0; outstanding_mad_millions=3113; export has a middle gap
bam_interbank_weighted_average,2001-10-10,2001-10-11,2001-10-11,0.03283,current_official_historical_export,Bank Al-Maghrib,daily,decimal_rate,True,CONSERVATIVE_NEXT_ORIGIN,UNKNOWN,bam_interbank_oldest_1000_2026-08-10.csv; volume_mad_millions=1657.0; outstanding_mad_millions=3150; export has a middle gap
bam_interbank_weighted_average,2001-10-11,2001-10-12,2001-10-12,0.033460000000000004,current_official_historical_export,Bank Al-Maghrib,daily,decimal_rate,True,CONSERVATIVE_NEXT_ORIGIN,UNKNOWN,bam_interbank_oldest_1000_2026-08-10.csv; volume_mad_millions=2003.0; outstanding_mad_millions=3196; export has a middle gap
bam_interbank_weighted_average,2001-10-12,2001-10-13,2001-10-13,0.03451,current_official_historical_export,Bank Al-Maghrib,daily,decimal_rate,True,CONSERVATIVE_NEXT_ORIGIN,UNKNOWN,bam_interbank_oldest_1000_2026-08-10.csv; volume_mad_millions=1731.0; outstanding_mad_millions=2924; export has a middle gap
bam_interbank_weighted_average,2001-10-13,2001-10-14,2001-10-14,0.03451,current_official_historical_export,Bank Al-Maghrib,daily,decimal_rate,True,CONSERVATIVE_NEXT_ORIGIN,UNKNOWN,bam_interbank_oldest_1000_2026-08-10.csv; volume_mad_millions=0.0; outstanding_mad_millions=2924; export has a middle gap
bam_interbank_weighted_average,2001-10-14,2001-10-15,2001-10-15,0.03451,current_official_historical_export,Bank Al-Maghrib,daily,decimal_rate,True,CONSERVATIVE_NEXT_ORIGIN,UNKNOWN,bam_interbank_oldest_1000_2026-08-10.csv; volume_mad_millions=0.0; outstanding_mad_millions=2924; export has a middle gap
bam_interbank_weighted_average,2001-10-15,2001-10-16,2001-10-16,0.034769999999999995,current_official_historical_export,Bank Al-Maghrib,daily,decimal_rate,True,CONSERVATIVE_NEXT_ORIGIN,UNKNOWN,bam_interbank_oldest_1000_2026-08-10.csv; volume_mad_millions=1506.0; outstanding_mad_millions=2699; export has a middle gap
bam_interbank_weighted_average,2001-10-16,2001-10-17,2001-10-17,0.0335,current_official_historical_export,Bank Al-Maghrib,daily,decimal_rate,True,CONSERVATIVE_NEXT_ORIGIN,UNKNOWN,bam_interbank_oldest_1000_2026-08-10.csv; volume_mad_millions=1719.0; outstanding_mad_millions=2862; export has a middle gap
bam_interbank_weighted_average,2001-10-17,2001-10-18,2001-10-18,0.03307,current_official_historical_export,Bank Al-Maghrib,daily,decimal_rate,True,CONSERVATIVE_NEXT_ORIGIN,UNKNOWN,bam_interbank_oldest_1000_2026-08-10.csv; volume_mad_millions=2042.0; outstanding_mad_millions=3185; export has a middle gap
bam_interbank_weighted_average,2001-10-18,2001-10-19,2001-10-19,0.034460000000000005,current_official_historical_export,Bank Al-Maghrib,daily,decimal_rate,True,CONSERVATIVE_NEXT_ORIGIN,UNKNOWN,bam_interbank_oldest_1000_2026-08-10.csv; volume_mad_millions=1537.0; outstanding_mad_millions=2680; export has a middle gap
bam_interbank_weighted_average,2001-10-19,2001-10-20,2001-10-20,0.03333,current_official_historical_export,Bank Al-Maghrib,daily,decimal_rate,True,CONSERVATIVE_NEXT_ORIGIN,UNKNOWN,bam_interbank_oldest_1000_2026-08-10.csv; volume_mad_millions=1601.0; outstanding_mad_millions=2744; export has a middle gap
bam_interbank_weighted_average,2001-10-20,2001-10-21,2001-10-21,0.03333,current_official_historical_export,Bank Al-Maghrib,daily,decimal_rate,True,CONSERVATIVE_NEXT_ORIGIN,UNKNOWN,bam_interbank_oldest_1000_2026-08-10.csv; volume_mad_millions=0.0; outstanding_mad_millions=2744; export has a middle gap
bam_interbank_weighted_average,2001-10-21,2001-10-22,2001-10-22,0.03333,current_official_historical_export,Bank Al-Maghrib,daily,decimal_rate,True,CONSERVATIVE_NEXT_ORIGIN,UNKNOWN,bam_interbank_oldest_1000_2026-08-10.csv; volume_mad_millions=0.0; outstanding_mad_millions=2744; export has a middle gap
bam_interbank_weighted_average,2001-10-22,2001-10-23,2001-10-23,0.03713,current_official_historical_export,Bank Al-Maghrib,daily,decimal_rate,True,CONSERVATIVE_NEXT_ORIGIN,UNKNOWN,bam_interbank_oldest_1000_2026-08-10.csv; volume_mad_millions=1043.0; outstanding_mad_millions=2194; export has a middle gap
bam_interbank_weighted_average,2001-10-23,2001-10-24,2001-10-24,0.037469999999999996,current_official_historical_export,Bank Al-Maghrib,daily,decimal_rate,True,CONSERVATIVE_NEXT_ORIGIN,UNKNOWN,bam_interbank_oldest_1000_2026-08-10.csv; volume_mad_millions=1085.0; outstanding_mad_millions=2236; export has a middle gap
bam_interbank_weighted_average,2001-10-24,2001-10-25,2001-10-25,0.037759999999999995,current_official_historical_export,Bank Al-Maghrib,daily,decimal_rate,True,CONSERVATIVE_NEXT_ORIGIN,UNKNOWN,bam_interbank_oldest_1000_2026-08-10.csv; volume_mad_millions=1084.0; outstanding_mad_millions=2235; export has a middle gap
bam_interbank_weighted_average,2001-10-25,2001-10-26,2001-10-26,0.03657,current_official_historical_export,Bank Al-Maghrib,daily,decimal_rate,True,CONSERVATIVE_NEXT_ORIGIN,UNKNOWN,bam_interbank_oldest_1000_2026-08-10.csv; volume_mad_millions=1052.0; outstanding_mad_millions=2203; export has a middle gap
bam_interbank_weighted_average,2001-10-26,2001-10-27,2001-10-27,0.03616,current_official_historical_export,Bank Al-Maghrib,daily,decimal_rate,True,CONSERVATIVE_NEXT_ORIGIN,UNKNOWN,bam_interbank_oldest_1000_2026-08-10.csv; volume_mad_millions=1055.0; outstanding_mad_millions=2206; export has a middle gap
bam_interbank_weighted_average,2001-10-27,2001-10-28,2001-10-28,0.03616,current_official_historical_export,Bank Al-Maghrib,daily,decimal_rate,True,CONSERVATIVE_NEXT_ORIGIN,UNKNOWN,bam_interbank_oldest_1000_2026-08-10.csv; volume_mad_millions=0.0; outstanding_mad_millions=2206; export has a middle gap
bam_interbank_weighted_average,2001-10-28,2001-10-29,2001-10-29,0.03616,current_official_historical_export,Bank Al-Maghrib,daily,decimal_rate,True,CONSERVATIVE_NEXT_ORIGIN,UNKNOWN,bam_interbank_oldest_1000_2026-08-10.csv; volume_mad_millions=0.0; outstanding_mad_millions=2206; export has a middle gap
bam_interbank_weighted_average,2001-10-29,2001-10-30,2001-10-30,0.03688,current_official_historical_export,Bank Al-Maghrib,daily,decimal_rate,True,CONSERVATIVE_NEXT_ORIGIN,UNKNOWN,bam_interbank_oldest_1000_2026-08-10.csv; volume_mad_millions=1026.0; outstanding_mad_millions=2177; export has a middle gap
bam_interbank_weighted_average,2001-10-30,2001-10-31,2001-10-31,0.03149,current_official_historical_export,Bank Al-Maghrib,daily,decimal_rate,True,CONSERVATIVE_NEXT_ORIGIN,UNKNOWN,bam_interbank_oldest_1000_2026-08-10.csv; volume_mad_millions=1255.0; outstanding_mad_millions=2406; export has a middle gap
bam_interbank_weighted_average,2001-10-31,2001-11-01,2001-11-01,0.02881,current_official_historical_export,Bank Al-Maghrib,daily,decimal_rate,True,CONSERVATIVE_NEXT_ORIGIN,UNKNOWN,bam_interbank_oldest_1000_2026-08-10.csv; volume_mad_millions=1276.0; outstanding_mad_millions=2427; export has a middle gap
bam_interbank_weighted_average,2001-11-01,2001-11-02,2001-11-02,0.027290000000000002,current_official_historical_export,Bank Al-Maghrib,daily,decimal_rate,True,CONSERVATIVE_NEXT_ORIGIN,UNKNOWN,bam_interbank_oldest_1000_2026-08-10.csv; volume_mad_millions=1519.0; outstanding_mad_millions=2620; export has a middle gap
bam_interbank_weighted_average,2001-11-02,2001-11-03,2001-11-03,0.03144,current_official_historical_export,Bank Al-Maghrib,daily,decimal_rate,True,CONSERVATIVE_NEXT_ORIGIN,UNKNOWN,bam_interbank_oldest_1000_2026-08-10.csv; volume_mad_millions=1319.0; outstanding_mad_millions=2420; export has a middle gap
bam_interbank_weighted_average,2001-11-03,2001-11-04,2001-11-04,0.03144,current_official_historical_export,Bank Al-Maghrib,daily,decimal_rate,True,CONSERVATIVE_NEXT_ORIGIN,UNKNOWN,bam_interbank_oldest_1000_2026-08-10.csv; volume_mad_millions=0.0; outstanding_mad_millions=2420; export has a middle gap
bam_interbank_weighted_average,2001-11-04,2001-11-05,2001-11-05,0.03144,current_official_historical_export,Bank Al-Maghrib,daily,decimal_rate,True,CONSERVATIVE_NEXT_ORIGIN,UNKNOWN,bam_interbank_oldest_1000_2026-08-10.csv; volume_mad_millions=0.0; outstanding_mad_millions=2420; export has a middle gap
bam_interbank_weighted_average,2001-11-05,2001-11-06,2001-11-06,0.03388,current_official_historical_export,Bank Al-Maghrib,daily,decimal_rate,True,CONSERVATIVE_NEXT_ORIGIN,UNKNOWN,bam_interbank_oldest_1000_2026-08-10.csv; volume_mad_millions=1240.0; outstanding_mad_millions=2341; export has a middle gap
bam_interbank_weighted_average,2001-11-07,2001-11-08,2001-11-08,0.03418,current_official_historical_export,Bank Al-Maghrib,daily,decimal_rate,True,CONSERVATIVE_NEXT_ORIGIN,UNKNOWN,bam_interbank_oldest_1000_2026-08-10.csv; volume_mad_millions=1179.0; outstanding_mad_millions=2280; export has a middle gap
bam_interbank_weighted_average,2001-11-08,2001-11-09,2001-11-09,0.03504,current_official_historical_export,Bank Al-Maghrib,daily,decimal_rate,True,CONSERVATIVE_NEXT_ORIGIN,UNKNOWN,bam_interbank_oldest_1000_2026-08-10.csv; volume_mad_millions=1063.0; outstanding_mad_millions=2254; export has a middle gap
bam_interbank_weighted_average,2001-11-09,2001-11-10,2001-11-10,0.03475,current_official_historical_export,Bank Al-Maghrib,daily,decimal_rate,True,CONSERVATIVE_NEXT_ORIGIN,UNKNOWN,bam_interbank_oldest_1000_2026-08-10.csv; volume_mad_millions=1066.0; outstanding_mad_millions=2257; export has a middle gap
bam_interbank_weighted_average,2001-11-10,2001-11-11,2001-11-11,0.03475,current_official_historical_export,Bank Al-Maghrib,daily,decimal_rate,True,CONSERVATIVE_NEXT_ORIGIN,UNKNOWN,bam_interbank_oldest_1000_2026-08-10.csv; volume_mad_millions=0.0; outstanding_mad_millions=2257; export has a middle gap
bam_interbank_weighted_average,2001-11-11,2001-11-12,2001-11-12,0.03475,current_official_historical_export,Bank Al-Maghrib,daily,decimal_rate,True,CONSERVATIVE_NEXT_ORIGIN,UNKNOWN,bam_interbank_oldest_1000_2026-08-10.csv; volume_mad_millions=0.0; outstanding_mad_millions=2257; export has a middle gap
bam_interbank_weighted_average,2001-11-12,2001-11-13,2001-11-13,0.03504,current_official_historical_export,Bank Al-Maghrib,daily,decimal_rate,True,CONSERVATIVE_NEXT_ORIGIN,UNKNOWN,bam_interbank_oldest_1000_2026-08-10.csv; volume_mad_millions=1218.0; outstanding_mad_millions=2309; export has a middle gap
bam_interbank_weighted_average,2001-11-13,2001-11-14,2001-11-14,0.03588,current_official_historical_export,Bank Al-Maghrib,daily,decimal_rate,True,CONSERVATIVE_NEXT_ORIGIN,UNKNOWN,bam_interbank_oldest_1000_2026-08-10.csv; volume_mad_millions=1267.0; outstanding_mad_millions=2268; export has a middle gap
bam_interbank_weighted_average,2001-11-14,2001-11-15,2001-11-15,0.03634,current_official_historical_export,Bank Al-Maghrib,daily,decimal_rate,True,CONSERVATIVE_NEXT_ORIGIN,UNKNOWN,bam_interbank_oldest_1000_2026-08-10.csv; volume_mad_millions=1277.0; outstanding_mad_millions=2278; export has a middle gap
bam_interbank_weighted_average,2001-11-15,2001-11-16,2001-11-16,0.03598,current_official_historical_export,Bank Al-Maghrib,daily,decimal_rate,True,CONSERVATIVE_NEXT_ORIGIN,UNKNOWN,bam_interbank_oldest_1000_2026-08-10.csv; volume_mad_millions=1290.0; outstanding_mad_millions=2291; export has a middle gap
bam_interbank_weighted_average,2001-11-16,2001-11-17,2001-11-17,0.03596,current_official_historical_export,Bank Al-Maghrib,daily,decimal_rate,True,CONSERVATIVE_NEXT_ORIGIN,UNKNOWN,bam_interbank_oldest_1000_2026-08-10.csv; volume_mad_millions=1107.0; outstanding_mad_millions=2108; export has a middle gap
bam_interbank_weighted_average,2001-11-17,2001-11-18,2001-11-18,0.03596,current_official_historical_export,Bank Al-Maghrib,daily,decimal_rate,True,CONSERVATIVE_NEXT_ORIGIN,UNKNOWN,bam_interbank_oldest_1000_2026-08-10.csv; volume_mad_millions=0.0; outstanding_mad_millions=2108; export has a middle gap
bam_interbank_weighted_average,2001-11-18,2001-11-19,2001-11-19,0.03596,current_official_historical_export,Bank Al-Maghrib,daily,decimal_rate,True,CONSERVATIVE_NEXT_ORIGIN,UNKNOWN,bam_interbank_oldest_1000_2026-08-10.csv; volume_mad_millions=0.0; outstanding_mad_millions=2108; export has a middle gap
bam_interbank_weighted_average,2001-11-19,2001-11-20,2001-11-20,0.03373,current_official_historical_export,Bank Al-Maghrib,daily,decimal_rate,True,CONSERVATIVE_NEXT_ORIGIN,UNKNOWN,bam_interbank_oldest_1000_2026-08-10.csv; volume_mad_millions=1226.0; outstanding_mad_millions=2177; export has a middle gap
bam_interbank_weighted_average,2001-11-20,2001-11-21,2001-11-21,0.0361,current_official_historical_export,Bank Al-Maghrib,daily,decimal_rate,True,CONSERVATIVE_NEXT_ORIGIN,UNKNOWN,bam_interbank_oldest_1000_2026-08-10.csv; volume_mad_millions=1077.0; outstanding_mad_millions=2028; export has a middle gap
bam_interbank_weighted_average,2001-11-21,2001-11-22,2001-11-22,0.035769999999999996,current_official_historical_export,Bank Al-Maghrib,daily,decimal_rate,True,CONSERVATIVE_NEXT_ORIGIN,UNKNOWN,bam_interbank_oldest_1000_2026-08-10.csv; volume_mad_millions=1082.0; outstanding_mad_millions=2033; export has a middle gap
bam_interbank_weighted_average,2001-11-22,2001-11-23,2001-11-23,0.03567,current_official_historical_export,Bank Al-Maghrib,daily,decimal_rate,True,CONSERVATIVE_NEXT_ORIGIN,UNKNOWN,bam_interbank_oldest_1000_2026-08-10.csv; volume_mad_millions=1067.0; outstanding_mad_millions=2018; export has a middle gap
bam_interbank_weighted_average,2001-11-23,2001-11-24,2001-11-24,0.0354,current_official_historical_export,Bank Al-Maghrib,daily,decimal_rate,True,CONSERVATIVE_NEXT_ORIGIN,UNKNOWN,bam_interbank_oldest_1000_2026-08-10.csv; volume_mad_millions=1032.0; outstanding_mad_millions=1983; export has a middle gap
bam_interbank_weighted_average,2001-11-24,2001-11-25,2001-11-25,0.0354,current_official_historical_export,Bank Al-Maghrib,daily,decimal_rate,True,CONSERVATIVE_NEXT_ORIGIN,UNKNOWN,bam_interbank_oldest_1000_2026-08-10.csv; volume_mad_millions=0.0; outstanding_mad_millions=1983; export has a middle gap
bam_interbank_weighted_average,2001-11-25,2001-11-26,2001-11-26,0.0354,current_official_historical_export,Bank Al-Maghrib,daily,decimal_rate,True,CONSERVATIVE_NEXT_ORIGIN,UNKNOWN,bam_interbank_oldest_1000_2026-08-10.csv; volume_mad_millions=0.0; outstanding_mad_millions=1983; export has a middle gap
bam_interbank_weighted_average,2001-11-26,2001-11-27,2001-11-27,0.03601,current_official_historical_export,Bank Al-Maghrib,daily,decimal_rate,True,CONSERVATIVE_NEXT_ORIGIN,UNKNOWN,bam_interbank_oldest_1000_2026-08-10.csv; volume_mad_millions=1016.0; outstanding_mad_millions=2067; export has a middle gap
bam_interbank_weighted_average,2001-11-27,2001-11-28,2001-11-28,0.03632,current_official_historical_export,Bank Al-Maghrib,daily,decimal_rate,True,CONSERVATIVE_NEXT_ORIGIN,UNKNOWN,bam_interbank_oldest_1000_2026-08-10.csv; volume_mad_millions=1018.0; outstanding_mad_millions=2069; export has a middle gap
bam_interbank_weighted_average,2001-11-28,2001-11-29,2001-11-29,0.03589,current_official_historical_export,Bank Al-Maghrib,daily,decimal_rate,True,CONSERVATIVE_NEXT_ORIGIN,UNKNOWN,bam_interbank_oldest_1000_2026-08-10.csv; volume_mad_millions=1000.0; outstanding_mad_millions=2051; export has a middle gap
bam_interbank_weighted_average,2001-11-29,2001-11-30,2001-11-30,0.03481,current_official_historical_export,Bank Al-Maghrib,daily,decimal_rate,True,CONSERVATIVE_NEXT_ORIGIN,UNKNOWN,bam_interbank_oldest_1000_2026-08-10.csv; volume_mad_millions=1013.0; outstanding_mad_millions=2064; export has a middle gap
bam_interbank_weighted_average,2001-11-30,2001-12-01,2001-12-01,0.0353,current_official_historical_export,Bank Al-Maghrib,daily,decimal_rate,True,CONSERVATIVE_NEXT_ORIGIN,UNKNOWN,bam_interbank_oldest_1000_2026-08-10.csv; volume_mad_millions=979.0; outstanding_mad_millions=2030; export has a middle gap
bam_interbank_weighted_average,2001-12-01,2001-12-02,2001-12-02,0.0353,current_official_historical_export,Bank Al-Maghrib,daily,decimal_rate,True,CONSERVATIVE_NEXT_ORIGIN,UNKNOWN,bam_interbank_oldest_1000_2026-08-10.csv; volume_mad_millions=0.0; outstanding_mad_millions=2030; export has a middle gap
bam_interbank_weighted_average,2001-12-02,2001-12-03,2001-12-03,0.0353,current_official_historical_export,Bank Al-Maghrib,daily,decimal_rate,True,CONSERVATIVE_NEXT_ORIGIN,UNKNOWN,bam_interbank_oldest_1000_2026-08-10.csv; volume_mad_millions=0.0; outstanding_mad_millions=2030; export has a middle gap
bam_interbank_weighted_average,2001-12-03,2001-12-04,2001-12-04,0.03116,current_official_historical_export,Bank Al-Maghrib,daily,decimal_rate,True,CONSERVATIVE_NEXT_ORIGIN,UNKNOWN,bam_interbank_oldest_1000_2026-08-10.csv; volume_mad_millions=1391.0; outstanding_mad_millions=2342; export has a middle gap
bam_interbank_weighted_average,2001-12-04,2001-12-05,2001-12-05,0.03256,current_official_historical_export,Bank Al-Maghrib,daily,decimal_rate,True,CONSERVATIVE_NEXT_ORIGIN,UNKNOWN,bam_interbank_oldest_1000_2026-08-10.csv; volume_mad_millions=1545.0; outstanding_mad_millions=2496; export has a middle gap
bam_interbank_weighted_average,2001-12-05,2001-12-06,2001-12-06,0.03338,current_official_historical_export,Bank Al-Maghrib,daily,decimal_rate,True,CONSERVATIVE_NEXT_ORIGIN,UNKNOWN,bam_interbank_oldest_1000_2026-08-10.csv; volume_mad_millions=1492.0; outstanding_mad_millions=2443; export has a middle gap
bam_interbank_weighted_average,2001-12-06,2001-12-07,2001-12-07,0.03456,current_official_historical_export,Bank Al-Maghrib,daily,decimal_rate,True,CONSERVATIVE_NEXT_ORIGIN,UNKNOWN,bam_interbank_oldest_1000_2026-08-10.csv; volume_mad_millions=1555.0; outstanding_mad_millions=2506; export has a middle gap
bam_interbank_weighted_average,2001-12-07,2001-12-08,2001-12-08,0.03312,current_official_historical_export,Bank Al-Maghrib,daily,decimal_rate,True,CONSERVATIVE_NEXT_ORIGIN,UNKNOWN,bam_interbank_oldest_1000_2026-08-10.csv; volume_mad_millions=1791.0; outstanding_mad_millions=2742; export has a middle gap
bam_interbank_weighted_average,2001-12-10,2001-12-11,2001-12-11,0.03335,current_official_historical_export,Bank Al-Maghrib,daily,decimal_rate,True,CONSERVATIVE_NEXT_ORIGIN,UNKNOWN,bam_interbank_oldest_1000_2026-08-10.csv; volume_mad_millions=1758.0; outstanding_mad_millions=2709; export has a middle gap
bam_interbank_weighted_average,2001-12-11,2001-12-12,2001-12-12,0.031110000000000002,current_official_historical_export,Bank Al-Maghrib,daily,decimal_rate,True,CONSERVATIVE_NEXT_ORIGIN,UNKNOWN,bam_interbank_oldest_1000_2026-08-10.csv; volume_mad_millions=2182.0; outstanding_mad_millions=3133; export has a middle gap
bam_interbank_weighted_average,2001-12-12,2001-12-13,2001-12-13,0.0322,current_official_historical_export,Bank Al-Maghrib,daily,decimal_rate,True,CONSERVATIVE_NEXT_ORIGIN,UNKNOWN,bam_interbank_oldest_1000_2026-08-10.csv; volume_mad_millions=1778.0; outstanding_mad_millions=2729; export has a middle gap
bam_interbank_weighted_average,2001-12-13,2001-12-14,2001-12-14,0.03149,current_official_historical_export,Bank Al-Maghrib,daily,decimal_rate,True,CONSERVATIVE_NEXT_ORIGIN,UNKNOWN,bam_interbank_oldest_1000_2026-08-10.csv; volume_mad_millions=1991.0; outstanding_mad_millions=2942; export has a middle gap
bam_interbank_weighted_average,2001-12-14,2001-12-15,2001-12-15,0.03169,current_official_historical_export,Bank Al-Maghrib,daily,decimal_rate,True,CONSERVATIVE_NEXT_ORIGIN,UNKNOWN,bam_interbank_oldest_1000_2026-08-10.csv; volume_mad_millions=1837.0; outstanding_mad_millions=2788; export has a middle gap
bam_interbank_weighted_average,2001-12-15,2001-12-16,2001-12-16,0.03169,current_official_historical_export,Bank Al-Maghrib,daily,decimal_rate,True,CONSERVATIVE_NEXT_ORIGIN,UNKNOWN,bam_interbank_oldest_1000_2026-08-10.csv; volume_mad_millions=0.0; outstanding_mad_millions=2788; export has a middle gap
bam_interbank_weighted_average,2001-12-16,2001-12-17,2001-12-17,0.03169,current_official_historical_export,Bank Al-Maghrib,daily,decimal_rate,True,CONSERVATIVE_NEXT_ORIGIN,UNKNOWN,bam_interbank_oldest_1000_2026-08-10.csv; volume_mad_millions=0.0; outstanding_mad_millions=2788; export has a middle gap
bam_interbank_weighted_average,2001-12-17,2001-12-18,2001-12-18,0.03169,current_official_historical_export,Bank Al-Maghrib,daily,decimal_rate,True,CONSERVATIVE_NEXT_ORIGIN,UNKNOWN,bam_interbank_oldest_1000_2026-08-10.csv; volume_mad_millions=0.0; outstanding_mad_millions=2788; export has a middle gap
bam_interbank_weighted_average,2001-12-18,2001-12-19,2001-12-19,0.03169,current_official_historical_export,Bank Al-Maghrib,daily,decimal_rate,True,CONSERVATIVE_NEXT_ORIGIN,UNKNOWN,bam_interbank_oldest_1000_2026-08-10.csv; volume_mad_millions=0.0; outstanding_mad_millions=2788; export has a middle gap
bam_interbank_weighted_average,2001-12-19,2001-12-20,2001-12-20,0.03366,current_official_historical_export,Bank Al-Maghrib,daily,decimal_rate,True,CONSERVATIVE_NEXT_ORIGIN,UNKNOWN,bam_interbank_oldest_1000_2026-08-10.csv; volume_mad_millions=2583.0; outstanding_mad_millions=3534; export has a middle gap
bam_interbank_weighted_average,2001-12-20,2001-12-21,2001-12-21,0.033530000000000004,current_official_historical_export,Bank Al-Maghrib,daily,decimal_rate,True,CONSERVATIVE_NEXT_ORIGIN,UNKNOWN,bam_interbank_oldest_1000_2026-08-10.csv; volume_mad_millions=2709.0; outstanding_mad_millions=3700; export has a middle gap
bam_interbank_weighted_average,2001-12-21,2001-12-22,2001-12-22,0.03471,current_official_historical_export,Bank Al-Maghrib,daily,decimal_rate,True,CONSERVATIVE_NEXT_ORIGIN,UNKNOWN,bam_interbank_oldest_1000_2026-08-10.csv; volume_mad_millions=1813.0; outstanding_mad_millions=2804; export has a middle gap
bam_interbank_weighted_average,2001-12-22,2001-12-23,2001-12-23,0.03471,current_official_historical_export,Bank Al-Maghrib,daily,decimal_rate,True,CONSERVATIVE_NEXT_ORIGIN,UNKNOWN,bam_interbank_oldest_1000_2026-08-10.csv; volume_mad_millions=0.0; outstanding_mad_millions=2804; export has a middle gap
bam_interbank_weighted_average,2001-12-23,2001-12-24,2001-12-24,0.03471,current_official_historical_export,Bank Al-Maghrib,daily,decimal_rate,True,CONSERVATIVE_NEXT_ORIGIN,UNKNOWN,bam_interbank_oldest_1000_2026-08-10.csv; volume_mad_millions=0.0; outstanding_mad_millions=2804; export has a middle gap
bam_interbank_weighted_average,2001-12-24,2001-12-25,2001-12-25,0.03424,current_official_historical_export,Bank Al-Maghrib,daily,decimal_rate,True,CONSERVATIVE_NEXT_ORIGIN,UNKNOWN,bam_interbank_oldest_1000_2026-08-10.csv; volume_mad_millions=1521.0; outstanding_mad_millions=2512; export has a middle gap
bam_interbank_weighted_average,2001-12-25,2001-12-26,2001-12-26,0.03138,current_official_historical_export,Bank Al-Maghrib,daily,decimal_rate,True,CONSERVATIVE_NEXT_ORIGIN,UNKNOWN,bam_interbank_oldest_1000_2026-08-10.csv; volume_mad_millions=1787.0; outstanding_mad_millions=2742; export has a middle gap
bam_interbank_weighted_average,2001-12-26,2001-12-27,2001-12-27,0.031110000000000002,current_official_historical_export,Bank Al-Maghrib,daily,decimal_rate,True,CONSERVATIVE_NEXT_ORIGIN,UNKNOWN,bam_interbank_oldest_1000_2026-08-10.csv; volume_mad_millions=1568.0; outstanding_mad_millions=2523; export has a middle gap
bam_interbank_weighted_average,2001-12-27,2001-12-28,2001-12-28,0.02771,current_official_historical_export,Bank Al-Maghrib,daily,decimal_rate,True,CONSERVATIVE_NEXT_ORIGIN,UNKNOWN,bam_interbank_oldest_1000_2026-08-10.csv; volume_mad_millions=1761.0; outstanding_mad_millions=2627; export has a middle gap
bam_interbank_weighted_average,2001-12-28,2001-12-29,2001-12-29,0.02954,current_official_historical_export,Bank Al-Maghrib,daily,decimal_rate,True,CONSERVATIVE_NEXT_ORIGIN,UNKNOWN,bam_interbank_oldest_1000_2026-08-10.csv; volume_mad_millions=1685.0; outstanding_mad_millions=2490; export has a middle gap
bam_interbank_weighted_average,2001-12-29,2001-12-30,2001-12-30,0.02954,current_official_historical_export,Bank Al-Maghrib,daily,decimal_rate,True,CONSERVATIVE_NEXT_ORIGIN,UNKNOWN,bam_interbank_oldest_1000_2026-08-10.csv; volume_mad_millions=0.0; outstanding_mad_millions=2490; export has a middle gap
bam_interbank_weighted_average,2001-12-30,2001-12-31,2001-12-31,0.02954,current_official_historical_export,Bank Al-Maghrib,daily,decimal_rate,True,CONSERVATIVE_NEXT_ORIGIN,UNKNOWN,bam_interbank_oldest_1000_2026-08-10.csv; volume_mad_millions=0.0; outstanding_mad_millions=2490; export has a middle gap
bam_interbank_weighted_average,2001-12-31,2002-01-01,2002-01-01,0.027759999999999996,current_official_historical_export,Bank Al-Maghrib,daily,decimal_rate,True,CONSERVATIVE_NEXT_ORIGIN,UNKNOWN,bam_interbank_oldest_1000_2026-08-10.csv; volume_mad_millions=1203.0; outstanding_mad_millions=2418; export has a middle gap
bam_interbank_weighted_average,2002-01-01,2002-01-02,2002-01-02,0.027759999999999996,current_official_historical_export,Bank Al-Maghrib,daily,decimal_rate,True,CONSERVATIVE_NEXT_ORIGIN,UNKNOWN,bam_interbank_oldest_1000_2026-08-10.csv; volume_mad_millions=0.0; outstanding_mad_millions=2418; export has a middle gap
bam_interbank_weighted_average,2002-01-02,2002-01-03,2002-01-03,0.0273,current_official_historical_export,Bank Al-Maghrib,daily,decimal_rate,True,CONSERVATIVE_NEXT_ORIGIN,UNKNOWN,bam_interbank_oldest_1000_2026-08-10.csv; volume_mad_millions=876.0; outstanding_mad_millions=2091; export has a middle gap
bam_interbank_weighted_average,2002-01-03,2002-01-04,2002-01-04,0.01969,current_official_historical_export,Bank Al-Maghrib,daily,decimal_rate,True,CONSERVATIVE_NEXT_ORIGIN,UNKNOWN,bam_interbank_oldest_1000_2026-08-10.csv; volume_mad_millions=424.0; outstanding_mad_millions=2139; export has a middle gap
bam_interbank_weighted_average,2002-01-04,2002-01-05,2002-01-05,0.02096,current_official_historical_export,Bank Al-Maghrib,daily,decimal_rate,True,CONSERVATIVE_NEXT_ORIGIN,UNKNOWN,bam_interbank_oldest_1000_2026-08-10.csv; volume_mad_millions=505.0; outstanding_mad_millions=2220; export has a middle gap
bam_interbank_weighted_average,2002-01-05,2002-01-06,2002-01-06,0.02096,current_official_historical_export,Bank Al-Maghrib,daily,decimal_rate,True,CONSERVATIVE_NEXT_ORIGIN,UNKNOWN,bam_interbank_oldest_1000_2026-08-10.csv; volume_mad_millions=0.0; outstanding_mad_millions=2220; export has a middle gap
bam_interbank_weighted_average,2002-01-06,2002-01-07,2002-01-07,0.02096,current_official_historical_export,Bank Al-Maghrib,daily,decimal_rate,True,CONSERVATIVE_NEXT_ORIGIN,UNKNOWN,bam_interbank_oldest_1000_2026-08-10.csv; volume_mad_millions=0.0; outstanding_mad_millions=2220; export has a middle gap
bam_interbank_weighted_average,2002-01-07,2002-01-08,2002-01-08,0.03407,current_official_historical_export,Bank Al-Maghrib,daily,decimal_rate,True,CONSERVATIVE_NEXT_ORIGIN,UNKNOWN,bam_interbank_oldest_1000_2026-08-10.csv; volume_mad_millions=301.0; outstanding_mad_millions=2016; export has a middle gap
bam_interbank_weighted_average,2002-01-08,2002-01-09,2002-01-09,0.030950000000000002,current_official_historical_export,Bank Al-Maghrib,daily,decimal_rate,True,CONSERVATIVE_NEXT_ORIGIN,UNKNOWN,bam_interbank_oldest_1000_2026-08-10.csv; volume_mad_millions=454.0; outstanding_mad_millions=2169; export has a middle gap
bam_interbank_weighted_average,2002-01-09,2002-01-10,2002-01-10,0.03467,current_official_historical_export,Bank Al-Maghrib,daily,decimal_rate,True,CONSERVATIVE_NEXT_ORIGIN,UNKNOWN,bam_interbank_oldest_1000_2026-08-10.csv; volume_mad_millions=253.0; outstanding_mad_millions=1468; export has a middle gap
bam_interbank_weighted_average,2002-01-10,2002-01-11,2002-01-11,0.03146,current_official_historical_export,Bank Al-Maghrib,daily,decimal_rate,True,CONSERVATIVE_NEXT_ORIGIN,UNKNOWN,bam_interbank_oldest_1000_2026-08-10.csv; volume_mad_millions=176.0; outstanding_mad_millions=1391; export has a middle gap
bam_interbank_weighted_average,2002-01-11,2002-01-12,2002-01-12,0.03146,current_official_historical_export,Bank Al-Maghrib,daily,decimal_rate,True,CONSERVATIVE_NEXT_ORIGIN,UNKNOWN,bam_interbank_oldest_1000_2026-08-10.csv; volume_mad_millions=0.0; outstanding_mad_millions=1391; export has a middle gap
bam_interbank_weighted_average,2002-01-12,2002-01-13,2002-01-13,0.03146,current_official_historical_export,Bank Al-Maghrib,daily,decimal_rate,True,CONSERVATIVE_NEXT_ORIGIN,UNKNOWN,bam_interbank_oldest_1000_2026-08-10.csv; volume_mad_millions=0.0; outstanding_mad_millions=1391; export has a middle gap
bam_interbank_weighted_average,2002-01-13,2002-01-14,2002-01-14,0.03146,current_official_historical_export,Bank Al-Maghrib,daily,decimal_rate,True,CONSERVATIVE_NEXT_ORIGIN,UNKNOWN,bam_interbank_oldest_1000_2026-08-10.csv; volume_mad_millions=0.0; outstanding_mad_millions=1391; export has a middle gap
bam_interbank_weighted_average,2002-01-14,2002-01-15,2002-01-15,0.03069,current_official_historical_export,Bank Al-Maghrib,daily,decimal_rate,True,CONSERVATIVE_NEXT_ORIGIN,UNKNOWN,bam_interbank_oldest_1000_2026-08-10.csv; volume_mad_millions=423.0; outstanding_mad_millions=1638; export has a middle gap
bam_interbank_weighted_average,2002-01-15,2002-01-16,2002-01-16,0.026690000000000002,current_official_historical_export,Bank Al-Maghrib,daily,decimal_rate,True,CONSERVATIVE_NEXT_ORIGIN,UNKNOWN,bam_interbank_oldest_1000_2026-08-10.csv; volume_mad_millions=378.0; outstanding_mad_millions=1593; export has a middle gap
bam_interbank_weighted_average,2002-01-16,2002-01-17,2002-01-17,0.02934,current_official_historical_export,Bank Al-Maghrib,daily,decimal_rate,True,CONSERVATIVE_NEXT_ORIGIN,UNKNOWN,bam_interbank_oldest_1000_2026-08-10.csv; volume_mad_millions=247.0; outstanding_mad_millions=1462; export has a middle gap
bam_interbank_weighted_average,2002-01-17,2002-01-18,2002-01-18,0.03134,current_official_historical_export,Bank Al-Maghrib,daily,decimal_rate,True,CONSERVATIVE_NEXT_ORIGIN,UNKNOWN,bam_interbank_oldest_1000_2026-08-10.csv; volume_mad_millions=174.0; outstanding_mad_millions=1389; export has a middle gap
bam_interbank_weighted_average,2002-01-18,2002-01-19,2002-01-19,0.03279,current_official_historical_export,Bank Al-Maghrib,daily,decimal_rate,True,CONSERVATIVE_NEXT_ORIGIN,UNKNOWN,bam_interbank_oldest_1000_2026-08-10.csv; volume_mad_millions=122.0; outstanding_mad_millions=1337; export has a middle gap
bam_interbank_weighted_average,2002-01-19,2002-01-20,2002-01-20,0.03279,current_official_historical_export,Bank Al-Maghrib,daily,decimal_rate,True,CONSERVATIVE_NEXT_ORIGIN,UNKNOWN,bam_interbank_oldest_1000_2026-08-10.csv; volume_mad_millions=0.0; outstanding_mad_millions=1337; export has a middle gap
bam_interbank_weighted_average,2002-01-20,2002-01-21,2002-01-21,0.03279,current_official_historical_export,Bank Al-Maghrib,daily,decimal_rate,True,CONSERVATIVE_NEXT_ORIGIN,UNKNOWN,bam_interbank_oldest_1000_2026-08-10.csv; volume_mad_millions=0.0; outstanding_mad_millions=1337; export has a middle gap
bam_interbank_weighted_average,2002-01-21,2002-01-22,2002-01-22,0.02856,current_official_historical_export,Bank Al-Maghrib,daily,decimal_rate,True,CONSERVATIVE_NEXT_ORIGIN,UNKNOWN,bam_interbank_oldest_1000_2026-08-10.csv; volume_mad_millions=368.0; outstanding_mad_millions=1583; export has a middle gap
bam_interbank_weighted_average,2002-01-22,2002-01-23,2002-01-23,0.03058,current_official_historical_export,Bank Al-Maghrib,daily,decimal_rate,True,CONSERVATIVE_NEXT_ORIGIN,UNKNOWN,bam_interbank_oldest_1000_2026-08-10.csv; volume_mad_millions=428.0; outstanding_mad_millions=1603; export has a middle gap
bam_interbank_weighted_average,2002-01-23,2002-01-24,2002-01-24,0.031400000000000004,current_official_historical_export,Bank Al-Maghrib,daily,decimal_rate,True,CONSERVATIVE_NEXT_ORIGIN,UNKNOWN,bam_interbank_oldest_1000_2026-08-10.csv; volume_mad_millions=159.0; outstanding_mad_millions=1334; export has a middle gap
bam_interbank_weighted_average,2002-01-24,2002-01-25,2002-01-25,0.03084,current_official_historical_export,Bank Al-Maghrib,daily,decimal_rate,True,CONSERVATIVE_NEXT_ORIGIN,UNKNOWN,bam_interbank_oldest_1000_2026-08-10.csv; volume_mad_millions=158.0; outstanding_mad_millions=1333; export has a middle gap
bam_interbank_weighted_average,2002-01-25,2002-01-26,2002-01-26,0.032639999999999995,current_official_historical_export,Bank Al-Maghrib,daily,decimal_rate,True,CONSERVATIVE_NEXT_ORIGIN,UNKNOWN,bam_interbank_oldest_1000_2026-08-10.csv; volume_mad_millions=89.0; outstanding_mad_millions=1264; export has a middle gap
bam_interbank_weighted_average,2002-01-26,2002-01-27,2002-01-27,0.032639999999999995,current_official_historical_export,Bank Al-Maghrib,daily,decimal_rate,True,CONSERVATIVE_NEXT_ORIGIN,UNKNOWN,bam_interbank_oldest_1000_2026-08-10.csv; volume_mad_millions=0.0; outstanding_mad_millions=1264; export has a middle gap
bam_interbank_weighted_average,2002-01-27,2002-01-28,2002-01-28,0.032639999999999995,current_official_historical_export,Bank Al-Maghrib,daily,decimal_rate,True,CONSERVATIVE_NEXT_ORIGIN,UNKNOWN,bam_interbank_oldest_1000_2026-08-10.csv; volume_mad_millions=0.0; outstanding_mad_millions=1264; export has a middle gap
bam_interbank_weighted_average,2002-01-28,2002-01-29,2002-01-29,0.031059999999999997,current_official_historical_export,Bank Al-Maghrib,daily,decimal_rate,True,CONSERVATIVE_NEXT_ORIGIN,UNKNOWN,bam_interbank_oldest_1000_2026-08-10.csv; volume_mad_millions=119.0; outstanding_mad_millions=1294; export has a middle gap
bam_interbank_weighted_average,2002-01-29,2002-01-30,2002-01-30,0.030670000000000003,current_official_historical_export,Bank Al-Maghrib,daily,decimal_rate,True,CONSERVATIVE_NEXT_ORIGIN,UNKNOWN,bam_interbank_oldest_1000_2026-08-10.csv; volume_mad_millions=152.0; outstanding_mad_millions=1327; export has a middle gap
bam_interbank_weighted_average,2002-01-30,2002-01-31,2002-01-31,0.02928,current_official_historical_export,Bank Al-Maghrib,daily,decimal_rate,True,CONSERVATIVE_NEXT_ORIGIN,UNKNOWN,bam_interbank_oldest_1000_2026-08-10.csv; volume_mad_millions=199.0; outstanding_mad_millions=1374; export has a middle gap
bam_interbank_weighted_average,2002-01-31,2002-02-01,2002-02-01,0.02817,current_official_historical_export,Bank Al-Maghrib,daily,decimal_rate,True,CONSERVATIVE_NEXT_ORIGIN,UNKNOWN,bam_interbank_oldest_1000_2026-08-10.csv; volume_mad_millions=203.0; outstanding_mad_millions=1378; export has a middle gap
bam_interbank_weighted_average,2002-02-01,2002-02-02,2002-02-02,0.03124,current_official_historical_export,Bank Al-Maghrib,daily,decimal_rate,True,CONSERVATIVE_NEXT_ORIGIN,UNKNOWN,bam_interbank_oldest_1000_2026-08-10.csv; volume_mad_millions=127.0; outstanding_mad_millions=1352; export has a middle gap
bam_interbank_weighted_average,2002-02-02,2002-02-03,2002-02-03,0.03124,current_official_historical_export,Bank Al-Maghrib,daily,decimal_rate,True,CONSERVATIVE_NEXT_ORIGIN,UNKNOWN,bam_interbank_oldest_1000_2026-08-10.csv; volume_mad_millions=0.0; outstanding_mad_millions=1352; export has a middle gap
bam_interbank_weighted_average,2002-02-03,2002-02-04,2002-02-04,0.03124,current_official_historical_export,Bank Al-Maghrib,daily,decimal_rate,True,CONSERVATIVE_NEXT_ORIGIN,UNKNOWN,bam_interbank_oldest_1000_2026-08-10.csv; volume_mad_millions=0.0; outstanding_mad_millions=1352; export has a middle gap
bam_interbank_weighted_average,2002-02-04,2002-02-05,2002-02-05,0.03089,current_official_historical_export,Bank Al-Maghrib,daily,decimal_rate,True,CONSERVATIVE_NEXT_ORIGIN,UNKNOWN,bam_interbank_oldest_1000_2026-08-10.csv; volume_mad_millions=250.0; outstanding_mad_millions=1475; export has a middle gap
bam_interbank_weighted_average,2002-02-05,2002-02-06,2002-02-06,0.03242,current_official_historical_export,Bank Al-Maghrib,daily,decimal_rate,True,CONSERVATIVE_NEXT_ORIGIN,UNKNOWN,bam_interbank_oldest_1000_2026-08-10.csv; volume_mad_millions=133.0; outstanding_mad_millions=1358; export has a middle gap
bam_interbank_weighted_average,2002-02-06,2002-02-07,2002-02-07,0.03195,current_official_historical_export,Bank Al-Maghrib,daily,decimal_rate,True,CONSERVATIVE_NEXT_ORIGIN,UNKNOWN,bam_interbank_oldest_1000_2026-08-10.csv; volume_mad_millions=189.0; outstanding_mad_millions=1414; export has a middle gap
bam_interbank_weighted_average,2002-02-07,2002-02-08,2002-02-08,0.03216,current_official_historical_export,Bank Al-Maghrib,daily,decimal_rate,True,CONSERVATIVE_NEXT_ORIGIN,UNKNOWN,bam_interbank_oldest_1000_2026-08-10.csv; volume_mad_millions=170.0; outstanding_mad_millions=1395; export has a middle gap
bam_interbank_weighted_average,2002-02-08,2002-02-09,2002-02-09,0.03181,current_official_historical_export,Bank Al-Maghrib,daily,decimal_rate,True,CONSERVATIVE_NEXT_ORIGIN,UNKNOWN,bam_interbank_oldest_1000_2026-08-10.csv; volume_mad_millions=208.0; outstanding_mad_millions=1433; export has a middle gap
bam_interbank_weighted_average,2002-02-09,2002-02-10,2002-02-10,0.03181,current_official_historical_export,Bank Al-Maghrib,daily,decimal_rate,True,CONSERVATIVE_NEXT_ORIGIN,UNKNOWN,bam_interbank_oldest_1000_2026-08-10.csv; volume_mad_millions=0.0; outstanding_mad_millions=1433; export has a middle gap
bam_interbank_weighted_average,2002-02-10,2002-02-11,2002-02-11,0.03181,current_official_historical_export,Bank Al-Maghrib,daily,decimal_rate,True,CONSERVATIVE_NEXT_ORIGIN,UNKNOWN,bam_interbank_oldest_1000_2026-08-10.csv; volume_mad_millions=0.0; outstanding_mad_millions=1433; export has a middle gap
bam_interbank_weighted_average,2002-02-11,2002-02-12,2002-02-12,0.03182,current_official_historical_export,Bank Al-Maghrib,daily,decimal_rate,True,CONSERVATIVE_NEXT_ORIGIN,UNKNOWN,bam_interbank_oldest_1000_2026-08-10.csv; volume_mad_millions=217.0; outstanding_mad_millions=1442; export has a middle gap
bam_interbank_weighted_average,2002-02-12,2002-02-13,2002-02-13,0.03181,current_official_historical_export,Bank Al-Maghrib,daily,decimal_rate,True,CONSERVATIVE_NEXT_ORIGIN,UNKNOWN,bam_interbank_oldest_1000_2026-08-10.csv; volume_mad_millions=214.0; outstanding_mad_millions=1439; export has a middle gap
bam_interbank_weighted_average,2002-02-13,2002-02-14,2002-02-14,0.03196,current_official_historical_export,Bank Al-Maghrib,daily,decimal_rate,True,CONSERVATIVE_NEXT_ORIGIN,UNKNOWN,bam_interbank_oldest_1000_2026-08-10.csv; volume_mad_millions=193.0; outstanding_mad_millions=1418; export has a middle gap
bam_interbank_weighted_average,2002-02-14,2002-02-15,2002-02-15,0.03175,current_official_historical_export,Bank Al-Maghrib,daily,decimal_rate,True,CONSERVATIVE_NEXT_ORIGIN,UNKNOWN,bam_interbank_oldest_1000_2026-08-10.csv; volume_mad_millions=207.0; outstanding_mad_millions=1432; export has a middle gap
bam_interbank_weighted_average,2002-02-15,2002-02-16,2002-02-16,0.03235,current_official_historical_export,Bank Al-Maghrib,daily,decimal_rate,True,CONSERVATIVE_NEXT_ORIGIN,UNKNOWN,bam_interbank_oldest_1000_2026-08-10.csv; volume_mad_millions=338.0; outstanding_mad_millions=1563; export has a middle gap
bam_interbank_weighted_average,2002-02-16,2002-02-17,2002-02-17,0.03235,current_official_historical_export,Bank Al-Maghrib,daily,decimal_rate,True,CONSERVATIVE_NEXT_ORIGIN,UNKNOWN,bam_interbank_oldest_1000_2026-08-10.csv; volume_mad_millions=0.0; outstanding_mad_millions=1563; export has a middle gap
bam_interbank_weighted_average,2002-02-17,2002-02-18,2002-02-18,0.03235,current_official_historical_export,Bank Al-Maghrib,daily,decimal_rate,True,CONSERVATIVE_NEXT_ORIGIN,UNKNOWN,bam_interbank_oldest_1000_2026-08-10.csv; volume_mad_millions=0.0; outstanding_mad_millions=1563; export has a middle gap
bam_interbank_weighted_average,2002-02-18,2002-02-19,2002-02-19,0.04011,current_official_historical_export,Bank Al-Maghrib,daily,decimal_rate,True,CONSERVATIVE_NEXT_ORIGIN,UNKNOWN,bam_interbank_oldest_1000_2026-08-10.csv; volume_mad_millions=902.0; outstanding_mad_millions=2127; export has a middle gap
bam_interbank_weighted_average,2002-02-21,2002-02-22,2002-02-22,0.02641,current_official_historical_export,Bank Al-Maghrib,daily,decimal_rate,True,CONSERVATIVE_NEXT_ORIGIN,UNKNOWN,bam_interbank_oldest_1000_2026-08-10.csv; volume_mad_millions=238.0; outstanding_mad_millions=1225; export has a middle gap
bam_interbank_weighted_average,2002-02-22,2002-02-23,2002-02-23,0.02932,current_official_historical_export,Bank Al-Maghrib,daily,decimal_rate,True,CONSERVATIVE_NEXT_ORIGIN,UNKNOWN,bam_interbank_oldest_1000_2026-08-10.csv; volume_mad_millions=513.0; outstanding_mad_millions=1738; export has a middle gap
bam_interbank_weighted_average,2002-02-26,2002-02-27,2002-02-27,0.03133,current_official_historical_export,Bank Al-Maghrib,daily,decimal_rate,True,CONSERVATIVE_NEXT_ORIGIN,UNKNOWN,bam_interbank_oldest_1000_2026-08-10.csv; volume_mad_millions=255.0; outstanding_mad_millions=1480; export has a middle gap
bam_interbank_weighted_average,2002-02-27,2002-02-28,2002-02-28,0.03248,current_official_historical_export,Bank Al-Maghrib,daily,decimal_rate,True,CONSERVATIVE_NEXT_ORIGIN,UNKNOWN,bam_interbank_oldest_1000_2026-08-10.csv; volume_mad_millions=143.0; outstanding_mad_millions=1368; export has a middle gap
bam_interbank_weighted_average,2002-02-28,2002-03-01,2002-03-01,0.03172,current_official_historical_export,Bank Al-Maghrib,daily,decimal_rate,True,CONSERVATIVE_NEXT_ORIGIN,UNKNOWN,bam_interbank_oldest_1000_2026-08-10.csv; volume_mad_millions=235.0; outstanding_mad_millions=1460; export has a middle gap
bam_interbank_weighted_average,2002-03-01,2002-03-02,2002-03-02,0.0305,current_official_historical_export,Bank Al-Maghrib,daily,decimal_rate,True,CONSERVATIVE_NEXT_ORIGIN,UNKNOWN,bam_interbank_oldest_1000_2026-08-10.csv; volume_mad_millions=257.0; outstanding_mad_millions=1482; export has a middle gap
bam_interbank_weighted_average,2002-03-02,2002-03-03,2002-03-03,0.0305,current_official_historical_export,Bank Al-Maghrib,daily,decimal_rate,True,CONSERVATIVE_NEXT_ORIGIN,UNKNOWN,bam_interbank_oldest_1000_2026-08-10.csv; volume_mad_millions=0.0; outstanding_mad_millions=1482; export has a middle gap
bam_interbank_weighted_average,2002-03-03,2002-03-04,2002-03-04,0.0305,current_official_historical_export,Bank Al-Maghrib,daily,decimal_rate,True,CONSERVATIVE_NEXT_ORIGIN,UNKNOWN,bam_interbank_oldest_1000_2026-08-10.csv; volume_mad_millions=0.0; outstanding_mad_millions=1482; export has a middle gap
bam_interbank_weighted_average,2002-03-04,2002-03-05,2002-03-05,0.03162,current_official_historical_export,Bank Al-Maghrib,daily,decimal_rate,True,CONSERVATIVE_NEXT_ORIGIN,UNKNOWN,bam_interbank_oldest_1000_2026-08-10.csv; volume_mad_millions=476.0; outstanding_mad_millions=1701; export has a middle gap
bam_interbank_weighted_average,2002-03-05,2002-03-06,2002-03-06,0.03139,current_official_historical_export,Bank Al-Maghrib,daily,decimal_rate,True,CONSERVATIVE_NEXT_ORIGIN,UNKNOWN,bam_interbank_oldest_1000_2026-08-10.csv; volume_mad_millions=474.0; outstanding_mad_millions=1699; export has a middle gap
bam_interbank_weighted_average,2002-03-06,2002-03-07,2002-03-07,0.031939999999999996,current_official_historical_export,Bank Al-Maghrib,daily,decimal_rate,True,CONSERVATIVE_NEXT_ORIGIN,UNKNOWN,bam_interbank_oldest_1000_2026-08-10.csv; volume_mad_millions=232.0; outstanding_mad_millions=1457; export has a middle gap
bam_interbank_weighted_average,2002-03-07,2002-03-08,2002-03-08,0.03262,current_official_historical_export,Bank Al-Maghrib,daily,decimal_rate,True,CONSERVATIVE_NEXT_ORIGIN,UNKNOWN,bam_interbank_oldest_1000_2026-08-10.csv; volume_mad_millions=172.0; outstanding_mad_millions=1397; export has a middle gap
bam_interbank_weighted_average,2002-03-08,2002-03-09,2002-03-09,0.03351,current_official_historical_export,Bank Al-Maghrib,daily,decimal_rate,True,CONSERVATIVE_NEXT_ORIGIN,UNKNOWN,bam_interbank_oldest_1000_2026-08-10.csv; volume_mad_millions=116.0; outstanding_mad_millions=1341; export has a middle gap
bam_interbank_weighted_average,2002-03-09,2002-03-10,2002-03-10,0.03351,current_official_historical_export,Bank Al-Maghrib,daily,decimal_rate,True,CONSERVATIVE_NEXT_ORIGIN,UNKNOWN,bam_interbank_oldest_1000_2026-08-10.csv; volume_mad_millions=0.0; outstanding_mad_millions=1341; export has a middle gap
bam_interbank_weighted_average,2002-03-10,2002-03-11,2002-03-11,0.03351,current_official_historical_export,Bank Al-Maghrib,daily,decimal_rate,True,CONSERVATIVE_NEXT_ORIGIN,UNKNOWN,bam_interbank_oldest_1000_2026-08-10.csv; volume_mad_millions=0.0; outstanding_mad_millions=1341; export has a middle gap
bam_interbank_weighted_average,2002-03-11,2002-03-12,2002-03-12,0.032240000000000005,current_official_historical_export,Bank Al-Maghrib,daily,decimal_rate,True,CONSERVATIVE_NEXT_ORIGIN,UNKNOWN,bam_interbank_oldest_1000_2026-08-10.csv; volume_mad_millions=163.0; outstanding_mad_millions=1388; export has a middle gap
bam_interbank_weighted_average,2002-03-12,2002-03-13,2002-03-13,0.03234,current_official_historical_export,Bank Al-Maghrib,daily,decimal_rate,True,CONSERVATIVE_NEXT_ORIGIN,UNKNOWN,bam_interbank_oldest_1000_2026-08-10.csv; volume_mad_millions=156.0; outstanding_mad_millions=1381; export has a middle gap
bam_interbank_weighted_average,2002-03-13,2002-03-14,2002-03-14,0.032400000000000005,current_official_historical_export,Bank Al-Maghrib,daily,decimal_rate,True,CONSERVATIVE_NEXT_ORIGIN,UNKNOWN,bam_interbank_oldest_1000_2026-08-10.csv; volume_mad_millions=150.0; outstanding_mad_millions=1375; export has a middle gap
bam_interbank_weighted_average,2002-03-14,2002-03-15,2002-03-15,0.03354,current_official_historical_export,Bank Al-Maghrib,daily,decimal_rate,True,CONSERVATIVE_NEXT_ORIGIN,UNKNOWN,bam_interbank_oldest_1000_2026-08-10.csv; volume_mad_millions=99.0; outstanding_mad_millions=1324; export has a middle gap
bam_interbank_weighted_average,2002-03-15,2002-03-16,2002-03-16,0.034300000000000004,current_official_historical_export,Bank Al-Maghrib,daily,decimal_rate,True,CONSERVATIVE_NEXT_ORIGIN,UNKNOWN,bam_interbank_oldest_1000_2026-08-10.csv; volume_mad_millions=86.0; outstanding_mad_millions=1311; export has a middle gap
bam_interbank_weighted_average,2002-03-16,2002-03-17,2002-03-17,0.034300000000000004,current_official_historical_export,Bank Al-Maghrib,daily,decimal_rate,True,CONSERVATIVE_NEXT_ORIGIN,UNKNOWN,bam_interbank_oldest_1000_2026-08-10.csv; volume_mad_millions=0.0; outstanding_mad_millions=1311; export has a middle gap
bam_interbank_weighted_average,2002-03-17,2002-03-18,2002-03-18,0.034300000000000004,current_official_historical_export,Bank Al-Maghrib,daily,decimal_rate,True,CONSERVATIVE_NEXT_ORIGIN,UNKNOWN,bam_interbank_oldest_1000_2026-08-10.csv; volume_mad_millions=0.0; outstanding_mad_millions=1311; export has a middle gap
bam_interbank_weighted_average,2002-03-18,2002-03-19,2002-03-19,0.049139999999999996,current_official_historical_export,Bank Al-Maghrib,daily,decimal_rate,True,CONSERVATIVE_NEXT_ORIGIN,UNKNOWN,bam_interbank_oldest_1000_2026-08-10.csv; volume_mad_millions=471.0; outstanding_mad_millions=1696; export has a middle gap
bam_interbank_weighted_average,2002-03-19,2002-03-20,2002-03-20,0.04598,current_official_historical_export,Bank Al-Maghrib,daily,decimal_rate,True,CONSERVATIVE_NEXT_ORIGIN,UNKNOWN,bam_interbank_oldest_1000_2026-08-10.csv; volume_mad_millions=206.0; outstanding_mad_millions=1431; export has a middle gap
bam_interbank_weighted_average,2002-03-20,2002-03-21,2002-03-21,0.04025,current_official_historical_export,Bank Al-Maghrib,daily,decimal_rate,True,CONSERVATIVE_NEXT_ORIGIN,UNKNOWN,bam_interbank_oldest_1000_2026-08-10.csv; volume_mad_millions=160.0; outstanding_mad_millions=1385; export has a middle gap
bam_interbank_weighted_average,2002-03-21,2002-03-22,2002-03-22,0.03413,current_official_historical_export,Bank Al-Maghrib,daily,decimal_rate,True,CONSERVATIVE_NEXT_ORIGIN,UNKNOWN,bam_interbank_oldest_1000_2026-08-10.csv; volume_mad_millions=155.0; outstanding_mad_millions=1380; export has a middle gap
bam_interbank_weighted_average,2002-03-22,2002-03-23,2002-03-23,0.03385,current_official_historical_export,Bank Al-Maghrib,daily,decimal_rate,True,CONSERVATIVE_NEXT_ORIGIN,UNKNOWN,bam_interbank_oldest_1000_2026-08-10.csv; volume_mad_millions=169.0; outstanding_mad_millions=1394; export has a middle gap
bam_interbank_weighted_average,2002-03-23,2002-03-24,2002-03-24,0.03385,current_official_historical_export,Bank Al-Maghrib,daily,decimal_rate,True,CONSERVATIVE_NEXT_ORIGIN,UNKNOWN,bam_interbank_oldest_1000_2026-08-10.csv; volume_mad_millions=0.0; outstanding_mad_millions=1394; export has a middle gap
bam_interbank_weighted_average,2002-03-24,2002-03-25,2002-03-25,0.03385,current_official_historical_export,Bank Al-Maghrib,daily,decimal_rate,True,CONSERVATIVE_NEXT_ORIGIN,UNKNOWN,bam_interbank_oldest_1000_2026-08-10.csv; volume_mad_millions=0.0; outstanding_mad_millions=1394; export has a middle gap
bam_interbank_weighted_average,2002-03-25,2002-03-26,2002-03-26,0.03315,current_official_historical_export,Bank Al-Maghrib,daily,decimal_rate,True,CONSERVATIVE_NEXT_ORIGIN,UNKNOWN,bam_interbank_oldest_1000_2026-08-10.csv; volume_mad_millions=197.0; outstanding_mad_millions=1422; export has a middle gap
bam_interbank_weighted_average,2002-03-26,2002-03-27,2002-03-27,0.029679999999999998,current_official_historical_export,Bank Al-Maghrib,daily,decimal_rate,True,CONSERVATIVE_NEXT_ORIGIN,UNKNOWN,bam_interbank_oldest_1000_2026-08-10.csv; volume_mad_millions=247.0; outstanding_mad_millions=1472; export has a middle gap
bam_interbank_weighted_average,2002-03-27,2002-03-28,2002-03-28,0.03,current_official_historical_export,Bank Al-Maghrib,daily,decimal_rate,True,CONSERVATIVE_NEXT_ORIGIN,UNKNOWN,bam_interbank_oldest_1000_2026-08-10.csv; volume_mad_millions=192.0; outstanding_mad_millions=1417; export has a middle gap
bam_interbank_weighted_average,2002-03-28,2002-03-29,2002-03-29,0.0183,current_official_historical_export,Bank Al-Maghrib,daily,decimal_rate,True,CONSERVATIVE_NEXT_ORIGIN,UNKNOWN,bam_interbank_oldest_1000_2026-08-10.csv; volume_mad_millions=465.0; outstanding_mad_millions=1740; export has a middle gap
bam_interbank_weighted_average,2002-03-29,2002-03-30,2002-03-30,0.01944,current_official_historical_export,Bank Al-Maghrib,daily,decimal_rate,True,CONSERVATIVE_NEXT_ORIGIN,UNKNOWN,bam_interbank_oldest_1000_2026-08-10.csv; volume_mad_millions=335.0; outstanding_mad_millions=1610; export has a middle gap
bam_interbank_weighted_average,2002-03-30,2002-03-31,2002-03-31,0.01944,current_official_historical_export,Bank Al-Maghrib,daily,decimal_rate,True,CONSERVATIVE_NEXT_ORIGIN,UNKNOWN,bam_interbank_oldest_1000_2026-08-10.csv; volume_mad_millions=0.0; outstanding_mad_millions=1610; export has a middle gap
bam_interbank_weighted_average,2002-03-31,2002-04-01,2002-04-01,0.01944,current_official_historical_export,Bank Al-Maghrib,daily,decimal_rate,True,CONSERVATIVE_NEXT_ORIGIN,UNKNOWN,bam_interbank_oldest_1000_2026-08-10.csv; volume_mad_millions=0.0; outstanding_mad_millions=1610; export has a middle gap
bam_interbank_weighted_average,2002-04-01,2002-04-02,2002-04-02,0.03952,current_official_historical_export,Bank Al-Maghrib,daily,decimal_rate,True,CONSERVATIVE_NEXT_ORIGIN,UNKNOWN,bam_interbank_oldest_1000_2026-08-10.csv; volume_mad_millions=559.0; outstanding_mad_millions=1884; export has a middle gap
bam_interbank_weighted_average,2002-04-02,2002-04-03,2002-04-03,0.05627,current_official_historical_export,Bank Al-Maghrib,daily,decimal_rate,True,CONSERVATIVE_NEXT_ORIGIN,UNKNOWN,bam_interbank_oldest_1000_2026-08-10.csv; volume_mad_millions=316.0; outstanding_mad_millions=1641; export has a middle gap
bam_interbank_weighted_average,2002-04-03,2002-04-04,2002-04-04,0.0667,current_official_historical_export,Bank Al-Maghrib,daily,decimal_rate,True,CONSERVATIVE_NEXT_ORIGIN,UNKNOWN,bam_interbank_oldest_1000_2026-08-10.csv; volume_mad_millions=389.0; outstanding_mad_millions=1714; export has a middle gap
bam_interbank_weighted_average,2002-04-04,2002-04-05,2002-04-05,0.0555,current_official_historical_export,Bank Al-Maghrib,daily,decimal_rate,True,CONSERVATIVE_NEXT_ORIGIN,UNKNOWN,bam_interbank_oldest_1000_2026-08-10.csv; volume_mad_millions=583.0; outstanding_mad_millions=1908; export has a middle gap
bam_interbank_weighted_average,2002-04-05,2002-04-06,2002-04-06,0.0354,current_official_historical_export,Bank Al-Maghrib,daily,decimal_rate,True,CONSERVATIVE_NEXT_ORIGIN,UNKNOWN,bam_interbank_oldest_1000_2026-08-10.csv; volume_mad_millions=672.0; outstanding_mad_millions=1997; export has a middle gap
bam_interbank_weighted_average,2002-04-06,2002-04-07,2002-04-07,0.0354,current_official_historical_export,Bank Al-Maghrib,daily,decimal_rate,True,CONSERVATIVE_NEXT_ORIGIN,UNKNOWN,bam_interbank_oldest_1000_2026-08-10.csv; volume_mad_millions=0.0; outstanding_mad_millions=1997; export has a middle gap
bam_interbank_weighted_average,2002-04-07,2002-04-08,2002-04-08,0.0354,current_official_historical_export,Bank Al-Maghrib,daily,decimal_rate,True,CONSERVATIVE_NEXT_ORIGIN,UNKNOWN,bam_interbank_oldest_1000_2026-08-10.csv; volume_mad_millions=0.0; outstanding_mad_millions=1997; export has a middle gap
bam_interbank_weighted_average,2002-04-08,2002-04-09,2002-04-09,0.03063,current_official_historical_export,Bank Al-Maghrib,daily,decimal_rate,True,CONSERVATIVE_NEXT_ORIGIN,UNKNOWN,bam_interbank_oldest_1000_2026-08-10.csv; volume_mad_millions=676.0; outstanding_mad_millions=2001; export has a middle gap
bam_interbank_weighted_average,2002-04-09,2002-04-10,2002-04-10,0.031,current_official_historical_export,Bank Al-Maghrib,daily,decimal_rate,True,CONSERVATIVE_NEXT_ORIGIN,UNKNOWN,bam_interbank_oldest_1000_2026-08-10.csv; volume_mad_millions=530.0; outstanding_mad_millions=1905; export has a middle gap
bam_interbank_weighted_average,2002-04-10,2002-04-11,2002-04-11,0.03012,current_official_historical_export,Bank Al-Maghrib,daily,decimal_rate,True,CONSERVATIVE_NEXT_ORIGIN,UNKNOWN,bam_interbank_oldest_1000_2026-08-10.csv; volume_mad_millions=633.0; outstanding_mad_millions=2058; export has a middle gap
bam_interbank_weighted_average,2002-04-11,2002-04-12,2002-04-12,0.03012,current_official_historical_export,Bank Al-Maghrib,daily,decimal_rate,True,CONSERVATIVE_NEXT_ORIGIN,UNKNOWN,bam_interbank_oldest_1000_2026-08-10.csv; volume_mad_millions=700.0; outstanding_mad_millions=2155; export has a middle gap
bam_interbank_weighted_average,2002-04-12,2002-04-13,2002-04-13,0.02978,current_official_historical_export,Bank Al-Maghrib,daily,decimal_rate,True,CONSERVATIVE_NEXT_ORIGIN,UNKNOWN,bam_interbank_oldest_1000_2026-08-10.csv; volume_mad_millions=753.0; outstanding_mad_millions=2208; export has a middle gap
bam_interbank_weighted_average,2002-04-13,2002-04-14,2002-04-14,0.02978,current_official_historical_export,Bank Al-Maghrib,daily,decimal_rate,True,CONSERVATIVE_NEXT_ORIGIN,UNKNOWN,bam_interbank_oldest_1000_2026-08-10.csv; volume_mad_millions=0.0; outstanding_mad_millions=2208; export has a middle gap
bam_interbank_weighted_average,2002-04-14,2002-04-15,2002-04-15,0.02978,current_official_historical_export,Bank Al-Maghrib,daily,decimal_rate,True,CONSERVATIVE_NEXT_ORIGIN,UNKNOWN,bam_interbank_oldest_1000_2026-08-10.csv; volume_mad_millions=0.0; outstanding_mad_millions=2208; export has a middle gap
bam_interbank_weighted_average,2002-04-15,2002-04-16,2002-04-16,0.03735,current_official_historical_export,Bank Al-Maghrib,daily,decimal_rate,True,CONSERVATIVE_NEXT_ORIGIN,UNKNOWN,bam_interbank_oldest_1000_2026-08-10.csv; volume_mad_millions=1117.0; outstanding_mad_millions=2622; export has a middle gap
bam_interbank_weighted_average,2002-04-16,2002-04-17,2002-04-17,0.03981,current_official_historical_export,Bank Al-Maghrib,daily,decimal_rate,True,CONSERVATIVE_NEXT_ORIGIN,UNKNOWN,bam_interbank_oldest_1000_2026-08-10.csv; volume_mad_millions=1235.0; outstanding_mad_millions=2740; export has a middle gap
bam_interbank_weighted_average,2002-04-17,2002-04-18,2002-04-18,0.03908,current_official_historical_export,Bank Al-Maghrib,daily,decimal_rate,True,CONSERVATIVE_NEXT_ORIGIN,UNKNOWN,bam_interbank_oldest_1000_2026-08-10.csv; volume_mad_millions=1155.0; outstanding_mad_millions=2660; export has a middle gap
bam_interbank_weighted_average,2002-04-18,2002-04-19,2002-04-19,0.039,current_official_historical_export,Bank Al-Maghrib,daily,decimal_rate,True,CONSERVATIVE_NEXT_ORIGIN,UNKNOWN,bam_interbank_oldest_1000_2026-08-10.csv; volume_mad_millions=1360.0; outstanding_mad_millions=2835; export has a middle gap
bam_interbank_weighted_average,2002-04-19,2002-04-20,2002-04-20,0.03902,current_official_historical_export,Bank Al-Maghrib,daily,decimal_rate,True,CONSERVATIVE_NEXT_ORIGIN,UNKNOWN,bam_interbank_oldest_1000_2026-08-10.csv; volume_mad_millions=1120.0; outstanding_mad_millions=2595; export has a middle gap
bam_interbank_weighted_average,2002-04-20,2002-04-21,2002-04-21,0.03902,current_official_historical_export,Bank Al-Maghrib,daily,decimal_rate,True,CONSERVATIVE_NEXT_ORIGIN,UNKNOWN,bam_interbank_oldest_1000_2026-08-10.csv; volume_mad_millions=0.0; outstanding_mad_millions=2595; export has a middle gap
bam_interbank_weighted_average,2002-04-21,2002-04-22,2002-04-22,0.03902,current_official_historical_export,Bank Al-Maghrib,daily,decimal_rate,True,CONSERVATIVE_NEXT_ORIGIN,UNKNOWN,bam_interbank_oldest_1000_2026-08-10.csv; volume_mad_millions=0.0; outstanding_mad_millions=2595; export has a middle gap
bam_interbank_weighted_average,2002-04-22,2002-04-23,2002-04-23,0.030289999999999997,current_official_historical_export,Bank Al-Maghrib,daily,decimal_rate,True,CONSERVATIVE_NEXT_ORIGIN,UNKNOWN,bam_interbank_oldest_1000_2026-08-10.csv; volume_mad_millions=1188.0; outstanding_mad_millions=2663; export has a middle gap
bam_interbank_weighted_average,2002-04-23,2002-04-24,2002-04-24,0.03017,current_official_historical_export,Bank Al-Maghrib,daily,decimal_rate,True,CONSERVATIVE_NEXT_ORIGIN,UNKNOWN,bam_interbank_oldest_1000_2026-08-10.csv; volume_mad_millions=1052.0; outstanding_mad_millions=2527; export has a middle gap
bam_interbank_weighted_average,2002-04-24,2002-04-25,2002-04-25,0.0302,current_official_historical_export,Bank Al-Maghrib,daily,decimal_rate,True,CONSERVATIVE_NEXT_ORIGIN,UNKNOWN,bam_interbank_oldest_1000_2026-08-10.csv; volume_mad_millions=879.0; outstanding_mad_millions=2354; export has a middle gap
bam_interbank_weighted_average,2002-04-25,2002-04-26,2002-04-26,0.03019,current_official_historical_export,Bank Al-Maghrib,daily,decimal_rate,True,CONSERVATIVE_NEXT_ORIGIN,UNKNOWN,bam_interbank_oldest_1000_2026-08-10.csv; volume_mad_millions=678.0; outstanding_mad_millions=2153; export has a middle gap
bam_interbank_weighted_average,2002-04-26,2002-04-27,2002-04-27,0.02978,current_official_historical_export,Bank Al-Maghrib,daily,decimal_rate,True,CONSERVATIVE_NEXT_ORIGIN,UNKNOWN,bam_interbank_oldest_1000_2026-08-10.csv; volume_mad_millions=493.0; outstanding_mad_millions=1968; export has a middle gap
bam_interbank_weighted_average,2002-04-27,2002-04-28,2002-04-28,0.02978,current_official_historical_export,Bank Al-Maghrib,daily,decimal_rate,True,CONSERVATIVE_NEXT_ORIGIN,UNKNOWN,bam_interbank_oldest_1000_2026-08-10.csv; volume_mad_millions=0.0; outstanding_mad_millions=1968; export has a middle gap
bam_interbank_weighted_average,2002-04-28,2002-04-29,2002-04-29,0.02978,current_official_historical_export,Bank Al-Maghrib,daily,decimal_rate,True,CONSERVATIVE_NEXT_ORIGIN,UNKNOWN,bam_interbank_oldest_1000_2026-08-10.csv; volume_mad_millions=0.0; outstanding_mad_millions=1968; export has a middle gap
bam_interbank_weighted_average,2002-04-29,2002-04-30,2002-04-30,0.030299999999999997,current_official_historical_export,Bank Al-Maghrib,daily,decimal_rate,True,CONSERVATIVE_NEXT_ORIGIN,UNKNOWN,bam_interbank_oldest_1000_2026-08-10.csv; volume_mad_millions=290.0; outstanding_mad_millions=1735; export has a middle gap
bam_interbank_weighted_average,2002-04-30,2002-05-01,2002-05-01,0.03028,current_official_historical_export,Bank Al-Maghrib,daily,decimal_rate,True,CONSERVATIVE_NEXT_ORIGIN,UNKNOWN,bam_interbank_oldest_1000_2026-08-10.csv; volume_mad_millions=568.0; outstanding_mad_millions=1713; export has a middle gap
bam_interbank_weighted_average,2002-05-01,2002-05-02,2002-05-02,0.03028,current_official_historical_export,Bank Al-Maghrib,daily,decimal_rate,True,CONSERVATIVE_NEXT_ORIGIN,UNKNOWN,bam_interbank_oldest_1000_2026-08-10.csv; volume_mad_millions=0.0; outstanding_mad_millions=1713; export has a middle gap
bam_interbank_weighted_average,2002-05-02,2002-05-03,2002-05-03,0.03015,current_official_historical_export,Bank Al-Maghrib,daily,decimal_rate,True,CONSERVATIVE_NEXT_ORIGIN,UNKNOWN,bam_interbank_oldest_1000_2026-08-10.csv; volume_mad_millions=490.0; outstanding_mad_millions=1671; export has a middle gap
bam_interbank_weighted_average,2002-05-03,2002-05-04,2002-05-04,0.02903,current_official_historical_export,Bank Al-Maghrib,daily,decimal_rate,True,CONSERVATIVE_NEXT_ORIGIN,UNKNOWN,bam_interbank_oldest_1000_2026-08-10.csv; volume_mad_millions=531.0; outstanding_mad_millions=1712; export has a middle gap
bam_interbank_weighted_average,2002-05-04,2002-05-05,2002-05-05,0.02903,current_official_historical_export,Bank Al-Maghrib,daily,decimal_rate,True,CONSERVATIVE_NEXT_ORIGIN,UNKNOWN,bam_interbank_oldest_1000_2026-08-10.csv; volume_mad_millions=0.0; outstanding_mad_millions=1712; export has a middle gap
bam_interbank_weighted_average,2002-05-05,2002-05-06,2002-05-06,0.02903,current_official_historical_export,Bank Al-Maghrib,daily,decimal_rate,True,CONSERVATIVE_NEXT_ORIGIN,UNKNOWN,bam_interbank_oldest_1000_2026-08-10.csv; volume_mad_millions=0.0; outstanding_mad_millions=1712; export has a middle gap
bam_interbank_weighted_average,2002-05-06,2002-05-07,2002-05-07,0.03031,current_official_historical_export,Bank Al-Maghrib,daily,decimal_rate,True,CONSERVATIVE_NEXT_ORIGIN,UNKNOWN,bam_interbank_oldest_1000_2026-08-10.csv; volume_mad_millions=448.0; outstanding_mad_millions=1659; export has a middle gap
bam_interbank_weighted_average,2002-05-07,2002-05-08,2002-05-08,0.030449999999999998,current_official_historical_export,Bank Al-Maghrib,daily,decimal_rate,True,CONSERVATIVE_NEXT_ORIGIN,UNKNOWN,bam_interbank_oldest_1000_2026-08-10.csv; volume_mad_millions=463.0; outstanding_mad_millions=1674; export has a middle gap
bam_interbank_weighted_average,2002-05-08,2002-05-09,2002-05-09,0.030299999999999997,current_official_historical_export,Bank Al-Maghrib,daily,decimal_rate,True,CONSERVATIVE_NEXT_ORIGIN,UNKNOWN,bam_interbank_oldest_1000_2026-08-10.csv; volume_mad_millions=462.0; outstanding_mad_millions=1673; export has a middle gap
bam_interbank_weighted_average,2002-05-09,2002-05-10,2002-05-10,0.03036,current_official_historical_export,Bank Al-Maghrib,daily,decimal_rate,True,CONSERVATIVE_NEXT_ORIGIN,UNKNOWN,bam_interbank_oldest_1000_2026-08-10.csv; volume_mad_millions=418.0; outstanding_mad_millions=1629; export has a middle gap
bam_interbank_weighted_average,2002-05-10,2002-05-11,2002-05-11,0.03047,current_official_historical_export,Bank Al-Maghrib,daily,decimal_rate,True,CONSERVATIVE_NEXT_ORIGIN,UNKNOWN,bam_interbank_oldest_1000_2026-08-10.csv; volume_mad_millions=362.0; outstanding_mad_millions=1628; export has a middle gap
bam_interbank_weighted_average,2002-05-11,2002-05-12,2002-05-12,0.03047,current_official_historical_export,Bank Al-Maghrib,daily,decimal_rate,True,CONSERVATIVE_NEXT_ORIGIN,UNKNOWN,bam_interbank_oldest_1000_2026-08-10.csv; volume_mad_millions=0.0; outstanding_mad_millions=1628; export has a middle gap
bam_interbank_weighted_average,2002-05-12,2002-05-13,2002-05-13,0.03047,current_official_historical_export,Bank Al-Maghrib,daily,decimal_rate,True,CONSERVATIVE_NEXT_ORIGIN,UNKNOWN,bam_interbank_oldest_1000_2026-08-10.csv; volume_mad_millions=0.0; outstanding_mad_millions=1628; export has a middle gap
bam_interbank_weighted_average,2002-05-13,2002-05-14,2002-05-14,0.02734,current_official_historical_export,Bank Al-Maghrib,daily,decimal_rate,True,CONSERVATIVE_NEXT_ORIGIN,UNKNOWN,bam_interbank_oldest_1000_2026-08-10.csv; volume_mad_millions=885.0; outstanding_mad_millions=2181; export has a middle gap
bam_interbank_weighted_average,2002-05-14,2002-05-15,2002-05-15,0.029060000000000002,current_official_historical_export,Bank Al-Maghrib,daily,decimal_rate,True,CONSERVATIVE_NEXT_ORIGIN,UNKNOWN,bam_interbank_oldest_1000_2026-08-10.csv; volume_mad_millions=896.0; outstanding_mad_millions=2192; export has a middle gap
bam_interbank_weighted_average,2002-05-15,2002-05-16,2002-05-16,0.029140000000000003,current_official_historical_export,Bank Al-Maghrib,daily,decimal_rate,True,CONSERVATIVE_NEXT_ORIGIN,UNKNOWN,bam_interbank_oldest_1000_2026-08-10.csv; volume_mad_millions=609.0; outstanding_mad_millions=1905; export has a middle gap
bam_interbank_weighted_average,2002-05-16,2002-05-17,2002-05-17,0.03026,current_official_historical_export,Bank Al-Maghrib,daily,decimal_rate,True,CONSERVATIVE_NEXT_ORIGIN,UNKNOWN,bam_interbank_oldest_1000_2026-08-10.csv; volume_mad_millions=575.0; outstanding_mad_millions=1871; export has a middle gap
bam_interbank_weighted_average,2002-05-17,2002-05-18,2002-05-18,0.02978,current_official_historical_export,Bank Al-Maghrib,daily,decimal_rate,True,CONSERVATIVE_NEXT_ORIGIN,UNKNOWN,bam_interbank_oldest_1000_2026-08-10.csv; volume_mad_millions=503.0; outstanding_mad_millions=1799; export has a middle gap
bam_interbank_weighted_average,2002-05-18,2002-05-19,2002-05-19,0.02978,current_official_historical_export,Bank Al-Maghrib,daily,decimal_rate,True,CONSERVATIVE_NEXT_ORIGIN,UNKNOWN,bam_interbank_oldest_1000_2026-08-10.csv; volume_mad_millions=0.0; outstanding_mad_millions=1799; export has a middle gap
bam_interbank_weighted_average,2002-05-19,2002-05-20,2002-05-20,0.02978,current_official_historical_export,Bank Al-Maghrib,daily,decimal_rate,True,CONSERVATIVE_NEXT_ORIGIN,UNKNOWN,bam_interbank_oldest_1000_2026-08-10.csv; volume_mad_millions=0.0; outstanding_mad_millions=1799; export has a middle gap
bam_interbank_weighted_average,2002-05-20,2002-05-21,2002-05-21,0.02587,current_official_historical_export,Bank Al-Maghrib,daily,decimal_rate,True,CONSERVATIVE_NEXT_ORIGIN,UNKNOWN,bam_interbank_oldest_1000_2026-08-10.csv; volume_mad_millions=540.0; outstanding_mad_millions=1836; export has a middle gap
bam_interbank_weighted_average,2002-05-21,2002-05-22,2002-05-22,0.02634,current_official_historical_export,Bank Al-Maghrib,daily,decimal_rate,True,CONSERVATIVE_NEXT_ORIGIN,UNKNOWN,bam_interbank_oldest_1000_2026-08-10.csv; volume_mad_millions=513.0; outstanding_mad_millions=1809; export has a middle gap
bam_interbank_weighted_average,2002-05-22,2002-05-23,2002-05-23,0.026230000000000003,current_official_historical_export,Bank Al-Maghrib,daily,decimal_rate,True,CONSERVATIVE_NEXT_ORIGIN,UNKNOWN,bam_interbank_oldest_1000_2026-08-10.csv; volume_mad_millions=333.0; outstanding_mad_millions=1629; export has a middle gap
bam_interbank_weighted_average,2002-05-23,2002-05-24,2002-05-24,0.029679999999999998,current_official_historical_export,Bank Al-Maghrib,daily,decimal_rate,True,CONSERVATIVE_NEXT_ORIGIN,UNKNOWN,bam_interbank_oldest_1000_2026-08-10.csv; volume_mad_millions=285.0; outstanding_mad_millions=1581; export has a middle gap
bam_interbank_weighted_average,2002-05-24,2002-05-25,2002-05-25,0.031219999999999998,current_official_historical_export,Bank Al-Maghrib,daily,decimal_rate,True,CONSERVATIVE_NEXT_ORIGIN,UNKNOWN,bam_interbank_oldest_1000_2026-08-10.csv; volume_mad_millions=345.0; outstanding_mad_millions=1641; export has a middle gap
bam_interbank_weighted_average,2002-05-25,2002-05-26,2002-05-26,0.031219999999999998,current_official_historical_export,Bank Al-Maghrib,daily,decimal_rate,True,CONSERVATIVE_NEXT_ORIGIN,UNKNOWN,bam_interbank_oldest_1000_2026-08-10.csv; volume_mad_millions=0.0; outstanding_mad_millions=1641; export has a middle gap
bam_interbank_weighted_average,2002-05-26,2002-05-27,2002-05-27,0.031219999999999998,current_official_historical_export,Bank Al-Maghrib,daily,decimal_rate,True,CONSERVATIVE_NEXT_ORIGIN,UNKNOWN,bam_interbank_oldest_1000_2026-08-10.csv; volume_mad_millions=0.0; outstanding_mad_millions=1641; export has a middle gap
bam_interbank_weighted_average,2002-05-27,2002-05-28,2002-05-28,0.031139999999999998,current_official_historical_export,Bank Al-Maghrib,daily,decimal_rate,True,CONSERVATIVE_NEXT_ORIGIN,UNKNOWN,bam_interbank_oldest_1000_2026-08-10.csv; volume_mad_millions=516.0; outstanding_mad_millions=1712; export has a middle gap
bam_interbank_weighted_average,2002-05-28,2002-05-29,2002-05-29,0.03104,current_official_historical_export,Bank Al-Maghrib,daily,decimal_rate,True,CONSERVATIVE_NEXT_ORIGIN,UNKNOWN,bam_interbank_oldest_1000_2026-08-10.csv; volume_mad_millions=508.0; outstanding_mad_millions=1704; export has a middle gap
bam_interbank_weighted_average,2002-05-29,2002-05-30,2002-05-30,0.032080000000000004,current_official_historical_export,Bank Al-Maghrib,daily,decimal_rate,True,CONSERVATIVE_NEXT_ORIGIN,UNKNOWN,bam_interbank_oldest_1000_2026-08-10.csv; volume_mad_millions=395.0; outstanding_mad_millions=1591; export has a middle gap
bam_interbank_weighted_average,2002-05-30,2002-05-31,2002-05-31,0.032010000000000004,current_official_historical_export,Bank Al-Maghrib,daily,decimal_rate,True,CONSERVATIVE_NEXT_ORIGIN,UNKNOWN,bam_interbank_oldest_1000_2026-08-10.csv; volume_mad_millions=399.0; outstanding_mad_millions=1595; export has a middle gap
bam_interbank_weighted_average,2002-05-31,2002-06-01,2002-06-01,0.03148,current_official_historical_export,Bank Al-Maghrib,daily,decimal_rate,True,CONSERVATIVE_NEXT_ORIGIN,UNKNOWN,bam_interbank_oldest_1000_2026-08-10.csv; volume_mad_millions=495.0; outstanding_mad_millions=1636; export has a middle gap
bam_interbank_weighted_average,2002-06-01,2002-06-02,2002-06-02,0.03148,current_official_historical_export,Bank Al-Maghrib,daily,decimal_rate,True,CONSERVATIVE_NEXT_ORIGIN,UNKNOWN,bam_interbank_oldest_1000_2026-08-10.csv; volume_mad_millions=0.0; outstanding_mad_millions=1636; export has a middle gap
bam_interbank_weighted_average,2002-06-02,2002-06-03,2002-06-03,0.03148,current_official_historical_export,Bank Al-Maghrib,daily,decimal_rate,True,CONSERVATIVE_NEXT_ORIGIN,UNKNOWN,bam_interbank_oldest_1000_2026-08-10.csv; volume_mad_millions=0.0; outstanding_mad_millions=1636; export has a middle gap
bam_interbank_weighted_average,2002-06-03,2002-06-04,2002-06-04,0.032400000000000005,current_official_historical_export,Bank Al-Maghrib,daily,decimal_rate,True,CONSERVATIVE_NEXT_ORIGIN,UNKNOWN,bam_interbank_oldest_1000_2026-08-10.csv; volume_mad_millions=491.0; outstanding_mad_millions=1632; export has a middle gap
bam_interbank_weighted_average,2002-06-04,2002-06-05,2002-06-05,0.031,current_official_historical_export,Bank Al-Maghrib,daily,decimal_rate,True,CONSERVATIVE_NEXT_ORIGIN,UNKNOWN,bam_interbank_oldest_1000_2026-08-10.csv; volume_mad_millions=477.0; outstanding_mad_millions=1672; export has a middle gap
bam_interbank_weighted_average,2002-06-05,2002-06-06,2002-06-06,0.03036,current_official_historical_export,Bank Al-Maghrib,daily,decimal_rate,True,CONSERVATIVE_NEXT_ORIGIN,UNKNOWN,bam_interbank_oldest_1000_2026-08-10.csv; volume_mad_millions=481.0; outstanding_mad_millions=1676; export has a middle gap
bam_interbank_weighted_average,2002-06-06,2002-06-07,2002-06-07,0.028990000000000002,current_official_historical_export,Bank Al-Maghrib,daily,decimal_rate,True,CONSERVATIVE_NEXT_ORIGIN,UNKNOWN,bam_interbank_oldest_1000_2026-08-10.csv; volume_mad_millions=650.0; outstanding_mad_millions=1855; export has a middle gap
bam_interbank_weighted_average,2002-06-07,2002-06-08,2002-06-08,0.02721,current_official_historical_export,Bank Al-Maghrib,daily,decimal_rate,True,CONSERVATIVE_NEXT_ORIGIN,UNKNOWN,bam_interbank_oldest_1000_2026-08-10.csv; volume_mad_millions=960.0; outstanding_mad_millions=2165; export has a middle gap
bam_interbank_weighted_average,2002-06-08,2002-06-09,2002-06-09,0.02721,current_official_historical_export,Bank Al-Maghrib,daily,decimal_rate,True,CONSERVATIVE_NEXT_ORIGIN,UNKNOWN,bam_interbank_oldest_1000_2026-08-10.csv; volume_mad_millions=0.0; outstanding_mad_millions=2165; export has a middle gap
bam_interbank_weighted_average,2002-06-09,2002-06-10,2002-06-10,0.02721,current_official_historical_export,Bank Al-Maghrib,daily,decimal_rate,True,CONSERVATIVE_NEXT_ORIGIN,UNKNOWN,bam_interbank_oldest_1000_2026-08-10.csv; volume_mad_millions=0.0; outstanding_mad_millions=2165; export has a middle gap
bam_interbank_weighted_average,2002-06-10,2002-06-11,2002-06-11,0.02721,current_official_historical_export,Bank Al-Maghrib,daily,decimal_rate,True,CONSERVATIVE_NEXT_ORIGIN,UNKNOWN,bam_interbank_oldest_1000_2026-08-10.csv; volume_mad_millions=895.0; outstanding_mad_millions=2100; export has a middle gap
bam_interbank_weighted_average,2002-06-11,2002-06-12,2002-06-12,0.02701,current_official_historical_export,Bank Al-Maghrib,daily,decimal_rate,True,CONSERVATIVE_NEXT_ORIGIN,UNKNOWN,bam_interbank_oldest_1000_2026-08-10.csv; volume_mad_millions=874.0; outstanding_mad_millions=2079; export has a middle gap
bam_interbank_weighted_average,2002-06-12,2002-06-13,2002-06-13,0.0262,current_official_historical_export,Bank Al-Maghrib,daily,decimal_rate,True,CONSERVATIVE_NEXT_ORIGIN,UNKNOWN,bam_interbank_oldest_1000_2026-08-10.csv; volume_mad_millions=857.0; outstanding_mad_millions=2062; export has a middle gap
bam_interbank_weighted_average,2002-06-13,2002-06-14,2002-06-14,0.02621,current_official_historical_export,Bank Al-Maghrib,daily,decimal_rate,True,CONSERVATIVE_NEXT_ORIGIN,UNKNOWN,bam_interbank_oldest_1000_2026-08-10.csv; volume_mad_millions=863.0; outstanding_mad_millions=2068; export has a middle gap
bam_interbank_weighted_average,2002-06-14,2002-06-15,2002-06-15,0.02637,current_official_historical_export,Bank Al-Maghrib,daily,decimal_rate,True,CONSERVATIVE_NEXT_ORIGIN,UNKNOWN,bam_interbank_oldest_1000_2026-08-10.csv; volume_mad_millions=771.0; outstanding_mad_millions=1976; export has a middle gap
bam_interbank_weighted_average,2002-06-15,2002-06-16,2002-06-16,0.02637,current_official_historical_export,Bank Al-Maghrib,daily,decimal_rate,True,CONSERVATIVE_NEXT_ORIGIN,UNKNOWN,bam_interbank_oldest_1000_2026-08-10.csv; volume_mad_millions=0.0; outstanding_mad_millions=1976; export has a middle gap
bam_interbank_weighted_average,2002-06-16,2002-06-17,2002-06-17,0.02637,current_official_historical_export,Bank Al-Maghrib,daily,decimal_rate,True,CONSERVATIVE_NEXT_ORIGIN,UNKNOWN,bam_interbank_oldest_1000_2026-08-10.csv; volume_mad_millions=0.0; outstanding_mad_millions=1976; export has a middle gap
bam_interbank_weighted_average,2002-06-17,2002-06-18,2002-06-18,0.02576,current_official_historical_export,Bank Al-Maghrib,daily,decimal_rate,True,CONSERVATIVE_NEXT_ORIGIN,UNKNOWN,bam_interbank_oldest_1000_2026-08-10.csv; volume_mad_millions=864.0; outstanding_mad_millions=2069; export has a middle gap
bam_interbank_weighted_average,2002-06-18,2002-06-19,2002-06-19,0.02571,current_official_historical_export,Bank Al-Maghrib,daily,decimal_rate,True,CONSERVATIVE_NEXT_ORIGIN,UNKNOWN,bam_interbank_oldest_1000_2026-08-10.csv; volume_mad_millions=894.0; outstanding_mad_millions=2099; export has a middle gap
bam_interbank_weighted_average,2002-06-19,2002-06-20,2002-06-20,0.02566,current_official_historical_export,Bank Al-Maghrib,daily,decimal_rate,True,CONSERVATIVE_NEXT_ORIGIN,UNKNOWN,bam_interbank_oldest_1000_2026-08-10.csv; volume_mad_millions=882.0; outstanding_mad_millions=2057; export has a middle gap
bam_interbank_weighted_average,2002-06-20,2002-06-21,2002-06-21,0.02943,current_official_historical_export,Bank Al-Maghrib,daily,decimal_rate,True,CONSERVATIVE_NEXT_ORIGIN,UNKNOWN,bam_interbank_oldest_1000_2026-08-10.csv; volume_mad_millions=413.0; outstanding_mad_millions=1588; export has a middle gap
bam_interbank_weighted_average,2002-06-21,2002-06-22,2002-06-22,0.031059999999999997,current_official_historical_export,Bank Al-Maghrib,daily,decimal_rate,True,CONSERVATIVE_NEXT_ORIGIN,UNKNOWN,bam_interbank_oldest_1000_2026-08-10.csv; volume_mad_millions=334.0; outstanding_mad_millions=1509; export has a middle gap
bam_interbank_weighted_average,2002-06-22,2002-06-23,2002-06-23,0.031059999999999997,current_official_historical_export,Bank Al-Maghrib,daily,decimal_rate,True,CONSERVATIVE_NEXT_ORIGIN,UNKNOWN,bam_interbank_oldest_1000_2026-08-10.csv; volume_mad_millions=0.0; outstanding_mad_millions=1509; export has a middle gap
bam_interbank_weighted_average,2002-06-23,2002-06-24,2002-06-24,0.031059999999999997,current_official_historical_export,Bank Al-Maghrib,daily,decimal_rate,True,CONSERVATIVE_NEXT_ORIGIN,UNKNOWN,bam_interbank_oldest_1000_2026-08-10.csv; volume_mad_millions=0.0; outstanding_mad_millions=1509; export has a middle gap
bam_interbank_weighted_average,2002-06-24,2002-06-25,2002-06-25,0.0311,current_official_historical_export,Bank Al-Maghrib,daily,decimal_rate,True,CONSERVATIVE_NEXT_ORIGIN,UNKNOWN,bam_interbank_oldest_1000_2026-08-10.csv; volume_mad_millions=433.0; outstanding_mad_millions=1608; export has a middle gap
bam_interbank_weighted_average,2002-06-25,2002-06-26,2002-06-26,0.03102,current_official_historical_export,Bank Al-Maghrib,daily,decimal_rate,True,CONSERVATIVE_NEXT_ORIGIN,UNKNOWN,bam_interbank_oldest_1000_2026-08-10.csv; volume_mad_millions=474.0; outstanding_mad_millions=1649; export has a middle gap
bam_interbank_weighted_average,2002-06-26,2002-06-27,2002-06-27,0.03139,current_official_historical_export,Bank Al-Maghrib,daily,decimal_rate,True,CONSERVATIVE_NEXT_ORIGIN,UNKNOWN,bam_interbank_oldest_1000_2026-08-10.csv; volume_mad_millions=384.0; outstanding_mad_millions=1559; export has a middle gap
bam_interbank_weighted_average,2002-06-27,2002-06-28,2002-06-28,0.03031,current_official_historical_export,Bank Al-Maghrib,daily,decimal_rate,True,CONSERVATIVE_NEXT_ORIGIN,UNKNOWN,bam_interbank_oldest_1000_2026-08-10.csv; volume_mad_millions=439.0; outstanding_mad_millions=1614; export has a middle gap
bam_interbank_weighted_average,2002-06-28,2002-06-29,2002-06-29,0.024569999999999998,current_official_historical_export,Bank Al-Maghrib,daily,decimal_rate,True,CONSERVATIVE_NEXT_ORIGIN,UNKNOWN,bam_interbank_oldest_1000_2026-08-10.csv; volume_mad_millions=1701.0; outstanding_mad_millions=2876; export has a middle gap
bam_interbank_weighted_average,2002-06-29,2002-06-30,2002-06-30,0.024569999999999998,current_official_historical_export,Bank Al-Maghrib,daily,decimal_rate,True,CONSERVATIVE_NEXT_ORIGIN,UNKNOWN,bam_interbank_oldest_1000_2026-08-10.csv; volume_mad_millions=0.0; outstanding_mad_millions=2876; export has a middle gap
bam_interbank_weighted_average,2002-06-30,2002-07-01,2002-07-01,0.024569999999999998,current_official_historical_export,Bank Al-Maghrib,daily,decimal_rate,True,CONSERVATIVE_NEXT_ORIGIN,UNKNOWN,bam_interbank_oldest_1000_2026-08-10.csv; volume_mad_millions=0.0; outstanding_mad_millions=2876; export has a middle gap
bam_interbank_weighted_average,2002-07-01,2002-07-02,2002-07-02,0.02467,current_official_historical_export,Bank Al-Maghrib,daily,decimal_rate,True,CONSERVATIVE_NEXT_ORIGIN,UNKNOWN,bam_interbank_oldest_1000_2026-08-10.csv; volume_mad_millions=1668.0; outstanding_mad_millions=2843; export has a middle gap
bam_interbank_weighted_average,2002-07-02,2002-07-03,2002-07-03,0.02474,current_official_historical_export,Bank Al-Maghrib,daily,decimal_rate,True,CONSERVATIVE_NEXT_ORIGIN,UNKNOWN,bam_interbank_oldest_1000_2026-08-10.csv; volume_mad_millions=1173.0; outstanding_mad_millions=2348; export has a middle gap
bam_interbank_weighted_average,2002-07-03,2002-07-04,2002-07-04,0.0297,current_official_historical_export,Bank Al-Maghrib,daily,decimal_rate,True,CONSERVATIVE_NEXT_ORIGIN,UNKNOWN,bam_interbank_oldest_1000_2026-08-10.csv; volume_mad_millions=397.0; outstanding_mad_millions=1572; export has a middle gap
bam_interbank_weighted_average,2002-07-04,2002-07-05,2002-07-05,0.028319999999999998,current_official_historical_export,Bank Al-Maghrib,daily,decimal_rate,True,CONSERVATIVE_NEXT_ORIGIN,UNKNOWN,bam_interbank_oldest_1000_2026-08-10.csv; volume_mad_millions=541.0; outstanding_mad_millions=1716; export has a middle gap
bam_interbank_weighted_average,2002-07-05,2002-07-06,2002-07-06,0.024980000000000002,current_official_historical_export,Bank Al-Maghrib,daily,decimal_rate,True,CONSERVATIVE_NEXT_ORIGIN,UNKNOWN,bam_interbank_oldest_1000_2026-08-10.csv; volume_mad_millions=1089.0; outstanding_mad_millions=2264; export has a middle gap
bam_interbank_weighted_average,2002-07-06,2002-07-07,2002-07-07,0.024980000000000002,current_official_historical_export,Bank Al-Maghrib,daily,decimal_rate,True,CONSERVATIVE_NEXT_ORIGIN,UNKNOWN,bam_interbank_oldest_1000_2026-08-10.csv; volume_mad_millions=0.0; outstanding_mad_millions=2264; export has a middle gap
bam_interbank_weighted_average,2002-07-07,2002-07-08,2002-07-08,0.024980000000000002,current_official_historical_export,Bank Al-Maghrib,daily,decimal_rate,True,CONSERVATIVE_NEXT_ORIGIN,UNKNOWN,bam_interbank_oldest_1000_2026-08-10.csv; volume_mad_millions=0.0; outstanding_mad_millions=2264; export has a middle gap
bam_interbank_weighted_average,2002-07-08,2002-07-09,2002-07-09,0.02545,current_official_historical_export,Bank Al-Maghrib,daily,decimal_rate,True,CONSERVATIVE_NEXT_ORIGIN,UNKNOWN,bam_interbank_oldest_1000_2026-08-10.csv; volume_mad_millions=1122.0; outstanding_mad_millions=2297; export has a middle gap
bam_interbank_weighted_average,2002-07-09,2002-07-10,2002-07-10,0.02503,current_official_historical_export,Bank Al-Maghrib,daily,decimal_rate,True,CONSERVATIVE_NEXT_ORIGIN,UNKNOWN,bam_interbank_oldest_1000_2026-08-10.csv; volume_mad_millions=1218.0; outstanding_mad_millions=2343; export has a middle gap
bam_interbank_weighted_average,2002-07-10,2002-07-11,2002-07-11,0.02442,current_official_historical_export,Bank Al-Maghrib,daily,decimal_rate,True,CONSERVATIVE_NEXT_ORIGIN,UNKNOWN,bam_interbank_oldest_1000_2026-08-10.csv; volume_mad_millions=1376.0; outstanding_mad_millions=2451; export has a middle gap
bam_interbank_weighted_average,2002-07-11,2002-07-12,2002-07-12,0.02466,current_official_historical_export,Bank Al-Maghrib,daily,decimal_rate,True,CONSERVATIVE_NEXT_ORIGIN,UNKNOWN,bam_interbank_oldest_1000_2026-08-10.csv; volume_mad_millions=1310.0; outstanding_mad_millions=2345; export has a middle gap
bam_interbank_weighted_average,2002-07-12,2002-07-13,2002-07-13,0.02659,current_official_historical_export,Bank Al-Maghrib,daily,decimal_rate,True,CONSERVATIVE_NEXT_ORIGIN,UNKNOWN,bam_interbank_oldest_1000_2026-08-10.csv; volume_mad_millions=1445.0; outstanding_mad_millions=2480; export has a middle gap
bam_interbank_weighted_average,2002-07-13,2002-07-14,2002-07-14,0.02659,current_official_historical_export,Bank Al-Maghrib,daily,decimal_rate,True,CONSERVATIVE_NEXT_ORIGIN,UNKNOWN,bam_interbank_oldest_1000_2026-08-10.csv; volume_mad_millions=0.0; outstanding_mad_millions=2480; export has a middle gap
bam_interbank_weighted_average,2002-07-14,2002-07-15,2002-07-15,0.02659,current_official_historical_export,Bank Al-Maghrib,daily,decimal_rate,True,CONSERVATIVE_NEXT_ORIGIN,UNKNOWN,bam_interbank_oldest_1000_2026-08-10.csv; volume_mad_millions=0.0; outstanding_mad_millions=2480; export has a middle gap
bam_interbank_weighted_average,2002-07-15,2002-07-16,2002-07-16,0.02875,current_official_historical_export,Bank Al-Maghrib,daily,decimal_rate,True,CONSERVATIVE_NEXT_ORIGIN,UNKNOWN,bam_interbank_oldest_1000_2026-08-10.csv; volume_mad_millions=1162.0; outstanding_mad_millions=2147; export has a middle gap
bam_interbank_weighted_average,2002-07-16,2002-07-17,2002-07-17,0.02825,current_official_historical_export,Bank Al-Maghrib,daily,decimal_rate,True,CONSERVATIVE_NEXT_ORIGIN,UNKNOWN,bam_interbank_oldest_1000_2026-08-10.csv; volume_mad_millions=1806.0; outstanding_mad_millions=2791; export has a middle gap
bam_interbank_weighted_average,2002-07-17,2002-07-18,2002-07-18,0.03088,current_official_historical_export,Bank Al-Maghrib,daily,decimal_rate,True,CONSERVATIVE_NEXT_ORIGIN,UNKNOWN,bam_interbank_oldest_1000_2026-08-10.csv; volume_mad_millions=2244.0; outstanding_mad_millions=3229; export has a middle gap
bam_interbank_weighted_average,2002-07-18,2002-07-19,2002-07-19,0.03143,current_official_historical_export,Bank Al-Maghrib,daily,decimal_rate,True,CONSERVATIVE_NEXT_ORIGIN,UNKNOWN,bam_interbank_oldest_1000_2026-08-10.csv; volume_mad_millions=1867.0; outstanding_mad_millions=2852; export has a middle gap
bam_interbank_weighted_average,2002-07-19,2002-07-20,2002-07-20,0.02859,current_official_historical_export,Bank Al-Maghrib,daily,decimal_rate,True,CONSERVATIVE_NEXT_ORIGIN,UNKNOWN,bam_interbank_oldest_1000_2026-08-10.csv; volume_mad_millions=1167.0; outstanding_mad_millions=2152; export has a middle gap
bam_interbank_weighted_average,2002-07-20,2002-07-21,2002-07-21,0.02859,current_official_historical_export,Bank Al-Maghrib,daily,decimal_rate,True,CONSERVATIVE_NEXT_ORIGIN,UNKNOWN,bam_interbank_oldest_1000_2026-08-10.csv; volume_mad_millions=0.0; outstanding_mad_millions=2152; export has a middle gap
bam_interbank_weighted_average,2002-07-21,2002-07-22,2002-07-22,0.02859,current_official_historical_export,Bank Al-Maghrib,daily,decimal_rate,True,CONSERVATIVE_NEXT_ORIGIN,UNKNOWN,bam_interbank_oldest_1000_2026-08-10.csv; volume_mad_millions=0.0; outstanding_mad_millions=2152; export has a middle gap
bam_interbank_weighted_average,2002-07-22,2002-07-23,2002-07-23,0.027839999999999997,current_official_historical_export,Bank Al-Maghrib,daily,decimal_rate,True,CONSERVATIVE_NEXT_ORIGIN,UNKNOWN,bam_interbank_oldest_1000_2026-08-10.csv; volume_mad_millions=695.0; outstanding_mad_millions=1680; export has a middle gap
bam_interbank_weighted_average,2002-07-23,2002-07-24,2002-07-24,0.02725,current_official_historical_export,Bank Al-Maghrib,daily,decimal_rate,True,CONSERVATIVE_NEXT_ORIGIN,UNKNOWN,bam_interbank_oldest_1000_2026-08-10.csv; volume_mad_millions=881.0; outstanding_mad_millions=1866; export has a middle gap
bam_interbank_weighted_average,2002-07-24,2002-07-25,2002-07-25,0.0268,current_official_historical_export,Bank Al-Maghrib,daily,decimal_rate,True,CONSERVATIVE_NEXT_ORIGIN,UNKNOWN,bam_interbank_oldest_1000_2026-08-10.csv; volume_mad_millions=1080.0; outstanding_mad_millions=2065; export has a middle gap
bam_interbank_weighted_average,2002-07-25,2002-07-26,2002-07-26,0.02735,current_official_historical_export,Bank Al-Maghrib,daily,decimal_rate,True,CONSERVATIVE_NEXT_ORIGIN,UNKNOWN,bam_interbank_oldest_1000_2026-08-10.csv; volume_mad_millions=1073.0; outstanding_mad_millions=2058; export has a middle gap
bam_interbank_weighted_average,2002-07-26,2002-07-27,2002-07-27,0.03074,current_official_historical_export,Bank Al-Maghrib,daily,decimal_rate,True,CONSERVATIVE_NEXT_ORIGIN,UNKNOWN,bam_interbank_oldest_1000_2026-08-10.csv; volume_mad_millions=1178.0; outstanding_mad_millions=2163; export has a middle gap
bam_interbank_weighted_average,2002-07-27,2002-07-28,2002-07-28,0.03074,current_official_historical_export,Bank Al-Maghrib,daily,decimal_rate,True,CONSERVATIVE_NEXT_ORIGIN,UNKNOWN,bam_interbank_oldest_1000_2026-08-10.csv; volume_mad_millions=0.0; outstanding_mad_millions=2163; export has a middle gap
bam_interbank_weighted_average,2002-07-28,2002-07-29,2002-07-29,0.03074,current_official_historical_export,Bank Al-Maghrib,daily,decimal_rate,True,CONSERVATIVE_NEXT_ORIGIN,UNKNOWN,bam_interbank_oldest_1000_2026-08-10.csv; volume_mad_millions=0.0; outstanding_mad_millions=2163; export has a middle gap
bam_interbank_weighted_average,2002-07-29,2002-07-30,2002-07-30,0.03718,current_official_historical_export,Bank Al-Maghrib,daily,decimal_rate,True,CONSERVATIVE_NEXT_ORIGIN,UNKNOWN,bam_interbank_oldest_1000_2026-08-10.csv; volume_mad_millions=1614.0; outstanding_mad_millions=2599; export has a middle gap
bam_interbank_weighted_average,2002-07-30,2002-07-31,2002-07-31,0.03718,current_official_historical_export,Bank Al-Maghrib,daily,decimal_rate,True,CONSERVATIVE_NEXT_ORIGIN,UNKNOWN,bam_interbank_oldest_1000_2026-08-10.csv; volume_mad_millions=0.0; outstanding_mad_millions=2599; export has a middle gap
bam_interbank_weighted_average,2002-07-31,2002-08-01,2002-08-01,0.035859999999999996,current_official_historical_export,Bank Al-Maghrib,daily,decimal_rate,True,CONSERVATIVE_NEXT_ORIGIN,UNKNOWN,bam_interbank_oldest_1000_2026-08-10.csv; volume_mad_millions=1874.0; outstanding_mad_millions=2859; export has a middle gap
bam_interbank_weighted_average,2002-08-01,2002-08-02,2002-08-02,0.03163,current_official_historical_export,Bank Al-Maghrib,daily,decimal_rate,True,CONSERVATIVE_NEXT_ORIGIN,UNKNOWN,bam_interbank_oldest_1000_2026-08-10.csv; volume_mad_millions=3629.0; outstanding_mad_millions=4614; export has a middle gap
bam_interbank_weighted_average,2002-08-02,2002-08-03,2002-08-03,0.030430000000000002,current_official_historical_export,Bank Al-Maghrib,daily,decimal_rate,True,CONSERVATIVE_NEXT_ORIGIN,UNKNOWN,bam_interbank_oldest_1000_2026-08-10.csv; volume_mad_millions=3314.0; outstanding_mad_millions=4299; export has a middle gap
bam_interbank_weighted_average,2002-08-03,2002-08-04,2002-08-04,0.030430000000000002,current_official_historical_export,Bank Al-Maghrib,daily,decimal_rate,True,CONSERVATIVE_NEXT_ORIGIN,UNKNOWN,bam_interbank_oldest_1000_2026-08-10.csv; volume_mad_millions=0.0; outstanding_mad_millions=4299; export has a middle gap
bam_interbank_weighted_average,2002-08-04,2002-08-05,2002-08-05,0.030430000000000002,current_official_historical_export,Bank Al-Maghrib,daily,decimal_rate,True,CONSERVATIVE_NEXT_ORIGIN,UNKNOWN,bam_interbank_oldest_1000_2026-08-10.csv; volume_mad_millions=0.0; outstanding_mad_millions=4299; export has a middle gap
bam_interbank_weighted_average,2002-08-05,2002-08-06,2002-08-06,0.02915,current_official_historical_export,Bank Al-Maghrib,daily,decimal_rate,True,CONSERVATIVE_NEXT_ORIGIN,UNKNOWN,bam_interbank_oldest_1000_2026-08-10.csv; volume_mad_millions=2969.0; outstanding_mad_millions=3938; export has a middle gap
bam_interbank_weighted_average,2002-08-06,2002-08-07,2002-08-07,0.02793,current_official_historical_export,Bank Al-Maghrib,daily,decimal_rate,True,CONSERVATIVE_NEXT_ORIGIN,UNKNOWN,bam_interbank_oldest_1000_2026-08-10.csv; volume_mad_millions=1685.0; outstanding_mad_millions=2654; export has a middle gap
bam_interbank_weighted_average,2002-08-07,2002-08-08,2002-08-08,0.02775,current_official_historical_export,Bank Al-Maghrib,daily,decimal_rate,True,CONSERVATIVE_NEXT_ORIGIN,UNKNOWN,bam_interbank_oldest_1000_2026-08-10.csv; volume_mad_millions=1822.0; outstanding_mad_millions=2791; export has a middle gap
bam_interbank_weighted_average,2002-08-08,2002-08-09,2002-08-09,0.02748,current_official_historical_export,Bank Al-Maghrib,daily,decimal_rate,True,CONSERVATIVE_NEXT_ORIGIN,UNKNOWN,bam_interbank_oldest_1000_2026-08-10.csv; volume_mad_millions=1600.0; outstanding_mad_millions=2569; export has a middle gap
bam_interbank_weighted_average,2002-08-09,2002-08-10,2002-08-10,0.027919999999999997,current_official_historical_export,Bank Al-Maghrib,daily,decimal_rate,True,CONSERVATIVE_NEXT_ORIGIN,UNKNOWN,bam_interbank_oldest_1000_2026-08-10.csv; volume_mad_millions=1352.0; outstanding_mad_millions=2321; export has a middle gap
bam_interbank_weighted_average,2002-08-10,2002-08-11,2002-08-11,0.027919999999999997,current_official_historical_export,Bank Al-Maghrib,daily,decimal_rate,True,CONSERVATIVE_NEXT_ORIGIN,UNKNOWN,bam_interbank_oldest_1000_2026-08-10.csv; volume_mad_millions=0.0; outstanding_mad_millions=2321; export has a middle gap
bam_interbank_weighted_average,2002-08-11,2002-08-12,2002-08-12,0.027919999999999997,current_official_historical_export,Bank Al-Maghrib,daily,decimal_rate,True,CONSERVATIVE_NEXT_ORIGIN,UNKNOWN,bam_interbank_oldest_1000_2026-08-10.csv; volume_mad_millions=0.0; outstanding_mad_millions=2321; export has a middle gap
bam_interbank_weighted_average,2002-08-12,2002-08-13,2002-08-13,0.026469999999999997,current_official_historical_export,Bank Al-Maghrib,daily,decimal_rate,True,CONSERVATIVE_NEXT_ORIGIN,UNKNOWN,bam_interbank_oldest_1000_2026-08-10.csv; volume_mad_millions=1709.0; outstanding_mad_millions=2678; export has a middle gap
bam_interbank_weighted_average,2002-08-13,2002-08-14,2002-08-14,0.02637,current_official_historical_export,Bank Al-Maghrib,daily,decimal_rate,True,CONSERVATIVE_NEXT_ORIGIN,UNKNOWN,bam_interbank_oldest_1000_2026-08-10.csv; volume_mad_millions=1751.0; outstanding_mad_millions=2720; export has a middle gap
bam_interbank_weighted_average,2002-08-14,2002-08-15,2002-08-15,0.02637,current_official_historical_export,Bank Al-Maghrib,daily,decimal_rate,True,CONSERVATIVE_NEXT_ORIGIN,UNKNOWN,bam_interbank_oldest_1000_2026-08-10.csv; volume_mad_millions=0.0; outstanding_mad_millions=2720; export has a middle gap
bam_interbank_weighted_average,2002-08-15,2002-08-16,2002-08-16,0.02641,current_official_historical_export,Bank Al-Maghrib,daily,decimal_rate,True,CONSERVATIVE_NEXT_ORIGIN,UNKNOWN,bam_interbank_oldest_1000_2026-08-10.csv; volume_mad_millions=1893.0; outstanding_mad_millions=2862; export has a middle gap
bam_interbank_weighted_average,2002-08-16,2002-08-17,2002-08-17,0.02691,current_official_historical_export,Bank Al-Maghrib,daily,decimal_rate,True,CONSERVATIVE_NEXT_ORIGIN,UNKNOWN,bam_interbank_oldest_1000_2026-08-10.csv; volume_mad_millions=1392.0; outstanding_mad_millions=2361; export has a middle gap
bam_interbank_weighted_average,2002-08-17,2002-08-18,2002-08-18,0.02691,current_official_historical_export,Bank Al-Maghrib,daily,decimal_rate,True,CONSERVATIVE_NEXT_ORIGIN,UNKNOWN,bam_interbank_oldest_1000_2026-08-10.csv; volume_mad_millions=0.0; outstanding_mad_millions=2361; export has a middle gap
bam_interbank_weighted_average,2002-08-18,2002-08-19,2002-08-19,0.02691,current_official_historical_export,Bank Al-Maghrib,daily,decimal_rate,True,CONSERVATIVE_NEXT_ORIGIN,UNKNOWN,bam_interbank_oldest_1000_2026-08-10.csv; volume_mad_millions=0.0; outstanding_mad_millions=2361; export has a middle gap
bam_interbank_weighted_average,2002-08-19,2002-08-20,2002-08-20,0.026539999999999998,current_official_historical_export,Bank Al-Maghrib,daily,decimal_rate,True,CONSERVATIVE_NEXT_ORIGIN,UNKNOWN,bam_interbank_oldest_1000_2026-08-10.csv; volume_mad_millions=639.0; outstanding_mad_millions=1608; export has a middle gap
bam_interbank_weighted_average,2002-08-20,2002-08-21,2002-08-21,0.026539999999999998,current_official_historical_export,Bank Al-Maghrib,daily,decimal_rate,True,CONSERVATIVE_NEXT_ORIGIN,UNKNOWN,bam_interbank_oldest_1000_2026-08-10.csv; volume_mad_millions=0.0; outstanding_mad_millions=1608; export has a middle gap
bam_interbank_weighted_average,2002-08-21,2002-08-22,2002-08-22,0.026539999999999998,current_official_historical_export,Bank Al-Maghrib,daily,decimal_rate,True,CONSERVATIVE_NEXT_ORIGIN,UNKNOWN,bam_interbank_oldest_1000_2026-08-10.csv; volume_mad_millions=0.0; outstanding_mad_millions=1608; export has a middle gap
bam_interbank_weighted_average,2002-08-22,2002-08-23,2002-08-23,0.02657,current_official_historical_export,Bank Al-Maghrib,daily,decimal_rate,True,CONSERVATIVE_NEXT_ORIGIN,UNKNOWN,bam_interbank_oldest_1000_2026-08-10.csv; volume_mad_millions=909.0; outstanding_mad_millions=1878; export has a middle gap
bam_interbank_weighted_average,2002-08-23,2002-08-24,2002-08-24,0.02741,current_official_historical_export,Bank Al-Maghrib,daily,decimal_rate,True,CONSERVATIVE_NEXT_ORIGIN,UNKNOWN,bam_interbank_oldest_1000_2026-08-10.csv; volume_mad_millions=1661.0; outstanding_mad_millions=2630; export has a middle gap
bam_interbank_weighted_average,2002-08-24,2002-08-25,2002-08-25,0.02741,current_official_historical_export,Bank Al-Maghrib,daily,decimal_rate,True,CONSERVATIVE_NEXT_ORIGIN,UNKNOWN,bam_interbank_oldest_1000_2026-08-10.csv; volume_mad_millions=0.0; outstanding_mad_millions=2630; export has a middle gap
bam_interbank_weighted_average,2002-08-25,2002-08-26,2002-08-26,0.02741,current_official_historical_export,Bank Al-Maghrib,daily,decimal_rate,True,CONSERVATIVE_NEXT_ORIGIN,UNKNOWN,bam_interbank_oldest_1000_2026-08-10.csv; volume_mad_millions=0.0; outstanding_mad_millions=2630; export has a middle gap
bam_interbank_weighted_average,2002-08-26,2002-08-27,2002-08-27,0.027450000000000002,current_official_historical_export,Bank Al-Maghrib,daily,decimal_rate,True,CONSERVATIVE_NEXT_ORIGIN,UNKNOWN,bam_interbank_oldest_1000_2026-08-10.csv; volume_mad_millions=2109.0; outstanding_mad_millions=3078; export has a middle gap
bam_interbank_weighted_average,2002-08-27,2002-08-28,2002-08-28,0.02754,current_official_historical_export,Bank Al-Maghrib,daily,decimal_rate,True,CONSERVATIVE_NEXT_ORIGIN,UNKNOWN,bam_interbank_oldest_1000_2026-08-10.csv; volume_mad_millions=2008.0; outstanding_mad_millions=2977; export has a middle gap
bam_interbank_weighted_average,2002-08-28,2002-08-29,2002-08-29,0.027559999999999998,current_official_historical_export,Bank Al-Maghrib,daily,decimal_rate,True,CONSERVATIVE_NEXT_ORIGIN,UNKNOWN,bam_interbank_oldest_1000_2026-08-10.csv; volume_mad_millions=2103.0; outstanding_mad_millions=3072; export has a middle gap
bam_interbank_weighted_average,2002-08-29,2002-08-30,2002-08-30,0.0277,current_official_historical_export,Bank Al-Maghrib,daily,decimal_rate,True,CONSERVATIVE_NEXT_ORIGIN,UNKNOWN,bam_interbank_oldest_1000_2026-08-10.csv; volume_mad_millions=1342.0; outstanding_mad_millions=2311; export has a middle gap
bam_interbank_weighted_average,2002-08-30,2002-08-31,2002-08-31,0.026520000000000002,current_official_historical_export,Bank Al-Maghrib,daily,decimal_rate,True,CONSERVATIVE_NEXT_ORIGIN,UNKNOWN,bam_interbank_oldest_1000_2026-08-10.csv; volume_mad_millions=1260.0; outstanding_mad_millions=2229; export has a middle gap
bam_interbank_weighted_average,2002-08-31,2002-09-01,2002-09-01,0.026520000000000002,current_official_historical_export,Bank Al-Maghrib,daily,decimal_rate,True,CONSERVATIVE_NEXT_ORIGIN,UNKNOWN,bam_interbank_oldest_1000_2026-08-10.csv; volume_mad_millions=0.0; outstanding_mad_millions=2229; export has a middle gap
bam_interbank_weighted_average,2002-09-01,2002-09-02,2002-09-02,0.026520000000000002,current_official_historical_export,Bank Al-Maghrib,daily,decimal_rate,True,CONSERVATIVE_NEXT_ORIGIN,UNKNOWN,bam_interbank_oldest_1000_2026-08-10.csv; volume_mad_millions=0.0; outstanding_mad_millions=2229; export has a middle gap
bam_interbank_weighted_average,2002-09-02,2002-09-03,2002-09-03,0.02904,current_official_historical_export,Bank Al-Maghrib,daily,decimal_rate,True,CONSERVATIVE_NEXT_ORIGIN,UNKNOWN,bam_interbank_oldest_1000_2026-08-10.csv; volume_mad_millions=1117.0; outstanding_mad_millions=2086; export has a middle gap
bam_interbank_weighted_average,2002-09-03,2002-09-04,2002-09-04,0.02782,current_official_historical_export,Bank Al-Maghrib,daily,decimal_rate,True,CONSERVATIVE_NEXT_ORIGIN,UNKNOWN,bam_interbank_oldest_1000_2026-08-10.csv; volume_mad_millions=1530.0; outstanding_mad_millions=2499; export has a middle gap
bam_interbank_weighted_average,2002-09-04,2002-09-05,2002-09-05,0.0269,current_official_historical_export,Bank Al-Maghrib,daily,decimal_rate,True,CONSERVATIVE_NEXT_ORIGIN,UNKNOWN,bam_interbank_oldest_1000_2026-08-10.csv; volume_mad_millions=1757.0; outstanding_mad_millions=2726; export has a middle gap
bam_interbank_weighted_average,2002-09-05,2002-09-06,2002-09-06,0.02762,current_official_historical_export,Bank Al-Maghrib,daily,decimal_rate,True,CONSERVATIVE_NEXT_ORIGIN,UNKNOWN,bam_interbank_oldest_1000_2026-08-10.csv; volume_mad_millions=1223.0; outstanding_mad_millions=2192; export has a middle gap
bam_interbank_weighted_average,2002-09-06,2002-09-07,2002-09-07,0.026539999999999998,current_official_historical_export,Bank Al-Maghrib,daily,decimal_rate,True,CONSERVATIVE_NEXT_ORIGIN,UNKNOWN,bam_interbank_oldest_1000_2026-08-10.csv; volume_mad_millions=1798.0; outstanding_mad_millions=2767; export has a middle gap
bam_interbank_weighted_average,2002-09-07,2002-09-08,2002-09-08,0.026539999999999998,current_official_historical_export,Bank Al-Maghrib,daily,decimal_rate,True,CONSERVATIVE_NEXT_ORIGIN,UNKNOWN,bam_interbank_oldest_1000_2026-08-10.csv; volume_mad_millions=0.0; outstanding_mad_millions=2767; export has a middle gap
bam_interbank_weighted_average,2002-09-08,2002-09-09,2002-09-09,0.026539999999999998,current_official_historical_export,Bank Al-Maghrib,daily,decimal_rate,True,CONSERVATIVE_NEXT_ORIGIN,UNKNOWN,bam_interbank_oldest_1000_2026-08-10.csv; volume_mad_millions=0.0; outstanding_mad_millions=2767; export has a middle gap
bam_interbank_weighted_average,2002-09-09,2002-09-10,2002-09-10,0.029500000000000002,current_official_historical_export,Bank Al-Maghrib,daily,decimal_rate,True,CONSERVATIVE_NEXT_ORIGIN,UNKNOWN,bam_interbank_oldest_1000_2026-08-10.csv; volume_mad_millions=579.0; outstanding_mad_millions=1548; export has a middle gap
bam_interbank_weighted_average,2002-09-10,2002-09-11,2002-09-11,0.02965,current_official_historical_export,Bank Al-Maghrib,daily,decimal_rate,True,CONSERVATIVE_NEXT_ORIGIN,UNKNOWN,bam_interbank_oldest_1000_2026-08-10.csv; volume_mad_millions=527.0; outstanding_mad_millions=1496; export has a middle gap
bam_interbank_weighted_average,2002-09-11,2002-09-12,2002-09-12,0.02971,current_official_historical_export,Bank Al-Maghrib,daily,decimal_rate,True,CONSERVATIVE_NEXT_ORIGIN,UNKNOWN,bam_interbank_oldest_1000_2026-08-10.csv; volume_mad_millions=532.0; outstanding_mad_millions=1501; export has a middle gap
bam_interbank_weighted_average,2002-09-12,2002-09-13,2002-09-13,0.030379999999999997,current_official_historical_export,Bank Al-Maghrib,daily,decimal_rate,True,CONSERVATIVE_NEXT_ORIGIN,UNKNOWN,bam_interbank_oldest_1000_2026-08-10.csv; volume_mad_millions=463.0; outstanding_mad_millions=1432; export has a middle gap
bam_interbank_weighted_average,2002-09-13,2002-09-14,2002-09-14,0.02855,current_official_historical_export,Bank Al-Maghrib,daily,decimal_rate,True,CONSERVATIVE_NEXT_ORIGIN,UNKNOWN,bam_interbank_oldest_1000_2026-08-10.csv; volume_mad_millions=684.0; outstanding_mad_millions=1653; export has a middle gap
bam_interbank_weighted_average,2002-09-16,2002-09-17,2002-09-17,0.02798,current_official_historical_export,Bank Al-Maghrib,daily,decimal_rate,True,CONSERVATIVE_NEXT_ORIGIN,UNKNOWN,bam_interbank_oldest_1000_2026-08-10.csv; volume_mad_millions=468.0; outstanding_mad_millions=1437; export has a middle gap
bam_interbank_weighted_average,2002-09-17,2002-09-18,2002-09-18,0.02436,current_official_historical_export,Bank Al-Maghrib,daily,decimal_rate,True,CONSERVATIVE_NEXT_ORIGIN,UNKNOWN,bam_interbank_oldest_1000_2026-08-10.csv; volume_mad_millions=501.0; outstanding_mad_millions=1470; export has a middle gap
bam_interbank_weighted_average,2002-09-18,2002-09-19,2002-09-19,0.03541,current_official_historical_export,Bank Al-Maghrib,daily,decimal_rate,True,CONSERVATIVE_NEXT_ORIGIN,UNKNOWN,bam_interbank_oldest_1000_2026-08-10.csv; volume_mad_millions=242.0; outstanding_mad_millions=1211; export has a middle gap
bam_interbank_weighted_average,2002-09-19,2002-09-20,2002-09-20,0.03588,current_official_historical_export,Bank Al-Maghrib,daily,decimal_rate,True,CONSERVATIVE_NEXT_ORIGIN,UNKNOWN,bam_interbank_oldest_1000_2026-08-10.csv; volume_mad_millions=232.0; outstanding_mad_millions=1201; export has a middle gap
bam_interbank_weighted_average,2002-09-20,2002-09-21,2002-09-21,0.03557,current_official_historical_export,Bank Al-Maghrib,daily,decimal_rate,True,CONSERVATIVE_NEXT_ORIGIN,UNKNOWN,bam_interbank_oldest_1000_2026-08-10.csv; volume_mad_millions=221.0; outstanding_mad_millions=1190; export has a middle gap
bam_interbank_weighted_average,2002-09-21,2002-09-22,2002-09-22,0.03557,current_official_historical_export,Bank Al-Maghrib,daily,decimal_rate,True,CONSERVATIVE_NEXT_ORIGIN,UNKNOWN,bam_interbank_oldest_1000_2026-08-10.csv; volume_mad_millions=0.0; outstanding_mad_millions=1190; export has a middle gap
bam_interbank_weighted_average,2002-09-22,2002-09-23,2002-09-23,0.03557,current_official_historical_export,Bank Al-Maghrib,daily,decimal_rate,True,CONSERVATIVE_NEXT_ORIGIN,UNKNOWN,bam_interbank_oldest_1000_2026-08-10.csv; volume_mad_millions=0.0; outstanding_mad_millions=1190; export has a middle gap
bam_interbank_weighted_average,2002-09-23,2002-09-24,2002-09-24,0.025339999999999998,current_official_historical_export,Bank Al-Maghrib,daily,decimal_rate,True,CONSERVATIVE_NEXT_ORIGIN,UNKNOWN,bam_interbank_oldest_1000_2026-08-10.csv; volume_mad_millions=313.0; outstanding_mad_millions=1282; export has a middle gap
bam_interbank_weighted_average,2002-09-24,2002-09-25,2002-09-25,0.03543,current_official_historical_export,Bank Al-Maghrib,daily,decimal_rate,True,CONSERVATIVE_NEXT_ORIGIN,UNKNOWN,bam_interbank_oldest_1000_2026-08-10.csv; volume_mad_millions=219.0; outstanding_mad_millions=1188; export has a middle gap
bam_interbank_weighted_average,2002-09-25,2002-09-26,2002-09-26,0.03455,current_official_historical_export,Bank Al-Maghrib,daily,decimal_rate,True,CONSERVATIVE_NEXT_ORIGIN,UNKNOWN,bam_interbank_oldest_1000_2026-08-10.csv; volume_mad_millions=198.0; outstanding_mad_millions=1167; export has a middle gap
bam_interbank_weighted_average,2002-09-26,2002-09-27,2002-09-27,0.034769999999999995,current_official_historical_export,Bank Al-Maghrib,daily,decimal_rate,True,CONSERVATIVE_NEXT_ORIGIN,UNKNOWN,bam_interbank_oldest_1000_2026-08-10.csv; volume_mad_millions=195.0; outstanding_mad_millions=1164; export has a middle gap
bam_interbank_weighted_average,2002-09-27,2002-09-28,2002-09-28,0.03565,current_official_historical_export,Bank Al-Maghrib,daily,decimal_rate,True,CONSERVATIVE_NEXT_ORIGIN,UNKNOWN,bam_interbank_oldest_1000_2026-08-10.csv; volume_mad_millions=184.0; outstanding_mad_millions=1153; export has a middle gap
bam_interbank_weighted_average,2002-09-28,2002-09-29,2002-09-29,0.03565,current_official_historical_export,Bank Al-Maghrib,daily,decimal_rate,True,CONSERVATIVE_NEXT_ORIGIN,UNKNOWN,bam_interbank_oldest_1000_2026-08-10.csv; volume_mad_millions=0.0; outstanding_mad_millions=1153; export has a middle gap
bam_interbank_weighted_average,2002-09-29,2002-09-30,2002-09-30,0.03565,current_official_historical_export,Bank Al-Maghrib,daily,decimal_rate,True,CONSERVATIVE_NEXT_ORIGIN,UNKNOWN,bam_interbank_oldest_1000_2026-08-10.csv; volume_mad_millions=0.0; outstanding_mad_millions=1153; export has a middle gap
bam_interbank_weighted_average,2002-09-30,2002-10-01,2002-10-01,0.03637,current_official_historical_export,Bank Al-Maghrib,daily,decimal_rate,True,CONSERVATIVE_NEXT_ORIGIN,UNKNOWN,bam_interbank_oldest_1000_2026-08-10.csv; volume_mad_millions=182.0; outstanding_mad_millions=1151; export has a middle gap
bam_interbank_weighted_average,2002-10-01,2002-10-02,2002-10-02,0.03405,current_official_historical_export,Bank Al-Maghrib,daily,decimal_rate,True,CONSERVATIVE_NEXT_ORIGIN,UNKNOWN,bam_interbank_oldest_1000_2026-08-10.csv; volume_mad_millions=215.0; outstanding_mad_millions=1184; export has a middle gap
bam_interbank_weighted_average,2002-10-02,2002-10-03,2002-10-03,0.03565,current_official_historical_export,Bank Al-Maghrib,daily,decimal_rate,True,CONSERVATIVE_NEXT_ORIGIN,UNKNOWN,bam_interbank_oldest_1000_2026-08-10.csv; volume_mad_millions=193.0; outstanding_mad_millions=1162; export has a middle gap
bam_interbank_weighted_average,2002-10-03,2002-10-04,2002-10-04,0.036379999999999996,current_official_historical_export,Bank Al-Maghrib,daily,decimal_rate,True,CONSERVATIVE_NEXT_ORIGIN,UNKNOWN,bam_interbank_oldest_1000_2026-08-10.csv; volume_mad_millions=188.0; outstanding_mad_millions=1157; export has a middle gap
bam_interbank_weighted_average,2002-10-04,2002-10-05,2002-10-05,0.02839,current_official_historical_export,Bank Al-Maghrib,daily,decimal_rate,True,CONSERVATIVE_NEXT_ORIGIN,UNKNOWN,bam_interbank_oldest_1000_2026-08-10.csv; volume_mad_millions=618.0; outstanding_mad_millions=1687; export has a middle gap
bam_interbank_weighted_average,2002-10-05,2002-10-06,2002-10-06,0.02839,current_official_historical_export,Bank Al-Maghrib,daily,decimal_rate,True,CONSERVATIVE_NEXT_ORIGIN,UNKNOWN,bam_interbank_oldest_1000_2026-08-10.csv; volume_mad_millions=0.0; outstanding_mad_millions=1687; export has a middle gap
bam_interbank_weighted_average,2002-10-06,2002-10-07,2002-10-07,0.02839,current_official_historical_export,Bank Al-Maghrib,daily,decimal_rate,True,CONSERVATIVE_NEXT_ORIGIN,UNKNOWN,bam_interbank_oldest_1000_2026-08-10.csv; volume_mad_millions=0.0; outstanding_mad_millions=1687; export has a middle gap
bam_interbank_weighted_average,2002-10-07,2002-10-08,2002-10-08,0.026539999999999998,current_official_historical_export,Bank Al-Maghrib,daily,decimal_rate,True,CONSERVATIVE_NEXT_ORIGIN,UNKNOWN,bam_interbank_oldest_1000_2026-08-10.csv; volume_mad_millions=1403.0; outstanding_mad_millions=2472; export has a middle gap
bam_interbank_weighted_average,2002-10-08,2002-10-09,2002-10-09,0.02666,current_official_historical_export,Bank Al-Maghrib,daily,decimal_rate,True,CONSERVATIVE_NEXT_ORIGIN,UNKNOWN,bam_interbank_oldest_1000_2026-08-10.csv; volume_mad_millions=2063.0; outstanding_mad_millions=3132; export has a middle gap
bam_interbank_weighted_average,2002-10-09,2002-10-10,2002-10-10,0.02686,current_official_historical_export,Bank Al-Maghrib,daily,decimal_rate,True,CONSERVATIVE_NEXT_ORIGIN,UNKNOWN,bam_interbank_oldest_1000_2026-08-10.csv; volume_mad_millions=1601.0; outstanding_mad_millions=2670; export has a middle gap
bam_interbank_weighted_average,2002-10-10,2002-10-11,2002-10-11,0.026709999999999998,current_official_historical_export,Bank Al-Maghrib,daily,decimal_rate,True,CONSERVATIVE_NEXT_ORIGIN,UNKNOWN,bam_interbank_oldest_1000_2026-08-10.csv; volume_mad_millions=1753.0; outstanding_mad_millions=2822; export has a middle gap
bam_interbank_weighted_average,2002-10-11,2002-10-12,2002-10-12,0.026549999999999997,current_official_historical_export,Bank Al-Maghrib,daily,decimal_rate,True,CONSERVATIVE_NEXT_ORIGIN,UNKNOWN,bam_interbank_oldest_1000_2026-08-10.csv; volume_mad_millions=1458.0; outstanding_mad_millions=2527; export has a middle gap
bam_interbank_weighted_average,2002-10-12,2002-10-13,2002-10-13,0.026549999999999997,current_official_historical_export,Bank Al-Maghrib,daily,decimal_rate,True,CONSERVATIVE_NEXT_ORIGIN,UNKNOWN,bam_interbank_oldest_1000_2026-08-10.csv; volume_mad_millions=0.0; outstanding_mad_millions=2527; export has a middle gap
bam_interbank_weighted_average,2002-10-13,2002-10-14,2002-10-14,0.026549999999999997,current_official_historical_export,Bank Al-Maghrib,daily,decimal_rate,True,CONSERVATIVE_NEXT_ORIGIN,UNKNOWN,bam_interbank_oldest_1000_2026-08-10.csv; volume_mad_millions=0.0; outstanding_mad_millions=2527; export has a middle gap
bam_interbank_weighted_average,2002-10-14,2002-10-15,2002-10-15,0.02651,current_official_historical_export,Bank Al-Maghrib,daily,decimal_rate,True,CONSERVATIVE_NEXT_ORIGIN,UNKNOWN,bam_interbank_oldest_1000_2026-08-10.csv; volume_mad_millions=1661.0; outstanding_mad_millions=2730; export has a middle gap
bam_interbank_weighted_average,2002-10-15,2002-10-16,2002-10-16,0.026549999999999997,current_official_historical_export,Bank Al-Maghrib,daily,decimal_rate,True,CONSERVATIVE_NEXT_ORIGIN,UNKNOWN,bam_interbank_oldest_1000_2026-08-10.csv; volume_mad_millions=1494.0; outstanding_mad_millions=2563; export has a middle gap
bam_interbank_weighted_average,2002-10-16,2002-10-17,2002-10-17,0.02648,current_official_historical_export,Bank Al-Maghrib,daily,decimal_rate,True,CONSERVATIVE_NEXT_ORIGIN,UNKNOWN,bam_interbank_oldest_1000_2026-08-10.csv; volume_mad_millions=1581.0; outstanding_mad_millions=2650; export has a middle gap
bam_interbank_weighted_average,2002-10-17,2002-10-18,2002-10-18,0.02645,current_official_historical_export,Bank Al-Maghrib,daily,decimal_rate,True,CONSERVATIVE_NEXT_ORIGIN,UNKNOWN,bam_interbank_oldest_1000_2026-08-10.csv; volume_mad_millions=2123.0; outstanding_mad_millions=3192; export has a middle gap
bam_interbank_weighted_average,2002-10-18,2002-10-19,2002-10-19,0.02726,current_official_historical_export,Bank Al-Maghrib,daily,decimal_rate,True,CONSERVATIVE_NEXT_ORIGIN,UNKNOWN,bam_interbank_oldest_1000_2026-08-10.csv; volume_mad_millions=2316.0; outstanding_mad_millions=3385; export has a middle gap
bam_interbank_weighted_average,2002-10-19,2002-10-20,2002-10-20,0.02726,current_official_historical_export,Bank Al-Maghrib,daily,decimal_rate,True,CONSERVATIVE_NEXT_ORIGIN,UNKNOWN,bam_interbank_oldest_1000_2026-08-10.csv; volume_mad_millions=0.0; outstanding_mad_millions=3385; export has a middle gap
bam_interbank_weighted_average,2002-10-20,2002-10-21,2002-10-21,0.02726,current_official_historical_export,Bank Al-Maghrib,daily,decimal_rate,True,CONSERVATIVE_NEXT_ORIGIN,UNKNOWN,bam_interbank_oldest_1000_2026-08-10.csv; volume_mad_millions=0.0; outstanding_mad_millions=3385; export has a middle gap
bam_interbank_weighted_average,2002-10-21,2002-10-22,2002-10-22,0.0264,current_official_historical_export,Bank Al-Maghrib,daily,decimal_rate,True,CONSERVATIVE_NEXT_ORIGIN,UNKNOWN,bam_interbank_oldest_1000_2026-08-10.csv; volume_mad_millions=1619.0; outstanding_mad_millions=2688; export has a middle gap
bam_interbank_weighted_average,2002-10-22,2002-10-23,2002-10-23,0.02621,current_official_historical_export,Bank Al-Maghrib,daily,decimal_rate,True,CONSERVATIVE_NEXT_ORIGIN,UNKNOWN,bam_interbank_oldest_1000_2026-08-10.csv; volume_mad_millions=1636.0; outstanding_mad_millions=2705; export has a middle gap
bam_interbank_weighted_average,2002-10-23,2002-10-24,2002-10-24,0.026160000000000003,current_official_historical_export,Bank Al-Maghrib,daily,decimal_rate,True,CONSERVATIVE_NEXT_ORIGIN,UNKNOWN,bam_interbank_oldest_1000_2026-08-10.csv; volume_mad_millions=1623.0; outstanding_mad_millions=2752; export has a middle gap
bam_interbank_weighted_average,2002-10-24,2002-10-25,2002-10-25,0.026309999999999997,current_official_historical_export,Bank Al-Maghrib,daily,decimal_rate,True,CONSERVATIVE_NEXT_ORIGIN,UNKNOWN,bam_interbank_oldest_1000_2026-08-10.csv; volume_mad_millions=1424.0; outstanding_mad_millions=2553; export has a middle gap
bam_interbank_weighted_average,2002-10-25,2002-10-26,2002-10-26,0.026600000000000002,current_official_historical_export,Bank Al-Maghrib,daily,decimal_rate,True,CONSERVATIVE_NEXT_ORIGIN,UNKNOWN,bam_interbank_oldest_1000_2026-08-10.csv; volume_mad_millions=1150.0; outstanding_mad_millions=2279; export has a middle gap
bam_interbank_weighted_average,2002-10-26,2002-10-27,2002-10-27,0.026600000000000002,current_official_historical_export,Bank Al-Maghrib,daily,decimal_rate,True,CONSERVATIVE_NEXT_ORIGIN,UNKNOWN,bam_interbank_oldest_1000_2026-08-10.csv; volume_mad_millions=0.0; outstanding_mad_millions=2279; export has a middle gap
bam_interbank_weighted_average,2002-10-27,2002-10-28,2002-10-28,0.026600000000000002,current_official_historical_export,Bank Al-Maghrib,daily,decimal_rate,True,CONSERVATIVE_NEXT_ORIGIN,UNKNOWN,bam_interbank_oldest_1000_2026-08-10.csv; volume_mad_millions=0.0; outstanding_mad_millions=2279; export has a middle gap
bam_interbank_weighted_average,2002-10-28,2002-10-29,2002-10-29,0.02718,current_official_historical_export,Bank Al-Maghrib,daily,decimal_rate,True,CONSERVATIVE_NEXT_ORIGIN,UNKNOWN,bam_interbank_oldest_1000_2026-08-10.csv; volume_mad_millions=670.0; outstanding_mad_millions=1799; export has a middle gap
bam_interbank_weighted_average,2002-10-29,2002-10-30,2002-10-30,0.028730000000000002,current_official_historical_export,Bank Al-Maghrib,daily,decimal_rate,True,CONSERVATIVE_NEXT_ORIGIN,UNKNOWN,bam_interbank_oldest_1000_2026-08-10.csv; volume_mad_millions=463.0; outstanding_mad_millions=1577; export has a middle gap
bam_interbank_weighted_average,2002-10-30,2002-10-31,2002-10-31,0.028820000000000002,current_official_historical_export,Bank Al-Maghrib,daily,decimal_rate,True,CONSERVATIVE_NEXT_ORIGIN,UNKNOWN,bam_interbank_oldest_1000_2026-08-10.csv; volume_mad_millions=456.0; outstanding_mad_millions=1570; export has a middle gap
bam_interbank_weighted_average,2002-10-31,2002-11-01,2002-11-01,0.02461,current_official_historical_export,Bank Al-Maghrib,daily,decimal_rate,True,CONSERVATIVE_NEXT_ORIGIN,UNKNOWN,bam_interbank_oldest_1000_2026-08-10.csv; volume_mad_millions=865.0; outstanding_mad_millions=1979; export has a middle gap
bam_interbank_weighted_average,2002-11-01,2002-11-02,2002-11-02,0.02513,current_official_historical_export,Bank Al-Maghrib,daily,decimal_rate,True,CONSERVATIVE_NEXT_ORIGIN,UNKNOWN,bam_interbank_oldest_1000_2026-08-10.csv; volume_mad_millions=815.0; outstanding_mad_millions=1929; export has a middle gap
bam_interbank_weighted_average,2002-11-02,2002-11-03,2002-11-03,0.02513,current_official_historical_export,Bank Al-Maghrib,daily,decimal_rate,True,CONSERVATIVE_NEXT_ORIGIN,UNKNOWN,bam_interbank_oldest_1000_2026-08-10.csv; volume_mad_millions=0.0; outstanding_mad_millions=1929; export has a middle gap
bam_interbank_weighted_average,2002-11-03,2002-11-04,2002-11-04,0.02513,current_official_historical_export,Bank Al-Maghrib,daily,decimal_rate,True,CONSERVATIVE_NEXT_ORIGIN,UNKNOWN,bam_interbank_oldest_1000_2026-08-10.csv; volume_mad_millions=0.0; outstanding_mad_millions=1929; export has a middle gap
bam_interbank_weighted_average,2002-11-04,2002-11-05,2002-11-05,0.02681,current_official_historical_export,Bank Al-Maghrib,daily,decimal_rate,True,CONSERVATIVE_NEXT_ORIGIN,UNKNOWN,bam_interbank_oldest_1000_2026-08-10.csv; volume_mad_millions=987.0; outstanding_mad_millions=2031; export has a middle gap
bam_interbank_weighted_average,2002-11-05,2002-11-06,2002-11-06,0.02626,current_official_historical_export,Bank Al-Maghrib,daily,decimal_rate,True,CONSERVATIVE_NEXT_ORIGIN,UNKNOWN,bam_interbank_oldest_1000_2026-08-10.csv; volume_mad_millions=1464.0; outstanding_mad_millions=2508; export has a middle gap
bam_interbank_weighted_average,2002-11-06,2002-11-07,2002-11-07,0.02626,current_official_historical_export,Bank Al-Maghrib,daily,decimal_rate,True,CONSERVATIVE_NEXT_ORIGIN,UNKNOWN,bam_interbank_oldest_1000_2026-08-10.csv; volume_mad_millions=0.0; outstanding_mad_millions=2508; export has a middle gap
bam_interbank_weighted_average,2002-11-07,2002-11-08,2002-11-08,0.02605,current_official_historical_export,Bank Al-Maghrib,daily,decimal_rate,True,CONSERVATIVE_NEXT_ORIGIN,UNKNOWN,bam_interbank_oldest_1000_2026-08-10.csv; volume_mad_millions=1865.0; outstanding_mad_millions=2909; export has a middle gap
bam_interbank_weighted_average,2002-11-08,2002-11-09,2002-11-09,0.026080000000000002,current_official_historical_export,Bank Al-Maghrib,daily,decimal_rate,True,CONSERVATIVE_NEXT_ORIGIN,UNKNOWN,bam_interbank_oldest_1000_2026-08-10.csv; volume_mad_millions=1864.0; outstanding_mad_millions=2908; export has a middle gap
bam_interbank_weighted_average,2002-11-09,2002-11-10,2002-11-10,0.026080000000000002,current_official_historical_export,Bank Al-Maghrib,daily,decimal_rate,True,CONSERVATIVE_NEXT_ORIGIN,UNKNOWN,bam_interbank_oldest_1000_2026-08-10.csv; volume_mad_millions=0.0; outstanding_mad_millions=2908; export has a middle gap
bam_interbank_weighted_average,2002-11-10,2002-11-11,2002-11-11,0.026080000000000002,current_official_historical_export,Bank Al-Maghrib,daily,decimal_rate,True,CONSERVATIVE_NEXT_ORIGIN,UNKNOWN,bam_interbank_oldest_1000_2026-08-10.csv; volume_mad_millions=0.0; outstanding_mad_millions=2908; export has a middle gap
bam_interbank_weighted_average,2002-11-11,2002-11-12,2002-11-12,0.02597,current_official_historical_export,Bank Al-Maghrib,daily,decimal_rate,True,CONSERVATIVE_NEXT_ORIGIN,UNKNOWN,bam_interbank_oldest_1000_2026-08-10.csv; volume_mad_millions=2088.0; outstanding_mad_millions=3132; export has a middle gap
bam_interbank_weighted_average,2002-11-12,2002-11-13,2002-11-13,0.02618,current_official_historical_export,Bank Al-Maghrib,daily,decimal_rate,True,CONSERVATIVE_NEXT_ORIGIN,UNKNOWN,bam_interbank_oldest_1000_2026-08-10.csv; volume_mad_millions=2049.0; outstanding_mad_millions=3093; export has a middle gap
bam_interbank_weighted_average,2002-11-13,2002-11-14,2002-11-14,0.026309999999999997,current_official_historical_export,Bank Al-Maghrib,daily,decimal_rate,True,CONSERVATIVE_NEXT_ORIGIN,UNKNOWN,bam_interbank_oldest_1000_2026-08-10.csv; volume_mad_millions=1868.0; outstanding_mad_millions=2912; export has a middle gap
bam_interbank_weighted_average,2002-11-14,2002-11-15,2002-11-15,0.026150000000000003,current_official_historical_export,Bank Al-Maghrib,daily,decimal_rate,True,CONSERVATIVE_NEXT_ORIGIN,UNKNOWN,bam_interbank_oldest_1000_2026-08-10.csv; volume_mad_millions=1867.0; outstanding_mad_millions=2911; export has a middle gap
bam_interbank_weighted_average,2002-11-15,2002-11-16,2002-11-16,0.02609,current_official_historical_export,Bank Al-Maghrib,daily,decimal_rate,True,CONSERVATIVE_NEXT_ORIGIN,UNKNOWN,bam_interbank_oldest_1000_2026-08-10.csv; volume_mad_millions=2003.0; outstanding_mad_millions=3087; export has a middle gap
bam_interbank_weighted_average,2002-11-16,2002-11-17,2002-11-17,0.02609,current_official_historical_export,Bank Al-Maghrib,daily,decimal_rate,True,CONSERVATIVE_NEXT_ORIGIN,UNKNOWN,bam_interbank_oldest_1000_2026-08-10.csv; volume_mad_millions=0.0; outstanding_mad_millions=3087; export has a middle gap
bam_interbank_weighted_average,2002-11-17,2002-11-18,2002-11-18,0.02609,current_official_historical_export,Bank Al-Maghrib,daily,decimal_rate,True,CONSERVATIVE_NEXT_ORIGIN,UNKNOWN,bam_interbank_oldest_1000_2026-08-10.csv; volume_mad_millions=0.0; outstanding_mad_millions=3087; export has a middle gap
bam_interbank_weighted_average,2002-11-18,2002-11-19,2002-11-19,0.02609,current_official_historical_export,Bank Al-Maghrib,daily,decimal_rate,True,CONSERVATIVE_NEXT_ORIGIN,UNKNOWN,bam_interbank_oldest_1000_2026-08-10.csv; volume_mad_millions=0.0; outstanding_mad_millions=3087; export has a middle gap
bam_interbank_weighted_average,2002-11-19,2002-11-20,2002-11-20,0.02732,current_official_historical_export,Bank Al-Maghrib,daily,decimal_rate,True,CONSERVATIVE_NEXT_ORIGIN,UNKNOWN,bam_interbank_oldest_1000_2026-08-10.csv; volume_mad_millions=2334.0; outstanding_mad_millions=3418; export has a middle gap
bam_interbank_weighted_average,2002-11-20,2002-11-21,2002-11-21,0.0281,current_official_historical_export,Bank Al-Maghrib,daily,decimal_rate,True,CONSERVATIVE_NEXT_ORIGIN,UNKNOWN,bam_interbank_oldest_1000_2026-08-10.csv; volume_mad_millions=2054.0; outstanding_mad_millions=3138; export has a middle gap
bam_interbank_weighted_average,2002-11-21,2002-11-22,2002-11-22,0.026789999999999998,current_official_historical_export,Bank Al-Maghrib,daily,decimal_rate,True,CONSERVATIVE_NEXT_ORIGIN,UNKNOWN,bam_interbank_oldest_1000_2026-08-10.csv; volume_mad_millions=1143.0; outstanding_mad_millions=2227; export has a middle gap
bam_interbank_weighted_average,2002-11-22,2002-11-23,2002-11-23,0.02624,current_official_historical_export,Bank Al-Maghrib,daily,decimal_rate,True,CONSERVATIVE_NEXT_ORIGIN,UNKNOWN,bam_interbank_oldest_1000_2026-08-10.csv; volume_mad_millions=1578.0; outstanding_mad_millions=2662; export has a middle gap
bam_interbank_weighted_average,2002-11-23,2002-11-24,2002-11-24,0.02624,current_official_historical_export,Bank Al-Maghrib,daily,decimal_rate,True,CONSERVATIVE_NEXT_ORIGIN,UNKNOWN,bam_interbank_oldest_1000_2026-08-10.csv; volume_mad_millions=0.0; outstanding_mad_millions=2662; export has a middle gap
bam_interbank_weighted_average,2002-11-24,2002-11-25,2002-11-25,0.02624,current_official_historical_export,Bank Al-Maghrib,daily,decimal_rate,True,CONSERVATIVE_NEXT_ORIGIN,UNKNOWN,bam_interbank_oldest_1000_2026-08-10.csv; volume_mad_millions=0.0; outstanding_mad_millions=2662; export has a middle gap
bam_interbank_weighted_average,2002-11-25,2002-11-26,2002-11-26,0.02702,current_official_historical_export,Bank Al-Maghrib,daily,decimal_rate,True,CONSERVATIVE_NEXT_ORIGIN,UNKNOWN,bam_interbank_oldest_1000_2026-08-10.csv; volume_mad_millions=1023.0; outstanding_mad_millions=2107; export has a middle gap
bam_interbank_weighted_average,2002-11-26,2002-11-27,2002-11-27,0.032549999999999996,current_official_historical_export,Bank Al-Maghrib,daily,decimal_rate,True,CONSERVATIVE_NEXT_ORIGIN,UNKNOWN,bam_interbank_oldest_1000_2026-08-10.csv; volume_mad_millions=268.0; outstanding_mad_millions=1352; export has a middle gap
bam_interbank_weighted_average,2002-11-27,2002-11-28,2002-11-28,0.03273,current_official_historical_export,Bank Al-Maghrib,daily,decimal_rate,True,CONSERVATIVE_NEXT_ORIGIN,UNKNOWN,bam_interbank_oldest_1000_2026-08-10.csv; volume_mad_millions=271.0; outstanding_mad_millions=1355; export has a middle gap
bam_interbank_weighted_average,2002-11-28,2002-11-29,2002-11-29,0.03137,current_official_historical_export,Bank Al-Maghrib,daily,decimal_rate,True,CONSERVATIVE_NEXT_ORIGIN,UNKNOWN,bam_interbank_oldest_1000_2026-08-10.csv; volume_mad_millions=313.0; outstanding_mad_millions=1397; export has a middle gap
bam_interbank_weighted_average,2002-11-29,2002-11-30,2002-11-30,0.03143,current_official_historical_export,Bank Al-Maghrib,daily,decimal_rate,True,CONSERVATIVE_NEXT_ORIGIN,UNKNOWN,bam_interbank_oldest_1000_2026-08-10.csv; volume_mad_millions=318.0; outstanding_mad_millions=1402; export has a middle gap
bam_interbank_weighted_average,2002-11-30,2002-12-01,2002-12-01,0.03143,current_official_historical_export,Bank Al-Maghrib,daily,decimal_rate,True,CONSERVATIVE_NEXT_ORIGIN,UNKNOWN,bam_interbank_oldest_1000_2026-08-10.csv; volume_mad_millions=0.0; outstanding_mad_millions=1402; export has a middle gap
bam_interbank_weighted_average,2002-12-01,2002-12-02,2002-12-02,0.03143,current_official_historical_export,Bank Al-Maghrib,daily,decimal_rate,True,CONSERVATIVE_NEXT_ORIGIN,UNKNOWN,bam_interbank_oldest_1000_2026-08-10.csv; volume_mad_millions=0.0; outstanding_mad_millions=1402; export has a middle gap
bam_interbank_weighted_average,2002-12-02,2002-12-03,2002-12-03,0.02603,current_official_historical_export,Bank Al-Maghrib,daily,decimal_rate,True,CONSERVATIVE_NEXT_ORIGIN,UNKNOWN,bam_interbank_oldest_1000_2026-08-10.csv; volume_mad_millions=2068.0; outstanding_mad_millions=3152; export has a middle gap
bam_interbank_weighted_average,2002-12-03,2002-12-04,2002-12-04,0.025990000000000003,current_official_historical_export,Bank Al-Maghrib,daily,decimal_rate,True,CONSERVATIVE_NEXT_ORIGIN,UNKNOWN,bam_interbank_oldest_1000_2026-08-10.csv; volume_mad_millions=2123.0; outstanding_mad_millions=3207; export has a middle gap
bam_interbank_weighted_average,2002-12-04,2002-12-05,2002-12-05,0.02314,current_official_historical_export,Bank Al-Maghrib,daily,decimal_rate,True,CONSERVATIVE_NEXT_ORIGIN,UNKNOWN,bam_interbank_oldest_1000_2026-08-10.csv; volume_mad_millions=2156.0; outstanding_mad_millions=3240; export has a middle gap
bam_interbank_weighted_average,2002-12-05,2002-12-06,2002-12-06,0.02228,current_official_historical_export,Bank Al-Maghrib,daily,decimal_rate,True,CONSERVATIVE_NEXT_ORIGIN,UNKNOWN,bam_interbank_oldest_1000_2026-08-10.csv; volume_mad_millions=2493.0; outstanding_mad_millions=3577; export has a middle gap
bam_interbank_weighted_average,2002-12-06,2002-12-07,2002-12-07,0.02228,current_official_historical_export,Bank Al-Maghrib,daily,decimal_rate,True,CONSERVATIVE_NEXT_ORIGIN,UNKNOWN,bam_interbank_oldest_1000_2026-08-10.csv; volume_mad_millions=0.0; outstanding_mad_millions=3577; export has a middle gap
bam_interbank_weighted_average,2002-12-07,2002-12-08,2002-12-08,0.02228,current_official_historical_export,Bank Al-Maghrib,daily,decimal_rate,True,CONSERVATIVE_NEXT_ORIGIN,UNKNOWN,bam_interbank_oldest_1000_2026-08-10.csv; volume_mad_millions=0.0; outstanding_mad_millions=3577; export has a middle gap
bam_interbank_weighted_average,2002-12-08,2002-12-09,2002-12-09,0.02228,current_official_historical_export,Bank Al-Maghrib,daily,decimal_rate,True,CONSERVATIVE_NEXT_ORIGIN,UNKNOWN,bam_interbank_oldest_1000_2026-08-10.csv; volume_mad_millions=0.0; outstanding_mad_millions=3577; export has a middle gap
bam_interbank_weighted_average,2002-12-09,2002-12-10,2002-12-10,0.025150000000000002,current_official_historical_export,Bank Al-Maghrib,daily,decimal_rate,True,CONSERVATIVE_NEXT_ORIGIN,UNKNOWN,bam_interbank_oldest_1000_2026-08-10.csv; volume_mad_millions=1892.0; outstanding_mad_millions=2976; export has a middle gap
bam_interbank_weighted_average,2002-12-10,2002-12-11,2002-12-11,0.02512,current_official_historical_export,Bank Al-Maghrib,daily,decimal_rate,True,CONSERVATIVE_NEXT_ORIGIN,UNKNOWN,bam_interbank_oldest_1000_2026-08-10.csv; volume_mad_millions=1873.0; outstanding_mad_millions=2957; export has a middle gap
bam_interbank_weighted_average,2002-12-11,2002-12-12,2002-12-12,0.024940000000000004,current_official_historical_export,Bank Al-Maghrib,daily,decimal_rate,True,CONSERVATIVE_NEXT_ORIGIN,UNKNOWN,bam_interbank_oldest_1000_2026-08-10.csv; volume_mad_millions=1887.0; outstanding_mad_millions=2971; export has a middle gap
bam_interbank_weighted_average,2002-12-12,2002-12-13,2002-12-13,0.03275,current_official_historical_export,Bank Al-Maghrib,daily,decimal_rate,True,CONSERVATIVE_NEXT_ORIGIN,UNKNOWN,bam_interbank_oldest_1000_2026-08-10.csv; volume_mad_millions=228.0; outstanding_mad_millions=1312; export has a middle gap
bam_interbank_weighted_average,2002-12-13,2002-12-14,2002-12-14,0.03321,current_official_historical_export,Bank Al-Maghrib,daily,decimal_rate,True,CONSERVATIVE_NEXT_ORIGIN,UNKNOWN,bam_interbank_oldest_1000_2026-08-10.csv; volume_mad_millions=225.0; outstanding_mad_millions=1309; export has a middle gap
bam_interbank_weighted_average,2002-12-14,2002-12-15,2002-12-15,0.03321,current_official_historical_export,Bank Al-Maghrib,daily,decimal_rate,True,CONSERVATIVE_NEXT_ORIGIN,UNKNOWN,bam_interbank_oldest_1000_2026-08-10.csv; volume_mad_millions=0.0; outstanding_mad_millions=1309; export has a middle gap
bam_interbank_weighted_average,2002-12-15,2002-12-16,2002-12-16,0.03321,current_official_historical_export,Bank Al-Maghrib,daily,decimal_rate,True,CONSERVATIVE_NEXT_ORIGIN,UNKNOWN,bam_interbank_oldest_1000_2026-08-10.csv; volume_mad_millions=0.0; outstanding_mad_millions=1309; export has a middle gap
bam_interbank_weighted_average,2002-12-16,2002-12-17,2002-12-17,0.03231,current_official_historical_export,Bank Al-Maghrib,daily,decimal_rate,True,CONSERVATIVE_NEXT_ORIGIN,UNKNOWN,bam_interbank_oldest_1000_2026-08-10.csv; volume_mad_millions=260.0; outstanding_mad_millions=1344; export has a middle gap
bam_interbank_weighted_average,2002-12-17,2002-12-18,2002-12-18,0.032440000000000004,current_official_historical_export,Bank Al-Maghrib,daily,decimal_rate,True,CONSERVATIVE_NEXT_ORIGIN,UNKNOWN,bam_interbank_oldest_1000_2026-08-10.csv; volume_mad_millions=230.0; outstanding_mad_millions=1314; export has a middle gap
bam_interbank_weighted_average,2002-12-18,2002-12-19,2002-12-19,0.03256,current_official_historical_export,Bank Al-Maghrib,daily,decimal_rate,True,CONSERVATIVE_NEXT_ORIGIN,UNKNOWN,bam_interbank_oldest_1000_2026-08-10.csv; volume_mad_millions=230.0; outstanding_mad_millions=1314; export has a middle gap
bam_interbank_weighted_average,2002-12-19,2002-12-20,2002-12-20,0.03281,current_official_historical_export,Bank Al-Maghrib,daily,decimal_rate,True,CONSERVATIVE_NEXT_ORIGIN,UNKNOWN,bam_interbank_oldest_1000_2026-08-10.csv; volume_mad_millions=222.0; outstanding_mad_millions=1306; export has a middle gap
bam_interbank_weighted_average,2002-12-20,2002-12-21,2002-12-21,0.0329,current_official_historical_export,Bank Al-Maghrib,daily,decimal_rate,True,CONSERVATIVE_NEXT_ORIGIN,UNKNOWN,bam_interbank_oldest_1000_2026-08-10.csv; volume_mad_millions=220.0; outstanding_mad_millions=1304; export has a middle gap
bam_interbank_weighted_average,2002-12-21,2002-12-22,2002-12-22,0.0329,current_official_historical_export,Bank Al-Maghrib,daily,decimal_rate,True,CONSERVATIVE_NEXT_ORIGIN,UNKNOWN,bam_interbank_oldest_1000_2026-08-10.csv; volume_mad_millions=0.0; outstanding_mad_millions=1304; export has a middle gap
bam_interbank_weighted_average,2002-12-22,2002-12-23,2002-12-23,0.0329,current_official_historical_export,Bank Al-Maghrib,daily,decimal_rate,True,CONSERVATIVE_NEXT_ORIGIN,UNKNOWN,bam_interbank_oldest_1000_2026-08-10.csv; volume_mad_millions=0.0; outstanding_mad_millions=1304; export has a middle gap
bam_interbank_weighted_average,2002-12-23,2002-12-24,2002-12-24,0.0326,current_official_historical_export,Bank Al-Maghrib,daily,decimal_rate,True,CONSERVATIVE_NEXT_ORIGIN,UNKNOWN,bam_interbank_oldest_1000_2026-08-10.csv; volume_mad_millions=238.0; outstanding_mad_millions=1322; export has a middle gap
bam_interbank_weighted_average,2002-12-24,2002-12-25,2002-12-25,0.03215,current_official_historical_export,Bank Al-Maghrib,daily,decimal_rate,True,CONSERVATIVE_NEXT_ORIGIN,UNKNOWN,bam_interbank_oldest_1000_2026-08-10.csv; volume_mad_millions=241.0; outstanding_mad_millions=1325; export has a middle gap
bam_interbank_weighted_average,2002-12-25,2002-12-26,2002-12-26,0.03228,current_official_historical_export,Bank Al-Maghrib,daily,decimal_rate,True,CONSERVATIVE_NEXT_ORIGIN,UNKNOWN,bam_interbank_oldest_1000_2026-08-10.csv; volume_mad_millions=233.0; outstanding_mad_millions=1317; export has a middle gap
bam_interbank_weighted_average,2002-12-26,2002-12-27,2002-12-27,0.02894,current_official_historical_export,Bank Al-Maghrib,daily,decimal_rate,True,CONSERVATIVE_NEXT_ORIGIN,UNKNOWN,bam_interbank_oldest_1000_2026-08-10.csv; volume_mad_millions=602.0; outstanding_mad_millions=1686; export has a middle gap
bam_interbank_weighted_average,2002-12-27,2002-12-28,2002-12-28,0.0298,current_official_historical_export,Bank Al-Maghrib,daily,decimal_rate,True,CONSERVATIVE_NEXT_ORIGIN,UNKNOWN,bam_interbank_oldest_1000_2026-08-10.csv; volume_mad_millions=597.0; outstanding_mad_millions=1681; export has a middle gap
bam_interbank_weighted_average,2002-12-28,2002-12-29,2002-12-29,0.0298,current_official_historical_export,Bank Al-Maghrib,daily,decimal_rate,True,CONSERVATIVE_NEXT_ORIGIN,UNKNOWN,bam_interbank_oldest_1000_2026-08-10.csv; volume_mad_millions=0.0; outstanding_mad_millions=1681; export has a middle gap
bam_interbank_weighted_average,2002-12-29,2002-12-30,2002-12-30,0.0298,current_official_historical_export,Bank Al-Maghrib,daily,decimal_rate,True,CONSERVATIVE_NEXT_ORIGIN,UNKNOWN,bam_interbank_oldest_1000_2026-08-10.csv; volume_mad_millions=0.0; outstanding_mad_millions=1681; export has a middle gap
bam_interbank_weighted_average,2002-12-30,2002-12-31,2002-12-31,0.030590000000000003,current_official_historical_export,Bank Al-Maghrib,daily,decimal_rate,True,CONSERVATIVE_NEXT_ORIGIN,UNKNOWN,bam_interbank_oldest_1000_2026-08-10.csv; volume_mad_millions=573.0; outstanding_mad_millions=1657; export has a middle gap
bam_interbank_weighted_average,2002-12-31,2003-01-01,2003-01-01,0.0329,current_official_historical_export,Bank Al-Maghrib,daily,decimal_rate,True,CONSERVATIVE_NEXT_ORIGIN,UNKNOWN,bam_interbank_oldest_1000_2026-08-10.csv; volume_mad_millions=2118.0; outstanding_mad_millions=3202; export has a middle gap
bam_interbank_weighted_average,2003-01-01,2003-01-02,2003-01-02,0.0329,current_official_historical_export,Bank Al-Maghrib,daily,decimal_rate,True,CONSERVATIVE_NEXT_ORIGIN,UNKNOWN,bam_interbank_oldest_1000_2026-08-10.csv; volume_mad_millions=0.0; outstanding_mad_millions=3202; export has a middle gap
bam_interbank_weighted_average,2003-01-02,2003-01-03,2003-01-03,0.03049,current_official_historical_export,Bank Al-Maghrib,daily,decimal_rate,True,CONSERVATIVE_NEXT_ORIGIN,UNKNOWN,bam_interbank_oldest_1000_2026-08-10.csv; volume_mad_millions=1745.0; outstanding_mad_millions=2829; export has a middle gap
bam_interbank_weighted_average,2003-01-03,2003-01-04,2003-01-04,0.03216,current_official_historical_export,Bank Al-Maghrib,daily,decimal_rate,True,CONSERVATIVE_NEXT_ORIGIN,UNKNOWN,bam_interbank_oldest_1000_2026-08-10.csv; volume_mad_millions=1833.0; outstanding_mad_millions=2917; export has a middle gap
bam_interbank_weighted_average,2003-01-04,2003-01-05,2003-01-05,0.03216,current_official_historical_export,Bank Al-Maghrib,daily,decimal_rate,True,CONSERVATIVE_NEXT_ORIGIN,UNKNOWN,bam_interbank_oldest_1000_2026-08-10.csv; volume_mad_millions=0.0; outstanding_mad_millions=2917; export has a middle gap
bam_interbank_weighted_average,2003-01-05,2003-01-06,2003-01-06,0.03216,current_official_historical_export,Bank Al-Maghrib,daily,decimal_rate,True,CONSERVATIVE_NEXT_ORIGIN,UNKNOWN,bam_interbank_oldest_1000_2026-08-10.csv; volume_mad_millions=0.0; outstanding_mad_millions=2917; export has a middle gap
bam_interbank_weighted_average,2003-01-06,2003-01-07,2003-01-07,0.03276,current_official_historical_export,Bank Al-Maghrib,daily,decimal_rate,True,CONSERVATIVE_NEXT_ORIGIN,UNKNOWN,bam_interbank_oldest_1000_2026-08-10.csv; volume_mad_millions=1767.0; outstanding_mad_millions=2851; export has a middle gap
bam_interbank_weighted_average,2003-01-07,2003-01-08,2003-01-08,0.03778,current_official_historical_export,Bank Al-Maghrib,daily,decimal_rate,True,CONSERVATIVE_NEXT_ORIGIN,UNKNOWN,bam_interbank_oldest_1000_2026-08-10.csv; volume_mad_millions=1881.0; outstanding_mad_millions=2965; export has a middle gap
bam_interbank_weighted_average,2003-01-08,2003-01-09,2003-01-09,0.03836,current_official_historical_export,Bank Al-Maghrib,daily,decimal_rate,True,CONSERVATIVE_NEXT_ORIGIN,UNKNOWN,bam_interbank_oldest_1000_2026-08-10.csv; volume_mad_millions=1727.0; outstanding_mad_millions=2811; export has a middle gap
bam_interbank_weighted_average,2003-01-09,2003-01-10,2003-01-10,0.03941,current_official_historical_export,Bank Al-Maghrib,daily,decimal_rate,True,CONSERVATIVE_NEXT_ORIGIN,UNKNOWN,bam_interbank_oldest_1000_2026-08-10.csv; volume_mad_millions=1751.0; outstanding_mad_millions=2835; export has a middle gap
bam_interbank_weighted_average,2003-01-10,2003-01-11,2003-01-11,0.039369999999999995,current_official_historical_export,Bank Al-Maghrib,daily,decimal_rate,True,CONSERVATIVE_NEXT_ORIGIN,UNKNOWN,bam_interbank_oldest_1000_2026-08-10.csv; volume_mad_millions=1787.0; outstanding_mad_millions=2871; export has a middle gap
bam_interbank_weighted_average,2003-01-11,2003-01-12,2003-01-12,0.039369999999999995,current_official_historical_export,Bank Al-Maghrib,daily,decimal_rate,True,CONSERVATIVE_NEXT_ORIGIN,UNKNOWN,bam_interbank_oldest_1000_2026-08-10.csv; volume_mad_millions=0.0; outstanding_mad_millions=2871; export has a middle gap
bam_interbank_weighted_average,2003-01-12,2003-01-13,2003-01-13,0.039369999999999995,current_official_historical_export,Bank Al-Maghrib,daily,decimal_rate,True,CONSERVATIVE_NEXT_ORIGIN,UNKNOWN,bam_interbank_oldest_1000_2026-08-10.csv; volume_mad_millions=0.0; outstanding_mad_millions=2871; export has a middle gap
bam_interbank_weighted_average,2003-01-13,2003-01-14,2003-01-14,0.038900000000000004,current_official_historical_export,Bank Al-Maghrib,daily,decimal_rate,True,CONSERVATIVE_NEXT_ORIGIN,UNKNOWN,bam_interbank_oldest_1000_2026-08-10.csv; volume_mad_millions=1984.0; outstanding_mad_millions=3068; export has a middle gap
bam_interbank_weighted_average,2003-01-14,2003-01-15,2003-01-15,0.03701,current_official_historical_export,Bank Al-Maghrib,daily,decimal_rate,True,CONSERVATIVE_NEXT_ORIGIN,UNKNOWN,bam_interbank_oldest_1000_2026-08-10.csv; volume_mad_millions=2213.0; outstanding_mad_millions=3297; export has a middle gap
bam_interbank_weighted_average,2003-01-15,2003-01-16,2003-01-16,0.03705,current_official_historical_export,Bank Al-Maghrib,daily,decimal_rate,True,CONSERVATIVE_NEXT_ORIGIN,UNKNOWN,bam_interbank_oldest_1000_2026-08-10.csv; volume_mad_millions=2184.0; outstanding_mad_millions=3268; export has a middle gap
bam_interbank_weighted_average,2003-01-16,2003-01-17,2003-01-17,0.03775,current_official_historical_export,Bank Al-Maghrib,daily,decimal_rate,True,CONSERVATIVE_NEXT_ORIGIN,UNKNOWN,bam_interbank_oldest_1000_2026-08-10.csv; volume_mad_millions=1793.0; outstanding_mad_millions=2877; export has a middle gap
bam_interbank_weighted_average,2003-01-17,2003-01-18,2003-01-18,0.03392,current_official_historical_export,Bank Al-Maghrib,daily,decimal_rate,True,CONSERVATIVE_NEXT_ORIGIN,UNKNOWN,bam_interbank_oldest_1000_2026-08-10.csv; volume_mad_millions=1816.0; outstanding_mad_millions=2900; export has a middle gap
bam_interbank_weighted_average,2003-01-18,2003-01-19,2003-01-19,0.03392,current_official_historical_export,Bank Al-Maghrib,daily,decimal_rate,True,CONSERVATIVE_NEXT_ORIGIN,UNKNOWN,bam_interbank_oldest_1000_2026-08-10.csv; volume_mad_millions=0.0; outstanding_mad_millions=2900; export has a middle gap
bam_interbank_weighted_average,2003-01-19,2003-01-20,2003-01-20,0.03392,current_official_historical_export,Bank Al-Maghrib,daily,decimal_rate,True,CONSERVATIVE_NEXT_ORIGIN,UNKNOWN,bam_interbank_oldest_1000_2026-08-10.csv; volume_mad_millions=0.0; outstanding_mad_millions=2900; export has a middle gap
bam_interbank_weighted_average,2003-01-20,2003-01-21,2003-01-21,0.04167,current_official_historical_export,Bank Al-Maghrib,daily,decimal_rate,True,CONSERVATIVE_NEXT_ORIGIN,UNKNOWN,bam_interbank_oldest_1000_2026-08-10.csv; volume_mad_millions=1164.0; outstanding_mad_millions=2248; export has a middle gap
bam_interbank_weighted_average,2003-01-21,2003-01-22,2003-01-22,0.03076,current_official_historical_export,Bank Al-Maghrib,daily,decimal_rate,True,CONSERVATIVE_NEXT_ORIGIN,UNKNOWN,bam_interbank_oldest_1000_2026-08-10.csv; volume_mad_millions=689.0; outstanding_mad_millions=1773; export has a middle gap
bam_interbank_weighted_average,2003-01-22,2003-01-23,2003-01-23,0.030139999999999997,current_official_historical_export,Bank Al-Maghrib,daily,decimal_rate,True,CONSERVATIVE_NEXT_ORIGIN,UNKNOWN,bam_interbank_oldest_1000_2026-08-10.csv; volume_mad_millions=894.0; outstanding_mad_millions=1978; export has a middle gap
bam_interbank_weighted_average,2003-01-23,2003-01-24,2003-01-24,0.02839,current_official_historical_export,Bank Al-Maghrib,daily,decimal_rate,True,CONSERVATIVE_NEXT_ORIGIN,UNKNOWN,bam_interbank_oldest_1000_2026-08-10.csv; volume_mad_millions=1280.0; outstanding_mad_millions=2364; export has a middle gap
bam_interbank_weighted_average,2003-01-24,2003-01-25,2003-01-25,0.02839,current_official_historical_export,Bank Al-Maghrib,daily,decimal_rate,True,CONSERVATIVE_NEXT_ORIGIN,UNKNOWN,bam_interbank_oldest_1000_2026-08-10.csv; volume_mad_millions=1116.0; outstanding_mad_millions=2200; export has a middle gap
bam_interbank_weighted_average,2003-01-25,2003-01-26,2003-01-26,0.02839,current_official_historical_export,Bank Al-Maghrib,daily,decimal_rate,True,CONSERVATIVE_NEXT_ORIGIN,UNKNOWN,bam_interbank_oldest_1000_2026-08-10.csv; volume_mad_millions=0.0; outstanding_mad_millions=2200; export has a middle gap
bam_interbank_weighted_average,2003-01-26,2003-01-27,2003-01-27,0.02839,current_official_historical_export,Bank Al-Maghrib,daily,decimal_rate,True,CONSERVATIVE_NEXT_ORIGIN,UNKNOWN,bam_interbank_oldest_1000_2026-08-10.csv; volume_mad_millions=0.0; outstanding_mad_millions=2200; export has a middle gap
bam_interbank_weighted_average,2003-01-27,2003-01-28,2003-01-28,0.02995,current_official_historical_export,Bank Al-Maghrib,daily,decimal_rate,True,CONSERVATIVE_NEXT_ORIGIN,UNKNOWN,bam_interbank_oldest_1000_2026-08-10.csv; volume_mad_millions=381.0; outstanding_mad_millions=1465; export has a middle gap
bam_interbank_weighted_average,2003-01-28,2003-01-29,2003-01-29,0.029220000000000003,current_official_historical_export,Bank Al-Maghrib,daily,decimal_rate,True,CONSERVATIVE_NEXT_ORIGIN,UNKNOWN,bam_interbank_oldest_1000_2026-08-10.csv; volume_mad_millions=370.0; outstanding_mad_millions=1454; export has a middle gap
bam_interbank_weighted_average,2003-01-29,2003-01-30,2003-01-30,0.029740000000000003,current_official_historical_export,Bank Al-Maghrib,daily,decimal_rate,True,CONSERVATIVE_NEXT_ORIGIN,UNKNOWN,bam_interbank_oldest_1000_2026-08-10.csv; volume_mad_millions=512.0; outstanding_mad_millions=1596; export has a middle gap
bam_interbank_weighted_average,2003-01-30,2003-01-31,2003-01-31,0.02766,current_official_historical_export,Bank Al-Maghrib,daily,decimal_rate,True,CONSERVATIVE_NEXT_ORIGIN,UNKNOWN,bam_interbank_oldest_1000_2026-08-10.csv; volume_mad_millions=968.0; outstanding_mad_millions=2052; export has a middle gap
bam_interbank_weighted_average,2003-01-31,2003-02-01,2003-02-01,0.02962,current_official_historical_export,Bank Al-Maghrib,daily,decimal_rate,True,CONSERVATIVE_NEXT_ORIGIN,UNKNOWN,bam_interbank_oldest_1000_2026-08-10.csv; volume_mad_millions=548.0; outstanding_mad_millions=1632; export has a middle gap
bam_interbank_weighted_average,2003-02-01,2003-02-02,2003-02-02,0.02962,current_official_historical_export,Bank Al-Maghrib,daily,decimal_rate,True,CONSERVATIVE_NEXT_ORIGIN,UNKNOWN,bam_interbank_oldest_1000_2026-08-10.csv; volume_mad_millions=0.0; outstanding_mad_millions=1632; export has a middle gap
bam_interbank_weighted_average,2003-02-02,2003-02-03,2003-02-03,0.02962,current_official_historical_export,Bank Al-Maghrib,daily,decimal_rate,True,CONSERVATIVE_NEXT_ORIGIN,UNKNOWN,bam_interbank_oldest_1000_2026-08-10.csv; volume_mad_millions=0.0; outstanding_mad_millions=1632; export has a middle gap
bam_interbank_weighted_average,2003-02-03,2003-02-04,2003-02-04,0.027450000000000002,current_official_historical_export,Bank Al-Maghrib,daily,decimal_rate,True,CONSERVATIVE_NEXT_ORIGIN,UNKNOWN,bam_interbank_oldest_1000_2026-08-10.csv; volume_mad_millions=606.0; outstanding_mad_millions=1630; export has a middle gap
bam_interbank_weighted_average,2003-02-04,2003-02-05,2003-02-05,0.02641,current_official_historical_export,Bank Al-Maghrib,daily,decimal_rate,True,CONSERVATIVE_NEXT_ORIGIN,UNKNOWN,bam_interbank_oldest_1000_2026-08-10.csv; volume_mad_millions=744.0; outstanding_mad_millions=1768; export has a middle gap
bam_interbank_weighted_average,2003-02-05,2003-02-06,2003-02-06,0.02688,current_official_historical_export,Bank Al-Maghrib,daily,decimal_rate,True,CONSERVATIVE_NEXT_ORIGIN,UNKNOWN,bam_interbank_oldest_1000_2026-08-10.csv; volume_mad_millions=599.0; outstanding_mad_millions=1683; export has a middle gap
bam_interbank_weighted_average,2003-02-06,2003-02-07,2003-02-07,0.0285,current_official_historical_export,Bank Al-Maghrib,daily,decimal_rate,True,CONSERVATIVE_NEXT_ORIGIN,UNKNOWN,bam_interbank_oldest_1000_2026-08-10.csv; volume_mad_millions=535.0; outstanding_mad_millions=1619; export has a middle gap
bam_interbank_weighted_average,2003-02-07,2003-02-08,2003-02-08,0.03003,current_official_historical_export,Bank Al-Maghrib,daily,decimal_rate,True,CONSERVATIVE_NEXT_ORIGIN,UNKNOWN,bam_interbank_oldest_1000_2026-08-10.csv; volume_mad_millions=544.0; outstanding_mad_millions=1628; export has a middle gap
bam_interbank_weighted_average,2003-02-10,2003-02-11,2003-02-11,0.03325,current_official_historical_export,Bank Al-Maghrib,daily,decimal_rate,True,CONSERVATIVE_NEXT_ORIGIN,UNKNOWN,bam_interbank_oldest_1000_2026-08-10.csv; volume_mad_millions=397.0; outstanding_mad_millions=1421; export has a middle gap
bam_interbank_weighted_average,2003-02-11,2003-02-12,2003-02-12,0.03572,current_official_historical_export,Bank Al-Maghrib,daily,decimal_rate,True,CONSERVATIVE_NEXT_ORIGIN,UNKNOWN,bam_interbank_oldest_1000_2026-08-10.csv; volume_mad_millions=433.0; outstanding_mad_millions=1457; export has a middle gap
bam_interbank_weighted_average,2003-02-14,2003-02-15,2003-02-15,0.0401,current_official_historical_export,Bank Al-Maghrib,daily,decimal_rate,True,CONSERVATIVE_NEXT_ORIGIN,UNKNOWN,bam_interbank_oldest_1000_2026-08-10.csv; volume_mad_millions=400.0; outstanding_mad_millions=1424; export has a middle gap
bam_interbank_weighted_average,2003-02-17,2003-02-18,2003-02-18,0.04304,current_official_historical_export,Bank Al-Maghrib,daily,decimal_rate,True,CONSERVATIVE_NEXT_ORIGIN,UNKNOWN,bam_interbank_oldest_1000_2026-08-10.csv; volume_mad_millions=775.0; outstanding_mad_millions=1799; export has a middle gap
bam_interbank_weighted_average,2003-02-18,2003-02-19,2003-02-19,0.04247,current_official_historical_export,Bank Al-Maghrib,daily,decimal_rate,True,CONSERVATIVE_NEXT_ORIGIN,UNKNOWN,bam_interbank_oldest_1000_2026-08-10.csv; volume_mad_millions=971.0; outstanding_mad_millions=1995; export has a middle gap
bam_interbank_weighted_average,2003-02-19,2003-02-20,2003-02-20,0.04261,current_official_historical_export,Bank Al-Maghrib,daily,decimal_rate,True,CONSERVATIVE_NEXT_ORIGIN,UNKNOWN,bam_interbank_oldest_1000_2026-08-10.csv; volume_mad_millions=868.0; outstanding_mad_millions=1892; export has a middle gap
bam_interbank_weighted_average,2003-02-20,2003-02-21,2003-02-21,0.03064,current_official_historical_export,Bank Al-Maghrib,daily,decimal_rate,True,CONSERVATIVE_NEXT_ORIGIN,UNKNOWN,bam_interbank_oldest_1000_2026-08-10.csv; volume_mad_millions=451.0; outstanding_mad_millions=1475; export has a middle gap
bam_interbank_weighted_average,2003-02-21,2003-02-22,2003-02-22,0.03202,current_official_historical_export,Bank Al-Maghrib,daily,decimal_rate,True,CONSERVATIVE_NEXT_ORIGIN,UNKNOWN,bam_interbank_oldest_1000_2026-08-10.csv; volume_mad_millions=415.0; outstanding_mad_millions=1439; export has a middle gap
bam_interbank_weighted_average,2003-02-22,2003-02-23,2003-02-23,0.03202,current_official_historical_export,Bank Al-Maghrib,daily,decimal_rate,True,CONSERVATIVE_NEXT_ORIGIN,UNKNOWN,bam_interbank_oldest_1000_2026-08-10.csv; volume_mad_millions=0.0; outstanding_mad_millions=1439; export has a middle gap
bam_interbank_weighted_average,2003-02-23,2003-02-24,2003-02-24,0.03202,current_official_historical_export,Bank Al-Maghrib,daily,decimal_rate,True,CONSERVATIVE_NEXT_ORIGIN,UNKNOWN,bam_interbank_oldest_1000_2026-08-10.csv; volume_mad_millions=0.0; outstanding_mad_millions=1439; export has a middle gap
bam_interbank_weighted_average,2003-02-24,2003-02-25,2003-02-25,0.03543,current_official_historical_export,Bank Al-Maghrib,daily,decimal_rate,True,CONSERVATIVE_NEXT_ORIGIN,UNKNOWN,bam_interbank_oldest_1000_2026-08-10.csv; volume_mad_millions=563.0; outstanding_mad_millions=1587; export has a middle gap
bam_interbank_weighted_average,2003-02-25,2003-02-26,2003-02-26,0.03587,current_official_historical_export,Bank Al-Maghrib,daily,decimal_rate,True,CONSERVATIVE_NEXT_ORIGIN,UNKNOWN,bam_interbank_oldest_1000_2026-08-10.csv; volume_mad_millions=564.0; outstanding_mad_millions=1588; export has a middle gap
bam_interbank_weighted_average,2003-02-26,2003-02-27,2003-02-27,0.03504,current_official_historical_export,Bank Al-Maghrib,daily,decimal_rate,True,CONSERVATIVE_NEXT_ORIGIN,UNKNOWN,bam_interbank_oldest_1000_2026-08-10.csv; volume_mad_millions=629.0; outstanding_mad_millions=1653; export has a middle gap
bam_interbank_weighted_average,2003-02-27,2003-02-28,2003-02-28,0.03449,current_official_historical_export,Bank Al-Maghrib,daily,decimal_rate,True,CONSERVATIVE_NEXT_ORIGIN,UNKNOWN,bam_interbank_oldest_1000_2026-08-10.csv; volume_mad_millions=846.0; outstanding_mad_millions=1870; export has a middle gap
bam_interbank_weighted_average,2003-02-28,2003-03-01,2003-03-01,0.03549,current_official_historical_export,Bank Al-Maghrib,daily,decimal_rate,True,CONSERVATIVE_NEXT_ORIGIN,UNKNOWN,bam_interbank_oldest_1000_2026-08-10.csv; volume_mad_millions=398.0; outstanding_mad_millions=1422; export has a middle gap
bam_interbank_weighted_average,2003-03-01,2003-03-02,2003-03-02,0.03549,current_official_historical_export,Bank Al-Maghrib,daily,decimal_rate,True,CONSERVATIVE_NEXT_ORIGIN,UNKNOWN,bam_interbank_oldest_1000_2026-08-10.csv; volume_mad_millions=0.0; outstanding_mad_millions=1422; export has a middle gap
bam_interbank_weighted_average,2003-03-02,2003-03-03,2003-03-03,0.03549,current_official_historical_export,Bank Al-Maghrib,daily,decimal_rate,True,CONSERVATIVE_NEXT_ORIGIN,UNKNOWN,bam_interbank_oldest_1000_2026-08-10.csv; volume_mad_millions=0.0; outstanding_mad_millions=1422; export has a middle gap
bam_interbank_weighted_average,2003-03-03,2003-03-04,2003-03-04,0.03352,current_official_historical_export,Bank Al-Maghrib,daily,decimal_rate,True,CONSERVATIVE_NEXT_ORIGIN,UNKNOWN,bam_interbank_oldest_1000_2026-08-10.csv; volume_mad_millions=603.0; outstanding_mad_millions=1627; export has a middle gap
bam_interbank_weighted_average,2003-03-04,2003-03-05,2003-03-05,0.03256,current_official_historical_export,Bank Al-Maghrib,daily,decimal_rate,True,CONSERVATIVE_NEXT_ORIGIN,UNKNOWN,bam_interbank_oldest_1000_2026-08-10.csv; volume_mad_millions=878.0; outstanding_mad_millions=1902; export has a middle gap
bam_interbank_weighted_average,2003-03-05,2003-03-06,2003-03-06,0.03256,current_official_historical_export,Bank Al-Maghrib,daily,decimal_rate,True,CONSERVATIVE_NEXT_ORIGIN,UNKNOWN,bam_interbank_oldest_1000_2026-08-10.csv; volume_mad_millions=0.0; outstanding_mad_millions=1902; export has a middle gap
bam_interbank_weighted_average,2003-03-06,2003-03-07,2003-03-07,0.03304,current_official_historical_export,Bank Al-Maghrib,daily,decimal_rate,True,CONSERVATIVE_NEXT_ORIGIN,UNKNOWN,bam_interbank_oldest_1000_2026-08-10.csv; volume_mad_millions=920.0; outstanding_mad_millions=1944; export has a middle gap
bam_interbank_weighted_average,2003-03-07,2003-03-08,2003-03-08,0.03345,current_official_historical_export,Bank Al-Maghrib,daily,decimal_rate,True,CONSERVATIVE_NEXT_ORIGIN,UNKNOWN,bam_interbank_oldest_1000_2026-08-10.csv; volume_mad_millions=1097.0; outstanding_mad_millions=2121; export has a middle gap
bam_interbank_weighted_average,2003-03-08,2003-03-09,2003-03-09,0.03345,current_official_historical_export,Bank Al-Maghrib,daily,decimal_rate,True,CONSERVATIVE_NEXT_ORIGIN,UNKNOWN,bam_interbank_oldest_1000_2026-08-10.csv; volume_mad_millions=0.0; outstanding_mad_millions=2121; export has a middle gap
bam_interbank_weighted_average,2003-03-09,2003-03-10,2003-03-10,0.03345,current_official_historical_export,Bank Al-Maghrib,daily,decimal_rate,True,CONSERVATIVE_NEXT_ORIGIN,UNKNOWN,bam_interbank_oldest_1000_2026-08-10.csv; volume_mad_millions=0.0; outstanding_mad_millions=2121; export has a middle gap
bam_interbank_weighted_average,2003-03-10,2003-03-11,2003-03-11,0.03463,current_official_historical_export,Bank Al-Maghrib,daily,decimal_rate,True,CONSERVATIVE_NEXT_ORIGIN,UNKNOWN,bam_interbank_oldest_1000_2026-08-10.csv; volume_mad_millions=756.0; outstanding_mad_millions=1780; export has a middle gap
bam_interbank_weighted_average,2003-03-11,2003-03-12,2003-03-12,0.03314,current_official_historical_export,Bank Al-Maghrib,daily,decimal_rate,True,CONSERVATIVE_NEXT_ORIGIN,UNKNOWN,bam_interbank_oldest_1000_2026-08-10.csv; volume_mad_millions=681.0; outstanding_mad_millions=1705; export has a middle gap
bam_interbank_weighted_average,2003-03-12,2003-03-13,2003-03-13,0.03535,current_official_historical_export,Bank Al-Maghrib,daily,decimal_rate,True,CONSERVATIVE_NEXT_ORIGIN,UNKNOWN,bam_interbank_oldest_1000_2026-08-10.csv; volume_mad_millions=354.0; outstanding_mad_millions=1378; export has a middle gap
bam_interbank_weighted_average,2003-03-13,2003-03-14,2003-03-14,0.028210000000000002,current_official_historical_export,Bank Al-Maghrib,daily,decimal_rate,True,CONSERVATIVE_NEXT_ORIGIN,UNKNOWN,bam_interbank_oldest_1000_2026-08-10.csv; volume_mad_millions=942.0; outstanding_mad_millions=1966; export has a middle gap
bam_interbank_weighted_average,2003-03-14,2003-03-15,2003-03-15,0.01882,current_official_historical_export,Bank Al-Maghrib,daily,decimal_rate,True,CONSERVATIVE_NEXT_ORIGIN,UNKNOWN,bam_interbank_oldest_1000_2026-08-10.csv; volume_mad_millions=597.0; outstanding_mad_millions=1621; export has a middle gap
bam_interbank_weighted_average,2003-03-15,2003-03-16,2003-03-16,0.01882,current_official_historical_export,Bank Al-Maghrib,daily,decimal_rate,True,CONSERVATIVE_NEXT_ORIGIN,UNKNOWN,bam_interbank_oldest_1000_2026-08-10.csv; volume_mad_millions=0.0; outstanding_mad_millions=1621; export has a middle gap
bam_interbank_weighted_average,2003-03-16,2003-03-17,2003-03-17,0.01882,current_official_historical_export,Bank Al-Maghrib,daily,decimal_rate,True,CONSERVATIVE_NEXT_ORIGIN,UNKNOWN,bam_interbank_oldest_1000_2026-08-10.csv; volume_mad_millions=0.0; outstanding_mad_millions=1621; export has a middle gap
bam_interbank_weighted_average,2003-03-17,2003-03-18,2003-03-18,0.03036,current_official_historical_export,Bank Al-Maghrib,daily,decimal_rate,True,CONSERVATIVE_NEXT_ORIGIN,UNKNOWN,bam_interbank_oldest_1000_2026-08-10.csv; volume_mad_millions=242.0; outstanding_mad_millions=1266; export has a middle gap
bam_interbank_weighted_average,2003-03-18,2003-03-19,2003-03-19,0.029580000000000002,current_official_historical_export,Bank Al-Maghrib,daily,decimal_rate,True,CONSERVATIVE_NEXT_ORIGIN,UNKNOWN,bam_interbank_oldest_1000_2026-08-10.csv; volume_mad_millions=227.0; outstanding_mad_millions=1251; export has a middle gap
bam_interbank_weighted_average,2003-03-19,2003-03-20,2003-03-20,0.03131,current_official_historical_export,Bank Al-Maghrib,daily,decimal_rate,True,CONSERVATIVE_NEXT_ORIGIN,UNKNOWN,bam_interbank_oldest_1000_2026-08-10.csv; volume_mad_millions=195.0; outstanding_mad_millions=1219; export has a middle gap
bam_interbank_weighted_average,2003-03-20,2003-03-21,2003-03-21,0.03084,current_official_historical_export,Bank Al-Maghrib,daily,decimal_rate,True,CONSERVATIVE_NEXT_ORIGIN,UNKNOWN,bam_interbank_oldest_1000_2026-08-10.csv; volume_mad_millions=210.0; outstanding_mad_millions=1094; export has a middle gap
bam_interbank_weighted_average,2003-03-21,2003-03-22,2003-03-22,0.03148,current_official_historical_export,Bank Al-Maghrib,daily,decimal_rate,True,CONSERVATIVE_NEXT_ORIGIN,UNKNOWN,bam_interbank_oldest_1000_2026-08-10.csv; volume_mad_millions=244.0; outstanding_mad_millions=1128; export has a middle gap
bam_interbank_weighted_average,2003-03-22,2003-03-23,2003-03-23,0.03148,current_official_historical_export,Bank Al-Maghrib,daily,decimal_rate,True,CONSERVATIVE_NEXT_ORIGIN,UNKNOWN,bam_interbank_oldest_1000_2026-08-10.csv; volume_mad_millions=0.0; outstanding_mad_millions=1128; export has a middle gap
bam_interbank_weighted_average,2003-03-23,2003-03-24,2003-03-24,0.03148,current_official_historical_export,Bank Al-Maghrib,daily,decimal_rate,True,CONSERVATIVE_NEXT_ORIGIN,UNKNOWN,bam_interbank_oldest_1000_2026-08-10.csv; volume_mad_millions=0.0; outstanding_mad_millions=1128; export has a middle gap
bam_interbank_weighted_average,2003-03-24,2003-03-25,2003-03-25,0.02245,current_official_historical_export,Bank Al-Maghrib,daily,decimal_rate,True,CONSERVATIVE_NEXT_ORIGIN,UNKNOWN,bam_interbank_oldest_1000_2026-08-10.csv; volume_mad_millions=1252.0; outstanding_mad_millions=2136; export has a middle gap
bam_interbank_weighted_average,2003-03-25,2003-03-26,2003-03-26,0.024470000000000002,current_official_historical_export,Bank Al-Maghrib,daily,decimal_rate,True,CONSERVATIVE_NEXT_ORIGIN,UNKNOWN,bam_interbank_oldest_1000_2026-08-10.csv; volume_mad_millions=1725.0; outstanding_mad_millions=2609; export has a middle gap
bam_interbank_weighted_average,2003-03-26,2003-03-27,2003-03-27,0.02491,current_official_historical_export,Bank Al-Maghrib,daily,decimal_rate,True,CONSERVATIVE_NEXT_ORIGIN,UNKNOWN,bam_interbank_oldest_1000_2026-08-10.csv; volume_mad_millions=1566.0; outstanding_mad_millions=2450; export has a middle gap
bam_interbank_weighted_average,2003-03-27,2003-03-28,2003-03-28,0.02597,current_official_historical_export,Bank Al-Maghrib,daily,decimal_rate,True,CONSERVATIVE_NEXT_ORIGIN,UNKNOWN,bam_interbank_oldest_1000_2026-08-10.csv; volume_mad_millions=1807.0; outstanding_mad_millions=2791; export has a middle gap
bam_interbank_weighted_average,2003-03-28,2003-03-29,2003-03-29,0.029300000000000003,current_official_historical_export,Bank Al-Maghrib,daily,decimal_rate,True,CONSERVATIVE_NEXT_ORIGIN,UNKNOWN,bam_interbank_oldest_1000_2026-08-10.csv; volume_mad_millions=467.0; outstanding_mad_millions=1451; export has a middle gap
bam_interbank_weighted_average,2003-03-29,2003-03-30,2003-03-30,0.029300000000000003,current_official_historical_export,Bank Al-Maghrib,daily,decimal_rate,True,CONSERVATIVE_NEXT_ORIGIN,UNKNOWN,bam_interbank_oldest_1000_2026-08-10.csv; volume_mad_millions=0.0; outstanding_mad_millions=1451; export has a middle gap
bam_interbank_weighted_average,2003-03-30,2003-03-31,2003-03-31,0.029300000000000003,current_official_historical_export,Bank Al-Maghrib,daily,decimal_rate,True,CONSERVATIVE_NEXT_ORIGIN,UNKNOWN,bam_interbank_oldest_1000_2026-08-10.csv; volume_mad_millions=0.0; outstanding_mad_millions=1451; export has a middle gap
bam_interbank_weighted_average,2003-03-31,2003-04-01,2003-04-01,0.028769999999999997,current_official_historical_export,Bank Al-Maghrib,daily,decimal_rate,True,CONSERVATIVE_NEXT_ORIGIN,UNKNOWN,bam_interbank_oldest_1000_2026-08-10.csv; volume_mad_millions=761.0; outstanding_mad_millions=1745; export has a middle gap
bam_interbank_weighted_average,2003-04-01,2003-04-02,2003-04-02,0.03197,current_official_historical_export,Bank Al-Maghrib,daily,decimal_rate,True,CONSERVATIVE_NEXT_ORIGIN,UNKNOWN,bam_interbank_oldest_1000_2026-08-10.csv; volume_mad_millions=1030.0; outstanding_mad_millions=2014; export has a middle gap
bam_interbank_weighted_average,2003-04-02,2003-04-03,2003-04-03,0.03206,current_official_historical_export,Bank Al-Maghrib,daily,decimal_rate,True,CONSERVATIVE_NEXT_ORIGIN,UNKNOWN,bam_interbank_oldest_1000_2026-08-10.csv; volume_mad_millions=1414.0; outstanding_mad_millions=2398; export has a middle gap
bam_interbank_weighted_average,2003-04-03,2003-04-04,2003-04-04,0.03625,current_official_historical_export,Bank Al-Maghrib,daily,decimal_rate,True,CONSERVATIVE_NEXT_ORIGIN,UNKNOWN,bam_interbank_oldest_1000_2026-08-10.csv; volume_mad_millions=913.0; outstanding_mad_millions=2017; export has a middle gap
bam_interbank_weighted_average,2003-04-04,2003-04-05,2003-04-05,0.04011,current_official_historical_export,Bank Al-Maghrib,daily,decimal_rate,True,CONSERVATIVE_NEXT_ORIGIN,UNKNOWN,bam_interbank_oldest_1000_2026-08-10.csv; volume_mad_millions=965.0; outstanding_mad_millions=2069; export has a middle gap
bam_interbank_weighted_average,2003-04-05,2003-04-06,2003-04-06,0.04011,current_official_historical_export,Bank Al-Maghrib,daily,decimal_rate,True,CONSERVATIVE_NEXT_ORIGIN,UNKNOWN,bam_interbank_oldest_1000_2026-08-10.csv; volume_mad_millions=0.0; outstanding_mad_millions=2069; export has a middle gap
bam_interbank_weighted_average,2003-04-06,2003-04-07,2003-04-07,0.04011,current_official_historical_export,Bank Al-Maghrib,daily,decimal_rate,True,CONSERVATIVE_NEXT_ORIGIN,UNKNOWN,bam_interbank_oldest_1000_2026-08-10.csv; volume_mad_millions=0.0; outstanding_mad_millions=2069; export has a middle gap
bam_interbank_weighted_average,2003-04-07,2003-04-08,2003-04-08,0.03925,current_official_historical_export,Bank Al-Maghrib,daily,decimal_rate,True,CONSERVATIVE_NEXT_ORIGIN,UNKNOWN,bam_interbank_oldest_1000_2026-08-10.csv; volume_mad_millions=601.0; outstanding_mad_millions=1705; export has a middle gap
bam_interbank_weighted_average,2003-04-08,2003-04-09,2003-04-09,0.03826,current_official_historical_export,Bank Al-Maghrib,daily,decimal_rate,True,CONSERVATIVE_NEXT_ORIGIN,UNKNOWN,bam_interbank_oldest_1000_2026-08-10.csv; volume_mad_millions=597.0; outstanding_mad_millions=1701; export has a middle gap
bam_interbank_weighted_average,2003-04-09,2003-04-10,2003-04-10,0.04062,current_official_historical_export,Bank Al-Maghrib,daily,decimal_rate,True,CONSERVATIVE_NEXT_ORIGIN,UNKNOWN,bam_interbank_oldest_1000_2026-08-10.csv; volume_mad_millions=359.0; outstanding_mad_millions=1463; export has a middle gap
bam_interbank_weighted_average,2003-04-10,2003-04-11,2003-04-11,0.0407,current_official_historical_export,Bank Al-Maghrib,daily,decimal_rate,True,CONSERVATIVE_NEXT_ORIGIN,UNKNOWN,bam_interbank_oldest_1000_2026-08-10.csv; volume_mad_millions=387.0; outstanding_mad_millions=1371; export has a middle gap
bam_interbank_weighted_average,2003-04-11,2003-04-12,2003-04-12,0.04134,current_official_historical_export,Bank Al-Maghrib,daily,decimal_rate,True,CONSERVATIVE_NEXT_ORIGIN,UNKNOWN,bam_interbank_oldest_1000_2026-08-10.csv; volume_mad_millions=320.0; outstanding_mad_millions=1304; export has a middle gap
bam_interbank_weighted_average,2003-04-12,2003-04-13,2003-04-13,0.04134,current_official_historical_export,Bank Al-Maghrib,daily,decimal_rate,True,CONSERVATIVE_NEXT_ORIGIN,UNKNOWN,bam_interbank_oldest_1000_2026-08-10.csv; volume_mad_millions=0.0; outstanding_mad_millions=1304; export has a middle gap
bam_interbank_weighted_average,2003-04-13,2003-04-14,2003-04-14,0.04134,current_official_historical_export,Bank Al-Maghrib,daily,decimal_rate,True,CONSERVATIVE_NEXT_ORIGIN,UNKNOWN,bam_interbank_oldest_1000_2026-08-10.csv; volume_mad_millions=0.0; outstanding_mad_millions=1304; export has a middle gap
bam_interbank_weighted_average,2003-04-14,2003-04-15,2003-04-15,0.04182,current_official_historical_export,Bank Al-Maghrib,daily,decimal_rate,True,CONSERVATIVE_NEXT_ORIGIN,UNKNOWN,bam_interbank_oldest_1000_2026-08-10.csv; volume_mad_millions=287.0; outstanding_mad_millions=1271; export has a middle gap
bam_interbank_weighted_average,2003-04-15,2003-04-16,2003-04-16,0.04192,current_official_historical_export,Bank Al-Maghrib,daily,decimal_rate,True,CONSERVATIVE_NEXT_ORIGIN,UNKNOWN,bam_interbank_oldest_1000_2026-08-10.csv; volume_mad_millions=304.0; outstanding_mad_millions=1288; export has a middle gap
bam_interbank_weighted_average,2003-04-16,2003-04-17,2003-04-17,0.04147,current_official_historical_export,Bank Al-Maghrib,daily,decimal_rate,True,CONSERVATIVE_NEXT_ORIGIN,UNKNOWN,bam_interbank_oldest_1000_2026-08-10.csv; volume_mad_millions=695.0; outstanding_mad_millions=1679; export has a middle gap
bam_interbank_weighted_average,2003-04-17,2003-04-18,2003-04-18,0.0392,current_official_historical_export,Bank Al-Maghrib,daily,decimal_rate,True,CONSERVATIVE_NEXT_ORIGIN,UNKNOWN,bam_interbank_oldest_1000_2026-08-10.csv; volume_mad_millions=750.0; outstanding_mad_millions=1734; export has a middle gap
bam_interbank_weighted_average,2003-04-18,2003-04-19,2003-04-19,0.03387,current_official_historical_export,Bank Al-Maghrib,daily,decimal_rate,True,CONSERVATIVE_NEXT_ORIGIN,UNKNOWN,bam_interbank_oldest_1000_2026-08-10.csv; volume_mad_millions=381.0; outstanding_mad_millions=1365; export has a middle gap
bam_interbank_weighted_average,2003-04-19,2003-04-20,2003-04-20,0.03387,current_official_historical_export,Bank Al-Maghrib,daily,decimal_rate,True,CONSERVATIVE_NEXT_ORIGIN,UNKNOWN,bam_interbank_oldest_1000_2026-08-10.csv; volume_mad_millions=0.0; outstanding_mad_millions=1365; export has a middle gap
bam_interbank_weighted_average,2003-04-20,2003-04-21,2003-04-21,0.03387,current_official_historical_export,Bank Al-Maghrib,daily,decimal_rate,True,CONSERVATIVE_NEXT_ORIGIN,UNKNOWN,bam_interbank_oldest_1000_2026-08-10.csv; volume_mad_millions=0.0; outstanding_mad_millions=1365; export has a middle gap
bam_interbank_weighted_average,2003-04-21,2003-04-22,2003-04-22,0.037309999999999996,current_official_historical_export,Bank Al-Maghrib,daily,decimal_rate,True,CONSERVATIVE_NEXT_ORIGIN,UNKNOWN,bam_interbank_oldest_1000_2026-08-10.csv; volume_mad_millions=554.0; outstanding_mad_millions=1538; export has a middle gap
bam_interbank_weighted_average,2003-04-22,2003-04-23,2003-04-23,0.03965,current_official_historical_export,Bank Al-Maghrib,daily,decimal_rate,True,CONSERVATIVE_NEXT_ORIGIN,UNKNOWN,bam_interbank_oldest_1000_2026-08-10.csv; volume_mad_millions=413.0; outstanding_mad_millions=1397; export has a middle gap
bam_interbank_weighted_average,2003-04-23,2003-04-24,2003-04-24,0.03616,current_official_historical_export,Bank Al-Maghrib,daily,decimal_rate,True,CONSERVATIVE_NEXT_ORIGIN,UNKNOWN,bam_interbank_oldest_1000_2026-08-10.csv; volume_mad_millions=895.0; outstanding_mad_millions=1879; export has a middle gap
bam_interbank_weighted_average,2003-04-24,2003-04-25,2003-04-25,0.03643,current_official_historical_export,Bank Al-Maghrib,daily,decimal_rate,True,CONSERVATIVE_NEXT_ORIGIN,UNKNOWN,bam_interbank_oldest_1000_2026-08-10.csv; volume_mad_millions=730.0; outstanding_mad_millions=1814; export has a middle gap
bam_interbank_weighted_average,2003-04-25,2003-04-26,2003-04-26,0.03867,current_official_historical_export,Bank Al-Maghrib,daily,decimal_rate,True,CONSERVATIVE_NEXT_ORIGIN,UNKNOWN,bam_interbank_oldest_1000_2026-08-10.csv; volume_mad_millions=466.0; outstanding_mad_millions=1550; export has a middle gap
bam_interbank_weighted_average,2003-04-26,2003-04-27,2003-04-27,0.03867,current_official_historical_export,Bank Al-Maghrib,daily,decimal_rate,True,CONSERVATIVE_NEXT_ORIGIN,UNKNOWN,bam_interbank_oldest_1000_2026-08-10.csv; volume_mad_millions=0.0; outstanding_mad_millions=1550; export has a middle gap
bam_interbank_weighted_average,2003-04-27,2003-04-28,2003-04-28,0.03867,current_official_historical_export,Bank Al-Maghrib,daily,decimal_rate,True,CONSERVATIVE_NEXT_ORIGIN,UNKNOWN,bam_interbank_oldest_1000_2026-08-10.csv; volume_mad_millions=0.0; outstanding_mad_millions=1550; export has a middle gap
bam_interbank_weighted_average,2003-04-28,2003-04-29,2003-04-29,0.03774,current_official_historical_export,Bank Al-Maghrib,daily,decimal_rate,True,CONSERVATIVE_NEXT_ORIGIN,UNKNOWN,bam_interbank_oldest_1000_2026-08-10.csv; volume_mad_millions=428.0; outstanding_mad_millions=1412; export has a middle gap
bam_interbank_weighted_average,2003-04-29,2003-04-30,2003-04-30,0.03447,current_official_historical_export,Bank Al-Maghrib,daily,decimal_rate,True,CONSERVATIVE_NEXT_ORIGIN,UNKNOWN,bam_interbank_oldest_1000_2026-08-10.csv; volume_mad_millions=759.0; outstanding_mad_millions=1743; export has a middle gap
bam_interbank_weighted_average,2003-04-30,2003-05-01,2003-05-01,0.0355,current_official_historical_export,Bank Al-Maghrib,daily,decimal_rate,True,CONSERVATIVE_NEXT_ORIGIN,UNKNOWN,bam_interbank_oldest_1000_2026-08-10.csv; volume_mad_millions=691.0; outstanding_mad_millions=1675; export has a middle gap
bam_interbank_weighted_average,2003-05-01,2003-05-02,2003-05-02,0.0355,current_official_historical_export,Bank Al-Maghrib,daily,decimal_rate,True,CONSERVATIVE_NEXT_ORIGIN,UNKNOWN,bam_interbank_oldest_1000_2026-08-10.csv; volume_mad_millions=0.0; outstanding_mad_millions=1675; export has a middle gap
bam_interbank_weighted_average,2003-05-02,2003-05-03,2003-05-03,0.0345,current_official_historical_export,Bank Al-Maghrib,daily,decimal_rate,True,CONSERVATIVE_NEXT_ORIGIN,UNKNOWN,bam_interbank_oldest_1000_2026-08-10.csv; volume_mad_millions=749.0; outstanding_mad_millions=1733; export has a middle gap
bam_interbank_weighted_average,2003-05-03,2003-05-04,2003-05-04,0.0345,current_official_historical_export,Bank Al-Maghrib,daily,decimal_rate,True,CONSERVATIVE_NEXT_ORIGIN,UNKNOWN,bam_interbank_oldest_1000_2026-08-10.csv; volume_mad_millions=0.0; outstanding_mad_millions=1733; export has a middle gap
bam_interbank_weighted_average,2003-05-04,2003-05-05,2003-05-05,0.0345,current_official_historical_export,Bank Al-Maghrib,daily,decimal_rate,True,CONSERVATIVE_NEXT_ORIGIN,UNKNOWN,bam_interbank_oldest_1000_2026-08-10.csv; volume_mad_millions=0.0; outstanding_mad_millions=1733; export has a middle gap
bam_interbank_weighted_average,2003-05-05,2003-05-06,2003-05-06,0.03229,current_official_historical_export,Bank Al-Maghrib,daily,decimal_rate,True,CONSERVATIVE_NEXT_ORIGIN,UNKNOWN,bam_interbank_oldest_1000_2026-08-10.csv; volume_mad_millions=1205.0; outstanding_mad_millions=2189; export has a middle gap
bam_interbank_weighted_average,2003-05-06,2003-05-07,2003-05-07,0.0361,current_official_historical_export,Bank Al-Maghrib,daily,decimal_rate,True,CONSERVATIVE_NEXT_ORIGIN,UNKNOWN,bam_interbank_oldest_1000_2026-08-10.csv; volume_mad_millions=559.0; outstanding_mad_millions=1543; export has a middle gap
bam_interbank_weighted_average,2003-05-07,2003-05-08,2003-05-08,0.038060000000000004,current_official_historical_export,Bank Al-Maghrib,daily,decimal_rate,True,CONSERVATIVE_NEXT_ORIGIN,UNKNOWN,bam_interbank_oldest_1000_2026-08-10.csv; volume_mad_millions=491.0; outstanding_mad_millions=1475; export has a middle gap
bam_interbank_weighted_average,2003-05-08,2003-05-09,2003-05-09,0.0375,current_official_historical_export,Bank Al-Maghrib,daily,decimal_rate,True,CONSERVATIVE_NEXT_ORIGIN,UNKNOWN,bam_interbank_oldest_1000_2026-08-10.csv; volume_mad_millions=597.0; outstanding_mad_millions=1631; export has a middle gap
bam_interbank_weighted_average,2003-05-09,2003-05-10,2003-05-10,0.037200000000000004,current_official_historical_export,Bank Al-Maghrib,daily,decimal_rate,True,CONSERVATIVE_NEXT_ORIGIN,UNKNOWN,bam_interbank_oldest_1000_2026-08-10.csv; volume_mad_millions=592.0; outstanding_mad_millions=1626; export has a middle gap
bam_interbank_weighted_average,2003-05-10,2003-05-11,2003-05-11,0.037200000000000004,current_official_historical_export,Bank Al-Maghrib,daily,decimal_rate,True,CONSERVATIVE_NEXT_ORIGIN,UNKNOWN,bam_interbank_oldest_1000_2026-08-10.csv; volume_mad_millions=0.0; outstanding_mad_millions=1626; export has a middle gap
bam_interbank_weighted_average,2003-05-11,2003-05-12,2003-05-12,0.037200000000000004,current_official_historical_export,Bank Al-Maghrib,daily,decimal_rate,True,CONSERVATIVE_NEXT_ORIGIN,UNKNOWN,bam_interbank_oldest_1000_2026-08-10.csv; volume_mad_millions=0.0; outstanding_mad_millions=1626; export has a middle gap
bam_interbank_weighted_average,2003-05-12,2003-05-13,2003-05-13,0.034409999999999996,current_official_historical_export,Bank Al-Maghrib,daily,decimal_rate,True,CONSERVATIVE_NEXT_ORIGIN,UNKNOWN,bam_interbank_oldest_1000_2026-08-10.csv; volume_mad_millions=806.0; outstanding_mad_millions=1740; export has a middle gap
bam_interbank_weighted_average,2003-05-13,2003-05-14,2003-05-14,0.03624,current_official_historical_export,Bank Al-Maghrib,daily,decimal_rate,True,CONSERVATIVE_NEXT_ORIGIN,UNKNOWN,bam_interbank_oldest_1000_2026-08-10.csv; volume_mad_millions=575.0; outstanding_mad_millions=1509; export has a middle gap
bam_interbank_weighted_average,2003-05-14,2003-05-15,2003-05-15,0.03624,current_official_historical_export,Bank Al-Maghrib,daily,decimal_rate,True,CONSERVATIVE_NEXT_ORIGIN,UNKNOWN,bam_interbank_oldest_1000_2026-08-10.csv; volume_mad_millions=0.0; outstanding_mad_millions=1509; export has a middle gap
bam_interbank_weighted_average,2003-05-15,2003-05-16,2003-05-16,0.03624,current_official_historical_export,Bank Al-Maghrib,daily,decimal_rate,True,CONSERVATIVE_NEXT_ORIGIN,UNKNOWN,bam_interbank_oldest_1000_2026-08-10.csv; volume_mad_millions=0.0; outstanding_mad_millions=1509; export has a middle gap
bam_interbank_weighted_average,2003-05-16,2003-05-17,2003-05-17,0.0361,current_official_historical_export,Bank Al-Maghrib,daily,decimal_rate,True,CONSERVATIVE_NEXT_ORIGIN,UNKNOWN,bam_interbank_oldest_1000_2026-08-10.csv; volume_mad_millions=1081.0; outstanding_mad_millions=2015; export has a middle gap
bam_interbank_weighted_average,2003-05-17,2003-05-18,2003-05-18,0.0361,current_official_historical_export,Bank Al-Maghrib,daily,decimal_rate,True,CONSERVATIVE_NEXT_ORIGIN,UNKNOWN,bam_interbank_oldest_1000_2026-08-10.csv; volume_mad_millions=0.0; outstanding_mad_millions=2015; export has a middle gap
bam_interbank_weighted_average,2003-05-18,2003-05-19,2003-05-19,0.0361,current_official_historical_export,Bank Al-Maghrib,daily,decimal_rate,True,CONSERVATIVE_NEXT_ORIGIN,UNKNOWN,bam_interbank_oldest_1000_2026-08-10.csv; volume_mad_millions=0.0; outstanding_mad_millions=2015; export has a middle gap
bam_interbank_weighted_average,2003-05-19,2003-05-20,2003-05-20,0.04487,current_official_historical_export,Bank Al-Maghrib,daily,decimal_rate,True,CONSERVATIVE_NEXT_ORIGIN,UNKNOWN,bam_interbank_oldest_1000_2026-08-10.csv; volume_mad_millions=974.0; outstanding_mad_millions=1908; export has a middle gap
bam_interbank_weighted_average,2003-05-20,2003-05-21,2003-05-21,0.04388,current_official_historical_export,Bank Al-Maghrib,daily,decimal_rate,True,CONSERVATIVE_NEXT_ORIGIN,UNKNOWN,bam_interbank_oldest_1000_2026-08-10.csv; volume_mad_millions=542.0; outstanding_mad_millions=1426; export has a middle gap
bam_interbank_weighted_average,2003-05-21,2003-05-22,2003-05-22,0.03835,current_official_historical_export,Bank Al-Maghrib,daily,decimal_rate,True,CONSERVATIVE_NEXT_ORIGIN,UNKNOWN,bam_interbank_oldest_1000_2026-08-10.csv; volume_mad_millions=579.0; outstanding_mad_millions=1463; export has a middle gap
bam_interbank_weighted_average,2003-05-22,2003-05-23,2003-05-23,0.0349,current_official_historical_export,Bank Al-Maghrib,daily,decimal_rate,True,CONSERVATIVE_NEXT_ORIGIN,UNKNOWN,bam_interbank_oldest_1000_2026-08-10.csv; volume_mad_millions=1158.0; outstanding_mad_millions=2042; export has a middle gap
bam_interbank_weighted_average,2003-05-23,2003-05-24,2003-05-24,0.03237,current_official_historical_export,Bank Al-Maghrib,daily,decimal_rate,True,CONSERVATIVE_NEXT_ORIGIN,UNKNOWN,bam_interbank_oldest_1000_2026-08-10.csv; volume_mad_millions=1470.0; outstanding_mad_millions=2354; export has a middle gap
bam_interbank_weighted_average,2003-05-24,2003-05-25,2003-05-25,0.03237,current_official_historical_export,Bank Al-Maghrib,daily,decimal_rate,True,CONSERVATIVE_NEXT_ORIGIN,UNKNOWN,bam_interbank_oldest_1000_2026-08-10.csv; volume_mad_millions=0.0; outstanding_mad_millions=2354; export has a middle gap
bam_interbank_weighted_average,2003-05-25,2003-05-26,2003-05-26,0.03237,current_official_historical_export,Bank Al-Maghrib,daily,decimal_rate,True,CONSERVATIVE_NEXT_ORIGIN,UNKNOWN,bam_interbank_oldest_1000_2026-08-10.csv; volume_mad_millions=0.0; outstanding_mad_millions=2354; export has a middle gap
bam_interbank_weighted_average,2003-05-26,2003-05-27,2003-05-27,0.0369,current_official_historical_export,Bank Al-Maghrib,daily,decimal_rate,True,CONSERVATIVE_NEXT_ORIGIN,UNKNOWN,bam_interbank_oldest_1000_2026-08-10.csv; volume_mad_millions=390.0; outstanding_mad_millions=1274; export has a middle gap
bam_interbank_weighted_average,2003-05-27,2003-05-28,2003-05-28,0.03572,current_official_historical_export,Bank Al-Maghrib,daily,decimal_rate,True,CONSERVATIVE_NEXT_ORIGIN,UNKNOWN,bam_interbank_oldest_1000_2026-08-10.csv; volume_mad_millions=495.0; outstanding_mad_millions=1379; export has a middle gap
bam_interbank_weighted_average,2003-05-28,2003-05-29,2003-05-29,0.035019999999999996,current_official_historical_export,Bank Al-Maghrib,daily,decimal_rate,True,CONSERVATIVE_NEXT_ORIGIN,UNKNOWN,bam_interbank_oldest_1000_2026-08-10.csv; volume_mad_millions=918.0; outstanding_mad_millions=1802; export has a middle gap
bam_interbank_weighted_average,2003-05-29,2003-05-30,2003-05-30,0.03429,current_official_historical_export,Bank Al-Maghrib,daily,decimal_rate,True,CONSERVATIVE_NEXT_ORIGIN,UNKNOWN,bam_interbank_oldest_1000_2026-08-10.csv; volume_mad_millions=1224.0; outstanding_mad_millions=2108; export has a middle gap
bam_interbank_weighted_average,2003-05-30,2003-05-31,2003-05-31,0.03344,current_official_historical_export,Bank Al-Maghrib,daily,decimal_rate,True,CONSERVATIVE_NEXT_ORIGIN,UNKNOWN,bam_interbank_oldest_1000_2026-08-10.csv; volume_mad_millions=1159.0; outstanding_mad_millions=2043; export has a middle gap
bam_interbank_weighted_average,2003-06-02,2003-06-03,2003-06-03,0.03382,current_official_historical_export,Bank Al-Maghrib,daily,decimal_rate,True,CONSERVATIVE_NEXT_ORIGIN,UNKNOWN,bam_interbank_oldest_1000_2026-08-10.csv; volume_mad_millions=1378.0; outstanding_mad_millions=2262; export has a middle gap
bam_interbank_weighted_average,2003-06-03,2003-06-04,2003-06-04,0.034089999999999995,current_official_historical_export,Bank Al-Maghrib,daily,decimal_rate,True,CONSERVATIVE_NEXT_ORIGIN,UNKNOWN,bam_interbank_oldest_1000_2026-08-10.csv; volume_mad_millions=1403.0; outstanding_mad_millions=2287; export has a middle gap
bam_interbank_weighted_average,2003-06-04,2003-06-05,2003-06-05,0.03402,current_official_historical_export,Bank Al-Maghrib,daily,decimal_rate,True,CONSERVATIVE_NEXT_ORIGIN,UNKNOWN,bam_interbank_oldest_1000_2026-08-10.csv; volume_mad_millions=1369.0; outstanding_mad_millions=2253; export has a middle gap
bam_interbank_weighted_average,2003-06-05,2003-06-06,2003-06-06,0.03454,current_official_historical_export,Bank Al-Maghrib,daily,decimal_rate,True,CONSERVATIVE_NEXT_ORIGIN,UNKNOWN,bam_interbank_oldest_1000_2026-08-10.csv; volume_mad_millions=1227.0; outstanding_mad_millions=2111; export has a middle gap
bam_interbank_weighted_average,2003-06-06,2003-06-07,2003-06-07,0.03603,current_official_historical_export,Bank Al-Maghrib,daily,decimal_rate,True,CONSERVATIVE_NEXT_ORIGIN,UNKNOWN,bam_interbank_oldest_1000_2026-08-10.csv; volume_mad_millions=1597.0; outstanding_mad_millions=2481; export has a middle gap
bam_interbank_weighted_average,2003-06-07,2003-06-08,2003-06-08,0.03603,current_official_historical_export,Bank Al-Maghrib,daily,decimal_rate,True,CONSERVATIVE_NEXT_ORIGIN,UNKNOWN,bam_interbank_oldest_1000_2026-08-10.csv; volume_mad_millions=0.0; outstanding_mad_millions=2481; export has a middle gap
bam_interbank_weighted_average,2003-06-08,2003-06-09,2003-06-09,0.03603,current_official_historical_export,Bank Al-Maghrib,daily,decimal_rate,True,CONSERVATIVE_NEXT_ORIGIN,UNKNOWN,bam_interbank_oldest_1000_2026-08-10.csv; volume_mad_millions=0.0; outstanding_mad_millions=2481; export has a middle gap
bam_interbank_weighted_average,2003-06-09,2003-06-10,2003-06-10,0.03642,current_official_historical_export,Bank Al-Maghrib,daily,decimal_rate,True,CONSERVATIVE_NEXT_ORIGIN,UNKNOWN,bam_interbank_oldest_1000_2026-08-10.csv; volume_mad_millions=916.0; outstanding_mad_millions=1800; export has a middle gap
bam_interbank_weighted_average,2003-06-10,2003-06-11,2003-06-11,0.03415,current_official_historical_export,Bank Al-Maghrib,daily,decimal_rate,True,CONSERVATIVE_NEXT_ORIGIN,UNKNOWN,bam_interbank_oldest_1000_2026-08-10.csv; volume_mad_millions=1594.0; outstanding_mad_millions=2478; export has a middle gap
bam_interbank_weighted_average,2003-06-11,2003-06-12,2003-06-12,0.03437,current_official_historical_export,Bank Al-Maghrib,daily,decimal_rate,True,CONSERVATIVE_NEXT_ORIGIN,UNKNOWN,bam_interbank_oldest_1000_2026-08-10.csv; volume_mad_millions=1384.0; outstanding_mad_millions=2268; export has a middle gap
bam_interbank_weighted_average,2003-06-12,2003-06-13,2003-06-13,0.03435,current_official_historical_export,Bank Al-Maghrib,daily,decimal_rate,True,CONSERVATIVE_NEXT_ORIGIN,UNKNOWN,bam_interbank_oldest_1000_2026-08-10.csv; volume_mad_millions=1304.0; outstanding_mad_millions=2188; export has a middle gap
bam_interbank_weighted_average,2003-06-13,2003-06-14,2003-06-14,0.03312,current_official_historical_export,Bank Al-Maghrib,daily,decimal_rate,True,CONSERVATIVE_NEXT_ORIGIN,UNKNOWN,bam_interbank_oldest_1000_2026-08-10.csv; volume_mad_millions=1416.0; outstanding_mad_millions=2300; export has a middle gap
bam_interbank_weighted_average,2003-06-14,2003-06-15,2003-06-15,0.03312,current_official_historical_export,Bank Al-Maghrib,daily,decimal_rate,True,CONSERVATIVE_NEXT_ORIGIN,UNKNOWN,bam_interbank_oldest_1000_2026-08-10.csv; volume_mad_millions=0.0; outstanding_mad_millions=2300; export has a middle gap
bam_interbank_weighted_average,2003-06-15,2003-06-16,2003-06-16,0.03312,current_official_historical_export,Bank Al-Maghrib,daily,decimal_rate,True,CONSERVATIVE_NEXT_ORIGIN,UNKNOWN,bam_interbank_oldest_1000_2026-08-10.csv; volume_mad_millions=0.0; outstanding_mad_millions=2300; export has a middle gap
bam_interbank_weighted_average,2003-06-16,2003-06-17,2003-06-17,0.03225,current_official_historical_export,Bank Al-Maghrib,daily,decimal_rate,True,CONSERVATIVE_NEXT_ORIGIN,UNKNOWN,bam_interbank_oldest_1000_2026-08-10.csv; volume_mad_millions=1426.0; outstanding_mad_millions=2310; export has a middle gap
bam_interbank_weighted_average,2003-06-17,2003-06-18,2003-06-18,0.02472,current_official_historical_export,Bank Al-Maghrib,daily,decimal_rate,True,CONSERVATIVE_NEXT_ORIGIN,UNKNOWN,bam_interbank_oldest_1000_2026-08-10.csv; volume_mad_millions=1233.0; outstanding_mad_millions=2117; export has a middle gap
bam_interbank_weighted_average,2003-06-18,2003-06-19,2003-06-19,0.02081,current_official_historical_export,Bank Al-Maghrib,daily,decimal_rate,True,CONSERVATIVE_NEXT_ORIGIN,UNKNOWN,bam_interbank_oldest_1000_2026-08-10.csv; volume_mad_millions=1230.0; outstanding_mad_millions=2114; export has a middle gap
bam_interbank_weighted_average,2003-06-19,2003-06-20,2003-06-20,0.02033,current_official_historical_export,Bank Al-Maghrib,daily,decimal_rate,True,CONSERVATIVE_NEXT_ORIGIN,UNKNOWN,bam_interbank_oldest_1000_2026-08-10.csv; volume_mad_millions=1886.0; outstanding_mad_millions=2770; export has a middle gap
bam_interbank_weighted_average,2003-06-20,2003-06-21,2003-06-21,0.029009999999999998,current_official_historical_export,Bank Al-Maghrib,daily,decimal_rate,True,CONSERVATIVE_NEXT_ORIGIN,UNKNOWN,bam_interbank_oldest_1000_2026-08-10.csv; volume_mad_millions=2261.0; outstanding_mad_millions=3145; export has a middle gap
bam_interbank_weighted_average,2003-06-21,2003-06-22,2003-06-22,0.029009999999999998,current_official_historical_export,Bank Al-Maghrib,daily,decimal_rate,True,CONSERVATIVE_NEXT_ORIGIN,UNKNOWN,bam_interbank_oldest_1000_2026-08-10.csv; volume_mad_millions=0.0; outstanding_mad_millions=3145; export has a middle gap
bam_interbank_weighted_average,2003-06-22,2003-06-23,2003-06-23,0.029009999999999998,current_official_historical_export,Bank Al-Maghrib,daily,decimal_rate,True,CONSERVATIVE_NEXT_ORIGIN,UNKNOWN,bam_interbank_oldest_1000_2026-08-10.csv; volume_mad_millions=0.0; outstanding_mad_millions=3145; export has a middle gap
bam_interbank_weighted_average,2003-06-23,2003-06-24,2003-06-24,0.034249999999999996,current_official_historical_export,Bank Al-Maghrib,daily,decimal_rate,True,CONSERVATIVE_NEXT_ORIGIN,UNKNOWN,bam_interbank_oldest_1000_2026-08-10.csv; volume_mad_millions=983.0; outstanding_mad_millions=1867; export has a middle gap
bam_interbank_weighted_average,2003-06-24,2003-06-25,2003-06-25,0.03357,current_official_historical_export,Bank Al-Maghrib,daily,decimal_rate,True,CONSERVATIVE_NEXT_ORIGIN,UNKNOWN,bam_interbank_oldest_1000_2026-08-10.csv; volume_mad_millions=1252.0; outstanding_mad_millions=2196; export has a middle gap
bam_interbank_weighted_average,2003-06-25,2003-06-26,2003-06-26,0.03327,current_official_historical_export,Bank Al-Maghrib,daily,decimal_rate,True,CONSERVATIVE_NEXT_ORIGIN,UNKNOWN,bam_interbank_oldest_1000_2026-08-10.csv; volume_mad_millions=1390.0; outstanding_mad_millions=2334; export has a middle gap
bam_interbank_weighted_average,2003-06-26,2003-06-27,2003-06-27,0.0336,current_official_historical_export,Bank Al-Maghrib,daily,decimal_rate,True,CONSERVATIVE_NEXT_ORIGIN,UNKNOWN,bam_interbank_oldest_1000_2026-08-10.csv; volume_mad_millions=1583.0; outstanding_mad_millions=2527; export has a middle gap
bam_interbank_weighted_average,2003-06-27,2003-06-28,2003-06-28,0.03381,current_official_historical_export,Bank Al-Maghrib,daily,decimal_rate,True,CONSERVATIVE_NEXT_ORIGIN,UNKNOWN,bam_interbank_oldest_1000_2026-08-10.csv; volume_mad_millions=2005.0; outstanding_mad_millions=2949; export has a middle gap
bam_interbank_weighted_average,2003-06-28,2003-06-29,2003-06-29,0.03381,current_official_historical_export,Bank Al-Maghrib,daily,decimal_rate,True,CONSERVATIVE_NEXT_ORIGIN,UNKNOWN,bam_interbank_oldest_1000_2026-08-10.csv; volume_mad_millions=0.0; outstanding_mad_millions=2949; export has a middle gap
bam_interbank_weighted_average,2003-06-29,2003-06-30,2003-06-30,0.03381,current_official_historical_export,Bank Al-Maghrib,daily,decimal_rate,True,CONSERVATIVE_NEXT_ORIGIN,UNKNOWN,bam_interbank_oldest_1000_2026-08-10.csv; volume_mad_millions=0.0; outstanding_mad_millions=2949; export has a middle gap
bam_interbank_weighted_average,2003-06-30,2003-07-01,2003-07-01,0.032549999999999996,current_official_historical_export,Bank Al-Maghrib,daily,decimal_rate,True,CONSERVATIVE_NEXT_ORIGIN,UNKNOWN,bam_interbank_oldest_1000_2026-08-10.csv; volume_mad_millions=1334.0; outstanding_mad_millions=2338; export has a middle gap
bam_interbank_weighted_average,2003-07-01,2003-07-02,2003-07-02,0.03309,current_official_historical_export,Bank Al-Maghrib,daily,decimal_rate,True,CONSERVATIVE_NEXT_ORIGIN,UNKNOWN,bam_interbank_oldest_1000_2026-08-10.csv; volume_mad_millions=2162.0; outstanding_mad_millions=3166; export has a middle gap
bam_interbank_weighted_average,2003-07-02,2003-07-03,2003-07-03,0.03323,current_official_historical_export,Bank Al-Maghrib,daily,decimal_rate,True,CONSERVATIVE_NEXT_ORIGIN,UNKNOWN,bam_interbank_oldest_1000_2026-08-10.csv; volume_mad_millions=2526.0; outstanding_mad_millions=3470; export has a middle gap
bam_interbank_weighted_average,2003-07-03,2003-07-04,2003-07-04,0.03372,current_official_historical_export,Bank Al-Maghrib,daily,decimal_rate,True,CONSERVATIVE_NEXT_ORIGIN,UNKNOWN,bam_interbank_oldest_1000_2026-08-10.csv; volume_mad_millions=2076.0; outstanding_mad_millions=3070; export has a middle gap
bam_interbank_weighted_average,2003-07-04,2003-07-05,2003-07-05,0.034929999999999996,current_official_historical_export,Bank Al-Maghrib,daily,decimal_rate,True,CONSERVATIVE_NEXT_ORIGIN,UNKNOWN,bam_interbank_oldest_1000_2026-08-10.csv; volume_mad_millions=2490.0; outstanding_mad_millions=3484; export has a middle gap
bam_interbank_weighted_average,2003-07-07,2003-07-08,2003-07-08,0.03497,current_official_historical_export,Bank Al-Maghrib,daily,decimal_rate,True,CONSERVATIVE_NEXT_ORIGIN,UNKNOWN,bam_interbank_oldest_1000_2026-08-10.csv; volume_mad_millions=2861.0; outstanding_mad_millions=3855; export has a middle gap
bam_interbank_weighted_average,2003-07-08,2003-07-09,2003-07-09,0.035859999999999996,current_official_historical_export,Bank Al-Maghrib,daily,decimal_rate,True,CONSERVATIVE_NEXT_ORIGIN,UNKNOWN,bam_interbank_oldest_1000_2026-08-10.csv; volume_mad_millions=2533.0; outstanding_mad_millions=3527; export has a middle gap
bam_interbank_weighted_average,2003-07-09,2003-07-10,2003-07-10,0.03615,current_official_historical_export,Bank Al-Maghrib,daily,decimal_rate,True,CONSERVATIVE_NEXT_ORIGIN,UNKNOWN,bam_interbank_oldest_1000_2026-08-10.csv; volume_mad_millions=2772.0; outstanding_mad_millions=3716; export has a middle gap
bam_interbank_weighted_average,2003-07-10,2003-07-11,2003-07-11,0.03401,current_official_historical_export,Bank Al-Maghrib,daily,decimal_rate,True,CONSERVATIVE_NEXT_ORIGIN,UNKNOWN,bam_interbank_oldest_1000_2026-08-10.csv; volume_mad_millions=1891.0; outstanding_mad_millions=2835; export has a middle gap
bam_interbank_weighted_average,2003-07-11,2003-07-12,2003-07-12,0.03543,current_official_historical_export,Bank Al-Maghrib,daily,decimal_rate,True,CONSERVATIVE_NEXT_ORIGIN,UNKNOWN,bam_interbank_oldest_1000_2026-08-10.csv; volume_mad_millions=1108.0; outstanding_mad_millions=2052; export has a middle gap
bam_interbank_weighted_average,2003-07-12,2003-07-13,2003-07-13,0.03543,current_official_historical_export,Bank Al-Maghrib,daily,decimal_rate,True,CONSERVATIVE_NEXT_ORIGIN,UNKNOWN,bam_interbank_oldest_1000_2026-08-10.csv; volume_mad_millions=0.0; outstanding_mad_millions=2052; export has a middle gap
bam_interbank_weighted_average,2003-07-13,2003-07-14,2003-07-14,0.03543,current_official_historical_export,Bank Al-Maghrib,daily,decimal_rate,True,CONSERVATIVE_NEXT_ORIGIN,UNKNOWN,bam_interbank_oldest_1000_2026-08-10.csv; volume_mad_millions=0.0; outstanding_mad_millions=2052; export has a middle gap
bam_interbank_weighted_average,2003-07-14,2003-07-15,2003-07-15,0.03628,current_official_historical_export,Bank Al-Maghrib,daily,decimal_rate,True,CONSERVATIVE_NEXT_ORIGIN,UNKNOWN,bam_interbank_oldest_1000_2026-08-10.csv; volume_mad_millions=839.0; outstanding_mad_millions=1783; export has a middle gap
bam_interbank_weighted_average,2003-07-15,2003-07-16,2003-07-16,0.04059,current_official_historical_export,Bank Al-Maghrib,daily,decimal_rate,True,CONSERVATIVE_NEXT_ORIGIN,UNKNOWN,bam_interbank_oldest_1000_2026-08-10.csv; volume_mad_millions=517.0; outstanding_mad_millions=1461; export has a middle gap
bam_interbank_weighted_average,2003-07-16,2003-07-17,2003-07-17,0.04179,current_official_historical_export,Bank Al-Maghrib,daily,decimal_rate,True,CONSERVATIVE_NEXT_ORIGIN,UNKNOWN,bam_interbank_oldest_1000_2026-08-10.csv; volume_mad_millions=1661.0; outstanding_mad_millions=2605; export has a middle gap
bam_interbank_weighted_average,2003-07-17,2003-07-18,2003-07-18,0.04134,current_official_historical_export,Bank Al-Maghrib,daily,decimal_rate,True,CONSERVATIVE_NEXT_ORIGIN,UNKNOWN,bam_interbank_oldest_1000_2026-08-10.csv; volume_mad_millions=1214.0; outstanding_mad_millions=2158; export has a middle gap
bam_interbank_weighted_average,2003-07-18,2003-07-19,2003-07-19,0.03935,current_official_historical_export,Bank Al-Maghrib,daily,decimal_rate,True,CONSERVATIVE_NEXT_ORIGIN,UNKNOWN,bam_interbank_oldest_1000_2026-08-10.csv; volume_mad_millions=729.0; outstanding_mad_millions=1673; export has a middle gap
bam_interbank_weighted_average,2003-07-19,2003-07-20,2003-07-20,0.03935,current_official_historical_export,Bank Al-Maghrib,daily,decimal_rate,True,CONSERVATIVE_NEXT_ORIGIN,UNKNOWN,bam_interbank_oldest_1000_2026-08-10.csv; volume_mad_millions=0.0; outstanding_mad_millions=1673; export has a middle gap
bam_interbank_weighted_average,2003-07-20,2003-07-21,2003-07-21,0.03935,current_official_historical_export,Bank Al-Maghrib,daily,decimal_rate,True,CONSERVATIVE_NEXT_ORIGIN,UNKNOWN,bam_interbank_oldest_1000_2026-08-10.csv; volume_mad_millions=0.0; outstanding_mad_millions=1673; export has a middle gap
bam_interbank_weighted_average,2003-07-21,2003-07-22,2003-07-22,0.03175,current_official_historical_export,Bank Al-Maghrib,daily,decimal_rate,True,CONSERVATIVE_NEXT_ORIGIN,UNKNOWN,bam_interbank_oldest_1000_2026-08-10.csv; volume_mad_millions=1773.0; outstanding_mad_millions=2717; export has a middle gap
bam_interbank_weighted_average,2003-07-22,2003-07-23,2003-07-23,0.0322,current_official_historical_export,Bank Al-Maghrib,daily,decimal_rate,True,CONSERVATIVE_NEXT_ORIGIN,UNKNOWN,bam_interbank_oldest_1000_2026-08-10.csv; volume_mad_millions=1733.0; outstanding_mad_millions=2677; export has a middle gap
bam_interbank_weighted_average,2003-07-23,2003-07-24,2003-07-24,0.03196,current_official_historical_export,Bank Al-Maghrib,daily,decimal_rate,True,CONSERVATIVE_NEXT_ORIGIN,UNKNOWN,bam_interbank_oldest_1000_2026-08-10.csv; volume_mad_millions=1930.0; outstanding_mad_millions=2924; export has a middle gap
bam_interbank_weighted_average,2003-07-24,2003-07-25,2003-07-25,0.03185,current_official_historical_export,Bank Al-Maghrib,daily,decimal_rate,True,CONSERVATIVE_NEXT_ORIGIN,UNKNOWN,bam_interbank_oldest_1000_2026-08-10.csv; volume_mad_millions=2061.0; outstanding_mad_millions=3055; export has a middle gap
bam_interbank_weighted_average,2003-07-25,2003-07-26,2003-07-26,0.03205,current_official_historical_export,Bank Al-Maghrib,daily,decimal_rate,True,CONSERVATIVE_NEXT_ORIGIN,UNKNOWN,bam_interbank_oldest_1000_2026-08-10.csv; volume_mad_millions=1919.0; outstanding_mad_millions=2913; export has a middle gap
bam_interbank_weighted_average,2003-07-26,2003-07-27,2003-07-27,0.03205,current_official_historical_export,Bank Al-Maghrib,daily,decimal_rate,True,CONSERVATIVE_NEXT_ORIGIN,UNKNOWN,bam_interbank_oldest_1000_2026-08-10.csv; volume_mad_millions=0.0; outstanding_mad_millions=2913; export has a middle gap
bam_interbank_weighted_average,2003-07-27,2003-07-28,2003-07-28,0.03205,current_official_historical_export,Bank Al-Maghrib,daily,decimal_rate,True,CONSERVATIVE_NEXT_ORIGIN,UNKNOWN,bam_interbank_oldest_1000_2026-08-10.csv; volume_mad_millions=0.0; outstanding_mad_millions=2913; export has a middle gap
bam_interbank_weighted_average,2003-07-28,2003-07-29,2003-07-29,0.03392,current_official_historical_export,Bank Al-Maghrib,daily,decimal_rate,True,CONSERVATIVE_NEXT_ORIGIN,UNKNOWN,bam_interbank_oldest_1000_2026-08-10.csv; volume_mad_millions=1956.0; outstanding_mad_millions=2900; export has a middle gap
bam_interbank_weighted_average,2003-07-29,2003-07-30,2003-07-30,0.03381,current_official_historical_export,Bank Al-Maghrib,daily,decimal_rate,True,CONSERVATIVE_NEXT_ORIGIN,UNKNOWN,bam_interbank_oldest_1000_2026-08-10.csv; volume_mad_millions=2053.0; outstanding_mad_millions=2997; export has a middle gap
bam_interbank_weighted_average,2003-07-30,2003-07-31,2003-07-31,0.03381,current_official_historical_export,Bank Al-Maghrib,daily,decimal_rate,True,CONSERVATIVE_NEXT_ORIGIN,UNKNOWN,bam_interbank_oldest_1000_2026-08-10.csv; volume_mad_millions=0.0; outstanding_mad_millions=2997; export has a middle gap
bam_interbank_weighted_average,2003-07-31,2003-08-01,2003-08-01,0.03352,current_official_historical_export,Bank Al-Maghrib,daily,decimal_rate,True,CONSERVATIVE_NEXT_ORIGIN,UNKNOWN,bam_interbank_oldest_1000_2026-08-10.csv; volume_mad_millions=2655.0; outstanding_mad_millions=3599; export has a middle gap
bam_interbank_weighted_average,2003-08-01,2003-08-02,2003-08-02,0.03347,current_official_historical_export,Bank Al-Maghrib,daily,decimal_rate,True,CONSERVATIVE_NEXT_ORIGIN,UNKNOWN,bam_interbank_oldest_1000_2026-08-10.csv; volume_mad_millions=2781.0; outstanding_mad_millions=3725; export has a middle gap
bam_interbank_weighted_average,2003-08-02,2003-08-03,2003-08-03,0.03347,current_official_historical_export,Bank Al-Maghrib,daily,decimal_rate,True,CONSERVATIVE_NEXT_ORIGIN,UNKNOWN,bam_interbank_oldest_1000_2026-08-10.csv; volume_mad_millions=0.0; outstanding_mad_millions=3725; export has a middle gap
bam_interbank_weighted_average,2003-08-03,2003-08-04,2003-08-04,0.03347,current_official_historical_export,Bank Al-Maghrib,daily,decimal_rate,True,CONSERVATIVE_NEXT_ORIGIN,UNKNOWN,bam_interbank_oldest_1000_2026-08-10.csv; volume_mad_millions=0.0; outstanding_mad_millions=3725; export has a middle gap
bam_interbank_weighted_average,2003-08-04,2003-08-05,2003-08-05,0.03324,current_official_historical_export,Bank Al-Maghrib,daily,decimal_rate,True,CONSERVATIVE_NEXT_ORIGIN,UNKNOWN,bam_interbank_oldest_1000_2026-08-10.csv; volume_mad_millions=2702.0; outstanding_mad_millions=3646; export has a middle gap
bam_interbank_weighted_average,2003-08-05,2003-08-06,2003-08-06,0.032029999999999996,current_official_historical_export,Bank Al-Maghrib,daily,decimal_rate,True,CONSERVATIVE_NEXT_ORIGIN,UNKNOWN,bam_interbank_oldest_1000_2026-08-10.csv; volume_mad_millions=2929.0; outstanding_mad_millions=3873; export has a middle gap
bam_interbank_weighted_average,2003-08-06,2003-08-07,2003-08-07,0.03198,current_official_historical_export,Bank Al-Maghrib,daily,decimal_rate,True,CONSERVATIVE_NEXT_ORIGIN,UNKNOWN,bam_interbank_oldest_1000_2026-08-10.csv; volume_mad_millions=2901.0; outstanding_mad_millions=3845; export has a middle gap
bam_interbank_weighted_average,2003-08-07,2003-08-08,2003-08-08,0.03215,current_official_historical_export,Bank Al-Maghrib,daily,decimal_rate,True,CONSERVATIVE_NEXT_ORIGIN,UNKNOWN,bam_interbank_oldest_1000_2026-08-10.csv; volume_mad_millions=2643.0; outstanding_mad_millions=3587; export has a middle gap
bam_interbank_weighted_average,2003-08-08,2003-08-09,2003-08-09,0.03207,current_official_historical_export,Bank Al-Maghrib,daily,decimal_rate,True,CONSERVATIVE_NEXT_ORIGIN,UNKNOWN,bam_interbank_oldest_1000_2026-08-10.csv; volume_mad_millions=2731.0; outstanding_mad_millions=3675; export has a middle gap
bam_interbank_weighted_average,2003-08-09,2003-08-10,2003-08-10,0.03207,current_official_historical_export,Bank Al-Maghrib,daily,decimal_rate,True,CONSERVATIVE_NEXT_ORIGIN,UNKNOWN,bam_interbank_oldest_1000_2026-08-10.csv; volume_mad_millions=0.0; outstanding_mad_millions=3675; export has a middle gap
bam_interbank_weighted_average,2003-08-10,2003-08-11,2003-08-11,0.03207,current_official_historical_export,Bank Al-Maghrib,daily,decimal_rate,True,CONSERVATIVE_NEXT_ORIGIN,UNKNOWN,bam_interbank_oldest_1000_2026-08-10.csv; volume_mad_millions=0.0; outstanding_mad_millions=3675; export has a middle gap
bam_interbank_weighted_average,2003-08-11,2003-08-12,2003-08-12,0.03246,current_official_historical_export,Bank Al-Maghrib,daily,decimal_rate,True,CONSERVATIVE_NEXT_ORIGIN,UNKNOWN,bam_interbank_oldest_1000_2026-08-10.csv; volume_mad_millions=2844.0; outstanding_mad_millions=3888; export has a middle gap
bam_interbank_weighted_average,2003-08-12,2003-08-13,2003-08-13,0.0327,current_official_historical_export,Bank Al-Maghrib,daily,decimal_rate,True,CONSERVATIVE_NEXT_ORIGIN,UNKNOWN,bam_interbank_oldest_1000_2026-08-10.csv; volume_mad_millions=2690.0; outstanding_mad_millions=3680; export has a middle gap
bam_interbank_weighted_average,2003-08-13,2003-08-14,2003-08-14,0.03236,current_official_historical_export,Bank Al-Maghrib,daily,decimal_rate,True,CONSERVATIVE_NEXT_ORIGIN,UNKNOWN,bam_interbank_oldest_1000_2026-08-10.csv; volume_mad_millions=2173.0; outstanding_mad_millions=3163; export has a middle gap
bam_interbank_weighted_average,2003-08-14,2003-08-15,2003-08-15,0.03236,current_official_historical_export,Bank Al-Maghrib,daily,decimal_rate,True,CONSERVATIVE_NEXT_ORIGIN,UNKNOWN,bam_interbank_oldest_1000_2026-08-10.csv; volume_mad_millions=0.0; outstanding_mad_millions=3163; export has a middle gap
bam_interbank_weighted_average,2003-08-15,2003-08-16,2003-08-16,0.0313,current_official_historical_export,Bank Al-Maghrib,daily,decimal_rate,True,CONSERVATIVE_NEXT_ORIGIN,UNKNOWN,bam_interbank_oldest_1000_2026-08-10.csv; volume_mad_millions=1262.0; outstanding_mad_millions=2252; export has a middle gap
bam_interbank_weighted_average,2003-08-16,2003-08-17,2003-08-17,0.0313,current_official_historical_export,Bank Al-Maghrib,daily,decimal_rate,True,CONSERVATIVE_NEXT_ORIGIN,UNKNOWN,bam_interbank_oldest_1000_2026-08-10.csv; volume_mad_millions=0.0; outstanding_mad_millions=2252; export has a middle gap
bam_interbank_weighted_average,2003-08-17,2003-08-18,2003-08-18,0.0313,current_official_historical_export,Bank Al-Maghrib,daily,decimal_rate,True,CONSERVATIVE_NEXT_ORIGIN,UNKNOWN,bam_interbank_oldest_1000_2026-08-10.csv; volume_mad_millions=0.0; outstanding_mad_millions=2252; export has a middle gap
bam_interbank_weighted_average,2003-08-18,2003-08-19,2003-08-19,0.03213,current_official_historical_export,Bank Al-Maghrib,daily,decimal_rate,True,CONSERVATIVE_NEXT_ORIGIN,UNKNOWN,bam_interbank_oldest_1000_2026-08-10.csv; volume_mad_millions=1125.0; outstanding_mad_millions=2115; export has a middle gap
bam_interbank_weighted_average,2003-08-19,2003-08-20,2003-08-20,0.017689999999999997,current_official_historical_export,Bank Al-Maghrib,daily,decimal_rate,True,CONSERVATIVE_NEXT_ORIGIN,UNKNOWN,bam_interbank_oldest_1000_2026-08-10.csv; volume_mad_millions=691.0; outstanding_mad_millions=2281; export has a middle gap
bam_interbank_weighted_average,2003-08-20,2003-08-21,2003-08-21,0.017689999999999997,current_official_historical_export,Bank Al-Maghrib,daily,decimal_rate,True,CONSERVATIVE_NEXT_ORIGIN,UNKNOWN,bam_interbank_oldest_1000_2026-08-10.csv; volume_mad_millions=0.0; outstanding_mad_millions=2281; export has a middle gap
bam_interbank_weighted_average,2003-08-21,2003-08-22,2003-08-22,0.017689999999999997,current_official_historical_export,Bank Al-Maghrib,daily,decimal_rate,True,CONSERVATIVE_NEXT_ORIGIN,UNKNOWN,bam_interbank_oldest_1000_2026-08-10.csv; volume_mad_millions=0.0; outstanding_mad_millions=2281; export has a middle gap
bam_interbank_weighted_average,2003-08-22,2003-08-23,2003-08-23,0.02475,current_official_historical_export,Bank Al-Maghrib,daily,decimal_rate,True,CONSERVATIVE_NEXT_ORIGIN,UNKNOWN,bam_interbank_oldest_1000_2026-08-10.csv; volume_mad_millions=1163.0; outstanding_mad_millions=2753; export has a middle gap
bam_interbank_weighted_average,2003-08-23,2003-08-24,2003-08-24,0.02475,current_official_historical_export,Bank Al-Maghrib,daily,decimal_rate,True,CONSERVATIVE_NEXT_ORIGIN,UNKNOWN,bam_interbank_oldest_1000_2026-08-10.csv; volume_mad_millions=0.0; outstanding_mad_millions=2753; export has a middle gap
bam_interbank_weighted_average,2003-08-24,2003-08-25,2003-08-25,0.02475,current_official_historical_export,Bank Al-Maghrib,daily,decimal_rate,True,CONSERVATIVE_NEXT_ORIGIN,UNKNOWN,bam_interbank_oldest_1000_2026-08-10.csv; volume_mad_millions=0.0; outstanding_mad_millions=2753; export has a middle gap
bam_interbank_weighted_average,2003-08-25,2003-08-26,2003-08-26,0.02582,current_official_historical_export,Bank Al-Maghrib,daily,decimal_rate,True,CONSERVATIVE_NEXT_ORIGIN,UNKNOWN,bam_interbank_oldest_1000_2026-08-10.csv; volume_mad_millions=1757.0; outstanding_mad_millions=3447; export has a middle gap
bam_interbank_weighted_average,2003-08-26,2003-08-27,2003-08-27,0.025019999999999997,current_official_historical_export,Bank Al-Maghrib,daily,decimal_rate,True,CONSERVATIVE_NEXT_ORIGIN,UNKNOWN,bam_interbank_oldest_1000_2026-08-10.csv; volume_mad_millions=1594.0; outstanding_mad_millions=3364; export has a middle gap
bam_interbank_weighted_average,2003-08-27,2003-08-28,2003-08-28,0.024929999999999997,current_official_historical_export,Bank Al-Maghrib,daily,decimal_rate,True,CONSERVATIVE_NEXT_ORIGIN,UNKNOWN,bam_interbank_oldest_1000_2026-08-10.csv; volume_mad_millions=1694.0; outstanding_mad_millions=3504; export has a middle gap
bam_interbank_weighted_average,2003-08-28,2003-08-29,2003-08-29,0.0225,current_official_historical_export,Bank Al-Maghrib,daily,decimal_rate,True,CONSERVATIVE_NEXT_ORIGIN,UNKNOWN,bam_interbank_oldest_1000_2026-08-10.csv; volume_mad_millions=1832.0; outstanding_mad_millions=3710; export has a middle gap
bam_interbank_weighted_average,2003-08-29,2003-08-30,2003-08-30,0.02013,current_official_historical_export,Bank Al-Maghrib,daily,decimal_rate,True,CONSERVATIVE_NEXT_ORIGIN,UNKNOWN,bam_interbank_oldest_1000_2026-08-10.csv; volume_mad_millions=1255.0; outstanding_mad_millions=3133; export has a middle gap
bam_interbank_weighted_average,2003-09-01,2003-09-02,2003-09-02,0.02069,current_official_historical_export,Bank Al-Maghrib,daily,decimal_rate,True,CONSERVATIVE_NEXT_ORIGIN,UNKNOWN,bam_interbank_oldest_1000_2026-08-10.csv; volume_mad_millions=268.0; outstanding_mad_millions=2146; export has a middle gap
bam_interbank_weighted_average,2003-09-02,2003-09-03,2003-09-03,0.02852,current_official_historical_export,Bank Al-Maghrib,daily,decimal_rate,True,CONSERVATIVE_NEXT_ORIGIN,UNKNOWN,bam_interbank_oldest_1000_2026-08-10.csv; volume_mad_millions=97.0; outstanding_mad_millions=1975; export has a middle gap
bam_interbank_weighted_average,2003-09-04,2003-09-05,2003-09-05,0.03023,current_official_historical_export,Bank Al-Maghrib,daily,decimal_rate,True,CONSERVATIVE_NEXT_ORIGIN,UNKNOWN,bam_interbank_oldest_1000_2026-08-10.csv; volume_mad_millions=820.0; outstanding_mad_millions=2698; export has a middle gap
bam_interbank_weighted_average,2003-09-05,2003-09-06,2003-09-06,0.03232,current_official_historical_export,Bank Al-Maghrib,daily,decimal_rate,True,CONSERVATIVE_NEXT_ORIGIN,UNKNOWN,bam_interbank_oldest_1000_2026-08-10.csv; volume_mad_millions=831.0; outstanding_mad_millions=2750; export has a middle gap
bam_interbank_weighted_average,2003-09-08,2003-09-09,2003-09-09,0.03548,current_official_historical_export,Bank Al-Maghrib,daily,decimal_rate,True,CONSERVATIVE_NEXT_ORIGIN,UNKNOWN,bam_interbank_oldest_1000_2026-08-10.csv; volume_mad_millions=739.0; outstanding_mad_millions=2658; export has a middle gap
bam_interbank_weighted_average,2003-09-09,2003-09-10,2003-09-10,0.03503,current_official_historical_export,Bank Al-Maghrib,daily,decimal_rate,True,CONSERVATIVE_NEXT_ORIGIN,UNKNOWN,bam_interbank_oldest_1000_2026-08-10.csv; volume_mad_millions=685.0; outstanding_mad_millions=2228; export has a middle gap
bam_interbank_weighted_average,2003-09-10,2003-09-11,2003-09-11,0.032780000000000004,current_official_historical_export,Bank Al-Maghrib,daily,decimal_rate,True,CONSERVATIVE_NEXT_ORIGIN,UNKNOWN,bam_interbank_oldest_1000_2026-08-10.csv; volume_mad_millions=461.0; outstanding_mad_millions=2019; export has a middle gap
bam_interbank_weighted_average,2003-09-11,2003-09-12,2003-09-12,0.03211,current_official_historical_export,Bank Al-Maghrib,daily,decimal_rate,True,CONSERVATIVE_NEXT_ORIGIN,UNKNOWN,bam_interbank_oldest_1000_2026-08-10.csv; volume_mad_millions=537.0; outstanding_mad_millions=2095; export has a middle gap
bam_interbank_weighted_average,2003-09-12,2003-09-13,2003-09-13,0.03321,current_official_historical_export,Bank Al-Maghrib,daily,decimal_rate,True,CONSERVATIVE_NEXT_ORIGIN,UNKNOWN,bam_interbank_oldest_1000_2026-08-10.csv; volume_mad_millions=769.0; outstanding_mad_millions=2327; export has a middle gap
bam_interbank_weighted_average,2003-09-15,2003-09-16,2003-09-16,0.02842,current_official_historical_export,Bank Al-Maghrib,daily,decimal_rate,True,CONSERVATIVE_NEXT_ORIGIN,UNKNOWN,bam_interbank_oldest_1000_2026-08-10.csv; volume_mad_millions=907.0; outstanding_mad_millions=2798; export has a middle gap
bam_interbank_weighted_average,2003-09-16,2003-09-17,2003-09-17,0.02338,current_official_historical_export,Bank Al-Maghrib,daily,decimal_rate,True,CONSERVATIVE_NEXT_ORIGIN,UNKNOWN,bam_interbank_oldest_1000_2026-08-10.csv; volume_mad_millions=894.0; outstanding_mad_millions=2785; export has a middle gap
bam_interbank_weighted_average,2003-09-17,2003-09-18,2003-09-18,0.022869999999999998,current_official_historical_export,Bank Al-Maghrib,daily,decimal_rate,True,CONSERVATIVE_NEXT_ORIGIN,UNKNOWN,bam_interbank_oldest_1000_2026-08-10.csv; volume_mad_millions=572.0; outstanding_mad_millions=2463; export has a middle gap
bam_interbank_weighted_average,2003-09-18,2003-09-19,2003-09-19,0.01807,current_official_historical_export,Bank Al-Maghrib,daily,decimal_rate,True,CONSERVATIVE_NEXT_ORIGIN,UNKNOWN,bam_interbank_oldest_1000_2026-08-10.csv; volume_mad_millions=459.0; outstanding_mad_millions=2350; export has a middle gap
bam_interbank_weighted_average,2003-09-19,2003-09-20,2003-09-20,0.013720000000000001,current_official_historical_export,Bank Al-Maghrib,daily,decimal_rate,True,CONSERVATIVE_NEXT_ORIGIN,UNKNOWN,bam_interbank_oldest_1000_2026-08-10.csv; volume_mad_millions=742.0; outstanding_mad_millions=2633; export has a middle gap
bam_interbank_weighted_average,2003-09-20,2003-09-21,2003-09-21,0.013720000000000001,current_official_historical_export,Bank Al-Maghrib,daily,decimal_rate,True,CONSERVATIVE_NEXT_ORIGIN,UNKNOWN,bam_interbank_oldest_1000_2026-08-10.csv; volume_mad_millions=0.0; outstanding_mad_millions=2633; export has a middle gap
bam_interbank_weighted_average,2003-09-21,2003-09-22,2003-09-22,0.013720000000000001,current_official_historical_export,Bank Al-Maghrib,daily,decimal_rate,True,CONSERVATIVE_NEXT_ORIGIN,UNKNOWN,bam_interbank_oldest_1000_2026-08-10.csv; volume_mad_millions=0.0; outstanding_mad_millions=2633; export has a middle gap
bam_interbank_weighted_average,2003-09-22,2003-09-23,2003-09-23,0.03552,current_official_historical_export,Bank Al-Maghrib,daily,decimal_rate,True,CONSERVATIVE_NEXT_ORIGIN,UNKNOWN,bam_interbank_oldest_1000_2026-08-10.csv; volume_mad_millions=276.0; outstanding_mad_millions=1867; export has a middle gap
bam_interbank_weighted_average,2003-09-23,2003-09-24,2003-09-24,0.0327,current_official_historical_export,Bank Al-Maghrib,daily,decimal_rate,True,CONSERVATIVE_NEXT_ORIGIN,UNKNOWN,bam_interbank_oldest_1000_2026-08-10.csv; volume_mad_millions=524.0; outstanding_mad_millions=2115; export has a middle gap
bam_interbank_weighted_average,2003-09-24,2003-09-25,2003-09-25,0.032850000000000004,current_official_historical_export,Bank Al-Maghrib,daily,decimal_rate,True,CONSERVATIVE_NEXT_ORIGIN,UNKNOWN,bam_interbank_oldest_1000_2026-08-10.csv; volume_mad_millions=1170.0; outstanding_mad_millions=2761; export has a middle gap
bam_interbank_weighted_average,2003-09-25,2003-09-26,2003-09-26,0.03243,current_official_historical_export,Bank Al-Maghrib,daily,decimal_rate,True,CONSERVATIVE_NEXT_ORIGIN,UNKNOWN,bam_interbank_oldest_1000_2026-08-10.csv; volume_mad_millions=1088.0; outstanding_mad_millions=2679; export has a middle gap
bam_interbank_weighted_average,2003-09-26,2003-09-27,2003-09-27,0.03245,current_official_historical_export,Bank Al-Maghrib,daily,decimal_rate,True,CONSERVATIVE_NEXT_ORIGIN,UNKNOWN,bam_interbank_oldest_1000_2026-08-10.csv; volume_mad_millions=1084.0; outstanding_mad_millions=2675; export has a middle gap
bam_interbank_weighted_average,2003-09-27,2003-09-28,2003-09-28,0.03245,current_official_historical_export,Bank Al-Maghrib,daily,decimal_rate,True,CONSERVATIVE_NEXT_ORIGIN,UNKNOWN,bam_interbank_oldest_1000_2026-08-10.csv; volume_mad_millions=0.0; outstanding_mad_millions=2675; export has a middle gap
bam_interbank_weighted_average,2003-09-28,2003-09-29,2003-09-29,0.03245,current_official_historical_export,Bank Al-Maghrib,daily,decimal_rate,True,CONSERVATIVE_NEXT_ORIGIN,UNKNOWN,bam_interbank_oldest_1000_2026-08-10.csv; volume_mad_millions=0.0; outstanding_mad_millions=2675; export has a middle gap
bam_interbank_weighted_average,2003-09-29,2003-09-30,2003-09-30,0.0348,current_official_historical_export,Bank Al-Maghrib,daily,decimal_rate,True,CONSERVATIVE_NEXT_ORIGIN,UNKNOWN,bam_interbank_oldest_1000_2026-08-10.csv; volume_mad_millions=261.0; outstanding_mad_millions=1852; export has a middle gap
bam_interbank_weighted_average,2003-09-30,2003-10-01,2003-10-01,0.03144,current_official_historical_export,Bank Al-Maghrib,daily,decimal_rate,True,CONSERVATIVE_NEXT_ORIGIN,UNKNOWN,bam_interbank_oldest_1000_2026-08-10.csv; volume_mad_millions=206.0; outstanding_mad_millions=1797; export has a middle gap
bam_interbank_weighted_average,2003-10-01,2003-10-02,2003-10-02,0.03325,current_official_historical_export,Bank Al-Maghrib,daily,decimal_rate,True,CONSERVATIVE_NEXT_ORIGIN,UNKNOWN,bam_interbank_oldest_1000_2026-08-10.csv; volume_mad_millions=300.0; outstanding_mad_millions=1891; export has a middle gap
bam_interbank_weighted_average,2003-10-02,2003-10-03,2003-10-03,0.03015,current_official_historical_export,Bank Al-Maghrib,daily,decimal_rate,True,CONSERVATIVE_NEXT_ORIGIN,UNKNOWN,bam_interbank_oldest_1000_2026-08-10.csv; volume_mad_millions=218.0; outstanding_mad_millions=1884; export has a middle gap
bam_interbank_weighted_average,2003-10-03,2003-10-04,2003-10-04,0.03177,current_official_historical_export,Bank Al-Maghrib,daily,decimal_rate,True,CONSERVATIVE_NEXT_ORIGIN,UNKNOWN,bam_interbank_oldest_1000_2026-08-10.csv; volume_mad_millions=249.0; outstanding_mad_millions=1915; export has a middle gap
bam_interbank_weighted_average,2003-10-04,2003-10-05,2003-10-05,0.03177,current_official_historical_export,Bank Al-Maghrib,daily,decimal_rate,True,CONSERVATIVE_NEXT_ORIGIN,UNKNOWN,bam_interbank_oldest_1000_2026-08-10.csv; volume_mad_millions=0.0; outstanding_mad_millions=1915; export has a middle gap
bam_interbank_weighted_average,2003-10-05,2003-10-06,2003-10-06,0.03177,current_official_historical_export,Bank Al-Maghrib,daily,decimal_rate,True,CONSERVATIVE_NEXT_ORIGIN,UNKNOWN,bam_interbank_oldest_1000_2026-08-10.csv; volume_mad_millions=0.0; outstanding_mad_millions=1915; export has a middle gap
bam_interbank_weighted_average,2003-10-06,2003-10-07,2003-10-07,0.03345,current_official_historical_export,Bank Al-Maghrib,daily,decimal_rate,True,CONSERVATIVE_NEXT_ORIGIN,UNKNOWN,bam_interbank_oldest_1000_2026-08-10.csv; volume_mad_millions=966.0; outstanding_mad_millions=2632; export has a middle gap
bam_interbank_weighted_average,2003-10-07,2003-10-08,2003-10-08,0.03318,current_official_historical_export,Bank Al-Maghrib,daily,decimal_rate,True,CONSERVATIVE_NEXT_ORIGIN,UNKNOWN,bam_interbank_oldest_1000_2026-08-10.csv; volume_mad_millions=986.0; outstanding_mad_millions=2472; export has a middle gap
bam_interbank_weighted_average,2003-10-08,2003-10-09,2003-10-09,0.03272,current_official_historical_export,Bank Al-Maghrib,daily,decimal_rate,True,CONSERVATIVE_NEXT_ORIGIN,UNKNOWN,bam_interbank_oldest_1000_2026-08-10.csv; volume_mad_millions=740.0; outstanding_mad_millions=2366; export has a middle gap
bam_interbank_weighted_average,2003-10-09,2003-10-10,2003-10-10,0.03215,current_official_historical_export,Bank Al-Maghrib,daily,decimal_rate,True,CONSERVATIVE_NEXT_ORIGIN,UNKNOWN,bam_interbank_oldest_1000_2026-08-10.csv; volume_mad_millions=471.0; outstanding_mad_millions=2097; export has a middle gap
bam_interbank_weighted_average,2003-10-10,2003-10-11,2003-10-11,0.03238,current_official_historical_export,Bank Al-Maghrib,daily,decimal_rate,True,CONSERVATIVE_NEXT_ORIGIN,UNKNOWN,bam_interbank_oldest_1000_2026-08-10.csv; volume_mad_millions=832.0; outstanding_mad_millions=2458; export has a middle gap
bam_interbank_weighted_average,2003-10-11,2003-10-12,2003-10-12,0.03238,current_official_historical_export,Bank Al-Maghrib,daily,decimal_rate,True,CONSERVATIVE_NEXT_ORIGIN,UNKNOWN,bam_interbank_oldest_1000_2026-08-10.csv; volume_mad_millions=0.0; outstanding_mad_millions=2458; export has a middle gap
bam_interbank_weighted_average,2003-10-12,2003-10-13,2003-10-13,0.03238,current_official_historical_export,Bank Al-Maghrib,daily,decimal_rate,True,CONSERVATIVE_NEXT_ORIGIN,UNKNOWN,bam_interbank_oldest_1000_2026-08-10.csv; volume_mad_millions=0.0; outstanding_mad_millions=2458; export has a middle gap
bam_interbank_weighted_average,2003-10-13,2003-10-14,2003-10-14,0.03205,current_official_historical_export,Bank Al-Maghrib,daily,decimal_rate,True,CONSERVATIVE_NEXT_ORIGIN,UNKNOWN,bam_interbank_oldest_1000_2026-08-10.csv; volume_mad_millions=632.0; outstanding_mad_millions=2258; export has a middle gap
bam_interbank_weighted_average,2003-10-14,2003-10-15,2003-10-15,0.03074,current_official_historical_export,Bank Al-Maghrib,daily,decimal_rate,True,CONSERVATIVE_NEXT_ORIGIN,UNKNOWN,bam_interbank_oldest_1000_2026-08-10.csv; volume_mad_millions=457.0; outstanding_mad_millions=2083; export has a middle gap
bam_interbank_weighted_average,2003-10-15,2003-10-16,2003-10-16,0.029369999999999997,current_official_historical_export,Bank Al-Maghrib,daily,decimal_rate,True,CONSERVATIVE_NEXT_ORIGIN,UNKNOWN,bam_interbank_oldest_1000_2026-08-10.csv; volume_mad_millions=354.0; outstanding_mad_millions=2060; export has a middle gap
bam_interbank_weighted_average,2003-10-16,2003-10-17,2003-10-17,0.02911,current_official_historical_export,Bank Al-Maghrib,daily,decimal_rate,True,CONSERVATIVE_NEXT_ORIGIN,UNKNOWN,bam_interbank_oldest_1000_2026-08-10.csv; volume_mad_millions=373.0; outstanding_mad_millions=2079; export has a middle gap
bam_interbank_weighted_average,2003-10-17,2003-10-18,2003-10-18,0.03028,current_official_historical_export,Bank Al-Maghrib,daily,decimal_rate,True,CONSERVATIVE_NEXT_ORIGIN,UNKNOWN,bam_interbank_oldest_1000_2026-08-10.csv; volume_mad_millions=378.0; outstanding_mad_millions=2084; export has a middle gap
bam_interbank_weighted_average,2003-10-18,2003-10-19,2003-10-19,0.03028,current_official_historical_export,Bank Al-Maghrib,daily,decimal_rate,True,CONSERVATIVE_NEXT_ORIGIN,UNKNOWN,bam_interbank_oldest_1000_2026-08-10.csv; volume_mad_millions=0.0; outstanding_mad_millions=2084; export has a middle gap
bam_interbank_weighted_average,2003-10-19,2003-10-20,2003-10-20,0.03028,current_official_historical_export,Bank Al-Maghrib,daily,decimal_rate,True,CONSERVATIVE_NEXT_ORIGIN,UNKNOWN,bam_interbank_oldest_1000_2026-08-10.csv; volume_mad_millions=0.0; outstanding_mad_millions=2084; export has a middle gap
bam_interbank_weighted_average,2003-10-20,2003-10-21,2003-10-21,0.03079,current_official_historical_export,Bank Al-Maghrib,daily,decimal_rate,True,CONSERVATIVE_NEXT_ORIGIN,UNKNOWN,bam_interbank_oldest_1000_2026-08-10.csv; volume_mad_millions=562.0; outstanding_mad_millions=2268; export has a middle gap
bam_interbank_weighted_average,2003-10-21,2003-10-22,2003-10-22,0.03096,current_official_historical_export,Bank Al-Maghrib,daily,decimal_rate,True,CONSERVATIVE_NEXT_ORIGIN,UNKNOWN,bam_interbank_oldest_1000_2026-08-10.csv; volume_mad_millions=240.0; outstanding_mad_millions=1946; export has a middle gap
bam_interbank_weighted_average,2003-10-22,2003-10-23,2003-10-23,0.03057,current_official_historical_export,Bank Al-Maghrib,daily,decimal_rate,True,CONSERVATIVE_NEXT_ORIGIN,UNKNOWN,bam_interbank_oldest_1000_2026-08-10.csv; volume_mad_millions=265.0; outstanding_mad_millions=1971; export has a middle gap
bam_interbank_weighted_average,2003-10-23,2003-10-24,2003-10-24,0.02919,current_official_historical_export,Bank Al-Maghrib,daily,decimal_rate,True,CONSERVATIVE_NEXT_ORIGIN,UNKNOWN,bam_interbank_oldest_1000_2026-08-10.csv; volume_mad_millions=227.0; outstanding_mad_millions=1933; export has a middle gap
bam_interbank_weighted_average,2003-10-24,2003-10-25,2003-10-25,0.028149999999999998,current_official_historical_export,Bank Al-Maghrib,daily,decimal_rate,True,CONSERVATIVE_NEXT_ORIGIN,UNKNOWN,bam_interbank_oldest_1000_2026-08-10.csv; volume_mad_millions=196.0; outstanding_mad_millions=1902; export has a middle gap
bam_interbank_weighted_average,2023-11-10,2023-11-11,2023-11-11,0.03,current_official_historical_export,Bank Al-Maghrib,daily,decimal_rate,True,CONSERVATIVE_NEXT_ORIGIN,UNKNOWN,bam_interbank_newest_1000_2026-08-10.csv; volume_mad_millions=1963.0; outstanding_mad_millions=6843; export has a middle gap
bam_interbank_weighted_average,2023-11-11,2023-11-12,2023-11-12,0.03,current_official_historical_export,Bank Al-Maghrib,daily,decimal_rate,True,CONSERVATIVE_NEXT_ORIGIN,UNKNOWN,bam_interbank_newest_1000_2026-08-10.csv; volume_mad_millions=nan; outstanding_mad_millions=6843; export has a middle gap
bam_interbank_weighted_average,2023-11-12,2023-11-13,2023-11-13,0.03,current_official_historical_export,Bank Al-Maghrib,daily,decimal_rate,True,CONSERVATIVE_NEXT_ORIGIN,UNKNOWN,bam_interbank_newest_1000_2026-08-10.csv; volume_mad_millions=nan; outstanding_mad_millions=6843; export has a middle gap
bam_interbank_weighted_average,2023-11-13,2023-11-14,2023-11-14,0.03,current_official_historical_export,Bank Al-Maghrib,daily,decimal_rate,True,CONSERVATIVE_NEXT_ORIGIN,UNKNOWN,bam_interbank_newest_1000_2026-08-10.csv; volume_mad_millions=2260.0; outstanding_mad_millions=7140; export has a middle gap
bam_interbank_weighted_average,2023-11-14,2023-11-15,2023-11-15,0.03,current_official_historical_export,Bank Al-Maghrib,daily,decimal_rate,True,CONSERVATIVE_NEXT_ORIGIN,UNKNOWN,bam_interbank_newest_1000_2026-08-10.csv; volume_mad_millions=2322.0; outstanding_mad_millions=6802; export has a middle gap
bam_interbank_weighted_average,2023-11-15,2023-11-16,2023-11-16,0.03,current_official_historical_export,Bank Al-Maghrib,daily,decimal_rate,True,CONSERVATIVE_NEXT_ORIGIN,UNKNOWN,bam_interbank_newest_1000_2026-08-10.csv; volume_mad_millions=3652.0; outstanding_mad_millions=8432; export has a middle gap
bam_interbank_weighted_average,2023-11-16,2023-11-17,2023-11-17,0.03,current_official_historical_export,Bank Al-Maghrib,daily,decimal_rate,True,CONSERVATIVE_NEXT_ORIGIN,UNKNOWN,bam_interbank_newest_1000_2026-08-10.csv; volume_mad_millions=2330.0; outstanding_mad_millions=7410; export has a middle gap
bam_interbank_weighted_average,2023-11-17,2023-11-18,2023-11-18,0.03,current_official_historical_export,Bank Al-Maghrib,daily,decimal_rate,True,CONSERVATIVE_NEXT_ORIGIN,UNKNOWN,bam_interbank_newest_1000_2026-08-10.csv; volume_mad_millions=2104.0; outstanding_mad_millions=7184; export has a middle gap
bam_interbank_weighted_average,2023-11-18,2023-11-19,2023-11-19,0.03,current_official_historical_export,Bank Al-Maghrib,daily,decimal_rate,True,CONSERVATIVE_NEXT_ORIGIN,UNKNOWN,bam_interbank_newest_1000_2026-08-10.csv; volume_mad_millions=nan; outstanding_mad_millions=7184; export has a middle gap
bam_interbank_weighted_average,2023-11-19,2023-11-20,2023-11-20,0.03,current_official_historical_export,Bank Al-Maghrib,daily,decimal_rate,True,CONSERVATIVE_NEXT_ORIGIN,UNKNOWN,bam_interbank_newest_1000_2026-08-10.csv; volume_mad_millions=nan; outstanding_mad_millions=7184; export has a middle gap
bam_interbank_weighted_average,2023-11-20,2023-11-21,2023-11-21,0.03,current_official_historical_export,Bank Al-Maghrib,daily,decimal_rate,True,CONSERVATIVE_NEXT_ORIGIN,UNKNOWN,bam_interbank_newest_1000_2026-08-10.csv; volume_mad_millions=1797.0; outstanding_mad_millions=6877; export has a middle gap
bam_interbank_weighted_average,2023-11-21,2023-11-22,2023-11-22,0.03,current_official_historical_export,Bank Al-Maghrib,daily,decimal_rate,True,CONSERVATIVE_NEXT_ORIGIN,UNKNOWN,bam_interbank_newest_1000_2026-08-10.csv; volume_mad_millions=2117.0; outstanding_mad_millions=7197; export has a middle gap
bam_interbank_weighted_average,2023-11-22,2023-11-23,2023-11-23,0.03,current_official_historical_export,Bank Al-Maghrib,daily,decimal_rate,True,CONSERVATIVE_NEXT_ORIGIN,UNKNOWN,bam_interbank_newest_1000_2026-08-10.csv; volume_mad_millions=1899.0; outstanding_mad_millions=7079; export has a middle gap
bam_interbank_weighted_average,2023-11-23,2023-11-24,2023-11-24,0.030019999999999998,current_official_historical_export,Bank Al-Maghrib,daily,decimal_rate,True,CONSERVATIVE_NEXT_ORIGIN,UNKNOWN,bam_interbank_newest_1000_2026-08-10.csv; volume_mad_millions=2044.0; outstanding_mad_millions=7724; export has a middle gap
bam_interbank_weighted_average,2023-11-24,2023-11-25,2023-11-25,0.03,current_official_historical_export,Bank Al-Maghrib,daily,decimal_rate,True,CONSERVATIVE_NEXT_ORIGIN,UNKNOWN,bam_interbank_newest_1000_2026-08-10.csv; volume_mad_millions=1772.0; outstanding_mad_millions=7452; export has a middle gap
bam_interbank_weighted_average,2023-11-25,2023-11-26,2023-11-26,0.03,current_official_historical_export,Bank Al-Maghrib,daily,decimal_rate,True,CONSERVATIVE_NEXT_ORIGIN,UNKNOWN,bam_interbank_newest_1000_2026-08-10.csv; volume_mad_millions=nan; outstanding_mad_millions=7452; export has a middle gap
bam_interbank_weighted_average,2023-11-26,2023-11-27,2023-11-27,0.03,current_official_historical_export,Bank Al-Maghrib,daily,decimal_rate,True,CONSERVATIVE_NEXT_ORIGIN,UNKNOWN,bam_interbank_newest_1000_2026-08-10.csv; volume_mad_millions=nan; outstanding_mad_millions=7452; export has a middle gap
bam_interbank_weighted_average,2023-11-27,2023-11-28,2023-11-28,0.03,current_official_historical_export,Bank Al-Maghrib,daily,decimal_rate,True,CONSERVATIVE_NEXT_ORIGIN,UNKNOWN,bam_interbank_newest_1000_2026-08-10.csv; volume_mad_millions=1886.0; outstanding_mad_millions=7686; export has a middle gap
bam_interbank_weighted_average,2023-11-28,2023-11-29,2023-11-29,0.03,current_official_historical_export,Bank Al-Maghrib,daily,decimal_rate,True,CONSERVATIVE_NEXT_ORIGIN,UNKNOWN,bam_interbank_newest_1000_2026-08-10.csv; volume_mad_millions=2040.0; outstanding_mad_millions=7840; export has a middle gap
bam_interbank_weighted_average,2023-11-29,2023-11-30,2023-11-30,0.03,current_official_historical_export,Bank Al-Maghrib,daily,decimal_rate,True,CONSERVATIVE_NEXT_ORIGIN,UNKNOWN,bam_interbank_newest_1000_2026-08-10.csv; volume_mad_millions=1533.0; outstanding_mad_millions=6633; export has a middle gap
bam_interbank_weighted_average,2023-11-30,2023-12-01,2023-12-01,0.03,current_official_historical_export,Bank Al-Maghrib,daily,decimal_rate,True,CONSERVATIVE_NEXT_ORIGIN,UNKNOWN,bam_interbank_newest_1000_2026-08-10.csv; volume_mad_millions=1760.0; outstanding_mad_millions=7030; export has a middle gap
bam_interbank_weighted_average,2023-12-01,2023-12-02,2023-12-02,0.03,current_official_historical_export,Bank Al-Maghrib,daily,decimal_rate,True,CONSERVATIVE_NEXT_ORIGIN,UNKNOWN,bam_interbank_newest_1000_2026-08-10.csv; volume_mad_millions=2869.0; outstanding_mad_millions=7999; export has a middle gap
bam_interbank_weighted_average,2023-12-02,2023-12-03,2023-12-03,0.03,current_official_historical_export,Bank Al-Maghrib,daily,decimal_rate,True,CONSERVATIVE_NEXT_ORIGIN,UNKNOWN,bam_interbank_newest_1000_2026-08-10.csv; volume_mad_millions=nan; outstanding_mad_millions=7999; export has a middle gap
bam_interbank_weighted_average,2023-12-03,2023-12-04,2023-12-04,0.03,current_official_historical_export,Bank Al-Maghrib,daily,decimal_rate,True,CONSERVATIVE_NEXT_ORIGIN,UNKNOWN,bam_interbank_newest_1000_2026-08-10.csv; volume_mad_millions=nan; outstanding_mad_millions=7999; export has a middle gap
bam_interbank_weighted_average,2023-12-04,2023-12-05,2023-12-05,0.03,current_official_historical_export,Bank Al-Maghrib,daily,decimal_rate,True,CONSERVATIVE_NEXT_ORIGIN,UNKNOWN,bam_interbank_newest_1000_2026-08-10.csv; volume_mad_millions=4703.0; outstanding_mad_millions=9833; export has a middle gap
bam_interbank_weighted_average,2023-12-05,2023-12-06,2023-12-06,0.03,current_official_historical_export,Bank Al-Maghrib,daily,decimal_rate,True,CONSERVATIVE_NEXT_ORIGIN,UNKNOWN,bam_interbank_newest_1000_2026-08-10.csv; volume_mad_millions=3022.0; outstanding_mad_millions=8302; export has a middle gap
bam_interbank_weighted_average,2023-12-06,2023-12-07,2023-12-07,0.03,current_official_historical_export,Bank Al-Maghrib,daily,decimal_rate,True,CONSERVATIVE_NEXT_ORIGIN,UNKNOWN,bam_interbank_newest_1000_2026-08-10.csv; volume_mad_millions=2389.0; outstanding_mad_millions=7669; export has a middle gap
bam_interbank_weighted_average,2023-12-07,2023-12-08,2023-12-08,0.03,current_official_historical_export,Bank Al-Maghrib,daily,decimal_rate,True,CONSERVATIVE_NEXT_ORIGIN,UNKNOWN,bam_interbank_newest_1000_2026-08-10.csv; volume_mad_millions=2199.0; outstanding_mad_millions=7769; export has a middle gap
bam_interbank_weighted_average,2023-12-08,2023-12-09,2023-12-09,0.03,current_official_historical_export,Bank Al-Maghrib,daily,decimal_rate,True,CONSERVATIVE_NEXT_ORIGIN,UNKNOWN,bam_interbank_newest_1000_2026-08-10.csv; volume_mad_millions=1623.0; outstanding_mad_millions=7193; export has a middle gap
bam_interbank_weighted_average,2023-12-09,2023-12-10,2023-12-10,0.03,current_official_historical_export,Bank Al-Maghrib,daily,decimal_rate,True,CONSERVATIVE_NEXT_ORIGIN,UNKNOWN,bam_interbank_newest_1000_2026-08-10.csv; volume_mad_millions=nan; outstanding_mad_millions=7193; export has a middle gap
bam_interbank_weighted_average,2023-12-10,2023-12-11,2023-12-11,0.03,current_official_historical_export,Bank Al-Maghrib,daily,decimal_rate,True,CONSERVATIVE_NEXT_ORIGIN,UNKNOWN,bam_interbank_newest_1000_2026-08-10.csv; volume_mad_millions=nan; outstanding_mad_millions=7193; export has a middle gap
bam_interbank_weighted_average,2023-12-11,2023-12-12,2023-12-12,0.03,current_official_historical_export,Bank Al-Maghrib,daily,decimal_rate,True,CONSERVATIVE_NEXT_ORIGIN,UNKNOWN,bam_interbank_newest_1000_2026-08-10.csv; volume_mad_millions=1695.0; outstanding_mad_millions=7165; export has a middle gap
bam_interbank_weighted_average,2023-12-12,2023-12-13,2023-12-13,0.03,current_official_historical_export,Bank Al-Maghrib,daily,decimal_rate,True,CONSERVATIVE_NEXT_ORIGIN,UNKNOWN,bam_interbank_newest_1000_2026-08-10.csv; volume_mad_millions=2890.0; outstanding_mad_millions=8410; export has a middle gap
bam_interbank_weighted_average,2023-12-13,2023-12-14,2023-12-14,0.03,current_official_historical_export,Bank Al-Maghrib,daily,decimal_rate,True,CONSERVATIVE_NEXT_ORIGIN,UNKNOWN,bam_interbank_newest_1000_2026-08-10.csv; volume_mad_millions=2910.0; outstanding_mad_millions=8630; export has a middle gap
bam_interbank_weighted_average,2023-12-14,2023-12-15,2023-12-15,0.03,current_official_historical_export,Bank Al-Maghrib,daily,decimal_rate,True,CONSERVATIVE_NEXT_ORIGIN,UNKNOWN,bam_interbank_newest_1000_2026-08-10.csv; volume_mad_millions=3978.0; outstanding_mad_millions=9108; export has a middle gap
bam_interbank_weighted_average,2023-12-15,2023-12-16,2023-12-16,0.03,current_official_historical_export,Bank Al-Maghrib,daily,decimal_rate,True,CONSERVATIVE_NEXT_ORIGIN,UNKNOWN,bam_interbank_newest_1000_2026-08-10.csv; volume_mad_millions=3908.0; outstanding_mad_millions=9328; export has a middle gap
bam_interbank_weighted_average,2023-12-16,2023-12-17,2023-12-17,0.03,current_official_historical_export,Bank Al-Maghrib,daily,decimal_rate,True,CONSERVATIVE_NEXT_ORIGIN,UNKNOWN,bam_interbank_newest_1000_2026-08-10.csv; volume_mad_millions=nan; outstanding_mad_millions=9328; export has a middle gap
bam_interbank_weighted_average,2023-12-17,2023-12-18,2023-12-18,0.03,current_official_historical_export,Bank Al-Maghrib,daily,decimal_rate,True,CONSERVATIVE_NEXT_ORIGIN,UNKNOWN,bam_interbank_newest_1000_2026-08-10.csv; volume_mad_millions=nan; outstanding_mad_millions=9328; export has a middle gap
bam_interbank_weighted_average,2023-12-18,2023-12-19,2023-12-19,0.03,current_official_historical_export,Bank Al-Maghrib,daily,decimal_rate,True,CONSERVATIVE_NEXT_ORIGIN,UNKNOWN,bam_interbank_newest_1000_2026-08-10.csv; volume_mad_millions=3713.0; outstanding_mad_millions=9233; export has a middle gap
bam_interbank_weighted_average,2023-12-19,2023-12-20,2023-12-20,0.03001,current_official_historical_export,Bank Al-Maghrib,daily,decimal_rate,True,CONSERVATIVE_NEXT_ORIGIN,UNKNOWN,bam_interbank_newest_1000_2026-08-10.csv; volume_mad_millions=4745.0; outstanding_mad_millions=10765; export has a middle gap
bam_interbank_weighted_average,2023-12-20,2023-12-21,2023-12-21,0.03,current_official_historical_export,Bank Al-Maghrib,daily,decimal_rate,True,CONSERVATIVE_NEXT_ORIGIN,UNKNOWN,bam_interbank_newest_1000_2026-08-10.csv; volume_mad_millions=4315.0; outstanding_mad_millions=10585; export has a middle gap
bam_interbank_weighted_average,2023-12-21,2023-12-22,2023-12-22,0.03,current_official_historical_export,Bank Al-Maghrib,daily,decimal_rate,True,CONSERVATIVE_NEXT_ORIGIN,UNKNOWN,bam_interbank_newest_1000_2026-08-10.csv; volume_mad_millions=3714.0; outstanding_mad_millions=10314; export has a middle gap
bam_interbank_weighted_average,2023-12-22,2023-12-23,2023-12-23,0.03,current_official_historical_export,Bank Al-Maghrib,daily,decimal_rate,True,CONSERVATIVE_NEXT_ORIGIN,UNKNOWN,bam_interbank_newest_1000_2026-08-10.csv; volume_mad_millions=4103.0; outstanding_mad_millions=11023; export has a middle gap
bam_interbank_weighted_average,2023-12-23,2023-12-24,2023-12-24,0.03,current_official_historical_export,Bank Al-Maghrib,daily,decimal_rate,True,CONSERVATIVE_NEXT_ORIGIN,UNKNOWN,bam_interbank_newest_1000_2026-08-10.csv; volume_mad_millions=nan; outstanding_mad_millions=11023; export has a middle gap
bam_interbank_weighted_average,2023-12-24,2023-12-25,2023-12-25,0.03,current_official_historical_export,Bank Al-Maghrib,daily,decimal_rate,True,CONSERVATIVE_NEXT_ORIGIN,UNKNOWN,bam_interbank_newest_1000_2026-08-10.csv; volume_mad_millions=nan; outstanding_mad_millions=11023; export has a middle gap
bam_interbank_weighted_average,2023-12-25,2023-12-26,2023-12-26,0.03,current_official_historical_export,Bank Al-Maghrib,daily,decimal_rate,True,CONSERVATIVE_NEXT_ORIGIN,UNKNOWN,bam_interbank_newest_1000_2026-08-10.csv; volume_mad_millions=3640.0; outstanding_mad_millions=10560; export has a middle gap
bam_interbank_weighted_average,2023-12-26,2023-12-27,2023-12-27,0.03,current_official_historical_export,Bank Al-Maghrib,daily,decimal_rate,True,CONSERVATIVE_NEXT_ORIGIN,UNKNOWN,bam_interbank_newest_1000_2026-08-10.csv; volume_mad_millions=3960.0; outstanding_mad_millions=10880; export has a middle gap
bam_interbank_weighted_average,2023-12-27,2023-12-28,2023-12-28,0.03001,current_official_historical_export,Bank Al-Maghrib,daily,decimal_rate,True,CONSERVATIVE_NEXT_ORIGIN,UNKNOWN,bam_interbank_newest_1000_2026-08-10.csv; volume_mad_millions=4594.0; outstanding_mad_millions=11344; export has a middle gap
bam_interbank_weighted_average,2023-12-28,2023-12-29,2023-12-29,0.03,current_official_historical_export,Bank Al-Maghrib,daily,decimal_rate,True,CONSERVATIVE_NEXT_ORIGIN,UNKNOWN,bam_interbank_newest_1000_2026-08-10.csv; volume_mad_millions=6248.0; outstanding_mad_millions=11858; export has a middle gap
bam_interbank_weighted_average,2023-12-29,2023-12-30,2023-12-30,0.03,current_official_historical_export,Bank Al-Maghrib,daily,decimal_rate,True,CONSERVATIVE_NEXT_ORIGIN,UNKNOWN,bam_interbank_newest_1000_2026-08-10.csv; volume_mad_millions=3517.0; outstanding_mad_millions=9667; export has a middle gap
bam_interbank_weighted_average,2023-12-30,2023-12-31,2023-12-31,0.03,current_official_historical_export,Bank Al-Maghrib,daily,decimal_rate,True,CONSERVATIVE_NEXT_ORIGIN,UNKNOWN,bam_interbank_newest_1000_2026-08-10.csv; volume_mad_millions=nan; outstanding_mad_millions=9667; export has a middle gap
bam_interbank_weighted_average,2023-12-31,2024-01-01,2024-01-01,0.03,current_official_historical_export,Bank Al-Maghrib,daily,decimal_rate,True,CONSERVATIVE_NEXT_ORIGIN,UNKNOWN,bam_interbank_newest_1000_2026-08-10.csv; volume_mad_millions=nan; outstanding_mad_millions=9667; export has a middle gap
bam_interbank_weighted_average,2024-01-01,2024-01-02,2024-01-02,0.03,current_official_historical_export,Bank Al-Maghrib,daily,decimal_rate,True,CONSERVATIVE_NEXT_ORIGIN,UNKNOWN,bam_interbank_newest_1000_2026-08-10.csv; volume_mad_millions=nan; outstanding_mad_millions=9667; export has a middle gap
bam_interbank_weighted_average,2024-01-02,2024-01-03,2024-01-03,0.03,current_official_historical_export,Bank Al-Maghrib,daily,decimal_rate,True,CONSERVATIVE_NEXT_ORIGIN,UNKNOWN,bam_interbank_newest_1000_2026-08-10.csv; volume_mad_millions=3705.0; outstanding_mad_millions=9855; export has a middle gap
bam_interbank_weighted_average,2024-01-03,2024-01-04,2024-01-04,0.03,current_official_historical_export,Bank Al-Maghrib,daily,decimal_rate,True,CONSERVATIVE_NEXT_ORIGIN,UNKNOWN,bam_interbank_newest_1000_2026-08-10.csv; volume_mad_millions=4370.0; outstanding_mad_millions=10520; export has a middle gap
bam_interbank_weighted_average,2024-01-04,2024-01-05,2024-01-05,0.03,current_official_historical_export,Bank Al-Maghrib,daily,decimal_rate,True,CONSERVATIVE_NEXT_ORIGIN,UNKNOWN,bam_interbank_newest_1000_2026-08-10.csv; volume_mad_millions=2824.0; outstanding_mad_millions=8179; export has a middle gap
bam_interbank_weighted_average,2024-01-05,2024-01-06,2024-01-06,0.03,current_official_historical_export,Bank Al-Maghrib,daily,decimal_rate,True,CONSERVATIVE_NEXT_ORIGIN,UNKNOWN,bam_interbank_newest_1000_2026-08-10.csv; volume_mad_millions=2001.0; outstanding_mad_millions=7356; export has a middle gap
bam_interbank_weighted_average,2024-01-06,2024-01-07,2024-01-07,0.03,current_official_historical_export,Bank Al-Maghrib,daily,decimal_rate,True,CONSERVATIVE_NEXT_ORIGIN,UNKNOWN,bam_interbank_newest_1000_2026-08-10.csv; volume_mad_millions=nan; outstanding_mad_millions=7356; export has a middle gap
bam_interbank_weighted_average,2024-01-07,2024-01-08,2024-01-08,0.03,current_official_historical_export,Bank Al-Maghrib,daily,decimal_rate,True,CONSERVATIVE_NEXT_ORIGIN,UNKNOWN,bam_interbank_newest_1000_2026-08-10.csv; volume_mad_millions=nan; outstanding_mad_millions=7356; export has a middle gap
bam_interbank_weighted_average,2024-01-08,2024-01-09,2024-01-09,0.03,current_official_historical_export,Bank Al-Maghrib,daily,decimal_rate,True,CONSERVATIVE_NEXT_ORIGIN,UNKNOWN,bam_interbank_newest_1000_2026-08-10.csv; volume_mad_millions=1620.0; outstanding_mad_millions=6475; export has a middle gap
bam_interbank_weighted_average,2024-01-09,2024-01-10,2024-01-10,0.03,current_official_historical_export,Bank Al-Maghrib,daily,decimal_rate,True,CONSERVATIVE_NEXT_ORIGIN,UNKNOWN,bam_interbank_newest_1000_2026-08-10.csv; volume_mad_millions=2540.0; outstanding_mad_millions=7295; export has a middle gap
bam_interbank_weighted_average,2024-01-10,2024-01-11,2024-01-11,0.03,current_official_historical_export,Bank Al-Maghrib,daily,decimal_rate,True,CONSERVATIVE_NEXT_ORIGIN,UNKNOWN,bam_interbank_newest_1000_2026-08-10.csv; volume_mad_millions=2840.0; outstanding_mad_millions=6820; export has a middle gap
bam_interbank_weighted_average,2024-01-11,2024-01-12,2024-01-12,0.03,current_official_historical_export,Bank Al-Maghrib,daily,decimal_rate,True,CONSERVATIVE_NEXT_ORIGIN,UNKNOWN,bam_interbank_newest_1000_2026-08-10.csv; volume_mad_millions=nan; outstanding_mad_millions=6820; export has a middle gap
bam_interbank_weighted_average,2024-01-12,2024-01-13,2024-01-13,0.03003,current_official_historical_export,Bank Al-Maghrib,daily,decimal_rate,True,CONSERVATIVE_NEXT_ORIGIN,UNKNOWN,bam_interbank_newest_1000_2026-08-10.csv; volume_mad_millions=5150.0; outstanding_mad_millions=9905; export has a middle gap
bam_interbank_weighted_average,2024-01-13,2024-01-14,2024-01-14,0.03003,current_official_historical_export,Bank Al-Maghrib,daily,decimal_rate,True,CONSERVATIVE_NEXT_ORIGIN,UNKNOWN,bam_interbank_newest_1000_2026-08-10.csv; volume_mad_millions=nan; outstanding_mad_millions=9905; export has a middle gap
bam_interbank_weighted_average,2024-01-14,2024-01-15,2024-01-15,0.03003,current_official_historical_export,Bank Al-Maghrib,daily,decimal_rate,True,CONSERVATIVE_NEXT_ORIGIN,UNKNOWN,bam_interbank_newest_1000_2026-08-10.csv; volume_mad_millions=nan; outstanding_mad_millions=9905; export has a middle gap
bam_interbank_weighted_average,2024-01-15,2024-01-16,2024-01-16,0.03021,current_official_historical_export,Bank Al-Maghrib,daily,decimal_rate,True,CONSERVATIVE_NEXT_ORIGIN,UNKNOWN,bam_interbank_newest_1000_2026-08-10.csv; volume_mad_millions=4825.0; outstanding_mad_millions=9580; export has a middle gap
bam_interbank_weighted_average,2024-01-16,2024-01-17,2024-01-17,0.03049,current_official_historical_export,Bank Al-Maghrib,daily,decimal_rate,True,CONSERVATIVE_NEXT_ORIGIN,UNKNOWN,bam_interbank_newest_1000_2026-08-10.csv; volume_mad_millions=5280.0; outstanding_mad_millions=10060; export has a middle gap
bam_interbank_weighted_average,2024-01-17,2024-01-18,2024-01-18,0.03024,current_official_historical_export,Bank Al-Maghrib,daily,decimal_rate,True,CONSERVATIVE_NEXT_ORIGIN,UNKNOWN,bam_interbank_newest_1000_2026-08-10.csv; volume_mad_millions=3750.0; outstanding_mad_millions=8530; export has a middle gap
bam_interbank_weighted_average,2024-01-18,2024-01-19,2024-01-19,0.03001,current_official_historical_export,Bank Al-Maghrib,daily,decimal_rate,True,CONSERVATIVE_NEXT_ORIGIN,UNKNOWN,bam_interbank_newest_1000_2026-08-10.csv; volume_mad_millions=1675.0; outstanding_mad_millions=6725; export has a middle gap
bam_interbank_weighted_average,2024-01-19,2024-01-20,2024-01-20,0.03001,current_official_historical_export,Bank Al-Maghrib,daily,decimal_rate,True,CONSERVATIVE_NEXT_ORIGIN,UNKNOWN,bam_interbank_newest_1000_2026-08-10.csv; volume_mad_millions=1205.0; outstanding_mad_millions=6155; export has a middle gap
bam_interbank_weighted_average,2024-01-20,2024-01-21,2024-01-21,0.03001,current_official_historical_export,Bank Al-Maghrib,daily,decimal_rate,True,CONSERVATIVE_NEXT_ORIGIN,UNKNOWN,bam_interbank_newest_1000_2026-08-10.csv; volume_mad_millions=nan; outstanding_mad_millions=6155; export has a middle gap
bam_interbank_weighted_average,2024-01-21,2024-01-22,2024-01-22,0.03001,current_official_historical_export,Bank Al-Maghrib,daily,decimal_rate,True,CONSERVATIVE_NEXT_ORIGIN,UNKNOWN,bam_interbank_newest_1000_2026-08-10.csv; volume_mad_millions=nan; outstanding_mad_millions=6155; export has a middle gap
bam_interbank_weighted_average,2024-01-22,2024-01-23,2024-01-23,0.03,current_official_historical_export,Bank Al-Maghrib,daily,decimal_rate,True,CONSERVATIVE_NEXT_ORIGIN,UNKNOWN,bam_interbank_newest_1000_2026-08-10.csv; volume_mad_millions=1750.0; outstanding_mad_millions=6700; export has a middle gap
bam_interbank_weighted_average,2024-01-23,2024-01-24,2024-01-24,0.03,current_official_historical_export,Bank Al-Maghrib,daily,decimal_rate,True,CONSERVATIVE_NEXT_ORIGIN,UNKNOWN,bam_interbank_newest_1000_2026-08-10.csv; volume_mad_millions=1530.0; outstanding_mad_millions=6500; export has a middle gap
bam_interbank_weighted_average,2024-01-24,2024-01-25,2024-01-25,0.03,current_official_historical_export,Bank Al-Maghrib,daily,decimal_rate,True,CONSERVATIVE_NEXT_ORIGIN,UNKNOWN,bam_interbank_newest_1000_2026-08-10.csv; volume_mad_millions=2470.0; outstanding_mad_millions=7420; export has a middle gap
bam_interbank_weighted_average,2024-01-25,2024-01-26,2024-01-26,0.03005,current_official_historical_export,Bank Al-Maghrib,daily,decimal_rate,True,CONSERVATIVE_NEXT_ORIGIN,UNKNOWN,bam_interbank_newest_1000_2026-08-10.csv; volume_mad_millions=2040.0; outstanding_mad_millions=7470; export has a middle gap
bam_interbank_weighted_average,2024-01-26,2024-01-27,2024-01-27,0.030019999999999998,current_official_historical_export,Bank Al-Maghrib,daily,decimal_rate,True,CONSERVATIVE_NEXT_ORIGIN,UNKNOWN,bam_interbank_newest_1000_2026-08-10.csv; volume_mad_millions=2415.0; outstanding_mad_millions=7745; export has a middle gap
bam_interbank_weighted_average,2024-01-27,2024-01-28,2024-01-28,0.030019999999999998,current_official_historical_export,Bank Al-Maghrib,daily,decimal_rate,True,CONSERVATIVE_NEXT_ORIGIN,UNKNOWN,bam_interbank_newest_1000_2026-08-10.csv; volume_mad_millions=nan; outstanding_mad_millions=7745; export has a middle gap
bam_interbank_weighted_average,2024-01-28,2024-01-29,2024-01-29,0.030019999999999998,current_official_historical_export,Bank Al-Maghrib,daily,decimal_rate,True,CONSERVATIVE_NEXT_ORIGIN,UNKNOWN,bam_interbank_newest_1000_2026-08-10.csv; volume_mad_millions=nan; outstanding_mad_millions=7745; export has a middle gap
bam_interbank_weighted_average,2024-01-29,2024-01-30,2024-01-30,0.03,current_official_historical_export,Bank Al-Maghrib,daily,decimal_rate,True,CONSERVATIVE_NEXT_ORIGIN,UNKNOWN,bam_interbank_newest_1000_2026-08-10.csv; volume_mad_millions=2383.0; outstanding_mad_millions=7933; export has a middle gap
bam_interbank_weighted_average,2024-01-30,2024-01-31,2024-01-31,0.03,current_official_historical_export,Bank Al-Maghrib,daily,decimal_rate,True,CONSERVATIVE_NEXT_ORIGIN,UNKNOWN,bam_interbank_newest_1000_2026-08-10.csv; volume_mad_millions=5530.0; outstanding_mad_millions=11260; export has a middle gap
bam_interbank_weighted_average,2024-01-31,2024-02-01,2024-02-01,0.03003,current_official_historical_export,Bank Al-Maghrib,daily,decimal_rate,True,CONSERVATIVE_NEXT_ORIGIN,UNKNOWN,bam_interbank_newest_1000_2026-08-10.csv; volume_mad_millions=4920.0; outstanding_mad_millions=10175; export has a middle gap
bam_interbank_weighted_average,2024-02-01,2024-02-02,2024-02-02,0.03,current_official_historical_export,Bank Al-Maghrib,daily,decimal_rate,True,CONSERVATIVE_NEXT_ORIGIN,UNKNOWN,bam_interbank_newest_1000_2026-08-10.csv; volume_mad_millions=2250.0; outstanding_mad_millions=8135; export has a middle gap
bam_interbank_weighted_average,2024-02-02,2024-02-03,2024-02-03,0.03,current_official_historical_export,Bank Al-Maghrib,daily,decimal_rate,True,CONSERVATIVE_NEXT_ORIGIN,UNKNOWN,bam_interbank_newest_1000_2026-08-10.csv; volume_mad_millions=2210.0; outstanding_mad_millions=8095; export has a middle gap
bam_interbank_weighted_average,2024-02-03,2024-02-04,2024-02-04,0.03,current_official_historical_export,Bank Al-Maghrib,daily,decimal_rate,True,CONSERVATIVE_NEXT_ORIGIN,UNKNOWN,bam_interbank_newest_1000_2026-08-10.csv; volume_mad_millions=nan; outstanding_mad_millions=8095; export has a middle gap
bam_interbank_weighted_average,2024-02-04,2024-02-05,2024-02-05,0.03,current_official_historical_export,Bank Al-Maghrib,daily,decimal_rate,True,CONSERVATIVE_NEXT_ORIGIN,UNKNOWN,bam_interbank_newest_1000_2026-08-10.csv; volume_mad_millions=nan; outstanding_mad_millions=8095; export has a middle gap
bam_interbank_weighted_average,2024-02-05,2024-02-06,2024-02-06,0.03,current_official_historical_export,Bank Al-Maghrib,daily,decimal_rate,True,CONSERVATIVE_NEXT_ORIGIN,UNKNOWN,bam_interbank_newest_1000_2026-08-10.csv; volume_mad_millions=2555.0; outstanding_mad_millions=8440; export has a middle gap
bam_interbank_weighted_average,2024-02-06,2024-02-07,2024-02-07,0.03,current_official_historical_export,Bank Al-Maghrib,daily,decimal_rate,True,CONSERVATIVE_NEXT_ORIGIN,UNKNOWN,bam_interbank_newest_1000_2026-08-10.csv; volume_mad_millions=2775.0; outstanding_mad_millions=8685; export has a middle gap
bam_interbank_weighted_average,2024-02-07,2024-02-08,2024-02-08,0.03,current_official_historical_export,Bank Al-Maghrib,daily,decimal_rate,True,CONSERVATIVE_NEXT_ORIGIN,UNKNOWN,bam_interbank_newest_1000_2026-08-10.csv; volume_mad_millions=2410.0; outstanding_mad_millions=8295; export has a middle gap
bam_interbank_weighted_average,2024-02-08,2024-02-09,2024-02-09,0.03,current_official_historical_export,Bank Al-Maghrib,daily,decimal_rate,True,CONSERVATIVE_NEXT_ORIGIN,UNKNOWN,bam_interbank_newest_1000_2026-08-10.csv; volume_mad_millions=2190.0; outstanding_mad_millions=6845; export has a middle gap
bam_interbank_weighted_average,2024-02-09,2024-02-10,2024-02-10,0.03,current_official_historical_export,Bank Al-Maghrib,daily,decimal_rate,True,CONSERVATIVE_NEXT_ORIGIN,UNKNOWN,bam_interbank_newest_1000_2026-08-10.csv; volume_mad_millions=1970.0; outstanding_mad_millions=6525; export has a middle gap
bam_interbank_weighted_average,2024-02-10,2024-02-11,2024-02-11,0.03,current_official_historical_export,Bank Al-Maghrib,daily,decimal_rate,True,CONSERVATIVE_NEXT_ORIGIN,UNKNOWN,bam_interbank_newest_1000_2026-08-10.csv; volume_mad_millions=nan; outstanding_mad_millions=6525; export has a middle gap
bam_interbank_weighted_average,2024-02-11,2024-02-12,2024-02-12,0.03,current_official_historical_export,Bank Al-Maghrib,daily,decimal_rate,True,CONSERVATIVE_NEXT_ORIGIN,UNKNOWN,bam_interbank_newest_1000_2026-08-10.csv; volume_mad_millions=nan; outstanding_mad_millions=6525; export has a middle gap
bam_interbank_weighted_average,2024-02-12,2024-02-13,2024-02-13,0.03,current_official_historical_export,Bank Al-Maghrib,daily,decimal_rate,True,CONSERVATIVE_NEXT_ORIGIN,UNKNOWN,bam_interbank_newest_1000_2026-08-10.csv; volume_mad_millions=1620.0; outstanding_mad_millions=6210; export has a middle gap
bam_interbank_weighted_average,2024-02-13,2024-02-14,2024-02-14,0.03,current_official_historical_export,Bank Al-Maghrib,daily,decimal_rate,True,CONSERVATIVE_NEXT_ORIGIN,UNKNOWN,bam_interbank_newest_1000_2026-08-10.csv; volume_mad_millions=2060.0; outstanding_mad_millions=6625; export has a middle gap
bam_interbank_weighted_average,2024-02-14,2024-02-15,2024-02-15,0.03,current_official_historical_export,Bank Al-Maghrib,daily,decimal_rate,True,CONSERVATIVE_NEXT_ORIGIN,UNKNOWN,bam_interbank_newest_1000_2026-08-10.csv; volume_mad_millions=3540.0; outstanding_mad_millions=8105; export has a middle gap
bam_interbank_weighted_average,2024-02-15,2024-02-16,2024-02-16,0.03,current_official_historical_export,Bank Al-Maghrib,daily,decimal_rate,True,CONSERVATIVE_NEXT_ORIGIN,UNKNOWN,bam_interbank_newest_1000_2026-08-10.csv; volume_mad_millions=1660.0; outstanding_mad_millions=6475; export has a middle gap
bam_interbank_weighted_average,2024-02-16,2024-02-17,2024-02-17,0.03,current_official_historical_export,Bank Al-Maghrib,daily,decimal_rate,True,CONSERVATIVE_NEXT_ORIGIN,UNKNOWN,bam_interbank_newest_1000_2026-08-10.csv; volume_mad_millions=2370.0; outstanding_mad_millions=8225; export has a middle gap
bam_interbank_weighted_average,2024-02-17,2024-02-18,2024-02-18,0.03,current_official_historical_export,Bank Al-Maghrib,daily,decimal_rate,True,CONSERVATIVE_NEXT_ORIGIN,UNKNOWN,bam_interbank_newest_1000_2026-08-10.csv; volume_mad_millions=nan; outstanding_mad_millions=8225; export has a middle gap
bam_interbank_weighted_average,2024-02-18,2024-02-19,2024-02-19,0.03,current_official_historical_export,Bank Al-Maghrib,daily,decimal_rate,True,CONSERVATIVE_NEXT_ORIGIN,UNKNOWN,bam_interbank_newest_1000_2026-08-10.csv; volume_mad_millions=nan; outstanding_mad_millions=8225; export has a middle gap
bam_interbank_weighted_average,2024-02-19,2024-02-20,2024-02-20,0.03,current_official_historical_export,Bank Al-Maghrib,daily,decimal_rate,True,CONSERVATIVE_NEXT_ORIGIN,UNKNOWN,bam_interbank_newest_1000_2026-08-10.csv; volume_mad_millions=2380.0; outstanding_mad_millions=8100; export has a middle gap
bam_interbank_weighted_average,2024-02-20,2024-02-21,2024-02-21,0.03,current_official_historical_export,Bank Al-Maghrib,daily,decimal_rate,True,CONSERVATIVE_NEXT_ORIGIN,UNKNOWN,bam_interbank_newest_1000_2026-08-10.csv; volume_mad_millions=1230.0; outstanding_mad_millions=6950; export has a middle gap
bam_interbank_weighted_average,2024-02-21,2024-02-22,2024-02-22,0.03,current_official_historical_export,Bank Al-Maghrib,daily,decimal_rate,True,CONSERVATIVE_NEXT_ORIGIN,UNKNOWN,bam_interbank_newest_1000_2026-08-10.csv; volume_mad_millions=1730.0; outstanding_mad_millions=7450; export has a middle gap
bam_interbank_weighted_average,2024-02-22,2024-02-23,2024-02-23,0.03,current_official_historical_export,Bank Al-Maghrib,daily,decimal_rate,True,CONSERVATIVE_NEXT_ORIGIN,UNKNOWN,bam_interbank_newest_1000_2026-08-10.csv; volume_mad_millions=1770.0; outstanding_mad_millions=7660; export has a middle gap
bam_interbank_weighted_average,2024-02-23,2024-02-24,2024-02-24,0.03,current_official_historical_export,Bank Al-Maghrib,daily,decimal_rate,True,CONSERVATIVE_NEXT_ORIGIN,UNKNOWN,bam_interbank_newest_1000_2026-08-10.csv; volume_mad_millions=990.0; outstanding_mad_millions=6140; export has a middle gap
bam_interbank_weighted_average,2024-02-24,2024-02-25,2024-02-25,0.03,current_official_historical_export,Bank Al-Maghrib,daily,decimal_rate,True,CONSERVATIVE_NEXT_ORIGIN,UNKNOWN,bam_interbank_newest_1000_2026-08-10.csv; volume_mad_millions=nan; outstanding_mad_millions=6140; export has a middle gap
bam_interbank_weighted_average,2024-02-25,2024-02-26,2024-02-26,0.03,current_official_historical_export,Bank Al-Maghrib,daily,decimal_rate,True,CONSERVATIVE_NEXT_ORIGIN,UNKNOWN,bam_interbank_newest_1000_2026-08-10.csv; volume_mad_millions=nan; outstanding_mad_millions=6140; export has a middle gap
bam_interbank_weighted_average,2024-02-26,2024-02-27,2024-02-27,0.03,current_official_historical_export,Bank Al-Maghrib,daily,decimal_rate,True,CONSERVATIVE_NEXT_ORIGIN,UNKNOWN,bam_interbank_newest_1000_2026-08-10.csv; volume_mad_millions=1350.0; outstanding_mad_millions=6300; export has a middle gap
bam_interbank_weighted_average,2024-02-27,2024-02-28,2024-02-28,0.030019999999999998,current_official_historical_export,Bank Al-Maghrib,daily,decimal_rate,True,CONSERVATIVE_NEXT_ORIGIN,UNKNOWN,bam_interbank_newest_1000_2026-08-10.csv; volume_mad_millions=1535.0; outstanding_mad_millions=6485; export has a middle gap
bam_interbank_weighted_average,2024-02-28,2024-02-29,2024-02-29,0.03,current_official_historical_export,Bank Al-Maghrib,daily,decimal_rate,True,CONSERVATIVE_NEXT_ORIGIN,UNKNOWN,bam_interbank_newest_1000_2026-08-10.csv; volume_mad_millions=2242.0; outstanding_mad_millions=7192; export has a middle gap
bam_interbank_weighted_average,2024-02-29,2024-03-01,2024-03-01,0.03,current_official_historical_export,Bank Al-Maghrib,daily,decimal_rate,True,CONSERVATIVE_NEXT_ORIGIN,UNKNOWN,bam_interbank_newest_1000_2026-08-10.csv; volume_mad_millions=3105.0; outstanding_mad_millions=6905; export has a middle gap
bam_interbank_weighted_average,2024-03-01,2024-03-02,2024-03-02,0.03,current_official_historical_export,Bank Al-Maghrib,daily,decimal_rate,True,CONSERVATIVE_NEXT_ORIGIN,UNKNOWN,bam_interbank_newest_1000_2026-08-10.csv; volume_mad_millions=1371.0; outstanding_mad_millions=6171; export has a middle gap
bam_interbank_weighted_average,2024-03-02,2024-03-03,2024-03-03,0.03,current_official_historical_export,Bank Al-Maghrib,daily,decimal_rate,True,CONSERVATIVE_NEXT_ORIGIN,UNKNOWN,bam_interbank_newest_1000_2026-08-10.csv; volume_mad_millions=nan; outstanding_mad_millions=6171; export has a middle gap
bam_interbank_weighted_average,2024-03-03,2024-03-04,2024-03-04,0.03,current_official_historical_export,Bank Al-Maghrib,daily,decimal_rate,True,CONSERVATIVE_NEXT_ORIGIN,UNKNOWN,bam_interbank_newest_1000_2026-08-10.csv; volume_mad_millions=nan; outstanding_mad_millions=6171; export has a middle gap
bam_interbank_weighted_average,2024-03-04,2024-03-05,2024-03-05,0.03,current_official_historical_export,Bank Al-Maghrib,daily,decimal_rate,True,CONSERVATIVE_NEXT_ORIGIN,UNKNOWN,bam_interbank_newest_1000_2026-08-10.csv; volume_mad_millions=1373.0; outstanding_mad_millions=6173; export has a middle gap
bam_interbank_weighted_average,2024-03-05,2024-03-06,2024-03-06,0.03,current_official_historical_export,Bank Al-Maghrib,daily,decimal_rate,True,CONSERVATIVE_NEXT_ORIGIN,UNKNOWN,bam_interbank_newest_1000_2026-08-10.csv; volume_mad_millions=2090.0; outstanding_mad_millions=6890; export has a middle gap
bam_interbank_weighted_average,2024-03-06,2024-03-07,2024-03-07,0.03,current_official_historical_export,Bank Al-Maghrib,daily,decimal_rate,True,CONSERVATIVE_NEXT_ORIGIN,UNKNOWN,bam_interbank_newest_1000_2026-08-10.csv; volume_mad_millions=1660.0; outstanding_mad_millions=6460; export has a middle gap
bam_interbank_weighted_average,2024-03-07,2024-03-08,2024-03-08,0.03,current_official_historical_export,Bank Al-Maghrib,daily,decimal_rate,True,CONSERVATIVE_NEXT_ORIGIN,UNKNOWN,bam_interbank_newest_1000_2026-08-10.csv; volume_mad_millions=1200.0; outstanding_mad_millions=6170; export has a middle gap
bam_interbank_weighted_average,2024-03-08,2024-03-09,2024-03-09,0.03,current_official_historical_export,Bank Al-Maghrib,daily,decimal_rate,True,CONSERVATIVE_NEXT_ORIGIN,UNKNOWN,bam_interbank_newest_1000_2026-08-10.csv; volume_mad_millions=1150.0; outstanding_mad_millions=6520; export has a middle gap
bam_interbank_weighted_average,2024-03-09,2024-03-10,2024-03-10,0.03,current_official_historical_export,Bank Al-Maghrib,daily,decimal_rate,True,CONSERVATIVE_NEXT_ORIGIN,UNKNOWN,bam_interbank_newest_1000_2026-08-10.csv; volume_mad_millions=nan; outstanding_mad_millions=6520; export has a middle gap
bam_interbank_weighted_average,2024-03-10,2024-03-11,2024-03-11,0.03,current_official_historical_export,Bank Al-Maghrib,daily,decimal_rate,True,CONSERVATIVE_NEXT_ORIGIN,UNKNOWN,bam_interbank_newest_1000_2026-08-10.csv; volume_mad_millions=nan; outstanding_mad_millions=6520; export has a middle gap
bam_interbank_weighted_average,2024-03-11,2024-03-12,2024-03-12,0.03,current_official_historical_export,Bank Al-Maghrib,daily,decimal_rate,True,CONSERVATIVE_NEXT_ORIGIN,UNKNOWN,bam_interbank_newest_1000_2026-08-10.csv; volume_mad_millions=1380.0; outstanding_mad_millions=6490; export has a middle gap
bam_interbank_weighted_average,2024-03-12,2024-03-13,2024-03-13,0.03,current_official_historical_export,Bank Al-Maghrib,daily,decimal_rate,True,CONSERVATIVE_NEXT_ORIGIN,UNKNOWN,bam_interbank_newest_1000_2026-08-10.csv; volume_mad_millions=3180.0; outstanding_mad_millions=8290; export has a middle gap
bam_interbank_weighted_average,2024-03-13,2024-03-14,2024-03-14,0.03,current_official_historical_export,Bank Al-Maghrib,daily,decimal_rate,True,CONSERVATIVE_NEXT_ORIGIN,UNKNOWN,bam_interbank_newest_1000_2026-08-10.csv; volume_mad_millions=5355.0; outstanding_mad_millions=10600; export has a middle gap
bam_interbank_weighted_average,2024-03-14,2024-03-15,2024-03-15,0.03,current_official_historical_export,Bank Al-Maghrib,daily,decimal_rate,True,CONSERVATIVE_NEXT_ORIGIN,UNKNOWN,bam_interbank_newest_1000_2026-08-10.csv; volume_mad_millions=1870.0; outstanding_mad_millions=7405; export has a middle gap
bam_interbank_weighted_average,2024-03-15,2024-03-16,2024-03-16,0.03,current_official_historical_export,Bank Al-Maghrib,daily,decimal_rate,True,CONSERVATIVE_NEXT_ORIGIN,UNKNOWN,bam_interbank_newest_1000_2026-08-10.csv; volume_mad_millions=1340.0; outstanding_mad_millions=6475; export has a middle gap
bam_interbank_weighted_average,2024-03-16,2024-03-17,2024-03-17,0.03,current_official_historical_export,Bank Al-Maghrib,daily,decimal_rate,True,CONSERVATIVE_NEXT_ORIGIN,UNKNOWN,bam_interbank_newest_1000_2026-08-10.csv; volume_mad_millions=nan; outstanding_mad_millions=6475; export has a middle gap
bam_interbank_weighted_average,2024-03-17,2024-03-18,2024-03-18,0.03,current_official_historical_export,Bank Al-Maghrib,daily,decimal_rate,True,CONSERVATIVE_NEXT_ORIGIN,UNKNOWN,bam_interbank_newest_1000_2026-08-10.csv; volume_mad_millions=nan; outstanding_mad_millions=6475; export has a middle gap
bam_interbank_weighted_average,2024-03-18,2024-03-19,2024-03-19,0.0301,current_official_historical_export,Bank Al-Maghrib,daily,decimal_rate,True,CONSERVATIVE_NEXT_ORIGIN,UNKNOWN,bam_interbank_newest_1000_2026-08-10.csv; volume_mad_millions=2040.0; outstanding_mad_millions=7175; export has a middle gap
bam_interbank_weighted_average,2024-03-19,2024-03-20,2024-03-20,0.03,current_official_historical_export,Bank Al-Maghrib,daily,decimal_rate,True,CONSERVATIVE_NEXT_ORIGIN,UNKNOWN,bam_interbank_newest_1000_2026-08-10.csv; volume_mad_millions=1425.0; outstanding_mad_millions=6560; export has a middle gap
bam_interbank_weighted_average,2024-03-20,2024-03-21,2024-03-21,0.03,current_official_historical_export,Bank Al-Maghrib,daily,decimal_rate,True,CONSERVATIVE_NEXT_ORIGIN,UNKNOWN,bam_interbank_newest_1000_2026-08-10.csv; volume_mad_millions=1930.0; outstanding_mad_millions=6795; export has a middle gap
bam_interbank_weighted_average,2024-03-21,2024-03-22,2024-03-22,0.03,current_official_historical_export,Bank Al-Maghrib,daily,decimal_rate,True,CONSERVATIVE_NEXT_ORIGIN,UNKNOWN,bam_interbank_newest_1000_2026-08-10.csv; volume_mad_millions=1855.0; outstanding_mad_millions=6570; export has a middle gap
bam_interbank_weighted_average,2024-03-22,2024-03-23,2024-03-23,0.03004,current_official_historical_export,Bank Al-Maghrib,daily,decimal_rate,True,CONSERVATIVE_NEXT_ORIGIN,UNKNOWN,bam_interbank_newest_1000_2026-08-10.csv; volume_mad_millions=2290.0; outstanding_mad_millions=7005; export has a middle gap
bam_interbank_weighted_average,2024-03-23,2024-03-24,2024-03-24,0.03004,current_official_historical_export,Bank Al-Maghrib,daily,decimal_rate,True,CONSERVATIVE_NEXT_ORIGIN,UNKNOWN,bam_interbank_newest_1000_2026-08-10.csv; volume_mad_millions=nan; outstanding_mad_millions=7005; export has a middle gap
bam_interbank_weighted_average,2024-03-24,2024-03-25,2024-03-25,0.03004,current_official_historical_export,Bank Al-Maghrib,daily,decimal_rate,True,CONSERVATIVE_NEXT_ORIGIN,UNKNOWN,bam_interbank_newest_1000_2026-08-10.csv; volume_mad_millions=nan; outstanding_mad_millions=7005; export has a middle gap
bam_interbank_weighted_average,2024-03-25,2024-03-26,2024-03-26,0.03,current_official_historical_export,Bank Al-Maghrib,daily,decimal_rate,True,CONSERVATIVE_NEXT_ORIGIN,UNKNOWN,bam_interbank_newest_1000_2026-08-10.csv; volume_mad_millions=3135.0; outstanding_mad_millions=7850; export has a middle gap
bam_interbank_weighted_average,2024-03-26,2024-03-27,2024-03-27,0.03003,current_official_historical_export,Bank Al-Maghrib,daily,decimal_rate,True,CONSERVATIVE_NEXT_ORIGIN,UNKNOWN,bam_interbank_newest_1000_2026-08-10.csv; volume_mad_millions=1810.0; outstanding_mad_millions=6645; export has a middle gap
bam_interbank_weighted_average,2024-03-27,2024-03-28,2024-03-28,0.03001,current_official_historical_export,Bank Al-Maghrib,daily,decimal_rate,True,CONSERVATIVE_NEXT_ORIGIN,UNKNOWN,bam_interbank_newest_1000_2026-08-10.csv; volume_mad_millions=3790.0; outstanding_mad_millions=8620; export has a middle gap
bam_interbank_weighted_average,2024-03-28,2024-03-29,2024-03-29,0.03,current_official_historical_export,Bank Al-Maghrib,daily,decimal_rate,True,CONSERVATIVE_NEXT_ORIGIN,UNKNOWN,bam_interbank_newest_1000_2026-08-10.csv; volume_mad_millions=2850.0; outstanding_mad_millions=6090; export has a middle gap
bam_interbank_weighted_average,2024-03-29,2024-03-30,2024-03-30,0.03009,current_official_historical_export,Bank Al-Maghrib,daily,decimal_rate,True,CONSERVATIVE_NEXT_ORIGIN,UNKNOWN,bam_interbank_newest_1000_2026-08-10.csv; volume_mad_millions=1581.0; outstanding_mad_millions=4421; export has a middle gap
bam_interbank_weighted_average,2024-03-30,2024-03-31,2024-03-31,0.03009,current_official_historical_export,Bank Al-Maghrib,daily,decimal_rate,True,CONSERVATIVE_NEXT_ORIGIN,UNKNOWN,bam_interbank_newest_1000_2026-08-10.csv; volume_mad_millions=nan; outstanding_mad_millions=4421; export has a middle gap
bam_interbank_weighted_average,2024-03-31,2024-04-01,2024-04-01,0.03009,current_official_historical_export,Bank Al-Maghrib,daily,decimal_rate,True,CONSERVATIVE_NEXT_ORIGIN,UNKNOWN,bam_interbank_newest_1000_2026-08-10.csv; volume_mad_millions=nan; outstanding_mad_millions=4421; export has a middle gap
bam_interbank_weighted_average,2024-04-01,2024-04-02,2024-04-02,0.03003,current_official_historical_export,Bank Al-Maghrib,daily,decimal_rate,True,CONSERVATIVE_NEXT_ORIGIN,UNKNOWN,bam_interbank_newest_1000_2026-08-10.csv; volume_mad_millions=3683.0; outstanding_mad_millions=6523; export has a middle gap
bam_interbank_weighted_average,2024-04-02,2024-04-03,2024-04-03,0.03,current_official_historical_export,Bank Al-Maghrib,daily,decimal_rate,True,CONSERVATIVE_NEXT_ORIGIN,UNKNOWN,bam_interbank_newest_1000_2026-08-10.csv; volume_mad_millions=1600.0; outstanding_mad_millions=4490; export has a middle gap
bam_interbank_weighted_average,2024-04-03,2024-04-04,2024-04-04,0.03,current_official_historical_export,Bank Al-Maghrib,daily,decimal_rate,True,CONSERVATIVE_NEXT_ORIGIN,UNKNOWN,bam_interbank_newest_1000_2026-08-10.csv; volume_mad_millions=2230.0; outstanding_mad_millions=5120; export has a middle gap
bam_interbank_weighted_average,2024-04-04,2024-04-05,2024-04-05,0.03,current_official_historical_export,Bank Al-Maghrib,daily,decimal_rate,True,CONSERVATIVE_NEXT_ORIGIN,UNKNOWN,bam_interbank_newest_1000_2026-08-10.csv; volume_mad_millions=1590.0; outstanding_mad_millions=5480; export has a middle gap
bam_interbank_weighted_average,2024-04-05,2024-04-06,2024-04-06,0.03,current_official_historical_export,Bank Al-Maghrib,daily,decimal_rate,True,CONSERVATIVE_NEXT_ORIGIN,UNKNOWN,bam_interbank_newest_1000_2026-08-10.csv; volume_mad_millions=1370.0; outstanding_mad_millions=5460; export has a middle gap
bam_interbank_weighted_average,2024-04-06,2024-04-07,2024-04-07,0.03,current_official_historical_export,Bank Al-Maghrib,daily,decimal_rate,True,CONSERVATIVE_NEXT_ORIGIN,UNKNOWN,bam_interbank_newest_1000_2026-08-10.csv; volume_mad_millions=nan; outstanding_mad_millions=5460; export has a middle gap
bam_interbank_weighted_average,2024-04-07,2024-04-08,2024-04-08,0.03,current_official_historical_export,Bank Al-Maghrib,daily,decimal_rate,True,CONSERVATIVE_NEXT_ORIGIN,UNKNOWN,bam_interbank_newest_1000_2026-08-10.csv; volume_mad_millions=nan; outstanding_mad_millions=5460; export has a middle gap
bam_interbank_weighted_average,2024-04-08,2024-04-09,2024-04-09,0.03,current_official_historical_export,Bank Al-Maghrib,daily,decimal_rate,True,CONSERVATIVE_NEXT_ORIGIN,UNKNOWN,bam_interbank_newest_1000_2026-08-10.csv; volume_mad_millions=1700.0; outstanding_mad_millions=5790; export has a middle gap
bam_interbank_weighted_average,2024-04-09,2024-04-10,2024-04-10,0.03,current_official_historical_export,Bank Al-Maghrib,daily,decimal_rate,True,CONSERVATIVE_NEXT_ORIGIN,UNKNOWN,bam_interbank_newest_1000_2026-08-10.csv; volume_mad_millions=2544.0; outstanding_mad_millions=6114; export has a middle gap
bam_interbank_weighted_average,2024-04-10,2024-04-11,2024-04-11,0.03,current_official_historical_export,Bank Al-Maghrib,daily,decimal_rate,True,CONSERVATIVE_NEXT_ORIGIN,UNKNOWN,bam_interbank_newest_1000_2026-08-10.csv; volume_mad_millions=nan; outstanding_mad_millions=6114; export has a middle gap
bam_interbank_weighted_average,2024-04-11,2024-04-12,2024-04-12,0.03,current_official_historical_export,Bank Al-Maghrib,daily,decimal_rate,True,CONSERVATIVE_NEXT_ORIGIN,UNKNOWN,bam_interbank_newest_1000_2026-08-10.csv; volume_mad_millions=nan; outstanding_mad_millions=6114; export has a middle gap
bam_interbank_weighted_average,2024-04-12,2024-04-13,2024-04-13,0.03,current_official_historical_export,Bank Al-Maghrib,daily,decimal_rate,True,CONSERVATIVE_NEXT_ORIGIN,UNKNOWN,bam_interbank_newest_1000_2026-08-10.csv; volume_mad_millions=nan; outstanding_mad_millions=6114; export has a middle gap
bam_interbank_weighted_average,2024-04-13,2024-04-14,2024-04-14,0.03,current_official_historical_export,Bank Al-Maghrib,daily,decimal_rate,True,CONSERVATIVE_NEXT_ORIGIN,UNKNOWN,bam_interbank_newest_1000_2026-08-10.csv; volume_mad_millions=nan; outstanding_mad_millions=6114; export has a middle gap
bam_interbank_weighted_average,2024-04-14,2024-04-15,2024-04-15,0.03,current_official_historical_export,Bank Al-Maghrib,daily,decimal_rate,True,CONSERVATIVE_NEXT_ORIGIN,UNKNOWN,bam_interbank_newest_1000_2026-08-10.csv; volume_mad_millions=nan; outstanding_mad_millions=6114; export has a middle gap
bam_interbank_weighted_average,2024-04-15,2024-04-16,2024-04-16,0.03,current_official_historical_export,Bank Al-Maghrib,daily,decimal_rate,True,CONSERVATIVE_NEXT_ORIGIN,UNKNOWN,bam_interbank_newest_1000_2026-08-10.csv; volume_mad_millions=3219.0; outstanding_mad_millions=7024; export has a middle gap
bam_interbank_weighted_average,2024-04-16,2024-04-17,2024-04-17,0.03003,current_official_historical_export,Bank Al-Maghrib,daily,decimal_rate,True,CONSERVATIVE_NEXT_ORIGIN,UNKNOWN,bam_interbank_newest_1000_2026-08-10.csv; volume_mad_millions=3349.0; outstanding_mad_millions=7154; export has a middle gap
bam_interbank_weighted_average,2024-04-17,2024-04-18,2024-04-18,0.03,current_official_historical_export,Bank Al-Maghrib,daily,decimal_rate,True,CONSERVATIVE_NEXT_ORIGIN,UNKNOWN,bam_interbank_newest_1000_2026-08-10.csv; volume_mad_millions=2391.0; outstanding_mad_millions=6186; export has a middle gap
bam_interbank_weighted_average,2024-04-18,2024-04-19,2024-04-19,0.030059999999999996,current_official_historical_export,Bank Al-Maghrib,daily,decimal_rate,True,CONSERVATIVE_NEXT_ORIGIN,UNKNOWN,bam_interbank_newest_1000_2026-08-10.csv; volume_mad_millions=1674.0; outstanding_mad_millions=5769; export has a middle gap
bam_interbank_weighted_average,2024-04-19,2024-04-20,2024-04-20,0.03,current_official_historical_export,Bank Al-Maghrib,daily,decimal_rate,True,CONSERVATIVE_NEXT_ORIGIN,UNKNOWN,bam_interbank_newest_1000_2026-08-10.csv; volume_mad_millions=1515.0; outstanding_mad_millions=5610; export has a middle gap
bam_interbank_weighted_average,2024-04-20,2024-04-21,2024-04-21,0.03,current_official_historical_export,Bank Al-Maghrib,daily,decimal_rate,True,CONSERVATIVE_NEXT_ORIGIN,UNKNOWN,bam_interbank_newest_1000_2026-08-10.csv; volume_mad_millions=nan; outstanding_mad_millions=5610; export has a middle gap
bam_interbank_weighted_average,2024-04-21,2024-04-22,2024-04-22,0.03,current_official_historical_export,Bank Al-Maghrib,daily,decimal_rate,True,CONSERVATIVE_NEXT_ORIGIN,UNKNOWN,bam_interbank_newest_1000_2026-08-10.csv; volume_mad_millions=nan; outstanding_mad_millions=5610; export has a middle gap
bam_interbank_weighted_average,2024-04-22,2024-04-23,2024-04-23,0.03,current_official_historical_export,Bank Al-Maghrib,daily,decimal_rate,True,CONSERVATIVE_NEXT_ORIGIN,UNKNOWN,bam_interbank_newest_1000_2026-08-10.csv; volume_mad_millions=1355.0; outstanding_mad_millions=5650; export has a middle gap
bam_interbank_weighted_average,2024-04-23,2024-04-24,2024-04-24,0.03,current_official_historical_export,Bank Al-Maghrib,daily,decimal_rate,True,CONSERVATIVE_NEXT_ORIGIN,UNKNOWN,bam_interbank_newest_1000_2026-08-10.csv; volume_mad_millions=1660.0; outstanding_mad_millions=5955; export has a middle gap
bam_interbank_weighted_average,2024-04-24,2024-04-25,2024-04-25,0.03,current_official_historical_export,Bank Al-Maghrib,daily,decimal_rate,True,CONSERVATIVE_NEXT_ORIGIN,UNKNOWN,bam_interbank_newest_1000_2026-08-10.csv; volume_mad_millions=1795.0; outstanding_mad_millions=6090; export has a middle gap
bam_interbank_weighted_average,2024-04-25,2024-04-26,2024-04-26,0.03,current_official_historical_export,Bank Al-Maghrib,daily,decimal_rate,True,CONSERVATIVE_NEXT_ORIGIN,UNKNOWN,bam_interbank_newest_1000_2026-08-10.csv; volume_mad_millions=2488.0; outstanding_mad_millions=6883; export has a middle gap
bam_interbank_weighted_average,2024-04-26,2024-04-27,2024-04-27,0.03,current_official_historical_export,Bank Al-Maghrib,daily,decimal_rate,True,CONSERVATIVE_NEXT_ORIGIN,UNKNOWN,bam_interbank_newest_1000_2026-08-10.csv; volume_mad_millions=2321.0; outstanding_mad_millions=6716; export has a middle gap
bam_interbank_weighted_average,2024-04-27,2024-04-28,2024-04-28,0.03,current_official_historical_export,Bank Al-Maghrib,daily,decimal_rate,True,CONSERVATIVE_NEXT_ORIGIN,UNKNOWN,bam_interbank_newest_1000_2026-08-10.csv; volume_mad_millions=nan; outstanding_mad_millions=6716; export has a middle gap
bam_interbank_weighted_average,2024-04-28,2024-04-29,2024-04-29,0.03,current_official_historical_export,Bank Al-Maghrib,daily,decimal_rate,True,CONSERVATIVE_NEXT_ORIGIN,UNKNOWN,bam_interbank_newest_1000_2026-08-10.csv; volume_mad_millions=nan; outstanding_mad_millions=6716; export has a middle gap
bam_interbank_weighted_average,2024-04-29,2024-04-30,2024-04-30,0.03,current_official_historical_export,Bank Al-Maghrib,daily,decimal_rate,True,CONSERVATIVE_NEXT_ORIGIN,UNKNOWN,bam_interbank_newest_1000_2026-08-10.csv; volume_mad_millions=3514.0; outstanding_mad_millions=8209; export has a middle gap
bam_interbank_weighted_average,2024-04-30,2024-05-01,2024-05-01,0.03,current_official_historical_export,Bank Al-Maghrib,daily,decimal_rate,True,CONSERVATIVE_NEXT_ORIGIN,UNKNOWN,bam_interbank_newest_1000_2026-08-10.csv; volume_mad_millions=2233.0; outstanding_mad_millions=6728; export has a middle gap
bam_interbank_weighted_average,2024-05-01,2024-05-02,2024-05-02,0.03,current_official_historical_export,Bank Al-Maghrib,daily,decimal_rate,True,CONSERVATIVE_NEXT_ORIGIN,UNKNOWN,bam_interbank_newest_1000_2026-08-10.csv; volume_mad_millions=nan; outstanding_mad_millions=6728; export has a middle gap
bam_interbank_weighted_average,2024-05-02,2024-05-03,2024-05-03,0.03,current_official_historical_export,Bank Al-Maghrib,daily,decimal_rate,True,CONSERVATIVE_NEXT_ORIGIN,UNKNOWN,bam_interbank_newest_1000_2026-08-10.csv; volume_mad_millions=3524.0; outstanding_mad_millions=8904; export has a middle gap
bam_interbank_weighted_average,2024-05-03,2024-05-04,2024-05-04,0.03,current_official_historical_export,Bank Al-Maghrib,daily,decimal_rate,True,CONSERVATIVE_NEXT_ORIGIN,UNKNOWN,bam_interbank_newest_1000_2026-08-10.csv; volume_mad_millions=1548.0; outstanding_mad_millions=7328; export has a middle gap
bam_interbank_weighted_average,2024-05-04,2024-05-05,2024-05-05,0.03,current_official_historical_export,Bank Al-Maghrib,daily,decimal_rate,True,CONSERVATIVE_NEXT_ORIGIN,UNKNOWN,bam_interbank_newest_1000_2026-08-10.csv; volume_mad_millions=nan; outstanding_mad_millions=7328; export has a middle gap
bam_interbank_weighted_average,2024-05-05,2024-05-06,2024-05-06,0.03,current_official_historical_export,Bank Al-Maghrib,daily,decimal_rate,True,CONSERVATIVE_NEXT_ORIGIN,UNKNOWN,bam_interbank_newest_1000_2026-08-10.csv; volume_mad_millions=nan; outstanding_mad_millions=7328; export has a middle gap
bam_interbank_weighted_average,2024-05-06,2024-05-07,2024-05-07,0.03,current_official_historical_export,Bank Al-Maghrib,daily,decimal_rate,True,CONSERVATIVE_NEXT_ORIGIN,UNKNOWN,bam_interbank_newest_1000_2026-08-10.csv; volume_mad_millions=1359.0; outstanding_mad_millions=7139; export has a middle gap
bam_interbank_weighted_average,2024-05-07,2024-05-08,2024-05-08,0.03,current_official_historical_export,Bank Al-Maghrib,daily,decimal_rate,True,CONSERVATIVE_NEXT_ORIGIN,UNKNOWN,bam_interbank_newest_1000_2026-08-10.csv; volume_mad_millions=1640.0; outstanding_mad_millions=7520; export has a middle gap
bam_interbank_weighted_average,2024-05-08,2024-05-09,2024-05-09,0.03,current_official_historical_export,Bank Al-Maghrib,daily,decimal_rate,True,CONSERVATIVE_NEXT_ORIGIN,UNKNOWN,bam_interbank_newest_1000_2026-08-10.csv; volume_mad_millions=1580.0; outstanding_mad_millions=7480; export has a middle gap
bam_interbank_weighted_average,2024-05-09,2024-05-10,2024-05-10,0.03,current_official_historical_export,Bank Al-Maghrib,daily,decimal_rate,True,CONSERVATIVE_NEXT_ORIGIN,UNKNOWN,bam_interbank_newest_1000_2026-08-10.csv; volume_mad_millions=2558.0; outstanding_mad_millions=8163; export has a middle gap
bam_interbank_weighted_average,2024-05-10,2024-05-11,2024-05-11,0.03,current_official_historical_export,Bank Al-Maghrib,daily,decimal_rate,True,CONSERVATIVE_NEXT_ORIGIN,UNKNOWN,bam_interbank_newest_1000_2026-08-10.csv; volume_mad_millions=1278.0; outstanding_mad_millions=6883; export has a middle gap
bam_interbank_weighted_average,2024-05-11,2024-05-12,2024-05-12,0.03,current_official_historical_export,Bank Al-Maghrib,daily,decimal_rate,True,CONSERVATIVE_NEXT_ORIGIN,UNKNOWN,bam_interbank_newest_1000_2026-08-10.csv; volume_mad_millions=nan; outstanding_mad_millions=6883; export has a middle gap
bam_interbank_weighted_average,2024-05-12,2024-05-13,2024-05-13,0.03,current_official_historical_export,Bank Al-Maghrib,daily,decimal_rate,True,CONSERVATIVE_NEXT_ORIGIN,UNKNOWN,bam_interbank_newest_1000_2026-08-10.csv; volume_mad_millions=nan; outstanding_mad_millions=6883; export has a middle gap
bam_interbank_weighted_average,2024-05-13,2024-05-14,2024-05-14,0.03,current_official_historical_export,Bank Al-Maghrib,daily,decimal_rate,True,CONSERVATIVE_NEXT_ORIGIN,UNKNOWN,bam_interbank_newest_1000_2026-08-10.csv; volume_mad_millions=1259.0; outstanding_mad_millions=7164; export has a middle gap
bam_interbank_weighted_average,2024-05-14,2024-05-15,2024-05-15,0.03,current_official_historical_export,Bank Al-Maghrib,daily,decimal_rate,True,CONSERVATIVE_NEXT_ORIGIN,UNKNOWN,bam_interbank_newest_1000_2026-08-10.csv; volume_mad_millions=1950.0; outstanding_mad_millions=7755; export has a middle gap
bam_interbank_weighted_average,2024-05-15,2024-05-16,2024-05-16,0.03,current_official_historical_export,Bank Al-Maghrib,daily,decimal_rate,True,CONSERVATIVE_NEXT_ORIGIN,UNKNOWN,bam_interbank_newest_1000_2026-08-10.csv; volume_mad_millions=2529.0; outstanding_mad_millions=8314; export has a middle gap
bam_interbank_weighted_average,2024-05-16,2024-05-17,2024-05-17,0.03,current_official_historical_export,Bank Al-Maghrib,daily,decimal_rate,True,CONSERVATIVE_NEXT_ORIGIN,UNKNOWN,bam_interbank_newest_1000_2026-08-10.csv; volume_mad_millions=2534.0; outstanding_mad_millions=8419; export has a middle gap
bam_interbank_weighted_average,2024-05-17,2024-05-18,2024-05-18,0.03,current_official_historical_export,Bank Al-Maghrib,daily,decimal_rate,True,CONSERVATIVE_NEXT_ORIGIN,UNKNOWN,bam_interbank_newest_1000_2026-08-10.csv; volume_mad_millions=2091.0; outstanding_mad_millions=7576; export has a middle gap
bam_interbank_weighted_average,2024-05-18,2024-05-19,2024-05-19,0.03,current_official_historical_export,Bank Al-Maghrib,daily,decimal_rate,True,CONSERVATIVE_NEXT_ORIGIN,UNKNOWN,bam_interbank_newest_1000_2026-08-10.csv; volume_mad_millions=nan; outstanding_mad_millions=7576; export has a middle gap
bam_interbank_weighted_average,2024-05-19,2024-05-20,2024-05-20,0.03,current_official_historical_export,Bank Al-Maghrib,daily,decimal_rate,True,CONSERVATIVE_NEXT_ORIGIN,UNKNOWN,bam_interbank_newest_1000_2026-08-10.csv; volume_mad_millions=nan; outstanding_mad_millions=7576; export has a middle gap
bam_interbank_weighted_average,2024-05-20,2024-05-21,2024-05-21,0.03,current_official_historical_export,Bank Al-Maghrib,daily,decimal_rate,True,CONSERVATIVE_NEXT_ORIGIN,UNKNOWN,bam_interbank_newest_1000_2026-08-10.csv; volume_mad_millions=2282.0; outstanding_mad_millions=7767; export has a middle gap
bam_interbank_weighted_average,2024-05-21,2024-05-22,2024-05-22,0.03,current_official_historical_export,Bank Al-Maghrib,daily,decimal_rate,True,CONSERVATIVE_NEXT_ORIGIN,UNKNOWN,bam_interbank_newest_1000_2026-08-10.csv; volume_mad_millions=1836.0; outstanding_mad_millions=7321; export has a middle gap
bam_interbank_weighted_average,2024-05-22,2024-05-23,2024-05-23,0.03,current_official_historical_export,Bank Al-Maghrib,daily,decimal_rate,True,CONSERVATIVE_NEXT_ORIGIN,UNKNOWN,bam_interbank_newest_1000_2026-08-10.csv; volume_mad_millions=2022.0; outstanding_mad_millions=7807; export has a middle gap
bam_interbank_weighted_average,2024-05-23,2024-05-24,2024-05-24,0.03,current_official_historical_export,Bank Al-Maghrib,daily,decimal_rate,True,CONSERVATIVE_NEXT_ORIGIN,UNKNOWN,bam_interbank_newest_1000_2026-08-10.csv; volume_mad_millions=2146.0; outstanding_mad_millions=8126; export has a middle gap
bam_interbank_weighted_average,2024-05-24,2024-05-25,2024-05-25,0.03,current_official_historical_export,Bank Al-Maghrib,daily,decimal_rate,True,CONSERVATIVE_NEXT_ORIGIN,UNKNOWN,bam_interbank_newest_1000_2026-08-10.csv; volume_mad_millions=2409.0; outstanding_mad_millions=8389; export has a middle gap
bam_interbank_weighted_average,2024-05-25,2024-05-26,2024-05-26,0.03,current_official_historical_export,Bank Al-Maghrib,daily,decimal_rate,True,CONSERVATIVE_NEXT_ORIGIN,UNKNOWN,bam_interbank_newest_1000_2026-08-10.csv; volume_mad_millions=nan; outstanding_mad_millions=8389; export has a middle gap
bam_interbank_weighted_average,2024-05-26,2024-05-27,2024-05-27,0.03,current_official_historical_export,Bank Al-Maghrib,daily,decimal_rate,True,CONSERVATIVE_NEXT_ORIGIN,UNKNOWN,bam_interbank_newest_1000_2026-08-10.csv; volume_mad_millions=nan; outstanding_mad_millions=8389; export has a middle gap
bam_interbank_weighted_average,2024-05-27,2024-05-28,2024-05-28,0.03,current_official_historical_export,Bank Al-Maghrib,daily,decimal_rate,True,CONSERVATIVE_NEXT_ORIGIN,UNKNOWN,bam_interbank_newest_1000_2026-08-10.csv; volume_mad_millions=1769.0; outstanding_mad_millions=7749; export has a middle gap
bam_interbank_weighted_average,2024-05-28,2024-05-29,2024-05-29,0.03,current_official_historical_export,Bank Al-Maghrib,daily,decimal_rate,True,CONSERVATIVE_NEXT_ORIGIN,UNKNOWN,bam_interbank_newest_1000_2026-08-10.csv; volume_mad_millions=1841.0; outstanding_mad_millions=7821; export has a middle gap
bam_interbank_weighted_average,2024-05-29,2024-05-30,2024-05-30,0.03,current_official_historical_export,Bank Al-Maghrib,daily,decimal_rate,True,CONSERVATIVE_NEXT_ORIGIN,UNKNOWN,bam_interbank_newest_1000_2026-08-10.csv; volume_mad_millions=1733.0; outstanding_mad_millions=7713; export has a middle gap
bam_interbank_weighted_average,2024-05-30,2024-05-31,2024-05-31,0.03,current_official_historical_export,Bank Al-Maghrib,daily,decimal_rate,True,CONSERVATIVE_NEXT_ORIGIN,UNKNOWN,bam_interbank_newest_1000_2026-08-10.csv; volume_mad_millions=3211.0; outstanding_mad_millions=9291; export has a middle gap
bam_interbank_weighted_average,2024-05-31,2024-06-01,2024-06-01,0.03,current_official_historical_export,Bank Al-Maghrib,daily,decimal_rate,True,CONSERVATIVE_NEXT_ORIGIN,UNKNOWN,bam_interbank_newest_1000_2026-08-10.csv; volume_mad_millions=695.0; outstanding_mad_millions=7725; export has a middle gap
bam_interbank_weighted_average,2024-06-01,2024-06-02,2024-06-02,0.03,current_official_historical_export,Bank Al-Maghrib,daily,decimal_rate,True,CONSERVATIVE_NEXT_ORIGIN,UNKNOWN,bam_interbank_newest_1000_2026-08-10.csv; volume_mad_millions=nan; outstanding_mad_millions=7725; export has a middle gap
bam_interbank_weighted_average,2024-06-02,2024-06-03,2024-06-03,0.03,current_official_historical_export,Bank Al-Maghrib,daily,decimal_rate,True,CONSERVATIVE_NEXT_ORIGIN,UNKNOWN,bam_interbank_newest_1000_2026-08-10.csv; volume_mad_millions=nan; outstanding_mad_millions=7725; export has a middle gap
bam_interbank_weighted_average,2024-06-03,2024-06-04,2024-06-04,0.03,current_official_historical_export,Bank Al-Maghrib,daily,decimal_rate,True,CONSERVATIVE_NEXT_ORIGIN,UNKNOWN,bam_interbank_newest_1000_2026-08-10.csv; volume_mad_millions=2960.0; outstanding_mad_millions=8640; export has a middle gap
bam_interbank_weighted_average,2024-06-04,2024-06-05,2024-06-05,0.03,current_official_historical_export,Bank Al-Maghrib,daily,decimal_rate,True,CONSERVATIVE_NEXT_ORIGIN,UNKNOWN,bam_interbank_newest_1000_2026-08-10.csv; volume_mad_millions=2395.0; outstanding_mad_millions=8295; export has a middle gap
bam_interbank_weighted_average,2024-06-05,2024-06-06,2024-06-06,0.03,current_official_historical_export,Bank Al-Maghrib,daily,decimal_rate,True,CONSERVATIVE_NEXT_ORIGIN,UNKNOWN,bam_interbank_newest_1000_2026-08-10.csv; volume_mad_millions=2273.0; outstanding_mad_millions=8353; export has a middle gap
bam_interbank_weighted_average,2024-06-06,2024-06-07,2024-06-07,0.03,current_official_historical_export,Bank Al-Maghrib,daily,decimal_rate,True,CONSERVATIVE_NEXT_ORIGIN,UNKNOWN,bam_interbank_newest_1000_2026-08-10.csv; volume_mad_millions=1417.0; outstanding_mad_millions=8147; export has a middle gap
bam_interbank_weighted_average,2024-06-07,2024-06-08,2024-06-08,0.03,current_official_historical_export,Bank Al-Maghrib,daily,decimal_rate,True,CONSERVATIVE_NEXT_ORIGIN,UNKNOWN,bam_interbank_newest_1000_2026-08-10.csv; volume_mad_millions=3802.0; outstanding_mad_millions=10682; export has a middle gap
bam_interbank_weighted_average,2024-06-08,2024-06-09,2024-06-09,0.03,current_official_historical_export,Bank Al-Maghrib,daily,decimal_rate,True,CONSERVATIVE_NEXT_ORIGIN,UNKNOWN,bam_interbank_newest_1000_2026-08-10.csv; volume_mad_millions=nan; outstanding_mad_millions=10682; export has a middle gap
bam_interbank_weighted_average,2024-06-09,2024-06-10,2024-06-10,0.03,current_official_historical_export,Bank Al-Maghrib,daily,decimal_rate,True,CONSERVATIVE_NEXT_ORIGIN,UNKNOWN,bam_interbank_newest_1000_2026-08-10.csv; volume_mad_millions=nan; outstanding_mad_millions=10682; export has a middle gap
bam_interbank_weighted_average,2024-06-10,2024-06-11,2024-06-11,0.03,current_official_historical_export,Bank Al-Maghrib,daily,decimal_rate,True,CONSERVATIVE_NEXT_ORIGIN,UNKNOWN,bam_interbank_newest_1000_2026-08-10.csv; volume_mad_millions=3845.0; outstanding_mad_millions=10725; export has a middle gap
bam_interbank_weighted_average,2024-06-11,2024-06-12,2024-06-12,0.03,current_official_historical_export,Bank Al-Maghrib,daily,decimal_rate,True,CONSERVATIVE_NEXT_ORIGIN,UNKNOWN,bam_interbank_newest_1000_2026-08-10.csv; volume_mad_millions=3545.0; outstanding_mad_millions=10305; export has a middle gap
bam_interbank_weighted_average,2024-06-12,2024-06-13,2024-06-13,0.03,current_official_historical_export,Bank Al-Maghrib,daily,decimal_rate,True,CONSERVATIVE_NEXT_ORIGIN,UNKNOWN,bam_interbank_newest_1000_2026-08-10.csv; volume_mad_millions=3945.0; outstanding_mad_millions=10685; export has a middle gap
bam_interbank_weighted_average,2024-06-13,2024-06-14,2024-06-14,0.03,current_official_historical_export,Bank Al-Maghrib,daily,decimal_rate,True,CONSERVATIVE_NEXT_ORIGIN,UNKNOWN,bam_interbank_newest_1000_2026-08-10.csv; volume_mad_millions=2185.0; outstanding_mad_millions=8640; export has a middle gap
bam_interbank_weighted_average,2024-06-14,2024-06-15,2024-06-15,0.03,current_official_historical_export,Bank Al-Maghrib,daily,decimal_rate,True,CONSERVATIVE_NEXT_ORIGIN,UNKNOWN,bam_interbank_newest_1000_2026-08-10.csv; volume_mad_millions=2770.0; outstanding_mad_millions=9225; export has a middle gap
bam_interbank_weighted_average,2024-06-15,2024-06-16,2024-06-16,0.03,current_official_historical_export,Bank Al-Maghrib,daily,decimal_rate,True,CONSERVATIVE_NEXT_ORIGIN,UNKNOWN,bam_interbank_newest_1000_2026-08-10.csv; volume_mad_millions=nan; outstanding_mad_millions=9225; export has a middle gap
bam_interbank_weighted_average,2024-06-16,2024-06-17,2024-06-17,0.03,current_official_historical_export,Bank Al-Maghrib,daily,decimal_rate,True,CONSERVATIVE_NEXT_ORIGIN,UNKNOWN,bam_interbank_newest_1000_2026-08-10.csv; volume_mad_millions=nan; outstanding_mad_millions=9225; export has a middle gap
bam_interbank_weighted_average,2024-06-17,2024-06-18,2024-06-18,0.03,current_official_historical_export,Bank Al-Maghrib,daily,decimal_rate,True,CONSERVATIVE_NEXT_ORIGIN,UNKNOWN,bam_interbank_newest_1000_2026-08-10.csv; volume_mad_millions=nan; outstanding_mad_millions=9225; export has a middle gap
bam_interbank_weighted_average,2024-06-18,2024-06-19,2024-06-19,0.03,current_official_historical_export,Bank Al-Maghrib,daily,decimal_rate,True,CONSERVATIVE_NEXT_ORIGIN,UNKNOWN,bam_interbank_newest_1000_2026-08-10.csv; volume_mad_millions=nan; outstanding_mad_millions=9225; export has a middle gap
bam_interbank_weighted_average,2024-06-19,2024-06-20,2024-06-20,0.03,current_official_historical_export,Bank Al-Maghrib,daily,decimal_rate,True,CONSERVATIVE_NEXT_ORIGIN,UNKNOWN,bam_interbank_newest_1000_2026-08-10.csv; volume_mad_millions=3330.0; outstanding_mad_millions=9185; export has a middle gap
bam_interbank_weighted_average,2024-06-20,2024-06-21,2024-06-21,0.03,current_official_historical_export,Bank Al-Maghrib,daily,decimal_rate,True,CONSERVATIVE_NEXT_ORIGIN,UNKNOWN,bam_interbank_newest_1000_2026-08-10.csv; volume_mad_millions=2760.0; outstanding_mad_millions=9320; export has a middle gap
bam_interbank_weighted_average,2024-06-21,2024-06-22,2024-06-22,0.03,current_official_historical_export,Bank Al-Maghrib,daily,decimal_rate,True,CONSERVATIVE_NEXT_ORIGIN,UNKNOWN,bam_interbank_newest_1000_2026-08-10.csv; volume_mad_millions=2892.0; outstanding_mad_millions=9452; export has a middle gap
bam_interbank_weighted_average,2024-06-22,2024-06-23,2024-06-23,0.03,current_official_historical_export,Bank Al-Maghrib,daily,decimal_rate,True,CONSERVATIVE_NEXT_ORIGIN,UNKNOWN,bam_interbank_newest_1000_2026-08-10.csv; volume_mad_millions=nan; outstanding_mad_millions=9452; export has a middle gap
bam_interbank_weighted_average,2024-06-23,2024-06-24,2024-06-24,0.03,current_official_historical_export,Bank Al-Maghrib,daily,decimal_rate,True,CONSERVATIVE_NEXT_ORIGIN,UNKNOWN,bam_interbank_newest_1000_2026-08-10.csv; volume_mad_millions=nan; outstanding_mad_millions=9452; export has a middle gap
bam_interbank_weighted_average,2024-06-24,2024-06-25,2024-06-25,0.03,current_official_historical_export,Bank Al-Maghrib,daily,decimal_rate,True,CONSERVATIVE_NEXT_ORIGIN,UNKNOWN,bam_interbank_newest_1000_2026-08-10.csv; volume_mad_millions=3348.0; outstanding_mad_millions=9648; export has a middle gap
bam_interbank_weighted_average,2024-06-25,2024-06-26,2024-06-26,0.03,current_official_historical_export,Bank Al-Maghrib,daily,decimal_rate,True,CONSERVATIVE_NEXT_ORIGIN,UNKNOWN,bam_interbank_newest_1000_2026-08-10.csv; volume_mad_millions=3807.0; outstanding_mad_millions=10107; export has a middle gap
bam_interbank_weighted_average,2024-06-26,2024-06-27,2024-06-27,0.0276,current_official_historical_export,Bank Al-Maghrib,daily,decimal_rate,True,CONSERVATIVE_NEXT_ORIGIN,UNKNOWN,bam_interbank_newest_1000_2026-08-10.csv; volume_mad_millions=2754.0; outstanding_mad_millions=9054; export has a middle gap
bam_interbank_weighted_average,2024-06-27,2024-06-28,2024-06-28,0.02751,current_official_historical_export,Bank Al-Maghrib,daily,decimal_rate,True,CONSERVATIVE_NEXT_ORIGIN,UNKNOWN,bam_interbank_newest_1000_2026-08-10.csv; volume_mad_millions=4994.0; outstanding_mad_millions=10229; export has a middle gap
bam_interbank_weighted_average,2024-06-28,2024-06-29,2024-06-29,0.0275,current_official_historical_export,Bank Al-Maghrib,daily,decimal_rate,True,CONSERVATIVE_NEXT_ORIGIN,UNKNOWN,bam_interbank_newest_1000_2026-08-10.csv; volume_mad_millions=5910.0; outstanding_mad_millions=11595; export has a middle gap
bam_interbank_weighted_average,2024-06-29,2024-06-30,2024-06-30,0.0275,current_official_historical_export,Bank Al-Maghrib,daily,decimal_rate,True,CONSERVATIVE_NEXT_ORIGIN,UNKNOWN,bam_interbank_newest_1000_2026-08-10.csv; volume_mad_millions=nan; outstanding_mad_millions=11595; export has a middle gap
bam_interbank_weighted_average,2024-06-30,2024-07-01,2024-07-01,0.0275,current_official_historical_export,Bank Al-Maghrib,daily,decimal_rate,True,CONSERVATIVE_NEXT_ORIGIN,UNKNOWN,bam_interbank_newest_1000_2026-08-10.csv; volume_mad_millions=nan; outstanding_mad_millions=11595; export has a middle gap
bam_interbank_weighted_average,2024-07-01,2024-07-02,2024-07-02,0.0275,current_official_historical_export,Bank Al-Maghrib,daily,decimal_rate,True,CONSERVATIVE_NEXT_ORIGIN,UNKNOWN,bam_interbank_newest_1000_2026-08-10.csv; volume_mad_millions=4891.0; outstanding_mad_millions=10136; export has a middle gap
bam_interbank_weighted_average,2024-07-02,2024-07-03,2024-07-03,0.0275,current_official_historical_export,Bank Al-Maghrib,daily,decimal_rate,True,CONSERVATIVE_NEXT_ORIGIN,UNKNOWN,bam_interbank_newest_1000_2026-08-10.csv; volume_mad_millions=5390.0; outstanding_mad_millions=10935; export has a middle gap
bam_interbank_weighted_average,2024-07-03,2024-07-04,2024-07-04,0.0275,current_official_historical_export,Bank Al-Maghrib,daily,decimal_rate,True,CONSERVATIVE_NEXT_ORIGIN,UNKNOWN,bam_interbank_newest_1000_2026-08-10.csv; volume_mad_millions=4793.0; outstanding_mad_millions=10538; export has a middle gap
bam_interbank_weighted_average,2024-07-04,2024-07-05,2024-07-05,0.0275,current_official_historical_export,Bank Al-Maghrib,daily,decimal_rate,True,CONSERVATIVE_NEXT_ORIGIN,UNKNOWN,bam_interbank_newest_1000_2026-08-10.csv; volume_mad_millions=2610.0; outstanding_mad_millions=7805; export has a middle gap
bam_interbank_weighted_average,2024-07-05,2024-07-06,2024-07-06,0.0275,current_official_historical_export,Bank Al-Maghrib,daily,decimal_rate,True,CONSERVATIVE_NEXT_ORIGIN,UNKNOWN,bam_interbank_newest_1000_2026-08-10.csv; volume_mad_millions=3220.0; outstanding_mad_millions=9145; export has a middle gap
bam_interbank_weighted_average,2024-07-06,2024-07-07,2024-07-07,0.0275,current_official_historical_export,Bank Al-Maghrib,daily,decimal_rate,True,CONSERVATIVE_NEXT_ORIGIN,UNKNOWN,bam_interbank_newest_1000_2026-08-10.csv; volume_mad_millions=nan; outstanding_mad_millions=9145; export has a middle gap
bam_interbank_weighted_average,2024-07-07,2024-07-08,2024-07-08,0.0275,current_official_historical_export,Bank Al-Maghrib,daily,decimal_rate,True,CONSERVATIVE_NEXT_ORIGIN,UNKNOWN,bam_interbank_newest_1000_2026-08-10.csv; volume_mad_millions=nan; outstanding_mad_millions=9145; export has a middle gap
bam_interbank_weighted_average,2024-07-08,2024-07-09,2024-07-09,0.0275,current_official_historical_export,Bank Al-Maghrib,daily,decimal_rate,True,CONSERVATIVE_NEXT_ORIGIN,UNKNOWN,bam_interbank_newest_1000_2026-08-10.csv; volume_mad_millions=1170.0; outstanding_mad_millions=7095; export has a middle gap
bam_interbank_weighted_average,2024-07-09,2024-07-10,2024-07-10,0.0275,current_official_historical_export,Bank Al-Maghrib,daily,decimal_rate,True,CONSERVATIVE_NEXT_ORIGIN,UNKNOWN,bam_interbank_newest_1000_2026-08-10.csv; volume_mad_millions=1095.0; outstanding_mad_millions=5840; export has a middle gap
bam_interbank_weighted_average,2024-07-10,2024-07-11,2024-07-11,0.0275,current_official_historical_export,Bank Al-Maghrib,daily,decimal_rate,True,CONSERVATIVE_NEXT_ORIGIN,UNKNOWN,bam_interbank_newest_1000_2026-08-10.csv; volume_mad_millions=2140.0; outstanding_mad_millions=6085; export has a middle gap
bam_interbank_weighted_average,2024-07-11,2024-07-12,2024-07-12,0.0275,current_official_historical_export,Bank Al-Maghrib,daily,decimal_rate,True,CONSERVATIVE_NEXT_ORIGIN,UNKNOWN,bam_interbank_newest_1000_2026-08-10.csv; volume_mad_millions=2210.0; outstanding_mad_millions=6390; export has a middle gap
bam_interbank_weighted_average,2024-07-12,2024-07-13,2024-07-13,0.0275,current_official_historical_export,Bank Al-Maghrib,daily,decimal_rate,True,CONSERVATIVE_NEXT_ORIGIN,UNKNOWN,bam_interbank_newest_1000_2026-08-10.csv; volume_mad_millions=2960.0; outstanding_mad_millions=7140; export has a middle gap
bam_interbank_weighted_average,2024-07-13,2024-07-14,2024-07-14,0.0275,current_official_historical_export,Bank Al-Maghrib,daily,decimal_rate,True,CONSERVATIVE_NEXT_ORIGIN,UNKNOWN,bam_interbank_newest_1000_2026-08-10.csv; volume_mad_millions=nan; outstanding_mad_millions=7140; export has a middle gap
bam_interbank_weighted_average,2024-07-14,2024-07-15,2024-07-15,0.0275,current_official_historical_export,Bank Al-Maghrib,daily,decimal_rate,True,CONSERVATIVE_NEXT_ORIGIN,UNKNOWN,bam_interbank_newest_1000_2026-08-10.csv; volume_mad_millions=nan; outstanding_mad_millions=7140; export has a middle gap
bam_interbank_weighted_average,2024-07-15,2024-07-16,2024-07-16,0.0275,current_official_historical_export,Bank Al-Maghrib,daily,decimal_rate,True,CONSERVATIVE_NEXT_ORIGIN,UNKNOWN,bam_interbank_newest_1000_2026-08-10.csv; volume_mad_millions=3494.0; outstanding_mad_millions=7674; export has a middle gap
bam_interbank_weighted_average,2024-07-16,2024-07-17,2024-07-17,0.0275,current_official_historical_export,Bank Al-Maghrib,daily,decimal_rate,True,CONSERVATIVE_NEXT_ORIGIN,UNKNOWN,bam_interbank_newest_1000_2026-08-10.csv; volume_mad_millions=1822.0; outstanding_mad_millions=6002; export has a middle gap
bam_interbank_weighted_average,2024-07-17,2024-07-18,2024-07-18,0.0275,current_official_historical_export,Bank Al-Maghrib,daily,decimal_rate,True,CONSERVATIVE_NEXT_ORIGIN,UNKNOWN,bam_interbank_newest_1000_2026-08-10.csv; volume_mad_millions=1555.0; outstanding_mad_millions=5335; export has a middle gap
bam_interbank_weighted_average,2024-07-18,2024-07-19,2024-07-19,0.0275,current_official_historical_export,Bank Al-Maghrib,daily,decimal_rate,True,CONSERVATIVE_NEXT_ORIGIN,UNKNOWN,bam_interbank_newest_1000_2026-08-10.csv; volume_mad_millions=2367.0; outstanding_mad_millions=6797; export has a middle gap
bam_interbank_weighted_average,2024-07-19,2024-07-20,2024-07-20,0.0275,current_official_historical_export,Bank Al-Maghrib,daily,decimal_rate,True,CONSERVATIVE_NEXT_ORIGIN,UNKNOWN,bam_interbank_newest_1000_2026-08-10.csv; volume_mad_millions=1630.0; outstanding_mad_millions=6060; export has a middle gap
bam_interbank_weighted_average,2024-07-20,2024-07-21,2024-07-21,0.0275,current_official_historical_export,Bank Al-Maghrib,daily,decimal_rate,True,CONSERVATIVE_NEXT_ORIGIN,UNKNOWN,bam_interbank_newest_1000_2026-08-10.csv; volume_mad_millions=nan; outstanding_mad_millions=6060; export has a middle gap
bam_interbank_weighted_average,2024-07-21,2024-07-22,2024-07-22,0.0275,current_official_historical_export,Bank Al-Maghrib,daily,decimal_rate,True,CONSERVATIVE_NEXT_ORIGIN,UNKNOWN,bam_interbank_newest_1000_2026-08-10.csv; volume_mad_millions=nan; outstanding_mad_millions=6060; export has a middle gap
bam_interbank_weighted_average,2024-07-22,2024-07-23,2024-07-23,0.0275,current_official_historical_export,Bank Al-Maghrib,daily,decimal_rate,True,CONSERVATIVE_NEXT_ORIGIN,UNKNOWN,bam_interbank_newest_1000_2026-08-10.csv; volume_mad_millions=1270.0; outstanding_mad_millions=5700; export has a middle gap
bam_interbank_weighted_average,2024-07-23,2024-07-24,2024-07-24,0.0275,current_official_historical_export,Bank Al-Maghrib,daily,decimal_rate,True,CONSERVATIVE_NEXT_ORIGIN,UNKNOWN,bam_interbank_newest_1000_2026-08-10.csv; volume_mad_millions=1650.0; outstanding_mad_millions=6080; export has a middle gap
bam_interbank_weighted_average,2024-07-24,2024-07-25,2024-07-25,0.0275,current_official_historical_export,Bank Al-Maghrib,daily,decimal_rate,True,CONSERVATIVE_NEXT_ORIGIN,UNKNOWN,bam_interbank_newest_1000_2026-08-10.csv; volume_mad_millions=915.0; outstanding_mad_millions=5245; export has a middle gap
bam_interbank_weighted_average,2024-07-25,2024-07-26,2024-07-26,0.0275,current_official_historical_export,Bank Al-Maghrib,daily,decimal_rate,True,CONSERVATIVE_NEXT_ORIGIN,UNKNOWN,bam_interbank_newest_1000_2026-08-10.csv; volume_mad_millions=1486.0; outstanding_mad_millions=6521; export has a middle gap
bam_interbank_weighted_average,2024-07-26,2024-07-27,2024-07-27,0.0275,current_official_historical_export,Bank Al-Maghrib,daily,decimal_rate,True,CONSERVATIVE_NEXT_ORIGIN,UNKNOWN,bam_interbank_newest_1000_2026-08-10.csv; volume_mad_millions=1827.0; outstanding_mad_millions=7162; export has a middle gap
bam_interbank_weighted_average,2024-07-27,2024-07-28,2024-07-28,0.0275,current_official_historical_export,Bank Al-Maghrib,daily,decimal_rate,True,CONSERVATIVE_NEXT_ORIGIN,UNKNOWN,bam_interbank_newest_1000_2026-08-10.csv; volume_mad_millions=nan; outstanding_mad_millions=7162; export has a middle gap
bam_interbank_weighted_average,2024-07-28,2024-07-29,2024-07-29,0.0275,current_official_historical_export,Bank Al-Maghrib,daily,decimal_rate,True,CONSERVATIVE_NEXT_ORIGIN,UNKNOWN,bam_interbank_newest_1000_2026-08-10.csv; volume_mad_millions=nan; outstanding_mad_millions=7162; export has a middle gap
bam_interbank_weighted_average,2024-07-29,2024-07-30,2024-07-30,0.0275,current_official_historical_export,Bank Al-Maghrib,daily,decimal_rate,True,CONSERVATIVE_NEXT_ORIGIN,UNKNOWN,bam_interbank_newest_1000_2026-08-10.csv; volume_mad_millions=4460.0; outstanding_mad_millions=10795; export has a middle gap
bam_interbank_weighted_average,2024-07-30,2024-07-31,2024-07-31,0.0275,current_official_historical_export,Bank Al-Maghrib,daily,decimal_rate,True,CONSERVATIVE_NEXT_ORIGIN,UNKNOWN,bam_interbank_newest_1000_2026-08-10.csv; volume_mad_millions=nan; outstanding_mad_millions=10795; export has a middle gap
bam_interbank_weighted_average,2024-07-31,2024-08-01,2024-08-01,0.0275,current_official_historical_export,Bank Al-Maghrib,daily,decimal_rate,True,CONSERVATIVE_NEXT_ORIGIN,UNKNOWN,bam_interbank_newest_1000_2026-08-10.csv; volume_mad_millions=3920.0; outstanding_mad_millions=9070; export has a middle gap
bam_interbank_weighted_average,2024-08-01,2024-08-02,2024-08-02,0.0275,current_official_historical_export,Bank Al-Maghrib,daily,decimal_rate,True,CONSERVATIVE_NEXT_ORIGIN,UNKNOWN,bam_interbank_newest_1000_2026-08-10.csv; volume_mad_millions=1517.0; outstanding_mad_millions=5247; export has a middle gap
bam_interbank_weighted_average,2024-08-02,2024-08-03,2024-08-03,0.0275,current_official_historical_export,Bank Al-Maghrib,daily,decimal_rate,True,CONSERVATIVE_NEXT_ORIGIN,UNKNOWN,bam_interbank_newest_1000_2026-08-10.csv; volume_mad_millions=1804.0; outstanding_mad_millions=5234; export has a middle gap
bam_interbank_weighted_average,2024-08-03,2024-08-04,2024-08-04,0.0275,current_official_historical_export,Bank Al-Maghrib,daily,decimal_rate,True,CONSERVATIVE_NEXT_ORIGIN,UNKNOWN,bam_interbank_newest_1000_2026-08-10.csv; volume_mad_millions=nan; outstanding_mad_millions=5234; export has a middle gap
bam_interbank_weighted_average,2024-08-04,2024-08-05,2024-08-05,0.0275,current_official_historical_export,Bank Al-Maghrib,daily,decimal_rate,True,CONSERVATIVE_NEXT_ORIGIN,UNKNOWN,bam_interbank_newest_1000_2026-08-10.csv; volume_mad_millions=nan; outstanding_mad_millions=5234; export has a middle gap
bam_interbank_weighted_average,2024-08-05,2024-08-06,2024-08-06,0.0275,current_official_historical_export,Bank Al-Maghrib,daily,decimal_rate,True,CONSERVATIVE_NEXT_ORIGIN,UNKNOWN,bam_interbank_newest_1000_2026-08-10.csv; volume_mad_millions=2185.0; outstanding_mad_millions=5805; export has a middle gap
bam_interbank_weighted_average,2024-08-06,2024-08-07,2024-08-07,0.0275,current_official_historical_export,Bank Al-Maghrib,daily,decimal_rate,True,CONSERVATIVE_NEXT_ORIGIN,UNKNOWN,bam_interbank_newest_1000_2026-08-10.csv; volume_mad_millions=1422.0; outstanding_mad_millions=5042; export has a middle gap
bam_interbank_weighted_average,2024-08-07,2024-08-08,2024-08-08,0.0275,current_official_historical_export,Bank Al-Maghrib,daily,decimal_rate,True,CONSERVATIVE_NEXT_ORIGIN,UNKNOWN,bam_interbank_newest_1000_2026-08-10.csv; volume_mad_millions=1960.0; outstanding_mad_millions=5700; export has a middle gap
bam_interbank_weighted_average,2024-08-08,2024-08-09,2024-08-09,0.0275,current_official_historical_export,Bank Al-Maghrib,daily,decimal_rate,True,CONSERVATIVE_NEXT_ORIGIN,UNKNOWN,bam_interbank_newest_1000_2026-08-10.csv; volume_mad_millions=2201.0; outstanding_mad_millions=6241; export has a middle gap
bam_interbank_weighted_average,2024-08-09,2024-08-10,2024-08-10,0.0275,current_official_historical_export,Bank Al-Maghrib,daily,decimal_rate,True,CONSERVATIVE_NEXT_ORIGIN,UNKNOWN,bam_interbank_newest_1000_2026-08-10.csv; volume_mad_millions=2512.0; outstanding_mad_millions=6672; export has a middle gap
bam_interbank_weighted_average,2024-08-10,2024-08-11,2024-08-11,0.0275,current_official_historical_export,Bank Al-Maghrib,daily,decimal_rate,True,CONSERVATIVE_NEXT_ORIGIN,UNKNOWN,bam_interbank_newest_1000_2026-08-10.csv; volume_mad_millions=nan; outstanding_mad_millions=6672; export has a middle gap
bam_interbank_weighted_average,2024-08-11,2024-08-12,2024-08-12,0.0275,current_official_historical_export,Bank Al-Maghrib,daily,decimal_rate,True,CONSERVATIVE_NEXT_ORIGIN,UNKNOWN,bam_interbank_newest_1000_2026-08-10.csv; volume_mad_millions=nan; outstanding_mad_millions=6672; export has a middle gap
bam_interbank_weighted_average,2024-08-12,2024-08-13,2024-08-13,0.0275,current_official_historical_export,Bank Al-Maghrib,daily,decimal_rate,True,CONSERVATIVE_NEXT_ORIGIN,UNKNOWN,bam_interbank_newest_1000_2026-08-10.csv; volume_mad_millions=3095.0; outstanding_mad_millions=7155; export has a middle gap
bam_interbank_weighted_average,2024-08-13,2024-08-14,2024-08-14,0.02751,current_official_historical_export,Bank Al-Maghrib,daily,decimal_rate,True,CONSERVATIVE_NEXT_ORIGIN,UNKNOWN,bam_interbank_newest_1000_2026-08-10.csv; volume_mad_millions=4113.0; outstanding_mad_millions=8173; export has a middle gap
bam_interbank_weighted_average,2024-08-14,2024-08-15,2024-08-15,0.02751,current_official_historical_export,Bank Al-Maghrib,daily,decimal_rate,True,CONSERVATIVE_NEXT_ORIGIN,UNKNOWN,bam_interbank_newest_1000_2026-08-10.csv; volume_mad_millions=nan; outstanding_mad_millions=8173; export has a middle gap
bam_interbank_weighted_average,2024-08-15,2024-08-16,2024-08-16,0.0275,current_official_historical_export,Bank Al-Maghrib,daily,decimal_rate,True,CONSERVATIVE_NEXT_ORIGIN,UNKNOWN,bam_interbank_newest_1000_2026-08-10.csv; volume_mad_millions=2224.0; outstanding_mad_millions=5164; export has a middle gap
bam_interbank_weighted_average,2024-08-16,2024-08-17,2024-08-17,0.0275,current_official_historical_export,Bank Al-Maghrib,daily,decimal_rate,True,CONSERVATIVE_NEXT_ORIGIN,UNKNOWN,bam_interbank_newest_1000_2026-08-10.csv; volume_mad_millions=3620.0; outstanding_mad_millions=6440; export has a middle gap
bam_interbank_weighted_average,2024-08-17,2024-08-18,2024-08-18,0.0275,current_official_historical_export,Bank Al-Maghrib,daily,decimal_rate,True,CONSERVATIVE_NEXT_ORIGIN,UNKNOWN,bam_interbank_newest_1000_2026-08-10.csv; volume_mad_millions=nan; outstanding_mad_millions=6440; export has a middle gap
bam_interbank_weighted_average,2024-08-18,2024-08-19,2024-08-19,0.0275,current_official_historical_export,Bank Al-Maghrib,daily,decimal_rate,True,CONSERVATIVE_NEXT_ORIGIN,UNKNOWN,bam_interbank_newest_1000_2026-08-10.csv; volume_mad_millions=nan; outstanding_mad_millions=6440; export has a middle gap
bam_interbank_weighted_average,2024-08-19,2024-08-20,2024-08-20,0.0275,current_official_historical_export,Bank Al-Maghrib,daily,decimal_rate,True,CONSERVATIVE_NEXT_ORIGIN,UNKNOWN,bam_interbank_newest_1000_2026-08-10.csv; volume_mad_millions=3780.0; outstanding_mad_millions=6700; export has a middle gap
bam_interbank_weighted_average,2024-08-20,2024-08-21,2024-08-21,0.0275,current_official_historical_export,Bank Al-Maghrib,daily,decimal_rate,True,CONSERVATIVE_NEXT_ORIGIN,UNKNOWN,bam_interbank_newest_1000_2026-08-10.csv; volume_mad_millions=nan; outstanding_mad_millions=6700; export has a middle gap
bam_interbank_weighted_average,2024-08-21,2024-08-22,2024-08-22,0.0275,current_official_historical_export,Bank Al-Maghrib,daily,decimal_rate,True,CONSERVATIVE_NEXT_ORIGIN,UNKNOWN,bam_interbank_newest_1000_2026-08-10.csv; volume_mad_millions=nan; outstanding_mad_millions=6700; export has a middle gap
bam_interbank_weighted_average,2024-08-22,2024-08-23,2024-08-23,0.0275,current_official_historical_export,Bank Al-Maghrib,daily,decimal_rate,True,CONSERVATIVE_NEXT_ORIGIN,UNKNOWN,bam_interbank_newest_1000_2026-08-10.csv; volume_mad_millions=2139.0; outstanding_mad_millions=5259; export has a middle gap
bam_interbank_weighted_average,2024-08-23,2024-08-24,2024-08-24,0.0275,current_official_historical_export,Bank Al-Maghrib,daily,decimal_rate,True,CONSERVATIVE_NEXT_ORIGIN,UNKNOWN,bam_interbank_newest_1000_2026-08-10.csv; volume_mad_millions=3180.0; outstanding_mad_millions=6300; export has a middle gap
bam_interbank_weighted_average,2024-08-24,2024-08-25,2024-08-25,0.0275,current_official_historical_export,Bank Al-Maghrib,daily,decimal_rate,True,CONSERVATIVE_NEXT_ORIGIN,UNKNOWN,bam_interbank_newest_1000_2026-08-10.csv; volume_mad_millions=nan; outstanding_mad_millions=6300; export has a middle gap
bam_interbank_weighted_average,2024-08-25,2024-08-26,2024-08-26,0.0275,current_official_historical_export,Bank Al-Maghrib,daily,decimal_rate,True,CONSERVATIVE_NEXT_ORIGIN,UNKNOWN,bam_interbank_newest_1000_2026-08-10.csv; volume_mad_millions=nan; outstanding_mad_millions=6300; export has a middle gap
bam_interbank_weighted_average,2024-08-26,2024-08-27,2024-08-27,0.0275,current_official_historical_export,Bank Al-Maghrib,daily,decimal_rate,True,CONSERVATIVE_NEXT_ORIGIN,UNKNOWN,bam_interbank_newest_1000_2026-08-10.csv; volume_mad_millions=2324.0; outstanding_mad_millions=5444; export has a middle gap
bam_interbank_weighted_average,2024-08-27,2024-08-28,2024-08-28,0.0275,current_official_historical_export,Bank Al-Maghrib,daily,decimal_rate,True,CONSERVATIVE_NEXT_ORIGIN,UNKNOWN,bam_interbank_newest_1000_2026-08-10.csv; volume_mad_millions=2598.0; outstanding_mad_millions=5718; export has a middle gap
bam_interbank_weighted_average,2024-08-28,2024-08-29,2024-08-29,0.0275,current_official_historical_export,Bank Al-Maghrib,daily,decimal_rate,True,CONSERVATIVE_NEXT_ORIGIN,UNKNOWN,bam_interbank_newest_1000_2026-08-10.csv; volume_mad_millions=2604.0; outstanding_mad_millions=5724; export has a middle gap
bam_interbank_weighted_average,2024-08-29,2024-08-30,2024-08-30,0.0275,current_official_historical_export,Bank Al-Maghrib,daily,decimal_rate,True,CONSERVATIVE_NEXT_ORIGIN,UNKNOWN,bam_interbank_newest_1000_2026-08-10.csv; volume_mad_millions=2726.0; outstanding_mad_millions=6846; export has a middle gap
bam_interbank_weighted_average,2024-08-30,2024-08-31,2024-08-31,0.0275,current_official_historical_export,Bank Al-Maghrib,daily,decimal_rate,True,CONSERVATIVE_NEXT_ORIGIN,UNKNOWN,bam_interbank_newest_1000_2026-08-10.csv; volume_mad_millions=1465.0; outstanding_mad_millions=6025; export has a middle gap
bam_interbank_weighted_average,2024-08-31,2024-09-01,2024-09-01,0.0275,current_official_historical_export,Bank Al-Maghrib,daily,decimal_rate,True,CONSERVATIVE_NEXT_ORIGIN,UNKNOWN,bam_interbank_newest_1000_2026-08-10.csv; volume_mad_millions=nan; outstanding_mad_millions=6025; export has a middle gap
bam_interbank_weighted_average,2024-09-01,2024-09-02,2024-09-02,0.0275,current_official_historical_export,Bank Al-Maghrib,daily,decimal_rate,True,CONSERVATIVE_NEXT_ORIGIN,UNKNOWN,bam_interbank_newest_1000_2026-08-10.csv; volume_mad_millions=nan; outstanding_mad_millions=6025; export has a middle gap
bam_interbank_weighted_average,2024-09-02,2024-09-03,2024-09-03,0.0275,current_official_historical_export,Bank Al-Maghrib,daily,decimal_rate,True,CONSERVATIVE_NEXT_ORIGIN,UNKNOWN,bam_interbank_newest_1000_2026-08-10.csv; volume_mad_millions=1459.0; outstanding_mad_millions=5919; export has a middle gap
bam_interbank_weighted_average,2024-09-03,2024-09-04,2024-09-04,0.0275,current_official_historical_export,Bank Al-Maghrib,daily,decimal_rate,True,CONSERVATIVE_NEXT_ORIGIN,UNKNOWN,bam_interbank_newest_1000_2026-08-10.csv; volume_mad_millions=2073.0; outstanding_mad_millions=6193; export has a middle gap
bam_interbank_weighted_average,2024-09-04,2024-09-05,2024-09-05,0.0275,current_official_historical_export,Bank Al-Maghrib,daily,decimal_rate,True,CONSERVATIVE_NEXT_ORIGIN,UNKNOWN,bam_interbank_newest_1000_2026-08-10.csv; volume_mad_millions=2330.0; outstanding_mad_millions=6450; export has a middle gap
bam_interbank_weighted_average,2024-09-05,2024-09-06,2024-09-06,0.0275,current_official_historical_export,Bank Al-Maghrib,daily,decimal_rate,True,CONSERVATIVE_NEXT_ORIGIN,UNKNOWN,bam_interbank_newest_1000_2026-08-10.csv; volume_mad_millions=2217.0; outstanding_mad_millions=6167; export has a middle gap
bam_interbank_weighted_average,2024-09-06,2024-09-07,2024-09-07,0.0275,current_official_historical_export,Bank Al-Maghrib,daily,decimal_rate,True,CONSERVATIVE_NEXT_ORIGIN,UNKNOWN,bam_interbank_newest_1000_2026-08-10.csv; volume_mad_millions=1641.0; outstanding_mad_millions=5591; export has a middle gap
bam_interbank_weighted_average,2024-09-07,2024-09-08,2024-09-08,0.0275,current_official_historical_export,Bank Al-Maghrib,daily,decimal_rate,True,CONSERVATIVE_NEXT_ORIGIN,UNKNOWN,bam_interbank_newest_1000_2026-08-10.csv; volume_mad_millions=nan; outstanding_mad_millions=5591; export has a middle gap
bam_interbank_weighted_average,2024-09-08,2024-09-09,2024-09-09,0.0275,current_official_historical_export,Bank Al-Maghrib,daily,decimal_rate,True,CONSERVATIVE_NEXT_ORIGIN,UNKNOWN,bam_interbank_newest_1000_2026-08-10.csv; volume_mad_millions=nan; outstanding_mad_millions=5591; export has a middle gap
bam_interbank_weighted_average,2024-09-09,2024-09-10,2024-09-10,0.0275,current_official_historical_export,Bank Al-Maghrib,daily,decimal_rate,True,CONSERVATIVE_NEXT_ORIGIN,UNKNOWN,bam_interbank_newest_1000_2026-08-10.csv; volume_mad_millions=1260.0; outstanding_mad_millions=5060; export has a middle gap
bam_interbank_weighted_average,2024-09-10,2024-09-11,2024-09-11,0.0275,current_official_historical_export,Bank Al-Maghrib,daily,decimal_rate,True,CONSERVATIVE_NEXT_ORIGIN,UNKNOWN,bam_interbank_newest_1000_2026-08-10.csv; volume_mad_millions=1975.0; outstanding_mad_millions=5775; export has a middle gap
bam_interbank_weighted_average,2024-09-11,2024-09-12,2024-09-12,0.0275,current_official_historical_export,Bank Al-Maghrib,daily,decimal_rate,True,CONSERVATIVE_NEXT_ORIGIN,UNKNOWN,bam_interbank_newest_1000_2026-08-10.csv; volume_mad_millions=1600.0; outstanding_mad_millions=5400; export has a middle gap
bam_interbank_weighted_average,2024-09-12,2024-09-13,2024-09-13,0.0275,current_official_historical_export,Bank Al-Maghrib,daily,decimal_rate,True,CONSERVATIVE_NEXT_ORIGIN,UNKNOWN,bam_interbank_newest_1000_2026-08-10.csv; volume_mad_millions=1987.0; outstanding_mad_millions=5282; export has a middle gap
bam_interbank_weighted_average,2024-09-13,2024-09-14,2024-09-14,0.0275,current_official_historical_export,Bank Al-Maghrib,daily,decimal_rate,True,CONSERVATIVE_NEXT_ORIGIN,UNKNOWN,bam_interbank_newest_1000_2026-08-10.csv; volume_mad_millions=1093.0; outstanding_mad_millions=4388; export has a middle gap
bam_interbank_weighted_average,2024-09-14,2024-09-15,2024-09-15,0.0275,current_official_historical_export,Bank Al-Maghrib,daily,decimal_rate,True,CONSERVATIVE_NEXT_ORIGIN,UNKNOWN,bam_interbank_newest_1000_2026-08-10.csv; volume_mad_millions=nan; outstanding_mad_millions=4388; export has a middle gap
bam_interbank_weighted_average,2024-09-15,2024-09-16,2024-09-16,0.0275,current_official_historical_export,Bank Al-Maghrib,daily,decimal_rate,True,CONSERVATIVE_NEXT_ORIGIN,UNKNOWN,bam_interbank_newest_1000_2026-08-10.csv; volume_mad_millions=nan; outstanding_mad_millions=4388; export has a middle gap
bam_interbank_weighted_average,2024-09-16,2024-09-17,2024-09-17,0.0275,current_official_historical_export,Bank Al-Maghrib,daily,decimal_rate,True,CONSERVATIVE_NEXT_ORIGIN,UNKNOWN,bam_interbank_newest_1000_2026-08-10.csv; volume_mad_millions=nan; outstanding_mad_millions=4388; export has a middle gap
bam_interbank_weighted_average,2024-09-17,2024-09-18,2024-09-18,0.0275,current_official_historical_export,Bank Al-Maghrib,daily,decimal_rate,True,CONSERVATIVE_NEXT_ORIGIN,UNKNOWN,bam_interbank_newest_1000_2026-08-10.csv; volume_mad_millions=nan; outstanding_mad_millions=4388; export has a middle gap
bam_interbank_weighted_average,2024-09-18,2024-09-19,2024-09-19,0.0275,current_official_historical_export,Bank Al-Maghrib,daily,decimal_rate,True,CONSERVATIVE_NEXT_ORIGIN,UNKNOWN,bam_interbank_newest_1000_2026-08-10.csv; volume_mad_millions=4390.0; outstanding_mad_millions=7685; export has a middle gap
bam_interbank_weighted_average,2024-09-19,2024-09-20,2024-09-20,0.0275,current_official_historical_export,Bank Al-Maghrib,daily,decimal_rate,True,CONSERVATIVE_NEXT_ORIGIN,UNKNOWN,bam_interbank_newest_1000_2026-08-10.csv; volume_mad_millions=3066.0; outstanding_mad_millions=6586; export has a middle gap
bam_interbank_weighted_average,2024-09-20,2024-09-21,2024-09-21,0.0275,current_official_historical_export,Bank Al-Maghrib,daily,decimal_rate,True,CONSERVATIVE_NEXT_ORIGIN,UNKNOWN,bam_interbank_newest_1000_2026-08-10.csv; volume_mad_millions=2713.0; outstanding_mad_millions=6283; export has a middle gap
bam_interbank_weighted_average,2024-09-21,2024-09-22,2024-09-22,0.0275,current_official_historical_export,Bank Al-Maghrib,daily,decimal_rate,True,CONSERVATIVE_NEXT_ORIGIN,UNKNOWN,bam_interbank_newest_1000_2026-08-10.csv; volume_mad_millions=nan; outstanding_mad_millions=6283; export has a middle gap
bam_interbank_weighted_average,2024-09-22,2024-09-23,2024-09-23,0.0275,current_official_historical_export,Bank Al-Maghrib,daily,decimal_rate,True,CONSERVATIVE_NEXT_ORIGIN,UNKNOWN,bam_interbank_newest_1000_2026-08-10.csv; volume_mad_millions=nan; outstanding_mad_millions=6283; export has a middle gap
bam_interbank_weighted_average,2024-09-23,2024-09-24,2024-09-24,0.0275,current_official_historical_export,Bank Al-Maghrib,daily,decimal_rate,True,CONSERVATIVE_NEXT_ORIGIN,UNKNOWN,bam_interbank_newest_1000_2026-08-10.csv; volume_mad_millions=2970.0; outstanding_mad_millions=6540; export has a middle gap
bam_interbank_weighted_average,2024-09-24,2024-09-25,2024-09-25,0.0275,current_official_historical_export,Bank Al-Maghrib,daily,decimal_rate,True,CONSERVATIVE_NEXT_ORIGIN,UNKNOWN,bam_interbank_newest_1000_2026-08-10.csv; volume_mad_millions=3424.0; outstanding_mad_millions=6994; export has a middle gap
bam_interbank_weighted_average,2024-09-25,2024-09-26,2024-09-26,0.0275,current_official_historical_export,Bank Al-Maghrib,daily,decimal_rate,True,CONSERVATIVE_NEXT_ORIGIN,UNKNOWN,bam_interbank_newest_1000_2026-08-10.csv; volume_mad_millions=5115.0; outstanding_mad_millions=9175; export has a middle gap
bam_interbank_weighted_average,2024-09-26,2024-09-27,2024-09-27,0.0275,current_official_historical_export,Bank Al-Maghrib,daily,decimal_rate,True,CONSERVATIVE_NEXT_ORIGIN,UNKNOWN,bam_interbank_newest_1000_2026-08-10.csv; volume_mad_millions=3860.0; outstanding_mad_millions=7595; export has a middle gap
bam_interbank_weighted_average,2024-09-27,2024-09-28,2024-09-28,0.0275,current_official_historical_export,Bank Al-Maghrib,daily,decimal_rate,True,CONSERVATIVE_NEXT_ORIGIN,UNKNOWN,bam_interbank_newest_1000_2026-08-10.csv; volume_mad_millions=3450.0; outstanding_mad_millions=7035; export has a middle gap
bam_interbank_weighted_average,2024-09-28,2024-09-29,2024-09-29,0.0275,current_official_historical_export,Bank Al-Maghrib,daily,decimal_rate,True,CONSERVATIVE_NEXT_ORIGIN,UNKNOWN,bam_interbank_newest_1000_2026-08-10.csv; volume_mad_millions=nan; outstanding_mad_millions=7035; export has a middle gap
bam_interbank_weighted_average,2024-09-29,2024-09-30,2024-09-30,0.0275,current_official_historical_export,Bank Al-Maghrib,daily,decimal_rate,True,CONSERVATIVE_NEXT_ORIGIN,UNKNOWN,bam_interbank_newest_1000_2026-08-10.csv; volume_mad_millions=nan; outstanding_mad_millions=7035; export has a middle gap
bam_interbank_weighted_average,2024-09-30,2024-10-01,2024-10-01,0.0275,current_official_historical_export,Bank Al-Maghrib,daily,decimal_rate,True,CONSERVATIVE_NEXT_ORIGIN,UNKNOWN,bam_interbank_newest_1000_2026-08-10.csv; volume_mad_millions=4430.0; outstanding_mad_millions=9215; export has a middle gap
bam_interbank_weighted_average,2024-10-01,2024-10-02,2024-10-02,0.0275,current_official_historical_export,Bank Al-Maghrib,daily,decimal_rate,True,CONSERVATIVE_NEXT_ORIGIN,UNKNOWN,bam_interbank_newest_1000_2026-08-10.csv; volume_mad_millions=5053.0; outstanding_mad_millions=9838; export has a middle gap
bam_interbank_weighted_average,2024-10-02,2024-10-03,2024-10-03,0.0275,current_official_historical_export,Bank Al-Maghrib,daily,decimal_rate,True,CONSERVATIVE_NEXT_ORIGIN,UNKNOWN,bam_interbank_newest_1000_2026-08-10.csv; volume_mad_millions=4260.0; outstanding_mad_millions=8375; export has a middle gap
bam_interbank_weighted_average,2024-10-03,2024-10-04,2024-10-04,0.0275,current_official_historical_export,Bank Al-Maghrib,daily,decimal_rate,True,CONSERVATIVE_NEXT_ORIGIN,UNKNOWN,bam_interbank_newest_1000_2026-08-10.csv; volume_mad_millions=2850.0; outstanding_mad_millions=7640; export has a middle gap
bam_interbank_weighted_average,2024-10-04,2024-10-05,2024-10-05,0.0275,current_official_historical_export,Bank Al-Maghrib,daily,decimal_rate,True,CONSERVATIVE_NEXT_ORIGIN,UNKNOWN,bam_interbank_newest_1000_2026-08-10.csv; volume_mad_millions=3060.0; outstanding_mad_millions=7570; export has a middle gap
bam_interbank_weighted_average,2024-10-05,2024-10-06,2024-10-06,0.0275,current_official_historical_export,Bank Al-Maghrib,daily,decimal_rate,True,CONSERVATIVE_NEXT_ORIGIN,UNKNOWN,bam_interbank_newest_1000_2026-08-10.csv; volume_mad_millions=nan; outstanding_mad_millions=7570; export has a middle gap
bam_interbank_weighted_average,2024-10-06,2024-10-07,2024-10-07,0.0275,current_official_historical_export,Bank Al-Maghrib,daily,decimal_rate,True,CONSERVATIVE_NEXT_ORIGIN,UNKNOWN,bam_interbank_newest_1000_2026-08-10.csv; volume_mad_millions=nan; outstanding_mad_millions=7570; export has a middle gap
bam_interbank_weighted_average,2024-10-07,2024-10-08,2024-10-08,0.0275,current_official_historical_export,Bank Al-Maghrib,daily,decimal_rate,True,CONSERVATIVE_NEXT_ORIGIN,UNKNOWN,bam_interbank_newest_1000_2026-08-10.csv; volume_mad_millions=2610.0; outstanding_mad_millions=7120; export has a middle gap
bam_interbank_weighted_average,2024-10-08,2024-10-09,2024-10-09,0.0275,current_official_historical_export,Bank Al-Maghrib,daily,decimal_rate,True,CONSERVATIVE_NEXT_ORIGIN,UNKNOWN,bam_interbank_newest_1000_2026-08-10.csv; volume_mad_millions=3000.0; outstanding_mad_millions=7760; export has a middle gap
bam_interbank_weighted_average,2024-10-09,2024-10-10,2024-10-10,0.0275,current_official_historical_export,Bank Al-Maghrib,daily,decimal_rate,True,CONSERVATIVE_NEXT_ORIGIN,UNKNOWN,bam_interbank_newest_1000_2026-08-10.csv; volume_mad_millions=2100.0; outstanding_mad_millions=7025; export has a middle gap
bam_interbank_weighted_average,2024-10-10,2024-10-11,2024-10-11,0.0275,current_official_historical_export,Bank Al-Maghrib,daily,decimal_rate,True,CONSERVATIVE_NEXT_ORIGIN,UNKNOWN,bam_interbank_newest_1000_2026-08-10.csv; volume_mad_millions=1820.0; outstanding_mad_millions=5645; export has a middle gap
bam_interbank_weighted_average,2024-10-11,2024-10-12,2024-10-12,0.0275,current_official_historical_export,Bank Al-Maghrib,daily,decimal_rate,True,CONSERVATIVE_NEXT_ORIGIN,UNKNOWN,bam_interbank_newest_1000_2026-08-10.csv; volume_mad_millions=2985.0; outstanding_mad_millions=6895; export has a middle gap
bam_interbank_weighted_average,2024-10-12,2024-10-13,2024-10-13,0.0275,current_official_historical_export,Bank Al-Maghrib,daily,decimal_rate,True,CONSERVATIVE_NEXT_ORIGIN,UNKNOWN,bam_interbank_newest_1000_2026-08-10.csv; volume_mad_millions=nan; outstanding_mad_millions=6895; export has a middle gap
bam_interbank_weighted_average,2024-10-13,2024-10-14,2024-10-14,0.0275,current_official_historical_export,Bank Al-Maghrib,daily,decimal_rate,True,CONSERVATIVE_NEXT_ORIGIN,UNKNOWN,bam_interbank_newest_1000_2026-08-10.csv; volume_mad_millions=nan; outstanding_mad_millions=6895; export has a middle gap
bam_interbank_weighted_average,2024-10-14,2024-10-15,2024-10-15,0.027639999999999998,current_official_historical_export,Bank Al-Maghrib,daily,decimal_rate,True,CONSERVATIVE_NEXT_ORIGIN,UNKNOWN,bam_interbank_newest_1000_2026-08-10.csv; volume_mad_millions=6039.0; outstanding_mad_millions=9949; export has a middle gap
bam_interbank_weighted_average,2024-10-15,2024-10-16,2024-10-16,0.0275,current_official_historical_export,Bank Al-Maghrib,daily,decimal_rate,True,CONSERVATIVE_NEXT_ORIGIN,UNKNOWN,bam_interbank_newest_1000_2026-08-10.csv; volume_mad_millions=3430.0; outstanding_mad_millions=7340; export has a middle gap
bam_interbank_weighted_average,2024-10-16,2024-10-17,2024-10-17,0.0275,current_official_historical_export,Bank Al-Maghrib,daily,decimal_rate,True,CONSERVATIVE_NEXT_ORIGIN,UNKNOWN,bam_interbank_newest_1000_2026-08-10.csv; volume_mad_millions=3931.0; outstanding_mad_millions=7991; export has a middle gap
bam_interbank_weighted_average,2024-10-17,2024-10-18,2024-10-18,0.0275,current_official_historical_export,Bank Al-Maghrib,daily,decimal_rate,True,CONSERVATIVE_NEXT_ORIGIN,UNKNOWN,bam_interbank_newest_1000_2026-08-10.csv; volume_mad_millions=3172.0; outstanding_mad_millions=6982; export has a middle gap
bam_interbank_weighted_average,2024-10-18,2024-10-19,2024-10-19,0.0275,current_official_historical_export,Bank Al-Maghrib,daily,decimal_rate,True,CONSERVATIVE_NEXT_ORIGIN,UNKNOWN,bam_interbank_newest_1000_2026-08-10.csv; volume_mad_millions=2325.0; outstanding_mad_millions=6135; export has a middle gap
bam_interbank_weighted_average,2024-10-19,2024-10-20,2024-10-20,0.0275,current_official_historical_export,Bank Al-Maghrib,daily,decimal_rate,True,CONSERVATIVE_NEXT_ORIGIN,UNKNOWN,bam_interbank_newest_1000_2026-08-10.csv; volume_mad_millions=nan; outstanding_mad_millions=6135; export has a middle gap
bam_interbank_weighted_average,2024-10-20,2024-10-21,2024-10-21,0.0275,current_official_historical_export,Bank Al-Maghrib,daily,decimal_rate,True,CONSERVATIVE_NEXT_ORIGIN,UNKNOWN,bam_interbank_newest_1000_2026-08-10.csv; volume_mad_millions=nan; outstanding_mad_millions=6135; export has a middle gap
bam_interbank_weighted_average,2024-10-21,2024-10-22,2024-10-22,0.0275,current_official_historical_export,Bank Al-Maghrib,daily,decimal_rate,True,CONSERVATIVE_NEXT_ORIGIN,UNKNOWN,bam_interbank_newest_1000_2026-08-10.csv; volume_mad_millions=2150.0; outstanding_mad_millions=5960; export has a middle gap
bam_interbank_weighted_average,2024-10-22,2024-10-23,2024-10-23,0.0275,current_official_historical_export,Bank Al-Maghrib,daily,decimal_rate,True,CONSERVATIVE_NEXT_ORIGIN,UNKNOWN,bam_interbank_newest_1000_2026-08-10.csv; volume_mad_millions=2320.0; outstanding_mad_millions=6130; export has a middle gap
bam_interbank_weighted_average,2024-10-23,2024-10-24,2024-10-24,0.0275,current_official_historical_export,Bank Al-Maghrib,daily,decimal_rate,True,CONSERVATIVE_NEXT_ORIGIN,UNKNOWN,bam_interbank_newest_1000_2026-08-10.csv; volume_mad_millions=2820.0; outstanding_mad_millions=6580; export has a middle gap
bam_interbank_weighted_average,2024-10-24,2024-10-25,2024-10-25,0.0275,current_official_historical_export,Bank Al-Maghrib,daily,decimal_rate,True,CONSERVATIVE_NEXT_ORIGIN,UNKNOWN,bam_interbank_newest_1000_2026-08-10.csv; volume_mad_millions=2655.0; outstanding_mad_millions=6415; export has a middle gap
bam_interbank_weighted_average,2024-10-25,2024-10-26,2024-10-26,0.0275,current_official_historical_export,Bank Al-Maghrib,daily,decimal_rate,True,CONSERVATIVE_NEXT_ORIGIN,UNKNOWN,bam_interbank_newest_1000_2026-08-10.csv; volume_mad_millions=1416.0; outstanding_mad_millions=5176; export has a middle gap
bam_interbank_weighted_average,2024-10-28,2024-10-29,2024-10-29,0.0275,current_official_historical_export,Bank Al-Maghrib,daily,decimal_rate,True,CONSERVATIVE_NEXT_ORIGIN,UNKNOWN,bam_interbank_newest_1000_2026-08-10.csv; volume_mad_millions=1627.0; outstanding_mad_millions=5387; export has a middle gap
bam_interbank_weighted_average,2024-10-29,2024-10-30,2024-10-30,0.0275,current_official_historical_export,Bank Al-Maghrib,daily,decimal_rate,True,CONSERVATIVE_NEXT_ORIGIN,UNKNOWN,bam_interbank_newest_1000_2026-08-10.csv; volume_mad_millions=2029.0; outstanding_mad_millions=5789; export has a middle gap
bam_interbank_weighted_average,2024-10-30,2024-10-31,2024-10-31,0.0275,current_official_historical_export,Bank Al-Maghrib,daily,decimal_rate,True,CONSERVATIVE_NEXT_ORIGIN,UNKNOWN,bam_interbank_newest_1000_2026-08-10.csv; volume_mad_millions=2657.0; outstanding_mad_millions=5837; export has a middle gap
bam_interbank_weighted_average,2024-10-31,2024-11-01,2024-11-01,0.02759,current_official_historical_export,Bank Al-Maghrib,daily,decimal_rate,True,CONSERVATIVE_NEXT_ORIGIN,UNKNOWN,bam_interbank_newest_1000_2026-08-10.csv; volume_mad_millions=4510.0; outstanding_mad_millions=8570; export has a middle gap
bam_interbank_weighted_average,2024-11-01,2024-11-02,2024-11-02,0.0275,current_official_historical_export,Bank Al-Maghrib,daily,decimal_rate,True,CONSERVATIVE_NEXT_ORIGIN,UNKNOWN,bam_interbank_newest_1000_2026-08-10.csv; volume_mad_millions=3380.0; outstanding_mad_millions=7710; export has a middle gap
bam_interbank_weighted_average,2024-11-02,2024-11-03,2024-11-03,0.0275,current_official_historical_export,Bank Al-Maghrib,daily,decimal_rate,True,CONSERVATIVE_NEXT_ORIGIN,UNKNOWN,bam_interbank_newest_1000_2026-08-10.csv; volume_mad_millions=nan; outstanding_mad_millions=7710; export has a middle gap
bam_interbank_weighted_average,2024-11-03,2024-11-04,2024-11-04,0.0275,current_official_historical_export,Bank Al-Maghrib,daily,decimal_rate,True,CONSERVATIVE_NEXT_ORIGIN,UNKNOWN,bam_interbank_newest_1000_2026-08-10.csv; volume_mad_millions=nan; outstanding_mad_millions=7710; export has a middle gap
bam_interbank_weighted_average,2024-11-04,2024-11-05,2024-11-05,0.02759,current_official_historical_export,Bank Al-Maghrib,daily,decimal_rate,True,CONSERVATIVE_NEXT_ORIGIN,UNKNOWN,bam_interbank_newest_1000_2026-08-10.csv; volume_mad_millions=3367.0; outstanding_mad_millions=7257; export has a middle gap
bam_interbank_weighted_average,2024-11-05,2024-11-06,2024-11-06,0.0275,current_official_historical_export,Bank Al-Maghrib,daily,decimal_rate,True,CONSERVATIVE_NEXT_ORIGIN,UNKNOWN,bam_interbank_newest_1000_2026-08-10.csv; volume_mad_millions=4493.0; outstanding_mad_millions=8083; export has a middle gap
bam_interbank_weighted_average,2024-11-06,2024-11-07,2024-11-07,0.0275,current_official_historical_export,Bank Al-Maghrib,daily,decimal_rate,True,CONSERVATIVE_NEXT_ORIGIN,UNKNOWN,bam_interbank_newest_1000_2026-08-10.csv; volume_mad_millions=nan; outstanding_mad_millions=8083; export has a middle gap
bam_interbank_weighted_average,2024-11-07,2024-11-08,2024-11-08,0.0275,current_official_historical_export,Bank Al-Maghrib,daily,decimal_rate,True,CONSERVATIVE_NEXT_ORIGIN,UNKNOWN,bam_interbank_newest_1000_2026-08-10.csv; volume_mad_millions=2809.0; outstanding_mad_millions=5559; export has a middle gap
bam_interbank_weighted_average,2024-11-08,2024-11-09,2024-11-09,0.0275,current_official_historical_export,Bank Al-Maghrib,daily,decimal_rate,True,CONSERVATIVE_NEXT_ORIGIN,UNKNOWN,bam_interbank_newest_1000_2026-08-10.csv; volume_mad_millions=2802.0; outstanding_mad_millions=5552; export has a middle gap
bam_interbank_weighted_average,2024-11-09,2024-11-10,2024-11-10,0.0275,current_official_historical_export,Bank Al-Maghrib,daily,decimal_rate,True,CONSERVATIVE_NEXT_ORIGIN,UNKNOWN,bam_interbank_newest_1000_2026-08-10.csv; volume_mad_millions=nan; outstanding_mad_millions=5552; export has a middle gap
bam_interbank_weighted_average,2024-11-10,2024-11-11,2024-11-11,0.0275,current_official_historical_export,Bank Al-Maghrib,daily,decimal_rate,True,CONSERVATIVE_NEXT_ORIGIN,UNKNOWN,bam_interbank_newest_1000_2026-08-10.csv; volume_mad_millions=nan; outstanding_mad_millions=5552; export has a middle gap
bam_interbank_weighted_average,2024-11-11,2024-11-12,2024-11-12,0.0275,current_official_historical_export,Bank Al-Maghrib,daily,decimal_rate,True,CONSERVATIVE_NEXT_ORIGIN,UNKNOWN,bam_interbank_newest_1000_2026-08-10.csv; volume_mad_millions=2542.0; outstanding_mad_millions=5842; export has a middle gap
bam_interbank_weighted_average,2024-11-12,2024-11-13,2024-11-13,0.0275,current_official_historical_export,Bank Al-Maghrib,daily,decimal_rate,True,CONSERVATIVE_NEXT_ORIGIN,UNKNOWN,bam_interbank_newest_1000_2026-08-10.csv; volume_mad_millions=1623.0; outstanding_mad_millions=4923; export has a middle gap
bam_interbank_weighted_average,2024-11-13,2024-11-14,2024-11-14,0.0275,current_official_historical_export,Bank Al-Maghrib,daily,decimal_rate,True,CONSERVATIVE_NEXT_ORIGIN,UNKNOWN,bam_interbank_newest_1000_2026-08-10.csv; volume_mad_millions=2310.0; outstanding_mad_millions=5610; export has a middle gap
bam_interbank_weighted_average,2024-11-14,2024-11-15,2024-11-15,0.0275,current_official_historical_export,Bank Al-Maghrib,daily,decimal_rate,True,CONSERVATIVE_NEXT_ORIGIN,UNKNOWN,bam_interbank_newest_1000_2026-08-10.csv; volume_mad_millions=2212.0; outstanding_mad_millions=5312; export has a middle gap
bam_interbank_weighted_average,2024-11-15,2024-11-16,2024-11-16,0.0275,current_official_historical_export,Bank Al-Maghrib,daily,decimal_rate,True,CONSERVATIVE_NEXT_ORIGIN,UNKNOWN,bam_interbank_newest_1000_2026-08-10.csv; volume_mad_millions=2408.0; outstanding_mad_millions=5508; export has a middle gap
bam_interbank_weighted_average,2024-11-16,2024-11-17,2024-11-17,0.0275,current_official_historical_export,Bank Al-Maghrib,daily,decimal_rate,True,CONSERVATIVE_NEXT_ORIGIN,UNKNOWN,bam_interbank_newest_1000_2026-08-10.csv; volume_mad_millions=nan; outstanding_mad_millions=5508; export has a middle gap
bam_interbank_weighted_average,2024-11-17,2024-11-18,2024-11-18,0.0275,current_official_historical_export,Bank Al-Maghrib,daily,decimal_rate,True,CONSERVATIVE_NEXT_ORIGIN,UNKNOWN,bam_interbank_newest_1000_2026-08-10.csv; volume_mad_millions=nan; outstanding_mad_millions=5508; export has a middle gap
bam_interbank_weighted_average,2024-11-18,2024-11-19,2024-11-19,0.0275,current_official_historical_export,Bank Al-Maghrib,daily,decimal_rate,True,CONSERVATIVE_NEXT_ORIGIN,UNKNOWN,bam_interbank_newest_1000_2026-08-10.csv; volume_mad_millions=nan; outstanding_mad_millions=5508; export has a middle gap
bam_interbank_weighted_average,2024-11-19,2024-11-20,2024-11-20,0.0275,current_official_historical_export,Bank Al-Maghrib,daily,decimal_rate,True,CONSERVATIVE_NEXT_ORIGIN,UNKNOWN,bam_interbank_newest_1000_2026-08-10.csv; volume_mad_millions=1332.0; outstanding_mad_millions=4222; export has a middle gap
bam_interbank_weighted_average,2024-11-20,2024-11-21,2024-11-21,0.0275,current_official_historical_export,Bank Al-Maghrib,daily,decimal_rate,True,CONSERVATIVE_NEXT_ORIGIN,UNKNOWN,bam_interbank_newest_1000_2026-08-10.csv; volume_mad_millions=1241.0; outstanding_mad_millions=4431; export has a middle gap
bam_interbank_weighted_average,2024-11-21,2024-11-22,2024-11-22,0.0275,current_official_historical_export,Bank Al-Maghrib,daily,decimal_rate,True,CONSERVATIVE_NEXT_ORIGIN,UNKNOWN,bam_interbank_newest_1000_2026-08-10.csv; volume_mad_millions=2856.0; outstanding_mad_millions=5996; export has a middle gap
bam_interbank_weighted_average,2024-11-22,2024-11-23,2024-11-23,0.0275,current_official_historical_export,Bank Al-Maghrib,daily,decimal_rate,True,CONSERVATIVE_NEXT_ORIGIN,UNKNOWN,bam_interbank_newest_1000_2026-08-10.csv; volume_mad_millions=2674.0; outstanding_mad_millions=5414; export has a middle gap
bam_interbank_weighted_average,2024-11-23,2024-11-24,2024-11-24,0.0275,current_official_historical_export,Bank Al-Maghrib,daily,decimal_rate,True,CONSERVATIVE_NEXT_ORIGIN,UNKNOWN,bam_interbank_newest_1000_2026-08-10.csv; volume_mad_millions=nan; outstanding_mad_millions=5414; export has a middle gap
bam_interbank_weighted_average,2024-11-24,2024-11-25,2024-11-25,0.0275,current_official_historical_export,Bank Al-Maghrib,daily,decimal_rate,True,CONSERVATIVE_NEXT_ORIGIN,UNKNOWN,bam_interbank_newest_1000_2026-08-10.csv; volume_mad_millions=nan; outstanding_mad_millions=5414; export has a middle gap
bam_interbank_weighted_average,2024-11-25,2024-11-26,2024-11-26,0.0275,current_official_historical_export,Bank Al-Maghrib,daily,decimal_rate,True,CONSERVATIVE_NEXT_ORIGIN,UNKNOWN,bam_interbank_newest_1000_2026-08-10.csv; volume_mad_millions=2500.0; outstanding_mad_millions=5240; export has a middle gap
bam_interbank_weighted_average,2024-11-26,2024-11-27,2024-11-27,0.0275,current_official_historical_export,Bank Al-Maghrib,daily,decimal_rate,True,CONSERVATIVE_NEXT_ORIGIN,UNKNOWN,bam_interbank_newest_1000_2026-08-10.csv; volume_mad_millions=2131.0; outstanding_mad_millions=4871; export has a middle gap
bam_interbank_weighted_average,2024-11-27,2024-11-28,2024-11-28,0.0275,current_official_historical_export,Bank Al-Maghrib,daily,decimal_rate,True,CONSERVATIVE_NEXT_ORIGIN,UNKNOWN,bam_interbank_newest_1000_2026-08-10.csv; volume_mad_millions=2048.0; outstanding_mad_millions=4788; export has a middle gap
bam_interbank_weighted_average,2024-11-28,2024-11-29,2024-11-29,0.0275,current_official_historical_export,Bank Al-Maghrib,daily,decimal_rate,True,CONSERVATIVE_NEXT_ORIGIN,UNKNOWN,bam_interbank_newest_1000_2026-08-10.csv; volume_mad_millions=2138.0; outstanding_mad_millions=4918; export has a middle gap
bam_interbank_weighted_average,2024-11-29,2024-11-30,2024-11-30,0.0275,current_official_historical_export,Bank Al-Maghrib,daily,decimal_rate,True,CONSERVATIVE_NEXT_ORIGIN,UNKNOWN,bam_interbank_newest_1000_2026-08-10.csv; volume_mad_millions=3338.0; outstanding_mad_millions=6018; export has a middle gap
bam_interbank_weighted_average,2024-11-30,2024-12-01,2024-12-01,0.0275,current_official_historical_export,Bank Al-Maghrib,daily,decimal_rate,True,CONSERVATIVE_NEXT_ORIGIN,UNKNOWN,bam_interbank_newest_1000_2026-08-10.csv; volume_mad_millions=nan; outstanding_mad_millions=6018; export has a middle gap
bam_interbank_weighted_average,2024-12-01,2024-12-02,2024-12-02,0.0275,current_official_historical_export,Bank Al-Maghrib,daily,decimal_rate,True,CONSERVATIVE_NEXT_ORIGIN,UNKNOWN,bam_interbank_newest_1000_2026-08-10.csv; volume_mad_millions=nan; outstanding_mad_millions=6018; export has a middle gap
bam_interbank_weighted_average,2024-12-02,2024-12-03,2024-12-03,0.0275,current_official_historical_export,Bank Al-Maghrib,daily,decimal_rate,True,CONSERVATIVE_NEXT_ORIGIN,UNKNOWN,bam_interbank_newest_1000_2026-08-10.csv; volume_mad_millions=3125.0; outstanding_mad_millions=5365; export has a middle gap
bam_interbank_weighted_average,2024-12-03,2024-12-04,2024-12-04,0.0275,current_official_historical_export,Bank Al-Maghrib,daily,decimal_rate,True,CONSERVATIVE_NEXT_ORIGIN,UNKNOWN,bam_interbank_newest_1000_2026-08-10.csv; volume_mad_millions=2431.0; outstanding_mad_millions=4671; export has a middle gap
bam_interbank_weighted_average,2024-12-04,2024-12-05,2024-12-05,0.0275,current_official_historical_export,Bank Al-Maghrib,daily,decimal_rate,True,CONSERVATIVE_NEXT_ORIGIN,UNKNOWN,bam_interbank_newest_1000_2026-08-10.csv; volume_mad_millions=4140.0; outstanding_mad_millions=6380; export has a middle gap
bam_interbank_weighted_average,2024-12-05,2024-12-06,2024-12-06,0.0275,current_official_historical_export,Bank Al-Maghrib,daily,decimal_rate,True,CONSERVATIVE_NEXT_ORIGIN,UNKNOWN,bam_interbank_newest_1000_2026-08-10.csv; volume_mad_millions=2610.0; outstanding_mad_millions=6820; export has a middle gap
bam_interbank_weighted_average,2024-12-06,2024-12-07,2024-12-07,0.0275,current_official_historical_export,Bank Al-Maghrib,daily,decimal_rate,True,CONSERVATIVE_NEXT_ORIGIN,UNKNOWN,bam_interbank_newest_1000_2026-08-10.csv; volume_mad_millions=2811.0; outstanding_mad_millions=7021; export has a middle gap
bam_interbank_weighted_average,2024-12-07,2024-12-08,2024-12-08,0.0275,current_official_historical_export,Bank Al-Maghrib,daily,decimal_rate,True,CONSERVATIVE_NEXT_ORIGIN,UNKNOWN,bam_interbank_newest_1000_2026-08-10.csv; volume_mad_millions=nan; outstanding_mad_millions=7021; export has a middle gap
bam_interbank_weighted_average,2024-12-08,2024-12-09,2024-12-09,0.0275,current_official_historical_export,Bank Al-Maghrib,daily,decimal_rate,True,CONSERVATIVE_NEXT_ORIGIN,UNKNOWN,bam_interbank_newest_1000_2026-08-10.csv; volume_mad_millions=nan; outstanding_mad_millions=7021; export has a middle gap
bam_interbank_weighted_average,2024-12-09,2024-12-10,2024-12-10,0.0275,current_official_historical_export,Bank Al-Maghrib,daily,decimal_rate,True,CONSERVATIVE_NEXT_ORIGIN,UNKNOWN,bam_interbank_newest_1000_2026-08-10.csv; volume_mad_millions=2652.0; outstanding_mad_millions=6742; export has a middle gap
bam_interbank_weighted_average,2024-12-10,2024-12-11,2024-12-11,0.0275,current_official_historical_export,Bank Al-Maghrib,daily,decimal_rate,True,CONSERVATIVE_NEXT_ORIGIN,UNKNOWN,bam_interbank_newest_1000_2026-08-10.csv; volume_mad_millions=1600.0; outstanding_mad_millions=5825; export has a middle gap
bam_interbank_weighted_average,2024-12-11,2024-12-12,2024-12-12,0.0275,current_official_historical_export,Bank Al-Maghrib,daily,decimal_rate,True,CONSERVATIVE_NEXT_ORIGIN,UNKNOWN,bam_interbank_newest_1000_2026-08-10.csv; volume_mad_millions=2350.0; outstanding_mad_millions=6505; export has a middle gap
bam_interbank_weighted_average,2024-12-12,2024-12-13,2024-12-13,0.0275,current_official_historical_export,Bank Al-Maghrib,daily,decimal_rate,True,CONSERVATIVE_NEXT_ORIGIN,UNKNOWN,bam_interbank_newest_1000_2026-08-10.csv; volume_mad_millions=2269.0; outstanding_mad_millions=5099; export has a middle gap
bam_interbank_weighted_average,2024-12-13,2024-12-14,2024-12-14,0.0275,current_official_historical_export,Bank Al-Maghrib,daily,decimal_rate,True,CONSERVATIVE_NEXT_ORIGIN,UNKNOWN,bam_interbank_newest_1000_2026-08-10.csv; volume_mad_millions=2344.0; outstanding_mad_millions=5174; export has a middle gap
bam_interbank_weighted_average,2024-12-14,2024-12-15,2024-12-15,0.0275,current_official_historical_export,Bank Al-Maghrib,daily,decimal_rate,True,CONSERVATIVE_NEXT_ORIGIN,UNKNOWN,bam_interbank_newest_1000_2026-08-10.csv; volume_mad_millions=nan; outstanding_mad_millions=5174; export has a middle gap
bam_interbank_weighted_average,2024-12-15,2024-12-16,2024-12-16,0.0275,current_official_historical_export,Bank Al-Maghrib,daily,decimal_rate,True,CONSERVATIVE_NEXT_ORIGIN,UNKNOWN,bam_interbank_newest_1000_2026-08-10.csv; volume_mad_millions=nan; outstanding_mad_millions=5174; export has a middle gap
bam_interbank_weighted_average,2024-12-16,2024-12-17,2024-12-17,0.0275,current_official_historical_export,Bank Al-Maghrib,daily,decimal_rate,True,CONSERVATIVE_NEXT_ORIGIN,UNKNOWN,bam_interbank_newest_1000_2026-08-10.csv; volume_mad_millions=3745.0; outstanding_mad_millions=6635; export has a middle gap
bam_interbank_weighted_average,2024-12-17,2024-12-18,2024-12-18,0.0275,current_official_historical_export,Bank Al-Maghrib,daily,decimal_rate,True,CONSERVATIVE_NEXT_ORIGIN,UNKNOWN,bam_interbank_newest_1000_2026-08-10.csv; volume_mad_millions=3846.0; outstanding_mad_millions=6736; export has a middle gap
bam_interbank_weighted_average,2024-12-18,2024-12-19,2024-12-19,0.025,current_official_historical_export,Bank Al-Maghrib,daily,decimal_rate,True,CONSERVATIVE_NEXT_ORIGIN,UNKNOWN,bam_interbank_newest_1000_2026-08-10.csv; volume_mad_millions=2414.0; outstanding_mad_millions=5744; export has a middle gap
bam_interbank_weighted_average,2024-12-19,2024-12-20,2024-12-20,0.025,current_official_historical_export,Bank Al-Maghrib,daily,decimal_rate,True,CONSERVATIVE_NEXT_ORIGIN,UNKNOWN,bam_interbank_newest_1000_2026-08-10.csv; volume_mad_millions=2068.0; outstanding_mad_millions=4563; export has a middle gap
bam_interbank_weighted_average,2024-12-20,2024-12-21,2024-12-21,0.025,current_official_historical_export,Bank Al-Maghrib,daily,decimal_rate,True,CONSERVATIVE_NEXT_ORIGIN,UNKNOWN,bam_interbank_newest_1000_2026-08-10.csv; volume_mad_millions=1910.0; outstanding_mad_millions=4755; export has a middle gap
bam_interbank_weighted_average,2024-12-21,2024-12-22,2024-12-22,0.025,current_official_historical_export,Bank Al-Maghrib,daily,decimal_rate,True,CONSERVATIVE_NEXT_ORIGIN,UNKNOWN,bam_interbank_newest_1000_2026-08-10.csv; volume_mad_millions=nan; outstanding_mad_millions=4755; export has a middle gap
bam_interbank_weighted_average,2024-12-22,2024-12-23,2024-12-23,0.025,current_official_historical_export,Bank Al-Maghrib,daily,decimal_rate,True,CONSERVATIVE_NEXT_ORIGIN,UNKNOWN,bam_interbank_newest_1000_2026-08-10.csv; volume_mad_millions=nan; outstanding_mad_millions=4755; export has a middle gap
bam_interbank_weighted_average,2024-12-23,2024-12-24,2024-12-24,0.025,current_official_historical_export,Bank Al-Maghrib,daily,decimal_rate,True,CONSERVATIVE_NEXT_ORIGIN,UNKNOWN,bam_interbank_newest_1000_2026-08-10.csv; volume_mad_millions=1685.0; outstanding_mad_millions=4405; export has a middle gap
bam_interbank_weighted_average,2024-12-24,2024-12-25,2024-12-25,0.025,current_official_historical_export,Bank Al-Maghrib,daily,decimal_rate,True,CONSERVATIVE_NEXT_ORIGIN,UNKNOWN,bam_interbank_newest_1000_2026-08-10.csv; volume_mad_millions=1180.0; outstanding_mad_millions=3900; export has a middle gap
bam_interbank_weighted_average,2024-12-25,2024-12-26,2024-12-26,0.025,current_official_historical_export,Bank Al-Maghrib,daily,decimal_rate,True,CONSERVATIVE_NEXT_ORIGIN,UNKNOWN,bam_interbank_newest_1000_2026-08-10.csv; volume_mad_millions=974.0; outstanding_mad_millions=4094; export has a middle gap
bam_interbank_weighted_average,2024-12-26,2024-12-27,2024-12-27,0.025,current_official_historical_export,Bank Al-Maghrib,daily,decimal_rate,True,CONSERVATIVE_NEXT_ORIGIN,UNKNOWN,bam_interbank_newest_1000_2026-08-10.csv; volume_mad_millions=5952.0; outstanding_mad_millions=8422; export has a middle gap
bam_interbank_weighted_average,2024-12-27,2024-12-28,2024-12-28,0.025,current_official_historical_export,Bank Al-Maghrib,daily,decimal_rate,True,CONSERVATIVE_NEXT_ORIGIN,UNKNOWN,bam_interbank_newest_1000_2026-08-10.csv; volume_mad_millions=4891.0; outstanding_mad_millions=7361; export has a middle gap
bam_interbank_weighted_average,2024-12-28,2024-12-29,2024-12-29,0.025,current_official_historical_export,Bank Al-Maghrib,daily,decimal_rate,True,CONSERVATIVE_NEXT_ORIGIN,UNKNOWN,bam_interbank_newest_1000_2026-08-10.csv; volume_mad_millions=nan; outstanding_mad_millions=7361; export has a middle gap
bam_interbank_weighted_average,2024-12-29,2024-12-30,2024-12-30,0.025,current_official_historical_export,Bank Al-Maghrib,daily,decimal_rate,True,CONSERVATIVE_NEXT_ORIGIN,UNKNOWN,bam_interbank_newest_1000_2026-08-10.csv; volume_mad_millions=nan; outstanding_mad_millions=7361; export has a middle gap
bam_interbank_weighted_average,2024-12-30,2024-12-31,2024-12-31,0.025,current_official_historical_export,Bank Al-Maghrib,daily,decimal_rate,True,CONSERVATIVE_NEXT_ORIGIN,UNKNOWN,bam_interbank_newest_1000_2026-08-10.csv; volume_mad_millions=3903.0; outstanding_mad_millions=6393; export has a middle gap
bam_interbank_weighted_average,2024-12-31,2025-01-01,2025-01-01,0.0253,current_official_historical_export,Bank Al-Maghrib,daily,decimal_rate,True,CONSERVATIVE_NEXT_ORIGIN,UNKNOWN,bam_interbank_newest_1000_2026-08-10.csv; volume_mad_millions=5282.0; outstanding_mad_millions=7572; export has a middle gap
bam_interbank_weighted_average,2025-01-01,2025-01-02,2025-01-02,0.0253,current_official_historical_export,Bank Al-Maghrib,daily,decimal_rate,True,CONSERVATIVE_NEXT_ORIGIN,UNKNOWN,bam_interbank_newest_1000_2026-08-10.csv; volume_mad_millions=nan; outstanding_mad_millions=7572; export has a middle gap
bam_interbank_weighted_average,2025-01-02,2025-01-03,2025-01-03,0.025,current_official_historical_export,Bank Al-Maghrib,daily,decimal_rate,True,CONSERVATIVE_NEXT_ORIGIN,UNKNOWN,bam_interbank_newest_1000_2026-08-10.csv; volume_mad_millions=4722.0; outstanding_mad_millions=7302; export has a middle gap
bam_interbank_weighted_average,2025-01-03,2025-01-04,2025-01-04,0.025019999999999997,current_official_historical_export,Bank Al-Maghrib,daily,decimal_rate,True,CONSERVATIVE_NEXT_ORIGIN,UNKNOWN,bam_interbank_newest_1000_2026-08-10.csv; volume_mad_millions=2455.0; outstanding_mad_millions=4855; export has a middle gap
bam_interbank_weighted_average,2025-01-04,2025-01-05,2025-01-05,0.025019999999999997,current_official_historical_export,Bank Al-Maghrib,daily,decimal_rate,True,CONSERVATIVE_NEXT_ORIGIN,UNKNOWN,bam_interbank_newest_1000_2026-08-10.csv; volume_mad_millions=nan; outstanding_mad_millions=4855; export has a middle gap
bam_interbank_weighted_average,2025-01-05,2025-01-06,2025-01-06,0.025019999999999997,current_official_historical_export,Bank Al-Maghrib,daily,decimal_rate,True,CONSERVATIVE_NEXT_ORIGIN,UNKNOWN,bam_interbank_newest_1000_2026-08-10.csv; volume_mad_millions=nan; outstanding_mad_millions=4855; export has a middle gap
bam_interbank_weighted_average,2025-01-06,2025-01-07,2025-01-07,0.025,current_official_historical_export,Bank Al-Maghrib,daily,decimal_rate,True,CONSERVATIVE_NEXT_ORIGIN,UNKNOWN,bam_interbank_newest_1000_2026-08-10.csv; volume_mad_millions=1480.0; outstanding_mad_millions=4295; export has a middle gap
bam_interbank_weighted_average,2025-01-07,2025-01-08,2025-01-08,0.025,current_official_historical_export,Bank Al-Maghrib,daily,decimal_rate,True,CONSERVATIVE_NEXT_ORIGIN,UNKNOWN,bam_interbank_newest_1000_2026-08-10.csv; volume_mad_millions=1728.0; outstanding_mad_millions=4543; export has a middle gap
bam_interbank_weighted_average,2025-01-08,2025-01-09,2025-01-09,0.025,current_official_historical_export,Bank Al-Maghrib,daily,decimal_rate,True,CONSERVATIVE_NEXT_ORIGIN,UNKNOWN,bam_interbank_newest_1000_2026-08-10.csv; volume_mad_millions=2649.0; outstanding_mad_millions=5664; export has a middle gap
bam_interbank_weighted_average,2025-01-09,2025-01-10,2025-01-10,0.025,current_official_historical_export,Bank Al-Maghrib,daily,decimal_rate,True,CONSERVATIVE_NEXT_ORIGIN,UNKNOWN,bam_interbank_newest_1000_2026-08-10.csv; volume_mad_millions=1693.0; outstanding_mad_millions=5058; export has a middle gap
bam_interbank_weighted_average,2025-01-10,2025-01-11,2025-01-11,0.025,current_official_historical_export,Bank Al-Maghrib,daily,decimal_rate,True,CONSERVATIVE_NEXT_ORIGIN,UNKNOWN,bam_interbank_newest_1000_2026-08-10.csv; volume_mad_millions=2074.0; outstanding_mad_millions=5689; export has a middle gap
bam_interbank_weighted_average,2025-01-11,2025-01-12,2025-01-12,0.025,current_official_historical_export,Bank Al-Maghrib,daily,decimal_rate,True,CONSERVATIVE_NEXT_ORIGIN,UNKNOWN,bam_interbank_newest_1000_2026-08-10.csv; volume_mad_millions=nan; outstanding_mad_millions=5689; export has a middle gap
bam_interbank_weighted_average,2025-01-12,2025-01-13,2025-01-13,0.025,current_official_historical_export,Bank Al-Maghrib,daily,decimal_rate,True,CONSERVATIVE_NEXT_ORIGIN,UNKNOWN,bam_interbank_newest_1000_2026-08-10.csv; volume_mad_millions=nan; outstanding_mad_millions=5689; export has a middle gap
bam_interbank_weighted_average,2025-01-13,2025-01-14,2025-01-14,0.025,current_official_historical_export,Bank Al-Maghrib,daily,decimal_rate,True,CONSERVATIVE_NEXT_ORIGIN,UNKNOWN,bam_interbank_newest_1000_2026-08-10.csv; volume_mad_millions=3586.0; outstanding_mad_millions=7006; export has a middle gap
bam_interbank_weighted_average,2025-01-14,2025-01-15,2025-01-15,0.025,current_official_historical_export,Bank Al-Maghrib,daily,decimal_rate,True,CONSERVATIVE_NEXT_ORIGIN,UNKNOWN,bam_interbank_newest_1000_2026-08-10.csv; volume_mad_millions=nan; outstanding_mad_millions=7006; export has a middle gap
bam_interbank_weighted_average,2025-01-15,2025-01-16,2025-01-16,0.025,current_official_historical_export,Bank Al-Maghrib,daily,decimal_rate,True,CONSERVATIVE_NEXT_ORIGIN,UNKNOWN,bam_interbank_newest_1000_2026-08-10.csv; volume_mad_millions=2293.0; outstanding_mad_millions=6063; export has a middle gap
bam_interbank_weighted_average,2025-01-16,2025-01-17,2025-01-17,0.025,current_official_historical_export,Bank Al-Maghrib,daily,decimal_rate,True,CONSERVATIVE_NEXT_ORIGIN,UNKNOWN,bam_interbank_newest_1000_2026-08-10.csv; volume_mad_millions=2505.0; outstanding_mad_millions=6390; export has a middle gap
bam_interbank_weighted_average,2025-01-17,2025-01-18,2025-01-18,0.025,current_official_historical_export,Bank Al-Maghrib,daily,decimal_rate,True,CONSERVATIVE_NEXT_ORIGIN,UNKNOWN,bam_interbank_newest_1000_2026-08-10.csv; volume_mad_millions=1708.0; outstanding_mad_millions=5523; export has a middle gap
bam_interbank_weighted_average,2025-01-18,2025-01-19,2025-01-19,0.025,current_official_historical_export,Bank Al-Maghrib,daily,decimal_rate,True,CONSERVATIVE_NEXT_ORIGIN,UNKNOWN,bam_interbank_newest_1000_2026-08-10.csv; volume_mad_millions=nan; outstanding_mad_millions=5523; export has a middle gap
bam_interbank_weighted_average,2025-01-19,2025-01-20,2025-01-20,0.025,current_official_historical_export,Bank Al-Maghrib,daily,decimal_rate,True,CONSERVATIVE_NEXT_ORIGIN,UNKNOWN,bam_interbank_newest_1000_2026-08-10.csv; volume_mad_millions=nan; outstanding_mad_millions=5523; export has a middle gap
bam_interbank_weighted_average,2025-01-20,2025-01-21,2025-01-21,0.025,current_official_historical_export,Bank Al-Maghrib,daily,decimal_rate,True,CONSERVATIVE_NEXT_ORIGIN,UNKNOWN,bam_interbank_newest_1000_2026-08-10.csv; volume_mad_millions=1777.0; outstanding_mad_millions=5692; export has a middle gap
bam_interbank_weighted_average,2025-01-21,2025-01-22,2025-01-22,0.025,current_official_historical_export,Bank Al-Maghrib,daily,decimal_rate,True,CONSERVATIVE_NEXT_ORIGIN,UNKNOWN,bam_interbank_newest_1000_2026-08-10.csv; volume_mad_millions=3258.0; outstanding_mad_millions=7173; export has a middle gap
bam_interbank_weighted_average,2025-01-22,2025-01-23,2025-01-23,0.025,current_official_historical_export,Bank Al-Maghrib,daily,decimal_rate,True,CONSERVATIVE_NEXT_ORIGIN,UNKNOWN,bam_interbank_newest_1000_2026-08-10.csv; volume_mad_millions=2779.0; outstanding_mad_millions=6684; export has a middle gap
bam_interbank_weighted_average,2025-01-23,2025-01-24,2025-01-24,0.025,current_official_historical_export,Bank Al-Maghrib,daily,decimal_rate,True,CONSERVATIVE_NEXT_ORIGIN,UNKNOWN,bam_interbank_newest_1000_2026-08-10.csv; volume_mad_millions=3646.0; outstanding_mad_millions=7721; export has a middle gap
bam_interbank_weighted_average,2025-01-24,2025-01-25,2025-01-25,0.025,current_official_historical_export,Bank Al-Maghrib,daily,decimal_rate,True,CONSERVATIVE_NEXT_ORIGIN,UNKNOWN,bam_interbank_newest_1000_2026-08-10.csv; volume_mad_millions=4161.0; outstanding_mad_millions=8126; export has a middle gap
bam_interbank_weighted_average,2025-01-25,2025-01-26,2025-01-26,0.025,current_official_historical_export,Bank Al-Maghrib,daily,decimal_rate,True,CONSERVATIVE_NEXT_ORIGIN,UNKNOWN,bam_interbank_newest_1000_2026-08-10.csv; volume_mad_millions=nan; outstanding_mad_millions=8126; export has a middle gap
bam_interbank_weighted_average,2025-01-26,2025-01-27,2025-01-27,0.025,current_official_historical_export,Bank Al-Maghrib,daily,decimal_rate,True,CONSERVATIVE_NEXT_ORIGIN,UNKNOWN,bam_interbank_newest_1000_2026-08-10.csv; volume_mad_millions=nan; outstanding_mad_millions=8126; export has a middle gap
bam_interbank_weighted_average,2025-01-27,2025-01-28,2025-01-28,0.025,current_official_historical_export,Bank Al-Maghrib,daily,decimal_rate,True,CONSERVATIVE_NEXT_ORIGIN,UNKNOWN,bam_interbank_newest_1000_2026-08-10.csv; volume_mad_millions=3396.0; outstanding_mad_millions=7491; export has a middle gap
bam_interbank_weighted_average,2025-01-28,2025-01-29,2025-01-29,0.025,current_official_historical_export,Bank Al-Maghrib,daily,decimal_rate,True,CONSERVATIVE_NEXT_ORIGIN,UNKNOWN,bam_interbank_newest_1000_2026-08-10.csv; volume_mad_millions=2868.0; outstanding_mad_millions=8413; export has a middle gap
bam_interbank_weighted_average,2025-01-29,2025-01-30,2025-01-30,0.025,current_official_historical_export,Bank Al-Maghrib,daily,decimal_rate,True,CONSERVATIVE_NEXT_ORIGIN,UNKNOWN,bam_interbank_newest_1000_2026-08-10.csv; volume_mad_millions=3000.0; outstanding_mad_millions=8545; export has a middle gap
bam_interbank_weighted_average,2025-01-30,2025-01-31,2025-01-31,0.025,current_official_historical_export,Bank Al-Maghrib,daily,decimal_rate,True,CONSERVATIVE_NEXT_ORIGIN,UNKNOWN,bam_interbank_newest_1000_2026-08-10.csv; volume_mad_millions=4364.0; outstanding_mad_millions=8799; export has a middle gap
bam_interbank_weighted_average,2025-01-31,2025-02-01,2025-02-01,0.025,current_official_historical_export,Bank Al-Maghrib,daily,decimal_rate,True,CONSERVATIVE_NEXT_ORIGIN,UNKNOWN,bam_interbank_newest_1000_2026-08-10.csv; volume_mad_millions=4166.0; outstanding_mad_millions=8751; export has a middle gap
bam_interbank_weighted_average,2025-02-01,2025-02-02,2025-02-02,0.025,current_official_historical_export,Bank Al-Maghrib,daily,decimal_rate,True,CONSERVATIVE_NEXT_ORIGIN,UNKNOWN,bam_interbank_newest_1000_2026-08-10.csv; volume_mad_millions=nan; outstanding_mad_millions=8751; export has a middle gap
bam_interbank_weighted_average,2025-02-02,2025-02-03,2025-02-03,0.025,current_official_historical_export,Bank Al-Maghrib,daily,decimal_rate,True,CONSERVATIVE_NEXT_ORIGIN,UNKNOWN,bam_interbank_newest_1000_2026-08-10.csv; volume_mad_millions=nan; outstanding_mad_millions=8751; export has a middle gap
bam_interbank_weighted_average,2025-02-03,2025-02-04,2025-02-04,0.025,current_official_historical_export,Bank Al-Maghrib,daily,decimal_rate,True,CONSERVATIVE_NEXT_ORIGIN,UNKNOWN,bam_interbank_newest_1000_2026-08-10.csv; volume_mad_millions=2831.0; outstanding_mad_millions=6906; export has a middle gap
bam_interbank_weighted_average,2025-02-04,2025-02-05,2025-02-05,0.025,current_official_historical_export,Bank Al-Maghrib,daily,decimal_rate,True,CONSERVATIVE_NEXT_ORIGIN,UNKNOWN,bam_interbank_newest_1000_2026-08-10.csv; volume_mad_millions=2710.0; outstanding_mad_millions=6715; export has a middle gap
bam_interbank_weighted_average,2025-02-05,2025-02-06,2025-02-06,0.025009999999999998,current_official_historical_export,Bank Al-Maghrib,daily,decimal_rate,True,CONSERVATIVE_NEXT_ORIGIN,UNKNOWN,bam_interbank_newest_1000_2026-08-10.csv; volume_mad_millions=4516.0; outstanding_mad_millions=8521; export has a middle gap
bam_interbank_weighted_average,2025-02-06,2025-02-07,2025-02-07,0.025,current_official_historical_export,Bank Al-Maghrib,daily,decimal_rate,True,CONSERVATIVE_NEXT_ORIGIN,UNKNOWN,bam_interbank_newest_1000_2026-08-10.csv; volume_mad_millions=888.0; outstanding_mad_millions=4378; export has a middle gap
bam_interbank_weighted_average,2025-02-07,2025-02-08,2025-02-08,0.025,current_official_historical_export,Bank Al-Maghrib,daily,decimal_rate,True,CONSERVATIVE_NEXT_ORIGIN,UNKNOWN,bam_interbank_newest_1000_2026-08-10.csv; volume_mad_millions=1337.0; outstanding_mad_millions=4747; export has a middle gap
bam_interbank_weighted_average,2025-02-08,2025-02-09,2025-02-09,0.025,current_official_historical_export,Bank Al-Maghrib,daily,decimal_rate,True,CONSERVATIVE_NEXT_ORIGIN,UNKNOWN,bam_interbank_newest_1000_2026-08-10.csv; volume_mad_millions=nan; outstanding_mad_millions=4747; export has a middle gap
bam_interbank_weighted_average,2025-02-09,2025-02-10,2025-02-10,0.025,current_official_historical_export,Bank Al-Maghrib,daily,decimal_rate,True,CONSERVATIVE_NEXT_ORIGIN,UNKNOWN,bam_interbank_newest_1000_2026-08-10.csv; volume_mad_millions=nan; outstanding_mad_millions=4747; export has a middle gap
bam_interbank_weighted_average,2025-02-10,2025-02-11,2025-02-11,0.025,current_official_historical_export,Bank Al-Maghrib,daily,decimal_rate,True,CONSERVATIVE_NEXT_ORIGIN,UNKNOWN,bam_interbank_newest_1000_2026-08-10.csv; volume_mad_millions=1132.0; outstanding_mad_millions=4832; export has a middle gap
bam_interbank_weighted_average,2025-02-11,2025-02-12,2025-02-12,0.025,current_official_historical_export,Bank Al-Maghrib,daily,decimal_rate,True,CONSERVATIVE_NEXT_ORIGIN,UNKNOWN,bam_interbank_newest_1000_2026-08-10.csv; volume_mad_millions=1093.0; outstanding_mad_millions=5323; export has a middle gap
bam_interbank_weighted_average,2025-02-12,2025-02-13,2025-02-13,0.025,current_official_historical_export,Bank Al-Maghrib,daily,decimal_rate,True,CONSERVATIVE_NEXT_ORIGIN,UNKNOWN,bam_interbank_newest_1000_2026-08-10.csv; volume_mad_millions=1247.0; outstanding_mad_millions=5477; export has a middle gap
bam_interbank_weighted_average,2025-02-13,2025-02-14,2025-02-14,0.025,current_official_historical_export,Bank Al-Maghrib,daily,decimal_rate,True,CONSERVATIVE_NEXT_ORIGIN,UNKNOWN,bam_interbank_newest_1000_2026-08-10.csv; volume_mad_millions=1428.0; outstanding_mad_millions=5873; export has a middle gap
bam_interbank_weighted_average,2025-02-14,2025-02-15,2025-02-15,0.025,current_official_historical_export,Bank Al-Maghrib,daily,decimal_rate,True,CONSERVATIVE_NEXT_ORIGIN,UNKNOWN,bam_interbank_newest_1000_2026-08-10.csv; volume_mad_millions=1395.0; outstanding_mad_millions=5840; export has a middle gap
bam_interbank_weighted_average,2025-02-15,2025-02-16,2025-02-16,0.025,current_official_historical_export,Bank Al-Maghrib,daily,decimal_rate,True,CONSERVATIVE_NEXT_ORIGIN,UNKNOWN,bam_interbank_newest_1000_2026-08-10.csv; volume_mad_millions=nan; outstanding_mad_millions=5840; export has a middle gap
bam_interbank_weighted_average,2025-02-16,2025-02-17,2025-02-17,0.025,current_official_historical_export,Bank Al-Maghrib,daily,decimal_rate,True,CONSERVATIVE_NEXT_ORIGIN,UNKNOWN,bam_interbank_newest_1000_2026-08-10.csv; volume_mad_millions=nan; outstanding_mad_millions=5840; export has a middle gap
bam_interbank_weighted_average,2025-02-17,2025-02-18,2025-02-18,0.025,current_official_historical_export,Bank Al-Maghrib,daily,decimal_rate,True,CONSERVATIVE_NEXT_ORIGIN,UNKNOWN,bam_interbank_newest_1000_2026-08-10.csv; volume_mad_millions=2381.0; outstanding_mad_millions=6016; export has a middle gap
bam_interbank_weighted_average,2025-02-18,2025-02-19,2025-02-19,0.025,current_official_historical_export,Bank Al-Maghrib,daily,decimal_rate,True,CONSERVATIVE_NEXT_ORIGIN,UNKNOWN,bam_interbank_newest_1000_2026-08-10.csv; volume_mad_millions=1685.0; outstanding_mad_millions=5120; export has a middle gap
bam_interbank_weighted_average,2025-02-19,2025-02-20,2025-02-20,0.025,current_official_historical_export,Bank Al-Maghrib,daily,decimal_rate,True,CONSERVATIVE_NEXT_ORIGIN,UNKNOWN,bam_interbank_newest_1000_2026-08-10.csv; volume_mad_millions=1438.0; outstanding_mad_millions=4873; export has a middle gap
bam_interbank_weighted_average,2025-02-20,2025-02-21,2025-02-21,0.025,current_official_historical_export,Bank Al-Maghrib,daily,decimal_rate,True,CONSERVATIVE_NEXT_ORIGIN,UNKNOWN,bam_interbank_newest_1000_2026-08-10.csv; volume_mad_millions=1994.0; outstanding_mad_millions=5224; export has a middle gap
bam_interbank_weighted_average,2025-02-21,2025-02-22,2025-02-22,0.025,current_official_historical_export,Bank Al-Maghrib,daily,decimal_rate,True,CONSERVATIVE_NEXT_ORIGIN,UNKNOWN,bam_interbank_newest_1000_2026-08-10.csv; volume_mad_millions=1917.0; outstanding_mad_millions=5147; export has a middle gap
bam_interbank_weighted_average,2025-02-22,2025-02-23,2025-02-23,0.025,current_official_historical_export,Bank Al-Maghrib,daily,decimal_rate,True,CONSERVATIVE_NEXT_ORIGIN,UNKNOWN,bam_interbank_newest_1000_2026-08-10.csv; volume_mad_millions=nan; outstanding_mad_millions=5147; export has a middle gap
bam_interbank_weighted_average,2025-02-23,2025-02-24,2025-02-24,0.025,current_official_historical_export,Bank Al-Maghrib,daily,decimal_rate,True,CONSERVATIVE_NEXT_ORIGIN,UNKNOWN,bam_interbank_newest_1000_2026-08-10.csv; volume_mad_millions=nan; outstanding_mad_millions=5147; export has a middle gap
bam_interbank_weighted_average,2025-02-24,2025-02-25,2025-02-25,0.025,current_official_historical_export,Bank Al-Maghrib,daily,decimal_rate,True,CONSERVATIVE_NEXT_ORIGIN,UNKNOWN,bam_interbank_newest_1000_2026-08-10.csv; volume_mad_millions=3733.0; outstanding_mad_millions=7158; export has a middle gap
bam_interbank_weighted_average,2025-02-25,2025-02-26,2025-02-26,0.025,current_official_historical_export,Bank Al-Maghrib,daily,decimal_rate,True,CONSERVATIVE_NEXT_ORIGIN,UNKNOWN,bam_interbank_newest_1000_2026-08-10.csv; volume_mad_millions=3460.0; outstanding_mad_millions=7015; export has a middle gap
bam_interbank_weighted_average,2025-02-26,2025-02-27,2025-02-27,0.025,current_official_historical_export,Bank Al-Maghrib,daily,decimal_rate,True,CONSERVATIVE_NEXT_ORIGIN,UNKNOWN,bam_interbank_newest_1000_2026-08-10.csv; volume_mad_millions=2595.0; outstanding_mad_millions=6150; export has a middle gap
bam_interbank_weighted_average,2025-02-27,2025-02-28,2025-02-28,0.025,current_official_historical_export,Bank Al-Maghrib,daily,decimal_rate,True,CONSERVATIVE_NEXT_ORIGIN,UNKNOWN,bam_interbank_newest_1000_2026-08-10.csv; volume_mad_millions=2821.0; outstanding_mad_millions=6556; export has a middle gap
bam_interbank_weighted_average,2025-02-28,2025-03-01,2025-03-01,0.025,current_official_historical_export,Bank Al-Maghrib,daily,decimal_rate,True,CONSERVATIVE_NEXT_ORIGIN,UNKNOWN,bam_interbank_newest_1000_2026-08-10.csv; volume_mad_millions=3470.0; outstanding_mad_millions=7770; export has a middle gap
bam_interbank_weighted_average,2025-03-01,2025-03-02,2025-03-02,0.025,current_official_historical_export,Bank Al-Maghrib,daily,decimal_rate,True,CONSERVATIVE_NEXT_ORIGIN,UNKNOWN,bam_interbank_newest_1000_2026-08-10.csv; volume_mad_millions=nan; outstanding_mad_millions=7770; export has a middle gap
bam_interbank_weighted_average,2025-03-02,2025-03-03,2025-03-03,0.025,current_official_historical_export,Bank Al-Maghrib,daily,decimal_rate,True,CONSERVATIVE_NEXT_ORIGIN,UNKNOWN,bam_interbank_newest_1000_2026-08-10.csv; volume_mad_millions=nan; outstanding_mad_millions=7770; export has a middle gap
bam_interbank_weighted_average,2025-03-03,2025-03-04,2025-03-04,0.025,current_official_historical_export,Bank Al-Maghrib,daily,decimal_rate,True,CONSERVATIVE_NEXT_ORIGIN,UNKNOWN,bam_interbank_newest_1000_2026-08-10.csv; volume_mad_millions=3998.0; outstanding_mad_millions=9948; export has a middle gap
bam_interbank_weighted_average,2025-03-04,2025-03-05,2025-03-05,0.025,current_official_historical_export,Bank Al-Maghrib,daily,decimal_rate,True,CONSERVATIVE_NEXT_ORIGIN,UNKNOWN,bam_interbank_newest_1000_2026-08-10.csv; volume_mad_millions=5088.0; outstanding_mad_millions=10598; export has a middle gap
bam_interbank_weighted_average,2025-03-05,2025-03-06,2025-03-06,0.025,current_official_historical_export,Bank Al-Maghrib,daily,decimal_rate,True,CONSERVATIVE_NEXT_ORIGIN,UNKNOWN,bam_interbank_newest_1000_2026-08-10.csv; volume_mad_millions=3424.0; outstanding_mad_millions=8934; export has a middle gap
bam_interbank_weighted_average,2025-03-06,2025-03-07,2025-03-07,0.025,current_official_historical_export,Bank Al-Maghrib,daily,decimal_rate,True,CONSERVATIVE_NEXT_ORIGIN,UNKNOWN,bam_interbank_newest_1000_2026-08-10.csv; volume_mad_millions=3325.0; outstanding_mad_millions=6930; export has a middle gap
bam_interbank_weighted_average,2025-03-07,2025-03-08,2025-03-08,0.025,current_official_historical_export,Bank Al-Maghrib,daily,decimal_rate,True,CONSERVATIVE_NEXT_ORIGIN,UNKNOWN,bam_interbank_newest_1000_2026-08-10.csv; volume_mad_millions=2944.0; outstanding_mad_millions=6549; export has a middle gap
bam_interbank_weighted_average,2025-03-08,2025-03-09,2025-03-09,0.025,current_official_historical_export,Bank Al-Maghrib,daily,decimal_rate,True,CONSERVATIVE_NEXT_ORIGIN,UNKNOWN,bam_interbank_newest_1000_2026-08-10.csv; volume_mad_millions=nan; outstanding_mad_millions=6549; export has a middle gap
bam_interbank_weighted_average,2025-03-09,2025-03-10,2025-03-10,0.025,current_official_historical_export,Bank Al-Maghrib,daily,decimal_rate,True,CONSERVATIVE_NEXT_ORIGIN,UNKNOWN,bam_interbank_newest_1000_2026-08-10.csv; volume_mad_millions=nan; outstanding_mad_millions=6549; export has a middle gap
bam_interbank_weighted_average,2025-03-10,2025-03-11,2025-03-11,0.025,current_official_historical_export,Bank Al-Maghrib,daily,decimal_rate,True,CONSERVATIVE_NEXT_ORIGIN,UNKNOWN,bam_interbank_newest_1000_2026-08-10.csv; volume_mad_millions=3086.0; outstanding_mad_millions=6441; export has a middle gap
bam_interbank_weighted_average,2025-03-11,2025-03-12,2025-03-12,0.025,current_official_historical_export,Bank Al-Maghrib,daily,decimal_rate,True,CONSERVATIVE_NEXT_ORIGIN,UNKNOWN,bam_interbank_newest_1000_2026-08-10.csv; volume_mad_millions=3096.0; outstanding_mad_millions=6571; export has a middle gap
bam_interbank_weighted_average,2025-03-12,2025-03-13,2025-03-13,0.025,current_official_historical_export,Bank Al-Maghrib,daily,decimal_rate,True,CONSERVATIVE_NEXT_ORIGIN,UNKNOWN,bam_interbank_newest_1000_2026-08-10.csv; volume_mad_millions=3250.0; outstanding_mad_millions=6725; export has a middle gap
bam_interbank_weighted_average,2025-03-13,2025-03-14,2025-03-14,0.025,current_official_historical_export,Bank Al-Maghrib,daily,decimal_rate,True,CONSERVATIVE_NEXT_ORIGIN,UNKNOWN,bam_interbank_newest_1000_2026-08-10.csv; volume_mad_millions=2056.0; outstanding_mad_millions=5301; export has a middle gap
bam_interbank_weighted_average,2025-03-14,2025-03-15,2025-03-15,0.025,current_official_historical_export,Bank Al-Maghrib,daily,decimal_rate,True,CONSERVATIVE_NEXT_ORIGIN,UNKNOWN,bam_interbank_newest_1000_2026-08-10.csv; volume_mad_millions=1049.0; outstanding_mad_millions=5294; export has a middle gap
bam_interbank_weighted_average,2025-03-15,2025-03-16,2025-03-16,0.025,current_official_historical_export,Bank Al-Maghrib,daily,decimal_rate,True,CONSERVATIVE_NEXT_ORIGIN,UNKNOWN,bam_interbank_newest_1000_2026-08-10.csv; volume_mad_millions=nan; outstanding_mad_millions=5294; export has a middle gap
bam_interbank_weighted_average,2025-03-16,2025-03-17,2025-03-17,0.025,current_official_historical_export,Bank Al-Maghrib,daily,decimal_rate,True,CONSERVATIVE_NEXT_ORIGIN,UNKNOWN,bam_interbank_newest_1000_2026-08-10.csv; volume_mad_millions=nan; outstanding_mad_millions=5294; export has a middle gap
bam_interbank_weighted_average,2025-03-17,2025-03-18,2025-03-18,0.025,current_official_historical_export,Bank Al-Maghrib,daily,decimal_rate,True,CONSERVATIVE_NEXT_ORIGIN,UNKNOWN,bam_interbank_newest_1000_2026-08-10.csv; volume_mad_millions=1316.0; outstanding_mad_millions=5471; export has a middle gap
bam_interbank_weighted_average,2025-03-18,2025-03-19,2025-03-19,0.025,current_official_historical_export,Bank Al-Maghrib,daily,decimal_rate,True,CONSERVATIVE_NEXT_ORIGIN,UNKNOWN,bam_interbank_newest_1000_2026-08-10.csv; volume_mad_millions=1780.0; outstanding_mad_millions=5935; export has a middle gap
bam_interbank_weighted_average,2025-03-19,2025-03-20,2025-03-20,0.0227,current_official_historical_export,Bank Al-Maghrib,daily,decimal_rate,True,CONSERVATIVE_NEXT_ORIGIN,UNKNOWN,bam_interbank_newest_1000_2026-08-10.csv; volume_mad_millions=1251.0; outstanding_mad_millions=5406; export has a middle gap
bam_interbank_weighted_average,2025-03-20,2025-03-21,2025-03-21,0.0225,current_official_historical_export,Bank Al-Maghrib,daily,decimal_rate,True,CONSERVATIVE_NEXT_ORIGIN,UNKNOWN,bam_interbank_newest_1000_2026-08-10.csv; volume_mad_millions=2010.0; outstanding_mad_millions=6645; export has a middle gap
bam_interbank_weighted_average,2025-03-21,2025-03-22,2025-03-22,0.0225,current_official_historical_export,Bank Al-Maghrib,daily,decimal_rate,True,CONSERVATIVE_NEXT_ORIGIN,UNKNOWN,bam_interbank_newest_1000_2026-08-10.csv; volume_mad_millions=1481.0; outstanding_mad_millions=6116; export has a middle gap
bam_interbank_weighted_average,2025-03-22,2025-03-23,2025-03-23,0.0225,current_official_historical_export,Bank Al-Maghrib,daily,decimal_rate,True,CONSERVATIVE_NEXT_ORIGIN,UNKNOWN,bam_interbank_newest_1000_2026-08-10.csv; volume_mad_millions=nan; outstanding_mad_millions=6116; export has a middle gap
bam_interbank_weighted_average,2025-03-23,2025-03-24,2025-03-24,0.0225,current_official_historical_export,Bank Al-Maghrib,daily,decimal_rate,True,CONSERVATIVE_NEXT_ORIGIN,UNKNOWN,bam_interbank_newest_1000_2026-08-10.csv; volume_mad_millions=nan; outstanding_mad_millions=6116; export has a middle gap
bam_interbank_weighted_average,2025-03-24,2025-03-25,2025-03-25,0.0225,current_official_historical_export,Bank Al-Maghrib,daily,decimal_rate,True,CONSERVATIVE_NEXT_ORIGIN,UNKNOWN,bam_interbank_newest_1000_2026-08-10.csv; volume_mad_millions=1828.0; outstanding_mad_millions=6463; export has a middle gap
bam_interbank_weighted_average,2025-03-25,2025-03-26,2025-03-26,0.0225,current_official_historical_export,Bank Al-Maghrib,daily,decimal_rate,True,CONSERVATIVE_NEXT_ORIGIN,UNKNOWN,bam_interbank_newest_1000_2026-08-10.csv; volume_mad_millions=3481.0; outstanding_mad_millions=8116; export has a middle gap
bam_interbank_weighted_average,2025-03-26,2025-03-27,2025-03-27,0.0225,current_official_historical_export,Bank Al-Maghrib,daily,decimal_rate,True,CONSERVATIVE_NEXT_ORIGIN,UNKNOWN,bam_interbank_newest_1000_2026-08-10.csv; volume_mad_millions=3638.0; outstanding_mad_millions=7823; export has a middle gap
bam_interbank_weighted_average,2025-03-27,2025-03-28,2025-03-28,0.0225,current_official_historical_export,Bank Al-Maghrib,daily,decimal_rate,True,CONSERVATIVE_NEXT_ORIGIN,UNKNOWN,bam_interbank_newest_1000_2026-08-10.csv; volume_mad_millions=6847.0; outstanding_mad_millions=9907; export has a middle gap
bam_interbank_weighted_average,2025-03-28,2025-03-29,2025-03-29,0.02252,current_official_historical_export,Bank Al-Maghrib,daily,decimal_rate,True,CONSERVATIVE_NEXT_ORIGIN,UNKNOWN,bam_interbank_newest_1000_2026-08-10.csv; volume_mad_millions=7936.0; outstanding_mad_millions=11946; export has a middle gap
bam_interbank_weighted_average,2025-03-29,2025-03-30,2025-03-30,0.02252,current_official_historical_export,Bank Al-Maghrib,daily,decimal_rate,True,CONSERVATIVE_NEXT_ORIGIN,UNKNOWN,bam_interbank_newest_1000_2026-08-10.csv; volume_mad_millions=nan; outstanding_mad_millions=11946; export has a middle gap
bam_interbank_weighted_average,2025-03-30,2025-03-31,2025-03-31,0.02252,current_official_historical_export,Bank Al-Maghrib,daily,decimal_rate,True,CONSERVATIVE_NEXT_ORIGIN,UNKNOWN,bam_interbank_newest_1000_2026-08-10.csv; volume_mad_millions=nan; outstanding_mad_millions=11946; export has a middle gap
bam_interbank_weighted_average,2025-03-31,2025-04-01,2025-04-01,0.02252,current_official_historical_export,Bank Al-Maghrib,daily,decimal_rate,True,CONSERVATIVE_NEXT_ORIGIN,UNKNOWN,bam_interbank_newest_1000_2026-08-10.csv; volume_mad_millions=nan; outstanding_mad_millions=11946; export has a middle gap
bam_interbank_weighted_average,2025-04-01,2025-04-02,2025-04-02,0.02252,current_official_historical_export,Bank Al-Maghrib,daily,decimal_rate,True,CONSERVATIVE_NEXT_ORIGIN,UNKNOWN,bam_interbank_newest_1000_2026-08-10.csv; volume_mad_millions=nan; outstanding_mad_millions=11946; export has a middle gap
bam_interbank_weighted_average,2025-04-02,2025-04-03,2025-04-03,0.02274,current_official_historical_export,Bank Al-Maghrib,daily,decimal_rate,True,CONSERVATIVE_NEXT_ORIGIN,UNKNOWN,bam_interbank_newest_1000_2026-08-10.csv; volume_mad_millions=7258.0; outstanding_mad_millions=11268; export has a middle gap
bam_interbank_weighted_average,2025-04-03,2025-04-04,2025-04-04,0.0225,current_official_historical_export,Bank Al-Maghrib,daily,decimal_rate,True,CONSERVATIVE_NEXT_ORIGIN,UNKNOWN,bam_interbank_newest_1000_2026-08-10.csv; volume_mad_millions=5546.0; outstanding_mad_millions=9436; export has a middle gap
bam_interbank_weighted_average,2025-04-04,2025-04-05,2025-04-05,0.0225,current_official_historical_export,Bank Al-Maghrib,daily,decimal_rate,True,CONSERVATIVE_NEXT_ORIGIN,UNKNOWN,bam_interbank_newest_1000_2026-08-10.csv; volume_mad_millions=5572.0; outstanding_mad_millions=9282; export has a middle gap
bam_interbank_weighted_average,2025-04-05,2025-04-06,2025-04-06,0.0225,current_official_historical_export,Bank Al-Maghrib,daily,decimal_rate,True,CONSERVATIVE_NEXT_ORIGIN,UNKNOWN,bam_interbank_newest_1000_2026-08-10.csv; volume_mad_millions=nan; outstanding_mad_millions=9282; export has a middle gap
bam_interbank_weighted_average,2025-04-06,2025-04-07,2025-04-07,0.0225,current_official_historical_export,Bank Al-Maghrib,daily,decimal_rate,True,CONSERVATIVE_NEXT_ORIGIN,UNKNOWN,bam_interbank_newest_1000_2026-08-10.csv; volume_mad_millions=nan; outstanding_mad_millions=9282; export has a middle gap
bam_interbank_weighted_average,2025-04-07,2025-04-08,2025-04-08,0.0225,current_official_historical_export,Bank Al-Maghrib,daily,decimal_rate,True,CONSERVATIVE_NEXT_ORIGIN,UNKNOWN,bam_interbank_newest_1000_2026-08-10.csv; volume_mad_millions=3928.0; outstanding_mad_millions=7288; export has a middle gap
bam_interbank_weighted_average,2025-04-08,2025-04-09,2025-04-09,0.0225,current_official_historical_export,Bank Al-Maghrib,daily,decimal_rate,True,CONSERVATIVE_NEXT_ORIGIN,UNKNOWN,bam_interbank_newest_1000_2026-08-10.csv; volume_mad_millions=2617.0; outstanding_mad_millions=5977; export has a middle gap
bam_interbank_weighted_average,2025-04-09,2025-04-10,2025-04-10,0.0225,current_official_historical_export,Bank Al-Maghrib,daily,decimal_rate,True,CONSERVATIVE_NEXT_ORIGIN,UNKNOWN,bam_interbank_newest_1000_2026-08-10.csv; volume_mad_millions=2036.0; outstanding_mad_millions=5146; export has a middle gap
bam_interbank_weighted_average,2025-04-10,2025-04-11,2025-04-11,0.0225,current_official_historical_export,Bank Al-Maghrib,daily,decimal_rate,True,CONSERVATIVE_NEXT_ORIGIN,UNKNOWN,bam_interbank_newest_1000_2026-08-10.csv; volume_mad_millions=2902.0; outstanding_mad_millions=6767; export has a middle gap
bam_interbank_weighted_average,2025-04-11,2025-04-12,2025-04-12,0.0225,current_official_historical_export,Bank Al-Maghrib,daily,decimal_rate,True,CONSERVATIVE_NEXT_ORIGIN,UNKNOWN,bam_interbank_newest_1000_2026-08-10.csv; volume_mad_millions=2378.0; outstanding_mad_millions=6363; export has a middle gap
bam_interbank_weighted_average,2025-04-12,2025-04-13,2025-04-13,0.0225,current_official_historical_export,Bank Al-Maghrib,daily,decimal_rate,True,CONSERVATIVE_NEXT_ORIGIN,UNKNOWN,bam_interbank_newest_1000_2026-08-10.csv; volume_mad_millions=nan; outstanding_mad_millions=6363; export has a middle gap
bam_interbank_weighted_average,2025-04-13,2025-04-14,2025-04-14,0.0225,current_official_historical_export,Bank Al-Maghrib,daily,decimal_rate,True,CONSERVATIVE_NEXT_ORIGIN,UNKNOWN,bam_interbank_newest_1000_2026-08-10.csv; volume_mad_millions=nan; outstanding_mad_millions=6363; export has a middle gap
bam_interbank_weighted_average,2025-04-14,2025-04-15,2025-04-15,0.0225,current_official_historical_export,Bank Al-Maghrib,daily,decimal_rate,True,CONSERVATIVE_NEXT_ORIGIN,UNKNOWN,bam_interbank_newest_1000_2026-08-10.csv; volume_mad_millions=2420.0; outstanding_mad_millions=6505; export has a middle gap
bam_interbank_weighted_average,2025-04-15,2025-04-16,2025-04-16,0.0225,current_official_historical_export,Bank Al-Maghrib,daily,decimal_rate,True,CONSERVATIVE_NEXT_ORIGIN,UNKNOWN,bam_interbank_newest_1000_2026-08-10.csv; volume_mad_millions=2478.0; outstanding_mad_millions=6563; export has a middle gap
bam_interbank_weighted_average,2025-04-16,2025-04-17,2025-04-17,0.0225,current_official_historical_export,Bank Al-Maghrib,daily,decimal_rate,True,CONSERVATIVE_NEXT_ORIGIN,UNKNOWN,bam_interbank_newest_1000_2026-08-10.csv; volume_mad_millions=4731.0; outstanding_mad_millions=8716; export has a middle gap
bam_interbank_weighted_average,2025-04-17,2025-04-18,2025-04-18,0.0225,current_official_historical_export,Bank Al-Maghrib,daily,decimal_rate,True,CONSERVATIVE_NEXT_ORIGIN,UNKNOWN,bam_interbank_newest_1000_2026-08-10.csv; volume_mad_millions=5141.0; outstanding_mad_millions=8971; export has a middle gap
bam_interbank_weighted_average,2025-04-18,2025-04-19,2025-04-19,0.0225,current_official_historical_export,Bank Al-Maghrib,daily,decimal_rate,True,CONSERVATIVE_NEXT_ORIGIN,UNKNOWN,bam_interbank_newest_1000_2026-08-10.csv; volume_mad_millions=4659.0; outstanding_mad_millions=8489; export has a middle gap
bam_interbank_weighted_average,2025-04-19,2025-04-20,2025-04-20,0.0225,current_official_historical_export,Bank Al-Maghrib,daily,decimal_rate,True,CONSERVATIVE_NEXT_ORIGIN,UNKNOWN,bam_interbank_newest_1000_2026-08-10.csv; volume_mad_millions=nan; outstanding_mad_millions=8489; export has a middle gap
bam_interbank_weighted_average,2025-04-20,2025-04-21,2025-04-21,0.0225,current_official_historical_export,Bank Al-Maghrib,daily,decimal_rate,True,CONSERVATIVE_NEXT_ORIGIN,UNKNOWN,bam_interbank_newest_1000_2026-08-10.csv; volume_mad_millions=nan; outstanding_mad_millions=8489; export has a middle gap
bam_interbank_weighted_average,2025-04-21,2025-04-22,2025-04-22,0.0225,current_official_historical_export,Bank Al-Maghrib,daily,decimal_rate,True,CONSERVATIVE_NEXT_ORIGIN,UNKNOWN,bam_interbank_newest_1000_2026-08-10.csv; volume_mad_millions=3970.0; outstanding_mad_millions=7600; export has a middle gap
bam_interbank_weighted_average,2025-04-22,2025-04-23,2025-04-23,0.0225,current_official_historical_export,Bank Al-Maghrib,daily,decimal_rate,True,CONSERVATIVE_NEXT_ORIGIN,UNKNOWN,bam_interbank_newest_1000_2026-08-10.csv; volume_mad_millions=6118.0; outstanding_mad_millions=9748; export has a middle gap
bam_interbank_weighted_average,2025-04-23,2025-04-24,2025-04-24,0.0225,current_official_historical_export,Bank Al-Maghrib,daily,decimal_rate,True,CONSERVATIVE_NEXT_ORIGIN,UNKNOWN,bam_interbank_newest_1000_2026-08-10.csv; volume_mad_millions=3811.0; outstanding_mad_millions=7441; export has a middle gap
bam_interbank_weighted_average,2025-04-24,2025-04-25,2025-04-25,0.0225,current_official_historical_export,Bank Al-Maghrib,daily,decimal_rate,True,CONSERVATIVE_NEXT_ORIGIN,UNKNOWN,bam_interbank_newest_1000_2026-08-10.csv; volume_mad_millions=4209.0; outstanding_mad_millions=7029; export has a middle gap
bam_interbank_weighted_average,2025-04-25,2025-04-26,2025-04-26,0.0225,current_official_historical_export,Bank Al-Maghrib,daily,decimal_rate,True,CONSERVATIVE_NEXT_ORIGIN,UNKNOWN,bam_interbank_newest_1000_2026-08-10.csv; volume_mad_millions=3640.0; outstanding_mad_millions=6560; export has a middle gap
bam_interbank_weighted_average,2025-04-28,2025-04-29,2025-04-29,0.0225,current_official_historical_export,Bank Al-Maghrib,daily,decimal_rate,True,CONSERVATIVE_NEXT_ORIGIN,UNKNOWN,bam_interbank_newest_1000_2026-08-10.csv; volume_mad_millions=4511.0; outstanding_mad_millions=7721; export has a middle gap
bam_interbank_weighted_average,2025-04-29,2025-04-30,2025-04-30,0.0225,current_official_historical_export,Bank Al-Maghrib,daily,decimal_rate,True,CONSERVATIVE_NEXT_ORIGIN,UNKNOWN,bam_interbank_newest_1000_2026-08-10.csv; volume_mad_millions=4615.0; outstanding_mad_millions=8465; export has a middle gap
bam_interbank_weighted_average,2025-04-30,2025-05-01,2025-05-01,0.0225,current_official_historical_export,Bank Al-Maghrib,daily,decimal_rate,True,CONSERVATIVE_NEXT_ORIGIN,UNKNOWN,bam_interbank_newest_1000_2026-08-10.csv; volume_mad_millions=3509.0; outstanding_mad_millions=7259; export has a middle gap
bam_interbank_weighted_average,2025-05-01,2025-05-02,2025-05-02,0.0225,current_official_historical_export,Bank Al-Maghrib,daily,decimal_rate,True,CONSERVATIVE_NEXT_ORIGIN,UNKNOWN,bam_interbank_newest_1000_2026-08-10.csv; volume_mad_millions=nan; outstanding_mad_millions=7259; export has a middle gap
bam_interbank_weighted_average,2025-05-02,2025-05-03,2025-05-03,0.0225,current_official_historical_export,Bank Al-Maghrib,daily,decimal_rate,True,CONSERVATIVE_NEXT_ORIGIN,UNKNOWN,bam_interbank_newest_1000_2026-08-10.csv; volume_mad_millions=3182.0; outstanding_mad_millions=6942; export has a middle gap
bam_interbank_weighted_average,2025-05-03,2025-05-04,2025-05-04,0.0225,current_official_historical_export,Bank Al-Maghrib,daily,decimal_rate,True,CONSERVATIVE_NEXT_ORIGIN,UNKNOWN,bam_interbank_newest_1000_2026-08-10.csv; volume_mad_millions=nan; outstanding_mad_millions=6942; export has a middle gap
bam_interbank_weighted_average,2025-05-04,2025-05-05,2025-05-05,0.0225,current_official_historical_export,Bank Al-Maghrib,daily,decimal_rate,True,CONSERVATIVE_NEXT_ORIGIN,UNKNOWN,bam_interbank_newest_1000_2026-08-10.csv; volume_mad_millions=nan; outstanding_mad_millions=6942; export has a middle gap
bam_interbank_weighted_average,2025-05-05,2025-05-06,2025-05-06,0.0225,current_official_historical_export,Bank Al-Maghrib,daily,decimal_rate,True,CONSERVATIVE_NEXT_ORIGIN,UNKNOWN,bam_interbank_newest_1000_2026-08-10.csv; volume_mad_millions=2479.0; outstanding_mad_millions=6059; export has a middle gap
bam_interbank_weighted_average,2025-05-06,2025-05-07,2025-05-07,0.0225,current_official_historical_export,Bank Al-Maghrib,daily,decimal_rate,True,CONSERVATIVE_NEXT_ORIGIN,UNKNOWN,bam_interbank_newest_1000_2026-08-10.csv; volume_mad_millions=3045.0; outstanding_mad_millions=6625; export has a middle gap
bam_interbank_weighted_average,2025-05-07,2025-05-08,2025-05-08,0.0225,current_official_historical_export,Bank Al-Maghrib,daily,decimal_rate,True,CONSERVATIVE_NEXT_ORIGIN,UNKNOWN,bam_interbank_newest_1000_2026-08-10.csv; volume_mad_millions=3723.0; outstanding_mad_millions=7313; export has a middle gap
bam_interbank_weighted_average,2025-05-08,2025-05-09,2025-05-09,0.0225,current_official_historical_export,Bank Al-Maghrib,daily,decimal_rate,True,CONSERVATIVE_NEXT_ORIGIN,UNKNOWN,bam_interbank_newest_1000_2026-08-10.csv; volume_mad_millions=1989.0; outstanding_mad_millions=6364; export has a middle gap
bam_interbank_weighted_average,2025-05-09,2025-05-10,2025-05-10,0.0225,current_official_historical_export,Bank Al-Maghrib,daily,decimal_rate,True,CONSERVATIVE_NEXT_ORIGIN,UNKNOWN,bam_interbank_newest_1000_2026-08-10.csv; volume_mad_millions=3368.0; outstanding_mad_millions=8143; export has a middle gap
bam_interbank_weighted_average,2025-05-10,2025-05-11,2025-05-11,0.0225,current_official_historical_export,Bank Al-Maghrib,daily,decimal_rate,True,CONSERVATIVE_NEXT_ORIGIN,UNKNOWN,bam_interbank_newest_1000_2026-08-10.csv; volume_mad_millions=nan; outstanding_mad_millions=8143; export has a middle gap
bam_interbank_weighted_average,2025-05-11,2025-05-12,2025-05-12,0.0225,current_official_historical_export,Bank Al-Maghrib,daily,decimal_rate,True,CONSERVATIVE_NEXT_ORIGIN,UNKNOWN,bam_interbank_newest_1000_2026-08-10.csv; volume_mad_millions=nan; outstanding_mad_millions=8143; export has a middle gap
bam_interbank_weighted_average,2025-05-12,2025-05-13,2025-05-13,0.0225,current_official_historical_export,Bank Al-Maghrib,daily,decimal_rate,True,CONSERVATIVE_NEXT_ORIGIN,UNKNOWN,bam_interbank_newest_1000_2026-08-10.csv; volume_mad_millions=2389.0; outstanding_mad_millions=7214; export has a middle gap
bam_interbank_weighted_average,2025-05-13,2025-05-14,2025-05-14,0.0225,current_official_historical_export,Bank Al-Maghrib,daily,decimal_rate,True,CONSERVATIVE_NEXT_ORIGIN,UNKNOWN,bam_interbank_newest_1000_2026-08-10.csv; volume_mad_millions=2372.0; outstanding_mad_millions=7197; export has a middle gap
bam_interbank_weighted_average,2025-05-14,2025-05-15,2025-05-15,0.0225,current_official_historical_export,Bank Al-Maghrib,daily,decimal_rate,True,CONSERVATIVE_NEXT_ORIGIN,UNKNOWN,bam_interbank_newest_1000_2026-08-10.csv; volume_mad_millions=3198.0; outstanding_mad_millions=8023; export has a middle gap
bam_interbank_weighted_average,2025-05-15,2025-05-16,2025-05-16,0.0225,current_official_historical_export,Bank Al-Maghrib,daily,decimal_rate,True,CONSERVATIVE_NEXT_ORIGIN,UNKNOWN,bam_interbank_newest_1000_2026-08-10.csv; volume_mad_millions=3392.0; outstanding_mad_millions=8057; export has a middle gap
bam_interbank_weighted_average,2025-05-16,2025-05-17,2025-05-17,0.0225,current_official_historical_export,Bank Al-Maghrib,daily,decimal_rate,True,CONSERVATIVE_NEXT_ORIGIN,UNKNOWN,bam_interbank_newest_1000_2026-08-10.csv; volume_mad_millions=3111.0; outstanding_mad_millions=7776; export has a middle gap
bam_interbank_weighted_average,2025-05-17,2025-05-18,2025-05-18,0.0225,current_official_historical_export,Bank Al-Maghrib,daily,decimal_rate,True,CONSERVATIVE_NEXT_ORIGIN,UNKNOWN,bam_interbank_newest_1000_2026-08-10.csv; volume_mad_millions=nan; outstanding_mad_millions=7776; export has a middle gap
bam_interbank_weighted_average,2025-05-18,2025-05-19,2025-05-19,0.0225,current_official_historical_export,Bank Al-Maghrib,daily,decimal_rate,True,CONSERVATIVE_NEXT_ORIGIN,UNKNOWN,bam_interbank_newest_1000_2026-08-10.csv; volume_mad_millions=nan; outstanding_mad_millions=7776; export has a middle gap
bam_interbank_weighted_average,2025-05-19,2025-05-20,2025-05-20,0.0225,current_official_historical_export,Bank Al-Maghrib,daily,decimal_rate,True,CONSERVATIVE_NEXT_ORIGIN,UNKNOWN,bam_interbank_newest_1000_2026-08-10.csv; volume_mad_millions=2680.0; outstanding_mad_millions=6750; export has a middle gap
bam_interbank_weighted_average,2025-05-20,2025-05-21,2025-05-21,0.0225,current_official_historical_export,Bank Al-Maghrib,daily,decimal_rate,True,CONSERVATIVE_NEXT_ORIGIN,UNKNOWN,bam_interbank_newest_1000_2026-08-10.csv; volume_mad_millions=1969.0; outstanding_mad_millions=6039; export has a middle gap
bam_interbank_weighted_average,2025-05-21,2025-05-22,2025-05-22,0.0225,current_official_historical_export,Bank Al-Maghrib,daily,decimal_rate,True,CONSERVATIVE_NEXT_ORIGIN,UNKNOWN,bam_interbank_newest_1000_2026-08-10.csv; volume_mad_millions=2279.0; outstanding_mad_millions=6349; export has a middle gap
bam_interbank_weighted_average,2025-05-22,2025-05-23,2025-05-23,0.0225,current_official_historical_export,Bank Al-Maghrib,daily,decimal_rate,True,CONSERVATIVE_NEXT_ORIGIN,UNKNOWN,bam_interbank_newest_1000_2026-08-10.csv; volume_mad_millions=3033.0; outstanding_mad_millions=6343; export has a middle gap
bam_interbank_weighted_average,2025-05-23,2025-05-24,2025-05-24,0.0225,current_official_historical_export,Bank Al-Maghrib,daily,decimal_rate,True,CONSERVATIVE_NEXT_ORIGIN,UNKNOWN,bam_interbank_newest_1000_2026-08-10.csv; volume_mad_millions=3555.0; outstanding_mad_millions=6865; export has a middle gap
bam_interbank_weighted_average,2025-05-24,2025-05-25,2025-05-25,0.0225,current_official_historical_export,Bank Al-Maghrib,daily,decimal_rate,True,CONSERVATIVE_NEXT_ORIGIN,UNKNOWN,bam_interbank_newest_1000_2026-08-10.csv; volume_mad_millions=nan; outstanding_mad_millions=6865; export has a middle gap
bam_interbank_weighted_average,2025-05-25,2025-05-26,2025-05-26,0.0225,current_official_historical_export,Bank Al-Maghrib,daily,decimal_rate,True,CONSERVATIVE_NEXT_ORIGIN,UNKNOWN,bam_interbank_newest_1000_2026-08-10.csv; volume_mad_millions=nan; outstanding_mad_millions=6865; export has a middle gap
bam_interbank_weighted_average,2025-05-26,2025-05-27,2025-05-27,0.0225,current_official_historical_export,Bank Al-Maghrib,daily,decimal_rate,True,CONSERVATIVE_NEXT_ORIGIN,UNKNOWN,bam_interbank_newest_1000_2026-08-10.csv; volume_mad_millions=3344.0; outstanding_mad_millions=6654; export has a middle gap
bam_interbank_weighted_average,2025-05-27,2025-05-28,2025-05-28,0.0225,current_official_historical_export,Bank Al-Maghrib,daily,decimal_rate,True,CONSERVATIVE_NEXT_ORIGIN,UNKNOWN,bam_interbank_newest_1000_2026-08-10.csv; volume_mad_millions=1891.0; outstanding_mad_millions=5336; export has a middle gap
bam_interbank_weighted_average,2025-05-28,2025-05-29,2025-05-29,0.0225,current_official_historical_export,Bank Al-Maghrib,daily,decimal_rate,True,CONSERVATIVE_NEXT_ORIGIN,UNKNOWN,bam_interbank_newest_1000_2026-08-10.csv; volume_mad_millions=3041.0; outstanding_mad_millions=6486; export has a middle gap
bam_interbank_weighted_average,2025-05-29,2025-05-30,2025-05-30,0.0225,current_official_historical_export,Bank Al-Maghrib,daily,decimal_rate,True,CONSERVATIVE_NEXT_ORIGIN,UNKNOWN,bam_interbank_newest_1000_2026-08-10.csv; volume_mad_millions=1523.0; outstanding_mad_millions=5373; export has a middle gap
bam_interbank_weighted_average,2025-05-30,2025-05-31,2025-05-31,0.0225,current_official_historical_export,Bank Al-Maghrib,daily,decimal_rate,True,CONSERVATIVE_NEXT_ORIGIN,UNKNOWN,bam_interbank_newest_1000_2026-08-10.csv; volume_mad_millions=1724.0; outstanding_mad_millions=5474; export has a middle gap
bam_interbank_weighted_average,2025-05-31,2025-06-01,2025-06-01,0.0225,current_official_historical_export,Bank Al-Maghrib,daily,decimal_rate,True,CONSERVATIVE_NEXT_ORIGIN,UNKNOWN,bam_interbank_newest_1000_2026-08-10.csv; volume_mad_millions=nan; outstanding_mad_millions=5474; export has a middle gap
bam_interbank_weighted_average,2025-06-01,2025-06-02,2025-06-02,0.0225,current_official_historical_export,Bank Al-Maghrib,daily,decimal_rate,True,CONSERVATIVE_NEXT_ORIGIN,UNKNOWN,bam_interbank_newest_1000_2026-08-10.csv; volume_mad_millions=nan; outstanding_mad_millions=5474; export has a middle gap
bam_interbank_weighted_average,2025-06-02,2025-06-03,2025-06-03,0.0225,current_official_historical_export,Bank Al-Maghrib,daily,decimal_rate,True,CONSERVATIVE_NEXT_ORIGIN,UNKNOWN,bam_interbank_newest_1000_2026-08-10.csv; volume_mad_millions=2259.0; outstanding_mad_millions=5419; export has a middle gap
bam_interbank_weighted_average,2025-06-03,2025-06-04,2025-06-04,0.02254,current_official_historical_export,Bank Al-Maghrib,daily,decimal_rate,True,CONSERVATIVE_NEXT_ORIGIN,UNKNOWN,bam_interbank_newest_1000_2026-08-10.csv; volume_mad_millions=3660.0; outstanding_mad_millions=6820; export has a middle gap
bam_interbank_weighted_average,2025-06-04,2025-06-05,2025-06-05,0.0225,current_official_historical_export,Bank Al-Maghrib,daily,decimal_rate,True,CONSERVATIVE_NEXT_ORIGIN,UNKNOWN,bam_interbank_newest_1000_2026-08-10.csv; volume_mad_millions=3029.0; outstanding_mad_millions=6189; export has a middle gap
bam_interbank_weighted_average,2025-06-05,2025-06-06,2025-06-06,0.0225,current_official_historical_export,Bank Al-Maghrib,daily,decimal_rate,True,CONSERVATIVE_NEXT_ORIGIN,UNKNOWN,bam_interbank_newest_1000_2026-08-10.csv; volume_mad_millions=3282.0; outstanding_mad_millions=6792; export has a middle gap
bam_interbank_weighted_average,2025-06-06,2025-06-07,2025-06-07,0.0225,current_official_historical_export,Bank Al-Maghrib,daily,decimal_rate,True,CONSERVATIVE_NEXT_ORIGIN,UNKNOWN,bam_interbank_newest_1000_2026-08-10.csv; volume_mad_millions=3460.0; outstanding_mad_millions=6970; export has a middle gap
bam_interbank_weighted_average,2025-06-07,2025-06-08,2025-06-08,0.0225,current_official_historical_export,Bank Al-Maghrib,daily,decimal_rate,True,CONSERVATIVE_NEXT_ORIGIN,UNKNOWN,bam_interbank_newest_1000_2026-08-10.csv; volume_mad_millions=nan; outstanding_mad_millions=6970; export has a middle gap
bam_interbank_weighted_average,2025-06-08,2025-06-09,2025-06-09,0.0225,current_official_historical_export,Bank Al-Maghrib,daily,decimal_rate,True,CONSERVATIVE_NEXT_ORIGIN,UNKNOWN,bam_interbank_newest_1000_2026-08-10.csv; volume_mad_millions=nan; outstanding_mad_millions=6970; export has a middle gap
bam_interbank_weighted_average,2025-06-09,2025-06-10,2025-06-10,0.0225,current_official_historical_export,Bank Al-Maghrib,daily,decimal_rate,True,CONSERVATIVE_NEXT_ORIGIN,UNKNOWN,bam_interbank_newest_1000_2026-08-10.csv; volume_mad_millions=nan; outstanding_mad_millions=6970; export has a middle gap
bam_interbank_weighted_average,2025-06-10,2025-06-11,2025-06-11,0.0225,current_official_historical_export,Bank Al-Maghrib,daily,decimal_rate,True,CONSERVATIVE_NEXT_ORIGIN,UNKNOWN,bam_interbank_newest_1000_2026-08-10.csv; volume_mad_millions=3095.0; outstanding_mad_millions=6555; export has a middle gap
bam_interbank_weighted_average,2025-06-11,2025-06-12,2025-06-12,0.0225,current_official_historical_export,Bank Al-Maghrib,daily,decimal_rate,True,CONSERVATIVE_NEXT_ORIGIN,UNKNOWN,bam_interbank_newest_1000_2026-08-10.csv; volume_mad_millions=3320.0; outstanding_mad_millions=6880; export has a middle gap
bam_interbank_weighted_average,2025-06-12,2025-06-13,2025-06-13,0.0225,current_official_historical_export,Bank Al-Maghrib,daily,decimal_rate,True,CONSERVATIVE_NEXT_ORIGIN,UNKNOWN,bam_interbank_newest_1000_2026-08-10.csv; volume_mad_millions=3356.0; outstanding_mad_millions=6916; export has a middle gap
bam_interbank_weighted_average,2025-06-13,2025-06-14,2025-06-14,0.0225,current_official_historical_export,Bank Al-Maghrib,daily,decimal_rate,True,CONSERVATIVE_NEXT_ORIGIN,UNKNOWN,bam_interbank_newest_1000_2026-08-10.csv; volume_mad_millions=2778.0; outstanding_mad_millions=6338; export has a middle gap
bam_interbank_weighted_average,2025-06-14,2025-06-15,2025-06-15,0.0225,current_official_historical_export,Bank Al-Maghrib,daily,decimal_rate,True,CONSERVATIVE_NEXT_ORIGIN,UNKNOWN,bam_interbank_newest_1000_2026-08-10.csv; volume_mad_millions=nan; outstanding_mad_millions=6338; export has a middle gap
bam_interbank_weighted_average,2025-06-15,2025-06-16,2025-06-16,0.0225,current_official_historical_export,Bank Al-Maghrib,daily,decimal_rate,True,CONSERVATIVE_NEXT_ORIGIN,UNKNOWN,bam_interbank_newest_1000_2026-08-10.csv; volume_mad_millions=nan; outstanding_mad_millions=6338; export has a middle gap
bam_interbank_weighted_average,2025-06-16,2025-06-17,2025-06-17,0.0225,current_official_historical_export,Bank Al-Maghrib,daily,decimal_rate,True,CONSERVATIVE_NEXT_ORIGIN,UNKNOWN,bam_interbank_newest_1000_2026-08-10.csv; volume_mad_millions=3960.0; outstanding_mad_millions=7520; export has a middle gap
bam_interbank_weighted_average,2025-06-17,2025-06-18,2025-06-18,0.0225,current_official_historical_export,Bank Al-Maghrib,daily,decimal_rate,True,CONSERVATIVE_NEXT_ORIGIN,UNKNOWN,bam_interbank_newest_1000_2026-08-10.csv; volume_mad_millions=5058.0; outstanding_mad_millions=8618; export has a middle gap
bam_interbank_weighted_average,2025-06-18,2025-06-19,2025-06-19,0.0225,current_official_historical_export,Bank Al-Maghrib,daily,decimal_rate,True,CONSERVATIVE_NEXT_ORIGIN,UNKNOWN,bam_interbank_newest_1000_2026-08-10.csv; volume_mad_millions=5535.0; outstanding_mad_millions=9095; export has a middle gap
bam_interbank_weighted_average,2025-06-19,2025-06-20,2025-06-20,0.0225,current_official_historical_export,Bank Al-Maghrib,daily,decimal_rate,True,CONSERVATIVE_NEXT_ORIGIN,UNKNOWN,bam_interbank_newest_1000_2026-08-10.csv; volume_mad_millions=5612.0; outstanding_mad_millions=9572; export has a middle gap
bam_interbank_weighted_average,2025-06-20,2025-06-21,2025-06-21,0.0225,current_official_historical_export,Bank Al-Maghrib,daily,decimal_rate,True,CONSERVATIVE_NEXT_ORIGIN,UNKNOWN,bam_interbank_newest_1000_2026-08-10.csv; volume_mad_millions=4209.0; outstanding_mad_millions=8024; export has a middle gap
bam_interbank_weighted_average,2025-06-21,2025-06-22,2025-06-22,0.0225,current_official_historical_export,Bank Al-Maghrib,daily,decimal_rate,True,CONSERVATIVE_NEXT_ORIGIN,UNKNOWN,bam_interbank_newest_1000_2026-08-10.csv; volume_mad_millions=nan; outstanding_mad_millions=8024; export has a middle gap
bam_interbank_weighted_average,2025-06-22,2025-06-23,2025-06-23,0.0225,current_official_historical_export,Bank Al-Maghrib,daily,decimal_rate,True,CONSERVATIVE_NEXT_ORIGIN,UNKNOWN,bam_interbank_newest_1000_2026-08-10.csv; volume_mad_millions=nan; outstanding_mad_millions=8024; export has a middle gap
bam_interbank_weighted_average,2025-06-23,2025-06-24,2025-06-24,0.0225,current_official_historical_export,Bank Al-Maghrib,daily,decimal_rate,True,CONSERVATIVE_NEXT_ORIGIN,UNKNOWN,bam_interbank_newest_1000_2026-08-10.csv; volume_mad_millions=6397.0; outstanding_mad_millions=10212; export has a middle gap
bam_interbank_weighted_average,2025-06-24,2025-06-25,2025-06-25,0.0225,current_official_historical_export,Bank Al-Maghrib,daily,decimal_rate,True,CONSERVATIVE_NEXT_ORIGIN,UNKNOWN,bam_interbank_newest_1000_2026-08-10.csv; volume_mad_millions=3544.0; outstanding_mad_millions=7939; export has a middle gap
bam_interbank_weighted_average,2025-06-25,2025-06-26,2025-06-26,0.0225,current_official_historical_export,Bank Al-Maghrib,daily,decimal_rate,True,CONSERVATIVE_NEXT_ORIGIN,UNKNOWN,bam_interbank_newest_1000_2026-08-10.csv; volume_mad_millions=4356.0; outstanding_mad_millions=9391; export has a middle gap
bam_interbank_weighted_average,2025-06-26,2025-06-27,2025-06-27,0.0225,current_official_historical_export,Bank Al-Maghrib,daily,decimal_rate,True,CONSERVATIVE_NEXT_ORIGIN,UNKNOWN,bam_interbank_newest_1000_2026-08-10.csv; volume_mad_millions=7910.0; outstanding_mad_millions=10435; export has a middle gap
bam_interbank_weighted_average,2025-06-27,2025-06-28,2025-06-28,0.0225,current_official_historical_export,Bank Al-Maghrib,daily,decimal_rate,True,CONSERVATIVE_NEXT_ORIGIN,UNKNOWN,bam_interbank_newest_1000_2026-08-10.csv; volume_mad_millions=nan; outstanding_mad_millions=10435; export has a middle gap
bam_interbank_weighted_average,2025-06-28,2025-06-29,2025-06-29,0.0225,current_official_historical_export,Bank Al-Maghrib,daily,decimal_rate,True,CONSERVATIVE_NEXT_ORIGIN,UNKNOWN,bam_interbank_newest_1000_2026-08-10.csv; volume_mad_millions=nan; outstanding_mad_millions=10435; export has a middle gap
bam_interbank_weighted_average,2025-06-29,2025-06-30,2025-06-30,0.0225,current_official_historical_export,Bank Al-Maghrib,daily,decimal_rate,True,CONSERVATIVE_NEXT_ORIGIN,UNKNOWN,bam_interbank_newest_1000_2026-08-10.csv; volume_mad_millions=nan; outstanding_mad_millions=10435; export has a middle gap
bam_interbank_weighted_average,2025-06-30,2025-07-01,2025-07-01,0.0225,current_official_historical_export,Bank Al-Maghrib,daily,decimal_rate,True,CONSERVATIVE_NEXT_ORIGIN,UNKNOWN,bam_interbank_newest_1000_2026-08-10.csv; volume_mad_millions=8166.0; outstanding_mad_millions=10921; export has a middle gap
bam_interbank_weighted_average,2025-07-01,2025-07-02,2025-07-02,0.0225,current_official_historical_export,Bank Al-Maghrib,daily,decimal_rate,True,CONSERVATIVE_NEXT_ORIGIN,UNKNOWN,bam_interbank_newest_1000_2026-08-10.csv; volume_mad_millions=13363.0; outstanding_mad_millions=15878; export has a middle gap
bam_interbank_weighted_average,2025-07-02,2025-07-03,2025-07-03,0.0225,current_official_historical_export,Bank Al-Maghrib,daily,decimal_rate,True,CONSERVATIVE_NEXT_ORIGIN,UNKNOWN,bam_interbank_newest_1000_2026-08-10.csv; volume_mad_millions=8189.0; outstanding_mad_millions=10649; export has a middle gap
bam_interbank_weighted_average,2025-07-03,2025-07-04,2025-07-04,0.0225,current_official_historical_export,Bank Al-Maghrib,daily,decimal_rate,True,CONSERVATIVE_NEXT_ORIGIN,UNKNOWN,bam_interbank_newest_1000_2026-08-10.csv; volume_mad_millions=4915.0; outstanding_mad_millions=8875; export has a middle gap
bam_interbank_weighted_average,2025-07-04,2025-07-05,2025-07-05,0.0225,current_official_historical_export,Bank Al-Maghrib,daily,decimal_rate,True,CONSERVATIVE_NEXT_ORIGIN,UNKNOWN,bam_interbank_newest_1000_2026-08-10.csv; volume_mad_millions=4055.0; outstanding_mad_millions=8010; export has a middle gap
bam_interbank_weighted_average,2025-07-05,2025-07-06,2025-07-06,0.0225,current_official_historical_export,Bank Al-Maghrib,daily,decimal_rate,True,CONSERVATIVE_NEXT_ORIGIN,UNKNOWN,bam_interbank_newest_1000_2026-08-10.csv; volume_mad_millions=nan; outstanding_mad_millions=8010; export has a middle gap
bam_interbank_weighted_average,2025-07-06,2025-07-07,2025-07-07,0.0225,current_official_historical_export,Bank Al-Maghrib,daily,decimal_rate,True,CONSERVATIVE_NEXT_ORIGIN,UNKNOWN,bam_interbank_newest_1000_2026-08-10.csv; volume_mad_millions=nan; outstanding_mad_millions=8010; export has a middle gap
bam_interbank_weighted_average,2025-07-07,2025-07-08,2025-07-08,0.0225,current_official_historical_export,Bank Al-Maghrib,daily,decimal_rate,True,CONSERVATIVE_NEXT_ORIGIN,UNKNOWN,bam_interbank_newest_1000_2026-08-10.csv; volume_mad_millions=2222.0; outstanding_mad_millions=6177; export has a middle gap
bam_interbank_weighted_average,2025-07-08,2025-07-09,2025-07-09,0.0225,current_official_historical_export,Bank Al-Maghrib,daily,decimal_rate,True,CONSERVATIVE_NEXT_ORIGIN,UNKNOWN,bam_interbank_newest_1000_2026-08-10.csv; volume_mad_millions=3416.0; outstanding_mad_millions=7231; export has a middle gap
bam_interbank_weighted_average,2025-07-09,2025-07-10,2025-07-10,0.0225,current_official_historical_export,Bank Al-Maghrib,daily,decimal_rate,True,CONSERVATIVE_NEXT_ORIGIN,UNKNOWN,bam_interbank_newest_1000_2026-08-10.csv; volume_mad_millions=2584.0; outstanding_mad_millions=6399; export has a middle gap
bam_interbank_weighted_average,2025-07-10,2025-07-11,2025-07-11,0.0225,current_official_historical_export,Bank Al-Maghrib,daily,decimal_rate,True,CONSERVATIVE_NEXT_ORIGIN,UNKNOWN,bam_interbank_newest_1000_2026-08-10.csv; volume_mad_millions=3089.0; outstanding_mad_millions=7099; export has a middle gap
bam_interbank_weighted_average,2025-07-11,2025-07-12,2025-07-12,0.0225,current_official_historical_export,Bank Al-Maghrib,daily,decimal_rate,True,CONSERVATIVE_NEXT_ORIGIN,UNKNOWN,bam_interbank_newest_1000_2026-08-10.csv; volume_mad_millions=3084.0; outstanding_mad_millions=7594; export has a middle gap
bam_interbank_weighted_average,2025-07-12,2025-07-13,2025-07-13,0.0225,current_official_historical_export,Bank Al-Maghrib,daily,decimal_rate,True,CONSERVATIVE_NEXT_ORIGIN,UNKNOWN,bam_interbank_newest_1000_2026-08-10.csv; volume_mad_millions=nan; outstanding_mad_millions=7594; export has a middle gap
bam_interbank_weighted_average,2025-07-13,2025-07-14,2025-07-14,0.0225,current_official_historical_export,Bank Al-Maghrib,daily,decimal_rate,True,CONSERVATIVE_NEXT_ORIGIN,UNKNOWN,bam_interbank_newest_1000_2026-08-10.csv; volume_mad_millions=nan; outstanding_mad_millions=7594; export has a middle gap
bam_interbank_weighted_average,2025-07-14,2025-07-15,2025-07-15,0.0225,current_official_historical_export,Bank Al-Maghrib,daily,decimal_rate,True,CONSERVATIVE_NEXT_ORIGIN,UNKNOWN,bam_interbank_newest_1000_2026-08-10.csv; volume_mad_millions=2777.0; outstanding_mad_millions=7717; export has a middle gap
bam_interbank_weighted_average,2025-07-15,2025-07-16,2025-07-16,0.0225,current_official_historical_export,Bank Al-Maghrib,daily,decimal_rate,True,CONSERVATIVE_NEXT_ORIGIN,UNKNOWN,bam_interbank_newest_1000_2026-08-10.csv; volume_mad_millions=4209.0; outstanding_mad_millions=9149; export has a middle gap
bam_interbank_weighted_average,2025-07-16,2025-07-17,2025-07-17,0.0225,current_official_historical_export,Bank Al-Maghrib,daily,decimal_rate,True,CONSERVATIVE_NEXT_ORIGIN,UNKNOWN,bam_interbank_newest_1000_2026-08-10.csv; volume_mad_millions=3675.0; outstanding_mad_millions=8615; export has a middle gap
bam_interbank_weighted_average,2025-07-17,2025-07-18,2025-07-18,0.0225,current_official_historical_export,Bank Al-Maghrib,daily,decimal_rate,True,CONSERVATIVE_NEXT_ORIGIN,UNKNOWN,bam_interbank_newest_1000_2026-08-10.csv; volume_mad_millions=3203.0; outstanding_mad_millions=8153; export has a middle gap
bam_interbank_weighted_average,2025-07-18,2025-07-19,2025-07-19,0.0225,current_official_historical_export,Bank Al-Maghrib,daily,decimal_rate,True,CONSERVATIVE_NEXT_ORIGIN,UNKNOWN,bam_interbank_newest_1000_2026-08-10.csv; volume_mad_millions=2935.0; outstanding_mad_millions=7885; export has a middle gap
bam_interbank_weighted_average,2025-07-19,2025-07-20,2025-07-20,0.0225,current_official_historical_export,Bank Al-Maghrib,daily,decimal_rate,True,CONSERVATIVE_NEXT_ORIGIN,UNKNOWN,bam_interbank_newest_1000_2026-08-10.csv; volume_mad_millions=nan; outstanding_mad_millions=7885; export has a middle gap
bam_interbank_weighted_average,2025-07-20,2025-07-21,2025-07-21,0.0225,current_official_historical_export,Bank Al-Maghrib,daily,decimal_rate,True,CONSERVATIVE_NEXT_ORIGIN,UNKNOWN,bam_interbank_newest_1000_2026-08-10.csv; volume_mad_millions=nan; outstanding_mad_millions=7885; export has a middle gap
bam_interbank_weighted_average,2025-07-21,2025-07-22,2025-07-22,0.0225,current_official_historical_export,Bank Al-Maghrib,daily,decimal_rate,True,CONSERVATIVE_NEXT_ORIGIN,UNKNOWN,bam_interbank_newest_1000_2026-08-10.csv; volume_mad_millions=3066.0; outstanding_mad_millions=7471; export has a middle gap
bam_interbank_weighted_average,2025-07-22,2025-07-23,2025-07-23,0.0225,current_official_historical_export,Bank Al-Maghrib,daily,decimal_rate,True,CONSERVATIVE_NEXT_ORIGIN,UNKNOWN,bam_interbank_newest_1000_2026-08-10.csv; volume_mad_millions=3126.0; outstanding_mad_millions=7531; export has a middle gap
bam_interbank_weighted_average,2025-07-23,2025-07-24,2025-07-24,0.0225,current_official_historical_export,Bank Al-Maghrib,daily,decimal_rate,True,CONSERVATIVE_NEXT_ORIGIN,UNKNOWN,bam_interbank_newest_1000_2026-08-10.csv; volume_mad_millions=5156.0; outstanding_mad_millions=9561; export has a middle gap
bam_interbank_weighted_average,2025-07-24,2025-07-25,2025-07-25,0.0225,current_official_historical_export,Bank Al-Maghrib,daily,decimal_rate,True,CONSERVATIVE_NEXT_ORIGIN,UNKNOWN,bam_interbank_newest_1000_2026-08-10.csv; volume_mad_millions=3431.0; outstanding_mad_millions=8836; export has a middle gap
bam_interbank_weighted_average,2025-07-25,2025-07-26,2025-07-26,0.0225,current_official_historical_export,Bank Al-Maghrib,daily,decimal_rate,True,CONSERVATIVE_NEXT_ORIGIN,UNKNOWN,bam_interbank_newest_1000_2026-08-10.csv; volume_mad_millions=3696.0; outstanding_mad_millions=9101; export has a middle gap
bam_interbank_weighted_average,2025-07-26,2025-07-27,2025-07-27,0.0225,current_official_historical_export,Bank Al-Maghrib,daily,decimal_rate,True,CONSERVATIVE_NEXT_ORIGIN,UNKNOWN,bam_interbank_newest_1000_2026-08-10.csv; volume_mad_millions=nan; outstanding_mad_millions=9101; export has a middle gap
bam_interbank_weighted_average,2025-07-27,2025-07-28,2025-07-28,0.0225,current_official_historical_export,Bank Al-Maghrib,daily,decimal_rate,True,CONSERVATIVE_NEXT_ORIGIN,UNKNOWN,bam_interbank_newest_1000_2026-08-10.csv; volume_mad_millions=nan; outstanding_mad_millions=9101; export has a middle gap
bam_interbank_weighted_average,2025-07-28,2025-07-29,2025-07-29,0.0225,current_official_historical_export,Bank Al-Maghrib,daily,decimal_rate,True,CONSERVATIVE_NEXT_ORIGIN,UNKNOWN,bam_interbank_newest_1000_2026-08-10.csv; volume_mad_millions=4244.0; outstanding_mad_millions=9649; export has a middle gap
bam_interbank_weighted_average,2025-07-29,2025-07-30,2025-07-30,0.0225,current_official_historical_export,Bank Al-Maghrib,daily,decimal_rate,True,CONSERVATIVE_NEXT_ORIGIN,UNKNOWN,bam_interbank_newest_1000_2026-08-10.csv; volume_mad_millions=4621.0; outstanding_mad_millions=10866; export has a middle gap
bam_interbank_weighted_average,2025-07-30,2025-07-31,2025-07-31,0.0225,current_official_historical_export,Bank Al-Maghrib,daily,decimal_rate,True,CONSERVATIVE_NEXT_ORIGIN,UNKNOWN,bam_interbank_newest_1000_2026-08-10.csv; volume_mad_millions=nan; outstanding_mad_millions=10866; export has a middle gap
bam_interbank_weighted_average,2025-07-31,2025-08-01,2025-08-01,0.0225,current_official_historical_export,Bank Al-Maghrib,daily,decimal_rate,True,CONSERVATIVE_NEXT_ORIGIN,UNKNOWN,bam_interbank_newest_1000_2026-08-10.csv; volume_mad_millions=4497.0; outstanding_mad_millions=9347; export has a middle gap
bam_interbank_weighted_average,2025-08-01,2025-08-02,2025-08-02,0.0225,current_official_historical_export,Bank Al-Maghrib,daily,decimal_rate,True,CONSERVATIVE_NEXT_ORIGIN,UNKNOWN,bam_interbank_newest_1000_2026-08-10.csv; volume_mad_millions=4387.0; outstanding_mad_millions=9237; export has a middle gap
bam_interbank_weighted_average,2025-08-02,2025-08-03,2025-08-03,0.0225,current_official_historical_export,Bank Al-Maghrib,daily,decimal_rate,True,CONSERVATIVE_NEXT_ORIGIN,UNKNOWN,bam_interbank_newest_1000_2026-08-10.csv; volume_mad_millions=nan; outstanding_mad_millions=9237; export has a middle gap
bam_interbank_weighted_average,2025-08-03,2025-08-04,2025-08-04,0.0225,current_official_historical_export,Bank Al-Maghrib,daily,decimal_rate,True,CONSERVATIVE_NEXT_ORIGIN,UNKNOWN,bam_interbank_newest_1000_2026-08-10.csv; volume_mad_millions=nan; outstanding_mad_millions=9237; export has a middle gap
bam_interbank_weighted_average,2025-08-04,2025-08-05,2025-08-05,0.0225,current_official_historical_export,Bank Al-Maghrib,daily,decimal_rate,True,CONSERVATIVE_NEXT_ORIGIN,UNKNOWN,bam_interbank_newest_1000_2026-08-10.csv; volume_mad_millions=5361.0; outstanding_mad_millions=10171; export has a middle gap
bam_interbank_weighted_average,2025-08-05,2025-08-06,2025-08-06,0.0225,current_official_historical_export,Bank Al-Maghrib,daily,decimal_rate,True,CONSERVATIVE_NEXT_ORIGIN,UNKNOWN,bam_interbank_newest_1000_2026-08-10.csv; volume_mad_millions=4854.0; outstanding_mad_millions=9564; export has a middle gap
bam_interbank_weighted_average,2025-08-06,2025-08-07,2025-08-07,0.0225,current_official_historical_export,Bank Al-Maghrib,daily,decimal_rate,True,CONSERVATIVE_NEXT_ORIGIN,UNKNOWN,bam_interbank_newest_1000_2026-08-10.csv; volume_mad_millions=4217.0; outstanding_mad_millions=8927; export has a middle gap
bam_interbank_weighted_average,2025-08-07,2025-08-08,2025-08-08,0.0225,current_official_historical_export,Bank Al-Maghrib,daily,decimal_rate,True,CONSERVATIVE_NEXT_ORIGIN,UNKNOWN,bam_interbank_newest_1000_2026-08-10.csv; volume_mad_millions=4747.0; outstanding_mad_millions=9257; export has a middle gap
bam_interbank_weighted_average,2025-08-08,2025-08-09,2025-08-09,0.0225,current_official_historical_export,Bank Al-Maghrib,daily,decimal_rate,True,CONSERVATIVE_NEXT_ORIGIN,UNKNOWN,bam_interbank_newest_1000_2026-08-10.csv; volume_mad_millions=3987.0; outstanding_mad_millions=8597; export has a middle gap
bam_interbank_weighted_average,2025-08-09,2025-08-10,2025-08-10,0.0225,current_official_historical_export,Bank Al-Maghrib,daily,decimal_rate,True,CONSERVATIVE_NEXT_ORIGIN,UNKNOWN,bam_interbank_newest_1000_2026-08-10.csv; volume_mad_millions=nan; outstanding_mad_millions=8597; export has a middle gap
bam_interbank_weighted_average,2025-08-10,2025-08-11,2025-08-11,0.0225,current_official_historical_export,Bank Al-Maghrib,daily,decimal_rate,True,CONSERVATIVE_NEXT_ORIGIN,UNKNOWN,bam_interbank_newest_1000_2026-08-10.csv; volume_mad_millions=nan; outstanding_mad_millions=8597; export has a middle gap
bam_interbank_weighted_average,2025-08-11,2025-08-12,2025-08-12,0.0225,current_official_historical_export,Bank Al-Maghrib,daily,decimal_rate,True,CONSERVATIVE_NEXT_ORIGIN,UNKNOWN,bam_interbank_newest_1000_2026-08-10.csv; volume_mad_millions=3070.0; outstanding_mad_millions=7780; export has a middle gap
bam_interbank_weighted_average,2025-08-12,2025-08-13,2025-08-13,0.02252,current_official_historical_export,Bank Al-Maghrib,daily,decimal_rate,True,CONSERVATIVE_NEXT_ORIGIN,UNKNOWN,bam_interbank_newest_1000_2026-08-10.csv; volume_mad_millions=9314.0; outstanding_mad_millions=13724; export has a middle gap
bam_interbank_weighted_average,2025-08-13,2025-08-14,2025-08-14,0.02257,current_official_historical_export,Bank Al-Maghrib,daily,decimal_rate,True,CONSERVATIVE_NEXT_ORIGIN,UNKNOWN,bam_interbank_newest_1000_2026-08-10.csv; volume_mad_millions=10082.0; outstanding_mad_millions=14692; export has a middle gap
bam_interbank_weighted_average,2025-08-14,2025-08-15,2025-08-15,0.02257,current_official_historical_export,Bank Al-Maghrib,daily,decimal_rate,True,CONSERVATIVE_NEXT_ORIGIN,UNKNOWN,bam_interbank_newest_1000_2026-08-10.csv; volume_mad_millions=nan; outstanding_mad_millions=14692; export has a middle gap
bam_interbank_weighted_average,2025-08-15,2025-08-16,2025-08-16,0.0225,current_official_historical_export,Bank Al-Maghrib,daily,decimal_rate,True,CONSERVATIVE_NEXT_ORIGIN,UNKNOWN,bam_interbank_newest_1000_2026-08-10.csv; volume_mad_millions=4432.0; outstanding_mad_millions=8287; export has a middle gap
bam_interbank_weighted_average,2025-08-16,2025-08-17,2025-08-17,0.0225,current_official_historical_export,Bank Al-Maghrib,daily,decimal_rate,True,CONSERVATIVE_NEXT_ORIGIN,UNKNOWN,bam_interbank_newest_1000_2026-08-10.csv; volume_mad_millions=nan; outstanding_mad_millions=8287; export has a middle gap
bam_interbank_weighted_average,2025-08-17,2025-08-18,2025-08-18,0.0225,current_official_historical_export,Bank Al-Maghrib,daily,decimal_rate,True,CONSERVATIVE_NEXT_ORIGIN,UNKNOWN,bam_interbank_newest_1000_2026-08-10.csv; volume_mad_millions=nan; outstanding_mad_millions=8287; export has a middle gap
bam_interbank_weighted_average,2025-08-18,2025-08-19,2025-08-19,0.0225,current_official_historical_export,Bank Al-Maghrib,daily,decimal_rate,True,CONSERVATIVE_NEXT_ORIGIN,UNKNOWN,bam_interbank_newest_1000_2026-08-10.csv; volume_mad_millions=3620.0; outstanding_mad_millions=7475; export has a middle gap
bam_interbank_weighted_average,2025-08-19,2025-08-20,2025-08-20,0.0225,current_official_historical_export,Bank Al-Maghrib,daily,decimal_rate,True,CONSERVATIVE_NEXT_ORIGIN,UNKNOWN,bam_interbank_newest_1000_2026-08-10.csv; volume_mad_millions=3999.0; outstanding_mad_millions=8154; export has a middle gap
bam_interbank_weighted_average,2025-08-20,2025-08-21,2025-08-21,0.0225,current_official_historical_export,Bank Al-Maghrib,daily,decimal_rate,True,CONSERVATIVE_NEXT_ORIGIN,UNKNOWN,bam_interbank_newest_1000_2026-08-10.csv; volume_mad_millions=nan; outstanding_mad_millions=8154; export has a middle gap
bam_interbank_weighted_average,2025-08-21,2025-08-22,2025-08-22,0.0225,current_official_historical_export,Bank Al-Maghrib,daily,decimal_rate,True,CONSERVATIVE_NEXT_ORIGIN,UNKNOWN,bam_interbank_newest_1000_2026-08-10.csv; volume_mad_millions=nan; outstanding_mad_millions=8154; export has a middle gap
bam_interbank_weighted_average,2025-08-22,2025-08-23,2025-08-23,0.0225,current_official_historical_export,Bank Al-Maghrib,daily,decimal_rate,True,CONSERVATIVE_NEXT_ORIGIN,UNKNOWN,bam_interbank_newest_1000_2026-08-10.csv; volume_mad_millions=4712.0; outstanding_mad_millions=9567; export has a middle gap
bam_interbank_weighted_average,2025-08-23,2025-08-24,2025-08-24,0.0225,current_official_historical_export,Bank Al-Maghrib,daily,decimal_rate,True,CONSERVATIVE_NEXT_ORIGIN,UNKNOWN,bam_interbank_newest_1000_2026-08-10.csv; volume_mad_millions=nan; outstanding_mad_millions=9567; export has a middle gap
bam_interbank_weighted_average,2025-08-24,2025-08-25,2025-08-25,0.0225,current_official_historical_export,Bank Al-Maghrib,daily,decimal_rate,True,CONSERVATIVE_NEXT_ORIGIN,UNKNOWN,bam_interbank_newest_1000_2026-08-10.csv; volume_mad_millions=nan; outstanding_mad_millions=9567; export has a middle gap
bam_interbank_weighted_average,2025-08-25,2025-08-26,2025-08-26,0.0225,current_official_historical_export,Bank Al-Maghrib,daily,decimal_rate,True,CONSERVATIVE_NEXT_ORIGIN,UNKNOWN,bam_interbank_newest_1000_2026-08-10.csv; volume_mad_millions=3998.0; outstanding_mad_millions=9328; export has a middle gap
bam_interbank_weighted_average,2025-08-26,2025-08-27,2025-08-27,0.0225,current_official_historical_export,Bank Al-Maghrib,daily,decimal_rate,True,CONSERVATIVE_NEXT_ORIGIN,UNKNOWN,bam_interbank_newest_1000_2026-08-10.csv; volume_mad_millions=3252.0; outstanding_mad_millions=8712; export has a middle gap
bam_interbank_weighted_average,2025-08-27,2025-08-28,2025-08-28,0.0225,current_official_historical_export,Bank Al-Maghrib,daily,decimal_rate,True,CONSERVATIVE_NEXT_ORIGIN,UNKNOWN,bam_interbank_newest_1000_2026-08-10.csv; volume_mad_millions=3583.0; outstanding_mad_millions=8868; export has a middle gap
bam_interbank_weighted_average,2025-08-28,2025-08-29,2025-08-29,0.0225,current_official_historical_export,Bank Al-Maghrib,daily,decimal_rate,True,CONSERVATIVE_NEXT_ORIGIN,UNKNOWN,bam_interbank_newest_1000_2026-08-10.csv; volume_mad_millions=2806.0; outstanding_mad_millions=7726; export has a middle gap
bam_interbank_weighted_average,2025-08-29,2025-08-30,2025-08-30,0.0225,current_official_historical_export,Bank Al-Maghrib,daily,decimal_rate,True,CONSERVATIVE_NEXT_ORIGIN,UNKNOWN,bam_interbank_newest_1000_2026-08-10.csv; volume_mad_millions=2603.0; outstanding_mad_millions=7393; export has a middle gap
bam_interbank_weighted_average,2025-08-30,2025-08-31,2025-08-31,0.0225,current_official_historical_export,Bank Al-Maghrib,daily,decimal_rate,True,CONSERVATIVE_NEXT_ORIGIN,UNKNOWN,bam_interbank_newest_1000_2026-08-10.csv; volume_mad_millions=nan; outstanding_mad_millions=7393; export has a middle gap
bam_interbank_weighted_average,2025-08-31,2025-09-01,2025-09-01,0.0225,current_official_historical_export,Bank Al-Maghrib,daily,decimal_rate,True,CONSERVATIVE_NEXT_ORIGIN,UNKNOWN,bam_interbank_newest_1000_2026-08-10.csv; volume_mad_millions=nan; outstanding_mad_millions=7393; export has a middle gap
bam_interbank_weighted_average,2025-09-01,2025-09-02,2025-09-02,0.0225,current_official_historical_export,Bank Al-Maghrib,daily,decimal_rate,True,CONSERVATIVE_NEXT_ORIGIN,UNKNOWN,bam_interbank_newest_1000_2026-08-10.csv; volume_mad_millions=4387.0; outstanding_mad_millions=9177; export has a middle gap
bam_interbank_weighted_average,2025-09-02,2025-09-03,2025-09-03,0.0225,current_official_historical_export,Bank Al-Maghrib,daily,decimal_rate,True,CONSERVATIVE_NEXT_ORIGIN,UNKNOWN,bam_interbank_newest_1000_2026-08-10.csv; volume_mad_millions=4504.0; outstanding_mad_millions=8854; export has a middle gap
bam_interbank_weighted_average,2025-09-03,2025-09-04,2025-09-04,0.0225,current_official_historical_export,Bank Al-Maghrib,daily,decimal_rate,True,CONSERVATIVE_NEXT_ORIGIN,UNKNOWN,bam_interbank_newest_1000_2026-08-10.csv; volume_mad_millions=4702.0; outstanding_mad_millions=9052; export has a middle gap
bam_interbank_weighted_average,2025-09-04,2025-09-05,2025-09-05,0.02254,current_official_historical_export,Bank Al-Maghrib,daily,decimal_rate,True,CONSERVATIVE_NEXT_ORIGIN,UNKNOWN,bam_interbank_newest_1000_2026-08-10.csv; volume_mad_millions=4668.0; outstanding_mad_millions=7718; export has a middle gap
bam_interbank_weighted_average,2025-09-05,2025-09-06,2025-09-06,0.02254,current_official_historical_export,Bank Al-Maghrib,daily,decimal_rate,True,CONSERVATIVE_NEXT_ORIGIN,UNKNOWN,bam_interbank_newest_1000_2026-08-10.csv; volume_mad_millions=nan; outstanding_mad_millions=7718; export has a middle gap
bam_interbank_weighted_average,2025-09-06,2025-09-07,2025-09-07,0.02254,current_official_historical_export,Bank Al-Maghrib,daily,decimal_rate,True,CONSERVATIVE_NEXT_ORIGIN,UNKNOWN,bam_interbank_newest_1000_2026-08-10.csv; volume_mad_millions=nan; outstanding_mad_millions=7718; export has a middle gap
bam_interbank_weighted_average,2025-09-07,2025-09-08,2025-09-08,0.02254,current_official_historical_export,Bank Al-Maghrib,daily,decimal_rate,True,CONSERVATIVE_NEXT_ORIGIN,UNKNOWN,bam_interbank_newest_1000_2026-08-10.csv; volume_mad_millions=nan; outstanding_mad_millions=7718; export has a middle gap
bam_interbank_weighted_average,2025-09-08,2025-09-09,2025-09-09,0.0225,current_official_historical_export,Bank Al-Maghrib,daily,decimal_rate,True,CONSERVATIVE_NEXT_ORIGIN,UNKNOWN,bam_interbank_newest_1000_2026-08-10.csv; volume_mad_millions=4272.0; outstanding_mad_millions=7642; export has a middle gap
bam_interbank_weighted_average,2025-09-09,2025-09-10,2025-09-10,0.0225,current_official_historical_export,Bank Al-Maghrib,daily,decimal_rate,True,CONSERVATIVE_NEXT_ORIGIN,UNKNOWN,bam_interbank_newest_1000_2026-08-10.csv; volume_mad_millions=5636.0; outstanding_mad_millions=9006; export has a middle gap
bam_interbank_weighted_average,2025-09-10,2025-09-11,2025-09-11,0.0225,current_official_historical_export,Bank Al-Maghrib,daily,decimal_rate,True,CONSERVATIVE_NEXT_ORIGIN,UNKNOWN,bam_interbank_newest_1000_2026-08-10.csv; volume_mad_millions=6033.0; outstanding_mad_millions=9403; export has a middle gap
bam_interbank_weighted_average,2025-09-11,2025-09-12,2025-09-12,0.0225,current_official_historical_export,Bank Al-Maghrib,daily,decimal_rate,True,CONSERVATIVE_NEXT_ORIGIN,UNKNOWN,bam_interbank_newest_1000_2026-08-10.csv; volume_mad_millions=4359.0; outstanding_mad_millions=7139; export has a middle gap
bam_interbank_weighted_average,2025-09-12,2025-09-13,2025-09-13,0.0225,current_official_historical_export,Bank Al-Maghrib,daily,decimal_rate,True,CONSERVATIVE_NEXT_ORIGIN,UNKNOWN,bam_interbank_newest_1000_2026-08-10.csv; volume_mad_millions=4303.0; outstanding_mad_millions=7083; export has a middle gap
bam_interbank_weighted_average,2025-09-13,2025-09-14,2025-09-14,0.0225,current_official_historical_export,Bank Al-Maghrib,daily,decimal_rate,True,CONSERVATIVE_NEXT_ORIGIN,UNKNOWN,bam_interbank_newest_1000_2026-08-10.csv; volume_mad_millions=nan; outstanding_mad_millions=7083; export has a middle gap
bam_interbank_weighted_average,2025-09-14,2025-09-15,2025-09-15,0.0225,current_official_historical_export,Bank Al-Maghrib,daily,decimal_rate,True,CONSERVATIVE_NEXT_ORIGIN,UNKNOWN,bam_interbank_newest_1000_2026-08-10.csv; volume_mad_millions=nan; outstanding_mad_millions=7083; export has a middle gap
bam_interbank_weighted_average,2025-09-15,2025-09-16,2025-09-16,0.0225,current_official_historical_export,Bank Al-Maghrib,daily,decimal_rate,True,CONSERVATIVE_NEXT_ORIGIN,UNKNOWN,bam_interbank_newest_1000_2026-08-10.csv; volume_mad_millions=7001.0; outstanding_mad_millions=9761; export has a middle gap
bam_interbank_weighted_average,2025-09-16,2025-09-17,2025-09-17,0.0225,current_official_historical_export,Bank Al-Maghrib,daily,decimal_rate,True,CONSERVATIVE_NEXT_ORIGIN,UNKNOWN,bam_interbank_newest_1000_2026-08-10.csv; volume_mad_millions=6621.0; outstanding_mad_millions=9881; export has a middle gap
bam_interbank_weighted_average,2025-09-17,2025-09-18,2025-09-18,0.0225,current_official_historical_export,Bank Al-Maghrib,daily,decimal_rate,True,CONSERVATIVE_NEXT_ORIGIN,UNKNOWN,bam_interbank_newest_1000_2026-08-10.csv; volume_mad_millions=5565.0; outstanding_mad_millions=8825; export has a middle gap
bam_interbank_weighted_average,2025-09-18,2025-09-19,2025-09-19,0.0225,current_official_historical_export,Bank Al-Maghrib,daily,decimal_rate,True,CONSERVATIVE_NEXT_ORIGIN,UNKNOWN,bam_interbank_newest_1000_2026-08-10.csv; volume_mad_millions=4498.0; outstanding_mad_millions=6848; export has a middle gap
bam_interbank_weighted_average,2025-09-19,2025-09-20,2025-09-20,0.0225,current_official_historical_export,Bank Al-Maghrib,daily,decimal_rate,True,CONSERVATIVE_NEXT_ORIGIN,UNKNOWN,bam_interbank_newest_1000_2026-08-10.csv; volume_mad_millions=4526.0; outstanding_mad_millions=6936; export has a middle gap
bam_interbank_weighted_average,2025-09-20,2025-09-21,2025-09-21,0.0225,current_official_historical_export,Bank Al-Maghrib,daily,decimal_rate,True,CONSERVATIVE_NEXT_ORIGIN,UNKNOWN,bam_interbank_newest_1000_2026-08-10.csv; volume_mad_millions=nan; outstanding_mad_millions=6936; export has a middle gap
bam_interbank_weighted_average,2025-09-21,2025-09-22,2025-09-22,0.0225,current_official_historical_export,Bank Al-Maghrib,daily,decimal_rate,True,CONSERVATIVE_NEXT_ORIGIN,UNKNOWN,bam_interbank_newest_1000_2026-08-10.csv; volume_mad_millions=nan; outstanding_mad_millions=6936; export has a middle gap
bam_interbank_weighted_average,2025-09-22,2025-09-23,2025-09-23,0.0225,current_official_historical_export,Bank Al-Maghrib,daily,decimal_rate,True,CONSERVATIVE_NEXT_ORIGIN,UNKNOWN,bam_interbank_newest_1000_2026-08-10.csv; volume_mad_millions=5511.0; outstanding_mad_millions=7921; export has a middle gap
bam_interbank_weighted_average,2025-09-23,2025-09-24,2025-09-24,0.0225,current_official_historical_export,Bank Al-Maghrib,daily,decimal_rate,True,CONSERVATIVE_NEXT_ORIGIN,UNKNOWN,bam_interbank_newest_1000_2026-08-10.csv; volume_mad_millions=4062.0; outstanding_mad_millions=6412; export has a middle gap
bam_interbank_weighted_average,2025-09-24,2025-09-25,2025-09-25,0.0225,current_official_historical_export,Bank Al-Maghrib,daily,decimal_rate,True,CONSERVATIVE_NEXT_ORIGIN,UNKNOWN,bam_interbank_newest_1000_2026-08-10.csv; volume_mad_millions=8519.0; outstanding_mad_millions=10869; export has a middle gap
bam_interbank_weighted_average,2025-09-25,2025-09-26,2025-09-26,0.0225,current_official_historical_export,Bank Al-Maghrib,daily,decimal_rate,True,CONSERVATIVE_NEXT_ORIGIN,UNKNOWN,bam_interbank_newest_1000_2026-08-10.csv; volume_mad_millions=6889.0; outstanding_mad_millions=9389; export has a middle gap
bam_interbank_weighted_average,2025-09-26,2025-09-27,2025-09-27,0.02251,current_official_historical_export,Bank Al-Maghrib,daily,decimal_rate,True,CONSERVATIVE_NEXT_ORIGIN,UNKNOWN,bam_interbank_newest_1000_2026-08-10.csv; volume_mad_millions=7644.0; outstanding_mad_millions=10144; export has a middle gap
bam_interbank_weighted_average,2025-09-27,2025-09-28,2025-09-28,0.02251,current_official_historical_export,Bank Al-Maghrib,daily,decimal_rate,True,CONSERVATIVE_NEXT_ORIGIN,UNKNOWN,bam_interbank_newest_1000_2026-08-10.csv; volume_mad_millions=nan; outstanding_mad_millions=10144; export has a middle gap
bam_interbank_weighted_average,2025-09-28,2025-09-29,2025-09-29,0.02251,current_official_historical_export,Bank Al-Maghrib,daily,decimal_rate,True,CONSERVATIVE_NEXT_ORIGIN,UNKNOWN,bam_interbank_newest_1000_2026-08-10.csv; volume_mad_millions=nan; outstanding_mad_millions=10144; export has a middle gap
bam_interbank_weighted_average,2025-09-29,2025-09-30,2025-09-30,0.022639999999999997,current_official_historical_export,Bank Al-Maghrib,daily,decimal_rate,True,CONSERVATIVE_NEXT_ORIGIN,UNKNOWN,bam_interbank_newest_1000_2026-08-10.csv; volume_mad_millions=7203.0; outstanding_mad_millions=10143; export has a middle gap
bam_interbank_weighted_average,2025-09-30,2025-10-01,2025-10-01,0.02255,current_official_historical_export,Bank Al-Maghrib,daily,decimal_rate,True,CONSERVATIVE_NEXT_ORIGIN,UNKNOWN,bam_interbank_newest_1000_2026-08-10.csv; volume_mad_millions=7515.0; outstanding_mad_millions=10455; export has a middle gap
bam_interbank_weighted_average,2025-10-01,2025-10-02,2025-10-02,0.02319,current_official_historical_export,Bank Al-Maghrib,daily,decimal_rate,True,CONSERVATIVE_NEXT_ORIGIN,UNKNOWN,bam_interbank_newest_1000_2026-08-10.csv; volume_mad_millions=7239.0; outstanding_mad_millions=10299; export has a middle gap
bam_interbank_weighted_average,2025-10-02,2025-10-03,2025-10-03,0.0225,current_official_historical_export,Bank Al-Maghrib,daily,decimal_rate,True,CONSERVATIVE_NEXT_ORIGIN,UNKNOWN,bam_interbank_newest_1000_2026-08-10.csv; volume_mad_millions=5172.0; outstanding_mad_millions=7892; export has a middle gap
bam_interbank_weighted_average,2025-10-03,2025-10-04,2025-10-04,0.0225,current_official_historical_export,Bank Al-Maghrib,daily,decimal_rate,True,CONSERVATIVE_NEXT_ORIGIN,UNKNOWN,bam_interbank_newest_1000_2026-08-10.csv; volume_mad_millions=5792.0; outstanding_mad_millions=8512; export has a middle gap
bam_interbank_weighted_average,2025-10-04,2025-10-05,2025-10-05,0.0225,current_official_historical_export,Bank Al-Maghrib,daily,decimal_rate,True,CONSERVATIVE_NEXT_ORIGIN,UNKNOWN,bam_interbank_newest_1000_2026-08-10.csv; volume_mad_millions=nan; outstanding_mad_millions=8512; export has a middle gap
bam_interbank_weighted_average,2025-10-05,2025-10-06,2025-10-06,0.0225,current_official_historical_export,Bank Al-Maghrib,daily,decimal_rate,True,CONSERVATIVE_NEXT_ORIGIN,UNKNOWN,bam_interbank_newest_1000_2026-08-10.csv; volume_mad_millions=nan; outstanding_mad_millions=8512; export has a middle gap
bam_interbank_weighted_average,2025-10-06,2025-10-07,2025-10-07,0.0225,current_official_historical_export,Bank Al-Maghrib,daily,decimal_rate,True,CONSERVATIVE_NEXT_ORIGIN,UNKNOWN,bam_interbank_newest_1000_2026-08-10.csv; volume_mad_millions=5184.0; outstanding_mad_millions=7904; export has a middle gap
bam_interbank_weighted_average,2025-10-07,2025-10-08,2025-10-08,0.0225,current_official_historical_export,Bank Al-Maghrib,daily,decimal_rate,True,CONSERVATIVE_NEXT_ORIGIN,UNKNOWN,bam_interbank_newest_1000_2026-08-10.csv; volume_mad_millions=3950.0; outstanding_mad_millions=6670; export has a middle gap
bam_interbank_weighted_average,2025-10-08,2025-10-09,2025-10-09,0.0225,current_official_historical_export,Bank Al-Maghrib,daily,decimal_rate,True,CONSERVATIVE_NEXT_ORIGIN,UNKNOWN,bam_interbank_newest_1000_2026-08-10.csv; volume_mad_millions=5370.0; outstanding_mad_millions=8090; export has a middle gap
bam_interbank_weighted_average,2025-10-09,2025-10-10,2025-10-10,0.0225,current_official_historical_export,Bank Al-Maghrib,daily,decimal_rate,True,CONSERVATIVE_NEXT_ORIGIN,UNKNOWN,bam_interbank_newest_1000_2026-08-10.csv; volume_mad_millions=3578.0; outstanding_mad_millions=5568; export has a middle gap
bam_interbank_weighted_average,2025-10-10,2025-10-11,2025-10-11,0.0225,current_official_historical_export,Bank Al-Maghrib,daily,decimal_rate,True,CONSERVATIVE_NEXT_ORIGIN,UNKNOWN,bam_interbank_newest_1000_2026-08-10.csv; volume_mad_millions=3695.0; outstanding_mad_millions=5855; export has a middle gap
bam_interbank_weighted_average,2025-10-11,2025-10-12,2025-10-12,0.0225,current_official_historical_export,Bank Al-Maghrib,daily,decimal_rate,True,CONSERVATIVE_NEXT_ORIGIN,UNKNOWN,bam_interbank_newest_1000_2026-08-10.csv; volume_mad_millions=nan; outstanding_mad_millions=5855; export has a middle gap
bam_interbank_weighted_average,2025-10-12,2025-10-13,2025-10-13,0.0225,current_official_historical_export,Bank Al-Maghrib,daily,decimal_rate,True,CONSERVATIVE_NEXT_ORIGIN,UNKNOWN,bam_interbank_newest_1000_2026-08-10.csv; volume_mad_millions=nan; outstanding_mad_millions=5855; export has a middle gap
bam_interbank_weighted_average,2025-10-13,2025-10-14,2025-10-14,0.0225,current_official_historical_export,Bank Al-Maghrib,daily,decimal_rate,True,CONSERVATIVE_NEXT_ORIGIN,UNKNOWN,bam_interbank_newest_1000_2026-08-10.csv; volume_mad_millions=4136.0; outstanding_mad_millions=6596; export has a middle gap
bam_interbank_weighted_average,2025-10-14,2025-10-15,2025-10-15,0.022559999999999997,current_official_historical_export,Bank Al-Maghrib,daily,decimal_rate,True,CONSERVATIVE_NEXT_ORIGIN,UNKNOWN,bam_interbank_newest_1000_2026-08-10.csv; volume_mad_millions=5547.0; outstanding_mad_millions=8007; export has a middle gap
bam_interbank_weighted_average,2025-10-15,2025-10-16,2025-10-16,0.02267,current_official_historical_export,Bank Al-Maghrib,daily,decimal_rate,True,CONSERVATIVE_NEXT_ORIGIN,UNKNOWN,bam_interbank_newest_1000_2026-08-10.csv; volume_mad_millions=5419.0; outstanding_mad_millions=7879; export has a middle gap
bam_interbank_weighted_average,2025-10-16,2025-10-17,2025-10-17,0.0225,current_official_historical_export,Bank Al-Maghrib,daily,decimal_rate,True,CONSERVATIVE_NEXT_ORIGIN,UNKNOWN,bam_interbank_newest_1000_2026-08-10.csv; volume_mad_millions=3554.0; outstanding_mad_millions=6089; export has a middle gap
bam_interbank_weighted_average,2025-10-17,2025-10-18,2025-10-18,0.0225,current_official_historical_export,Bank Al-Maghrib,daily,decimal_rate,True,CONSERVATIVE_NEXT_ORIGIN,UNKNOWN,bam_interbank_newest_1000_2026-08-10.csv; volume_mad_millions=2203.0; outstanding_mad_millions=4648; export has a middle gap
bam_interbank_weighted_average,2025-10-18,2025-10-19,2025-10-19,0.0225,current_official_historical_export,Bank Al-Maghrib,daily,decimal_rate,True,CONSERVATIVE_NEXT_ORIGIN,UNKNOWN,bam_interbank_newest_1000_2026-08-10.csv; volume_mad_millions=nan; outstanding_mad_millions=4648; export has a middle gap
bam_interbank_weighted_average,2025-10-19,2025-10-20,2025-10-20,0.0225,current_official_historical_export,Bank Al-Maghrib,daily,decimal_rate,True,CONSERVATIVE_NEXT_ORIGIN,UNKNOWN,bam_interbank_newest_1000_2026-08-10.csv; volume_mad_millions=nan; outstanding_mad_millions=4648; export has a middle gap
bam_interbank_weighted_average,2025-10-20,2025-10-21,2025-10-21,0.0225,current_official_historical_export,Bank Al-Maghrib,daily,decimal_rate,True,CONSERVATIVE_NEXT_ORIGIN,UNKNOWN,bam_interbank_newest_1000_2026-08-10.csv; volume_mad_millions=2883.0; outstanding_mad_millions=6203; export has a middle gap
bam_interbank_weighted_average,2025-10-21,2025-10-22,2025-10-22,0.0225,current_official_historical_export,Bank Al-Maghrib,daily,decimal_rate,True,CONSERVATIVE_NEXT_ORIGIN,UNKNOWN,bam_interbank_newest_1000_2026-08-10.csv; volume_mad_millions=6986.0; outstanding_mad_millions=10806; export has a middle gap
bam_interbank_weighted_average,2025-10-22,2025-10-23,2025-10-23,0.0225,current_official_historical_export,Bank Al-Maghrib,daily,decimal_rate,True,CONSERVATIVE_NEXT_ORIGIN,UNKNOWN,bam_interbank_newest_1000_2026-08-10.csv; volume_mad_millions=8115.0; outstanding_mad_millions=11935; export has a middle gap
bam_interbank_weighted_average,2025-10-23,2025-10-24,2025-10-24,0.0225,current_official_historical_export,Bank Al-Maghrib,daily,decimal_rate,True,CONSERVATIVE_NEXT_ORIGIN,UNKNOWN,bam_interbank_newest_1000_2026-08-10.csv; volume_mad_millions=3490.0; outstanding_mad_millions=7410; export has a middle gap
bam_interbank_weighted_average,2025-10-24,2025-10-25,2025-10-25,0.0225,current_official_historical_export,Bank Al-Maghrib,daily,decimal_rate,True,CONSERVATIVE_NEXT_ORIGIN,UNKNOWN,bam_interbank_newest_1000_2026-08-10.csv; volume_mad_millions=2781.0; outstanding_mad_millions=6731; export has a middle gap
bam_interbank_weighted_average,2025-10-25,2025-10-26,2025-10-26,0.0225,current_official_historical_export,Bank Al-Maghrib,daily,decimal_rate,True,CONSERVATIVE_NEXT_ORIGIN,UNKNOWN,bam_interbank_newest_1000_2026-08-10.csv; volume_mad_millions=nan; outstanding_mad_millions=6731; export has a middle gap
bam_interbank_weighted_average,2025-10-26,2025-10-27,2025-10-27,0.0225,current_official_historical_export,Bank Al-Maghrib,daily,decimal_rate,True,CONSERVATIVE_NEXT_ORIGIN,UNKNOWN,bam_interbank_newest_1000_2026-08-10.csv; volume_mad_millions=nan; outstanding_mad_millions=6731; export has a middle gap
bam_interbank_weighted_average,2025-10-27,2025-10-28,2025-10-28,0.0225,current_official_historical_export,Bank Al-Maghrib,daily,decimal_rate,True,CONSERVATIVE_NEXT_ORIGIN,UNKNOWN,bam_interbank_newest_1000_2026-08-10.csv; volume_mad_millions=3349.0; outstanding_mad_millions=7299; export has a middle gap
bam_interbank_weighted_average,2025-10-28,2025-10-29,2025-10-29,0.0225,current_official_historical_export,Bank Al-Maghrib,daily,decimal_rate,True,CONSERVATIVE_NEXT_ORIGIN,UNKNOWN,bam_interbank_newest_1000_2026-08-10.csv; volume_mad_millions=2655.0; outstanding_mad_millions=6605; export has a middle gap
bam_interbank_weighted_average,2025-10-29,2025-10-30,2025-10-30,0.0225,current_official_historical_export,Bank Al-Maghrib,daily,decimal_rate,True,CONSERVATIVE_NEXT_ORIGIN,UNKNOWN,bam_interbank_newest_1000_2026-08-10.csv; volume_mad_millions=3762.0; outstanding_mad_millions=7522; export has a middle gap
bam_interbank_weighted_average,2025-10-30,2025-10-31,2025-10-31,0.0225,current_official_historical_export,Bank Al-Maghrib,daily,decimal_rate,True,CONSERVATIVE_NEXT_ORIGIN,UNKNOWN,bam_interbank_newest_1000_2026-08-10.csv; volume_mad_millions=4609.0; outstanding_mad_millions=8139; export has a middle gap
bam_interbank_weighted_average,2025-10-31,2025-11-01,2025-11-01,0.0225,current_official_historical_export,Bank Al-Maghrib,daily,decimal_rate,True,CONSERVATIVE_NEXT_ORIGIN,UNKNOWN,bam_interbank_newest_1000_2026-08-10.csv; volume_mad_millions=3722.0; outstanding_mad_millions=7452; export has a middle gap
bam_interbank_weighted_average,2025-11-01,2025-11-02,2025-11-02,0.0225,current_official_historical_export,Bank Al-Maghrib,daily,decimal_rate,True,CONSERVATIVE_NEXT_ORIGIN,UNKNOWN,bam_interbank_newest_1000_2026-08-10.csv; volume_mad_millions=nan; outstanding_mad_millions=7452; export has a middle gap
bam_interbank_weighted_average,2025-11-02,2025-11-03,2025-11-03,0.0225,current_official_historical_export,Bank Al-Maghrib,daily,decimal_rate,True,CONSERVATIVE_NEXT_ORIGIN,UNKNOWN,bam_interbank_newest_1000_2026-08-10.csv; volume_mad_millions=nan; outstanding_mad_millions=7452; export has a middle gap
bam_interbank_weighted_average,2025-11-03,2025-11-04,2025-11-04,0.0225,current_official_historical_export,Bank Al-Maghrib,daily,decimal_rate,True,CONSERVATIVE_NEXT_ORIGIN,UNKNOWN,bam_interbank_newest_1000_2026-08-10.csv; volume_mad_millions=5182.0; outstanding_mad_millions=8912; export has a middle gap
bam_interbank_weighted_average,2025-11-04,2025-11-05,2025-11-05,0.0225,current_official_historical_export,Bank Al-Maghrib,daily,decimal_rate,True,CONSERVATIVE_NEXT_ORIGIN,UNKNOWN,bam_interbank_newest_1000_2026-08-10.csv; volume_mad_millions=4400.0; outstanding_mad_millions=7690; export has a middle gap
bam_interbank_weighted_average,2025-11-05,2025-11-06,2025-11-06,0.0225,current_official_historical_export,Bank Al-Maghrib,daily,decimal_rate,True,CONSERVATIVE_NEXT_ORIGIN,UNKNOWN,bam_interbank_newest_1000_2026-08-10.csv; volume_mad_millions=5778.0; outstanding_mad_millions=9068; export has a middle gap
bam_interbank_weighted_average,2025-11-06,2025-11-07,2025-11-07,0.0225,current_official_historical_export,Bank Al-Maghrib,daily,decimal_rate,True,CONSERVATIVE_NEXT_ORIGIN,UNKNOWN,bam_interbank_newest_1000_2026-08-10.csv; volume_mad_millions=nan; outstanding_mad_millions=9068; export has a middle gap
bam_interbank_weighted_average,2025-11-07,2025-11-08,2025-11-08,0.0225,current_official_historical_export,Bank Al-Maghrib,daily,decimal_rate,True,CONSERVATIVE_NEXT_ORIGIN,UNKNOWN,bam_interbank_newest_1000_2026-08-10.csv; volume_mad_millions=4395.0; outstanding_mad_millions=7685; export has a middle gap
bam_interbank_weighted_average,2025-11-08,2025-11-09,2025-11-09,0.0225,current_official_historical_export,Bank Al-Maghrib,daily,decimal_rate,True,CONSERVATIVE_NEXT_ORIGIN,UNKNOWN,bam_interbank_newest_1000_2026-08-10.csv; volume_mad_millions=nan; outstanding_mad_millions=7685; export has a middle gap
bam_interbank_weighted_average,2025-11-09,2025-11-10,2025-11-10,0.0225,current_official_historical_export,Bank Al-Maghrib,daily,decimal_rate,True,CONSERVATIVE_NEXT_ORIGIN,UNKNOWN,bam_interbank_newest_1000_2026-08-10.csv; volume_mad_millions=nan; outstanding_mad_millions=7685; export has a middle gap
bam_interbank_weighted_average,2025-11-10,2025-11-11,2025-11-11,0.0225,current_official_historical_export,Bank Al-Maghrib,daily,decimal_rate,True,CONSERVATIVE_NEXT_ORIGIN,UNKNOWN,bam_interbank_newest_1000_2026-08-10.csv; volume_mad_millions=4201.0; outstanding_mad_millions=7751; export has a middle gap
bam_interbank_weighted_average,2025-11-11,2025-11-12,2025-11-12,0.0225,current_official_historical_export,Bank Al-Maghrib,daily,decimal_rate,True,CONSERVATIVE_NEXT_ORIGIN,UNKNOWN,bam_interbank_newest_1000_2026-08-10.csv; volume_mad_millions=3261.0; outstanding_mad_millions=6791; export has a middle gap
bam_interbank_weighted_average,2025-11-12,2025-11-13,2025-11-13,0.0225,current_official_historical_export,Bank Al-Maghrib,daily,decimal_rate,True,CONSERVATIVE_NEXT_ORIGIN,UNKNOWN,bam_interbank_newest_1000_2026-08-10.csv; volume_mad_millions=4928.0; outstanding_mad_millions=8458; export has a middle gap
bam_interbank_weighted_average,2025-11-13,2025-11-14,2025-11-14,0.0225,current_official_historical_export,Bank Al-Maghrib,daily,decimal_rate,True,CONSERVATIVE_NEXT_ORIGIN,UNKNOWN,bam_interbank_newest_1000_2026-08-10.csv; volume_mad_millions=2233.0; outstanding_mad_millions=5803; export has a middle gap
bam_interbank_weighted_average,2025-11-14,2025-11-15,2025-11-15,0.0225,current_official_historical_export,Bank Al-Maghrib,daily,decimal_rate,True,CONSERVATIVE_NEXT_ORIGIN,UNKNOWN,bam_interbank_newest_1000_2026-08-10.csv; volume_mad_millions=3459.0; outstanding_mad_millions=7029; export has a middle gap
bam_interbank_weighted_average,2025-11-15,2025-11-16,2025-11-16,0.0225,current_official_historical_export,Bank Al-Maghrib,daily,decimal_rate,True,CONSERVATIVE_NEXT_ORIGIN,UNKNOWN,bam_interbank_newest_1000_2026-08-10.csv; volume_mad_millions=nan; outstanding_mad_millions=7029; export has a middle gap
bam_interbank_weighted_average,2025-11-16,2025-11-17,2025-11-17,0.0225,current_official_historical_export,Bank Al-Maghrib,daily,decimal_rate,True,CONSERVATIVE_NEXT_ORIGIN,UNKNOWN,bam_interbank_newest_1000_2026-08-10.csv; volume_mad_millions=nan; outstanding_mad_millions=7029; export has a middle gap
bam_interbank_weighted_average,2025-11-17,2025-11-18,2025-11-18,0.0225,current_official_historical_export,Bank Al-Maghrib,daily,decimal_rate,True,CONSERVATIVE_NEXT_ORIGIN,UNKNOWN,bam_interbank_newest_1000_2026-08-10.csv; volume_mad_millions=3701.0; outstanding_mad_millions=7281; export has a middle gap
bam_interbank_weighted_average,2025-11-18,2025-11-19,2025-11-19,0.0225,current_official_historical_export,Bank Al-Maghrib,daily,decimal_rate,True,CONSERVATIVE_NEXT_ORIGIN,UNKNOWN,bam_interbank_newest_1000_2026-08-10.csv; volume_mad_millions=nan; outstanding_mad_millions=7281; export has a middle gap
bam_interbank_weighted_average,2025-11-19,2025-11-20,2025-11-20,0.0225,current_official_historical_export,Bank Al-Maghrib,daily,decimal_rate,True,CONSERVATIVE_NEXT_ORIGIN,UNKNOWN,bam_interbank_newest_1000_2026-08-10.csv; volume_mad_millions=4263.0; outstanding_mad_millions=7683; export has a middle gap
bam_interbank_weighted_average,2025-11-20,2025-11-21,2025-11-21,0.0225,current_official_historical_export,Bank Al-Maghrib,daily,decimal_rate,True,CONSERVATIVE_NEXT_ORIGIN,UNKNOWN,bam_interbank_newest_1000_2026-08-10.csv; volume_mad_millions=3274.0; outstanding_mad_millions=6819; export has a middle gap
bam_interbank_weighted_average,2025-11-21,2025-11-22,2025-11-22,0.0225,current_official_historical_export,Bank Al-Maghrib,daily,decimal_rate,True,CONSERVATIVE_NEXT_ORIGIN,UNKNOWN,bam_interbank_newest_1000_2026-08-10.csv; volume_mad_millions=4372.0; outstanding_mad_millions=7947; export has a middle gap
bam_interbank_weighted_average,2025-11-22,2025-11-23,2025-11-23,0.0225,current_official_historical_export,Bank Al-Maghrib,daily,decimal_rate,True,CONSERVATIVE_NEXT_ORIGIN,UNKNOWN,bam_interbank_newest_1000_2026-08-10.csv; volume_mad_millions=nan; outstanding_mad_millions=7947; export has a middle gap
bam_interbank_weighted_average,2025-11-23,2025-11-24,2025-11-24,0.0225,current_official_historical_export,Bank Al-Maghrib,daily,decimal_rate,True,CONSERVATIVE_NEXT_ORIGIN,UNKNOWN,bam_interbank_newest_1000_2026-08-10.csv; volume_mad_millions=nan; outstanding_mad_millions=7947; export has a middle gap
bam_interbank_weighted_average,2025-11-24,2025-11-25,2025-11-25,0.0225,current_official_historical_export,Bank Al-Maghrib,daily,decimal_rate,True,CONSERVATIVE_NEXT_ORIGIN,UNKNOWN,bam_interbank_newest_1000_2026-08-10.csv; volume_mad_millions=4131.0; outstanding_mad_millions=7706; export has a middle gap
bam_interbank_weighted_average,2025-11-25,2025-11-26,2025-11-26,0.0225,current_official_historical_export,Bank Al-Maghrib,daily,decimal_rate,True,CONSERVATIVE_NEXT_ORIGIN,UNKNOWN,bam_interbank_newest_1000_2026-08-10.csv; volume_mad_millions=3380.0; outstanding_mad_millions=6910; export has a middle gap
bam_interbank_weighted_average,2025-11-26,2025-11-27,2025-11-27,0.0225,current_official_historical_export,Bank Al-Maghrib,daily,decimal_rate,True,CONSERVATIVE_NEXT_ORIGIN,UNKNOWN,bam_interbank_newest_1000_2026-08-10.csv; volume_mad_millions=4860.0; outstanding_mad_millions=8390; export has a middle gap
bam_interbank_weighted_average,2025-11-27,2025-11-28,2025-11-28,0.0225,current_official_historical_export,Bank Al-Maghrib,daily,decimal_rate,True,CONSERVATIVE_NEXT_ORIGIN,UNKNOWN,bam_interbank_newest_1000_2026-08-10.csv; volume_mad_millions=5832.0; outstanding_mad_millions=9842; export has a middle gap
bam_interbank_weighted_average,2025-11-28,2025-11-29,2025-11-29,0.02252,current_official_historical_export,Bank Al-Maghrib,daily,decimal_rate,True,CONSERVATIVE_NEXT_ORIGIN,UNKNOWN,bam_interbank_newest_1000_2026-08-10.csv; volume_mad_millions=5299.0; outstanding_mad_millions=9749; export has a middle gap
bam_interbank_weighted_average,2025-11-29,2025-11-30,2025-11-30,0.02252,current_official_historical_export,Bank Al-Maghrib,daily,decimal_rate,True,CONSERVATIVE_NEXT_ORIGIN,UNKNOWN,bam_interbank_newest_1000_2026-08-10.csv; volume_mad_millions=nan; outstanding_mad_millions=9749; export has a middle gap
bam_interbank_weighted_average,2025-11-30,2025-12-01,2025-12-01,0.02252,current_official_historical_export,Bank Al-Maghrib,daily,decimal_rate,True,CONSERVATIVE_NEXT_ORIGIN,UNKNOWN,bam_interbank_newest_1000_2026-08-10.csv; volume_mad_millions=nan; outstanding_mad_millions=9749; export has a middle gap
bam_interbank_weighted_average,2025-12-01,2025-12-02,2025-12-02,0.0225,current_official_historical_export,Bank Al-Maghrib,daily,decimal_rate,True,CONSERVATIVE_NEXT_ORIGIN,UNKNOWN,bam_interbank_newest_1000_2026-08-10.csv; volume_mad_millions=5268.0; outstanding_mad_millions=9528; export has a middle gap
bam_interbank_weighted_average,2025-12-02,2025-12-03,2025-12-03,0.0225,current_official_historical_export,Bank Al-Maghrib,daily,decimal_rate,True,CONSERVATIVE_NEXT_ORIGIN,UNKNOWN,bam_interbank_newest_1000_2026-08-10.csv; volume_mad_millions=7174.0; outstanding_mad_millions=11114; export has a middle gap
bam_interbank_weighted_average,2025-12-03,2025-12-04,2025-12-04,0.0225,current_official_historical_export,Bank Al-Maghrib,daily,decimal_rate,True,CONSERVATIVE_NEXT_ORIGIN,UNKNOWN,bam_interbank_newest_1000_2026-08-10.csv; volume_mad_millions=6452.0; outstanding_mad_millions=10392; export has a middle gap
bam_interbank_weighted_average,2025-12-04,2025-12-05,2025-12-05,0.0225,current_official_historical_export,Bank Al-Maghrib,daily,decimal_rate,True,CONSERVATIVE_NEXT_ORIGIN,UNKNOWN,bam_interbank_newest_1000_2026-08-10.csv; volume_mad_millions=5127.0; outstanding_mad_millions=9147; export has a middle gap
bam_interbank_weighted_average,2025-12-05,2025-12-06,2025-12-06,0.0225,current_official_historical_export,Bank Al-Maghrib,daily,decimal_rate,True,CONSERVATIVE_NEXT_ORIGIN,UNKNOWN,bam_interbank_newest_1000_2026-08-10.csv; volume_mad_millions=5660.0; outstanding_mad_millions=9770; export has a middle gap
bam_interbank_weighted_average,2025-12-06,2025-12-07,2025-12-07,0.0225,current_official_historical_export,Bank Al-Maghrib,daily,decimal_rate,True,CONSERVATIVE_NEXT_ORIGIN,UNKNOWN,bam_interbank_newest_1000_2026-08-10.csv; volume_mad_millions=nan; outstanding_mad_millions=9770; export has a middle gap
bam_interbank_weighted_average,2025-12-07,2025-12-08,2025-12-08,0.0225,current_official_historical_export,Bank Al-Maghrib,daily,decimal_rate,True,CONSERVATIVE_NEXT_ORIGIN,UNKNOWN,bam_interbank_newest_1000_2026-08-10.csv; volume_mad_millions=nan; outstanding_mad_millions=9770; export has a middle gap
bam_interbank_weighted_average,2025-12-08,2025-12-09,2025-12-09,0.0225,current_official_historical_export,Bank Al-Maghrib,daily,decimal_rate,True,CONSERVATIVE_NEXT_ORIGIN,UNKNOWN,bam_interbank_newest_1000_2026-08-10.csv; volume_mad_millions=5061.0; outstanding_mad_millions=9611; export has a middle gap
bam_interbank_weighted_average,2025-12-09,2025-12-10,2025-12-10,0.0225,current_official_historical_export,Bank Al-Maghrib,daily,decimal_rate,True,CONSERVATIVE_NEXT_ORIGIN,UNKNOWN,bam_interbank_newest_1000_2026-08-10.csv; volume_mad_millions=5127.0; outstanding_mad_millions=9677; export has a middle gap
bam_interbank_weighted_average,2025-12-10,2025-12-11,2025-12-11,0.0225,current_official_historical_export,Bank Al-Maghrib,daily,decimal_rate,True,CONSERVATIVE_NEXT_ORIGIN,UNKNOWN,bam_interbank_newest_1000_2026-08-10.csv; volume_mad_millions=5608.0; outstanding_mad_millions=10368; export has a middle gap
bam_interbank_weighted_average,2025-12-11,2025-12-12,2025-12-12,0.0225,current_official_historical_export,Bank Al-Maghrib,daily,decimal_rate,True,CONSERVATIVE_NEXT_ORIGIN,UNKNOWN,bam_interbank_newest_1000_2026-08-10.csv; volume_mad_millions=5485.0; outstanding_mad_millions=10145; export has a middle gap
bam_interbank_weighted_average,2025-12-12,2025-12-13,2025-12-13,0.0225,current_official_historical_export,Bank Al-Maghrib,daily,decimal_rate,True,CONSERVATIVE_NEXT_ORIGIN,UNKNOWN,bam_interbank_newest_1000_2026-08-10.csv; volume_mad_millions=7638.0; outstanding_mad_millions=12148; export has a middle gap
bam_interbank_weighted_average,2025-12-13,2025-12-14,2025-12-14,0.0225,current_official_historical_export,Bank Al-Maghrib,daily,decimal_rate,True,CONSERVATIVE_NEXT_ORIGIN,UNKNOWN,bam_interbank_newest_1000_2026-08-10.csv; volume_mad_millions=nan; outstanding_mad_millions=12148; export has a middle gap
bam_interbank_weighted_average,2025-12-14,2025-12-15,2025-12-15,0.0225,current_official_historical_export,Bank Al-Maghrib,daily,decimal_rate,True,CONSERVATIVE_NEXT_ORIGIN,UNKNOWN,bam_interbank_newest_1000_2026-08-10.csv; volume_mad_millions=nan; outstanding_mad_millions=12148; export has a middle gap
bam_interbank_weighted_average,2025-12-15,2025-12-16,2025-12-16,0.0225,current_official_historical_export,Bank Al-Maghrib,daily,decimal_rate,True,CONSERVATIVE_NEXT_ORIGIN,UNKNOWN,bam_interbank_newest_1000_2026-08-10.csv; volume_mad_millions=7844.0; outstanding_mad_millions=12354; export has a middle gap
bam_interbank_weighted_average,2025-12-16,2025-12-17,2025-12-17,0.0225,current_official_historical_export,Bank Al-Maghrib,daily,decimal_rate,True,CONSERVATIVE_NEXT_ORIGIN,UNKNOWN,bam_interbank_newest_1000_2026-08-10.csv; volume_mad_millions=4904.0; outstanding_mad_millions=9414; export has a middle gap
bam_interbank_weighted_average,2025-12-17,2025-12-18,2025-12-18,0.0225,current_official_historical_export,Bank Al-Maghrib,daily,decimal_rate,True,CONSERVATIVE_NEXT_ORIGIN,UNKNOWN,bam_interbank_newest_1000_2026-08-10.csv; volume_mad_millions=5545.0; outstanding_mad_millions=10055; export has a middle gap
bam_interbank_weighted_average,2025-12-18,2025-12-19,2025-12-19,0.0225,current_official_historical_export,Bank Al-Maghrib,daily,decimal_rate,True,CONSERVATIVE_NEXT_ORIGIN,UNKNOWN,bam_interbank_newest_1000_2026-08-10.csv; volume_mad_millions=6305.0; outstanding_mad_millions=10815; export has a middle gap
bam_interbank_weighted_average,2025-12-19,2025-12-20,2025-12-20,0.0225,current_official_historical_export,Bank Al-Maghrib,daily,decimal_rate,True,CONSERVATIVE_NEXT_ORIGIN,UNKNOWN,bam_interbank_newest_1000_2026-08-10.csv; volume_mad_millions=6962.0; outstanding_mad_millions=11472; export has a middle gap
bam_interbank_weighted_average,2025-12-20,2025-12-21,2025-12-21,0.0225,current_official_historical_export,Bank Al-Maghrib,daily,decimal_rate,True,CONSERVATIVE_NEXT_ORIGIN,UNKNOWN,bam_interbank_newest_1000_2026-08-10.csv; volume_mad_millions=nan; outstanding_mad_millions=11472; export has a middle gap
bam_interbank_weighted_average,2025-12-21,2025-12-22,2025-12-22,0.0225,current_official_historical_export,Bank Al-Maghrib,daily,decimal_rate,True,CONSERVATIVE_NEXT_ORIGIN,UNKNOWN,bam_interbank_newest_1000_2026-08-10.csv; volume_mad_millions=nan; outstanding_mad_millions=11472; export has a middle gap
bam_interbank_weighted_average,2025-12-22,2025-12-23,2025-12-23,0.0225,current_official_historical_export,Bank Al-Maghrib,daily,decimal_rate,True,CONSERVATIVE_NEXT_ORIGIN,UNKNOWN,bam_interbank_newest_1000_2026-08-10.csv; volume_mad_millions=4654.0; outstanding_mad_millions=8434; export has a middle gap
bam_interbank_weighted_average,2025-12-23,2025-12-24,2025-12-24,0.0225,current_official_historical_export,Bank Al-Maghrib,daily,decimal_rate,True,CONSERVATIVE_NEXT_ORIGIN,UNKNOWN,bam_interbank_newest_1000_2026-08-10.csv; volume_mad_millions=5030.0; outstanding_mad_millions=8810; export has a middle gap
bam_interbank_weighted_average,2025-12-24,2025-12-25,2025-12-25,0.0225,current_official_historical_export,Bank Al-Maghrib,daily,decimal_rate,True,CONSERVATIVE_NEXT_ORIGIN,UNKNOWN,bam_interbank_newest_1000_2026-08-10.csv; volume_mad_millions=5689.0; outstanding_mad_millions=9619; export has a middle gap
bam_interbank_weighted_average,2025-12-25,2025-12-26,2025-12-26,0.0225,current_official_historical_export,Bank Al-Maghrib,daily,decimal_rate,True,CONSERVATIVE_NEXT_ORIGIN,UNKNOWN,bam_interbank_newest_1000_2026-08-10.csv; volume_mad_millions=7218.0; outstanding_mad_millions=9668; export has a middle gap
bam_interbank_weighted_average,2025-12-26,2025-12-27,2025-12-27,0.0225,current_official_historical_export,Bank Al-Maghrib,daily,decimal_rate,True,CONSERVATIVE_NEXT_ORIGIN,UNKNOWN,bam_interbank_newest_1000_2026-08-10.csv; volume_mad_millions=7375.0; outstanding_mad_millions=9645; export has a middle gap
bam_interbank_weighted_average,2025-12-27,2025-12-28,2025-12-28,0.0225,current_official_historical_export,Bank Al-Maghrib,daily,decimal_rate,True,CONSERVATIVE_NEXT_ORIGIN,UNKNOWN,bam_interbank_newest_1000_2026-08-10.csv; volume_mad_millions=nan; outstanding_mad_millions=9645; export has a middle gap
bam_interbank_weighted_average,2025-12-28,2025-12-29,2025-12-29,0.0225,current_official_historical_export,Bank Al-Maghrib,daily,decimal_rate,True,CONSERVATIVE_NEXT_ORIGIN,UNKNOWN,bam_interbank_newest_1000_2026-08-10.csv; volume_mad_millions=nan; outstanding_mad_millions=9645; export has a middle gap
bam_interbank_weighted_average,2025-12-29,2025-12-30,2025-12-30,0.0225,current_official_historical_export,Bank Al-Maghrib,daily,decimal_rate,True,CONSERVATIVE_NEXT_ORIGIN,UNKNOWN,bam_interbank_newest_1000_2026-08-10.csv; volume_mad_millions=3572.0; outstanding_mad_millions=5602; export has a middle gap
bam_interbank_weighted_average,2025-12-30,2025-12-31,2025-12-31,0.0225,current_official_historical_export,Bank Al-Maghrib,daily,decimal_rate,True,CONSERVATIVE_NEXT_ORIGIN,UNKNOWN,bam_interbank_newest_1000_2026-08-10.csv; volume_mad_millions=6705.0; outstanding_mad_millions=9085; export has a middle gap
bam_interbank_weighted_average,2025-12-31,2026-01-01,2026-01-01,0.02311,current_official_historical_export,Bank Al-Maghrib,daily,decimal_rate,True,CONSERVATIVE_NEXT_ORIGIN,UNKNOWN,bam_interbank_newest_1000_2026-08-10.csv; volume_mad_millions=8041.0; outstanding_mad_millions=10511; export has a middle gap
bam_interbank_weighted_average,2026-01-01,2026-01-02,2026-01-02,0.02311,current_official_historical_export,Bank Al-Maghrib,daily,decimal_rate,True,CONSERVATIVE_NEXT_ORIGIN,UNKNOWN,bam_interbank_newest_1000_2026-08-10.csv; volume_mad_millions=nan; outstanding_mad_millions=10511; export has a middle gap
bam_interbank_weighted_average,2026-01-02,2026-01-03,2026-01-03,0.0225,current_official_historical_export,Bank Al-Maghrib,daily,decimal_rate,True,CONSERVATIVE_NEXT_ORIGIN,UNKNOWN,bam_interbank_newest_1000_2026-08-10.csv; volume_mad_millions=4720.0; outstanding_mad_millions=8590; export has a middle gap
bam_interbank_weighted_average,2026-01-03,2026-01-04,2026-01-04,0.0225,current_official_historical_export,Bank Al-Maghrib,daily,decimal_rate,True,CONSERVATIVE_NEXT_ORIGIN,UNKNOWN,bam_interbank_newest_1000_2026-08-10.csv; volume_mad_millions=nan; outstanding_mad_millions=8590; export has a middle gap
bam_interbank_weighted_average,2026-01-04,2026-01-05,2026-01-05,0.0225,current_official_historical_export,Bank Al-Maghrib,daily,decimal_rate,True,CONSERVATIVE_NEXT_ORIGIN,UNKNOWN,bam_interbank_newest_1000_2026-08-10.csv; volume_mad_millions=nan; outstanding_mad_millions=8590; export has a middle gap
bam_interbank_weighted_average,2026-01-05,2026-01-06,2026-01-06,0.0225,current_official_historical_export,Bank Al-Maghrib,daily,decimal_rate,True,CONSERVATIVE_NEXT_ORIGIN,UNKNOWN,bam_interbank_newest_1000_2026-08-10.csv; volume_mad_millions=5958.0; outstanding_mad_millions=9388; export has a middle gap
bam_interbank_weighted_average,2026-01-06,2026-01-07,2026-01-07,0.0225,current_official_historical_export,Bank Al-Maghrib,daily,decimal_rate,True,CONSERVATIVE_NEXT_ORIGIN,UNKNOWN,bam_interbank_newest_1000_2026-08-10.csv; volume_mad_millions=5808.0; outstanding_mad_millions=9228; export has a middle gap
bam_interbank_weighted_average,2026-01-07,2026-01-08,2026-01-08,0.0225,current_official_historical_export,Bank Al-Maghrib,daily,decimal_rate,True,CONSERVATIVE_NEXT_ORIGIN,UNKNOWN,bam_interbank_newest_1000_2026-08-10.csv; volume_mad_millions=4205.0; outstanding_mad_millions=7625; export has a middle gap
bam_interbank_weighted_average,2026-01-08,2026-01-09,2026-01-09,0.0225,current_official_historical_export,Bank Al-Maghrib,daily,decimal_rate,True,CONSERVATIVE_NEXT_ORIGIN,UNKNOWN,bam_interbank_newest_1000_2026-08-10.csv; volume_mad_millions=5257.0; outstanding_mad_millions=9337; export has a middle gap
bam_interbank_weighted_average,2026-01-09,2026-01-10,2026-01-10,0.0225,current_official_historical_export,Bank Al-Maghrib,daily,decimal_rate,True,CONSERVATIVE_NEXT_ORIGIN,UNKNOWN,bam_interbank_newest_1000_2026-08-10.csv; volume_mad_millions=7984.0; outstanding_mad_millions=12214; export has a middle gap
bam_interbank_weighted_average,2026-01-10,2026-01-11,2026-01-11,0.0225,current_official_historical_export,Bank Al-Maghrib,daily,decimal_rate,True,CONSERVATIVE_NEXT_ORIGIN,UNKNOWN,bam_interbank_newest_1000_2026-08-10.csv; volume_mad_millions=nan; outstanding_mad_millions=12214; export has a middle gap
bam_interbank_weighted_average,2026-01-11,2026-01-12,2026-01-12,0.0225,current_official_historical_export,Bank Al-Maghrib,daily,decimal_rate,True,CONSERVATIVE_NEXT_ORIGIN,UNKNOWN,bam_interbank_newest_1000_2026-08-10.csv; volume_mad_millions=nan; outstanding_mad_millions=12214; export has a middle gap
bam_interbank_weighted_average,2026-01-12,2026-01-13,2026-01-13,0.0225,current_official_historical_export,Bank Al-Maghrib,daily,decimal_rate,True,CONSERVATIVE_NEXT_ORIGIN,UNKNOWN,bam_interbank_newest_1000_2026-08-10.csv; volume_mad_millions=5380.0; outstanding_mad_millions=9760; export has a middle gap
bam_interbank_weighted_average,2026-01-13,2026-01-14,2026-01-14,0.0225,current_official_historical_export,Bank Al-Maghrib,daily,decimal_rate,True,CONSERVATIVE_NEXT_ORIGIN,UNKNOWN,bam_interbank_newest_1000_2026-08-10.csv; volume_mad_millions=5246.0; outstanding_mad_millions=9526; export has a middle gap
bam_interbank_weighted_average,2026-01-14,2026-01-15,2026-01-15,0.0225,current_official_historical_export,Bank Al-Maghrib,daily,decimal_rate,True,CONSERVATIVE_NEXT_ORIGIN,UNKNOWN,bam_interbank_newest_1000_2026-08-10.csv; volume_mad_millions=nan; outstanding_mad_millions=9526; export has a middle gap
bam_interbank_weighted_average,2026-01-15,2026-01-16,2026-01-16,0.0225,current_official_historical_export,Bank Al-Maghrib,daily,decimal_rate,True,CONSERVATIVE_NEXT_ORIGIN,UNKNOWN,bam_interbank_newest_1000_2026-08-10.csv; volume_mad_millions=4608.0; outstanding_mad_millions=8998; export has a middle gap
bam_interbank_weighted_average,2026-01-16,2026-01-17,2026-01-17,0.0225,current_official_historical_export,Bank Al-Maghrib,daily,decimal_rate,True,CONSERVATIVE_NEXT_ORIGIN,UNKNOWN,bam_interbank_newest_1000_2026-08-10.csv; volume_mad_millions=3973.0; outstanding_mad_millions=8363; export has a middle gap
bam_interbank_weighted_average,2026-01-17,2026-01-18,2026-01-18,0.0225,current_official_historical_export,Bank Al-Maghrib,daily,decimal_rate,True,CONSERVATIVE_NEXT_ORIGIN,UNKNOWN,bam_interbank_newest_1000_2026-08-10.csv; volume_mad_millions=nan; outstanding_mad_millions=8363; export has a middle gap
bam_interbank_weighted_average,2026-01-18,2026-01-19,2026-01-19,0.0225,current_official_historical_export,Bank Al-Maghrib,daily,decimal_rate,True,CONSERVATIVE_NEXT_ORIGIN,UNKNOWN,bam_interbank_newest_1000_2026-08-10.csv; volume_mad_millions=nan; outstanding_mad_millions=8363; export has a middle gap
bam_interbank_weighted_average,2026-01-19,2026-01-20,2026-01-20,0.0225,current_official_historical_export,Bank Al-Maghrib,daily,decimal_rate,True,CONSERVATIVE_NEXT_ORIGIN,UNKNOWN,bam_interbank_newest_1000_2026-08-10.csv; volume_mad_millions=3169.0; outstanding_mad_millions=8009; export has a middle gap
bam_interbank_weighted_average,2026-01-20,2026-01-21,2026-01-21,0.0225,current_official_historical_export,Bank Al-Maghrib,daily,decimal_rate,True,CONSERVATIVE_NEXT_ORIGIN,UNKNOWN,bam_interbank_newest_1000_2026-08-10.csv; volume_mad_millions=2826.0; outstanding_mad_millions=7766; export has a middle gap
bam_interbank_weighted_average,2026-01-21,2026-01-22,2026-01-22,0.0225,current_official_historical_export,Bank Al-Maghrib,daily,decimal_rate,True,CONSERVATIVE_NEXT_ORIGIN,UNKNOWN,bam_interbank_newest_1000_2026-08-10.csv; volume_mad_millions=3978.0; outstanding_mad_millions=8918; export has a middle gap
bam_interbank_weighted_average,2026-01-22,2026-01-23,2026-01-23,0.02253,current_official_historical_export,Bank Al-Maghrib,daily,decimal_rate,True,CONSERVATIVE_NEXT_ORIGIN,UNKNOWN,bam_interbank_newest_1000_2026-08-10.csv; volume_mad_millions=5006.0; outstanding_mad_millions=9866; export has a middle gap
bam_interbank_weighted_average,2026-01-23,2026-01-24,2026-01-24,0.0225,current_official_historical_export,Bank Al-Maghrib,daily,decimal_rate,True,CONSERVATIVE_NEXT_ORIGIN,UNKNOWN,bam_interbank_newest_1000_2026-08-10.csv; volume_mad_millions=4797.0; outstanding_mad_millions=9657; export has a middle gap
bam_interbank_weighted_average,2026-01-24,2026-01-25,2026-01-25,0.0225,current_official_historical_export,Bank Al-Maghrib,daily,decimal_rate,True,CONSERVATIVE_NEXT_ORIGIN,UNKNOWN,bam_interbank_newest_1000_2026-08-10.csv; volume_mad_millions=nan; outstanding_mad_millions=9657; export has a middle gap
bam_interbank_weighted_average,2026-01-25,2026-01-26,2026-01-26,0.0225,current_official_historical_export,Bank Al-Maghrib,daily,decimal_rate,True,CONSERVATIVE_NEXT_ORIGIN,UNKNOWN,bam_interbank_newest_1000_2026-08-10.csv; volume_mad_millions=nan; outstanding_mad_millions=9657; export has a middle gap
bam_interbank_weighted_average,2026-01-26,2026-01-27,2026-01-27,0.02253,current_official_historical_export,Bank Al-Maghrib,daily,decimal_rate,True,CONSERVATIVE_NEXT_ORIGIN,UNKNOWN,bam_interbank_newest_1000_2026-08-10.csv; volume_mad_millions=4892.0; outstanding_mad_millions=9752; export has a middle gap
bam_interbank_weighted_average,2026-01-27,2026-01-28,2026-01-28,0.0225,current_official_historical_export,Bank Al-Maghrib,daily,decimal_rate,True,CONSERVATIVE_NEXT_ORIGIN,UNKNOWN,bam_interbank_newest_1000_2026-08-10.csv; volume_mad_millions=4551.0; outstanding_mad_millions=9411; export has a middle gap
bam_interbank_weighted_average,2026-01-28,2026-01-29,2026-01-29,0.0225,current_official_historical_export,Bank Al-Maghrib,daily,decimal_rate,True,CONSERVATIVE_NEXT_ORIGIN,UNKNOWN,bam_interbank_newest_1000_2026-08-10.csv; volume_mad_millions=4053.0; outstanding_mad_millions=9413; export has a middle gap
bam_interbank_weighted_average,2026-01-29,2026-01-30,2026-01-30,0.0225,current_official_historical_export,Bank Al-Maghrib,daily,decimal_rate,True,CONSERVATIVE_NEXT_ORIGIN,UNKNOWN,bam_interbank_newest_1000_2026-08-10.csv; volume_mad_millions=5381.0; outstanding_mad_millions=11581; export has a middle gap
bam_interbank_weighted_average,2026-01-30,2026-01-31,2026-01-31,0.02259,current_official_historical_export,Bank Al-Maghrib,daily,decimal_rate,True,CONSERVATIVE_NEXT_ORIGIN,UNKNOWN,bam_interbank_newest_1000_2026-08-10.csv; volume_mad_millions=5558.0; outstanding_mad_millions=11758; export has a middle gap
bam_interbank_weighted_average,2026-01-31,2026-02-01,2026-02-01,0.02259,current_official_historical_export,Bank Al-Maghrib,daily,decimal_rate,True,CONSERVATIVE_NEXT_ORIGIN,UNKNOWN,bam_interbank_newest_1000_2026-08-10.csv; volume_mad_millions=nan; outstanding_mad_millions=11758; export has a middle gap
bam_interbank_weighted_average,2026-02-01,2026-02-02,2026-02-02,0.02259,current_official_historical_export,Bank Al-Maghrib,daily,decimal_rate,True,CONSERVATIVE_NEXT_ORIGIN,UNKNOWN,bam_interbank_newest_1000_2026-08-10.csv; volume_mad_millions=nan; outstanding_mad_millions=11758; export has a middle gap
bam_interbank_weighted_average,2026-02-02,2026-02-03,2026-02-03,0.02267,current_official_historical_export,Bank Al-Maghrib,daily,decimal_rate,True,CONSERVATIVE_NEXT_ORIGIN,UNKNOWN,bam_interbank_newest_1000_2026-08-10.csv; volume_mad_millions=6872.0; outstanding_mad_millions=13072; export has a middle gap
bam_interbank_weighted_average,2026-02-03,2026-02-04,2026-02-04,0.02258,current_official_historical_export,Bank Al-Maghrib,daily,decimal_rate,True,CONSERVATIVE_NEXT_ORIGIN,UNKNOWN,bam_interbank_newest_1000_2026-08-10.csv; volume_mad_millions=5003.0; outstanding_mad_millions=10763; export has a middle gap
bam_interbank_weighted_average,2026-02-04,2026-02-05,2026-02-05,0.02253,current_official_historical_export,Bank Al-Maghrib,daily,decimal_rate,True,CONSERVATIVE_NEXT_ORIGIN,UNKNOWN,bam_interbank_newest_1000_2026-08-10.csv; volume_mad_millions=3993.0; outstanding_mad_millions=9753; export has a middle gap
bam_interbank_weighted_average,2026-02-05,2026-02-06,2026-02-06,0.0225,current_official_historical_export,Bank Al-Maghrib,daily,decimal_rate,True,CONSERVATIVE_NEXT_ORIGIN,UNKNOWN,bam_interbank_newest_1000_2026-08-10.csv; volume_mad_millions=2277.0; outstanding_mad_millions=6837; export has a middle gap
bam_interbank_weighted_average,2026-02-06,2026-02-07,2026-02-07,0.0225,current_official_historical_export,Bank Al-Maghrib,daily,decimal_rate,True,CONSERVATIVE_NEXT_ORIGIN,UNKNOWN,bam_interbank_newest_1000_2026-08-10.csv; volume_mad_millions=1843.0; outstanding_mad_millions=6403; export has a middle gap
bam_interbank_weighted_average,2026-02-07,2026-02-08,2026-02-08,0.0225,current_official_historical_export,Bank Al-Maghrib,daily,decimal_rate,True,CONSERVATIVE_NEXT_ORIGIN,UNKNOWN,bam_interbank_newest_1000_2026-08-10.csv; volume_mad_millions=nan; outstanding_mad_millions=6403; export has a middle gap
bam_interbank_weighted_average,2026-02-08,2026-02-09,2026-02-09,0.0225,current_official_historical_export,Bank Al-Maghrib,daily,decimal_rate,True,CONSERVATIVE_NEXT_ORIGIN,UNKNOWN,bam_interbank_newest_1000_2026-08-10.csv; volume_mad_millions=nan; outstanding_mad_millions=6403; export has a middle gap
bam_interbank_weighted_average,2026-02-09,2026-02-10,2026-02-10,0.0225,current_official_historical_export,Bank Al-Maghrib,daily,decimal_rate,True,CONSERVATIVE_NEXT_ORIGIN,UNKNOWN,bam_interbank_newest_1000_2026-08-10.csv; volume_mad_millions=1933.0; outstanding_mad_millions=6493; export has a middle gap
bam_interbank_weighted_average,2026-02-10,2026-02-11,2026-02-11,0.0225,current_official_historical_export,Bank Al-Maghrib,daily,decimal_rate,True,CONSERVATIVE_NEXT_ORIGIN,UNKNOWN,bam_interbank_newest_1000_2026-08-10.csv; volume_mad_millions=2353.0; outstanding_mad_millions=6913; export has a middle gap
bam_interbank_weighted_average,2026-02-11,2026-02-12,2026-02-12,0.0225,current_official_historical_export,Bank Al-Maghrib,daily,decimal_rate,True,CONSERVATIVE_NEXT_ORIGIN,UNKNOWN,bam_interbank_newest_1000_2026-08-10.csv; volume_mad_millions=2781.0; outstanding_mad_millions=7341; export has a middle gap
bam_interbank_weighted_average,2026-02-12,2026-02-13,2026-02-13,0.0225,current_official_historical_export,Bank Al-Maghrib,daily,decimal_rate,True,CONSERVATIVE_NEXT_ORIGIN,UNKNOWN,bam_interbank_newest_1000_2026-08-10.csv; volume_mad_millions=2818.0; outstanding_mad_millions=7328; export has a middle gap
bam_interbank_weighted_average,2026-02-13,2026-02-14,2026-02-14,0.0225,current_official_historical_export,Bank Al-Maghrib,daily,decimal_rate,True,CONSERVATIVE_NEXT_ORIGIN,UNKNOWN,bam_interbank_newest_1000_2026-08-10.csv; volume_mad_millions=2683.0; outstanding_mad_millions=7193; export has a middle gap
bam_interbank_weighted_average,2026-02-14,2026-02-15,2026-02-15,0.0225,current_official_historical_export,Bank Al-Maghrib,daily,decimal_rate,True,CONSERVATIVE_NEXT_ORIGIN,UNKNOWN,bam_interbank_newest_1000_2026-08-10.csv; volume_mad_millions=nan; outstanding_mad_millions=7193; export has a middle gap
bam_interbank_weighted_average,2026-02-15,2026-02-16,2026-02-16,0.0225,current_official_historical_export,Bank Al-Maghrib,daily,decimal_rate,True,CONSERVATIVE_NEXT_ORIGIN,UNKNOWN,bam_interbank_newest_1000_2026-08-10.csv; volume_mad_millions=nan; outstanding_mad_millions=7193; export has a middle gap
bam_interbank_weighted_average,2026-02-16,2026-02-17,2026-02-17,0.0225,current_official_historical_export,Bank Al-Maghrib,daily,decimal_rate,True,CONSERVATIVE_NEXT_ORIGIN,UNKNOWN,bam_interbank_newest_1000_2026-08-10.csv; volume_mad_millions=2922.0; outstanding_mad_millions=7432; export has a middle gap
bam_interbank_weighted_average,2026-02-17,2026-02-18,2026-02-18,0.0225,current_official_historical_export,Bank Al-Maghrib,daily,decimal_rate,True,CONSERVATIVE_NEXT_ORIGIN,UNKNOWN,bam_interbank_newest_1000_2026-08-10.csv; volume_mad_millions=3471.0; outstanding_mad_millions=7981; export has a middle gap
bam_interbank_weighted_average,2026-02-18,2026-02-19,2026-02-19,0.0225,current_official_historical_export,Bank Al-Maghrib,daily,decimal_rate,True,CONSERVATIVE_NEXT_ORIGIN,UNKNOWN,bam_interbank_newest_1000_2026-08-10.csv; volume_mad_millions=3996.0; outstanding_mad_millions=8656; export has a middle gap
bam_interbank_weighted_average,2026-02-19,2026-02-20,2026-02-20,0.0225,current_official_historical_export,Bank Al-Maghrib,daily,decimal_rate,True,CONSERVATIVE_NEXT_ORIGIN,UNKNOWN,bam_interbank_newest_1000_2026-08-10.csv; volume_mad_millions=3272.0; outstanding_mad_millions=7652; export has a middle gap
bam_interbank_weighted_average,2026-02-20,2026-02-21,2026-02-21,0.0225,current_official_historical_export,Bank Al-Maghrib,daily,decimal_rate,True,CONSERVATIVE_NEXT_ORIGIN,UNKNOWN,bam_interbank_newest_1000_2026-08-10.csv; volume_mad_millions=3167.0; outstanding_mad_millions=7547; export has a middle gap
bam_interbank_weighted_average,2026-02-21,2026-02-22,2026-02-22,0.0225,current_official_historical_export,Bank Al-Maghrib,daily,decimal_rate,True,CONSERVATIVE_NEXT_ORIGIN,UNKNOWN,bam_interbank_newest_1000_2026-08-10.csv; volume_mad_millions=nan; outstanding_mad_millions=7547; export has a middle gap
bam_interbank_weighted_average,2026-02-22,2026-02-23,2026-02-23,0.0225,current_official_historical_export,Bank Al-Maghrib,daily,decimal_rate,True,CONSERVATIVE_NEXT_ORIGIN,UNKNOWN,bam_interbank_newest_1000_2026-08-10.csv; volume_mad_millions=nan; outstanding_mad_millions=7547; export has a middle gap
bam_interbank_weighted_average,2026-02-23,2026-02-24,2026-02-24,0.0225,current_official_historical_export,Bank Al-Maghrib,daily,decimal_rate,True,CONSERVATIVE_NEXT_ORIGIN,UNKNOWN,bam_interbank_newest_1000_2026-08-10.csv; volume_mad_millions=4295.0; outstanding_mad_millions=8675; export has a middle gap
bam_interbank_weighted_average,2026-02-24,2026-02-25,2026-02-25,0.0225,current_official_historical_export,Bank Al-Maghrib,daily,decimal_rate,True,CONSERVATIVE_NEXT_ORIGIN,UNKNOWN,bam_interbank_newest_1000_2026-08-10.csv; volume_mad_millions=3362.0; outstanding_mad_millions=7742; export has a middle gap
bam_interbank_weighted_average,2026-02-25,2026-02-26,2026-02-26,0.0225,current_official_historical_export,Bank Al-Maghrib,daily,decimal_rate,True,CONSERVATIVE_NEXT_ORIGIN,UNKNOWN,bam_interbank_newest_1000_2026-08-10.csv; volume_mad_millions=1936.0; outstanding_mad_millions=6316; export has a middle gap
bam_interbank_weighted_average,2026-02-26,2026-02-27,2026-02-27,0.0225,current_official_historical_export,Bank Al-Maghrib,daily,decimal_rate,True,CONSERVATIVE_NEXT_ORIGIN,UNKNOWN,bam_interbank_newest_1000_2026-08-10.csv; volume_mad_millions=2293.0; outstanding_mad_millions=7443; export has a middle gap
bam_interbank_weighted_average,2026-02-27,2026-02-28,2026-02-28,0.0225,current_official_historical_export,Bank Al-Maghrib,daily,decimal_rate,True,CONSERVATIVE_NEXT_ORIGIN,UNKNOWN,bam_interbank_newest_1000_2026-08-10.csv; volume_mad_millions=2893.0; outstanding_mad_millions=8693; export has a middle gap
bam_interbank_weighted_average,2026-02-28,2026-03-01,2026-03-01,0.0225,current_official_historical_export,Bank Al-Maghrib,daily,decimal_rate,True,CONSERVATIVE_NEXT_ORIGIN,UNKNOWN,bam_interbank_newest_1000_2026-08-10.csv; volume_mad_millions=nan; outstanding_mad_millions=8693; export has a middle gap
bam_interbank_weighted_average,2026-03-01,2026-03-02,2026-03-02,0.0225,current_official_historical_export,Bank Al-Maghrib,daily,decimal_rate,True,CONSERVATIVE_NEXT_ORIGIN,UNKNOWN,bam_interbank_newest_1000_2026-08-10.csv; volume_mad_millions=nan; outstanding_mad_millions=8693; export has a middle gap
bam_interbank_weighted_average,2026-03-02,2026-03-03,2026-03-03,0.0225,current_official_historical_export,Bank Al-Maghrib,daily,decimal_rate,True,CONSERVATIVE_NEXT_ORIGIN,UNKNOWN,bam_interbank_newest_1000_2026-08-10.csv; volume_mad_millions=4694.0; outstanding_mad_millions=10264; export has a middle gap
bam_interbank_weighted_average,2026-03-03,2026-03-04,2026-03-04,0.0225,current_official_historical_export,Bank Al-Maghrib,daily,decimal_rate,True,CONSERVATIVE_NEXT_ORIGIN,UNKNOWN,bam_interbank_newest_1000_2026-08-10.csv; volume_mad_millions=4658.0; outstanding_mad_millions=10003; export has a middle gap
bam_interbank_weighted_average,2026-03-04,2026-03-05,2026-03-05,0.0225,current_official_historical_export,Bank Al-Maghrib,daily,decimal_rate,True,CONSERVATIVE_NEXT_ORIGIN,UNKNOWN,bam_interbank_newest_1000_2026-08-10.csv; volume_mad_millions=2463.0; outstanding_mad_millions=7778; export has a middle gap
bam_interbank_weighted_average,2026-03-05,2026-03-06,2026-03-06,0.0225,current_official_historical_export,Bank Al-Maghrib,daily,decimal_rate,True,CONSERVATIVE_NEXT_ORIGIN,UNKNOWN,bam_interbank_newest_1000_2026-08-10.csv; volume_mad_millions=3232.0; outstanding_mad_millions=8242; export has a middle gap
bam_interbank_weighted_average,2026-03-06,2026-03-07,2026-03-07,0.0225,current_official_historical_export,Bank Al-Maghrib,daily,decimal_rate,True,CONSERVATIVE_NEXT_ORIGIN,UNKNOWN,bam_interbank_newest_1000_2026-08-10.csv; volume_mad_millions=3269.0; outstanding_mad_millions=8579; export has a middle gap
bam_interbank_weighted_average,2026-03-07,2026-03-08,2026-03-08,0.0225,current_official_historical_export,Bank Al-Maghrib,daily,decimal_rate,True,CONSERVATIVE_NEXT_ORIGIN,UNKNOWN,bam_interbank_newest_1000_2026-08-10.csv; volume_mad_millions=nan; outstanding_mad_millions=8579; export has a middle gap
bam_interbank_weighted_average,2026-03-08,2026-03-09,2026-03-09,0.0225,current_official_historical_export,Bank Al-Maghrib,daily,decimal_rate,True,CONSERVATIVE_NEXT_ORIGIN,UNKNOWN,bam_interbank_newest_1000_2026-08-10.csv; volume_mad_millions=nan; outstanding_mad_millions=8579; export has a middle gap
bam_interbank_weighted_average,2026-03-09,2026-03-10,2026-03-10,0.0225,current_official_historical_export,Bank Al-Maghrib,daily,decimal_rate,True,CONSERVATIVE_NEXT_ORIGIN,UNKNOWN,bam_interbank_newest_1000_2026-08-10.csv; volume_mad_millions=3666.0; outstanding_mad_millions=9126; export has a middle gap
bam_interbank_weighted_average,2026-03-10,2026-03-11,2026-03-11,0.0225,current_official_historical_export,Bank Al-Maghrib,daily,decimal_rate,True,CONSERVATIVE_NEXT_ORIGIN,UNKNOWN,bam_interbank_newest_1000_2026-08-10.csv; volume_mad_millions=3462.0; outstanding_mad_millions=8922; export has a middle gap
bam_interbank_weighted_average,2026-03-11,2026-03-12,2026-03-12,0.0225,current_official_historical_export,Bank Al-Maghrib,daily,decimal_rate,True,CONSERVATIVE_NEXT_ORIGIN,UNKNOWN,bam_interbank_newest_1000_2026-08-10.csv; volume_mad_millions=5535.0; outstanding_mad_millions=10995; export has a middle gap
bam_interbank_weighted_average,2026-03-12,2026-03-13,2026-03-13,0.0225,current_official_historical_export,Bank Al-Maghrib,daily,decimal_rate,True,CONSERVATIVE_NEXT_ORIGIN,UNKNOWN,bam_interbank_newest_1000_2026-08-10.csv; volume_mad_millions=2058.0; outstanding_mad_millions=7148; export has a middle gap
bam_interbank_weighted_average,2026-03-13,2026-03-14,2026-03-14,0.0225,current_official_historical_export,Bank Al-Maghrib,daily,decimal_rate,True,CONSERVATIVE_NEXT_ORIGIN,UNKNOWN,bam_interbank_newest_1000_2026-08-10.csv; volume_mad_millions=2568.0; outstanding_mad_millions=7728; export has a middle gap
bam_interbank_weighted_average,2026-03-14,2026-03-15,2026-03-15,0.0225,current_official_historical_export,Bank Al-Maghrib,daily,decimal_rate,True,CONSERVATIVE_NEXT_ORIGIN,UNKNOWN,bam_interbank_newest_1000_2026-08-10.csv; volume_mad_millions=nan; outstanding_mad_millions=7728; export has a middle gap
bam_interbank_weighted_average,2026-03-15,2026-03-16,2026-03-16,0.0225,current_official_historical_export,Bank Al-Maghrib,daily,decimal_rate,True,CONSERVATIVE_NEXT_ORIGIN,UNKNOWN,bam_interbank_newest_1000_2026-08-10.csv; volume_mad_millions=nan; outstanding_mad_millions=7728; export has a middle gap
bam_interbank_weighted_average,2026-03-16,2026-03-17,2026-03-17,0.0225,current_official_historical_export,Bank Al-Maghrib,daily,decimal_rate,True,CONSERVATIVE_NEXT_ORIGIN,UNKNOWN,bam_interbank_newest_1000_2026-08-10.csv; volume_mad_millions=3245.0; outstanding_mad_millions=8405; export has a middle gap
bam_interbank_weighted_average,2026-03-17,2026-03-18,2026-03-18,0.0225,current_official_historical_export,Bank Al-Maghrib,daily,decimal_rate,True,CONSERVATIVE_NEXT_ORIGIN,UNKNOWN,bam_interbank_newest_1000_2026-08-10.csv; volume_mad_millions=3003.0; outstanding_mad_millions=8163; export has a middle gap
bam_interbank_weighted_average,2026-03-18,2026-03-19,2026-03-19,0.0225,current_official_historical_export,Bank Al-Maghrib,daily,decimal_rate,True,CONSERVATIVE_NEXT_ORIGIN,UNKNOWN,bam_interbank_newest_1000_2026-08-10.csv; volume_mad_millions=3680.0; outstanding_mad_millions=8840; export has a middle gap
bam_interbank_weighted_average,2026-03-19,2026-03-20,2026-03-20,0.0225,current_official_historical_export,Bank Al-Maghrib,daily,decimal_rate,True,CONSERVATIVE_NEXT_ORIGIN,UNKNOWN,bam_interbank_newest_1000_2026-08-10.csv; volume_mad_millions=5751.0; outstanding_mad_millions=10741; export has a middle gap
bam_interbank_weighted_average,2026-03-20,2026-03-21,2026-03-21,0.0225,current_official_historical_export,Bank Al-Maghrib,daily,decimal_rate,True,CONSERVATIVE_NEXT_ORIGIN,UNKNOWN,bam_interbank_newest_1000_2026-08-10.csv; volume_mad_millions=nan; outstanding_mad_millions=10741; export has a middle gap
bam_interbank_weighted_average,2026-03-21,2026-03-22,2026-03-22,0.0225,current_official_historical_export,Bank Al-Maghrib,daily,decimal_rate,True,CONSERVATIVE_NEXT_ORIGIN,UNKNOWN,bam_interbank_newest_1000_2026-08-10.csv; volume_mad_millions=nan; outstanding_mad_millions=10741; export has a middle gap
bam_interbank_weighted_average,2026-03-22,2026-03-23,2026-03-23,0.0225,current_official_historical_export,Bank Al-Maghrib,daily,decimal_rate,True,CONSERVATIVE_NEXT_ORIGIN,UNKNOWN,bam_interbank_newest_1000_2026-08-10.csv; volume_mad_millions=nan; outstanding_mad_millions=10741; export has a middle gap
bam_interbank_weighted_average,2026-03-23,2026-03-24,2026-03-24,0.0225,current_official_historical_export,Bank Al-Maghrib,daily,decimal_rate,True,CONSERVATIVE_NEXT_ORIGIN,UNKNOWN,bam_interbank_newest_1000_2026-08-10.csv; volume_mad_millions=nan; outstanding_mad_millions=10741; export has a middle gap
bam_interbank_weighted_average,2026-03-24,2026-03-25,2026-03-25,0.0225,current_official_historical_export,Bank Al-Maghrib,daily,decimal_rate,True,CONSERVATIVE_NEXT_ORIGIN,UNKNOWN,bam_interbank_newest_1000_2026-08-10.csv; volume_mad_millions=3600.0; outstanding_mad_millions=8290; export has a middle gap
bam_interbank_weighted_average,2026-03-25,2026-03-26,2026-03-26,0.0225,current_official_historical_export,Bank Al-Maghrib,daily,decimal_rate,True,CONSERVATIVE_NEXT_ORIGIN,UNKNOWN,bam_interbank_newest_1000_2026-08-10.csv; volume_mad_millions=3934.0; outstanding_mad_millions=8624; export has a middle gap
bam_interbank_weighted_average,2026-03-26,2026-03-27,2026-03-27,0.0225,current_official_historical_export,Bank Al-Maghrib,daily,decimal_rate,True,CONSERVATIVE_NEXT_ORIGIN,UNKNOWN,bam_interbank_newest_1000_2026-08-10.csv; volume_mad_millions=6706.0; outstanding_mad_millions=10546; export has a middle gap
bam_interbank_weighted_average,2026-03-27,2026-03-28,2026-03-28,0.0225,current_official_historical_export,Bank Al-Maghrib,daily,decimal_rate,True,CONSERVATIVE_NEXT_ORIGIN,UNKNOWN,bam_interbank_newest_1000_2026-08-10.csv; volume_mad_millions=5417.0; outstanding_mad_millions=9257; export has a middle gap
bam_interbank_weighted_average,2026-03-28,2026-03-29,2026-03-29,0.0225,current_official_historical_export,Bank Al-Maghrib,daily,decimal_rate,True,CONSERVATIVE_NEXT_ORIGIN,UNKNOWN,bam_interbank_newest_1000_2026-08-10.csv; volume_mad_millions=nan; outstanding_mad_millions=9257; export has a middle gap
bam_interbank_weighted_average,2026-03-29,2026-03-30,2026-03-30,0.0225,current_official_historical_export,Bank Al-Maghrib,daily,decimal_rate,True,CONSERVATIVE_NEXT_ORIGIN,UNKNOWN,bam_interbank_newest_1000_2026-08-10.csv; volume_mad_millions=nan; outstanding_mad_millions=9257; export has a middle gap
bam_interbank_weighted_average,2026-03-30,2026-03-31,2026-03-31,0.022770000000000002,current_official_historical_export,Bank Al-Maghrib,daily,decimal_rate,True,CONSERVATIVE_NEXT_ORIGIN,UNKNOWN,bam_interbank_newest_1000_2026-08-10.csv; volume_mad_millions=5988.0; outstanding_mad_millions=9738; export has a middle gap
bam_interbank_weighted_average,2026-03-31,2026-04-01,2026-04-01,0.022789999999999998,current_official_historical_export,Bank Al-Maghrib,daily,decimal_rate,True,CONSERVATIVE_NEXT_ORIGIN,UNKNOWN,bam_interbank_newest_1000_2026-08-10.csv; volume_mad_millions=5352.0; outstanding_mad_millions=9562; export has a middle gap
bam_interbank_weighted_average,2026-04-01,2026-04-02,2026-04-02,0.0225,current_official_historical_export,Bank Al-Maghrib,daily,decimal_rate,True,CONSERVATIVE_NEXT_ORIGIN,UNKNOWN,bam_interbank_newest_1000_2026-08-10.csv; volume_mad_millions=3548.0; outstanding_mad_millions=8033; export has a middle gap
bam_interbank_weighted_average,2026-04-02,2026-04-03,2026-04-03,0.0225,current_official_historical_export,Bank Al-Maghrib,daily,decimal_rate,True,CONSERVATIVE_NEXT_ORIGIN,UNKNOWN,bam_interbank_newest_1000_2026-08-10.csv; volume_mad_millions=3090.0; outstanding_mad_millions=7115; export has a middle gap
bam_interbank_weighted_average,2026-04-03,2026-04-04,2026-04-04,0.0225,current_official_historical_export,Bank Al-Maghrib,daily,decimal_rate,True,CONSERVATIVE_NEXT_ORIGIN,UNKNOWN,bam_interbank_newest_1000_2026-08-10.csv; volume_mad_millions=2344.0; outstanding_mad_millions=7619; export has a middle gap
bam_interbank_weighted_average,2026-04-04,2026-04-05,2026-04-05,0.0225,current_official_historical_export,Bank Al-Maghrib,daily,decimal_rate,True,CONSERVATIVE_NEXT_ORIGIN,UNKNOWN,bam_interbank_newest_1000_2026-08-10.csv; volume_mad_millions=nan; outstanding_mad_millions=7619; export has a middle gap
bam_interbank_weighted_average,2026-04-05,2026-04-06,2026-04-06,0.0225,current_official_historical_export,Bank Al-Maghrib,daily,decimal_rate,True,CONSERVATIVE_NEXT_ORIGIN,UNKNOWN,bam_interbank_newest_1000_2026-08-10.csv; volume_mad_millions=nan; outstanding_mad_millions=7619; export has a middle gap
bam_interbank_weighted_average,2026-04-06,2026-04-07,2026-04-07,0.0225,current_official_historical_export,Bank Al-Maghrib,daily,decimal_rate,True,CONSERVATIVE_NEXT_ORIGIN,UNKNOWN,bam_interbank_newest_1000_2026-08-10.csv; volume_mad_millions=3282.0; outstanding_mad_millions=8557; export has a middle gap
bam_interbank_weighted_average,2026-04-07,2026-04-08,2026-04-08,0.0225,current_official_historical_export,Bank Al-Maghrib,daily,decimal_rate,True,CONSERVATIVE_NEXT_ORIGIN,UNKNOWN,bam_interbank_newest_1000_2026-08-10.csv; volume_mad_millions=1338.0; outstanding_mad_millions=6613; export has a middle gap
bam_interbank_weighted_average,2026-04-08,2026-04-09,2026-04-09,0.0225,current_official_historical_export,Bank Al-Maghrib,daily,decimal_rate,True,CONSERVATIVE_NEXT_ORIGIN,UNKNOWN,bam_interbank_newest_1000_2026-08-10.csv; volume_mad_millions=2278.0; outstanding_mad_millions=7553; export has a middle gap
bam_interbank_weighted_average,2026-04-09,2026-04-10,2026-04-10,0.0225,current_official_historical_export,Bank Al-Maghrib,daily,decimal_rate,True,CONSERVATIVE_NEXT_ORIGIN,UNKNOWN,bam_interbank_newest_1000_2026-08-10.csv; volume_mad_millions=2512.0; outstanding_mad_millions=6437; export has a middle gap
bam_interbank_weighted_average,2026-04-10,2026-04-11,2026-04-11,0.0225,current_official_historical_export,Bank Al-Maghrib,daily,decimal_rate,True,CONSERVATIVE_NEXT_ORIGIN,UNKNOWN,bam_interbank_newest_1000_2026-08-10.csv; volume_mad_millions=2704.0; outstanding_mad_millions=6029; export has a middle gap
bam_interbank_weighted_average,2026-04-11,2026-04-12,2026-04-12,0.0225,current_official_historical_export,Bank Al-Maghrib,daily,decimal_rate,True,CONSERVATIVE_NEXT_ORIGIN,UNKNOWN,bam_interbank_newest_1000_2026-08-10.csv; volume_mad_millions=nan; outstanding_mad_millions=6029; export has a middle gap
bam_interbank_weighted_average,2026-04-12,2026-04-13,2026-04-13,0.0225,current_official_historical_export,Bank Al-Maghrib,daily,decimal_rate,True,CONSERVATIVE_NEXT_ORIGIN,UNKNOWN,bam_interbank_newest_1000_2026-08-10.csv; volume_mad_millions=nan; outstanding_mad_millions=6029; export has a middle gap
bam_interbank_weighted_average,2026-04-13,2026-04-14,2026-04-14,0.0225,current_official_historical_export,Bank Al-Maghrib,daily,decimal_rate,True,CONSERVATIVE_NEXT_ORIGIN,UNKNOWN,bam_interbank_newest_1000_2026-08-10.csv; volume_mad_millions=2316.0; outstanding_mad_millions=5641; export has a middle gap
bam_interbank_weighted_average,2026-04-14,2026-04-15,2026-04-15,0.0225,current_official_historical_export,Bank Al-Maghrib,daily,decimal_rate,True,CONSERVATIVE_NEXT_ORIGIN,UNKNOWN,bam_interbank_newest_1000_2026-08-10.csv; volume_mad_millions=3416.0; outstanding_mad_millions=6441; export has a middle gap
bam_interbank_weighted_average,2026-04-15,2026-04-16,2026-04-16,0.0225,current_official_historical_export,Bank Al-Maghrib,daily,decimal_rate,True,CONSERVATIVE_NEXT_ORIGIN,UNKNOWN,bam_interbank_newest_1000_2026-08-10.csv; volume_mad_millions=3181.0; outstanding_mad_millions=6206; export has a middle gap
bam_interbank_weighted_average,2026-04-16,2026-04-17,2026-04-17,0.0225,current_official_historical_export,Bank Al-Maghrib,daily,decimal_rate,True,CONSERVATIVE_NEXT_ORIGIN,UNKNOWN,bam_interbank_newest_1000_2026-08-10.csv; volume_mad_millions=2288.0; outstanding_mad_millions=5713; export has a middle gap
bam_interbank_weighted_average,2026-04-17,2026-04-18,2026-04-18,0.0225,current_official_historical_export,Bank Al-Maghrib,daily,decimal_rate,True,CONSERVATIVE_NEXT_ORIGIN,UNKNOWN,bam_interbank_newest_1000_2026-08-10.csv; volume_mad_millions=1533.0; outstanding_mad_millions=4958; export has a middle gap
bam_interbank_weighted_average,2026-04-18,2026-04-19,2026-04-19,0.0225,current_official_historical_export,Bank Al-Maghrib,daily,decimal_rate,True,CONSERVATIVE_NEXT_ORIGIN,UNKNOWN,bam_interbank_newest_1000_2026-08-10.csv; volume_mad_millions=nan; outstanding_mad_millions=4958; export has a middle gap
bam_interbank_weighted_average,2026-04-19,2026-04-20,2026-04-20,0.0225,current_official_historical_export,Bank Al-Maghrib,daily,decimal_rate,True,CONSERVATIVE_NEXT_ORIGIN,UNKNOWN,bam_interbank_newest_1000_2026-08-10.csv; volume_mad_millions=nan; outstanding_mad_millions=4958; export has a middle gap
bam_interbank_weighted_average,2026-04-20,2026-04-21,2026-04-21,0.0225,current_official_historical_export,Bank Al-Maghrib,daily,decimal_rate,True,CONSERVATIVE_NEXT_ORIGIN,UNKNOWN,bam_interbank_newest_1000_2026-08-10.csv; volume_mad_millions=981.0; outstanding_mad_millions=4406; export has a middle gap
bam_interbank_weighted_average,2026-04-21,2026-04-22,2026-04-22,0.0225,current_official_historical_export,Bank Al-Maghrib,daily,decimal_rate,True,CONSERVATIVE_NEXT_ORIGIN,UNKNOWN,bam_interbank_newest_1000_2026-08-10.csv; volume_mad_millions=1011.0; outstanding_mad_millions=4436; export has a middle gap
bam_interbank_weighted_average,2026-04-22,2026-04-23,2026-04-23,0.0225,current_official_historical_export,Bank Al-Maghrib,daily,decimal_rate,True,CONSERVATIVE_NEXT_ORIGIN,UNKNOWN,bam_interbank_newest_1000_2026-08-10.csv; volume_mad_millions=1079.0; outstanding_mad_millions=4504; export has a middle gap
bam_interbank_weighted_average,2026-04-23,2026-04-24,2026-04-24,0.0225,current_official_historical_export,Bank Al-Maghrib,daily,decimal_rate,True,CONSERVATIVE_NEXT_ORIGIN,UNKNOWN,bam_interbank_newest_1000_2026-08-10.csv; volume_mad_millions=1403.0; outstanding_mad_millions=4958; export has a middle gap
bam_interbank_weighted_average,2026-04-24,2026-04-25,2026-04-25,0.0225,current_official_historical_export,Bank Al-Maghrib,daily,decimal_rate,True,CONSERVATIVE_NEXT_ORIGIN,UNKNOWN,bam_interbank_newest_1000_2026-08-10.csv; volume_mad_millions=1754.0; outstanding_mad_millions=5309; export has a middle gap
bam_interbank_weighted_average,2026-04-25,2026-04-26,2026-04-26,0.0225,current_official_historical_export,Bank Al-Maghrib,daily,decimal_rate,True,CONSERVATIVE_NEXT_ORIGIN,UNKNOWN,bam_interbank_newest_1000_2026-08-10.csv; volume_mad_millions=nan; outstanding_mad_millions=5309; export has a middle gap
bam_interbank_weighted_average,2026-04-26,2026-04-27,2026-04-27,0.0225,current_official_historical_export,Bank Al-Maghrib,daily,decimal_rate,True,CONSERVATIVE_NEXT_ORIGIN,UNKNOWN,bam_interbank_newest_1000_2026-08-10.csv; volume_mad_millions=nan; outstanding_mad_millions=5309; export has a middle gap
bam_interbank_weighted_average,2026-04-27,2026-04-28,2026-04-28,0.0225,current_official_historical_export,Bank Al-Maghrib,daily,decimal_rate,True,CONSERVATIVE_NEXT_ORIGIN,UNKNOWN,bam_interbank_newest_1000_2026-08-10.csv; volume_mad_millions=2678.0; outstanding_mad_millions=6103; export has a middle gap
bam_interbank_weighted_average,2026-04-28,2026-04-29,2026-04-29,0.0225,current_official_historical_export,Bank Al-Maghrib,daily,decimal_rate,True,CONSERVATIVE_NEXT_ORIGIN,UNKNOWN,bam_interbank_newest_1000_2026-08-10.csv; volume_mad_millions=1042.0; outstanding_mad_millions=4467; export has a middle gap
bam_interbank_weighted_average,2026-04-29,2026-04-30,2026-04-30,0.0225,current_official_historical_export,Bank Al-Maghrib,daily,decimal_rate,True,CONSERVATIVE_NEXT_ORIGIN,UNKNOWN,bam_interbank_newest_1000_2026-08-10.csv; volume_mad_millions=440.0; outstanding_mad_millions=4305; export has a middle gap
bam_interbank_weighted_average,2026-04-30,2026-05-01,2026-05-01,0.0225,current_official_historical_export,Bank Al-Maghrib,daily,decimal_rate,True,CONSERVATIVE_NEXT_ORIGIN,UNKNOWN,bam_interbank_newest_1000_2026-08-10.csv; volume_mad_millions=4501.0; outstanding_mad_millions=9516; export has a middle gap
bam_interbank_weighted_average,2026-05-01,2026-05-02,2026-05-02,0.0225,current_official_historical_export,Bank Al-Maghrib,daily,decimal_rate,True,CONSERVATIVE_NEXT_ORIGIN,UNKNOWN,bam_interbank_newest_1000_2026-08-10.csv; volume_mad_millions=nan; outstanding_mad_millions=9516; export has a middle gap
bam_interbank_weighted_average,2026-05-02,2026-05-03,2026-05-03,0.0225,current_official_historical_export,Bank Al-Maghrib,daily,decimal_rate,True,CONSERVATIVE_NEXT_ORIGIN,UNKNOWN,bam_interbank_newest_1000_2026-08-10.csv; volume_mad_millions=nan; outstanding_mad_millions=9516; export has a middle gap
bam_interbank_weighted_average,2026-05-03,2026-05-04,2026-05-04,0.0225,current_official_historical_export,Bank Al-Maghrib,daily,decimal_rate,True,CONSERVATIVE_NEXT_ORIGIN,UNKNOWN,bam_interbank_newest_1000_2026-08-10.csv; volume_mad_millions=nan; outstanding_mad_millions=9516; export has a middle gap
bam_interbank_weighted_average,2026-05-04,2026-05-05,2026-05-05,0.02252,current_official_historical_export,Bank Al-Maghrib,daily,decimal_rate,True,CONSERVATIVE_NEXT_ORIGIN,UNKNOWN,bam_interbank_newest_1000_2026-08-10.csv; volume_mad_millions=2671.0; outstanding_mad_millions=7626; export has a middle gap
bam_interbank_weighted_average,2026-05-05,2026-05-06,2026-05-06,0.0225,current_official_historical_export,Bank Al-Maghrib,daily,decimal_rate,True,CONSERVATIVE_NEXT_ORIGIN,UNKNOWN,bam_interbank_newest_1000_2026-08-10.csv; volume_mad_millions=1237.0; outstanding_mad_millions=5752; export has a middle gap
bam_interbank_weighted_average,2026-05-06,2026-05-07,2026-05-07,0.0225,current_official_historical_export,Bank Al-Maghrib,daily,decimal_rate,True,CONSERVATIVE_NEXT_ORIGIN,UNKNOWN,bam_interbank_newest_1000_2026-08-10.csv; volume_mad_millions=1491.0; outstanding_mad_millions=6006; export has a middle gap
bam_interbank_weighted_average,2026-05-07,2026-05-08,2026-05-08,0.0225,current_official_historical_export,Bank Al-Maghrib,daily,decimal_rate,True,CONSERVATIVE_NEXT_ORIGIN,UNKNOWN,bam_interbank_newest_1000_2026-08-10.csv; volume_mad_millions=1309.0; outstanding_mad_millions=5619; export has a middle gap
bam_interbank_weighted_average,2026-05-08,2026-05-09,2026-05-09,0.0225,current_official_historical_export,Bank Al-Maghrib,daily,decimal_rate,True,CONSERVATIVE_NEXT_ORIGIN,UNKNOWN,bam_interbank_newest_1000_2026-08-10.csv; volume_mad_millions=1406.0; outstanding_mad_millions=6466; export has a middle gap
bam_interbank_weighted_average,2026-05-09,2026-05-10,2026-05-10,0.0225,current_official_historical_export,Bank Al-Maghrib,daily,decimal_rate,True,CONSERVATIVE_NEXT_ORIGIN,UNKNOWN,bam_interbank_newest_1000_2026-08-10.csv; volume_mad_millions=nan; outstanding_mad_millions=6466; export has a middle gap
bam_interbank_weighted_average,2026-05-10,2026-05-11,2026-05-11,0.0225,current_official_historical_export,Bank Al-Maghrib,daily,decimal_rate,True,CONSERVATIVE_NEXT_ORIGIN,UNKNOWN,bam_interbank_newest_1000_2026-08-10.csv; volume_mad_millions=nan; outstanding_mad_millions=6466; export has a middle gap
bam_interbank_weighted_average,2026-05-11,2026-05-12,2026-05-12,0.0225,current_official_historical_export,Bank Al-Maghrib,daily,decimal_rate,True,CONSERVATIVE_NEXT_ORIGIN,UNKNOWN,bam_interbank_newest_1000_2026-08-10.csv; volume_mad_millions=1609.0; outstanding_mad_millions=6669; export has a middle gap
bam_interbank_weighted_average,2026-05-12,2026-05-13,2026-05-13,0.0225,current_official_historical_export,Bank Al-Maghrib,daily,decimal_rate,True,CONSERVATIVE_NEXT_ORIGIN,UNKNOWN,bam_interbank_newest_1000_2026-08-10.csv; volume_mad_millions=2455.0; outstanding_mad_millions=7515; export has a middle gap
bam_interbank_weighted_average,2026-05-13,2026-05-14,2026-05-14,0.0225,current_official_historical_export,Bank Al-Maghrib,daily,decimal_rate,True,CONSERVATIVE_NEXT_ORIGIN,UNKNOWN,bam_interbank_newest_1000_2026-08-10.csv; volume_mad_millions=1977.0; outstanding_mad_millions=7037; export has a middle gap
bam_interbank_weighted_average,2026-05-14,2026-05-15,2026-05-15,0.0225,current_official_historical_export,Bank Al-Maghrib,daily,decimal_rate,True,CONSERVATIVE_NEXT_ORIGIN,UNKNOWN,bam_interbank_newest_1000_2026-08-10.csv; volume_mad_millions=1471.0; outstanding_mad_millions=5831; export has a middle gap
bam_interbank_weighted_average,2026-05-15,2026-05-16,2026-05-16,0.0225,current_official_historical_export,Bank Al-Maghrib,daily,decimal_rate,True,CONSERVATIVE_NEXT_ORIGIN,UNKNOWN,bam_interbank_newest_1000_2026-08-10.csv; volume_mad_millions=1672.0; outstanding_mad_millions=5982; export has a middle gap
bam_interbank_weighted_average,2026-05-16,2026-05-17,2026-05-17,0.0225,current_official_historical_export,Bank Al-Maghrib,daily,decimal_rate,True,CONSERVATIVE_NEXT_ORIGIN,UNKNOWN,bam_interbank_newest_1000_2026-08-10.csv; volume_mad_millions=nan; outstanding_mad_millions=5982; export has a middle gap
bam_interbank_weighted_average,2026-05-17,2026-05-18,2026-05-18,0.0225,current_official_historical_export,Bank Al-Maghrib,daily,decimal_rate,True,CONSERVATIVE_NEXT_ORIGIN,UNKNOWN,bam_interbank_newest_1000_2026-08-10.csv; volume_mad_millions=nan; outstanding_mad_millions=5982; export has a middle gap
bam_interbank_weighted_average,2026-05-18,2026-05-19,2026-05-19,0.0225,current_official_historical_export,Bank Al-Maghrib,daily,decimal_rate,True,CONSERVATIVE_NEXT_ORIGIN,UNKNOWN,bam_interbank_newest_1000_2026-08-10.csv; volume_mad_millions=1218.0; outstanding_mad_millions=5528; export has a middle gap
bam_interbank_weighted_average,2026-05-19,2026-05-20,2026-05-20,0.0225,current_official_historical_export,Bank Al-Maghrib,daily,decimal_rate,True,CONSERVATIVE_NEXT_ORIGIN,UNKNOWN,bam_interbank_newest_1000_2026-08-10.csv; volume_mad_millions=1700.0; outstanding_mad_millions=6010; export has a middle gap
bam_interbank_weighted_average,2026-05-20,2026-05-21,2026-05-21,0.0225,current_official_historical_export,Bank Al-Maghrib,daily,decimal_rate,True,CONSERVATIVE_NEXT_ORIGIN,UNKNOWN,bam_interbank_newest_1000_2026-08-10.csv; volume_mad_millions=2341.0; outstanding_mad_millions=6701; export has a middle gap
bam_interbank_weighted_average,2026-05-21,2026-05-22,2026-05-22,0.0225,current_official_historical_export,Bank Al-Maghrib,daily,decimal_rate,True,CONSERVATIVE_NEXT_ORIGIN,UNKNOWN,bam_interbank_newest_1000_2026-08-10.csv; volume_mad_millions=757.0; outstanding_mad_millions=3813; export has a middle gap
bam_interbank_weighted_average,2026-05-22,2026-05-23,2026-05-23,0.0225,current_official_historical_export,Bank Al-Maghrib,daily,decimal_rate,True,CONSERVATIVE_NEXT_ORIGIN,UNKNOWN,bam_interbank_newest_1000_2026-08-10.csv; volume_mad_millions=1014.0; outstanding_mad_millions=4070; export has a middle gap
bam_interbank_weighted_average,2026-05-23,2026-05-24,2026-05-24,0.0225,current_official_historical_export,Bank Al-Maghrib,daily,decimal_rate,True,CONSERVATIVE_NEXT_ORIGIN,UNKNOWN,bam_interbank_newest_1000_2026-08-10.csv; volume_mad_millions=nan; outstanding_mad_millions=4070; export has a middle gap
bam_interbank_weighted_average,2026-05-24,2026-05-25,2026-05-25,0.0225,current_official_historical_export,Bank Al-Maghrib,daily,decimal_rate,True,CONSERVATIVE_NEXT_ORIGIN,UNKNOWN,bam_interbank_newest_1000_2026-08-10.csv; volume_mad_millions=nan; outstanding_mad_millions=4070; export has a middle gap
bam_interbank_weighted_average,2026-05-25,2026-05-26,2026-05-26,0.0225,current_official_historical_export,Bank Al-Maghrib,daily,decimal_rate,True,CONSERVATIVE_NEXT_ORIGIN,UNKNOWN,bam_interbank_newest_1000_2026-08-10.csv; volume_mad_millions=2351.0; outstanding_mad_millions=5117; export has a middle gap
bam_interbank_weighted_average,2026-05-26,2026-05-27,2026-05-27,0.0225,current_official_historical_export,Bank Al-Maghrib,daily,decimal_rate,True,CONSERVATIVE_NEXT_ORIGIN,UNKNOWN,bam_interbank_newest_1000_2026-08-10.csv; volume_mad_millions=2724.0; outstanding_mad_millions=5964; export has a middle gap
bam_interbank_weighted_average,2026-05-27,2026-05-28,2026-05-28,0.0225,current_official_historical_export,Bank Al-Maghrib,daily,decimal_rate,True,CONSERVATIVE_NEXT_ORIGIN,UNKNOWN,bam_interbank_newest_1000_2026-08-10.csv; volume_mad_millions=nan; outstanding_mad_millions=5964; export has a middle gap
bam_interbank_weighted_average,2026-05-28,2026-05-29,2026-05-29,0.0225,current_official_historical_export,Bank Al-Maghrib,daily,decimal_rate,True,CONSERVATIVE_NEXT_ORIGIN,UNKNOWN,bam_interbank_newest_1000_2026-08-10.csv; volume_mad_millions=nan; outstanding_mad_millions=5964; export has a middle gap
bam_interbank_weighted_average,2026-05-29,2026-05-30,2026-05-30,0.0225,current_official_historical_export,Bank Al-Maghrib,daily,decimal_rate,True,CONSERVATIVE_NEXT_ORIGIN,UNKNOWN,bam_interbank_newest_1000_2026-08-10.csv; volume_mad_millions=nan; outstanding_mad_millions=5964; export has a middle gap
bam_interbank_weighted_average,2026-05-30,2026-05-31,2026-05-31,0.0225,current_official_historical_export,Bank Al-Maghrib,daily,decimal_rate,True,CONSERVATIVE_NEXT_ORIGIN,UNKNOWN,bam_interbank_newest_1000_2026-08-10.csv; volume_mad_millions=nan; outstanding_mad_millions=5964; export has a middle gap
bam_interbank_weighted_average,2026-05-31,2026-06-01,2026-06-01,0.0225,current_official_historical_export,Bank Al-Maghrib,daily,decimal_rate,True,CONSERVATIVE_NEXT_ORIGIN,UNKNOWN,bam_interbank_newest_1000_2026-08-10.csv; volume_mad_millions=nan; outstanding_mad_millions=5964; export has a middle gap
bam_interbank_weighted_average,2026-06-01,2026-06-02,2026-06-02,0.0225,current_official_historical_export,Bank Al-Maghrib,daily,decimal_rate,True,CONSERVATIVE_NEXT_ORIGIN,UNKNOWN,bam_interbank_newest_1000_2026-08-10.csv; volume_mad_millions=3157.0; outstanding_mad_millions=8597; export has a middle gap
bam_interbank_weighted_average,2026-06-02,2026-06-03,2026-06-03,0.0225,current_official_historical_export,Bank Al-Maghrib,daily,decimal_rate,True,CONSERVATIVE_NEXT_ORIGIN,UNKNOWN,bam_interbank_newest_1000_2026-08-10.csv; volume_mad_millions=2276.0; outstanding_mad_millions=7006; export has a middle gap
bam_interbank_weighted_average,2026-06-03,2026-06-04,2026-06-04,0.0225,current_official_historical_export,Bank Al-Maghrib,daily,decimal_rate,True,CONSERVATIVE_NEXT_ORIGIN,UNKNOWN,bam_interbank_newest_1000_2026-08-10.csv; volume_mad_millions=1700.0; outstanding_mad_millions=6430; export has a middle gap
bam_interbank_weighted_average,2026-06-04,2026-06-05,2026-06-05,0.0225,current_official_historical_export,Bank Al-Maghrib,daily,decimal_rate,True,CONSERVATIVE_NEXT_ORIGIN,UNKNOWN,bam_interbank_newest_1000_2026-08-10.csv; volume_mad_millions=937.0; outstanding_mad_millions=5267; export has a middle gap
bam_interbank_weighted_average,2026-06-05,2026-06-06,2026-06-06,0.0225,current_official_historical_export,Bank Al-Maghrib,daily,decimal_rate,True,CONSERVATIVE_NEXT_ORIGIN,UNKNOWN,bam_interbank_newest_1000_2026-08-10.csv; volume_mad_millions=1046.0; outstanding_mad_millions=5376; export has a middle gap
bam_interbank_weighted_average,2026-06-06,2026-06-07,2026-06-07,0.0225,current_official_historical_export,Bank Al-Maghrib,daily,decimal_rate,True,CONSERVATIVE_NEXT_ORIGIN,UNKNOWN,bam_interbank_newest_1000_2026-08-10.csv; volume_mad_millions=nan; outstanding_mad_millions=5376; export has a middle gap
bam_interbank_weighted_average,2026-06-07,2026-06-08,2026-06-08,0.0225,current_official_historical_export,Bank Al-Maghrib,daily,decimal_rate,True,CONSERVATIVE_NEXT_ORIGIN,UNKNOWN,bam_interbank_newest_1000_2026-08-10.csv; volume_mad_millions=nan; outstanding_mad_millions=5376; export has a middle gap
bam_interbank_weighted_average,2026-06-08,2026-06-09,2026-06-09,0.02247,current_official_historical_export,Bank Al-Maghrib,daily,decimal_rate,True,CONSERVATIVE_NEXT_ORIGIN,UNKNOWN,bam_interbank_newest_1000_2026-08-10.csv; volume_mad_millions=1375.0; outstanding_mad_millions=5655; export has a middle gap
bam_interbank_weighted_average,2026-06-09,2026-06-10,2026-06-10,0.0225,current_official_historical_export,Bank Al-Maghrib,daily,decimal_rate,True,CONSERVATIVE_NEXT_ORIGIN,UNKNOWN,bam_interbank_newest_1000_2026-08-10.csv; volume_mad_millions=1044.0; outstanding_mad_millions=5324; export has a middle gap
bam_interbank_weighted_average,2026-06-10,2026-06-11,2026-06-11,0.0225,current_official_historical_export,Bank Al-Maghrib,daily,decimal_rate,True,CONSERVATIVE_NEXT_ORIGIN,UNKNOWN,bam_interbank_newest_1000_2026-08-10.csv; volume_mad_millions=899.0; outstanding_mad_millions=5359; export has a middle gap
bam_interbank_weighted_average,2026-06-11,2026-06-12,2026-06-12,0.0225,current_official_historical_export,Bank Al-Maghrib,daily,decimal_rate,True,CONSERVATIVE_NEXT_ORIGIN,UNKNOWN,bam_interbank_newest_1000_2026-08-10.csv; volume_mad_millions=873.0; outstanding_mad_millions=6213; export has a middle gap
bam_interbank_weighted_average,2026-06-12,2026-06-13,2026-06-13,0.0225,current_official_historical_export,Bank Al-Maghrib,daily,decimal_rate,True,CONSERVATIVE_NEXT_ORIGIN,UNKNOWN,bam_interbank_newest_1000_2026-08-10.csv; volume_mad_millions=1267.0; outstanding_mad_millions=6607; export has a middle gap
bam_interbank_weighted_average,2026-06-13,2026-06-14,2026-06-14,0.0225,current_official_historical_export,Bank Al-Maghrib,daily,decimal_rate,True,CONSERVATIVE_NEXT_ORIGIN,UNKNOWN,bam_interbank_newest_1000_2026-08-10.csv; volume_mad_millions=nan; outstanding_mad_millions=6607; export has a middle gap
bam_interbank_weighted_average,2026-06-14,2026-06-15,2026-06-15,0.0225,current_official_historical_export,Bank Al-Maghrib,daily,decimal_rate,True,CONSERVATIVE_NEXT_ORIGIN,UNKNOWN,bam_interbank_newest_1000_2026-08-10.csv; volume_mad_millions=nan; outstanding_mad_millions=6607; export has a middle gap
bam_interbank_weighted_average,2026-06-15,2026-06-16,2026-06-16,0.0225,current_official_historical_export,Bank Al-Maghrib,daily,decimal_rate,True,CONSERVATIVE_NEXT_ORIGIN,UNKNOWN,bam_interbank_newest_1000_2026-08-10.csv; volume_mad_millions=3808.0; outstanding_mad_millions=9548; export has a middle gap
bam_interbank_weighted_average,2026-06-16,2026-06-17,2026-06-17,0.0225,current_official_historical_export,Bank Al-Maghrib,daily,decimal_rate,True,CONSERVATIVE_NEXT_ORIGIN,UNKNOWN,bam_interbank_newest_1000_2026-08-10.csv; volume_mad_millions=4314.0; outstanding_mad_millions=10054; export has a middle gap
bam_interbank_weighted_average,2026-06-17,2026-06-18,2026-06-18,0.0225,current_official_historical_export,Bank Al-Maghrib,daily,decimal_rate,True,CONSERVATIVE_NEXT_ORIGIN,UNKNOWN,bam_interbank_newest_1000_2026-08-10.csv; volume_mad_millions=nan; outstanding_mad_millions=10054; export has a middle gap
bam_interbank_weighted_average,2026-06-18,2026-06-19,2026-06-19,0.0225,current_official_historical_export,Bank Al-Maghrib,daily,decimal_rate,True,CONSERVATIVE_NEXT_ORIGIN,UNKNOWN,bam_interbank_newest_1000_2026-08-10.csv; volume_mad_millions=3501.0; outstanding_mad_millions=8451; export has a middle gap
bam_interbank_weighted_average,2026-06-19,2026-06-20,2026-06-20,0.0225,current_official_historical_export,Bank Al-Maghrib,daily,decimal_rate,True,CONSERVATIVE_NEXT_ORIGIN,UNKNOWN,bam_interbank_newest_1000_2026-08-10.csv; volume_mad_millions=3270.0; outstanding_mad_millions=8620; export has a middle gap
bam_interbank_weighted_average,2026-06-20,2026-06-21,2026-06-21,0.0225,current_official_historical_export,Bank Al-Maghrib,daily,decimal_rate,True,CONSERVATIVE_NEXT_ORIGIN,UNKNOWN,bam_interbank_newest_1000_2026-08-10.csv; volume_mad_millions=nan; outstanding_mad_millions=8620; export has a middle gap
bam_interbank_weighted_average,2026-06-21,2026-06-22,2026-06-22,0.0225,current_official_historical_export,Bank Al-Maghrib,daily,decimal_rate,True,CONSERVATIVE_NEXT_ORIGIN,UNKNOWN,bam_interbank_newest_1000_2026-08-10.csv; volume_mad_millions=nan; outstanding_mad_millions=8620; export has a middle gap
bam_interbank_weighted_average,2026-06-22,2026-06-23,2026-06-23,0.0225,current_official_historical_export,Bank Al-Maghrib,daily,decimal_rate,True,CONSERVATIVE_NEXT_ORIGIN,UNKNOWN,bam_interbank_newest_1000_2026-08-10.csv; volume_mad_millions=3493.0; outstanding_mad_millions=8343; export has a middle gap
bam_interbank_weighted_average,2026-06-23,2026-06-24,2026-06-24,0.0225,current_official_historical_export,Bank Al-Maghrib,daily,decimal_rate,True,CONSERVATIVE_NEXT_ORIGIN,UNKNOWN,bam_interbank_newest_1000_2026-08-10.csv; volume_mad_millions=2942.0; outstanding_mad_millions=7792; export has a middle gap
bam_interbank_weighted_average,2026-06-24,2026-06-25,2026-06-25,0.0225,current_official_historical_export,Bank Al-Maghrib,daily,decimal_rate,True,CONSERVATIVE_NEXT_ORIGIN,UNKNOWN,bam_interbank_newest_1000_2026-08-10.csv; volume_mad_millions=3290.0; outstanding_mad_millions=8140; export has a middle gap
bam_interbank_weighted_average,2026-06-25,2026-06-26,2026-06-26,0.0225,current_official_historical_export,Bank Al-Maghrib,daily,decimal_rate,True,CONSERVATIVE_NEXT_ORIGIN,UNKNOWN,bam_interbank_newest_1000_2026-08-10.csv; volume_mad_millions=1643.0; outstanding_mad_millions=6113; export has a middle gap
bam_interbank_weighted_average,2026-06-26,2026-06-27,2026-06-27,0.0225,current_official_historical_export,Bank Al-Maghrib,daily,decimal_rate,True,CONSERVATIVE_NEXT_ORIGIN,UNKNOWN,bam_interbank_newest_1000_2026-08-10.csv; volume_mad_millions=2140.0; outstanding_mad_millions=7310; export has a middle gap
bam_interbank_weighted_average,2026-06-27,2026-06-28,2026-06-28,0.0225,current_official_historical_export,Bank Al-Maghrib,daily,decimal_rate,True,CONSERVATIVE_NEXT_ORIGIN,UNKNOWN,bam_interbank_newest_1000_2026-08-10.csv; volume_mad_millions=nan; outstanding_mad_millions=7310; export has a middle gap
bam_interbank_weighted_average,2026-06-28,2026-06-29,2026-06-29,0.0225,current_official_historical_export,Bank Al-Maghrib,daily,decimal_rate,True,CONSERVATIVE_NEXT_ORIGIN,UNKNOWN,bam_interbank_newest_1000_2026-08-10.csv; volume_mad_millions=nan; outstanding_mad_millions=7310; export has a middle gap
bam_interbank_weighted_average,2026-06-29,2026-06-30,2026-06-30,0.0225,current_official_historical_export,Bank Al-Maghrib,daily,decimal_rate,True,CONSERVATIVE_NEXT_ORIGIN,UNKNOWN,bam_interbank_newest_1000_2026-08-10.csv; volume_mad_millions=426.0; outstanding_mad_millions=6686; export has a middle gap
bam_interbank_weighted_average,2026-06-30,2026-07-01,2026-07-01,0.0225,current_official_historical_export,Bank Al-Maghrib,daily,decimal_rate,True,CONSERVATIVE_NEXT_ORIGIN,UNKNOWN,bam_interbank_newest_1000_2026-08-10.csv; volume_mad_millions=1981.0; outstanding_mad_millions=8441; export has a middle gap
bam_interbank_weighted_average,2026-07-01,2026-07-02,2026-07-02,0.0225,current_official_historical_export,Bank Al-Maghrib,daily,decimal_rate,True,CONSERVATIVE_NEXT_ORIGIN,UNKNOWN,bam_interbank_newest_1000_2026-08-10.csv; volume_mad_millions=2329.0; outstanding_mad_millions=8999; export has a middle gap
bam_interbank_weighted_average,2026-07-02,2026-07-03,2026-07-03,0.0225,current_official_historical_export,Bank Al-Maghrib,daily,decimal_rate,True,CONSERVATIVE_NEXT_ORIGIN,UNKNOWN,bam_interbank_newest_1000_2026-08-10.csv; volume_mad_millions=2356.0; outstanding_mad_millions=6521; export has a middle gap
bam_interbank_weighted_average,2026-07-03,2026-07-04,2026-07-04,0.0225,current_official_historical_export,Bank Al-Maghrib,daily,decimal_rate,True,CONSERVATIVE_NEXT_ORIGIN,UNKNOWN,bam_interbank_newest_1000_2026-08-10.csv; volume_mad_millions=2080.0; outstanding_mad_millions=6245; export has a middle gap
bam_interbank_weighted_average,2026-07-04,2026-07-05,2026-07-05,0.0225,current_official_historical_export,Bank Al-Maghrib,daily,decimal_rate,True,CONSERVATIVE_NEXT_ORIGIN,UNKNOWN,bam_interbank_newest_1000_2026-08-10.csv; volume_mad_millions=nan; outstanding_mad_millions=6245; export has a middle gap
bam_interbank_weighted_average,2026-07-05,2026-07-06,2026-07-06,0.0225,current_official_historical_export,Bank Al-Maghrib,daily,decimal_rate,True,CONSERVATIVE_NEXT_ORIGIN,UNKNOWN,bam_interbank_newest_1000_2026-08-10.csv; volume_mad_millions=nan; outstanding_mad_millions=6245; export has a middle gap
bam_interbank_weighted_average,2026-07-06,2026-07-07,2026-07-07,0.0225,current_official_historical_export,Bank Al-Maghrib,daily,decimal_rate,True,CONSERVATIVE_NEXT_ORIGIN,UNKNOWN,bam_interbank_newest_1000_2026-08-10.csv; volume_mad_millions=1517.0; outstanding_mad_millions=5682; export has a middle gap
bam_interbank_weighted_average,2026-07-07,2026-07-08,2026-07-08,0.0225,current_official_historical_export,Bank Al-Maghrib,daily,decimal_rate,True,CONSERVATIVE_NEXT_ORIGIN,UNKNOWN,bam_interbank_newest_1000_2026-08-10.csv; volume_mad_millions=2441.0; outstanding_mad_millions=6606; export has a middle gap
bam_interbank_weighted_average,2026-07-08,2026-07-09,2026-07-09,0.0225,current_official_historical_export,Bank Al-Maghrib,daily,decimal_rate,True,CONSERVATIVE_NEXT_ORIGIN,UNKNOWN,bam_interbank_newest_1000_2026-08-10.csv; volume_mad_millions=1499.0; outstanding_mad_millions=5664; export has a middle gap
bam_interbank_weighted_average,2026-07-09,2026-07-10,2026-07-10,0.0225,current_official_historical_export,Bank Al-Maghrib,daily,decimal_rate,True,CONSERVATIVE_NEXT_ORIGIN,UNKNOWN,bam_interbank_newest_1000_2026-08-10.csv; volume_mad_millions=3186.0; outstanding_mad_millions=8276; export has a middle gap
bam_interbank_weighted_average,2026-07-10,2026-07-11,2026-07-11,0.0225,current_official_historical_export,Bank Al-Maghrib,daily,decimal_rate,True,CONSERVATIVE_NEXT_ORIGIN,UNKNOWN,bam_interbank_newest_1000_2026-08-10.csv; volume_mad_millions=2454.0; outstanding_mad_millions=8024; export has a middle gap
bam_interbank_weighted_average,2026-07-11,2026-07-12,2026-07-12,0.0225,current_official_historical_export,Bank Al-Maghrib,daily,decimal_rate,True,CONSERVATIVE_NEXT_ORIGIN,UNKNOWN,bam_interbank_newest_1000_2026-08-10.csv; volume_mad_millions=nan; outstanding_mad_millions=8024; export has a middle gap
bam_interbank_weighted_average,2026-07-12,2026-07-13,2026-07-13,0.0225,current_official_historical_export,Bank Al-Maghrib,daily,decimal_rate,True,CONSERVATIVE_NEXT_ORIGIN,UNKNOWN,bam_interbank_newest_1000_2026-08-10.csv; volume_mad_millions=nan; outstanding_mad_millions=8024; export has a middle gap
bam_interbank_weighted_average,2026-07-13,2026-07-14,2026-07-14,0.0225,current_official_historical_export,Bank Al-Maghrib,daily,decimal_rate,True,CONSERVATIVE_NEXT_ORIGIN,UNKNOWN,bam_interbank_newest_1000_2026-08-10.csv; volume_mad_millions=3770.0; outstanding_mad_millions=9140; export has a middle gap
bam_interbank_weighted_average,2026-07-14,2026-07-15,2026-07-15,0.0225,current_official_historical_export,Bank Al-Maghrib,daily,decimal_rate,True,CONSERVATIVE_NEXT_ORIGIN,UNKNOWN,bam_interbank_newest_1000_2026-08-10.csv; volume_mad_millions=2817.0; outstanding_mad_millions=8187; export has a middle gap
bam_interbank_weighted_average,2026-07-15,2026-07-16,2026-07-16,0.0225,current_official_historical_export,Bank Al-Maghrib,daily,decimal_rate,True,CONSERVATIVE_NEXT_ORIGIN,UNKNOWN,bam_interbank_newest_1000_2026-08-10.csv; volume_mad_millions=5180.0; outstanding_mad_millions=10550; export has a middle gap
bam_interbank_weighted_average,2026-07-16,2026-07-17,2026-07-17,0.0225,current_official_historical_export,Bank Al-Maghrib,daily,decimal_rate,True,CONSERVATIVE_NEXT_ORIGIN,UNKNOWN,bam_interbank_newest_1000_2026-08-10.csv; volume_mad_millions=3814.0; outstanding_mad_millions=9214; export has a middle gap
bam_interbank_weighted_average,2026-07-17,2026-07-18,2026-07-18,0.0225,current_official_historical_export,Bank Al-Maghrib,daily,decimal_rate,True,CONSERVATIVE_NEXT_ORIGIN,UNKNOWN,bam_interbank_newest_1000_2026-08-10.csv; volume_mad_millions=4449.0; outstanding_mad_millions=9849; export has a middle gap
bam_interbank_weighted_average,2026-07-18,2026-07-19,2026-07-19,0.0225,current_official_historical_export,Bank Al-Maghrib,daily,decimal_rate,True,CONSERVATIVE_NEXT_ORIGIN,UNKNOWN,bam_interbank_newest_1000_2026-08-10.csv; volume_mad_millions=nan; outstanding_mad_millions=9849; export has a middle gap
bam_interbank_weighted_average,2026-07-19,2026-07-20,2026-07-20,0.0225,current_official_historical_export,Bank Al-Maghrib,daily,decimal_rate,True,CONSERVATIVE_NEXT_ORIGIN,UNKNOWN,bam_interbank_newest_1000_2026-08-10.csv; volume_mad_millions=nan; outstanding_mad_millions=9849; export has a middle gap
bam_interbank_weighted_average,2026-07-20,2026-07-21,2026-07-21,0.0225,current_official_historical_export,Bank Al-Maghrib,daily,decimal_rate,True,CONSERVATIVE_NEXT_ORIGIN,UNKNOWN,bam_interbank_newest_1000_2026-08-10.csv; volume_mad_millions=4330.0; outstanding_mad_millions=9480; export has a middle gap
bam_interbank_weighted_average,2026-07-21,2026-07-22,2026-07-22,0.0225,current_official_historical_export,Bank Al-Maghrib,daily,decimal_rate,True,CONSERVATIVE_NEXT_ORIGIN,UNKNOWN,bam_interbank_newest_1000_2026-08-10.csv; volume_mad_millions=3300.0; outstanding_mad_millions=8330; export has a middle gap
bam_interbank_weighted_average,2026-07-22,2026-07-23,2026-07-23,0.0225,current_official_historical_export,Bank Al-Maghrib,daily,decimal_rate,True,CONSERVATIVE_NEXT_ORIGIN,UNKNOWN,bam_interbank_newest_1000_2026-08-10.csv; volume_mad_millions=3690.0; outstanding_mad_millions=8720; export has a middle gap
bam_interbank_weighted_average,2026-07-23,2026-07-24,2026-07-24,0.0225,current_official_historical_export,Bank Al-Maghrib,daily,decimal_rate,True,CONSERVATIVE_NEXT_ORIGIN,UNKNOWN,bam_interbank_newest_1000_2026-08-10.csv; volume_mad_millions=3511.0; outstanding_mad_millions=8151; export has a middle gap
bam_interbank_weighted_average,2026-07-24,2026-07-25,2026-07-25,0.0225,current_official_historical_export,Bank Al-Maghrib,daily,decimal_rate,True,CONSERVATIVE_NEXT_ORIGIN,UNKNOWN,bam_interbank_newest_1000_2026-08-10.csv; volume_mad_millions=4150.0; outstanding_mad_millions=8790; export has a middle gap
bam_interbank_weighted_average,2026-07-25,2026-07-26,2026-07-26,0.0225,current_official_historical_export,Bank Al-Maghrib,daily,decimal_rate,True,CONSERVATIVE_NEXT_ORIGIN,UNKNOWN,bam_interbank_newest_1000_2026-08-10.csv; volume_mad_millions=nan; outstanding_mad_millions=8790; export has a middle gap
bam_interbank_weighted_average,2026-07-26,2026-07-27,2026-07-27,0.0225,current_official_historical_export,Bank Al-Maghrib,daily,decimal_rate,True,CONSERVATIVE_NEXT_ORIGIN,UNKNOWN,bam_interbank_newest_1000_2026-08-10.csv; volume_mad_millions=nan; outstanding_mad_millions=8790; export has a middle gap
bam_interbank_weighted_average,2026-07-27,2026-07-28,2026-07-28,0.0225,current_official_historical_export,Bank Al-Maghrib,daily,decimal_rate,True,CONSERVATIVE_NEXT_ORIGIN,UNKNOWN,bam_interbank_newest_1000_2026-08-10.csv; volume_mad_millions=3833.0; outstanding_mad_millions=8403; export has a middle gap
bam_interbank_weighted_average,2026-07-28,2026-07-29,2026-07-29,0.0225,current_official_historical_export,Bank Al-Maghrib,daily,decimal_rate,True,CONSERVATIVE_NEXT_ORIGIN,UNKNOWN,bam_interbank_newest_1000_2026-08-10.csv; volume_mad_millions=4515.0; outstanding_mad_millions=9085; export has a middle gap
bam_interbank_weighted_average,2026-07-29,2026-07-30,2026-07-30,0.0225,current_official_historical_export,Bank Al-Maghrib,daily,decimal_rate,True,CONSERVATIVE_NEXT_ORIGIN,UNKNOWN,bam_interbank_newest_1000_2026-08-10.csv; volume_mad_millions=5263.0; outstanding_mad_millions=10273; export has a middle gap
bam_interbank_weighted_average,2026-07-30,2026-07-31,2026-07-31,0.0225,current_official_historical_export,Bank Al-Maghrib,daily,decimal_rate,True,CONSERVATIVE_NEXT_ORIGIN,UNKNOWN,bam_interbank_newest_1000_2026-08-10.csv; volume_mad_millions=nan; outstanding_mad_millions=10273; export has a middle gap
bam_interbank_weighted_average,2026-07-31,2026-08-01,2026-08-01,0.0225,current_official_historical_export,Bank Al-Maghrib,daily,decimal_rate,True,CONSERVATIVE_NEXT_ORIGIN,UNKNOWN,bam_interbank_newest_1000_2026-08-10.csv; volume_mad_millions=2183.0; outstanding_mad_millions=7423; export has a middle gap
bam_interbank_weighted_average,2026-08-01,2026-08-02,2026-08-02,0.0225,current_official_historical_export,Bank Al-Maghrib,daily,decimal_rate,True,CONSERVATIVE_NEXT_ORIGIN,UNKNOWN,bam_interbank_newest_1000_2026-08-10.csv; volume_mad_millions=nan; outstanding_mad_millions=7423; export has a middle gap
bam_interbank_weighted_average,2026-08-02,2026-08-03,2026-08-03,0.0225,current_official_historical_export,Bank Al-Maghrib,daily,decimal_rate,True,CONSERVATIVE_NEXT_ORIGIN,UNKNOWN,bam_interbank_newest_1000_2026-08-10.csv; volume_mad_millions=nan; outstanding_mad_millions=7423; export has a middle gap
bam_interbank_weighted_average,2026-08-03,2026-08-04,2026-08-04,0.0225,current_official_historical_export,Bank Al-Maghrib,daily,decimal_rate,True,CONSERVATIVE_NEXT_ORIGIN,UNKNOWN,bam_interbank_newest_1000_2026-08-10.csv; volume_mad_millions=2759.0; outstanding_mad_millions=7549; export has a middle gap
bam_interbank_weighted_average,2026-08-04,2026-08-05,2026-08-05,0.0225,current_official_historical_export,Bank Al-Maghrib,daily,decimal_rate,True,CONSERVATIVE_NEXT_ORIGIN,UNKNOWN,bam_interbank_newest_1000_2026-08-10.csv; volume_mad_millions=2747.0; outstanding_mad_millions=7497; export has a middle gap
bam_interbank_weighted_average,2026-08-05,2026-08-06,2026-08-06,0.0225,current_official_historical_export,Bank Al-Maghrib,daily,decimal_rate,True,CONSERVATIVE_NEXT_ORIGIN,UNKNOWN,bam_interbank_newest_1000_2026-08-10.csv; volume_mad_millions=2881.0; outstanding_mad_millions=7881; export has a middle gap
bam_interbank_weighted_average,2026-08-06,2026-08-07,2026-08-07,0.0225,current_official_historical_export,Bank Al-Maghrib,daily,decimal_rate,True,CONSERVATIVE_NEXT_ORIGIN,UNKNOWN,bam_interbank_newest_1000_2026-08-10.csv; volume_mad_millions=1961.0; outstanding_mad_millions=7571; export has a middle gap
bam_interbank_weighted_average,2026-08-07,2026-08-08,2026-08-08,0.0225,current_official_historical_export,Bank Al-Maghrib,daily,decimal_rate,True,CONSERVATIVE_NEXT_ORIGIN,UNKNOWN,bam_interbank_newest_1000_2026-08-10.csv; volume_mad_millions=1550.0; outstanding_mad_millions=7060; export has a middle gap
bam_interbank_weighted_average,2026-08-08,2026-08-09,2026-08-09,0.0225,current_official_historical_export,Bank Al-Maghrib,daily,decimal_rate,True,CONSERVATIVE_NEXT_ORIGIN,UNKNOWN,bam_interbank_newest_1000_2026-08-10.csv; volume_mad_millions=nan; outstanding_mad_millions=7060; export has a middle gap
bam_interbank_weighted_average,2026-08-09,2026-08-10,2026-08-10,0.0225,current_official_historical_export,Bank Al-Maghrib,daily,decimal_rate,True,CONSERVATIVE_NEXT_ORIGIN,UNKNOWN,bam_interbank_newest_1000_2026-08-10.csv; volume_mad_millions=nan; outstanding_mad_millions=7060; export has a middle gap
