forecast_origin,loss_diff,abs_diff,cumulative_squared_error_difference,rolling_rmse_loss_difference_12,model,horizon
2021-12-31,-4.067026423634848e-09,-1.4794633116022388e-05,-4.067026423634848e-09,,DIRECT_AR,5
2022-01-31,2.2329503398737235e-08,1.3391517917373928e-05,1.8262476975102388e-08,,DIRECT_AR,5
2022-02-28,2.4945407793419957e-09,4.941810619779175e-06,2.0757017754444385e-08,,DIRECT_AR,5
2022-03-31,5.0130466855414875e-09,2.3395034483390632e-05,2.5770064439985874e-08,6.4425161099964676e-09,DIRECT_AR,5
2022-04-29,7.3525685554150265e-09,2.0020397124681963e-05,3.31226329954009e-08,6.6245265990801795e-09,DIRECT_AR,5
2022-05-31,8.436049695710985e-09,2.5415552734551874e-05,4.155868269111188e-08,6.9264471151853136e-09,DIRECT_AR,5
2022-06-24,-5.744489247409635e-09,-2.109352460337273e-05,3.5814193443702246e-08,5.116313349100321e-09,DIRECT_AR,5
2022-07-29,-1.618730027492107e-08,1.1711639216441082e-06,1.9626893168781175e-08,2.4533616460976473e-09,DIRECT_AR,5
2022-08-31,-1.4674584536113615e-09,2.1548678715444996e-05,1.8159434715169813e-08,2.0177149683522017e-09,DIRECT_AR,5
2022-09-30,2.396342048578811e-07,0.00022530164576036685,2.5779363957305093e-07,2.577936395730509e-08,DIRECT_AR,5
2022-10-31,2.086306222244419e-08,1.4982860549978724e-05,2.786567017954951e-07,2.53324274359541e-08,DIRECT_AR,5
2022-11-30,1.266256279169043e-07,5.888472890186802e-05,4.052823297123994e-07,3.3773527476033284e-08,DIRECT_AR,5
2022-12-30,1.237450189980607e-06,0.00012091400340563374,1.6427325196930062e-06,1.372332955097201e-07,DIRECT_AR,5
2023-01-31,-1.4568326247849725e-10,1.1313005310663833e-05,1.6425868364305276e-06,1.3536036328795212e-07,DIRECT_AR,5
2023-02-28,1.3288667070678805e-08,1.5465843968319325e-05,1.6558755035012064e-06,1.3625987381223018e-07,DIRECT_AR,5
2023-03-31,-5.682122977382459e-08,-8.843503563891238e-07,1.5990542737273818e-06,1.3110701744061634e-07,DIRECT_AR,5
2023-04-28,2.0988266308579004e-09,4.317841433622625e-06,1.6011531003582398e-06,1.306692056135699e-07,DIRECT_AR,5
2023-05-31,-4.236706173344535e-08,-3.688644320752509e-05,1.5587860386247946e-06,1.2643561299447357e-07,DIRECT_AR,5
2023-06-27,1.2533302333488815e-09,2.9414200535577097e-07,1.5600393688581434e-06,1.2701876461787011e-07,DIRECT_AR,5
2023-07-31,5.7732238238652195e-09,2.505209988940806e-05,1.5658125926820087e-06,1.2884880829276895e-07,DIRECT_AR,5
2023-08-31,5.377810735058633e-09,2.0188337227295195e-05,1.5711904034170673e-06,1.294192473918248e-07,DIRECT_AR,5
2023-09-27,4.367928158166118e-08,2.868134173268629e-05,1.6148696849987284e-06,1.130896704521398e-07,DIRECT_AR,5
2023-10-31,3.7278655293037945e-10,6.695903377590838e-06,1.6152424715516588e-06,1.1138214747968032e-07,DIRECT_AR,5
2023-11-30,-2.018638760392748e-09,-5.139732189760627e-06,1.6132238327912661e-06,1.006617919232389e-07,DIRECT_AR,5
2023-12-29,-4.662295979816472e-08,-8.596697915955534e-06,1.5666008729931014e-06,-6.344303891658743e-09,DIRECT_AR,5
2024-01-31,1.0417530885077364e-08,3.3054376694619696e-05,1.5770184038781788e-06,-5.464036046029087e-09,DIRECT_AR,5
2024-02-29,-5.560483586835162e-10,-1.4090392008728852e-05,1.5764623555194952e-06,-6.61776233180928e-09,DIRECT_AR,5
2024-03-28,6.529833703751124e-08,0.00010380339727714923,1.6417606925570066e-06,3.5588682358020383e-09,DIRECT_AR,5
2024-04-30,-8.891492653622632e-10,-4.795393196199879e-07,1.6408715432916443e-06,3.3098702444503584e-09,DIRECT_AR,5
2024-05-31,-1.1820745018479974e-08,-9.81987432267534e-06,1.6290507982731643e-06,5.855396637364139e-09,DIRECT_AR,5
2024-06-28,6.992322618972643e-08,6.0990149070390015e-05,1.6989740244628908e-06,1.1577887967062267e-08,DIRECT_AR,5
2024-07-31,3.8077990014210826e-08,6.7748096246905e-05,1.7370520144771015e-06,1.4269951816257736e-08,DIRECT_AR,5
2024-08-30,-3.51112755149439e-08,-1.9451388056428158e-05,1.7019407389621576e-06,1.0895861295424192e-08,DIRECT_AR,5
2024-09-30,6.397747378128005e-09,3.122761173411572e-05,1.7083384863402856e-06,7.789066778463093e-09,DIRECT_AR,5
2024-10-31,1.3928919991368327e-08,3.915584484408407e-05,1.722267406331654e-06,8.918744564999588e-09,DIRECT_AR,5
2024-11-29,1.4861080182070019e-08,2.5603384263222162e-05,1.737128486513724e-06,1.0325387810204819e-08,DIRECT_AR,5
2024-12-30,-5.6605737560676595e-08,-4.599183331139351e-05,1.6805227489530474e-06,9.493489663328829e-09,DIRECT_AR,5
2025-01-31,1.2719267622509612e-08,3.848903863805879e-05,1.6932420165755569e-06,9.68530105811485e-09,DIRECT_AR,5
2025-02-28,6.064081732158908e-09,2.084740237606364e-05,1.6993060983077157e-06,1.0236978565685052e-08,DIRECT_AR,5
2025-03-31,-1.3570850617946979e-08,-1.5685674154108714e-05,1.6857352476897687e-06,3.664546261063534e-09,DIRECT_AR,5
2025-04-30,6.677828369433583e-09,1.9543345628702056e-05,1.6924130760592022e-06,4.295127730629854e-09,DIRECT_AR,5
2025-05-30,-1.5413819167165605e-08,-2.0886995426490767e-05,1.6769992568920365e-06,3.995704884906051e-09,DIRECT_AR,5
2025-06-30,1.6388214392422314e-08,1.802699461035706e-05,1.6933874712844588e-06,-4.655460982026252e-10,DIRECT_AR,5
2025-07-31,-4.639442534558861e-07,-0.00013398733824294262,1.2294432178285727e-06,-4.230073305404403e-08,DIRECT_AR,5
2025-08-29,-6.499934268965521e-09,-1.2858375487469593e-05,1.222943283559607e-06,-3.991645461687917e-08,DIRECT_AR,5
2025-09-30,5.803323336326918e-09,2.2052798806230535e-05,1.228746606895934e-06,-3.996598995369593e-08,DIRECT_AR,5
2025-10-31,-7.506621793617234e-09,-8.87222912697021e-06,1.2212399851023167e-06,-4.1752285102444715e-08,DIRECT_AR,5
2025-11-28,-3.572455454512276e-08,-1.0132598847019555e-05,1.185515430557194e-06,-4.596775466304412e-08,DIRECT_AR,5
2025-12-31,-5.0991789782159005e-08,-9.590217007231864e-06,1.1345236407750348e-06,-4.5499925681500994e-08,DIRECT_AR,5
2026-01-30,-5.815149995989481e-09,6.679489920844457e-06,1.1287084907790454e-06,-4.7044460483042576e-08,DIRECT_AR,5
2026-02-27,4.2293739338132145e-08,2.2679620893401073e-05,1.1710022301171776e-06,-4.402532234921147e-08,DIRECT_AR,5
2026-03-31,-3.345520126444778e-08,-1.3161121614611097e-05,1.13754702885273e-06,-4.568235156975321e-08,DIRECT_AR,5
2026-04-30,-2.0172182042228304e-08,-1.1958979965385345e-05,1.1173748468105016e-06,-4.791985243739171e-08,DIRECT_AR,5
2021-12-31,1.3765191986838888e-08,4.53104397527367e-06,1.3765191986838888e-08,,DIRECT_AR,10
2022-01-31,4.586266089411826e-08,1.8783848586334782e-05,5.962785288095715e-08,,DIRECT_AR,10
2022-02-28,2.0909315583084133e-08,3.3771649077570574e-05,8.053716846404129e-08,,DIRECT_AR,10
2022-03-31,1.5021087052471998e-08,4.265331335971365e-05,9.555825551651328e-08,2.388956387912832e-08,DIRECT_AR,10
2022-04-29,2.5140827435952454e-08,3.1794064073687925e-05,1.2069908295246573e-07,2.4139816590493145e-08,DIRECT_AR,10
2022-05-31,1.7528267757828783e-08,4.238642354990347e-05,1.3822735071029452e-07,2.3037891785049087e-08,DIRECT_AR,10
2022-06-24,1.6994440082788524e-09,-3.965163423228647e-06,1.3992679471857339e-07,1.9989542102653338e-08,DIRECT_AR,10
2022-07-29,-4.0205521947874755e-09,8.784631838764148e-06,1.359062425237859e-07,1.6988280315473235e-08,DIRECT_AR,10
2022-08-31,4.890086938038671e-08,3.707927029432651e-05,1.8480711190417263e-07,2.0534123544908067e-08,DIRECT_AR,10
2022-09-30,3.268811217585786e-07,0.0001951994474464041,5.116882336627512e-07,5.116882336627512e-08,DIRECT_AR,10
2022-10-31,-8.931588590417533e-09,-4.604986031487617e-06,5.027566450723337e-07,4.570514955203033e-08,DIRECT_AR,10
2022-11-30,8.007854297874685e-08,6.101053483618622e-05,5.828351880510805e-07,4.856959900425671e-08,DIRECT_AR,10
2022-12-30,9.506385579084556e-07,6.770637253166667e-05,1.533473745959536e-06,1.2664237949772477e-07,DIRECT_AR,10
2023-01-31,-6.339888932063924e-10,1.2179339787864291e-05,1.5328397570663297e-06,1.227676586821144e-07,DIRECT_AR,10
2023-02-28,2.7224119112037333e-08,2.389836310000614e-05,1.560063876178367e-06,1.2329389230952714e-07,DIRECT_AR,10
2023-03-31,-6.921813080242238e-08,-3.073604490013336e-05,1.4908457453759448e-06,1.1627395748828595e-07,DIRECT_AR,10
2023-04-28,-6.8345335946000995e-09,1.3461489938632931e-07,1.4840112117813447e-06,1.1360934406907325e-07,DIRECT_AR,10
2023-05-31,-4.783300950158163e-08,-3.1003905387822224e-05,1.4361782022797632e-06,1.0816257096412238e-07,DIRECT_AR,10
2023-06-27,4.6689531480956116e-08,-4.277501830128388e-05,1.4828677337607192e-06,1.1191174492017881e-07,DIRECT_AR,10
2023-07-31,-9.350700979089188e-09,3.2717760486234693e-06,1.47351703278163e-06,1.1146756585482033e-07,DIRECT_AR,10
2023-08-31,1.828824725727756e-09,1.2138313570800728e-05,1.4753458575073578e-06,1.0754489546693208e-07,DIRECT_AR,10
2023-09-27,2.684908141061995e-08,3.7666280061566685e-05,1.5021949389179777e-06,8.254222543793554e-08,DIRECT_AR,10
2023-10-31,1.4703681521556864e-11,-2.8373838288376884e-06,1.5022096425994992e-06,8.328774979393047e-08,DIRECT_AR,10
2023-11-30,-3.283448105760823e-08,-3.174661329189373e-05,1.469375161541891e-06,7.387833112423421e-08,DIRECT_AR,10
2023-12-29,-2.0044545700063616e-07,-4.87056469842e-05,1.268929704541255e-06,-2.204533678485678e-08,DIRECT_AR,10
2024-01-31,2.128698064482593e-09,3.163327984739292e-05,1.2710584026057375e-06,-2.181511287171603e-08,DIRECT_AR,10
2024-02-29,-2.887988342841253e-09,-9.863579525356608e-06,1.2681704142628962e-06,-2.4324455159622577e-08,DIRECT_AR,10
2024-03-28,9.939264285230967e-08,9.865137477505131e-05,1.3675630571152058e-06,-1.0273557355061576e-08,DIRECT_AR,10
2024-04-30,5.852118157382568e-09,5.0610910068531234e-06,1.3734151752725883e-06,-9.216336375729688e-09,DIRECT_AR,10
2024-05-31,-1.218383801720661e-08,-1.5736282567045303e-05,1.3612313372553818e-06,-6.245572085365102e-09,DIRECT_AR,10
2024-06-28,-2.5253817274097318e-08,-3.6525919937520434e-05,1.3359775199812844e-06,-1.224085114828622e-08,DIRECT_AR,10
2024-07-31,1.3731633868930251e-07,8.885579385970481e-05,1.473293858670587e-06,-1.8597842586913286e-11,DIRECT_AR,10
2024-08-30,-7.441422795658395e-08,-4.1515128285018775e-05,1.3988796307140031e-06,-6.372185566112888e-09,DIRECT_AR,10
2024-09-30,-1.535568924884107e-08,-2.8934853150916563e-05,1.383523941465162e-06,-9.88924978773464e-09,DIRECT_AR,10
2024-10-31,-2.4501613268730932e-08,-5.19428250041434e-05,1.359022328196431e-06,-1.193227620025568e-08,DIRECT_AR,10
2024-11-29,2.35494132105153e-08,2.4283800094500006e-05,1.3825717414069464e-06,-7.233618344578721e-09,DIRECT_AR,10
2024-12-30,-1.1369483407563968e-07,-6.607425685161111e-05,1.2688769073313068e-06,-4.3997674956804836e-12,DIRECT_AR,10
2025-01-31,6.1889654393536766e-09,1.7643650703729594e-05,1.2750658727706604e-06,3.3395584707690985e-10,DIRECT_AR,10
2025-02-28,4.979489072084488e-09,3.056639813273052e-05,1.2800453618427448e-06,9.895789649873882e-10,DIRECT_AR,10
2025-03-31,-2.322910201711361e-08,-3.578717374675411e-05,1.2568162598256312e-06,-9.228899774131219e-09,DIRECT_AR,10
2025-04-30,-2.279539640652251e-08,-1.0577995784984325e-05,1.2340208634191087e-06,-1.1616192654456641e-08,DIRECT_AR,10
2025-05-30,1.85253318832089e-08,2.1683190085566105e-05,1.2525461953023175e-06,-9.057095162755348e-09,DIRECT_AR,10
2025-06-30,3.5152614425165316e-08,1.9748146126488867e-05,1.287698809727483e-06,-4.0232258544834636e-09,DIRECT_AR,10
2025-07-31,-4.6273378458214365e-07,-9.38822796477847e-05,8.249650251453392e-07,-5.402740279377065e-08,DIRECT_AR,10
2025-08-29,8.26133794341297e-10,7.897388335305579e-06,8.257911589396806e-07,-4.7757372647860205e-08,DIRECT_AR,10
2025-09-30,1.085567997404271e-08,2.1577562443248754e-05,8.366468389137233e-07,-4.557309187928656e-08,DIRECT_AR,10
2025-10-31,-7.929561427776485e-09,-1.0319526660811469e-06,8.287172774859468e-07,-4.419208755920702e-08,DIRECT_AR,10
2025-11-28,-4.004335580490391e-08,-3.0472977053768125e-05,7.886739216810429e-07,-4.949148497715863e-08,DIRECT_AR,10
2025-12-31,1.6114355400221035e-08,1.6264022426444435e-05,8.04788277081264e-07,-3.8674052520836896e-08,DIRECT_AR,10
2026-01-30,-2.8875195874261534e-08,5.6922729247111334e-06,7.759130812070024e-07,-4.1596065963638165e-08,DIRECT_AR,10
2026-02-27,1.431928348898399e-07,4.634880465253337e-05,9.191059160968423e-07,-3.007828714549188e-08,DIRECT_AR,10
2026-03-31,9.545869683286132e-09,4.179013651377775e-06,9.286517857801285e-07,-2.73470395037919e-08,DIRECT_AR,10
2026-04-30,6.676464074867917e-08,2.809276453699999e-05,9.954164265288077e-07,-1.988370307419176e-08,DIRECT_AR,10
2021-12-31,8.496837561152055e-08,7.355257733374977e-05,8.496837561152055e-08,,DIRECT_AR,22
2022-01-31,4.662891934933011e-08,8.973765549024676e-06,1.3159729496085066e-07,,DIRECT_AR,22
2022-02-28,5.4250864559228136e-08,6.924189685185386e-05,1.858481595200788e-07,,DIRECT_AR,22
2022-03-31,1.2080322348355024e-07,8.382842012684446e-05,3.06651383003629e-07,7.666284575090725e-08,DIRECT_AR,22
2022-04-29,6.607282722713454e-08,2.527328577459332e-05,3.7272421023076353e-07,7.454484204615271e-08,DIRECT_AR,22
2022-05-31,1.2093357969119032e-07,0.00010884764472253335,4.936577899219539e-07,8.227629832032565e-08,DIRECT_AR,22
2022-06-24,1.2876273526347854e-07,9.193070361793846e-05,6.224205251854324e-07,8.891721788363321e-08,DIRECT_AR,22
2022-07-29,1.6102526633045848e-07,5.9183588466023176e-05,7.834457915158909e-07,9.793072393948636e-08,DIRECT_AR,22
2022-08-31,6.641773346455817e-07,7.281362479533322e-05,1.4476231261614726e-06,1.608470140179414e-07,DIRECT_AR,22
2022-09-30,1.0413640305755287e-06,0.00038822437966206513,2.4889871567370015e-06,2.4889871567370016e-07,DIRECT_AR,22
2022-10-31,8.718041594292723e-08,9.442855849193787e-06,2.5761675726799287e-06,2.3419705206181167e-07,DIRECT_AR,22
2022-11-30,1.8607043186263085e-07,7.212814770506676e-05,2.7622380045425595e-06,2.301865003785466e-07,DIRECT_AR,22
2022-12-30,5.212600226340974e-07,-1.6282699288778346e-06,3.283498027176657e-06,2.66544137630428e-07,DIRECT_AR,22
2023-01-31,9.819955754751442e-08,3.25830400815563e-05,3.3816975847241715e-06,2.7084169081361003e-07,DIRECT_AR,22
2023-02-28,-1.1277582565464534e-08,-1.4824368095888975e-06,3.370420002158707e-06,2.653809868865523e-07,DIRECT_AR,22
2023-03-31,-7.06098192673279e-08,-2.2596413561355563e-05,3.2998101828913794e-06,2.494298999906458e-07,DIRECT_AR,22
2023-04-28,-9.899944589740783e-09,-7.637809165043719e-06,3.2899102383016387e-06,2.4309883567257286e-07,DIRECT_AR,22
2023-05-31,-1.0812852324173622e-07,-3.753969356755512e-06,3.1817817150599026e-06,2.24010327094829e-07,DIRECT_AR,22
2023-06-27,5.949372109467395e-09,-8.721023765265948e-06,3.18773108716937e-06,2.1377588016532806e-07,DIRECT_AR,22
2023-07-31,2.160867414985285e-08,4.241724206945673e-05,3.2093397613192226e-06,2.0215783081694421e-07,DIRECT_AR,22
2023-08-31,-1.2542073335894215e-08,-1.8023903055711102e-05,3.1967976879833284e-06,1.4576454681848794e-07,DIRECT_AR,22
2023-09-27,5.420843320225381e-08,4.556380670669492e-05,3.2510061211855823e-06,6.350158037071501e-08,DIRECT_AR,22
2023-10-31,-6.45202467856996e-08,-4.464458167653717e-05,3.1864858743998827e-06,5.085985847666279e-08,DIRECT_AR,22
2023-11-30,-4.872185496708537e-07,-7.660669037737777e-05,2.6992673247290287e-06,-5.247556651127593e-09,DIRECT_AR,22
2023-12-29,-4.268953869833836e-07,-8.81151324834667e-05,2.272371937745645e-06,-8.426050745258434e-08,DIRECT_AR,22
2024-01-31,2.598494811691209e-07,0.0001492846014439778,2.532221418914766e-06,-7.078968048411713e-08,DIRECT_AR,22
2024-02-29,3.068067449787121e-08,4.7095066066258234e-05,2.562902093412637e-06,-6.729315906217248e-08,DIRECT_AR,22
2024-03-28,-6.61959961968494e-08,-5.093704708642228e-05,2.4967060972157877e-06,-6.692534047296594e-08,DIRECT_AR,22
2024-04-30,2.1862456619827103e-08,3.189478306183366e-05,2.518568553835615e-06,-6.427847370550196e-08,DIRECT_AR,22
2024-05-31,-6.070715572243977e-08,-1.5620225512227256e-05,2.457861398113175e-06,-6.032669307889391e-08,DIRECT_AR,22
2024-06-28,-1.0343083072921069e-07,-9.557046385007197e-05,2.3544305673839646e-06,-6.94417099821171e-08,DIRECT_AR,22
2024-07-31,-5.8052462560835514e-08,-2.3229774442918634e-06,2.296378104823129e-06,-7.608013804134113e-08,DIRECT_AR,22
2024-08-30,-1.7898220249681164e-07,-0.00011635603793028892,2.1173959023263178e-06,-8.99501488047509e-08,DIRECT_AR,22
2024-09-30,-7.546084900002566e-08,-5.386841314278888e-05,2.0419350533262922e-06,-1.0075592232160753e-07,DIRECT_AR,22
2024-10-31,9.991508147022245e-08,9.130350253558812e-05,2.1418501347965146e-06,-8.705297830028069e-08,DIRECT_AR,22
2024-11-29,-2.6662953214929588e-08,-1.6313202141177763e-05,2.115187181581585e-06,-4.867334526228702e-08,DIRECT_AR,22
2024-12-30,-1.6590485658258138e-07,-8.879338447508377e-05,1.9492823249990037e-06,-2.69241343955535e-08,DIRECT_AR,22
2025-01-31,1.7740232899714638e-08,4.051332109172805e-05,1.9670225578987184e-06,-4.709990508467068e-08,DIRECT_AR,22
2025-02-28,-2.44704842292726e-07,-5.0974655752600004e-05,1.7223177156059924e-06,-7.004869815055379e-08,DIRECT_AR,22
2025-03-31,-2.8359892406948723e-07,-0.0001430878828542671,1.4387187915365051e-06,-8.816560880660695e-08,DIRECT_AR,22
2025-04-30,-2.1160696752653777e-07,-7.525119650067774e-05,1.2271118240099674e-06,-1.0762139415213736e-07,DIRECT_AR,22
2025-05-30,2.3114705054551155e-07,0.00013154194615904444,1.4582588745554789e-06,-8.330021029647473e-08,DIRECT_AR,22
2025-06-30,3.566439442082061e-08,7.445520622355562e-06,1.4939232689762994e-06,-7.170894153397213e-08,DIRECT_AR,22
2025-07-31,-4.223611687391664e-07,-0.00010008103092011419,1.071562100237133e-06,-1.0206800038216639e-07,DIRECT_AR,22
2025-08-29,5.232662888647116e-08,6.339721521165126e-05,1.1238887291236042e-06,-8.279226443355946e-08,DIRECT_AR,22
2025-09-30,6.775258767024473e-08,4.473824526247777e-05,1.191641316793849e-06,-7.085781137770361e-08,DIRECT_AR,22
2025-10-31,1.0970085016743647e-07,1.8193666102755558e-05,1.3013421669612854e-06,-7.004233065293576e-08,DIRECT_AR,22
2025-11-28,-1.5468190613859763e-08,-2.103243635975556e-05,1.2858739763474257e-06,-6.91094337695133e-08,DIRECT_AR,22
2025-12-31,2.457690595446926e-07,6.646796875518885e-05,1.5316430358921182e-06,-3.480327409224045e-08,DIRECT_AR,22
2026-01-30,1.0695030747700297e-08,2.419821487514444e-05,1.5423380666398185e-06,-3.539037427157498e-08,DIRECT_AR,22
2026-02-27,6.175983030550888e-07,0.00010782680115885557,2.159936369694907e-06,3.6468221174076256e-08,DIRECT_AR,22
2026-03-31,1.0780684362898661e-07,3.573278415153335e-05,2.267743213323894e-06,6.908536848228241e-08,DIRECT_AR,22
2026-04-30,8.854575806034114e-08,0.000129184414581122,2.356288971384235e-06,9.409809561452234e-08,DIRECT_AR,22
2021-12-31,-1.6581044645949526e-09,-1.7996665099061873e-05,-1.6581044645949526e-09,,DIRECT_RIDGE,5
2022-01-31,4.007751521050688e-09,1.4725260390494339e-05,2.3496470564557356e-09,,DIRECT_RIDGE,5
2022-02-28,-9.917809327612942e-09,-1.289417410378206e-05,-7.568162271157207e-09,,DIRECT_RIDGE,5
2022-03-31,1.7662880987377842e-08,1.1958705428246031e-05,1.0094718716220635e-08,2.5236796790551587e-09,DIRECT_RIDGE,5
2022-04-29,-2.4117796428070764e-08,-1.038363359989724e-05,-1.4023077711850129e-08,-2.8046155423700257e-09,DIRECT_RIDGE,5
2022-05-31,6.251023896460337e-09,1.9872328081445104e-05,-7.772053815389792e-09,-1.2953423025649654e-09,DIRECT_RIDGE,5
2022-06-24,-3.394066629610086e-08,-5.2379210426602175e-06,-4.171272011149065e-08,-5.958960015927236e-09,DIRECT_RIDGE,5
2022-07-29,-1.4660954778456253e-08,7.2738729044601124e-06,-5.6373674889946906e-08,-7.046709361243363e-09,DIRECT_RIDGE,5
2022-08-31,9.07201882188443e-10,4.470357784838895e-05,-5.546647300775846e-08,-6.162941445306496e-09,DIRECT_RIDGE,5
2022-09-30,-1.0434455382982229e-07,0.00011234091613183357,-1.5981102683758076e-07,-1.5981102683758078e-08,DIRECT_RIDGE,5
2022-10-31,1.0890953134003187e-07,9.260139801389515e-05,-5.0901495497548896e-08,-4.627408681595353e-09,DIRECT_RIDGE,5
2022-11-30,7.845967313023124e-08,7.695943538529221e-05,2.7558177632682347e-08,2.29651480272353e-09,DIRECT_RIDGE,5
2022-12-30,-2.0251287914149956e-06,-0.00025704385078453314,-1.997570613782313e-06,-1.663260424431432e-07,DIRECT_RIDGE,5
2023-01-31,1.068633026444231e-06,0.0008513194242767447,-9.28937587338082e-07,-7.760726953287818e-08,DIRECT_RIDGE,5
2023-02-28,1.0950223059759199e-08,0.00010277063397295105,-9.179873642783228e-07,-7.58682668339305e-08,DIRECT_RIDGE,5
2023-03-31,-7.525294390107742e-08,-2.1460083244125244e-05,-9.932403081794003e-07,-8.361125224130177e-08,DIRECT_RIDGE,5
2023-04-28,-2.9109356631454453e-08,-1.6888571956196274e-05,-1.0223496648108548e-06,-8.402721559158373e-08,DIRECT_RIDGE,5
2023-05-31,-1.7565402402174338e-09,1.7753330040915497e-05,-1.0241062050510723e-06,-8.469451260297355e-08,DIRECT_RIDGE,5
2023-06-27,-2.7001102561884772e-08,-5.801110305893258e-05,-1.051107307612957e-06,-8.411621562512221e-08,DIRECT_RIDGE,5
2023-07-31,-4.268295673418177e-08,-9.317823381503779e-06,-1.0937902643471387e-06,-8.645138245476599e-08,DIRECT_RIDGE,5
2023-08-31,1.5614264020702956e-08,5.807057565304319e-05,-1.0781760003264358e-06,-8.522579394322312e-08,DIRECT_RIDGE,5
2023-09-27,2.769977552663737e-08,1.6106421221122423e-05,-1.0504762247997985e-06,-7.422209983018482e-08,DIRECT_RIDGE,5
2023-10-31,1.506260385220847e-08,7.92647194473495e-05,-1.03541362094759e-06,-8.204267712083679e-08,DIRECT_RIDGE,5
2023-11-30,7.206460909275002e-09,3.939376423849102e-05,-1.028207160038315e-06,-8.798044480591647e-08,DIRECT_RIDGE,5
2023-12-29,-3.066618155435776e-07,-8.696440239775555e-05,-1.3348689755818925e-06,5.5225136516701695e-08,DIRECT_RIDGE,5
2024-01-31,8.493335894550554e-11,-1.7365198639855528e-05,-1.334784042222947e-06,-3.38205379070721e-08,DIRECT_RIDGE,5
2024-02-29,-1.6004147706755556e-08,-3.701107009496615e-05,-1.3507881899297026e-06,-3.606673547094833e-08,DIRECT_RIDGE,5
2024-03-28,1.432076563360218e-08,4.3089084898040496e-05,-1.3364674242961005e-06,-2.8602259676391695e-08,DIRECT_RIDGE,5
2024-04-30,-4.568306722561099e-08,-4.9683995391705074e-05,-1.3821504915217115e-06,-2.998340222590474e-08,DIRECT_RIDGE,5
2024-05-31,2.7985144348246127e-08,2.3424738436627914e-05,-1.3541653471734654e-06,-2.750492851019944e-08,DIRECT_RIDGE,5
2024-06-28,2.488042935088139e-08,8.538011175266151e-05,-1.3292849178225841e-06,-2.318146751746893e-08,DIRECT_RIDGE,5
2024-07-31,2.599393630316069e-08,3.502453464786504e-05,-1.3032909815194233e-06,-1.745839309769039e-08,DIRECT_RIDGE,5
2024-08-30,-1.205855891545282e-07,-6.847111939010456e-05,-1.4238765706739515e-06,-2.880838086229299e-08,DIRECT_RIDGE,5
2024-09-30,2.1725945314153252e-08,5.1729187019773304e-05,-1.4021506253597982e-06,-2.9306200046666664e-08,DIRECT_RIDGE,5
2024-10-31,1.5163064333952595e-08,3.935697231679641e-05,-1.3869875610258456e-06,-2.929782833985465e-08,DIRECT_RIDGE,5
2024-11-29,5.586693469556007e-08,6.856717257331105e-05,-1.3311206263302856e-06,-2.5242788857664235e-08,DIRECT_RIDGE,5
2024-12-30,3.775513339505316e-07,0.0002801624006996223,-9.535692923797539e-07,3.17749736001782e-08,DIRECT_RIDGE,5
2025-01-31,2.0874890386667488e-08,3.4914733798057695e-05,-9.326944019930864e-07,3.350747001915503e-08,DIRECT_RIDGE,5
2025-02-28,2.7914116550417605e-08,6.518344785763932e-05,-9.047802854426688e-07,3.7167325373919464e-08,DIRECT_RIDGE,5
2025-03-31,-2.2986163205613248e-08,2.2964889255453486e-05,-9.27766448648282e-07,3.4058414637318177e-08,DIRECT_RIDGE,5
2025-04-30,-2.7350362222331972e-09,1.5539165200934964e-05,-9.305014848705153e-07,3.763741722093299e-08,DIRECT_RIDGE,5
2025-05-30,-1.5387822591287636e-08,-4.2739163540269914e-05,-9.458893074618029e-07,3.4023003309305175e-08,DIRECT_RIDGE,5
2025-06-30,1.8981664918811586e-07,0.00017132369018773292,-7.56072658273687e-07,4.776768829574138e-08,DIRECT_RIDGE,5
2025-07-31,-6.429231737244076e-07,-0.00019043389644534729,-1.3989958319980946e-06,-7.975404206555972e-09,DIRECT_RIDGE,5
2025-08-29,3.19070112648892e-08,5.307363294810835e-05,-1.3670888207332054e-06,4.732312495062147e-09,DIRECT_RIDGE,5
2025-09-30,1.1119015616868354e-08,4.446096511516281e-05,-1.355969805116337e-06,3.848401686955071e-09,DIRECT_RIDGE,5
2025-10-31,3.3189951757566756e-08,4.36003655695895e-05,-1.3227798533587703e-06,5.350642305589586e-09,DIRECT_RIDGE,5
2025-11-28,-4.0896952291865885e-08,-9.058966302744505e-06,-1.363676805650636e-06,-2.713014943362577e-09,DIRECT_RIDGE,5
2025-12-31,-7.28520690906043e-08,-2.3239051754659856e-05,-1.4365288747412403e-06,-4.024663186345723e-08,DIRECT_RIDGE,5
2026-01-30,6.847563121501785e-08,0.00010788262513951141,-1.3680532435262224e-06,-3.627990346109471e-08,DIRECT_RIDGE,5
2026-02-27,3.8725236168247015e-08,3.163860532222592e-05,-1.3293280073579754e-06,-3.5378976826275585e-08,DIRECT_RIDGE,5
2026-03-31,2.1208650213325565e-07,9.955860942268889e-05,-1.1172415052247197e-06,-1.578958804803651e-08,DIRECT_RIDGE,5
2026-04-30,1.787707727878239e-08,3.474130271059744e-05,-1.0993644279459374e-06,-1.4071911922951878e-08,DIRECT_RIDGE,5
2021-12-31,5.484283945975826e-11,-9.382775711259928e-07,5.484283945975826e-11,,DIRECT_RIDGE,10
2022-01-31,-1.200327563373259e-08,4.7966496959743466e-05,-1.1948432794272831e-08,,DIRECT_RIDGE,10
2022-02-28,-9.482991868693663e-09,-1.3433026155796619e-06,-2.1431424662966492e-08,,DIRECT_RIDGE,10
2022-03-31,1.5773621579379047e-08,-5.9141786512222816e-06,-5.657803083587445e-09,-1.4144507708968612e-09,DIRECT_RIDGE,10
2022-04-29,-1.1181398943842733e-07,-5.795570831159397e-05,-1.1747179252201478e-07,-2.3494358504402955e-08,DIRECT_RIDGE,10
2022-05-31,1.3430194608169692e-08,4.669581495641854e-05,-1.0404159791384509e-07,-1.7340266318974182e-08,DIRECT_RIDGE,10
2022-06-24,-9.50289586678298e-08,-8.511345323922237e-06,-1.990705565816749e-07,-2.843865094023927e-08,DIRECT_RIDGE,10
2022-07-29,-1.8634851800003484e-08,4.6335528002220657e-05,-2.1770540838167837e-07,-2.7213176047709796e-08,DIRECT_RIDGE,10
2022-08-31,-8.428015886367922e-08,4.234409695809436e-05,-3.019855672453576e-07,-3.355395191615084e-08,DIRECT_RIDGE,10
2022-09-30,7.343961611399232e-07,0.0004557303980906643,4.3241059389456566e-07,4.324105938945656e-08,DIRECT_RIDGE,10
2022-10-31,-1.9380345558817003e-08,6.666848118469984e-05,4.1303024833574865e-07,3.7548204394158965e-08,DIRECT_RIDGE,10
2022-11-30,-2.7148822032074322e-08,9.627880732583794e-05,3.8588142630367433e-07,3.215678552530619e-08,DIRECT_RIDGE,10
2022-12-30,-4.952669125868802e-06,-0.000519073028940389,-4.566787699565128e-06,-3.8057021186704897e-07,DIRECT_RIDGE,10
2023-01-31,6.36857271529719e-06,0.0020340869793412184,1.8017850157320616e-06,1.5114445404386122e-07,DIRECT_RIDGE,10
2023-02-28,5.6914434345032414e-08,0.00019625320314551632,1.858699450077094e-06,1.5667757289500509e-07,DIRECT_RIDGE,10
2023-03-31,-5.681649932101221e-08,-1.1619919310399998e-05,1.8018829507560818e-06,1.5062839615330581e-07,DIRECT_RIDGE,10
2023-04-28,1.484221258006812e-08,3.0147307188706145e-05,1.81672516333615e-06,1.611830796548471e-07,DIRECT_RIDGE,10
2023-05-31,1.92989156969643e-07,8.553443742093942e-05,2.0097143203057927e-06,1.7614632651830318e-07,DIRECT_RIDGE,10
2023-06-27,4.797953798532774e-08,-1.375333223236422e-05,2.0576938582911203e-06,1.8806370123939968e-07,DIRECT_RIDGE,10
2023-07-31,-1.3492898567277462e-08,5.979691171303054e-05,2.044200959723843e-06,1.8849219734212682e-07,DIRECT_RIDGE,10
2023-08-31,4.093005197573867e-08,0.00015340339704987847,2.0851310116995816e-06,1.98926381578745e-07,DIRECT_RIDGE,10
2023-09-27,-3.2489619746636835e-08,3.583253561353561e-05,2.0526413919529446e-06,1.3501923317153166e-07,DIRECT_RIDGE,10
2023-10-31,2.3286007608708994e-08,8.557895757404938e-05,2.0759273995616534e-06,1.3857476260215884e-07,DIRECT_RIDGE,10
2023-11-30,-1.4627889079207934e-07,-0.00016385410900231245,1.9296485087695742e-06,1.286472568721584e-07,DIRECT_RIDGE,10
2023-12-29,-3.143883448174599e-07,-8.251245892330581e-05,1.6152601639521144e-06,5.151706552931037e-07,DIRECT_RIDGE,10
2024-01-31,-2.915852851255753e-08,-1.9922898673667576e-05,1.5861016354395568e-06,-1.7973615024375288e-08,DIRECT_RIDGE,10
2024-02-29,-3.098792961177284e-08,-4.067762403022084e-05,1.555113705827784e-06,-2.5298812020775723e-08,DIRECT_RIDGE,10
2024-03-28,8.909918146523364e-08,0.00011042383950513275,1.6442128872930176e-06,-1.3139171955255238e-08,DIRECT_RIDGE,10
2024-04-30,-2.360748732367757e-08,-2.8630854588364797e-05,1.62060539996934e-06,-1.634331361390071e-08,DIRECT_RIDGE,10
2024-05-31,8.508301637591661e-08,6.952450243068172e-05,1.7056884163452567e-06,-2.5335491996711242e-08,DIRECT_RIDGE,10
2024-06-28,2.9018557018568892e-08,7.158161351363335e-05,1.7347069733638255e-06,-2.6915573743941147e-08,DIRECT_RIDGE,10
2024-07-31,7.857914235041675e-08,7.993526629656607e-05,1.8132861157142423e-06,-1.9242903667466626e-08,DIRECT_RIDGE,10
2024-08-30,-1.8460803731235807e-07,-0.00013568162143469227,1.6286780784018842e-06,-3.8037744441474694e-08,DIRECT_RIDGE,10
2024-09-30,7.88383062970646e-08,5.7882605863183705e-05,1.7075163846989488e-06,-2.8760417271166237e-08,DIRECT_RIDGE,10
2024-10-31,-2.5933777017548406e-08,-4.521967564571398e-05,1.6815826076814003e-06,-3.2862065990021027e-08,DIRECT_RIDGE,10
2024-11-29,1.1614482796045445e-07,7.926560163724444e-05,1.7977274356418547e-06,-1.0993422760643205e-08,DIRECT_RIDGE,10
2024-12-30,2.7522918549972735e-06,0.000957815376678377,4.550019290639128e-06,2.4456326055725126e-07,DIRECT_RIDGE,10
2025-01-31,-1.7176018426145386e-08,-1.7022947692710904e-05,4.5328432722129825e-06,2.4556180306445223e-07,DIRECT_RIDGE,10
2025-02-28,2.2511766349743128e-08,9.199584200174264e-05,4.555355038562726e-06,2.5002011106124524e-07,DIRECT_RIDGE,10
2025-03-31,5.193060114106306e-08,9.634442570391125e-05,4.607285639703789e-06,2.469227293675644e-07,DIRECT_RIDGE,10
2025-04-30,1.2424878358402953e-08,1.6211477444148484e-05,4.619710518062192e-06,2.4992542650773775e-07,DIRECT_RIDGE,10
2025-05-30,2.1634160327467353e-08,1.859556566680731e-05,4.641344678389659e-06,2.4463802183703364e-07,DIRECT_RIDGE,10
2025-06-30,6.23143106334014e-07,0.00036261647029558883,5.2644877847236735e-06,2.9414840094665407e-07,DIRECT_RIDGE,10
2025-07-31,-6.925779418357699e-07,-0.000153471563533976,4.571909842887903e-06,2.2988531059780516e-07,DIRECT_RIDGE,10
2025-08-29,1.1083104843182621e-07,0.00016765998608715512,4.68274089131973e-06,2.545052344098205e-07,DIRECT_RIDGE,10
2025-09-30,-5.89663270470078e-09,-2.367796228811007e-05,4.676844258615029e-06,2.4744398949300675e-07,DIRECT_RIDGE,10
2025-10-31,-3.388695628733756e-08,-1.651889180681953e-05,4.642957302327691e-06,2.467812245538577e-07,DIRECT_RIDGE,10
2025-11-28,1.0953480280033939e-07,9.74769776442678e-05,4.752492105128031e-06,2.4623038912384806e-07,DIRECT_RIDGE,10
2025-12-31,1.8327207652534644e-08,2.913345540112223e-05,4.770819312780565e-06,1.8400001845119824e-08,DIRECT_RIDGE,10
2026-01-30,3.58842816475736e-07,0.00017720749078911117,5.1296621292563015e-06,4.9734904753609936e-08,DIRECT_RIDGE,10
2026-02-27,5.6987912998068165e-08,2.3786974975277808e-05,5.18665004225437e-06,5.2607916974303694e-08,DIRECT_RIDGE,10
2026-03-31,3.9352980957534236e-07,0.0001705720005880556,5.580179851829712e-06,8.107451767716029e-08,DIRECT_RIDGE,10
2026-04-30,4.2312942272696775e-07,0.0001666777568294111,6.00330927455668e-06,1.152998963745407e-07,DIRECT_RIDGE,10
2021-12-31,3.43720049490639e-08,1.8148872026702658e-05,3.43720049490639e-08,,DIRECT_RIDGE,22
2022-01-31,3.5670332933872116e-08,6.578915242870418e-05,7.004233788293602e-08,,DIRECT_RIDGE,22
2022-02-28,-3.7817917216506536e-08,-7.52125496766976e-05,3.222442066642948e-08,,DIRECT_RIDGE,22
2022-03-31,-1.7127295449050534e-07,-0.0001910633989611866,-1.3904853382407586e-07,-3.4762133456018964e-08,DIRECT_RIDGE,22
2022-04-29,3.271102825035366e-09,4.572483838938888e-05,-1.3577743099904048e-07,-2.7155486199808098e-08,DIRECT_RIDGE,22
2022-05-31,-3.186792260566488e-08,-6.03392444629119e-05,-1.6764535360470537e-07,-2.7940892267450895e-08,DIRECT_RIDGE,22
2022-06-24,-1.3129971866736916e-07,3.629317623119999e-05,-2.9894507227207453e-07,-4.270643889601065e-08,DIRECT_RIDGE,22
2022-07-29,7.718588481573993e-08,5.7228406509993515e-05,-2.2175918745633462e-07,-2.7719898432041827e-08,DIRECT_RIDGE,22
2022-08-31,-8.982230059960768e-07,-7.319162698272232e-05,-1.1199821934524115e-06,-1.2444246593915682e-07,DIRECT_RIDGE,22
2022-09-30,1.0366158546029988e-06,0.0005944563315274443,-8.336633884941268e-08,-8.336633884941246e-09,DIRECT_RIDGE,22
2022-10-31,-7.096423255147481e-08,0.00011265100163594319,-1.543305714008875e-07,-1.4030051945535208e-08,DIRECT_RIDGE,22
2022-11-30,3.6542537806963185e-07,0.00018460118548026868,2.1109480666874435e-07,1.7591233889062047e-08,DIRECT_RIDGE,22
2022-12-30,-8.749992381012044e-06,-0.0009172027432686446,-8.5388975743433e-06,-7.14439131607697e-07,DIRECT_RIDGE,22
2023-01-31,1.1910146451046395e-05,0.0023197457346768443,3.3712488767030956e-06,2.7510054490167995e-07,DIRECT_RIDGE,22
2023-02-28,-1.7122799685371023e-07,-8.483198711084497e-05,3.2000208798493855e-06,2.639830382652463e-07,DIRECT_RIDGE,22
2023-03-31,-1.295765962039588e-07,-0.00014888795907028478,3.0704442836454265e-06,2.674577347891252e-07,DIRECT_RIDGE,22
2023-04-28,3.2360607395753704e-07,9.21764163922628e-05,3.3940503576029634e-06,2.9415231571683366e-07,DIRECT_RIDGE,22
2023-05-31,-1.1087538557379674e-06,-0.0002517227513169303,2.285296501864996e-06,2.0441182128914182e-07,DIRECT_RIDGE,22
2023-06-27,9.723485880279331e-08,4.3517274567367374e-05,2.3825313606677892e-06,2.2345636941165537e-07,DIRECT_RIDGE,22
2023-07-31,1.5839018265636827e-07,0.00018638101892808488,2.5409215433241574e-06,2.3022339423170772e-07,DIRECT_RIDGE,22
2023-08-31,-8.954515833613334e-08,-0.00011024753884580922,2.451376384988024e-06,2.9761321487003634e-07,DIRECT_RIDGE,22
2023-09-27,-1.3499208100932284e-07,-1.5300096517188612e-05,2.316384303978701e-06,1.999792202356762e-07,DIRECT_RIDGE,22
2023-10-31,-1.5877847769993282e-07,-3.107416281205524e-05,2.1576058262787683e-06,1.9266136647330468e-07,DIRECT_RIDGE,22
2023-11-30,-1.6769401033146142e-06,-0.00039660749966683335,4.806657229641542e-07,2.246424302461752e-08,DIRECT_RIDGE,22
2023-12-29,-3.931957264040754e-07,-1.176037871753336e-05,8.746999656007879e-08,7.188639642419482e-07,DIRECT_RIDGE,22
2024-01-31,-1.0878151323855763e-07,-0.0001315497207561778,-2.1311516678478834e-08,-2.8271336611513116e-07,DIRECT_RIDGE,22
2024-02-29,-1.0228713684745724e-07,4.118632565228839e-05,-1.2359865352593608e-07,-2.769682944479434e-07,DIRECT_RIDGE,22
2024-03-28,-1.3964061679114165e-07,-0.0001549446822688839,-2.632392703170777e-07,-2.778069628302086e-07,DIRECT_RIDGE,22
2024-04-30,3.568199643940762e-08,6.61550417509654e-05,-2.275572738776701e-07,-3.018006359567194e-07,DIRECT_RIDGE,22
2024-05-31,-8.266104072963219e-07,-0.0001146712204686563,-1.054167681173992e-06,-2.782886819199156e-07,DIRECT_RIDGE,22
2024-06-28,5.574334372376785e-07,0.00025308887228361106,-4.967342439363135e-07,-2.3993880038367517e-07,DIRECT_RIDGE,22
2024-07-31,-2.041633048677271e-07,-0.00010711454582741127,-7.008975488040406e-07,-2.701515910106831e-07,DIRECT_RIDGE,22
2024-08-30,-3.676653869836709e-07,-0.00015384438774722223,-1.0685629357877116e-06,-2.9332827673131124e-07,DIRECT_RIDGE,22
2024-09-30,3.671802045368741e-07,0.0001997901166906667,-7.013827312508375e-07,-2.514805862691282e-07,DIRECT_RIDGE,22
2024-10-31,1.8695507104167393e-07,9.946744148753153e-05,-5.144276602091635e-07,-2.226694572073276e-07,DIRECT_RIDGE,22
2024-11-29,-3.6707659603311313e-07,-0.00017377671556725557,-8.815042562422767e-07,-1.135141649338692e-07,DIRECT_RIDGE,22
2024-12-30,1.3248691862466656e-05,0.002318157368592498,1.2367187606224379e-05,1.0233098008053585e-06,DIRECT_RIDGE,22
2025-01-31,-8.468276491416324e-09,-2.26164677620768e-08,1.2358719329732963e-05,1.0316692372009536e-06,DIRECT_RIDGE,22
2025-02-28,6.3333738086512e-07,0.00012109338885288881,1.2992056710598083e-05,1.0929712803436683e-06,DIRECT_RIDGE,22
2025-03-31,7.904183003060184e-07,0.0003339984873550218,1.3782475010904101e-05,1.1704761901017652e-06,DIRECT_RIDGE,22
2025-04-30,1.250379706387222e-07,3.3033752698744465e-05,1.3907512981542824e-05,1.1779225212850412e-06,DIRECT_RIDGE,22
2025-05-30,1.8709261312666003e-07,0.00010047880646011673,1.4094605594669485e-05,1.2623977729869564e-06,DIRECT_RIDGE,22
2025-06-30,1.3788031826952026e-06,0.0006550138605759884,1.547340877736469e-05,1.3308452517750834e-06,DIRECT_RIDGE,22
2025-07-31,-7.142044882920346e-07,-0.00019488779516270047,1.4759204289072655e-05,1.2883418198230577e-06,DIRECT_RIDGE,22
2025-08-29,-8.186995873888054e-08,-0.00013579601341349795,1.4677334330333775e-05,1.3121581055101238e-06,DIRECT_RIDGE,22
2025-09-30,-4.765646457738732e-07,-0.0003942027880903865,1.4200769684559902e-05,1.2418460346508947e-06,DIRECT_RIDGE,22
2025-10-31,-3.023570389694723e-07,-0.00015768594277615553,1.389841264559043e-05,1.2010700254832992e-06,DIRECT_RIDGE,22
2025-11-28,6.032255923167453e-07,0.00033892263111372223,1.4501638237907175e-05,1.2819285411791208e-06,DIRECT_RIDGE,22
2025-12-31,1.4785787397194155e-07,4.8287362098366686e-05,1.4649496111879117e-05,1.901923754712279e-07,DIRECT_RIDGE,22
2026-01-30,8.01081327563637e-07,0.0003158514831477333,1.5450577439442754e-05,2.576548424758157e-07,DIRECT_RIDGE,22
2026-02-27,2.363549059355131e-07,7.654713240587775e-05,1.568693234537827e-05,2.2457296956501508e-07,DIRECT_RIDGE,22
2026-03-31,1.5557294171958692e-06,0.0004798398510550334,1.7242661762574137e-05,2.883488959725027e-07,DIRECT_RIDGE,22
2026-04-30,7.502094550324161e-07,0.00046716938484815435,1.7992871217606555e-05,3.4044651967197716e-07,DIRECT_RIDGE,22
2021-12-31,2.149145904352529e-07,0.00031555268426366654,2.149145904352529e-07,,DNS_KALMAN_OU,5
2022-01-31,3.565780352882138e-07,0.00030578668455293344,5.714926257234667e-07,,DNS_KALMAN_OU,5
2022-02-28,3.107922486939729e-07,0.00028767372664248946,8.822848744174396e-07,,DNS_KALMAN_OU,5
2022-03-31,2.865718418132192e-07,0.0004256703697787566,1.1688567162306588e-06,2.922141790576647e-07,DNS_KALMAN_OU,5
2022-04-29,3.335133853844828e-07,0.0002981010753430558,1.5023701016151417e-06,3.004740203230283e-07,DNS_KALMAN_OU,5
2022-05-31,3.431942116302154e-07,0.0003347247707382556,1.845564313245357e-06,3.075940522075595e-07,DNS_KALMAN_OU,5
2022-06-24,5.036678879304036e-07,0.00044357811005923335,2.3492322011757607e-06,3.356046001679658e-07,DNS_KALMAN_OU,5
2022-08-31,1.0131560908266945e-06,0.0005699208269324781,3.362388292002455e-06,4.202985365003069e-07,DNS_KALMAN_OU,5
2022-09-30,1.08509373316968e-06,0.0006142828399273448,4.447482025172135e-06,4.941646694635706e-07,DNS_KALMAN_OU,5
2022-10-31,7.448204820919179e-07,0.00037154474822354494,5.192302507264053e-06,5.192302507264053e-07,DNS_KALMAN_OU,5
2022-11-30,3.9809831362215424e-07,0.00026783583000766634,5.590400820886207e-06,5.082182564442007e-07,DNS_KALMAN_OU,5
2022-12-30,-5.23588767092117e-06,-4.3516714280066424e-05,3.5451314996503724e-07,2.9542762497086436e-08,DNS_KALMAN_OU,5
2023-01-31,2.2121521515947814e-06,0.0010718440281547558,2.5666653015598186e-06,1.9597922592704713e-07,DNS_KALMAN_OU,5
2023-02-28,1.8502131012397439e-06,0.001080221991586667,4.416878402799562e-06,3.204488147563413e-07,DNS_KALMAN_OU,5
2023-04-28,1.1308025783442563e-06,0.0007332127378289103,5.547680981143818e-06,3.887830088938649e-07,DNS_KALMAN_OU,5
2023-05-31,7.254180050333436e-07,0.000528255731598344,6.273098986177162e-06,4.2535352249554196e-07,DNS_KALMAN_OU,5
2023-06-27,5.424321785971403e-07,0.0003021188079042668,6.815531164774302e-06,4.427634219299301e-07,DNS_KALMAN_OU,5
2023-07-31,3.139662227844228e-07,0.000311891310866923,7.129497387558725e-06,4.4032775619278077e-07,DNS_KALMAN_OU,5
2023-08-31,4.6324680545514577e-07,0.0005689273525656779,7.592744193013871e-06,4.3695933265317583e-07,DNS_KALMAN_OU,5
2023-09-27,8.012040649395064e-07,0.00029440201638182193,8.393948257953376e-06,4.1929666382924353e-07,DNS_KALMAN_OU,5
2023-10-31,3.384879513076276e-07,0.00043462030247703353,8.732436209261004e-06,3.570795153407392e-07,DNS_KALMAN_OU,5
2023-11-30,2.860769789442282e-07,0.0003998494482080234,9.018513188205233e-06,3.188508900784317e-07,DNS_KALMAN_OU,5
2023-12-29,6.23485018864133e-07,4.044878101627778e-05,9.641998207069365e-06,3.3763311551526323e-07,DNS_KALMAN_OU,5
2024-01-31,1.12212161583047e-06,0.0006981260719696213,1.0764119822899836e-05,8.674672227445667e-07,DNS_KALMAN_OU,5
2024-02-29,8.002534029076143e-07,0.0005531205838763556,1.156437322580745e-05,7.498089936873027e-07,DNS_KALMAN_OU,5
2024-04-30,7.660740843746694e-07,0.000475725964805201,1.233044731018212e-05,6.594640756152131e-07,DNS_KALMAN_OU,5
2024-05-31,5.631666293720119e-07,0.00032537915604632163,1.2893613939554133e-05,6.121610798675262e-07,DNS_KALMAN_OU,5
2024-06-28,1.5357921409149754e-06,0.0005629029514620661,1.4429406080469108e-05,6.79692257857662e-07,DNS_KALMAN_OU,5
2024-07-31,3.261950563584252e-07,0.00036949993318243277,1.4755601136827533e-05,6.616724976711025e-07,DNS_KALMAN_OU,5
2024-08-30,2.5102543473888434e-08,6.25543113642782e-05,1.4780703680301422e-05,6.376005243952246e-07,DNS_KALMAN_OU,5
2024-09-30,2.148667090519475e-07,0.00026805773099242126,1.499557038935337e-05,6.169021830282915e-07,DNS_KALMAN_OU,5
2024-10-31,1.780655229945161e-07,0.00022964376759172133,1.5173635912347887e-05,5.649739711995422e-07,DNS_KALMAN_OU,5
2024-11-29,4.4571422081910293e-07,0.00015499622248504448,1.561935013316699e-05,5.739094936588319e-07,DNS_KALMAN_OU,5
2025-01-31,9.572193249270856e-08,0.00013888276772154508,1.57150720656597e-05,5.580465731212052e-07,DNS_KALMAN_OU,5
2025-02-28,7.203043161903226e-08,0.00013331687477144747,1.578710249727873e-05,5.120920241841135e-07,DNS_KALMAN_OU,5
2025-03-31,5.626094765736896e-08,0.00012526345000694395,1.58433634449361e-05,4.232703018363551e-07,DNS_KALMAN_OU,5
2025-04-30,1.1433296895667277e-07,0.00016850570361150156,1.5957696413892774e-05,3.6611026567377664e-07,DNS_KALMAN_OU,5
2025-05-30,6.7278072081249e-09,4.016129689295456e-05,1.59644242211009e-05,3.028314092432312e-07,DNS_KALMAN_OU,5
2025-09-30,4.312495179628845e-08,9.020194517886605e-05,1.6007549172897188e-05,2.594946027785876e-07,DNS_KALMAN_OU,5
2025-10-31,1.2618745976116542e-07,0.00014904738336092213,1.6133736632658354e-05,1.420275460157701e-07,DNS_KALMAN_OU,5
2025-11-28,6.249453542914711e-08,-6.875164729787728e-05,1.6196231168087502e-05,1.2005250260499695e-07,DNS_KALMAN_OU,5
2025-12-31,-2.176635513718811e-07,-0.00016074567895906668,1.5978567616715622e-05,9.982199470118282e-08,DNS_KALMAN_OU,5
2026-01-30,5.179583847505495e-07,0.0004051155178539225,1.649652600146617e-05,1.2507963434273298e-07,DNS_KALMAN_OU,5
2026-02-27,3.4551112100834665e-08,5.4410081846111806e-05,1.6531077113567005e-05,1.1312010010159287e-07,DNS_KALMAN_OU,5
2026-04-30,1.0681736681290612e-07,6.989661183171021e-05,1.6637894480379912e-05,8.487869560107648e-08,DNS_KALMAN_OU,5
2021-12-31,3.730099351960745e-07,0.0004109141773419999,3.730099351960745e-07,,DNS_KALMAN_OU,10
2022-01-31,5.087362567766329e-07,0.00039391166694803265,8.817461919727073e-07,,DNS_KALMAN_OU,10
2022-02-28,2.5973371600159024e-07,0.00030084353174202196,1.1414799079742976e-06,,DNS_KALMAN_OU,10
2022-03-31,3.90835376304868e-07,0.0004423525971135222,1.5323152842791656e-06,3.830788210697914e-07,DNS_KALMAN_OU,10
2022-04-29,-1.23308839948204e-07,9.942483448500132e-06,1.4090064443309617e-06,2.818012888661923e-07,DNS_KALMAN_OU,10
2022-05-31,4.062767815515351e-07,0.00038454536467093345,1.8152832258824968e-06,3.0254720431374946e-07,DNS_KALMAN_OU,10
2022-06-24,4.007496799136952e-07,0.0002722482698062554,2.216032905796192e-06,3.1657612939945595e-07,DNS_KALMAN_OU,10
2022-08-31,-5.650903838582534e-08,0.00024741559841430006,2.159523867410367e-06,2.699404834262958e-07,DNS_KALMAN_OU,10
2022-09-30,3.462484370790576e-07,0.0002734575769793897,2.5057723044894242e-06,2.784191449432694e-07,DNS_KALMAN_OU,10
2022-10-31,7.553244668761299e-07,0.0003833557485438554,3.2610967713655543e-06,3.261096771365554e-07,DNS_KALMAN_OU,10
2022-11-30,1.9888011817877908e-07,0.0004011825951459,3.4599768895443333e-06,3.1454335359493937e-07,DNS_KALMAN_OU,10
2022-12-30,-7.351685828978553e-06,-0.00014077227922523354,-3.8917089394342194e-06,-3.2430907828618497e-07,DNS_KALMAN_OU,10
2023-01-31,2.0785605005208416e-06,0.0009691052673672217,-1.8131484389133779e-06,-1.8217986450912103e-07,DNS_KALMAN_OU,10
2023-02-28,1.9704009267943496e-06,0.0011079922453364878,1.5725248788097173e-07,-6.037447534097795e-08,DNS_KALMAN_OU,10
2023-04-28,8.089086964958596e-07,0.0004926446554027113,9.661611843768314e-07,-1.4609893633122185e-08,DNS_KALMAN_OU,10
2023-05-31,1.467421658691605e-06,0.0004880503598325,2.4335828430684365e-06,7.51056298991059e-08,DNS_KALMAN_OU,10
2023-06-27,5.278382699612048e-07,0.00027959880992596705,2.961421113029641e-06,1.293678890582233e-07,DNS_KALMAN_OU,10
2023-07-31,2.7903671212723957e-07,0.0003474897988298127,3.2404578251568806e-06,1.1876454993953203e-07,DNS_KALMAN_OU,10
2023-08-31,5.426036297312566e-07,0.0006193397336995887,3.7830614548881373e-06,1.305857124243288e-07,DNS_KALMAN_OU,10
2023-09-27,5.8151358999632e-07,0.0003833609861260138,4.364575044884458e-06,1.8375426478950758e-07,DNS_KALMAN_OU,10
2023-10-31,2.759157499597463e-07,0.0003347378448610889,4.640490794844204e-06,1.7789320752956495e-07,DNS_KALMAN_OU,10
2023-11-30,5.631313878916073e-08,3.9265355649399705e-05,4.696803933633365e-06,1.1964226352231753e-07,DNS_KALMAN_OU,10
2023-12-29,3.048304721950483e-07,7.49156709610111e-05,5.001634405828413e-06,1.2847145969033996e-07,DNS_KALMAN_OU,10
2024-01-31,9.149543208787852e-07,0.0004936749706223998,5.916588726707198e-06,8.173581388451182e-07,DNS_KALMAN_OU,10
2024-02-29,6.655642652317811e-07,0.0004821474756939667,6.58215299193898e-06,6.996084525710296e-07,DNS_KALMAN_OU,10
2024-04-30,6.134646508005386e-07,0.00034838362076793403,7.195617642739519e-06,5.865304295715455e-07,DNS_KALMAN_OU,10
2024-05-31,6.334276986447413e-07,0.0003689265903032108,7.82904534138426e-06,5.719070130839523e-07,DNS_KALMAN_OU,10
2024-06-28,1.4631619192822986e-06,0.00042780206115324444,9.292207260666558e-06,5.715520347998434e-07,DNS_KALMAN_OU,10
2024-07-31,1.1577116913685677e-07,0.00016597542300748834,9.407978429803415e-06,5.372131097311478e-07,DNS_KALMAN_OU,10
2024-08-30,2.4855071691855333e-07,9.783639032509992e-05,9.656529146721969e-06,5.346726101304238e-07,DNS_KALMAN_OU,10
2024-09-30,6.488242335296968e-08,7.063889111012255e-05,9.721411570074939e-06,4.948625095989e-07,DNS_KALMAN_OU,10
2024-10-31,1.8742403493212457e-07,0.00018689527672806745,9.908835605007064e-06,4.6202171334355034e-07,DNS_KALMAN_OU,10
2024-11-29,3.9941457829812504e-07,0.0001293799987532445,1.0308250183305188e-05,4.723132823717486e-07,DNS_KALMAN_OU,10
2025-01-31,4.0577157630358386e-08,0.00010322001056154432,1.0348827340935546e-05,4.710019506085151e-07,DNS_KALMAN_OU,10
2025-02-28,6.577358049498702e-08,0.00015724538085957755,1.0414600921430533e-05,4.510805429668433e-07,DNS_KALMAN_OU,10
2025-04-30,4.009277500940458e-07,0.0002979664615800568,1.0815528671524578e-05,4.082449954014483e-07,DNS_KALMAN_OU,10
2025-05-30,-5.799928511289902e-08,-1.381384712528939e-05,1.075752938641168e-05,3.47948032872725e-07,DNS_KALMAN_OU,10
2025-09-30,2.247605948757943e-08,1.0642413665866454e-05,1.0780005445899259e-05,2.9869898359664504e-07,DNS_KALMAN_OU,10
2025-10-31,1.0491147491393277e-07,0.000114912153450545,1.0884916920813192e-05,2.54655964952411e-07,DNS_KALMAN_OU,10
2025-11-28,1.2419827095948106e-07,0.0001247195476054001,1.1009115191772673e-05,1.4307566092550956e-07,DNS_KALMAN_OU,10
2025-12-31,-6.749666709645063e-07,-0.00036330956732286666,1.0334148520808167e-05,7.718084091706264e-08,DNS_KALMAN_OU,10
2026-01-30,7.421400075630766e-07,0.0004160103386483889,1.1076288528371243e-05,1.1831328180410623e-07,DNS_KALMAN_OU,10
2026-02-27,-3.7765133060644394e-07,-0.0001728928997274333,1.06986371977648e-05,8.14354689741551e-08,DNS_KALMAN_OU,10
2026-04-30,1.2454468275720737e-07,2.7431610359066286e-05,1.0823181880522007e-05,7.619552295957867e-08,DNS_KALMAN_OU,10
2021-12-31,8.353459970820978e-07,0.00044640956934007784,8.353459970820978e-07,,DNS_KALMAN_OU,22
2022-01-31,1.721003203738717e-06,0.0009710254424621668,2.556349200820815e-06,,DNS_KALMAN_OU,22
2022-02-28,1.4019820140024145e-06,0.0009215787938420107,3.9583312148232294e-06,,DNS_KALMAN_OU,22
2022-04-29,7.434718924841469e-07,0.0003946406218269779,4.701803107307376e-06,1.175450776826844e-06,DNS_KALMAN_OU,22
2022-05-31,8.135955543879518e-07,0.0004266929729756666,5.515398661695328e-06,1.1030797323390654e-06,DNS_KALMAN_OU,22
2022-08-31,-7.55992693232519e-06,-0.0009857093238099556,-2.0445282706298612e-06,-3.4075471177164354e-07,DNS_KALMAN_OU,22
2022-09-30,-1.67492628626815e-06,-0.0001693186753266112,-3.7194545568980112e-06,-5.313506509854302e-07,DNS_KALMAN_OU,22
2022-10-31,3.4455783590029416e-07,0.00020554580659408914,-3.374896720997717e-06,-4.2186209012471465e-07,DNS_KALMAN_OU,22
2022-12-30,-1.2587817623847826e-05,-0.0003610049281918891,-1.5962714344845545e-05,-1.7736349272050605e-06,DNS_KALMAN_OU,22
2023-01-31,3.5490963596765223e-06,0.0010107415294567665,-1.2413617985169022e-05,-1.241361798516902e-06,DNS_KALMAN_OU,22
2023-02-28,4.818644507787196e-06,0.0009385438530160889,-7.594973477381827e-06,-6.904521343074387e-07,DNS_KALMAN_OU,22
2023-04-28,-1.5939865784584714e-07,-0.0001090432111249776,-7.754372135227673e-06,-6.461976779356393e-07,DNS_KALMAN_OU,22
2023-05-31,-3.1138770288744472e-06,-0.0006347386260010112,-1.086824916410212e-05,-9.752995967653515e-07,DNS_KALMAN_OU,22
2023-06-27,5.330630300845427e-07,0.00014864373199238961,-1.0335186134017577e-05,-1.0742946112365325e-06,DNS_KALMAN_OU,22
2023-07-31,8.085425849038371e-07,0.0006038801449631111,-9.52664354911374e-06,-1.1237478969947475e-06,DNS_KALMAN_OU,22
2023-08-31,5.085747032005447e-07,0.0003372289430508889,-9.018068845913195e-06,-1.143322662768381e-06,DNS_KALMAN_OU,22
2023-09-27,2.4979412938450014e-07,0.00020584889232821136,-8.768274716528695e-06,-1.1903061148520019e-06,DNS_KALMAN_OU,22
2023-10-31,-3.5382881740311895e-07,-0.00015296145071668865,-9.122103533931814e-06,-5.897979386084961e-07,DNS_KALMAN_OU,22
2023-12-29,2.7662153359896977e-07,0.00027320122310946665,-8.845482000332844e-06,-4.2716895361956944e-07,DNS_KALMAN_OU,22
2024-01-31,1.680043560328372e-07,1.9995993399555142e-05,-8.677477644300007e-06,-4.418817436085241e-07,DNS_KALMAN_OU,22
2024-04-30,7.630735597065291e-07,0.00039299291947987786,-7.914404084593478e-06,6.706925216876721e-07,DNS_KALMAN_OU,22
2024-05-31,-2.389707549979208e-07,6.869403439223255e-05,-8.153374839591398e-06,3.5502026213146847e-07,DNS_KALMAN_OU,22
2024-06-28,6.627551687627261e-07,0.00021952458702701111,-7.490619670828672e-06,8.69615054609604e-09,DNS_KALMAN_OU,22
2024-07-31,5.426087036155609e-07,0.00021984012820289986,-6.948010967213112e-06,6.719676400121337e-08,DNS_KALMAN_OU,22
2024-08-30,-5.377636266889524e-09,-2.3143127321522217e-05,-6.953388603480001e-06,3.2623838005184317e-07,DNS_KALMAN_OU,22
2024-09-30,3.927256163520054e-09,-7.419846410766667e-05,-6.949461347316481e-06,2.8214373222509127e-07,DNS_KALMAN_OU,22
2024-10-31,1.6345682310933117e-07,0.0001743897704524437,-6.786004524207149e-06,2.2838658540888252e-07,DNS_KALMAN_OU,22
2025-01-31,6.963578943266507e-08,0.00013496544866414332,-6.716368734774485e-06,1.918083425948925e-07,DNS_KALMAN_OU,22
2025-02-28,8.749531376516173e-07,0.00018755251829023322,-5.8414155971228675e-06,2.4390492661715226e-07,DNS_KALMAN_OU,22
2025-04-30,2.268593497728264e-06,0.0006210028475096668,-3.5728220993946036e-06,4.624401195447675e-07,DNS_KALMAN_OU,22
2025-09-30,-5.933581835396516e-07,-0.00048204545780632276,-4.166180282934256e-06,3.8994180978321575e-07,DNS_KALMAN_OU,22
2025-10-31,-1.014174515239321e-06,-0.0005079772953171112,-5.180354798173577e-06,2.914269038438692e-07,DNS_KALMAN_OU,22
2025-12-31,-1.9221507948454185e-06,-0.0007194656259777889,-7.102505593018995e-06,6.765820763120692e-08,DNS_KALMAN_OU,22
2026-01-30,1.5945513112082143e-06,0.0006030037428806667,-5.507954281810781e-06,2.2045171314838483e-07,DNS_KALMAN_OU,22
2026-02-27,-2.104976615786216e-06,-0.0004945736787760444,-7.6129308975969974e-06,-1.0192602230693635e-08,DNS_KALMAN_OU,22
2026-04-30,1.0698228163136077e-07,0.00020385322040048865,-7.5059486159656365e-06,-4.6494804062710327e-08,DNS_KALMAN_OU,22
2021-12-31,5.047548775720514e-08,0.00013484200016185586,5.047548775720514e-08,,NS_ELASTICNET,5
2022-01-31,2.344406270532011e-07,0.0002875001423498667,2.8491611481040626e-07,,NS_ELASTICNET,5
2022-02-28,1.6775624115162447e-07,0.0001503080979404187,4.526723559620307e-07,,NS_ELASTICNET,5
2022-03-31,2.0653263796314911e-07,0.0002793754022803338,6.592049939251798e-07,1.6480124848129497e-07,NS_ELASTICNET,5
2022-04-29,1.7091044447138374e-07,0.00016084200185217772,8.301154383965635e-07,1.6602308767931272e-07,NS_ELASTICNET,5
2022-05-31,4.3557163939026905e-07,0.0002795727879707054,1.2656870777868324e-06,2.1094784629780544e-07,NS_ELASTICNET,5
2022-06-24,3.6511071821732317e-07,0.0003236217958336731,1.6307977960041557e-06,2.3297111371487938e-07,NS_ELASTICNET,5
2022-07-29,1.5353884820508053e-07,0.00011596366416512462,1.7843366442092361e-06,2.2304208052615454e-07,NS_ELASTICNET,5
2022-08-31,9.678456058567438e-07,0.0004541648648452276,2.75218225006598e-06,3.057980277851089e-07,NS_ELASTICNET,5
2022-09-30,-5.111246356714449e-07,-9.892545369082615e-05,2.241057614394535e-06,2.2410576143945355e-07,NS_ELASTICNET,5
2022-10-31,4.1086829677882497e-07,0.00019735176586070885,2.65192591117336e-06,2.4108417374303274e-07,NS_ELASTICNET,5
2022-11-30,3.085411117857664e-09,9.263988552842185e-05,2.6550113222912177e-06,2.2125094352426814e-07,NS_ELASTICNET,5
2022-12-30,-1.9831318041428757e-06,-1.5656772409971807e-07,6.71879518148342e-07,5.178366919926142e-08,NS_ELASTICNET,5
2023-01-31,2.00923239085982e-06,0.0010149259891165446,2.681111909008162e-06,1.9968298284981298e-07,NS_ELASTICNET,5
2023-02-28,9.165645596425024e-07,0.0009354757520089448,3.5976764686506645e-06,2.6208367605738613e-07,NS_ELASTICNET,5
2023-03-31,1.5609922916736733e-06,0.0006038525991097887,5.158668760324338e-06,3.7495531386659645e-07,NS_ELASTICNET,5
2023-04-28,8.787008252502337e-07,0.0005583436375513884,6.037369585574571e-06,4.3393784559816736e-07,NS_ELASTICNET,5
2023-05-31,6.172215506796783e-07,0.0005005474449783107,6.6545911362542495e-06,4.490753382056181e-07,NS_ELASTICNET,5
2023-06-27,4.60810950146892e-07,0.0002332471097923151,7.115402086401141e-06,4.5705035753308215e-07,NS_ELASTICNET,5
2023-07-31,3.6831051341460807e-07,0.00033177353318981174,7.483712599815749e-06,4.7494799630054273e-07,NS_ELASTICNET,5
2023-08-31,3.828740099067977e-07,0.00048329456689591123,7.866586609722547e-06,4.2620036330471395e-07,NS_ELASTICNET,5
2023-09-27,6.198861006270676e-07,0.00024156579967096468,8.486472710349615e-06,5.204512579962567e-07,NS_ELASTICNET,5
2023-10-31,2.6660283194531764e-07,0.00037114732732964397,8.753075542294932e-06,5.084291359267977e-07,NS_ELASTICNET,5
2023-11-30,2.16683309021655e-07,0.00032905950331767897,8.969758851316588e-06,5.262289607521142e-07,NS_ELASTICNET,5
2023-12-29,6.014056763710798e-07,5.5377315991677786e-05,9.571164527687668e-06,7.416070841282772e-07,NS_ELASTICNET,5
2024-01-31,9.226046085955636e-07,0.0007052509885794412,1.0493769136283232e-05,6.51054768939589e-07,NS_ELASTICNET,5
2024-02-29,6.012735865006819e-07,0.0005837664865422778,1.1095042722783913e-05,6.247805211777707e-07,NS_ELASTICNET,5
2024-03-28,5.083191337173159e-07,0.0005155347849244403,1.1603361856501229e-05,5.37057758014741e-07,NS_ELASTICNET,5
2024-04-30,6.610362702514908e-07,0.000513883011850501,1.226439812675272e-05,5.18919045098179e-07,NS_ELASTICNET,5
2024-05-31,3.376082923526207e-07,0.0002996897110501943,1.260200641910534e-05,4.956179402375909e-07,NS_ELASTICNET,5
2024-06-28,1.0020564187012664e-06,0.0004050697803503815,1.3604062837806607e-05,5.407217292837888e-07,NS_ELASTICNET,5
2024-07-31,2.9793225267804536e-07,0.00037398477309182163,1.3901995090484652e-05,5.348568742224085e-07,NS_ELASTICNET,5
2024-08-30,9.787960555251871e-08,0.00012822132435390043,1.3999874696037171e-05,5.111073405262186e-07,NS_ELASTICNET,5
2024-09-30,1.631783857972961e-07,0.0002580599098460211,1.4163053081834467e-05,4.730483642904043e-07,NS_ELASTICNET,5
2024-10-31,1.4592648283184886e-07,0.0002637313861377169,1.4308979564666316e-05,4.629920018642819e-07,NS_ELASTICNET,5
2024-11-29,2.8685759958548584e-07,0.0001590271999404163,1.45958371642518e-05,4.688398594112679e-07,NS_ELASTICNET,5
2024-12-30,-5.674929144290214e-09,2.03009034628152e-05,1.459016223510751e-05,4.182498089516537e-07,NS_ELASTICNET,5
2025-01-31,5.1310232392321834e-08,9.160654211220776e-05,1.4641472467499832e-05,3.4564194426805017e-07,NS_ELASTICNET,5
2025-02-28,3.889921061083321e-08,0.00010132470752647452,1.4680371678110666e-05,2.9877741294389616e-07,NS_ELASTICNET,5
2025-03-31,-2.3664890484367355e-08,2.219055810125507e-06,1.4656706787626298e-05,2.544454109270892e-07,NS_ELASTICNET,5
2025-04-30,-2.0686959740027437e-09,1.9738293651123213e-05,1.4654638091652295e-05,1.991866637416314e-07,NS_ELASTICNET,5
2025-05-30,-8.505976108658517e-09,5.799346985939451e-06,1.4646132115543637e-05,1.7034380803652477e-07,NS_ELASTICNET,5
2025-06-30,-2.2435484471127075e-08,-6.76788246942052e-06,1.462369663107251e-05,8.496948277215866e-08,NS_ELASTICNET,5
2025-07-31,-4.7466726289484475e-07,-4.506533393053568e-06,1.4149029368177665e-05,2.0586189807751156e-08,NS_ELASTICNET,5
2025-08-29,3.411370450584321e-09,3.78976872895966e-05,1.4152440738628249e-05,1.2713836882589959e-08,NS_ELASTICNET,5
2025-09-30,4.221593011499619e-08,0.00011228169103459907,1.4194656668743245e-05,2.6336322423982983e-09,NS_ELASTICNET,5
2025-10-31,-2.4299323308168826e-08,-3.546210043002591e-05,1.4170357345435076e-05,-1.1551851602603174e-08,NS_ELASTICNET,5
2025-11-28,1.2434820604605932e-07,0.0001283580287027333,1.4294705551481135e-05,-2.5094301064222054e-08,NS_ELASTICNET,5
2025-12-31,-4.737288592634155e-08,-1.8591239888122998e-06,1.4247332665554794e-05,-2.856913079605966e-08,NS_ELASTICNET,5
2026-01-30,2.7695370729048365e-07,0.0002543159144510521,1.4524286372845278e-05,-9.76550788787951e-09,NS_ELASTICNET,5
2026-02-27,2.1917120026051142e-07,0.00011508809992533402,1.474345757310579e-05,5.257157916260343e-09,NS_ELASTICNET,5
2026-03-31,1.458409000325508e-07,0.00013768630872844443,1.4889298473138341e-05,1.938264045933686e-08,NS_ELASTICNET,5
2026-04-30,1.3442158412876842e-07,9.481103604678083e-05,1.502372005726711e-05,3.075683046790112e-08,NS_ELASTICNET,5
2021-12-31,-3.4560549871601988e-09,4.625073189665839e-05,-3.4560549871601988e-09,,NS_ELASTICNET,10
2022-01-31,1.2381544880594297e-07,0.00023062699021553234,1.2035939381878278e-07,,NS_ELASTICNET,10
2022-02-28,4.9131109698708025e-08,0.00010186496046354709,1.694905035174908e-07,,NS_ELASTICNET,10
2022-03-31,2.014962495963156e-07,0.00019585685101320227,3.7098675311380644e-07,9.274668827845161e-08,NS_ELASTICNET,10
2022-04-29,1.4829896709305343e-07,0.00014474502113532233,5.192857202068599e-07,1.0385714404137197e-07,NS_ELASTICNET,10
2022-05-31,3.3724919313556854e-07,0.00026849541871342537,8.565349133424284e-07,1.4275581889040473e-07,NS_ELASTICNET,10
2022-06-24,3.040043396221507e-07,0.00016073539279189643,1.1605392529645791e-06,1.6579132185208272e-07,NS_ELASTICNET,10
2022-07-29,9.771206935900861e-08,0.0001409052719665322,1.2582513223235877e-06,1.5728141529044846e-07,NS_ELASTICNET,10
2022-08-31,4.135385204932697e-07,0.0003085782824854112,1.6717898428168574e-06,1.8575442697965082e-07,NS_ELASTICNET,10
2022-09-30,-2.5473705362133384e-07,4.09972844964258e-05,1.4170527891955237e-06,1.4170527891955237e-07,NS_ELASTICNET,10
2022-10-31,2.545920857457361e-07,0.00018823166801843744,1.6716448749412598e-06,1.5196771590375088e-07,NS_ELASTICNET,10
2022-11-30,-2.3100792949968092e-07,0.0002006049884421777,1.440636945441579e-06,1.2005307878679823e-07,NS_ELASTICNET,10
2022-12-30,-1.7458099884296641e-06,1.0249900835755318e-05,-3.051730429880852e-07,-2.514308233341043e-08,NS_ELASTICNET,10
2023-01-31,1.8214400669906801e-06,0.0008887428802389171,1.516267024002595e-06,1.1632563584865098e-07,NS_ELASTICNET,10
2023-02-28,9.256807870093745e-07,0.0009340321025784434,2.4419478110119696e-06,1.8937144229120654e-07,NS_ELASTICNET,10
2023-03-31,1.6658660082262022e-06,0.0006124456482395111,4.107813819238171e-06,3.1140225551036374e-07,NS_ELASTICNET,10
2023-04-28,4.5687784375703465e-07,0.0002927094834757993,4.564691662995206e-06,3.371171618990289e-07,NS_ELASTICNET,10
2023-05-31,1.0359397588783055e-06,0.00041742123858705556,5.600631421873512e-06,3.953413757109236e-07,NS_ELASTICNET,10
2023-06-27,3.877902955360214e-07,0.00020548278253252247,5.988421717409533e-06,4.023235387037461e-07,NS_ELASTICNET,10
2023-07-31,2.3196609820005599e-07,0.00030644972385537904,6.220387815609589e-06,4.135113744405001e-07,NS_ELASTICNET,10
2023-08-31,4.1351044849715925e-07,0.0005364814023725665,6.633898264106748e-06,4.1350903510749096e-07,NS_ELASTICNET,10
2023-09-27,5.744620174256839e-07,0.0003556141720657467,7.208360281532432e-06,4.826089576947424e-07,NS_ELASTICNET,10
2023-10-31,1.406067861839454e-07,0.0002489664105276778,7.348967067716378e-06,4.7311018273125985e-07,NS_ELASTICNET,10
2023-11-30,9.515518627533872e-08,5.020191896643905e-05,7.444122253991716e-06,5.002904423791781e-07,NS_ELASTICNET,10
2023-12-29,2.387534379326212e-07,3.704108328794439e-05,7.682875691924337e-06,6.656707279093686e-07,NS_ELASTICNET,10
2024-01-31,7.049922663080816e-07,0.0005164301408490556,8.387867958232418e-06,5.726334111858187e-07,NS_ELASTICNET,10
2024-02-29,5.040305595040342e-07,0.0005356566445315334,8.891898517736453e-06,5.374958922270404e-07,NS_ELASTICNET,10
2024-03-28,5.803002305833285e-07,0.0004876503700552883,9.472198748319782e-06,4.470320774234675e-07,NS_ELASTICNET,10
2024-04-30,4.4144964625781503e-07,0.00038326085231576,9.913648394577597e-06,4.4574639429853255e-07,NS_ELASTICNET,10
2024-05-31,3.1210483638998245e-07,0.0002536643500872318,1.022575323096758e-05,3.854268174245057e-07,NS_ELASTICNET,10
2024-06-28,7.928321771465502e-07,0.00022104991474094482,1.101858540811413e-05,4.191803075587164e-07,NS_ELASTICNET,10
2024-07-31,1.1931517052695875e-07,0.00018647594488836223,1.1137900578641089e-05,4.0979273025262495e-07,NS_ELASTICNET,10
2024-08-30,6.637110733499253e-08,-4.527546974322297e-06,1.1204271685976081e-05,3.8086445182244436e-07,NS_ELASTICNET,10
2024-09-30,-8.664637572837432e-09,-2.0667180615531134e-05,1.1195607048403243e-05,3.322705639059009e-07,NS_ELASTICNET,10
2024-10-31,1.815917150004681e-07,0.00023414628698925253,1.137719876340371e-05,3.356859746406112e-07,NS_ELASTICNET,10
2024-11-29,2.6118608988303944e-07,0.00012006846977437775,1.163838485328675e-05,3.495218832745863e-07,NS_ELASTICNET,10
2024-12-30,-1.7945777803978565e-07,1.119211231556515e-05,1.1458927075246965e-05,3.1467094861021894e-07,NS_ELASTICNET,10
2025-01-31,3.06940348811225e-08,6.472738788101388e-05,1.1489621110128088e-05,2.5847942932463905e-07,NS_ELASTICNET,10
2025-02-28,4.8367864634595446e-08,0.0001448978916899305,1.1537988974762684e-05,2.2050753808551914e-07,NS_ELASTICNET,10
2025-03-31,-7.717968913677367e-09,-2.4575924464140582e-05,1.1530271005849008e-05,1.7150602146076866e-07,NS_ELASTICNET,10
2025-04-30,-5.634971943271261e-08,-7.678952285481636e-06,1.1473921286416295e-05,1.3002274098655802e-07,NS_ELASTICNET,10
2025-05-30,-1.991528008306631e-08,-3.623382959746317e-05,1.1454006006333229e-05,1.023543979471373e-07,NS_ELASTICNET,10
2025-06-30,-5.501451406566659e-08,-2.6392288103755602e-05,1.1398991492267562e-05,3.17005070127859e-08,NS_ELASTICNET,10
2025-07-31,-4.942889019343741e-07,3.1019507082374506e-05,1.0904702590333188e-05,-1.943316569232517e-08,NS_ELASTICNET,10
2025-08-29,-9.565628108587177e-09,-1.1246915836427204e-05,1.0895136962224602e-05,-2.576122697929014e-08,NS_ELASTICNET,10
2025-09-30,9.198214832849971e-08,0.00013967156199028933,1.0987119110553101e-05,-1.737399482084538e-08,NS_ELASTICNET,10
2025-10-31,6.914919468347049e-09,3.351201139290431e-05,1.0994034030021448e-05,-3.193039444852213e-08,NS_ELASTICNET,10
2025-11-28,-1.0082823443076595e-07,-6.875832915045037e-05,1.0893205795590681e-05,-6.209825480800592e-08,NS_ELASTICNET,10
2025-12-31,1.6247276779232749e-07,3.52406053876889e-05,1.1055678563383009e-05,-3.3604042655329825e-08,NS_ELASTICNET,10
2026-01-30,-4.870432599555285e-10,7.804967345708093e-05,1.1055191520123054e-05,-3.6202465833752994e-08,NS_ELASTICNET,10
2026-02-27,3.956086944278323e-07,5.667849322958791e-05,1.1450800214550886e-05,-7.2657300176499195e-09,NS_ELASTICNET,10
2026-03-31,2.7169612514761916e-07,0.0002564453349164444,1.1722496339698505e-05,1.6018777820791457e-08,NS_ELASTICNET,10
2026-04-30,1.1814890066530989e-07,1.2095697300369047e-05,1.1840645240363815e-05,3.0560329495626664e-08,NS_ELASTICNET,10
2021-12-31,2.451083362564644e-07,7.920609673937923e-05,2.451083362564644e-07,,NS_ELASTICNET,22
2022-01-31,1.051393673120438e-07,0.00018209569645975574,3.502477035685082e-07,,NS_ELASTICNET,22
2022-02-28,2.0207628324305008e-07,0.00016692233189786492,5.523239868115583e-07,,NS_ELASTICNET,22
2022-03-31,2.711935936501563e-07,6.40352895963235e-05,8.235175804617146e-07,2.0587939511542864e-07,NS_ELASTICNET,22
2022-04-29,7.739761949622603e-08,-2.3453736999666665e-05,9.009151999579406e-07,1.8018303999158812e-07,NS_ELASTICNET,22
2022-05-31,3.620757021179458e-07,0.00017432390313490192,1.2629909020758864e-06,2.104984836793144e-07,NS_ELASTICNET,22
2022-06-24,-4.528541323607986e-08,-0.00011166823262915403,1.2177054888398065e-06,1.739579269771152e-07,NS_ELASTICNET,22
2022-07-29,2.480463125378126e-07,9.382205428603362e-05,1.4657518013776191e-06,1.832189751722024e-07,NS_ELASTICNET,22
2022-08-31,1.0996338931629143e-06,0.00010018683077774435,2.5653856945405332e-06,2.8504285494894816e-07,NS_ELASTICNET,22
2022-09-30,-9.914141504502633e-07,8.156701190629991e-05,1.57397154409027e-06,1.5739715440902701e-07,NS_ELASTICNET,22
2022-10-31,5.394137851773836e-07,0.00011172557187216531,2.1133853292676535e-06,1.9212593902433219e-07,NS_ELASTICNET,22
2022-11-30,-4.1511509863377385e-07,0.00013525470526913345,1.6982702306338798e-06,1.4152251921949e-07,NS_ELASTICNET,22
2022-12-30,-3.7688856409099984e-06,-0.00010986375945609998,-2.0706154102761187e-06,-1.9297697887771525e-07,NS_ELASTICNET,22
2023-01-31,1.5920994874015916e-06,0.000614824730206989,-4.785159228745271e-07,-6.906363553691958e-08,NS_ELASTICNET,22
2023-02-28,1.3300965847974052e-06,0.00041861564351414437,8.51580661922878e-07,2.493805625927668e-08,NS_ELASTICNET,22
2023-03-31,1.1074443079982858e-06,0.0003893687237207,1.959024969921164e-06,9.462561578828748e-08,NS_ELASTICNET,22
2023-04-28,2.3961768062693384e-07,3.2406959466666963e-06,2.198642650548098e-06,1.0814395421584647e-07,NS_ELASTICNET,22
2023-05-31,-2.1694004051074165e-07,-4.272468723914439e-05,1.9817026100373562e-06,5.98926423301225e-08,NS_ELASTICNET,22
2023-06-27,4.2277975474373356e-07,0.00021320610277627855,2.4044823647810897e-06,9.889807299510696e-08,NS_ELASTICNET,22
2023-07-31,4.2504053849390247e-07,0.00042151162987935544,2.829522903274992e-06,1.1364759182478113e-07,NS_ELASTICNET,22
2023-08-31,5.116479960217949e-07,0.00024072162576131364,3.341170899296787e-06,6.464876706302117e-08,NS_ELASTICNET,22
2023-09-27,3.996231739759149e-07,0.00015002596458752251,3.740794073272702e-06,1.8056854409853603e-07,NS_ELASTICNET,22
2023-10-31,3.928511824540894e-08,3.25867963223781e-05,3.780079191518111e-06,1.388911551875381e-07,NS_ELASTICNET,22
2023-11-30,1.3462381735224728e-07,-1.960175362277792e-06,3.914703008870358e-06,1.8470273151970655e-07,NS_ELASTICNET,22
2023-12-29,1.1673198562949089e-07,4.421809184322225e-05,4.031434994499849e-06,5.085042003979974e-07,NS_ELASTICNET,22
2024-01-31,3.1644568947907705e-07,6.802553497210172e-05,4.347880683978926e-06,4.0219971723778784e-07,NS_ELASTICNET,22
2024-02-29,8.831894433789044e-07,0.0005077050273955607,5.23107012735783e-06,3.6495745545291274e-07,NS_ELASTICNET,22
2024-03-28,6.355349538098036e-07,0.00042412616463051103,5.866605081167634e-06,3.256316759372059e-07,NS_ELASTICNET,22
2024-04-30,4.6904256709662324e-07,0.0004147659164443456,6.335647648264257e-06,3.447504164763467e-07,NS_ELASTICNET,22
2024-05-31,9.376970711327113e-07,0.000256750342100277,7.273344719396968e-06,4.409701757799677e-07,NS_ELASTICNET,22
2024-06-28,2.4882772552057246e-07,-3.1493067535222724e-06,7.522172444917541e-06,4.264741733447043e-07,NS_ELASTICNET,22
2024-07-31,4.632950750015294e-07,0.00015423118411236184,7.98546751991907e-06,4.296620513870066e-07,NS_ELASTICNET,22
2024-08-30,-1.231950870536655e-07,-0.00014194129572838907,7.862272432865404e-06,3.767584611307182e-07,NS_ELASTICNET,22
2024-09-30,1.3580923092458224e-07,-5.1763353921336586e-05,7.998081663789987e-06,3.5477396587644053e-07,NS_ELASTICNET,22
2024-10-31,1.6627427868323814e-07,0.00011098806090499925,8.164355942473224e-06,3.653563959129262e-07,NS_ELASTICNET,22
2024-11-29,-4.687468388532335e-08,-7.444882733499254e-05,8.117481258587901e-06,3.5023152080979536e-07,NS_ELASTICNET,22
2024-12-30,6.928177682403502e-06,0.001791944805484466,1.5045658940991404e-05,9.17851995540963e-07,NS_ELASTICNET,22
2025-01-31,3.277359534820958e-08,0.00010183165264260544,1.5078432536339614e-05,8.942126543633908e-07,NS_ELASTICNET,22
2025-02-28,-3.1903399197457524e-07,-5.890724073837782e-05,1.4759398544365038e-05,7.94027368083934e-07,NS_ELASTICNET,22
2025-03-31,-1.049865021582561e-07,-5.291463400011349e-05,1.4654412042206782e-05,7.323172467532623e-07,NS_ELASTICNET,22
2025-04-30,6.691471619492187e-08,1.2921724134977784e-05,1.4721326758401704e-05,6.988065925114539e-07,NS_ELASTICNET,22
2025-05-30,1.940819724795384e-08,4.401266150413333e-05,1.4740734955649658e-05,6.222825196877241e-07,NS_ELASTICNET,22
2025-06-30,4.7172042283382886e-07,0.00033749733652906663,1.5212455378483487e-05,6.408569111304954e-07,NS_ELASTICNET,22
2025-07-31,-4.6512672673893796e-07,6.4083177173827445e-06,1.4747328651744548e-05,5.634884276521232e-07,NS_ELASTICNET,22
2025-08-29,6.285372828407228e-08,8.424336257628874e-05,1.481018238002862e-05,5.789924955969347e-07,NS_ELASTICNET,22
2025-09-30,2.3557059789268038e-07,6.71823175416771e-05,1.50457529779213e-05,5.873059428442762e-07,NS_ELASTICNET,22
2025-10-31,8.095204342202662e-09,-8.66825518563222e-05,1.5053848182263504e-05,5.741243533158567e-07,NS_ELASTICNET,22
2025-11-28,-9.870842381631194e-09,-3.589345658789685e-05,1.5043977339881873e-05,5.772080067744976e-07,NS_ELASTICNET,22
2025-12-31,3.5977484970760795e-07,6.310245537120004e-05,1.540375218958948e-05,2.9841104049839745e-08,NS_ELASTICNET,22
2026-01-30,2.4866414423489627e-07,9.801590987631108e-05,1.5652416333824375e-05,4.7831983123730304e-08,NS_ELASTICNET,22
2026-02-27,5.288895080361461e-07,6.061343038163335e-05,1.618130584186052e-05,1.1849227479129042e-07,NS_ELASTICNET,22
2026-03-31,5.206861954929366e-09,0.0001614481932019,1.618651270381545e-05,1.2767505513405585e-07,NS_ELASTICNET,22
2026-04-30,1.4542252072378256e-07,0.00010738422766153718,1.633193522453923e-05,1.342173721781276e-07,NS_ELASTICNET,22
2021-12-31,5.022057788072105e-08,0.00013132509960017694,5.022057788072105e-08,,NS_RIDGE,5
2022-01-31,2.114953442317368e-07,0.0002730696299115445,2.617159221124579e-07,,NS_RIDGE,5
2022-02-28,1.521609842228934e-07,0.00015617390752414124,4.138769063353513e-07,,NS_RIDGE,5
2022-03-31,1.9845076891387474e-07,0.000288972784559568,6.123276752492261e-07,1.530819188123065e-07,NS_RIDGE,5
2022-04-29,1.6234787614915672e-07,0.0001715522065450572,7.746755513983828e-07,1.5493511027967655e-07,NS_RIDGE,5
2022-05-31,4.1768504411674814e-07,0.0002579965365005059,1.1923605955151308e-06,1.9872676591918848e-07,NS_RIDGE,5
2022-06-24,3.5265267073842005e-07,0.0003544633684096445,1.545013266253551e-06,2.2071618089336443e-07,NS_RIDGE,5
2022-07-29,1.5234009601442283e-07,0.00013116638783918928,1.6973533622679738e-06,2.1216917028349672e-07,NS_RIDGE,5
2022-08-31,9.583963934286628e-07,0.00046790827509105584,2.6557497556966363e-06,2.9508330618851517e-07,NS_RIDGE,5
2022-09-30,-6.933364038459951e-07,-0.00017163377172375727,1.962413351850641e-06,1.9624133518506411e-07,NS_RIDGE,5
2022-10-31,4.040129087787773e-07,0.00018683186957575804,2.3664262606294186e-06,2.151296600572199e-07,NS_RIDGE,5
2022-11-30,-1.1657213978629355e-07,1.9910215893721226e-05,2.249854120843125e-06,1.8748784340359376e-07,NS_RIDGE,5
2022-12-30,-9.406675199059413e-06,-0.0006342697687547665,-7.156821078216288e-06,-6.005868046747508e-07,NS_RIDGE,5
2023-01-31,2.0438245955141128e-06,0.0010494468251381114,-5.112996482702175e-06,-4.478927004012194e-07,NS_RIDGE,5
2023-02-28,6.488475389900082e-07,0.0008541449888237224,-4.464148943712166e-06,-4.0650215417062655e-07,NS_RIDGE,5
2023-03-31,1.8521288491554877e-06,0.0007224843740616997,-2.6120200945566785e-06,-2.6869564748382543e-07,NS_RIDGE,5
2023-04-28,8.603799996391082e-07,0.0005694499763687749,-1.7516400949175703e-06,-2.1052630385966282e-07,NS_RIDGE,5
2023-05-31,6.208095135960126e-07,0.0005008993095416661,-1.1308305813215578e-06,-1.9359926473639077e-07,NS_RIDGE,5
2023-06-27,6.354575092654774e-07,0.00031059300064808343,-4.953730720560804e-07,-1.7003219485913603e-07,NS_RIDGE,5
2023-07-31,3.52339093636395e-07,0.0003351130437730117,-1.4303397841968535e-07,-1.5336561172397165e-07,NS_RIDGE,5
2023-08-31,3.8880561301516334e-07,0.0004985592089027334,2.45771634595478e-07,-2.0083151009176332e-07,NS_RIDGE,5
2023-09-27,6.411368710225795e-07,0.0002573419805472271,8.869085056180575e-07,-8.96254038527154e-08,NS_RIDGE,5
2023-10-31,2.7927579227047946e-07,0.00037211650991977874,1.166184297888537e-06,-1.0002016356174021e-07,NS_RIDGE,5
2023-11-30,2.3023770008134523e-07,0.0003556317065544234,1.3964219979698823e-06,-7.111934357277033e-08,NS_RIDGE,5
2023-12-29,2.618978378784619e-07,-2.6502624261366637e-05,1.6583198358483443e-06,7.345950761720527e-07,NS_RIDGE,5
2024-01-31,9.088378083620393e-07,0.0007078080301727278,2.5671576442103833e-06,6.400128439093799e-07,NS_RIDGE,5
2024-02-29,6.012948700864502e-07,0.0005667564748088444,3.1684525142968335e-06,6.360501215007498e-07,NS_RIDGE,5
2024-03-28,5.098974408743743e-07,0.0005077183755769222,3.678349955171208e-06,5.241975041439906e-07,NS_RIDGE,5
2024-04-30,6.37746788860851e-07,0.0004934280687036788,4.316096744032059e-06,5.056447365791357e-07,NS_RIDGE,5
2024-05-31,3.692248320024224e-07,0.0003103168395610646,4.685321576034481e-06,4.846793464463365e-07,NS_RIDGE,5
2024-06-28,1.0127476732062183e-06,0.0004278299767879975,5.698069249240699e-06,5.161201934413983e-07,NS_RIDGE,5
2024-07-31,2.978145418916139e-07,0.00038433911957371056,5.995883791132313e-06,5.115764807959999e-07,NS_RIDGE,5
2024-08-30,-2.6075904388606278e-09,7.197627095308931e-05,5.993276200693452e-06,4.789587138414979e-07,NS_RIDGE,5
2024-09-30,1.830861441859342e-07,0.00028029090374644236,6.176362344879387e-06,4.4078781993844416e-07,NS_RIDGE,5
2024-10-31,1.451328237114235e-07,0.0002532160514570194,6.32149516859081e-06,4.296092392251894e-07,NS_RIDGE,5
2024-11-29,3.08881867093277e-07,0.00016331174218746757,6.630377035684087e-06,4.361629198095171e-07,NS_RIDGE,5
2024-12-30,-1.413309005483037e-07,-9.384312748016656e-05,6.489046135135784e-06,4.0256052494062e-07,NS_RIDGE,5
2025-01-31,6.806932589088842e-08,0.00012012502297488109,6.557115461026673e-06,3.324964847346907e-07,NS_RIDGE,5
2025-02-28,6.606965766301624e-08,0.00012344475538317618,6.623185118689689e-06,2.8789438369940456e-07,NS_RIDGE,5
2025-03-31,6.501902931872687e-08,9.336252238222652e-05,6.688204148008416e-06,2.5082118273643397e-07,NS_RIDGE,5
2025-04-30,3.768822196692735e-09,4.1135411016331e-05,6.691972970205109e-06,1.9798968551442077e-07,NS_RIDGE,5
2025-05-30,-7.668502170745418e-09,8.101900520967842e-06,6.6843044680343635e-06,1.665819076666568e-07,NS_RIDGE,5
2025-06-30,8.273565506600024e-08,0.00010154920937876625,6.767040123100364e-06,8.908090615497194e-08,NS_RIDGE,5
2025-07-31,-5.49229428049963e-07,-1.2759787828345153e-05,6.2178106950504005e-06,1.8493908659840536e-08,NS_RIDGE,5
2025-08-29,6.836069800894915e-09,4.4245850327607244e-05,6.2246467648512955e-06,1.9280880346486825e-08,NS_RIDGE,5
2025-09-30,3.977499901954731e-08,5.642259757721678e-05,6.264421763870843e-06,7.338284915954585e-09,NS_RIDGE,5
2025-10-31,5.9452491189839006e-09,6.89804832090517e-06,6.270367012989827e-06,-4.260679633415382e-09,NS_RIDGE,5
2025-11-28,1.2325763211614017e-07,0.00012938681173821104,6.393624645105967e-06,-1.9729365881510118e-08,NS_RIDGE,5
2025-12-31,8.041684014118163e-08,9.68526971386805e-05,6.474041485247149e-06,-1.250387490719675e-09,NS_RIDGE,5
2026-01-30,2.9275236029900634e-07,0.0002885086894798781,6.766793845546155e-06,1.747319870995682e-08,NS_RIDGE,5
2026-02-27,3.1609256333963173e-07,0.0001673875103388118,7.082886408885787e-06,3.830844084967478e-08,NS_RIDGE,5
2026-03-31,1.712118751949274e-07,0.00014497147973035557,7.254098284080714e-06,4.715784467269149e-08,NS_RIDGE,5
2026-04-30,3.470965667336819e-07,0.00022870704439721532,7.601194850814396e-06,7.576849005077392e-08,NS_RIDGE,5
2021-12-31,-1.554907220887021e-08,2.587734394637972e-05,-1.554907220887021e-08,,NS_RIDGE,10
2022-01-31,5.00687672297341e-08,0.0001747486085596768,3.451969502086389e-08,,NS_RIDGE,10
2022-02-28,4.214220430486074e-08,7.061026776305877e-05,7.666189932572463e-08,,NS_RIDGE,10
2022-03-31,1.737853403651179e-07,0.00020150531887879144,2.504472396908425e-07,6.261180992271063e-08,NS_RIDGE,10
2022-04-29,6.151116267145705e-08,8.980931598589785e-05,3.1195840236229957e-07,6.239168047245991e-08,NS_RIDGE,10
2022-05-31,2.7896239001634275e-07,0.00023025710037854737,5.909207923786423e-07,9.848679872977372e-08,NS_RIDGE,10
2022-06-24,2.629557816405916e-07,0.00017085743514904056,8.538765740192339e-07,1.2198236771703342e-07,NS_RIDGE,10
2022-07-29,1.438100891380523e-07,0.0001791978191926413,9.976866631572862e-07,1.2471083289466077e-07,NS_RIDGE,10
2022-08-31,1.803860822348793e-07,0.00020516516088380144,1.1780727453921656e-06,1.3089697171024063e-07,NS_RIDGE,10
2022-09-30,3.9294488289177047e-07,0.00030707424244276916,1.571017628283936e-06,1.571017628283936e-07,NS_RIDGE,10
2022-10-31,2.1899904029705637e-08,0.00011105763679952207,1.5929175323136418e-06,1.4481068475578559e-07,NS_RIDGE,10
2022-11-30,-4.7401099291006087e-07,0.00012156224409566017,1.1189065394035808e-06,9.324221161696507e-08,NS_RIDGE,10
2022-12-30,-1.139662423050537e-05,-0.0009182622624274226,-1.027771769110179e-05,-8.551807182410766e-07,NS_RIDGE,10
2023-01-31,2.4063785749986594e-06,0.0010745103211161544,-7.87133911610313e-06,-6.588215675936662e-07,NS_RIDGE,10
2023-02-28,5.066353832449863e-07,0.0007984452150501122,-7.364703732858144e-06,-6.20113802681989e-07,NS_RIDGE,10
2023-03-31,2.1434376528889436e-06,0.0008081278187227666,-5.2212660799692e-06,-4.5597610997167025e-07,NS_RIDGE,10
2023-04-28,4.967795401618416e-07,0.0003215556173966131,-4.724486539807359e-06,-4.1970374518080486e-07,NS_RIDGE,10
2023-05-31,1.1262612295722129e-06,0.0004193272473663111,-3.598225310235146e-06,-3.49095508551149e-07,NS_RIDGE,10
2023-06-27,5.644949069633889e-07,0.0002857002732976556,-3.033730403271757e-06,-3.2396724810758253e-07,NS_RIDGE,10
2023-07-31,2.520055808375565e-07,0.00032984840733832354,-2.7817248224342005e-06,-3.1495095713262395e-07,NS_RIDGE,10
2023-08-31,4.3370262974173805e-07,0.0005560611230179331,-2.3480221926924624e-06,-2.9384124484038565e-07,NS_RIDGE,10
2023-09-27,5.543647240869785e-07,0.00036582362152746896,-1.7936574686054839e-06,-2.803895914074517e-07,NS_RIDGE,10
2023-10-31,1.6653609439614437e-07,0.0002544245426271814,-1.6271213742093394e-06,-2.683365755435818e-07,NS_RIDGE,10
2023-11-30,2.3054713061379516e-08,2.5169321622185026e-05,-1.6040666611479598e-06,-2.2691443337929505e-07,NS_RIDGE,10
2023-12-29,1.3800141501766562e-08,-2.008986350588909e-06,-1.5902665196461932e-06,7.239542642879664e-07,NS_RIDGE,10
2024-01-31,6.947912825766968e-07,0.0005151576495119666,-8.954752370694964e-07,5.813219899194695e-07,NS_RIDGE,10
2024-02-29,5.188816535364142e-07,0.0005202672723567189,-3.7659358353308224e-07,5.823425124437551e-07,NS_RIDGE,10
2024-03-28,6.746706636059407e-07,0.0004854586149356401,2.980770800728584e-07,4.599452633368383e-07,NS_RIDGE,10
2024-04-30,4.670213822388692e-07,0.0003536782027846236,7.650984623117276e-07,4.574654168432572e-07,NS_RIDGE,10
2024-05-31,3.7331973500337876e-07,0.00027305486728163394,1.1384181973151064e-06,3.9472029229585435e-07,NS_RIDGE,10
2024-06-28,7.302492352500686e-07,0.000163410422793259,1.8686674325651751e-06,4.0853315298641097e-07,NS_RIDGE,10
2024-07-31,1.1743925680824453e-07,0.00018662222156195176,1.9861066893734195e-06,3.9731929265063506e-07,NS_RIDGE,10
2024-08-30,2.3352299605712432e-08,-1.1553721318155644e-05,2.009458988979132e-06,3.631234318059662e-07,NS_RIDGE,10
2024-09-30,1.2018870665436065e-07,7.070561975339667e-05,2.1296476956334924e-06,3.269420970199147e-07,NS_RIDGE,10
2024-10-31,1.7241923870084318e-07,0.00020813783525504008,2.3020669343343354e-06,3.274323590453063e-07,NS_RIDGE,10
2024-11-29,3.2260152581558607e-07,0.00014806422070204447,2.6246684601499214e-06,3.523945934414901e-07,NS_RIDGE,10
2024-12-30,-3.9101882366897586e-07,-0.00010810891821731113,2.2336496364809455e-06,3.1865967967726163e-07,NS_RIDGE,10
2025-01-31,2.7806993296675033e-08,8.381252145129473e-05,2.2614566297776207e-06,2.630776555705931e-07,NS_RIDGE,10
2025-02-28,6.392143125784061e-08,0.0001375795309119328,2.325378061035461e-06,2.2516430371404534e-07,NS_RIDGE,10
2025-03-31,2.623952773084096e-07,0.0002061188234974557,2.587773338343871e-06,1.9080802152258444e-07,NS_RIDGE,10
2025-04-30,-3.906206542851853e-08,1.626180668099427e-05,2.548711272915352e-06,1.4863440088363544e-07,NS_RIDGE,10
2025-05-30,-2.966119314686262e-08,-4.195290565211495e-05,2.5190500797684897e-06,1.1505265687111533e-07,NS_RIDGE,10
2025-06-30,2.2741297739465623e-07,0.00018750143376559996,2.7464630571631458e-06,7.31496353831643e-08,NS_RIDGE,10
2025-07-31,-5.56815855775923e-07,3.602964445911107e-05,2.1896472013872226e-06,1.696170933448368e-08,NS_RIDGE,10
2025-08-29,-1.4188248342575258e-08,-2.692978202141707e-05,2.1754589530446474e-06,1.3833330338793042e-08,NS_RIDGE,10
2025-09-30,6.793266648151422e-08,4.306334396024024e-05,2.2433916195261614e-06,9.478660324389173e-09,NS_RIDGE,10
2025-10-31,7.781008678594524e-09,3.217467419396185e-05,2.2511726282047558e-06,-4.241192177464881e-09,NS_RIDGE,10
2025-11-28,-1.0088511868273907e-07,-7.305590877756695e-05,2.1502875095220165e-06,-3.953174588565864e-08,NS_RIDGE,10
2025-12-31,4.982348528725607e-07,0.0001452408950500778,2.6485223623945773e-06,3.45727271594694e-08,NS_RIDGE,10
2026-01-30,1.430427143520325e-07,0.0001807108575255667,2.79156507674661e-06,4.4175703914082526e-08,NS_RIDGE,10
2026-02-27,6.324479625446646e-07,0.0001323481851437,3.4240130392912744e-06,9.155291485465119e-08,NS_RIDGE,10
2026-03-31,3.184833688966626e-07,0.00028024168841512225,3.742496408187937e-06,9.622692248700562e-08,NS_RIDGE,10
2026-04-30,3.514302370754646e-07,6.682490019013329e-05,4.093926645263402e-06,1.2876794769567086e-07,NS_RIDGE,10
2021-12-31,1.5562771647042e-07,6.516134745523435e-05,1.5562771647042e-07,,NS_RIDGE,22
2022-01-31,1.9552266059202115e-08,7.291868917370101e-05,1.7517998252962212e-07,,NS_RIDGE,22
2022-02-28,1.1650165465348246e-07,7.44493734912963e-05,2.916816371831046e-07,,NS_RIDGE,22
2022-03-31,1.5208620656638548e-07,-1.1432020842115677e-05,4.4376784374949003e-07,1.1094196093737251e-07,NS_RIDGE,22
2022-04-29,8.159235673965641e-09,-9.140684122735629e-07,4.519270794234557e-07,9.038541588469114e-08,NS_RIDGE,22
2022-05-31,1.0646710348520736e-07,4.0787744729832945e-05,5.583941829086631e-07,9.306569715144385e-08,NS_RIDGE,22
2022-06-24,-4.551469539837791e-08,5.706868550437781e-05,5.128794875102852e-07,7.326849821575503e-08,NS_RIDGE,22
2022-07-29,1.1851629217563056e-07,0.00010153438073232251,6.313957796859157e-07,7.892447246073946e-08,NS_RIDGE,22
2022-08-31,-8.357918298744422e-07,-9.032579556496669e-05,-2.0439605018852653e-07,-2.2710672243169615e-08,NS_RIDGE,22
2022-09-30,3.012479015851418e-07,0.0004853167966580777,9.685185139661525e-08,9.685185139661525e-09,NS_RIDGE,22
2022-10-31,-4.829253649030047e-07,-0.00011095334995509965,-3.860735135063895e-07,-3.50975921369445e-08,NS_RIDGE,22
2022-11-30,-7.019051975197992e-07,0.0001134745989838821,-1.0879787110261887e-06,-9.066489258551572e-08,NS_RIDGE,22
2022-12-30,9.176607966782945e-05,0.004058768218980044,9.067810095680326e-05,7.543539436694403e-06,NS_RIDGE,22
2023-01-31,7.120009939618536e-06,0.0011746630597509035,9.77981108964218e-05,8.135244242824348e-06,NS_RIDGE,22
2023-02-28,4.812760261156018e-07,0.00021285044499382222,9.82793869225374e-05,8.165642107112858e-06,NS_RIDGE,22
2023-03-31,1.9067134653530924e-06,0.0006674843424308666,0.00010018610038789048,8.311861045345085e-06,NS_RIDGE,22
2023-04-28,5.769573330843931e-07,0.00015529809507742388,0.00010076305772097487,8.359260886795952e-06,NS_RIDGE,22
2023-05-31,-1.1480787352602825e-06,-0.00023922231186499995,9.96149789857146e-05,8.254715400233828e-06,NS_RIDGE,22
2023-06-27,5.959013480246959e-07,0.00012721420767015286,0.00010021088033373929,8.308166737185752e-06,NS_RIDGE,22
2023-07-31,5.500353309591911e-07,0.0005201824208878,0.00010076091566469847,8.34412665708438e-06,NS_RIDGE,22
2023-08-31,4.6606755723093276e-07,0.00026606155894218393,0.00010122698322192941,8.452614939343161e-06,NS_RIDGE,22
2023-09-27,3.109196819042412e-07,0.0001652442367688001,0.00010153790290383365,8.45342092103642e-06,NS_RIDGE,22
2023-10-31,-4.065364280835363e-08,-1.2956249424410797e-05,0.0001014972492610253,8.490276897877642e-06,NS_RIDGE,22
2023-11-30,-8.111674747586205e-07,-0.00028142643509299997,0.00010068608178626667,8.48117170810774e-06,NS_RIDGE,22
2023-12-29,-2.3027583730326394e-08,0.00010625069018165554,0.00010066305420253635,8.32079437144425e-07,NS_RIDGE,22
2024-01-31,4.208919659776325e-07,0.00014511878313817837,0.00010108394616851397,2.7381960600768317e-07,NS_RIDGE,22
2024-02-29,9.376262867458813e-07,0.0005086045446717758,0.00010202157245525986,3.1184879439353976e-07,NS_RIDGE,22
2024-03-28,6.434478043452822e-07,0.00036734904467869997,0.00010266502025960514,2.0657665597622226e-07,NS_RIDGE,22
2024-04-30,5.456191009917182e-07,0.00034729636472680825,0.00010321063936059686,2.03965136635166e-07,NS_RIDGE,22
2024-05-31,7.12159708868017e-07,0.00026300702808608814,0.00010392279906946488,3.5898500697919095e-07,NS_RIDGE,22
2024-06-28,-1.6117007289462567e-07,-0.00011992523003175553,0.00010376162899657025,2.958957219025808e-07,NS_RIDGE,22
2024-07-31,3.963649828508474e-07,0.00012707930011009332,0.0001041579939794211,2.830898595602189e-07,NS_RIDGE,22
2024-08-30,-3.9670280898367855e-07,-0.000227558345198234,0.00010376129117043742,2.1119232904233458e-07,NS_RIDGE,22
2024-09-30,1.9095860611401027e-06,0.0007287391476601666,0.00010567087723157752,3.444145273119897e-07,NS_RIDGE,22
2024-10-31,3.717900378031939e-07,0.0002159869482076563,0.00010604266726938071,3.787848340296187e-07,NS_RIDGE,22
2024-11-29,-2.153027290406718e-07,-0.00012824780843126232,0.00010582736454034004,4.2844022950611444e-07,NS_RIDGE,22
2024-12-30,1.7467408033233127e-06,0.000709706629065755,0.00010757410534366335,5.75920928427251e-07,NS_RIDGE,22
2025-01-31,2.1029361446823348e-08,6.638038492589377e-05,0.00010759513470511017,5.425990447163503e-07,NS_RIDGE,22
2025-02-28,-9.033377121940794e-09,1.3036628874700004e-05,0.00010758610132798823,4.6371073939403173e-07,NS_RIDGE,22
2025-03-31,1.7284033558124323e-06,0.0006195586624659775,0.00010931450468380067,5.541237020162942e-07,NS_RIDGE,22
2025-04-30,4.408789573334983e-08,-1.6772938073327124e-07,0.00010935859257953402,5.123294349114302e-07,NS_RIDGE,22
2025-05-30,-2.724524120734558e-08,9.73094501056668e-06,0.00010933134733832667,4.507123557384833e-07,NS_RIDGE,22
2025-06-30,5.36711052618987e-07,0.0003712428800872,0.00010986805839094566,5.088691161979511e-07,NS_RIDGE,22
2025-07-31,-4.1345004626372704e-07,9.704278565229376e-05,0.00010945460834468193,4.413845304384032e-07,NS_RIDGE,22
2025-08-29,2.2091551085695383e-07,0.00020108221216763323,0.00010967552385553889,4.92852723758456e-07,NS_RIDGE,22
2025-09-30,-6.312648137342731e-07,-0.00046937816478258607,0.00010904425904180462,2.8111515085225787e-07,NS_RIDGE,22
2025-10-31,-4.379762428189716e-08,-9.481484602689999e-05,0.00010900046141752271,2.464828456785003e-07,NS_RIDGE,22
2025-11-28,-3.672168744263965e-08,-4.6708921838211865e-05,0.00010896373973008007,2.6136459914500295e-07,NS_RIDGE,22
2025-12-31,1.539341774227268e-06,0.0003389693911802889,0.00011050308150430734,2.4408134672033255e-07,NS_RIDGE,22
2026-01-30,4.969804762683248e-07,0.00019934328905376925,0.00011100006198057566,2.8374393962212433e-07,NS_RIDGE,22
2026-02-27,1.0941933097625366e-06,0.0001594325610699281,0.0001120942552903382,3.7567949686249745e-07,NS_RIDGE,22
2026-03-31,5.542839426700077e-07,0.00032224643307560006,0.0001126485392330082,2.778362124339621e-07,NS_RIDGE,22
2026-04-30,8.584495926039481e-07,0.0005476254029570414,0.00011350698882561215,3.456996871731786e-07,NS_RIDGE,22
2021-12-31,5.419003938373842e-08,0.00013447472689788237,5.419003938373842e-08,,NS_XGBOOST,5
2022-01-31,2.258539487673552e-07,0.0002842983255369445,2.800439881510936e-07,,NS_XGBOOST,5
2022-02-28,1.7111118657608708e-07,0.00015679989758647338,4.511551747271807e-07,,NS_XGBOOST,5
2022-03-31,1.99359073526328e-07,0.0002917155294023013,6.505142482535087e-07,1.6262856206337717e-07,NS_XGBOOST,5
2022-04-29,1.7018810288456626e-07,0.00016545900757372668,8.207023511380749e-07,1.6414047022761498e-07,NS_XGBOOST,5
2022-05-31,3.9848828845407123e-07,0.0002672183757655067,1.219190639592146e-06,2.0319843993202433e-07,NS_XGBOOST,5
2022-06-24,3.706352239273747e-07,0.000331363885629651,1.5898258635195208e-06,2.271179805027887e-07,NS_XGBOOST,5
2022-07-29,1.5145213612503396e-07,0.00011539588395877476,1.7412779996445547e-06,2.1765974995556936e-07,NS_XGBOOST,5
2022-08-31,9.64707951601891e-07,0.0004561867237659463,2.7059859512464455e-06,3.0066510569404957e-07,NS_XGBOOST,5
2022-09-30,-4.545021440906858e-07,-8.181468580729126e-05,2.25148380715576e-06,2.2514838071557603e-07,NS_XGBOOST,5
2022-10-31,3.9366314182100077e-07,0.00022285565962113987,2.6451469489767606e-06,2.404679044524328e-07,NS_XGBOOST,5
2022-11-30,-1.002502995246224e-07,3.389531766474153e-05,2.544896649452138e-06,2.1207472078767821e-07,NS_XGBOOST,5
2022-12-30,-3.9813472341572215e-06,-7.060207366537764e-05,-1.4364505847050834e-06,-1.2422005200740178e-07,NS_XGBOOST,5
2023-01-31,2.1970667198470132e-06,0.0010320396944348892,7.606161351419298e-07,4.0047678915903044e-08,NS_XGBOOST,5
2023-02-28,9.181416586725782e-07,0.000935981667204489,1.6787577938145082e-06,1.0230021825727732e-07,NS_XGBOOST,5
2023-03-31,1.654525750620981e-06,0.0006418030811596109,3.3332835444354892e-06,2.2356410801516506e-07,NS_XGBOOST,5
2023-04-28,8.979550434628643e-07,0.0005740126895154178,4.2312385878983535e-06,2.842113530633566e-07,NS_XGBOOST,5
2023-05-31,6.796773947136204e-07,0.0005229516096512995,4.910915982611974e-06,3.076437785849857e-07,NS_XGBOOST,5
2023-06-27,6.026737041252843e-07,0.00030160343473609305,5.513589686737258e-06,3.269803186014781e-07,NS_XGBOOST,5
2023-07-31,3.7766790895622164e-07,0.0003395714773293228,5.89125759569348e-06,3.4583163300407715e-07,NS_XGBOOST,5
2023-08-31,3.817828289708268e-07,0.0004809054967167667,6.273040424664307e-06,2.9725453945148846e-07,NS_XGBOOST,5
2023-09-27,6.363097558812007e-07,0.0002417004156465648,6.909350180545507e-06,3.881555311158123e-07,NS_XGBOOST,5
2023-10-31,2.7063274084090183e-07,0.00038322517382159194,7.179982921386409e-06,3.7790299770080407e-07,NS_XGBOOST,5
2023-11-30,2.7142462381023494e-07,0.00036011286969180116,7.451407545196644e-06,4.0887590797870885e-07,NS_XGBOOST,5
2023-12-29,1.308457558630647e-07,-6.808403956377778e-05,7.582253301059708e-06,7.51558657147066e-07,NS_XGBOOST,5
2024-01-31,9.386630712787487e-07,0.0007112452251724098,8.520916372338457e-06,6.46691686433044e-07,NS_XGBOOST,5
2024-02-29,6.044161005175127e-07,0.0005670122044796532,9.12533247285597e-06,6.205478899201219e-07,NS_XGBOOST,5
2024-03-28,5.092394882669323e-07,0.0005140581071641717,9.634571961122901e-06,5.251073680572844e-07,NS_XGBOOST,5
2024-04-30,6.371257016905241e-07,0.0005035470009644677,1.0271697662813426e-05,5.033715895762562e-07,NS_XGBOOST,5
2024-05-31,3.360860899614994e-07,0.00028414740478465453,1.0607783752774925e-05,4.747389808469127e-07,NS_XGBOOST,5
2024-06-28,1.1282557877244244e-06,0.00039683314923549953,1.173603954049935e-05,5.185374878135077e-07,NS_XGBOOST,5
2024-07-31,4.2224676285146724e-07,0.00042094266871151693,1.2158286303350817e-05,5.222523923047782e-07,NS_XGBOOST,5
2024-08-30,-5.420359667460691e-08,5.36788470653782e-05,1.2104082706676209e-05,4.859201901676587e-07,NS_XGBOOST,5
2024-09-30,1.6299973185022313e-07,0.00025932185842019947,1.2267082438526432e-05,4.4647768816507723e-07,NS_XGBOOST,5
2024-10-31,1.7879166986608488e-07,0.00029954193331045514,1.2445874108392517e-05,4.3882426558384247e-07,NS_XGBOOST,5
2024-11-29,2.957409524292772e-07,0.00016265350357111966,1.2741615060821795e-05,4.4085062630209597e-07,NS_XGBOOST,5
2024-12-30,-8.024305786799742e-08,-5.149780441210382e-05,1.2661372002953798e-05,4.232598918245075e-07,NS_XGBOOST,5
2025-01-31,4.691297454235082e-08,8.885470020450474e-05,1.2708284977496148e-05,3.4894738376314105e-07,NS_XGBOOST,5
2025-02-28,2.9875949568367885e-08,8.838776029876574e-05,1.2738160927064516e-05,3.010690378507123e-07,NS_XGBOOST,5
2025-03-31,3.375295647834486e-08,5.1125435108978594e-05,1.2771913883542862e-05,2.614451602016633e-07,NS_XGBOOST,5
2025-04-30,-3.2465328770499436e-08,8.70228329043155e-06,1.2739448554772362e-05,2.0564590766324469e-07,NS_XGBOOST,5
2025-05-30,9.915793284391417e-08,0.00011919436384597098,1.2838606487616275e-05,1.8590189457011258e-07,NS_XGBOOST,5
2025-06-30,-8.174580099690551e-08,-6.383583267703735e-05,1.275686068661937e-05,8.50684288433351e-08,NS_XGBOOST,5
2025-07-31,-4.330427246371956e-07,0.0001273379958139446,1.2323817961982174e-05,1.3794304885946538e-08,NS_XGBOOST,5
2025-08-29,1.2012303996862325e-09,2.3969663679919995e-05,1.232501919238186e-05,1.84113738088043e-08,NS_XGBOOST,5
2025-09-30,4.507748310332268e-08,0.00011849224387552904,1.2370096675485183e-05,8.584519746562595e-09,NS_XGBOOST,5
2025-10-31,-6.14579596680002e-08,-0.0001001612621482195,1.2308638715817183e-05,-1.1436282714611161e-08,NS_XGBOOST,5
2025-11-28,2.126520347113009e-08,-1.432666571898896e-05,1.2329903919288312e-05,-3.430926179445675e-08,NS_XGBOOST,5
2025-12-31,7.129040826515359e-09,3.8504932872836646e-05,1.2337032960114827e-05,-2.702825356991402e-08,NS_XGBOOST,5
2026-01-30,2.660460569482764e-07,0.0002593227346428754,1.2603079017063103e-05,-8.767163369420222e-09,NS_XGBOOST,5
2026-02-27,1.556926136699195e-07,9.539433998196737e-05,1.2758771630733023e-05,1.7175586390424129e-09,NS_XGBOOST,5
2026-03-31,3.5610756327690627e-07,0.00021217502461476665,1.3114879194009928e-05,2.858044253892253e-08,NS_XGBOOST,5
2026-04-30,1.1856471240483296e-07,6.871073515079268e-05,1.3233443906414762e-05,4.116627930353356e-08,NS_XGBOOST,5
2021-12-31,-4.4866986922694056e-09,4.074780129278844e-05,-4.4866986922694056e-09,,NS_XGBOOST,10
2022-01-31,1.1115973045845598e-07,0.00022688248474104348,1.0667303176618658e-07,,NS_XGBOOST,10
2022-02-28,1.49357311945219e-07,0.00018640780589976265,2.560303437114056e-07,,NS_XGBOOST,10
2022-03-31,1.6840354597279645e-07,0.00020273989526370446,4.24433889684202e-07,1.061084724210505e-07,NS_XGBOOST,10
2022-04-29,7.47753506034913e-08,0.00010587594372660123,4.992092402876933e-07,9.984184805753866e-08,NS_XGBOOST,10
2022-05-31,2.913672154102089e-07,0.0002482024707182694,7.905764556979022e-07,1.3176274261631703e-07,NS_XGBOOST,10
2022-06-24,2.75722020563141e-07,0.00015259234314690884,1.0662984762610433e-06,1.5232835375157762e-07,NS_XGBOOST,10
2022-07-29,9.809598620659125e-08,0.00013284220897134477,1.1643944624676347e-06,1.455493078084543e-07,NS_XGBOOST,10
2022-08-31,2.5577301732168554e-07,0.0002610588165974126,1.4201674797893202e-06,1.5779638664325777e-07,NS_XGBOOST,10
2022-09-30,-4.3605267725487524e-07,-3.717060382419826e-05,9.84114802534445e-07,9.841148025344449e-08,NS_XGBOOST,10
2022-10-31,2.3214592231297574e-07,0.00015019797230527522,1.2162607248474206e-06,1.1056915680431096e-07,NS_XGBOOST,10
2022-11-30,-3.897619433505451e-07,0.0001497306155589666,8.264987814968755e-07,6.887489845807296e-08,NS_XGBOOST,10
2022-12-30,3.634067376664432e-07,0.0001531618811384778,1.1899055191633188e-06,9.9532684821299e-08,NS_XGBOOST,10
2023-01-31,1.935486135683528e-06,0.0009005072612984333,3.1253916548468468e-06,2.515598852567217e-07,NS_XGBOOST,10
2023-02-28,8.438865647626182e-07,0.00090438236273091,3.969278219609465e-06,3.09437322991505e-07,NS_XGBOOST,10
2023-03-31,2.0412597025748715e-06,0.0007433195274995444,6.010537922184337e-06,4.6550866937501116e-07,NS_XGBOOST,10
2023-04-28,5.037904070277423e-07,0.0003151547520153344,6.5143283292120795e-06,5.012599240770321e-07,NS_XGBOOST,10
2023-05-31,1.2099892224110968e-06,0.0004513870970465778,7.724317551623176e-06,5.778117579937728e-07,NS_XGBOOST,10
2023-06-27,4.939243032034671e-07,0.00025758927923983044,8.218241854826644e-06,5.959952815471332e-07,NS_XGBOOST,10
2023-07-31,2.738543533794494e-07,0.00033468893323622054,8.492096208206093e-06,6.106418121448714e-07,NS_XGBOOST,10
2023-08-31,4.1406749518732485e-07,0.0005419529086096776,8.906163703393417e-06,6.238330186336748e-07,NS_XGBOOST,10
2023-09-27,6.171847852602789e-07,0.0003712068219135023,9.523348488653696e-06,7.116028071766042e-07,NS_XGBOOST,10
2023-10-31,1.7587435304389284e-07,0.00028659397170447955,9.699222841697589e-06,7.06913509737514e-07,NS_XGBOOST,10
2023-11-30,8.675036072767194e-09,1.641131396793067e-05,9.707897877770356e-06,7.401165913561233e-07,NS_XGBOOST,10
2023-12-29,-7.003929169661631e-09,-2.430072465750003e-05,9.700893948600695e-06,7.09249035786448e-07,NS_XGBOOST,10
2024-01-31,7.544393609007334e-07,0.0005418563165332328,1.0455333309501428e-05,6.10828471221215e-07,NS_XGBOOST,10
2024-02-29,7.570086702396117e-07,0.0006050251139449555,1.121234197974104e-05,6.035886466776312e-07,NS_XGBOOST,10
2024-03-28,7.759871522413814e-07,0.0005249951801522403,1.1988329131982422e-05,4.981492674831738e-07,NS_XGBOOST,10
2024-04-30,4.5145805127363444e-07,0.00038809974470703387,1.2439787183256056e-05,4.937882378369981e-07,NS_XGBOOST,10
2024-05-31,3.3555826183588516e-07,0.00026587667176953124,1.2775345445091942e-05,4.209189911223971e-07,NS_XGBOOST,10
2024-06-28,8.65815976079824e-07,3.036077637688891e-05,1.3641161421171765e-05,4.519099638620935e-07,NS_XGBOOST,10
2024-07-31,1.2622890819463763e-07,0.00018986535257492466,1.3767390329366402e-05,4.3960784343002583e-07,NS_XGBOOST,10
2024-08-30,-4.179761605607258e-08,-2.0742914828900075e-05,1.372559271331033e-05,4.0161908415974266e-07,NS_XGBOOST,10
2024-09-30,-3.2586156322765125e-09,-2.1579580006974626e-05,1.3722334097678054e-05,3.499154674186964e-07,NS_XGBOOST,10
2024-10-31,2.5722449355536675e-07,0.00020123325086181175,1.3979558591233421e-05,3.5669464579465255e-07,NS_XGBOOST,10
2024-11-29,6.77248242470717e-07,0.0003227859535371127,1.4656806833704138e-05,4.124090796611484e-07,NS_XGBOOST,10
2024-12-30,-2.1522084029714717e-07,2.004483737440624e-06,1.4441585993406991e-05,3.950576704005246e-07,NS_XGBOOST,10
2025-01-31,2.2387791513292673e-08,5.982121884235655e-05,1.4463973784920284e-05,3.340533729515712e-07,NS_XGBOOST,10
2025-02-28,4.0544596457025825e-08,0.0001319665363930148,1.450451838137731e-05,2.7434803346968906e-07,NS_XGBOOST,10
2025-03-31,1.0815871902006646e-07,6.105943487470238e-05,1.4612677100397377e-05,2.1869566403457947e-07,NS_XGBOOST,10
2025-04-30,-1.5246640572332333e-07,-9.601343324806498e-05,1.4460210694674055e-05,1.683686259514997e-07,NS_XGBOOST,10
2025-05-30,3.9957679496679626e-07,0.0003694660508624439,1.485978748964085e-05,1.7370350371240892e-07,NS_XGBOOST,10
2025-06-30,-2.416765147073101e-07,-0.0002301101268427762,1.461811097493354e-05,8.141246281348108e-08,NS_XGBOOST,10
2025-07-31,-1.3326284140217198e-07,0.00037329781398508883,1.4484848133531368e-05,5.978815034708028e-08,NS_XGBOOST,10
2025-08-29,4.36463489022225e-08,8.786681821733579e-05,1.452849448243359e-05,6.690848076027153e-08,NS_XGBOOST,10
2025-09-30,4.192032973337151e-08,8.726195614853097e-05,1.4570414812166962e-05,7.067339287407553e-08,NS_XGBOOST,10
2025-10-31,4.109289571394803e-08,6.175368666714416e-05,1.461150770788091e-05,5.266242638729065e-08,NS_XGBOOST,10
2025-11-28,9.117396770723472e-08,8.302071778195609e-05,1.4702681675588146e-05,3.822903490333781e-09,NS_XGBOOST,10
2025-12-31,-2.8736339834160176e-07,-0.0001612844197487333,1.4415318277246545e-05,-2.1889763467041023e-09,NS_XGBOOST,10
2026-01-30,1.6549800785591035e-07,0.00017916907780538894,1.4580816285102455e-05,9.736875015180704e-09,NS_XGBOOST,10
2026-02-27,-3.061711223256473e-07,-0.00016828287367896667,1.4274645162776809e-05,-1.915610155004206e-08,NS_XGBOOST,10
2026-03-31,5.671884518675454e-07,0.0003810144685886778,1.4841833614644353e-05,1.9096376187247855e-08,NS_XGBOOST,10
2026-04-30,2.3590208921466482e-08,-3.238957718007194e-05,1.486542382356582e-05,3.376776074098034e-08,NS_XGBOOST,10
2021-12-31,1.1058337482593795e-07,5.570617778106774e-05,1.1058337482593795e-07,,NS_XGBOOST,22
2022-01-31,3.446304496967585e-08,0.00010088200705490623,1.4504641979561378e-07,,NS_XGBOOST,22
2022-02-28,6.346384783031356e-07,0.0005214591413341996,7.796848980987494e-07,,NS_XGBOOST,22
2022-03-31,2.580922148835932e-07,5.086837454283848e-05,1.0377771129823427e-06,2.5944427824558567e-07,NS_XGBOOST,22
2022-04-29,5.098890258733718e-08,-2.9590095821333357e-05,1.0887660155696798e-06,2.1775320311393596e-07,NS_XGBOOST,22
2022-05-31,3.4507097145408794e-07,0.00017091032613965047,1.4338369870237677e-06,2.3897283117062793e-07,NS_XGBOOST,22
2022-06-24,-1.1658663949362687e-07,-0.00011426155083153965,1.3172503475301408e-06,1.8817862107573442e-07,NS_XGBOOST,22
2022-07-29,1.5418906270866712e-07,6.728085692993187e-05,1.4714394102388078e-06,1.83929926279851e-07,NS_XGBOOST,22
2022-08-31,-7.123698360085169e-07,-9.151853573774445e-05,7.590695742302909e-07,8.434106380336568e-08,NS_XGBOOST,22
2022-09-30,-1.2096079661226372e-06,-0.00013346913656853864,-4.5053839189234624e-07,-4.5053839189234604e-08,NS_XGBOOST,22
2022-10-31,-3.918395802687847e-07,-9.250105419018857e-05,-8.42377972161131e-07,-7.657981565101189e-08,NS_XGBOOST,22
2022-11-30,-8.098197623624585e-07,5.6985241031811234e-05,-1.6521977345235895e-06,-1.3768314454363244e-07,NS_XGBOOST,22
2022-12-30,-3.907001160417527e-06,-0.000178874567760278,-5.559198894941117e-06,-4.724818558139212e-07,NS_XGBOOST,22
2023-01-31,4.070542207062015e-06,0.0011053472051652333,-1.4886566878791016e-06,-1.3614192563955955e-07,NS_XGBOOST,22
2023-02-28,1.4681550665506312e-06,0.0005385298631218001,-2.0501621328470386e-08,-6.668220995226823e-08,NS_XGBOOST,22
2023-03-31,1.8496396142437009e-06,0.0006404089353218667,1.8291379929152305e-06,6.594673999440738e-08,NS_XGBOOST,22
2023-04-28,-1.5566115729186867e-07,-0.00013610656107520614,1.6734768356233617e-06,4.872590167114024e-08,NS_XGBOOST,22
2023-05-31,-2.5687689342261096e-06,-0.0005303557691799715,-8.952920986027479e-07,-1.940940904688762e-07,NS_XGBOOST,22
2023-06-27,7.127087684485887e-07,0.00017984742121975554,-1.825833301541592e-07,-1.2498613980702491e-07,NS_XGBOOST,22
2023-07-31,1.045843346343669e-06,0.0007789361829499555,8.632600161895097e-07,-5.068161617077477e-08,NS_XGBOOST,22
2023-08-31,4.830675930176769e-07,0.00026421323699203837,1.3463276092071866e-06,4.8938169581408056e-08,NS_XGBOOST,22
2023-09-27,3.514419376274072e-07,0.00015763013331347844,1.6977695468345938e-06,1.7902566156057841e-07,NS_XGBOOST,22
2023-10-31,-3.5639173332679687e-07,-0.00012026775242272193,1.341377813507797e-06,1.8197964880574407e-07,NS_XGBOOST,22
2023-11-30,-2.5174874957348465e-06,-0.0007168264169013334,-1.1761096822270495e-06,3.9674004358045045e-08,NS_XGBOOST,22
2023-12-29,-8.53089346645221e-08,0.0001838436134399444,-1.2614186168915717e-06,3.5814835650412884e-07,NS_XGBOOST,22
2024-01-31,1.9073565489003902e-07,8.141868447714689e-05,-1.0706829620015327e-06,3.483114382313075e-08,NS_XGBOOST,22
2024-02-29,1.8842190327742661e-06,0.0009768709956745104,8.135360707727334e-07,6.950314100843365e-08,NS_XGBOOST,22
2024-03-28,7.883685285617238e-07,0.00045946189310811105,1.6019045993344572e-06,-1.8936116131731105e-08,NS_XGBOOST,22
2024-04-30,6.718479822872969e-07,0.00046895026194580396,2.2737525816217544e-06,5.002297883319936e-08,NS_XGBOOST,22
2024-05-31,2.8381302070656666e-07,0.00011780699581899922,2.5575656023283212e-06,2.877381417442557e-07,NS_XGBOOST,22
2024-06-28,-2.59641093884058e-07,-0.0002488920493709382,2.2979245084442633e-06,2.0670898654986846e-07,NS_XGBOOST,22
2024-07-31,2.6843930157567233e-07,5.545411408797734e-05,2.5663638100199357e-06,1.4192531615253542e-07,NS_XGBOOST,22
2024-08-30,-1.891875321965113e-07,-9.947707996673736e-05,2.3771762778234246e-06,8.590405571801976e-08,NS_XGBOOST,22
2024-09-30,-1.1908989874610082e-07,-0.00017684669555096747,2.258086379077324e-06,4.6693069353560756e-08,NS_XGBOOST,22
2024-10-31,1.6422702143430927e-06,0.0008174564460373658,3.900356593420417e-06,2.1324823165938486e-07,NS_XGBOOST,22
2024-11-29,-7.544100455162221e-07,-0.00033264369534384444,3.1459465479041948e-06,3.60171352510937e-07,NS_XGBOOST,22
2024-12-30,-4.4322466662814196e-07,-6.272345683014251e-05,2.7027218812760527e-06,3.303450415139686e-07,NS_XGBOOST,22
2025-01-31,7.705923701442693e-08,0.00015293756452682014,2.7797811182904797e-06,3.208720066910009e-07,NS_XGBOOST,22
2025-02-28,9.036059519282922e-07,0.00018966083191119986,3.6833870702187717e-06,2.3915424995383647e-07,NS_XGBOOST,22
2025-03-31,4.611590109221398e-07,0.00017450672817944402,4.144546081140911e-06,2.1188679015053782e-07,NS_XGBOOST,22
2025-04-30,-6.911329602767971e-07,-0.0002443023585938222,3.453413120864114e-06,9.830504493686329e-08,NS_XGBOOST,22
2025-05-30,1.4121773174636682e-06,0.0007068315372336778,4.865590438327782e-06,1.9233540299995507e-07,NS_XGBOOST,22
2025-06-30,-3.348908729591191e-07,-0.00033373853802924446,4.530699565368663e-06,1.860645880770333e-07,NS_XGBOOST,22
2025-07-31,-4.9995793357740994e-08,0.0003255977400754438,4.480703772010922e-06,1.5952833016591552e-07,NS_XGBOOST,22
2025-08-29,2.757011625164576e-08,7.535777831309989e-05,4.508273888262568e-06,1.775914675365953e-07,NS_XGBOOST,22
2025-09-30,-1.748657787932685e-07,-0.00016134118274495487,4.3334081094693e-06,1.7294347753266466e-07,NS_XGBOOST,22
2025-10-31,-2.3353127566762514e-07,-0.00019866482878538416,4.099876833801675e-06,1.6626686698438175e-08,NS_XGBOOST,22
2025-11-28,2.865410805261429e-07,0.00019833257294095557,4.3864179143278174e-06,1.0337261386863525e-07,NS_XGBOOST,22
2025-12-31,-5.3575400921024415e-08,-4.714688292206669e-05,4.332842513406793e-06,1.3584338601089505e-07,NS_XGBOOST,22
2026-01-30,5.36424988280891e-07,0.00021123240520535552,4.869267501687685e-06,1.7412386528310037e-07,NS_XGBOOST,22
2026-02-27,3.5224711661229726e-07,2.7003066252600007e-05,5.221514618299982e-06,1.2817729567343414e-07,NS_XGBOOST,22
2026-03-31,6.582066626355963e-07,0.00035078342411831113,5.879721280935578e-06,1.4459793331622218e-07,NS_XGBOOST,22
2026-04-30,1.2847921537906565e-07,9.686038024108362e-05,6.0082004963146435e-06,2.1289894795421075e-07,NS_XGBOOST,22
2021-12-31,8.73775351827106e-08,0.00014319322528091177,8.73775351827106e-08,,PCA_RIDGE,5
2022-01-31,-4.1826526091998474e-08,-3.1665979521121714e-05,4.555100909071213e-08,,PCA_RIDGE,5
2022-02-28,-7.257137504591267e-08,-8.813947726002721e-05,-2.7020365955200544e-08,,PCA_RIDGE,5
2022-03-31,2.1356939047930845e-07,0.00032691821016616837,1.865490245241079e-07,4.6637256131026976e-08,PCA_RIDGE,5
2022-04-29,-2.4776300487960106e-08,4.647815671170536e-05,1.617727240361478e-07,3.235454480722956e-08,PCA_RIDGE,5
2022-05-31,3.096002124674226e-07,0.00023941063094304067,4.713729365035704e-07,7.85621560839284e-08,PCA_RIDGE,5
2022-06-24,1.2713678818851389e-07,0.00012988647659686834,5.985097246920842e-07,8.550138924172632e-08,PCA_RIDGE,5
2022-07-29,3.774325312536356e-08,8.873408679774482e-05,6.362529778174478e-07,7.953162222718098e-08,PCA_RIDGE,5
2022-08-31,6.868295444117302e-07,0.0005449925973842559,1.323082522229178e-06,1.4700916913657532e-07,PCA_RIDGE,5
2022-09-30,-1.512743018857073e-07,0.00012054583230028157,1.1718082203434707e-06,1.1718082203434707e-07,PCA_RIDGE,5
2022-10-31,5.213357821139042e-07,0.0003830483371476362,1.693144002457375e-06,1.5392218204157954e-07,PCA_RIDGE,5
2022-11-30,2.8759049929083472e-08,0.00017852777809674415,1.7219030523864584e-06,1.4349192103220486e-07,PCA_RIDGE,5
2022-12-30,-1.0115170008931453e-05,-0.0007151607497781998,-8.393266956544995e-06,-7.067203743106421e-07,PCA_RIDGE,5
2023-01-31,1.9731306881354123e-06,0.001138277478354756,-6.420136268409582e-06,-5.388072731250244e-07,PCA_RIDGE,5
2023-02-28,2.2501357132951515e-07,0.000827989976721778,-6.195122697080067e-06,-5.140085275937388e-07,PCA_RIDGE,5
2023-03-31,1.7472677741849657e-06,0.0005988556390794665,-4.447854922895101e-06,-3.862003289516008e-07,PCA_RIDGE,5
2023-04-28,1.1401571209847853e-06,0.0007469116264267249,-3.307697801910316e-06,-2.89122543828872e-07,PCA_RIDGE,5
2023-05-31,9.418435269498563e-07,0.0006422856244654479,-2.3658542749604596e-06,-2.3643560095533582e-07,PCA_RIDGE,5
2023-06-27,4.866768184846581e-07,0.00028892863148972833,-1.8791774564758014e-06,-2.0647393176399049e-07,PCA_RIDGE,5
2023-07-31,2.437862592486292e-07,0.0002598972124270608,-1.6353911972271723e-06,-1.8930368125371836e-07,PCA_RIDGE,5
2023-08-31,3.2537513823090966e-07,0.0004536310334960727,-1.3100160589962625e-06,-2.194248817687867e-07,PCA_RIDGE,5
2023-09-27,5.590511091831335e-07,0.00021688512041136664,-7.509649498131291e-07,-1.6023109751304998e-07,PCA_RIDGE,5
2023-10-31,2.3634048023808347e-07,0.00032755615366850013,-5.146244695750456e-07,-1.8398070600270175e-07,PCA_RIDGE,5
2023-11-30,1.4636366137924935e-07,0.00022776746350685717,-3.682608081957963e-07,-1.741803217151879e-07,PCA_RIDGE,5
2023-12-29,2.4533756452713227e-07,5.29877521698e-05,-1.22923243668664e-07,6.891953094063609e-07,PCA_RIDGE,5
2024-01-31,6.798675268304493e-07,0.0005757520733056212,5.569442831617853e-07,5.814233792976139e-07,PCA_RIDGE,5
2024-02-29,4.331006457907277e-07,0.0004103510066947388,9.90044928952513e-07,5.987639688360483e-07,PCA_RIDGE,5
2024-03-28,4.1601326379512027e-07,0.0004120182934021765,1.4060581927476334e-06,4.878260929702279e-07,PCA_RIDGE,5
2024-04-30,3.683755729952098e-07,0.00032324907559946225,1.7744337657428431e-06,4.2351096397109655e-07,PCA_RIDGE,5
2024-05-31,2.3555145949054099e-07,0.00020986911828035004,2.009985225233384e-06,3.646532916828203e-07,PCA_RIDGE,5
2024-06-28,5.268730943264947e-07,0.0003139227474572668,2.536858319559879e-06,3.680029813363067e-07,PCA_RIDGE,5
2024-07-31,1.5971427417381522e-07,0.00023621555288653992,2.696572593733694e-06,3.6099698258007217e-07,PCA_RIDGE,5
2024-08-30,-1.2324940797448252e-07,-2.256097684177791e-05,2.573323185759212e-06,3.236116037296229e-07,PCA_RIDGE,5
2024-09-30,6.298145642192911e-08,0.00016242487052183606,2.636304642181141e-06,2.822724659995225e-07,PCA_RIDGE,5
2024-10-31,3.1383378239258695e-08,8.060229708620909e-05,2.6676880204204e-06,2.6519270749962046e-07,PCA_RIDGE,5
2024-11-29,1.9601815868449158e-07,0.00016062681567317395,2.8637061791048913e-06,2.6933058227505726e-07,PCA_RIDGE,5
2024-12-30,7.644232509242221e-07,0.0004958673722548889,3.6281294300291137e-06,3.1258772280814806e-07,PCA_RIDGE,5
2025-01-31,1.1160918725374216e-07,0.00018388822145527805,3.739738617282856e-06,2.652328611767558e-07,PCA_RIDGE,5
2025-02-28,6.999939586974659e-08,0.00010465893624684119,3.8097380131526026e-06,2.3497442368334073e-07,PCA_RIDGE,5
2025-03-31,1.9356470873298144e-07,0.00017547544038274397,4.003302721885584e-06,2.1643704409482915e-07,PCA_RIDGE,5
2025-04-30,1.4850663493712273e-07,0.0001601693991505494,4.151809356822707e-06,1.9811463258998858e-07,PCA_RIDGE,5
2025-05-30,3.66242830986037e-08,3.2454441377522365e-05,4.188433639921311e-06,1.8153736789066044e-07,PCA_RIDGE,5
2025-06-30,1.9990255016893974e-07,0.00012515430842316625,4.388336190090251e-06,1.5428982254419755e-07,PCA_RIDGE,5
2025-07-31,-4.7038561826407814e-07,2.4167713791741284e-05,3.917950571826172e-06,1.017814981743731e-07,PCA_RIDGE,5
2025-08-29,9.40427077263633e-08,0.00019127390228839222,4.0119932795525354e-06,1.198891744827769e-07,PCA_RIDGE,5
2025-09-30,4.0305900204712794e-08,0.00010679237102194527,4.052299179757248e-06,1.179995447980089e-07,PCA_RIDGE,5
2025-10-31,3.981669955252856e-08,5.643031830357227e-05,4.092115879309777e-06,1.1870232157411471e-07,PCA_RIDGE,5
2025-11-28,-4.6264215892269584e-08,3.541831549231105e-05,4.045851663417507e-06,9.851212369271796e-08,PCA_RIDGE,5
2025-12-31,1.6631668900417043e-08,7.12809866779e-05,4.062483332317924e-06,3.619615852406753e-08,PCA_RIDGE,5
2026-01-30,1.313178310114943e-07,0.00020786706946871144,4.193801163329418e-06,3.78385455038802e-08,PCA_RIDGE,5
2026-02-27,8.612816560996362e-08,3.95285264439896e-05,4.279929328939382e-06,3.918260964889829e-08,PCA_RIDGE,5
2026-03-31,9.068043606743437e-08,0.00010780535295159997,4.370609765006817e-06,3.06089202601027e-08,PCA_RIDGE,5
2026-04-30,3.336396091392929e-07,0.00021066820211674138,4.704249374146109e-06,4.603666811028355e-08,PCA_RIDGE,5
2021-12-31,3.242400606760338e-08,3.7376501281358134e-05,3.242400606760338e-08,,PCA_RIDGE,10
2022-01-31,3.6672878813868253e-08,6.436852860619655e-05,6.909688488147164e-08,,PCA_RIDGE,10
2022-02-28,1.3745201680800205e-07,0.0001972807260197441,2.065489016894737e-07,,PCA_RIDGE,10
2022-03-31,1.7918819646888626e-07,0.0002241446513971422,3.8573709815836e-07,9.643427453959e-08,PCA_RIDGE,10
2022-04-29,-8.409318397070173e-08,9.163293066457792e-05,3.0164391418765825e-07,6.032878283753163e-08,PCA_RIDGE,10
2022-05-31,1.8999889237258858e-07,0.0001802752677063848,4.916428065602468e-07,8.194046776004113e-08,PCA_RIDGE,10
2022-06-24,7.195230871070686e-08,6.130179339596664e-05,5.635951152709536e-07,8.051358789585051e-08,PCA_RIDGE,10
2022-07-29,1.4922982941154852e-07,0.00018934774582167748,7.128249446825021e-07,8.910311808531277e-08,PCA_RIDGE,10
2022-08-31,-3.667092648039098e-07,0.00019513537563230012,3.461156798785923e-07,3.845729776428804e-08,PCA_RIDGE,10
2022-09-30,1.2784179085277154e-06,0.0006833174350456115,1.6245335884063077e-06,1.6245335884063076e-07,PCA_RIDGE,10
2022-10-31,9.724196814108311e-08,0.00023754390182004426,1.7217755565473908e-06,1.5652505059521736e-07,PCA_RIDGE,10
2022-11-30,-1.9433592776484216e-07,0.00029266417550817775,1.5274396287825487e-06,1.2728663573187905e-07,PCA_RIDGE,10
2022-12-30,-1.4541187367566588e-05,-0.0011635963637515003,-1.301374773878404e-05,-1.087180978737637e-06,PCA_RIDGE,10
2023-01-31,2.0344041801548544e-06,0.0010602675978642112,-1.0979343558629185e-05,-9.207033702925547e-07,PCA_RIDGE,10
2023-02-28,1.6380823418623862e-07,0.0007744351883312989,-1.0815535324442947e-05,-9.185070188443683e-07,PCA_RIDGE,10
2023-03-31,2.057487097620519e-06,0.0006914218139527111,-8.758048226822428e-06,-7.619821104150655e-07,PCA_RIDGE,10
2023-04-28,8.032608676954345e-07,0.0004961562044139447,-7.954787359126992e-06,-6.880359394428876e-07,PCA_RIDGE,10
2023-05-31,1.3609756924932856e-06,0.0005502975259919289,-6.593811666633707e-06,-5.904545394328295e-07,PCA_RIDGE,10
2023-06-27,3.449116508992472e-07,0.00022026616602611744,-6.24890001573446e-06,-5.677079275837845e-07,PCA_RIDGE,10
2023-07-31,1.6241098718215112e-07,0.0002203687108265,-6.086489028552308e-06,-5.666094977695675e-07,PCA_RIDGE,10
2023-08-31,3.4389669618588766e-07,0.0004690540721617856,-5.742592332366421e-06,-5.073923343537511e-07,PCA_RIDGE,10
2023-09-27,4.21986238303389e-07,0.0003091605194100091,-5.320606094063032e-06,-5.787616402057783e-07,PCA_RIDGE,10
2023-10-31,1.6048218545097856e-07,0.0001964237405435584,-5.160123908612053e-06,-5.734916220966203e-07,PCA_RIDGE,10
2023-11-30,8.62983970141531e-09,1.8079213476755727e-05,-5.151494068910638e-06,-5.565778081410989e-07,PCA_RIDGE,10
2023-12-29,2.7227047047174383e-07,3.970603735595552e-05,-4.8792235984388944e-06,6.778770116954288e-07,PCA_RIDGE,10
2024-01-31,6.23297565126061e-07,0.00042220839891200877,-4.255926033312833e-06,5.602847937763627e-07,PCA_RIDGE,10
2024-02-29,3.5801308876974055e-07,0.00036686707747747533,-3.897912944543093e-06,5.764685316583211e-07,PCA_RIDGE,10
2024-03-28,6.449881180711524e-07,0.0005294008652533611,-3.2529248264719404e-06,4.5876028336254067e-07,PCA_RIDGE,10
2024-04-30,3.2385407184950176e-07,0.00030226034012386397,-2.929070754622439e-06,4.1880971704204625e-07,PCA_RIDGE,10
2024-05-31,2.5878004079205016e-07,0.00023776793275055496,-2.6702907138303885e-06,3.269600794002766e-07,PCA_RIDGE,10
2024-06-28,2.55965331184486e-07,9.95798128399889e-05,-2.4143253826459023e-06,3.195478860907132e-07,PCA_RIDGE,10
2024-07-31,1.1112071263851015e-07,0.00010000237271800903,-2.303204670007392e-06,3.1527369654540976e-07,PCA_RIDGE,10
2024-08-30,-1.697315412572888e-07,-0.0001452056156947616,-2.4729362112646807e-06,2.724713434251451e-07,PCA_RIDGE,10
2024-09-30,1.7616126442182907e-07,0.00017898245101448894,-2.2967749468428517e-06,2.519859289350151e-07,PCA_RIDGE,10
2024-10-31,7.643997248970983e-09,3.0470216512885675e-05,-2.289130949593881e-06,2.392494132515145e-07,PCA_RIDGE,10
2024-11-29,2.489172486206494e-07,0.00010269877663097459,-2.0402137009732312e-06,2.5927336399478396e-07,PCA_RIDGE,10
2024-12-30,3.6764027065348915e-06,0.0013231874999736779,1.6361890055616603e-06,5.429510503333796e-07,PCA_RIDGE,10
2025-01-31,3.8663648738841464e-08,0.00010768799120009302,1.6748526543005017e-06,4.942315573011113e-07,PCA_RIDGE,10
2025-02-28,2.180053127823595e-08,8.646872252051859e-05,1.6966531855787377e-06,4.662138441768193e-07,PCA_RIDGE,10
2025-03-31,4.119806299802734e-07,0.0002507307631650202,2.1086338155590112e-06,4.4679655350257937e-07,PCA_RIDGE,10
2025-04-30,1.7536233605043102e-07,7.541116070069766e-05,2.283996151609442e-06,4.344222421859901e-07,PCA_RIDGE,10
2025-05-30,7.561536007666407e-08,0.00013311849895845498,2.359611511686106e-06,4.1915851879304124e-07,PCA_RIDGE,10
2025-06-30,1.951309985458595e-07,4.116153803348169e-05,2.5547425102319656e-06,4.140889910731557e-07,PCA_RIDGE,10
2025-07-31,-4.4910497335910846e-07,7.386684141559212e-05,2.1056375368728573e-06,3.6740351724002083e-07,PCA_RIDGE,10
2025-08-29,6.995523130854129e-08,0.00013534056461590412,2.1755927681813985e-06,3.8737741495384005e-07,PCA_RIDGE,10
2025-09-30,1.6083824483178074e-09,-2.537128465312334e-06,2.1772011506297163e-06,3.728313414560475e-07,PCA_RIDGE,10
2025-10-31,-3.413139746377102e-08,2.2235301266100174e-05,2.1430697531659453e-06,3.6935005856331895e-07,PCA_RIDGE,10
2025-11-28,-4.876592997878557e-08,2.160578848654454e-05,2.09430382318716e-06,3.44543127013366e-07,PCA_RIDGE,10
2025-12-31,3.46058923014913e-07,0.00015811233673315557,2.440362746202073e-06,6.701447838670111e-08,PCA_RIDGE,10
2026-01-30,4.1756874726241764e-07,0.0002865829999208556,2.857931493464491e-06,9.85899032636658e-08,PCA_RIDGE,10
2026-02-27,2.0859788119289586e-07,4.7378876710755614e-05,3.0665293746573867e-06,1.1415634908988746e-07,PCA_RIDGE,10
2026-03-31,9.773330500456371e-08,0.0001550291961569,3.1642626796619505e-06,8.796907200857831e-08,PCA_RIDGE,10
2026-04-30,6.215704271637773e-07,0.0001823387450555111,3.785833106825728e-06,1.2515307960135719e-07,PCA_RIDGE,10
2021-12-31,2.751585210436516e-09,1.0569769201901332e-05,2.751585210436516e-09,,PCA_RIDGE,22
2022-01-31,7.38740180001026e-08,5.160512164489779e-05,7.662560321053912e-08,,PCA_RIDGE,22
2022-02-28,1.4172427662923783e-07,0.00013675805236659303,2.1834987983977695e-07,,PCA_RIDGE,22
2022-03-31,1.139753337090296e-07,-2.049653530545134e-05,3.323252135488066e-07,8.308130338720165e-08,PCA_RIDGE,22
2022-04-29,1.632088324368856e-08,3.466031563743331e-05,3.4864609679249516e-07,6.972921935849902e-08,PCA_RIDGE,22
2022-05-31,2.2596081404927663e-08,-1.724576655348755e-05,3.7124217819742283e-07,6.187369636623713e-08,PCA_RIDGE,22
2022-06-24,-1.1056977873795046e-07,1.6335141252777705e-06,2.6067239945947237e-07,3.723891420849605e-08,PCA_RIDGE,22
2022-07-29,1.3114874057962217e-07,0.00017363019111168768,3.918211400390945e-07,4.8977642504886815e-08,PCA_RIDGE,22
2022-08-31,-2.5584766826101895e-06,-0.00022856377605784455,-2.166655542571095e-06,-2.4073950473012167e-07,PCA_RIDGE,22
2022-09-30,9.660425192557812e-07,0.0006146767986136443,-1.2006130233153136e-06,-1.2006130233153136e-07,PCA_RIDGE,22
2022-10-31,-1.0039796998723239e-06,-1.536709667302614e-05,-2.2045927231876373e-06,-2.004175202897852e-07,PCA_RIDGE,22
2022-11-30,-4.880919924316375e-07,0.00023344062086990013,-2.692684715619275e-06,-2.243903929682729e-07,PCA_RIDGE,22
2022-12-30,-2.4164644559257384e-06,-0.0002061879892965781,-5.109149171545013e-06,-4.2599172972962083e-07,PCA_RIDGE,22
2023-01-31,1.5747807320786704e-06,0.00021613344513034304,-3.5343684394663424e-06,-3.009161702230735e-07,PCA_RIDGE,22
2023-02-28,-4.402188951244569e-07,-5.032767015799988e-06,-3.9745873345908e-06,-3.4941143453588145e-07,PCA_RIDGE,22
2023-03-31,1.699653376266972e-06,0.0005017371043606889,-2.2749339583238276e-06,-2.1727159765605286e-07,PCA_RIDGE,22
2023-04-28,5.053848439588011e-07,0.00022069499771448984,-1.7695491143650265e-06,-1.7651626759646015e-07,PCA_RIDGE,22
2023-05-31,-2.0530536754473637e-07,-0.00013833881981531102,-1.974854481909763e-06,-1.9550805500893217e-07,PCA_RIDGE,22
2023-06-27,3.8720381919712776e-07,0.0001126837608779379,-1.587650662712635e-06,-1.5402692184767564e-07,PCA_RIDGE,22
2023-07-31,3.131780860348476e-07,0.000283485922110309,-1.2744725766777876e-06,-1.3885780972640686e-07,PCA_RIDGE,22
2023-08-31,2.3183384129454744e-07,6.97891205213551e-05,-1.04263873538324e-06,9.366806726565457e-08,PCA_RIDGE,22
2023-09-27,2.617733338657127e-07,0.00014290842204972174,-7.808654015175274e-07,3.497896848314885e-08,PCA_RIDGE,22
2023-10-31,-4.034359811952424e-08,2.9958538512852917e-06,-8.212089996370516e-07,1.1528197696254883e-07,PCA_RIDGE,22
2023-11-30,-2.905516453266886e-07,-0.00012656513566583334,-1.1117606449637402e-06,1.317436725546279e-07,PCA_RIDGE,22
2023-12-29,5.496877373183575e-07,0.00010347093760726224,-5.620729076453826e-07,3.789230219916359e-07,PCA_RIDGE,22
2024-01-31,2.948267872548348e-07,1.3030178285860244e-05,-2.6724612039054786e-07,2.7226019325631624e-07,PCA_RIDGE,22
2024-02-29,5.907930961572115e-07,0.000448130034757644,3.2354697576666365e-07,3.581778591964552e-07,PCA_RIDGE,22
2024-03-28,5.385797413108686e-07,0.0003274437822838082,8.621267170775323e-07,2.614217229501134e-07,PCA_RIDGE,22
2024-04-30,4.1636174188481027e-07,0.0003044082881092002,1.2784884589623425e-06,2.5400313111061414e-07,PCA_RIDGE,22
2024-05-31,2.0058086260842722e-07,0.00014342618367322145,1.4790693215707697e-06,2.8782698362337773e-07,PCA_RIDGE,22
2024-06-28,-3.084532466545304e-07,-0.00017955791333272656,1.1706160749162393e-06,2.298555614690729e-07,PCA_RIDGE,22
2024-07-31,-3.536274560487261e-08,-1.5155858193300168e-05,1.1352533293113667e-06,2.0081049216576286e-07,PCA_RIDGE,22
2024-08-30,-5.033687293647938e-07,-0.00033222218861960156,6.31884599946573e-07,1.3954361127748443e-07,PCA_RIDGE,22
2024-09-30,1.9910160912431913e-06,0.0008115540103466779,2.622900691189764e-06,2.836471743922743e-07,PCA_RIDGE,22
2024-10-31,3.1501692366011716e-07,0.00020960017529038813,2.9379176148498815e-06,3.132605512072444e-07,PCA_RIDGE,22
2024-11-29,-1.9507657330625096e-07,-9.273804679523337e-05,2.7428410415436308e-06,3.212168072089476e-07,PCA_RIDGE,22
2024-12-30,1.943375255626893e-05,0.0033129732610195552,2.2176593597812562e-05,1.8948888754548286e-06,PCA_RIDGE,22
2025-01-31,1.4906647484268683e-08,6.32457731296674e-05,2.219150024529683e-05,1.8715621971406149e-06,PCA_RIDGE,22
2025-02-28,4.911555937657952e-07,0.00010073625296552208,2.2682655839062627e-05,1.8632590719413303e-06,PCA_RIDGE,22
2025-03-31,2.0560098327165793e-06,0.0006930641750121773,2.4738665671779206e-05,1.9897115795584725e-06,PCA_RIDGE,22
2025-04-30,3.2776753229599844e-07,8.427999833796672e-05,2.5066433204075206e-05,1.982328728759405e-06,PCA_RIDGE,22
2025-05-30,4.938021612842753e-07,0.00021349208903614445,2.556023536535948e-05,2.0067638369823923e-06,PCA_RIDGE,22
2025-06-30,2.878559376924385e-07,0.00011209622805916765,2.584809130305192e-05,2.0564562690113064e-06,PCA_RIDGE,22
2025-07-31,-2.862195682187516e-07,0.0001315938220568883,2.556187173483317e-05,2.035551533793483e-06,PCA_RIDGE,22
2025-08-29,4.10090160223508e-07,0.00035252898003887764,2.597196189505668e-05,2.1116731079258417e-06,PCA_RIDGE,22
2025-09-30,-7.066972010266737e-07,-0.0006318618889161175,2.5265264694030006e-05,1.8868636669033528e-06,PCA_RIDGE,22
2025-10-31,-4.047720172233564e-07,-0.0001842361525854889,2.486049267680665e-05,1.8268812551630635e-06,PCA_RIDGE,22
2025-11-28,3.9955777433743763e-08,1.5097558998288907e-05,2.4900448454240392e-05,1.8464672843913965e-06,PCA_RIDGE,22
2025-12-31,1.5614852899154617e-06,0.00039964672945411113,2.6461933744155854e-05,3.571116788619406e-07,PCA_RIDGE,22
2026-01-30,4.2292182153683224e-07,0.0001974708539636333,2.6884855565692686e-05,3.9111294336632094e-07,PCA_RIDGE,22
2026-02-27,3.34184812479902e-07,8.43785322108445e-05,2.721904037817259e-05,3.7803204492582973e-07,PCA_RIDGE,22
2026-03-31,4.925034736112311e-07,0.00027815915334151114,2.771154385178382e-05,2.477398483337175e-07,PCA_RIDGE,22
2026-04-30,1.8880641919036973e-06,0.0010845160249217996,2.959960804368752e-05,3.7776456996769233e-07,PCA_RIDGE,22
2021-12-31,8.161584152207912e-08,0.00013984716262335385,8.161584152207912e-08,,PCA_RIDGE_VAR,5
2022-01-31,-2.9405700876028307e-08,-3.228578529358649e-05,5.2210140646050816e-08,,PCA_RIDGE_VAR,5
2022-02-28,-7.106298576465368e-08,-8.277831647103736e-05,-1.885284511860286e-08,,PCA_RIDGE_VAR,5
2022-03-31,2.2181910422315707e-07,0.0003150114289250098,2.029662591045542e-07,5.074156477613855e-08,PCA_RIDGE_VAR,5
2022-04-29,-2.584846346234892e-08,3.439371458857468e-05,1.7711779564220528e-07,3.5423559128441054e-08,PCA_RIDGE_VAR,5
2022-05-31,3.049835982733429e-07,0.00022032852620322443,4.821013939155482e-07,8.035023231925803e-08,PCA_RIDGE_VAR,5
2022-06-24,1.4150545603287045e-07,0.0001065394528319006,6.236068499484186e-07,8.908669284977408e-08,PCA_RIDGE_VAR,5
2022-07-29,2.3525994192298747e-08,6.993049436034375e-05,6.471328441407173e-07,8.089160551758966e-08,PCA_RIDGE_VAR,5
2022-08-31,6.964421223874013e-07,0.0005499441927692114,1.3435749665281187e-06,1.492861073920132e-07,PCA_RIDGE_VAR,5
2022-09-30,-2.6685690399916375e-07,7.32912864154558e-05,1.076718062528955e-06,1.076718062528955e-07,PCA_RIDGE_VAR,5
2022-10-31,5.080463438873871e-07,0.0003657863310910972,1.584764406416342e-06,1.4406949149239473e-07,PCA_RIDGE_VAR,5
2022-11-30,1.1227904059573722e-07,0.00021739420547054413,1.6970434470120793e-06,1.414202872510066e-07,PCA_RIDGE_VAR,5
2022-12-30,-7.824144932882529e-07,6.995954343834494e-05,9.146289537238264e-07,6.94177593501456e-08,PCA_RIDGE_VAR,5
2023-01-31,1.9350454470686684e-06,0.0010856144308602337,2.849674400792495e-06,2.3312202167887032e-07,PCA_RIDGE_VAR,5
2023-02-28,4.927086752245624e-07,0.000927142178976067,3.342383076017057e-06,2.801029934279717e-07,PCA_RIDGE_VAR,5
2023-03-31,1.6487604682765814e-06,0.0005682683995387425,4.991143544293638e-06,3.9901477376575704e-07,PCA_RIDGE_VAR,5
2023-04-28,1.1394397625431047e-06,0.0007600425687800327,6.130583306836743e-06,4.961221259328782e-07,PCA_RIDGE_VAR,5
2023-05-31,9.456747603242376e-07,0.0006340922763146063,7.07625806716098e-06,5.495130561037861e-07,PCA_RIDGE_VAR,5
2023-06-27,4.768187807606094e-07,0.0002799981739186971,7.55307684792159e-06,5.77455833164431e-07,PCA_RIDGE_VAR,5
2023-07-31,2.3434068903565175e-07,0.000256047121276666,7.78741753695724e-06,5.95023724401377e-07,PCA_RIDGE_VAR,5
2023-08-31,3.2583454831816943e-07,0.00045497214048496475,8.11325208527541e-06,5.641397598956077e-07,PCA_RIDGE_VAR,5
2023-09-27,5.340729583500195e-07,0.00017842165421487683,8.64732504362543e-06,6.30883915091373e-07,PCA_RIDGE_VAR,5
2023-10-31,2.3571176652454713e-07,0.00033281680260428093,8.883036810149978e-06,6.08189366977803e-07,PCA_RIDGE_VAR,5
2023-11-30,1.4696534607918763e-07,0.00022929308702948655,9.030002156229166e-06,6.110798924347572e-07,PCA_RIDGE_VAR,5
2023-12-29,4.1671986656844585e-07,8.56169174596556e-05,9.446722022797611e-06,7.110077557561488e-07,PCA_RIDGE_VAR,5
2024-01-31,6.822287866434029e-07,0.0005754599605709213,1.0128950809441014e-05,6.066063673873766e-07,PCA_RIDGE_VAR,5
2024-02-29,4.3935429650346796e-07,0.00041625506678215053,1.0568305105944483e-05,6.021601691606188e-07,PCA_RIDGE_VAR,5
2024-03-28,4.0922305748660696e-07,0.0003995530894980342,1.097752816343109e-05,4.988653849281208e-07,PCA_RIDGE_VAR,5
2024-04-30,3.933724206805088e-07,0.0003239204307401692,1.13709005841116e-05,4.3669310643957126e-07,PCA_RIDGE_VAR,5
2024-05-31,2.2686453333765276e-07,0.00019838008941266307,1.1597765117449252e-05,3.7679225419068914e-07,PCA_RIDGE_VAR,5
2024-06-28,6.367629354315619e-07,0.00032423425627662174,1.2234528052880814e-05,3.9012093374660184e-07,PCA_RIDGE_VAR,5
2024-07-31,1.7636374118491657e-07,0.00023575940710570537,1.241089179406573e-05,3.8528952142570726e-07,PCA_RIDGE_VAR,5
2024-08-30,-5.5320525048168163e-08,3.298895643600041e-05,1.235557126901756e-05,3.5352659864517913e-07,PCA_RIDGE_VAR,5
2024-09-30,2.2864621096555752e-08,6.238466687375463e-05,1.2378435890114116e-05,3.1092590387405717e-07,PCA_RIDGE_VAR,5
2024-10-31,3.572761617644138e-08,0.00010998018718182591,1.2414163506290557e-05,2.9426055801171505e-07,PCA_RIDGE_VAR,5
2024-11-29,2.1065976551444933e-07,0.0001662730796934556,1.2624823271805007e-05,2.9956842629798686e-07,PCA_RIDGE_VAR,5
2024-12-30,-4.573408698577839e-08,4.631088792122295e-06,1.2579089184819228e-05,2.610305968351348e-07,PCA_RIDGE_VAR,5
2025-01-31,8.233249451872331e-08,0.00014660052604689592,1.266142167933795e-05,2.1103923915807817e-07,PCA_RIDGE_VAR,5
2025-02-28,3.9023171451229714e-08,8.068494531378682e-05,1.270044485078918e-05,1.776783120703917e-07,PCA_RIDGE_VAR,5
2025-03-31,1.4397027597774385e-07,0.0001363515533060513,1.2844415126766923e-05,1.5557391361131973e-07,PCA_RIDGE_VAR,5
2025-04-30,1.7753459257746197e-07,0.00016841893193280102,1.3021949719344386e-05,1.3758742793606584e-07,PCA_RIDGE_VAR,5
2025-05-30,2.5001296627259468e-08,-3.21598970970272e-06,1.3046951015971646e-05,1.2076549154353307e-07,PCA_RIDGE_VAR,5
2025-06-30,2.5141029391493773e-07,0.00013384555723157734,1.3298361309886585e-05,8.865277141714771e-08,PCA_RIDGE_VAR,5
2025-07-31,-5.118546598039501e-07,1.7625007860238524e-05,1.2786506650082635e-05,3.130123800140882e-08,PCA_RIDGE_VAR,5
2025-08-29,8.521761636400751e-08,0.00017266826918237854,1.2871724266446643e-05,4.3012749785756796e-08,PCA_RIDGE_VAR,5
2025-09-30,4.260975682653569e-08,8.804895426871259e-05,1.2914334023273178e-05,4.4658177763255124e-08,PCA_RIDGE_VAR,5
2025-10-31,2.863846563709894e-08,4.855473942424888e-05,1.2942972488910276e-05,4.406741521830992e-08,PCA_RIDGE_VAR,5
2025-11-28,-1.2354752245496924e-07,-7.17915101862223e-05,1.2819424966455308e-05,1.6216807887525043e-08,PCA_RIDGE_VAR,5
2025-12-31,-1.5979042855309123e-07,-9.022167772967779e-05,1.2659634537902216e-05,6.71211275691564e-09,PCA_RIDGE_VAR,5
2026-01-30,1.0328598020541737e-07,0.0001808194709729718,1.2762920518107634e-05,8.458236564140145e-09,PCA_RIDGE_VAR,5
2026-02-27,-2.494156004515776e-08,-3.2107073242531766e-05,1.2737978958062475e-05,3.127842272774522e-09,PCA_RIDGE_VAR,5
2026-03-31,1.0299732316850965e-07,0.00011092227177027778,1.2840976281230985e-05,-2.865704613283275e-10,PCA_RIDGE_VAR,5
2026-04-30,8.535361856646848e-08,0.00012985961345758846,1.2926329899797453e-05,-7.968318295577784e-09,PCA_RIDGE_VAR,5
2021-12-31,3.131081172670812e-08,4.334236206135602e-05,3.131081172670812e-08,,PCA_RIDGE_VAR,10
2022-01-31,6.624768931289814e-08,7.367949727549991e-05,9.755850103960625e-08,,PCA_RIDGE_VAR,10
2022-02-28,1.3250222738890417e-07,0.0001938573819401219,2.3006072842851042e-07,,PCA_RIDGE_VAR,10
2022-03-31,2.0365982845618767e-07,0.00023855635848241496,4.3372055688469807e-07,1.0843013922117452e-07,PCA_RIDGE_VAR,10
2022-04-29,-3.088556577205451e-08,0.0001287821961432557,4.0283499111264354e-07,8.056699822252871e-08,PCA_RIDGE_VAR,10
2022-05-31,1.9686779308279483e-07,0.00017402456458537994,5.997027841954383e-07,9.995046403257307e-08,PCA_RIDGE_VAR,10
2022-06-24,1.0336330176347254e-07,0.00011330673594890973,7.030660859589109e-07,1.0043801227984442e-07,PCA_RIDGE_VAR,10
2022-07-29,1.2028987703672891e-07,0.00014899999715249634,8.233559629956397e-07,1.0291949537445498e-07,PCA_RIDGE_VAR,10
2022-08-31,-2.424962664331292e-07,0.00023031231029876678,5.808596965625105e-07,6.45399662847234e-08,PCA_RIDGE_VAR,10
2022-09-30,-2.5244788977175504e-07,0.00017993901188397823,3.2841180679075544e-07,3.2841180679075566e-08,PCA_RIDGE_VAR,10
2022-10-31,3.032999936462726e-07,0.00030624649652677763,6.31711800437028e-07,5.742834549427529e-08,PCA_RIDGE_VAR,10
2022-11-30,4.7450993882214984e-08,0.0003811776798458555,6.791627943192429e-07,5.6596899526603604e-08,PCA_RIDGE_VAR,10
2022-12-30,-1.478120674340685e-06,2.9645654703922124e-05,-7.989578800214421e-07,-6.918905764567917e-08,PCA_RIDGE_VAR,10
2023-01-31,1.7259472740013085e-06,0.0009672659673034,9.269893939798664e-07,6.911924107835503e-08,PCA_RIDGE_VAR,10
2023-02-28,5.201442771365785e-07,0.0009323591818795877,1.447133671116445e-06,1.0142274522399456e-07,PCA_RIDGE_VAR,10
2023-03-31,1.832249711444496e-06,0.0006164679758079102,3.279383382560941e-06,2.371385688063536e-07,PCA_RIDGE_VAR,10
2023-04-28,7.306847299514415e-07,0.0004538992596429336,4.010068112512382e-06,3.0060276011664494e-07,PCA_RIDGE_VAR,10
2023-05-31,1.388110094974854e-06,0.0005482795320422138,5.398178207487236e-06,3.9987295194098315e-07,PCA_RIDGE_VAR,10
2023-06-27,3.997435945682188e-07,0.0002453460195118099,5.7979218020554545e-06,4.2457130967471207e-07,PCA_RIDGE_VAR,10
2023-07-31,1.5266623651331865e-07,0.00021975475866874107,5.950588038568774e-06,4.272693396310945e-07,PCA_RIDGE_VAR,10
2023-08-31,3.382846314896467e-07,0.00047027644446982726,6.28887267005842e-06,4.756677477913258e-07,PCA_RIDGE_VAR,10
2023-09-27,3.8332805521972285e-07,0.0002639307995975055,6.672200725278143e-06,5.286490765406157e-07,PCA_RIDGE_VAR,10
2023-10-31,1.5916392338197705e-07,0.0001908816211962276,6.83136464866012e-06,5.166377373519243e-07,PCA_RIDGE_VAR,10
2023-11-30,2.482109393716339e-08,2.935910665517794e-05,6.8561857425972834e-06,5.147519123565033e-07,PCA_RIDGE_VAR,10
2023-12-29,3.416099375404633e-07,6.0322056873254623e-05,7.1977956801377465e-06,6.663961300132657e-07,PCA_RIDGE_VAR,10
2024-01-31,6.21852970997011e-07,0.0004199628873282929,7.819648651134757e-06,5.743882714295743e-07,PCA_RIDGE_VAR,10
2024-02-29,3.639333803018509e-07,0.0003646380124171024,8.183582031436608e-06,5.61370696693347e-07,PCA_RIDGE_VAR,10
2024-03-28,4.972358577190884e-07,0.0004302131015263105,8.680817889155696e-06,4.5011954221622977e-07,PCA_RIDGE_VAR,10
2024-04-30,3.113417062566904e-07,0.000303741453897149,8.992159595412386e-06,4.1517429024166716e-07,PCA_RIDGE_VAR,10
2024-05-31,2.3698890054770377e-07,0.0002135075675926327,9.229148495960089e-06,3.1924752403940463e-07,PCA_RIDGE_VAR,10
2024-06-28,5.965704025750278e-07,0.00018836243371733854,9.825718898535116e-06,3.3564975803997205e-07,PCA_RIDGE_VAR,10
2024-07-31,1.0226611448529895e-07,9.757828118751519e-05,9.927985013020415e-06,3.3144974787097037e-07,PCA_RIDGE_VAR,10
2024-08-30,-3.316064349470969e-08,-4.836843363087788e-05,9.894824369525705e-06,3.0049597495560736e-07,PCA_RIDGE_VAR,10
2024-09-30,-2.4301883369617882e-08,-2.3828090594211955e-05,9.870522486156088e-06,2.6652681340649564e-07,PCA_RIDGE_VAR,10
2024-10-31,2.4592156082149437e-08,6.157645528813343e-05,9.895114642238237e-06,2.553124994648433e-07,PCA_RIDGE_VAR,10
2024-11-29,2.442035685646335e-07,9.420572984714047e-05,1.013931821080287e-05,2.7359437235046585e-07,PCA_RIDGE_VAR,10
2024-12-30,-1.9421176667438849e-07,-2.3983610004511124e-05,9.945106444128482e-06,2.289425636658949e-07,PCA_RIDGE_VAR,10
2025-01-31,2.2964412770009712e-08,7.139480776053324e-05,9.968070856898492e-06,1.7903518381364475e-07,PCA_RIDGE_VAR,10
2025-02-28,1.9046547555863942e-08,7.433033829822167e-05,9.987117404454356e-06,1.5029461441814585e-07,PCA_RIDGE_VAR,10
2025-03-31,2.329387711190301e-07,0.00015034583660937788,1.0220056175573386e-05,1.282698572014743e-07,PCA_RIDGE_VAR,10
2025-04-30,2.696563151736069e-07,0.00012051769438654808,1.0489712490746993e-05,1.2479607461121737e-07,PCA_RIDGE_VAR,10
2025-05-30,-2.4110214107656046e-08,9.145806983009128e-06,1.0465602276639337e-05,1.0303781505660404e-07,PCA_RIDGE_VAR,10
2025-06-30,3.264404556793851e-07,0.00011836451339472613,1.0792042732318722e-05,8.05269861486338e-08,PCA_RIDGE_VAR,10
2025-07-31,-5.897495609961928e-07,1.2432660523660709e-05,1.0202293171322529e-05,2.285901319184281e-08,PCA_RIDGE_VAR,10
2025-08-29,6.810828859101285e-08,0.00011899615655051383,1.0270401459913542e-05,3.129809086565302e-08,PCA_RIDGE_VAR,10
2025-09-30,-1.524482365931776e-08,-5.732977142085948e-05,1.0255156636254224e-05,3.205284584151136e-08,PCA_RIDGE_VAR,10
2025-10-31,-2.3790149876829007e-08,3.4529195859577974e-05,1.0231366486377394e-05,2.802098701159649e-08,PCA_RIDGE_VAR,10
2025-11-28,-4.943822677148909e-08,-3.763933314237977e-05,1.0181928259605905e-05,3.5508374002529408e-09,PCA_RIDGE_VAR,10
2025-12-31,-3.401551365820204e-07,-0.0001092874432125222,9.841773123023884e-06,-8.611110092049721e-09,PCA_RIDGE_VAR,10
2026-01-30,-2.6003423215178257e-09,6.529932309574346e-05,9.839172780702367e-06,-1.0741506349677013e-08,PCA_RIDGE_VAR,10
2026-02-27,-9.854798469083945e-08,-6.030766973208883e-05,9.740624796011528e-06,-2.054105070356896e-08,PCA_RIDGE_VAR,10
2026-03-31,4.6018777622036004e-08,0.00013899180933163335,9.786643573633565e-06,-3.611771682831847e-08,PCA_RIDGE_VAR,10
2026-04-30,3.3035961199175764e-08,-1.821624183800476e-05,9.81967953483274e-06,-5.583607965952107e-08,PCA_RIDGE_VAR,10
2021-12-31,1.3334906604917687e-07,9.668356815375005e-05,1.3334906604917687e-07,,PCA_RIDGE_VAR,22
2022-01-31,1.3940040210131196e-07,0.00013539961160852557,2.7274946815048883e-07,,PCA_RIDGE_VAR,22
2022-02-28,1.715047288424029e-07,0.00016534372287921683,4.442541969928917e-07,,PCA_RIDGE_VAR,22
2022-03-31,2.4959166646508965e-07,3.913180482415349e-05,6.938458634579814e-07,1.7346146586449534e-07,PCA_RIDGE_VAR,22
2022-04-29,1.0679118215682044e-07,9.772874055776666e-05,8.006370456148017e-07,1.6012740912296035e-07,PCA_RIDGE_VAR,22
2022-05-31,9.314093506163183e-08,2.82610013791499e-05,8.937779806764336e-07,1.489629967794056e-07,PCA_RIDGE_VAR,22
2022-06-24,-1.8759236879467743e-07,-6.472399961123401e-05,7.061856118817561e-07,1.0088365884025087e-07,PCA_RIDGE_VAR,22
2022-07-29,1.6177505412998919e-07,0.00015947789527063363,8.679606660117453e-07,1.0849508325146818e-07,PCA_RIDGE_VAR,22
2022-08-31,-1.6341340490120646e-06,-0.00012894373464276672,-7.661733830003193e-07,-8.513037588892436e-08,PCA_RIDGE_VAR,22
2022-09-30,-1.2461035526063502e-06,5.297477741668881e-05,-2.0122769356066696e-06,-2.0122769356066697e-07,PCA_RIDGE_VAR,22
2022-10-31,-4.422133141161366e-07,-1.7307653166555245e-05,-2.4544902497228063e-06,-2.231354772475278e-07,PCA_RIDGE_VAR,22
2022-11-30,-2.343797258258746e-08,0.00030191477595420006,-2.4779282223053936e-06,-2.0649401852544946e-07,PCA_RIDGE_VAR,22
2022-12-30,-4.261463213059164e-06,-8.340001727011125e-05,-6.739391435364558e-06,-5.727283751178111e-07,PCA_RIDGE_VAR,22
2023-01-31,9.582924229528335e-07,0.0005234809313685,-5.781099012411724e-06,-5.044873733801844e-07,PCA_RIDGE_VAR,22
2023-02-28,1.1874138782414234e-06,0.0004529799494480556,-4.5936851341703004e-06,-4.1982827759693267e-07,PCA_RIDGE_VAR,22
2023-03-31,1.5403163878849196e-06,0.0004845987966782223,-3.053368746285381e-06,-3.122678841452802e-07,PCA_RIDGE_VAR,22
2023-04-28,2.488909178376387e-09,-2.3809336619818366e-05,-3.0508798371070043e-06,-3.209597402268172e-07,PCA_RIDGE_VAR,22
2023-05-31,-1.0553503559498285e-06,-0.00027211954144705546,-4.106230193056833e-06,-4.166673478111056e-07,PCA_RIDGE_VAR,22
2023-06-27,2.7170763725311795e-07,0.00012232013827170537,-3.834522555803715e-06,-3.7839234730712264e-07,PCA_RIDGE_VAR,22
2023-07-31,3.209219038028885e-07,0.00029913929676961184,-3.5136006520008262e-06,-3.65130109834381e-07,PCA_RIDGE_VAR,22
2023-08-31,2.1928828479099703e-07,6.917444535457615e-05,-3.294312367209829e-06,-2.1067824868412588e-07,PCA_RIDGE_VAR,22
2023-09-27,1.8759565060662838e-07,6.952374454531085e-05,-3.106716716603201e-06,-9.120331508304434e-08,PCA_RIDGE_VAR,22
2023-10-31,-1.657686894101734e-07,-2.897387478119982e-05,-3.2724854060133744e-06,-6.816626302421406e-08,PCA_RIDGE_VAR,22
2023-11-30,7.834311088708755e-08,-3.5702879391433335e-05,-3.194142295126287e-06,-5.968450606840781e-08,PCA_RIDGE_VAR,22
2023-12-29,2.5352701709783273e-07,0.0001283846290166444,-2.9406152780284544e-06,3.1656467977800855e-07,PCA_RIDGE_VAR,22
2024-01-31,1.984074267441364e-07,-5.5545906856460433e-05,-2.742207851284318e-06,2.5324093009395045e-07,PCA_RIDGE_VAR,22
2024-02-29,5.893136307019567e-07,0.00037987839730174396,-2.1528942205823614e-06,2.033992427989949e-07,PCA_RIDGE_VAR,22
2024-03-28,3.3592471429311983e-07,0.00022897638273523235,-1.8169695062892415e-06,1.0303326999967824e-07,PCA_RIDGE_VAR,22
2024-04-30,3.5240717580548713e-07,0.00028496439252194454,-1.4645623304837543e-06,1.3219312555193747e-07,PCA_RIDGE_VAR,22
2024-05-31,5.243735339983923e-07,0.0002060774396157992,-9.401887964853621e-07,2.638367830476225e-07,PCA_RIDGE_VAR,22
2024-06-28,1.7145259501293176e-07,6.787447529935555e-05,-7.687362014724304e-07,2.554821961942737e-07,PCA_RIDGE_VAR,22
2024-07-31,2.089772024911383e-07,0.00010444207502114484,-5.597589989812921e-07,2.4615347108496117e-07,PCA_RIDGE_VAR,22
2024-08-30,-2.838637884185474e-07,-0.00015103331393335556,-8.436227873998394e-07,2.0422413165083247e-07,PCA_RIDGE_VAR,22
2024-09-30,-4.8591769545168535e-08,-6.172316323271474e-05,-8.92214556945008e-07,1.8454184663818274e-07,PCA_RIDGE_VAR,22
2024-10-31,8.905363006370838e-08,6.380048549597604e-05,-8.031609268812996e-07,2.0577703992767288e-07,PCA_RIDGE_VAR,22
2024-11-29,2.95664175326843e-10,-3.3178762626044454e-05,-8.028652627059727e-07,1.9927308603502614e-07,PCA_RIDGE_VAR,22
2024-12-30,-3.844971340550107e-07,-7.084682911568353e-05,-1.1873623967609833e-06,1.461044067722892e-07,PCA_RIDGE_VAR,22
2025-01-31,-2.219193004042847e-09,2.5178068550567768e-05,-1.1895815897650262e-06,1.2938552179327426e-07,PCA_RIDGE_VAR,22
2025-02-28,3.165296633422143e-07,6.595131097228885e-05,-8.730519264228119e-07,1.0665352451329572e-07,PCA_RIDGE_VAR,22
2025-03-31,6.309415266589203e-07,0.00018239828562462178,-2.421103997638916e-07,1.3123825887711245e-07,PCA_RIDGE_VAR,22
2025-04-30,7.254933912330997e-07,0.00020101308501380003,4.833829914692081e-07,1.623287768294135e-07,PCA_RIDGE_VAR,22
2025-05-30,-7.379432802211408e-08,-0.00011487419868806791,4.0958866344709403e-07,1.1248145499437129e-07,PCA_RIDGE_VAR,22
2025-06-30,4.93425974444418e-07,0.00022942469578211114,9.03014637891512e-07,1.3931256994699514e-07,PCA_RIDGE_VAR,22
2025-07-31,-6.247677324695972e-07,-6.897844510822559e-05,2.782469054219149e-07,6.983382536693385e-08,PCA_RIDGE_VAR,22
2025-08-29,-1.1475401034697825e-07,-0.0001242501761117154,1.6349289507493664e-07,8.392630687289794e-08,PCA_RIDGE_VAR,22
2025-09-30,-2.8964218773677433e-07,-0.0001924393366876889,-1.261492926618377e-07,6.383877202359746e-08,PCA_RIDGE_VAR,22
2025-10-31,-4.3189749632654805e-07,-0.00019399608630203333,-5.580467889883857e-07,2.0426178157742768e-08,PCA_RIDGE_VAR,22
2025-11-28,1.1151618747719378e-07,7.143720262286669e-05,-4.465306015111919e-07,2.9694555099565007e-08,PCA_RIDGE_VAR,22
2025-12-31,-8.069600257351731e-07,-0.0002132736864006889,-1.253490627246365e-06,-5.510685873781866e-09,PCA_RIDGE_VAR,22
2026-01-30,2.614328318880166e-07,0.0001116438572796222,-9.920577953583484e-07,1.6460316200556423e-08,PCA_RIDGE_VAR,22
2026-02-27,-6.369348659916069e-07,-0.00012917822150338888,-1.6289926613499554e-06,-6.299506124392868e-08,PCA_RIDGE_VAR,22
2026-03-31,1.7735366855480002e-07,0.00018600152922522225,-1.4516389927951553e-06,-1.0079404941927202e-07,PCA_RIDGE_VAR,22
2026-04-30,1.1092837899699054e-07,0.00017214598401885299,-1.3407106137981649e-06,-1.520078004389478e-07,PCA_RIDGE_VAR,22
2021-12-31,8.143300188653554e-08,0.00013644188917988375,8.143300188653554e-08,,PCA_XGBOOST,5
2022-01-31,-3.769376889971913e-08,-3.309495552335495e-05,4.3739232986816406e-08,,PCA_XGBOOST,5
2022-02-28,-5.393472090052021e-08,-3.402378908968614e-05,-1.0195487913703803e-08,,PCA_XGBOOST,5
2022-03-31,2.16127159771861e-07,0.0003225607072533708,2.059316718581572e-07,5.14829179645393e-08,PCA_XGBOOST,5
2022-04-29,-2.6900637047604582e-08,2.1891924755830625e-05,1.7903103481055262e-07,3.580620696211052e-08,PCA_XGBOOST,5
2022-05-31,2.969026857628907e-07,0.00020874314796008375,4.759337205734433e-07,7.932228676224055e-08,PCA_XGBOOST,5
2022-06-24,1.2876596305125463e-07,0.00011566429110122254,6.046996836246979e-07,8.638566908924256e-08,PCA_XGBOOST,5
2022-07-29,-3.912502382928459e-09,4.89518835446028e-05,6.007871812417695e-07,7.50983976552212e-08,PCA_XGBOOST,5
2022-08-31,6.863492858761209e-07,0.0005383977830510892,1.2871364671178902e-06,1.4301516301309894e-07,PCA_XGBOOST,5
2022-09-30,-4.017113489181924e-08,0.00022150343779596694,1.246965332226071e-06,1.246965332226071e-07,PCA_XGBOOST,5
2022-10-31,4.787771432692229e-07,0.0003368149826464071,1.725742475495294e-06,1.5688567959048127e-07,PCA_XGBOOST,5
2022-11-30,-1.4962605867619378e-08,0.00015907670737094412,1.7107798696276746e-06,1.4256498913563956e-07,PCA_XGBOOST,5
2022-12-30,-3.09920674561202e-06,-0.00010725720880312185,-1.3884268759843453e-06,-1.2248832315590672e-07,PCA_XGBOOST,5
2023-01-31,1.983462140404387e-06,0.0010636988428635711,5.950352644200418e-07,4.59413359527688e-08,PCA_XGBOOST,5
2023-02-28,4.233982451001566e-07,0.0009036196446238113,1.0184335095201983e-06,8.571908311949186e-08,PCA_XGBOOST,5
2023-03-31,1.4801094419707121e-06,0.0005200641552225331,2.49854295149091e-06,1.9105093996939615e-07,PCA_XGBOOST,5
2023-04-28,1.137214626965406e-06,0.0007561080202450548,3.635757578456316e-06,2.880605453038137e-07,PCA_XGBOOST,5
2023-05-31,9.780685671691294e-07,0.0006337457248468687,4.613826145625446e-06,3.448243687543336e-07,PCA_XGBOOST,5
2023-06-27,5.692131462091865e-07,0.0003163342274876777,5.183039291834632e-06,3.8152830068416125e-07,PCA_XGBOOST,5
2023-07-31,1.9187982652470493e-07,0.00024107869774509698,5.374919118359337e-06,3.978443280931307e-07,PCA_XGBOOST,5
2023-08-31,3.2486716536577123e-07,0.00045476387289183933,5.699786283725108e-06,3.6772081805060155e-07,PCA_XGBOOST,5
2023-09-27,4.7045552534738575e-07,0.00014872359763508147,6.1702418090724935e-06,4.102730397372019e-07,PCA_XGBOOST,5
2023-10-31,2.322228346884133e-07,0.0003367279952823925,6.4024646437609065e-06,3.8972684735546784e-07,PCA_XGBOOST,5
2023-11-30,1.5073183361720324e-07,0.00022659750781786966,6.55319647737811e-06,4.035347173125364e-07,PCA_XGBOOST,5
2023-12-29,3.8565948422231226e-08,-9.130603039111052e-06,6.591762425800341e-06,6.650157751487239e-07,PCA_XGBOOST,5
2024-01-31,6.842453345276095e-07,0.0005739860545910546,7.2760077603279505e-06,5.567477079923258e-07,PCA_XGBOOST,5
2024-02-29,4.4058488209586874e-07,0.00043916779974055277,7.716592642423819e-06,5.581799277419685e-07,PCA_XGBOOST,5
2024-03-28,3.9186313782269103e-07,0.00040714512912995546,8.10845578024651e-06,4.6749273572963337e-07,PCA_XGBOOST,5
2024-04-30,3.8714845805707037e-07,0.00033475562233126064,8.495604238303582e-06,4.049872216539387e-07,PCA_XGBOOST,5
2024-05-31,2.202190579151635e-07,0.00016820178741760176,8.715823296218745e-06,3.418330958827749e-07,PCA_XGBOOST,5
2024-06-28,5.82802735012422e-07,0.0002866817108798768,9.298626031231167e-06,3.429655616163779e-07,PCA_XGBOOST,5
2024-07-31,1.5992756787935172e-07,0.0002332906900512685,9.45855359911052e-06,3.4030287339593183e-07,PCA_XGBOOST,5
2024-08-30,-8.272462713051922e-08,-2.0923478633169227e-05,9.37582897198e-06,3.063368906879076e-07,PCA_XGBOOST,5
2024-09-30,1.472394369121587e-08,6.292293825398333e-05,9.390552915671215e-06,2.683592588832268e-07,PCA_XGBOOST,5
2024-10-31,3.3799403396180513e-08,8.735740969014811e-05,9.424352319067395e-06,2.518239729422073e-07,PCA_XGBOOST,5
2024-11-29,1.9000735285632982e-07,0.00015668062825654856,9.614359671923726e-06,2.550969328788012e-07,PCA_XGBOOST,5
2024-12-30,5.068772425246473e-08,8.032918232843341e-05,9.66504739617619e-06,2.5610708086465407e-07,PCA_XGBOOST,5
2025-01-31,7.404286268703632e-08,0.00014825229923017469,9.739090258863225e-06,2.0525687487793958e-07,PCA_XGBOOST,5
2025-02-28,4.0417806385209504e-08,9.220916249914397e-05,9.779508065248436e-06,1.7190961856871798e-07,PCA_XGBOOST,5
2025-03-31,8.774222821309647e-08,8.721847067453552e-05,9.867250293461532e-06,1.465662094345851e-07,PCA_XGBOOST,5
2025-04-30,1.0570967497692588e-07,0.00015169447646159884,9.972959968438458e-06,1.2311297751123973e-07,PCA_XGBOOST,5
2025-05-30,3.3661186215953756e-08,2.476477391825063e-05,1.0006621154654412e-05,1.0756648820297226e-07,PCA_XGBOOST,5
2025-06-30,1.3087025558739065e-07,7.769624559327736e-05,1.0137491410241803e-05,6.990544825088632e-08,PCA_XGBOOST,5
2025-07-31,-2.470758567188542e-07,0.00012056510759801975,9.89041555352295e-06,3.598849620103582e-08,PCA_XGBOOST,5
2025-08-29,8.52691632027147e-08,0.00017436185856363156,9.975684716725664e-06,4.998797872880531e-08,PCA_XGBOOST,5
2025-09-30,4.312064863436889e-08,9.228592084019528e-05,1.0018805365360033e-05,5.23543708074014e-08,PCA_XGBOOST,5
2025-10-31,-3.232084608073151e-08,-1.8955055294288985e-05,9.986484519279303e-06,4.684435001765872e-08,PCA_XGBOOST,5
2025-11-28,-1.7083765088358018e-07,-0.00014582520555904565,9.815646868395722e-06,1.6773933039332895e-08,PCA_XGBOOST,5
2025-12-31,-7.022118429313437e-08,4.419414325799999e-06,9.745425684102587e-06,6.6981906605329715e-09,PCA_XGBOOST,5
2026-01-30,8.744399070126893e-08,0.00015592879597351247,9.832869674803857e-06,7.814951328385687e-09,PCA_XGBOOST,5
2026-02-27,6.594761104152058e-08,2.7045166385234044e-05,9.898817285845377e-06,9.942435049744943e-09,PCA_XGBOOST,5
2026-03-31,4.184754079240801e-07,0.00023007734597074446,1.0317292693769457e-05,3.7503533358993576e-08,PCA_XGBOOST,5
2026-04-30,7.899482653397802e-08,0.00012896161003385514,1.0396287520303436e-05,3.527729598874793e-08,PCA_XGBOOST,5
2021-12-31,2.9483702087692592e-08,3.9404306649861114e-05,2.9483702087692592e-08,,PCA_XGBOOST,10
2022-01-31,7.596777878727175e-08,7.883712762753599e-05,1.0545148087496434e-07,,PCA_XGBOOST,10
2022-02-28,2.3925755685500434e-07,0.00025685700589058764,3.447090377299687e-07,,PCA_XGBOOST,10
2022-03-31,1.8253076544451201e-07,0.00022337102617295604,5.272398031744807e-07,1.3180995079362018e-07,PCA_XGBOOST,10
2022-04-29,-1.3425241560666219e-08,0.00013265890451920014,5.138145616138145e-07,1.0276291232276289e-07,PCA_XGBOOST,10
2022-05-31,1.847065232432796e-07,0.00015179154331117212,6.985210848570941e-07,1.1642018080951567e-07,PCA_XGBOOST,10
2022-06-24,5.257377333784323e-08,8.231300900661114e-05,7.510948581949373e-07,1.0729926545641961e-07,PCA_XGBOOST,10
2022-07-29,7.959092887451504e-08,0.0001363714016642886,8.306857870694523e-07,1.0383572338368154e-07,PCA_XGBOOST,10
2022-08-31,-2.7969371992133667e-07,0.00021950951247096676,5.509920671481156e-07,6.122134079423507e-08,PCA_XGBOOST,10
2022-09-30,-3.634403543330396e-08,0.00015475455718695142,5.146480317148116e-07,5.146480317148117e-08,PCA_XGBOOST,10
2022-10-31,1.5815039843646293e-07,0.0002536507117854665,6.727984301512745e-07,6.116349365011587e-08,PCA_XGBOOST,10
2022-11-30,-2.136500164236074e-07,0.0002908177631519889,4.591484137276671e-07,3.8262367810638936e-08,PCA_XGBOOST,10
2022-12-30,-5.182503745710409e-06,-0.0002406694225920778,-4.723355331982742e-06,-3.9606991950586957e-07,PCA_XGBOOST,10
2023-01-31,1.9210770979156955e-06,0.0010448301958318666,-2.8022782340670468e-06,-2.423108095785009e-07,PCA_XGBOOST,10
2023-02-28,3.8156936138215713e-07,0.00088245671674811,-2.4207088726848896e-06,-2.3045149253457148e-07,PCA_XGBOOST,10
2023-03-31,1.5829730367933257e-06,0.0005059716124337555,-8.377358358915639e-07,-1.1374796992217038e-07,PCA_XGBOOST,10
2023-04-28,7.535166817902909e-07,0.00046613704375379105,-8.421915410127306e-08,-4.983614297625726e-08,PCA_XGBOOST,10
2023-05-31,1.4677198408480745e-06,0.0005533844582583777,1.3835006867468015e-06,5.708163349080897e-08,PCA_XGBOOST,10
2023-06-27,4.948351226583704e-07,0.0002840722602570798,1.878335809405172e-06,9.393674593418624e-08,PCA_XGBOOST,10
2023-07-31,1.8049503497219495e-07,0.0002441260197982918,2.058830844377367e-06,1.0234542144232623e-07,PCA_XGBOOST,10
2023-08-31,3.280419334216506e-07,0.00046684046475807897,2.3868727777990174e-06,1.529900592209085e-07,PCA_XGBOOST,10
2023-09-27,3.663508671184896e-07,0.00025092886385210555,2.753223644917507e-06,1.865479677668913e-07,PCA_XGBOOST,10
2023-10-31,1.5150166059232682e-07,0.00020604683117628393,2.904725305509834e-06,1.8599390627987996e-07,PCA_XGBOOST,10
2023-11-30,-2.5983382225066684e-08,-4.99877415061153e-05,2.878741923284767e-06,2.0163279246309168e-07,PCA_XGBOOST,10
2023-12-29,3.527164775037531e-08,1.8558466982382062e-05,2.9140135710351423e-06,6.364474085848237e-07,PCA_XGBOOST,10
2024-01-31,6.30329094025565e-07,0.0004193366829035294,3.5443426650607075e-06,5.288850749273129e-07,PCA_XGBOOST,10
2024-02-29,4.0552820834402435e-07,0.0004450980901699222,3.949870873404732e-06,5.308816455074684e-07,PCA_XGBOOST,10
2024-03-28,4.6474013614019436e-07,0.00043103981375018836,4.414611009544926e-06,4.376955704530409e-07,PCA_XGBOOST,10
2024-04-30,3.152487018669629e-07,0.0003113937668873157,4.729859711411889e-06,4.011732387927635e-07,PCA_XGBOOST,10
2024-05-31,2.0740786107381453e-07,0.0001653506493297327,4.937267572485703e-06,2.9614724047824185e-07,PCA_XGBOOST,10
2024-06-28,3.280857842456746e-07,3.0297059075544462e-05,5.265353356731378e-06,2.822514622771839e-07,PCA_XGBOOST,10
2024-07-31,1.4320909218878439e-07,0.00017421780399683312,5.408562448920162e-06,2.791443003785663e-07,PCA_XGBOOST,10
2024-08-30,-2.0683262103413782e-07,-0.00018425060659637706,5.201729827886024e-06,2.3457142084058396e-07,PCA_XGBOOST,10
2024-09-30,-1.950480944914307e-08,-1.3260316504442628e-06,5.182225018436881e-06,2.0241678112661457e-07,PCA_XGBOOST,10
2024-10-31,-4.533993870813593e-09,-2.293634779140454e-05,5.177691024566067e-06,1.8941380992135286e-07,PCA_XGBOOST,10
2024-11-29,2.4446795235468674e-07,9.93835833542821e-05,5.422158976920754e-06,2.1195142113633232e-07,PCA_XGBOOST,10
2024-12-30,2.162906548873374e-07,0.00022092095252614687,5.638449631808092e-06,2.270363383977458e-07,PCA_XGBOOST,10
2025-01-31,2.1777282312998865e-08,7.102935805805719e-05,5.660226914121091e-06,1.7632368742169862e-07,PCA_XGBOOST,10
2025-02-28,2.72116738620822e-08,0.00010268292930362702,5.687438587983173e-06,1.4479730954820346e-07,PCA_XGBOOST,10
2025-03-31,7.579680883334732e-08,4.855164516138683e-05,5.76323539681652e-06,1.123853656059662e-07,PCA_XGBOOST,10
2025-04-30,-3.658874828213572e-08,-1.2927595676114142e-05,5.726646648534384e-06,8.306557809354132e-08,PCA_XGBOOST,10
2025-05-30,1.2432798578829865e-07,0.00017867181041005502,5.850974634322683e-06,7.614225515308165e-08,PCA_XGBOOST,10
2025-06-30,4.2290819262624706e-08,-5.804178958353835e-05,5.893265453585307e-06,5.2326008071160843e-08,PCA_XGBOOST,10
2025-07-31,-1.9137558851011526e-07,0.00016931778125034566,5.701889865075192e-06,2.444395134625253e-08,PCA_XGBOOST,10
2025-08-29,6.098449747910172e-08,0.00010772767693112294,5.7628743625542944e-06,4.676204455568917e-08,PCA_XGBOOST,10
2025-09-30,5.446982451912696e-09,-1.5313229702530347e-05,5.768321345006207e-06,4.884136054744381e-08,PCA_XGBOOST,10
2025-10-31,-3.3142893186069094e-08,1.871197516253353e-05,5.735178451820138e-06,4.6457285604505853e-08,PCA_XGBOOST,10
2025-11-28,-3.70347373861234e-08,-1.6229640871580637e-05,5.698143714434015e-06,2.2998728126105007e-08,PCA_XGBOOST,10
2025-12-31,7.294353219975279e-08,6.078914853264446e-05,5.771087246633768e-06,1.105313456880629e-08,PCA_XGBOOST,10
2026-01-30,-1.380388338690971e-07,-3.2453039906110796e-06,5.633048412764671e-06,-2.264875113035042e-09,PCA_XGBOOST,10
2026-02-27,2.223263475186558e-07,5.226032394244447e-05,5.855374760283326e-06,1.3994681025012759e-08,PCA_XGBOOST,10
2026-03-31,3.1210272730500236e-07,0.00024235729503022224,6.167477487588329e-06,3.368684089765068e-08,PCA_XGBOOST,10
2026-04-30,-3.193085787489441e-08,-4.726573355557776e-05,6.135546629713434e-06,3.407499843158746e-08,PCA_XGBOOST,10
2021-12-31,2.28796700448578e-08,1.4800150119462577e-05,2.28796700448578e-08,,PCA_XGBOOST,22
2022-01-31,1.21436172846687e-07,0.0001379653566807694,1.443158428915448e-07,,PCA_XGBOOST,22
2022-02-28,3.5398278755211153e-07,0.00025924274480705286,4.982986304436563e-07,,PCA_XGBOOST,22
2022-03-31,1.641005946253736e-07,-5.184217196536099e-06,6.6239922506903e-07,1.655998062672575e-07,PCA_XGBOOST,22
2022-04-29,-1.006695344922713e-08,4.004875804369999e-05,6.523322716198029e-07,1.3046645432396054e-07,PCA_XGBOOST,22
2022-05-31,8.996042788600109e-08,4.120080185582571e-06,7.42292699505804e-07,1.2371544991763397e-07,PCA_XGBOOST,22
2022-06-24,-3.2973976943016615e-07,-0.00014551954693512817,4.1255293007563783e-07,5.8936132867948244e-08,PCA_XGBOOST,22
2022-07-29,-1.796860138282128e-07,5.393675027305143e-05,2.3286691624742502e-07,2.9108364530928115e-08,PCA_XGBOOST,22
2022-08-31,-2.6206575565573912e-06,-0.0002991209313026335,-2.3877906403099664e-06,-2.6531007114555184e-07,PCA_XGBOOST,22
2022-09-30,-5.725859532324561e-07,6.424750283629994e-05,-2.9603765935424227e-06,-2.960376593542423e-07,PCA_XGBOOST,22
2022-10-31,-1.3689950151949793e-06,-0.00019861798806851083,-4.329371608737402e-06,-3.9357923715794564e-07,PCA_XGBOOST,22
2022-11-30,-7.264400214529892e-07,0.00015226931616056674,-5.055811630190392e-06,-4.2131763584919925e-07,PCA_XGBOOST,22
2022-12-30,-1.085436927929509e-05,-0.0004714139356484445,-1.591018090948548e-05,-1.3277550482941949e-06,PCA_XGBOOST,22
2023-01-31,1.1574247194160544e-06,0.0005664903718348333,-1.4752756190069426e-05,-1.2414226694134144e-06,PCA_XGBOOST,22
2023-02-28,1.021934729333783e-06,0.0004529017656397223,-1.3730821460735643e-05,-1.1857600075982749e-06,PCA_XGBOOST,22
2023-03-31,1.1017135724683064e-06,0.0002893191217603894,-1.2629107888267338e-05,-1.1076255927780305e-06,PCA_XGBOOST,22
2023-04-28,2.2748155306774407e-07,7.29363718281889e-05,-1.2401626335199593e-05,-1.0878298839016162e-06,PCA_XGBOOST,22
2023-05-31,-1.9919421974227025e-06,-0.0004590696504091444,-1.4393568532622296e-05,-1.2613217693440082e-06,PCA_XGBOOST,22
2023-06-27,4.900954538657978e-07,0.0001612162665394452,-1.3903473078756498e-05,-1.193002167402678e-06,PCA_XGBOOST,22
2023-07-31,5.956102286029758e-07,0.000499461227426724,-1.3307862850153523e-05,-1.1283941472000788e-06,PCA_XGBOOST,22
2023-08-31,2.0766803779449743e-07,9.625767174620904e-05,-1.3100194812359026e-05,-8.927003476707548e-07,PCA_XGBOOST,22
2023-09-27,1.2266787999373382e-07,4.2305498089116395e-05,-1.2977526932365291e-05,-8.347625282352389e-07,PCA_XGBOOST,22
2023-10-31,7.751927912449672e-08,8.746954426580033e-05,-1.2900007653240795e-05,-7.142196703752826e-07,PCA_XGBOOST,22
2023-11-30,-8.303853258071816e-07,-0.00031958860497495554,-1.3730392979047977e-05,-7.228817790714654e-07,PCA_XGBOOST,22
2023-12-29,1.6673862040091392e-07,0.00022656148810356667,-1.3563654358647063e-05,1.955438792365351e-07,PCA_XGBOOST,22
2024-01-31,2.508272773129132e-07,-6.795458104108934e-05,-1.331282708133415e-05,1.1999409239460666e-07,PCA_XGBOOST,22
2024-02-29,7.385578306453739e-07,0.0006040005422526662,-1.2574269250688775e-05,9.637935083723921e-08,PCA_XGBOOST,22
2024-03-28,3.62615070012352e-07,0.0003033934543476777,-1.2211654180676423e-05,3.478780896590967e-08,PCA_XGBOOST,22
2024-04-30,3.705650045586745e-07,0.0003257745488981865,-1.1841089176117749e-05,4.6711429923487215e-08,PCA_XGBOOST,22
2024-05-31,3.7535894947943636e-07,0.00014859160896255484,-1.1465730226638313e-05,2.4398652549866545e-07,PCA_XGBOOST,22
2024-06-28,-7.336696986106946e-07,-0.0003415318414118889,-1.2199399925249007e-05,1.420060961256244e-07,PCA_XGBOOST,22
2024-07-31,-2.424001828287919e-07,-0.0001844470218302456,-1.2441800108077799e-05,7.21718951729771e-08,PCA_XGBOOST,22
2024-08-30,-2.3371911551211638e-07,-0.00012744922684321475,-1.2675519223589916e-05,3.538963239742594e-08,PCA_XGBOOST,22
2024-09-30,-1.3880809875366386e-07,-0.00010057422129888888,-1.281432732234358e-05,1.3599967501809471e-08,PCA_XGBOOST,22
2024-10-31,8.756347995774067e-07,0.0005257401930063104,-1.1938692522766173e-05,8.010959420621864e-08,PCA_XGBOOST,22
2024-11-29,-2.398319740068671e-07,-0.00011263161886232223,-1.217852449677304e-05,1.2932237352291153e-07,PCA_XGBOOST,22
2024-12-30,2.0832428388347548e-06,0.0007862094855359439,-1.0095281657938286e-05,2.8903105839239824e-07,PCA_XGBOOST,22
2025-01-31,6.349779738842957e-10,2.6692796823985542e-05,-1.0094646679964402e-05,2.681817001141458e-07,PCA_XGBOOST,22
2025-02-28,-2.400556006387188e-07,-4.993509278625564e-05,-1.033470228060312e-05,1.8663058084047142e-07,PCA_XGBOOST,22
2025-03-31,1.1210009137929466e-07,-3.909921088235485e-05,-1.0222602189223825e-05,1.6575433262104999e-07,PCA_XGBOOST,22
2025-04-30,-9.618633926180933e-07,-0.0003838083348735,-1.1184465581841918e-05,5.471863285631936e-08,PCA_XGBOOST,22
2025-05-30,9.0487432116015e-07,0.00042012705260405556,-1.0279591260681768e-05,9.884491382971217e-08,PCA_XGBOOST,22
2025-06-30,-1.2996966568496944e-07,-0.00014225739291931115,-1.0409560926366737e-05,1.4915324990685594e-07,PCA_XGBOOST,22
2025-07-31,9.659757351752096e-08,0.0002848067766510439,-1.0312963352849216e-05,1.7740306293571537e-07,PCA_XGBOOST,22
2025-08-29,1.8041933704359838e-08,3.276046341962209e-05,-1.0294921419144856e-05,1.9838315037042167e-07,PCA_XGBOOST,22
2025-09-30,5.658587947367783e-08,3.331233742821112e-05,-1.0238335539671178e-05,2.1466598188936682e-07,PCA_XGBOOST,22
2025-10-31,3.743804577759037e-07,0.00011553378763454447,-9.863955081895275e-06,1.7289478673924158e-07,PCA_XGBOOST,22
2025-11-28,1.0192159911284975e-08,-1.0710051527101085e-05,-9.85376292198399e-06,1.9373013123242094e-07,PCA_XGBOOST,22
2025-12-31,6.383123678817482e-07,0.00019034688772984448,-9.215450554102242e-06,7.331925865300374e-08,PCA_XGBOOST,22
2026-01-30,-1.0722146573698599e-07,-4.3296025648876354e-05,-9.322672019839227e-06,6.433122167709788e-08,PCA_XGBOOST,22
2026-02-27,3.4258291416648747e-07,8.725118283292225e-05,-8.98008910567274e-06,1.128844312441984e-07,PCA_XGBOOST,22
2026-03-31,1.8613025708034686e-07,0.00019005017781375557,-8.793958848592392e-06,1.1905361171928607e-07,PCA_XGBOOST,22
2026-04-30,1.5825767656979218e-07,0.00018839755131157891,-8.6357011720226e-06,2.1239703415160988e-07,PCA_XGBOOST,22
2021-12-31,-3.8308802118862094e-21,-1.0531819436616136e-17,-3.8308802118862094e-21,,PERSISTENCE_DNS_BLEND,5
2022-01-31,2.2298979856839666e-21,1.927470528863119e-19,-1.6009822262022428e-21,,PERSISTENCE_DNS_BLEND,5
2022-02-28,2.2058149668080737e-24,0.0,-1.5987764112354346e-21,,PERSISTENCE_DNS_BLEND,5
2022-03-31,7.384076999954312e-10,7.476204388912659e-06,7.384076999938325e-10,1.8460192499845812e-10,PERSISTENCE_DNS_BLEND,5
2022-04-29,-2.176096277763681e-09,1.4555799281557392e-06,-1.4376885777698488e-09,-2.8753771555396976e-10,PERSISTENCE_DNS_BLEND,5
2022-05-31,-3.418620709461636e-09,5.17233873370037e-06,-4.8563092872314845e-09,-8.093848812052474e-10,PERSISTENCE_DNS_BLEND,5
2022-06-24,-1.6320880182889533e-08,-2.2658321063099608e-05,-2.1177189470121016e-08,-3.0253127814458593e-09,PERSISTENCE_DNS_BLEND,5
2022-08-31,3.1348206947370277e-08,3.52706847970565e-05,1.017101747724926e-08,1.2713771846561575e-09,PERSISTENCE_DNS_BLEND,5
2022-09-30,-8.481729021493398e-08,9.531838280417803e-05,-7.464627273768473e-08,-8.294030304187191e-09,PERSISTENCE_DNS_BLEND,5
2022-10-31,5.798836661683759e-08,5.0186884465411125e-05,-1.6657906120847136e-08,-1.6657906120847136e-09,PERSISTENCE_DNS_BLEND,5
2022-11-30,-3.205571736989343e-08,3.7281668352433785e-05,-4.8713623490740566e-08,-4.428511226430961e-09,PERSISTENCE_DNS_BLEND,5
2022-12-30,-9.88906989624503e-07,-7.2220376649776335e-06,-1.0376206131152436e-06,-8.64683844262703e-08,PERSISTENCE_DNS_BLEND,5
2023-01-31,6.873473685024218e-07,0.0005297563728974444,-3.5027324461282187e-07,-2.918943705106817e-08,PERSISTENCE_DNS_BLEND,5
2023-02-28,2.486128192302848e-07,0.00042441642434554465,-1.0166042538253705e-07,-8.471702115211288e-09,PERSISTENCE_DNS_BLEND,5
2023-04-28,-1.2834708934848165e-08,3.9081536664188e-05,-1.1449513431738522e-07,-9.541261193115301e-09,PERSISTENCE_DNS_BLEND,5
2023-05-31,6.550399740555816e-08,8.488479074231101e-05,-4.899113691182706e-08,-4.144128717651741e-09,PERSISTENCE_DNS_BLEND,5
2023-06-27,9.083828912453684e-08,4.440861934046616e-05,4.1847152212709785e-08,3.607070065873303e-09,PERSISTENCE_DNS_BLEND,5
2023-07-31,-5.289997018953814e-08,1.9400720654067383e-05,-1.1052817976828356e-08,-5.163757241330728e-10,PERSISTENCE_DNS_BLEND,5
2023-08-31,2.7353612221268964e-08,0.00010182984634601141,1.6300794244440608e-08,3.1231653095468027e-09,PERSISTENCE_DNS_BLEND,5
2023-09-27,9.225513960427777e-08,2.1708729068600294e-05,1.0855593384871838e-07,8.19874303095576e-09,PERSISTENCE_DNS_BLEND,5
2023-10-31,1.1582128048943837e-08,5.3276138661067474e-05,1.2013806189766222e-07,1.623202788627891e-08,PERSISTENCE_DNS_BLEND,5
2023-11-30,9.681325678176503e-09,4.194671354960256e-05,1.2981938757583873e-07,1.2206441141390489e-08,PERSISTENCE_DNS_BLEND,5
2023-12-29,7.990446615519201e-08,8.746447772188916e-06,2.0972385373103073e-07,2.153645643514761e-08,PERSISTENCE_DNS_BLEND,5
2024-01-31,1.7074894368869046e-08,3.7627591866076505e-05,2.2679874809989978e-07,1.0536828010126195e-07,PERSISTENCE_DNS_BLEND,5
2024-02-29,1.4142817386107319e-08,5.8170786553244086e-05,2.409415654860071e-07,4.926790084156907e-08,PERSISTENCE_DNS_BLEND,5
2024-04-30,2.3621970380716463e-08,3.832536809304468e-05,2.645635358667236e-07,3.051866343743837e-08,PERSISTENCE_DNS_BLEND,5
2024-05-31,2.9659831271090626e-10,2.1895227473533177e-05,2.648601341794345e-07,3.161293904140163e-08,PERSISTENCE_DNS_BLEND,5
2024-06-28,1.8358240170772857e-07,8.445749667567773e-05,4.484425358871631e-07,4.145280606658249e-08,PERSISTENCE_DNS_BLEND,5
2024-07-31,9.433213725086138e-09,3.1881658156644766e-05,4.5787574961224924e-07,3.466904978329494e-08,PERSISTENCE_DNS_BLEND,5
2024-08-30,-5.956164716993821e-08,-2.162740918946644e-05,3.9831410244231105e-07,3.4113910034928265e-08,PERSISTENCE_DNS_BLEND,5
2024-09-30,2.421108213195604e-09,4.358925414300251e-06,4.0073521065550664e-07,3.203620136758882e-08,PERSISTENCE_DNS_BLEND,5
2024-10-31,6.752280419459508e-09,1.578731002016625e-05,4.0748749107496613e-07,2.4910963102187297e-08,PERSISTENCE_DNS_BLEND,5
2024-11-29,2.833472935478521e-08,1.53895132449664e-05,4.358222204297513e-07,2.6307013211007414e-08,PERSISTENCE_DNS_BLEND,5
2025-01-31,1.2699534103311566e-09,-3.019186890465137e-06,4.3709217384008246e-07,2.56060655220203e-08,PERSISTENCE_DNS_BLEND,5
2025-02-28,2.4016223989552462e-09,1.5299947805424935e-05,4.394937962390377e-07,1.9147495209000567e-08,PERSISTENCE_DNS_BLEND,5
2025-03-31,-2.0665576447168884e-09,1.7506644306166245e-05,4.3742723859432083e-07,1.7552374207868407e-08,PERSISTENCE_DNS_BLEND,5
2025-04-30,9.103842216761016e-09,2.4224193272690174e-05,4.4653108081108187e-07,1.713245961042288e-08,PERSISTENCE_DNS_BLEND,5
2025-05-30,-9.988565484423777e-09,-4.349584280011901e-06,4.365425153266581e-07,1.4331581621661193e-08,PERSISTENCE_DNS_BLEND,5
2025-09-30,-6.000159665853832e-09,-2.0491203973255418e-05,4.3054235566080424e-07,1.3806851790114134e-08,PERSISTENCE_DNS_BLEND,5
2025-10-31,-6.682454073112088e-09,1.2332860246944113e-05,4.2385990158769215e-07,-2.0485528582892543e-09,PERSISTENCE_DNS_BLEND,5
2025-11-28,1.8756301475938173e-09,-1.2070699311344338e-05,4.25735531735286e-07,-2.6783514897469474e-09,PERSISTENCE_DNS_BLEND,5
2025-12-31,-6.676036616617677e-08,-2.959664168792222e-05,3.5897516556910925e-07,-3.2782447394334943e-09,PERSISTENCE_DNS_BLEND,5
2026-01-30,2.1279593521752584e-08,5.448195503756717e-05,3.8025475909086184e-07,-1.7067042970537459e-09,PERSISTENCE_DNS_BLEND,5
2026-02-27,-3.240607326283593e-08,-1.175049947173282e-05,3.4784868582802593e-07,-4.969900437245033e-09,PERSISTENCE_DNS_BLEND,5
2026-04-30,6.833211437561857e-09,-6.1276432203891524e-06,3.5468189726558776e-07,-6.761693597013645e-09,PERSISTENCE_DNS_BLEND,5
2021-12-31,1.2038122449275054e-20,-3.7796492401925225e-19,1.2038122449275054e-20,,PERSISTENCE_DNS_BLEND,10
2022-01-31,-3.766187794812792e-21,-1.1302807648161384e-17,8.271934654462263e-21,,PERSISTENCE_DNS_BLEND,10
2022-02-28,-1.2200914035157158e-23,-3.854941057726238e-19,8.259733740427105e-21,,PERSISTENCE_DNS_BLEND,10
2022-03-31,-1.5575260532291937e-08,-4.026024014379955e-05,-1.557526053228368e-08,-3.89381513307092e-09,PERSISTENCE_DNS_BLEND,10
2022-04-29,-1.1673153289118463e-07,-6.928644728395503e-05,-1.323067934234683e-07,-2.6461358684693663e-08,PERSISTENCE_DNS_BLEND,10
2022-05-31,-2.696646082272132e-08,-6.484730626377606e-06,-1.5927325424618962e-07,-2.6545542374364936e-08,PERSISTENCE_DNS_BLEND,10
2022-06-24,-8.455694235238119e-08,-7.267933821078879e-05,-2.438301965985708e-07,-3.483288522836726e-08,PERSISTENCE_DNS_BLEND,10
2022-08-31,-2.994229420544487e-07,-0.00011372302712755551,-5.432531386530195e-07,-6.790664233162744e-08,PERSISTENCE_DNS_BLEND,10
2022-09-30,-2.1667928235597732e-07,7.946014109020045e-05,-7.599324210089969e-07,-8.443693566766632e-08,PERSISTENCE_DNS_BLEND,10
2022-10-31,1.3655890588396115e-07,9.777833584282128e-05,-6.233735151250357e-07,-6.233735151250357e-08,PERSISTENCE_DNS_BLEND,10
2022-11-30,-1.068029258131155e-07,7.265098943067811e-05,-7.301764409381512e-07,-6.637967644892284e-08,PERSISTENCE_DNS_BLEND,10
2022-12-30,-2.6780238146457904e-06,-4.7187204021644625e-05,-3.4082002555839416e-06,-2.840166879653285e-07,PERSISTENCE_DNS_BLEND,10
2023-01-31,1.0585795779909458e-06,0.0006285546568715114,-2.3496206775929958e-06,-1.9580172313275063e-07,PERSISTENCE_DNS_BLEND,10
2023-02-28,6.426147341415166e-07,0.00064098932606541,-1.7070059434514791e-06,-1.4225049528762398e-07,PERSISTENCE_DNS_BLEND,10
2023-04-28,-1.1119014473831764e-07,-2.5199935258219834e-06,-1.8181960881897968e-06,-1.5151634068248376e-07,PERSISTENCE_DNS_BLEND,10
2023-05-31,4.0759411931177845e-07,9.009565172618818e-05,-1.4106019688780183e-06,-1.1625222569547788e-07,PERSISTENCE_DNS_BLEND,10
2023-06-27,1.2211057624369686e-07,7.09102705768328e-05,-1.2884913926343215e-06,-9.634871660090443e-08,PERSISTENCE_DNS_BLEND,10
2023-07-31,-7.675470784894134e-08,-3.226181574743215e-05,-1.3652461004832628e-06,-1.0049773718642277e-07,PERSISTENCE_DNS_BLEND,10
2023-08-31,7.322458100087226e-08,0.00019698507512451043,-1.2920215194823905e-06,-8.734927690698497e-08,PERSISTENCE_DNS_BLEND,10
2023-09-27,6.714609157356277e-08,3.5829989539891e-05,-1.2248754279088276e-06,-5.680185743798402e-08,PERSISTENCE_DNS_BLEND,10
2023-10-31,-7.647772037915437e-09,-1.348401099776704e-05,-1.2325231999467432e-06,-3.9382564911478856e-08,PERSISTENCE_DNS_BLEND,10
2023-11-30,-6.765297248275452e-08,-0.00011323900747462172,-1.3001761724294976e-06,-5.64002214420385e-08,PERSISTENCE_DNS_BLEND,10
2023-12-29,2.4308063630291902e-08,-2.3059423466599935e-05,-1.2758681087992057e-06,-4.5474305655087885e-08,PERSISTENCE_DNS_BLEND,10
2024-01-31,7.646692893287698e-09,2.7752295593155684e-05,-1.268221415905918e-06,1.7833156997316863e-07,PERSISTENCE_DNS_BLEND,10
2024-02-29,1.2801867087751672e-08,8.02260881009331e-05,-1.2554195488181663e-06,9.118342739790244e-08,PERSISTENCE_DNS_BLEND,10
2024-04-30,1.6678658818875812e-08,5.0103299363822764e-05,-1.2387408899992906e-06,3.902208778768236e-08,PERSISTENCE_DNS_BLEND,10
2024-05-31,4.1946231645464723e-08,8.629978476744381e-05,-1.1967946583538258e-06,5.17834524863309e-08,PERSISTENCE_DNS_BLEND,10
2024-06-28,3.1582612877434447e-07,0.00012664631628660003,-8.809685295794813e-07,4.413611994154473e-08,PERSISTENCE_DNS_BLEND,10
2024-07-31,-2.9720839818867024e-08,-4.8963175577255445e-05,-9.106893693983483e-07,3.1483501936331074e-08,PERSISTENCE_DNS_BLEND,10
2024-08-30,-3.217031819903325e-08,-5.289320205601124e-05,-9.428596875973815e-07,3.519886774049008e-08,PERSISTENCE_DNS_BLEND,10
2024-09-30,-3.019003853400793e-08,-3.671598406029924e-05,-9.730497261313894e-07,2.6580982779250068e-08,PERSISTENCE_DNS_BLEND,10
2024-10-31,1.8734067484136384e-08,3.905653767077839e-05,-9.54315658647253e-07,2.2546647438464537e-08,PERSISTENCE_DNS_BLEND,10
2024-11-29,4.928661493213879e-08,2.2000667665044463e-05,-9.050290437151142e-07,2.7291179685969053e-08,PERSISTENCE_DNS_BLEND,10
2025-01-31,-1.0905830913668724e-08,-2.0227761589698456e-05,-9.159348746287829e-07,3.202010815005954e-08,PERSISTENCE_DNS_BLEND,10
2025-02-28,3.783843012542777e-09,2.7223819075699118e-05,-9.121510316162401e-07,3.030975643191378e-08,PERSISTENCE_DNS_BLEND,10
2025-04-30,8.306580055127505e-08,7.298429675617884e-05,-8.290852310649651e-07,3.6594682070079386e-08,PERSISTENCE_DNS_BLEND,10
2025-05-30,-4.7545195509537393e-08,-7.578286704997828e-05,-8.766304265745025e-07,3.156576018697197e-08,PERSISTENCE_DNS_BLEND,10
2025-09-30,-2.713153751727249e-08,-5.800341771389889e-05,-9.03761964091775e-07,2.7914910492292945e-08,PERSISTENCE_DNS_BLEND,10
2025-10-31,-2.2002528216713747e-08,2.5960785278477964e-05,-9.257644923084887e-07,2.2585847170444736e-08,PERSISTENCE_DNS_BLEND,10
2025-11-28,1.634615963609032e-08,4.5917764526773125e-06,-9.094183326723984e-07,-2.370816924409775e-09,PERSISTENCE_DNS_BLEND,10
2025-12-31,-2.463840898980633e-07,-0.00010194650007812218,-1.1558024225704618e-06,-2.04260877643428e-08,PERSISTENCE_DNS_BLEND,10
2026-01-30,1.0768224812308532e-07,0.00010765731043246671,-1.0481201744473764e-06,-8.771707237499586e-09,PERSISTENCE_DNS_BLEND,10
2026-02-27,-1.6953019127474074e-07,-7.156369023944422e-05,-1.2176503657221172e-06,-2.038338663256065e-08,PERSISTENCE_DNS_BLEND,10
2026-04-30,1.5130156353057018e-08,2.6346442765222054e-06,-1.2025202093690602e-06,-2.0683712560150603e-08,PERSISTENCE_DNS_BLEND,10
2021-12-31,1.9469993440359264e-20,1.1119095613379118e-17,1.9469993440359264e-20,,PERSISTENCE_DNS_BLEND,22
2022-01-31,9.922490992358318e-21,2.2217109517848794e-17,2.939248443271758e-20,,PERSISTENCE_DNS_BLEND,22
2022-02-28,1.2718683144136879e-20,1.0730589834905146e-17,4.211116757685446e-20,,PERSISTENCE_DNS_BLEND,22
2022-04-29,-1.1794646539081783e-07,-6.505731881534412e-05,-1.1794646539077572e-07,-2.948661634769393e-08,PERSISTENCE_DNS_BLEND,22
2022-05-31,-1.534371947790672e-07,-0.00017776854955456692,-2.713836601698429e-07,-5.427673203396858e-08,PERSISTENCE_DNS_BLEND,22
2022-08-31,-2.8610556039761606e-06,-0.0003210447889918556,-3.1324392641460035e-06,-5.220732106910005e-07,PERSISTENCE_DNS_BLEND,22
2022-09-30,-1.1730113197194642e-06,-0.00011045389645176674,-4.3054505838654675e-06,-6.150643691236382e-07,PERSISTENCE_DNS_BLEND,22
2022-10-31,-3.888894087900769e-08,8.891499371803304e-05,-4.344339524744475e-06,-5.430424405930595e-07,PERSISTENCE_DNS_BLEND,22
2022-12-30,-7.491551567011403e-06,-0.00020582050427580027,-1.1835891091755879e-05,-1.3150990101950977e-06,PERSISTENCE_DNS_BLEND,22
2023-01-31,1.515536634717159e-06,0.00048648405621812214,-1.032035445703872e-05,-1.032035445703872e-06,PERSISTENCE_DNS_BLEND,22
2023-02-28,3.7988518255914876e-06,0.0007643326839690333,-6.521502631447233e-06,-5.928638755861121e-07,PERSISTENCE_DNS_BLEND,22
2023-04-28,-7.297254896095967e-07,-0.00037863684287316635,-7.251228121056829e-06,-6.042690100880691e-07,PERSISTENCE_DNS_BLEND,22
2023-05-31,-2.0728295236591186e-06,-0.000421506086769011,-9.324057644715948e-06,-7.770048037263305e-07,PERSISTENCE_DNS_BLEND,22
2023-06-27,1.4020769853284248e-07,5.922712290578506e-06,-9.183849946183106e-06,-7.653208288485946e-07,PERSISTENCE_DNS_BLEND,22
2023-07-31,2.3454944717239794e-07,0.0002650164452663668,-8.949300499010708e-06,-7.457750415842291e-07,PERSISTENCE_DNS_BLEND,22
2023-08-31,1.064569112617619e-07,3.105491368194466e-05,-8.842843587748946e-06,-7.270747601965143e-07,PERSISTENCE_DNS_BLEND,22
2023-09-27,-6.338239635675533e-08,-4.727929198577802e-05,-8.906225984105702e-06,-7.195701936613214e-07,PERSISTENCE_DNS_BLEND,22
2023-10-31,-3.9540228194790046e-07,-0.0002619864973915887,-9.301628266053602e-06,-5.140990834922999e-07,PERSISTENCE_DNS_BLEND,22
2023-12-29,3.718160175097607e-08,0.00012607594350862216,-9.264446664302626e-06,-4.132496733697632e-07,PERSISTENCE_DNS_BLEND,22
2024-01-31,-2.7886182193039696e-07,-0.0002706933815972224,-9.543308486233023e-06,-4.3324741345737887e-07,PERSISTENCE_DNS_BLEND,22
2024-04-30,1.8911847086623156e-07,0.0001481873256674114,-9.354190015366792e-06,2.06808423032424e-07,PERSISTENCE_DNS_BLEND,22
2024-05-31,-3.3083214987947306e-07,3.5874161861154785e-05,-9.685022165246265e-06,5.294435764937135e-08,PERSISTENCE_DNS_BLEND,22
2024-06-28,2.2596043815016904e-07,5.223591604151107e-05,-9.459061727096096e-06,-2.4479659130407185e-07,PERSISTENCE_DNS_BLEND,22
2024-07-31,2.0767831066005395e-07,0.00010856949312381123,-9.251383416436042e-06,-1.6667960794826764e-07,PERSISTENCE_DNS_BLEND,22
2024-08-30,-1.364699912103589e-07,-4.7826167751211115e-05,-9.3878534076464e-06,-5.316313577537692e-09,PERSISTENCE_DNS_BLEND,22
2024-09-30,-6.665272859404904e-08,-7.481381360584443e-05,-9.454506136240449e-06,-2.255468250477865e-08,PERSISTENCE_DNS_BLEND,22
2024-10-31,3.528775221578959e-08,5.9370379874654806e-05,-9.419218384024659e-06,-3.915982375116268e-08,PERSISTENCE_DNS_BLEND,22
2025-01-31,-6.22766190470697e-09,1.0431192118898195e-05,-9.425446045929366e-06,-4.855020484836842e-08,PERSISTENCE_DNS_BLEND,22
2025-02-28,4.2376967880000466e-07,9.789618467447772e-05,-9.001676367129361e-06,-7.954198585305084e-09,PERSISTENCE_DNS_BLEND,22
2025-04-30,1.0499869856003537e-06,0.0003177655066832001,-7.951689381529008e-06,1.124949070437161e-07,PERSISTENCE_DNS_BLEND,22
2025-09-30,-4.137667344894183e-07,-0.00030148680202700005,-8.365456116018427e-06,7.491587902368323e-08,PERSISTENCE_DNS_BLEND,22
2025-10-31,-6.210834626113358e-07,-0.00029502925337106706,-8.986539578629763e-06,4.6397408966938335e-08,PERSISTENCE_DNS_BLEND,22
2025-12-31,-1.0828685897283659e-06,-0.00034303837168729996,-1.006940816835813e-05,-5.960151274927812e-08,PERSISTENCE_DNS_BLEND,22
2026-01-30,5.575468364042653e-07,0.0002490614035652222,-9.511861331953865e-06,1.4430069441033414e-08,PERSISTENCE_DNS_BLEND,22
2026-02-27,-1.177825689274917e-06,-0.0002755878663452444,-1.0689687021228782e-05,-1.0255210784439041e-07,PERSISTENCE_DNS_BLEND,22
2026-04-30,-7.78009698560494e-09,1.930003988266431e-06,-1.0697467118214387e-05,-1.2050697514819532e-07,PERSISTENCE_DNS_BLEND,22
