forecast_origin,target_date,horizon,maturity,actual_yield,forecast_yield,error,model,representation,variant,model_metadata,rate_unit
2021-12-31,2022-01-07,5,0.25,0.015313142857142801,0.015582488417405662,0.0002693455602628611,NS_XGBOOST,NS,direct_change,"{""configurations_evaluated"": 3, ""learning_rate"": 0.05, ""max_depth"": 1, ""n_estimators"": 100, ""n_train"": 4220, ""validation"": ""last purged expanding fold""}",decimal
2021-12-31,2022-01-07,5,0.5,0.015490220994475098,0.015798173821368486,0.0003079528268933873,NS_XGBOOST,NS,direct_change,"{""configurations_evaluated"": 3, ""learning_rate"": 0.05, ""max_depth"": 1, ""n_estimators"": 100, ""n_train"": 4220, ""validation"": ""last purged expanding fold""}",decimal
2021-12-31,2022-01-07,5,1.0,0.015959847844432,0.016227736848698035,0.00026788900426603576,NS_XGBOOST,NS,direct_change,"{""configurations_evaluated"": 3, ""learning_rate"": 0.05, ""max_depth"": 1, ""n_estimators"": 100, ""n_train"": 4220, ""validation"": ""last purged expanding fold""}",decimal
2021-12-31,2022-01-07,5,2.0,0.017332312138728302,0.017077657766338888,-0.00025465437238941444,NS_XGBOOST,NS,direct_change,"{""configurations_evaluated"": 3, ""learning_rate"": 0.05, ""max_depth"": 1, ""n_estimators"": 100, ""n_train"": 4220, ""validation"": ""last purged expanding fold""}",decimal
2021-12-31,2022-01-07,5,5.0,0.019740175252257,0.01952262499822092,-0.00021755025403607728,NS_XGBOOST,NS,direct_change,"{""configurations_evaluated"": 3, ""learning_rate"": 0.05, ""max_depth"": 1, ""n_estimators"": 100, ""n_train"": 4220, ""validation"": ""last purged expanding fold""}",decimal
2021-12-31,2022-01-07,5,10.0,0.0231723137254901,0.023133375286358455,-3.893843913164302e-05,NS_XGBOOST,NS,direct_change,"{""configurations_evaluated"": 3, ""learning_rate"": 0.05, ""max_depth"": 1, ""n_estimators"": 100, ""n_train"": 4220, ""validation"": ""last purged expanding fold""}",decimal
2021-12-31,2022-01-07,5,15.0,0.0256541259982253,0.026110106154471402,0.00045598015624610105,NS_XGBOOST,NS,direct_change,"{""configurations_evaluated"": 3, ""learning_rate"": 0.05, ""max_depth"": 1, ""n_estimators"": 100, ""n_train"": 4220, ""validation"": ""last purged expanding fold""}",decimal
2021-12-31,2022-01-07,5,20.0,0.028265192064162,0.02850486909616716,0.00023967703200515958,NS_XGBOOST,NS,direct_change,"{""configurations_evaluated"": 3, ""learning_rate"": 0.05, ""max_depth"": 1, ""n_estimators"": 100, ""n_train"": 4220, ""validation"": ""last purged expanding fold""}",decimal
2021-12-31,2022-01-07,5,30.0,0.03248,0.03193282929136883,-0.0005471707086311742,NS_XGBOOST,NS,direct_change,"{""configurations_evaluated"": 3, ""learning_rate"": 0.05, ""max_depth"": 1, ""n_estimators"": 100, ""n_train"": 4220, ""validation"": ""last purged expanding fold""}",decimal
2021-12-31,2022-01-07,5,0.25,0.015313142857142801,0.015125003641064635,-0.00018813921607816614,PCA_XGBOOST,PCA,direct_change,"{""configurations_evaluated"": 3, ""learning_rate"": 0.03, ""max_depth"": 2, ""n_estimators"": 180, ""n_train"": 4220, ""validation"": ""last purged expanding fold""}",decimal
2021-12-31,2022-01-07,5,0.5,0.015490220994475098,0.015434709477071002,-5.5511517404096405e-05,PCA_XGBOOST,PCA,direct_change,"{""configurations_evaluated"": 3, ""learning_rate"": 0.03, ""max_depth"": 2, ""n_estimators"": 180, ""n_train"": 4220, ""validation"": ""last purged expanding fold""}",decimal
2021-12-31,2022-01-07,5,1.0,0.015959847844432,0.01628909839656629,0.00032925055213428936,PCA_XGBOOST,PCA,direct_change,"{""configurations_evaluated"": 3, ""learning_rate"": 0.03, ""max_depth"": 2, ""n_estimators"": 180, ""n_train"": 4220, ""validation"": ""last purged expanding fold""}",decimal
2021-12-31,2022-01-07,5,2.0,0.017332312138728302,0.017652334544708194,0.00032002240597989173,PCA_XGBOOST,PCA,direct_change,"{""configurations_evaluated"": 3, ""learning_rate"": 0.03, ""max_depth"": 2, ""n_estimators"": 180, ""n_train"": 4220, ""validation"": ""last purged expanding fold""}",decimal
2021-12-31,2022-01-07,5,5.0,0.019740175252257,0.01970410717714178,-3.606807511521981e-05,PCA_XGBOOST,PCA,direct_change,"{""configurations_evaluated"": 3, ""learning_rate"": 0.03, ""max_depth"": 2, ""n_estimators"": 180, ""n_train"": 4220, ""validation"": ""last purged expanding fold""}",decimal
2021-12-31,2022-01-07,5,10.0,0.0231723137254901,0.023222146415570338,4.9832690080239134e-05,PCA_XGBOOST,PCA,direct_change,"{""configurations_evaluated"": 3, ""learning_rate"": 0.03, ""max_depth"": 2, ""n_estimators"": 180, ""n_train"": 4220, ""validation"": ""last purged expanding fold""}",decimal
2021-12-31,2022-01-07,5,15.0,0.0256541259982253,0.026110525797391877,0.00045639979916657636,PCA_XGBOOST,PCA,direct_change,"{""configurations_evaluated"": 3, ""learning_rate"": 0.03, ""max_depth"": 2, ""n_estimators"": 180, ""n_train"": 4220, ""validation"": ""last purged expanding fold""}",decimal
2021-12-31,2022-01-07,5,20.0,0.028265192064162,0.02763395554709073,-0.0006312365170712715,PCA_XGBOOST,PCA,direct_change,"{""configurations_evaluated"": 3, ""learning_rate"": 0.03, ""max_depth"": 2, ""n_estimators"": 180, ""n_train"": 4220, ""validation"": ""last purged expanding fold""}",decimal
2021-12-31,2022-01-07,5,30.0,0.03248,0.0330304020413702,0.0005504020413701974,PCA_XGBOOST,PCA,direct_change,"{""configurations_evaluated"": 3, ""learning_rate"": 0.03, ""max_depth"": 2, ""n_estimators"": 180, ""n_train"": 4220, ""validation"": ""last purged expanding fold""}",decimal
2021-12-31,2022-01-17,10,0.25,0.015242173913043399,0.015618728757046306,0.0003765548440029069,NS_XGBOOST,NS,direct_change,"{""configurations_evaluated"": 3, ""learning_rate"": 0.05, ""max_depth"": 1, ""n_estimators"": 100, ""n_train"": 4215, ""validation"": ""last purged expanding fold""}",decimal
2021-12-31,2022-01-17,10,0.5,0.0154470085470085,0.015833034783169032,0.0003860262361605332,NS_XGBOOST,NS,direct_change,"{""configurations_evaluated"": 3, ""learning_rate"": 0.05, ""max_depth"": 1, ""n_estimators"": 100, ""n_train"": 4215, ""validation"": ""last purged expanding fold""}",decimal
2021-12-31,2022-01-17,10,1.0,0.0160643244567415,0.01625993236338076,0.00019560790663926061,NS_XGBOOST,NS,direct_change,"{""configurations_evaluated"": 3, ""learning_rate"": 0.05, ""max_depth"": 1, ""n_estimators"": 100, ""n_train"": 4215, ""validation"": ""last purged expanding fold""}",decimal
2021-12-31,2022-01-17,10,2.0,0.0173585322896281,0.017104874100914807,-0.0002536581887132919,NS_XGBOOST,NS,direct_change,"{""configurations_evaluated"": 3, ""learning_rate"": 0.05, ""max_depth"": 1, ""n_estimators"": 100, ""n_train"": 4215, ""validation"": ""last purged expanding fold""}",decimal
2021-12-31,2022-01-17,10,5.0,0.019831418293936205,0.01953732706493671,-0.00029409122899949625,NS_XGBOOST,NS,direct_change,"{""configurations_evaluated"": 3, ""learning_rate"": 0.05, ""max_depth"": 1, ""n_estimators"": 100, ""n_train"": 4215, ""validation"": ""last purged expanding fold""}",decimal
2021-12-31,2022-01-17,10,10.0,0.0231100785340314,0.023133260372497858,2.3181838466456578e-05,NS_XGBOOST,NS,direct_change,"{""configurations_evaluated"": 3, ""learning_rate"": 0.05, ""max_depth"": 1, ""n_estimators"": 100, ""n_train"": 4215, ""validation"": ""last purged expanding fold""}",decimal
2021-12-31,2022-01-17,10,15.0,0.026143051261187898,0.026100152424749952,-4.289883643794623e-05,NS_XGBOOST,NS,direct_change,"{""configurations_evaluated"": 3, ""learning_rate"": 0.05, ""max_depth"": 1, ""n_estimators"": 100, ""n_train"": 4215, ""validation"": ""last purged expanding fold""}",decimal
2021-12-31,2022-01-17,10,20.0,0.028291971896955495,0.028488184497666245,0.00019621260071074967,NS_XGBOOST,NS,direct_change,"{""configurations_evaluated"": 3, ""learning_rate"": 0.05, ""max_depth"": 1, ""n_estimators"": 100, ""n_train"": 4215, ""validation"": ""last purged expanding fold""}",decimal
2021-12-31,2022-01-17,10,30.0,0.03239,0.03190794546067993,-0.00048205453932007036,NS_XGBOOST,NS,direct_change,"{""configurations_evaluated"": 3, ""learning_rate"": 0.05, ""max_depth"": 1, ""n_estimators"": 100, ""n_train"": 4215, ""validation"": ""last purged expanding fold""}",decimal
2021-12-31,2022-01-17,10,0.25,0.015242173913043399,0.01514664209125133,-9.553182179206955e-05,PCA_XGBOOST,PCA,direct_change,"{""configurations_evaluated"": 3, ""learning_rate"": 0.05, ""max_depth"": 1, ""n_estimators"": 100, ""n_train"": 4215, ""validation"": ""last purged expanding fold""}",decimal
2021-12-31,2022-01-17,10,0.5,0.0154470085470085,0.015450486446820549,3.4778998120495175e-06,PCA_XGBOOST,PCA,direct_change,"{""configurations_evaluated"": 3, ""learning_rate"": 0.05, ""max_depth"": 1, ""n_estimators"": 100, ""n_train"": 4215, ""validation"": ""last purged expanding fold""}",decimal
2021-12-31,2022-01-17,10,1.0,0.0160643244567415,0.016295072257170175,0.00023074780042867463,PCA_XGBOOST,PCA,direct_change,"{""configurations_evaluated"": 3, ""learning_rate"": 0.05, ""max_depth"": 1, ""n_estimators"": 100, ""n_train"": 4215, ""validation"": ""last purged expanding fold""}",decimal
2021-12-31,2022-01-17,10,2.0,0.0173585322896281,0.01764549571277115,0.00028696342314304957,PCA_XGBOOST,PCA,direct_change,"{""configurations_evaluated"": 3, ""learning_rate"": 0.05, ""max_depth"": 1, ""n_estimators"": 100, ""n_train"": 4215, ""validation"": ""last purged expanding fold""}",decimal
2021-12-31,2022-01-17,10,5.0,0.019831418293936205,0.019683356371013466,-0.00014806192292273965,PCA_XGBOOST,PCA,direct_change,"{""configurations_evaluated"": 3, ""learning_rate"": 0.05, ""max_depth"": 1, ""n_estimators"": 100, ""n_train"": 4215, ""validation"": ""last purged expanding fold""}",decimal
2021-12-31,2022-01-17,10,10.0,0.0231100785340314,0.02318827124576267,7.81927117312689e-05,PCA_XGBOOST,PCA,direct_change,"{""configurations_evaluated"": 3, ""learning_rate"": 0.05, ""max_depth"": 1, ""n_estimators"": 100, ""n_train"": 4215, ""validation"": ""last purged expanding fold""}",decimal
2021-12-31,2022-01-17,10,15.0,0.026143051261187898,0.02607567606613313,-6.737519505476894e-05,PCA_XGBOOST,PCA,direct_change,"{""configurations_evaluated"": 3, ""learning_rate"": 0.05, ""max_depth"": 1, ""n_estimators"": 100, ""n_train"": 4215, ""validation"": ""last purged expanding fold""}",decimal
2021-12-31,2022-01-17,10,20.0,0.028291971896955495,0.02762802094008738,-0.000663950956868116,PCA_XGBOOST,PCA,direct_change,"{""configurations_evaluated"": 3, ""learning_rate"": 0.05, ""max_depth"": 1, ""n_estimators"": 100, ""n_train"": 4215, ""validation"": ""last purged expanding fold""}",decimal
2021-12-31,2022-01-17,10,30.0,0.03239,0.03305389303591142,0.0006638930359114184,PCA_XGBOOST,PCA,direct_change,"{""configurations_evaluated"": 3, ""learning_rate"": 0.05, ""max_depth"": 1, ""n_estimators"": 100, ""n_train"": 4215, ""validation"": ""last purged expanding fold""}",decimal
2021-12-31,2022-02-02,22,0.25,0.0153135714285714,0.01558897603187444,0.0002754046033030394,NS_XGBOOST,NS,direct_change,"{""configurations_evaluated"": 3, ""learning_rate"": 0.05, ""max_depth"": 1, ""n_estimators"": 100, ""n_train"": 4203, ""validation"": ""last purged expanding fold""}",decimal
2021-12-31,2022-02-02,22,0.5,0.0156916806722689,0.015808330094058264,0.00011664942178936377,NS_XGBOOST,NS,direct_change,"{""configurations_evaluated"": 3, ""learning_rate"": 0.05, ""max_depth"": 1, ""n_estimators"": 100, ""n_train"": 4203, ""validation"": ""last purged expanding fold""}",decimal
2021-12-31,2022-02-02,22,1.0,0.0162698824623498,0.01624464456814769,-2.5237894202109062e-05,NS_XGBOOST,NS,direct_change,"{""configurations_evaluated"": 3, ""learning_rate"": 0.05, ""max_depth"": 1, ""n_estimators"": 100, ""n_train"": 4203, ""validation"": ""last purged expanding fold""}",decimal
2021-12-31,2022-02-02,22,2.0,0.018239780219780198,0.017105923189472468,-0.0011338570303077306,NS_XGBOOST,NS,direct_change,"{""configurations_evaluated"": 3, ""learning_rate"": 0.05, ""max_depth"": 1, ""n_estimators"": 100, ""n_train"": 4203, ""validation"": ""last purged expanding fold""}",decimal
2021-12-31,2022-02-02,22,5.0,0.0207585714285714,0.019571276458397194,-0.0011872949701742068,NS_XGBOOST,NS,direct_change,"{""configurations_evaluated"": 3, ""learning_rate"": 0.05, ""max_depth"": 1, ""n_estimators"": 100, ""n_train"": 4203, ""validation"": ""last purged expanding fold""}",decimal
2021-12-31,2022-02-02,22,10.0,0.0242795604395604,0.023187250521223057,-0.0010923099183373433,NS_XGBOOST,NS,direct_change,"{""configurations_evaluated"": 3, ""learning_rate"": 0.05, ""max_depth"": 1, ""n_estimators"": 100, ""n_train"": 4203, ""validation"": ""last purged expanding fold""}",decimal
2021-12-31,2022-02-02,22,15.0,0.0259230519480519,0.02615215036801564,0.00022909841996374136,NS_XGBOOST,NS,direct_change,"{""configurations_evaluated"": 3, ""learning_rate"": 0.05, ""max_depth"": 1, ""n_estimators"": 100, ""n_train"": 4203, ""validation"": ""last purged expanding fold""}",decimal
2021-12-31,2022-02-02,22,20.0,0.0281488304093567,0.028529352404188118,0.0003805219948314169,NS_XGBOOST,NS,direct_change,"{""configurations_evaluated"": 3, ""learning_rate"": 0.05, ""max_depth"": 1, ""n_estimators"": 100, ""n_train"": 4203, ""validation"": ""last purged expanding fold""}",decimal
2021-12-31,2022-02-02,22,30.0,0.03237,0.03192242645538945,-0.0004475735446105508,NS_XGBOOST,NS,direct_change,"{""configurations_evaluated"": 3, ""learning_rate"": 0.05, ""max_depth"": 1, ""n_estimators"": 100, ""n_train"": 4203, ""validation"": ""last purged expanding fold""}",decimal
2021-12-31,2022-02-02,22,0.25,0.0153135714285714,0.0151720861486141,-0.00014148527995730062,PCA_XGBOOST,PCA,direct_change,"{""configurations_evaluated"": 3, ""learning_rate"": 0.05, ""max_depth"": 1, ""n_estimators"": 100, ""n_train"": 4203, ""validation"": ""last purged expanding fold""}",decimal
2021-12-31,2022-02-02,22,0.5,0.0156916806722689,0.015473123049061288,-0.00021855762320761168,PCA_XGBOOST,PCA,direct_change,"{""configurations_evaluated"": 3, ""learning_rate"": 0.05, ""max_depth"": 1, ""n_estimators"": 100, ""n_train"": 4203, ""validation"": ""last purged expanding fold""}",decimal
2021-12-31,2022-02-02,22,1.0,0.0162698824623498,0.016312218532546663,4.233607019686267e-05,PCA_XGBOOST,PCA,direct_change,"{""configurations_evaluated"": 3, ""learning_rate"": 0.05, ""max_depth"": 1, ""n_estimators"": 100, ""n_train"": 4203, ""validation"": ""last purged expanding fold""}",decimal
2021-12-31,2022-02-02,22,2.0,0.018239780219780198,0.017654794324336386,-0.0005849858954438125,PCA_XGBOOST,PCA,direct_change,"{""configurations_evaluated"": 3, ""learning_rate"": 0.05, ""max_depth"": 1, ""n_estimators"": 100, ""n_train"": 4203, ""validation"": ""last purged expanding fold""}",decimal
2021-12-31,2022-02-02,22,5.0,0.0207585714285714,0.019675639246096797,-0.0010829321824746031,PCA_XGBOOST,PCA,direct_change,"{""configurations_evaluated"": 3, ""learning_rate"": 0.05, ""max_depth"": 1, ""n_estimators"": 100, ""n_train"": 4203, ""validation"": ""last purged expanding fold""}",decimal
2021-12-31,2022-02-02,22,10.0,0.0242795604395604,0.023163751963048103,-0.0011158084765122978,PCA_XGBOOST,PCA,direct_change,"{""configurations_evaluated"": 3, ""learning_rate"": 0.05, ""max_depth"": 1, ""n_estimators"": 100, ""n_train"": 4203, ""validation"": ""last purged expanding fold""}",decimal
2021-12-31,2022-02-02,22,15.0,0.0259230519480519,0.026041609381646468,0.00011855743359456827,PCA_XGBOOST,PCA,direct_change,"{""configurations_evaluated"": 3, ""learning_rate"": 0.05, ""max_depth"": 1, ""n_estimators"": 100, ""n_train"": 4203, ""validation"": ""last purged expanding fold""}",decimal
2021-12-31,2022-02-02,22,20.0,0.0281488304093567,0.027590871304759207,-0.0005579591045974941,PCA_XGBOOST,PCA,direct_change,"{""configurations_evaluated"": 3, ""learning_rate"": 0.05, ""max_depth"": 1, ""n_estimators"": 100, ""n_train"": 4203, ""validation"": ""last purged expanding fold""}",decimal
2021-12-31,2022-02-02,22,30.0,0.03237,0.03302717148258053,0.0006571714825805292,PCA_XGBOOST,PCA,direct_change,"{""configurations_evaluated"": 3, ""learning_rate"": 0.05, ""max_depth"": 1, ""n_estimators"": 100, ""n_train"": 4203, ""validation"": ""last purged expanding fold""}",decimal
2022-01-31,2022-02-07,5,0.25,0.015311923076922999,0.015961427098890518,0.0006495040219675185,NS_XGBOOST,NS,direct_change,"{""configurations_evaluated"": 3, ""learning_rate"": 0.05, ""max_depth"": 1, ""n_estimators"": 100, ""n_train"": 4240, ""validation"": ""last purged expanding fold""}",decimal
2022-01-31,2022-02-07,5,0.5,0.0156932596685082,0.016204139666791975,0.0005108799982837739,NS_XGBOOST,NS,direct_change,"{""configurations_evaluated"": 3, ""learning_rate"": 0.05, ""max_depth"": 1, ""n_estimators"": 100, ""n_train"": 4240, ""validation"": ""last purged expanding fold""}",decimal
2022-01-31,2022-02-07,5,1.0,0.0164616641088015,0.016682112963727746,0.00022044885492624594,NS_XGBOOST,NS,direct_change,"{""configurations_evaluated"": 3, ""learning_rate"": 0.05, ""max_depth"": 1, ""n_estimators"": 100, ""n_train"": 4240, ""validation"": ""last purged expanding fold""}",decimal
2022-01-31,2022-02-07,5,2.0,0.018104285714285705,0.017608293647096,-0.0004959920671897058,NS_XGBOOST,NS,direct_change,"{""configurations_evaluated"": 3, ""learning_rate"": 0.05, ""max_depth"": 1, ""n_estimators"": 100, ""n_train"": 4240, ""validation"": ""last purged expanding fold""}",decimal
2022-01-31,2022-02-07,5,5.0,0.021001913265306104,0.020152729396127497,-0.0008491838691786074,NS_XGBOOST,NS,direct_change,"{""configurations_evaluated"": 3, ""learning_rate"": 0.05, ""max_depth"": 1, ""n_estimators"": 100, ""n_train"": 4240, ""validation"": ""last purged expanding fold""}",decimal
2022-01-31,2022-02-07,5,10.0,0.0242628337874659,0.02366754248479518,-0.0005952913026707196,NS_XGBOOST,NS,direct_change,"{""configurations_evaluated"": 3, ""learning_rate"": 0.05, ""max_depth"": 1, ""n_estimators"": 100, ""n_train"": 4240, ""validation"": ""last purged expanding fold""}",decimal
2022-01-31,2022-02-07,5,15.0,0.0265841415465268,0.02640769260221022,-0.00017644894431658245,NS_XGBOOST,NS,direct_change,"{""configurations_evaluated"": 3, ""learning_rate"": 0.05, ""max_depth"": 1, ""n_estimators"": 100, ""n_train"": 4240, ""validation"": ""last purged expanding fold""}",decimal
2022-01-31,2022-02-07,5,20.0,0.0278975571428571,0.028533635317829934,0.0006360781749728331,NS_XGBOOST,NS,direct_change,"{""configurations_evaluated"": 3, ""learning_rate"": 0.05, ""max_depth"": 1, ""n_estimators"": 100, ""n_train"": 4240, ""validation"": ""last purged expanding fold""}",decimal
2022-01-31,2022-02-07,5,30.0,0.03241,0.03148165542565721,-0.0009283445743427932,NS_XGBOOST,NS,direct_change,"{""configurations_evaluated"": 3, ""learning_rate"": 0.05, ""max_depth"": 1, ""n_estimators"": 100, ""n_train"": 4240, ""validation"": ""last purged expanding fold""}",decimal
2022-01-31,2022-02-07,5,0.25,0.015311923076922999,0.015412924135130783,0.00010100105820778395,PCA_XGBOOST,PCA,direct_change,"{""configurations_evaluated"": 3, ""learning_rate"": 0.03, ""max_depth"": 2, ""n_estimators"": 180, ""n_train"": 4240, ""validation"": ""last purged expanding fold""}",decimal
2022-01-31,2022-02-07,5,0.5,0.0156932596685082,0.015775067628066693,8.18079595584914e-05,PCA_XGBOOST,PCA,direct_change,"{""configurations_evaluated"": 3, ""learning_rate"": 0.03, ""max_depth"": 2, ""n_estimators"": 180, ""n_train"": 4240, ""validation"": ""last purged expanding fold""}",decimal
2022-01-31,2022-02-07,5,1.0,0.0164616641088015,0.016696296051087994,0.0002346319422864944,PCA_XGBOOST,PCA,direct_change,"{""configurations_evaluated"": 3, ""learning_rate"": 0.03, ""max_depth"": 2, ""n_estimators"": 180, ""n_train"": 4240, ""validation"": ""last purged expanding fold""}",decimal
2022-01-31,2022-02-07,5,2.0,0.018104285714285705,0.01816604263169149,6.175691740578637e-05,PCA_XGBOOST,PCA,direct_change,"{""configurations_evaluated"": 3, ""learning_rate"": 0.03, ""max_depth"": 2, ""n_estimators"": 180, ""n_train"": 4240, ""validation"": ""last purged expanding fold""}",decimal
2022-01-31,2022-02-07,5,5.0,0.021001913265306104,0.020261553474458148,-0.000740359790847956,PCA_XGBOOST,PCA,direct_change,"{""configurations_evaluated"": 3, ""learning_rate"": 0.03, ""max_depth"": 2, ""n_estimators"": 180, ""n_train"": 4240, ""validation"": ""last purged expanding fold""}",decimal
2022-01-31,2022-02-07,5,10.0,0.0242628337874659,0.02376053603941187,-0.0005022977480540307,PCA_XGBOOST,PCA,direct_change,"{""configurations_evaluated"": 3, ""learning_rate"": 0.03, ""max_depth"": 2, ""n_estimators"": 180, ""n_train"": 4240, ""validation"": ""last purged expanding fold""}",decimal
2022-01-31,2022-02-07,5,15.0,0.0265841415465268,0.026549839921455674,-3.430162507112727e-05,PCA_XGBOOST,PCA,direct_change,"{""configurations_evaluated"": 3, ""learning_rate"": 0.03, ""max_depth"": 2, ""n_estimators"": 180, ""n_train"": 4240, ""validation"": ""last purged expanding fold""}",decimal
2022-01-31,2022-02-07,5,20.0,0.0278975571428571,0.02768237080789038,-0.00021518633496672018,PCA_XGBOOST,PCA,direct_change,"{""configurations_evaluated"": 3, ""learning_rate"": 0.03, ""max_depth"": 2, ""n_estimators"": 180, ""n_train"": 4240, ""validation"": ""last purged expanding fold""}",decimal
2022-01-31,2022-02-07,5,30.0,0.03241,0.032644288901907646,0.00023428890190764495,PCA_XGBOOST,PCA,direct_change,"{""configurations_evaluated"": 3, ""learning_rate"": 0.03, ""max_depth"": 2, ""n_estimators"": 180, ""n_train"": 4240, ""validation"": ""last purged expanding fold""}",decimal
2022-01-31,2022-02-14,10,0.25,0.015322264150943302,0.01597277337763827,0.0006505092266949689,NS_XGBOOST,NS,direct_change,"{""configurations_evaluated"": 3, ""learning_rate"": 0.05, ""max_depth"": 1, ""n_estimators"": 100, ""n_train"": 4235, ""validation"": ""last purged expanding fold""}",decimal
2022-01-31,2022-02-14,10,0.5,0.015674693877551,0.016216370085615973,0.0005416762080649729,NS_XGBOOST,NS,direct_change,"{""configurations_evaluated"": 3, ""learning_rate"": 0.05, ""max_depth"": 1, ""n_estimators"": 100, ""n_train"": 4235, ""validation"": ""last purged expanding fold""}",decimal
2022-01-31,2022-02-14,10,1.0,0.0163313127932815,0.016695922971145093,0.00036461017786359323,NS_XGBOOST,NS,direct_change,"{""configurations_evaluated"": 3, ""learning_rate"": 0.05, ""max_depth"": 1, ""n_estimators"": 100, ""n_train"": 4235, ""validation"": ""last purged expanding fold""}",decimal
2022-01-31,2022-02-14,10,2.0,0.01824796875,0.0176245756919361,-0.0006233930580639008,NS_XGBOOST,NS,direct_change,"{""configurations_evaluated"": 3, ""learning_rate"": 0.05, ""max_depth"": 1, ""n_estimators"": 100, ""n_train"": 4235, ""validation"": ""last purged expanding fold""}",decimal
2022-01-31,2022-02-14,10,5.0,0.020583250444049697,0.02017211039676528,-0.0004111400472844168,NS_XGBOOST,NS,direct_change,"{""configurations_evaluated"": 3, ""learning_rate"": 0.05, ""max_depth"": 1, ""n_estimators"": 100, ""n_train"": 4235, ""validation"": ""last purged expanding fold""}",decimal
2022-01-31,2022-02-14,10,10.0,0.023477950310559003,0.023683374377900374,0.00020542406734137125,NS_XGBOOST,NS,direct_change,"{""configurations_evaluated"": 3, ""learning_rate"": 0.05, ""max_depth"": 1, ""n_estimators"": 100, ""n_train"": 4235, ""validation"": ""last purged expanding fold""}",decimal
2022-01-31,2022-02-14,10,15.0,0.02678739781232,0.026415328681213844,-0.00037206913110615636,NS_XGBOOST,NS,direct_change,"{""configurations_evaluated"": 3, ""learning_rate"": 0.05, ""max_depth"": 1, ""n_estimators"": 100, ""n_train"": 4235, ""validation"": ""last purged expanding fold""}",decimal
2022-01-31,2022-02-14,10,20.0,0.0289996617869762,0.028532051403387212,-0.0004676103835889872,NS_XGBOOST,NS,direct_change,"{""configurations_evaluated"": 3, ""learning_rate"": 0.05, ""max_depth"": 1, ""n_estimators"": 100, ""n_train"": 4235, ""validation"": ""last purged expanding fold""}",decimal
2022-01-31,2022-02-14,10,30.0,0.03235,0.03146369007136127,-0.0008863099286387302,NS_XGBOOST,NS,direct_change,"{""configurations_evaluated"": 3, ""learning_rate"": 0.05, ""max_depth"": 1, ""n_estimators"": 100, ""n_train"": 4235, ""validation"": ""last purged expanding fold""}",decimal
2022-01-31,2022-02-14,10,0.25,0.015322264150943302,0.015434349466589186,0.00011208531564588405,PCA_XGBOOST,PCA,direct_change,"{""configurations_evaluated"": 3, ""learning_rate"": 0.05, ""max_depth"": 1, ""n_estimators"": 100, ""n_train"": 4235, ""validation"": ""last purged expanding fold""}",decimal
2022-01-31,2022-02-14,10,0.5,0.015674693877551,0.01579083563444432,0.00011614175689331901,PCA_XGBOOST,PCA,direct_change,"{""configurations_evaluated"": 3, ""learning_rate"": 0.05, ""max_depth"": 1, ""n_estimators"": 100, ""n_train"": 4235, ""validation"": ""last purged expanding fold""}",decimal
2022-01-31,2022-02-14,10,1.0,0.0163313127932815,0.016702611596259617,0.0003712988029781171,PCA_XGBOOST,PCA,direct_change,"{""configurations_evaluated"": 3, ""learning_rate"": 0.05, ""max_depth"": 1, ""n_estimators"": 100, ""n_train"": 4235, ""validation"": ""last purged expanding fold""}",decimal
2022-01-31,2022-02-14,10,2.0,0.01824796875,0.018159919072009867,-8.804967799013255e-05,PCA_XGBOOST,PCA,direct_change,"{""configurations_evaluated"": 3, ""learning_rate"": 0.05, ""max_depth"": 1, ""n_estimators"": 100, ""n_train"": 4235, ""validation"": ""last purged expanding fold""}",decimal
2022-01-31,2022-02-14,10,5.0,0.020583250444049697,0.020241820536350826,-0.00034142990769887166,PCA_XGBOOST,PCA,direct_change,"{""configurations_evaluated"": 3, ""learning_rate"": 0.05, ""max_depth"": 1, ""n_estimators"": 100, ""n_train"": 4235, ""validation"": ""last purged expanding fold""}",decimal
2022-01-31,2022-02-14,10,10.0,0.023477950310559003,0.023728093749685222,0.0002501434391262193,PCA_XGBOOST,PCA,direct_change,"{""configurations_evaluated"": 3, ""learning_rate"": 0.05, ""max_depth"": 1, ""n_estimators"": 100, ""n_train"": 4235, ""validation"": ""last purged expanding fold""}",decimal
2022-01-31,2022-02-14,10,15.0,0.02678739781232,0.026516421459942,-0.00027097635237800094,PCA_XGBOOST,PCA,direct_change,"{""configurations_evaluated"": 3, ""learning_rate"": 0.05, ""max_depth"": 1, ""n_estimators"": 100, ""n_train"": 4235, ""validation"": ""last purged expanding fold""}",decimal
2022-01-31,2022-02-14,10,20.0,0.0289996617869762,0.02767661685026741,-0.0013230449367087893,PCA_XGBOOST,PCA,direct_change,"{""configurations_evaluated"": 3, ""learning_rate"": 0.05, ""max_depth"": 1, ""n_estimators"": 100, ""n_train"": 4235, ""validation"": ""last purged expanding fold""}",decimal
2022-01-31,2022-02-14,10,30.0,0.03235,0.03266716382520605,0.0003171638252060516,PCA_XGBOOST,PCA,direct_change,"{""configurations_evaluated"": 3, ""learning_rate"": 0.05, ""max_depth"": 1, ""n_estimators"": 100, ""n_train"": 4235, ""validation"": ""last purged expanding fold""}",decimal
2022-01-31,2022-03-02,22,0.25,0.0153930769230769,0.01592234807140657,0.000529271148329671,NS_XGBOOST,NS,direct_change,"{""configurations_evaluated"": 3, ""learning_rate"": 0.05, ""max_depth"": 1, ""n_estimators"": 100, ""n_train"": 4223, ""validation"": ""last purged expanding fold""}",decimal
2022-01-31,2022-03-02,22,0.5,0.0155954237288135,0.016170611172792074,0.000575187443978574,NS_XGBOOST,NS,direct_change,"{""configurations_evaluated"": 3, ""learning_rate"": 0.05, ""max_depth"": 1, ""n_estimators"": 100, ""n_train"": 4223, ""validation"": ""last purged expanding fold""}",decimal
2022-01-31,2022-03-02,22,1.0,0.0161410212258574,0.016658892572187327,0.0005178713463299262,NS_XGBOOST,NS,direct_change,"{""configurations_evaluated"": 3, ""learning_rate"": 0.05, ""max_depth"": 1, ""n_estimators"": 100, ""n_train"": 4223, ""validation"": ""last purged expanding fold""}",decimal
2022-01-31,2022-03-02,22,2.0,0.0182346753246753,0.017602778580090957,-0.000631896744584342,NS_XGBOOST,NS,direct_change,"{""configurations_evaluated"": 3, ""learning_rate"": 0.05, ""max_depth"": 1, ""n_estimators"": 100, ""n_train"": 4223, ""validation"": ""last purged expanding fold""}",decimal
2022-01-31,2022-03-02,22,5.0,0.0209002857142857,0.020181625977744852,-0.0007186597365408491,NS_XGBOOST,NS,direct_change,"{""configurations_evaluated"": 3, ""learning_rate"": 0.05, ""max_depth"": 1, ""n_estimators"": 100, ""n_train"": 4223, ""validation"": ""last purged expanding fold""}",decimal
2022-01-31,2022-03-02,22,10.0,0.0239765749778172,0.023713800260215752,-0.00026277471760144736,NS_XGBOOST,NS,direct_change,"{""configurations_evaluated"": 3, ""learning_rate"": 0.05, ""max_depth"": 1, ""n_estimators"": 100, ""n_train"": 4223, ""validation"": ""last purged expanding fold""}",decimal
2022-01-31,2022-03-02,22,15.0,0.0267719470046082,0.0264465637516844,-0.0003253832529237985,NS_XGBOOST,NS,direct_change,"{""configurations_evaluated"": 3, ""learning_rate"": 0.05, ""max_depth"": 1, ""n_estimators"": 100, ""n_train"": 4223, ""validation"": ""last purged expanding fold""}",decimal
2022-01-31,2022-03-02,22,20.0,0.028530196721311397,0.02855574906904705,2.5552347735654374e-05,NS_XGBOOST,NS,direct_change,"{""configurations_evaluated"": 3, ""learning_rate"": 0.05, ""max_depth"": 1, ""n_estimators"": 100, ""n_train"": 4223, ""validation"": ""last purged expanding fold""}",decimal
2022-01-31,2022-03-02,22,30.0,0.0317099999999999,0.03146667330629085,-0.00024332669370905058,NS_XGBOOST,NS,direct_change,"{""configurations_evaluated"": 3, ""learning_rate"": 0.05, ""max_depth"": 1, ""n_estimators"": 100, ""n_train"": 4223, ""validation"": ""last purged expanding fold""}",decimal
2022-01-31,2022-03-02,22,0.25,0.0153930769230769,0.015495373333010508,0.00010229640993360788,PCA_XGBOOST,PCA,direct_change,"{""configurations_evaluated"": 3, ""learning_rate"": 0.05, ""max_depth"": 1, ""n_estimators"": 100, ""n_train"": 4223, ""validation"": ""last purged expanding fold""}",decimal
2022-01-31,2022-03-02,22,0.5,0.0155954237288135,0.015841769519387962,0.00024634579057446204,PCA_XGBOOST,PCA,direct_change,"{""configurations_evaluated"": 3, ""learning_rate"": 0.05, ""max_depth"": 1, ""n_estimators"": 100, ""n_train"": 4223, ""validation"": ""last purged expanding fold""}",decimal
2022-01-31,2022-03-02,22,1.0,0.0161410212258574,0.016735894955035975,0.0005948737291785744,PCA_XGBOOST,PCA,direct_change,"{""configurations_evaluated"": 3, ""learning_rate"": 0.05, ""max_depth"": 1, ""n_estimators"": 100, ""n_train"": 4223, ""validation"": ""last purged expanding fold""}",decimal
2022-01-31,2022-03-02,22,2.0,0.0182346753246753,0.018169626519682076,-6.504880499322296e-05,PCA_XGBOOST,PCA,direct_change,"{""configurations_evaluated"": 3, ""learning_rate"": 0.05, ""max_depth"": 1, ""n_estimators"": 100, ""n_train"": 4223, ""validation"": ""last purged expanding fold""}",decimal
2022-01-31,2022-03-02,22,5.0,0.0209002857142857,0.02021980849034732,-0.0006804772239383805,PCA_XGBOOST,PCA,direct_change,"{""configurations_evaluated"": 3, ""learning_rate"": 0.05, ""max_depth"": 1, ""n_estimators"": 100, ""n_train"": 4223, ""validation"": ""last purged expanding fold""}",decimal
2022-01-31,2022-03-02,22,10.0,0.0239765749778172,0.02367539887746426,-0.000301176100352938,PCA_XGBOOST,PCA,direct_change,"{""configurations_evaluated"": 3, ""learning_rate"": 0.05, ""max_depth"": 1, ""n_estimators"": 100, ""n_train"": 4223, ""validation"": ""last purged expanding fold""}",decimal
2022-01-31,2022-03-02,22,15.0,0.0267719470046082,0.026455329722634584,-0.00031661728197361627,PCA_XGBOOST,PCA,direct_change,"{""configurations_evaluated"": 3, ""learning_rate"": 0.05, ""max_depth"": 1, ""n_estimators"": 100, ""n_train"": 4223, ""validation"": ""last purged expanding fold""}",decimal
2022-01-31,2022-03-02,22,20.0,0.028530196721311397,0.027653180575909826,-0.0008770161454015706,PCA_XGBOOST,PCA,direct_change,"{""configurations_evaluated"": 3, ""learning_rate"": 0.05, ""max_depth"": 1, ""n_estimators"": 100, ""n_train"": 4223, ""validation"": ""last purged expanding fold""}",decimal
2022-01-31,2022-03-02,22,30.0,0.0317099999999999,0.0326898220920195,0.0009798220920196055,PCA_XGBOOST,PCA,direct_change,"{""configurations_evaluated"": 3, ""learning_rate"": 0.05, ""max_depth"": 1, ""n_estimators"": 100, ""n_train"": 4223, ""validation"": ""last purged expanding fold""}",decimal
2022-02-28,2022-03-07,5,0.25,0.015311923076922999,0.015599558334168767,0.0002876352572457677,NS_XGBOOST,NS,direct_change,"{""configurations_evaluated"": 3, ""learning_rate"": 0.05, ""max_depth"": 1, ""n_estimators"": 100, ""n_train"": 4260, ""validation"": ""last purged expanding fold""}",decimal
2022-02-28,2022-03-07,5,0.5,0.0156932596685082,0.015900331260150637,0.00020707159164243608,NS_XGBOOST,NS,direct_change,"{""configurations_evaluated"": 3, ""learning_rate"": 0.05, ""max_depth"": 1, ""n_estimators"": 100, ""n_train"": 4260, ""validation"": ""last purged expanding fold""}",decimal
2022-02-28,2022-03-07,5,1.0,0.0164616641088015,0.016485898962029476,2.4234853227975833e-05,NS_XGBOOST,NS,direct_change,"{""configurations_evaluated"": 3, ""learning_rate"": 0.05, ""max_depth"": 1, ""n_estimators"": 100, ""n_train"": 4260, ""validation"": ""last purged expanding fold""}",decimal
2022-02-28,2022-03-07,5,2.0,0.018104285714285705,0.017595989876306423,-0.0005082958379792821,NS_XGBOOST,NS,direct_change,"{""configurations_evaluated"": 3, ""learning_rate"": 0.05, ""max_depth"": 1, ""n_estimators"": 100, ""n_train"": 4260, ""validation"": ""last purged expanding fold""}",decimal
2022-02-28,2022-03-07,5,5.0,0.021001913265306104,0.020491535380372225,-0.000510377884933879,NS_XGBOOST,NS,direct_change,"{""configurations_evaluated"": 3, ""learning_rate"": 0.05, ""max_depth"": 1, ""n_estimators"": 100, ""n_train"": 4260, ""validation"": ""last purged expanding fold""}",decimal
2022-02-28,2022-03-07,5,10.0,0.0242628337874659,0.024164503297777615,-9.833048968828362e-05,NS_XGBOOST,NS,direct_change,"{""configurations_evaluated"": 3, ""learning_rate"": 0.05, ""max_depth"": 1, ""n_estimators"": 100, ""n_train"": 4260, ""validation"": ""last purged expanding fold""}",decimal
2022-02-28,2022-03-07,5,15.0,0.0265841415465268,0.026801321452439842,0.0002171799059130404,NS_XGBOOST,NS,direct_change,"{""configurations_evaluated"": 3, ""learning_rate"": 0.05, ""max_depth"": 1, ""n_estimators"": 100, ""n_train"": 4260, ""validation"": ""last purged expanding fold""}",decimal
2022-02-28,2022-03-07,5,20.0,0.0278975571428571,0.0287276506173724,0.0008300934745152991,NS_XGBOOST,NS,direct_change,"{""configurations_evaluated"": 3, ""learning_rate"": 0.05, ""max_depth"": 1, ""n_estimators"": 100, ""n_train"": 4260, ""validation"": ""last purged expanding fold""}",decimal
2022-02-28,2022-03-07,5,30.0,0.03241,0.03124874701306146,-0.0011612529869385428,NS_XGBOOST,NS,direct_change,"{""configurations_evaluated"": 3, ""learning_rate"": 0.05, ""max_depth"": 1, ""n_estimators"": 100, ""n_train"": 4260, ""validation"": ""last purged expanding fold""}",decimal
2022-02-28,2022-03-07,5,0.25,0.015311923076922999,0.01497195680996178,-0.00033996626696121933,PCA_XGBOOST,PCA,direct_change,"{""configurations_evaluated"": 3, ""learning_rate"": 0.03, ""max_depth"": 2, ""n_estimators"": 180, ""n_train"": 4260, ""validation"": ""last purged expanding fold""}",decimal
2022-02-28,2022-03-07,5,0.5,0.0156932596685082,0.015421648100029698,-0.0002716115684785036,PCA_XGBOOST,PCA,direct_change,"{""configurations_evaluated"": 3, ""learning_rate"": 0.03, ""max_depth"": 2, ""n_estimators"": 180, ""n_train"": 4260, ""validation"": ""last purged expanding fold""}",decimal
2022-02-28,2022-03-07,5,1.0,0.0164616641088015,0.01648484743924255,2.318333044104906e-05,PCA_XGBOOST,PCA,direct_change,"{""configurations_evaluated"": 3, ""learning_rate"": 0.03, ""max_depth"": 2, ""n_estimators"": 180, ""n_train"": 4260, ""validation"": ""last purged expanding fold""}",decimal
2022-02-28,2022-03-07,5,2.0,0.018104285714285705,0.01816096456126603,5.667884698032366e-05,PCA_XGBOOST,PCA,direct_change,"{""configurations_evaluated"": 3, ""learning_rate"": 0.03, ""max_depth"": 2, ""n_estimators"": 180, ""n_train"": 4260, ""validation"": ""last purged expanding fold""}",decimal
2022-02-28,2022-03-07,5,5.0,0.021001913265306104,0.020491241919594613,-0.0005106713457114914,PCA_XGBOOST,PCA,direct_change,"{""configurations_evaluated"": 3, ""learning_rate"": 0.03, ""max_depth"": 2, ""n_estimators"": 180, ""n_train"": 4260, ""validation"": ""last purged expanding fold""}",decimal
2022-02-28,2022-03-07,5,10.0,0.0242628337874659,0.024175702151228648,-8.713163623725109e-05,PCA_XGBOOST,PCA,direct_change,"{""configurations_evaluated"": 3, ""learning_rate"": 0.03, ""max_depth"": 2, ""n_estimators"": 180, ""n_train"": 4260, ""validation"": ""last purged expanding fold""}",decimal
2022-02-28,2022-03-07,5,15.0,0.0265841415465268,0.026972885109560488,0.00038874356303368607,PCA_XGBOOST,PCA,direct_change,"{""configurations_evaluated"": 3, ""learning_rate"": 0.03, ""max_depth"": 2, ""n_estimators"": 180, ""n_train"": 4260, ""validation"": ""last purged expanding fold""}",decimal
2022-02-28,2022-03-07,5,20.0,0.0278975571428571,0.027690415120485822,-0.00020714202237127888,PCA_XGBOOST,PCA,direct_change,"{""configurations_evaluated"": 3, ""learning_rate"": 0.03, ""max_depth"": 2, ""n_estimators"": 180, ""n_train"": 4260, ""validation"": ""last purged expanding fold""}",decimal
2022-02-28,2022-03-07,5,30.0,0.03241,0.03216806947821586,-0.00024193052178413804,PCA_XGBOOST,PCA,direct_change,"{""configurations_evaluated"": 3, ""learning_rate"": 0.03, ""max_depth"": 2, ""n_estimators"": 180, ""n_train"": 4260, ""validation"": ""last purged expanding fold""}",decimal
2022-02-28,2022-03-14,10,0.25,0.015455757575757501,0.015378505949645908,-7.725162611159353e-05,NS_XGBOOST,NS,direct_change,"{""configurations_evaluated"": 3, ""learning_rate"": 0.05, ""max_depth"": 1, ""n_estimators"": 100, ""n_train"": 4255, ""validation"": ""last purged expanding fold""}",decimal
2022-02-28,2022-03-14,10,0.5,0.0157114285714285,0.015680809294103128,-3.061927732537356e-05,NS_XGBOOST,NS,direct_change,"{""configurations_evaluated"": 3, ""learning_rate"": 0.05, ""max_depth"": 1, ""n_estimators"": 100, ""n_train"": 4255, ""validation"": ""last purged expanding fold""}",decimal
2022-02-28,2022-03-14,10,1.0,0.0163818269028312,0.016269426092093947,-0.00011240081073725372,NS_XGBOOST,NS,direct_change,"{""configurations_evaluated"": 3, ""learning_rate"": 0.05, ""max_depth"": 1, ""n_estimators"": 100, ""n_train"": 4255, ""validation"": ""last purged expanding fold""}",decimal
2022-02-28,2022-03-14,10,2.0,0.0179944444444444,0.017385553774614072,-0.0006088906698303274,NS_XGBOOST,NS,direct_change,"{""configurations_evaluated"": 3, ""learning_rate"": 0.05, ""max_depth"": 1, ""n_estimators"": 100, ""n_train"": 4255, ""validation"": ""last purged expanding fold""}",decimal
2022-02-28,2022-03-14,10,5.0,0.0208784615384615,0.020298489294899125,-0.0005799722435623732,NS_XGBOOST,NS,direct_change,"{""configurations_evaluated"": 3, ""learning_rate"": 0.05, ""max_depth"": 1, ""n_estimators"": 100, ""n_train"": 4255, ""validation"": ""last purged expanding fold""}",decimal
2022-02-28,2022-03-14,10,10.0,0.0249722981366459,0.023997187648581386,-0.0009751104880645137,NS_XGBOOST,NS,direct_change,"{""configurations_evaluated"": 3, ""learning_rate"": 0.05, ""max_depth"": 1, ""n_estimators"": 100, ""n_train"": 4255, ""validation"": ""last purged expanding fold""}",decimal
2022-02-28,2022-03-14,10,15.0,0.0273192791612057,0.02665524976051494,-0.0006640294006907584,NS_XGBOOST,NS,direct_change,"{""configurations_evaluated"": 3, ""learning_rate"": 0.05, ""max_depth"": 1, ""n_estimators"": 100, ""n_train"": 4255, ""validation"": ""last purged expanding fold""}",decimal
2022-02-28,2022-03-14,10,20.0,0.0288417011610297,0.028598685308709532,-0.0002430158523201685,NS_XGBOOST,NS,direct_change,"{""configurations_evaluated"": 3, ""learning_rate"": 0.05, ""max_depth"": 1, ""n_estimators"": 100, ""n_train"": 4255, ""validation"": ""last purged expanding fold""}",decimal
2022-02-28,2022-03-14,10,30.0,0.0317,0.031144287550724917,-0.0005557124492750823,NS_XGBOOST,NS,direct_change,"{""configurations_evaluated"": 3, ""learning_rate"": 0.05, ""max_depth"": 1, ""n_estimators"": 100, ""n_train"": 4255, ""validation"": ""last purged expanding fold""}",decimal
2022-02-28,2022-03-14,10,0.25,0.015455757575757501,0.014939313971094806,-0.000516443604662695,PCA_XGBOOST,PCA,direct_change,"{""configurations_evaluated"": 3, ""learning_rate"": 0.05, ""max_depth"": 1, ""n_estimators"": 100, ""n_train"": 4255, ""validation"": ""last purged expanding fold""}",decimal
2022-02-28,2022-03-14,10,0.5,0.0157114285714285,0.015381325837211504,-0.00033010273421699675,PCA_XGBOOST,PCA,direct_change,"{""configurations_evaluated"": 3, ""learning_rate"": 0.05, ""max_depth"": 1, ""n_estimators"": 100, ""n_train"": 4255, ""validation"": ""last purged expanding fold""}",decimal
2022-02-28,2022-03-14,10,1.0,0.0163818269028312,0.016432860679434502,5.103377660330144e-05,PCA_XGBOOST,PCA,direct_change,"{""configurations_evaluated"": 3, ""learning_rate"": 0.05, ""max_depth"": 1, ""n_estimators"": 100, ""n_train"": 4255, ""validation"": ""last purged expanding fold""}",decimal
2022-02-28,2022-03-14,10,2.0,0.0179944444444444,0.01809307344122589,9.862899678149059e-05,PCA_XGBOOST,PCA,direct_change,"{""configurations_evaluated"": 3, ""learning_rate"": 0.05, ""max_depth"": 1, ""n_estimators"": 100, ""n_train"": 4255, ""validation"": ""last purged expanding fold""}",decimal
2022-02-28,2022-03-14,10,5.0,0.0208784615384615,0.020405818293462427,-0.0004726432449990714,PCA_XGBOOST,PCA,direct_change,"{""configurations_evaluated"": 3, ""learning_rate"": 0.05, ""max_depth"": 1, ""n_estimators"": 100, ""n_train"": 4255, ""validation"": ""last purged expanding fold""}",decimal
2022-02-28,2022-03-14,10,10.0,0.0249722981366459,0.024076180163068818,-0.0008961179735770819,PCA_XGBOOST,PCA,direct_change,"{""configurations_evaluated"": 3, ""learning_rate"": 0.05, ""max_depth"": 1, ""n_estimators"": 100, ""n_train"": 4255, ""validation"": ""last purged expanding fold""}",decimal
2022-02-28,2022-03-14,10,15.0,0.0273192791612057,0.026873425458659658,-0.0004458537025460417,PCA_XGBOOST,PCA,direct_change,"{""configurations_evaluated"": 3, ""learning_rate"": 0.05, ""max_depth"": 1, ""n_estimators"": 100, ""n_train"": 4255, ""validation"": ""last purged expanding fold""}",decimal
2022-02-28,2022-03-14,10,20.0,0.0288417011610297,0.027627534238695958,-0.0012141669223337433,PCA_XGBOOST,PCA,direct_change,"{""configurations_evaluated"": 3, ""learning_rate"": 0.05, ""max_depth"": 1, ""n_estimators"": 100, ""n_train"": 4255, ""validation"": ""last purged expanding fold""}",decimal
2022-02-28,2022-03-14,10,30.0,0.0317,0.032156054662114505,0.00045605466211450646,PCA_XGBOOST,PCA,direct_change,"{""configurations_evaluated"": 3, ""learning_rate"": 0.05, ""max_depth"": 1, ""n_estimators"": 100, ""n_train"": 4255, ""validation"": ""last purged expanding fold""}",decimal
2022-02-28,2022-03-30,22,0.25,0.0157947252747252,0.015103393300980147,-0.0006913319737450532,NS_XGBOOST,NS,direct_change,"{""configurations_evaluated"": 3, ""learning_rate"": 0.05, ""max_depth"": 1, ""n_estimators"": 100, ""n_train"": 4243, ""validation"": ""last purged expanding fold""}",decimal
2022-02-28,2022-03-30,22,0.5,0.0157514285714285,0.015400385115416658,-0.00035104345601184167,NS_XGBOOST,NS,direct_change,"{""configurations_evaluated"": 3, ""learning_rate"": 0.05, ""max_depth"": 1, ""n_estimators"": 100, ""n_train"": 4243, ""validation"": ""last purged expanding fold""}",decimal
2022-02-28,2022-03-30,22,1.0,0.0163071390073812,0.01597929207854496,-0.00032784692883624025,NS_XGBOOST,NS,direct_change,"{""configurations_evaluated"": 3, ""learning_rate"": 0.05, ""max_depth"": 1, ""n_estimators"": 100, ""n_train"": 4243, ""validation"": ""last purged expanding fold""}",decimal
2022-02-28,2022-03-30,22,2.0,0.0182757142857142,0.017079338759191764,-0.0011963755265224363,NS_XGBOOST,NS,direct_change,"{""configurations_evaluated"": 3, ""learning_rate"": 0.05, ""max_depth"": 1, ""n_estimators"": 100, ""n_train"": 4243, ""validation"": ""last purged expanding fold""}",decimal
2022-02-28,2022-03-30,22,5.0,0.021215934065934,0.01996524142601845,-0.0012506926399155488,NS_XGBOOST,NS,direct_change,"{""configurations_evaluated"": 3, ""learning_rate"": 0.05, ""max_depth"": 1, ""n_estimators"": 100, ""n_train"": 4243, ""validation"": ""last purged expanding fold""}",decimal
2022-02-28,2022-03-30,22,10.0,0.024265934065934004,0.023662955969150096,-0.0006029780967839078,NS_XGBOOST,NS,direct_change,"{""configurations_evaluated"": 3, ""learning_rate"": 0.05, ""max_depth"": 1, ""n_estimators"": 100, ""n_train"": 4243, ""validation"": ""last purged expanding fold""}",decimal
2022-02-28,2022-03-30,22,15.0,0.026857580645161205,0.02634546060270639,-0.0005121200424548153,NS_XGBOOST,NS,direct_change,"{""configurations_evaluated"": 3, ""learning_rate"": 0.05, ""max_depth"": 1, ""n_estimators"": 100, ""n_train"": 4243, ""validation"": ""last purged expanding fold""}",decimal
2022-02-28,2022-03-30,22,20.0,0.028932703180212,0.028321146351414264,-0.0006115568287977345,NS_XGBOOST,NS,direct_change,"{""configurations_evaluated"": 3, ""learning_rate"": 0.05, ""max_depth"": 1, ""n_estimators"": 100, ""n_train"": 4243, ""validation"": ""last purged expanding fold""}",decimal
2022-02-28,2022-03-30,22,30.0,0.03226,0.030928168624204264,-0.0013318313757957334,NS_XGBOOST,NS,direct_change,"{""configurations_evaluated"": 3, ""learning_rate"": 0.05, ""max_depth"": 1, ""n_estimators"": 100, ""n_train"": 4243, ""validation"": ""last purged expanding fold""}",decimal
2022-02-28,2022-03-30,22,0.25,0.0157947252747252,0.014917515988603327,-0.000877209286121873,PCA_XGBOOST,PCA,direct_change,"{""configurations_evaluated"": 3, ""learning_rate"": 0.05, ""max_depth"": 1, ""n_estimators"": 100, ""n_train"": 4243, ""validation"": ""last purged expanding fold""}",decimal
2022-02-28,2022-03-30,22,0.5,0.0157514285714285,0.015343180440278157,-0.00040824813115034227,PCA_XGBOOST,PCA,direct_change,"{""configurations_evaluated"": 3, ""learning_rate"": 0.05, ""max_depth"": 1, ""n_estimators"": 100, ""n_train"": 4243, ""validation"": ""last purged expanding fold""}",decimal
2022-02-28,2022-03-30,22,1.0,0.0163071390073812,0.016369221306910396,6.208229952919461e-05,PCA_XGBOOST,PCA,direct_change,"{""configurations_evaluated"": 3, ""learning_rate"": 0.05, ""max_depth"": 1, ""n_estimators"": 100, ""n_train"": 4243, ""validation"": ""last purged expanding fold""}",decimal
2022-02-28,2022-03-30,22,2.0,0.0182757142857142,0.01799534002919175,-0.0002803742565224525,PCA_XGBOOST,PCA,direct_change,"{""configurations_evaluated"": 3, ""learning_rate"": 0.05, ""max_depth"": 1, ""n_estimators"": 100, ""n_train"": 4243, ""validation"": ""last purged expanding fold""}",decimal
2022-02-28,2022-03-30,22,5.0,0.021215934065934,0.02027395923441383,-0.0009419748315201704,PCA_XGBOOST,PCA,direct_change,"{""configurations_evaluated"": 3, ""learning_rate"": 0.05, ""max_depth"": 1, ""n_estimators"": 100, ""n_train"": 4243, ""validation"": ""last purged expanding fold""}",decimal
2022-02-28,2022-03-30,22,10.0,0.024265934065934004,0.02391586290365642,-0.00035007116227758414,PCA_XGBOOST,PCA,direct_change,"{""configurations_evaluated"": 3, ""learning_rate"": 0.05, ""max_depth"": 1, ""n_estimators"": 100, ""n_train"": 4243, ""validation"": ""last purged expanding fold""}",decimal
2022-02-28,2022-03-30,22,15.0,0.026857580645161205,0.02671572325190472,-0.0001418573932564851,PCA_XGBOOST,PCA,direct_change,"{""configurations_evaluated"": 3, ""learning_rate"": 0.05, ""max_depth"": 1, ""n_estimators"": 100, ""n_train"": 4243, ""validation"": ""last purged expanding fold""}",decimal
2022-02-28,2022-03-30,22,20.0,0.028932703180212,0.027555222582406464,-0.0013774805978055346,PCA_XGBOOST,PCA,direct_change,"{""configurations_evaluated"": 3, ""learning_rate"": 0.05, ""max_depth"": 1, ""n_estimators"": 100, ""n_train"": 4243, ""validation"": ""last purged expanding fold""}",decimal
2022-02-28,2022-03-30,22,30.0,0.03226,0.03218346865806451,-7.653134193548461e-05,PCA_XGBOOST,PCA,direct_change,"{""configurations_evaluated"": 3, ""learning_rate"": 0.05, ""max_depth"": 1, ""n_estimators"": 100, ""n_train"": 4243, ""validation"": ""last purged expanding fold""}",decimal
2022-03-31,2022-04-07,5,0.25,0.0157909677419354,0.015893055671342304,0.00010208792940690284,NS_XGBOOST,NS,direct_change,"{""configurations_evaluated"": 3, ""learning_rate"": 0.05, ""max_depth"": 1, ""n_estimators"": 100, ""n_train"": 4283, ""validation"": ""last purged expanding fold""}",decimal
2022-03-31,2022-04-07,5,0.5,0.0157541860465116,0.016185364375888453,0.000431178329376853,NS_XGBOOST,NS,direct_change,"{""configurations_evaluated"": 3, ""learning_rate"": 0.05, ""max_depth"": 1, ""n_estimators"": 100, ""n_train"": 4283, ""validation"": ""last purged expanding fold""}",decimal
2022-03-31,2022-04-07,5,1.0,0.0163602608459913,0.01675552534302607,0.0003952644970347703,NS_XGBOOST,NS,direct_change,"{""configurations_evaluated"": 3, ""learning_rate"": 0.05, ""max_depth"": 1, ""n_estimators"": 100, ""n_train"": 4283, ""validation"": ""last purged expanding fold""}",decimal
2022-03-31,2022-04-07,5,2.0,0.01829,0.017840361124763705,-0.00044963887523629537,NS_XGBOOST,NS,direct_change,"{""configurations_evaluated"": 3, ""learning_rate"": 0.05, ""max_depth"": 1, ""n_estimators"": 100, ""n_train"": 4283, ""validation"": ""last purged expanding fold""}",decimal
2022-03-31,2022-04-07,5,5.0,0.0217662162162162,0.02069536544696341,-0.0010708507692527881,NS_XGBOOST,NS,direct_change,"{""configurations_evaluated"": 3, ""learning_rate"": 0.05, ""max_depth"": 1, ""n_estimators"": 100, ""n_train"": 4283, ""validation"": ""last purged expanding fold""}",decimal
2022-03-31,2022-04-07,5,10.0,0.024275022831050198,0.0243734902961691,9.846746511890311e-05,NS_XGBOOST,NS,direct_change,"{""configurations_evaluated"": 3, ""learning_rate"": 0.05, ""max_depth"": 1, ""n_estimators"": 100, ""n_train"": 4283, ""validation"": ""last purged expanding fold""}",decimal
2022-03-31,2022-04-07,5,15.0,0.0268845931909982,0.027056734083921473,0.00017214089292327123,NS_XGBOOST,NS,direct_change,"{""configurations_evaluated"": 3, ""learning_rate"": 0.05, ""max_depth"": 1, ""n_estimators"": 100, ""n_train"": 4283, ""validation"": ""last purged expanding fold""}",decimal
2022-03-31,2022-04-07,5,20.0,0.0289303414405986,0.02904143194524067,0.0001110905046420689,NS_XGBOOST,NS,direct_change,"{""configurations_evaluated"": 3, ""learning_rate"": 0.05, ""max_depth"": 1, ""n_estimators"": 100, ""n_train"": 4283, ""validation"": ""last purged expanding fold""}",decimal
2022-03-31,2022-04-07,5,30.0,0.03225,0.03167155726524763,-0.0005784427347523685,NS_XGBOOST,NS,direct_change,"{""configurations_evaluated"": 3, ""learning_rate"": 0.05, ""max_depth"": 1, ""n_estimators"": 100, ""n_train"": 4283, ""validation"": ""last purged expanding fold""}",decimal
2022-03-31,2022-04-07,5,0.25,0.0157909677419354,0.015392385883914807,-0.0003985818580205941,PCA_XGBOOST,PCA,direct_change,"{""configurations_evaluated"": 3, ""learning_rate"": 0.03, ""max_depth"": 2, ""n_estimators"": 180, ""n_train"": 4283, ""validation"": ""last purged expanding fold""}",decimal
2022-03-31,2022-04-07,5,0.5,0.0157541860465116,0.01580903301086633,5.484696435472877e-05,PCA_XGBOOST,PCA,direct_change,"{""configurations_evaluated"": 3, ""learning_rate"": 0.03, ""max_depth"": 2, ""n_estimators"": 180, ""n_train"": 4283, ""validation"": ""last purged expanding fold""}",decimal
2022-03-31,2022-04-07,5,1.0,0.0163602608459913,0.016810073471327264,0.0004498126253359644,PCA_XGBOOST,PCA,direct_change,"{""configurations_evaluated"": 3, ""learning_rate"": 0.03, ""max_depth"": 2, ""n_estimators"": 180, ""n_train"": 4283, ""validation"": ""last purged expanding fold""}",decimal
2022-03-31,2022-04-07,5,2.0,0.01829,0.0184410104952377,0.0001510104952376981,PCA_XGBOOST,PCA,direct_change,"{""configurations_evaluated"": 3, ""learning_rate"": 0.03, ""max_depth"": 2, ""n_estimators"": 180, ""n_train"": 4283, ""validation"": ""last purged expanding fold""}",decimal
2022-03-31,2022-04-07,5,5.0,0.0217662162162162,0.020774280433324112,-0.0009919357828920873,PCA_XGBOOST,PCA,direct_change,"{""configurations_evaluated"": 3, ""learning_rate"": 0.03, ""max_depth"": 2, ""n_estimators"": 180, ""n_train"": 4283, ""validation"": ""last purged expanding fold""}",decimal
2022-03-31,2022-04-07,5,10.0,0.024275022831050198,0.024410191472461498,0.00013516864141130056,PCA_XGBOOST,PCA,direct_change,"{""configurations_evaluated"": 3, ""learning_rate"": 0.03, ""max_depth"": 2, ""n_estimators"": 180, ""n_train"": 4283, ""validation"": ""last purged expanding fold""}",decimal
2022-03-31,2022-04-07,5,15.0,0.0268845931909982,0.02722470881150688,0.00034011562050867764,PCA_XGBOOST,PCA,direct_change,"{""configurations_evaluated"": 3, ""learning_rate"": 0.03, ""max_depth"": 2, ""n_estimators"": 180, ""n_train"": 4283, ""validation"": ""last purged expanding fold""}",decimal
2022-03-31,2022-04-07,5,20.0,0.0289303414405986,0.028182178383674143,-0.0007481630569244578,PCA_XGBOOST,PCA,direct_change,"{""configurations_evaluated"": 3, ""learning_rate"": 0.03, ""max_depth"": 2, ""n_estimators"": 180, ""n_train"": 4283, ""validation"": ""last purged expanding fold""}",decimal
2022-03-31,2022-04-07,5,30.0,0.03225,0.032667133553718364,0.0004171335537183629,PCA_XGBOOST,PCA,direct_change,"{""configurations_evaluated"": 3, ""learning_rate"": 0.03, ""max_depth"": 2, ""n_estimators"": 180, ""n_train"": 4283, ""validation"": ""last purged expanding fold""}",decimal
2022-03-31,2022-04-14,10,0.25,0.0158078260869565,0.015923015699663506,0.00011518961270700484,NS_XGBOOST,NS,direct_change,"{""configurations_evaluated"": 3, ""learning_rate"": 0.05, ""max_depth"": 1, ""n_estimators"": 100, ""n_train"": 4278, ""validation"": ""last purged expanding fold""}",decimal
2022-03-31,2022-04-14,10,0.5,0.0159517582417582,0.01621596578177013,0.00026420754001192995,NS_XGBOOST,NS,direct_change,"{""configurations_evaluated"": 3, ""learning_rate"": 0.05, ""max_depth"": 1, ""n_estimators"": 100, ""n_train"": 4278, ""validation"": ""last purged expanding fold""}",decimal
2022-03-31,2022-04-14,10,1.0,0.016536333034820102,0.01678722819409773,0.0002508951592776268,NS_XGBOOST,NS,direct_change,"{""configurations_evaluated"": 3, ""learning_rate"": 0.05, ""max_depth"": 1, ""n_estimators"": 100, ""n_train"": 4278, ""validation"": ""last purged expanding fold""}",decimal
2022-03-31,2022-04-14,10,2.0,0.0183748571428571,0.017873609241477094,-0.0005012479013800052,NS_XGBOOST,NS,direct_change,"{""configurations_evaluated"": 3, ""learning_rate"": 0.05, ""max_depth"": 1, ""n_estimators"": 100, ""n_train"": 4278, ""validation"": ""last purged expanding fold""}",decimal
2022-03-31,2022-04-14,10,5.0,0.0218153846153846,0.020729164820053023,-0.0010862197953315778,NS_XGBOOST,NS,direct_change,"{""configurations_evaluated"": 3, ""learning_rate"": 0.05, ""max_depth"": 1, ""n_estimators"": 100, ""n_train"": 4278, ""validation"": ""last purged expanding fold""}",decimal
2022-03-31,2022-04-14,10,10.0,0.0244985714285714,0.02440021776295366,-9.835366561774042e-05,NS_XGBOOST,NS,direct_change,"{""configurations_evaluated"": 3, ""learning_rate"": 0.05, ""max_depth"": 1, ""n_estimators"": 100, ""n_train"": 4278, ""validation"": ""last purged expanding fold""}",decimal
2022-03-31,2022-04-14,10,15.0,0.0268965354330708,0.02707251694980839,0.00017598151673758888,NS_XGBOOST,NS,direct_change,"{""configurations_evaluated"": 3, ""learning_rate"": 0.05, ""max_depth"": 1, ""n_estimators"": 100, ""n_train"": 4278, ""validation"": ""last purged expanding fold""}",decimal
2022-03-31,2022-04-14,10,20.0,0.0288490285714285,0.029045860903487465,0.0001968323320589646,NS_XGBOOST,NS,direct_change,"{""configurations_evaluated"": 3, ""learning_rate"": 0.05, ""max_depth"": 1, ""n_estimators"": 100, ""n_train"": 4278, ""validation"": ""last purged expanding fold""}",decimal
2022-03-31,2022-04-14,10,30.0,0.032240000000000005,0.03165664411248059,-0.0005833558875194128,NS_XGBOOST,NS,direct_change,"{""configurations_evaluated"": 3, ""learning_rate"": 0.05, ""max_depth"": 1, ""n_estimators"": 100, ""n_train"": 4278, ""validation"": ""last purged expanding fold""}",decimal
2022-03-31,2022-04-14,10,0.25,0.0158078260869565,0.01541255481937901,-0.00039527126757749227,PCA_XGBOOST,PCA,direct_change,"{""configurations_evaluated"": 3, ""learning_rate"": 0.05, ""max_depth"": 1, ""n_estimators"": 100, ""n_train"": 4278, ""validation"": ""last purged expanding fold""}",decimal
2022-03-31,2022-04-14,10,0.5,0.0159517582417582,0.015824304850550426,-0.0001274533912077741,PCA_XGBOOST,PCA,direct_change,"{""configurations_evaluated"": 3, ""learning_rate"": 0.05, ""max_depth"": 1, ""n_estimators"": 100, ""n_train"": 4278, ""validation"": ""last purged expanding fold""}",decimal
2022-03-31,2022-04-14,10,1.0,0.016536333034820102,0.016817225096188826,0.00028089206136872394,PCA_XGBOOST,PCA,direct_change,"{""configurations_evaluated"": 3, ""learning_rate"": 0.05, ""max_depth"": 1, ""n_estimators"": 100, ""n_train"": 4278, ""validation"": ""last purged expanding fold""}",decimal
2022-03-31,2022-04-14,10,2.0,0.0183748571428571,0.018437357897853304,6.25007549962045e-05,PCA_XGBOOST,PCA,direct_change,"{""configurations_evaluated"": 3, ""learning_rate"": 0.05, ""max_depth"": 1, ""n_estimators"": 100, ""n_train"": 4278, ""validation"": ""last purged expanding fold""}",decimal
2022-03-31,2022-04-14,10,5.0,0.0218153846153846,0.020759584618644623,-0.0010557999967399784,PCA_XGBOOST,PCA,direct_change,"{""configurations_evaluated"": 3, ""learning_rate"": 0.05, ""max_depth"": 1, ""n_estimators"": 100, ""n_train"": 4278, ""validation"": ""last purged expanding fold""}",decimal
2022-03-31,2022-04-14,10,10.0,0.0244985714285714,0.02438548705170198,-0.0001130843768694205,PCA_XGBOOST,PCA,direct_change,"{""configurations_evaluated"": 3, ""learning_rate"": 0.05, ""max_depth"": 1, ""n_estimators"": 100, ""n_train"": 4278, ""validation"": ""last purged expanding fold""}",decimal
2022-03-31,2022-04-14,10,15.0,0.0268965354330708,0.027200104734940445,0.0003035693018696439,PCA_XGBOOST,PCA,direct_change,"{""configurations_evaluated"": 3, ""learning_rate"": 0.05, ""max_depth"": 1, ""n_estimators"": 100, ""n_train"": 4278, ""validation"": ""last purged expanding fold""}",decimal
2022-03-31,2022-04-14,10,20.0,0.0288490285714285,0.028183232532138197,-0.0006657960392903034,PCA_XGBOOST,PCA,direct_change,"{""configurations_evaluated"": 3, ""learning_rate"": 0.05, ""max_depth"": 1, ""n_estimators"": 100, ""n_train"": 4278, ""validation"": ""last purged expanding fold""}",decimal
2022-03-31,2022-04-14,10,30.0,0.032240000000000005,0.032693596398905664,0.00045359639890565906,PCA_XGBOOST,PCA,direct_change,"{""configurations_evaluated"": 3, ""learning_rate"": 0.05, ""max_depth"": 1, ""n_estimators"": 100, ""n_train"": 4278, ""validation"": ""last purged expanding fold""}",decimal
2022-03-31,2022-05-06,22,0.25,0.0159625,0.01585461063386691,-0.0001078893661330925,NS_XGBOOST,NS,direct_change,"{""configurations_evaluated"": 3, ""learning_rate"": 0.05, ""max_depth"": 1, ""n_estimators"": 100, ""n_train"": 4266, ""validation"": ""last purged expanding fold""}",decimal
2022-03-31,2022-05-06,22,0.5,0.0164133116883116,0.016148611733015305,-0.00026469995529629364,NS_XGBOOST,NS,direct_change,"{""configurations_evaluated"": 3, ""learning_rate"": 0.05, ""max_depth"": 1, ""n_estimators"": 100, ""n_train"": 4266, ""validation"": ""last purged expanding fold""}",decimal
2022-03-31,2022-05-06,22,1.0,0.0167535632831081,0.016721771233469126,-3.1792049638972725e-05,NS_XGBOOST,NS,direct_change,"{""configurations_evaluated"": 3, ""learning_rate"": 0.05, ""max_depth"": 1, ""n_estimators"": 100, ""n_train"": 4266, ""validation"": ""last purged expanding fold""}",decimal
2022-03-31,2022-05-06,22,2.0,0.018501428571428495,0.01781119897744398,-0.0006902295939845149,NS_XGBOOST,NS,direct_change,"{""configurations_evaluated"": 3, ""learning_rate"": 0.05, ""max_depth"": 1, ""n_estimators"": 100, ""n_train"": 4266, ""validation"": ""last purged expanding fold""}",decimal
2022-03-31,2022-05-06,22,5.0,0.0221828571428571,0.020671177827425426,-0.0015116793154316757,NS_XGBOOST,NS,direct_change,"{""configurations_evaluated"": 3, ""learning_rate"": 0.05, ""max_depth"": 1, ""n_estimators"": 100, ""n_train"": 4266, ""validation"": ""last purged expanding fold""}",decimal
2022-03-31,2022-05-06,22,10.0,0.0253438794233289,0.024339971537752757,-0.001003907885576142,NS_XGBOOST,NS,direct_change,"{""configurations_evaluated"": 3, ""learning_rate"": 0.05, ""max_depth"": 1, ""n_estimators"": 100, ""n_train"": 4266, ""validation"": ""last purged expanding fold""}",decimal
2022-03-31,2022-05-06,22,15.0,0.027086666666666603,0.02700470643310643,-8.196023356017365e-05,NS_XGBOOST,NS,direct_change,"{""configurations_evaluated"": 3, ""learning_rate"": 0.05, ""max_depth"": 1, ""n_estimators"": 100, ""n_train"": 4266, ""validation"": ""last purged expanding fold""}",decimal
2022-03-31,2022-05-06,22,20.0,0.0297075069637883,0.028969123211335095,-0.0007383837524532061,NS_XGBOOST,NS,direct_change,"{""configurations_evaluated"": 3, ""learning_rate"": 0.05, ""max_depth"": 1, ""n_estimators"": 100, ""n_train"": 4266, ""validation"": ""last purged expanding fold""}",decimal
2022-03-31,2022-05-06,22,30.0,0.03302,0.0315636832432783,-0.0014563167567216984,NS_XGBOOST,NS,direct_change,"{""configurations_evaluated"": 3, ""learning_rate"": 0.05, ""max_depth"": 1, ""n_estimators"": 100, ""n_train"": 4266, ""validation"": ""last purged expanding fold""}",decimal
2022-03-31,2022-05-06,22,0.25,0.0159625,0.01550054472182628,-0.0004619552781737202,PCA_XGBOOST,PCA,direct_change,"{""configurations_evaluated"": 3, ""learning_rate"": 0.05, ""max_depth"": 1, ""n_estimators"": 100, ""n_train"": 4266, ""validation"": ""last purged expanding fold""}",decimal
2022-03-31,2022-05-06,22,0.5,0.0164133116883116,0.01590907245628353,-0.000504239232028067,PCA_XGBOOST,PCA,direct_change,"{""configurations_evaluated"": 3, ""learning_rate"": 0.05, ""max_depth"": 1, ""n_estimators"": 100, ""n_train"": 4266, ""validation"": ""last purged expanding fold""}",decimal
2022-03-31,2022-05-06,22,1.0,0.0167535632831081,0.016894615925979566,0.00014105264287146702,PCA_XGBOOST,PCA,direct_change,"{""configurations_evaluated"": 3, ""learning_rate"": 0.05, ""max_depth"": 1, ""n_estimators"": 100, ""n_train"": 4266, ""validation"": ""last purged expanding fold""}",decimal
2022-03-31,2022-05-06,22,2.0,0.018501428571428495,0.01850450118850757,3.072617079075135e-06,PCA_XGBOOST,PCA,direct_change,"{""configurations_evaluated"": 3, ""learning_rate"": 0.05, ""max_depth"": 1, ""n_estimators"": 100, ""n_train"": 4266, ""validation"": ""last purged expanding fold""}",decimal
2022-03-31,2022-05-06,22,5.0,0.0221828571428571,0.020805363519840192,-0.0013774936230169094,PCA_XGBOOST,PCA,direct_change,"{""configurations_evaluated"": 3, ""learning_rate"": 0.05, ""max_depth"": 1, ""n_estimators"": 100, ""n_train"": 4266, ""validation"": ""last purged expanding fold""}",decimal
2022-03-31,2022-05-06,22,10.0,0.0253438794233289,0.024408583193533107,-0.0009352962297957922,PCA_XGBOOST,PCA,direct_change,"{""configurations_evaluated"": 3, ""learning_rate"": 0.05, ""max_depth"": 1, ""n_estimators"": 100, ""n_train"": 4266, ""validation"": ""last purged expanding fold""}",decimal
2022-03-31,2022-05-06,22,15.0,0.027086666666666603,0.02721057563842183,0.00012390897175522733,PCA_XGBOOST,PCA,direct_change,"{""configurations_evaluated"": 3, ""learning_rate"": 0.05, ""max_depth"": 1, ""n_estimators"": 100, ""n_train"": 4266, ""validation"": ""last purged expanding fold""}",decimal
2022-03-31,2022-05-06,22,20.0,0.0297075069637883,0.028190019814707895,-0.0015174871490804057,PCA_XGBOOST,PCA,direct_change,"{""configurations_evaluated"": 3, ""learning_rate"": 0.05, ""max_depth"": 1, ""n_estimators"": 100, ""n_train"": 4266, ""validation"": ""last purged expanding fold""}",decimal
2022-03-31,2022-05-06,22,30.0,0.03302,0.03270212016065935,-0.0003178798393406526,PCA_XGBOOST,PCA,direct_change,"{""configurations_evaluated"": 3, ""learning_rate"": 0.05, ""max_depth"": 1, ""n_estimators"": 100, ""n_train"": 4266, ""validation"": ""last purged expanding fold""}",decimal
2022-04-29,2022-05-10,5,0.25,0.0155284,0.016048607848278676,0.0005202078482786764,NS_XGBOOST,NS,direct_change,"{""configurations_evaluated"": 3, ""learning_rate"": 0.05, ""max_depth"": 1, ""n_estimators"": 100, ""n_train"": 4302, ""validation"": ""last purged expanding fold""}",decimal
2022-04-29,2022-05-10,5,0.5,0.0157414545454545,0.016378629592028897,0.0006371750465743974,NS_XGBOOST,NS,direct_change,"{""configurations_evaluated"": 3, ""learning_rate"": 0.05, ""max_depth"": 1, ""n_estimators"": 100, ""n_train"": 4302, ""validation"": ""last purged expanding fold""}",decimal
2022-04-29,2022-05-10,5,1.0,0.0167498799129276,0.01701886634015111,0.0002689864272235089,NS_XGBOOST,NS,direct_change,"{""configurations_evaluated"": 3, ""learning_rate"": 0.05, ""max_depth"": 1, ""n_estimators"": 100, ""n_train"": 4302, ""validation"": ""last purged expanding fold""}",decimal
2022-04-29,2022-05-10,5,2.0,0.0194747826086956,0.018224210044423362,-0.0012505725642722385,NS_XGBOOST,NS,direct_change,"{""configurations_evaluated"": 3, ""learning_rate"": 0.05, ""max_depth"": 1, ""n_estimators"": 100, ""n_train"": 4302, ""validation"": ""last purged expanding fold""}",decimal
2022-04-29,2022-05-10,5,5.0,0.0215817853922452,0.02131445580362205,-0.0002673295886231504,NS_XGBOOST,NS,direct_change,"{""configurations_evaluated"": 3, ""learning_rate"": 0.05, ""max_depth"": 1, ""n_estimators"": 100, ""n_train"": 4302, ""validation"": ""last purged expanding fold""}",decimal
2022-04-29,2022-05-10,5,10.0,0.0250417169069462,0.025114336182302053,7.261927535585216e-05,NS_XGBOOST,NS,direct_change,"{""configurations_evaluated"": 3, ""learning_rate"": 0.05, ""max_depth"": 1, ""n_estimators"": 100, ""n_train"": 4302, ""validation"": ""last purged expanding fold""}",decimal
2022-04-29,2022-05-10,5,15.0,0.027140665362035202,0.027751610204708663,0.0006109448426734609,NS_XGBOOST,NS,direct_change,"{""configurations_evaluated"": 3, ""learning_rate"": 0.05, ""max_depth"": 1, ""n_estimators"": 100, ""n_train"": 4302, ""validation"": ""last purged expanding fold""}",decimal
2022-04-29,2022-05-10,5,20.0,0.029711863699582695,0.02962638712901591,-8.547657056678579e-05,NS_XGBOOST,NS,direct_change,"{""configurations_evaluated"": 3, ""learning_rate"": 0.05, ""max_depth"": 1, ""n_estimators"": 100, ""n_train"": 4302, ""validation"": ""last purged expanding fold""}",decimal
2022-04-29,2022-05-10,5,30.0,0.03302,0.032010758977404255,-0.0010092410225957457,NS_XGBOOST,NS,direct_change,"{""configurations_evaluated"": 3, ""learning_rate"": 0.05, ""max_depth"": 1, ""n_estimators"": 100, ""n_train"": 4302, ""validation"": ""last purged expanding fold""}",decimal
2022-04-29,2022-05-10,5,0.25,0.0155284,0.015621533557585821,9.313355758582172e-05,PCA_XGBOOST,PCA,direct_change,"{""configurations_evaluated"": 3, ""learning_rate"": 0.03, ""max_depth"": 2, ""n_estimators"": 180, ""n_train"": 4302, ""validation"": ""last purged expanding fold""}",decimal
2022-04-29,2022-05-10,5,0.5,0.0157414545454545,0.0160565859033497,0.00031513135789519933,PCA_XGBOOST,PCA,direct_change,"{""configurations_evaluated"": 3, ""learning_rate"": 0.03, ""max_depth"": 2, ""n_estimators"": 180, ""n_train"": 4302, ""validation"": ""last purged expanding fold""}",decimal
2022-04-29,2022-05-10,5,1.0,0.0167498799129276,0.017092446592465158,0.0003425666795375572,PCA_XGBOOST,PCA,direct_change,"{""configurations_evaluated"": 3, ""learning_rate"": 0.03, ""max_depth"": 2, ""n_estimators"": 180, ""n_train"": 4302, ""validation"": ""last purged expanding fold""}",decimal
2022-04-29,2022-05-10,5,2.0,0.0194747826086956,0.018800372205313248,-0.0006744104033823521,PCA_XGBOOST,PCA,direct_change,"{""configurations_evaluated"": 3, ""learning_rate"": 0.03, ""max_depth"": 2, ""n_estimators"": 180, ""n_train"": 4302, ""validation"": ""last purged expanding fold""}",decimal
2022-04-29,2022-05-10,5,5.0,0.0215817853922452,0.021312080631518116,-0.0002697047607270846,PCA_XGBOOST,PCA,direct_change,"{""configurations_evaluated"": 3, ""learning_rate"": 0.03, ""max_depth"": 2, ""n_estimators"": 180, ""n_train"": 4302, ""validation"": ""last purged expanding fold""}",decimal
2022-04-29,2022-05-10,5,10.0,0.0250417169069462,0.025053507391608353,1.1790484662151796e-05,PCA_XGBOOST,PCA,direct_change,"{""configurations_evaluated"": 3, ""learning_rate"": 0.03, ""max_depth"": 2, ""n_estimators"": 180, ""n_train"": 4302, ""validation"": ""last purged expanding fold""}",decimal
2022-04-29,2022-05-10,5,15.0,0.027140665362035202,0.027927992317918093,0.0007873269558828916,PCA_XGBOOST,PCA,direct_change,"{""configurations_evaluated"": 3, ""learning_rate"": 0.03, ""max_depth"": 2, ""n_estimators"": 180, ""n_train"": 4302, ""validation"": ""last purged expanding fold""}",decimal
2022-04-29,2022-05-10,5,20.0,0.029711863699582695,0.02892458962077108,-0.0007872740788116145,PCA_XGBOOST,PCA,direct_change,"{""configurations_evaluated"": 3, ""learning_rate"": 0.03, ""max_depth"": 2, ""n_estimators"": 180, ""n_train"": 4302, ""validation"": ""last purged expanding fold""}",decimal
2022-04-29,2022-05-10,5,30.0,0.03302,0.03316911116231816,0.0001491111623181593,PCA_XGBOOST,PCA,direct_change,"{""configurations_evaluated"": 3, ""learning_rate"": 0.03, ""max_depth"": 2, ""n_estimators"": 180, ""n_train"": 4302, ""validation"": ""last purged expanding fold""}",decimal
2022-04-29,2022-05-17,10,0.25,0.0163992857142857,0.016109233608218948,-0.0002900521060667516,NS_XGBOOST,NS,direct_change,"{""configurations_evaluated"": 3, ""learning_rate"": 0.05, ""max_depth"": 1, ""n_estimators"": 100, ""n_train"": 4297, ""validation"": ""last purged expanding fold""}",decimal
2022-04-29,2022-05-17,10,0.5,0.0169,0.01643764343518397,-0.00046235656481602785,NS_XGBOOST,NS,direct_change,"{""configurations_evaluated"": 3, ""learning_rate"": 0.05, ""max_depth"": 1, ""n_estimators"": 100, ""n_train"": 4297, ""validation"": ""last purged expanding fold""}",decimal
2022-04-29,2022-05-17,10,1.0,0.01755,0.017074774448247815,-0.00047522555175218487,NS_XGBOOST,NS,direct_change,"{""configurations_evaluated"": 3, ""learning_rate"": 0.05, ""max_depth"": 1, ""n_estimators"": 100, ""n_train"": 4297, ""validation"": ""last purged expanding fold""}",decimal
2022-04-29,2022-05-17,10,2.0,0.020032967032967003,0.018274350144290085,-0.0017586168886769178,NS_XGBOOST,NS,direct_change,"{""configurations_evaluated"": 3, ""learning_rate"": 0.05, ""max_depth"": 1, ""n_estimators"": 100, ""n_train"": 4297, ""validation"": ""last purged expanding fold""}",decimal
2022-04-29,2022-05-17,10,5.0,0.022233133881824896,0.021350317959344035,-0.0008828159224808611,NS_XGBOOST,NS,direct_change,"{""configurations_evaluated"": 3, ""learning_rate"": 0.05, ""max_depth"": 1, ""n_estimators"": 100, ""n_train"": 4297, ""validation"": ""last purged expanding fold""}",decimal
2022-04-29,2022-05-17,10,10.0,0.0247087878787878,0.025133800556194134,0.0004250126774063348,NS_XGBOOST,NS,direct_change,"{""configurations_evaluated"": 3, ""learning_rate"": 0.05, ""max_depth"": 1, ""n_estimators"": 100, ""n_train"": 4297, ""validation"": ""last purged expanding fold""}",decimal
2022-04-29,2022-05-17,10,15.0,0.027150860058309002,0.027760596530710203,0.0006097364724012011,NS_XGBOOST,NS,direct_change,"{""configurations_evaluated"": 3, ""learning_rate"": 0.05, ""max_depth"": 1, ""n_estimators"": 100, ""n_train"": 4297, ""validation"": ""last purged expanding fold""}",decimal
2022-04-29,2022-05-17,10,20.0,0.029715175151798202,0.029628459260388693,-8.67158914095098e-05,NS_XGBOOST,NS,direct_change,"{""configurations_evaluated"": 3, ""learning_rate"": 0.05, ""max_depth"": 1, ""n_estimators"": 100, ""n_train"": 4297, ""validation"": ""last purged expanding fold""}",decimal
2022-04-29,2022-05-17,10,30.0,0.03302,0.03200477057745627,-0.0010152294225437286,NS_XGBOOST,NS,direct_change,"{""configurations_evaluated"": 3, ""learning_rate"": 0.05, ""max_depth"": 1, ""n_estimators"": 100, ""n_train"": 4297, ""validation"": ""last purged expanding fold""}",decimal
2022-04-29,2022-05-17,10,0.25,0.0163992857142857,0.015641667790312903,-0.0007576179239727962,PCA_XGBOOST,PCA,direct_change,"{""configurations_evaluated"": 3, ""learning_rate"": 0.05, ""max_depth"": 1, ""n_estimators"": 100, ""n_train"": 4297, ""validation"": ""last purged expanding fold""}",decimal
2022-04-29,2022-05-17,10,0.5,0.0169,0.01607169171579523,-0.0008283082842047672,PCA_XGBOOST,PCA,direct_change,"{""configurations_evaluated"": 3, ""learning_rate"": 0.05, ""max_depth"": 1, ""n_estimators"": 100, ""n_train"": 4297, ""validation"": ""last purged expanding fold""}",decimal
2022-04-29,2022-05-17,10,1.0,0.01755,0.01709920377623712,-0.0004507962237628796,PCA_XGBOOST,PCA,direct_change,"{""configurations_evaluated"": 3, ""learning_rate"": 0.05, ""max_depth"": 1, ""n_estimators"": 100, ""n_train"": 4297, ""validation"": ""last purged expanding fold""}",decimal
2022-04-29,2022-05-17,10,2.0,0.020032967032967003,0.01879592057951806,-0.0012370464534489437,PCA_XGBOOST,PCA,direct_change,"{""configurations_evaluated"": 3, ""learning_rate"": 0.05, ""max_depth"": 1, ""n_estimators"": 100, ""n_train"": 4297, ""validation"": ""last purged expanding fold""}",decimal
2022-04-29,2022-05-17,10,5.0,0.022233133881824896,0.021296085194421555,-0.0009370486874033419,PCA_XGBOOST,PCA,direct_change,"{""configurations_evaluated"": 3, ""learning_rate"": 0.05, ""max_depth"": 1, ""n_estimators"": 100, ""n_train"": 4297, ""validation"": ""last purged expanding fold""}",decimal
2022-04-29,2022-05-17,10,10.0,0.0247087878787878,0.02502729816298426,0.0003185102841964625,PCA_XGBOOST,PCA,direct_change,"{""configurations_evaluated"": 3, ""learning_rate"": 0.05, ""max_depth"": 1, ""n_estimators"": 100, ""n_train"": 4297, ""validation"": ""last purged expanding fold""}",decimal
2022-04-29,2022-05-17,10,15.0,0.027150860058309002,0.027901966667569073,0.0007511066092600709,PCA_XGBOOST,PCA,direct_change,"{""configurations_evaluated"": 3, ""learning_rate"": 0.05, ""max_depth"": 1, ""n_estimators"": 100, ""n_train"": 4297, ""validation"": ""last purged expanding fold""}",decimal
2022-04-29,2022-05-17,10,20.0,0.029715175151798202,0.028925011136082552,-0.0007901640157156505,PCA_XGBOOST,PCA,direct_change,"{""configurations_evaluated"": 3, ""learning_rate"": 0.05, ""max_depth"": 1, ""n_estimators"": 100, ""n_train"": 4297, ""validation"": ""last purged expanding fold""}",decimal
2022-04-29,2022-05-17,10,30.0,0.03302,0.03319620966272229,0.00017620966272229033,PCA_XGBOOST,PCA,direct_change,"{""configurations_evaluated"": 3, ""learning_rate"": 0.05, ""max_depth"": 1, ""n_estimators"": 100, ""n_train"": 4297, ""validation"": ""last purged expanding fold""}",decimal
2022-04-29,2022-06-02,22,0.25,0.0159,0.016059940705625317,0.0001599407056253159,NS_XGBOOST,NS,direct_change,"{""configurations_evaluated"": 3, ""learning_rate"": 0.05, ""max_depth"": 1, ""n_estimators"": 100, ""n_train"": 4285, ""validation"": ""last purged expanding fold""}",decimal
2022-04-29,2022-06-02,22,0.5,0.0165,0.016388594094609667,-0.00011140590539033407,NS_XGBOOST,NS,direct_change,"{""configurations_evaluated"": 3, ""learning_rate"": 0.05, ""max_depth"": 1, ""n_estimators"": 100, ""n_train"": 4285, ""validation"": ""last purged expanding fold""}",decimal
2022-04-29,2022-06-02,22,1.0,0.0177,0.017026121571572597,-0.000673878428427404,NS_XGBOOST,NS,direct_change,"{""configurations_evaluated"": 3, ""learning_rate"": 0.05, ""max_depth"": 1, ""n_estimators"": 100, ""n_train"": 4285, ""validation"": ""last purged expanding fold""}",decimal
2022-04-29,2022-06-02,22,2.0,0.0199,0.018226162340404292,-0.0016738376595957088,NS_XGBOOST,NS,direct_change,"{""configurations_evaluated"": 3, ""learning_rate"": 0.05, ""max_depth"": 1, ""n_estimators"": 100, ""n_train"": 4285, ""validation"": ""last purged expanding fold""}",decimal
2022-04-29,2022-06-02,22,5.0,0.0226,0.021301506603354257,-0.0012984933966457418,NS_XGBOOST,NS,direct_change,"{""configurations_evaluated"": 3, ""learning_rate"": 0.05, ""max_depth"": 1, ""n_estimators"": 100, ""n_train"": 4285, ""validation"": ""last purged expanding fold""}",decimal
2022-04-29,2022-06-02,22,10.0,0.024700000000000003,0.02508009612143141,0.0003800961214314065,NS_XGBOOST,NS,direct_change,"{""configurations_evaluated"": 3, ""learning_rate"": 0.05, ""max_depth"": 1, ""n_estimators"": 100, ""n_train"": 4285, ""validation"": ""last purged expanding fold""}",decimal
2022-04-29,2022-06-02,22,15.0,0.0273,0.027700282027769037,0.0004002820277690354,NS_XGBOOST,NS,direct_change,"{""configurations_evaluated"": 3, ""learning_rate"": 0.05, ""max_depth"": 1, ""n_estimators"": 100, ""n_train"": 4285, ""validation"": ""last purged expanding fold""}",decimal
2022-04-29,2022-06-02,22,20.0,0.0294,0.02956154303499146,0.00016154303499146122,NS_XGBOOST,NS,direct_change,"{""configurations_evaluated"": 3, ""learning_rate"": 0.05, ""max_depth"": 1, ""n_estimators"": 100, ""n_train"": 4285, ""validation"": ""last purged expanding fold""}",decimal
2022-04-29,2022-06-02,22,30.0,0.0322,0.03192684810207837,-0.00027315189792163214,NS_XGBOOST,NS,direct_change,"{""configurations_evaluated"": 3, ""learning_rate"": 0.05, ""max_depth"": 1, ""n_estimators"": 100, ""n_train"": 4285, ""validation"": ""last purged expanding fold""}",decimal
2022-04-29,2022-06-02,22,0.25,0.0159,0.0157367501715984,-0.00016324982840160152,PCA_XGBOOST,PCA,direct_change,"{""configurations_evaluated"": 3, ""learning_rate"": 0.05, ""max_depth"": 1, ""n_estimators"": 100, ""n_train"": 4285, ""validation"": ""last purged expanding fold""}",decimal
2022-04-29,2022-06-02,22,0.5,0.0165,0.016161518361924546,-0.00033848163807545517,PCA_XGBOOST,PCA,direct_change,"{""configurations_evaluated"": 3, ""learning_rate"": 0.05, ""max_depth"": 1, ""n_estimators"": 100, ""n_train"": 4285, ""validation"": ""last purged expanding fold""}",decimal
2022-04-29,2022-06-02,22,1.0,0.0177,0.017178357560094934,-0.0005216424399050665,PCA_XGBOOST,PCA,direct_change,"{""configurations_evaluated"": 3, ""learning_rate"": 0.05, ""max_depth"": 1, ""n_estimators"": 100, ""n_train"": 4285, ""validation"": ""last purged expanding fold""}",decimal
2022-04-29,2022-06-02,22,2.0,0.0199,0.018860379310734036,-0.0010396206892659653,PCA_XGBOOST,PCA,direct_change,"{""configurations_evaluated"": 3, ""learning_rate"": 0.05, ""max_depth"": 1, ""n_estimators"": 100, ""n_train"": 4285, ""validation"": ""last purged expanding fold""}",decimal
2022-04-29,2022-06-02,22,5.0,0.0226,0.021335875711034045,-0.0012641242889659537,PCA_XGBOOST,PCA,direct_change,"{""configurations_evaluated"": 3, ""learning_rate"": 0.05, ""max_depth"": 1, ""n_estimators"": 100, ""n_train"": 4285, ""validation"": ""last purged expanding fold""}",decimal
2022-04-29,2022-06-02,22,10.0,0.024700000000000003,0.025041961167672846,0.0003419611676728426,PCA_XGBOOST,PCA,direct_change,"{""configurations_evaluated"": 3, ""learning_rate"": 0.05, ""max_depth"": 1, ""n_estimators"": 100, ""n_train"": 4285, ""validation"": ""last purged expanding fold""}",decimal
2022-04-29,2022-06-02,22,15.0,0.0273,0.027905610867138185,0.0006056108671381837,PCA_XGBOOST,PCA,direct_change,"{""configurations_evaluated"": 3, ""learning_rate"": 0.05, ""max_depth"": 1, ""n_estimators"": 100, ""n_train"": 4285, ""validation"": ""last purged expanding fold""}",decimal
2022-04-29,2022-06-02,22,20.0,0.0294,0.02893856754505692,-0.00046143245494307747,PCA_XGBOOST,PCA,direct_change,"{""configurations_evaluated"": 3, ""learning_rate"": 0.05, ""max_depth"": 1, ""n_estimators"": 100, ""n_train"": 4285, ""validation"": ""last purged expanding fold""}",decimal
2022-04-29,2022-06-02,22,30.0,0.0322,0.03322325548821542,0.0010232554882154202,PCA_XGBOOST,PCA,direct_change,"{""configurations_evaluated"": 3, ""learning_rate"": 0.05, ""max_depth"": 1, ""n_estimators"": 100, ""n_train"": 4285, ""validation"": ""last purged expanding fold""}",decimal
2022-05-31,2022-06-07,5,0.25,0.0161,0.016667266166987174,0.0005672661669871744,NS_XGBOOST,NS,direct_change,"{""configurations_evaluated"": 3, ""learning_rate"": 0.05, ""max_depth"": 1, ""n_estimators"": 100, ""n_train"": 4322, ""validation"": ""last purged expanding fold""}",decimal
2022-05-31,2022-06-07,5,0.5,0.0167,0.0169699014144295,0.0002699014144295006,NS_XGBOOST,NS,direct_change,"{""configurations_evaluated"": 3, ""learning_rate"": 0.05, ""max_depth"": 1, ""n_estimators"": 100, ""n_train"": 4322, ""validation"": ""last purged expanding fold""}",decimal
2022-05-31,2022-06-07,5,1.0,0.0177,0.017557740238253298,-0.00014225976174670266,NS_XGBOOST,NS,direct_change,"{""configurations_evaluated"": 3, ""learning_rate"": 0.05, ""max_depth"": 1, ""n_estimators"": 100, ""n_train"": 4322, ""validation"": ""last purged expanding fold""}",decimal
2022-05-31,2022-06-07,5,2.0,0.0197,0.018667142862103865,-0.0010328571378961336,NS_XGBOOST,NS,direct_change,"{""configurations_evaluated"": 3, ""learning_rate"": 0.05, ""max_depth"": 1, ""n_estimators"": 100, ""n_train"": 4322, ""validation"": ""last purged expanding fold""}",decimal
2022-05-31,2022-06-07,5,5.0,0.0235,0.02152888258936722,-0.001971117410632779,NS_XGBOOST,NS,direct_change,"{""configurations_evaluated"": 3, ""learning_rate"": 0.05, ""max_depth"": 1, ""n_estimators"": 100, ""n_train"": 4322, ""validation"": ""last purged expanding fold""}",decimal
2022-05-31,2022-06-07,5,10.0,0.024700000000000003,0.025087473411135583,0.00038747341113557973,NS_XGBOOST,NS,direct_change,"{""configurations_evaluated"": 3, ""learning_rate"": 0.05, ""max_depth"": 1, ""n_estimators"": 100, ""n_train"": 4322, ""validation"": ""last purged expanding fold""}",decimal
2022-05-31,2022-06-07,5,15.0,0.0277,0.027588197611381197,-0.00011180238861880146,NS_XGBOOST,NS,direct_change,"{""configurations_evaluated"": 3, ""learning_rate"": 0.05, ""max_depth"": 1, ""n_estimators"": 100, ""n_train"": 4322, ""validation"": ""last purged expanding fold""}",decimal
2022-05-31,2022-06-07,5,20.0,0.0294,0.02938420664950044,-1.5793350499559988e-05,NS_XGBOOST,NS,direct_change,"{""configurations_evaluated"": 3, ""learning_rate"": 0.05, ""max_depth"": 1, ""n_estimators"": 100, ""n_train"": 4322, ""validation"": ""last purged expanding fold""}",decimal
2022-05-31,2022-06-07,5,30.0,0.0322,0.03169350566005676,-0.0005064943399432364,NS_XGBOOST,NS,direct_change,"{""configurations_evaluated"": 3, ""learning_rate"": 0.05, ""max_depth"": 1, ""n_estimators"": 100, ""n_train"": 4322, ""validation"": ""last purged expanding fold""}",decimal
2022-05-31,2022-06-07,5,0.25,0.0161,0.016092670070028146,-7.329929971853361e-06,PCA_XGBOOST,PCA,direct_change,"{""configurations_evaluated"": 3, ""learning_rate"": 0.03, ""max_depth"": 2, ""n_estimators"": 180, ""n_train"": 4322, ""validation"": ""last purged expanding fold""}",decimal
2022-05-31,2022-06-07,5,0.5,0.0167,0.016534688408928626,-0.00016531159107137372,PCA_XGBOOST,PCA,direct_change,"{""configurations_evaluated"": 3, ""learning_rate"": 0.03, ""max_depth"": 2, ""n_estimators"": 180, ""n_train"": 4322, ""validation"": ""last purged expanding fold""}",decimal
2022-05-31,2022-06-07,5,1.0,0.0177,0.017564650366359465,-0.00013534963364053576,PCA_XGBOOST,PCA,direct_change,"{""configurations_evaluated"": 3, ""learning_rate"": 0.03, ""max_depth"": 2, ""n_estimators"": 180, ""n_train"": 4322, ""validation"": ""last purged expanding fold""}",decimal
2022-05-31,2022-06-07,5,2.0,0.0197,0.019265674240540216,-0.00043432575945978255,PCA_XGBOOST,PCA,direct_change,"{""configurations_evaluated"": 3, ""learning_rate"": 0.03, ""max_depth"": 2, ""n_estimators"": 180, ""n_train"": 4322, ""validation"": ""last purged expanding fold""}",decimal
2022-05-31,2022-06-07,5,5.0,0.0235,0.021619437403384387,-0.0018805625966156134,PCA_XGBOOST,PCA,direct_change,"{""configurations_evaluated"": 3, ""learning_rate"": 0.03, ""max_depth"": 2, ""n_estimators"": 180, ""n_train"": 4322, ""validation"": ""last purged expanding fold""}",decimal
2022-05-31,2022-06-07,5,10.0,0.024700000000000003,0.025153394360885227,0.0004533943608852238,PCA_XGBOOST,PCA,direct_change,"{""configurations_evaluated"": 3, ""learning_rate"": 0.03, ""max_depth"": 2, ""n_estimators"": 180, ""n_train"": 4322, ""validation"": ""last purged expanding fold""}",decimal
2022-05-31,2022-06-07,5,15.0,0.0277,0.02784584742139173,0.00014584742139173157,PCA_XGBOOST,PCA,direct_change,"{""configurations_evaluated"": 3, ""learning_rate"": 0.03, ""max_depth"": 2, ""n_estimators"": 180, ""n_train"": 4322, ""validation"": ""last purged expanding fold""}",decimal
2022-05-31,2022-06-07,5,20.0,0.0294,0.028565621629548545,-0.0008343783704514544,PCA_XGBOOST,PCA,direct_change,"{""configurations_evaluated"": 3, ""learning_rate"": 0.03, ""max_depth"": 2, ""n_estimators"": 180, ""n_train"": 4322, ""validation"": ""last purged expanding fold""}",decimal
2022-05-31,2022-06-07,5,30.0,0.0322,0.032622188668153154,0.00042218866815315476,PCA_XGBOOST,PCA,direct_change,"{""configurations_evaluated"": 3, ""learning_rate"": 0.03, ""max_depth"": 2, ""n_estimators"": 180, ""n_train"": 4322, ""validation"": ""last purged expanding fold""}",decimal
2022-05-31,2022-06-14,10,0.25,0.016200000000000003,0.01667030942147279,0.00047030942147278584,NS_XGBOOST,NS,direct_change,"{""configurations_evaluated"": 3, ""learning_rate"": 0.05, ""max_depth"": 1, ""n_estimators"": 100, ""n_train"": 4317, ""validation"": ""last purged expanding fold""}",decimal
2022-05-31,2022-06-14,10,0.5,0.0166,0.016973989917457084,0.0003739899174570842,NS_XGBOOST,NS,direct_change,"{""configurations_evaluated"": 3, ""learning_rate"": 0.05, ""max_depth"": 1, ""n_estimators"": 100, ""n_train"": 4317, ""validation"": ""last purged expanding fold""}",decimal
2022-05-31,2022-06-14,10,1.0,0.0176,0.01756370035307618,-3.629964692382012e-05,NS_XGBOOST,NS,direct_change,"{""configurations_evaluated"": 3, ""learning_rate"": 0.05, ""max_depth"": 1, ""n_estimators"": 100, ""n_train"": 4317, ""validation"": ""last purged expanding fold""}",decimal
2022-05-31,2022-06-14,10,2.0,0.019799999999999998,0.01867604885877328,-0.0011239511412267193,NS_XGBOOST,NS,direct_change,"{""configurations_evaluated"": 3, ""learning_rate"": 0.05, ""max_depth"": 1, ""n_estimators"": 100, ""n_train"": 4317, ""validation"": ""last purged expanding fold""}",decimal
2022-05-31,2022-06-14,10,5.0,0.022799999999999997,0.021541612249786506,-0.0012583877502134917,NS_XGBOOST,NS,direct_change,"{""configurations_evaluated"": 3, ""learning_rate"": 0.05, ""max_depth"": 1, ""n_estimators"": 100, ""n_train"": 4317, ""validation"": ""last purged expanding fold""}",decimal
2022-05-31,2022-06-14,10,10.0,0.0248,0.025096431354382193,0.0002964313543821935,NS_XGBOOST,NS,direct_change,"{""configurations_evaluated"": 3, ""learning_rate"": 0.05, ""max_depth"": 1, ""n_estimators"": 100, ""n_train"": 4317, ""validation"": ""last purged expanding fold""}",decimal
2022-05-31,2022-06-14,10,15.0,0.0279,0.02758793773238967,-0.00031206226761033157,NS_XGBOOST,NS,direct_change,"{""configurations_evaluated"": 3, ""learning_rate"": 0.05, ""max_depth"": 1, ""n_estimators"": 100, ""n_train"": 4317, ""validation"": ""last purged expanding fold""}",decimal
2022-05-31,2022-06-14,10,20.0,0.0294,0.0293734866772334,-2.6513322766600483e-05,NS_XGBOOST,NS,direct_change,"{""configurations_evaluated"": 3, ""learning_rate"": 0.05, ""max_depth"": 1, ""n_estimators"": 100, ""n_train"": 4317, ""validation"": ""last purged expanding fold""}",decimal
2022-05-31,2022-06-14,10,30.0,0.0322,0.031664122585588525,-0.0005358774144114745,NS_XGBOOST,NS,direct_change,"{""configurations_evaluated"": 3, ""learning_rate"": 0.05, ""max_depth"": 1, ""n_estimators"": 100, ""n_train"": 4317, ""validation"": ""last purged expanding fold""}",decimal
2022-05-31,2022-06-14,10,0.25,0.016200000000000003,0.016116679206659587,-8.33207933404155e-05,PCA_XGBOOST,PCA,direct_change,"{""configurations_evaluated"": 3, ""learning_rate"": 0.05, ""max_depth"": 1, ""n_estimators"": 100, ""n_train"": 4317, ""validation"": ""last purged expanding fold""}",decimal
2022-05-31,2022-06-14,10,0.5,0.0166,0.01655402497160556,-4.597502839443976e-05,PCA_XGBOOST,PCA,direct_change,"{""configurations_evaluated"": 3, ""learning_rate"": 0.05, ""max_depth"": 1, ""n_estimators"": 100, ""n_train"": 4317, ""validation"": ""last purged expanding fold""}",decimal
2022-05-31,2022-06-14,10,1.0,0.0176,0.017576104779228406,-2.389522077159492e-05,PCA_XGBOOST,PCA,direct_change,"{""configurations_evaluated"": 3, ""learning_rate"": 0.05, ""max_depth"": 1, ""n_estimators"": 100, ""n_train"": 4317, ""validation"": ""last purged expanding fold""}",decimal
2022-05-31,2022-06-14,10,2.0,0.019799999999999998,0.019266501909247554,-0.0005334980907524441,PCA_XGBOOST,PCA,direct_change,"{""configurations_evaluated"": 3, ""learning_rate"": 0.05, ""max_depth"": 1, ""n_estimators"": 100, ""n_train"": 4317, ""validation"": ""last purged expanding fold""}",decimal
2022-05-31,2022-06-14,10,5.0,0.022799999999999997,0.021608938103735507,-0.00119106189626449,PCA_XGBOOST,PCA,direct_change,"{""configurations_evaluated"": 3, ""learning_rate"": 0.05, ""max_depth"": 1, ""n_estimators"": 100, ""n_train"": 4317, ""validation"": ""last purged expanding fold""}",decimal
2022-05-31,2022-06-14,10,10.0,0.0248,0.025132828245052766,0.00033282824505276656,PCA_XGBOOST,PCA,direct_change,"{""configurations_evaluated"": 3, ""learning_rate"": 0.05, ""max_depth"": 1, ""n_estimators"": 100, ""n_train"": 4317, ""validation"": ""last purged expanding fold""}",decimal
2022-05-31,2022-06-14,10,15.0,0.0279,0.027825039889167506,-7.496011083249488e-05,PCA_XGBOOST,PCA,direct_change,"{""configurations_evaluated"": 3, ""learning_rate"": 0.05, ""max_depth"": 1, ""n_estimators"": 100, ""n_train"": 4317, ""validation"": ""last purged expanding fold""}",decimal
2022-05-31,2022-06-14,10,20.0,0.0294,0.0285684735708896,-0.0008315264291103991,PCA_XGBOOST,PCA,direct_change,"{""configurations_evaluated"": 3, ""learning_rate"": 0.05, ""max_depth"": 1, ""n_estimators"": 100, ""n_train"": 4317, ""validation"": ""last purged expanding fold""}",decimal
2022-05-31,2022-06-14,10,30.0,0.0322,0.03264905807528149,0.00044905807528149155,PCA_XGBOOST,PCA,direct_change,"{""configurations_evaluated"": 3, ""learning_rate"": 0.05, ""max_depth"": 1, ""n_estimators"": 100, ""n_train"": 4317, ""validation"": ""last purged expanding fold""}",decimal
2022-05-31,2022-07-07,22,0.25,0.0162988888888888,0.016624345523483634,0.0003254566345948333,NS_XGBOOST,NS,direct_change,"{""configurations_evaluated"": 3, ""learning_rate"": 0.05, ""max_depth"": 1, ""n_estimators"": 100, ""n_train"": 4305, ""validation"": ""last purged expanding fold""}",decimal
2022-05-31,2022-07-07,22,0.5,0.0168943452380952,0.016928888122319356,3.454288422415422e-05,NS_XGBOOST,NS,direct_change,"{""configurations_evaluated"": 3, ""learning_rate"": 0.05, ""max_depth"": 1, ""n_estimators"": 100, ""n_train"": 4305, ""validation"": ""last purged expanding fold""}",decimal
2022-05-31,2022-07-07,22,1.0,0.0179300797929946,0.01752014789451841,-0.0004099318984761881,NS_XGBOOST,NS,direct_change,"{""configurations_evaluated"": 3, ""learning_rate"": 0.05, ""max_depth"": 1, ""n_estimators"": 100, ""n_train"": 4305, ""validation"": ""last purged expanding fold""}",decimal
2022-05-31,2022-07-07,22,2.0,0.019838,0.0186349577287733,-0.0012030422712267022,NS_XGBOOST,NS,direct_change,"{""configurations_evaluated"": 3, ""learning_rate"": 0.05, ""max_depth"": 1, ""n_estimators"": 100, ""n_train"": 4305, ""validation"": ""last purged expanding fold""}",decimal
2022-05-31,2022-07-07,22,5.0,0.0224771264367816,0.02150389111772704,-0.0009732353190545599,NS_XGBOOST,NS,direct_change,"{""configurations_evaluated"": 3, ""learning_rate"": 0.05, ""max_depth"": 1, ""n_estimators"": 100, ""n_train"": 4305, ""validation"": ""last purged expanding fold""}",decimal
2022-05-31,2022-07-07,22,10.0,0.024836190476190404,0.025056172684745446,0.0002199822085550418,NS_XGBOOST,NS,direct_change,"{""configurations_evaluated"": 3, ""learning_rate"": 0.05, ""max_depth"": 1, ""n_estimators"": 100, ""n_train"": 4305, ""validation"": ""last purged expanding fold""}",decimal
2022-05-31,2022-07-07,22,15.0,0.027926938775510203,0.027540713648247627,-0.00038622512726257593,NS_XGBOOST,NS,direct_change,"{""configurations_evaluated"": 3, ""learning_rate"": 0.05, ""max_depth"": 1, ""n_estimators"": 100, ""n_train"": 4305, ""validation"": ""last purged expanding fold""}",decimal
2022-05-31,2022-07-07,22,20.0,0.0299248956884561,0.029318230040599528,-0.0006066656478565732,NS_XGBOOST,NS,direct_change,"{""configurations_evaluated"": 3, ""learning_rate"": 0.05, ""max_depth"": 1, ""n_estimators"": 100, ""n_train"": 4305, ""validation"": ""last purged expanding fold""}",decimal
2022-05-31,2022-07-07,22,30.0,0.0331,0.03159442375907682,-0.0015055762409231788,NS_XGBOOST,NS,direct_change,"{""configurations_evaluated"": 3, ""learning_rate"": 0.05, ""max_depth"": 1, ""n_estimators"": 100, ""n_train"": 4305, ""validation"": ""last purged expanding fold""}",decimal
2022-05-31,2022-07-07,22,0.25,0.0162988888888888,0.016201610327205532,-9.72785616832686e-05,PCA_XGBOOST,PCA,direct_change,"{""configurations_evaluated"": 3, ""learning_rate"": 0.05, ""max_depth"": 1, ""n_estimators"": 100, ""n_train"": 4305, ""validation"": ""last purged expanding fold""}",decimal
2022-05-31,2022-07-07,22,0.5,0.0168943452380952,0.01663448390095608,-0.0002598613371391223,PCA_XGBOOST,PCA,direct_change,"{""configurations_evaluated"": 3, ""learning_rate"": 0.05, ""max_depth"": 1, ""n_estimators"": 100, ""n_train"": 4305, ""validation"": ""last purged expanding fold""}",decimal
2022-05-31,2022-07-07,22,1.0,0.0179300797929946,0.017647377903554966,-0.00028270188943963284,PCA_XGBOOST,PCA,direct_change,"{""configurations_evaluated"": 3, ""learning_rate"": 0.05, ""max_depth"": 1, ""n_estimators"": 100, ""n_train"": 4305, ""validation"": ""last purged expanding fold""}",decimal
2022-05-31,2022-07-07,22,2.0,0.019838,0.019325059364819035,-0.0005129406351809668,PCA_XGBOOST,PCA,direct_change,"{""configurations_evaluated"": 3, ""learning_rate"": 0.05, ""max_depth"": 1, ""n_estimators"": 100, ""n_train"": 4305, ""validation"": ""last purged expanding fold""}",decimal
2022-05-31,2022-07-07,22,5.0,0.0224771264367816,0.021645868949099423,-0.0008312574876821778,PCA_XGBOOST,PCA,direct_change,"{""configurations_evaluated"": 3, ""learning_rate"": 0.05, ""max_depth"": 1, ""n_estimators"": 100, ""n_train"": 4305, ""validation"": ""last purged expanding fold""}",decimal
2022-05-31,2022-07-07,22,10.0,0.024836190476190404,0.025147866728640902,0.0003116762524504983,PCA_XGBOOST,PCA,direct_change,"{""configurations_evaluated"": 3, ""learning_rate"": 0.05, ""max_depth"": 1, ""n_estimators"": 100, ""n_train"": 4305, ""validation"": ""last purged expanding fold""}",decimal
2022-05-31,2022-07-07,22,15.0,0.027926938775510203,0.02783030869563983,-9.663007987037453e-05,PCA_XGBOOST,PCA,direct_change,"{""configurations_evaluated"": 3, ""learning_rate"": 0.05, ""max_depth"": 1, ""n_estimators"": 100, ""n_train"": 4305, ""validation"": ""last purged expanding fold""}",decimal
2022-05-31,2022-07-07,22,20.0,0.0299248956884561,0.028581057346354452,-0.001343838342101649,PCA_XGBOOST,PCA,direct_change,"{""configurations_evaluated"": 3, ""learning_rate"": 0.05, ""max_depth"": 1, ""n_estimators"": 100, ""n_train"": 4305, ""validation"": ""last purged expanding fold""}",decimal
2022-05-31,2022-07-07,22,30.0,0.0331,0.032672638566960545,-0.0004273614330394526,PCA_XGBOOST,PCA,direct_change,"{""configurations_evaluated"": 3, ""learning_rate"": 0.05, ""max_depth"": 1, ""n_estimators"": 100, ""n_train"": 4305, ""validation"": ""last purged expanding fold""}",decimal
2022-06-24,2022-07-08,5,0.25,0.0162403448275862,0.017234189343344718,0.0009938445157585164,NS_XGBOOST,NS,direct_change,"{""configurations_evaluated"": 3, ""learning_rate"": 0.05, ""max_depth"": 1, ""n_estimators"": 100, ""n_train"": 4340, ""validation"": ""last purged expanding fold""}",decimal
2022-06-24,2022-07-08,5,0.5,0.0169108496732026,0.01753650613752613,0.0006256564643235298,NS_XGBOOST,NS,direct_change,"{""configurations_evaluated"": 3, ""learning_rate"": 0.05, ""max_depth"": 1, ""n_estimators"": 100, ""n_train"": 4340, ""validation"": ""last purged expanding fold""}",decimal
2022-06-24,2022-07-08,5,1.0,0.0180053457148906,0.01812387191626754,0.00011852620137694017,NS_XGBOOST,NS,direct_change,"{""configurations_evaluated"": 3, ""learning_rate"": 0.05, ""max_depth"": 1, ""n_estimators"": 100, ""n_train"": 4340, ""validation"": ""last purged expanding fold""}",decimal
2022-06-24,2022-07-08,5,2.0,0.0199094505494505,0.019232919482691423,-0.0006765310667590785,NS_XGBOOST,NS,direct_change,"{""configurations_evaluated"": 3, ""learning_rate"": 0.05, ""max_depth"": 1, ""n_estimators"": 100, ""n_train"": 4340, ""validation"": ""last purged expanding fold""}",decimal
2022-06-24,2022-07-08,5,5.0,0.0233625130890052,0.022097205538291097,-0.001265307550714103,NS_XGBOOST,NS,direct_change,"{""configurations_evaluated"": 3, ""learning_rate"": 0.05, ""max_depth"": 1, ""n_estimators"": 100, ""n_train"": 4340, ""validation"": ""last purged expanding fold""}",decimal
2022-06-24,2022-07-08,5,10.0,0.0256847711511789,0.025666782023727942,-1.7989127450959014e-05,NS_XGBOOST,NS,direct_change,"{""configurations_evaluated"": 3, ""learning_rate"": 0.05, ""max_depth"": 1, ""n_estimators"": 100, ""n_train"": 4340, ""validation"": ""last purged expanding fold""}",decimal
2022-06-24,2022-07-08,5,15.0,0.0278492857142857,0.02818124880570419,0.00033196309141848845,NS_XGBOOST,NS,direct_change,"{""configurations_evaluated"": 3, ""learning_rate"": 0.05, ""max_depth"": 1, ""n_estimators"": 100, ""n_train"": 4340, ""validation"": ""last purged expanding fold""}",decimal
2022-06-24,2022-07-08,5,20.0,0.0296411528822055,0.029990649121898687,0.00034949623969318666,NS_XGBOOST,NS,direct_change,"{""configurations_evaluated"": 3, ""learning_rate"": 0.05, ""max_depth"": 1, ""n_estimators"": 100, ""n_train"": 4340, ""validation"": ""last purged expanding fold""}",decimal
2022-06-24,2022-07-08,5,30.0,0.0331,0.032321947727922684,-0.0007780522720773134,NS_XGBOOST,NS,direct_change,"{""configurations_evaluated"": 3, ""learning_rate"": 0.05, ""max_depth"": 1, ""n_estimators"": 100, ""n_train"": 4340, ""validation"": ""last purged expanding fold""}",decimal
2022-06-24,2022-07-08,5,0.25,0.0162403448275862,0.016674516763180408,0.00043417193559420683,PCA_XGBOOST,PCA,direct_change,"{""configurations_evaluated"": 3, ""learning_rate"": 0.03, ""max_depth"": 2, ""n_estimators"": 180, ""n_train"": 4340, ""validation"": ""last purged expanding fold""}",decimal
2022-06-24,2022-07-08,5,0.5,0.0169108496732026,0.017116382482287126,0.0002055328090845264,PCA_XGBOOST,PCA,direct_change,"{""configurations_evaluated"": 3, ""learning_rate"": 0.03, ""max_depth"": 2, ""n_estimators"": 180, ""n_train"": 4340, ""validation"": ""last purged expanding fold""}",decimal
2022-06-24,2022-07-08,5,1.0,0.0180053457148906,0.018119965366988445,0.0001146196520978443,PCA_XGBOOST,PCA,direct_change,"{""configurations_evaluated"": 3, ""learning_rate"": 0.03, ""max_depth"": 2, ""n_estimators"": 180, ""n_train"": 4340, ""validation"": ""last purged expanding fold""}",decimal
2022-06-24,2022-07-08,5,2.0,0.0199094505494505,0.019815202753637313,-9.424779581318835e-05,PCA_XGBOOST,PCA,direct_change,"{""configurations_evaluated"": 3, ""learning_rate"": 0.03, ""max_depth"": 2, ""n_estimators"": 180, ""n_train"": 4340, ""validation"": ""last purged expanding fold""}",decimal
2022-06-24,2022-07-08,5,5.0,0.0233625130890052,0.022218281746854487,-0.001144231342150713,PCA_XGBOOST,PCA,direct_change,"{""configurations_evaluated"": 3, ""learning_rate"": 0.03, ""max_depth"": 2, ""n_estimators"": 180, ""n_train"": 4340, ""validation"": ""last purged expanding fold""}",decimal
2022-06-24,2022-07-08,5,10.0,0.0256847711511789,0.025742345877076515,5.757472589761406e-05,PCA_XGBOOST,PCA,direct_change,"{""configurations_evaluated"": 3, ""learning_rate"": 0.03, ""max_depth"": 2, ""n_estimators"": 180, ""n_train"": 4340, ""validation"": ""last purged expanding fold""}",decimal
2022-06-24,2022-07-08,5,15.0,0.0278492857142857,0.028487221813543323,0.0006379360992576216,PCA_XGBOOST,PCA,direct_change,"{""configurations_evaluated"": 3, ""learning_rate"": 0.03, ""max_depth"": 2, ""n_estimators"": 180, ""n_train"": 4340, ""validation"": ""last purged expanding fold""}",decimal
2022-06-24,2022-07-08,5,20.0,0.0296411528822055,0.029405172021773812,-0.00023598086043168792,PCA_XGBOOST,PCA,direct_change,"{""configurations_evaluated"": 3, ""learning_rate"": 0.03, ""max_depth"": 2, ""n_estimators"": 180, ""n_train"": 4340, ""validation"": ""last purged expanding fold""}",decimal
2022-06-24,2022-07-08,5,30.0,0.0331,0.03339177495848874,0.00029177495848874135,PCA_XGBOOST,PCA,direct_change,"{""configurations_evaluated"": 3, ""learning_rate"": 0.03, ""max_depth"": 2, ""n_estimators"": 180, ""n_train"": 4340, ""validation"": ""last purged expanding fold""}",decimal
2022-06-24,2022-07-18,10,0.25,0.0165833333333333,0.017260447742757437,0.0006771144094241364,NS_XGBOOST,NS,direct_change,"{""configurations_evaluated"": 3, ""learning_rate"": 0.05, ""max_depth"": 1, ""n_estimators"": 100, ""n_train"": 4335, ""validation"": ""last purged expanding fold""}",decimal
2022-06-24,2022-07-18,10,0.5,0.0175764285714285,0.01756514076713072,-1.1287804297779869e-05,NS_XGBOOST,NS,direct_change,"{""configurations_evaluated"": 3, ""learning_rate"": 0.05, ""max_depth"": 1, ""n_estimators"": 100, ""n_train"": 4335, ""validation"": ""last purged expanding fold""}",decimal
2022-06-24,2022-07-18,10,1.0,0.0185806562755937,0.01815686250499722,-0.00042379377059648116,NS_XGBOOST,NS,direct_change,"{""configurations_evaluated"": 3, ""learning_rate"": 0.05, ""max_depth"": 1, ""n_estimators"": 100, ""n_train"": 4335, ""validation"": ""last purged expanding fold""}",decimal
2022-06-24,2022-07-18,10,2.0,0.020990384615384602,0.019273171530464792,-0.0017172130849198095,NS_XGBOOST,NS,direct_change,"{""configurations_evaluated"": 3, ""learning_rate"": 0.05, ""max_depth"": 1, ""n_estimators"": 100, ""n_train"": 4335, ""validation"": ""last purged expanding fold""}",decimal
2022-06-24,2022-07-18,10,5.0,0.0226948009367681,0.02215001154993183,-0.0005447893868362717,NS_XGBOOST,NS,direct_change,"{""configurations_evaluated"": 3, ""learning_rate"": 0.05, ""max_depth"": 1, ""n_estimators"": 100, ""n_train"": 4335, ""validation"": ""last purged expanding fold""}",decimal
2022-06-24,2022-07-18,10,10.0,0.0247750457516339,0.025721247954955527,0.000946202203321627,NS_XGBOOST,NS,direct_change,"{""configurations_evaluated"": 3, ""learning_rate"": 0.05, ""max_depth"": 1, ""n_estimators"": 100, ""n_train"": 4335, ""validation"": ""last purged expanding fold""}",decimal
2022-06-24,2022-07-18,10,15.0,0.028003202614379,0.02822613574285198,0.00022293312847298033,NS_XGBOOST,NS,direct_change,"{""configurations_evaluated"": 3, ""learning_rate"": 0.05, ""max_depth"": 1, ""n_estimators"": 100, ""n_train"": 4335, ""validation"": ""last purged expanding fold""}",decimal
2022-06-24,2022-07-18,10,20.0,0.0298549109627156,0.030022373629997542,0.00016746266728194167,NS_XGBOOST,NS,direct_change,"{""configurations_evaluated"": 3, ""learning_rate"": 0.05, ""max_depth"": 1, ""n_estimators"": 100, ""n_train"": 4335, ""validation"": ""last purged expanding fold""}",decimal
2022-06-24,2022-07-18,10,30.0,0.0331,0.03232821760782725,-0.0007717823921727443,NS_XGBOOST,NS,direct_change,"{""configurations_evaluated"": 3, ""learning_rate"": 0.05, ""max_depth"": 1, ""n_estimators"": 100, ""n_train"": 4335, ""validation"": ""last purged expanding fold""}",decimal
2022-06-24,2022-07-18,10,0.25,0.0165833333333333,0.016704614530386193,0.00012128119705289223,PCA_XGBOOST,PCA,direct_change,"{""configurations_evaluated"": 3, ""learning_rate"": 0.05, ""max_depth"": 1, ""n_estimators"": 100, ""n_train"": 4335, ""validation"": ""last purged expanding fold""}",decimal
2022-06-24,2022-07-18,10,0.5,0.0175764285714285,0.017142458149764214,-0.0004339704216642856,PCA_XGBOOST,PCA,direct_change,"{""configurations_evaluated"": 3, ""learning_rate"": 0.05, ""max_depth"": 1, ""n_estimators"": 100, ""n_train"": 4335, ""validation"": ""last purged expanding fold""}",decimal
2022-06-24,2022-07-18,10,1.0,0.0185806562755937,0.0181394266829365,-0.0004412295926572024,PCA_XGBOOST,PCA,direct_change,"{""configurations_evaluated"": 3, ""learning_rate"": 0.05, ""max_depth"": 1, ""n_estimators"": 100, ""n_train"": 4335, ""validation"": ""last purged expanding fold""}",decimal
2022-06-24,2022-07-18,10,2.0,0.020990384615384602,0.01982591107572146,-0.0011644735396631432,PCA_XGBOOST,PCA,direct_change,"{""configurations_evaluated"": 3, ""learning_rate"": 0.05, ""max_depth"": 1, ""n_estimators"": 100, ""n_train"": 4335, ""validation"": ""last purged expanding fold""}",decimal
2022-06-24,2022-07-18,10,5.0,0.0226948009367681,0.02222347977591972,-0.00047132116084838,PCA_XGBOOST,PCA,direct_change,"{""configurations_evaluated"": 3, ""learning_rate"": 0.05, ""max_depth"": 1, ""n_estimators"": 100, ""n_train"": 4335, ""validation"": ""last purged expanding fold""}",decimal
2022-06-24,2022-07-18,10,10.0,0.0247750457516339,0.025743182679345826,0.000968136927711926,PCA_XGBOOST,PCA,direct_change,"{""configurations_evaluated"": 3, ""learning_rate"": 0.05, ""max_depth"": 1, ""n_estimators"": 100, ""n_train"": 4335, ""validation"": ""last purged expanding fold""}",decimal
2022-06-24,2022-07-18,10,15.0,0.028003202614379,0.028491669395801354,0.0004884667814223538,PCA_XGBOOST,PCA,direct_change,"{""configurations_evaluated"": 3, ""learning_rate"": 0.05, ""max_depth"": 1, ""n_estimators"": 100, ""n_train"": 4335, ""validation"": ""last purged expanding fold""}",decimal
2022-06-24,2022-07-18,10,20.0,0.0298549109627156,0.029437382756497835,-0.00041752820621776543,PCA_XGBOOST,PCA,direct_change,"{""configurations_evaluated"": 3, ""learning_rate"": 0.05, ""max_depth"": 1, ""n_estimators"": 100, ""n_train"": 4335, ""validation"": ""last purged expanding fold""}",decimal
2022-06-24,2022-07-18,10,30.0,0.0331,0.03344365701282324,0.0003436570128232397,PCA_XGBOOST,PCA,direct_change,"{""configurations_evaluated"": 3, ""learning_rate"": 0.05, ""max_depth"": 1, ""n_estimators"": 100, ""n_train"": 4335, ""validation"": ""last purged expanding fold""}",decimal
2022-06-24,2022-08-03,22,0.25,0.0171,0.017256440894030448,0.00015644089403044764,NS_XGBOOST,NS,direct_change,"{""configurations_evaluated"": 3, ""learning_rate"": 0.05, ""max_depth"": 1, ""n_estimators"": 100, ""n_train"": 4323, ""validation"": ""last purged expanding fold""}",decimal
2022-06-24,2022-08-03,22,0.5,0.0176,0.017562612554111047,-3.738744588895407e-05,NS_XGBOOST,NS,direct_change,"{""configurations_evaluated"": 3, ""learning_rate"": 0.05, ""max_depth"": 1, ""n_estimators"": 100, ""n_train"": 4323, ""validation"": ""last purged expanding fold""}",decimal
2022-06-24,2022-08-03,22,1.0,0.0194,0.018157027197493895,-0.0012429728025061051,NS_XGBOOST,NS,direct_change,"{""configurations_evaluated"": 3, ""learning_rate"": 0.05, ""max_depth"": 1, ""n_estimators"": 100, ""n_train"": 4323, ""validation"": ""last purged expanding fold""}",decimal
2022-06-24,2022-08-03,22,2.0,0.021099999999999997,0.019277756282668576,-0.0018222437173314211,NS_XGBOOST,NS,direct_change,"{""configurations_evaluated"": 3, ""learning_rate"": 0.05, ""max_depth"": 1, ""n_estimators"": 100, ""n_train"": 4323, ""validation"": ""last purged expanding fold""}",decimal
2022-06-24,2022-08-03,22,5.0,0.0222,0.02216173449412801,-3.8265505871989264e-05,NS_XGBOOST,NS,direct_change,"{""configurations_evaluated"": 3, ""learning_rate"": 0.05, ""max_depth"": 1, ""n_estimators"": 100, ""n_train"": 4323, ""validation"": ""last purged expanding fold""}",decimal
2022-06-24,2022-08-03,22,10.0,0.025099999999999997,0.025732218322593405,0.0006322183225934072,NS_XGBOOST,NS,direct_change,"{""configurations_evaluated"": 3, ""learning_rate"": 0.05, ""max_depth"": 1, ""n_estimators"": 100, ""n_train"": 4323, ""validation"": ""last purged expanding fold""}",decimal
2022-06-24,2022-08-03,22,15.0,0.028000000000000004,0.028229160751738473,0.00022916075173846917,NS_XGBOOST,NS,direct_change,"{""configurations_evaluated"": 3, ""learning_rate"": 0.05, ""max_depth"": 1, ""n_estimators"": 100, ""n_train"": 4323, ""validation"": ""last purged expanding fold""}",decimal
2022-06-24,2022-08-03,22,20.0,0.0297,0.03001535591439411,0.00031535591439410884,NS_XGBOOST,NS,direct_change,"{""configurations_evaluated"": 3, ""learning_rate"": 0.05, ""max_depth"": 1, ""n_estimators"": 100, ""n_train"": 4323, ""validation"": ""last purged expanding fold""}",decimal
2022-06-24,2022-08-03,22,30.0,0.0331,0.03230239931183899,-0.0007976006881610098,NS_XGBOOST,NS,direct_change,"{""configurations_evaluated"": 3, ""learning_rate"": 0.05, ""max_depth"": 1, ""n_estimators"": 100, ""n_train"": 4323, ""validation"": ""last purged expanding fold""}",decimal
2022-06-24,2022-08-03,22,0.25,0.0171,0.016757868361405307,-0.0003421316385946935,PCA_XGBOOST,PCA,direct_change,"{""configurations_evaluated"": 3, ""learning_rate"": 0.05, ""max_depth"": 1, ""n_estimators"": 100, ""n_train"": 4323, ""validation"": ""last purged expanding fold""}",decimal
2022-06-24,2022-08-03,22,0.5,0.0176,0.017190989975134886,-0.00040901002486511476,PCA_XGBOOST,PCA,direct_change,"{""configurations_evaluated"": 3, ""learning_rate"": 0.05, ""max_depth"": 1, ""n_estimators"": 100, ""n_train"": 4323, ""validation"": ""last purged expanding fold""}",decimal
2022-06-24,2022-08-03,22,1.0,0.0194,0.018179247892404986,-0.0012207521075950148,PCA_XGBOOST,PCA,direct_change,"{""configurations_evaluated"": 3, ""learning_rate"": 0.05, ""max_depth"": 1, ""n_estimators"": 100, ""n_train"": 4323, ""validation"": ""last purged expanding fold""}",decimal
2022-06-24,2022-08-03,22,2.0,0.021099999999999997,0.019853620184645517,-0.0012463798153544807,PCA_XGBOOST,PCA,direct_change,"{""configurations_evaluated"": 3, ""learning_rate"": 0.05, ""max_depth"": 1, ""n_estimators"": 100, ""n_train"": 4323, ""validation"": ""last purged expanding fold""}",decimal
2022-06-24,2022-08-03,22,5.0,0.0222,0.022233253527080547,3.3253527080546325e-05,PCA_XGBOOST,PCA,direct_change,"{""configurations_evaluated"": 3, ""learning_rate"": 0.05, ""max_depth"": 1, ""n_estimators"": 100, ""n_train"": 4323, ""validation"": ""last purged expanding fold""}",decimal
2022-06-24,2022-08-03,22,10.0,0.025099999999999997,0.025735849721952246,0.0006358497219522488,PCA_XGBOOST,PCA,direct_change,"{""configurations_evaluated"": 3, ""learning_rate"": 0.05, ""max_depth"": 1, ""n_estimators"": 100, ""n_train"": 4323, ""validation"": ""last purged expanding fold""}",decimal
2022-06-24,2022-08-03,22,15.0,0.028000000000000004,0.028478302225611547,0.00047830222561154323,PCA_XGBOOST,PCA,direct_change,"{""configurations_evaluated"": 3, ""learning_rate"": 0.05, ""max_depth"": 1, ""n_estimators"": 100, ""n_train"": 4323, ""validation"": ""last purged expanding fold""}",decimal
2022-06-24,2022-08-03,22,20.0,0.0297,0.0294378077266585,-0.0002621922733415001,PCA_XGBOOST,PCA,direct_change,"{""configurations_evaluated"": 3, ""learning_rate"": 0.05, ""max_depth"": 1, ""n_estimators"": 100, ""n_train"": 4323, ""validation"": ""last purged expanding fold""}",decimal
2022-06-24,2022-08-03,22,30.0,0.0331,0.033462452743188625,0.0003624527431886279,PCA_XGBOOST,PCA,direct_change,"{""configurations_evaluated"": 3, ""learning_rate"": 0.05, ""max_depth"": 1, ""n_estimators"": 100, ""n_train"": 4323, ""validation"": ""last purged expanding fold""}",decimal
2022-07-29,2022-08-05,5,0.25,0.017127027027027,0.017817388740658167,0.000690361713631165,NS_XGBOOST,NS,direct_change,"{""configurations_evaluated"": 3, ""learning_rate"": 0.05, ""max_depth"": 1, ""n_estimators"": 100, ""n_train"": 4359, ""validation"": ""last purged expanding fold""}",decimal
2022-07-29,2022-08-05,5,0.5,0.018192857142857104,0.0180735536320166,-0.000119303510840503,NS_XGBOOST,NS,direct_change,"{""configurations_evaluated"": 3, ""learning_rate"": 0.05, ""max_depth"": 1, ""n_estimators"": 100, ""n_train"": 4359, ""validation"": ""last purged expanding fold""}",decimal
2022-07-29,2022-08-05,5,1.0,0.0193190410313793,0.01857499152698865,-0.0007440495043906509,NS_XGBOOST,NS,direct_change,"{""configurations_evaluated"": 3, ""learning_rate"": 0.05, ""max_depth"": 1, ""n_estimators"": 100, ""n_train"": 4359, ""validation"": ""last purged expanding fold""}",decimal
2022-07-29,2022-08-05,5,2.0,0.0208140293040293,0.01953560785336017,-0.0012784214506691288,NS_XGBOOST,NS,direct_change,"{""configurations_evaluated"": 3, ""learning_rate"": 0.05, ""max_depth"": 1, ""n_estimators"": 100, ""n_train"": 4359, ""validation"": ""last purged expanding fold""}",decimal
2022-07-29,2022-08-05,5,5.0,0.0222641626794258,0.022105460445289146,-0.00015870223413665466,NS_XGBOOST,NS,direct_change,"{""configurations_evaluated"": 3, ""learning_rate"": 0.05, ""max_depth"": 1, ""n_estimators"": 100, ""n_train"": 4359, ""validation"": ""last purged expanding fold""}",decimal
2022-07-29,2022-08-05,5,10.0,0.025093009575923298,0.025508667853561096,0.0004156582776377975,NS_XGBOOST,NS,direct_change,"{""configurations_evaluated"": 3, ""learning_rate"": 0.05, ""max_depth"": 1, ""n_estimators"": 100, ""n_train"": 4359, ""validation"": ""last purged expanding fold""}",decimal
2022-07-29,2022-08-05,5,15.0,0.028049488859763997,0.028060083719614767,1.0594859850769633e-05,NS_XGBOOST,NS,direct_change,"{""configurations_evaluated"": 3, ""learning_rate"": 0.05, ""max_depth"": 1, ""n_estimators"": 100, ""n_train"": 4359, ""validation"": ""last purged expanding fold""}",decimal
2022-07-29,2022-08-05,5,20.0,0.0297371557669441,0.029985982951417415,0.00024882718447331517,NS_XGBOOST,NS,direct_change,"{""configurations_evaluated"": 3, ""learning_rate"": 0.05, ""max_depth"": 1, ""n_estimators"": 100, ""n_train"": 4359, ""validation"": ""last purged expanding fold""}",decimal
2022-07-29,2022-08-05,5,30.0,0.0331,0.032589220386412536,-0.0005107796135874615,NS_XGBOOST,NS,direct_change,"{""configurations_evaluated"": 3, ""learning_rate"": 0.05, ""max_depth"": 1, ""n_estimators"": 100, ""n_train"": 4359, ""validation"": ""last purged expanding fold""}",decimal
2022-07-29,2022-08-05,5,0.25,0.017127027027027,0.01731419544897328,0.00018716842194627797,PCA_XGBOOST,PCA,direct_change,"{""configurations_evaluated"": 3, ""learning_rate"": 0.03, ""max_depth"": 2, ""n_estimators"": 180, ""n_train"": 4359, ""validation"": ""last purged expanding fold""}",decimal
2022-07-29,2022-08-05,5,0.5,0.018192857142857104,0.017712350970301084,-0.00048050617255602016,PCA_XGBOOST,PCA,direct_change,"{""configurations_evaluated"": 3, ""learning_rate"": 0.03, ""max_depth"": 2, ""n_estimators"": 180, ""n_train"": 4359, ""validation"": ""last purged expanding fold""}",decimal
2022-07-29,2022-08-05,5,1.0,0.0193190410313793,0.01861508909919611,-0.0007039519321831895,PCA_XGBOOST,PCA,direct_change,"{""configurations_evaluated"": 3, ""learning_rate"": 0.03, ""max_depth"": 2, ""n_estimators"": 180, ""n_train"": 4359, ""validation"": ""last purged expanding fold""}",decimal
2022-07-29,2022-08-05,5,2.0,0.0208140293040293,0.02017195491819472,-0.000642074385834579,PCA_XGBOOST,PCA,direct_change,"{""configurations_evaluated"": 3, ""learning_rate"": 0.03, ""max_depth"": 2, ""n_estimators"": 180, ""n_train"": 4359, ""validation"": ""last purged expanding fold""}",decimal
2022-07-29,2022-08-05,5,5.0,0.0222641626794258,0.022336205323755923,7.204264433012184e-05,PCA_XGBOOST,PCA,direct_change,"{""configurations_evaluated"": 3, ""learning_rate"": 0.03, ""max_depth"": 2, ""n_estimators"": 180, ""n_train"": 4359, ""validation"": ""last purged expanding fold""}",decimal
2022-07-29,2022-08-05,5,10.0,0.025093009575923298,0.025600352883713085,0.0005073433077897871,PCA_XGBOOST,PCA,direct_change,"{""configurations_evaluated"": 3, ""learning_rate"": 0.03, ""max_depth"": 2, ""n_estimators"": 180, ""n_train"": 4359, ""validation"": ""last purged expanding fold""}",decimal
2022-07-29,2022-08-05,5,15.0,0.028049488859763997,0.028234357655268005,0.00018486879550400764,PCA_XGBOOST,PCA,direct_change,"{""configurations_evaluated"": 3, ""learning_rate"": 0.03, ""max_depth"": 2, ""n_estimators"": 180, ""n_train"": 4359, ""validation"": ""last purged expanding fold""}",decimal
2022-07-29,2022-08-05,5,20.0,0.0297371557669441,0.0292649643567069,-0.00047219141023719866,PCA_XGBOOST,PCA,direct_change,"{""configurations_evaluated"": 3, ""learning_rate"": 0.03, ""max_depth"": 2, ""n_estimators"": 180, ""n_train"": 4359, ""validation"": ""last purged expanding fold""}",decimal
2022-07-29,2022-08-05,5,30.0,0.0331,0.03342855527510886,0.0003285552751088605,PCA_XGBOOST,PCA,direct_change,"{""configurations_evaluated"": 3, ""learning_rate"": 0.03, ""max_depth"": 2, ""n_estimators"": 180, ""n_train"": 4359, ""validation"": ""last purged expanding fold""}",decimal
2022-07-29,2022-08-12,10,0.25,0.0171947619047619,0.01789353516883179,0.0006987732640698907,NS_XGBOOST,NS,direct_change,"{""configurations_evaluated"": 3, ""learning_rate"": 0.05, ""max_depth"": 1, ""n_estimators"": 100, ""n_train"": 4354, ""validation"": ""last purged expanding fold""}",decimal
2022-07-29,2022-08-12,10,0.5,0.0182580952380952,0.018147582007958643,-0.00011051323013655523,NS_XGBOOST,NS,direct_change,"{""configurations_evaluated"": 3, ""learning_rate"": 0.05, ""max_depth"": 1, ""n_estimators"": 100, ""n_train"": 4354, ""validation"": ""last purged expanding fold""}",decimal
2022-07-29,2022-08-12,10,1.0,0.019513196417166496,0.018644995443690554,-0.0008682009734759417,NS_XGBOOST,NS,direct_change,"{""configurations_evaluated"": 3, ""learning_rate"": 0.05, ""max_depth"": 1, ""n_estimators"": 100, ""n_train"": 4354, ""validation"": ""last purged expanding fold""}",decimal
2022-07-29,2022-08-12,10,2.0,0.0200405142857142,0.019598347831463536,-0.00044216645425066564,NS_XGBOOST,NS,direct_change,"{""configurations_evaluated"": 3, ""learning_rate"": 0.05, ""max_depth"": 1, ""n_estimators"": 100, ""n_train"": 4354, ""validation"": ""last purged expanding fold""}",decimal
2022-07-29,2022-08-12,10,5.0,0.022098932676518804,0.022151595742629145,5.266306611034083e-05,NS_XGBOOST,NS,direct_change,"{""configurations_evaluated"": 3, ""learning_rate"": 0.05, ""max_depth"": 1, ""n_estimators"": 100, ""n_train"": 4354, ""validation"": ""last purged expanding fold""}",decimal
2022-07-29,2022-08-12,10,10.0,0.0246778947368421,0.025538972173946514,0.0008610774371044135,NS_XGBOOST,NS,direct_change,"{""configurations_evaluated"": 3, ""learning_rate"": 0.05, ""max_depth"": 1, ""n_estimators"": 100, ""n_train"": 4354, ""validation"": ""last purged expanding fold""}",decimal
2022-07-29,2022-08-12,10,15.0,0.0280515334207077,0.028082973382460366,3.143996175266478e-05,NS_XGBOOST,NS,direct_change,"{""configurations_evaluated"": 3, ""learning_rate"": 0.05, ""max_depth"": 1, ""n_estimators"": 100, ""n_train"": 4354, ""validation"": ""last purged expanding fold""}",decimal
2022-07-29,2022-08-12,10,20.0,0.0297383361064891,0.030005716796301016,0.000267380689811917,NS_XGBOOST,NS,direct_change,"{""configurations_evaluated"": 3, ""learning_rate"": 0.05, ""max_depth"": 1, ""n_estimators"": 100, ""n_train"": 4354, ""validation"": ""last purged expanding fold""}",decimal
2022-07-29,2022-08-12,10,30.0,0.0331,0.032607841913805065,-0.0004921580861949326,NS_XGBOOST,NS,direct_change,"{""configurations_evaluated"": 3, ""learning_rate"": 0.05, ""max_depth"": 1, ""n_estimators"": 100, ""n_train"": 4354, ""validation"": ""last purged expanding fold""}",decimal
2022-07-29,2022-08-12,10,0.25,0.0171947619047619,0.017356255117869337,0.0001614932131074366,PCA_XGBOOST,PCA,direct_change,"{""configurations_evaluated"": 3, ""learning_rate"": 0.05, ""max_depth"": 1, ""n_estimators"": 100, ""n_train"": 4354, ""validation"": ""last purged expanding fold""}",decimal
2022-07-29,2022-08-12,10,0.5,0.0182580952380952,0.017749693204734657,-0.0005084020333605416,PCA_XGBOOST,PCA,direct_change,"{""configurations_evaluated"": 3, ""learning_rate"": 0.05, ""max_depth"": 1, ""n_estimators"": 100, ""n_train"": 4354, ""validation"": ""last purged expanding fold""}",decimal
2022-07-29,2022-08-12,10,1.0,0.019513196417166496,0.01864438158340711,-0.0008688148337593869,PCA_XGBOOST,PCA,direct_change,"{""configurations_evaluated"": 3, ""learning_rate"": 0.05, ""max_depth"": 1, ""n_estimators"": 100, ""n_train"": 4354, ""validation"": ""last purged expanding fold""}",decimal
2022-07-29,2022-08-12,10,2.0,0.0200405142857142,0.020190331013190767,0.00014981672747656563,PCA_XGBOOST,PCA,direct_change,"{""configurations_evaluated"": 3, ""learning_rate"": 0.05, ""max_depth"": 1, ""n_estimators"": 100, ""n_train"": 4354, ""validation"": ""last purged expanding fold""}",decimal
2022-07-29,2022-08-12,10,5.0,0.022098932676518804,0.02234345926400689,0.00024452658748808434,PCA_XGBOOST,PCA,direct_change,"{""configurations_evaluated"": 3, ""learning_rate"": 0.05, ""max_depth"": 1, ""n_estimators"": 100, ""n_train"": 4354, ""validation"": ""last purged expanding fold""}",decimal
2022-07-29,2022-08-12,10,10.0,0.0246778947368421,0.025597786978573518,0.0009198922417314181,PCA_XGBOOST,PCA,direct_change,"{""configurations_evaluated"": 3, ""learning_rate"": 0.05, ""max_depth"": 1, ""n_estimators"": 100, ""n_train"": 4354, ""validation"": ""last purged expanding fold""}",decimal
2022-07-29,2022-08-12,10,15.0,0.0280515334207077,0.028231797605977382,0.00018026418526968097,PCA_XGBOOST,PCA,direct_change,"{""configurations_evaluated"": 3, ""learning_rate"": 0.05, ""max_depth"": 1, ""n_estimators"": 100, ""n_train"": 4354, ""validation"": ""last purged expanding fold""}",decimal
2022-07-29,2022-08-12,10,20.0,0.0297383361064891,0.029286665520889953,-0.0004516705855991468,PCA_XGBOOST,PCA,direct_change,"{""configurations_evaluated"": 3, ""learning_rate"": 0.05, ""max_depth"": 1, ""n_estimators"": 100, ""n_train"": 4354, ""validation"": ""last purged expanding fold""}",decimal
2022-07-29,2022-08-12,10,30.0,0.0331,0.033471255489351794,0.0003712554893517961,PCA_XGBOOST,PCA,direct_change,"{""configurations_evaluated"": 3, ""learning_rate"": 0.05, ""max_depth"": 1, ""n_estimators"": 100, ""n_train"": 4354, ""validation"": ""last purged expanding fold""}",decimal
2022-07-29,2022-08-30,22,0.25,0.018680000000000002,0.017841408066793202,-0.0008385919332067997,NS_XGBOOST,NS,direct_change,"{""configurations_evaluated"": 3, ""learning_rate"": 0.05, ""max_depth"": 1, ""n_estimators"": 100, ""n_train"": 4342, ""validation"": ""last purged expanding fold""}",decimal
2022-07-29,2022-08-30,22,0.5,0.01944,0.01809517113332175,-0.0013448288666782493,NS_XGBOOST,NS,direct_change,"{""configurations_evaluated"": 3, ""learning_rate"": 0.05, ""max_depth"": 1, ""n_estimators"": 100, ""n_train"": 4342, ""validation"": ""last purged expanding fold""}",decimal
2022-07-29,2022-08-30,22,1.0,0.0208676835898764,0.018591968106810394,-0.002275715483066005,NS_XGBOOST,NS,direct_change,"{""configurations_evaluated"": 3, ""learning_rate"": 0.05, ""max_depth"": 1, ""n_estimators"": 100, ""n_train"": 4342, ""validation"": ""last purged expanding fold""}",decimal
2022-07-29,2022-08-30,22,2.0,0.0227431868131868,0.019543915924437254,-0.0031992708887495468,NS_XGBOOST,NS,direct_change,"{""configurations_evaluated"": 3, ""learning_rate"": 0.05, ""max_depth"": 1, ""n_estimators"": 100, ""n_train"": 4342, ""validation"": ""last purged expanding fold""}",decimal
2022-07-29,2022-08-30,22,5.0,0.0224551354534746,0.02209198796895715,-0.00036314748451744816,NS_XGBOOST,NS,direct_change,"{""configurations_evaluated"": 3, ""learning_rate"": 0.05, ""max_depth"": 1, ""n_estimators"": 100, ""n_train"": 4342, ""validation"": ""last purged expanding fold""}",decimal
2022-07-29,2022-08-30,22,10.0,0.0247810899182561,0.02546942138227317,0.0006883314640170717,NS_XGBOOST,NS,direct_change,"{""configurations_evaluated"": 3, ""learning_rate"": 0.05, ""max_depth"": 1, ""n_estimators"": 100, ""n_train"": 4342, ""validation"": ""last purged expanding fold""}",decimal
2022-07-29,2022-08-30,22,15.0,0.0280311020710059,0.028003734311194017,-2.7367759811883913e-05,NS_XGBOOST,NS,direct_change,"{""configurations_evaluated"": 3, ""learning_rate"": 0.05, ""max_depth"": 1, ""n_estimators"": 100, ""n_train"": 4342, ""validation"": ""last purged expanding fold""}",decimal
2022-07-29,2022-08-30,22,20.0,0.0297389331122166,0.0299179403598618,0.00017900724764520135,NS_XGBOOST,NS,direct_change,"{""configurations_evaluated"": 3, ""learning_rate"": 0.05, ""max_depth"": 1, ""n_estimators"": 100, ""n_train"": 4342, ""validation"": ""last purged expanding fold""}",decimal
2022-07-29,2022-08-30,22,30.0,0.0331,0.032506943922234764,-0.0005930560777652333,NS_XGBOOST,NS,direct_change,"{""configurations_evaluated"": 3, ""learning_rate"": 0.05, ""max_depth"": 1, ""n_estimators"": 100, ""n_train"": 4342, ""validation"": ""last purged expanding fold""}",decimal
2022-07-29,2022-08-30,22,0.25,0.018680000000000002,0.017452220299587214,-0.0012277797004127886,PCA_XGBOOST,PCA,direct_change,"{""configurations_evaluated"": 3, ""learning_rate"": 0.05, ""max_depth"": 1, ""n_estimators"": 100, ""n_train"": 4342, ""validation"": ""last purged expanding fold""}",decimal
2022-07-29,2022-08-30,22,0.5,0.01944,0.017841044306687,-0.0015989556933129999,PCA_XGBOOST,PCA,direct_change,"{""configurations_evaluated"": 3, ""learning_rate"": 0.05, ""max_depth"": 1, ""n_estimators"": 100, ""n_train"": 4342, ""validation"": ""last purged expanding fold""}",decimal
2022-07-29,2022-08-30,22,1.0,0.0208676835898764,0.01872609600155704,-0.002141587588319359,PCA_XGBOOST,PCA,direct_change,"{""configurations_evaluated"": 3, ""learning_rate"": 0.05, ""max_depth"": 1, ""n_estimators"": 100, ""n_train"": 4342, ""validation"": ""last purged expanding fold""}",decimal
2022-07-29,2022-08-30,22,2.0,0.0227431868131868,0.0202583222843859,-0.002484864528800902,PCA_XGBOOST,PCA,direct_change,"{""configurations_evaluated"": 3, ""learning_rate"": 0.05, ""max_depth"": 1, ""n_estimators"": 100, ""n_train"": 4342, ""validation"": ""last purged expanding fold""}",decimal
2022-07-29,2022-08-30,22,5.0,0.0224551354534746,0.02238493566499884,-7.019978847576033e-05,PCA_XGBOOST,PCA,direct_change,"{""configurations_evaluated"": 3, ""learning_rate"": 0.05, ""max_depth"": 1, ""n_estimators"": 100, ""n_train"": 4342, ""validation"": ""last purged expanding fold""}",decimal
2022-07-29,2022-08-30,22,10.0,0.0247810899182561,0.025612727353378002,0.0008316374351219034,PCA_XGBOOST,PCA,direct_change,"{""configurations_evaluated"": 3, ""learning_rate"": 0.05, ""max_depth"": 1, ""n_estimators"": 100, ""n_train"": 4342, ""validation"": ""last purged expanding fold""}",decimal
2022-07-29,2022-08-30,22,15.0,0.0280311020710059,0.028232806788336253,0.00020170471733035183,PCA_XGBOOST,PCA,direct_change,"{""configurations_evaluated"": 3, ""learning_rate"": 0.05, ""max_depth"": 1, ""n_estimators"": 100, ""n_train"": 4342, ""validation"": ""last purged expanding fold""}",decimal
2022-07-29,2022-08-30,22,20.0,0.0297389331122166,0.02928719484671797,-0.00045173826549863016,PCA_XGBOOST,PCA,direct_change,"{""configurations_evaluated"": 3, ""learning_rate"": 0.05, ""max_depth"": 1, ""n_estimators"": 100, ""n_train"": 4342, ""validation"": ""last purged expanding fold""}",decimal
2022-07-29,2022-08-30,22,30.0,0.0331,0.03348075252827287,0.0003807525282728749,PCA_XGBOOST,PCA,direct_change,"{""configurations_evaluated"": 3, ""learning_rate"": 0.05, ""max_depth"": 1, ""n_estimators"": 100, ""n_train"": 4342, ""validation"": ""last purged expanding fold""}",decimal
2022-08-31,2022-09-07,5,0.25,0.0188857142857142,0.020180832113131892,0.0012951178274176918,NS_XGBOOST,NS,direct_change,"{""configurations_evaluated"": 3, ""learning_rate"": 0.05, ""max_depth"": 1, ""n_estimators"": 100, ""n_train"": 4382, ""validation"": ""last purged expanding fold""}",decimal
2022-08-31,2022-09-07,5,0.5,0.0202,0.020302634779653623,0.00010263477965362366,NS_XGBOOST,NS,direct_change,"{""configurations_evaluated"": 3, ""learning_rate"": 0.05, ""max_depth"": 1, ""n_estimators"": 100, ""n_train"": 4382, ""validation"": ""last purged expanding fold""}",decimal
2022-08-31,2022-09-07,5,1.0,0.020911416182611,0.02055155994562663,-0.0003598562369843718,NS_XGBOOST,NS,direct_change,"{""configurations_evaluated"": 3, ""learning_rate"": 0.05, ""max_depth"": 1, ""n_estimators"": 100, ""n_train"": 4382, ""validation"": ""last purged expanding fold""}",decimal
2022-08-31,2022-09-07,5,2.0,0.0237508441558441,0.021066926409238775,-0.002683917746605327,NS_XGBOOST,NS,direct_change,"{""configurations_evaluated"": 3, ""learning_rate"": 0.05, ""max_depth"": 1, ""n_estimators"": 100, ""n_train"": 4382, ""validation"": ""last purged expanding fold""}",decimal
2022-08-31,2022-09-07,5,5.0,0.022456557971014403,0.02268982238871704,0.00023326441770263676,NS_XGBOOST,NS,direct_change,"{""configurations_evaluated"": 3, ""learning_rate"": 0.05, ""max_depth"": 1, ""n_estimators"": 100, ""n_train"": 4382, ""validation"": ""last purged expanding fold""}",decimal
2022-08-31,2022-09-07,5,10.0,0.0247814227086183,0.02537074466874141,0.0005893219601231098,NS_XGBOOST,NS,direct_change,"{""configurations_evaluated"": 3, ""learning_rate"": 0.05, ""max_depth"": 1, ""n_estimators"": 100, ""n_train"": 4382, ""validation"": ""last purged expanding fold""}",decimal
2022-08-31,2022-09-07,5,15.0,0.0275302307692307,0.027765245168633386,0.00023501439940268667,NS_XGBOOST,NS,direct_change,"{""configurations_evaluated"": 3, ""learning_rate"": 0.05, ""max_depth"": 1, ""n_estimators"": 100, ""n_train"": 4382, ""validation"": ""last purged expanding fold""}",decimal
2022-08-31,2022-09-07,5,20.0,0.0297389331122166,0.029783475364526513,4.4542252309914127e-05,NS_XGBOOST,NS,direct_change,"{""configurations_evaluated"": 3, ""learning_rate"": 0.05, ""max_depth"": 1, ""n_estimators"": 100, ""n_train"": 4382, ""validation"": ""last purged expanding fold""}",decimal
2022-08-31,2022-09-07,5,30.0,0.0331,0.032783804198234505,-0.00031619580176549256,NS_XGBOOST,NS,direct_change,"{""configurations_evaluated"": 3, ""learning_rate"": 0.05, ""max_depth"": 1, ""n_estimators"": 100, ""n_train"": 4382, ""validation"": ""last purged expanding fold""}",decimal
2022-08-31,2022-09-07,5,0.25,0.0188857142857142,0.01958195655678749,0.0006962422710732885,PCA_XGBOOST,PCA,direct_change,"{""configurations_evaluated"": 3, ""learning_rate"": 0.03, ""max_depth"": 2, ""n_estimators"": 180, ""n_train"": 4382, ""validation"": ""last purged expanding fold""}",decimal
2022-08-31,2022-09-07,5,0.5,0.0202,0.019877630576836388,-0.0003223694231636112,PCA_XGBOOST,PCA,direct_change,"{""configurations_evaluated"": 3, ""learning_rate"": 0.03, ""max_depth"": 2, ""n_estimators"": 180, ""n_train"": 4382, ""validation"": ""last purged expanding fold""}",decimal
2022-08-31,2022-09-07,5,1.0,0.020911416182611,0.020543280149282583,-0.00036813603332841796,PCA_XGBOOST,PCA,direct_change,"{""configurations_evaluated"": 3, ""learning_rate"": 0.03, ""max_depth"": 2, ""n_estimators"": 180, ""n_train"": 4382, ""validation"": ""last purged expanding fold""}",decimal
2022-08-31,2022-09-07,5,2.0,0.0237508441558441,0.021747487736193366,-0.0020033564196507356,PCA_XGBOOST,PCA,direct_change,"{""configurations_evaluated"": 3, ""learning_rate"": 0.03, ""max_depth"": 2, ""n_estimators"": 180, ""n_train"": 4382, ""validation"": ""last purged expanding fold""}",decimal
2022-08-31,2022-09-07,5,5.0,0.022456557971014403,0.023191435313484245,0.0007348773424698425,PCA_XGBOOST,PCA,direct_change,"{""configurations_evaluated"": 3, ""learning_rate"": 0.03, ""max_depth"": 2, ""n_estimators"": 180, ""n_train"": 4382, ""validation"": ""last purged expanding fold""}",decimal
2022-08-31,2022-09-07,5,10.0,0.0247814227086183,0.025742238232137424,0.0009608155235191242,PCA_XGBOOST,PCA,direct_change,"{""configurations_evaluated"": 3, ""learning_rate"": 0.03, ""max_depth"": 2, ""n_estimators"": 180, ""n_train"": 4382, ""validation"": ""last purged expanding fold""}",decimal
2022-08-31,2022-09-07,5,15.0,0.0275302307692307,0.028011481084960536,0.00048125031572983715,PCA_XGBOOST,PCA,direct_change,"{""configurations_evaluated"": 3, ""learning_rate"": 0.03, ""max_depth"": 2, ""n_estimators"": 180, ""n_train"": 4382, ""validation"": ""last purged expanding fold""}",decimal
2022-08-31,2022-09-07,5,20.0,0.0297389331122166,0.02898938662748685,-0.0007495464847297496,PCA_XGBOOST,PCA,direct_change,"{""configurations_evaluated"": 3, ""learning_rate"": 0.03, ""max_depth"": 2, ""n_estimators"": 180, ""n_train"": 4382, ""validation"": ""last purged expanding fold""}",decimal
2022-08-31,2022-09-07,5,30.0,0.0331,0.03338317114186645,0.0002831711418664548,PCA_XGBOOST,PCA,direct_change,"{""configurations_evaluated"": 3, ""learning_rate"": 0.03, ""max_depth"": 2, ""n_estimators"": 180, ""n_train"": 4382, ""validation"": ""last purged expanding fold""}",decimal
2022-08-31,2022-09-14,10,0.25,0.0192020408163265,0.02024437431455568,0.0010423334982291796,NS_XGBOOST,NS,direct_change,"{""configurations_evaluated"": 3, ""learning_rate"": 0.05, ""max_depth"": 1, ""n_estimators"": 100, ""n_train"": 4377, ""validation"": ""last purged expanding fold""}",decimal
2022-08-31,2022-09-14,10,0.5,0.0204,0.02036725125768639,-3.274874231361247e-05,NS_XGBOOST,NS,direct_change,"{""configurations_evaluated"": 3, ""learning_rate"": 0.05, ""max_depth"": 1, ""n_estimators"": 100, ""n_train"": 4377, ""validation"": ""last purged expanding fold""}",decimal
2022-08-31,2022-09-14,10,1.0,0.0216856371254738,0.020618107014080952,-0.001067530111392847,NS_XGBOOST,NS,direct_change,"{""configurations_evaluated"": 3, ""learning_rate"": 0.05, ""max_depth"": 1, ""n_estimators"": 100, ""n_train"": 4377, ""validation"": ""last purged expanding fold""}",decimal
2022-08-31,2022-09-14,10,2.0,0.022955329341317297,0.02113654025415389,-0.0018187890871634062,NS_XGBOOST,NS,direct_change,"{""configurations_evaluated"": 3, ""learning_rate"": 0.05, ""max_depth"": 1, ""n_estimators"": 100, ""n_train"": 4377, ""validation"": ""last purged expanding fold""}",decimal
2022-08-31,2022-09-14,10,5.0,0.0263995609220636,0.02276363347775302,-0.003635927444310582,NS_XGBOOST,NS,direct_change,"{""configurations_evaluated"": 3, ""learning_rate"": 0.05, ""max_depth"": 1, ""n_estimators"": 100, ""n_train"": 4377, ""validation"": ""last purged expanding fold""}",decimal
2022-08-31,2022-09-14,10,10.0,0.0247814227086183,0.025441388002613752,0.0006599652939954515,NS_XGBOOST,NS,direct_change,"{""configurations_evaluated"": 3, ""learning_rate"": 0.05, ""max_depth"": 1, ""n_estimators"": 100, ""n_train"": 4377, ""validation"": ""last purged expanding fold""}",decimal
2022-08-31,2022-09-14,10,15.0,0.0286725771521386,0.027827202481274717,-0.0008453746708638847,NS_XGBOOST,NS,direct_change,"{""configurations_evaluated"": 3, ""learning_rate"": 0.05, ""max_depth"": 1, ""n_estimators"": 100, ""n_train"": 4377, ""validation"": ""last purged expanding fold""}",decimal
2022-08-31,2022-09-14,10,20.0,0.0300228557964184,0.029835417305455834,-0.00018743849096256732,NS_XGBOOST,NS,direct_change,"{""configurations_evaluated"": 3, ""learning_rate"": 0.05, ""max_depth"": 1, ""n_estimators"": 100, ""n_train"": 4377, ""validation"": ""last purged expanding fold""}",decimal
2022-08-31,2022-09-14,10,30.0,0.0331,0.032817740102415185,-0.000282259897584812,NS_XGBOOST,NS,direct_change,"{""configurations_evaluated"": 3, ""learning_rate"": 0.05, ""max_depth"": 1, ""n_estimators"": 100, ""n_train"": 4377, ""validation"": ""last purged expanding fold""}",decimal
2022-08-31,2022-09-14,10,0.25,0.0192020408163265,0.019672286013469754,0.0004702451971432542,PCA_XGBOOST,PCA,direct_change,"{""configurations_evaluated"": 3, ""learning_rate"": 0.05, ""max_depth"": 1, ""n_estimators"": 100, ""n_train"": 4377, ""validation"": ""last purged expanding fold""}",decimal
2022-08-31,2022-09-14,10,0.5,0.0204,0.01996442673601433,-0.0004355732639856717,PCA_XGBOOST,PCA,direct_change,"{""configurations_evaluated"": 3, ""learning_rate"": 0.05, ""max_depth"": 1, ""n_estimators"": 100, ""n_train"": 4377, ""validation"": ""last purged expanding fold""}",decimal
2022-08-31,2022-09-14,10,1.0,0.0216856371254738,0.02062316587847138,-0.0010624712470024174,PCA_XGBOOST,PCA,direct_change,"{""configurations_evaluated"": 3, ""learning_rate"": 0.05, ""max_depth"": 1, ""n_estimators"": 100, ""n_train"": 4377, ""validation"": ""last purged expanding fold""}",decimal
2022-08-31,2022-09-14,10,2.0,0.022955329341317297,0.02181816864067796,-0.0011371607006393364,PCA_XGBOOST,PCA,direct_change,"{""configurations_evaluated"": 3, ""learning_rate"": 0.05, ""max_depth"": 1, ""n_estimators"": 100, ""n_train"": 4377, ""validation"": ""last purged expanding fold""}",decimal
2022-08-31,2022-09-14,10,5.0,0.0263995609220636,0.02325199384894923,-0.0031475670731143726,PCA_XGBOOST,PCA,direct_change,"{""configurations_evaluated"": 3, ""learning_rate"": 0.05, ""max_depth"": 1, ""n_estimators"": 100, ""n_train"": 4377, ""validation"": ""last purged expanding fold""}",decimal
2022-08-31,2022-09-14,10,10.0,0.0247814227086183,0.025792491249027445,0.001011068540409145,PCA_XGBOOST,PCA,direct_change,"{""configurations_evaluated"": 3, ""learning_rate"": 0.05, ""max_depth"": 1, ""n_estimators"": 100, ""n_train"": 4377, ""validation"": ""last purged expanding fold""}",decimal
2022-08-31,2022-09-14,10,15.0,0.0286725771521386,0.028059784819096968,-0.0006127923330416334,PCA_XGBOOST,PCA,direct_change,"{""configurations_evaluated"": 3, ""learning_rate"": 0.05, ""max_depth"": 1, ""n_estimators"": 100, ""n_train"": 4377, ""validation"": ""last purged expanding fold""}",decimal
2022-08-31,2022-09-14,10,20.0,0.0300228557964184,0.029053941644947817,-0.0009689141514705839,PCA_XGBOOST,PCA,direct_change,"{""configurations_evaluated"": 3, ""learning_rate"": 0.05, ""max_depth"": 1, ""n_estimators"": 100, ""n_train"": 4377, ""validation"": ""last purged expanding fold""}",decimal
2022-08-31,2022-09-14,10,30.0,0.0331,0.03345263099287195,0.00035263099287195093,PCA_XGBOOST,PCA,direct_change,"{""configurations_evaluated"": 3, ""learning_rate"": 0.05, ""max_depth"": 1, ""n_estimators"": 100, ""n_train"": 4377, ""validation"": ""last purged expanding fold""}",decimal
2022-08-31,2022-09-30,22,0.25,0.02077,0.020235792147188267,-0.0005342078528117328,NS_XGBOOST,NS,direct_change,"{""configurations_evaluated"": 3, ""learning_rate"": 0.05, ""max_depth"": 1, ""n_estimators"": 100, ""n_train"": 4365, ""validation"": ""last purged expanding fold""}",decimal
2022-08-31,2022-09-30,22,0.5,0.021320000000000002,0.020365599253687555,-0.000954400746312447,NS_XGBOOST,NS,direct_change,"{""configurations_evaluated"": 3, ""learning_rate"": 0.05, ""max_depth"": 1, ""n_estimators"": 100, ""n_train"": 4365, ""validation"": ""last purged expanding fold""}",decimal
2022-08-31,2022-09-30,22,1.0,0.022689188919607,0.020629383404204976,-0.0020598055154020245,NS_XGBOOST,NS,direct_change,"{""configurations_evaluated"": 3, ""learning_rate"": 0.05, ""max_depth"": 1, ""n_estimators"": 100, ""n_train"": 4365, ""validation"": ""last purged expanding fold""}",decimal
2022-08-31,2022-09-30,22,2.0,0.0253342857142857,0.021170247267951685,-0.004164038446334017,NS_XGBOOST,NS,direct_change,"{""configurations_evaluated"": 3, ""learning_rate"": 0.05, ""max_depth"": 1, ""n_estimators"": 100, ""n_train"": 4365, ""validation"": ""last purged expanding fold""}",decimal
2022-08-31,2022-09-30,22,5.0,0.0287451785714285,0.02284252551789988,-0.00590265305352862,NS_XGBOOST,NS,direct_change,"{""configurations_evaluated"": 3, ""learning_rate"": 0.05, ""max_depth"": 1, ""n_estimators"": 100, ""n_train"": 4365, ""validation"": ""last purged expanding fold""}",decimal
2022-08-31,2022-09-30,22,10.0,0.0316431332655137,0.02554784072317267,-0.006095292542341028,NS_XGBOOST,NS,direct_change,"{""configurations_evaluated"": 3, ""learning_rate"": 0.05, ""max_depth"": 1, ""n_estimators"": 100, ""n_train"": 4365, ""validation"": ""last purged expanding fold""}",decimal
2022-08-31,2022-09-30,22,15.0,0.034135017835909595,0.027930973416643787,-0.006204044419265808,NS_XGBOOST,NS,direct_change,"{""configurations_evaluated"": 3, ""learning_rate"": 0.05, ""max_depth"": 1, ""n_estimators"": 100, ""n_train"": 4365, ""validation"": ""last purged expanding fold""}",decimal
2022-08-31,2022-09-30,22,20.0,0.0355889417360285,0.02992436994581688,-0.005664571790211622,NS_XGBOOST,NS,direct_change,"{""configurations_evaluated"": 3, ""learning_rate"": 0.05, ""max_depth"": 1, ""n_estimators"": 100, ""n_train"": 4365, ""validation"": ""last purged expanding fold""}",decimal
2022-08-31,2022-09-30,22,30.0,0.0361,0.03287013516462922,-0.0032298648353707785,NS_XGBOOST,NS,direct_change,"{""configurations_evaluated"": 3, ""learning_rate"": 0.05, ""max_depth"": 1, ""n_estimators"": 100, ""n_train"": 4365, ""validation"": ""last purged expanding fold""}",decimal
2022-08-31,2022-09-30,22,0.25,0.02077,0.01989924591046573,-0.0008707540895342702,PCA_XGBOOST,PCA,direct_change,"{""configurations_evaluated"": 3, ""learning_rate"": 0.05, ""max_depth"": 1, ""n_estimators"": 100, ""n_train"": 4365, ""validation"": ""last purged expanding fold""}",decimal
2022-08-31,2022-09-30,22,0.5,0.021320000000000002,0.02019253830161756,-0.001127461698382442,PCA_XGBOOST,PCA,direct_change,"{""configurations_evaluated"": 3, ""learning_rate"": 0.05, ""max_depth"": 1, ""n_estimators"": 100, ""n_train"": 4365, ""validation"": ""last purged expanding fold""}",decimal
2022-08-31,2022-09-30,22,1.0,0.022689188919607,0.02084877525493899,-0.0018404136646680107,PCA_XGBOOST,PCA,direct_change,"{""configurations_evaluated"": 3, ""learning_rate"": 0.05, ""max_depth"": 1, ""n_estimators"": 100, ""n_train"": 4365, ""validation"": ""last purged expanding fold""}",decimal
2022-08-31,2022-09-30,22,2.0,0.0253342857142857,0.022040270283474026,-0.0032940154308116754,PCA_XGBOOST,PCA,direct_change,"{""configurations_evaluated"": 3, ""learning_rate"": 0.05, ""max_depth"": 1, ""n_estimators"": 100, ""n_train"": 4365, ""validation"": ""last purged expanding fold""}",decimal
2022-08-31,2022-09-30,22,5.0,0.0287451785714285,0.023458572853871484,-0.005286605717557017,PCA_XGBOOST,PCA,direct_change,"{""configurations_evaluated"": 3, ""learning_rate"": 0.05, ""max_depth"": 1, ""n_estimators"": 100, ""n_train"": 4365, ""validation"": ""last purged expanding fold""}",decimal
2022-08-31,2022-09-30,22,10.0,0.0316431332655137,0.02597852459462032,-0.005664608670893377,PCA_XGBOOST,PCA,direct_change,"{""configurations_evaluated"": 3, ""learning_rate"": 0.05, ""max_depth"": 1, ""n_estimators"": 100, ""n_train"": 4365, ""validation"": ""last purged expanding fold""}",decimal
2022-08-31,2022-09-30,22,15.0,0.034135017835909595,0.028229184828487505,-0.00590583300742209,PCA_XGBOOST,PCA,direct_change,"{""configurations_evaluated"": 3, ""learning_rate"": 0.05, ""max_depth"": 1, ""n_estimators"": 100, ""n_train"": 4365, ""validation"": ""last purged expanding fold""}",decimal
2022-08-31,2022-09-30,22,20.0,0.0355889417360285,0.029194293803179665,-0.006394647932848836,PCA_XGBOOST,PCA,direct_change,"{""configurations_evaluated"": 3, ""learning_rate"": 0.05, ""max_depth"": 1, ""n_estimators"": 100, ""n_train"": 4365, ""validation"": ""last purged expanding fold""}",decimal
2022-08-31,2022-09-30,22,30.0,0.0361,0.03354388257062345,-0.002556117429376552,PCA_XGBOOST,PCA,direct_change,"{""configurations_evaluated"": 3, ""learning_rate"": 0.05, ""max_depth"": 1, ""n_estimators"": 100, ""n_train"": 4365, ""validation"": ""last purged expanding fold""}",decimal
2022-09-30,2022-10-07,5,0.25,0.0218,0.021356520143586633,-0.0004434798564133674,NS_XGBOOST,NS,direct_change,"{""configurations_evaluated"": 3, ""learning_rate"": 0.05, ""max_depth"": 1, ""n_estimators"": 100, ""n_train"": 4404, ""validation"": ""last purged expanding fold""}",decimal
2022-09-30,2022-10-07,5,0.5,0.023700000000000002,0.02182426863528536,-0.0018757313647146424,NS_XGBOOST,NS,direct_change,"{""configurations_evaluated"": 3, ""learning_rate"": 0.05, ""max_depth"": 1, ""n_estimators"": 100, ""n_train"": 4404, ""validation"": ""last purged expanding fold""}",decimal
2022-09-30,2022-10-07,5,1.0,0.0238,0.022716618496431452,-0.0010833815035685493,NS_XGBOOST,NS,direct_change,"{""configurations_evaluated"": 3, ""learning_rate"": 0.05, ""max_depth"": 1, ""n_estimators"": 100, ""n_train"": 4404, ""validation"": ""last purged expanding fold""}",decimal
2022-09-30,2022-10-07,5,2.0,0.024,0.02434083314567331,0.00034083314567330894,NS_XGBOOST,NS,direct_change,"{""configurations_evaluated"": 3, ""learning_rate"": 0.05, ""max_depth"": 1, ""n_estimators"": 100, ""n_train"": 4404, ""validation"": ""last purged expanding fold""}",decimal
2022-09-30,2022-10-07,5,5.0,0.0287,0.028144994442346683,-0.0005550055576533167,NS_XGBOOST,NS,direct_change,"{""configurations_evaluated"": 3, ""learning_rate"": 0.05, ""max_depth"": 1, ""n_estimators"": 100, ""n_train"": 4404, ""validation"": ""last purged expanding fold""}",decimal
2022-09-30,2022-10-07,5,10.0,0.0317,0.03200473431583318,0.00030473431583318,NS_XGBOOST,NS,direct_change,"{""configurations_evaluated"": 3, ""learning_rate"": 0.05, ""max_depth"": 1, ""n_estimators"": 100, ""n_train"": 4404, ""validation"": ""last purged expanding fold""}",decimal
2022-09-30,2022-10-07,5,15.0,0.0341,0.03404640199258392,-5.359800741607662e-05,NS_XGBOOST,NS,direct_change,"{""configurations_evaluated"": 3, ""learning_rate"": 0.05, ""max_depth"": 1, ""n_estimators"": 100, ""n_train"": 4404, ""validation"": ""last purged expanding fold""}",decimal
2022-09-30,2022-10-07,5,20.0,0.0356,0.03512057283339701,-0.00047942716660299284,NS_XGBOOST,NS,direct_change,"{""configurations_evaluated"": 3, ""learning_rate"": 0.05, ""max_depth"": 1, ""n_estimators"": 100, ""n_train"": 4404, ""validation"": ""last purged expanding fold""}",decimal
2022-09-30,2022-10-07,5,30.0,0.0361,0.03596930488966619,-0.00013069511033381165,NS_XGBOOST,NS,direct_change,"{""configurations_evaluated"": 3, ""learning_rate"": 0.05, ""max_depth"": 1, ""n_estimators"": 100, ""n_train"": 4404, ""validation"": ""last purged expanding fold""}",decimal
2022-09-30,2022-10-07,5,0.25,0.0218,0.020814993533873397,-0.0009850064661266027,PCA_XGBOOST,PCA,direct_change,"{""configurations_evaluated"": 3, ""learning_rate"": 0.03, ""max_depth"": 2, ""n_estimators"": 180, ""n_train"": 4404, ""validation"": ""last purged expanding fold""}",decimal
2022-09-30,2022-10-07,5,0.5,0.023700000000000002,0.021555633839589403,-0.0021443661604105997,PCA_XGBOOST,PCA,direct_change,"{""configurations_evaluated"": 3, ""learning_rate"": 0.03, ""max_depth"": 2, ""n_estimators"": 180, ""n_train"": 4404, ""validation"": ""last purged expanding fold""}",decimal
2022-09-30,2022-10-07,5,1.0,0.0238,0.022919641819510894,-0.0008803581804891075,PCA_XGBOOST,PCA,direct_change,"{""configurations_evaluated"": 3, ""learning_rate"": 0.03, ""max_depth"": 2, ""n_estimators"": 180, ""n_train"": 4404, ""validation"": ""last purged expanding fold""}",decimal
2022-09-30,2022-10-07,5,2.0,0.024,0.025119315511032775,0.0011193155110327743,PCA_XGBOOST,PCA,direct_change,"{""configurations_evaluated"": 3, ""learning_rate"": 0.03, ""max_depth"": 2, ""n_estimators"": 180, ""n_train"": 4404, ""validation"": ""last purged expanding fold""}",decimal
2022-09-30,2022-10-07,5,5.0,0.0287,0.028149958010217458,-0.0005500419897825418,PCA_XGBOOST,PCA,direct_change,"{""configurations_evaluated"": 3, ""learning_rate"": 0.03, ""max_depth"": 2, ""n_estimators"": 180, ""n_train"": 4404, ""validation"": ""last purged expanding fold""}",decimal
2022-09-30,2022-10-07,5,10.0,0.0317,0.03205770082184293,0.0003577008218429295,PCA_XGBOOST,PCA,direct_change,"{""configurations_evaluated"": 3, ""learning_rate"": 0.03, ""max_depth"": 2, ""n_estimators"": 180, ""n_train"": 4404, ""validation"": ""last purged expanding fold""}",decimal
2022-09-30,2022-10-07,5,15.0,0.0341,0.03487085173608477,0.0007708517360847725,PCA_XGBOOST,PCA,direct_change,"{""configurations_evaluated"": 3, ""learning_rate"": 0.03, ""max_depth"": 2, ""n_estimators"": 180, ""n_train"": 4404, ""validation"": ""last purged expanding fold""}",decimal
2022-09-30,2022-10-07,5,20.0,0.0356,0.0348374228687652,-0.0007625771312348012,PCA_XGBOOST,PCA,direct_change,"{""configurations_evaluated"": 3, ""learning_rate"": 0.03, ""max_depth"": 2, ""n_estimators"": 180, ""n_train"": 4404, ""validation"": ""last purged expanding fold""}",decimal
2022-09-30,2022-10-07,5,30.0,0.0361,0.036526531143634494,0.000426531143634494,PCA_XGBOOST,PCA,direct_change,"{""configurations_evaluated"": 3, ""learning_rate"": 0.03, ""max_depth"": 2, ""n_estimators"": 180, ""n_train"": 4404, ""validation"": ""last purged expanding fold""}",decimal
2022-09-30,2022-10-17,10,0.25,0.022400000000000003,0.021487539296687504,-0.0009124607033124989,NS_XGBOOST,NS,direct_change,"{""configurations_evaluated"": 3, ""learning_rate"": 0.05, ""max_depth"": 1, ""n_estimators"": 100, ""n_train"": 4399, ""validation"": ""last purged expanding fold""}",decimal
2022-09-30,2022-10-17,10,0.5,0.0239,0.02194741630425076,-0.0019525836957492403,NS_XGBOOST,NS,direct_change,"{""configurations_evaluated"": 3, ""learning_rate"": 0.05, ""max_depth"": 1, ""n_estimators"": 100, ""n_train"": 4399, ""validation"": ""last purged expanding fold""}",decimal
2022-09-30,2022-10-17,10,1.0,0.023,0.02282505843839235,-0.00017494156160765065,NS_XGBOOST,NS,direct_change,"{""configurations_evaluated"": 3, ""learning_rate"": 0.05, ""max_depth"": 1, ""n_estimators"": 100, ""n_train"": 4399, ""validation"": ""last purged expanding fold""}",decimal
2022-09-30,2022-10-17,10,2.0,0.0254,0.024423665793001297,-0.0009763342069987017,NS_XGBOOST,NS,direct_change,"{""configurations_evaluated"": 3, ""learning_rate"": 0.05, ""max_depth"": 1, ""n_estimators"": 100, ""n_train"": 4399, ""validation"": ""last purged expanding fold""}",decimal
2022-09-30,2022-10-17,10,5.0,0.0277,0.02817561567298622,0.000475615672986221,NS_XGBOOST,NS,direct_change,"{""configurations_evaluated"": 3, ""learning_rate"": 0.05, ""max_depth"": 1, ""n_estimators"": 100, ""n_train"": 4399, ""validation"": ""last purged expanding fold""}",decimal
2022-09-30,2022-10-17,10,10.0,0.0311,0.03200169524863618,0.0009016952486361786,NS_XGBOOST,NS,direct_change,"{""configurations_evaluated"": 3, ""learning_rate"": 0.05, ""max_depth"": 1, ""n_estimators"": 100, ""n_train"": 4399, ""validation"": ""last purged expanding fold""}",decimal
2022-09-30,2022-10-17,10,15.0,0.034,0.03404378999798297,4.378999798296951e-05,NS_XGBOOST,NS,direct_change,"{""configurations_evaluated"": 3, ""learning_rate"": 0.05, ""max_depth"": 1, ""n_estimators"": 100, ""n_train"": 4399, ""validation"": ""last purged expanding fold""}",decimal
2022-09-30,2022-10-17,10,20.0,0.0356,0.035132347716274985,-0.00046765228372501466,NS_XGBOOST,NS,direct_change,"{""configurations_evaluated"": 3, ""learning_rate"": 0.05, ""max_depth"": 1, ""n_estimators"": 100, ""n_train"": 4399, ""validation"": ""last purged expanding fold""}",decimal
2022-09-30,2022-10-17,10,30.0,0.0361,0.03601869550248576,-8.13044975142424e-05,NS_XGBOOST,NS,direct_change,"{""configurations_evaluated"": 3, ""learning_rate"": 0.05, ""max_depth"": 1, ""n_estimators"": 100, ""n_train"": 4399, ""validation"": ""last purged expanding fold""}",decimal
2022-09-30,2022-10-17,10,0.25,0.022400000000000003,0.0208669183429775,-0.0015330816570225045,PCA_XGBOOST,PCA,direct_change,"{""configurations_evaluated"": 3, ""learning_rate"": 0.05, ""max_depth"": 1, ""n_estimators"": 100, ""n_train"": 4399, ""validation"": ""last purged expanding fold""}",decimal
2022-09-30,2022-10-17,10,0.5,0.0239,0.0216042200162424,-0.002295779983757601,PCA_XGBOOST,PCA,direct_change,"{""configurations_evaluated"": 3, ""learning_rate"": 0.05, ""max_depth"": 1, ""n_estimators"": 100, ""n_train"": 4399, ""validation"": ""last purged expanding fold""}",decimal
2022-09-30,2022-10-17,10,1.0,0.023,0.02296300095683984,-3.699904316015884e-05,PCA_XGBOOST,PCA,direct_change,"{""configurations_evaluated"": 3, ""learning_rate"": 0.05, ""max_depth"": 1, ""n_estimators"": 100, ""n_train"": 4399, ""validation"": ""last purged expanding fold""}",decimal
2022-09-30,2022-10-17,10,2.0,0.0254,0.025156178748122753,-0.00024382125187724646,PCA_XGBOOST,PCA,direct_change,"{""configurations_evaluated"": 3, ""learning_rate"": 0.05, ""max_depth"": 1, ""n_estimators"": 100, ""n_train"": 4399, ""validation"": ""last purged expanding fold""}",decimal
2022-09-30,2022-10-17,10,5.0,0.0277,0.028187996587935735,0.0004879965879357358,PCA_XGBOOST,PCA,direct_change,"{""configurations_evaluated"": 3, ""learning_rate"": 0.05, ""max_depth"": 1, ""n_estimators"": 100, ""n_train"": 4399, ""validation"": ""last purged expanding fold""}",decimal
2022-09-30,2022-10-17,10,10.0,0.0311,0.03209776630016253,0.0009977663001625274,PCA_XGBOOST,PCA,direct_change,"{""configurations_evaluated"": 3, ""learning_rate"": 0.05, ""max_depth"": 1, ""n_estimators"": 100, ""n_train"": 4399, ""validation"": ""last purged expanding fold""}",decimal
2022-09-30,2022-10-17,10,15.0,0.034,0.034918163898641955,0.0009181638986419521,PCA_XGBOOST,PCA,direct_change,"{""configurations_evaluated"": 3, ""learning_rate"": 0.05, ""max_depth"": 1, ""n_estimators"": 100, ""n_train"": 4399, ""validation"": ""last purged expanding fold""}",decimal
2022-09-30,2022-10-17,10,20.0,0.0356,0.03491542731952651,-0.0006845726804734914,PCA_XGBOOST,PCA,direct_change,"{""configurations_evaluated"": 3, ""learning_rate"": 0.05, ""max_depth"": 1, ""n_estimators"": 100, ""n_train"": 4399, ""validation"": ""last purged expanding fold""}",decimal
2022-09-30,2022-10-17,10,30.0,0.0361,0.03661552291458181,0.0005155229145818105,PCA_XGBOOST,PCA,direct_change,"{""configurations_evaluated"": 3, ""learning_rate"": 0.05, ""max_depth"": 1, ""n_estimators"": 100, ""n_train"": 4399, ""validation"": ""last purged expanding fold""}",decimal
2022-09-30,2022-11-02,22,0.25,0.0237314285714285,0.021704286542745962,-0.002027142028682538,NS_XGBOOST,NS,direct_change,"{""configurations_evaluated"": 3, ""learning_rate"": 0.05, ""max_depth"": 1, ""n_estimators"": 100, ""n_train"": 4387, ""validation"": ""last purged expanding fold""}",decimal
2022-09-30,2022-11-02,22,0.5,0.023995314285714203,0.02218400118577305,-0.001811313099941151,NS_XGBOOST,NS,direct_change,"{""configurations_evaluated"": 3, ""learning_rate"": 0.05, ""max_depth"": 1, ""n_estimators"": 100, ""n_train"": 4387, ""validation"": ""last purged expanding fold""}",decimal
2022-09-30,2022-11-02,22,1.0,0.026705683188057005,0.02309892184077509,-0.003606761347281915,NS_XGBOOST,NS,direct_change,"{""configurations_evaluated"": 3, ""learning_rate"": 0.05, ""max_depth"": 1, ""n_estimators"": 100, ""n_train"": 4387, ""validation"": ""last purged expanding fold""}",decimal
2022-09-30,2022-11-02,22,2.0,0.024742,0.02476324931485392,2.1249314853918205e-05,NS_XGBOOST,NS,direct_change,"{""configurations_evaluated"": 3, ""learning_rate"": 0.05, ""max_depth"": 1, ""n_estimators"": 100, ""n_train"": 4387, ""validation"": ""last purged expanding fold""}",decimal
2022-09-30,2022-11-02,22,5.0,0.0277846132848043,0.028654888305669205,0.0008702750208649038,NS_XGBOOST,NS,direct_change,"{""configurations_evaluated"": 3, ""learning_rate"": 0.05, ""max_depth"": 1, ""n_estimators"": 100, ""n_train"": 4387, ""validation"": ""last purged expanding fold""}",decimal
2022-09-30,2022-11-02,22,10.0,0.0317801778385772,0.03258728388458154,0.0008071060460043411,NS_XGBOOST,NS,direct_change,"{""configurations_evaluated"": 3, ""learning_rate"": 0.05, ""max_depth"": 1, ""n_estimators"": 100, ""n_train"": 4387, ""validation"": ""last purged expanding fold""}",decimal
2022-09-30,2022-11-02,22,15.0,0.0339609937888198,0.03465218558732619,0.0006911917985063867,NS_XGBOOST,NS,direct_change,"{""configurations_evaluated"": 3, ""learning_rate"": 0.05, ""max_depth"": 1, ""n_estimators"": 100, ""n_train"": 4387, ""validation"": ""last purged expanding fold""}",decimal
2022-09-30,2022-11-02,22,20.0,0.0356443888888888,0.03572677485565184,8.2385966763035e-05,NS_XGBOOST,NS,direct_change,"{""configurations_evaluated"": 3, ""learning_rate"": 0.05, ""max_depth"": 1, ""n_estimators"": 100, ""n_train"": 4387, ""validation"": ""last purged expanding fold""}",decimal
2022-09-30,2022-11-02,22,30.0,0.0361,0.03655395704750139,0.0004539570475013896,NS_XGBOOST,NS,direct_change,"{""configurations_evaluated"": 3, ""learning_rate"": 0.05, ""max_depth"": 1, ""n_estimators"": 100, ""n_train"": 4387, ""validation"": ""last purged expanding fold""}",decimal
2022-09-30,2022-11-02,22,0.25,0.0237314285714285,0.020991171174517455,-0.002740257396911045,PCA_XGBOOST,PCA,direct_change,"{""configurations_evaluated"": 3, ""learning_rate"": 0.05, ""max_depth"": 1, ""n_estimators"": 100, ""n_train"": 4387, ""validation"": ""last purged expanding fold""}",decimal
2022-09-30,2022-11-02,22,0.5,0.023995314285714203,0.02172019109769446,-0.0022751231880197426,PCA_XGBOOST,PCA,direct_change,"{""configurations_evaluated"": 3, ""learning_rate"": 0.05, ""max_depth"": 1, ""n_estimators"": 100, ""n_train"": 4387, ""validation"": ""last purged expanding fold""}",decimal
2022-09-30,2022-11-02,22,1.0,0.026705683188057005,0.023063445180275026,-0.003642238007781979,PCA_XGBOOST,PCA,direct_change,"{""configurations_evaluated"": 3, ""learning_rate"": 0.05, ""max_depth"": 1, ""n_estimators"": 100, ""n_train"": 4387, ""validation"": ""last purged expanding fold""}",decimal
2022-09-30,2022-11-02,22,2.0,0.024742,0.025235006758352187,0.0004930067583521873,PCA_XGBOOST,PCA,direct_change,"{""configurations_evaluated"": 3, ""learning_rate"": 0.05, ""max_depth"": 1, ""n_estimators"": 100, ""n_train"": 4387, ""validation"": ""last purged expanding fold""}",decimal
2022-09-30,2022-11-02,22,5.0,0.0277846132848043,0.028232402742396863,0.0004477894575925616,PCA_XGBOOST,PCA,direct_change,"{""configurations_evaluated"": 3, ""learning_rate"": 0.05, ""max_depth"": 1, ""n_estimators"": 100, ""n_train"": 4387, ""validation"": ""last purged expanding fold""}",decimal
2022-09-30,2022-11-02,22,10.0,0.0317801778385772,0.032109034193855995,0.00032885635527879487,PCA_XGBOOST,PCA,direct_change,"{""configurations_evaluated"": 3, ""learning_rate"": 0.05, ""max_depth"": 1, ""n_estimators"": 100, ""n_train"": 4387, ""validation"": ""last purged expanding fold""}",decimal
2022-09-30,2022-11-02,22,15.0,0.0339609937888198,0.03491527209895806,0.0009542783101382582,PCA_XGBOOST,PCA,direct_change,"{""configurations_evaluated"": 3, ""learning_rate"": 0.05, ""max_depth"": 1, ""n_estimators"": 100, ""n_train"": 4387, ""validation"": ""last purged expanding fold""}",decimal
2022-09-30,2022-11-02,22,20.0,0.0356443888888888,0.03492928199578305,-0.0007151068931057492,PCA_XGBOOST,PCA,direct_change,"{""configurations_evaluated"": 3, ""learning_rate"": 0.05, ""max_depth"": 1, ""n_estimators"": 100, ""n_train"": 4387, ""validation"": ""last purged expanding fold""}",decimal
2022-09-30,2022-11-02,22,30.0,0.0361,0.03665417505786309,0.0005541750578630933,PCA_XGBOOST,PCA,direct_change,"{""configurations_evaluated"": 3, ""learning_rate"": 0.05, ""max_depth"": 1, ""n_estimators"": 100, ""n_train"": 4387, ""validation"": ""last purged expanding fold""}",decimal
2022-10-31,2022-11-07,5,0.25,0.023895,0.023813814410539515,-8.118558946048487e-05,NS_XGBOOST,NS,direct_change,"{""configurations_evaluated"": 3, ""learning_rate"": 0.05, ""max_depth"": 1, ""n_estimators"": 100, ""n_train"": 4424, ""validation"": ""last purged expanding fold""}",decimal
2022-10-31,2022-11-07,5,0.5,0.024004374999999998,0.024102415157061772,9.804015706177394e-05,NS_XGBOOST,NS,direct_change,"{""configurations_evaluated"": 3, ""learning_rate"": 0.05, ""max_depth"": 1, ""n_estimators"": 100, ""n_train"": 4424, ""validation"": ""last purged expanding fold""}",decimal
2022-10-31,2022-11-07,5,1.0,0.0265332460165999,0.024660288719298935,-0.0018729572973009631,NS_XGBOOST,NS,direct_change,"{""configurations_evaluated"": 3, ""learning_rate"": 0.05, ""max_depth"": 1, ""n_estimators"": 100, ""n_train"": 4424, ""validation"": ""last purged expanding fold""}",decimal
2022-10-31,2022-11-07,5,2.0,0.0259905921052631,0.02570314540058652,-0.0002874467046765812,NS_XGBOOST,NS,direct_change,"{""configurations_evaluated"": 3, ""learning_rate"": 0.05, ""max_depth"": 1, ""n_estimators"": 100, ""n_train"": 4424, ""validation"": ""last purged expanding fold""}",decimal
2022-10-31,2022-11-07,5,5.0,0.027842155388471103,0.02832887833340598,0.0004867229449348788,NS_XGBOOST,NS,direct_change,"{""configurations_evaluated"": 3, ""learning_rate"": 0.05, ""max_depth"": 1, ""n_estimators"": 100, ""n_train"": 4424, ""validation"": ""last purged expanding fold""}",decimal
2022-10-31,2022-11-07,5,10.0,0.0316004587155963,0.03144866225911164,-0.00015179645648466522,NS_XGBOOST,NS,direct_change,"{""configurations_evaluated"": 3, ""learning_rate"": 0.05, ""max_depth"": 1, ""n_estimators"": 100, ""n_train"": 4424, ""validation"": ""last purged expanding fold""}",decimal
2022-10-31,2022-11-07,5,15.0,0.033954467741935404,0.03352908612972076,-0.00042538161221464255,NS_XGBOOST,NS,direct_change,"{""configurations_evaluated"": 3, ""learning_rate"": 0.05, ""max_depth"": 1, ""n_estimators"": 100, ""n_train"": 4424, ""validation"": ""last purged expanding fold""}",decimal
2022-10-31,2022-11-07,5,20.0,0.0353493344709897,0.0349577875140733,-0.00039154695691639985,NS_XGBOOST,NS,direct_change,"{""configurations_evaluated"": 3, ""learning_rate"": 0.05, ""max_depth"": 1, ""n_estimators"": 100, ""n_train"": 4424, ""validation"": ""last purged expanding fold""}",decimal
2022-10-31,2022-11-07,5,30.0,0.0361,0.036705940581012786,0.0006059405810127858,NS_XGBOOST,NS,direct_change,"{""configurations_evaluated"": 3, ""learning_rate"": 0.05, ""max_depth"": 1, ""n_estimators"": 100, ""n_train"": 4424, ""validation"": ""last purged expanding fold""}",decimal
2022-10-31,2022-11-07,5,0.25,0.023895,0.023452494689897647,-0.0004425053101023528,PCA_XGBOOST,PCA,direct_change,"{""configurations_evaluated"": 3, ""learning_rate"": 0.03, ""max_depth"": 2, ""n_estimators"": 180, ""n_train"": 4424, ""validation"": ""last purged expanding fold""}",decimal
2022-10-31,2022-11-07,5,0.5,0.024004374999999998,0.023972038190063574,-3.233680993642435e-05,PCA_XGBOOST,PCA,direct_change,"{""configurations_evaluated"": 3, ""learning_rate"": 0.03, ""max_depth"": 2, ""n_estimators"": 180, ""n_train"": 4424, ""validation"": ""last purged expanding fold""}",decimal
2022-10-31,2022-11-07,5,1.0,0.0265332460165999,0.024908555822390398,-0.0016246901942095007,PCA_XGBOOST,PCA,direct_change,"{""configurations_evaluated"": 3, ""learning_rate"": 0.03, ""max_depth"": 2, ""n_estimators"": 180, ""n_train"": 4424, ""validation"": ""last purged expanding fold""}",decimal
2022-10-31,2022-11-07,5,2.0,0.0259905921052631,0.026524225071517114,0.0005336329662540135,PCA_XGBOOST,PCA,direct_change,"{""configurations_evaluated"": 3, ""learning_rate"": 0.03, ""max_depth"": 2, ""n_estimators"": 180, ""n_train"": 4424, ""validation"": ""last purged expanding fold""}",decimal
2022-10-31,2022-11-07,5,5.0,0.027842155388471103,0.028644998751303205,0.0008028433628321022,PCA_XGBOOST,PCA,direct_change,"{""configurations_evaluated"": 3, ""learning_rate"": 0.03, ""max_depth"": 2, ""n_estimators"": 180, ""n_train"": 4424, ""validation"": ""last purged expanding fold""}",decimal
2022-10-31,2022-11-07,5,10.0,0.0316004587155963,0.03168129447045914,8.083575486284023e-05,PCA_XGBOOST,PCA,direct_change,"{""configurations_evaluated"": 3, ""learning_rate"": 0.03, ""max_depth"": 2, ""n_estimators"": 180, ""n_train"": 4424, ""validation"": ""last purged expanding fold""}",decimal
2022-10-31,2022-11-07,5,15.0,0.033954467741935404,0.034127817097449456,0.00017334935551405195,PCA_XGBOOST,PCA,direct_change,"{""configurations_evaluated"": 3, ""learning_rate"": 0.03, ""max_depth"": 2, ""n_estimators"": 180, ""n_train"": 4424, ""validation"": ""last purged expanding fold""}",decimal
2022-10-31,2022-11-07,5,20.0,0.0353493344709897,0.03459102041782959,-0.0007583140531601112,PCA_XGBOOST,PCA,direct_change,"{""configurations_evaluated"": 3, ""learning_rate"": 0.03, ""max_depth"": 2, ""n_estimators"": 180, ""n_train"": 4424, ""validation"": ""last purged expanding fold""}",decimal
2022-10-31,2022-11-07,5,30.0,0.0361,0.0370781444004188,0.0009781444004188025,PCA_XGBOOST,PCA,direct_change,"{""configurations_evaluated"": 3, ""learning_rate"": 0.03, ""max_depth"": 2, ""n_estimators"": 180, ""n_train"": 4424, ""validation"": ""last purged expanding fold""}",decimal
2022-10-31,2022-11-14,10,0.25,0.024399999999999998,0.02384790851428912,-0.0005520914857108788,NS_XGBOOST,NS,direct_change,"{""configurations_evaluated"": 3, ""learning_rate"": 0.05, ""max_depth"": 1, ""n_estimators"": 100, ""n_train"": 4419, ""validation"": ""last purged expanding fold""}",decimal
2022-10-31,2022-11-14,10,0.5,0.0259,0.024130546565343768,-0.0017694534346562318,NS_XGBOOST,NS,direct_change,"{""configurations_evaluated"": 3, ""learning_rate"": 0.05, ""max_depth"": 1, ""n_estimators"": 100, ""n_train"": 4419, ""validation"": ""last purged expanding fold""}",decimal
2022-10-31,2022-11-14,10,1.0,0.0268,0.024677126339072784,-0.0021228736609272165,NS_XGBOOST,NS,direct_change,"{""configurations_evaluated"": 3, ""learning_rate"": 0.05, ""max_depth"": 1, ""n_estimators"": 100, ""n_train"": 4419, ""validation"": ""last purged expanding fold""}",decimal
2022-10-31,2022-11-14,10,2.0,0.0273,0.025699733489053127,-0.0016002665109468746,NS_XGBOOST,NS,direct_change,"{""configurations_evaluated"": 3, ""learning_rate"": 0.05, ""max_depth"": 1, ""n_estimators"": 100, ""n_train"": 4419, ""validation"": ""last purged expanding fold""}",decimal
2022-10-31,2022-11-14,10,5.0,0.0279,0.02828008791384,0.0003800879138399979,NS_XGBOOST,NS,direct_change,"{""configurations_evaluated"": 3, ""learning_rate"": 0.05, ""max_depth"": 1, ""n_estimators"": 100, ""n_train"": 4419, ""validation"": ""last purged expanding fold""}",decimal
2022-10-31,2022-11-14,10,10.0,0.0313,0.03135892700767938,5.892700767937825e-05,NS_XGBOOST,NS,direct_change,"{""configurations_evaluated"": 3, ""learning_rate"": 0.05, ""max_depth"": 1, ""n_estimators"": 100, ""n_train"": 4419, ""validation"": ""last purged expanding fold""}",decimal
2022-10-31,2022-11-14,10,15.0,0.0337,0.03342250369281262,-0.0002774963071873818,NS_XGBOOST,NS,direct_change,"{""configurations_evaluated"": 3, ""learning_rate"": 0.05, ""max_depth"": 1, ""n_estimators"": 100, ""n_train"": 4419, ""validation"": ""last purged expanding fold""}",decimal
2022-10-31,2022-11-14,10,20.0,0.0357,0.034846078551546464,-0.0008539214484535387,NS_XGBOOST,NS,direct_change,"{""configurations_evaluated"": 3, ""learning_rate"": 0.05, ""max_depth"": 1, ""n_estimators"": 100, ""n_train"": 4419, ""validation"": ""last purged expanding fold""}",decimal
2022-10-31,2022-11-14,10,30.0,0.0361,0.03659710752924015,0.0004971075292401483,NS_XGBOOST,NS,direct_change,"{""configurations_evaluated"": 3, ""learning_rate"": 0.05, ""max_depth"": 1, ""n_estimators"": 100, ""n_train"": 4419, ""validation"": ""last purged expanding fold""}",decimal
2022-10-31,2022-11-14,10,0.25,0.024399999999999998,0.023562165971932322,-0.0008378340280676758,PCA_XGBOOST,PCA,direct_change,"{""configurations_evaluated"": 3, ""learning_rate"": 0.05, ""max_depth"": 1, ""n_estimators"": 100, ""n_train"": 4419, ""validation"": ""last purged expanding fold""}",decimal
2022-10-31,2022-11-14,10,0.5,0.0259,0.02408008316547047,-0.00181991683452953,PCA_XGBOOST,PCA,direct_change,"{""configurations_evaluated"": 3, ""learning_rate"": 0.05, ""max_depth"": 1, ""n_estimators"": 100, ""n_train"": 4419, ""validation"": ""last purged expanding fold""}",decimal
2022-10-31,2022-11-14,10,1.0,0.0268,0.02501311490116475,-0.001786885098835251,PCA_XGBOOST,PCA,direct_change,"{""configurations_evaluated"": 3, ""learning_rate"": 0.05, ""max_depth"": 1, ""n_estimators"": 100, ""n_train"": 4419, ""validation"": ""last purged expanding fold""}",decimal
2022-10-31,2022-11-14,10,2.0,0.0273,0.026624381039005208,-0.0006756189609947935,PCA_XGBOOST,PCA,direct_change,"{""configurations_evaluated"": 3, ""learning_rate"": 0.05, ""max_depth"": 1, ""n_estimators"": 100, ""n_train"": 4419, ""validation"": ""last purged expanding fold""}",decimal
2022-10-31,2022-11-14,10,5.0,0.0279,0.028743651104498537,0.0008436511044985356,PCA_XGBOOST,PCA,direct_change,"{""configurations_evaluated"": 3, ""learning_rate"": 0.05, ""max_depth"": 1, ""n_estimators"": 100, ""n_train"": 4419, ""validation"": ""last purged expanding fold""}",decimal
2022-10-31,2022-11-14,10,10.0,0.0313,0.03177748761182688,0.0004774876118268795,PCA_XGBOOST,PCA,direct_change,"{""configurations_evaluated"": 3, ""learning_rate"": 0.05, ""max_depth"": 1, ""n_estimators"": 100, ""n_train"": 4419, ""validation"": ""last purged expanding fold""}",decimal
2022-10-31,2022-11-14,10,15.0,0.0337,0.03422518501706327,0.0005251850170632719,PCA_XGBOOST,PCA,direct_change,"{""configurations_evaluated"": 3, ""learning_rate"": 0.05, ""max_depth"": 1, ""n_estimators"": 100, ""n_train"": 4419, ""validation"": ""last purged expanding fold""}",decimal
2022-10-31,2022-11-14,10,20.0,0.0357,0.03470080773923308,-0.0009991922607669249,PCA_XGBOOST,PCA,direct_change,"{""configurations_evaluated"": 3, ""learning_rate"": 0.05, ""max_depth"": 1, ""n_estimators"": 100, ""n_train"": 4419, ""validation"": ""last purged expanding fold""}",decimal
2022-10-31,2022-11-14,10,30.0,0.0361,0.03717752903738059,0.0010775290373805924,PCA_XGBOOST,PCA,direct_change,"{""configurations_evaluated"": 3, ""learning_rate"": 0.05, ""max_depth"": 1, ""n_estimators"": 100, ""n_train"": 4419, ""validation"": ""last purged expanding fold""}",decimal
2022-10-31,2022-12-01,22,0.25,0.0258,0.023978109631444033,-0.0018218903685559666,NS_XGBOOST,NS,direct_change,"{""configurations_evaluated"": 3, ""learning_rate"": 0.05, ""max_depth"": 1, ""n_estimators"": 100, ""n_train"": 4407, ""validation"": ""last purged expanding fold""}",decimal
2022-10-31,2022-12-01,22,0.5,0.0268,0.024284999164656478,-0.0025150008353435234,NS_XGBOOST,NS,direct_change,"{""configurations_evaluated"": 3, ""learning_rate"": 0.05, ""max_depth"": 1, ""n_estimators"": 100, ""n_train"": 4407, ""validation"": ""last purged expanding fold""}",decimal
2022-10-31,2022-12-01,22,1.0,0.029000000000000005,0.024876821813375725,-0.00412317818662428,NS_XGBOOST,NS,direct_change,"{""configurations_evaluated"": 3, ""learning_rate"": 0.05, ""max_depth"": 1, ""n_estimators"": 100, ""n_train"": 4407, ""validation"": ""last purged expanding fold""}",decimal
2022-10-31,2022-12-01,22,2.0,0.0302,0.02597792918883141,-0.004222070811168592,NS_XGBOOST,NS,direct_change,"{""configurations_evaluated"": 3, ""learning_rate"": 0.05, ""max_depth"": 1, ""n_estimators"": 100, ""n_train"": 4407, ""validation"": ""last purged expanding fold""}",decimal
2022-10-31,2022-12-01,22,5.0,0.0294,0.028716447502306765,-0.0006835524976932343,NS_XGBOOST,NS,direct_change,"{""configurations_evaluated"": 3, ""learning_rate"": 0.05, ""max_depth"": 1, ""n_estimators"": 100, ""n_train"": 4407, ""validation"": ""last purged expanding fold""}",decimal
2022-10-31,2022-12-01,22,10.0,0.0321,0.03189184657962527,-0.00020815342037472373,NS_XGBOOST,NS,direct_change,"{""configurations_evaluated"": 3, ""learning_rate"": 0.05, ""max_depth"": 1, ""n_estimators"": 100, ""n_train"": 4407, ""validation"": ""last purged expanding fold""}",decimal
2022-10-31,2022-12-01,22,15.0,0.0341,0.033946165171738124,-0.00015383482826187428,NS_XGBOOST,NS,direct_change,"{""configurations_evaluated"": 3, ""learning_rate"": 0.05, ""max_depth"": 1, ""n_estimators"": 100, ""n_train"": 4407, ""validation"": ""last purged expanding fold""}",decimal
2022-10-31,2022-12-01,22,20.0,0.0351,0.03531800286724543,0.0002180028672454301,NS_XGBOOST,NS,direct_change,"{""configurations_evaluated"": 3, ""learning_rate"": 0.05, ""max_depth"": 1, ""n_estimators"": 100, ""n_train"": 4407, ""validation"": ""last purged expanding fold""}",decimal
2022-10-31,2022-12-01,22,30.0,0.0361,0.03694129073774335,0.0008412907377433471,NS_XGBOOST,NS,direct_change,"{""configurations_evaluated"": 3, ""learning_rate"": 0.05, ""max_depth"": 1, ""n_estimators"": 100, ""n_train"": 4407, ""validation"": ""last purged expanding fold""}",decimal
2022-10-31,2022-12-01,22,0.25,0.0258,0.023818457096562586,-0.0019815429034374145,PCA_XGBOOST,PCA,direct_change,"{""configurations_evaluated"": 3, ""learning_rate"": 0.05, ""max_depth"": 1, ""n_estimators"": 100, ""n_train"": 4407, ""validation"": ""last purged expanding fold""}",decimal
2022-10-31,2022-12-01,22,0.5,0.0268,0.02433447840131489,-0.00246552159868511,PCA_XGBOOST,PCA,direct_change,"{""configurations_evaluated"": 3, ""learning_rate"": 0.05, ""max_depth"": 1, ""n_estimators"": 100, ""n_train"": 4407, ""validation"": ""last purged expanding fold""}",decimal
2022-10-31,2022-12-01,22,1.0,0.029000000000000005,0.025260947312879523,-0.0037390526871204817,PCA_XGBOOST,PCA,direct_change,"{""configurations_evaluated"": 3, ""learning_rate"": 0.05, ""max_depth"": 1, ""n_estimators"": 100, ""n_train"": 4407, ""validation"": ""last purged expanding fold""}",decimal
2022-10-31,2022-12-01,22,2.0,0.0302,0.026863277265234298,-0.0033367227347657034,PCA_XGBOOST,PCA,direct_change,"{""configurations_evaluated"": 3, ""learning_rate"": 0.05, ""max_depth"": 1, ""n_estimators"": 100, ""n_train"": 4407, ""validation"": ""last purged expanding fold""}",decimal
2022-10-31,2022-12-01,22,5.0,0.0294,0.028966158688226915,-0.0004338413117730838,PCA_XGBOOST,PCA,direct_change,"{""configurations_evaluated"": 3, ""learning_rate"": 0.05, ""max_depth"": 1, ""n_estimators"": 100, ""n_train"": 4407, ""validation"": ""last purged expanding fold""}",decimal
2022-10-31,2022-12-01,22,10.0,0.0321,0.0319800293453796,-0.00011997065462039658,PCA_XGBOOST,PCA,direct_change,"{""configurations_evaluated"": 3, ""learning_rate"": 0.05, ""max_depth"": 1, ""n_estimators"": 100, ""n_train"": 4407, ""validation"": ""last purged expanding fold""}",decimal
2022-10-31,2022-12-01,22,15.0,0.0341,0.03441560426005122,0.0003156042600512207,PCA_XGBOOST,PCA,direct_change,"{""configurations_evaluated"": 3, ""learning_rate"": 0.05, ""max_depth"": 1, ""n_estimators"": 100, ""n_train"": 4407, ""validation"": ""last purged expanding fold""}",decimal
2022-10-31,2022-12-01,22,20.0,0.0351,0.03488417516006322,-0.00021582483993677626,PCA_XGBOOST,PCA,direct_change,"{""configurations_evaluated"": 3, ""learning_rate"": 0.05, ""max_depth"": 1, ""n_estimators"": 100, ""n_train"": 4407, ""validation"": ""last purged expanding fold""}",decimal
2022-10-31,2022-12-01,22,30.0,0.0361,0.03732384115771588,0.0012238411577158784,PCA_XGBOOST,PCA,direct_change,"{""configurations_evaluated"": 3, ""learning_rate"": 0.05, ""max_depth"": 1, ""n_estimators"": 100, ""n_train"": 4407, ""validation"": ""last purged expanding fold""}",decimal
2022-11-30,2022-12-07,5,0.25,0.0279,0.027497856186396556,-0.00040214381360344567,NS_XGBOOST,NS,direct_change,"{""configurations_evaluated"": 3, ""learning_rate"": 0.05, ""max_depth"": 1, ""n_estimators"": 100, ""n_train"": 4445, ""validation"": ""last purged expanding fold""}",decimal
2022-11-30,2022-12-07,5,0.5,0.0286,0.02765735936740269,-0.0009426406325973094,NS_XGBOOST,NS,direct_change,"{""configurations_evaluated"": 3, ""learning_rate"": 0.05, ""max_depth"": 1, ""n_estimators"": 100, ""n_train"": 4445, ""validation"": ""last purged expanding fold""}",decimal
2022-11-30,2022-12-07,5,1.0,0.0294,0.027969160911774465,-0.0014308390882255342,NS_XGBOOST,NS,direct_change,"{""configurations_evaluated"": 3, ""learning_rate"": 0.05, ""max_depth"": 1, ""n_estimators"": 100, ""n_train"": 4445, ""validation"": ""last purged expanding fold""}",decimal
2022-11-30,2022-12-07,5,2.0,0.0298,0.028564935857793978,-0.0012350641422060223,NS_XGBOOST,NS,direct_change,"{""configurations_evaluated"": 3, ""learning_rate"": 0.05, ""max_depth"": 1, ""n_estimators"": 100, ""n_train"": 4445, ""validation"": ""last purged expanding fold""}",decimal
2022-11-30,2022-12-07,5,5.0,0.0302,0.030148924602007524,-5.10753979924769e-05,NS_XGBOOST,NS,direct_change,"{""configurations_evaluated"": 3, ""learning_rate"": 0.05, ""max_depth"": 1, ""n_estimators"": 100, ""n_train"": 4445, ""validation"": ""last purged expanding fold""}",decimal
2022-11-30,2022-12-07,5,10.0,0.0319,0.0322251519337911,0.0003251519337911027,NS_XGBOOST,NS,direct_change,"{""configurations_evaluated"": 3, ""learning_rate"": 0.05, ""max_depth"": 1, ""n_estimators"": 100, ""n_train"": 4445, ""validation"": ""last purged expanding fold""}",decimal
2022-11-30,2022-12-07,5,15.0,0.034,0.03376622728735981,-0.00023377271264019006,NS_XGBOOST,NS,direct_change,"{""configurations_evaluated"": 3, ""learning_rate"": 0.05, ""max_depth"": 1, ""n_estimators"": 100, ""n_train"": 4445, ""validation"": ""last purged expanding fold""}",decimal
2022-11-30,2022-12-07,5,20.0,0.0352,0.03492099550821962,-0.00027900449178037967,NS_XGBOOST,NS,direct_change,"{""configurations_evaluated"": 3, ""learning_rate"": 0.05, ""max_depth"": 1, ""n_estimators"": 100, ""n_train"": 4445, ""validation"": ""last purged expanding fold""}",decimal
2022-11-30,2022-12-07,5,30.0,0.0361,0.03647092753708793,0.00037092753708792975,NS_XGBOOST,NS,direct_change,"{""configurations_evaluated"": 3, ""learning_rate"": 0.05, ""max_depth"": 1, ""n_estimators"": 100, ""n_train"": 4445, ""validation"": ""last purged expanding fold""}",decimal
2022-11-30,2022-12-07,5,0.25,0.0279,0.0270342286308774,-0.0008657713691226018,PCA_XGBOOST,PCA,direct_change,"{""configurations_evaluated"": 3, ""learning_rate"": 0.03, ""max_depth"": 2, ""n_estimators"": 180, ""n_train"": 4445, ""validation"": ""last purged expanding fold""}",decimal
2022-11-30,2022-12-07,5,0.5,0.0286,0.027434227236396942,-0.0011657727636030582,PCA_XGBOOST,PCA,direct_change,"{""configurations_evaluated"": 3, ""learning_rate"": 0.03, ""max_depth"": 2, ""n_estimators"": 180, ""n_train"": 4445, ""validation"": ""last purged expanding fold""}",decimal
2022-11-30,2022-12-07,5,1.0,0.0294,0.028092934074451598,-0.0013070659255484014,PCA_XGBOOST,PCA,direct_change,"{""configurations_evaluated"": 3, ""learning_rate"": 0.03, ""max_depth"": 2, ""n_estimators"": 180, ""n_train"": 4445, ""validation"": ""last purged expanding fold""}",decimal
2022-11-30,2022-12-07,5,2.0,0.0298,0.029280510830521925,-0.0005194891694780754,PCA_XGBOOST,PCA,direct_change,"{""configurations_evaluated"": 3, ""learning_rate"": 0.03, ""max_depth"": 2, ""n_estimators"": 180, ""n_train"": 4445, ""validation"": ""last purged expanding fold""}",decimal
2022-11-30,2022-12-07,5,5.0,0.0302,0.030386364919639152,0.00018636491963915092,PCA_XGBOOST,PCA,direct_change,"{""configurations_evaluated"": 3, ""learning_rate"": 0.03, ""max_depth"": 2, ""n_estimators"": 180, ""n_train"": 4445, ""validation"": ""last purged expanding fold""}",decimal
2022-11-30,2022-12-07,5,10.0,0.0319,0.03242204592886996,0.0005220459288699589,PCA_XGBOOST,PCA,direct_change,"{""configurations_evaluated"": 3, ""learning_rate"": 0.03, ""max_depth"": 2, ""n_estimators"": 180, ""n_train"": 4445, ""validation"": ""last purged expanding fold""}",decimal
2022-11-30,2022-12-07,5,15.0,0.034,0.03423837128789112,0.00023837128789111484,PCA_XGBOOST,PCA,direct_change,"{""configurations_evaluated"": 3, ""learning_rate"": 0.03, ""max_depth"": 2, ""n_estimators"": 180, ""n_train"": 4445, ""validation"": ""last purged expanding fold""}",decimal
2022-11-30,2022-12-07,5,20.0,0.0352,0.0342453953028991,-0.0009546046971009026,PCA_XGBOOST,PCA,direct_change,"{""configurations_evaluated"": 3, ""learning_rate"": 0.03, ""max_depth"": 2, ""n_estimators"": 180, ""n_train"": 4445, ""validation"": ""last purged expanding fold""}",decimal
2022-11-30,2022-12-07,5,30.0,0.0361,0.03673776619602692,0.0006377661960269218,PCA_XGBOOST,PCA,direct_change,"{""configurations_evaluated"": 3, ""learning_rate"": 0.03, ""max_depth"": 2, ""n_estimators"": 180, ""n_train"": 4445, ""validation"": ""last purged expanding fold""}",decimal
2022-11-30,2022-12-14,10,0.25,0.0278,0.027546970299251745,-0.00025302970074825293,NS_XGBOOST,NS,direct_change,"{""configurations_evaluated"": 3, ""learning_rate"": 0.05, ""max_depth"": 1, ""n_estimators"": 100, ""n_train"": 4440, ""validation"": ""last purged expanding fold""}",decimal
2022-11-30,2022-12-14,10,0.5,0.0306999999999999,0.02770602132122738,-0.002993978678772522,NS_XGBOOST,NS,direct_change,"{""configurations_evaluated"": 3, ""learning_rate"": 0.05, ""max_depth"": 1, ""n_estimators"": 100, ""n_train"": 4440, ""validation"": ""last purged expanding fold""}",decimal
2022-11-30,2022-12-14,10,1.0,0.0288681772957938,0.02801678632485512,-0.0008513909709386806,NS_XGBOOST,NS,direct_change,"{""configurations_evaluated"": 3, ""learning_rate"": 0.05, ""max_depth"": 1, ""n_estimators"": 100, ""n_train"": 4440, ""validation"": ""last purged expanding fold""}",decimal
2022-11-30,2022-12-14,10,2.0,0.029807863777089702,0.02861002024730675,-0.0011978435297829507,NS_XGBOOST,NS,direct_change,"{""configurations_evaluated"": 3, ""learning_rate"": 0.05, ""max_depth"": 1, ""n_estimators"": 100, ""n_train"": 4440, ""validation"": ""last purged expanding fold""}",decimal
2022-11-30,2022-12-14,10,5.0,0.0294340880503144,0.03018368882113322,0.0007496007708188215,NS_XGBOOST,NS,direct_change,"{""configurations_evaluated"": 3, ""learning_rate"": 0.05, ""max_depth"": 1, ""n_estimators"": 100, ""n_train"": 4440, ""validation"": ""last purged expanding fold""}",decimal
2022-11-30,2022-12-14,10,10.0,0.0320254351687389,0.032238578657921964,0.00021314348918306109,NS_XGBOOST,NS,direct_change,"{""configurations_evaluated"": 3, ""learning_rate"": 0.05, ""max_depth"": 1, ""n_estimators"": 100, ""n_train"": 4440, ""validation"": ""last purged expanding fold""}",decimal
2022-11-30,2022-12-14,10,15.0,0.0339450975177305,0.03375810928466543,-0.0001869882330650663,NS_XGBOOST,NS,direct_change,"{""configurations_evaluated"": 3, ""learning_rate"": 0.05, ""max_depth"": 1, ""n_estimators"": 100, ""n_train"": 4440, ""validation"": ""last purged expanding fold""}",decimal
2022-11-30,2022-12-14,10,20.0,0.0351924561403508,0.034893574266586805,-0.00029888187376399256,NS_XGBOOST,NS,direct_change,"{""configurations_evaluated"": 3, ""learning_rate"": 0.05, ""max_depth"": 1, ""n_estimators"": 100, ""n_train"": 4440, ""validation"": ""last purged expanding fold""}",decimal
2022-11-30,2022-12-14,10,30.0,0.03608,0.036413486276624565,0.0003334862766245644,NS_XGBOOST,NS,direct_change,"{""configurations_evaluated"": 3, ""learning_rate"": 0.05, ""max_depth"": 1, ""n_estimators"": 100, ""n_train"": 4440, ""validation"": ""last purged expanding fold""}",decimal
2022-11-30,2022-12-14,10,0.25,0.0278,0.027164534456858146,-0.0006354655431418527,PCA_XGBOOST,PCA,direct_change,"{""configurations_evaluated"": 3, ""learning_rate"": 0.05, ""max_depth"": 1, ""n_estimators"": 100, ""n_train"": 4440, ""validation"": ""last purged expanding fold""}",decimal
2022-11-30,2022-12-14,10,0.5,0.0306999999999999,0.0275618681499639,-0.0031381318500360023,PCA_XGBOOST,PCA,direct_change,"{""configurations_evaluated"": 3, ""learning_rate"": 0.05, ""max_depth"": 1, ""n_estimators"": 100, ""n_train"": 4440, ""validation"": ""last purged expanding fold""}",decimal
2022-11-30,2022-12-14,10,1.0,0.0288681772957938,0.02821458070589278,-0.0006535965899010197,PCA_XGBOOST,PCA,direct_change,"{""configurations_evaluated"": 3, ""learning_rate"": 0.05, ""max_depth"": 1, ""n_estimators"": 100, ""n_train"": 4440, ""validation"": ""last purged expanding fold""}",decimal
2022-11-30,2022-12-14,10,2.0,0.029807863777089702,0.029394052372249898,-0.0004138114048398041,PCA_XGBOOST,PCA,direct_change,"{""configurations_evaluated"": 3, ""learning_rate"": 0.05, ""max_depth"": 1, ""n_estimators"": 100, ""n_train"": 4440, ""validation"": ""last purged expanding fold""}",decimal
2022-11-30,2022-12-14,10,5.0,0.0294340880503144,0.030487330282376858,0.001053242232062459,PCA_XGBOOST,PCA,direct_change,"{""configurations_evaluated"": 3, ""learning_rate"": 0.05, ""max_depth"": 1, ""n_estimators"": 100, ""n_train"": 4440, ""validation"": ""last purged expanding fold""}",decimal
2022-11-30,2022-12-14,10,10.0,0.0320254351687389,0.03250929279957238,0.00048385763083347993,PCA_XGBOOST,PCA,direct_change,"{""configurations_evaluated"": 3, ""learning_rate"": 0.05, ""max_depth"": 1, ""n_estimators"": 100, ""n_train"": 4440, ""validation"": ""last purged expanding fold""}",decimal
2022-11-30,2022-12-14,10,15.0,0.0339450975177305,0.03431908099062826,0.00037398347289776396,PCA_XGBOOST,PCA,direct_change,"{""configurations_evaluated"": 3, ""learning_rate"": 0.05, ""max_depth"": 1, ""n_estimators"": 100, ""n_train"": 4440, ""validation"": ""last purged expanding fold""}",decimal
2022-11-30,2022-12-14,10,20.0,0.0351924561403508,0.0343296789460421,-0.0008627771943086962,PCA_XGBOOST,PCA,direct_change,"{""configurations_evaluated"": 3, ""learning_rate"": 0.05, ""max_depth"": 1, ""n_estimators"": 100, ""n_train"": 4440, ""validation"": ""last purged expanding fold""}",decimal
2022-11-30,2022-12-14,10,30.0,0.03608,0.03681326193401399,0.0007332619340139901,PCA_XGBOOST,PCA,direct_change,"{""configurations_evaluated"": 3, ""learning_rate"": 0.05, ""max_depth"": 1, ""n_estimators"": 100, ""n_train"": 4440, ""validation"": ""last purged expanding fold""}",decimal
2022-11-30,2023-01-02,22,0.25,0.030166753246753202,0.027660821240102915,-0.002505932006650287,NS_XGBOOST,NS,direct_change,"{""configurations_evaluated"": 3, ""learning_rate"": 0.05, ""max_depth"": 1, ""n_estimators"": 100, ""n_train"": 4428, ""validation"": ""last purged expanding fold""}",decimal
2022-11-30,2023-01-02,22,0.5,0.030056428571428498,0.0278228397608371,-0.0022335888105913977,NS_XGBOOST,NS,direct_change,"{""configurations_evaluated"": 3, ""learning_rate"": 0.05, ""max_depth"": 1, ""n_estimators"": 100, ""n_train"": 4428, ""validation"": ""last purged expanding fold""}",decimal
2022-11-30,2023-01-02,22,1.0,0.0296593259846109,0.02813896886997119,-0.0015203571146397109,NS_XGBOOST,NS,direct_change,"{""configurations_evaluated"": 3, ""learning_rate"": 0.05, ""max_depth"": 1, ""n_estimators"": 100, ""n_train"": 4428, ""validation"": ""last purged expanding fold""}",decimal
2022-11-30,2023-01-02,22,2.0,0.0303175438596491,0.028740848340205512,-0.0015766955194435883,NS_XGBOOST,NS,direct_change,"{""configurations_evaluated"": 3, ""learning_rate"": 0.05, ""max_depth"": 1, ""n_estimators"": 100, ""n_train"": 4428, ""validation"": ""last purged expanding fold""}",decimal
2022-11-30,2023-01-02,22,5.0,0.0297608791208791,0.030327302325365024,0.0005664232044859246,NS_XGBOOST,NS,direct_change,"{""configurations_evaluated"": 3, ""learning_rate"": 0.05, ""max_depth"": 1, ""n_estimators"": 100, ""n_train"": 4428, ""validation"": ""last purged expanding fold""}",decimal
2022-11-30,2023-01-02,22,10.0,0.0318838532110091,0.032376599195759345,0.0004927459847502424,NS_XGBOOST,NS,direct_change,"{""configurations_evaluated"": 3, ""learning_rate"": 0.05, ""max_depth"": 1, ""n_estimators"": 100, ""n_train"": 4428, ""validation"": ""last purged expanding fold""}",decimal
2022-11-30,2023-01-02,22,15.0,0.0341411675824175,0.033875645960015355,-0.0002655216224021484,NS_XGBOOST,NS,direct_change,"{""configurations_evaluated"": 3, ""learning_rate"": 0.05, ""max_depth"": 1, ""n_estimators"": 100, ""n_train"": 4428, ""validation"": ""last purged expanding fold""}",decimal
2022-11-30,2023-01-02,22,20.0,0.0354601311475409,0.034986720733889365,-0.00047341041365153713,NS_XGBOOST,NS,direct_change,"{""configurations_evaluated"": 3, ""learning_rate"": 0.05, ""max_depth"": 1, ""n_estimators"": 100, ""n_train"": 4428, ""validation"": ""last purged expanding fold""}",decimal
2022-11-30,2023-01-02,22,30.0,0.03612,0.036462130685883304,0.00034213068588330453,NS_XGBOOST,NS,direct_change,"{""configurations_evaluated"": 3, ""learning_rate"": 0.05, ""max_depth"": 1, ""n_estimators"": 100, ""n_train"": 4428, ""validation"": ""last purged expanding fold""}",decimal
2022-11-30,2023-01-02,22,0.25,0.030166753246753202,0.02742254586233684,-0.002744207384416362,PCA_XGBOOST,PCA,direct_change,"{""configurations_evaluated"": 3, ""learning_rate"": 0.05, ""max_depth"": 1, ""n_estimators"": 100, ""n_train"": 4428, ""validation"": ""last purged expanding fold""}",decimal
2022-11-30,2023-01-02,22,0.5,0.030056428571428498,0.027821833939037935,-0.002234594632390563,PCA_XGBOOST,PCA,direct_change,"{""configurations_evaluated"": 3, ""learning_rate"": 0.05, ""max_depth"": 1, ""n_estimators"": 100, ""n_train"": 4428, ""validation"": ""last purged expanding fold""}",decimal
2022-11-30,2023-01-02,22,1.0,0.0296593259846109,0.028473819334583827,-0.0011855066500270732,PCA_XGBOOST,PCA,direct_change,"{""configurations_evaluated"": 3, ""learning_rate"": 0.05, ""max_depth"": 1, ""n_estimators"": 100, ""n_train"": 4428, ""validation"": ""last purged expanding fold""}",decimal
2022-11-30,2023-01-02,22,2.0,0.0303175438596491,0.02965255596391558,-0.0006649878957335209,PCA_XGBOOST,PCA,direct_change,"{""configurations_evaluated"": 3, ""learning_rate"": 0.05, ""max_depth"": 1, ""n_estimators"": 100, ""n_train"": 4428, ""validation"": ""last purged expanding fold""}",decimal
2022-11-30,2023-01-02,22,5.0,0.0297608791208791,0.030737846208451138,0.0009769670875720386,PCA_XGBOOST,PCA,direct_change,"{""configurations_evaluated"": 3, ""learning_rate"": 0.05, ""max_depth"": 1, ""n_estimators"": 100, ""n_train"": 4428, ""validation"": ""last purged expanding fold""}",decimal
2022-11-30,2023-01-02,22,10.0,0.0318838532110091,0.03274625068389113,0.0008623974728820261,PCA_XGBOOST,PCA,direct_change,"{""configurations_evaluated"": 3, ""learning_rate"": 0.05, ""max_depth"": 1, ""n_estimators"": 100, ""n_train"": 4428, ""validation"": ""last purged expanding fold""}",decimal
2022-11-30,2023-01-02,22,15.0,0.0341411675824175,0.034543375523776364,0.00040220794135886057,PCA_XGBOOST,PCA,direct_change,"{""configurations_evaluated"": 3, ""learning_rate"": 0.05, ""max_depth"": 1, ""n_estimators"": 100, ""n_train"": 4428, ""validation"": ""last purged expanding fold""}",decimal
2022-11-30,2023-01-02,22,20.0,0.0354601311475409,0.034527632917552245,-0.000932498229988657,PCA_XGBOOST,PCA,direct_change,"{""configurations_evaluated"": 3, ""learning_rate"": 0.05, ""max_depth"": 1, ""n_estimators"": 100, ""n_train"": 4428, ""validation"": ""last purged expanding fold""}",decimal
2022-11-30,2023-01-02,22,30.0,0.03612,0.036950994744287834,0.0008309947442878343,PCA_XGBOOST,PCA,direct_change,"{""configurations_evaluated"": 3, ""learning_rate"": 0.05, ""max_depth"": 1, ""n_estimators"": 100, ""n_train"": 4428, ""validation"": ""last purged expanding fold""}",decimal
2022-12-30,2023-01-06,5,0.25,0.0317285714285714,0.029831202335785272,-0.0018973690927861254,NS_XGBOOST,NS,direct_change,"{""configurations_evaluated"": 3, ""learning_rate"": 0.05, ""max_depth"": 1, ""n_estimators"": 100, ""n_train"": 4466, ""validation"": ""last purged expanding fold""}",decimal
2022-12-30,2023-01-06,5,0.5,0.0334982142857142,0.0298486937806507,-0.0036495205050635013,NS_XGBOOST,NS,direct_change,"{""configurations_evaluated"": 3, ""learning_rate"": 0.05, ""max_depth"": 1, ""n_estimators"": 100, ""n_train"": 4466, ""validation"": ""last purged expanding fold""}",decimal
2022-12-30,2023-01-06,5,1.0,0.0353774867507123,0.029895633924333313,-0.005481852826378985,NS_XGBOOST,NS,direct_change,"{""configurations_evaluated"": 3, ""learning_rate"": 0.05, ""max_depth"": 1, ""n_estimators"": 100, ""n_train"": 4466, ""validation"": ""last purged expanding fold""}",decimal
2022-12-30,2023-01-06,5,2.0,0.0369201058201058,0.030032127541111567,-0.00688797827899423,NS_XGBOOST,NS,direct_change,"{""configurations_evaluated"": 3, ""learning_rate"": 0.05, ""max_depth"": 1, ""n_estimators"": 100, ""n_train"": 4466, ""validation"": ""last purged expanding fold""}",decimal
2022-12-30,2023-01-06,5,5.0,0.0390284686536485,0.03069267736353491,-0.008335791290113592,NS_XGBOOST,NS,direct_change,"{""configurations_evaluated"": 3, ""learning_rate"": 0.05, ""max_depth"": 1, ""n_estimators"": 100, ""n_train"": 4466, ""validation"": ""last purged expanding fold""}",decimal
2022-12-30,2023-01-06,5,10.0,0.0420746478873239,0.032210722255678156,-0.009863925631645745,NS_XGBOOST,NS,direct_change,"{""configurations_evaluated"": 3, ""learning_rate"": 0.05, ""max_depth"": 1, ""n_estimators"": 100, ""n_train"": 4466, ""validation"": ""last purged expanding fold""}",decimal
2022-12-30,2023-01-06,5,15.0,0.0449532258064516,0.033814073638925225,-0.011139152167526374,NS_XGBOOST,NS,direct_change,"{""configurations_evaluated"": 3, ""learning_rate"": 0.05, ""max_depth"": 1, ""n_estimators"": 100, ""n_train"": 4466, ""validation"": ""last purged expanding fold""}",decimal
2022-12-30,2023-01-06,5,20.0,0.0475243816254416,0.03527932854778449,-0.012245053077657109,NS_XGBOOST,NS,direct_change,"{""configurations_evaluated"": 3, ""learning_rate"": 0.05, ""max_depth"": 1, ""n_estimators"": 100, ""n_train"": 4466, ""validation"": ""last purged expanding fold""}",decimal
2022-12-30,2023-01-06,5,30.0,0.0512,0.03758931553560091,-0.013610684464399093,NS_XGBOOST,NS,direct_change,"{""configurations_evaluated"": 3, ""learning_rate"": 0.05, ""max_depth"": 1, ""n_estimators"": 100, ""n_train"": 4466, ""validation"": ""last purged expanding fold""}",decimal
2022-12-30,2023-01-06,5,0.25,0.0317285714285714,0.029652605578887624,-0.002075965849683774,PCA_XGBOOST,PCA,direct_change,"{""configurations_evaluated"": 3, ""learning_rate"": 0.03, ""max_depth"": 2, ""n_estimators"": 180, ""n_train"": 4466, ""validation"": ""last purged expanding fold""}",decimal
2022-12-30,2023-01-06,5,0.5,0.0334982142857142,0.02987185722047062,-0.0036263570652435816,PCA_XGBOOST,PCA,direct_change,"{""configurations_evaluated"": 3, ""learning_rate"": 0.03, ""max_depth"": 2, ""n_estimators"": 180, ""n_train"": 4466, ""validation"": ""last purged expanding fold""}",decimal
2022-12-30,2023-01-06,5,1.0,0.0353774867507123,0.03016785508836663,-0.005209631662345667,PCA_XGBOOST,PCA,direct_change,"{""configurations_evaluated"": 3, ""learning_rate"": 0.03, ""max_depth"": 2, ""n_estimators"": 180, ""n_train"": 4466, ""validation"": ""last purged expanding fold""}",decimal
2022-12-30,2023-01-06,5,2.0,0.0369201058201058,0.030845105080248972,-0.006075000739856826,PCA_XGBOOST,PCA,direct_change,"{""configurations_evaluated"": 3, ""learning_rate"": 0.03, ""max_depth"": 2, ""n_estimators"": 180, ""n_train"": 4466, ""validation"": ""last purged expanding fold""}",decimal
2022-12-30,2023-01-06,5,5.0,0.0390284686536485,0.031113372959708296,-0.007915095693940204,PCA_XGBOOST,PCA,direct_change,"{""configurations_evaluated"": 3, ""learning_rate"": 0.03, ""max_depth"": 2, ""n_estimators"": 180, ""n_train"": 4466, ""validation"": ""last purged expanding fold""}",decimal
2022-12-30,2023-01-06,5,10.0,0.0420746478873239,0.03238392724490314,-0.009690720642420762,PCA_XGBOOST,PCA,direct_change,"{""configurations_evaluated"": 3, ""learning_rate"": 0.03, ""max_depth"": 2, ""n_estimators"": 180, ""n_train"": 4466, ""validation"": ""last purged expanding fold""}",decimal
2022-12-30,2023-01-06,5,15.0,0.0449532258064516,0.03386792480523092,-0.011085301001220682,PCA_XGBOOST,PCA,direct_change,"{""configurations_evaluated"": 3, ""learning_rate"": 0.03, ""max_depth"": 2, ""n_estimators"": 180, ""n_train"": 4466, ""validation"": ""last purged expanding fold""}",decimal
2022-12-30,2023-01-06,5,20.0,0.0475243816254416,0.03425881532518573,-0.013265566300255868,PCA_XGBOOST,PCA,direct_change,"{""configurations_evaluated"": 3, ""learning_rate"": 0.03, ""max_depth"": 2, ""n_estimators"": 180, ""n_train"": 4466, ""validation"": ""last purged expanding fold""}",decimal
2022-12-30,2023-01-06,5,30.0,0.0512,0.03736220783664221,-0.013837792163357794,PCA_XGBOOST,PCA,direct_change,"{""configurations_evaluated"": 3, ""learning_rate"": 0.03, ""max_depth"": 2, ""n_estimators"": 180, ""n_train"": 4466, ""validation"": ""last purged expanding fold""}",decimal
2022-12-30,2023-01-16,10,0.25,0.0319,0.029720734095074284,-0.002179265904925714,NS_XGBOOST,NS,direct_change,"{""configurations_evaluated"": 3, ""learning_rate"": 0.05, ""max_depth"": 1, ""n_estimators"": 100, ""n_train"": 4461, ""validation"": ""last purged expanding fold""}",decimal
2022-12-30,2023-01-16,10,0.5,0.0335,0.029731631171515362,-0.0037683688284846396,NS_XGBOOST,NS,direct_change,"{""configurations_evaluated"": 3, ""learning_rate"": 0.05, ""max_depth"": 1, ""n_estimators"": 100, ""n_train"": 4461, ""validation"": ""last purged expanding fold""}",decimal
2022-12-30,2023-01-16,10,1.0,0.0351495674394653,0.029765896900564585,-0.005383670538900712,NS_XGBOOST,NS,direct_change,"{""configurations_evaluated"": 3, ""learning_rate"": 0.05, ""max_depth"": 1, ""n_estimators"": 100, ""n_train"": 4461, ""validation"": ""last purged expanding fold""}",decimal
2022-12-30,2023-01-16,10,2.0,0.0367081383519837,0.029878967591760033,-0.006829170760223668,NS_XGBOOST,NS,direct_change,"{""configurations_evaluated"": 3, ""learning_rate"": 0.05, ""max_depth"": 1, ""n_estimators"": 100, ""n_train"": 4461, ""validation"": ""last purged expanding fold""}",decimal
2022-12-30,2023-01-16,10,5.0,0.039043843283582,0.030482297019789294,-0.008561546263792706,NS_XGBOOST,NS,direct_change,"{""configurations_evaluated"": 3, ""learning_rate"": 0.05, ""max_depth"": 1, ""n_estimators"": 100, ""n_train"": 4461, ""validation"": ""last purged expanding fold""}",decimal
2022-12-30,2023-01-16,10,10.0,0.0420602758620689,0.03193641463450453,-0.010123861227564368,NS_XGBOOST,NS,direct_change,"{""configurations_evaluated"": 3, ""learning_rate"": 0.05, ""max_depth"": 1, ""n_estimators"": 100, ""n_train"": 4461, ""validation"": ""last purged expanding fold""}",decimal
2022-12-30,2023-01-16,10,15.0,0.044965067945643394,0.033500408638521224,-0.01146465930712217,NS_XGBOOST,NS,direct_change,"{""configurations_evaluated"": 3, ""learning_rate"": 0.05, ""max_depth"": 1, ""n_estimators"": 100, ""n_train"": 4461, ""validation"": ""last purged expanding fold""}",decimal
2022-12-30,2023-01-16,10,20.0,0.0475293046357615,0.03494065176595629,-0.012588652869805213,NS_XGBOOST,NS,direct_change,"{""configurations_evaluated"": 3, ""learning_rate"": 0.05, ""max_depth"": 1, ""n_estimators"": 100, ""n_train"": 4461, ""validation"": ""last purged expanding fold""}",decimal
2022-12-30,2023-01-16,10,30.0,0.0512,0.037222897512484476,-0.013977102487515526,NS_XGBOOST,NS,direct_change,"{""configurations_evaluated"": 3, ""learning_rate"": 0.05, ""max_depth"": 1, ""n_estimators"": 100, ""n_train"": 4461, ""validation"": ""last purged expanding fold""}",decimal
2022-12-30,2023-01-16,10,0.25,0.0319,0.029753784379524095,-0.0021462156204759032,PCA_XGBOOST,PCA,direct_change,"{""configurations_evaluated"": 3, ""learning_rate"": 0.05, ""max_depth"": 1, ""n_estimators"": 100, ""n_train"": 4461, ""validation"": ""last purged expanding fold""}",decimal
2022-12-30,2023-01-16,10,0.5,0.0335,0.029984458941113654,-0.0035155410588863477,PCA_XGBOOST,PCA,direct_change,"{""configurations_evaluated"": 3, ""learning_rate"": 0.05, ""max_depth"": 1, ""n_estimators"": 100, ""n_train"": 4461, ""validation"": ""last purged expanding fold""}",decimal
2022-12-30,2023-01-16,10,1.0,0.0351495674394653,0.030296739754154527,-0.0048528276853107705,PCA_XGBOOST,PCA,direct_change,"{""configurations_evaluated"": 3, ""learning_rate"": 0.05, ""max_depth"": 1, ""n_estimators"": 100, ""n_train"": 4461, ""validation"": ""last purged expanding fold""}",decimal
2022-12-30,2023-01-16,10,2.0,0.0367081383519837,0.030996464727279682,-0.005711673624704018,PCA_XGBOOST,PCA,direct_change,"{""configurations_evaluated"": 3, ""learning_rate"": 0.05, ""max_depth"": 1, ""n_estimators"": 100, ""n_train"": 4461, ""validation"": ""last purged expanding fold""}",decimal
2022-12-30,2023-01-16,10,5.0,0.039043843283582,0.03128682979083852,-0.007757013492743478,PCA_XGBOOST,PCA,direct_change,"{""configurations_evaluated"": 3, ""learning_rate"": 0.05, ""max_depth"": 1, ""n_estimators"": 100, ""n_train"": 4461, ""validation"": ""last purged expanding fold""}",decimal
2022-12-30,2023-01-16,10,10.0,0.0420602758620689,0.032572255714425125,-0.009488020147643772,PCA_XGBOOST,PCA,direct_change,"{""configurations_evaluated"": 3, ""learning_rate"": 0.05, ""max_depth"": 1, ""n_estimators"": 100, ""n_train"": 4461, ""validation"": ""last purged expanding fold""}",decimal
2022-12-30,2023-01-16,10,15.0,0.044965067945643394,0.03405175341928375,-0.010913314526359644,PCA_XGBOOST,PCA,direct_change,"{""configurations_evaluated"": 3, ""learning_rate"": 0.05, ""max_depth"": 1, ""n_estimators"": 100, ""n_train"": 4461, ""validation"": ""last purged expanding fold""}",decimal
2022-12-30,2023-01-16,10,20.0,0.0475293046357615,0.034382813330875915,-0.013146491304885585,PCA_XGBOOST,PCA,direct_change,"{""configurations_evaluated"": 3, ""learning_rate"": 0.05, ""max_depth"": 1, ""n_estimators"": 100, ""n_train"": 4461, ""validation"": ""last purged expanding fold""}",decimal
2022-12-30,2023-01-16,10,30.0,0.0512,0.03739928100624963,-0.01380071899375037,PCA_XGBOOST,PCA,direct_change,"{""configurations_evaluated"": 3, ""learning_rate"": 0.05, ""max_depth"": 1, ""n_estimators"": 100, ""n_train"": 4461, ""validation"": ""last purged expanding fold""}",decimal
2022-12-30,2023-02-01,22,0.25,0.0304,0.03022356604979496,-0.0001764339502050398,NS_XGBOOST,NS,direct_change,"{""configurations_evaluated"": 3, ""learning_rate"": 0.05, ""max_depth"": 1, ""n_estimators"": 100, ""n_train"": 4449, ""validation"": ""last purged expanding fold""}",decimal
2022-12-30,2023-02-01,22,0.5,0.0315,0.030231895704836722,-0.0012681042951632783,NS_XGBOOST,NS,direct_change,"{""configurations_evaluated"": 3, ""learning_rate"": 0.05, ""max_depth"": 1, ""n_estimators"": 100, ""n_train"": 4449, ""validation"": ""last purged expanding fold""}",decimal
2022-12-30,2023-02-01,22,1.0,0.0350347969728484,0.030260383405568598,-0.004774413567279801,NS_XGBOOST,NS,direct_change,"{""configurations_evaluated"": 3, ""learning_rate"": 0.05, ""max_depth"": 1, ""n_estimators"": 100, ""n_train"": 4449, ""validation"": ""last purged expanding fold""}",decimal
2022-12-30,2023-02-01,22,2.0,0.0379022321428571,0.030359626432888493,-0.007542605709968609,NS_XGBOOST,NS,direct_change,"{""configurations_evaluated"": 3, ""learning_rate"": 0.05, ""max_depth"": 1, ""n_estimators"": 100, ""n_train"": 4449, ""validation"": ""last purged expanding fold""}",decimal
2022-12-30,2023-02-01,22,5.0,0.03914,0.030908465702346555,-0.008231534297653446,NS_XGBOOST,NS,direct_change,"{""configurations_evaluated"": 3, ""learning_rate"": 0.05, ""max_depth"": 1, ""n_estimators"": 100, ""n_train"": 4449, ""validation"": ""last purged expanding fold""}",decimal
2022-12-30,2023-02-01,22,10.0,0.0420602758620689,0.03225231728343161,-0.00980795857863729,NS_XGBOOST,NS,direct_change,"{""configurations_evaluated"": 3, ""learning_rate"": 0.05, ""max_depth"": 1, ""n_estimators"": 100, ""n_train"": 4449, ""validation"": ""last purged expanding fold""}",decimal
2022-12-30,2023-02-01,22,15.0,0.044965067945643394,0.03370608392049556,-0.011258984025147835,NS_XGBOOST,NS,direct_change,"{""configurations_evaluated"": 3, ""learning_rate"": 0.05, ""max_depth"": 1, ""n_estimators"": 100, ""n_train"": 4449, ""validation"": ""last purged expanding fold""}",decimal
2022-12-30,2023-02-01,22,20.0,0.0475293046357615,0.03504801912873063,-0.01248128550703087,NS_XGBOOST,NS,direct_change,"{""configurations_evaluated"": 3, ""learning_rate"": 0.05, ""max_depth"": 1, ""n_estimators"": 100, ""n_train"": 4449, ""validation"": ""last purged expanding fold""}",decimal
2022-12-30,2023-02-01,22,30.0,0.0512,0.03717786974216578,-0.01402213025783422,NS_XGBOOST,NS,direct_change,"{""configurations_evaluated"": 3, ""learning_rate"": 0.05, ""max_depth"": 1, ""n_estimators"": 100, ""n_train"": 4449, ""validation"": ""last purged expanding fold""}",decimal
2022-12-30,2023-02-01,22,0.25,0.0304,0.02968416347702011,-0.0007158365229798895,PCA_XGBOOST,PCA,direct_change,"{""configurations_evaluated"": 3, ""learning_rate"": 0.05, ""max_depth"": 1, ""n_estimators"": 100, ""n_train"": 4449, ""validation"": ""last purged expanding fold""}",decimal
2022-12-30,2023-02-01,22,0.5,0.0315,0.029954786933703025,-0.001545213066296975,PCA_XGBOOST,PCA,direct_change,"{""configurations_evaluated"": 3, ""learning_rate"": 0.05, ""max_depth"": 1, ""n_estimators"": 100, ""n_train"": 4449, ""validation"": ""last purged expanding fold""}",decimal
2022-12-30,2023-02-01,22,1.0,0.0350347969728484,0.030336439693446418,-0.004698357279401981,PCA_XGBOOST,PCA,direct_change,"{""configurations_evaluated"": 3, ""learning_rate"": 0.05, ""max_depth"": 1, ""n_estimators"": 100, ""n_train"": 4449, ""validation"": ""last purged expanding fold""}",decimal
2022-12-30,2023-02-01,22,2.0,0.0379022321428571,0.031135417103239825,-0.006766815039617277,PCA_XGBOOST,PCA,direct_change,"{""configurations_evaluated"": 3, ""learning_rate"": 0.05, ""max_depth"": 1, ""n_estimators"": 100, ""n_train"": 4449, ""validation"": ""last purged expanding fold""}",decimal
2022-12-30,2023-02-01,22,5.0,0.03914,0.03159691077917975,-0.007543089220820254,PCA_XGBOOST,PCA,direct_change,"{""configurations_evaluated"": 3, ""learning_rate"": 0.05, ""max_depth"": 1, ""n_estimators"": 100, ""n_train"": 4449, ""validation"": ""last purged expanding fold""}",decimal
2022-12-30,2023-02-01,22,10.0,0.0420602758620689,0.0330357888596245,-0.009024487002444397,PCA_XGBOOST,PCA,direct_change,"{""configurations_evaluated"": 3, ""learning_rate"": 0.05, ""max_depth"": 1, ""n_estimators"": 100, ""n_train"": 4449, ""validation"": ""last purged expanding fold""}",decimal
2022-12-30,2023-02-01,22,15.0,0.044965067945643394,0.034581463471366966,-0.010383604474276428,PCA_XGBOOST,PCA,direct_change,"{""configurations_evaluated"": 3, ""learning_rate"": 0.05, ""max_depth"": 1, ""n_estimators"": 100, ""n_train"": 4449, ""validation"": ""last purged expanding fold""}",decimal
2022-12-30,2023-02-01,22,20.0,0.0475293046357615,0.0348397728890141,-0.012689531746747397,PCA_XGBOOST,PCA,direct_change,"{""configurations_evaluated"": 3, ""learning_rate"": 0.05, ""max_depth"": 1, ""n_estimators"": 100, ""n_train"": 4449, ""validation"": ""last purged expanding fold""}",decimal
2022-12-30,2023-02-01,22,30.0,0.0512,0.0376363384746575,-0.013563661525342503,PCA_XGBOOST,PCA,direct_change,"{""configurations_evaluated"": 3, ""learning_rate"": 0.05, ""max_depth"": 1, ""n_estimators"": 100, ""n_train"": 4449, ""validation"": ""last purged expanding fold""}",decimal
2023-01-31,2023-02-07,5,0.25,0.0304,0.032535076016291645,0.0021350760162916448,NS_XGBOOST,NS,direct_change,"{""configurations_evaluated"": 3, ""learning_rate"": 0.05, ""max_depth"": 1, ""n_estimators"": 100, ""n_train"": 4487, ""validation"": ""last purged expanding fold""}",decimal
2023-01-31,2023-02-07,5,0.5,0.0315,0.03287630820628897,0.0013763082062889717,NS_XGBOOST,NS,direct_change,"{""configurations_evaluated"": 3, ""learning_rate"": 0.05, ""max_depth"": 1, ""n_estimators"": 100, ""n_train"": 4487, ""validation"": ""last purged expanding fold""}",decimal
2023-01-31,2023-02-07,5,1.0,0.0350347969728484,0.0335400959370616,-0.0014947010357867982,NS_XGBOOST,NS,direct_change,"{""configurations_evaluated"": 3, ""learning_rate"": 0.05, ""max_depth"": 1, ""n_estimators"": 100, ""n_train"": 4487, ""validation"": ""last purged expanding fold""}",decimal
2023-01-31,2023-02-07,5,2.0,0.0379022321428571,0.03479644809830626,-0.0031057840445508425,NS_XGBOOST,NS,direct_change,"{""configurations_evaluated"": 3, ""learning_rate"": 0.05, ""max_depth"": 1, ""n_estimators"": 100, ""n_train"": 4487, ""validation"": ""last purged expanding fold""}",decimal
2023-01-31,2023-02-07,5,5.0,0.03914,0.03806052219464555,-0.001079477805354452,NS_XGBOOST,NS,direct_change,"{""configurations_evaluated"": 3, ""learning_rate"": 0.05, ""max_depth"": 1, ""n_estimators"": 100, ""n_train"": 4487, ""validation"": ""last purged expanding fold""}",decimal
2023-01-31,2023-02-07,5,10.0,0.0420602758620689,0.04217198027868547,0.00011170441661657177,NS_XGBOOST,NS,direct_change,"{""configurations_evaluated"": 3, ""learning_rate"": 0.05, ""max_depth"": 1, ""n_estimators"": 100, ""n_train"": 4487, ""validation"": ""last purged expanding fold""}",decimal
2023-01-31,2023-02-07,5,15.0,0.044965067945643394,0.045101704985787014,0.00013663704014361955,NS_XGBOOST,NS,direct_change,"{""configurations_evaluated"": 3, ""learning_rate"": 0.05, ""max_depth"": 1, ""n_estimators"": 100, ""n_train"": 4487, ""validation"": ""last purged expanding fold""}",decimal
2023-01-31,2023-02-07,5,20.0,0.0475293046357615,0.04722949159191054,-0.0002998130438509605,NS_XGBOOST,NS,direct_change,"{""configurations_evaluated"": 3, ""learning_rate"": 0.05, ""max_depth"": 1, ""n_estimators"": 100, ""n_train"": 4487, ""validation"": ""last purged expanding fold""}",decimal
2023-01-31,2023-02-07,5,30.0,0.0512,0.049997527884209775,-0.0012024721157902277,NS_XGBOOST,NS,direct_change,"{""configurations_evaluated"": 3, ""learning_rate"": 0.05, ""max_depth"": 1, ""n_estimators"": 100, ""n_train"": 4487, ""validation"": ""last purged expanding fold""}",decimal
2023-01-31,2023-02-07,5,0.25,0.0304,0.03222577994295797,0.0018257799429579717,PCA_XGBOOST,PCA,direct_change,"{""configurations_evaluated"": 3, ""learning_rate"": 0.05, ""max_depth"": 2, ""n_estimators"": 100, ""n_train"": 4487, ""validation"": ""last purged expanding fold""}",decimal
2023-01-31,2023-02-07,5,0.5,0.0315,0.03268401589221228,0.0011840158922122798,PCA_XGBOOST,PCA,direct_change,"{""configurations_evaluated"": 3, ""learning_rate"": 0.05, ""max_depth"": 2, ""n_estimators"": 100, ""n_train"": 4487, ""validation"": ""last purged expanding fold""}",decimal
2023-01-31,2023-02-07,5,1.0,0.0350347969728484,0.03351542415185434,-0.0015193728209940624,PCA_XGBOOST,PCA,direct_change,"{""configurations_evaluated"": 3, ""learning_rate"": 0.05, ""max_depth"": 2, ""n_estimators"": 100, ""n_train"": 4487, ""validation"": ""last purged expanding fold""}",decimal
2023-01-31,2023-02-07,5,2.0,0.0379022321428571,0.03504158268875229,-0.002860649454104809,PCA_XGBOOST,PCA,direct_change,"{""configurations_evaluated"": 3, ""learning_rate"": 0.05, ""max_depth"": 2, ""n_estimators"": 100, ""n_train"": 4487, ""validation"": ""last purged expanding fold""}",decimal
2023-01-31,2023-02-07,5,5.0,0.03914,0.03815319403750262,-0.0009868059624973807,PCA_XGBOOST,PCA,direct_change,"{""configurations_evaluated"": 3, ""learning_rate"": 0.05, ""max_depth"": 2, ""n_estimators"": 100, ""n_train"": 4487, ""validation"": ""last purged expanding fold""}",decimal
2023-01-31,2023-02-07,5,10.0,0.0420602758620689,0.042124498726677534,6.422286460863735e-05,PCA_XGBOOST,PCA,direct_change,"{""configurations_evaluated"": 3, ""learning_rate"": 0.05, ""max_depth"": 2, ""n_estimators"": 100, ""n_train"": 4487, ""validation"": ""last purged expanding fold""}",decimal
2023-01-31,2023-02-07,5,15.0,0.044965067945643394,0.04553680169274402,0.0005717337471006223,PCA_XGBOOST,PCA,direct_change,"{""configurations_evaluated"": 3, ""learning_rate"": 0.05, ""max_depth"": 2, ""n_estimators"": 100, ""n_train"": 4487, ""validation"": ""last purged expanding fold""}",decimal
2023-01-31,2023-02-07,5,20.0,0.0475293046357615,0.048354490624037454,0.0008251859882759532,PCA_XGBOOST,PCA,direct_change,"{""configurations_evaluated"": 3, ""learning_rate"": 0.05, ""max_depth"": 2, ""n_estimators"": 100, ""n_train"": 4487, ""validation"": ""last purged expanding fold""}",decimal
2023-01-31,2023-02-07,5,30.0,0.0512,0.049810860612219524,-0.001389139387780479,PCA_XGBOOST,PCA,direct_change,"{""configurations_evaluated"": 3, ""learning_rate"": 0.05, ""max_depth"": 2, ""n_estimators"": 100, ""n_train"": 4487, ""validation"": ""last purged expanding fold""}",decimal
2023-01-31,2023-02-14,10,0.25,0.0304,0.03271305781886519,0.0023130578188651878,NS_XGBOOST,NS,direct_change,"{""configurations_evaluated"": 3, ""learning_rate"": 0.05, ""max_depth"": 1, ""n_estimators"": 100, ""n_train"": 4482, ""validation"": ""last purged expanding fold""}",decimal
2023-01-31,2023-02-14,10,0.5,0.0315,0.03304585608307849,0.0015458560830784868,NS_XGBOOST,NS,direct_change,"{""configurations_evaluated"": 3, ""learning_rate"": 0.05, ""max_depth"": 1, ""n_estimators"": 100, ""n_train"": 4482, ""validation"": ""last purged expanding fold""}",decimal
2023-01-31,2023-02-14,10,1.0,0.0345131616722611,0.03369400660221769,-0.0008191550700434105,NS_XGBOOST,NS,direct_change,"{""configurations_evaluated"": 3, ""learning_rate"": 0.05, ""max_depth"": 1, ""n_estimators"": 100, ""n_train"": 4482, ""validation"": ""last purged expanding fold""}",decimal
2023-01-31,2023-02-14,10,2.0,0.037782637362637296,0.03492359959581857,-0.0028590377668187283,NS_XGBOOST,NS,direct_change,"{""configurations_evaluated"": 3, ""learning_rate"": 0.05, ""max_depth"": 1, ""n_estimators"": 100, ""n_train"": 4482, ""validation"": ""last purged expanding fold""}",decimal
2023-01-31,2023-02-14,10,5.0,0.0391403846153846,0.03813636916571969,-0.0010040154496649065,NS_XGBOOST,NS,direct_change,"{""configurations_evaluated"": 3, ""learning_rate"": 0.05, ""max_depth"": 1, ""n_estimators"": 100, ""n_train"": 4482, ""validation"": ""last purged expanding fold""}",decimal
2023-01-31,2023-02-14,10,10.0,0.0420602758620689,0.04222405342646383,0.00016377756439493046,NS_XGBOOST,NS,direct_change,"{""configurations_evaluated"": 3, ""learning_rate"": 0.05, ""max_depth"": 1, ""n_estimators"": 100, ""n_train"": 4482, ""validation"": ""last purged expanding fold""}",decimal
2023-01-31,2023-02-14,10,15.0,0.044965067945643394,0.045167898956634915,0.00020283101099152073,NS_XGBOOST,NS,direct_change,"{""configurations_evaluated"": 3, ""learning_rate"": 0.05, ""max_depth"": 1, ""n_estimators"": 100, ""n_train"": 4482, ""validation"": ""last purged expanding fold""}",decimal
2023-01-31,2023-02-14,10,20.0,0.0475293046357615,0.04732385173470159,-0.00020545290105990904,NS_XGBOOST,NS,direct_change,"{""configurations_evaluated"": 3, ""learning_rate"": 0.05, ""max_depth"": 1, ""n_estimators"": 100, ""n_train"": 4482, ""validation"": ""last purged expanding fold""}",decimal
2023-01-31,2023-02-14,10,30.0,0.0512,0.05015257670271944,-0.00104742329728056,NS_XGBOOST,NS,direct_change,"{""configurations_evaluated"": 3, ""learning_rate"": 0.05, ""max_depth"": 1, ""n_estimators"": 100, ""n_train"": 4482, ""validation"": ""last purged expanding fold""}",decimal
2023-01-31,2023-02-14,10,0.25,0.0304,0.032752650098380034,0.0023526500983800346,PCA_XGBOOST,PCA,direct_change,"{""configurations_evaluated"": 3, ""learning_rate"": 0.05, ""max_depth"": 1, ""n_estimators"": 100, ""n_train"": 4482, ""validation"": ""last purged expanding fold""}",decimal
2023-01-31,2023-02-14,10,0.5,0.0315,0.033238698469998516,0.0017386984699985161,PCA_XGBOOST,PCA,direct_change,"{""configurations_evaluated"": 3, ""learning_rate"": 0.05, ""max_depth"": 1, ""n_estimators"": 100, ""n_train"": 4482, ""validation"": ""last purged expanding fold""}",decimal
2023-01-31,2023-02-14,10,1.0,0.0345131616722611,0.0341070345741747,-0.0004061270980863993,PCA_XGBOOST,PCA,direct_change,"{""configurations_evaluated"": 3, ""learning_rate"": 0.05, ""max_depth"": 1, ""n_estimators"": 100, ""n_train"": 4482, ""validation"": ""last purged expanding fold""}",decimal
2023-01-31,2023-02-14,10,2.0,0.037782637362637296,0.035685371555704434,-0.0020972658069328617,PCA_XGBOOST,PCA,direct_change,"{""configurations_evaluated"": 3, ""learning_rate"": 0.05, ""max_depth"": 1, ""n_estimators"": 100, ""n_train"": 4482, ""validation"": ""last purged expanding fold""}",decimal
2023-01-31,2023-02-14,10,5.0,0.0391403846153846,0.03885540658616778,-0.0002849780292168147,PCA_XGBOOST,PCA,direct_change,"{""configurations_evaluated"": 3, ""learning_rate"": 0.05, ""max_depth"": 1, ""n_estimators"": 100, ""n_train"": 4482, ""validation"": ""last purged expanding fold""}",decimal
2023-01-31,2023-02-14,10,10.0,0.0420602758620689,0.042862680328415066,0.0008024044663461696,PCA_XGBOOST,PCA,direct_change,"{""configurations_evaluated"": 3, ""learning_rate"": 0.05, ""max_depth"": 1, ""n_estimators"": 100, ""n_train"": 4482, ""validation"": ""last purged expanding fold""}",decimal
2023-01-31,2023-02-14,10,15.0,0.044965067945643394,0.046265921561005105,0.0013008536153617106,PCA_XGBOOST,PCA,direct_change,"{""configurations_evaluated"": 3, ""learning_rate"": 0.05, ""max_depth"": 1, ""n_estimators"": 100, ""n_train"": 4482, ""validation"": ""last purged expanding fold""}",decimal
2023-01-31,2023-02-14,10,20.0,0.0475293046357615,0.048948206006557325,0.0014189013707958248,PCA_XGBOOST,PCA,direct_change,"{""configurations_evaluated"": 3, ""learning_rate"": 0.05, ""max_depth"": 1, ""n_estimators"": 100, ""n_train"": 4482, ""validation"": ""last purged expanding fold""}",decimal
2023-01-31,2023-02-14,10,30.0,0.0512,0.050142365582119736,-0.0010576344178802669,PCA_XGBOOST,PCA,direct_change,"{""configurations_evaluated"": 3, ""learning_rate"": 0.05, ""max_depth"": 1, ""n_estimators"": 100, ""n_train"": 4482, ""validation"": ""last purged expanding fold""}",decimal
2023-01-31,2023-03-02,22,0.25,0.0304,0.032539647793986694,0.002139647793986694,NS_XGBOOST,NS,direct_change,"{""configurations_evaluated"": 3, ""learning_rate"": 0.05, ""max_depth"": 1, ""n_estimators"": 100, ""n_train"": 4470, ""validation"": ""last purged expanding fold""}",decimal
2023-01-31,2023-03-02,22,0.5,0.0315,0.03284388393741604,0.0013438839374160377,NS_XGBOOST,NS,direct_change,"{""configurations_evaluated"": 3, ""learning_rate"": 0.05, ""max_depth"": 1, ""n_estimators"": 100, ""n_train"": 4470, ""validation"": ""last purged expanding fold""}",decimal
2023-01-31,2023-03-02,22,1.0,0.0341427035341465,0.03343854982309869,-0.0007041537110478099,NS_XGBOOST,NS,direct_change,"{""configurations_evaluated"": 3, ""learning_rate"": 0.05, ""max_depth"": 1, ""n_estimators"": 100, ""n_train"": 4470, ""validation"": ""last purged expanding fold""}",decimal
2023-01-31,2023-03-02,22,2.0,0.037764285714285695,0.034574573173268716,-0.0031897125410169785,NS_XGBOOST,NS,direct_change,"{""configurations_evaluated"": 3, ""learning_rate"": 0.05, ""max_depth"": 1, ""n_estimators"": 100, ""n_train"": 4470, ""validation"": ""last purged expanding fold""}",decimal
2023-01-31,2023-03-02,22,5.0,0.0407751467710371,0.03759342900340578,-0.00318171776763132,NS_XGBOOST,NS,direct_change,"{""configurations_evaluated"": 3, ""learning_rate"": 0.05, ""max_depth"": 1, ""n_estimators"": 100, ""n_train"": 4470, ""validation"": ""last purged expanding fold""}",decimal
2023-01-31,2023-03-02,22,10.0,0.045024340175953005,0.04154714950214688,-0.003477190673806127,NS_XGBOOST,NS,direct_change,"{""configurations_evaluated"": 3, ""learning_rate"": 0.05, ""max_depth"": 1, ""n_estimators"": 100, ""n_train"": 4470, ""validation"": ""last purged expanding fold""}",decimal
2023-01-31,2023-03-02,22,15.0,0.04613595284872289,0.04447939958752918,-0.0016565532611937106,NS_XGBOOST,NS,direct_change,"{""configurations_evaluated"": 3, ""learning_rate"": 0.05, ""max_depth"": 1, ""n_estimators"": 100, ""n_train"": 4470, ""validation"": ""last purged expanding fold""}",decimal
2023-01-31,2023-03-02,22,20.0,0.0513396893874029,0.04667528819920795,-0.004664401188194951,NS_XGBOOST,NS,direct_change,"{""configurations_evaluated"": 3, ""learning_rate"": 0.05, ""max_depth"": 1, ""n_estimators"": 100, ""n_train"": 4470, ""validation"": ""last purged expanding fold""}",decimal
2023-01-31,2023-03-02,22,30.0,0.0512,0.049620891803274274,-0.0015791081967257287,NS_XGBOOST,NS,direct_change,"{""configurations_evaluated"": 3, ""learning_rate"": 0.05, ""max_depth"": 1, ""n_estimators"": 100, ""n_train"": 4470, ""validation"": ""last purged expanding fold""}",decimal
2023-01-31,2023-03-02,22,0.25,0.0304,0.032180891106880126,0.001780891106880126,PCA_XGBOOST,PCA,direct_change,"{""configurations_evaluated"": 3, ""learning_rate"": 0.05, ""max_depth"": 1, ""n_estimators"": 100, ""n_train"": 4470, ""validation"": ""last purged expanding fold""}",decimal
2023-01-31,2023-03-02,22,0.5,0.0315,0.03264017737270309,0.0011401773727030898,PCA_XGBOOST,PCA,direct_change,"{""configurations_evaluated"": 3, ""learning_rate"": 0.05, ""max_depth"": 1, ""n_estimators"": 100, ""n_train"": 4470, ""validation"": ""last purged expanding fold""}",decimal
2023-01-31,2023-03-02,22,1.0,0.0341427035341465,0.03347340389495412,-0.0006692996391923847,PCA_XGBOOST,PCA,direct_change,"{""configurations_evaluated"": 3, ""learning_rate"": 0.05, ""max_depth"": 1, ""n_estimators"": 100, ""n_train"": 4470, ""validation"": ""last purged expanding fold""}",decimal
2023-01-31,2023-03-02,22,2.0,0.037764285714285695,0.03500181711732818,-0.0027624685969575152,PCA_XGBOOST,PCA,direct_change,"{""configurations_evaluated"": 3, ""learning_rate"": 0.05, ""max_depth"": 1, ""n_estimators"": 100, ""n_train"": 4470, ""validation"": ""last purged expanding fold""}",decimal
2023-01-31,2023-03-02,22,5.0,0.0407751467710371,0.038112280909738894,-0.0026628658612982067,PCA_XGBOOST,PCA,direct_change,"{""configurations_evaluated"": 3, ""learning_rate"": 0.05, ""max_depth"": 1, ""n_estimators"": 100, ""n_train"": 4470, ""validation"": ""last purged expanding fold""}",decimal
2023-01-31,2023-03-02,22,10.0,0.045024340175953005,0.04208265800573039,-0.002941682170222615,PCA_XGBOOST,PCA,direct_change,"{""configurations_evaluated"": 3, ""learning_rate"": 0.05, ""max_depth"": 1, ""n_estimators"": 100, ""n_train"": 4470, ""validation"": ""last purged expanding fold""}",decimal
2023-01-31,2023-03-02,22,15.0,0.04613595284872289,0.045492124458686514,-0.0006438283900363773,PCA_XGBOOST,PCA,direct_change,"{""configurations_evaluated"": 3, ""learning_rate"": 0.05, ""max_depth"": 1, ""n_estimators"": 100, ""n_train"": 4470, ""validation"": ""last purged expanding fold""}",decimal
2023-01-31,2023-03-02,22,20.0,0.0513396893874029,0.0482983781462295,-0.0030413112411734056,PCA_XGBOOST,PCA,direct_change,"{""configurations_evaluated"": 3, ""learning_rate"": 0.05, ""max_depth"": 1, ""n_estimators"": 100, ""n_train"": 4470, ""validation"": ""last purged expanding fold""}",decimal
2023-01-31,2023-03-02,22,30.0,0.0512,0.04975586680741795,-0.0014441331925820547,PCA_XGBOOST,PCA,direct_change,"{""configurations_evaluated"": 3, ""learning_rate"": 0.05, ""max_depth"": 1, ""n_estimators"": 100, ""n_train"": 4470, ""validation"": ""last purged expanding fold""}",decimal
2023-02-28,2023-03-07,5,0.25,0.0304,0.032150437829139344,0.0017504378291393445,NS_XGBOOST,NS,direct_change,"{""configurations_evaluated"": 3, ""learning_rate"": 0.05, ""max_depth"": 1, ""n_estimators"": 100, ""n_train"": 4507, ""validation"": ""last purged expanding fold""}",decimal
2023-02-28,2023-03-07,5,0.5,0.0315,0.03269565676025584,0.0011956567602558407,NS_XGBOOST,NS,direct_change,"{""configurations_evaluated"": 3, ""learning_rate"": 0.05, ""max_depth"": 1, ""n_estimators"": 100, ""n_train"": 4507, ""validation"": ""last purged expanding fold""}",decimal
2023-02-28,2023-03-07,5,1.0,0.0341427035341465,0.0337362407940278,-0.00040646274011869876,NS_XGBOOST,NS,direct_change,"{""configurations_evaluated"": 3, ""learning_rate"": 0.05, ""max_depth"": 1, ""n_estimators"": 100, ""n_train"": 4507, ""validation"": ""last purged expanding fold""}",decimal
2023-02-28,2023-03-07,5,2.0,0.037764285714285695,0.035631918009543906,-0.002132367704741789,NS_XGBOOST,NS,direct_change,"{""configurations_evaluated"": 3, ""learning_rate"": 0.05, ""max_depth"": 1, ""n_estimators"": 100, ""n_train"": 4507, ""validation"": ""last purged expanding fold""}",decimal
2023-02-28,2023-03-07,5,5.0,0.0407751467710371,0.04008292554865533,-0.0006922212223817725,NS_XGBOOST,NS,direct_change,"{""configurations_evaluated"": 3, ""learning_rate"": 0.05, ""max_depth"": 1, ""n_estimators"": 100, ""n_train"": 4507, ""validation"": ""last purged expanding fold""}",decimal
2023-02-28,2023-03-07,5,10.0,0.045024340175953005,0.044626420131048096,-0.0003979200449049092,NS_XGBOOST,NS,direct_change,"{""configurations_evaluated"": 3, ""learning_rate"": 0.05, ""max_depth"": 1, ""n_estimators"": 100, ""n_train"": 4507, ""validation"": ""last purged expanding fold""}",decimal
2023-02-28,2023-03-07,5,15.0,0.04613595284872289,0.0470556903988803,0.0009197375501574095,NS_XGBOOST,NS,direct_change,"{""configurations_evaluated"": 3, ""learning_rate"": 0.05, ""max_depth"": 1, ""n_estimators"": 100, ""n_train"": 4507, ""validation"": ""last purged expanding fold""}",decimal
2023-02-28,2023-03-07,5,20.0,0.0513396893874029,0.048353922347022446,-0.002985767040380456,NS_XGBOOST,NS,direct_change,"{""configurations_evaluated"": 3, ""learning_rate"": 0.05, ""max_depth"": 1, ""n_estimators"": 100, ""n_train"": 4507, ""validation"": ""last purged expanding fold""}",decimal
2023-02-28,2023-03-07,5,30.0,0.0512,0.04941700771074432,-0.001782992289255679,NS_XGBOOST,NS,direct_change,"{""configurations_evaluated"": 3, ""learning_rate"": 0.05, ""max_depth"": 1, ""n_estimators"": 100, ""n_train"": 4507, ""validation"": ""last purged expanding fold""}",decimal
2023-02-28,2023-03-07,5,0.25,0.0304,0.03185152238123186,0.0014515223812318588,PCA_XGBOOST,PCA,direct_change,"{""configurations_evaluated"": 3, ""learning_rate"": 0.05, ""max_depth"": 2, ""n_estimators"": 100, ""n_train"": 4507, ""validation"": ""last purged expanding fold""}",decimal
2023-02-28,2023-03-07,5,0.5,0.0315,0.03256675325721048,0.0010667532572104788,PCA_XGBOOST,PCA,direct_change,"{""configurations_evaluated"": 3, ""learning_rate"": 0.05, ""max_depth"": 2, ""n_estimators"": 100, ""n_train"": 4507, ""validation"": ""last purged expanding fold""}",decimal
2023-02-28,2023-03-07,5,1.0,0.0341427035341465,0.03381581495304902,-0.00032688858109748004,PCA_XGBOOST,PCA,direct_change,"{""configurations_evaluated"": 3, ""learning_rate"": 0.05, ""max_depth"": 2, ""n_estimators"": 100, ""n_train"": 4507, ""validation"": ""last purged expanding fold""}",decimal
2023-02-28,2023-03-07,5,2.0,0.037764285714285695,0.035917595835692845,-0.0018466898785928498,PCA_XGBOOST,PCA,direct_change,"{""configurations_evaluated"": 3, ""learning_rate"": 0.05, ""max_depth"": 2, ""n_estimators"": 100, ""n_train"": 4507, ""validation"": ""last purged expanding fold""}",decimal
2023-02-28,2023-03-07,5,5.0,0.0407751467710371,0.039684542788664734,-0.0010906039823723665,PCA_XGBOOST,PCA,direct_change,"{""configurations_evaluated"": 3, ""learning_rate"": 0.05, ""max_depth"": 2, ""n_estimators"": 100, ""n_train"": 4507, ""validation"": ""last purged expanding fold""}",decimal
2023-02-28,2023-03-07,5,10.0,0.045024340175953005,0.044191600996095544,-0.0008327391798574613,PCA_XGBOOST,PCA,direct_change,"{""configurations_evaluated"": 3, ""learning_rate"": 0.05, ""max_depth"": 2, ""n_estimators"": 100, ""n_train"": 4507, ""validation"": ""last purged expanding fold""}",decimal
2023-02-28,2023-03-07,5,15.0,0.04613595284872289,0.0476531404897685,0.0015171876410456087,PCA_XGBOOST,PCA,direct_change,"{""configurations_evaluated"": 3, ""learning_rate"": 0.05, ""max_depth"": 2, ""n_estimators"": 100, ""n_train"": 4507, ""validation"": ""last purged expanding fold""}",decimal
2023-02-28,2023-03-07,5,20.0,0.0513396893874029,0.04934485410897051,-0.0019948352784323956,PCA_XGBOOST,PCA,direct_change,"{""configurations_evaluated"": 3, ""learning_rate"": 0.05, ""max_depth"": 2, ""n_estimators"": 100, ""n_train"": 4507, ""validation"": ""last purged expanding fold""}",decimal
2023-02-28,2023-03-07,5,30.0,0.0512,0.04935491520173066,-0.0018450847982693433,PCA_XGBOOST,PCA,direct_change,"{""configurations_evaluated"": 3, ""learning_rate"": 0.05, ""max_depth"": 2, ""n_estimators"": 100, ""n_train"": 4507, ""validation"": ""last purged expanding fold""}",decimal
2023-02-28,2023-03-14,10,0.25,0.0304,0.032305125184644415,0.001905125184644415,NS_XGBOOST,NS,direct_change,"{""configurations_evaluated"": 3, ""learning_rate"": 0.05, ""max_depth"": 1, ""n_estimators"": 100, ""n_train"": 4502, ""validation"": ""last purged expanding fold""}",decimal
2023-02-28,2023-03-14,10,0.5,0.0315,0.03284428206374655,0.001344282063746552,NS_XGBOOST,NS,direct_change,"{""configurations_evaluated"": 3, ""learning_rate"": 0.05, ""max_depth"": 1, ""n_estimators"": 100, ""n_train"": 4502, ""validation"": ""last purged expanding fold""}",decimal
2023-02-28,2023-03-14,10,1.0,0.0341217220540891,0.03387361012045157,-0.00024811193363753065,NS_XGBOOST,NS,direct_change,"{""configurations_evaluated"": 3, ""learning_rate"": 0.05, ""max_depth"": 1, ""n_estimators"": 100, ""n_train"": 4502, ""validation"": ""last purged expanding fold""}",decimal
2023-02-28,2023-03-14,10,2.0,0.037755238095238,0.03574996199012144,-0.0020052761051165616,NS_XGBOOST,NS,direct_change,"{""configurations_evaluated"": 3, ""learning_rate"": 0.05, ""max_depth"": 1, ""n_estimators"": 100, ""n_train"": 4502, ""validation"": ""last purged expanding fold""}",decimal
2023-02-28,2023-03-14,10,5.0,0.040775996112730806,0.040163466268207444,-0.0006125298445233615,NS_XGBOOST,NS,direct_change,"{""configurations_evaluated"": 3, ""learning_rate"": 0.05, ""max_depth"": 1, ""n_estimators"": 100, ""n_train"": 4502, ""validation"": ""last purged expanding fold""}",decimal
2023-02-28,2023-03-14,10,10.0,0.045024340175953005,0.04468821081467523,-0.00033612936127777604,NS_XGBOOST,NS,direct_change,"{""configurations_evaluated"": 3, ""learning_rate"": 0.05, ""max_depth"": 1, ""n_estimators"": 100, ""n_train"": 4502, ""validation"": ""last purged expanding fold""}",decimal
2023-02-28,2023-03-14,10,15.0,0.04613595284872289,0.04712578309991244,0.0009898302511895454,NS_XGBOOST,NS,direct_change,"{""configurations_evaluated"": 3, ""learning_rate"": 0.05, ""max_depth"": 1, ""n_estimators"": 100, ""n_train"": 4502, ""validation"": ""last purged expanding fold""}",decimal
2023-02-28,2023-03-14,10,20.0,0.0513396893874029,0.048442535754424663,-0.002897153632978239,NS_XGBOOST,NS,direct_change,"{""configurations_evaluated"": 3, ""learning_rate"": 0.05, ""max_depth"": 1, ""n_estimators"": 100, ""n_train"": 4502, ""validation"": ""last purged expanding fold""}",decimal
2023-02-28,2023-03-14,10,30.0,0.0512,0.049546485733336997,-0.001653514266663006,NS_XGBOOST,NS,direct_change,"{""configurations_evaluated"": 3, ""learning_rate"": 0.05, ""max_depth"": 1, ""n_estimators"": 100, ""n_train"": 4502, ""validation"": ""last purged expanding fold""}",decimal
2023-02-28,2023-03-14,10,0.25,0.0304,0.03187465042336183,0.0014746504233618292,PCA_XGBOOST,PCA,direct_change,"{""configurations_evaluated"": 3, ""learning_rate"": 0.05, ""max_depth"": 1, ""n_estimators"": 100, ""n_train"": 4502, ""validation"": ""last purged expanding fold""}",decimal
2023-02-28,2023-03-14,10,0.5,0.0315,0.03259402523833545,0.001094025238335447,PCA_XGBOOST,PCA,direct_change,"{""configurations_evaluated"": 3, ""learning_rate"": 0.05, ""max_depth"": 1, ""n_estimators"": 100, ""n_train"": 4502, ""validation"": ""last purged expanding fold""}",decimal
2023-02-28,2023-03-14,10,1.0,0.0341217220540891,0.033849431779323806,-0.00027229027476529527,PCA_XGBOOST,PCA,direct_change,"{""configurations_evaluated"": 3, ""learning_rate"": 0.05, ""max_depth"": 1, ""n_estimators"": 100, ""n_train"": 4502, ""validation"": ""last purged expanding fold""}",decimal
2023-02-28,2023-03-14,10,2.0,0.037755238095238,0.035960240141678104,-0.0017949979535598973,PCA_XGBOOST,PCA,direct_change,"{""configurations_evaluated"": 3, ""learning_rate"": 0.05, ""max_depth"": 1, ""n_estimators"": 100, ""n_train"": 4502, ""validation"": ""last purged expanding fold""}",decimal
2023-02-28,2023-03-14,10,5.0,0.040775996112730806,0.039739173836950664,-0.0010368222757801415,PCA_XGBOOST,PCA,direct_change,"{""configurations_evaluated"": 3, ""learning_rate"": 0.05, ""max_depth"": 1, ""n_estimators"": 100, ""n_train"": 4502, ""validation"": ""last purged expanding fold""}",decimal
2023-02-28,2023-03-14,10,10.0,0.045024340175953005,0.04425579865037458,-0.0007685415255784256,PCA_XGBOOST,PCA,direct_change,"{""configurations_evaluated"": 3, ""learning_rate"": 0.05, ""max_depth"": 1, ""n_estimators"": 100, ""n_train"": 4502, ""validation"": ""last purged expanding fold""}",decimal
2023-02-28,2023-03-14,10,15.0,0.04613595284872289,0.04771899644268955,0.0015830435939666598,PCA_XGBOOST,PCA,direct_change,"{""configurations_evaluated"": 3, ""learning_rate"": 0.05, ""max_depth"": 1, ""n_estimators"": 100, ""n_train"": 4502, ""validation"": ""last purged expanding fold""}",decimal
2023-02-28,2023-03-14,10,20.0,0.0513396893874029,0.049394320322659016,-0.0019453690647438862,PCA_XGBOOST,PCA,direct_change,"{""configurations_evaluated"": 3, ""learning_rate"": 0.05, ""max_depth"": 1, ""n_estimators"": 100, ""n_train"": 4502, ""validation"": ""last purged expanding fold""}",decimal
2023-02-28,2023-03-14,10,30.0,0.0512,0.04937511852015967,-0.0018248814798403346,PCA_XGBOOST,PCA,direct_change,"{""configurations_evaluated"": 3, ""learning_rate"": 0.05, ""max_depth"": 1, ""n_estimators"": 100, ""n_train"": 4502, ""validation"": ""last purged expanding fold""}",decimal
2023-02-28,2023-03-30,22,0.25,0.030600000000000002,0.0323733214366904,0.0017733214366904004,NS_XGBOOST,NS,direct_change,"{""configurations_evaluated"": 3, ""learning_rate"": 0.05, ""max_depth"": 1, ""n_estimators"": 100, ""n_train"": 4490, ""validation"": ""last purged expanding fold""}",decimal
2023-02-28,2023-03-30,22,0.5,0.0318783410138248,0.03290060731237865,0.0010222662985538492,NS_XGBOOST,NS,direct_change,"{""configurations_evaluated"": 3, ""learning_rate"": 0.05, ""max_depth"": 1, ""n_estimators"": 100, ""n_train"": 4490, ""validation"": ""last purged expanding fold""}",decimal
2023-02-28,2023-03-30,22,1.0,0.0347811666436015,0.03390782463599475,-0.0008733420076067477,NS_XGBOOST,NS,direct_change,"{""configurations_evaluated"": 3, ""learning_rate"": 0.05, ""max_depth"": 1, ""n_estimators"": 100, ""n_train"": 4490, ""validation"": ""last purged expanding fold""}",decimal
2023-02-28,2023-03-30,22,2.0,0.037377903391572403,0.03574594898144655,-0.0016319544101258548,NS_XGBOOST,NS,direct_change,"{""configurations_evaluated"": 3, ""learning_rate"": 0.05, ""max_depth"": 1, ""n_estimators"": 100, ""n_train"": 4490, ""validation"": ""last purged expanding fold""}",decimal
2023-02-28,2023-03-30,22,5.0,0.0409131322094055,0.04008338745565645,-0.0008297447537490496,NS_XGBOOST,NS,direct_change,"{""configurations_evaluated"": 3, ""learning_rate"": 0.05, ""max_depth"": 1, ""n_estimators"": 100, ""n_train"": 4490, ""validation"": ""last purged expanding fold""}",decimal
2023-02-28,2023-03-30,22,10.0,0.0457521797451374,0.04456445706913741,-0.0011877226759999873,NS_XGBOOST,NS,direct_change,"{""configurations_evaluated"": 3, ""learning_rate"": 0.05, ""max_depth"": 1, ""n_estimators"": 100, ""n_train"": 4490, ""validation"": ""last purged expanding fold""}",decimal
2023-02-28,2023-03-30,22,15.0,0.04949416909620989,0.04701055264517152,-0.0024836164510383743,NS_XGBOOST,NS,direct_change,"{""configurations_evaluated"": 3, ""learning_rate"": 0.05, ""max_depth"": 1, ""n_estimators"": 100, ""n_train"": 4490, ""validation"": ""last purged expanding fold""}",decimal
2023-02-28,2023-03-30,22,20.0,0.0519457849570923,0.04835635552070578,-0.0035894294363865223,NS_XGBOOST,NS,direct_change,"{""configurations_evaluated"": 3, ""learning_rate"": 0.05, ""max_depth"": 1, ""n_estimators"": 100, ""n_train"": 4490, ""validation"": ""last purged expanding fold""}",decimal
2023-02-28,2023-03-30,22,30.0,0.0553,0.04952878946010801,-0.005771210539891991,NS_XGBOOST,NS,direct_change,"{""configurations_evaluated"": 3, ""learning_rate"": 0.05, ""max_depth"": 1, ""n_estimators"": 100, ""n_train"": 4490, ""validation"": ""last purged expanding fold""}",decimal
2023-02-28,2023-03-30,22,0.25,0.030600000000000002,0.03186628496460622,0.0012662849646062208,PCA_XGBOOST,PCA,direct_change,"{""configurations_evaluated"": 3, ""learning_rate"": 0.05, ""max_depth"": 1, ""n_estimators"": 100, ""n_train"": 4490, ""validation"": ""last purged expanding fold""}",decimal
2023-02-28,2023-03-30,22,0.5,0.0318783410138248,0.032564093735330785,0.0006857527215059847,PCA_XGBOOST,PCA,direct_change,"{""configurations_evaluated"": 3, ""learning_rate"": 0.05, ""max_depth"": 1, ""n_estimators"": 100, ""n_train"": 4490, ""validation"": ""last purged expanding fold""}",decimal
2023-02-28,2023-03-30,22,1.0,0.0347811666436015,0.03378439794950078,-0.0009967686941007234,PCA_XGBOOST,PCA,direct_change,"{""configurations_evaluated"": 3, ""learning_rate"": 0.05, ""max_depth"": 1, ""n_estimators"": 100, ""n_train"": 4490, ""validation"": ""last purged expanding fold""}",decimal
2023-02-28,2023-03-30,22,2.0,0.037377903391572403,0.03584485534691629,-0.0015330480446561143,PCA_XGBOOST,PCA,direct_change,"{""configurations_evaluated"": 3, ""learning_rate"": 0.05, ""max_depth"": 1, ""n_estimators"": 100, ""n_train"": 4490, ""validation"": ""last purged expanding fold""}",decimal
2023-02-28,2023-03-30,22,5.0,0.0409131322094055,0.03954948155281972,-0.0013636506565857798,PCA_XGBOOST,PCA,direct_change,"{""configurations_evaluated"": 3, ""learning_rate"": 0.05, ""max_depth"": 1, ""n_estimators"": 100, ""n_train"": 4490, ""validation"": ""last purged expanding fold""}",decimal
2023-02-28,2023-03-30,22,10.0,0.0457521797451374,0.04400252344350021,-0.0017496563016371897,PCA_XGBOOST,PCA,direct_change,"{""configurations_evaluated"": 3, ""learning_rate"": 0.05, ""max_depth"": 1, ""n_estimators"": 100, ""n_train"": 4490, ""validation"": ""last purged expanding fold""}",decimal
2023-02-28,2023-03-30,22,15.0,0.04949416909620989,0.047446586168013685,-0.0020475829281962066,PCA_XGBOOST,PCA,direct_change,"{""configurations_evaluated"": 3, ""learning_rate"": 0.05, ""max_depth"": 1, ""n_estimators"": 100, ""n_train"": 4490, ""validation"": ""last purged expanding fold""}",decimal
2023-02-28,2023-03-30,22,20.0,0.0519457849570923,0.04919179717738166,-0.0027539877797106427,PCA_XGBOOST,PCA,direct_change,"{""configurations_evaluated"": 3, ""learning_rate"": 0.05, ""max_depth"": 1, ""n_estimators"": 100, ""n_train"": 4490, ""validation"": ""last purged expanding fold""}",decimal
2023-02-28,2023-03-30,22,30.0,0.0553,0.049304776958294855,-0.005995223041705147,PCA_XGBOOST,PCA,direct_change,"{""configurations_evaluated"": 3, ""learning_rate"": 0.05, ""max_depth"": 1, ""n_estimators"": 100, ""n_train"": 4490, ""validation"": ""last purged expanding fold""}",decimal
2023-03-31,2023-04-11,5,0.25,0.030489285714285705,0.03288925414782289,0.0023999684335371876,NS_XGBOOST,NS,direct_change,"{""configurations_evaluated"": 3, ""learning_rate"": 0.05, ""max_depth"": 1, ""n_estimators"": 100, ""n_train"": 4530, ""validation"": ""last purged expanding fold""}",decimal
2023-03-31,2023-04-11,5,0.5,0.0320668202764976,0.03340408887562534,0.001337268599127743,NS_XGBOOST,NS,direct_change,"{""configurations_evaluated"": 3, ""learning_rate"": 0.05, ""max_depth"": 1, ""n_estimators"": 100, ""n_train"": 4530, ""validation"": ""last purged expanding fold""}",decimal
2023-03-31,2023-04-11,5,1.0,0.035234997749676,0.03439685263335054,-0.0008381451163254616,NS_XGBOOST,NS,direct_change,"{""configurations_evaluated"": 3, ""learning_rate"": 0.05, ""max_depth"": 1, ""n_estimators"": 100, ""n_train"": 4530, ""validation"": ""last purged expanding fold""}",decimal
2023-03-31,2023-04-11,5,2.0,0.0386468653648509,0.036243658035691795,-0.002403207329159107,NS_XGBOOST,NS,direct_change,"{""configurations_evaluated"": 3, ""learning_rate"": 0.05, ""max_depth"": 1, ""n_estimators"": 100, ""n_train"": 4530, ""validation"": ""last purged expanding fold""}",decimal
2023-03-31,2023-04-11,5,5.0,0.0424402839396628,0.04083502462023934,-0.0016052593194234646,NS_XGBOOST,NS,direct_change,"{""configurations_evaluated"": 3, ""learning_rate"": 0.05, ""max_depth"": 1, ""n_estimators"": 100, ""n_train"": 4530, ""validation"": ""last purged expanding fold""}",decimal
2023-03-31,2023-04-11,5,10.0,0.0463594902749832,0.04615476971093663,-0.00020472056404657185,NS_XGBOOST,NS,direct_change,"{""configurations_evaluated"": 3, ""learning_rate"": 0.05, ""max_depth"": 1, ""n_estimators"": 100, ""n_train"": 4530, ""validation"": ""last purged expanding fold""}",decimal
2023-03-31,2023-04-11,5,15.0,0.0505976676384839,0.049592990235533485,-0.0010046774029504116,NS_XGBOOST,NS,direct_change,"{""configurations_evaluated"": 3, ""learning_rate"": 0.05, ""max_depth"": 1, ""n_estimators"": 100, ""n_train"": 4530, ""validation"": ""last purged expanding fold""}",decimal
2023-03-31,2023-04-11,5,20.0,0.0531775618374558,0.05188682732058958,-0.0012907345168662182,NS_XGBOOST,NS,direct_change,"{""configurations_evaluated"": 3, ""learning_rate"": 0.05, ""max_depth"": 1, ""n_estimators"": 100, ""n_train"": 4530, ""validation"": ""last purged expanding fold""}",decimal
2023-03-31,2023-04-11,5,30.0,0.0562999999999999,0.05459797839461405,-0.0017020216053858506,NS_XGBOOST,NS,direct_change,"{""configurations_evaluated"": 3, ""learning_rate"": 0.05, ""max_depth"": 1, ""n_estimators"": 100, ""n_train"": 4530, ""validation"": ""last purged expanding fold""}",decimal
2023-03-31,2023-04-11,5,0.25,0.030489285714285705,0.03263985399118678,0.002150568276901077,PCA_XGBOOST,PCA,direct_change,"{""configurations_evaluated"": 3, ""learning_rate"": 0.05, ""max_depth"": 2, ""n_estimators"": 100, ""n_train"": 4530, ""validation"": ""last purged expanding fold""}",decimal
2023-03-31,2023-04-11,5,0.5,0.0320668202764976,0.03326500384199317,0.0011981835654955725,PCA_XGBOOST,PCA,direct_change,"{""configurations_evaluated"": 3, ""learning_rate"": 0.05, ""max_depth"": 2, ""n_estimators"": 100, ""n_train"": 4530, ""validation"": ""last purged expanding fold""}",decimal
2023-03-31,2023-04-11,5,1.0,0.035234997749676,0.03444573870966317,-0.0007892590400128269,PCA_XGBOOST,PCA,direct_change,"{""configurations_evaluated"": 3, ""learning_rate"": 0.05, ""max_depth"": 2, ""n_estimators"": 100, ""n_train"": 4530, ""validation"": ""last purged expanding fold""}",decimal
2023-03-31,2023-04-11,5,2.0,0.0386468653648509,0.036475115340904904,-0.002171750023945998,PCA_XGBOOST,PCA,direct_change,"{""configurations_evaluated"": 3, ""learning_rate"": 0.05, ""max_depth"": 2, ""n_estimators"": 100, ""n_train"": 4530, ""validation"": ""last purged expanding fold""}",decimal
2023-03-31,2023-04-11,5,5.0,0.0424402839396628,0.040767011641942116,-0.0016732722977206849,PCA_XGBOOST,PCA,direct_change,"{""configurations_evaluated"": 3, ""learning_rate"": 0.05, ""max_depth"": 2, ""n_estimators"": 100, ""n_train"": 4530, ""validation"": ""last purged expanding fold""}",decimal
2023-03-31,2023-04-11,5,10.0,0.0463594902749832,0.04584262801680241,-0.0005168622581807891,PCA_XGBOOST,PCA,direct_change,"{""configurations_evaluated"": 3, ""learning_rate"": 0.05, ""max_depth"": 2, ""n_estimators"": 100, ""n_train"": 4530, ""validation"": ""last purged expanding fold""}",decimal
2023-03-31,2023-04-11,5,15.0,0.0505976676384839,0.04993997570449938,-0.0006576919339845166,PCA_XGBOOST,PCA,direct_change,"{""configurations_evaluated"": 3, ""learning_rate"": 0.05, ""max_depth"": 2, ""n_estimators"": 100, ""n_train"": 4530, ""validation"": ""last purged expanding fold""}",decimal
2023-03-31,2023-04-11,5,20.0,0.0531775618374558,0.053316937621118096,0.00013937578366229886,PCA_XGBOOST,PCA,direct_change,"{""configurations_evaluated"": 3, ""learning_rate"": 0.05, ""max_depth"": 2, ""n_estimators"": 100, ""n_train"": 4530, ""validation"": ""last purged expanding fold""}",decimal
2023-03-31,2023-04-11,5,30.0,0.0562999999999999,0.05390661062651511,-0.0023933893734847875,PCA_XGBOOST,PCA,direct_change,"{""configurations_evaluated"": 3, ""learning_rate"": 0.05, ""max_depth"": 2, ""n_estimators"": 100, ""n_train"": 4530, ""validation"": ""last purged expanding fold""}",decimal
2023-03-31,2023-04-18,10,0.25,0.0302142857142857,0.03299616180333908,0.0027818760890533784,NS_XGBOOST,NS,direct_change,"{""configurations_evaluated"": 3, ""learning_rate"": 0.05, ""max_depth"": 1, ""n_estimators"": 100, ""n_train"": 4525, ""validation"": ""last purged expanding fold""}",decimal
2023-03-31,2023-04-18,10,0.5,0.0317602484472049,0.03349856685189992,0.0017383184046950162,NS_XGBOOST,NS,direct_change,"{""configurations_evaluated"": 3, ""learning_rate"": 0.05, ""max_depth"": 1, ""n_estimators"": 100, ""n_train"": 4525, ""validation"": ""last purged expanding fold""}",decimal
2023-03-31,2023-04-18,10,1.0,0.0352070055749476,0.034467809209636824,-0.0007391963653107791,NS_XGBOOST,NS,direct_change,"{""configurations_evaluated"": 3, ""learning_rate"": 0.05, ""max_depth"": 1, ""n_estimators"": 100, ""n_train"": 4525, ""validation"": ""last purged expanding fold""}",decimal
2023-03-31,2023-04-18,10,2.0,0.0384975334018499,0.036272522075343636,-0.0022250113265062654,NS_XGBOOST,NS,direct_change,"{""configurations_evaluated"": 3, ""learning_rate"": 0.05, ""max_depth"": 1, ""n_estimators"": 100, ""n_train"": 4525, ""validation"": ""last purged expanding fold""}",decimal
2023-03-31,2023-04-18,10,5.0,0.0424133984028394,0.04077010869291928,-0.0016432897099201219,NS_XGBOOST,NS,direct_change,"{""configurations_evaluated"": 3, ""learning_rate"": 0.05, ""max_depth"": 1, ""n_estimators"": 100, ""n_train"": 4525, ""validation"": ""last purged expanding fold""}",decimal
2023-03-31,2023-04-18,10,10.0,0.0464182427900737,0.046006661069581095,-0.0004115817204926042,NS_XGBOOST,NS,direct_change,"{""configurations_evaluated"": 3, ""learning_rate"": 0.05, ""max_depth"": 1, ""n_estimators"": 100, ""n_train"": 4525, ""validation"": ""last purged expanding fold""}",decimal
2023-03-31,2023-04-18,10,15.0,0.0506712099125364,0.049412163219497554,-0.0012590466930388483,NS_XGBOOST,NS,direct_change,"{""configurations_evaluated"": 3, ""learning_rate"": 0.05, ""max_depth"": 1, ""n_estimators"": 100, ""n_train"": 4525, ""validation"": ""last purged expanding fold""}",decimal
2023-03-31,2023-04-18,10,20.0,0.0531402826855123,0.05169755427255408,-0.0014427284129582135,NS_XGBOOST,NS,direct_change,"{""configurations_evaluated"": 3, ""learning_rate"": 0.05, ""max_depth"": 1, ""n_estimators"": 100, ""n_train"": 4525, ""validation"": ""last purged expanding fold""}",decimal
2023-03-31,2023-04-18,10,30.0,0.0564,0.0544182823674335,-0.0019817176325665,NS_XGBOOST,NS,direct_change,"{""configurations_evaluated"": 3, ""learning_rate"": 0.05, ""max_depth"": 1, ""n_estimators"": 100, ""n_train"": 4525, ""validation"": ""last purged expanding fold""}",decimal
2023-03-31,2023-04-18,10,0.25,0.0302142857142857,0.03273243316677844,0.002518147452492736,PCA_XGBOOST,PCA,direct_change,"{""configurations_evaluated"": 3, ""learning_rate"": 0.05, ""max_depth"": 1, ""n_estimators"": 100, ""n_train"": 4525, ""validation"": ""last purged expanding fold""}",decimal
2023-03-31,2023-04-18,10,0.5,0.0317602484472049,0.0333654556435935,0.0016052071963885972,PCA_XGBOOST,PCA,direct_change,"{""configurations_evaluated"": 3, ""learning_rate"": 0.05, ""max_depth"": 1, ""n_estimators"": 100, ""n_train"": 4525, ""validation"": ""last purged expanding fold""}",decimal
2023-03-31,2023-04-18,10,1.0,0.0352070055749476,0.03455499457852474,-0.0006520109964228624,PCA_XGBOOST,PCA,direct_change,"{""configurations_evaluated"": 3, ""learning_rate"": 0.05, ""max_depth"": 1, ""n_estimators"": 100, ""n_train"": 4525, ""validation"": ""last purged expanding fold""}",decimal
2023-03-31,2023-04-18,10,2.0,0.0384975334018499,0.036595581711263335,-0.001901951690586566,PCA_XGBOOST,PCA,direct_change,"{""configurations_evaluated"": 3, ""learning_rate"": 0.05, ""max_depth"": 1, ""n_estimators"": 100, ""n_train"": 4525, ""validation"": ""last purged expanding fold""}",decimal
2023-03-31,2023-04-18,10,5.0,0.0424133984028394,0.04087854560999138,-0.0015348527928480196,PCA_XGBOOST,PCA,direct_change,"{""configurations_evaluated"": 3, ""learning_rate"": 0.05, ""max_depth"": 1, ""n_estimators"": 100, ""n_train"": 4525, ""validation"": ""last purged expanding fold""}",decimal
2023-03-31,2023-04-18,10,10.0,0.0464182427900737,0.0459397139378016,-0.000478528852272099,PCA_XGBOOST,PCA,direct_change,"{""configurations_evaluated"": 3, ""learning_rate"": 0.05, ""max_depth"": 1, ""n_estimators"": 100, ""n_train"": 4525, ""validation"": ""last purged expanding fold""}",decimal
2023-03-31,2023-04-18,10,15.0,0.0506712099125364,0.050013117043885,-0.0006580928686513998,PCA_XGBOOST,PCA,direct_change,"{""configurations_evaluated"": 3, ""learning_rate"": 0.05, ""max_depth"": 1, ""n_estimators"": 100, ""n_train"": 4525, ""validation"": ""last purged expanding fold""}",decimal
2023-03-31,2023-04-18,10,20.0,0.0531402826855123,0.053311138386714876,0.00017085570120257965,PCA_XGBOOST,PCA,direct_change,"{""configurations_evaluated"": 3, ""learning_rate"": 0.05, ""max_depth"": 1, ""n_estimators"": 100, ""n_train"": 4525, ""validation"": ""last purged expanding fold""}",decimal
2023-03-31,2023-04-18,10,30.0,0.0564,0.05383301243191498,-0.0025669875680850163,PCA_XGBOOST,PCA,direct_change,"{""configurations_evaluated"": 3, ""learning_rate"": 0.05, ""max_depth"": 1, ""n_estimators"": 100, ""n_train"": 4525, ""validation"": ""last purged expanding fold""}",decimal
2023-03-31,2023-05-08,22,0.25,0.030425,0.03293129931755495,0.002506299317554951,NS_XGBOOST,NS,direct_change,"{""configurations_evaluated"": 3, ""learning_rate"": 0.05, ""max_depth"": 1, ""n_estimators"": 100, ""n_train"": 4513, ""validation"": ""last purged expanding fold""}",decimal
2023-03-31,2023-05-08,22,0.5,0.0317391304347826,0.033429754939872165,0.0016906245050895621,NS_XGBOOST,NS,direct_change,"{""configurations_evaluated"": 3, ""learning_rate"": 0.05, ""max_depth"": 1, ""n_estimators"": 100, ""n_train"": 4513, ""validation"": ""last purged expanding fold""}",decimal
2023-03-31,2023-05-08,22,1.0,0.03453975689914341,0.0343912282768884,-0.00014852862225501334,NS_XGBOOST,NS,direct_change,"{""configurations_evaluated"": 3, ""learning_rate"": 0.05, ""max_depth"": 1, ""n_estimators"": 100, ""n_train"": 4513, ""validation"": ""last purged expanding fold""}",decimal
2023-03-31,2023-05-08,22,2.0,0.0377015416238437,0.0361809181720868,-0.0015206234517568945,NS_XGBOOST,NS,direct_change,"{""configurations_evaluated"": 3, ""learning_rate"": 0.05, ""max_depth"": 1, ""n_estimators"": 100, ""n_train"": 4513, ""validation"": ""last purged expanding fold""}",decimal
2023-03-31,2023-05-08,22,5.0,0.042207985803016795,0.040637429158742196,-0.0015705566442745997,NS_XGBOOST,NS,direct_change,"{""configurations_evaluated"": 3, ""learning_rate"": 0.05, ""max_depth"": 1, ""n_estimators"": 100, ""n_train"": 4513, ""validation"": ""last purged expanding fold""}",decimal
2023-03-31,2023-05-08,22,10.0,0.04688470824949689,0.04581765642462503,-0.0010670518248718647,NS_XGBOOST,NS,direct_change,"{""configurations_evaluated"": 3, ""learning_rate"": 0.05, ""max_depth"": 1, ""n_estimators"": 100, ""n_train"": 4513, ""validation"": ""last purged expanding fold""}",decimal
2023-03-31,2023-05-08,22,15.0,0.050756705539358606,0.049179535667584644,-0.0015771698717739618,NS_XGBOOST,NS,direct_change,"{""configurations_evaluated"": 3, ""learning_rate"": 0.05, ""max_depth"": 1, ""n_estimators"": 100, ""n_train"": 4513, ""validation"": ""last purged expanding fold""}",decimal
2023-03-31,2023-05-08,22,20.0,0.0531629984856133,0.05143123381476139,-0.0017317646708519124,NS_XGBOOST,NS,direct_change,"{""configurations_evaluated"": 3, ""learning_rate"": 0.05, ""max_depth"": 1, ""n_estimators"": 100, ""n_train"": 4513, ""validation"": ""last purged expanding fold""}",decimal
2023-03-31,2023-05-08,22,30.0,0.0564,0.05410543124062733,-0.0022945687593726657,NS_XGBOOST,NS,direct_change,"{""configurations_evaluated"": 3, ""learning_rate"": 0.05, ""max_depth"": 1, ""n_estimators"": 100, ""n_train"": 4513, ""validation"": ""last purged expanding fold""}",decimal
2023-03-31,2023-05-08,22,0.25,0.030425,0.032571822876977505,0.002146822876977504,PCA_XGBOOST,PCA,direct_change,"{""configurations_evaluated"": 3, ""learning_rate"": 0.05, ""max_depth"": 1, ""n_estimators"": 100, ""n_train"": 4513, ""validation"": ""last purged expanding fold""}",decimal
2023-03-31,2023-05-08,22,0.5,0.0317391304347826,0.03321152317864552,0.0014723927438629186,PCA_XGBOOST,PCA,direct_change,"{""configurations_evaluated"": 3, ""learning_rate"": 0.05, ""max_depth"": 1, ""n_estimators"": 100, ""n_train"": 4513, ""validation"": ""last purged expanding fold""}",decimal
2023-03-31,2023-05-08,22,1.0,0.03453975689914341,0.034413655191172864,-0.00012610170797054676,PCA_XGBOOST,PCA,direct_change,"{""configurations_evaluated"": 3, ""learning_rate"": 0.05, ""max_depth"": 1, ""n_estimators"": 100, ""n_train"": 4513, ""validation"": ""last purged expanding fold""}",decimal
2023-03-31,2023-05-08,22,2.0,0.0377015416238437,0.03647242692221865,-0.0012291147016250462,PCA_XGBOOST,PCA,direct_change,"{""configurations_evaluated"": 3, ""learning_rate"": 0.05, ""max_depth"": 1, ""n_estimators"": 100, ""n_train"": 4513, ""validation"": ""last purged expanding fold""}",decimal
2023-03-31,2023-05-08,22,5.0,0.042207985803016795,0.04078248348434976,-0.0014255023186670324,PCA_XGBOOST,PCA,direct_change,"{""configurations_evaluated"": 3, ""learning_rate"": 0.05, ""max_depth"": 1, ""n_estimators"": 100, ""n_train"": 4513, ""validation"": ""last purged expanding fold""}",decimal
2023-03-31,2023-05-08,22,10.0,0.04688470824949689,0.045870007804182156,-0.0010147004453147368,PCA_XGBOOST,PCA,direct_change,"{""configurations_evaluated"": 3, ""learning_rate"": 0.05, ""max_depth"": 1, ""n_estimators"": 100, ""n_train"": 4513, ""validation"": ""last purged expanding fold""}",decimal
2023-03-31,2023-05-08,22,15.0,0.050756705539358606,0.049953235457864176,-0.0008034700814944298,PCA_XGBOOST,PCA,direct_change,"{""configurations_evaluated"": 3, ""learning_rate"": 0.05, ""max_depth"": 1, ""n_estimators"": 100, ""n_train"": 4513, ""validation"": ""last purged expanding fold""}",decimal
2023-03-31,2023-05-08,22,20.0,0.0531629984856133,0.05323063615513281,6.763766951950467e-05,PCA_XGBOOST,PCA,direct_change,"{""configurations_evaluated"": 3, ""learning_rate"": 0.05, ""max_depth"": 1, ""n_estimators"": 100, ""n_train"": 4513, ""validation"": ""last purged expanding fold""}",decimal
2023-03-31,2023-05-08,22,30.0,0.0564,0.05373836319968384,-0.0026616368003161556,PCA_XGBOOST,PCA,direct_change,"{""configurations_evaluated"": 3, ""learning_rate"": 0.05, ""max_depth"": 1, ""n_estimators"": 100, ""n_train"": 4513, ""validation"": ""last purged expanding fold""}",decimal
2023-04-28,2023-05-08,5,0.25,0.030425,0.032303702062834144,0.0018787020628341436,NS_XGBOOST,NS,direct_change,"{""configurations_evaluated"": 3, ""learning_rate"": 0.05, ""max_depth"": 1, ""n_estimators"": 100, ""n_train"": 4547, ""validation"": ""last purged expanding fold""}",decimal
2023-04-28,2023-05-08,5,0.5,0.0317391304347826,0.032899820729041664,0.0011606902942590605,NS_XGBOOST,NS,direct_change,"{""configurations_evaluated"": 3, ""learning_rate"": 0.05, ""max_depth"": 1, ""n_estimators"": 100, ""n_train"": 4547, ""validation"": ""last purged expanding fold""}",decimal
2023-04-28,2023-05-08,5,1.0,0.03453975689914341,0.03404582468373771,-0.0004939322154057027,NS_XGBOOST,NS,direct_change,"{""configurations_evaluated"": 3, ""learning_rate"": 0.05, ""max_depth"": 1, ""n_estimators"": 100, ""n_train"": 4547, ""validation"": ""last purged expanding fold""}",decimal
2023-04-28,2023-05-08,5,2.0,0.0377015416238437,0.036164667294966035,-0.0015368743288776618,NS_XGBOOST,NS,direct_change,"{""configurations_evaluated"": 3, ""learning_rate"": 0.05, ""max_depth"": 1, ""n_estimators"": 100, ""n_train"": 4547, ""validation"": ""last purged expanding fold""}",decimal
2023-04-28,2023-05-08,5,5.0,0.042207985803016795,0.04134722977976075,-0.0008607560232560471,NS_XGBOOST,NS,direct_change,"{""configurations_evaluated"": 3, ""learning_rate"": 0.05, ""max_depth"": 1, ""n_estimators"": 100, ""n_train"": 4547, ""validation"": ""last purged expanding fold""}",decimal
2023-04-28,2023-05-08,5,10.0,0.04688470824949689,0.04715249581597643,0.0002677875664795354,NS_XGBOOST,NS,direct_change,"{""configurations_evaluated"": 3, ""learning_rate"": 0.05, ""max_depth"": 1, ""n_estimators"": 100, ""n_train"": 4547, ""validation"": ""last purged expanding fold""}",decimal
2023-04-28,2023-05-08,5,15.0,0.050756705539358606,0.05073963005545814,-1.7075483900466648e-05,NS_XGBOOST,NS,direct_change,"{""configurations_evaluated"": 3, ""learning_rate"": 0.05, ""max_depth"": 1, ""n_estimators"": 100, ""n_train"": 4547, ""validation"": ""last purged expanding fold""}",decimal
2023-04-28,2023-05-08,5,20.0,0.0531629984856133,0.05302799329221909,-0.0001350051933942109,NS_XGBOOST,NS,direct_change,"{""configurations_evaluated"": 3, ""learning_rate"": 0.05, ""max_depth"": 1, ""n_estimators"": 100, ""n_train"": 4547, ""validation"": ""last purged expanding fold""}",decimal
2023-04-28,2023-05-08,5,30.0,0.0564,0.055579465151447766,-0.0008205348485522332,NS_XGBOOST,NS,direct_change,"{""configurations_evaluated"": 3, ""learning_rate"": 0.05, ""max_depth"": 1, ""n_estimators"": 100, ""n_train"": 4547, ""validation"": ""last purged expanding fold""}",decimal
2023-04-28,2023-05-08,5,0.25,0.030425,0.032059081318661496,0.0016340813186614955,PCA_XGBOOST,PCA,direct_change,"{""configurations_evaluated"": 3, ""learning_rate"": 0.03, ""max_depth"": 2, ""n_estimators"": 180, ""n_train"": 4547, ""validation"": ""last purged expanding fold""}",decimal
2023-04-28,2023-05-08,5,0.5,0.0317391304347826,0.032778028580592644,0.001038898145810041,PCA_XGBOOST,PCA,direct_change,"{""configurations_evaluated"": 3, ""learning_rate"": 0.03, ""max_depth"": 2, ""n_estimators"": 180, ""n_train"": 4547, ""validation"": ""last purged expanding fold""}",decimal
2023-04-28,2023-05-08,5,1.0,0.03453975689914341,0.034143687273403375,-0.00039606962574003507,PCA_XGBOOST,PCA,direct_change,"{""configurations_evaluated"": 3, ""learning_rate"": 0.03, ""max_depth"": 2, ""n_estimators"": 180, ""n_train"": 4547, ""validation"": ""last purged expanding fold""}",decimal
2023-04-28,2023-05-08,5,2.0,0.0377015416238437,0.03642797054553941,-0.0012735710783042878,PCA_XGBOOST,PCA,direct_change,"{""configurations_evaluated"": 3, ""learning_rate"": 0.03, ""max_depth"": 2, ""n_estimators"": 180, ""n_train"": 4547, ""validation"": ""last purged expanding fold""}",decimal
2023-04-28,2023-05-08,5,5.0,0.042207985803016795,0.04122841134460018,-0.0009795744584166141,PCA_XGBOOST,PCA,direct_change,"{""configurations_evaluated"": 3, ""learning_rate"": 0.03, ""max_depth"": 2, ""n_estimators"": 180, ""n_train"": 4547, ""validation"": ""last purged expanding fold""}",decimal
2023-04-28,2023-05-08,5,10.0,0.04688470824949689,0.04677486963750287,-0.00010983861199402589,PCA_XGBOOST,PCA,direct_change,"{""configurations_evaluated"": 3, ""learning_rate"": 0.03, ""max_depth"": 2, ""n_estimators"": 180, ""n_train"": 4547, ""validation"": ""last purged expanding fold""}",decimal
2023-04-28,2023-05-08,5,15.0,0.050756705539358606,0.05114209516269297,0.00038538962333436316,PCA_XGBOOST,PCA,direct_change,"{""configurations_evaluated"": 3, ""learning_rate"": 0.03, ""max_depth"": 2, ""n_estimators"": 180, ""n_train"": 4547, ""validation"": ""last purged expanding fold""}",decimal
2023-04-28,2023-05-08,5,20.0,0.0531629984856133,0.05457732436953208,0.0014143258839187794,PCA_XGBOOST,PCA,direct_change,"{""configurations_evaluated"": 3, ""learning_rate"": 0.03, ""max_depth"": 2, ""n_estimators"": 180, ""n_train"": 4547, ""validation"": ""last purged expanding fold""}",decimal
2023-04-28,2023-05-08,5,30.0,0.0564,0.054821532752653605,-0.0015784672473463934,PCA_XGBOOST,PCA,direct_change,"{""configurations_evaluated"": 3, ""learning_rate"": 0.03, ""max_depth"": 2, ""n_estimators"": 180, ""n_train"": 4547, ""validation"": ""last purged expanding fold""}",decimal
2023-04-28,2023-05-15,10,0.25,0.030600000000000002,0.03228022784134916,0.0016802278413491564,NS_XGBOOST,NS,direct_change,"{""configurations_evaluated"": 3, ""learning_rate"": 0.05, ""max_depth"": 1, ""n_estimators"": 100, ""n_train"": 4542, ""validation"": ""last purged expanding fold""}",decimal
2023-04-28,2023-05-15,10,0.5,0.03158260869565209,0.032870987494132066,0.0012883787984799763,NS_XGBOOST,NS,direct_change,"{""configurations_evaluated"": 3, ""learning_rate"": 0.05, ""max_depth"": 1, ""n_estimators"": 100, ""n_train"": 4542, ""validation"": ""last purged expanding fold""}",decimal
2023-04-28,2023-05-15,10,1.0,0.0339296780143583,0.0340067611836379,7.708316927960285e-05,NS_XGBOOST,NS,direct_change,"{""configurations_evaluated"": 3, ""learning_rate"": 0.05, ""max_depth"": 1, ""n_estimators"": 100, ""n_train"": 4542, ""validation"": ""last purged expanding fold""}",decimal
2023-04-28,2023-05-15,10,2.0,0.0371332990750256,0.03610695838877027,-0.001026340686255331,NS_XGBOOST,NS,direct_change,"{""configurations_evaluated"": 3, ""learning_rate"": 0.05, ""max_depth"": 1, ""n_estimators"": 100, ""n_train"": 4542, ""validation"": ""last purged expanding fold""}",decimal
2023-04-28,2023-05-15,10,5.0,0.0419921029281277,0.04124568526747245,-0.000746417660655252,NS_XGBOOST,NS,direct_change,"{""configurations_evaluated"": 3, ""learning_rate"": 0.05, ""max_depth"": 1, ""n_estimators"": 100, ""n_train"": 4542, ""validation"": ""last purged expanding fold""}",decimal
2023-04-28,2023-05-15,10,10.0,0.0467570757880617,0.0470060643784532,0.0002489885903914982,NS_XGBOOST,NS,direct_change,"{""configurations_evaluated"": 3, ""learning_rate"": 0.05, ""max_depth"": 1, ""n_estimators"": 100, ""n_train"": 4542, ""validation"": ""last purged expanding fold""}",decimal
2023-04-28,2023-05-15,10,15.0,0.0506135568513119,0.050569067130358296,-4.4489720953604095e-05,NS_XGBOOST,NS,direct_change,"{""configurations_evaluated"": 3, ""learning_rate"": 0.05, ""max_depth"": 1, ""n_estimators"": 100, ""n_train"": 4542, ""validation"": ""last purged expanding fold""}",decimal
2023-04-28,2023-05-15,10,20.0,0.0531991923271075,0.052844432921121696,-0.00035475940598580363,NS_XGBOOST,NS,direct_change,"{""configurations_evaluated"": 3, ""learning_rate"": 0.05, ""max_depth"": 1, ""n_estimators"": 100, ""n_train"": 4542, ""validation"": ""last purged expanding fold""}",decimal
2023-04-28,2023-05-15,10,30.0,0.0565,0.05538507673501474,-0.0011149232649852597,NS_XGBOOST,NS,direct_change,"{""configurations_evaluated"": 3, ""learning_rate"": 0.05, ""max_depth"": 1, ""n_estimators"": 100, ""n_train"": 4542, ""validation"": ""last purged expanding fold""}",decimal
2023-04-28,2023-05-15,10,0.25,0.030600000000000002,0.03204464426117929,0.0014446442611792884,PCA_XGBOOST,PCA,direct_change,"{""configurations_evaluated"": 3, ""learning_rate"": 0.05, ""max_depth"": 1, ""n_estimators"": 100, ""n_train"": 4542, ""validation"": ""last purged expanding fold""}",decimal
2023-04-28,2023-05-15,10,0.5,0.03158260869565209,0.032770372025454755,0.0011877633298026657,PCA_XGBOOST,PCA,direct_change,"{""configurations_evaluated"": 3, ""learning_rate"": 0.05, ""max_depth"": 1, ""n_estimators"": 100, ""n_train"": 4542, ""validation"": ""last purged expanding fold""}",decimal
2023-04-28,2023-05-15,10,1.0,0.0339296780143583,0.034144939954794166,0.00021526194043586938,PCA_XGBOOST,PCA,direct_change,"{""configurations_evaluated"": 3, ""learning_rate"": 0.05, ""max_depth"": 1, ""n_estimators"": 100, ""n_train"": 4542, ""validation"": ""last purged expanding fold""}",decimal
2023-04-28,2023-05-15,10,2.0,0.0371332990750256,0.03644122092652262,-0.0006920781485029795,PCA_XGBOOST,PCA,direct_change,"{""configurations_evaluated"": 3, ""learning_rate"": 0.05, ""max_depth"": 1, ""n_estimators"": 100, ""n_train"": 4542, ""validation"": ""last purged expanding fold""}",decimal
2023-04-28,2023-05-15,10,5.0,0.0419921029281277,0.041241118753142035,-0.000750984174985668,PCA_XGBOOST,PCA,direct_change,"{""configurations_evaluated"": 3, ""learning_rate"": 0.05, ""max_depth"": 1, ""n_estimators"": 100, ""n_train"": 4542, ""validation"": ""last purged expanding fold""}",decimal
2023-04-28,2023-05-15,10,10.0,0.0467570757880617,0.04678382581685492,2.6750028793216807e-05,PCA_XGBOOST,PCA,direct_change,"{""configurations_evaluated"": 3, ""learning_rate"": 0.05, ""max_depth"": 1, ""n_estimators"": 100, ""n_train"": 4542, ""validation"": ""last purged expanding fold""}",decimal
2023-04-28,2023-05-15,10,15.0,0.0506135568513119,0.05113648885847851,0.0005229320071666113,PCA_XGBOOST,PCA,direct_change,"{""configurations_evaluated"": 3, ""learning_rate"": 0.05, ""max_depth"": 1, ""n_estimators"": 100, ""n_train"": 4542, ""validation"": ""last purged expanding fold""}",decimal
2023-04-28,2023-05-15,10,20.0,0.0531991923271075,0.054510871641462406,0.0013116793143549063,PCA_XGBOOST,PCA,direct_change,"{""configurations_evaluated"": 3, ""learning_rate"": 0.05, ""max_depth"": 1, ""n_estimators"": 100, ""n_train"": 4542, ""validation"": ""last purged expanding fold""}",decimal
2023-04-28,2023-05-15,10,30.0,0.0565,0.05471164344123957,-0.0017883565587604316,PCA_XGBOOST,PCA,direct_change,"{""configurations_evaluated"": 3, ""learning_rate"": 0.05, ""max_depth"": 1, ""n_estimators"": 100, ""n_train"": 4542, ""validation"": ""last purged expanding fold""}",decimal
2023-04-28,2023-05-31,22,0.25,0.0300785714285714,0.03216274212404415,0.002084170695472752,NS_XGBOOST,NS,direct_change,"{""configurations_evaluated"": 3, ""learning_rate"": 0.05, ""max_depth"": 1, ""n_estimators"": 100, ""n_train"": 4530, ""validation"": ""last purged expanding fold""}",decimal
2023-04-28,2023-05-31,22,0.5,0.031,0.03273481505479053,0.001734815054790527,NS_XGBOOST,NS,direct_change,"{""configurations_evaluated"": 3, ""learning_rate"": 0.05, ""max_depth"": 1, ""n_estimators"": 100, ""n_train"": 4530, ""validation"": ""last purged expanding fold""}",decimal
2023-04-28,2023-05-31,22,1.0,0.0334921892253337,0.033835399623149215,0.0003432103978155132,NS_XGBOOST,NS,direct_change,"{""configurations_evaluated"": 3, ""learning_rate"": 0.05, ""max_depth"": 1, ""n_estimators"": 100, ""n_train"": 4530, ""validation"": ""last purged expanding fold""}",decimal
2023-04-28,2023-05-31,22,2.0,0.0365365878725591,0.03587327996462043,-0.0006633079079386636,NS_XGBOOST,NS,direct_change,"{""configurations_evaluated"": 3, ""learning_rate"": 0.05, ""max_depth"": 1, ""n_estimators"": 100, ""n_train"": 4530, ""validation"": ""last purged expanding fold""}",decimal
2023-04-28,2023-05-31,22,5.0,0.0409726708074534,0.040877619666146954,-9.505114130644449e-05,NS_XGBOOST,NS,direct_change,"{""configurations_evaluated"": 3, ""learning_rate"": 0.05, ""max_depth"": 1, ""n_estimators"": 100, ""n_train"": 4530, ""validation"": ""last purged expanding fold""}",decimal
2023-04-28,2023-05-31,22,10.0,0.046244058500914,0.0465304233543818,0.00028636485346780066,NS_XGBOOST,NS,direct_change,"{""configurations_evaluated"": 3, ""learning_rate"": 0.05, ""max_depth"": 1, ""n_estimators"": 100, ""n_train"": 4530, ""validation"": ""last purged expanding fold""}",decimal
2023-04-28,2023-05-31,22,15.0,0.0494927659574468,0.05006368597484967,0.0005709200174028664,NS_XGBOOST,NS,direct_change,"{""configurations_evaluated"": 3, ""learning_rate"": 0.05, ""max_depth"": 1, ""n_estimators"": 100, ""n_train"": 4530, ""validation"": ""last purged expanding fold""}",decimal
2023-04-28,2023-05-31,22,20.0,0.0529521470019342,0.05234450450658504,-0.000607642495349163,NS_XGBOOST,NS,direct_change,"{""configurations_evaluated"": 3, ""learning_rate"": 0.05, ""max_depth"": 1, ""n_estimators"": 100, ""n_train"": 4530, ""validation"": ""last purged expanding fold""}",decimal
2023-04-28,2023-05-31,22,30.0,0.0555,0.05492856305060703,-0.0005714369493929686,NS_XGBOOST,NS,direct_change,"{""configurations_evaluated"": 3, ""learning_rate"": 0.05, ""max_depth"": 1, ""n_estimators"": 100, ""n_train"": 4530, ""validation"": ""last purged expanding fold""}",decimal
2023-04-28,2023-05-31,22,0.25,0.0300785714285714,0.03204140710480399,0.001962835676232594,PCA_XGBOOST,PCA,direct_change,"{""configurations_evaluated"": 3, ""learning_rate"": 0.05, ""max_depth"": 1, ""n_estimators"": 100, ""n_train"": 4530, ""validation"": ""last purged expanding fold""}",decimal
2023-04-28,2023-05-31,22,0.5,0.031,0.032759775332197386,0.0017597753321973858,PCA_XGBOOST,PCA,direct_change,"{""configurations_evaluated"": 3, ""learning_rate"": 0.05, ""max_depth"": 1, ""n_estimators"": 100, ""n_train"": 4530, ""validation"": ""last purged expanding fold""}",decimal
2023-04-28,2023-05-31,22,1.0,0.0334921892253337,0.03412007818862049,0.0006278889632867907,PCA_XGBOOST,PCA,direct_change,"{""configurations_evaluated"": 3, ""learning_rate"": 0.05, ""max_depth"": 1, ""n_estimators"": 100, ""n_train"": 4530, ""validation"": ""last purged expanding fold""}",decimal
2023-04-28,2023-05-31,22,2.0,0.0365365878725591,0.036394968908199356,-0.00014161896435974097,PCA_XGBOOST,PCA,direct_change,"{""configurations_evaluated"": 3, ""learning_rate"": 0.05, ""max_depth"": 1, ""n_estimators"": 100, ""n_train"": 4530, ""validation"": ""last purged expanding fold""}",decimal
2023-04-28,2023-05-31,22,5.0,0.0409726708074534,0.04114450799979732,0.00017183719234391964,PCA_XGBOOST,PCA,direct_change,"{""configurations_evaluated"": 3, ""learning_rate"": 0.05, ""max_depth"": 1, ""n_estimators"": 100, ""n_train"": 4530, ""validation"": ""last purged expanding fold""}",decimal
2023-04-28,2023-05-31,22,10.0,0.046244058500914,0.046640416862781156,0.00039635836186715373,PCA_XGBOOST,PCA,direct_change,"{""configurations_evaluated"": 3, ""learning_rate"": 0.05, ""max_depth"": 1, ""n_estimators"": 100, ""n_train"": 4530, ""validation"": ""last purged expanding fold""}",decimal
2023-04-28,2023-05-31,22,15.0,0.0494927659574468,0.050965149211170895,0.001472383253724091,PCA_XGBOOST,PCA,direct_change,"{""configurations_evaluated"": 3, ""learning_rate"": 0.05, ""max_depth"": 1, ""n_estimators"": 100, ""n_train"": 4530, ""validation"": ""last purged expanding fold""}",decimal
2023-04-28,2023-05-31,22,20.0,0.0529521470019342,0.054323898797106,0.0013717517951718008,PCA_XGBOOST,PCA,direct_change,"{""configurations_evaluated"": 3, ""learning_rate"": 0.05, ""max_depth"": 1, ""n_estimators"": 100, ""n_train"": 4530, ""validation"": ""last purged expanding fold""}",decimal
2023-04-28,2023-05-31,22,30.0,0.0555,0.054566143630116054,-0.0009338563698839467,PCA_XGBOOST,PCA,direct_change,"{""configurations_evaluated"": 3, ""learning_rate"": 0.05, ""max_depth"": 1, ""n_estimators"": 100, ""n_train"": 4530, ""validation"": ""last purged expanding fold""}",decimal
2023-05-31,2023-06-07,5,0.25,0.03,0.031097185182101677,0.001097185182101678,NS_XGBOOST,NS,direct_change,"{""configurations_evaluated"": 3, ""learning_rate"": 0.05, ""max_depth"": 1, ""n_estimators"": 100, ""n_train"": 4569, ""validation"": ""last purged expanding fold""}",decimal
2023-05-31,2023-06-07,5,0.5,0.0311512048192771,0.031719078411984944,0.0005678735927078446,NS_XGBOOST,NS,direct_change,"{""configurations_evaluated"": 3, ""learning_rate"": 0.05, ""max_depth"": 1, ""n_estimators"": 100, ""n_train"": 4569, ""validation"": ""last purged expanding fold""}",decimal
2023-05-31,2023-06-07,5,1.0,0.033751691120602,0.03291138881648336,-0.0008403023041186411,NS_XGBOOST,NS,direct_change,"{""configurations_evaluated"": 3, ""learning_rate"": 0.05, ""max_depth"": 1, ""n_estimators"": 100, ""n_train"": 4569, ""validation"": ""last purged expanding fold""}",decimal
2023-05-31,2023-06-07,5,2.0,0.0366123260437375,0.03510470328306096,-0.0015076227606765427,NS_XGBOOST,NS,direct_change,"{""configurations_evaluated"": 3, ""learning_rate"": 0.05, ""max_depth"": 1, ""n_estimators"": 100, ""n_train"": 4569, ""validation"": ""last purged expanding fold""}",decimal
2023-05-31,2023-06-07,5,5.0,0.0409906832298136,0.0404111386415575,-0.0005795445882560979,NS_XGBOOST,NS,direct_change,"{""configurations_evaluated"": 3, ""learning_rate"": 0.05, ""max_depth"": 1, ""n_estimators"": 100, ""n_train"": 4569, ""validation"": ""last purged expanding fold""}",decimal
2023-05-31,2023-06-07,5,10.0,0.0457619047619047,0.046277002264194296,0.0005150975022895979,NS_XGBOOST,NS,direct_change,"{""configurations_evaluated"": 3, ""learning_rate"": 0.05, ""max_depth"": 1, ""n_estimators"": 100, ""n_train"": 4569, ""validation"": ""last purged expanding fold""}",decimal
2023-05-31,2023-06-07,5,15.0,0.0496061224489795,0.04989529193566956,0.00028916948669005516,NS_XGBOOST,NS,direct_change,"{""configurations_evaluated"": 3, ""learning_rate"": 0.05, ""max_depth"": 1, ""n_estimators"": 100, ""n_train"": 4569, ""validation"": ""last purged expanding fold""}",decimal
2023-05-31,2023-06-07,5,20.0,0.0525564866229177,0.05223458391021479,-0.0003219027127029164,NS_XGBOOST,NS,direct_change,"{""configurations_evaluated"": 3, ""learning_rate"": 0.05, ""max_depth"": 1, ""n_estimators"": 100, ""n_train"": 4569, ""validation"": ""last purged expanding fold""}",decimal
2023-05-31,2023-06-07,5,30.0,0.0564,0.054937934296467775,-0.001462065703532224,NS_XGBOOST,NS,direct_change,"{""configurations_evaluated"": 3, ""learning_rate"": 0.05, ""max_depth"": 1, ""n_estimators"": 100, ""n_train"": 4569, ""validation"": ""last purged expanding fold""}",decimal
2023-05-31,2023-06-07,5,0.25,0.03,0.030904447146996826,0.0009044471469968271,PCA_XGBOOST,PCA,direct_change,"{""configurations_evaluated"": 3, ""learning_rate"": 0.05, ""max_depth"": 2, ""n_estimators"": 100, ""n_train"": 4569, ""validation"": ""last purged expanding fold""}",decimal
2023-05-31,2023-06-07,5,0.5,0.0311512048192771,0.031612070654333795,0.0004608658350566952,PCA_XGBOOST,PCA,direct_change,"{""configurations_evaluated"": 3, ""learning_rate"": 0.05, ""max_depth"": 2, ""n_estimators"": 100, ""n_train"": 4569, ""validation"": ""last purged expanding fold""}",decimal
2023-05-31,2023-06-07,5,1.0,0.033751691120602,0.032987344580943934,-0.0007643465396580673,PCA_XGBOOST,PCA,direct_change,"{""configurations_evaluated"": 3, ""learning_rate"": 0.05, ""max_depth"": 2, ""n_estimators"": 100, ""n_train"": 4569, ""validation"": ""last purged expanding fold""}",decimal
2023-05-31,2023-06-07,5,2.0,0.0366123260437375,0.03527841861912496,-0.0013339074246125418,PCA_XGBOOST,PCA,direct_change,"{""configurations_evaluated"": 3, ""learning_rate"": 0.05, ""max_depth"": 2, ""n_estimators"": 100, ""n_train"": 4569, ""validation"": ""last purged expanding fold""}",decimal
2023-05-31,2023-06-07,5,5.0,0.0409906832298136,0.04011564004588218,-0.0008750431839314177,PCA_XGBOOST,PCA,direct_change,"{""configurations_evaluated"": 3, ""learning_rate"": 0.05, ""max_depth"": 2, ""n_estimators"": 100, ""n_train"": 4569, ""validation"": ""last purged expanding fold""}",decimal
2023-05-31,2023-06-07,5,10.0,0.0457619047619047,0.045716744150780475,-4.5160611124223093e-05,PCA_XGBOOST,PCA,direct_change,"{""configurations_evaluated"": 3, ""learning_rate"": 0.05, ""max_depth"": 2, ""n_estimators"": 100, ""n_train"": 4569, ""validation"": ""last purged expanding fold""}",decimal
2023-05-31,2023-06-07,5,15.0,0.0496061224489795,0.050149808251518185,0.0005436858025386834,PCA_XGBOOST,PCA,direct_change,"{""configurations_evaluated"": 3, ""learning_rate"": 0.05, ""max_depth"": 2, ""n_estimators"": 100, ""n_train"": 4569, ""validation"": ""last purged expanding fold""}",decimal
2023-05-31,2023-06-07,5,20.0,0.0525564866229177,0.053747601529667,0.0011911149067492938,PCA_XGBOOST,PCA,direct_change,"{""configurations_evaluated"": 3, ""learning_rate"": 0.05, ""max_depth"": 2, ""n_estimators"": 100, ""n_train"": 4569, ""validation"": ""last purged expanding fold""}",decimal
2023-05-31,2023-06-07,5,30.0,0.0564,0.05434066058083203,-0.0020593394191679715,PCA_XGBOOST,PCA,direct_change,"{""configurations_evaluated"": 3, ""learning_rate"": 0.05, ""max_depth"": 2, ""n_estimators"": 100, ""n_train"": 4569, ""validation"": ""last purged expanding fold""}",decimal
2023-05-31,2023-06-14,10,0.25,0.0303186813186813,0.031073836863898398,0.0007551555452170976,NS_XGBOOST,NS,direct_change,"{""configurations_evaluated"": 3, ""learning_rate"": 0.05, ""max_depth"": 1, ""n_estimators"": 100, ""n_train"": 4564, ""validation"": ""last purged expanding fold""}",decimal
2023-05-31,2023-06-14,10,0.5,0.0312825396825396,0.031691462544272596,0.0004089228617329965,NS_XGBOOST,NS,direct_change,"{""configurations_evaluated"": 3, ""learning_rate"": 0.05, ""max_depth"": 1, ""n_estimators"": 100, ""n_train"": 4564, ""validation"": ""last purged expanding fold""}",decimal
2023-05-31,2023-06-14,10,1.0,0.03376496493138529,0.03287579852618127,-0.0008891664052040199,NS_XGBOOST,NS,direct_change,"{""configurations_evaluated"": 3, ""learning_rate"": 0.05, ""max_depth"": 1, ""n_estimators"": 100, ""n_train"": 4564, ""validation"": ""last purged expanding fold""}",decimal
2023-05-31,2023-06-14,10,2.0,0.0381755027422303,0.03505519289969565,-0.003120309842534648,NS_XGBOOST,NS,direct_change,"{""configurations_evaluated"": 3, ""learning_rate"": 0.05, ""max_depth"": 1, ""n_estimators"": 100, ""n_train"": 4564, ""validation"": ""last purged expanding fold""}",decimal
2023-05-31,2023-06-14,10,5.0,0.0413302763819095,0.040332478576809785,-0.0009977978050997177,NS_XGBOOST,NS,direct_change,"{""configurations_evaluated"": 3, ""learning_rate"": 0.05, ""max_depth"": 1, ""n_estimators"": 100, ""n_train"": 4564, ""validation"": ""last purged expanding fold""}",decimal
2023-05-31,2023-06-14,10,10.0,0.0457660513282305,0.04617531570017211,0.0004092643719416089,NS_XGBOOST,NS,direct_change,"{""configurations_evaluated"": 3, ""learning_rate"": 0.05, ""max_depth"": 1, ""n_estimators"": 100, ""n_train"": 4564, ""validation"": ""last purged expanding fold""}",decimal
2023-05-31,2023-06-14,10,15.0,0.0496280504277352,0.049785647674523315,0.00015759724678811315,NS_XGBOOST,NS,direct_change,"{""configurations_evaluated"": 3, ""learning_rate"": 0.05, ""max_depth"": 1, ""n_estimators"": 100, ""n_train"": 4564, ""validation"": ""last purged expanding fold""}",decimal
2023-05-31,2023-06-14,10,20.0,0.0525660272589601,0.05212295140876786,-0.00044307585019223716,NS_XGBOOST,NS,direct_change,"{""configurations_evaluated"": 3, ""learning_rate"": 0.05, ""max_depth"": 1, ""n_estimators"": 100, ""n_train"": 4564, ""validation"": ""last purged expanding fold""}",decimal
2023-05-31,2023-06-14,10,30.0,0.0564,0.054827448946516824,-0.0015725510534831746,NS_XGBOOST,NS,direct_change,"{""configurations_evaluated"": 3, ""learning_rate"": 0.05, ""max_depth"": 1, ""n_estimators"": 100, ""n_train"": 4564, ""validation"": ""last purged expanding fold""}",decimal
2023-05-31,2023-06-14,10,0.25,0.0303186813186813,0.03086233485589915,0.0005436535372178482,PCA_XGBOOST,PCA,direct_change,"{""configurations_evaluated"": 3, ""learning_rate"": 0.05, ""max_depth"": 1, ""n_estimators"": 100, ""n_train"": 4564, ""validation"": ""last purged expanding fold""}",decimal
2023-05-31,2023-06-14,10,0.5,0.0312825396825396,0.03156941024689253,0.000286870564352934,PCA_XGBOOST,PCA,direct_change,"{""configurations_evaluated"": 3, ""learning_rate"": 0.05, ""max_depth"": 1, ""n_estimators"": 100, ""n_train"": 4564, ""validation"": ""last purged expanding fold""}",decimal
2023-05-31,2023-06-14,10,1.0,0.03376496493138529,0.032942407257418024,-0.0008225576739672655,PCA_XGBOOST,PCA,direct_change,"{""configurations_evaluated"": 3, ""learning_rate"": 0.05, ""max_depth"": 1, ""n_estimators"": 100, ""n_train"": 4564, ""validation"": ""last purged expanding fold""}",decimal
2023-05-31,2023-06-14,10,2.0,0.0381755027422303,0.03522974027090452,-0.0029457624713257816,PCA_XGBOOST,PCA,direct_change,"{""configurations_evaluated"": 3, ""learning_rate"": 0.05, ""max_depth"": 1, ""n_estimators"": 100, ""n_train"": 4564, ""validation"": ""last purged expanding fold""}",decimal
2023-05-31,2023-06-14,10,5.0,0.0413302763819095,0.040047893427880565,-0.0012823829540289378,PCA_XGBOOST,PCA,direct_change,"{""configurations_evaluated"": 3, ""learning_rate"": 0.05, ""max_depth"": 1, ""n_estimators"": 100, ""n_train"": 4564, ""validation"": ""last purged expanding fold""}",decimal
2023-05-31,2023-06-14,10,10.0,0.0457660513282305,0.045630853757098244,-0.00013519757113225617,PCA_XGBOOST,PCA,direct_change,"{""configurations_evaluated"": 3, ""learning_rate"": 0.05, ""max_depth"": 1, ""n_estimators"": 100, ""n_train"": 4564, ""validation"": ""last purged expanding fold""}",decimal
2023-05-31,2023-06-14,10,15.0,0.0496280504277352,0.05004863095040867,0.00042058052267347074,PCA_XGBOOST,PCA,direct_change,"{""configurations_evaluated"": 3, ""learning_rate"": 0.05, ""max_depth"": 1, ""n_estimators"": 100, ""n_train"": 4564, ""validation"": ""last purged expanding fold""}",decimal
2023-05-31,2023-06-14,10,20.0,0.0525660272589601,0.053618843381164044,0.0010528161222039464,PCA_XGBOOST,PCA,direct_change,"{""configurations_evaluated"": 3, ""learning_rate"": 0.05, ""max_depth"": 1, ""n_estimators"": 100, ""n_train"": 4564, ""validation"": ""last purged expanding fold""}",decimal
2023-05-31,2023-06-14,10,30.0,0.0564,0.05421800418380259,-0.0021819958161974073,PCA_XGBOOST,PCA,direct_change,"{""configurations_evaluated"": 3, ""learning_rate"": 0.05, ""max_depth"": 1, ""n_estimators"": 100, ""n_train"": 4564, ""validation"": ""last purged expanding fold""}",decimal
2023-05-31,2023-07-05,22,0.25,0.029500000000000002,0.03089708488465202,0.0013970848846520181,NS_XGBOOST,NS,direct_change,"{""configurations_evaluated"": 3, ""learning_rate"": 0.05, ""max_depth"": 1, ""n_estimators"": 100, ""n_train"": 4552, ""validation"": ""last purged expanding fold""}",decimal
2023-05-31,2023-07-05,22,0.5,0.030686956521739098,0.03149014447456649,0.0008031879528273903,NS_XGBOOST,NS,direct_change,"{""configurations_evaluated"": 3, ""learning_rate"": 0.05, ""max_depth"": 1, ""n_estimators"": 100, ""n_train"": 4552, ""validation"": ""last purged expanding fold""}",decimal
2023-05-31,2023-07-05,22,1.0,0.0331279540856755,0.03262922738702347,-0.00049872669865203,NS_XGBOOST,NS,direct_change,"{""configurations_evaluated"": 3, ""learning_rate"": 0.05, ""max_depth"": 1, ""n_estimators"": 100, ""n_train"": 4552, ""validation"": ""last purged expanding fold""}",decimal
2023-05-31,2023-07-05,22,2.0,0.0347345029239766,0.03473204305057774,-2.4598733988565047e-06,NS_XGBOOST,NS,direct_change,"{""configurations_evaluated"": 3, ""learning_rate"": 0.05, ""max_depth"": 1, ""n_estimators"": 100, ""n_train"": 4552, ""validation"": ""last purged expanding fold""}",decimal
2023-05-31,2023-07-05,22,5.0,0.0378062111801242,0.03986434627309365,0.0020581350929694472,NS_XGBOOST,NS,direct_change,"{""configurations_evaluated"": 3, ""learning_rate"": 0.05, ""max_depth"": 1, ""n_estimators"": 100, ""n_train"": 4552, ""validation"": ""last purged expanding fold""}",decimal
2023-05-31,2023-07-05,22,10.0,0.0421274983232729,0.045628740953025895,0.0035012426297529944,NS_XGBOOST,NS,direct_change,"{""configurations_evaluated"": 3, ""learning_rate"": 0.05, ""max_depth"": 1, ""n_estimators"": 100, ""n_train"": 4552, ""validation"": ""last purged expanding fold""}",decimal
2023-05-31,2023-07-05,22,15.0,0.0466155247813411,0.04924626038561146,0.002630735604270358,NS_XGBOOST,NS,direct_change,"{""configurations_evaluated"": 3, ""learning_rate"": 0.05, ""max_depth"": 1, ""n_estimators"": 100, ""n_train"": 4552, ""validation"": ""last purged expanding fold""}",decimal
2023-05-31,2023-07-05,22,20.0,0.04962417970721851,0.05161629673827002,0.00199211703105151,NS_XGBOOST,NS,direct_change,"{""configurations_evaluated"": 3, ""learning_rate"": 0.05, ""max_depth"": 1, ""n_estimators"": 100, ""n_train"": 4552, ""validation"": ""last purged expanding fold""}",decimal
2023-05-31,2023-07-05,22,30.0,0.0535,0.05438927158067022,0.0008892715806702242,NS_XGBOOST,NS,direct_change,"{""configurations_evaluated"": 3, ""learning_rate"": 0.05, ""max_depth"": 1, ""n_estimators"": 100, ""n_train"": 4552, ""validation"": ""last purged expanding fold""}",decimal
2023-05-31,2023-07-05,22,0.25,0.029500000000000002,0.03074385672503306,0.0012438567250330594,PCA_XGBOOST,PCA,direct_change,"{""configurations_evaluated"": 3, ""learning_rate"": 0.05, ""max_depth"": 1, ""n_estimators"": 100, ""n_train"": 4552, ""validation"": ""last purged expanding fold""}",decimal
2023-05-31,2023-07-05,22,0.5,0.030686956521739098,0.03142032164762117,0.0007333651258820753,PCA_XGBOOST,PCA,direct_change,"{""configurations_evaluated"": 3, ""learning_rate"": 0.05, ""max_depth"": 1, ""n_estimators"": 100, ""n_train"": 4552, ""validation"": ""last purged expanding fold""}",decimal
2023-05-31,2023-07-05,22,1.0,0.0331279540856755,0.03274348361381906,-0.0003844704718564407,PCA_XGBOOST,PCA,direct_change,"{""configurations_evaluated"": 3, ""learning_rate"": 0.05, ""max_depth"": 1, ""n_estimators"": 100, ""n_train"": 4552, ""validation"": ""last purged expanding fold""}",decimal
2023-05-31,2023-07-05,22,2.0,0.0347345029239766,0.034958953785140835,0.00022445086116423818,PCA_XGBOOST,PCA,direct_change,"{""configurations_evaluated"": 3, ""learning_rate"": 0.05, ""max_depth"": 1, ""n_estimators"": 100, ""n_train"": 4552, ""validation"": ""last purged expanding fold""}",decimal
2023-05-31,2023-07-05,22,5.0,0.0378062111801242,0.03966199659132262,0.0018557854111984212,PCA_XGBOOST,PCA,direct_change,"{""configurations_evaluated"": 3, ""learning_rate"": 0.05, ""max_depth"": 1, ""n_estimators"": 100, ""n_train"": 4552, ""validation"": ""last purged expanding fold""}",decimal
2023-05-31,2023-07-05,22,10.0,0.0421274983232729,0.04514676622078292,0.003019267897510017,PCA_XGBOOST,PCA,direct_change,"{""configurations_evaluated"": 3, ""learning_rate"": 0.05, ""max_depth"": 1, ""n_estimators"": 100, ""n_train"": 4552, ""validation"": ""last purged expanding fold""}",decimal
2023-05-31,2023-07-05,22,15.0,0.0466155247813411,0.049529407902303216,0.0029138831209621144,PCA_XGBOOST,PCA,direct_change,"{""configurations_evaluated"": 3, ""learning_rate"": 0.05, ""max_depth"": 1, ""n_estimators"": 100, ""n_train"": 4552, ""validation"": ""last purged expanding fold""}",decimal
2023-05-31,2023-07-05,22,20.0,0.04962417970721851,0.053180042511995415,0.0035558628047769048,PCA_XGBOOST,PCA,direct_change,"{""configurations_evaluated"": 3, ""learning_rate"": 0.05, ""max_depth"": 1, ""n_estimators"": 100, ""n_train"": 4552, ""validation"": ""last purged expanding fold""}",decimal
2023-05-31,2023-07-05,22,30.0,0.0535,0.05398359399879891,0.0004835939987989091,PCA_XGBOOST,PCA,direct_change,"{""configurations_evaluated"": 3, ""learning_rate"": 0.05, ""max_depth"": 1, ""n_estimators"": 100, ""n_train"": 4552, ""validation"": ""last purged expanding fold""}",decimal
2023-06-27,2023-07-07,5,0.25,0.0296,0.03028075564802248,0.0006807556480224776,NS_XGBOOST,NS,direct_change,"{""configurations_evaluated"": 3, ""learning_rate"": 0.05, ""max_depth"": 1, ""n_estimators"": 100, ""n_train"": 4588, ""validation"": ""last purged expanding fold""}",decimal
2023-06-27,2023-07-07,5,0.5,0.030670000000000003,0.03068581808858364,1.581808858363773e-05,NS_XGBOOST,NS,direct_change,"{""configurations_evaluated"": 3, ""learning_rate"": 0.05, ""max_depth"": 1, ""n_estimators"": 100, ""n_train"": 4588, ""validation"": ""last purged expanding fold""}",decimal
2023-06-27,2023-07-07,5,1.0,0.03356,0.031482187753987895,-0.002077812246012105,NS_XGBOOST,NS,direct_change,"{""configurations_evaluated"": 3, ""learning_rate"": 0.05, ""max_depth"": 1, ""n_estimators"": 100, ""n_train"": 4588, ""validation"": ""last purged expanding fold""}",decimal
2023-06-27,2023-07-07,5,2.0,0.034820000000000004,0.03301856879386699,-0.0018014312061330126,NS_XGBOOST,NS,direct_change,"{""configurations_evaluated"": 3, ""learning_rate"": 0.05, ""max_depth"": 1, ""n_estimators"": 100, ""n_train"": 4588, ""validation"": ""last purged expanding fold""}",decimal
2023-06-27,2023-07-07,5,5.0,0.03798,0.03716726543811864,-0.0008127345618813633,NS_XGBOOST,NS,direct_change,"{""configurations_evaluated"": 3, ""learning_rate"": 0.05, ""max_depth"": 1, ""n_estimators"": 100, ""n_train"": 4588, ""validation"": ""last purged expanding fold""}",decimal
2023-06-27,2023-07-07,5,10.0,0.04213,0.04262992894086638,0.0004999289408663815,NS_XGBOOST,NS,direct_change,"{""configurations_evaluated"": 3, ""learning_rate"": 0.05, ""max_depth"": 1, ""n_estimators"": 100, ""n_train"": 4588, ""validation"": ""last purged expanding fold""}",decimal
2023-06-27,2023-07-07,5,15.0,0.04676,0.04659487409902263,-0.00016512590097737118,NS_XGBOOST,NS,direct_change,"{""configurations_evaluated"": 3, ""learning_rate"": 0.05, ""max_depth"": 1, ""n_estimators"": 100, ""n_train"": 4588, ""validation"": ""last purged expanding fold""}",decimal
2023-06-27,2023-07-07,5,20.0,0.04974,0.04945916995487034,-0.0002808300451296597,NS_XGBOOST,NS,direct_change,"{""configurations_evaluated"": 3, ""learning_rate"": 0.05, ""max_depth"": 1, ""n_estimators"": 100, ""n_train"": 4588, ""validation"": ""last purged expanding fold""}",decimal
2023-06-27,2023-07-07,5,30.0,0.05394,0.053097590731466866,-0.0008424092685331355,NS_XGBOOST,NS,direct_change,"{""configurations_evaluated"": 3, ""learning_rate"": 0.05, ""max_depth"": 1, ""n_estimators"": 100, ""n_train"": 4588, ""validation"": ""last purged expanding fold""}",decimal
2023-06-27,2023-07-07,5,0.25,0.0296,0.029970034043009457,0.00037003404300945536,PCA_XGBOOST,PCA,direct_change,"{""configurations_evaluated"": 3, ""learning_rate"": 0.03, ""max_depth"": 2, ""n_estimators"": 180, ""n_train"": 4588, ""validation"": ""last purged expanding fold""}",decimal
2023-06-27,2023-07-07,5,0.5,0.030670000000000003,0.030470778402624788,-0.0001992215973752147,PCA_XGBOOST,PCA,direct_change,"{""configurations_evaluated"": 3, ""learning_rate"": 0.03, ""max_depth"": 2, ""n_estimators"": 180, ""n_train"": 4588, ""validation"": ""last purged expanding fold""}",decimal
2023-06-27,2023-07-07,5,1.0,0.03356,0.031517143497109885,-0.002042856502890114,PCA_XGBOOST,PCA,direct_change,"{""configurations_evaluated"": 3, ""learning_rate"": 0.03, ""max_depth"": 2, ""n_estimators"": 180, ""n_train"": 4588, ""validation"": ""last purged expanding fold""}",decimal
2023-06-27,2023-07-07,5,2.0,0.034820000000000004,0.03332560225332446,-0.0014943977466755423,PCA_XGBOOST,PCA,direct_change,"{""configurations_evaluated"": 3, ""learning_rate"": 0.03, ""max_depth"": 2, ""n_estimators"": 180, ""n_train"": 4588, ""validation"": ""last purged expanding fold""}",decimal
2023-06-27,2023-07-07,5,5.0,0.03798,0.03736090199551913,-0.0006190980044808725,PCA_XGBOOST,PCA,direct_change,"{""configurations_evaluated"": 3, ""learning_rate"": 0.03, ""max_depth"": 2, ""n_estimators"": 180, ""n_train"": 4588, ""validation"": ""last purged expanding fold""}",decimal
2023-06-27,2023-07-07,5,10.0,0.04213,0.04227847901209704,0.00014847901209703862,PCA_XGBOOST,PCA,direct_change,"{""configurations_evaluated"": 3, ""learning_rate"": 0.03, ""max_depth"": 2, ""n_estimators"": 180, ""n_train"": 4588, ""validation"": ""last purged expanding fold""}",decimal
2023-06-27,2023-07-07,5,15.0,0.04676,0.04646457113835124,-0.00029542886164875964,PCA_XGBOOST,PCA,direct_change,"{""configurations_evaluated"": 3, ""learning_rate"": 0.03, ""max_depth"": 2, ""n_estimators"": 180, ""n_train"": 4588, ""validation"": ""last purged expanding fold""}",decimal
2023-06-27,2023-07-07,5,20.0,0.04974,0.050602669363807966,0.0008626693638079663,PCA_XGBOOST,PCA,direct_change,"{""configurations_evaluated"": 3, ""learning_rate"": 0.03, ""max_depth"": 2, ""n_estimators"": 180, ""n_train"": 4588, ""validation"": ""last purged expanding fold""}",decimal
2023-06-27,2023-07-07,5,30.0,0.05394,0.05266276209108154,-0.0012772379089184618,PCA_XGBOOST,PCA,direct_change,"{""configurations_evaluated"": 3, ""learning_rate"": 0.03, ""max_depth"": 2, ""n_estimators"": 180, ""n_train"": 4588, ""validation"": ""last purged expanding fold""}",decimal
2023-06-27,2023-07-14,10,0.25,0.0297,0.03045459056933792,0.00075459056933792,NS_XGBOOST,NS,direct_change,"{""configurations_evaluated"": 3, ""learning_rate"": 0.05, ""max_depth"": 1, ""n_estimators"": 100, ""n_train"": 4583, ""validation"": ""last purged expanding fold""}",decimal
2023-06-27,2023-07-14,10,0.5,0.03082,0.030831146306236373,1.1146306236373138e-05,NS_XGBOOST,NS,direct_change,"{""configurations_evaluated"": 3, ""learning_rate"": 0.05, ""max_depth"": 1, ""n_estimators"": 100, ""n_train"": 4583, ""validation"": ""last purged expanding fold""}",decimal
2023-06-27,2023-07-14,10,1.0,0.03325,0.031575020718787074,-0.001674979281212928,NS_XGBOOST,NS,direct_change,"{""configurations_evaluated"": 3, ""learning_rate"": 0.05, ""max_depth"": 1, ""n_estimators"": 100, ""n_train"": 4583, ""validation"": ""last purged expanding fold""}",decimal
2023-06-27,2023-07-14,10,2.0,0.034820000000000004,0.03302263074703284,-0.0017973692529671612,NS_XGBOOST,NS,direct_change,"{""configurations_evaluated"": 3, ""learning_rate"": 0.05, ""max_depth"": 1, ""n_estimators"": 100, ""n_train"": 4583, ""validation"": ""last purged expanding fold""}",decimal
2023-06-27,2023-07-14,10,5.0,0.03789,0.037003676802498275,-0.0008863231975017247,NS_XGBOOST,NS,direct_change,"{""configurations_evaluated"": 3, ""learning_rate"": 0.05, ""max_depth"": 1, ""n_estimators"": 100, ""n_train"": 4583, ""validation"": ""last purged expanding fold""}",decimal
2023-06-27,2023-07-14,10,10.0,0.04213,0.042376710130620235,0.00024671013062023406,NS_XGBOOST,NS,direct_change,"{""configurations_evaluated"": 3, ""learning_rate"": 0.05, ""max_depth"": 1, ""n_estimators"": 100, ""n_train"": 4583, ""validation"": ""last purged expanding fold""}",decimal
2023-06-27,2023-07-14,10,15.0,0.04653,0.046351362083589455,-0.000178637916410547,NS_XGBOOST,NS,direct_change,"{""configurations_evaluated"": 3, ""learning_rate"": 0.05, ""max_depth"": 1, ""n_estimators"": 100, ""n_train"": 4583, ""validation"": ""last purged expanding fold""}",decimal
2023-06-27,2023-07-14,10,20.0,0.04957000000000001,0.04925478020359047,-0.000315219796409541,NS_XGBOOST,NS,direct_change,"{""configurations_evaluated"": 3, ""learning_rate"": 0.05, ""max_depth"": 1, ""n_estimators"": 100, ""n_train"": 4583, ""validation"": ""last purged expanding fold""}",decimal
2023-06-27,2023-07-14,10,30.0,0.0535,0.052974257944023606,-0.0005257420559763928,NS_XGBOOST,NS,direct_change,"{""configurations_evaluated"": 3, ""learning_rate"": 0.05, ""max_depth"": 1, ""n_estimators"": 100, ""n_train"": 4583, ""validation"": ""last purged expanding fold""}",decimal
2023-06-27,2023-07-14,10,0.25,0.0297,0.0299222718801792,0.00022227188017919994,PCA_XGBOOST,PCA,direct_change,"{""configurations_evaluated"": 3, ""learning_rate"": 0.05, ""max_depth"": 1, ""n_estimators"": 100, ""n_train"": 4583, ""validation"": ""last purged expanding fold""}",decimal
2023-06-27,2023-07-14,10,0.5,0.03082,0.030425528565999685,-0.00039447143400031526,PCA_XGBOOST,PCA,direct_change,"{""configurations_evaluated"": 3, ""learning_rate"": 0.05, ""max_depth"": 1, ""n_estimators"": 100, ""n_train"": 4583, ""validation"": ""last purged expanding fold""}",decimal
2023-06-27,2023-07-14,10,1.0,0.03325,0.031473892277151146,-0.0017761077228488562,PCA_XGBOOST,PCA,direct_change,"{""configurations_evaluated"": 3, ""learning_rate"": 0.05, ""max_depth"": 1, ""n_estimators"": 100, ""n_train"": 4583, ""validation"": ""last purged expanding fold""}",decimal
2023-06-27,2023-07-14,10,2.0,0.034820000000000004,0.033284691301943635,-0.0015353086980563688,PCA_XGBOOST,PCA,direct_change,"{""configurations_evaluated"": 3, ""learning_rate"": 0.05, ""max_depth"": 1, ""n_estimators"": 100, ""n_train"": 4583, ""validation"": ""last purged expanding fold""}",decimal
2023-06-27,2023-07-14,10,5.0,0.03789,0.03730526060315488,-0.00058473939684512,PCA_XGBOOST,PCA,direct_change,"{""configurations_evaluated"": 3, ""learning_rate"": 0.05, ""max_depth"": 1, ""n_estimators"": 100, ""n_train"": 4583, ""validation"": ""last purged expanding fold""}",decimal
2023-06-27,2023-07-14,10,10.0,0.04213,0.04220758911080562,7.758911080561759e-05,PCA_XGBOOST,PCA,direct_change,"{""configurations_evaluated"": 3, ""learning_rate"": 0.05, ""max_depth"": 1, ""n_estimators"": 100, ""n_train"": 4583, ""validation"": ""last purged expanding fold""}",decimal
2023-06-27,2023-07-14,10,15.0,0.04653,0.046375574271783,-0.0001544257282170003,PCA_XGBOOST,PCA,direct_change,"{""configurations_evaluated"": 3, ""learning_rate"": 0.05, ""max_depth"": 1, ""n_estimators"": 100, ""n_train"": 4583, ""validation"": ""last purged expanding fold""}",decimal
2023-06-27,2023-07-14,10,20.0,0.04957000000000001,0.05046522412430468,0.0008952241243046707,PCA_XGBOOST,PCA,direct_change,"{""configurations_evaluated"": 3, ""learning_rate"": 0.05, ""max_depth"": 1, ""n_estimators"": 100, ""n_train"": 4583, ""validation"": ""last purged expanding fold""}",decimal
2023-06-27,2023-07-14,10,30.0,0.0535,0.05251107275942903,-0.0009889272405709665,PCA_XGBOOST,PCA,direct_change,"{""configurations_evaluated"": 3, ""learning_rate"": 0.05, ""max_depth"": 1, ""n_estimators"": 100, ""n_train"": 4583, ""validation"": ""last purged expanding fold""}",decimal
2023-06-27,2023-08-02,22,0.25,0.0294,0.030074703393693707,0.0006747033936937083,NS_XGBOOST,NS,direct_change,"{""configurations_evaluated"": 3, ""learning_rate"": 0.05, ""max_depth"": 1, ""n_estimators"": 100, ""n_train"": 4571, ""validation"": ""last purged expanding fold""}",decimal
2023-06-27,2023-08-02,22,0.5,0.03048,0.030432938950451707,-4.706104954829357e-05,NS_XGBOOST,NS,direct_change,"{""configurations_evaluated"": 3, ""learning_rate"": 0.05, ""max_depth"": 1, ""n_estimators"": 100, ""n_train"": 4571, ""validation"": ""last purged expanding fold""}",decimal
2023-06-27,2023-08-02,22,1.0,0.033,0.0311430868797767,-0.0018569131202233018,NS_XGBOOST,NS,direct_change,"{""configurations_evaluated"": 3, ""learning_rate"": 0.05, ""max_depth"": 1, ""n_estimators"": 100, ""n_train"": 4571, ""validation"": ""last purged expanding fold""}",decimal
2023-06-27,2023-08-02,22,2.0,0.034820000000000004,0.03253370290599133,-0.0022862970940086755,NS_XGBOOST,NS,direct_change,"{""configurations_evaluated"": 3, ""learning_rate"": 0.05, ""max_depth"": 1, ""n_estimators"": 100, ""n_train"": 4571, ""validation"": ""last purged expanding fold""}",decimal
2023-06-27,2023-08-02,22,5.0,0.03769,0.036407364507816016,-0.0012826354921839853,NS_XGBOOST,NS,direct_change,"{""configurations_evaluated"": 3, ""learning_rate"": 0.05, ""max_depth"": 1, ""n_estimators"": 100, ""n_train"": 4571, ""validation"": ""last purged expanding fold""}",decimal
2023-06-27,2023-08-02,22,10.0,0.04162,0.041723645444855594,0.00010364544485559624,NS_XGBOOST,NS,direct_change,"{""configurations_evaluated"": 3, ""learning_rate"": 0.05, ""max_depth"": 1, ""n_estimators"": 100, ""n_train"": 4571, ""validation"": ""last purged expanding fold""}",decimal
2023-06-27,2023-08-02,22,15.0,0.04585,0.0457053676379222,-0.00014463236207780394,NS_XGBOOST,NS,direct_change,"{""configurations_evaluated"": 3, ""learning_rate"": 0.05, ""max_depth"": 1, ""n_estimators"": 100, ""n_train"": 4571, ""validation"": ""last purged expanding fold""}",decimal
2023-06-27,2023-08-02,22,20.0,0.049089999999999995,0.04863462176327746,-0.00045537823672253674,NS_XGBOOST,NS,direct_change,"{""configurations_evaluated"": 3, ""learning_rate"": 0.05, ""max_depth"": 1, ""n_estimators"": 100, ""n_train"": 4571, ""validation"": ""last purged expanding fold""}",decimal
2023-06-27,2023-08-02,22,30.0,0.053,0.05240716318433185,-0.0005928368156681504,NS_XGBOOST,NS,direct_change,"{""configurations_evaluated"": 3, ""learning_rate"": 0.05, ""max_depth"": 1, ""n_estimators"": 100, ""n_train"": 4571, ""validation"": ""last purged expanding fold""}",decimal
2023-06-27,2023-08-02,22,0.25,0.0294,0.029615395718882352,0.00021539571888235312,PCA_XGBOOST,PCA,direct_change,"{""configurations_evaluated"": 3, ""learning_rate"": 0.05, ""max_depth"": 1, ""n_estimators"": 100, ""n_train"": 4571, ""validation"": ""last purged expanding fold""}",decimal
2023-06-27,2023-08-02,22,0.5,0.03048,0.030112499879563676,-0.0003675001204363239,PCA_XGBOOST,PCA,direct_change,"{""configurations_evaluated"": 3, ""learning_rate"": 0.05, ""max_depth"": 1, ""n_estimators"": 100, ""n_train"": 4571, ""validation"": ""last purged expanding fold""}",decimal
2023-06-27,2023-08-02,22,1.0,0.033,0.03115516648331152,-0.0018448335166884808,PCA_XGBOOST,PCA,direct_change,"{""configurations_evaluated"": 3, ""learning_rate"": 0.05, ""max_depth"": 1, ""n_estimators"": 100, ""n_train"": 4571, ""validation"": ""last purged expanding fold""}",decimal
2023-06-27,2023-08-02,22,2.0,0.034820000000000004,0.03295906568891037,-0.0018609343110896348,PCA_XGBOOST,PCA,direct_change,"{""configurations_evaluated"": 3, ""learning_rate"": 0.05, ""max_depth"": 1, ""n_estimators"": 100, ""n_train"": 4571, ""validation"": ""last purged expanding fold""}",decimal
2023-06-27,2023-08-02,22,5.0,0.03769,0.03698208321334449,-0.0007079167866555144,PCA_XGBOOST,PCA,direct_change,"{""configurations_evaluated"": 3, ""learning_rate"": 0.05, ""max_depth"": 1, ""n_estimators"": 100, ""n_train"": 4571, ""validation"": ""last purged expanding fold""}",decimal
2023-06-27,2023-08-02,22,10.0,0.04162,0.04189491416489767,0.000274914164897673,PCA_XGBOOST,PCA,direct_change,"{""configurations_evaluated"": 3, ""learning_rate"": 0.05, ""max_depth"": 1, ""n_estimators"": 100, ""n_train"": 4571, ""validation"": ""last purged expanding fold""}",decimal
2023-06-27,2023-08-02,22,15.0,0.04585,0.04607780846605481,0.0002278084660548088,PCA_XGBOOST,PCA,direct_change,"{""configurations_evaluated"": 3, ""learning_rate"": 0.05, ""max_depth"": 1, ""n_estimators"": 100, ""n_train"": 4571, ""validation"": ""last purged expanding fold""}",decimal
2023-06-27,2023-08-02,22,20.0,0.049089999999999995,0.050212229827095674,0.001122229827095679,PCA_XGBOOST,PCA,direct_change,"{""configurations_evaluated"": 3, ""learning_rate"": 0.05, ""max_depth"": 1, ""n_estimators"": 100, ""n_train"": 4571, ""validation"": ""last purged expanding fold""}",decimal
2023-06-27,2023-08-02,22,30.0,0.053,0.05234511029494115,-0.0006548897050588504,PCA_XGBOOST,PCA,direct_change,"{""configurations_evaluated"": 3, ""learning_rate"": 0.05, ""max_depth"": 1, ""n_estimators"": 100, ""n_train"": 4571, ""validation"": ""last purged expanding fold""}",decimal
2023-07-31,2023-08-07,5,0.25,0.0295444444444444,0.031048192321154227,0.001503747876709826,NS_XGBOOST,NS,direct_change,"{""configurations_evaluated"": 3, ""learning_rate"": 0.05, ""max_depth"": 1, ""n_estimators"": 100, ""n_train"": 4608, ""validation"": ""last purged expanding fold""}",decimal
2023-07-31,2023-08-07,5,0.5,0.02996,0.03138598856482334,0.001425988564823337,NS_XGBOOST,NS,direct_change,"{""configurations_evaluated"": 3, ""learning_rate"": 0.05, ""max_depth"": 1, ""n_estimators"": 100, ""n_train"": 4608, ""validation"": ""last purged expanding fold""}",decimal
2023-07-31,2023-08-07,5,1.0,0.0318093895640605,0.032056288497063906,0.00024689893300340604,NS_XGBOOST,NS,direct_change,"{""configurations_evaluated"": 3, ""learning_rate"": 0.05, ""max_depth"": 1, ""n_estimators"": 100, ""n_train"": 4608, ""validation"": ""last purged expanding fold""}",decimal
2023-07-31,2023-08-07,5,2.0,0.0339985611510791,0.033371213935647646,-0.0006273472154314508,NS_XGBOOST,NS,direct_change,"{""configurations_evaluated"": 3, ""learning_rate"": 0.05, ""max_depth"": 1, ""n_estimators"": 100, ""n_train"": 4608, ""validation"": ""last purged expanding fold""}",decimal
2023-07-31,2023-08-07,5,5.0,0.0376310559006211,0.037047318906865315,-0.0005837369937557874,NS_XGBOOST,NS,direct_change,"{""configurations_evaluated"": 3, ""learning_rate"": 0.05, ""max_depth"": 1, ""n_estimators"": 100, ""n_train"": 4608, ""validation"": ""last purged expanding fold""}",decimal
2023-07-31,2023-08-07,5,10.0,0.0416207243460764,0.042115903294739215,0.0004951789486628139,NS_XGBOOST,NS,direct_change,"{""configurations_evaluated"": 3, ""learning_rate"": 0.05, ""max_depth"": 1, ""n_estimators"": 100, ""n_train"": 4608, ""validation"": ""last purged expanding fold""}",decimal
2023-07-31,2023-08-07,5,15.0,0.04580393586005829,0.045924928196232895,0.00012099233617460237,NS_XGBOOST,NS,direct_change,"{""configurations_evaluated"": 3, ""learning_rate"": 0.05, ""max_depth"": 1, ""n_estimators"": 100, ""n_train"": 4608, ""validation"": ""last purged expanding fold""}",decimal
2023-07-31,2023-08-07,5,20.0,0.049030716809691996,0.048732468931286896,-0.00029824787840510014,NS_XGBOOST,NS,direct_change,"{""configurations_evaluated"": 3, ""learning_rate"": 0.05, ""max_depth"": 1, ""n_estimators"": 100, ""n_train"": 4608, ""validation"": ""last purged expanding fold""}",decimal
2023-07-31,2023-08-07,5,30.0,0.053,0.05235337483488139,-0.0006466251651186111,NS_XGBOOST,NS,direct_change,"{""configurations_evaluated"": 3, ""learning_rate"": 0.05, ""max_depth"": 1, ""n_estimators"": 100, ""n_train"": 4608, ""validation"": ""last purged expanding fold""}",decimal
2023-07-31,2023-08-07,5,0.25,0.0295444444444444,0.03064713856993683,0.0011026941254924302,PCA_XGBOOST,PCA,direct_change,"{""configurations_evaluated"": 3, ""learning_rate"": 0.03, ""max_depth"": 2, ""n_estimators"": 180, ""n_train"": 4608, ""validation"": ""last purged expanding fold""}",decimal
2023-07-31,2023-08-07,5,0.5,0.02996,0.03108576075198239,0.0011257607519823895,PCA_XGBOOST,PCA,direct_change,"{""configurations_evaluated"": 3, ""learning_rate"": 0.03, ""max_depth"": 2, ""n_estimators"": 180, ""n_train"": 4608, ""validation"": ""last purged expanding fold""}",decimal
2023-07-31,2023-08-07,5,1.0,0.0318093895640605,0.03201826075058424,0.00020887118652374026,PCA_XGBOOST,PCA,direct_change,"{""configurations_evaluated"": 3, ""learning_rate"": 0.03, ""max_depth"": 2, ""n_estimators"": 180, ""n_train"": 4608, ""validation"": ""last purged expanding fold""}",decimal
2023-07-31,2023-08-07,5,2.0,0.0339985611510791,0.03362263816606303,-0.00037592298501606947,PCA_XGBOOST,PCA,direct_change,"{""configurations_evaluated"": 3, ""learning_rate"": 0.03, ""max_depth"": 2, ""n_estimators"": 180, ""n_train"": 4608, ""validation"": ""last purged expanding fold""}",decimal
2023-07-31,2023-08-07,5,5.0,0.0376310559006211,0.03720560446260456,-0.00042545143801654,PCA_XGBOOST,PCA,direct_change,"{""configurations_evaluated"": 3, ""learning_rate"": 0.03, ""max_depth"": 2, ""n_estimators"": 180, ""n_train"": 4608, ""validation"": ""last purged expanding fold""}",decimal
2023-07-31,2023-08-07,5,10.0,0.0416207243460764,0.04169578076661857,7.505642054216749e-05,PCA_XGBOOST,PCA,direct_change,"{""configurations_evaluated"": 3, ""learning_rate"": 0.03, ""max_depth"": 2, ""n_estimators"": 180, ""n_train"": 4608, ""validation"": ""last purged expanding fold""}",decimal
2023-07-31,2023-08-07,5,15.0,0.04580393586005829,0.04564921969343772,-0.0001547161666205707,PCA_XGBOOST,PCA,direct_change,"{""configurations_evaluated"": 3, ""learning_rate"": 0.03, ""max_depth"": 2, ""n_estimators"": 180, ""n_train"": 4608, ""validation"": ""last purged expanding fold""}",decimal
2023-07-31,2023-08-07,5,20.0,0.049030716809691996,0.04969382860357797,0.0006631117938859718,PCA_XGBOOST,PCA,direct_change,"{""configurations_evaluated"": 3, ""learning_rate"": 0.03, ""max_depth"": 2, ""n_estimators"": 180, ""n_train"": 4608, ""validation"": ""last purged expanding fold""}",decimal
2023-07-31,2023-08-07,5,30.0,0.053,0.052069255972252794,-0.0009307440277472045,PCA_XGBOOST,PCA,direct_change,"{""configurations_evaluated"": 3, ""learning_rate"": 0.03, ""max_depth"": 2, ""n_estimators"": 180, ""n_train"": 4608, ""validation"": ""last purged expanding fold""}",decimal
2023-07-31,2023-08-15,10,0.25,0.0299868131868131,0.03094594800220473,0.0009591348153916296,NS_XGBOOST,NS,direct_change,"{""configurations_evaluated"": 3, ""learning_rate"": 0.05, ""max_depth"": 1, ""n_estimators"": 100, ""n_train"": 4603, ""validation"": ""last purged expanding fold""}",decimal
2023-07-31,2023-08-15,10,0.5,0.030830158730158697,0.031285537078332905,0.00045537834817420755,NS_XGBOOST,NS,direct_change,"{""configurations_evaluated"": 3, ""learning_rate"": 0.05, ""max_depth"": 1, ""n_estimators"": 100, ""n_train"": 4603, ""validation"": ""last purged expanding fold""}",decimal
2023-07-31,2023-08-15,10,1.0,0.0322361046451067,0.031958990469864224,-0.0002771141752424752,NS_XGBOOST,NS,direct_change,"{""configurations_evaluated"": 3, ""learning_rate"": 0.05, ""max_depth"": 1, ""n_estimators"": 100, ""n_train"": 4603, ""validation"": ""last purged expanding fold""}",decimal
2023-07-31,2023-08-15,10,2.0,0.0342307297019527,0.033278691757102775,-0.0009520379448499233,NS_XGBOOST,NS,direct_change,"{""configurations_evaluated"": 3, ""learning_rate"": 0.05, ""max_depth"": 1, ""n_estimators"": 100, ""n_train"": 4603, ""validation"": ""last purged expanding fold""}",decimal
2023-07-31,2023-08-15,10,5.0,0.037686246672582,0.0369601560547417,-0.0007260906178402984,NS_XGBOOST,NS,direct_change,"{""configurations_evaluated"": 3, ""learning_rate"": 0.05, ""max_depth"": 1, ""n_estimators"": 100, ""n_train"": 4603, ""validation"": ""last purged expanding fold""}",decimal
2023-07-31,2023-08-15,10,10.0,0.041638430583501,0.04202208284802527,0.00038365226452426876,NS_XGBOOST,NS,direct_change,"{""configurations_evaluated"": 3, ""learning_rate"": 0.05, ""max_depth"": 1, ""n_estimators"": 100, ""n_train"": 4603, ""validation"": ""last purged expanding fold""}",decimal
2023-07-31,2023-08-15,10,15.0,0.0458231778425656,0.04581845568897613,-4.722153589473144e-06,NS_XGBOOST,NS,direct_change,"{""configurations_evaluated"": 3, ""learning_rate"": 0.05, ""max_depth"": 1, ""n_estimators"": 100, ""n_train"": 4603, ""validation"": ""last purged expanding fold""}",decimal
2023-07-31,2023-08-15,10,20.0,0.0490422261484099,0.04861349796742678,-0.00042872818098311366,NS_XGBOOST,NS,direct_change,"{""configurations_evaluated"": 3, ""learning_rate"": 0.05, ""max_depth"": 1, ""n_estimators"": 100, ""n_train"": 4603, ""validation"": ""last purged expanding fold""}",decimal
2023-07-31,2023-08-15,10,30.0,0.053,0.052215247266449334,-0.0007847527335506643,NS_XGBOOST,NS,direct_change,"{""configurations_evaluated"": 3, ""learning_rate"": 0.05, ""max_depth"": 1, ""n_estimators"": 100, ""n_train"": 4603, ""validation"": ""last purged expanding fold""}",decimal
2023-07-31,2023-08-15,10,0.25,0.0299868131868131,0.030566535426197635,0.0005797222393845343,PCA_XGBOOST,PCA,direct_change,"{""configurations_evaluated"": 3, ""learning_rate"": 0.05, ""max_depth"": 1, ""n_estimators"": 100, ""n_train"": 4603, ""validation"": ""last purged expanding fold""}",decimal
2023-07-31,2023-08-15,10,0.5,0.030830158730158697,0.031009938948327057,0.0001797802181683593,PCA_XGBOOST,PCA,direct_change,"{""configurations_evaluated"": 3, ""learning_rate"": 0.05, ""max_depth"": 1, ""n_estimators"": 100, ""n_train"": 4603, ""validation"": ""last purged expanding fold""}",decimal
2023-07-31,2023-08-15,10,1.0,0.0322361046451067,0.031948122526694364,-0.0002879821184123346,PCA_XGBOOST,PCA,direct_change,"{""configurations_evaluated"": 3, ""learning_rate"": 0.05, ""max_depth"": 1, ""n_estimators"": 100, ""n_train"": 4603, ""validation"": ""last purged expanding fold""}",decimal
2023-07-31,2023-08-15,10,2.0,0.0342307297019527,0.03356082007107124,-0.0006699096308814614,PCA_XGBOOST,PCA,direct_change,"{""configurations_evaluated"": 3, ""learning_rate"": 0.05, ""max_depth"": 1, ""n_estimators"": 100, ""n_train"": 4603, ""validation"": ""last purged expanding fold""}",decimal
2023-07-31,2023-08-15,10,5.0,0.037686246672582,0.03713765408861379,-0.0005485925839682076,PCA_XGBOOST,PCA,direct_change,"{""configurations_evaluated"": 3, ""learning_rate"": 0.05, ""max_depth"": 1, ""n_estimators"": 100, ""n_train"": 4603, ""validation"": ""last purged expanding fold""}",decimal
2023-07-31,2023-08-15,10,10.0,0.041638430583501,0.04162049532478149,-1.7935258719514735e-05,PCA_XGBOOST,PCA,direct_change,"{""configurations_evaluated"": 3, ""learning_rate"": 0.05, ""max_depth"": 1, ""n_estimators"": 100, ""n_train"": 4603, ""validation"": ""last purged expanding fold""}",decimal
2023-07-31,2023-08-15,10,15.0,0.0458231778425656,0.04555796045268195,-0.0002652173898836513,PCA_XGBOOST,PCA,direct_change,"{""configurations_evaluated"": 3, ""learning_rate"": 0.05, ""max_depth"": 1, ""n_estimators"": 100, ""n_train"": 4603, ""validation"": ""last purged expanding fold""}",decimal
2023-07-31,2023-08-15,10,20.0,0.0490422261484099,0.04954534299300164,0.0005031168445917417,PCA_XGBOOST,PCA,direct_change,"{""configurations_evaluated"": 3, ""learning_rate"": 0.05, ""max_depth"": 1, ""n_estimators"": 100, ""n_train"": 4603, ""validation"": ""last purged expanding fold""}",decimal
2023-07-31,2023-08-15,10,30.0,0.053,0.05189571127080512,-0.00110428872919488,PCA_XGBOOST,PCA,direct_change,"{""configurations_evaluated"": 3, ""learning_rate"": 0.05, ""max_depth"": 1, ""n_estimators"": 100, ""n_train"": 4603, ""validation"": ""last purged expanding fold""}",decimal
2023-07-31,2023-09-01,22,0.25,0.029825,0.03085112544498349,0.0010261254449834903,NS_XGBOOST,NS,direct_change,"{""configurations_evaluated"": 3, ""learning_rate"": 0.05, ""max_depth"": 1, ""n_estimators"": 100, ""n_train"": 4591, ""validation"": ""last purged expanding fold""}",decimal
2023-07-31,2023-09-01,22,0.5,0.0306380952380952,0.031153227192198533,0.0005151319541033331,NS_XGBOOST,NS,direct_change,"{""configurations_evaluated"": 3, ""learning_rate"": 0.05, ""max_depth"": 1, ""n_estimators"": 100, ""n_train"": 4591, ""validation"": ""last purged expanding fold""}",decimal
2023-07-31,2023-09-01,22,1.0,0.0324953422412758,0.031757727846790124,-0.0007376143944856778,NS_XGBOOST,NS,direct_change,"{""configurations_evaluated"": 3, ""learning_rate"": 0.05, ""max_depth"": 1, ""n_estimators"": 100, ""n_train"": 4591, ""validation"": ""last purged expanding fold""}",decimal
2023-07-31,2023-09-01,22,2.0,0.0343912641315519,0.03296113032748319,-0.0014301338040687075,NS_XGBOOST,NS,direct_change,"{""configurations_evaluated"": 3, ""learning_rate"": 0.05, ""max_depth"": 1, ""n_estimators"": 100, ""n_train"": 4591, ""validation"": ""last purged expanding fold""}",decimal
2023-07-31,2023-09-01,22,5.0,0.0376612244897959,0.03642494314479882,-0.0012362813449970783,NS_XGBOOST,NS,direct_change,"{""configurations_evaluated"": 3, ""learning_rate"": 0.05, ""max_depth"": 1, ""n_estimators"": 100, ""n_train"": 4591, ""validation"": ""last purged expanding fold""}",decimal
2023-07-31,2023-09-01,22,10.0,0.0417576829268292,0.041375678619754615,-0.00038200430707458627,NS_XGBOOST,NS,direct_change,"{""configurations_evaluated"": 3, ""learning_rate"": 0.05, ""max_depth"": 1, ""n_estimators"": 100, ""n_train"": 4591, ""validation"": ""last purged expanding fold""}",decimal
2023-07-31,2023-09-01,22,15.0,0.046134715447154404,0.045191354420908936,-0.0009433610262454678,NS_XGBOOST,NS,direct_change,"{""configurations_evaluated"": 3, ""learning_rate"": 0.05, ""max_depth"": 1, ""n_estimators"": 100, ""n_train"": 4591, ""validation"": ""last purged expanding fold""}",decimal
2023-07-31,2023-09-01,22,20.0,0.0495178311499272,0.04804329416485941,-0.0014745369850677897,NS_XGBOOST,NS,direct_change,"{""configurations_evaluated"": 3, ""learning_rate"": 0.05, ""max_depth"": 1, ""n_estimators"": 100, ""n_train"": 4591, ""validation"": ""last purged expanding fold""}",decimal
2023-07-31,2023-09-01,22,30.0,0.053,0.05175926971509381,-0.0012407302849061913,NS_XGBOOST,NS,direct_change,"{""configurations_evaluated"": 3, ""learning_rate"": 0.05, ""max_depth"": 1, ""n_estimators"": 100, ""n_train"": 4591, ""validation"": ""last purged expanding fold""}",decimal
2023-07-31,2023-09-01,22,0.25,0.029825,0.030266798127329766,0.000441798127329765,PCA_XGBOOST,PCA,direct_change,"{""configurations_evaluated"": 3, ""learning_rate"": 0.05, ""max_depth"": 1, ""n_estimators"": 100, ""n_train"": 4591, ""validation"": ""last purged expanding fold""}",decimal
2023-07-31,2023-09-01,22,0.5,0.0306380952380952,0.030712972907357618,7.487766926241729e-05,PCA_XGBOOST,PCA,direct_change,"{""configurations_evaluated"": 3, ""learning_rate"": 0.05, ""max_depth"": 1, ""n_estimators"": 100, ""n_train"": 4591, ""validation"": ""last purged expanding fold""}",decimal
2023-07-31,2023-09-01,22,1.0,0.0324953422412758,0.031654814764945395,-0.0008405274763304063,PCA_XGBOOST,PCA,direct_change,"{""configurations_evaluated"": 3, ""learning_rate"": 0.05, ""max_depth"": 1, ""n_estimators"": 100, ""n_train"": 4591, ""validation"": ""last purged expanding fold""}",decimal
2023-07-31,2023-09-01,22,2.0,0.0343912641315519,0.03327391070883033,-0.0011173534227215676,PCA_XGBOOST,PCA,direct_change,"{""configurations_evaluated"": 3, ""learning_rate"": 0.05, ""max_depth"": 1, ""n_estimators"": 100, ""n_train"": 4591, ""validation"": ""last purged expanding fold""}",decimal
2023-07-31,2023-09-01,22,5.0,0.0376612244897959,0.03683887615708171,-0.0008223483327141901,PCA_XGBOOST,PCA,direct_change,"{""configurations_evaluated"": 3, ""learning_rate"": 0.05, ""max_depth"": 1, ""n_estimators"": 100, ""n_train"": 4591, ""validation"": ""last purged expanding fold""}",decimal
2023-07-31,2023-09-01,22,10.0,0.0417576829268292,0.04131309578280461,-0.0004445871440245941,PCA_XGBOOST,PCA,direct_change,"{""configurations_evaluated"": 3, ""learning_rate"": 0.05, ""max_depth"": 1, ""n_estimators"": 100, ""n_train"": 4591, ""validation"": ""last purged expanding fold""}",decimal
2023-07-31,2023-09-01,22,15.0,0.046134715447154404,0.04523328526676993,-0.0009014301803844729,PCA_XGBOOST,PCA,direct_change,"{""configurations_evaluated"": 3, ""learning_rate"": 0.05, ""max_depth"": 1, ""n_estimators"": 100, ""n_train"": 4591, ""validation"": ""last purged expanding fold""}",decimal
2023-07-31,2023-09-01,22,20.0,0.0495178311499272,0.049161168495382296,-0.00035666265454490503,PCA_XGBOOST,PCA,direct_change,"{""configurations_evaluated"": 3, ""learning_rate"": 0.05, ""max_depth"": 1, ""n_estimators"": 100, ""n_train"": 4591, ""validation"": ""last purged expanding fold""}",decimal
2023-07-31,2023-09-01,22,30.0,0.053,0.05152894006108923,-0.0014710599389107654,PCA_XGBOOST,PCA,direct_change,"{""configurations_evaluated"": 3, ""learning_rate"": 0.05, ""max_depth"": 1, ""n_estimators"": 100, ""n_train"": 4591, ""validation"": ""last purged expanding fold""}",decimal
2023-08-31,2023-09-07,5,0.25,0.0299857142857142,0.030950858927361127,0.0009651446416469277,NS_XGBOOST,NS,direct_change,"{""configurations_evaluated"": 3, ""learning_rate"": 0.05, ""max_depth"": 1, ""n_estimators"": 100, ""n_train"": 4629, ""validation"": ""last purged expanding fold""}",decimal
2023-08-31,2023-09-07,5,0.5,0.030612698412698404,0.03130342271049986,0.0006907242978014538,NS_XGBOOST,NS,direct_change,"{""configurations_evaluated"": 3, ""learning_rate"": 0.05, ""max_depth"": 1, ""n_estimators"": 100, ""n_train"": 4629, ""validation"": ""last purged expanding fold""}",decimal
2023-08-31,2023-09-07,5,1.0,0.0324499348504074,0.032001106345343665,-0.00044882850506373223,NS_XGBOOST,NS,direct_change,"{""configurations_evaluated"": 3, ""learning_rate"": 0.05, ""max_depth"": 1, ""n_estimators"": 100, ""n_train"": 4629, ""validation"": ""last purged expanding fold""}",decimal
2023-08-31,2023-09-07,5,2.0,0.0343864337101747,0.03336304989642582,-0.0010233838137488765,NS_XGBOOST,NS,direct_change,"{""configurations_evaluated"": 3, ""learning_rate"": 0.05, ""max_depth"": 1, ""n_estimators"": 100, ""n_train"": 4629, ""validation"": ""last purged expanding fold""}",decimal
2023-08-31,2023-09-07,5,5.0,0.0377734693877551,0.037132629462640496,-0.0006408399251146071,NS_XGBOOST,NS,direct_change,"{""configurations_evaluated"": 3, ""learning_rate"": 0.05, ""max_depth"": 1, ""n_estimators"": 100, ""n_train"": 4629, ""validation"": ""last purged expanding fold""}",decimal
2023-08-31,2023-09-07,5,10.0,0.0418044474393531,0.042263357014681674,0.00045890957532857685,NS_XGBOOST,NS,direct_change,"{""configurations_evaluated"": 3, ""learning_rate"": 0.05, ""max_depth"": 1, ""n_estimators"": 100, ""n_train"": 4629, ""validation"": ""last purged expanding fold""}",decimal
2023-08-31,2023-09-07,5,15.0,0.0462722135007849,0.04608274150589948,-0.00018947199488542066,NS_XGBOOST,NS,direct_change,"{""configurations_evaluated"": 3, ""learning_rate"": 0.05, ""max_depth"": 1, ""n_estimators"": 100, ""n_train"": 4629, ""validation"": ""last purged expanding fold""}",decimal
2023-08-31,2023-09-07,5,20.0,0.0490064613831398,0.048882843106811805,-0.00012361827632799416,NS_XGBOOST,NS,direct_change,"{""configurations_evaluated"": 3, ""learning_rate"": 0.05, ""max_depth"": 1, ""n_estimators"": 100, ""n_train"": 4629, ""validation"": ""last purged expanding fold""}",decimal
2023-08-31,2023-09-07,5,30.0,0.053,0.05247972436583429,-0.0005202756341657067,NS_XGBOOST,NS,direct_change,"{""configurations_evaluated"": 3, ""learning_rate"": 0.05, ""max_depth"": 1, ""n_estimators"": 100, ""n_train"": 4629, ""validation"": ""last purged expanding fold""}",decimal
2023-08-31,2023-09-07,5,0.25,0.0299857142857142,0.03061857450174666,0.0006328602160324617,PCA_XGBOOST,PCA,direct_change,"{""configurations_evaluated"": 3, ""learning_rate"": 0.05, ""max_depth"": 1, ""n_estimators"": 100, ""n_train"": 4629, ""validation"": ""last purged expanding fold""}",decimal
2023-08-31,2023-09-07,5,0.5,0.030612698412698404,0.03106740150394752,0.00045470309124911665,PCA_XGBOOST,PCA,direct_change,"{""configurations_evaluated"": 3, ""learning_rate"": 0.05, ""max_depth"": 1, ""n_estimators"": 100, ""n_train"": 4629, ""validation"": ""last purged expanding fold""}",decimal
2023-08-31,2023-09-07,5,1.0,0.0324499348504074,0.03202769331849257,-0.00042224153191482844,PCA_XGBOOST,PCA,direct_change,"{""configurations_evaluated"": 3, ""learning_rate"": 0.05, ""max_depth"": 1, ""n_estimators"": 100, ""n_train"": 4629, ""validation"": ""last purged expanding fold""}",decimal
2023-08-31,2023-09-07,5,2.0,0.0343864337101747,0.03365880330341032,-0.0007276304067643791,PCA_XGBOOST,PCA,direct_change,"{""configurations_evaluated"": 3, ""learning_rate"": 0.05, ""max_depth"": 1, ""n_estimators"": 100, ""n_train"": 4629, ""validation"": ""last purged expanding fold""}",decimal
2023-08-31,2023-09-07,5,5.0,0.0377734693877551,0.03728674906782773,-0.0004867203199273723,PCA_XGBOOST,PCA,direct_change,"{""configurations_evaluated"": 3, ""learning_rate"": 0.05, ""max_depth"": 1, ""n_estimators"": 100, ""n_train"": 4629, ""validation"": ""last purged expanding fold""}",decimal
2023-08-31,2023-09-07,5,10.0,0.0418044474393531,0.04181478924400385,1.0341804650752795e-05,PCA_XGBOOST,PCA,direct_change,"{""configurations_evaluated"": 3, ""learning_rate"": 0.05, ""max_depth"": 1, ""n_estimators"": 100, ""n_train"": 4629, ""validation"": ""last purged expanding fold""}",decimal
2023-08-31,2023-09-07,5,15.0,0.0462722135007849,0.04579986232888516,-0.0004723511718997403,PCA_XGBOOST,PCA,direct_change,"{""configurations_evaluated"": 3, ""learning_rate"": 0.05, ""max_depth"": 1, ""n_estimators"": 100, ""n_train"": 4629, ""validation"": ""last purged expanding fold""}",decimal
2023-08-31,2023-09-07,5,20.0,0.0490064613831398,0.049850974847447126,0.0008445134643073268,PCA_XGBOOST,PCA,direct_change,"{""configurations_evaluated"": 3, ""learning_rate"": 0.05, ""max_depth"": 1, ""n_estimators"": 100, ""n_train"": 4629, ""validation"": ""last purged expanding fold""}",decimal
2023-08-31,2023-09-07,5,30.0,0.053,0.05222543995708704,-0.0007745600429129584,PCA_XGBOOST,PCA,direct_change,"{""configurations_evaluated"": 3, ""learning_rate"": 0.05, ""max_depth"": 1, ""n_estimators"": 100, ""n_train"": 4629, ""validation"": ""last purged expanding fold""}",decimal
2023-08-31,2023-09-14,10,0.25,0.0299890109890109,0.03095968644112377,0.0009706754521128687,NS_XGBOOST,NS,direct_change,"{""configurations_evaluated"": 3, ""learning_rate"": 0.05, ""max_depth"": 1, ""n_estimators"": 100, ""n_train"": 4624, ""validation"": ""last purged expanding fold""}",decimal
2023-08-31,2023-09-14,10,0.5,0.0306682539682539,0.03131438503461367,0.000646131066359773,NS_XGBOOST,NS,direct_change,"{""configurations_evaluated"": 3, ""learning_rate"": 0.05, ""max_depth"": 1, ""n_estimators"": 100, ""n_train"": 4624, ""validation"": ""last purged expanding fold""}",decimal
2023-08-31,2023-09-14,10,1.0,0.032511601711743,0.03201576579146056,-0.0004958359202824406,NS_XGBOOST,NS,direct_change,"{""configurations_evaluated"": 3, ""learning_rate"": 0.05, ""max_depth"": 1, ""n_estimators"": 100, ""n_train"": 4624, ""validation"": ""last purged expanding fold""}",decimal
2023-08-31,2023-09-14,10,2.0,0.0344137718396711,0.03338308079651764,-0.0010306910431534602,NS_XGBOOST,NS,direct_change,"{""configurations_evaluated"": 3, ""learning_rate"": 0.05, ""max_depth"": 1, ""n_estimators"": 100, ""n_train"": 4624, ""validation"": ""last purged expanding fold""}",decimal
2023-08-31,2023-09-14,10,5.0,0.0377877551020408,0.03715701613198225,-0.0006307389700585461,NS_XGBOOST,NS,direct_change,"{""configurations_evaluated"": 3, ""learning_rate"": 0.05, ""max_depth"": 1, ""n_estimators"": 100, ""n_train"": 4624, ""validation"": ""last purged expanding fold""}",decimal
2023-08-31,2023-09-14,10,10.0,0.0417352783366867,0.042275012075938326,0.0005397337392516258,NS_XGBOOST,NS,direct_change,"{""configurations_evaluated"": 3, ""learning_rate"": 0.05, ""max_depth"": 1, ""n_estimators"": 100, ""n_train"": 4624, ""validation"": ""last purged expanding fold""}",decimal
2023-08-31,2023-09-14,10,15.0,0.04588046647230319,0.04607462592301825,0.0001941594507150618,NS_XGBOOST,NS,direct_change,"{""configurations_evaluated"": 3, ""learning_rate"": 0.05, ""max_depth"": 1, ""n_estimators"": 100, ""n_train"": 4624, ""validation"": ""last purged expanding fold""}",decimal
2023-08-31,2023-09-14,10,20.0,0.0490167087329631,0.04885592268418531,-0.0001607860487777904,NS_XGBOOST,NS,direct_change,"{""configurations_evaluated"": 3, ""learning_rate"": 0.05, ""max_depth"": 1, ""n_estimators"": 100, ""n_train"": 4624, ""validation"": ""last purged expanding fold""}",decimal
2023-08-31,2023-09-14,10,30.0,0.053,0.05242449980539732,-0.0005755001946026808,NS_XGBOOST,NS,direct_change,"{""configurations_evaluated"": 3, ""learning_rate"": 0.05, ""max_depth"": 1, ""n_estimators"": 100, ""n_train"": 4624, ""validation"": ""last purged expanding fold""}",decimal
2023-08-31,2023-09-14,10,0.25,0.0299890109890109,0.03059377775482335,0.0006047667658124478,PCA_XGBOOST,PCA,direct_change,"{""configurations_evaluated"": 3, ""learning_rate"": 0.05, ""max_depth"": 1, ""n_estimators"": 100, ""n_train"": 4624, ""validation"": ""last purged expanding fold""}",decimal
2023-08-31,2023-09-14,10,0.5,0.0306682539682539,0.031049773458695817,0.00038151949044191655,PCA_XGBOOST,PCA,direct_change,"{""configurations_evaluated"": 3, ""learning_rate"": 0.05, ""max_depth"": 1, ""n_estimators"": 100, ""n_train"": 4624, ""validation"": ""last purged expanding fold""}",decimal
2023-08-31,2023-09-14,10,1.0,0.032511601711743,0.03201862754522617,-0.0004929741665168283,PCA_XGBOOST,PCA,direct_change,"{""configurations_evaluated"": 3, ""learning_rate"": 0.05, ""max_depth"": 1, ""n_estimators"": 100, ""n_train"": 4624, ""validation"": ""last purged expanding fold""}",decimal
2023-08-31,2023-09-14,10,2.0,0.0344137718396711,0.033662174246003776,-0.0007515975936673233,PCA_XGBOOST,PCA,direct_change,"{""configurations_evaluated"": 3, ""learning_rate"": 0.05, ""max_depth"": 1, ""n_estimators"": 100, ""n_train"": 4624, ""validation"": ""last purged expanding fold""}",decimal
2023-08-31,2023-09-14,10,5.0,0.0377877551020408,0.037287455746048484,-0.0005002993559923147,PCA_XGBOOST,PCA,direct_change,"{""configurations_evaluated"": 3, ""learning_rate"": 0.05, ""max_depth"": 1, ""n_estimators"": 100, ""n_train"": 4624, ""validation"": ""last purged expanding fold""}",decimal
2023-08-31,2023-09-14,10,10.0,0.0417352783366867,0.04180959340382071,7.431506713401204e-05,PCA_XGBOOST,PCA,direct_change,"{""configurations_evaluated"": 3, ""learning_rate"": 0.05, ""max_depth"": 1, ""n_estimators"": 100, ""n_train"": 4624, ""validation"": ""last purged expanding fold""}",decimal
2023-08-31,2023-09-14,10,15.0,0.04588046647230319,0.04577645891285158,-0.00010400755945161322,PCA_XGBOOST,PCA,direct_change,"{""configurations_evaluated"": 3, ""learning_rate"": 0.05, ""max_depth"": 1, ""n_estimators"": 100, ""n_train"": 4624, ""validation"": ""last purged expanding fold""}",decimal
2023-08-31,2023-09-14,10,20.0,0.0490167087329631,0.0497568313947908,0.0007401226618276996,PCA_XGBOOST,PCA,direct_change,"{""configurations_evaluated"": 3, ""learning_rate"": 0.05, ""max_depth"": 1, ""n_estimators"": 100, ""n_train"": 4624, ""validation"": ""last purged expanding fold""}",decimal
2023-08-31,2023-09-14,10,30.0,0.053,0.05208136277019456,-0.0009186372298054385,PCA_XGBOOST,PCA,direct_change,"{""configurations_evaluated"": 3, ""learning_rate"": 0.05, ""max_depth"": 1, ""n_estimators"": 100, ""n_train"": 4624, ""validation"": ""last purged expanding fold""}",decimal
2023-08-31,2023-10-04,22,0.25,0.0292214285714285,0.030757094760586065,0.0015356661891575661,NS_XGBOOST,NS,direct_change,"{""configurations_evaluated"": 3, ""learning_rate"": 0.05, ""max_depth"": 1, ""n_estimators"": 100, ""n_train"": 4612, ""validation"": ""last purged expanding fold""}",decimal
2023-08-31,2023-10-04,22,0.5,0.029937912087912,0.031097095941908973,0.0011591838539969715,NS_XGBOOST,NS,direct_change,"{""configurations_evaluated"": 3, ""learning_rate"": 0.05, ""max_depth"": 1, ""n_estimators"": 100, ""n_train"": 4612, ""validation"": ""last purged expanding fold""}",decimal
2023-08-31,2023-10-04,22,1.0,0.0318864466032783,0.031771439602590774,-0.00011500700068752673,NS_XGBOOST,NS,direct_change,"{""configurations_evaluated"": 3, ""learning_rate"": 0.05, ""max_depth"": 1, ""n_estimators"": 100, ""n_train"": 4612, ""validation"": ""last purged expanding fold""}",decimal
2023-08-31,2023-10-04,22,2.0,0.0342858757062146,0.03309314039316921,-0.0011927353130453885,NS_XGBOOST,NS,direct_change,"{""configurations_evaluated"": 3, ""learning_rate"": 0.05, ""max_depth"": 1, ""n_estimators"": 100, ""n_train"": 4612, ""validation"": ""last purged expanding fold""}",decimal
2023-08-31,2023-10-04,22,5.0,0.0371521739130434,0.036781628830140696,-0.00037054508290270544,NS_XGBOOST,NS,direct_change,"{""configurations_evaluated"": 3, ""learning_rate"": 0.05, ""max_depth"": 1, ""n_estimators"": 100, ""n_train"": 4612, ""validation"": ""last purged expanding fold""}",decimal
2023-08-31,2023-10-04,22,10.0,0.041533207547169805,0.04185576107986759,0.0003225535326977849,NS_XGBOOST,NS,direct_change,"{""configurations_evaluated"": 3, ""learning_rate"": 0.05, ""max_depth"": 1, ""n_estimators"": 100, ""n_train"": 4612, ""validation"": ""last purged expanding fold""}",decimal
2023-08-31,2023-10-04,22,15.0,0.0456456064690026,0.045662678820685344,1.7072351682745346e-05,NS_XGBOOST,NS,direct_change,"{""configurations_evaluated"": 3, ""learning_rate"": 0.05, ""max_depth"": 1, ""n_estimators"": 100, ""n_train"": 4612, ""validation"": ""last purged expanding fold""}",decimal
2023-08-31,2023-10-04,22,20.0,0.0492532798833819,0.04846606284973205,-0.0007872170336498466,NS_XGBOOST,NS,direct_change,"{""configurations_evaluated"": 3, ""learning_rate"": 0.05, ""max_depth"": 1, ""n_estimators"": 100, ""n_train"": 4612, ""validation"": ""last purged expanding fold""}",decimal
2023-08-31,2023-10-04,22,30.0,0.0526,0.052079115578424144,-0.0005208844215758568,NS_XGBOOST,NS,direct_change,"{""configurations_evaluated"": 3, ""learning_rate"": 0.05, ""max_depth"": 1, ""n_estimators"": 100, ""n_train"": 4612, ""validation"": ""last purged expanding fold""}",decimal
2023-08-31,2023-10-04,22,0.25,0.0292214285714285,0.030461930649054583,0.0012405020776260836,PCA_XGBOOST,PCA,direct_change,"{""configurations_evaluated"": 3, ""learning_rate"": 0.05, ""max_depth"": 1, ""n_estimators"": 100, ""n_train"": 4612, ""validation"": ""last purged expanding fold""}",decimal
2023-08-31,2023-10-04,22,0.5,0.029937912087912,0.030933715298432883,0.000995803210520882,PCA_XGBOOST,PCA,direct_change,"{""configurations_evaluated"": 3, ""learning_rate"": 0.05, ""max_depth"": 1, ""n_estimators"": 100, ""n_train"": 4612, ""validation"": ""last purged expanding fold""}",decimal
2023-08-31,2023-10-04,22,1.0,0.0318864466032783,0.031924667877201315,3.822127392301422e-05,PCA_XGBOOST,PCA,direct_change,"{""configurations_evaluated"": 3, ""learning_rate"": 0.05, ""max_depth"": 1, ""n_estimators"": 100, ""n_train"": 4612, ""validation"": ""last purged expanding fold""}",decimal
2023-08-31,2023-10-04,22,2.0,0.0342858757062146,0.0336010664183362,-0.0006848092878784032,PCA_XGBOOST,PCA,direct_change,"{""configurations_evaluated"": 3, ""learning_rate"": 0.05, ""max_depth"": 1, ""n_estimators"": 100, ""n_train"": 4612, ""validation"": ""last purged expanding fold""}",decimal
2023-08-31,2023-10-04,22,5.0,0.0371521739130434,0.037247227493357404,9.50535803140029e-05,PCA_XGBOOST,PCA,direct_change,"{""configurations_evaluated"": 3, ""learning_rate"": 0.05, ""max_depth"": 1, ""n_estimators"": 100, ""n_train"": 4612, ""validation"": ""last purged expanding fold""}",decimal
2023-08-31,2023-10-04,22,10.0,0.041533207547169805,0.041784442317469576,0.00025123477029977137,PCA_XGBOOST,PCA,direct_change,"{""configurations_evaluated"": 3, ""learning_rate"": 0.05, ""max_depth"": 1, ""n_estimators"": 100, ""n_train"": 4612, ""validation"": ""last purged expanding fold""}",decimal
2023-08-31,2023-10-04,22,15.0,0.0456456064690026,0.04573443378040026,8.882731139766425e-05,PCA_XGBOOST,PCA,direct_change,"{""configurations_evaluated"": 3, ""learning_rate"": 0.05, ""max_depth"": 1, ""n_estimators"": 100, ""n_train"": 4612, ""validation"": ""last purged expanding fold""}",decimal
2023-08-31,2023-10-04,22,20.0,0.0492532798833819,0.0495990848748694,0.0003458049914875014,PCA_XGBOOST,PCA,direct_change,"{""configurations_evaluated"": 3, ""learning_rate"": 0.05, ""max_depth"": 1, ""n_estimators"": 100, ""n_train"": 4612, ""validation"": ""last purged expanding fold""}",decimal
2023-08-31,2023-10-04,22,30.0,0.0526,0.05183099181126358,-0.0007690081887364239,PCA_XGBOOST,PCA,direct_change,"{""configurations_evaluated"": 3, ""learning_rate"": 0.05, ""max_depth"": 1, ""n_estimators"": 100, ""n_train"": 4612, ""validation"": ""last purged expanding fold""}",decimal
2023-09-27,2023-10-06,5,0.25,0.0291892857142857,0.031156982632520487,0.0019676969182347882,NS_XGBOOST,NS,direct_change,"{""configurations_evaluated"": 3, ""learning_rate"": 0.05, ""max_depth"": 1, ""n_estimators"": 100, ""n_train"": 4648, ""validation"": ""last purged expanding fold""}",decimal
2023-09-27,2023-10-06,5,0.5,0.029925,0.031505223468771056,0.0015802234687710554,NS_XGBOOST,NS,direct_change,"{""configurations_evaluated"": 3, ""learning_rate"": 0.05, ""max_depth"": 1, ""n_estimators"": 100, ""n_train"": 4648, ""validation"": ""last purged expanding fold""}",decimal
2023-09-27,2023-10-06,5,1.0,0.0313734533736896,0.032194301519301076,0.0008208481456114733,NS_XGBOOST,NS,direct_change,"{""configurations_evaluated"": 3, ""learning_rate"": 0.05, ""max_depth"": 1, ""n_estimators"": 100, ""n_train"": 4648, ""validation"": ""last purged expanding fold""}",decimal
2023-09-27,2023-10-06,5,2.0,0.0340657770800627,0.03353926782319811,-0.0005265092568645866,NS_XGBOOST,NS,direct_change,"{""configurations_evaluated"": 3, ""learning_rate"": 0.05, ""max_depth"": 1, ""n_estimators"": 100, ""n_train"": 4648, ""validation"": ""last purged expanding fold""}",decimal
2023-09-27,2023-10-06,5,5.0,0.0372673469387755,0.03726084217505732,-6.504763718183371e-06,NS_XGBOOST,NS,direct_change,"{""configurations_evaluated"": 3, ""learning_rate"": 0.05, ""max_depth"": 1, ""n_estimators"": 100, ""n_train"": 4648, ""validation"": ""last purged expanding fold""}",decimal
2023-09-27,2023-10-06,5,10.0,0.041835846470185,0.04232442733416693,0.00048858086398193,NS_XGBOOST,NS,direct_change,"{""configurations_evaluated"": 3, ""learning_rate"": 0.05, ""max_depth"": 1, ""n_estimators"": 100, ""n_train"": 4648, ""validation"": ""last purged expanding fold""}",decimal
2023-09-27,2023-10-06,5,15.0,0.0454166666666666,0.04609283550266038,0.000676168835993779,NS_XGBOOST,NS,direct_change,"{""configurations_evaluated"": 3, ""learning_rate"": 0.05, ""max_depth"": 1, ""n_estimators"": 100, ""n_train"": 4648, ""validation"": ""last purged expanding fold""}",decimal
2023-09-27,2023-10-06,5,20.0,0.0490651459854014,0.048855148376224025,-0.0002099976091773717,NS_XGBOOST,NS,direct_change,"{""configurations_evaluated"": 3, ""learning_rate"": 0.05, ""max_depth"": 1, ""n_estimators"": 100, ""n_train"": 4648, ""validation"": ""last purged expanding fold""}",decimal
2023-09-27,2023-10-06,5,30.0,0.0539178571428571,0.052403087137763905,-0.0015147700050931953,NS_XGBOOST,NS,direct_change,"{""configurations_evaluated"": 3, ""learning_rate"": 0.05, ""max_depth"": 1, ""n_estimators"": 100, ""n_train"": 4648, ""validation"": ""last purged expanding fold""}",decimal
2023-09-27,2023-10-06,5,0.25,0.0291892857142857,0.03084120498124059,0.0016519192669548904,PCA_XGBOOST,PCA,direct_change,"{""configurations_evaluated"": 3, ""learning_rate"": 0.05, ""max_depth"": 1, ""n_estimators"": 100, ""n_train"": 4648, ""validation"": ""last purged expanding fold""}",decimal
2023-09-27,2023-10-06,5,0.5,0.029925,0.031280873186288055,0.001355873186288055,PCA_XGBOOST,PCA,direct_change,"{""configurations_evaluated"": 3, ""learning_rate"": 0.05, ""max_depth"": 1, ""n_estimators"": 100, ""n_train"": 4648, ""validation"": ""last purged expanding fold""}",decimal
2023-09-27,2023-10-06,5,1.0,0.0313734533736896,0.032225608289401256,0.0008521549157116531,PCA_XGBOOST,PCA,direct_change,"{""configurations_evaluated"": 3, ""learning_rate"": 0.05, ""max_depth"": 1, ""n_estimators"": 100, ""n_train"": 4648, ""validation"": ""last purged expanding fold""}",decimal
2023-09-27,2023-10-06,5,2.0,0.0340657770800627,0.0338229374320615,-0.000242839648001196,PCA_XGBOOST,PCA,direct_change,"{""configurations_evaluated"": 3, ""learning_rate"": 0.05, ""max_depth"": 1, ""n_estimators"": 100, ""n_train"": 4648, ""validation"": ""last purged expanding fold""}",decimal
2023-09-27,2023-10-06,5,5.0,0.0372673469387755,0.03735729073672575,8.99437979502496e-05,PCA_XGBOOST,PCA,direct_change,"{""configurations_evaluated"": 3, ""learning_rate"": 0.05, ""max_depth"": 1, ""n_estimators"": 100, ""n_train"": 4648, ""validation"": ""last purged expanding fold""}",decimal
2023-09-27,2023-10-06,5,10.0,0.041835846470185,0.041793034502745914,-4.281196743908394e-05,PCA_XGBOOST,PCA,direct_change,"{""configurations_evaluated"": 3, ""learning_rate"": 0.05, ""max_depth"": 1, ""n_estimators"": 100, ""n_train"": 4648, ""validation"": ""last purged expanding fold""}",decimal
2023-09-27,2023-10-06,5,15.0,0.0454166666666666,0.04573234105805537,0.0003156743913887705,PCA_XGBOOST,PCA,direct_change,"{""configurations_evaluated"": 3, ""learning_rate"": 0.05, ""max_depth"": 1, ""n_estimators"": 100, ""n_train"": 4648, ""validation"": ""last purged expanding fold""}",decimal
2023-09-27,2023-10-06,5,20.0,0.0490651459854014,0.04976083124569172,0.0006956852602903255,PCA_XGBOOST,PCA,direct_change,"{""configurations_evaluated"": 3, ""learning_rate"": 0.05, ""max_depth"": 1, ""n_estimators"": 100, ""n_train"": 4648, ""validation"": ""last purged expanding fold""}",decimal
2023-09-27,2023-10-06,5,30.0,0.0539178571428571,0.052210251071538406,-0.0017076060713186944,PCA_XGBOOST,PCA,direct_change,"{""configurations_evaluated"": 3, ""learning_rate"": 0.05, ""max_depth"": 1, ""n_estimators"": 100, ""n_train"": 4648, ""validation"": ""last purged expanding fold""}",decimal
2023-09-27,2023-10-13,10,0.25,0.0292732142857142,0.031201681109030995,0.0019284668233167934,NS_XGBOOST,NS,direct_change,"{""configurations_evaluated"": 3, ""learning_rate"": 0.05, ""max_depth"": 1, ""n_estimators"": 100, ""n_train"": 4643, ""validation"": ""last purged expanding fold""}",decimal
2023-09-27,2023-10-13,10,0.5,0.030121978021978003,0.03154642197564819,0.0014244439536701889,NS_XGBOOST,NS,direct_change,"{""configurations_evaluated"": 3, ""learning_rate"": 0.05, ""max_depth"": 1, ""n_estimators"": 100, ""n_train"": 4643, ""validation"": ""last purged expanding fold""}",decimal
2023-09-27,2023-10-13,10,1.0,0.0316890328957667,0.032228862748523185,0.0005398298527564821,NS_XGBOOST,NS,direct_change,"{""configurations_evaluated"": 3, ""learning_rate"": 0.05, ""max_depth"": 1, ""n_estimators"": 100, ""n_train"": 4643, ""validation"": ""last purged expanding fold""}",decimal
2023-09-27,2023-10-13,10,2.0,0.034364050235478796,0.033561882970063336,-0.0008021672654154599,NS_XGBOOST,NS,direct_change,"{""configurations_evaluated"": 3, ""learning_rate"": 0.05, ""max_depth"": 1, ""n_estimators"": 100, ""n_train"": 4643, ""validation"": ""last purged expanding fold""}",decimal
2023-09-27,2023-10-13,10,5.0,0.037465572315882795,0.03725614794809271,-0.00020942436779008283,NS_XGBOOST,NS,direct_change,"{""configurations_evaluated"": 3, ""learning_rate"": 0.05, ""max_depth"": 1, ""n_estimators"": 100, ""n_train"": 4643, ""validation"": ""last purged expanding fold""}",decimal
2023-09-27,2023-10-13,10,10.0,0.0415535849056603,0.042292779083323045,0.0007391941776627442,NS_XGBOOST,NS,direct_change,"{""configurations_evaluated"": 3, ""learning_rate"": 0.05, ""max_depth"": 1, ""n_estimators"": 100, ""n_train"": 4643, ""validation"": ""last purged expanding fold""}",decimal
2023-09-27,2023-10-13,10,15.0,0.04570596546310832,0.046046757736362784,0.00034079227325446715,NS_XGBOOST,NS,direct_change,"{""configurations_evaluated"": 3, ""learning_rate"": 0.05, ""max_depth"": 1, ""n_estimators"": 100, ""n_train"": 4643, ""validation"": ""last purged expanding fold""}",decimal
2023-09-27,2023-10-13,10,20.0,0.048959162039374,0.048800851853850406,-0.00015831018552359133,NS_XGBOOST,NS,direct_change,"{""configurations_evaluated"": 3, ""learning_rate"": 0.05, ""max_depth"": 1, ""n_estimators"": 100, ""n_train"": 4643, ""validation"": ""last purged expanding fold""}",decimal
2023-09-27,2023-10-13,10,30.0,0.0529,0.05234050437271576,-0.0005594956272842455,NS_XGBOOST,NS,direct_change,"{""configurations_evaluated"": 3, ""learning_rate"": 0.05, ""max_depth"": 1, ""n_estimators"": 100, ""n_train"": 4643, ""validation"": ""last purged expanding fold""}",decimal
2023-09-27,2023-10-13,10,0.25,0.0292732142857142,0.030809131907862924,0.0015359176221487227,PCA_XGBOOST,PCA,direct_change,"{""configurations_evaluated"": 3, ""learning_rate"": 0.05, ""max_depth"": 1, ""n_estimators"": 100, ""n_train"": 4643, ""validation"": ""last purged expanding fold""}",decimal
2023-09-27,2023-10-13,10,0.5,0.030121978021978003,0.03125563754529617,0.0011336595233181687,PCA_XGBOOST,PCA,direct_change,"{""configurations_evaluated"": 3, ""learning_rate"": 0.05, ""max_depth"": 1, ""n_estimators"": 100, ""n_train"": 4643, ""validation"": ""last purged expanding fold""}",decimal
2023-09-27,2023-10-13,10,1.0,0.0316890328957667,0.032208522961339255,0.0005194900655725518,PCA_XGBOOST,PCA,direct_change,"{""configurations_evaluated"": 3, ""learning_rate"": 0.05, ""max_depth"": 1, ""n_estimators"": 100, ""n_train"": 4643, ""validation"": ""last purged expanding fold""}",decimal
2023-09-27,2023-10-13,10,2.0,0.034364050235478796,0.03381790203124475,-0.0005461482042340496,PCA_XGBOOST,PCA,direct_change,"{""configurations_evaluated"": 3, ""learning_rate"": 0.05, ""max_depth"": 1, ""n_estimators"": 100, ""n_train"": 4643, ""validation"": ""last purged expanding fold""}",decimal
2023-09-27,2023-10-13,10,5.0,0.037465572315882795,0.03735031539105099,-0.0001152569248318025,PCA_XGBOOST,PCA,direct_change,"{""configurations_evaluated"": 3, ""learning_rate"": 0.05, ""max_depth"": 1, ""n_estimators"": 100, ""n_train"": 4643, ""validation"": ""last purged expanding fold""}",decimal
2023-09-27,2023-10-13,10,10.0,0.0415535849056603,0.041781161881380355,0.00022757697572005353,PCA_XGBOOST,PCA,direct_change,"{""configurations_evaluated"": 3, ""learning_rate"": 0.05, ""max_depth"": 1, ""n_estimators"": 100, ""n_train"": 4643, ""validation"": ""last purged expanding fold""}",decimal
2023-09-27,2023-10-13,10,15.0,0.04570596546310832,0.04570333259263139,-2.632870476929061e-06,PCA_XGBOOST,PCA,direct_change,"{""configurations_evaluated"": 3, ""learning_rate"": 0.05, ""max_depth"": 1, ""n_estimators"": 100, ""n_train"": 4643, ""validation"": ""last purged expanding fold""}",decimal
2023-09-27,2023-10-13,10,20.0,0.048959162039374,0.049664268765653906,0.0007051067262799082,PCA_XGBOOST,PCA,direct_change,"{""configurations_evaluated"": 3, ""learning_rate"": 0.05, ""max_depth"": 1, ""n_estimators"": 100, ""n_train"": 4643, ""validation"": ""last purged expanding fold""}",decimal
2023-09-27,2023-10-13,10,30.0,0.0529,0.05206616600846107,-0.0008338339915389334,PCA_XGBOOST,PCA,direct_change,"{""configurations_evaluated"": 3, ""learning_rate"": 0.05, ""max_depth"": 1, ""n_estimators"": 100, ""n_train"": 4643, ""validation"": ""last purged expanding fold""}",decimal
2023-09-27,2023-10-31,22,0.25,0.0292961038961038,0.031097468841959828,0.0018013649458560287,NS_XGBOOST,NS,direct_change,"{""configurations_evaluated"": 3, ""learning_rate"": 0.05, ""max_depth"": 1, ""n_estimators"": 100, ""n_train"": 4631, ""validation"": ""last purged expanding fold""}",decimal
2023-09-27,2023-10-31,22,0.5,0.029834693877551,0.03142873134468067,0.0015940374671296678,NS_XGBOOST,NS,direct_change,"{""configurations_evaluated"": 3, ""learning_rate"": 0.05, ""max_depth"": 1, ""n_estimators"": 100, ""n_train"": 4631, ""validation"": ""last purged expanding fold""}",decimal
2023-09-27,2023-10-31,22,1.0,0.0311741973886592,0.03208638972885584,0.0009121923401966374,NS_XGBOOST,NS,direct_change,"{""configurations_evaluated"": 3, ""learning_rate"": 0.05, ""max_depth"": 1, ""n_estimators"": 100, ""n_train"": 4631, ""validation"": ""last purged expanding fold""}",decimal
2023-09-27,2023-10-31,22,2.0,0.0339521193092621,0.03337764545261373,-0.0005744738566483693,NS_XGBOOST,NS,direct_change,"{""configurations_evaluated"": 3, ""learning_rate"": 0.05, ""max_depth"": 1, ""n_estimators"": 100, ""n_train"": 4631, ""validation"": ""last purged expanding fold""}",decimal
2023-09-27,2023-10-31,22,5.0,0.0373606033717835,0.03699397686298076,-0.0003666265088027379,NS_XGBOOST,NS,direct_change,"{""configurations_evaluated"": 3, ""learning_rate"": 0.05, ""max_depth"": 1, ""n_estimators"": 100, ""n_train"": 4631, ""validation"": ""last purged expanding fold""}",decimal
2023-09-27,2023-10-31,22,10.0,0.0417803234501347,0.04199139296270058,0.00021106951256587986,NS_XGBOOST,NS,direct_change,"{""configurations_evaluated"": 3, ""learning_rate"": 0.05, ""max_depth"": 1, ""n_estimators"": 100, ""n_train"": 4631, ""validation"": ""last purged expanding fold""}",decimal
2023-09-27,2023-10-31,22,15.0,0.0457511773940345,0.04575305937883101,1.8819847965034775e-06,NS_XGBOOST,NS,direct_change,"{""configurations_evaluated"": 3, ""learning_rate"": 0.05, ""max_depth"": 1, ""n_estimators"": 100, ""n_train"": 4631, ""validation"": ""last purged expanding fold""}",decimal
2023-09-27,2023-10-31,22,20.0,0.0488879858657243,0.048528233783789815,-0.0003597520819344849,NS_XGBOOST,NS,direct_change,"{""configurations_evaluated"": 3, ""learning_rate"": 0.05, ""max_depth"": 1, ""n_estimators"": 100, ""n_train"": 4631, ""validation"": ""last purged expanding fold""}",decimal
2023-09-27,2023-10-31,22,30.0,0.0526,0.052109828435496545,-0.0004901715645034554,NS_XGBOOST,NS,direct_change,"{""configurations_evaluated"": 3, ""learning_rate"": 0.05, ""max_depth"": 1, ""n_estimators"": 100, ""n_train"": 4631, ""validation"": ""last purged expanding fold""}",decimal
2023-09-27,2023-10-31,22,0.25,0.0292961038961038,0.030666308197856103,0.0013702043017523036,PCA_XGBOOST,PCA,direct_change,"{""configurations_evaluated"": 3, ""learning_rate"": 0.05, ""max_depth"": 1, ""n_estimators"": 100, ""n_train"": 4631, ""validation"": ""last purged expanding fold""}",decimal
2023-09-27,2023-10-31,22,0.5,0.029834693877551,0.031128530857306345,0.001293836979755346,PCA_XGBOOST,PCA,direct_change,"{""configurations_evaluated"": 3, ""learning_rate"": 0.05, ""max_depth"": 1, ""n_estimators"": 100, ""n_train"": 4631, ""validation"": ""last purged expanding fold""}",decimal
2023-09-27,2023-10-31,22,1.0,0.0311741973886592,0.03210564785973406,0.0009314504710748635,PCA_XGBOOST,PCA,direct_change,"{""configurations_evaluated"": 3, ""learning_rate"": 0.05, ""max_depth"": 1, ""n_estimators"": 100, ""n_train"": 4631, ""validation"": ""last purged expanding fold""}",decimal
2023-09-27,2023-10-31,22,2.0,0.0339521193092621,0.03375156459874798,-0.00020055471051411838,PCA_XGBOOST,PCA,direct_change,"{""configurations_evaluated"": 3, ""learning_rate"": 0.05, ""max_depth"": 1, ""n_estimators"": 100, ""n_train"": 4631, ""validation"": ""last purged expanding fold""}",decimal
2023-09-27,2023-10-31,22,5.0,0.0373606033717835,0.03732663594680298,-3.396742498051886e-05,PCA_XGBOOST,PCA,direct_change,"{""configurations_evaluated"": 3, ""learning_rate"": 0.05, ""max_depth"": 1, ""n_estimators"": 100, ""n_train"": 4631, ""validation"": ""last purged expanding fold""}",decimal
2023-09-27,2023-10-31,22,10.0,0.0417803234501347,0.04179462316360149,1.4299713466787989e-05,PCA_XGBOOST,PCA,direct_change,"{""configurations_evaluated"": 3, ""learning_rate"": 0.05, ""max_depth"": 1, ""n_estimators"": 100, ""n_train"": 4631, ""validation"": ""last purged expanding fold""}",decimal
2023-09-27,2023-10-31,22,15.0,0.0457511773940345,0.045718741631190565,-3.243576284393812e-05,PCA_XGBOOST,PCA,direct_change,"{""configurations_evaluated"": 3, ""learning_rate"": 0.05, ""max_depth"": 1, ""n_estimators"": 100, ""n_train"": 4631, ""validation"": ""last purged expanding fold""}",decimal
2023-09-27,2023-10-31,22,20.0,0.0488879858657243,0.04959884787877851,0.0007108620130542101,PCA_XGBOOST,PCA,direct_change,"{""configurations_evaluated"": 3, ""learning_rate"": 0.05, ""max_depth"": 1, ""n_estimators"": 100, ""n_train"": 4631, ""validation"": ""last purged expanding fold""}",decimal
2023-09-27,2023-10-31,22,30.0,0.0526,0.0519139628320279,-0.000686037167972102,PCA_XGBOOST,PCA,direct_change,"{""configurations_evaluated"": 3, ""learning_rate"": 0.05, ""max_depth"": 1, ""n_estimators"": 100, ""n_train"": 4631, ""validation"": ""last purged expanding fold""}",decimal
2023-10-31,2023-11-08,5,0.25,0.0293314285714285,0.03000422415348148,0.0006727955820529791,NS_XGBOOST,NS,direct_change,"{""configurations_evaluated"": 3, ""learning_rate"": 0.05, ""max_depth"": 1, ""n_estimators"": 100, ""n_train"": 4670, ""validation"": ""last purged expanding fold""}",decimal
2023-10-31,2023-11-08,5,0.5,0.0298836734693877,0.030429061639066324,0.0005453881696786261,NS_XGBOOST,NS,direct_change,"{""configurations_evaluated"": 3, ""learning_rate"": 0.05, ""max_depth"": 1, ""n_estimators"": 100, ""n_train"": 4670, ""validation"": ""last purged expanding fold""}",decimal
2023-10-31,2023-11-08,5,1.0,0.0311790035826802,0.03125650866296292,7.750508028272346e-05,NS_XGBOOST,NS,direct_change,"{""configurations_evaluated"": 3, ""learning_rate"": 0.05, ""max_depth"": 1, ""n_estimators"": 100, ""n_train"": 4670, ""validation"": ""last purged expanding fold""}",decimal
2023-10-31,2023-11-08,5,2.0,0.0339118644067796,0.03282639967250745,-0.0010854647342721513,NS_XGBOOST,NS,direct_change,"{""configurations_evaluated"": 3, ""learning_rate"": 0.05, ""max_depth"": 1, ""n_estimators"": 100, ""n_train"": 4670, ""validation"": ""last purged expanding fold""}",decimal
2023-10-31,2023-11-08,5,5.0,0.0372327032136105,0.03692933860656116,-0.00030336460704934176,NS_XGBOOST,NS,direct_change,"{""configurations_evaluated"": 3, ""learning_rate"": 0.05, ""max_depth"": 1, ""n_estimators"": 100, ""n_train"": 4670, ""validation"": ""last purged expanding fold""}",decimal
2023-10-31,2023-11-08,5,10.0,0.0416124528301886,0.04215186787045953,0.0005394150402709338,NS_XGBOOST,NS,direct_change,"{""configurations_evaluated"": 3, ""learning_rate"": 0.05, ""max_depth"": 1, ""n_estimators"": 100, ""n_train"": 4670, ""validation"": ""last purged expanding fold""}",decimal
2023-10-31,2023-11-08,5,15.0,0.0457712715855573,0.04591470178235678,0.00014343019679947944,NS_XGBOOST,NS,direct_change,"{""configurations_evaluated"": 3, ""learning_rate"": 0.05, ""max_depth"": 1, ""n_estimators"": 100, ""n_train"": 4670, ""validation"": ""last purged expanding fold""}",decimal
2023-10-31,2023-11-08,5,20.0,0.0488990913679959,0.0486714194406851,-0.00022767192731080327,NS_XGBOOST,NS,direct_change,"{""configurations_evaluated"": 3, ""learning_rate"": 0.05, ""max_depth"": 1, ""n_estimators"": 100, ""n_train"": 4670, ""validation"": ""last purged expanding fold""}",decimal
2023-10-31,2023-11-08,5,30.0,0.0526,0.05228967293774405,-0.0003103270622559495,NS_XGBOOST,NS,direct_change,"{""configurations_evaluated"": 3, ""learning_rate"": 0.05, ""max_depth"": 1, ""n_estimators"": 100, ""n_train"": 4670, ""validation"": ""last purged expanding fold""}",decimal
2023-10-31,2023-11-08,5,0.25,0.0293314285714285,0.029683648531725736,0.00035221996029723493,PCA_XGBOOST,PCA,direct_change,"{""configurations_evaluated"": 3, ""learning_rate"": 0.05, ""max_depth"": 1, ""n_estimators"": 100, ""n_train"": 4670, ""validation"": ""last purged expanding fold""}",decimal
2023-10-31,2023-11-08,5,0.5,0.0298836734693877,0.030197230241849428,0.00031355677246172955,PCA_XGBOOST,PCA,direct_change,"{""configurations_evaluated"": 3, ""learning_rate"": 0.05, ""max_depth"": 1, ""n_estimators"": 100, ""n_train"": 4670, ""validation"": ""last purged expanding fold""}",decimal
2023-10-31,2023-11-08,5,1.0,0.0311790035826802,0.03127729616771946,9.829258503925992e-05,PCA_XGBOOST,PCA,direct_change,"{""configurations_evaluated"": 3, ""learning_rate"": 0.05, ""max_depth"": 1, ""n_estimators"": 100, ""n_train"": 4670, ""validation"": ""last purged expanding fold""}",decimal
2023-10-31,2023-11-08,5,2.0,0.0339118644067796,0.033083008045049725,-0.000828856361729878,PCA_XGBOOST,PCA,direct_change,"{""configurations_evaluated"": 3, ""learning_rate"": 0.05, ""max_depth"": 1, ""n_estimators"": 100, ""n_train"": 4670, ""validation"": ""last purged expanding fold""}",decimal
2023-10-31,2023-11-08,5,5.0,0.0372327032136105,0.036951136704844435,-0.0002815665087660679,PCA_XGBOOST,PCA,direct_change,"{""configurations_evaluated"": 3, ""learning_rate"": 0.05, ""max_depth"": 1, ""n_estimators"": 100, ""n_train"": 4670, ""validation"": ""last purged expanding fold""}",decimal
2023-10-31,2023-11-08,5,10.0,0.0416124528301886,0.04170622212203527,9.376929184667232e-05,PCA_XGBOOST,PCA,direct_change,"{""configurations_evaluated"": 3, ""learning_rate"": 0.05, ""max_depth"": 1, ""n_estimators"": 100, ""n_train"": 4670, ""validation"": ""last purged expanding fold""}",decimal
2023-10-31,2023-11-08,5,15.0,0.0457712715855573,0.045784653689724696,1.3382104167396214e-05,PCA_XGBOOST,PCA,direct_change,"{""configurations_evaluated"": 3, ""learning_rate"": 0.05, ""max_depth"": 1, ""n_estimators"": 100, ""n_train"": 4670, ""validation"": ""last purged expanding fold""}",decimal
2023-10-31,2023-11-08,5,20.0,0.0488990913679959,0.04966144568187475,0.0007623543138788463,PCA_XGBOOST,PCA,direct_change,"{""configurations_evaluated"": 3, ""learning_rate"": 0.05, ""max_depth"": 1, ""n_estimators"": 100, ""n_train"": 4670, ""validation"": ""last purged expanding fold""}",decimal
2023-10-31,2023-11-08,5,30.0,0.0526,0.05185711010506692,-0.0007428898949330826,PCA_XGBOOST,PCA,direct_change,"{""configurations_evaluated"": 3, ""learning_rate"": 0.05, ""max_depth"": 1, ""n_estimators"": 100, ""n_train"": 4670, ""validation"": ""last purged expanding fold""}",decimal
2023-10-31,2023-11-15,10,0.25,0.029371428571428503,0.030095859591921063,0.0007244310204925601,NS_XGBOOST,NS,direct_change,"{""configurations_evaluated"": 3, ""learning_rate"": 0.05, ""max_depth"": 1, ""n_estimators"": 100, ""n_train"": 4665, ""validation"": ""last purged expanding fold""}",decimal
2023-10-31,2023-11-15,10,0.5,0.0299265306122448,0.030513576967756268,0.0005870463555114683,NS_XGBOOST,NS,direct_change,"{""configurations_evaluated"": 3, ""learning_rate"": 0.05, ""max_depth"": 1, ""n_estimators"": 100, ""n_train"": 4665, ""validation"": ""last purged expanding fold""}",decimal
2023-10-31,2023-11-15,10,1.0,0.031107458952192402,0.03132750886099368,0.0002200499088012807,NS_XGBOOST,NS,direct_change,"{""configurations_evaluated"": 3, ""learning_rate"": 0.05, ""max_depth"": 1, ""n_estimators"": 100, ""n_train"": 4665, ""validation"": ""last purged expanding fold""}",decimal
2023-10-31,2023-11-15,10,2.0,0.033436363636363604,0.03287305719763908,-0.0005633064387245215,NS_XGBOOST,NS,direct_change,"{""configurations_evaluated"": 3, ""learning_rate"": 0.05, ""max_depth"": 1, ""n_estimators"": 100, ""n_train"": 4665, ""validation"": ""last purged expanding fold""}",decimal
2023-10-31,2023-11-15,10,5.0,0.037205150753768804,0.036920697335809466,-0.00028445341795933776,NS_XGBOOST,NS,direct_change,"{""configurations_evaluated"": 3, ""learning_rate"": 0.05, ""max_depth"": 1, ""n_estimators"": 100, ""n_train"": 4665, ""validation"": ""last purged expanding fold""}",decimal
2023-10-31,2023-11-15,10,10.0,0.0416263888888888,0.042091386962834904,0.00046499807394610043,NS_XGBOOST,NS,direct_change,"{""configurations_evaluated"": 3, ""learning_rate"": 0.05, ""max_depth"": 1, ""n_estimators"": 100, ""n_train"": 4665, ""validation"": ""last purged expanding fold""}",decimal
2023-10-31,2023-11-15,10,15.0,0.045734386973180004,0.04583082759837872,9.644062519871544e-05,NS_XGBOOST,NS,direct_change,"{""configurations_evaluated"": 3, ""learning_rate"": 0.05, ""max_depth"": 1, ""n_estimators"": 100, ""n_train"": 4665, ""validation"": ""last purged expanding fold""}",decimal
2023-10-31,2023-11-15,10,20.0,0.0489416961130742,0.04857836637211135,-0.00036332974096284915,NS_XGBOOST,NS,direct_change,"{""configurations_evaluated"": 3, ""learning_rate"": 0.05, ""max_depth"": 1, ""n_estimators"": 100, ""n_train"": 4665, ""validation"": ""last purged expanding fold""}",decimal
2023-10-31,2023-11-15,10,30.0,0.0527,0.05219516646940765,-0.000504833530592344,NS_XGBOOST,NS,direct_change,"{""configurations_evaluated"": 3, ""learning_rate"": 0.05, ""max_depth"": 1, ""n_estimators"": 100, ""n_train"": 4665, ""validation"": ""last purged expanding fold""}",decimal
2023-10-31,2023-11-15,10,0.25,0.029371428571428503,0.02967751124348536,0.00030608267205685727,PCA_XGBOOST,PCA,direct_change,"{""configurations_evaluated"": 3, ""learning_rate"": 0.05, ""max_depth"": 1, ""n_estimators"": 100, ""n_train"": 4665, ""validation"": ""last purged expanding fold""}",decimal
2023-10-31,2023-11-15,10,0.5,0.0299265306122448,0.030197298278112187,0.00027076766586738715,PCA_XGBOOST,PCA,direct_change,"{""configurations_evaluated"": 3, ""learning_rate"": 0.05, ""max_depth"": 1, ""n_estimators"": 100, ""n_train"": 4665, ""validation"": ""last purged expanding fold""}",decimal
2023-10-31,2023-11-15,10,1.0,0.031107458952192402,0.03128491187518765,0.00017745292299524776,PCA_XGBOOST,PCA,direct_change,"{""configurations_evaluated"": 3, ""learning_rate"": 0.05, ""max_depth"": 1, ""n_estimators"": 100, ""n_train"": 4665, ""validation"": ""last purged expanding fold""}",decimal
2023-10-31,2023-11-15,10,2.0,0.033436363636363604,0.033101642177808505,-0.00033472145855509977,PCA_XGBOOST,PCA,direct_change,"{""configurations_evaluated"": 3, ""learning_rate"": 0.05, ""max_depth"": 1, ""n_estimators"": 100, ""n_train"": 4665, ""validation"": ""last purged expanding fold""}",decimal
2023-10-31,2023-11-15,10,5.0,0.037205150753768804,0.036970728308089916,-0.00023442244567888765,PCA_XGBOOST,PCA,direct_change,"{""configurations_evaluated"": 3, ""learning_rate"": 0.05, ""max_depth"": 1, ""n_estimators"": 100, ""n_train"": 4665, ""validation"": ""last purged expanding fold""}",decimal
2023-10-31,2023-11-15,10,10.0,0.0416263888888888,0.04172368998243231,9.73010935435073e-05,PCA_XGBOOST,PCA,direct_change,"{""configurations_evaluated"": 3, ""learning_rate"": 0.05, ""max_depth"": 1, ""n_estimators"": 100, ""n_train"": 4665, ""validation"": ""last purged expanding fold""}",decimal
2023-10-31,2023-11-15,10,15.0,0.045734386973180004,0.04578888892516495,5.450195198494767e-05,PCA_XGBOOST,PCA,direct_change,"{""configurations_evaluated"": 3, ""learning_rate"": 0.05, ""max_depth"": 1, ""n_estimators"": 100, ""n_train"": 4665, ""validation"": ""last purged expanding fold""}",decimal
2023-10-31,2023-11-15,10,20.0,0.0489416961130742,0.04960966101994396,0.0006679649068697599,PCA_XGBOOST,PCA,direct_change,"{""configurations_evaluated"": 3, ""learning_rate"": 0.05, ""max_depth"": 1, ""n_estimators"": 100, ""n_train"": 4665, ""validation"": ""last purged expanding fold""}",decimal
2023-10-31,2023-11-15,10,30.0,0.0527,0.0517592502701161,-0.000940749729883894,PCA_XGBOOST,PCA,direct_change,"{""configurations_evaluated"": 3, ""learning_rate"": 0.05, ""max_depth"": 1, ""n_estimators"": 100, ""n_train"": 4665, ""validation"": ""last purged expanding fold""}",decimal
2023-10-31,2023-12-01,22,0.25,0.029346031746031696,0.02983522227149173,0.0004891905254600336,NS_XGBOOST,NS,direct_change,"{""configurations_evaluated"": 3, ""learning_rate"": 0.05, ""max_depth"": 1, ""n_estimators"": 100, ""n_train"": 4653, ""validation"": ""last purged expanding fold""}",decimal
2023-10-31,2023-12-01,22,0.5,0.029698214285714203,0.03024186640839496,0.0005436521226807565,NS_XGBOOST,NS,direct_change,"{""configurations_evaluated"": 3, ""learning_rate"": 0.05, ""max_depth"": 1, ""n_estimators"": 100, ""n_train"": 4653, ""validation"": ""last purged expanding fold""}",decimal
2023-10-31,2023-12-01,22,1.0,0.030901986379002003,0.031034883718534634,0.00013289733953263105,NS_XGBOOST,NS,direct_change,"{""configurations_evaluated"": 3, ""learning_rate"": 0.05, ""max_depth"": 1, ""n_estimators"": 100, ""n_train"": 4653, ""validation"": ""last purged expanding fold""}",decimal
2023-10-31,2023-12-01,22,2.0,0.0329755102040816,0.03254315603540508,-0.00043235416867652005,NS_XGBOOST,NS,direct_change,"{""configurations_evaluated"": 3, ""learning_rate"": 0.05, ""max_depth"": 1, ""n_estimators"": 100, ""n_train"": 4653, ""validation"": ""last purged expanding fold""}",decimal
2023-10-31,2023-12-01,22,5.0,0.0360469387755102,0.036508775971705335,0.0004618371961951362,NS_XGBOOST,NS,direct_change,"{""configurations_evaluated"": 3, ""learning_rate"": 0.05, ""max_depth"": 1, ""n_estimators"": 100, ""n_train"": 4653, ""validation"": ""last purged expanding fold""}",decimal
2023-10-31,2023-12-01,22,10.0,0.040147169811320695,0.04160939525844284,0.0014622254471221424,NS_XGBOOST,NS,direct_change,"{""configurations_evaluated"": 3, ""learning_rate"": 0.05, ""max_depth"": 1, ""n_estimators"": 100, ""n_train"": 4653, ""validation"": ""last purged expanding fold""}",decimal
2023-10-31,2023-12-01,22,15.0,0.0442729984301412,0.04532418290219289,0.001051184472051686,NS_XGBOOST,NS,direct_change,"{""configurations_evaluated"": 3, ""learning_rate"": 0.05, ""max_depth"": 1, ""n_estimators"": 100, ""n_train"": 4653, ""validation"": ""last purged expanding fold""}",decimal
2023-10-31,2023-12-01,22,20.0,0.048230641090358406,0.04806839220614617,-0.00016224888421223493,NS_XGBOOST,NS,direct_change,"{""configurations_evaluated"": 3, ""learning_rate"": 0.05, ""max_depth"": 1, ""n_estimators"": 100, ""n_train"": 4653, ""validation"": ""last purged expanding fold""}",decimal
2023-10-31,2023-12-01,22,30.0,0.0525,0.05170043039678677,-0.0007995696032132293,NS_XGBOOST,NS,direct_change,"{""configurations_evaluated"": 3, ""learning_rate"": 0.05, ""max_depth"": 1, ""n_estimators"": 100, ""n_train"": 4653, ""validation"": ""last purged expanding fold""}",decimal
2023-10-31,2023-12-01,22,0.25,0.029346031746031696,0.02957383953016544,0.00022780778413374406,PCA_XGBOOST,PCA,direct_change,"{""configurations_evaluated"": 3, ""learning_rate"": 0.05, ""max_depth"": 1, ""n_estimators"": 100, ""n_train"": 4653, ""validation"": ""last purged expanding fold""}",decimal
2023-10-31,2023-12-01,22,0.5,0.029698214285714203,0.03011210173746825,0.00041388745175404557,PCA_XGBOOST,PCA,direct_change,"{""configurations_evaluated"": 3, ""learning_rate"": 0.05, ""max_depth"": 1, ""n_estimators"": 100, ""n_train"": 4653, ""validation"": ""last purged expanding fold""}",decimal
2023-10-31,2023-12-01,22,1.0,0.030901986379002003,0.031225926051457343,0.0003239396724553402,PCA_XGBOOST,PCA,direct_change,"{""configurations_evaluated"": 3, ""learning_rate"": 0.05, ""max_depth"": 1, ""n_estimators"": 100, ""n_train"": 4653, ""validation"": ""last purged expanding fold""}",decimal
2023-10-31,2023-12-01,22,2.0,0.0329755102040816,0.033081719991294306,0.00010620978721270768,PCA_XGBOOST,PCA,direct_change,"{""configurations_evaluated"": 3, ""learning_rate"": 0.05, ""max_depth"": 1, ""n_estimators"": 100, ""n_train"": 4653, ""validation"": ""last purged expanding fold""}",decimal
2023-10-31,2023-12-01,22,5.0,0.0360469387755102,0.03698429664245839,0.0009373578669481936,PCA_XGBOOST,PCA,direct_change,"{""configurations_evaluated"": 3, ""learning_rate"": 0.05, ""max_depth"": 1, ""n_estimators"": 100, ""n_train"": 4653, ""validation"": ""last purged expanding fold""}",decimal
2023-10-31,2023-12-01,22,10.0,0.040147169811320695,0.041763066947288645,0.0016158971359679503,PCA_XGBOOST,PCA,direct_change,"{""configurations_evaluated"": 3, ""learning_rate"": 0.05, ""max_depth"": 1, ""n_estimators"": 100, ""n_train"": 4653, ""validation"": ""last purged expanding fold""}",decimal
2023-10-31,2023-12-01,22,15.0,0.0442729984301412,0.04581559636786967,0.001542597937728471,PCA_XGBOOST,PCA,direct_change,"{""configurations_evaluated"": 3, ""learning_rate"": 0.05, ""max_depth"": 1, ""n_estimators"": 100, ""n_train"": 4653, ""validation"": ""last purged expanding fold""}",decimal
2023-10-31,2023-12-01,22,20.0,0.048230641090358406,0.0495159026320338,0.0012852615416753949,PCA_XGBOOST,PCA,direct_change,"{""configurations_evaluated"": 3, ""learning_rate"": 0.05, ""max_depth"": 1, ""n_estimators"": 100, ""n_train"": 4653, ""validation"": ""last purged expanding fold""}",decimal
2023-10-31,2023-12-01,22,30.0,0.0525,0.05154816374853467,-0.0009518362514653253,PCA_XGBOOST,PCA,direct_change,"{""configurations_evaluated"": 3, ""learning_rate"": 0.05, ""max_depth"": 1, ""n_estimators"": 100, ""n_train"": 4653, ""validation"": ""last purged expanding fold""}",decimal
2023-11-30,2023-12-07,5,0.25,0.029365079365079302,0.02976999303839366,0.00040491367331435893,NS_XGBOOST,NS,direct_change,"{""configurations_evaluated"": 3, ""learning_rate"": 0.05, ""max_depth"": 1, ""n_estimators"": 100, ""n_train"": 4691, ""validation"": ""last purged expanding fold""}",decimal
2023-11-30,2023-12-07,5,0.5,0.0297517857142857,0.030082003489339745,0.00033021777505404595,NS_XGBOOST,NS,direct_change,"{""configurations_evaluated"": 3, ""learning_rate"": 0.05, ""max_depth"": 1, ""n_estimators"": 100, ""n_train"": 4691, ""validation"": ""last purged expanding fold""}",decimal
2023-11-30,2023-12-07,5,1.0,0.0309700726103817,0.030700952465166527,-0.0002691201452151744,NS_XGBOOST,NS,direct_change,"{""configurations_evaluated"": 3, ""learning_rate"": 0.05, ""max_depth"": 1, ""n_estimators"": 100, ""n_train"": 4691, ""validation"": ""last purged expanding fold""}",decimal
2023-11-30,2023-12-07,5,2.0,0.0330626373626373,0.03191673326809756,-0.0011459040945397403,NS_XGBOOST,NS,direct_change,"{""configurations_evaluated"": 3, ""learning_rate"": 0.05, ""max_depth"": 1, ""n_estimators"": 100, ""n_train"": 4691, ""validation"": ""last purged expanding fold""}",decimal
2023-11-30,2023-12-07,5,5.0,0.0360095829636202,0.03535979255460563,-0.0006497904090145695,NS_XGBOOST,NS,direct_change,"{""configurations_evaluated"": 3, ""learning_rate"": 0.05, ""max_depth"": 1, ""n_estimators"": 100, ""n_train"": 4691, ""validation"": ""last purged expanding fold""}",decimal
2023-11-30,2023-12-07,5,10.0,0.0401601078167115,0.040334412179504134,0.00017430436279263634,NS_XGBOOST,NS,direct_change,"{""configurations_evaluated"": 3, ""learning_rate"": 0.05, ""max_depth"": 1, ""n_estimators"": 100, ""n_train"": 4691, ""validation"": ""last purged expanding fold""}",decimal
2023-11-30,2023-12-07,5,15.0,0.044251648351648305,0.0443641078872434,0.00011245953559509136,NS_XGBOOST,NS,direct_change,"{""configurations_evaluated"": 3, ""learning_rate"": 0.05, ""max_depth"": 1, ""n_estimators"": 100, ""n_train"": 4691, ""validation"": ""last purged expanding fold""}",decimal
2023-11-30,2023-12-07,5,20.0,0.0481072185764765,0.047570379566720056,-0.0005368390097564429,NS_XGBOOST,NS,direct_change,"{""configurations_evaluated"": 3, ""learning_rate"": 0.05, ""max_depth"": 1, ""n_estimators"": 100, ""n_train"": 4691, ""validation"": ""last purged expanding fold""}",decimal
2023-11-30,2023-12-07,5,30.0,0.0525,0.05211682111453302,-0.00038317888546697543,NS_XGBOOST,NS,direct_change,"{""configurations_evaluated"": 3, ""learning_rate"": 0.05, ""max_depth"": 1, ""n_estimators"": 100, ""n_train"": 4691, ""validation"": ""last purged expanding fold""}",decimal
2023-11-30,2023-12-07,5,0.25,0.029365079365079302,0.02955746632416663,0.00019238695908732617,PCA_XGBOOST,PCA,direct_change,"{""configurations_evaluated"": 3, ""learning_rate"": 0.05, ""max_depth"": 1, ""n_estimators"": 100, ""n_train"": 4691, ""validation"": ""last purged expanding fold""}",decimal
2023-11-30,2023-12-07,5,0.5,0.0297517857142857,0.029926494229835794,0.00017470851555009478,PCA_XGBOOST,PCA,direct_change,"{""configurations_evaluated"": 3, ""learning_rate"": 0.05, ""max_depth"": 1, ""n_estimators"": 100, ""n_train"": 4691, ""validation"": ""last purged expanding fold""}",decimal
2023-11-30,2023-12-07,5,1.0,0.0309700726103817,0.030792649938482266,-0.0001774226718994354,PCA_XGBOOST,PCA,direct_change,"{""configurations_evaluated"": 3, ""learning_rate"": 0.05, ""max_depth"": 1, ""n_estimators"": 100, ""n_train"": 4691, ""validation"": ""last purged expanding fold""}",decimal
2023-11-30,2023-12-07,5,2.0,0.0330626373626373,0.03228933062901421,-0.0007733067336230942,PCA_XGBOOST,PCA,direct_change,"{""configurations_evaluated"": 3, ""learning_rate"": 0.05, ""max_depth"": 1, ""n_estimators"": 100, ""n_train"": 4691, ""validation"": ""last purged expanding fold""}",decimal
2023-11-30,2023-12-07,5,5.0,0.0360095829636202,0.035751274022707905,-0.0002583089409122982,PCA_XGBOOST,PCA,direct_change,"{""configurations_evaluated"": 3, ""learning_rate"": 0.05, ""max_depth"": 1, ""n_estimators"": 100, ""n_train"": 4691, ""validation"": ""last purged expanding fold""}",decimal
2023-11-30,2023-12-07,5,10.0,0.0401601078167115,0.04017535775686232,1.5249940150820207e-05,PCA_XGBOOST,PCA,direct_change,"{""configurations_evaluated"": 3, ""learning_rate"": 0.05, ""max_depth"": 1, ""n_estimators"": 100, ""n_train"": 4691, ""validation"": ""last purged expanding fold""}",decimal
2023-11-30,2023-12-07,5,15.0,0.044251648351648305,0.04422398030115711,-2.7668050491196083e-05,PCA_XGBOOST,PCA,direct_change,"{""configurations_evaluated"": 3, ""learning_rate"": 0.05, ""max_depth"": 1, ""n_estimators"": 100, ""n_train"": 4691, ""validation"": ""last purged expanding fold""}",decimal
2023-11-30,2023-12-07,5,20.0,0.0481072185764765,0.048747577461112676,0.0006403588846361774,PCA_XGBOOST,PCA,direct_change,"{""configurations_evaluated"": 3, ""learning_rate"": 0.05, ""max_depth"": 1, ""n_estimators"": 100, ""n_train"": 4691, ""validation"": ""last purged expanding fold""}",decimal
2023-11-30,2023-12-07,5,30.0,0.0525,0.05195432106246686,-0.0005456789375331353,PCA_XGBOOST,PCA,direct_change,"{""configurations_evaluated"": 3, ""learning_rate"": 0.05, ""max_depth"": 1, ""n_estimators"": 100, ""n_train"": 4691, ""validation"": ""last purged expanding fold""}",decimal
2023-11-30,2023-12-14,10,0.25,0.0294341269841269,0.02957815972934042,0.00014403274521352163,NS_XGBOOST,NS,direct_change,"{""configurations_evaluated"": 3, ""learning_rate"": 0.05, ""max_depth"": 1, ""n_estimators"": 100, ""n_train"": 4686, ""validation"": ""last purged expanding fold""}",decimal
2023-11-30,2023-12-14,10,0.5,0.029785714285714204,0.029881797739536378,9.608345382217456e-05,NS_XGBOOST,NS,direct_change,"{""configurations_evaluated"": 3, ""learning_rate"": 0.05, ""max_depth"": 1, ""n_estimators"": 100, ""n_train"": 4686, ""validation"": ""last purged expanding fold""}",decimal
2023-11-30,2023-12-14,10,1.0,0.0306951391198002,0.03048508414956475,-0.0002100549702354522,NS_XGBOOST,NS,direct_change,"{""configurations_evaluated"": 3, ""learning_rate"": 0.05, ""max_depth"": 1, ""n_estimators"": 100, ""n_train"": 4686, ""validation"": ""last purged expanding fold""}",decimal
2023-11-30,2023-12-14,10,2.0,0.0326224489795918,0.03167352295440811,-0.0009489260251836912,NS_XGBOOST,NS,direct_change,"{""configurations_evaluated"": 3, ""learning_rate"": 0.05, ""max_depth"": 1, ""n_estimators"": 100, ""n_train"": 4686, ""validation"": ""last purged expanding fold""}",decimal
2023-11-30,2023-12-14,10,5.0,0.0354183673469387,0.03506032958382388,-0.0003580377631148199,NS_XGBOOST,NS,direct_change,"{""configurations_evaluated"": 3, ""learning_rate"": 0.05, ""max_depth"": 1, ""n_estimators"": 100, ""n_train"": 4686, ""validation"": ""last purged expanding fold""}",decimal
2023-11-30,2023-12-14,10,10.0,0.0395752021563342,0.03999724261074986,0.00042204045441566335,NS_XGBOOST,NS,direct_change,"{""configurations_evaluated"": 3, ""learning_rate"": 0.05, ""max_depth"": 1, ""n_estimators"": 100, ""n_train"": 4686, ""validation"": ""last purged expanding fold""}",decimal
2023-11-30,2023-12-14,10,15.0,0.0436973312401883,0.04402527599865664,0.00032794475846834037,NS_XGBOOST,NS,direct_change,"{""configurations_evaluated"": 3, ""learning_rate"": 0.05, ""max_depth"": 1, ""n_estimators"": 100, ""n_train"": 4686, ""validation"": ""last purged expanding fold""}",decimal
2023-11-30,2023-12-14,10,20.0,0.0477533568904593,0.047244874859028674,-0.0005084820314306265,NS_XGBOOST,NS,direct_change,"{""configurations_evaluated"": 3, ""learning_rate"": 0.05, ""max_depth"": 1, ""n_estimators"": 100, ""n_train"": 4686, ""validation"": ""last purged expanding fold""}",decimal
2023-11-30,2023-12-14,10,30.0,0.0524,0.05182816820531258,-0.0005718317946874218,NS_XGBOOST,NS,direct_change,"{""configurations_evaluated"": 3, ""learning_rate"": 0.05, ""max_depth"": 1, ""n_estimators"": 100, ""n_train"": 4686, ""validation"": ""last purged expanding fold""}",decimal
2023-11-30,2023-12-14,10,0.25,0.0294341269841269,0.029427761879364165,-6.3651047627344415e-06,PCA_XGBOOST,PCA,direct_change,"{""configurations_evaluated"": 3, ""learning_rate"": 0.05, ""max_depth"": 1, ""n_estimators"": 100, ""n_train"": 4686, ""validation"": ""last purged expanding fold""}",decimal
2023-11-30,2023-12-14,10,0.5,0.029785714285714204,0.029798810436411357,1.3096150697153308e-05,PCA_XGBOOST,PCA,direct_change,"{""configurations_evaluated"": 3, ""learning_rate"": 0.05, ""max_depth"": 1, ""n_estimators"": 100, ""n_train"": 4686, ""validation"": ""last purged expanding fold""}",decimal
2023-11-30,2023-12-14,10,1.0,0.0306951391198002,0.030666848281660428,-2.8290838139773122e-05,PCA_XGBOOST,PCA,direct_change,"{""configurations_evaluated"": 3, ""learning_rate"": 0.05, ""max_depth"": 1, ""n_estimators"": 100, ""n_train"": 4686, ""validation"": ""last purged expanding fold""}",decimal
2023-11-30,2023-12-14,10,2.0,0.0326224489795918,0.0321669615816386,-0.0004554873979532026,PCA_XGBOOST,PCA,direct_change,"{""configurations_evaluated"": 3, ""learning_rate"": 0.05, ""max_depth"": 1, ""n_estimators"": 100, ""n_train"": 4686, ""validation"": ""last purged expanding fold""}",decimal
2023-11-30,2023-12-14,10,5.0,0.0354183673469387,0.03562126441633747,0.00020289706939877195,PCA_XGBOOST,PCA,direct_change,"{""configurations_evaluated"": 3, ""learning_rate"": 0.05, ""max_depth"": 1, ""n_estimators"": 100, ""n_train"": 4686, ""validation"": ""last purged expanding fold""}",decimal
2023-11-30,2023-12-14,10,10.0,0.0395752021563342,0.04003864488551222,0.000463442729178018,PCA_XGBOOST,PCA,direct_change,"{""configurations_evaluated"": 3, ""learning_rate"": 0.05, ""max_depth"": 1, ""n_estimators"": 100, ""n_train"": 4686, ""validation"": ""last purged expanding fold""}",decimal
2023-11-30,2023-12-14,10,15.0,0.0436973312401883,0.04407493661616925,0.00037760537598095084,PCA_XGBOOST,PCA,direct_change,"{""configurations_evaluated"": 3, ""learning_rate"": 0.05, ""max_depth"": 1, ""n_estimators"": 100, ""n_train"": 4686, ""validation"": ""last purged expanding fold""}",decimal
2023-11-30,2023-12-14,10,20.0,0.0477533568904593,0.04855952016917799,0.0008061632787186926,PCA_XGBOOST,PCA,direct_change,"{""configurations_evaluated"": 3, ""learning_rate"": 0.05, ""max_depth"": 1, ""n_estimators"": 100, ""n_train"": 4686, ""validation"": ""last purged expanding fold""}",decimal
2023-11-30,2023-12-14,10,30.0,0.0524,0.05176350544752408,-0.0006364945524759205,PCA_XGBOOST,PCA,direct_change,"{""configurations_evaluated"": 3, ""learning_rate"": 0.05, ""max_depth"": 1, ""n_estimators"": 100, ""n_train"": 4686, ""validation"": ""last purged expanding fold""}",decimal
2023-11-30,2024-01-09,22,0.25,0.027954945054945002,0.029209945714458178,0.0012550006595131759,NS_XGBOOST,NS,direct_change,"{""configurations_evaluated"": 3, ""learning_rate"": 0.05, ""max_depth"": 1, ""n_estimators"": 100, ""n_train"": 4674, ""validation"": ""last purged expanding fold""}",decimal
2023-11-30,2024-01-09,22,0.5,0.029071428571428505,0.029481751265247682,0.0004103226938191769,NS_XGBOOST,NS,direct_change,"{""configurations_evaluated"": 3, ""learning_rate"": 0.05, ""max_depth"": 1, ""n_estimators"": 100, ""n_train"": 4674, ""validation"": ""last purged expanding fold""}",decimal
2023-11-30,2024-01-09,22,1.0,0.030175939849624,0.030025537357762137,-0.00015040249186186114,NS_XGBOOST,NS,direct_change,"{""configurations_evaluated"": 3, ""learning_rate"": 0.05, ""max_depth"": 1, ""n_estimators"": 100, ""n_train"": 4674, ""validation"": ""last purged expanding fold""}",decimal
2023-11-30,2024-01-09,22,2.0,0.031669387755102,0.031110297222118596,-0.0005590905329834056,NS_XGBOOST,NS,direct_change,"{""configurations_evaluated"": 3, ""learning_rate"": 0.05, ""max_depth"": 1, ""n_estimators"": 100, ""n_train"": 4674, ""validation"": ""last purged expanding fold""}",decimal
2023-11-30,2024-01-09,22,5.0,0.0337198757763975,0.03428512185933812,0.000565246082940625,NS_XGBOOST,NS,direct_change,"{""configurations_evaluated"": 3, ""learning_rate"": 0.05, ""max_depth"": 1, ""n_estimators"": 100, ""n_train"": 4674, ""validation"": ""last purged expanding fold""}",decimal
2023-11-30,2024-01-09,22,10.0,0.0368097035040431,0.039083691216069964,0.002273987712026866,NS_XGBOOST,NS,direct_change,"{""configurations_evaluated"": 3, ""learning_rate"": 0.05, ""max_depth"": 1, ""n_estimators"": 100, ""n_train"": 4674, ""validation"": ""last purged expanding fold""}",decimal
2023-11-30,2024-01-09,22,15.0,0.0408138147566718,0.043110983223019574,0.002297168466347775,NS_XGBOOST,NS,direct_change,"{""configurations_evaluated"": 3, ""learning_rate"": 0.05, ""max_depth"": 1, ""n_estimators"": 100, ""n_train"": 4674, ""validation"": ""last purged expanding fold""}",decimal
2023-11-30,2024-01-09,22,20.0,0.0449678445229682,0.04638645922179797,0.0014186146988297635,NS_XGBOOST,NS,direct_change,"{""configurations_evaluated"": 3, ""learning_rate"": 0.05, ""max_depth"": 1, ""n_estimators"": 100, ""n_train"": 4674, ""validation"": ""last purged expanding fold""}",decimal
2023-11-30,2024-01-09,22,30.0,0.054898828756058095,0.05111818853299746,-0.0037806402230606342,NS_XGBOOST,NS,direct_change,"{""configurations_evaluated"": 3, ""learning_rate"": 0.05, ""max_depth"": 1, ""n_estimators"": 100, ""n_train"": 4674, ""validation"": ""last purged expanding fold""}",decimal
2023-11-30,2024-01-09,22,0.25,0.027954945054945002,0.02913499774995504,0.0011800526950100365,PCA_XGBOOST,PCA,direct_change,"{""configurations_evaluated"": 3, ""learning_rate"": 0.05, ""max_depth"": 1, ""n_estimators"": 100, ""n_train"": 4674, ""validation"": ""last purged expanding fold""}",decimal
2023-11-30,2024-01-09,22,0.5,0.029071428571428505,0.029508956605417153,0.00043752803398864823,PCA_XGBOOST,PCA,direct_change,"{""configurations_evaluated"": 3, ""learning_rate"": 0.05, ""max_depth"": 1, ""n_estimators"": 100, ""n_train"": 4674, ""validation"": ""last purged expanding fold""}",decimal
2023-11-30,2024-01-09,22,1.0,0.030175939849624,0.030380790608392525,0.00020485075876852665,PCA_XGBOOST,PCA,direct_change,"{""configurations_evaluated"": 3, ""learning_rate"": 0.05, ""max_depth"": 1, ""n_estimators"": 100, ""n_train"": 4674, ""validation"": ""last purged expanding fold""}",decimal
2023-11-30,2024-01-09,22,2.0,0.031669387755102,0.03188814624656656,0.000218758491464556,PCA_XGBOOST,PCA,direct_change,"{""configurations_evaluated"": 3, ""learning_rate"": 0.05, ""max_depth"": 1, ""n_estimators"": 100, ""n_train"": 4674, ""validation"": ""last purged expanding fold""}",decimal
2023-11-30,2024-01-09,22,5.0,0.0337198757763975,0.035338323433317144,0.0016184476569196457,PCA_XGBOOST,PCA,direct_change,"{""configurations_evaluated"": 3, ""learning_rate"": 0.05, ""max_depth"": 1, ""n_estimators"": 100, ""n_train"": 4674, ""validation"": ""last purged expanding fold""}",decimal
2023-11-30,2024-01-09,22,10.0,0.0368097035040431,0.039754615384502395,0.002944911880459297,PCA_XGBOOST,PCA,direct_change,"{""configurations_evaluated"": 3, ""learning_rate"": 0.05, ""max_depth"": 1, ""n_estimators"": 100, ""n_train"": 4674, ""validation"": ""last purged expanding fold""}",decimal
2023-11-30,2024-01-09,22,15.0,0.0408138147566718,0.04377854147270593,0.0029647267160341287,PCA_XGBOOST,PCA,direct_change,"{""configurations_evaluated"": 3, ""learning_rate"": 0.05, ""max_depth"": 1, ""n_estimators"": 100, ""n_train"": 4674, ""validation"": ""last purged expanding fold""}",decimal
2023-11-30,2024-01-09,22,20.0,0.0449678445229682,0.048212269715030565,0.0032444251920623612,PCA_XGBOOST,PCA,direct_change,"{""configurations_evaluated"": 3, ""learning_rate"": 0.05, ""max_depth"": 1, ""n_estimators"": 100, ""n_train"": 4674, ""validation"": ""last purged expanding fold""}",decimal
2023-11-30,2024-01-09,22,30.0,0.054898828756058095,0.051426916312044636,-0.0034719124440134586,PCA_XGBOOST,PCA,direct_change,"{""configurations_evaluated"": 3, ""learning_rate"": 0.05, ""max_depth"": 1, ""n_estimators"": 100, ""n_train"": 4674, ""validation"": ""last purged expanding fold""}",decimal
2023-12-29,2024-01-15,5,0.25,0.0278846153846153,0.030032704277243846,0.002148088892628547,NS_XGBOOST,NS,direct_change,"{""configurations_evaluated"": 3, ""learning_rate"": 0.05, ""max_depth"": 1, ""n_estimators"": 100, ""n_train"": 4710, ""validation"": ""last purged expanding fold""}",decimal
2023-12-29,2024-01-15,5,0.5,0.0284896174863387,0.030274914019447107,0.0017852965331084068,NS_XGBOOST,NS,direct_change,"{""configurations_evaluated"": 3, ""learning_rate"": 0.05, ""max_depth"": 1, ""n_estimators"": 100, ""n_train"": 4710, ""validation"": ""last purged expanding fold""}",decimal
2023-12-29,2024-01-15,5,1.0,0.0298776859504132,0.030759060049877832,0.0008813740994646317,NS_XGBOOST,NS,direct_change,"{""configurations_evaluated"": 3, ""learning_rate"": 0.05, ""max_depth"": 1, ""n_estimators"": 100, ""n_train"": 4710, ""validation"": ""last purged expanding fold""}",decimal
2023-12-29,2024-01-15,5,2.0,0.0314854875283446,0.03172330779897231,0.00023782027062771438,NS_XGBOOST,NS,direct_change,"{""configurations_evaluated"": 3, ""learning_rate"": 0.05, ""max_depth"": 1, ""n_estimators"": 100, ""n_train"": 4710, ""validation"": ""last purged expanding fold""}",decimal
2023-12-29,2024-01-15,5,5.0,0.0329815584415584,0.03453603932179447,0.0015544808802360685,NS_XGBOOST,NS,direct_change,"{""configurations_evaluated"": 3, ""learning_rate"": 0.05, ""max_depth"": 1, ""n_estimators"": 100, ""n_train"": 4710, ""validation"": ""last purged expanding fold""}",decimal
2023-12-29,2024-01-15,5,10.0,0.035526842584167405,0.03876864637781476,0.0032418037936473576,NS_XGBOOST,NS,direct_change,"{""configurations_evaluated"": 3, ""learning_rate"": 0.05, ""max_depth"": 1, ""n_estimators"": 100, ""n_train"": 4710, ""validation"": ""last purged expanding fold""}",decimal
2023-12-29,2024-01-15,5,15.0,0.039270908039329,0.042309107017705926,0.003038198978376927,NS_XGBOOST,NS,direct_change,"{""configurations_evaluated"": 3, ""learning_rate"": 0.05, ""max_depth"": 1, ""n_estimators"": 100, ""n_train"": 4710, ""validation"": ""last purged expanding fold""}",decimal
2023-12-29,2024-01-15,5,20.0,0.0441968717413972,0.04518283860526708,0.0009859668638698832,NS_XGBOOST,NS,direct_change,"{""configurations_evaluated"": 3, ""learning_rate"": 0.05, ""max_depth"": 1, ""n_estimators"": 100, ""n_train"": 4710, ""validation"": ""last purged expanding fold""}",decimal
2023-12-29,2024-01-15,5,30.0,0.0515983315954118,0.04932726311156112,-0.002271068483850683,NS_XGBOOST,NS,direct_change,"{""configurations_evaluated"": 3, ""learning_rate"": 0.05, ""max_depth"": 1, ""n_estimators"": 100, ""n_train"": 4710, ""validation"": ""last purged expanding fold""}",decimal
2023-12-29,2024-01-15,5,0.25,0.0278846153846153,0.02973711643878234,0.0018525010541670418,PCA_XGBOOST,PCA,direct_change,"{""configurations_evaluated"": 3, ""learning_rate"": 0.05, ""max_depth"": 1, ""n_estimators"": 100, ""n_train"": 4710, ""validation"": ""last purged expanding fold""}",decimal
2023-12-29,2024-01-15,5,0.5,0.0284896174863387,0.030053420210087344,0.001563802723748644,PCA_XGBOOST,PCA,direct_change,"{""configurations_evaluated"": 3, ""learning_rate"": 0.05, ""max_depth"": 1, ""n_estimators"": 100, ""n_train"": 4710, ""validation"": ""last purged expanding fold""}",decimal
2023-12-29,2024-01-15,5,1.0,0.0298776859504132,0.030779414803359606,0.0009017288529464054,PCA_XGBOOST,PCA,direct_change,"{""configurations_evaluated"": 3, ""learning_rate"": 0.05, ""max_depth"": 1, ""n_estimators"": 100, ""n_train"": 4710, ""validation"": ""last purged expanding fold""}",decimal
2023-12-29,2024-01-15,5,2.0,0.0314854875283446,0.03206678414678018,0.0005812966184355825,PCA_XGBOOST,PCA,direct_change,"{""configurations_evaluated"": 3, ""learning_rate"": 0.05, ""max_depth"": 1, ""n_estimators"": 100, ""n_train"": 4710, ""validation"": ""last purged expanding fold""}",decimal
2023-12-29,2024-01-15,5,5.0,0.0329815584415584,0.03483194879395478,0.0018503903523963763,PCA_XGBOOST,PCA,direct_change,"{""configurations_evaluated"": 3, ""learning_rate"": 0.05, ""max_depth"": 1, ""n_estimators"": 100, ""n_train"": 4710, ""validation"": ""last purged expanding fold""}",decimal
2023-12-29,2024-01-15,5,10.0,0.035526842584167405,0.03858132864914948,0.0030544860649820774,PCA_XGBOOST,PCA,direct_change,"{""configurations_evaluated"": 3, ""learning_rate"": 0.05, ""max_depth"": 1, ""n_estimators"": 100, ""n_train"": 4710, ""validation"": ""last purged expanding fold""}",decimal
2023-12-29,2024-01-15,5,15.0,0.039270908039329,0.04213321007120038,0.0028623020318713846,PCA_XGBOOST,PCA,direct_change,"{""configurations_evaluated"": 3, ""learning_rate"": 0.05, ""max_depth"": 1, ""n_estimators"": 100, ""n_train"": 4710, ""validation"": ""last purged expanding fold""}",decimal
2023-12-29,2024-01-15,5,20.0,0.0441968717413972,0.045997138326333745,0.0018002665849365454,PCA_XGBOOST,PCA,direct_change,"{""configurations_evaluated"": 3, ""learning_rate"": 0.05, ""max_depth"": 1, ""n_estimators"": 100, ""n_train"": 4710, ""validation"": ""last purged expanding fold""}",decimal
2023-12-29,2024-01-15,5,30.0,0.0515983315954118,0.049390426154363544,-0.0022079054410482565,PCA_XGBOOST,PCA,direct_change,"{""configurations_evaluated"": 3, ""learning_rate"": 0.05, ""max_depth"": 1, ""n_estimators"": 100, ""n_train"": 4710, ""validation"": ""last purged expanding fold""}",decimal
2023-12-29,2024-01-24,10,0.25,0.0296809523809523,0.030176256431412994,0.0004953040504606931,NS_XGBOOST,NS,direct_change,"{""configurations_evaluated"": 3, ""learning_rate"": 0.05, ""max_depth"": 1, ""n_estimators"": 100, ""n_train"": 4705, ""validation"": ""last purged expanding fold""}",decimal
2023-12-29,2024-01-24,10,0.5,0.0305131147540983,0.030409984877923367,-0.00010312987617493163,NS_XGBOOST,NS,direct_change,"{""configurations_evaluated"": 3, ""learning_rate"": 0.05, ""max_depth"": 1, ""n_estimators"": 100, ""n_train"": 4705, ""validation"": ""last purged expanding fold""}",decimal
2023-12-29,2024-01-24,10,1.0,0.0311685950413223,0.030878294122246616,-0.0002903009190756839,NS_XGBOOST,NS,direct_change,"{""configurations_evaluated"": 3, ""learning_rate"": 0.05, ""max_depth"": 1, ""n_estimators"": 100, ""n_train"": 4705, ""validation"": ""last purged expanding fold""}",decimal
2023-12-29,2024-01-24,10,2.0,0.0324757062146892,0.03181500860335742,-0.0006606976113317786,NS_XGBOOST,NS,direct_change,"{""configurations_evaluated"": 3, ""learning_rate"": 0.05, ""max_depth"": 1, ""n_estimators"": 100, ""n_train"": 4705, ""validation"": ""last purged expanding fold""}",decimal
2023-12-29,2024-01-24,10,5.0,0.0339768817204301,0.03457187961816166,0.0005949978977315626,NS_XGBOOST,NS,direct_change,"{""configurations_evaluated"": 3, ""learning_rate"": 0.05, ""max_depth"": 1, ""n_estimators"": 100, ""n_train"": 4705, ""validation"": ""last purged expanding fold""}",decimal
2023-12-29,2024-01-24,10,10.0,0.0368424021838034,0.03876926766986962,0.0019268654860662218,NS_XGBOOST,NS,direct_change,"{""configurations_evaluated"": 3, ""learning_rate"": 0.05, ""max_depth"": 1, ""n_estimators"": 100, ""n_train"": 4705, ""validation"": ""last purged expanding fold""}",decimal
2023-12-29,2024-01-24,10,15.0,0.0397172353961827,0.042311354515222714,0.002594119119040013,NS_XGBOOST,NS,direct_change,"{""configurations_evaluated"": 3, ""learning_rate"": 0.05, ""max_depth"": 1, ""n_estimators"": 100, ""n_train"": 4705, ""validation"": ""last purged expanding fold""}",decimal
2023-12-29,2024-01-24,10,20.0,0.043719212721584896,0.04520167576722044,0.0014824630456355403,NS_XGBOOST,NS,direct_change,"{""configurations_evaluated"": 3, ""learning_rate"": 0.05, ""max_depth"": 1, ""n_estimators"": 100, ""n_train"": 4705, ""validation"": ""last purged expanding fold""}",decimal
2023-12-29,2024-01-24,10,30.0,0.051215563086548406,0.04938836984239091,-0.0018271932441574976,NS_XGBOOST,NS,direct_change,"{""configurations_evaluated"": 3, ""learning_rate"": 0.05, ""max_depth"": 1, ""n_estimators"": 100, ""n_train"": 4705, ""validation"": ""last purged expanding fold""}",decimal
2023-12-29,2024-01-24,10,0.25,0.0296809523809523,0.029620057971424262,-6.089440952803879e-05,PCA_XGBOOST,PCA,direct_change,"{""configurations_evaluated"": 3, ""learning_rate"": 0.05, ""max_depth"": 1, ""n_estimators"": 100, ""n_train"": 4705, ""validation"": ""last purged expanding fold""}",decimal
2023-12-29,2024-01-24,10,0.5,0.0305131147540983,0.0299362361327469,-0.0005768786213514003,PCA_XGBOOST,PCA,direct_change,"{""configurations_evaluated"": 3, ""learning_rate"": 0.05, ""max_depth"": 1, ""n_estimators"": 100, ""n_train"": 4705, ""validation"": ""last purged expanding fold""}",decimal
2023-12-29,2024-01-24,10,1.0,0.0311685950413223,0.030661199836147304,-0.0005073952051749958,PCA_XGBOOST,PCA,direct_change,"{""configurations_evaluated"": 3, ""learning_rate"": 0.05, ""max_depth"": 1, ""n_estimators"": 100, ""n_train"": 4705, ""validation"": ""last purged expanding fold""}",decimal
2023-12-29,2024-01-24,10,2.0,0.0324757062146892,0.031947653709785105,-0.0005280525049040918,PCA_XGBOOST,PCA,direct_change,"{""configurations_evaluated"": 3, ""learning_rate"": 0.05, ""max_depth"": 1, ""n_estimators"": 100, ""n_train"": 4705, ""validation"": ""last purged expanding fold""}",decimal
2023-12-29,2024-01-24,10,5.0,0.0339768817204301,0.03470261488868853,0.0007257331682584342,PCA_XGBOOST,PCA,direct_change,"{""configurations_evaluated"": 3, ""learning_rate"": 0.05, ""max_depth"": 1, ""n_estimators"": 100, ""n_train"": 4705, ""validation"": ""last purged expanding fold""}",decimal
2023-12-29,2024-01-24,10,10.0,0.0368424021838034,0.03844360287885971,0.0016012006950563082,PCA_XGBOOST,PCA,direct_change,"{""configurations_evaluated"": 3, ""learning_rate"": 0.05, ""max_depth"": 1, ""n_estimators"": 100, ""n_train"": 4705, ""validation"": ""last purged expanding fold""}",decimal
2023-12-29,2024-01-24,10,15.0,0.0397172353961827,0.041985784477623606,0.0022685490814409043,PCA_XGBOOST,PCA,direct_change,"{""configurations_evaluated"": 3, ""learning_rate"": 0.05, ""max_depth"": 1, ""n_estimators"": 100, ""n_train"": 4705, ""validation"": ""last purged expanding fold""}",decimal
2023-12-29,2024-01-24,10,20.0,0.043719212721584896,0.0458268296026231,0.0021076168810382004,PCA_XGBOOST,PCA,direct_change,"{""configurations_evaluated"": 3, ""learning_rate"": 0.05, ""max_depth"": 1, ""n_estimators"": 100, ""n_train"": 4705, ""validation"": ""last purged expanding fold""}",decimal
2023-12-29,2024-01-24,10,30.0,0.051215563086548406,0.04923107967886813,-0.0019844834076802736,PCA_XGBOOST,PCA,direct_change,"{""configurations_evaluated"": 3, ""learning_rate"": 0.05, ""max_depth"": 1, ""n_estimators"": 100, ""n_train"": 4705, ""validation"": ""last purged expanding fold""}",decimal
2023-12-29,2024-02-09,22,0.25,0.030314285714285696,0.029547795582461487,-0.0007664901318242094,NS_XGBOOST,NS,direct_change,"{""configurations_evaluated"": 3, ""learning_rate"": 0.05, ""max_depth"": 1, ""n_estimators"": 100, ""n_train"": 4693, ""validation"": ""last purged expanding fold""}",decimal
2023-12-29,2024-02-09,22,0.5,0.0309983606557377,0.029756951583695245,-0.0012414090720424542,NS_XGBOOST,NS,direct_change,"{""configurations_evaluated"": 3, ""learning_rate"": 0.05, ""max_depth"": 1, ""n_estimators"": 100, ""n_train"": 4693, ""validation"": ""last purged expanding fold""}",decimal
2023-12-29,2024-02-09,22,1.0,0.0318570247933884,0.0301793709940789,-0.0016776537993095017,NS_XGBOOST,NS,direct_change,"{""configurations_evaluated"": 3, ""learning_rate"": 0.05, ""max_depth"": 1, ""n_estimators"": 100, ""n_train"": 4693, ""validation"": ""last purged expanding fold""}",decimal
2023-12-29,2024-02-09,22,2.0,0.033250566893424004,0.031036277364247484,-0.00221428952917652,NS_XGBOOST,NS,direct_change,"{""configurations_evaluated"": 3, ""learning_rate"": 0.05, ""max_depth"": 1, ""n_estimators"": 100, ""n_train"": 4693, ""validation"": ""last purged expanding fold""}",decimal
2023-12-29,2024-02-09,22,5.0,0.0350587878787878,0.03363105116354412,-0.0014277367152436826,NS_XGBOOST,NS,direct_change,"{""configurations_evaluated"": 3, ""learning_rate"": 0.05, ""max_depth"": 1, ""n_estimators"": 100, ""n_train"": 4693, ""validation"": ""last purged expanding fold""}",decimal
2023-12-29,2024-02-09,22,10.0,0.0375063694267515,0.03772572429063182,0.00021935486388031944,NS_XGBOOST,NS,direct_change,"{""configurations_evaluated"": 3, ""learning_rate"": 0.05, ""max_depth"": 1, ""n_estimators"": 100, ""n_train"": 4693, ""validation"": ""last purged expanding fold""}",decimal
2023-12-29,2024-02-09,22,15.0,0.0397550607287449,0.04127177054040389,0.001516709811658988,NS_XGBOOST,NS,direct_change,"{""configurations_evaluated"": 3, ""learning_rate"": 0.05, ""max_depth"": 1, ""n_estimators"": 100, ""n_train"": 4693, ""validation"": ""last purged expanding fold""}",decimal
2023-12-29,2024-02-09,22,20.0,0.0425521637122001,0.044209454297256826,0.001657290585056724,NS_XGBOOST,NS,direct_change,"{""configurations_evaluated"": 3, ""learning_rate"": 0.05, ""max_depth"": 1, ""n_estimators"": 100, ""n_train"": 4693, ""validation"": ""last purged expanding fold""}",decimal
2023-12-29,2024-02-09,22,30.0,0.0500485140771636,0.04851749179180372,-0.0015310222853598746,NS_XGBOOST,NS,direct_change,"{""configurations_evaluated"": 3, ""learning_rate"": 0.05, ""max_depth"": 1, ""n_estimators"": 100, ""n_train"": 4693, ""validation"": ""last purged expanding fold""}",decimal
2023-12-29,2024-02-09,22,0.25,0.030314285714285696,0.02934081561781978,-0.0009734700964659157,PCA_XGBOOST,PCA,direct_change,"{""configurations_evaluated"": 3, ""learning_rate"": 0.05, ""max_depth"": 1, ""n_estimators"": 100, ""n_train"": 4693, ""validation"": ""last purged expanding fold""}",decimal
2023-12-29,2024-02-09,22,0.5,0.0309983606557377,0.02966123193135399,-0.0013371287243837092,PCA_XGBOOST,PCA,direct_change,"{""configurations_evaluated"": 3, ""learning_rate"": 0.05, ""max_depth"": 1, ""n_estimators"": 100, ""n_train"": 4693, ""validation"": ""last purged expanding fold""}",decimal
2023-12-29,2024-02-09,22,1.0,0.0318570247933884,0.03039017348954291,-0.001466851303845492,PCA_XGBOOST,PCA,direct_change,"{""configurations_evaluated"": 3, ""learning_rate"": 0.05, ""max_depth"": 1, ""n_estimators"": 100, ""n_train"": 4693, ""validation"": ""last purged expanding fold""}",decimal
2023-12-29,2024-02-09,22,2.0,0.033250566893424004,0.031683843091120864,-0.0015667238023031396,PCA_XGBOOST,PCA,direct_change,"{""configurations_evaluated"": 3, ""learning_rate"": 0.05, ""max_depth"": 1, ""n_estimators"": 100, ""n_train"": 4693, ""validation"": ""last purged expanding fold""}",decimal
2023-12-29,2024-02-09,22,5.0,0.0350587878787878,0.0344238365715935,-0.0006349513071942994,PCA_XGBOOST,PCA,direct_change,"{""configurations_evaluated"": 3, ""learning_rate"": 0.05, ""max_depth"": 1, ""n_estimators"": 100, ""n_train"": 4693, ""validation"": ""last purged expanding fold""}",decimal
2023-12-29,2024-02-09,22,10.0,0.0375063694267515,0.03815188420162368,0.0006455147748721801,PCA_XGBOOST,PCA,direct_change,"{""configurations_evaluated"": 3, ""learning_rate"": 0.05, ""max_depth"": 1, ""n_estimators"": 100, ""n_train"": 4693, ""validation"": ""last purged expanding fold""}",decimal
2023-12-29,2024-02-09,22,15.0,0.0397550607287449,0.04166893970382764,0.0019138789750827376,PCA_XGBOOST,PCA,direct_change,"{""configurations_evaluated"": 3, ""learning_rate"": 0.05, ""max_depth"": 1, ""n_estimators"": 100, ""n_train"": 4693, ""validation"": ""last purged expanding fold""}",decimal
2023-12-29,2024-02-09,22,20.0,0.0425521637122001,0.045429130309853634,0.0028769665976535325,PCA_XGBOOST,PCA,direct_change,"{""configurations_evaluated"": 3, ""learning_rate"": 0.05, ""max_depth"": 1, ""n_estimators"": 100, ""n_train"": 4693, ""validation"": ""last purged expanding fold""}",decimal
2023-12-29,2024-02-09,22,30.0,0.0500485140771636,0.04882758199343967,-0.0012209320837239246,PCA_XGBOOST,PCA,direct_change,"{""configurations_evaluated"": 3, ""learning_rate"": 0.05, ""max_depth"": 1, ""n_estimators"": 100, ""n_train"": 4693, ""validation"": ""last purged expanding fold""}",decimal
2024-01-31,2024-02-07,5,0.25,0.030257142857142802,0.031437795479773635,0.001180652622630833,NS_XGBOOST,NS,direct_change,"{""configurations_evaluated"": 3, ""learning_rate"": 0.05, ""max_depth"": 1, ""n_estimators"": 100, ""n_train"": 4725, ""validation"": ""last purged expanding fold""}",decimal
2024-01-31,2024-02-07,5,0.5,0.0309453551912568,0.03152501286403028,0.0005796576727734835,NS_XGBOOST,NS,direct_change,"{""configurations_evaluated"": 3, ""learning_rate"": 0.05, ""max_depth"": 1, ""n_estimators"": 100, ""n_train"": 4725, ""validation"": ""last purged expanding fold""}",decimal
2024-01-31,2024-02-07,5,1.0,0.0317264462809917,0.031717938690895904,-8.507590095796491e-06,NS_XGBOOST,NS,direct_change,"{""configurations_evaluated"": 3, ""learning_rate"": 0.05, ""max_depth"": 1, ""n_estimators"": 100, ""n_train"": 4725, ""validation"": ""last purged expanding fold""}",decimal
2024-01-31,2024-02-07,5,2.0,0.032991525423728796,0.03216892756806042,-0.0008225978556683777,NS_XGBOOST,NS,direct_change,"{""configurations_evaluated"": 3, ""learning_rate"": 0.05, ""max_depth"": 1, ""n_estimators"": 100, ""n_train"": 4725, ""validation"": ""last purged expanding fold""}",decimal
2024-01-31,2024-02-07,5,5.0,0.0347112903225806,0.033891735621043244,-0.0008195547015373561,NS_XGBOOST,NS,direct_change,"{""configurations_evaluated"": 3, ""learning_rate"": 0.05, ""max_depth"": 1, ""n_estimators"": 100, ""n_train"": 4725, ""validation"": ""last purged expanding fold""}",decimal
2024-01-31,2024-02-07,5,10.0,0.037503457688808,0.037297597552632025,-0.00020586013617597543,NS_XGBOOST,NS,direct_change,"{""configurations_evaluated"": 3, ""learning_rate"": 0.05, ""max_depth"": 1, ""n_estimators"": 100, ""n_train"": 4725, ""validation"": ""last purged expanding fold""}",decimal
2024-01-31,2024-02-07,5,15.0,0.0396548872180451,0.04066420906521725,0.0010093218471721455,NS_XGBOOST,NS,direct_change,"{""configurations_evaluated"": 3, ""learning_rate"": 0.05, ""max_depth"": 1, ""n_estimators"": 100, ""n_train"": 4725, ""validation"": ""last purged expanding fold""}",decimal
2024-01-31,2024-02-07,5,20.0,0.0426480448383733,0.04365112960090996,0.0010030847625366601,NS_XGBOOST,NS,direct_change,"{""configurations_evaluated"": 3, ""learning_rate"": 0.05, ""max_depth"": 1, ""n_estimators"": 100, ""n_train"": 4725, ""validation"": ""last purged expanding fold""}",decimal
2024-01-31,2024-02-07,5,30.0,0.05014439520333679,0.04826429673294265,-0.001880098470394144,NS_XGBOOST,NS,direct_change,"{""configurations_evaluated"": 3, ""learning_rate"": 0.05, ""max_depth"": 1, ""n_estimators"": 100, ""n_train"": 4725, ""validation"": ""last purged expanding fold""}",decimal
2024-01-31,2024-02-07,5,0.25,0.030257142857142802,0.03108995233386115,0.0008328094767183492,PCA_XGBOOST,PCA,direct_change,"{""configurations_evaluated"": 3, ""learning_rate"": 0.05, ""max_depth"": 1, ""n_estimators"": 100, ""n_train"": 4725, ""validation"": ""last purged expanding fold""}",decimal
2024-01-31,2024-02-07,5,0.5,0.0309453551912568,0.031222288499688857,0.0002769333084320577,PCA_XGBOOST,PCA,direct_change,"{""configurations_evaluated"": 3, ""learning_rate"": 0.05, ""max_depth"": 1, ""n_estimators"": 100, ""n_train"": 4725, ""validation"": ""last purged expanding fold""}",decimal
2024-01-31,2024-02-07,5,1.0,0.0317264462809917,0.03161079694929564,-0.0001156493316960619,PCA_XGBOOST,PCA,direct_change,"{""configurations_evaluated"": 3, ""learning_rate"": 0.05, ""max_depth"": 1, ""n_estimators"": 100, ""n_train"": 4725, ""validation"": ""last purged expanding fold""}",decimal
2024-01-31,2024-02-07,5,2.0,0.032991525423728796,0.03238658919667363,-0.0006049362270551667,PCA_XGBOOST,PCA,direct_change,"{""configurations_evaluated"": 3, ""learning_rate"": 0.05, ""max_depth"": 1, ""n_estimators"": 100, ""n_train"": 4725, ""validation"": ""last purged expanding fold""}",decimal
2024-01-31,2024-02-07,5,5.0,0.0347112903225806,0.03419753645056954,-0.0005137538720110593,PCA_XGBOOST,PCA,direct_change,"{""configurations_evaluated"": 3, ""learning_rate"": 0.05, ""max_depth"": 1, ""n_estimators"": 100, ""n_train"": 4725, ""validation"": ""last purged expanding fold""}",decimal
2024-01-31,2024-02-07,5,10.0,0.037503457688808,0.03706191282336355,-0.0004415448654444473,PCA_XGBOOST,PCA,direct_change,"{""configurations_evaluated"": 3, ""learning_rate"": 0.05, ""max_depth"": 1, ""n_estimators"": 100, ""n_train"": 4725, ""validation"": ""last purged expanding fold""}",decimal
2024-01-31,2024-02-07,5,15.0,0.0396548872180451,0.040223015168013916,0.0005681279499688136,PCA_XGBOOST,PCA,direct_change,"{""configurations_evaluated"": 3, ""learning_rate"": 0.05, ""max_depth"": 1, ""n_estimators"": 100, ""n_train"": 4725, ""validation"": ""last purged expanding fold""}",decimal
2024-01-31,2024-02-07,5,20.0,0.0426480448383733,0.044420792286076816,0.0017727474477035182,PCA_XGBOOST,PCA,direct_change,"{""configurations_evaluated"": 3, ""learning_rate"": 0.05, ""max_depth"": 1, ""n_estimators"": 100, ""n_train"": 4725, ""validation"": ""last purged expanding fold""}",decimal
2024-01-31,2024-02-07,5,30.0,0.05014439520333679,0.04899689455861377,-0.0011475006447230207,PCA_XGBOOST,PCA,direct_change,"{""configurations_evaluated"": 3, ""learning_rate"": 0.05, ""max_depth"": 1, ""n_estimators"": 100, ""n_train"": 4725, ""validation"": ""last purged expanding fold""}",decimal
2024-01-31,2024-02-14,10,0.25,0.0304571428571428,0.031538494745900425,0.0010813518887576243,NS_XGBOOST,NS,direct_change,"{""configurations_evaluated"": 3, ""learning_rate"": 0.05, ""max_depth"": 1, ""n_estimators"": 100, ""n_train"": 4720, ""validation"": ""last purged expanding fold""}",decimal
2024-01-31,2024-02-14,10,0.5,0.0308819672131147,0.03162584567537195,0.0007438784622572532,NS_XGBOOST,NS,direct_change,"{""configurations_evaluated"": 3, ""learning_rate"": 0.05, ""max_depth"": 1, ""n_estimators"": 100, ""n_train"": 4720, ""validation"": ""last purged expanding fold""}",decimal
2024-01-31,2024-02-14,10,1.0,0.0316027548209366,0.03181866956917274,0.00021591474823613732,NS_XGBOOST,NS,direct_change,"{""configurations_evaluated"": 3, ""learning_rate"": 0.05, ""max_depth"": 1, ""n_estimators"": 100, ""n_train"": 4720, ""validation"": ""last purged expanding fold""}",decimal
2024-01-31,2024-02-14,10,2.0,0.0330496598639455,0.032268130932013576,-0.0007815289319319241,NS_XGBOOST,NS,direct_change,"{""configurations_evaluated"": 3, ""learning_rate"": 0.05, ""max_depth"": 1, ""n_estimators"": 100, ""n_train"": 4720, ""validation"": ""last purged expanding fold""}",decimal
2024-01-31,2024-02-14,10,5.0,0.0348169696969697,0.033978401841676865,-0.000838567855292835,NS_XGBOOST,NS,direct_change,"{""configurations_evaluated"": 3, ""learning_rate"": 0.05, ""max_depth"": 1, ""n_estimators"": 100, ""n_train"": 4720, ""validation"": ""last purged expanding fold""}",decimal
2024-01-31,2024-02-14,10,10.0,0.0376787079162875,0.03734925800715353,-0.000329449909133972,NS_XGBOOST,NS,direct_change,"{""configurations_evaluated"": 3, ""learning_rate"": 0.05, ""max_depth"": 1, ""n_estimators"": 100, ""n_train"": 4720, ""validation"": ""last purged expanding fold""}",decimal
2024-01-31,2024-02-14,10,15.0,0.040468432432432394,0.040676315393500105,0.00020788296106771104,NS_XGBOOST,NS,direct_change,"{""configurations_evaluated"": 3, ""learning_rate"": 0.05, ""max_depth"": 1, ""n_estimators"": 100, ""n_train"": 4720, ""validation"": ""last purged expanding fold""}",decimal
2024-01-31,2024-02-14,10,20.0,0.0423670490093847,0.04362608444704425,0.001259035437659553,NS_XGBOOST,NS,direct_change,"{""configurations_evaluated"": 3, ""learning_rate"": 0.05, ""max_depth"": 1, ""n_estimators"": 100, ""n_train"": 4720, ""validation"": ""last purged expanding fold""}",decimal
2024-01-31,2024-02-14,10,30.0,0.0499582898852971,0.048179610497158666,-0.0017786793881384363,NS_XGBOOST,NS,direct_change,"{""configurations_evaluated"": 3, ""learning_rate"": 0.05, ""max_depth"": 1, ""n_estimators"": 100, ""n_train"": 4720, ""validation"": ""last purged expanding fold""}",decimal
2024-01-31,2024-02-14,10,0.25,0.0304571428571428,0.031103459584193107,0.0006463167270503063,PCA_XGBOOST,PCA,direct_change,"{""configurations_evaluated"": 3, ""learning_rate"": 0.05, ""max_depth"": 1, ""n_estimators"": 100, ""n_train"": 4720, ""validation"": ""last purged expanding fold""}",decimal
2024-01-31,2024-02-14,10,0.5,0.0308819672131147,0.031239457956201235,0.00035749074308653525,PCA_XGBOOST,PCA,direct_change,"{""configurations_evaluated"": 3, ""learning_rate"": 0.05, ""max_depth"": 1, ""n_estimators"": 100, ""n_train"": 4720, ""validation"": ""last purged expanding fold""}",decimal
2024-01-31,2024-02-14,10,1.0,0.0316027548209366,0.03163217842078927,2.942359985266818e-05,PCA_XGBOOST,PCA,direct_change,"{""configurations_evaluated"": 3, ""learning_rate"": 0.05, ""max_depth"": 1, ""n_estimators"": 100, ""n_train"": 4720, ""validation"": ""last purged expanding fold""}",decimal
2024-01-31,2024-02-14,10,2.0,0.0330496598639455,0.032413985572971045,-0.0006356742909744556,PCA_XGBOOST,PCA,direct_change,"{""configurations_evaluated"": 3, ""learning_rate"": 0.05, ""max_depth"": 1, ""n_estimators"": 100, ""n_train"": 4720, ""validation"": ""last purged expanding fold""}",decimal
2024-01-31,2024-02-14,10,5.0,0.0348169696969697,0.034223963570838754,-0.000593006126130946,PCA_XGBOOST,PCA,direct_change,"{""configurations_evaluated"": 3, ""learning_rate"": 0.05, ""max_depth"": 1, ""n_estimators"": 100, ""n_train"": 4720, ""validation"": ""last purged expanding fold""}",decimal
2024-01-31,2024-02-14,10,10.0,0.0376787079162875,0.037085255336022215,-0.0005934525802652885,PCA_XGBOOST,PCA,direct_change,"{""configurations_evaluated"": 3, ""learning_rate"": 0.05, ""max_depth"": 1, ""n_estimators"": 100, ""n_train"": 4720, ""validation"": ""last purged expanding fold""}",decimal
2024-01-31,2024-02-14,10,15.0,0.040468432432432394,0.04023701677931179,-0.00023141565312060491,PCA_XGBOOST,PCA,direct_change,"{""configurations_evaluated"": 3, ""learning_rate"": 0.05, ""max_depth"": 1, ""n_estimators"": 100, ""n_train"": 4720, ""validation"": ""last purged expanding fold""}",decimal
2024-01-31,2024-02-14,10,20.0,0.0423670490093847,0.04439911402170913,0.0020320650123244327,PCA_XGBOOST,PCA,direct_change,"{""configurations_evaluated"": 3, ""learning_rate"": 0.05, ""max_depth"": 1, ""n_estimators"": 100, ""n_train"": 4720, ""validation"": ""last purged expanding fold""}",decimal
2024-01-31,2024-02-14,10,30.0,0.0499582898852971,0.048943521738294214,-0.0010147681470028883,PCA_XGBOOST,PCA,direct_change,"{""configurations_evaluated"": 3, ""learning_rate"": 0.05, ""max_depth"": 1, ""n_estimators"": 100, ""n_train"": 4720, ""validation"": ""last purged expanding fold""}",decimal
2024-01-31,2024-03-01,22,0.25,0.029731578947368397,0.031073243731916392,0.0013416647845479954,NS_XGBOOST,NS,direct_change,"{""configurations_evaluated"": 3, ""learning_rate"": 0.05, ""max_depth"": 1, ""n_estimators"": 100, ""n_train"": 4708, ""validation"": ""last purged expanding fold""}",decimal
2024-01-31,2024-03-01,22,0.5,0.0304448818897637,0.031158522105456,0.0007136402156922989,NS_XGBOOST,NS,direct_change,"{""configurations_evaluated"": 3, ""learning_rate"": 0.05, ""max_depth"": 1, ""n_estimators"": 100, ""n_train"": 4708, ""validation"": ""last purged expanding fold""}",decimal
2024-01-31,2024-03-01,22,1.0,0.0314555555555555,0.03134754224767233,-0.00010801330788316743,NS_XGBOOST,NS,direct_change,"{""configurations_evaluated"": 3, ""learning_rate"": 0.05, ""max_depth"": 1, ""n_estimators"": 100, ""n_train"": 4708, ""validation"": ""last purged expanding fold""}",decimal
2024-01-31,2024-03-01,22,2.0,0.0324009066183136,0.031790645191757026,-0.0006102614265565756,NS_XGBOOST,NS,direct_change,"{""configurations_evaluated"": 3, ""learning_rate"": 0.05, ""max_depth"": 1, ""n_estimators"": 100, ""n_train"": 4708, ""validation"": ""last purged expanding fold""}",decimal
2024-01-31,2024-03-01,22,5.0,0.0341214718614718,0.03348979579512413,-0.0006316760663476681,NS_XGBOOST,NS,direct_change,"{""configurations_evaluated"": 3, ""learning_rate"": 0.05, ""max_depth"": 1, ""n_estimators"": 100, ""n_train"": 4708, ""validation"": ""last purged expanding fold""}",decimal
2024-01-31,2024-03-01,22,10.0,0.0373308600337268,0.03685875174955679,-0.00047210828417001277,NS_XGBOOST,NS,direct_change,"{""configurations_evaluated"": 3, ""learning_rate"": 0.05, ""max_depth"": 1, ""n_estimators"": 100, ""n_train"": 4708, ""validation"": ""last purged expanding fold""}",decimal
2024-01-31,2024-03-01,22,15.0,0.0402809523809523,0.04019366105673228,-8.729132422002212e-05,NS_XGBOOST,NS,direct_change,"{""configurations_evaluated"": 3, ""learning_rate"": 0.05, ""max_depth"": 1, ""n_estimators"": 100, ""n_train"": 4708, ""validation"": ""last purged expanding fold""}",decimal
2024-01-31,2024-03-01,22,20.0,0.0422279245283018,0.04315444108085866,0.0009265165525568636,NS_XGBOOST,NS,direct_change,"{""configurations_evaluated"": 3, ""learning_rate"": 0.05, ""max_depth"": 1, ""n_estimators"": 100, ""n_train"": 4708, ""validation"": ""last purged expanding fold""}",decimal
2024-01-31,2024-03-01,22,30.0,0.049,0.04772941841462163,-0.0012705815853783706,NS_XGBOOST,NS,direct_change,"{""configurations_evaluated"": 3, ""learning_rate"": 0.05, ""max_depth"": 1, ""n_estimators"": 100, ""n_train"": 4708, ""validation"": ""last purged expanding fold""}",decimal
2024-01-31,2024-03-01,22,0.25,0.029731578947368397,0.03098535503935689,0.0012537760919884913,PCA_XGBOOST,PCA,direct_change,"{""configurations_evaluated"": 3, ""learning_rate"": 0.05, ""max_depth"": 1, ""n_estimators"": 100, ""n_train"": 4708, ""validation"": ""last purged expanding fold""}",decimal
2024-01-31,2024-03-01,22,0.5,0.0304448818897637,0.031133723019635462,0.0006888411298717617,PCA_XGBOOST,PCA,direct_change,"{""configurations_evaluated"": 3, ""learning_rate"": 0.05, ""max_depth"": 1, ""n_estimators"": 100, ""n_train"": 4708, ""validation"": ""last purged expanding fold""}",decimal
2024-01-31,2024-03-01,22,1.0,0.0314555555555555,0.03154352062862214,8.796507306663842e-05,PCA_XGBOOST,PCA,direct_change,"{""configurations_evaluated"": 3, ""learning_rate"": 0.05, ""max_depth"": 1, ""n_estimators"": 100, ""n_train"": 4708, ""validation"": ""last purged expanding fold""}",decimal
2024-01-31,2024-03-01,22,2.0,0.0324009066183136,0.0323510211832417,-4.988543507190163e-05,PCA_XGBOOST,PCA,direct_change,"{""configurations_evaluated"": 3, ""learning_rate"": 0.05, ""max_depth"": 1, ""n_estimators"": 100, ""n_train"": 4708, ""validation"": ""last purged expanding fold""}",decimal
2024-01-31,2024-03-01,22,5.0,0.0341214718614718,0.03417838367167162,5.6911810199823665e-05,PCA_XGBOOST,PCA,direct_change,"{""configurations_evaluated"": 3, ""learning_rate"": 0.05, ""max_depth"": 1, ""n_estimators"": 100, ""n_train"": 4708, ""validation"": ""last purged expanding fold""}",decimal
2024-01-31,2024-03-01,22,10.0,0.0373308600337268,0.037052568936242244,-0.0002782910974845551,PCA_XGBOOST,PCA,direct_change,"{""configurations_evaluated"": 3, ""learning_rate"": 0.05, ""max_depth"": 1, ""n_estimators"": 100, ""n_train"": 4708, ""validation"": ""last purged expanding fold""}",decimal
2024-01-31,2024-03-01,22,15.0,0.0402809523809523,0.04018984318290927,-9.11091980430323e-05,PCA_XGBOOST,PCA,direct_change,"{""configurations_evaluated"": 3, ""learning_rate"": 0.05, ""max_depth"": 1, ""n_estimators"": 100, ""n_train"": 4708, ""validation"": ""last purged expanding fold""}",decimal
2024-01-31,2024-03-01,22,20.0,0.0422279245283018,0.04425542729087468,0.0020275027625728803,PCA_XGBOOST,PCA,direct_change,"{""configurations_evaluated"": 3, ""learning_rate"": 0.05, ""max_depth"": 1, ""n_estimators"": 100, ""n_train"": 4708, ""validation"": ""last purged expanding fold""}",decimal
2024-01-31,2024-03-01,22,30.0,0.049,0.04871688844061047,-0.0002831115593895303,PCA_XGBOOST,PCA,direct_change,"{""configurations_evaluated"": 3, ""learning_rate"": 0.05, ""max_depth"": 1, ""n_estimators"": 100, ""n_train"": 4708, ""validation"": ""last purged expanding fold""}",decimal
2024-02-29,2024-03-07,5,0.25,0.0298571428571428,0.03073936619925463,0.0008822233421118299,NS_XGBOOST,NS,direct_change,"{""configurations_evaluated"": 3, ""learning_rate"": 0.05, ""max_depth"": 1, ""n_estimators"": 100, ""n_train"": 4746, ""validation"": ""last purged expanding fold""}",decimal
2024-02-29,2024-03-07,5,0.5,0.030322834645669202,0.030836634614394263,0.0005137999687250608,NS_XGBOOST,NS,direct_change,"{""configurations_evaluated"": 3, ""learning_rate"": 0.05, ""max_depth"": 1, ""n_estimators"": 100, ""n_train"": 4746, ""validation"": ""last purged expanding fold""}",decimal
2024-02-29,2024-03-07,5,1.0,0.031035537190082604,0.031048227420447983,1.269023036537878e-05,NS_XGBOOST,NS,direct_change,"{""configurations_evaluated"": 3, ""learning_rate"": 0.05, ""max_depth"": 1, ""n_estimators"": 100, ""n_train"": 4746, ""validation"": ""last purged expanding fold""}",decimal
2024-02-29,2024-03-07,5,2.0,0.0324621315192743,0.03153128216094752,-0.0009308493583267824,NS_XGBOOST,NS,direct_change,"{""configurations_evaluated"": 3, ""learning_rate"": 0.05, ""max_depth"": 1, ""n_estimators"": 100, ""n_train"": 4746, ""validation"": ""last purged expanding fold""}",decimal
2024-02-29,2024-03-07,5,5.0,0.0341593073593073,0.033316435506507744,-0.0008428718527995552,NS_XGBOOST,NS,direct_change,"{""configurations_evaluated"": 3, ""learning_rate"": 0.05, ""max_depth"": 1, ""n_estimators"": 100, ""n_train"": 4746, ""validation"": ""last purged expanding fold""}",decimal
2024-02-29,2024-03-07,5,10.0,0.0372263876251137,0.036753820041506034,-0.0004725675836076623,NS_XGBOOST,NS,direct_change,"{""configurations_evaluated"": 3, ""learning_rate"": 0.05, ""max_depth"": 1, ""n_estimators"": 100, ""n_train"": 4746, ""validation"": ""last purged expanding fold""}",decimal
2024-02-29,2024-03-07,5,15.0,0.039786119144013796,0.04010714968529908,0.00032103054128528735,NS_XGBOOST,NS,direct_change,"{""configurations_evaluated"": 3, ""learning_rate"": 0.05, ""max_depth"": 1, ""n_estimators"": 100, ""n_train"": 4746, ""validation"": ""last purged expanding fold""}",decimal
2024-02-29,2024-03-07,5,20.0,0.042171637122002004,0.04306381327309209,0.0008921761510900864,NS_XGBOOST,NS,direct_change,"{""configurations_evaluated"": 3, ""learning_rate"": 0.05, ""max_depth"": 1, ""n_estimators"": 100, ""n_train"": 4746, ""validation"": ""last purged expanding fold""}",decimal
2024-02-29,2024-03-07,5,30.0,0.049008959590418705,0.04760994661322259,-0.0013990129771961138,NS_XGBOOST,NS,direct_change,"{""configurations_evaluated"": 3, ""learning_rate"": 0.05, ""max_depth"": 1, ""n_estimators"": 100, ""n_train"": 4746, ""validation"": ""last purged expanding fold""}",decimal
2024-02-29,2024-03-07,5,0.25,0.0298571428571428,0.030481686354807924,0.0006245434976651226,PCA_XGBOOST,PCA,direct_change,"{""configurations_evaluated"": 3, ""learning_rate"": 0.05, ""max_depth"": 1, ""n_estimators"": 100, ""n_train"": 4746, ""validation"": ""last purged expanding fold""}",decimal
2024-02-29,2024-03-07,5,0.5,0.030322834645669202,0.030643694072156093,0.00032085942648689067,PCA_XGBOOST,PCA,direct_change,"{""configurations_evaluated"": 3, ""learning_rate"": 0.05, ""max_depth"": 1, ""n_estimators"": 100, ""n_train"": 4746, ""validation"": ""last purged expanding fold""}",decimal
2024-02-29,2024-03-07,5,1.0,0.031035537190082604,0.03106262072876228,2.7083538679674446e-05,PCA_XGBOOST,PCA,direct_change,"{""configurations_evaluated"": 3, ""learning_rate"": 0.05, ""max_depth"": 1, ""n_estimators"": 100, ""n_train"": 4746, ""validation"": ""last purged expanding fold""}",decimal
2024-02-29,2024-03-07,5,2.0,0.0324621315192743,0.03188529974099262,-0.000576831778281682,PCA_XGBOOST,PCA,direct_change,"{""configurations_evaluated"": 3, ""learning_rate"": 0.05, ""max_depth"": 1, ""n_estimators"": 100, ""n_train"": 4746, ""validation"": ""last purged expanding fold""}",decimal
2024-02-29,2024-03-07,5,5.0,0.0341593073593073,0.03368603038081662,-0.000473276978490679,PCA_XGBOOST,PCA,direct_change,"{""configurations_evaluated"": 3, ""learning_rate"": 0.05, ""max_depth"": 1, ""n_estimators"": 100, ""n_train"": 4746, ""validation"": ""last purged expanding fold""}",decimal
2024-02-29,2024-03-07,5,10.0,0.0372263876251137,0.03653568891314457,-0.000690698711969126,PCA_XGBOOST,PCA,direct_change,"{""configurations_evaluated"": 3, ""learning_rate"": 0.05, ""max_depth"": 1, ""n_estimators"": 100, ""n_train"": 4746, ""validation"": ""last purged expanding fold""}",decimal
2024-02-29,2024-03-07,5,15.0,0.039786119144013796,0.039626638403342865,-0.00015948074067093088,PCA_XGBOOST,PCA,direct_change,"{""configurations_evaluated"": 3, ""learning_rate"": 0.05, ""max_depth"": 1, ""n_estimators"": 100, ""n_train"": 4746, ""validation"": ""last purged expanding fold""}",decimal
2024-02-29,2024-03-07,5,20.0,0.042171637122002004,0.04357114735599207,0.001399510233990063,PCA_XGBOOST,PCA,direct_change,"{""configurations_evaluated"": 3, ""learning_rate"": 0.05, ""max_depth"": 1, ""n_estimators"": 100, ""n_train"": 4746, ""validation"": ""last purged expanding fold""}",decimal
2024-02-29,2024-03-07,5,30.0,0.049008959590418705,0.04816462213379708,-0.000844337456621623,PCA_XGBOOST,PCA,direct_change,"{""configurations_evaluated"": 3, ""learning_rate"": 0.05, ""max_depth"": 1, ""n_estimators"": 100, ""n_train"": 4746, ""validation"": ""last purged expanding fold""}",decimal
2024-02-29,2024-03-14,10,0.25,0.0299186813186813,0.030524577047510704,0.0006058957288294052,NS_XGBOOST,NS,direct_change,"{""configurations_evaluated"": 3, ""learning_rate"": 0.05, ""max_depth"": 1, ""n_estimators"": 100, ""n_train"": 4741, ""validation"": ""last purged expanding fold""}",decimal
2024-02-29,2024-03-14,10,0.5,0.0303393700787401,0.030610984976312268,0.00027161489757216925,NS_XGBOOST,NS,direct_change,"{""configurations_evaluated"": 3, ""learning_rate"": 0.05, ""max_depth"": 1, ""n_estimators"": 100, ""n_train"": 4741, ""validation"": ""last purged expanding fold""}",decimal
2024-02-29,2024-03-14,10,1.0,0.0310702479338842,0.030801993493973737,-0.0002682544399104647,NS_XGBOOST,NS,direct_change,"{""configurations_evaluated"": 3, ""learning_rate"": 0.05, ""max_depth"": 1, ""n_estimators"": 100, ""n_train"": 4741, ""validation"": ""last purged expanding fold""}",decimal
2024-02-29,2024-03-14,10,2.0,0.032472448979591804,0.031248089038175185,-0.0012243599414166195,NS_XGBOOST,NS,direct_change,"{""configurations_evaluated"": 3, ""learning_rate"": 0.05, ""max_depth"": 1, ""n_estimators"": 100, ""n_train"": 4741, ""validation"": ""last purged expanding fold""}",decimal
2024-02-29,2024-03-14,10,5.0,0.0341428571428571,0.03295006573127566,-0.0011927914115814411,NS_XGBOOST,NS,direct_change,"{""configurations_evaluated"": 3, ""learning_rate"": 0.05, ""max_depth"": 1, ""n_estimators"": 100, ""n_train"": 4741, ""validation"": ""last purged expanding fold""}",decimal
2024-02-29,2024-03-14,10,10.0,0.0372288444040036,0.03631148432010618,-0.0009173600838974158,NS_XGBOOST,NS,direct_change,"{""configurations_evaluated"": 3, ""learning_rate"": 0.05, ""max_depth"": 1, ""n_estimators"": 100, ""n_train"": 4741, ""validation"": ""last purged expanding fold""}",decimal
2024-02-29,2024-03-14,10,15.0,0.0397958357432041,0.03963258462585782,-0.00016325111734627473,NS_XGBOOST,NS,direct_change,"{""configurations_evaluated"": 3, ""learning_rate"": 0.05, ""max_depth"": 1, ""n_estimators"": 100, ""n_train"": 4741, ""validation"": ""last purged expanding fold""}",decimal
2024-02-29,2024-03-14,10,20.0,0.04216874348279451,0.042578469986769535,0.0004097265039750275,NS_XGBOOST,NS,direct_change,"{""configurations_evaluated"": 3, ""learning_rate"": 0.05, ""max_depth"": 1, ""n_estimators"": 100, ""n_train"": 4741, ""validation"": ""last purged expanding fold""}",decimal
2024-02-29,2024-03-14,10,30.0,0.0487846491629311,0.04712753824491326,-0.0016571109180178387,NS_XGBOOST,NS,direct_change,"{""configurations_evaluated"": 3, ""learning_rate"": 0.05, ""max_depth"": 1, ""n_estimators"": 100, ""n_train"": 4741, ""validation"": ""last purged expanding fold""}",decimal
2024-02-29,2024-03-14,10,0.25,0.0299186813186813,0.030372070800704875,0.0004533894820235758,PCA_XGBOOST,PCA,direct_change,"{""configurations_evaluated"": 3, ""learning_rate"": 0.05, ""max_depth"": 1, ""n_estimators"": 100, ""n_train"": 4741, ""validation"": ""last purged expanding fold""}",decimal
2024-02-29,2024-03-14,10,0.5,0.0303393700787401,0.03053170476155676,0.00019233468281665972,PCA_XGBOOST,PCA,direct_change,"{""configurations_evaluated"": 3, ""learning_rate"": 0.05, ""max_depth"": 1, ""n_estimators"": 100, ""n_train"": 4741, ""validation"": ""last purged expanding fold""}",decimal
2024-02-29,2024-03-14,10,1.0,0.0310702479338842,0.030945976220045565,-0.00012427171383863622,PCA_XGBOOST,PCA,direct_change,"{""configurations_evaluated"": 3, ""learning_rate"": 0.05, ""max_depth"": 1, ""n_estimators"": 100, ""n_train"": 4741, ""validation"": ""last purged expanding fold""}",decimal
2024-02-29,2024-03-14,10,2.0,0.032472448979591804,0.03176239751837825,-0.0007100514612135567,PCA_XGBOOST,PCA,direct_change,"{""configurations_evaluated"": 3, ""learning_rate"": 0.05, ""max_depth"": 1, ""n_estimators"": 100, ""n_train"": 4741, ""validation"": ""last purged expanding fold""}",decimal
2024-02-29,2024-03-14,10,5.0,0.0341428571428571,0.03354406306950691,-0.0005987940733501868,PCA_XGBOOST,PCA,direct_change,"{""configurations_evaluated"": 3, ""learning_rate"": 0.05, ""max_depth"": 1, ""n_estimators"": 100, ""n_train"": 4741, ""validation"": ""last purged expanding fold""}",decimal
2024-02-29,2024-03-14,10,10.0,0.0372288444040036,0.03637745214360964,-0.0008513922603939558,PCA_XGBOOST,PCA,direct_change,"{""configurations_evaluated"": 3, ""learning_rate"": 0.05, ""max_depth"": 1, ""n_estimators"": 100, ""n_train"": 4741, ""validation"": ""last purged expanding fold""}",decimal
2024-02-29,2024-03-14,10,15.0,0.0397958357432041,0.03945567955530985,-0.00034015618789424995,PCA_XGBOOST,PCA,direct_change,"{""configurations_evaluated"": 3, ""learning_rate"": 0.05, ""max_depth"": 1, ""n_estimators"": 100, ""n_train"": 4741, ""validation"": ""last purged expanding fold""}",decimal
2024-02-29,2024-03-14,10,20.0,0.04216874348279451,0.04338219952255033,0.0012134560397558253,PCA_XGBOOST,PCA,direct_change,"{""configurations_evaluated"": 3, ""learning_rate"": 0.05, ""max_depth"": 1, ""n_estimators"": 100, ""n_train"": 4741, ""validation"": ""last purged expanding fold""}",decimal
2024-02-29,2024-03-14,10,30.0,0.0487846491629311,0.047997473235646224,-0.000787175927284875,PCA_XGBOOST,PCA,direct_change,"{""configurations_evaluated"": 3, ""learning_rate"": 0.05, ""max_depth"": 1, ""n_estimators"": 100, ""n_train"": 4741, ""validation"": ""last purged expanding fold""}",decimal
2024-02-29,2024-04-03,22,0.25,0.0285,0.03020245990994683,0.0017024599099468296,NS_XGBOOST,NS,direct_change,"{""configurations_evaluated"": 3, ""learning_rate"": 0.05, ""max_depth"": 1, ""n_estimators"": 100, ""n_train"": 4729, ""validation"": ""last purged expanding fold""}",decimal
2024-02-29,2024-04-03,22,0.5,0.0296318407960199,0.03026285346127754,0.0006310126652576409,NS_XGBOOST,NS,direct_change,"{""configurations_evaluated"": 3, ""learning_rate"": 0.05, ""max_depth"": 1, ""n_estimators"": 100, ""n_train"": 4729, ""validation"": ""last purged expanding fold""}",decimal
2024-02-29,2024-04-03,22,1.0,0.0313152823920265,0.030405449166498472,-0.0009098332255280291,NS_XGBOOST,NS,direct_change,"{""configurations_evaluated"": 3, ""learning_rate"": 0.05, ""max_depth"": 1, ""n_estimators"": 100, ""n_train"": 4729, ""validation"": ""last purged expanding fold""}",decimal
2024-02-29,2024-04-03,22,2.0,0.032414166666666605,0.030768001694679123,-0.0016461649719874821,NS_XGBOOST,NS,direct_change,"{""configurations_evaluated"": 3, ""learning_rate"": 0.05, ""max_depth"": 1, ""n_estimators"": 100, ""n_train"": 4729, ""validation"": ""last purged expanding fold""}",decimal
2024-02-29,2024-04-03,22,5.0,0.0342112966054535,0.03230485708177307,-0.0019064395236804352,NS_XGBOOST,NS,direct_change,"{""configurations_evaluated"": 3, ""learning_rate"": 0.05, ""max_depth"": 1, ""n_estimators"": 100, ""n_train"": 4729, ""validation"": ""last purged expanding fold""}",decimal
2024-02-29,2024-04-03,22,10.0,0.0374562329390354,0.03557472923019989,-0.0018815037088355038,NS_XGBOOST,NS,direct_change,"{""configurations_evaluated"": 3, ""learning_rate"": 0.05, ""max_depth"": 1, ""n_estimators"": 100, ""n_train"": 4729, ""validation"": ""last purged expanding fold""}",decimal
2024-02-29,2024-04-03,22,15.0,0.0400199752628324,0.038919136066612334,-0.0011008391962200673,NS_XGBOOST,NS,direct_change,"{""configurations_evaluated"": 3, ""learning_rate"": 0.05, ""max_depth"": 1, ""n_estimators"": 100, ""n_train"": 4729, ""validation"": ""last purged expanding fold""}",decimal
2024-02-29,2024-04-03,22,20.0,0.0422988529718456,0.04193300220958615,-0.0003658507622594509,NS_XGBOOST,NS,direct_change,"{""configurations_evaluated"": 3, ""learning_rate"": 0.05, ""max_depth"": 1, ""n_estimators"": 100, ""n_train"": 4729, ""validation"": ""last purged expanding fold""}",decimal
2024-02-29,2024-04-03,22,30.0,0.0488740720373934,0.046639053179174404,-0.002235018858218994,NS_XGBOOST,NS,direct_change,"{""configurations_evaluated"": 3, ""learning_rate"": 0.05, ""max_depth"": 1, ""n_estimators"": 100, ""n_train"": 4729, ""validation"": ""last purged expanding fold""}",decimal
2024-02-29,2024-04-03,22,0.25,0.0285,0.030146753180158314,0.0016467531801583127,PCA_XGBOOST,PCA,direct_change,"{""configurations_evaluated"": 3, ""learning_rate"": 0.05, ""max_depth"": 1, ""n_estimators"": 100, ""n_train"": 4729, ""validation"": ""last purged expanding fold""}",decimal
2024-02-29,2024-04-03,22,0.5,0.0296318407960199,0.030300877009796952,0.0006690362137770529,PCA_XGBOOST,PCA,direct_change,"{""configurations_evaluated"": 3, ""learning_rate"": 0.05, ""max_depth"": 1, ""n_estimators"": 100, ""n_train"": 4729, ""validation"": ""last purged expanding fold""}",decimal
2024-02-29,2024-04-03,22,1.0,0.0313152823920265,0.030704877021642547,-0.000610405370383954,PCA_XGBOOST,PCA,direct_change,"{""configurations_evaluated"": 3, ""learning_rate"": 0.05, ""max_depth"": 1, ""n_estimators"": 100, ""n_train"": 4729, ""validation"": ""last purged expanding fold""}",decimal
2024-02-29,2024-04-03,22,2.0,0.032414166666666605,0.031507419589407906,-0.0009067470772586989,PCA_XGBOOST,PCA,direct_change,"{""configurations_evaluated"": 3, ""learning_rate"": 0.05, ""max_depth"": 1, ""n_estimators"": 100, ""n_train"": 4729, ""validation"": ""last purged expanding fold""}",decimal
2024-02-29,2024-04-03,22,5.0,0.0342112966054535,0.03325038010711929,-0.0009609164983342133,PCA_XGBOOST,PCA,direct_change,"{""configurations_evaluated"": 3, ""learning_rate"": 0.05, ""max_depth"": 1, ""n_estimators"": 100, ""n_train"": 4729, ""validation"": ""last purged expanding fold""}",decimal
2024-02-29,2024-04-03,22,10.0,0.0374562329390354,0.03605114248419048,-0.0014050904548449164,PCA_XGBOOST,PCA,direct_change,"{""configurations_evaluated"": 3, ""learning_rate"": 0.05, ""max_depth"": 1, ""n_estimators"": 100, ""n_train"": 4729, ""validation"": ""last purged expanding fold""}",decimal
2024-02-29,2024-04-03,22,15.0,0.0400199752628324,0.039105153910147135,-0.0009148213526852661,PCA_XGBOOST,PCA,direct_change,"{""configurations_evaluated"": 3, ""learning_rate"": 0.05, ""max_depth"": 1, ""n_estimators"": 100, ""n_train"": 4729, ""validation"": ""last purged expanding fold""}",decimal
2024-02-29,2024-04-03,22,20.0,0.0422988529718456,0.04300165643015784,0.0007028034583122372,PCA_XGBOOST,PCA,direct_change,"{""configurations_evaluated"": 3, ""learning_rate"": 0.05, ""max_depth"": 1, ""n_estimators"": 100, ""n_train"": 4729, ""validation"": ""last purged expanding fold""}",decimal
2024-02-29,2024-04-03,22,30.0,0.0488740720373934,0.04766735690201026,-0.0012067151353831393,PCA_XGBOOST,PCA,direct_change,"{""configurations_evaluated"": 3, ""learning_rate"": 0.05, ""max_depth"": 1, ""n_estimators"": 100, ""n_train"": 4729, ""validation"": ""last purged expanding fold""}",decimal
2024-03-28,2024-04-08,5,0.25,0.03015,0.030837146579450428,0.0006871465794504282,NS_XGBOOST,NS,direct_change,"{""configurations_evaluated"": 3, ""learning_rate"": 0.05, ""max_depth"": 1, ""n_estimators"": 100, ""n_train"": 4766, ""validation"": ""last purged expanding fold""}",decimal
2024-03-28,2024-04-08,5,0.5,0.0305307086614173,0.030939514184698227,0.0004088055232809272,NS_XGBOOST,NS,direct_change,"{""configurations_evaluated"": 3, ""learning_rate"": 0.05, ""max_depth"": 1, ""n_estimators"": 100, ""n_train"": 4766, ""validation"": ""last purged expanding fold""}",decimal
2024-03-28,2024-04-08,5,1.0,0.0312399449035812,0.031159983294936956,-7.996160864424603e-05,NS_XGBOOST,NS,direct_change,"{""configurations_evaluated"": 3, ""learning_rate"": 0.05, ""max_depth"": 1, ""n_estimators"": 100, ""n_train"": 4766, ""validation"": ""last purged expanding fold""}",decimal
2024-03-28,2024-04-08,5,2.0,0.0323414965986394,0.031655990030148955,-0.0006855065684904446,NS_XGBOOST,NS,direct_change,"{""configurations_evaluated"": 3, ""learning_rate"": 0.05, ""max_depth"": 1, ""n_estimators"": 100, ""n_train"": 4766, ""validation"": ""last purged expanding fold""}",decimal
2024-03-28,2024-04-08,5,5.0,0.0341839826839826,0.03345008639420237,-0.0007338962897802323,NS_XGBOOST,NS,direct_change,"{""configurations_evaluated"": 3, ""learning_rate"": 0.05, ""max_depth"": 1, ""n_estimators"": 100, ""n_train"": 4766, ""validation"": ""last purged expanding fold""}",decimal
2024-03-28,2024-04-08,5,10.0,0.037458598726114595,0.036843333554552174,-0.0006152651715624208,NS_XGBOOST,NS,direct_change,"{""configurations_evaluated"": 3, ""learning_rate"": 0.05, ""max_depth"": 1, ""n_estimators"": 100, ""n_train"": 4766, ""validation"": ""last purged expanding fold""}",decimal
2024-03-28,2024-04-08,5,15.0,0.039825850340136,0.04012308524837305,0.00029723490823704846,NS_XGBOOST,NS,direct_change,"{""configurations_evaluated"": 3, ""learning_rate"": 0.05, ""max_depth"": 1, ""n_estimators"": 100, ""n_train"": 4766, ""validation"": ""last purged expanding fold""}",decimal
2024-03-28,2024-04-08,5,20.0,0.0421137122002085,0.04300202000514706,0.0008883078049385582,NS_XGBOOST,NS,direct_change,"{""configurations_evaluated"": 3, ""learning_rate"": 0.05, ""max_depth"": 1, ""n_estimators"": 100, ""n_train"": 4766, ""validation"": ""last purged expanding fold""}",decimal
2024-03-28,2024-04-08,5,30.0,0.0487960755547405,0.04741442207641763,-0.001381653478322871,NS_XGBOOST,NS,direct_change,"{""configurations_evaluated"": 3, ""learning_rate"": 0.05, ""max_depth"": 1, ""n_estimators"": 100, ""n_train"": 4766, ""validation"": ""last purged expanding fold""}",decimal
2024-03-28,2024-04-08,5,0.25,0.03015,0.030521308203705643,0.0003713082037056434,PCA_XGBOOST,PCA,direct_change,"{""configurations_evaluated"": 3, ""learning_rate"": 0.05, ""max_depth"": 1, ""n_estimators"": 100, ""n_train"": 4766, ""validation"": ""last purged expanding fold""}",decimal
2024-03-28,2024-04-08,5,0.5,0.0305307086614173,0.030693662500909,0.00016295383949169878,PCA_XGBOOST,PCA,direct_change,"{""configurations_evaluated"": 3, ""learning_rate"": 0.05, ""max_depth"": 1, ""n_estimators"": 100, ""n_train"": 4766, ""validation"": ""last purged expanding fold""}",decimal
2024-03-28,2024-04-08,5,1.0,0.0312399449035812,0.03112527893960413,-0.00011466596397707168,PCA_XGBOOST,PCA,direct_change,"{""configurations_evaluated"": 3, ""learning_rate"": 0.05, ""max_depth"": 1, ""n_estimators"": 100, ""n_train"": 4766, ""validation"": ""last purged expanding fold""}",decimal
2024-03-28,2024-04-08,5,2.0,0.0323414965986394,0.03196513229785566,-0.0003763643007837422,PCA_XGBOOST,PCA,direct_change,"{""configurations_evaluated"": 3, ""learning_rate"": 0.05, ""max_depth"": 1, ""n_estimators"": 100, ""n_train"": 4766, ""validation"": ""last purged expanding fold""}",decimal
2024-03-28,2024-04-08,5,5.0,0.0341839826839826,0.033719586494723994,-0.00046439618925860765,PCA_XGBOOST,PCA,direct_change,"{""configurations_evaluated"": 3, ""learning_rate"": 0.05, ""max_depth"": 1, ""n_estimators"": 100, ""n_train"": 4766, ""validation"": ""last purged expanding fold""}",decimal
2024-03-28,2024-04-08,5,10.0,0.037458598726114595,0.03652523546893414,-0.000933363257180457,PCA_XGBOOST,PCA,direct_change,"{""configurations_evaluated"": 3, ""learning_rate"": 0.05, ""max_depth"": 1, ""n_estimators"": 100, ""n_train"": 4766, ""validation"": ""last purged expanding fold""}",decimal
2024-03-28,2024-04-08,5,15.0,0.039825850340136,0.03954975470874473,-0.00027609563139126964,PCA_XGBOOST,PCA,direct_change,"{""configurations_evaluated"": 3, ""learning_rate"": 0.05, ""max_depth"": 1, ""n_estimators"": 100, ""n_train"": 4766, ""validation"": ""last purged expanding fold""}",decimal
2024-03-28,2024-04-08,5,20.0,0.0421137122002085,0.04331491164400215,0.0012011994437936477,PCA_XGBOOST,PCA,direct_change,"{""configurations_evaluated"": 3, ""learning_rate"": 0.05, ""max_depth"": 1, ""n_estimators"": 100, ""n_train"": 4766, ""validation"": ""last purged expanding fold""}",decimal
2024-03-28,2024-04-08,5,30.0,0.0487960755547405,0.047880861253923254,-0.0009152143008172436,PCA_XGBOOST,PCA,direct_change,"{""configurations_evaluated"": 3, ""learning_rate"": 0.05, ""max_depth"": 1, ""n_estimators"": 100, ""n_train"": 4766, ""validation"": ""last purged expanding fold""}",decimal
2024-03-28,2024-04-18,10,0.25,0.0301890109890109,0.030665067265697666,0.00047605627668676626,NS_XGBOOST,NS,direct_change,"{""configurations_evaluated"": 3, ""learning_rate"": 0.05, ""max_depth"": 1, ""n_estimators"": 100, ""n_train"": 4761, ""validation"": ""last purged expanding fold""}",decimal
2024-03-28,2024-04-18,10,0.5,0.030784782608695598,0.030763690453149767,-2.109215554583002e-05,NS_XGBOOST,NS,direct_change,"{""configurations_evaluated"": 3, ""learning_rate"": 0.05, ""max_depth"": 1, ""n_estimators"": 100, ""n_train"": 4761, ""validation"": ""last purged expanding fold""}",decimal
2024-03-28,2024-04-18,10,1.0,0.0315785123966942,0.03097687718323059,-0.000601635213463611,NS_XGBOOST,NS,direct_change,"{""configurations_evaluated"": 3, ""learning_rate"": 0.05, ""max_depth"": 1, ""n_estimators"": 100, ""n_train"": 4761, ""validation"": ""last purged expanding fold""}",decimal
2024-03-28,2024-04-18,10,2.0,0.0326068027210884,0.031459106125176405,-0.001147696595911997,NS_XGBOOST,NS,direct_change,"{""configurations_evaluated"": 3, ""learning_rate"": 0.05, ""max_depth"": 1, ""n_estimators"": 100, ""n_train"": 4761, ""validation"": ""last purged expanding fold""}",decimal
2024-03-28,2024-04-18,10,5.0,0.0342004329004329,0.03321744282743436,-0.0009829900729985408,NS_XGBOOST,NS,direct_change,"{""configurations_evaluated"": 3, ""learning_rate"": 0.05, ""max_depth"": 1, ""n_estimators"": 100, ""n_train"": 4761, ""validation"": ""last purged expanding fold""}",decimal
2024-03-28,2024-04-18,10,10.0,0.0373835304822565,0.03656572711957232,-0.0008178033626841802,NS_XGBOOST,NS,direct_change,"{""configurations_evaluated"": 3, ""learning_rate"": 0.05, ""max_depth"": 1, ""n_estimators"": 100, ""n_train"": 4761, ""validation"": ""last purged expanding fold""}",decimal
2024-03-28,2024-04-18,10,15.0,0.0398376004947433,0.039813500455387764,-2.4100039355538783e-05,NS_XGBOOST,NS,direct_change,"{""configurations_evaluated"": 3, ""learning_rate"": 0.05, ""max_depth"": 1, ""n_estimators"": 100, ""n_train"": 4761, ""validation"": ""last purged expanding fold""}",decimal
2024-03-28,2024-04-18,10,20.0,0.042137956204379504,0.04266924534402389,0.0005312891396443836,NS_XGBOOST,NS,direct_change,"{""configurations_evaluated"": 3, ""learning_rate"": 0.05, ""max_depth"": 1, ""n_estimators"": 100, ""n_train"": 4761, ""validation"": ""last purged expanding fold""}",decimal
2024-03-28,2024-04-18,10,30.0,0.048941354625550604,0.04705152702092676,-0.0018898276046238408,NS_XGBOOST,NS,direct_change,"{""configurations_evaluated"": 3, ""learning_rate"": 0.05, ""max_depth"": 1, ""n_estimators"": 100, ""n_train"": 4761, ""validation"": ""last purged expanding fold""}",decimal
2024-03-28,2024-04-18,10,0.25,0.0301890109890109,0.03047447798274084,0.0002854669937299402,PCA_XGBOOST,PCA,direct_change,"{""configurations_evaluated"": 3, ""learning_rate"": 0.05, ""max_depth"": 1, ""n_estimators"": 100, ""n_train"": 4761, ""validation"": ""last purged expanding fold""}",decimal
2024-03-28,2024-04-18,10,0.5,0.030784782608695598,0.030649002027169123,-0.00013578058152647482,PCA_XGBOOST,PCA,direct_change,"{""configurations_evaluated"": 3, ""learning_rate"": 0.05, ""max_depth"": 1, ""n_estimators"": 100, ""n_train"": 4761, ""validation"": ""last purged expanding fold""}",decimal
2024-03-28,2024-04-18,10,1.0,0.0315785123966942,0.031082561047419754,-0.0004959513492744476,PCA_XGBOOST,PCA,direct_change,"{""configurations_evaluated"": 3, ""learning_rate"": 0.05, ""max_depth"": 1, ""n_estimators"": 100, ""n_train"": 4761, ""validation"": ""last purged expanding fold""}",decimal
2024-03-28,2024-04-18,10,2.0,0.0326068027210884,0.03192547286701931,-0.0006813298540690946,PCA_XGBOOST,PCA,direct_change,"{""configurations_evaluated"": 3, ""learning_rate"": 0.05, ""max_depth"": 1, ""n_estimators"": 100, ""n_train"": 4761, ""validation"": ""last purged expanding fold""}",decimal
2024-03-28,2024-04-18,10,5.0,0.0342004329004329,0.03367314329385843,-0.0005272896065744645,PCA_XGBOOST,PCA,direct_change,"{""configurations_evaluated"": 3, ""learning_rate"": 0.05, ""max_depth"": 1, ""n_estimators"": 100, ""n_train"": 4761, ""validation"": ""last purged expanding fold""}",decimal
2024-03-28,2024-04-18,10,10.0,0.0373835304822565,0.03647148511119713,-0.000912045371059364,PCA_XGBOOST,PCA,direct_change,"{""configurations_evaluated"": 3, ""learning_rate"": 0.05, ""max_depth"": 1, ""n_estimators"": 100, ""n_train"": 4761, ""validation"": ""last purged expanding fold""}",decimal
2024-03-28,2024-04-18,10,15.0,0.0398376004947433,0.039484240297049125,-0.0003533601976941775,PCA_XGBOOST,PCA,direct_change,"{""configurations_evaluated"": 3, ""learning_rate"": 0.05, ""max_depth"": 1, ""n_estimators"": 100, ""n_train"": 4761, ""validation"": ""last purged expanding fold""}",decimal
2024-03-28,2024-04-18,10,20.0,0.042137956204379504,0.043213145531642745,0.0010751893272632415,PCA_XGBOOST,PCA,direct_change,"{""configurations_evaluated"": 3, ""learning_rate"": 0.05, ""max_depth"": 1, ""n_estimators"": 100, ""n_train"": 4761, ""validation"": ""last purged expanding fold""}",decimal
2024-03-28,2024-04-18,10,30.0,0.048941354625550604,0.04776087574344546,-0.0011804788821051446,PCA_XGBOOST,PCA,direct_change,"{""configurations_evaluated"": 3, ""learning_rate"": 0.05, ""max_depth"": 1, ""n_estimators"": 100, ""n_train"": 4761, ""validation"": ""last purged expanding fold""}",decimal
2024-03-28,2024-05-07,22,0.25,0.0292514285714285,0.030498999453699736,0.0012475708822712352,NS_XGBOOST,NS,direct_change,"{""configurations_evaluated"": 3, ""learning_rate"": 0.05, ""max_depth"": 1, ""n_estimators"": 100, ""n_train"": 4749, ""validation"": ""last purged expanding fold""}",decimal
2024-03-28,2024-05-07,22,0.5,0.0297391304347826,0.030586937078771317,0.0008478066439887161,NS_XGBOOST,NS,direct_change,"{""configurations_evaluated"": 3, ""learning_rate"": 0.05, ""max_depth"": 1, ""n_estimators"": 100, ""n_train"": 4749, ""validation"": ""last purged expanding fold""}",decimal
2024-03-28,2024-05-07,22,1.0,0.0306380165289256,0.030780065921880543,0.00014204939295494462,NS_XGBOOST,NS,direct_change,"{""configurations_evaluated"": 3, ""learning_rate"": 0.05, ""max_depth"": 1, ""n_estimators"": 100, ""n_train"": 4749, ""validation"": ""last purged expanding fold""}",decimal
2024-03-28,2024-05-07,22,2.0,0.0319489795918367,0.031227018727316844,-0.0007219608645198557,NS_XGBOOST,NS,direct_change,"{""configurations_evaluated"": 3, ""learning_rate"": 0.05, ""max_depth"": 1, ""n_estimators"": 100, ""n_train"": 4749, ""validation"": ""last purged expanding fold""}",decimal
2024-03-28,2024-05-07,22,5.0,0.034064935064935,0.032910960601558494,-0.0011539744633765059,NS_XGBOOST,NS,direct_change,"{""configurations_evaluated"": 3, ""learning_rate"": 0.05, ""max_depth"": 1, ""n_estimators"": 100, ""n_train"": 4749, ""validation"": ""last purged expanding fold""}",decimal
2024-03-28,2024-05-07,22,10.0,0.037318107370336605,0.03620422751186518,-0.001113879858471424,NS_XGBOOST,NS,direct_change,"{""configurations_evaluated"": 3, ""learning_rate"": 0.05, ""max_depth"": 1, ""n_estimators"": 100, ""n_train"": 4749, ""validation"": ""last purged expanding fold""}",decimal
2024-03-28,2024-05-07,22,15.0,0.0397630797773655,0.039442216761213664,-0.00032086301615183443,NS_XGBOOST,NS,direct_change,"{""configurations_evaluated"": 3, ""learning_rate"": 0.05, ""max_depth"": 1, ""n_estimators"": 100, ""n_train"": 4749, ""validation"": ""last purged expanding fold""}",decimal
2024-03-28,2024-05-07,22,20.0,0.0421456204379562,0.042307819753566574,0.00016219931561037293,NS_XGBOOST,NS,direct_change,"{""configurations_evaluated"": 3, ""learning_rate"": 0.05, ""max_depth"": 1, ""n_estimators"": 100, ""n_train"": 4749, ""validation"": ""last purged expanding fold""}",decimal
2024-03-28,2024-05-07,22,30.0,0.048624161073825514,0.04672570231760821,-0.0018984587562173028,NS_XGBOOST,NS,direct_change,"{""configurations_evaluated"": 3, ""learning_rate"": 0.05, ""max_depth"": 1, ""n_estimators"": 100, ""n_train"": 4749, ""validation"": ""last purged expanding fold""}",decimal
2024-03-28,2024-05-07,22,0.25,0.0292514285714285,0.03031242968128307,0.0010610011098545688,PCA_XGBOOST,PCA,direct_change,"{""configurations_evaluated"": 3, ""learning_rate"": 0.05, ""max_depth"": 1, ""n_estimators"": 100, ""n_train"": 4749, ""validation"": ""last purged expanding fold""}",decimal
2024-03-28,2024-05-07,22,0.5,0.0297391304347826,0.030495139738047385,0.0007560093032647833,PCA_XGBOOST,PCA,direct_change,"{""configurations_evaluated"": 3, ""learning_rate"": 0.05, ""max_depth"": 1, ""n_estimators"": 100, ""n_train"": 4749, ""validation"": ""last purged expanding fold""}",decimal
2024-03-28,2024-05-07,22,1.0,0.0306380165289256,0.030938615006512328,0.0003005984775867297,PCA_XGBOOST,PCA,direct_change,"{""configurations_evaluated"": 3, ""learning_rate"": 0.05, ""max_depth"": 1, ""n_estimators"": 100, ""n_train"": 4749, ""validation"": ""last purged expanding fold""}",decimal
2024-03-28,2024-05-07,22,2.0,0.0319489795918367,0.03179695592487752,-0.00015202366695918346,PCA_XGBOOST,PCA,direct_change,"{""configurations_evaluated"": 3, ""learning_rate"": 0.05, ""max_depth"": 1, ""n_estimators"": 100, ""n_train"": 4749, ""validation"": ""last purged expanding fold""}",decimal
2024-03-28,2024-05-07,22,5.0,0.034064935064935,0.03354197143528004,-0.0005229636296549614,PCA_XGBOOST,PCA,direct_change,"{""configurations_evaluated"": 3, ""learning_rate"": 0.05, ""max_depth"": 1, ""n_estimators"": 100, ""n_train"": 4749, ""validation"": ""last purged expanding fold""}",decimal
2024-03-28,2024-05-07,22,10.0,0.037318107370336605,0.036335640905972334,-0.0009824664643642705,PCA_XGBOOST,PCA,direct_change,"{""configurations_evaluated"": 3, ""learning_rate"": 0.05, ""max_depth"": 1, ""n_estimators"": 100, ""n_train"": 4749, ""validation"": ""last purged expanding fold""}",decimal
2024-03-28,2024-05-07,22,15.0,0.0397630797773655,0.03932487715493491,-0.0004382026224305849,PCA_XGBOOST,PCA,direct_change,"{""configurations_evaluated"": 3, ""learning_rate"": 0.05, ""max_depth"": 1, ""n_estimators"": 100, ""n_train"": 4749, ""validation"": ""last purged expanding fold""}",decimal
2024-03-28,2024-05-07,22,20.0,0.0421456204379562,0.04295758945506846,0.0008119690171122587,PCA_XGBOOST,PCA,direct_change,"{""configurations_evaluated"": 3, ""learning_rate"": 0.05, ""max_depth"": 1, ""n_estimators"": 100, ""n_train"": 4749, ""validation"": ""last purged expanding fold""}",decimal
2024-03-28,2024-05-07,22,30.0,0.048624161073825514,0.04744524812033422,-0.001178912953491297,PCA_XGBOOST,PCA,direct_change,"{""configurations_evaluated"": 3, ""learning_rate"": 0.05, ""max_depth"": 1, ""n_estimators"": 100, ""n_train"": 4749, ""validation"": ""last purged expanding fold""}",decimal
2024-04-30,2024-05-08,5,0.25,0.029394285714285696,0.031014055385586752,0.0016197696713010565,NS_XGBOOST,NS,direct_change,"{""configurations_evaluated"": 3, ""learning_rate"": 0.05, ""max_depth"": 1, ""n_estimators"": 100, ""n_train"": 4784, ""validation"": ""last purged expanding fold""}",decimal
2024-04-30,2024-05-08,5,0.5,0.0299434782608695,0.031121132676590987,0.0011776544157214887,NS_XGBOOST,NS,direct_change,"{""configurations_evaluated"": 3, ""learning_rate"": 0.05, ""max_depth"": 1, ""n_estimators"": 100, ""n_train"": 4784, ""validation"": ""last purged expanding fold""}",decimal
2024-04-30,2024-05-08,5,1.0,0.0308429752066115,0.03134989811111084,0.0005069229044993365,NS_XGBOOST,NS,direct_change,"{""configurations_evaluated"": 3, ""learning_rate"": 0.05, ""max_depth"": 1, ""n_estimators"": 100, ""n_train"": 4784, ""validation"": ""last purged expanding fold""}",decimal
2024-04-30,2024-05-08,5,2.0,0.032301666666666604,0.03185841479354919,-0.0004432518731174104,NS_XGBOOST,NS,direct_change,"{""configurations_evaluated"": 3, ""learning_rate"": 0.05, ""max_depth"": 1, ""n_estimators"": 100, ""n_train"": 4784, ""validation"": ""last purged expanding fold""}",decimal
2024-04-30,2024-05-08,5,5.0,0.034271675013912,0.033664515450007766,-0.0006071595639042318,NS_XGBOOST,NS,direct_change,"{""configurations_evaluated"": 3, ""learning_rate"": 0.05, ""max_depth"": 1, ""n_estimators"": 100, ""n_train"": 4784, ""validation"": ""last purged expanding fold""}",decimal
2024-04-30,2024-05-08,5,10.0,0.0373279344858962,0.03702692101079913,-0.0003010134750970686,NS_XGBOOST,NS,direct_change,"{""configurations_evaluated"": 3, ""learning_rate"": 0.05, ""max_depth"": 1, ""n_estimators"": 100, ""n_train"": 4784, ""validation"": ""last purged expanding fold""}",decimal
2024-04-30,2024-05-08,5,15.0,0.0397643166357452,0.04024974682538875,0.00048543018964355283,NS_XGBOOST,NS,direct_change,"{""configurations_evaluated"": 3, ""learning_rate"": 0.05, ""max_depth"": 1, ""n_estimators"": 100, ""n_train"": 4784, ""validation"": ""last purged expanding fold""}",decimal
2024-04-30,2024-05-08,5,20.0,0.0421473409801877,0.043067185593818495,0.000919844613630795,NS_XGBOOST,NS,direct_change,"{""configurations_evaluated"": 3, ""learning_rate"": 0.05, ""max_depth"": 1, ""n_estimators"": 100, ""n_train"": 4784, ""validation"": ""last purged expanding fold""}",decimal
2024-04-30,2024-05-08,5,30.0,0.0486286318499448,0.04737253065553394,-0.001256101194410858,NS_XGBOOST,NS,direct_change,"{""configurations_evaluated"": 3, ""learning_rate"": 0.05, ""max_depth"": 1, ""n_estimators"": 100, ""n_train"": 4784, ""validation"": ""last purged expanding fold""}",decimal
2024-04-30,2024-05-08,5,0.25,0.029394285714285696,0.030693287107816807,0.0012990013935311115,PCA_XGBOOST,PCA,direct_change,"{""configurations_evaluated"": 3, ""learning_rate"": 0.05, ""max_depth"": 1, ""n_estimators"": 100, ""n_train"": 4784, ""validation"": ""last purged expanding fold""}",decimal
2024-04-30,2024-05-08,5,0.5,0.0299434782608695,0.030882263881086905,0.0009387856202174062,PCA_XGBOOST,PCA,direct_change,"{""configurations_evaluated"": 3, ""learning_rate"": 0.05, ""max_depth"": 1, ""n_estimators"": 100, ""n_train"": 4784, ""validation"": ""last purged expanding fold""}",decimal
2024-04-30,2024-05-08,5,1.0,0.0308429752066115,0.03132975539580948,0.0004867801891979828,PCA_XGBOOST,PCA,direct_change,"{""configurations_evaluated"": 3, ""learning_rate"": 0.05, ""max_depth"": 1, ""n_estimators"": 100, ""n_train"": 4784, ""validation"": ""last purged expanding fold""}",decimal
2024-04-30,2024-05-08,5,2.0,0.032301666666666604,0.032184611824859495,-0.00011705484180710851,PCA_XGBOOST,PCA,direct_change,"{""configurations_evaluated"": 3, ""learning_rate"": 0.05, ""max_depth"": 1, ""n_estimators"": 100, ""n_train"": 4784, ""validation"": ""last purged expanding fold""}",decimal
2024-04-30,2024-05-08,5,5.0,0.034271675013912,0.033928861292293916,-0.0003428137216180821,PCA_XGBOOST,PCA,direct_change,"{""configurations_evaluated"": 3, ""learning_rate"": 0.05, ""max_depth"": 1, ""n_estimators"": 100, ""n_train"": 4784, ""validation"": ""last purged expanding fold""}",decimal
2024-04-30,2024-05-08,5,10.0,0.0373279344858962,0.036723056833565,-0.0006048776523311997,PCA_XGBOOST,PCA,direct_change,"{""configurations_evaluated"": 3, ""learning_rate"": 0.05, ""max_depth"": 1, ""n_estimators"": 100, ""n_train"": 4784, ""validation"": ""last purged expanding fold""}",decimal
2024-04-30,2024-05-08,5,15.0,0.0397643166357452,0.039711116913607764,-5.3199722137436956e-05,PCA_XGBOOST,PCA,direct_change,"{""configurations_evaluated"": 3, ""learning_rate"": 0.05, ""max_depth"": 1, ""n_estimators"": 100, ""n_train"": 4784, ""validation"": ""last purged expanding fold""}",decimal
2024-04-30,2024-05-08,5,20.0,0.0421473409801877,0.043365250909749055,0.0012179099295613546,PCA_XGBOOST,PCA,direct_change,"{""configurations_evaluated"": 3, ""learning_rate"": 0.05, ""max_depth"": 1, ""n_estimators"": 100, ""n_train"": 4784, ""validation"": ""last purged expanding fold""}",decimal
2024-04-30,2024-05-08,5,30.0,0.0486286318499448,0.04789102942671969,-0.0007376024232251116,PCA_XGBOOST,PCA,direct_change,"{""configurations_evaluated"": 3, ""learning_rate"": 0.05, ""max_depth"": 1, ""n_estimators"": 100, ""n_train"": 4784, ""validation"": ""last purged expanding fold""}",decimal
2024-04-30,2024-05-15,10,0.25,0.0300428571428571,0.03099634641629243,0.0009534892734353283,NS_XGBOOST,NS,direct_change,"{""configurations_evaluated"": 3, ""learning_rate"": 0.05, ""max_depth"": 1, ""n_estimators"": 100, ""n_train"": 4779, ""validation"": ""last purged expanding fold""}",decimal
2024-04-30,2024-05-15,10,0.5,0.0304804347826086,0.031100825929361968,0.0006203911467533678,NS_XGBOOST,NS,direct_change,"{""configurations_evaluated"": 3, ""learning_rate"": 0.05, ""max_depth"": 1, ""n_estimators"": 100, ""n_train"": 4779, ""validation"": ""last purged expanding fold""}",decimal
2024-04-30,2024-05-15,10,1.0,0.031133884297520602,0.03132461140090522,0.00019072710338461848,NS_XGBOOST,NS,direct_change,"{""configurations_evaluated"": 3, ""learning_rate"": 0.05, ""max_depth"": 1, ""n_estimators"": 100, ""n_train"": 4779, ""validation"": ""last purged expanding fold""}",decimal
2024-04-30,2024-05-15,10,2.0,0.0321856009070294,0.03182397334910494,-0.0003616275579244599,NS_XGBOOST,NS,direct_change,"{""configurations_evaluated"": 3, ""learning_rate"": 0.05, ""max_depth"": 1, ""n_estimators"": 100, ""n_train"": 4779, ""validation"": ""last purged expanding fold""}",decimal
2024-04-30,2024-05-15,10,5.0,0.034424584103512,0.0336080284538487,-0.0008165556496632989,NS_XGBOOST,NS,direct_change,"{""configurations_evaluated"": 3, ""learning_rate"": 0.05, ""max_depth"": 1, ""n_estimators"": 100, ""n_train"": 4779, ""validation"": ""last purged expanding fold""}",decimal
2024-04-30,2024-05-15,10,10.0,0.0373416812609457,0.03694656462875746,-0.00039511663218824017,NS_XGBOOST,NS,direct_change,"{""configurations_evaluated"": 3, ""learning_rate"": 0.05, ""max_depth"": 1, ""n_estimators"": 100, ""n_train"": 4779, ""validation"": ""last purged expanding fold""}",decimal
2024-04-30,2024-05-15,10,15.0,0.0402994594594594,0.04015534673102073,-0.00014411272843866535,NS_XGBOOST,NS,direct_change,"{""configurations_evaluated"": 3, ""learning_rate"": 0.05, ""max_depth"": 1, ""n_estimators"": 100, ""n_train"": 4779, ""validation"": ""last purged expanding fold""}",decimal
2024-04-30,2024-05-15,10,20.0,0.0421593847758081,0.04296429558457448,0.0008049108087663792,NS_XGBOOST,NS,direct_change,"{""configurations_evaluated"": 3, ""learning_rate"": 0.05, ""max_depth"": 1, ""n_estimators"": 100, ""n_train"": 4779, ""validation"": ""last purged expanding fold""}",decimal
2024-04-30,2024-05-15,10,30.0,0.0486599503174165,0.04726089160231796,-0.0013990587150985445,NS_XGBOOST,NS,direct_change,"{""configurations_evaluated"": 3, ""learning_rate"": 0.05, ""max_depth"": 1, ""n_estimators"": 100, ""n_train"": 4779, ""validation"": ""last purged expanding fold""}",decimal
2024-04-30,2024-05-15,10,0.25,0.0300428571428571,0.030665669676446655,0.0006228125335895549,PCA_XGBOOST,PCA,direct_change,"{""configurations_evaluated"": 3, ""learning_rate"": 0.05, ""max_depth"": 1, ""n_estimators"": 100, ""n_train"": 4779, ""validation"": ""last purged expanding fold""}",decimal
2024-04-30,2024-05-15,10,0.5,0.0304804347826086,0.03085741220944663,0.00037697742683803076,PCA_XGBOOST,PCA,direct_change,"{""configurations_evaluated"": 3, ""learning_rate"": 0.05, ""max_depth"": 1, ""n_estimators"": 100, ""n_train"": 4779, ""validation"": ""last purged expanding fold""}",decimal
2024-04-30,2024-05-15,10,1.0,0.031133884297520602,0.03130758861085931,0.00017370431333870937,PCA_XGBOOST,PCA,direct_change,"{""configurations_evaluated"": 3, ""learning_rate"": 0.05, ""max_depth"": 1, ""n_estimators"": 100, ""n_train"": 4779, ""validation"": ""last purged expanding fold""}",decimal
2024-04-30,2024-05-15,10,2.0,0.0321856009070294,0.03216652303781546,-1.9077869213936227e-05,PCA_XGBOOST,PCA,direct_change,"{""configurations_evaluated"": 3, ""learning_rate"": 0.05, ""max_depth"": 1, ""n_estimators"": 100, ""n_train"": 4779, ""validation"": ""last purged expanding fold""}",decimal
2024-04-30,2024-05-15,10,5.0,0.034424584103512,0.03390463068154357,-0.000519953421968429,PCA_XGBOOST,PCA,direct_change,"{""configurations_evaluated"": 3, ""learning_rate"": 0.05, ""max_depth"": 1, ""n_estimators"": 100, ""n_train"": 4779, ""validation"": ""last purged expanding fold""}",decimal
2024-04-30,2024-05-15,10,10.0,0.0373416812609457,0.036691482513858786,-0.0006501987470869108,PCA_XGBOOST,PCA,direct_change,"{""configurations_evaluated"": 3, ""learning_rate"": 0.05, ""max_depth"": 1, ""n_estimators"": 100, ""n_train"": 4779, ""validation"": ""last purged expanding fold""}",decimal
2024-04-30,2024-05-15,10,15.0,0.0402994594594594,0.03966705892718657,-0.0006324005322728282,PCA_XGBOOST,PCA,direct_change,"{""configurations_evaluated"": 3, ""learning_rate"": 0.05, ""max_depth"": 1, ""n_estimators"": 100, ""n_train"": 4779, ""validation"": ""last purged expanding fold""}",decimal
2024-04-30,2024-05-15,10,20.0,0.0421593847758081,0.04328125962454137,0.001121874848733273,PCA_XGBOOST,PCA,direct_change,"{""configurations_evaluated"": 3, ""learning_rate"": 0.05, ""max_depth"": 1, ""n_estimators"": 100, ""n_train"": 4779, ""validation"": ""last purged expanding fold""}",decimal
2024-04-30,2024-05-15,10,30.0,0.0486599503174165,0.047781314195182945,-0.0008786361222335587,PCA_XGBOOST,PCA,direct_change,"{""configurations_evaluated"": 3, ""learning_rate"": 0.05, ""max_depth"": 1, ""n_estimators"": 100, ""n_train"": 4779, ""validation"": ""last purged expanding fold""}",decimal
2024-04-30,2024-05-31,22,0.25,0.0303462686567164,0.030825255929994338,0.00047898727327793864,NS_XGBOOST,NS,direct_change,"{""configurations_evaluated"": 3, ""learning_rate"": 0.05, ""max_depth"": 1, ""n_estimators"": 100, ""n_train"": 4767, ""validation"": ""last purged expanding fold""}",decimal
2024-04-30,2024-05-31,22,0.5,0.030707766990291197,0.03092117349618891,0.00021340650589771193,NS_XGBOOST,NS,direct_change,"{""configurations_evaluated"": 3, ""learning_rate"": 0.05, ""max_depth"": 1, ""n_estimators"": 100, ""n_train"": 4767, ""validation"": ""last purged expanding fold""}",decimal
2024-04-30,2024-05-31,22,1.0,0.0311127906976744,0.031128771602891833,1.5980905217434505e-05,NS_XGBOOST,NS,direct_change,"{""configurations_evaluated"": 3, ""learning_rate"": 0.05, ""max_depth"": 1, ""n_estimators"": 100, ""n_train"": 4767, ""validation"": ""last purged expanding fold""}",decimal
2024-04-30,2024-05-31,22,2.0,0.0325095238095238,0.03159922209854391,-0.0009103017109798883,NS_XGBOOST,NS,direct_change,"{""configurations_evaluated"": 3, ""learning_rate"": 0.05, ""max_depth"": 1, ""n_estimators"": 100, ""n_train"": 4767, ""validation"": ""last purged expanding fold""}",decimal
2024-04-30,2024-05-31,22,5.0,0.0343064935064935,0.033319247794717455,-0.0009872457117760455,NS_XGBOOST,NS,direct_change,"{""configurations_evaluated"": 3, ""learning_rate"": 0.05, ""max_depth"": 1, ""n_estimators"": 100, ""n_train"": 4767, ""validation"": ""last purged expanding fold""}",decimal
2024-04-30,2024-05-31,22,10.0,0.0375996627318718,0.036601986705420454,-0.000997676026451344,NS_XGBOOST,NS,direct_change,"{""configurations_evaluated"": 3, ""learning_rate"": 0.05, ""max_depth"": 1, ""n_estimators"": 100, ""n_train"": 4767, ""validation"": ""last purged expanding fold""}",decimal
2024-04-30,2024-05-31,22,15.0,0.0402333900226757,0.039789908155570965,-0.00044348186710473775,NS_XGBOOST,NS,direct_change,"{""configurations_evaluated"": 3, ""learning_rate"": 0.05, ""max_depth"": 1, ""n_estimators"": 100, ""n_train"": 4767, ""validation"": ""last purged expanding fold""}",decimal
2024-04-30,2024-05-31,22,20.0,0.0422169811320754,0.042594603982990184,0.00037762285091478415,NS_XGBOOST,NS,direct_change,"{""configurations_evaluated"": 3, ""learning_rate"": 0.05, ""max_depth"": 1, ""n_estimators"": 100, ""n_train"": 4767, ""validation"": ""last purged expanding fold""}",decimal
2024-04-30,2024-05-31,22,30.0,0.048726929092805,0.04690029865209188,-0.0018266304407131215,NS_XGBOOST,NS,direct_change,"{""configurations_evaluated"": 3, ""learning_rate"": 0.05, ""max_depth"": 1, ""n_estimators"": 100, ""n_train"": 4767, ""validation"": ""last purged expanding fold""}",decimal
2024-04-30,2024-05-31,22,0.25,0.0303462686567164,0.03055738413133055,0.00021111547461415137,PCA_XGBOOST,PCA,direct_change,"{""configurations_evaluated"": 3, ""learning_rate"": 0.05, ""max_depth"": 1, ""n_estimators"": 100, ""n_train"": 4767, ""validation"": ""last purged expanding fold""}",decimal
2024-04-30,2024-05-31,22,0.5,0.030707766990291197,0.030757550705342675,4.978371505147752e-05,PCA_XGBOOST,PCA,direct_change,"{""configurations_evaluated"": 3, ""learning_rate"": 0.05, ""max_depth"": 1, ""n_estimators"": 100, ""n_train"": 4767, ""validation"": ""last purged expanding fold""}",decimal
2024-04-30,2024-05-31,22,1.0,0.0311127906976744,0.031218470097832324,0.00010567940015792504,PCA_XGBOOST,PCA,direct_change,"{""configurations_evaluated"": 3, ""learning_rate"": 0.05, ""max_depth"": 1, ""n_estimators"": 100, ""n_train"": 4767, ""validation"": ""last purged expanding fold""}",decimal
2024-04-30,2024-05-31,22,2.0,0.0325095238095238,0.03209390863576315,-0.0004156151737606528,PCA_XGBOOST,PCA,direct_change,"{""configurations_evaluated"": 3, ""learning_rate"": 0.05, ""max_depth"": 1, ""n_estimators"": 100, ""n_train"": 4767, ""validation"": ""last purged expanding fold""}",decimal
2024-04-30,2024-05-31,22,5.0,0.0343064935064935,0.03383507919280544,-0.00047141431368805803,PCA_XGBOOST,PCA,direct_change,"{""configurations_evaluated"": 3, ""learning_rate"": 0.05, ""max_depth"": 1, ""n_estimators"": 100, ""n_train"": 4767, ""validation"": ""last purged expanding fold""}",decimal
2024-04-30,2024-05-31,22,10.0,0.0375996627318718,0.036621868901509966,-0.0009777938303618325,PCA_XGBOOST,PCA,direct_change,"{""configurations_evaluated"": 3, ""learning_rate"": 0.05, ""max_depth"": 1, ""n_estimators"": 100, ""n_train"": 4767, ""validation"": ""last purged expanding fold""}",decimal
2024-04-30,2024-05-31,22,15.0,0.0402333900226757,0.039578843540960904,-0.0006545464817147989,PCA_XGBOOST,PCA,direct_change,"{""configurations_evaluated"": 3, ""learning_rate"": 0.05, ""max_depth"": 1, ""n_estimators"": 100, ""n_train"": 4767, ""validation"": ""last purged expanding fold""}",decimal
2024-04-30,2024-05-31,22,20.0,0.0422169811320754,0.043107155879930706,0.000890174747855306,PCA_XGBOOST,PCA,direct_change,"{""configurations_evaluated"": 3, ""learning_rate"": 0.05, ""max_depth"": 1, ""n_estimators"": 100, ""n_train"": 4767, ""validation"": ""last purged expanding fold""}",decimal
2024-04-30,2024-05-31,22,30.0,0.048726929092805,0.0475403003551047,-0.0011866287377002988,PCA_XGBOOST,PCA,direct_change,"{""configurations_evaluated"": 3, ""learning_rate"": 0.05, ""max_depth"": 1, ""n_estimators"": 100, ""n_train"": 4767, ""validation"": ""last purged expanding fold""}",decimal
2024-05-31,2024-06-07,5,0.25,0.030609523809523802,0.0309521626925135,0.000342638882989698,NS_XGBOOST,NS,direct_change,"{""configurations_evaluated"": 3, ""learning_rate"": 0.05, ""max_depth"": 1, ""n_estimators"": 100, ""n_train"": 4806, ""validation"": ""last purged expanding fold""}",decimal
2024-05-31,2024-06-07,5,0.5,0.0311214285714285,0.03108473254559569,-3.669602583281084e-05,NS_XGBOOST,NS,direct_change,"{""configurations_evaluated"": 3, ""learning_rate"": 0.05, ""max_depth"": 1, ""n_estimators"": 100, ""n_train"": 4806, ""validation"": ""last purged expanding fold""}",decimal
2024-05-31,2024-06-07,5,1.0,0.0317584717607973,0.03136087512122544,-0.00039759663957185387,NS_XGBOOST,NS,direct_change,"{""configurations_evaluated"": 3, ""learning_rate"": 0.05, ""max_depth"": 1, ""n_estimators"": 100, ""n_train"": 4806, ""validation"": ""last purged expanding fold""}",decimal
2024-05-31,2024-06-07,5,2.0,0.0325977324263038,0.03195089859290209,-0.0006468338334017151,NS_XGBOOST,NS,direct_change,"{""configurations_evaluated"": 3, ""learning_rate"": 0.05, ""max_depth"": 1, ""n_estimators"": 100, ""n_train"": 4806, ""validation"": ""last purged expanding fold""}",decimal
2024-05-31,2024-06-07,5,5.0,0.0343545454545454,0.033916342308715305,-0.0004382031458300961,NS_XGBOOST,NS,direct_change,"{""configurations_evaluated"": 3, ""learning_rate"": 0.05, ""max_depth"": 1, ""n_estimators"": 100, ""n_train"": 4806, ""validation"": ""last purged expanding fold""}",decimal
2024-05-31,2024-06-07,5,10.0,0.0373783439490445,0.037361921671399616,-1.6422277644881356e-05,NS_XGBOOST,NS,direct_change,"{""configurations_evaluated"": 3, ""learning_rate"": 0.05, ""max_depth"": 1, ""n_estimators"": 100, ""n_train"": 4806, ""validation"": ""last purged expanding fold""}",decimal
2024-05-31,2024-06-07,5,15.0,0.0398014223871366,0.04055464272764411,0.00075322034050751,NS_XGBOOST,NS,direct_change,"{""configurations_evaluated"": 3, ""learning_rate"": 0.05, ""max_depth"": 1, ""n_estimators"": 100, ""n_train"": 4806, ""validation"": ""last purged expanding fold""}",decimal
2024-05-31,2024-06-07,5,20.0,0.0421838373305526,0.04329868353234975,0.001114846201797151,NS_XGBOOST,NS,direct_change,"{""configurations_evaluated"": 3, ""learning_rate"": 0.05, ""max_depth"": 1, ""n_estimators"": 100, ""n_train"": 4806, ""validation"": ""last purged expanding fold""}",decimal
2024-05-31,2024-06-07,5,30.0,0.0485612207265351,0.04743935448299005,-0.0011218662435450513,NS_XGBOOST,NS,direct_change,"{""configurations_evaluated"": 3, ""learning_rate"": 0.05, ""max_depth"": 1, ""n_estimators"": 100, ""n_train"": 4806, ""validation"": ""last purged expanding fold""}",decimal
2024-05-31,2024-06-07,5,0.25,0.030609523809523802,0.030608811870612485,-7.119389113172114e-07,PCA_XGBOOST,PCA,direct_change,"{""configurations_evaluated"": 3, ""learning_rate"": 0.05, ""max_depth"": 1, ""n_estimators"": 100, ""n_train"": 4806, ""validation"": ""last purged expanding fold""}",decimal
2024-05-31,2024-06-07,5,0.5,0.0311214285714285,0.030838475169632402,-0.00028295340179609885,PCA_XGBOOST,PCA,direct_change,"{""configurations_evaluated"": 3, ""learning_rate"": 0.05, ""max_depth"": 1, ""n_estimators"": 100, ""n_train"": 4806, ""validation"": ""last purged expanding fold""}",decimal
2024-05-31,2024-06-07,5,1.0,0.0317584717607973,0.03134685214521537,-0.00041161961558192767,PCA_XGBOOST,PCA,direct_change,"{""configurations_evaluated"": 3, ""learning_rate"": 0.05, ""max_depth"": 1, ""n_estimators"": 100, ""n_train"": 4806, ""validation"": ""last purged expanding fold""}",decimal
2024-05-31,2024-06-07,5,2.0,0.0325977324263038,0.03228893057363618,-0.00030880185266762145,PCA_XGBOOST,PCA,direct_change,"{""configurations_evaluated"": 3, ""learning_rate"": 0.05, ""max_depth"": 1, ""n_estimators"": 100, ""n_train"": 4806, ""validation"": ""last purged expanding fold""}",decimal
2024-05-31,2024-06-07,5,5.0,0.0343545454545454,0.03416157924573235,-0.00019296620881305293,PCA_XGBOOST,PCA,direct_change,"{""configurations_evaluated"": 3, ""learning_rate"": 0.05, ""max_depth"": 1, ""n_estimators"": 100, ""n_train"": 4806, ""validation"": ""last purged expanding fold""}",decimal
2024-05-31,2024-06-07,5,10.0,0.0373783439490445,0.03706746345730765,-0.0003108804917368452,PCA_XGBOOST,PCA,direct_change,"{""configurations_evaluated"": 3, ""learning_rate"": 0.05, ""max_depth"": 1, ""n_estimators"": 100, ""n_train"": 4806, ""validation"": ""last purged expanding fold""}",decimal
2024-05-31,2024-06-07,5,15.0,0.0398014223871366,0.040074116872459604,0.0002726944853230079,PCA_XGBOOST,PCA,direct_change,"{""configurations_evaluated"": 3, ""learning_rate"": 0.05, ""max_depth"": 1, ""n_estimators"": 100, ""n_train"": 4806, ""validation"": ""last purged expanding fold""}",decimal
2024-05-31,2024-06-07,5,20.0,0.0421838373305526,0.0435740851953735,0.0013902478648208996,PCA_XGBOOST,PCA,direct_change,"{""configurations_evaluated"": 3, ""learning_rate"": 0.05, ""max_depth"": 1, ""n_estimators"": 100, ""n_train"": 4806, ""validation"": ""last purged expanding fold""}",decimal
2024-05-31,2024-06-07,5,30.0,0.0485612207265351,0.04790728355136854,-0.0006539371751665551,PCA_XGBOOST,PCA,direct_change,"{""configurations_evaluated"": 3, ""learning_rate"": 0.05, ""max_depth"": 1, ""n_estimators"": 100, ""n_train"": 4806, ""validation"": ""last purged expanding fold""}",decimal
2024-05-31,2024-06-14,10,0.25,0.030857142857142802,0.03087254513673149,1.54022795886867e-05,NS_XGBOOST,NS,direct_change,"{""configurations_evaluated"": 3, ""learning_rate"": 0.05, ""max_depth"": 1, ""n_estimators"": 100, ""n_train"": 4801, ""validation"": ""last purged expanding fold""}",decimal
2024-05-31,2024-06-14,10,0.5,0.031179365079364998,0.031005227617053523,-0.00017413746231147512,NS_XGBOOST,NS,direct_change,"{""configurations_evaluated"": 3, ""learning_rate"": 0.05, ""max_depth"": 1, ""n_estimators"": 100, ""n_train"": 4801, ""validation"": ""last purged expanding fold""}",decimal
2024-05-31,2024-06-14,10,1.0,0.0317817275747508,0.03128149151815012,-0.0005002360566006767,NS_XGBOOST,NS,direct_change,"{""configurations_evaluated"": 3, ""learning_rate"": 0.05, ""max_depth"": 1, ""n_estimators"": 100, ""n_train"": 4801, ""validation"": ""last purged expanding fold""}",decimal
2024-05-31,2024-06-14,10,2.0,0.032631746031746,0.03187138390920283,-0.0007603621225431706,NS_XGBOOST,NS,direct_change,"{""configurations_evaluated"": 3, ""learning_rate"": 0.05, ""max_depth"": 1, ""n_estimators"": 100, ""n_train"": 4801, ""validation"": ""last purged expanding fold""}",decimal
2024-05-31,2024-06-14,10,5.0,0.0344307359307359,0.03383417114431771,-0.0005965647864181953,NS_XGBOOST,NS,direct_change,"{""configurations_evaluated"": 3, ""learning_rate"": 0.05, ""max_depth"": 1, ""n_estimators"": 100, ""n_train"": 4801, ""validation"": ""last purged expanding fold""}",decimal
2024-05-31,2024-06-14,10,10.0,0.0373891719745223,0.03727121123036463,-0.00011796074415767327,NS_XGBOOST,NS,direct_change,"{""configurations_evaluated"": 3, ""learning_rate"": 0.05, ""max_depth"": 1, ""n_estimators"": 100, ""n_train"": 4801, ""validation"": ""last purged expanding fold""}",decimal
2024-05-31,2024-06-14,10,15.0,0.0399045763760049,0.040453898630809046,0.0005493222548041479,NS_XGBOOST,NS,direct_change,"{""configurations_evaluated"": 3, ""learning_rate"": 0.05, ""max_depth"": 1, ""n_estimators"": 100, ""n_train"": 4801, ""validation"": ""last purged expanding fold""}",decimal
2024-05-31,2024-06-14,10,20.0,0.042195516162669394,0.04318837530877432,0.0009928591461049255,NS_XGBOOST,NS,direct_change,"{""configurations_evaluated"": 3, ""learning_rate"": 0.05, ""max_depth"": 1, ""n_estimators"": 100, ""n_train"": 4801, ""validation"": ""last purged expanding fold""}",decimal
2024-05-31,2024-06-14,10,30.0,0.048592582341544406,0.0473135472104194,-0.0012790351311250045,NS_XGBOOST,NS,direct_change,"{""configurations_evaluated"": 3, ""learning_rate"": 0.05, ""max_depth"": 1, ""n_estimators"": 100, ""n_train"": 4801, ""validation"": ""last purged expanding fold""}",decimal
2024-05-31,2024-06-14,10,0.25,0.030857142857142802,0.030626297121178602,-0.00023084573596419966,PCA_XGBOOST,PCA,direct_change,"{""configurations_evaluated"": 3, ""learning_rate"": 0.05, ""max_depth"": 1, ""n_estimators"": 100, ""n_train"": 4801, ""validation"": ""last purged expanding fold""}",decimal
2024-05-31,2024-06-14,10,0.5,0.031179365079364998,0.03086115228890025,-0.0003182127904647475,PCA_XGBOOST,PCA,direct_change,"{""configurations_evaluated"": 3, ""learning_rate"": 0.05, ""max_depth"": 1, ""n_estimators"": 100, ""n_train"": 4801, ""validation"": ""last purged expanding fold""}",decimal
2024-05-31,2024-06-14,10,1.0,0.0317817275747508,0.031375901476509864,-0.00040582609824093424,PCA_XGBOOST,PCA,direct_change,"{""configurations_evaluated"": 3, ""learning_rate"": 0.05, ""max_depth"": 1, ""n_estimators"": 100, ""n_train"": 4801, ""validation"": ""last purged expanding fold""}",decimal
2024-05-31,2024-06-14,10,2.0,0.032631746031746,0.03232724383384442,-0.00030450219790157523,PCA_XGBOOST,PCA,direct_change,"{""configurations_evaluated"": 3, ""learning_rate"": 0.05, ""max_depth"": 1, ""n_estimators"": 100, ""n_train"": 4801, ""validation"": ""last purged expanding fold""}",decimal
2024-05-31,2024-06-14,10,5.0,0.0344307359307359,0.034201701765207565,-0.00022903416552833705,PCA_XGBOOST,PCA,direct_change,"{""configurations_evaluated"": 3, ""learning_rate"": 0.05, ""max_depth"": 1, ""n_estimators"": 100, ""n_train"": 4801, ""validation"": ""last purged expanding fold""}",decimal
2024-05-31,2024-06-14,10,10.0,0.0373891719745223,0.03710625491739425,-0.0002829170571280529,PCA_XGBOOST,PCA,direct_change,"{""configurations_evaluated"": 3, ""learning_rate"": 0.05, ""max_depth"": 1, ""n_estimators"": 100, ""n_train"": 4801, ""validation"": ""last purged expanding fold""}",decimal
2024-05-31,2024-06-14,10,15.0,0.0399045763760049,0.04010230236295079,0.0001977259869458889,PCA_XGBOOST,PCA,direct_change,"{""configurations_evaluated"": 3, ""learning_rate"": 0.05, ""max_depth"": 1, ""n_estimators"": 100, ""n_train"": 4801, ""validation"": ""last purged expanding fold""}",decimal
2024-05-31,2024-06-14,10,20.0,0.042195516162669394,0.043555571051817815,0.001360054889148421,PCA_XGBOOST,PCA,direct_change,"{""configurations_evaluated"": 3, ""learning_rate"": 0.05, ""max_depth"": 1, ""n_estimators"": 100, ""n_train"": 4801, ""validation"": ""last purged expanding fold""}",decimal
2024-05-31,2024-06-14,10,30.0,0.048592582341544406,0.047840555481170714,-0.0007520268603736918,PCA_XGBOOST,PCA,direct_change,"{""configurations_evaluated"": 3, ""learning_rate"": 0.05, ""max_depth"": 1, ""n_estimators"": 100, ""n_train"": 4801, ""validation"": ""last purged expanding fold""}",decimal
2024-05-31,2024-07-04,22,0.25,0.0276021739130434,0.030787413617741184,0.0031852397046977857,NS_XGBOOST,NS,direct_change,"{""configurations_evaluated"": 3, ""learning_rate"": 0.05, ""max_depth"": 1, ""n_estimators"": 100, ""n_train"": 4789, ""validation"": ""last purged expanding fold""}",decimal
2024-05-31,2024-07-04,22,0.5,0.0275709677419354,0.03091322632525693,0.0033422585833215307,NS_XGBOOST,NS,direct_change,"{""configurations_evaluated"": 3, ""learning_rate"": 0.05, ""max_depth"": 1, ""n_estimators"": 100, ""n_train"": 4789, ""validation"": ""last purged expanding fold""}",decimal
2024-05-31,2024-07-04,22,1.0,0.028367441860465095,0.031176421599968408,0.0028089797395033124,NS_XGBOOST,NS,direct_change,"{""configurations_evaluated"": 3, ""learning_rate"": 0.05, ""max_depth"": 1, ""n_estimators"": 100, ""n_train"": 4789, ""validation"": ""last purged expanding fold""}",decimal
2024-05-31,2024-07-04,22,2.0,0.029752947845804904,0.03174266710650212,0.001989719260697218,NS_XGBOOST,NS,direct_change,"{""configurations_evaluated"": 3, ""learning_rate"": 0.05, ""max_depth"": 1, ""n_estimators"": 100, ""n_train"": 4789, ""validation"": ""last purged expanding fold""}",decimal
2024-05-31,2024-07-04,22,5.0,0.0327036363636363,0.0336510046066795,0.0009473682430431937,NS_XGBOOST,NS,direct_change,"{""configurations_evaluated"": 3, ""learning_rate"": 0.05, ""max_depth"": 1, ""n_estimators"": 100, ""n_train"": 4789, ""validation"": ""last purged expanding fold""}",decimal
2024-05-31,2024-07-04,22,10.0,0.0359180451127819,0.037035124928444116,0.0011170798156622183,NS_XGBOOST,NS,direct_change,"{""configurations_evaluated"": 3, ""learning_rate"": 0.05, ""max_depth"": 1, ""n_estimators"": 100, ""n_train"": 4789, ""validation"": ""last purged expanding fold""}",decimal
2024-05-31,2024-07-04,22,15.0,0.038434817563389,0.04019201485399513,0.0017571972906061314,NS_XGBOOST,NS,direct_change,"{""configurations_evaluated"": 3, ""learning_rate"": 0.05, ""max_depth"": 1, ""n_estimators"": 100, ""n_train"": 4789, ""validation"": ""last purged expanding fold""}",decimal
2024-05-31,2024-07-04,22,20.0,0.0408123566214807,0.04291462404208936,0.002102267420608657,NS_XGBOOST,NS,direct_change,"{""configurations_evaluated"": 3, ""learning_rate"": 0.05, ""max_depth"": 1, ""n_estimators"": 100, ""n_train"": 4789, ""validation"": ""last purged expanding fold""}",decimal
2024-05-31,2024-07-04,22,30.0,0.048720576017723595,0.04703357951362574,-0.0016869965040978568,NS_XGBOOST,NS,direct_change,"{""configurations_evaluated"": 3, ""learning_rate"": 0.05, ""max_depth"": 1, ""n_estimators"": 100, ""n_train"": 4789, ""validation"": ""last purged expanding fold""}",decimal
2024-05-31,2024-07-04,22,0.25,0.0276021739130434,0.03048032762337586,0.002878153710332461,PCA_XGBOOST,PCA,direct_change,"{""configurations_evaluated"": 3, ""learning_rate"": 0.05, ""max_depth"": 1, ""n_estimators"": 100, ""n_train"": 4789, ""validation"": ""last purged expanding fold""}",decimal
2024-05-31,2024-07-04,22,0.5,0.0275709677419354,0.030723705533411246,0.003152737791475846,PCA_XGBOOST,PCA,direct_change,"{""configurations_evaluated"": 3, ""learning_rate"": 0.05, ""max_depth"": 1, ""n_estimators"": 100, ""n_train"": 4789, ""validation"": ""last purged expanding fold""}",decimal
2024-05-31,2024-07-04,22,1.0,0.028367441860465095,0.03125165992616417,0.002884218065699072,PCA_XGBOOST,PCA,direct_change,"{""configurations_evaluated"": 3, ""learning_rate"": 0.05, ""max_depth"": 1, ""n_estimators"": 100, ""n_train"": 4789, ""validation"": ""last purged expanding fold""}",decimal
2024-05-31,2024-07-04,22,2.0,0.029752947845804904,0.03222359945292831,0.002470651607123408,PCA_XGBOOST,PCA,direct_change,"{""configurations_evaluated"": 3, ""learning_rate"": 0.05, ""max_depth"": 1, ""n_estimators"": 100, ""n_train"": 4789, ""validation"": ""last purged expanding fold""}",decimal
2024-05-31,2024-07-04,22,5.0,0.0327036363636363,0.03412007941788842,0.00141644305425212,PCA_XGBOOST,PCA,direct_change,"{""configurations_evaluated"": 3, ""learning_rate"": 0.05, ""max_depth"": 1, ""n_estimators"": 100, ""n_train"": 4789, ""validation"": ""last purged expanding fold""}",decimal
2024-05-31,2024-07-04,22,10.0,0.0359180451127819,0.03704409561520735,0.001126050502425452,PCA_XGBOOST,PCA,direct_change,"{""configurations_evaluated"": 3, ""learning_rate"": 0.05, ""max_depth"": 1, ""n_estimators"": 100, ""n_train"": 4789, ""validation"": ""last purged expanding fold""}",decimal
2024-05-31,2024-07-04,22,15.0,0.038434817563389,0.04003801115725068,0.0016031935938616848,PCA_XGBOOST,PCA,direct_change,"{""configurations_evaluated"": 3, ""learning_rate"": 0.05, ""max_depth"": 1, ""n_estimators"": 100, ""n_train"": 4789, ""validation"": ""last purged expanding fold""}",decimal
2024-05-31,2024-07-04,22,20.0,0.0408123566214807,0.04343352708053597,0.002621170459055272,PCA_XGBOOST,PCA,direct_change,"{""configurations_evaluated"": 3, ""learning_rate"": 0.05, ""max_depth"": 1, ""n_estimators"": 100, ""n_train"": 4789, ""validation"": ""last purged expanding fold""}",decimal
2024-05-31,2024-07-04,22,30.0,0.048720576017723595,0.04765902672141894,-0.0010615492963046563,PCA_XGBOOST,PCA,direct_change,"{""configurations_evaluated"": 3, ""learning_rate"": 0.05, ""max_depth"": 1, ""n_estimators"": 100, ""n_train"": 4789, ""validation"": ""last purged expanding fold""}",decimal
2024-06-28,2024-07-05,5,0.25,0.027450000000000002,0.02835863049559105,0.0009086304955910479,NS_XGBOOST,NS,direct_change,"{""configurations_evaluated"": 3, ""learning_rate"": 0.05, ""max_depth"": 1, ""n_estimators"": 100, ""n_train"": 4824, ""validation"": ""last purged expanding fold""}",decimal
2024-06-28,2024-07-05,5,0.5,0.0275725806451612,0.02852536372024602,0.000952783075084819,NS_XGBOOST,NS,direct_change,"{""configurations_evaluated"": 3, ""learning_rate"": 0.05, ""max_depth"": 1, ""n_estimators"": 100, ""n_train"": 4824, ""validation"": ""last purged expanding fold""}",decimal
2024-06-28,2024-07-05,5,1.0,0.0283720930232558,0.02886543825958301,0.0004933452363272105,NS_XGBOOST,NS,direct_change,"{""configurations_evaluated"": 3, ""learning_rate"": 0.05, ""max_depth"": 1, ""n_estimators"": 100, ""n_train"": 4824, ""validation"": ""last purged expanding fold""}",decimal
2024-06-28,2024-07-05,5,2.0,0.0297562358276643,0.029567149900159677,-0.00018908592750462375,NS_XGBOOST,NS,direct_change,"{""configurations_evaluated"": 3, ""learning_rate"": 0.05, ""max_depth"": 1, ""n_estimators"": 100, ""n_train"": 4824, ""validation"": ""last purged expanding fold""}",decimal
2024-06-28,2024-07-05,5,5.0,0.0327054545454545,0.031762953556852505,-0.0009425009886019978,NS_XGBOOST,NS,direct_change,"{""configurations_evaluated"": 3, ""learning_rate"": 0.05, ""max_depth"": 1, ""n_estimators"": 100, ""n_train"": 4824, ""validation"": ""last purged expanding fold""}",decimal
2024-06-28,2024-07-05,5,10.0,0.0359194331983805,0.03536457560258672,-0.0005548575957937812,NS_XGBOOST,NS,direct_change,"{""configurations_evaluated"": 3, ""learning_rate"": 0.05, ""max_depth"": 1, ""n_estimators"": 100, ""n_train"": 4824, ""validation"": ""last purged expanding fold""}",decimal
2024-06-28,2024-07-05,5,15.0,0.0384360544217687,0.03856650582703025,0.0001304514052615502,NS_XGBOOST,NS,direct_change,"{""configurations_evaluated"": 3, ""learning_rate"": 0.05, ""max_depth"": 1, ""n_estimators"": 100, ""n_train"": 4824, ""validation"": ""last purged expanding fold""}",decimal
2024-06-28,2024-07-05,5,20.0,0.0408056830031282,0.041258429881299984,0.0004527468781717822,NS_XGBOOST,NS,direct_change,"{""configurations_evaluated"": 3, ""learning_rate"": 0.05, ""max_depth"": 1, ""n_estimators"": 100, ""n_train"": 4824, ""validation"": ""last purged expanding fold""}",decimal
2024-06-28,2024-07-05,5,30.0,0.048720576017723595,0.04525234845586123,-0.0034682275618623665,NS_XGBOOST,NS,direct_change,"{""configurations_evaluated"": 3, ""learning_rate"": 0.05, ""max_depth"": 1, ""n_estimators"": 100, ""n_train"": 4824, ""validation"": ""last purged expanding fold""}",decimal
2024-06-28,2024-07-05,5,0.25,0.027450000000000002,0.028069976834714672,0.0006199768347146702,PCA_XGBOOST,PCA,direct_change,"{""configurations_evaluated"": 3, ""learning_rate"": 0.05, ""max_depth"": 1, ""n_estimators"": 100, ""n_train"": 4824, ""validation"": ""last purged expanding fold""}",decimal
2024-06-28,2024-07-05,5,0.5,0.0275725806451612,0.02834527493823672,0.0007726942930755196,PCA_XGBOOST,PCA,direct_change,"{""configurations_evaluated"": 3, ""learning_rate"": 0.05, ""max_depth"": 1, ""n_estimators"": 100, ""n_train"": 4824, ""validation"": ""last purged expanding fold""}",decimal
2024-06-28,2024-07-05,5,1.0,0.0283720930232558,0.028942445526309014,0.0005703525030532133,PCA_XGBOOST,PCA,direct_change,"{""configurations_evaluated"": 3, ""learning_rate"": 0.05, ""max_depth"": 1, ""n_estimators"": 100, ""n_train"": 4824, ""validation"": ""last purged expanding fold""}",decimal
2024-06-28,2024-07-05,5,2.0,0.0297562358276643,0.030030491188185935,0.0002742553605216344,PCA_XGBOOST,PCA,direct_change,"{""configurations_evaluated"": 3, ""learning_rate"": 0.05, ""max_depth"": 1, ""n_estimators"": 100, ""n_train"": 4824, ""validation"": ""last purged expanding fold""}",decimal
2024-06-28,2024-07-05,5,5.0,0.0327054545454545,0.03214667348830713,-0.0005587810571473714,PCA_XGBOOST,PCA,direct_change,"{""configurations_evaluated"": 3, ""learning_rate"": 0.05, ""max_depth"": 1, ""n_estimators"": 100, ""n_train"": 4824, ""validation"": ""last purged expanding fold""}",decimal
2024-06-28,2024-07-05,5,10.0,0.0359194331983805,0.03531043334431245,-0.0006089998540680513,PCA_XGBOOST,PCA,direct_change,"{""configurations_evaluated"": 3, ""learning_rate"": 0.05, ""max_depth"": 1, ""n_estimators"": 100, ""n_train"": 4824, ""validation"": ""last purged expanding fold""}",decimal
2024-06-28,2024-07-05,5,15.0,0.0384360544217687,0.038402518610218705,-3.3535811549995076e-05,PCA_XGBOOST,PCA,direct_change,"{""configurations_evaluated"": 3, ""learning_rate"": 0.05, ""max_depth"": 1, ""n_estimators"": 100, ""n_train"": 4824, ""validation"": ""last purged expanding fold""}",decimal
2024-06-28,2024-07-05,5,20.0,0.0408056830031282,0.04169455334659206,0.0008888703434638615,PCA_XGBOOST,PCA,direct_change,"{""configurations_evaluated"": 3, ""learning_rate"": 0.05, ""max_depth"": 1, ""n_estimators"": 100, ""n_train"": 4824, ""validation"": ""last purged expanding fold""}",decimal
2024-06-28,2024-07-05,5,30.0,0.048720576017723595,0.045946775856319476,-0.002773800161404119,PCA_XGBOOST,PCA,direct_change,"{""configurations_evaluated"": 3, ""learning_rate"": 0.05, ""max_depth"": 1, ""n_estimators"": 100, ""n_train"": 4824, ""validation"": ""last purged expanding fold""}",decimal
2024-06-28,2024-07-12,10,0.25,0.0272576086956521,0.02824471459439156,0.0009871058987394599,NS_XGBOOST,NS,direct_change,"{""configurations_evaluated"": 3, ""learning_rate"": 0.05, ""max_depth"": 1, ""n_estimators"": 100, ""n_train"": 4819, ""validation"": ""last purged expanding fold""}",decimal
2024-06-28,2024-07-12,10,0.5,0.027383870967741905,0.02839383896985342,0.0010099680021115158,NS_XGBOOST,NS,direct_change,"{""configurations_evaluated"": 3, ""learning_rate"": 0.05, ""max_depth"": 1, ""n_estimators"": 100, ""n_train"": 4819, ""validation"": ""last purged expanding fold""}",decimal
2024-06-28,2024-07-12,10,1.0,0.0279747508305647,0.028701067258317555,0.0007263164277528551,NS_XGBOOST,NS,direct_change,"{""configurations_evaluated"": 3, ""learning_rate"": 0.05, ""max_depth"": 1, ""n_estimators"": 100, ""n_train"": 4819, ""validation"": ""last purged expanding fold""}",decimal
2024-06-28,2024-07-12,10,2.0,0.0290717687074829,0.029345804476537642,0.00027403576905474236,NS_XGBOOST,NS,direct_change,"{""configurations_evaluated"": 3, ""learning_rate"": 0.05, ""max_depth"": 1, ""n_estimators"": 100, ""n_train"": 4819, ""validation"": ""last purged expanding fold""}",decimal
2024-06-28,2024-07-12,10,5.0,0.0316792207792207,0.03142693120306437,-0.00025228957615633374,NS_XGBOOST,NS,direct_change,"{""configurations_evaluated"": 3, ""learning_rate"": 0.05, ""max_depth"": 1, ""n_estimators"": 100, ""n_train"": 4819, ""validation"": ""last purged expanding fold""}",decimal
2024-06-28,2024-07-12,10,10.0,0.035527935222672,0.03495887865097566,-0.0005690565716963414,NS_XGBOOST,NS,direct_change,"{""configurations_evaluated"": 3, ""learning_rate"": 0.05, ""max_depth"": 1, ""n_estimators"": 100, ""n_train"": 4819, ""validation"": ""last purged expanding fold""}",decimal
2024-06-28,2024-07-12,10,15.0,0.037973654916512,0.03816801688494837,0.00019436196843636983,NS_XGBOOST,NS,direct_change,"{""configurations_evaluated"": 3, ""learning_rate"": 0.05, ""max_depth"": 1, ""n_estimators"": 100, ""n_train"": 4819, ""validation"": ""last purged expanding fold""}",decimal
2024-06-28,2024-07-12,10,20.0,0.0407168143899895,0.0408979603138276,0.0001811459238380969,NS_XGBOOST,NS,direct_change,"{""configurations_evaluated"": 3, ""learning_rate"": 0.05, ""max_depth"": 1, ""n_estimators"": 100, ""n_train"": 4819, ""validation"": ""last purged expanding fold""}",decimal
2024-06-28,2024-07-12,10,30.0,0.048720576017723595,0.044985355656080944,-0.0037352203616426508,NS_XGBOOST,NS,direct_change,"{""configurations_evaluated"": 3, ""learning_rate"": 0.05, ""max_depth"": 1, ""n_estimators"": 100, ""n_train"": 4819, ""validation"": ""last purged expanding fold""}",decimal
2024-06-28,2024-07-12,10,0.25,0.0272576086956521,0.027961019371726657,0.0007034106760745555,PCA_XGBOOST,PCA,direct_change,"{""configurations_evaluated"": 3, ""learning_rate"": 0.05, ""max_depth"": 1, ""n_estimators"": 100, ""n_train"": 4819, ""validation"": ""last purged expanding fold""}",decimal
2024-06-28,2024-07-12,10,0.5,0.027383870967741905,0.028233509278998422,0.0008496383112565169,PCA_XGBOOST,PCA,direct_change,"{""configurations_evaluated"": 3, ""learning_rate"": 0.05, ""max_depth"": 1, ""n_estimators"": 100, ""n_train"": 4819, ""validation"": ""last purged expanding fold""}",decimal
2024-06-28,2024-07-12,10,1.0,0.0279747508305647,0.028825662473889443,0.0008509116433247435,PCA_XGBOOST,PCA,direct_change,"{""configurations_evaluated"": 3, ""learning_rate"": 0.05, ""max_depth"": 1, ""n_estimators"": 100, ""n_train"": 4819, ""validation"": ""last purged expanding fold""}",decimal
2024-06-28,2024-07-12,10,2.0,0.0290717687074829,0.02990701784196278,0.0008352491344798783,PCA_XGBOOST,PCA,direct_change,"{""configurations_evaluated"": 3, ""learning_rate"": 0.05, ""max_depth"": 1, ""n_estimators"": 100, ""n_train"": 4819, ""validation"": ""last purged expanding fold""}",decimal
2024-06-28,2024-07-12,10,5.0,0.0316792207792207,0.032005486938946656,0.00032626615972595335,PCA_XGBOOST,PCA,direct_change,"{""configurations_evaluated"": 3, ""learning_rate"": 0.05, ""max_depth"": 1, ""n_estimators"": 100, ""n_train"": 4819, ""validation"": ""last purged expanding fold""}",decimal
2024-06-28,2024-07-12,10,10.0,0.035527935222672,0.03515443143539209,-0.0003735037872799121,PCA_XGBOOST,PCA,direct_change,"{""configurations_evaluated"": 3, ""learning_rate"": 0.05, ""max_depth"": 1, ""n_estimators"": 100, ""n_train"": 4819, ""validation"": ""last purged expanding fold""}",decimal
2024-06-28,2024-07-12,10,15.0,0.037973654916512,0.0382359778080298,0.0002623228915177994,PCA_XGBOOST,PCA,direct_change,"{""configurations_evaluated"": 3, ""learning_rate"": 0.05, ""max_depth"": 1, ""n_estimators"": 100, ""n_train"": 4819, ""validation"": ""last purged expanding fold""}",decimal
2024-06-28,2024-07-12,10,20.0,0.0407168143899895,0.041516040708486496,0.0007992263184969928,PCA_XGBOOST,PCA,direct_change,"{""configurations_evaluated"": 3, ""learning_rate"": 0.05, ""max_depth"": 1, ""n_estimators"": 100, ""n_train"": 4819, ""validation"": ""last purged expanding fold""}",decimal
2024-06-28,2024-07-12,10,30.0,0.048720576017723595,0.045792177896163654,-0.0029283981215599414,PCA_XGBOOST,PCA,direct_change,"{""configurations_evaluated"": 3, ""learning_rate"": 0.05, ""max_depth"": 1, ""n_estimators"": 100, ""n_train"": 4819, ""validation"": ""last purged expanding fold""}",decimal
2024-06-28,2024-07-31,22,0.25,0.026037499999999998,0.028266165301247845,0.0022286653012478473,NS_XGBOOST,NS,direct_change,"{""configurations_evaluated"": 3, ""learning_rate"": 0.05, ""max_depth"": 1, ""n_estimators"": 100, ""n_train"": 4807, ""validation"": ""last purged expanding fold""}",decimal
2024-06-28,2024-07-31,22,0.5,0.0265707182320442,0.028407662106702893,0.0018369438746586933,NS_XGBOOST,NS,direct_change,"{""configurations_evaluated"": 3, ""learning_rate"": 0.05, ""max_depth"": 1, ""n_estimators"": 100, ""n_train"": 4807, ""validation"": ""last purged expanding fold""}",decimal
2024-06-28,2024-07-31,22,1.0,0.027500549450549402,0.02870029426605429,0.0011997448155048884,NS_XGBOOST,NS,direct_change,"{""configurations_evaluated"": 3, ""learning_rate"": 0.05, ""max_depth"": 1, ""n_estimators"": 100, ""n_train"": 4807, ""validation"": ""last purged expanding fold""}",decimal
2024-06-28,2024-07-31,22,2.0,0.028554648526077,0.029318296523435327,0.0007636479973583271,NS_XGBOOST,NS,direct_change,"{""configurations_evaluated"": 3, ""learning_rate"": 0.05, ""max_depth"": 1, ""n_estimators"": 100, ""n_train"": 4807, ""validation"": ""last purged expanding fold""}",decimal
2024-06-28,2024-07-31,22,5.0,0.031374545454545405,0.03133568589561775,-3.885955892765636e-05,NS_XGBOOST,NS,direct_change,"{""configurations_evaluated"": 3, ""learning_rate"": 0.05, ""max_depth"": 1, ""n_estimators"": 100, ""n_train"": 4807, ""validation"": ""last purged expanding fold""}",decimal
2024-06-28,2024-07-31,22,10.0,0.0351555234239444,0.03480017906416002,-0.00035534435978438333,NS_XGBOOST,NS,direct_change,"{""configurations_evaluated"": 3, ""learning_rate"": 0.05, ""max_depth"": 1, ""n_estimators"": 100, ""n_train"": 4807, ""validation"": ""last purged expanding fold""}",decimal
2024-06-28,2024-07-31,22,15.0,0.0377102659245516,0.037971006634964305,0.00026074071041270325,NS_XGBOOST,NS,direct_change,"{""configurations_evaluated"": 3, ""learning_rate"": 0.05, ""max_depth"": 1, ""n_estimators"": 100, ""n_train"": 4807, ""validation"": ""last purged expanding fold""}",decimal
2024-06-28,2024-07-31,22,20.0,0.0405470281543274,0.04067875122608815,0.00013172307176075038,NS_XGBOOST,NS,direct_change,"{""configurations_evaluated"": 3, ""learning_rate"": 0.05, ""max_depth"": 1, ""n_estimators"": 100, ""n_train"": 4807, ""validation"": ""last purged expanding fold""}",decimal
2024-06-28,2024-07-31,22,30.0,0.0461,0.0447448207599097,-0.0013551792400902998,NS_XGBOOST,NS,direct_change,"{""configurations_evaluated"": 3, ""learning_rate"": 0.05, ""max_depth"": 1, ""n_estimators"": 100, ""n_train"": 4807, ""validation"": ""last purged expanding fold""}",decimal
2024-06-28,2024-07-31,22,0.25,0.026037499999999998,0.02771419655025266,0.0016766965502526612,PCA_XGBOOST,PCA,direct_change,"{""configurations_evaluated"": 3, ""learning_rate"": 0.05, ""max_depth"": 1, ""n_estimators"": 100, ""n_train"": 4807, ""validation"": ""last purged expanding fold""}",decimal
2024-06-28,2024-07-31,22,0.5,0.0265707182320442,0.02798273463478402,0.0014120164027398192,PCA_XGBOOST,PCA,direct_change,"{""configurations_evaluated"": 3, ""learning_rate"": 0.05, ""max_depth"": 1, ""n_estimators"": 100, ""n_train"": 4807, ""validation"": ""last purged expanding fold""}",decimal
2024-06-28,2024-07-31,22,1.0,0.027500549450549402,0.028568415310548323,0.0010678658599989205,PCA_XGBOOST,PCA,direct_change,"{""configurations_evaluated"": 3, ""learning_rate"": 0.05, ""max_depth"": 1, ""n_estimators"": 100, ""n_train"": 4807, ""validation"": ""last purged expanding fold""}",decimal
2024-06-28,2024-07-31,22,2.0,0.028554648526077,0.02964193302187108,0.0010872844957940803,PCA_XGBOOST,PCA,direct_change,"{""configurations_evaluated"": 3, ""learning_rate"": 0.05, ""max_depth"": 1, ""n_estimators"": 100, ""n_train"": 4807, ""validation"": ""last purged expanding fold""}",decimal
2024-06-28,2024-07-31,22,5.0,0.031374545454545405,0.03171780748046437,0.0003432620259189653,PCA_XGBOOST,PCA,direct_change,"{""configurations_evaluated"": 3, ""learning_rate"": 0.05, ""max_depth"": 1, ""n_estimators"": 100, ""n_train"": 4807, ""validation"": ""last purged expanding fold""}",decimal
2024-06-28,2024-07-31,22,10.0,0.0351555234239444,0.03484952712789643,-0.0003059962960479737,PCA_XGBOOST,PCA,direct_change,"{""configurations_evaluated"": 3, ""learning_rate"": 0.05, ""max_depth"": 1, ""n_estimators"": 100, ""n_train"": 4807, ""validation"": ""last purged expanding fold""}",decimal
2024-06-28,2024-07-31,22,15.0,0.0377102659245516,0.03791727862905356,0.00020701270450195625,PCA_XGBOOST,PCA,direct_change,"{""configurations_evaluated"": 3, ""learning_rate"": 0.05, ""max_depth"": 1, ""n_estimators"": 100, ""n_train"": 4807, ""validation"": ""last purged expanding fold""}",decimal
2024-06-28,2024-07-31,22,20.0,0.0405470281543274,0.041176758745693647,0.0006297305913662496,PCA_XGBOOST,PCA,direct_change,"{""configurations_evaluated"": 3, ""learning_rate"": 0.05, ""max_depth"": 1, ""n_estimators"": 100, ""n_train"": 4807, ""validation"": ""last purged expanding fold""}",decimal
2024-06-28,2024-07-31,22,30.0,0.0461,0.04549277412524366,-0.0006072258747563397,PCA_XGBOOST,PCA,direct_change,"{""configurations_evaluated"": 3, ""learning_rate"": 0.05, ""max_depth"": 1, ""n_estimators"": 100, ""n_train"": 4807, ""validation"": ""last purged expanding fold""}",decimal
2024-07-31,2024-08-07,5,0.25,0.0258,0.026675169779058476,0.000875169779058476,NS_XGBOOST,NS,direct_change,"{""configurations_evaluated"": 3, ""learning_rate"": 0.05, ""max_depth"": 1, ""n_estimators"": 100, ""n_train"": 4846, ""validation"": ""last purged expanding fold""}",decimal
2024-07-31,2024-08-07,5,0.5,0.0263416666666666,0.026868721389423523,0.0005270547227569228,NS_XGBOOST,NS,direct_change,"{""configurations_evaluated"": 3, ""learning_rate"": 0.05, ""max_depth"": 1, ""n_estimators"": 100, ""n_train"": 4846, ""validation"": ""last purged expanding fold""}",decimal
2024-07-31,2024-08-07,5,1.0,0.0277525264515566,0.027260615617397205,-0.000491910834159396,NS_XGBOOST,NS,direct_change,"{""configurations_evaluated"": 3, ""learning_rate"": 0.05, ""max_depth"": 1, ""n_estimators"": 100, ""n_train"": 4846, ""validation"": ""last purged expanding fold""}",decimal
2024-07-31,2024-08-07,5,2.0,0.0284395543175487,0.028059117935444307,-0.0003804363821043946,NS_XGBOOST,NS,direct_change,"{""configurations_evaluated"": 3, ""learning_rate"": 0.05, ""max_depth"": 1, ""n_estimators"": 100, ""n_train"": 4846, ""validation"": ""last purged expanding fold""}",decimal
2024-07-31,2024-08-07,5,5.0,0.0311004767580452,0.03049811634450923,-0.0006023604135359725,NS_XGBOOST,NS,direct_change,"{""configurations_evaluated"": 3, ""learning_rate"": 0.05, ""max_depth"": 1, ""n_estimators"": 100, ""n_train"": 4846, ""validation"": ""last purged expanding fold""}",decimal
2024-07-31,2024-08-07,5,10.0,0.035067958357432,0.03438751788200315,-0.0006804404754288465,NS_XGBOOST,NS,direct_change,"{""configurations_evaluated"": 3, ""learning_rate"": 0.05, ""max_depth"": 1, ""n_estimators"": 100, ""n_train"": 4846, ""validation"": ""last purged expanding fold""}",decimal
2024-07-31,2024-08-07,5,15.0,0.0377210884353741,0.037780406999655916,5.9318564281818364e-05,NS_XGBOOST,NS,direct_change,"{""configurations_evaluated"": 3, ""learning_rate"": 0.05, ""max_depth"": 1, ""n_estimators"": 100, ""n_train"": 4846, ""validation"": ""last purged expanding fold""}",decimal
2024-07-31,2024-08-07,5,20.0,0.0405581595411887,0.04060288616213914,4.472662095043878e-05,NS_XGBOOST,NS,direct_change,"{""configurations_evaluated"": 3, ""learning_rate"": 0.05, ""max_depth"": 1, ""n_estimators"": 100, ""n_train"": 4846, ""validation"": ""last purged expanding fold""}",decimal
2024-07-31,2024-08-07,5,30.0,0.0461,0.04475572333826308,-0.0013442766617369206,NS_XGBOOST,NS,direct_change,"{""configurations_evaluated"": 3, ""learning_rate"": 0.05, ""max_depth"": 1, ""n_estimators"": 100, ""n_train"": 4846, ""validation"": ""last purged expanding fold""}",decimal
2024-07-31,2024-08-07,5,0.25,0.0258,0.02627660195405671,0.00047660195405670874,PCA_XGBOOST,PCA,direct_change,"{""configurations_evaluated"": 3, ""learning_rate"": 0.05, ""max_depth"": 1, ""n_estimators"": 100, ""n_train"": 4846, ""validation"": ""last purged expanding fold""}",decimal
2024-07-31,2024-08-07,5,0.5,0.0263416666666666,0.026583021199348737,0.00024135453268213716,PCA_XGBOOST,PCA,direct_change,"{""configurations_evaluated"": 3, ""learning_rate"": 0.05, ""max_depth"": 1, ""n_estimators"": 100, ""n_train"": 4846, ""validation"": ""last purged expanding fold""}",decimal
2024-07-31,2024-08-07,5,1.0,0.0277525264515566,0.027263271641256002,-0.0004892548103005989,PCA_XGBOOST,PCA,direct_change,"{""configurations_evaluated"": 3, ""learning_rate"": 0.05, ""max_depth"": 1, ""n_estimators"": 100, ""n_train"": 4846, ""validation"": ""last purged expanding fold""}",decimal
2024-07-31,2024-08-07,5,2.0,0.0284395543175487,0.028486953679977577,4.739936242887516e-05,PCA_XGBOOST,PCA,direct_change,"{""configurations_evaluated"": 3, ""learning_rate"": 0.05, ""max_depth"": 1, ""n_estimators"": 100, ""n_train"": 4846, ""validation"": ""last purged expanding fold""}",decimal
2024-07-31,2024-08-07,5,5.0,0.0311004767580452,0.030951537671958667,-0.00014893908608653444,PCA_XGBOOST,PCA,direct_change,"{""configurations_evaluated"": 3, ""learning_rate"": 0.05, ""max_depth"": 1, ""n_estimators"": 100, ""n_train"": 4846, ""validation"": ""last purged expanding fold""}",decimal
2024-07-31,2024-08-07,5,10.0,0.035067958357432,0.03447154003947877,-0.0005964183179532276,PCA_XGBOOST,PCA,direct_change,"{""configurations_evaluated"": 3, ""learning_rate"": 0.05, ""max_depth"": 1, ""n_estimators"": 100, ""n_train"": 4846, ""validation"": ""last purged expanding fold""}",decimal
2024-07-31,2024-08-07,5,15.0,0.0377210884353741,0.037772824731403844,5.1736296029746e-05,PCA_XGBOOST,PCA,direct_change,"{""configurations_evaluated"": 3, ""learning_rate"": 0.05, ""max_depth"": 1, ""n_estimators"": 100, ""n_train"": 4846, ""validation"": ""last purged expanding fold""}",decimal
2024-07-31,2024-08-07,5,20.0,0.0405581595411887,0.04119848227378225,0.000640322732593547,PCA_XGBOOST,PCA,direct_change,"{""configurations_evaluated"": 3, ""learning_rate"": 0.05, ""max_depth"": 1, ""n_estimators"": 100, ""n_train"": 4846, ""validation"": ""last purged expanding fold""}",decimal
2024-07-31,2024-08-07,5,30.0,0.0461,0.045475200446060515,-0.0006247995539394868,PCA_XGBOOST,PCA,direct_change,"{""configurations_evaluated"": 3, ""learning_rate"": 0.05, ""max_depth"": 1, ""n_estimators"": 100, ""n_train"": 4846, ""validation"": ""last purged expanding fold""}",decimal
2024-07-31,2024-08-15,10,0.25,0.02626875,0.02665918328830605,0.00039043328830604823,NS_XGBOOST,NS,direct_change,"{""configurations_evaluated"": 3, ""learning_rate"": 0.05, ""max_depth"": 1, ""n_estimators"": 100, ""n_train"": 4841, ""validation"": ""last purged expanding fold""}",decimal
2024-07-31,2024-08-15,10,0.5,0.026917679558011002,0.026869015019593278,-4.8664538417723946e-05,NS_XGBOOST,NS,direct_change,"{""configurations_evaluated"": 3, ""learning_rate"": 0.05, ""max_depth"": 1, ""n_estimators"": 100, ""n_train"": 4841, ""validation"": ""last purged expanding fold""}",decimal
2024-07-31,2024-08-15,10,1.0,0.0280403376957373,0.02729142381928684,-0.0007489138764504612,NS_XGBOOST,NS,direct_change,"{""configurations_evaluated"": 3, ""learning_rate"": 0.05, ""max_depth"": 1, ""n_estimators"": 100, ""n_train"": 4841, ""validation"": ""last purged expanding fold""}",decimal
2024-07-31,2024-08-15,10,2.0,0.028645238095238,0.028143421051219208,-0.0005018170440187937,NS_XGBOOST,NS,direct_change,"{""configurations_evaluated"": 3, ""learning_rate"": 0.05, ""max_depth"": 1, ""n_estimators"": 100, ""n_train"": 4841, ""validation"": ""last purged expanding fold""}",decimal
2024-07-31,2024-08-15,10,5.0,0.0311027624309392,0.030694050932089142,-0.0004087114988500576,NS_XGBOOST,NS,direct_change,"{""configurations_evaluated"": 3, ""learning_rate"": 0.05, ""max_depth"": 1, ""n_estimators"": 100, ""n_train"": 4841, ""validation"": ""last purged expanding fold""}",decimal
2024-07-31,2024-08-15,10,10.0,0.035080226904376,0.034662732835212505,-0.0004174940691634918,NS_XGBOOST,NS,direct_change,"{""configurations_evaluated"": 3, ""learning_rate"": 0.05, ""max_depth"": 1, ""n_estimators"": 100, ""n_train"": 4841, ""validation"": ""last purged expanding fold""}",decimal
2024-07-31,2024-08-15,10,15.0,0.0377446153846153,0.03806547972074438,0.00032086433612908,NS_XGBOOST,NS,direct_change,"{""configurations_evaluated"": 3, ""learning_rate"": 0.05, ""max_depth"": 1, ""n_estimators"": 100, ""n_train"": 4841, ""validation"": ""last purged expanding fold""}",decimal
2024-07-31,2024-08-15,10,20.0,0.0405240875912408,0.040868227528137666,0.0003441399368968659,NS_XGBOOST,NS,direct_change,"{""configurations_evaluated"": 3, ""learning_rate"": 0.05, ""max_depth"": 1, ""n_estimators"": 100, ""n_train"": 4841, ""validation"": ""last purged expanding fold""}",decimal
2024-07-31,2024-08-15,10,30.0,0.0455999999999999,0.044959291708416914,-0.0006407082915829837,NS_XGBOOST,NS,direct_change,"{""configurations_evaluated"": 3, ""learning_rate"": 0.05, ""max_depth"": 1, ""n_estimators"": 100, ""n_train"": 4841, ""validation"": ""last purged expanding fold""}",decimal
2024-07-31,2024-08-15,10,0.25,0.02626875,0.02616441844029497,-0.0001043315597050315,PCA_XGBOOST,PCA,direct_change,"{""configurations_evaluated"": 3, ""learning_rate"": 0.05, ""max_depth"": 1, ""n_estimators"": 100, ""n_train"": 4841, ""validation"": ""last purged expanding fold""}",decimal
2024-07-31,2024-08-15,10,0.5,0.026917679558011002,0.026468828334155002,-0.0004488512238559998,PCA_XGBOOST,PCA,direct_change,"{""configurations_evaluated"": 3, ""learning_rate"": 0.05, ""max_depth"": 1, ""n_estimators"": 100, ""n_train"": 4841, ""validation"": ""last purged expanding fold""}",decimal
2024-07-31,2024-08-15,10,1.0,0.0280403376957373,0.02714548461744644,-0.0008948530782908609,PCA_XGBOOST,PCA,direct_change,"{""configurations_evaluated"": 3, ""learning_rate"": 0.05, ""max_depth"": 1, ""n_estimators"": 100, ""n_train"": 4841, ""validation"": ""last purged expanding fold""}",decimal
2024-07-31,2024-08-15,10,2.0,0.028645238095238,0.028364641791816518,-0.0002805963034214834,PCA_XGBOOST,PCA,direct_change,"{""configurations_evaluated"": 3, ""learning_rate"": 0.05, ""max_depth"": 1, ""n_estimators"": 100, ""n_train"": 4841, ""validation"": ""last purged expanding fold""}",decimal
2024-07-31,2024-08-15,10,5.0,0.0311027624309392,0.030815485470192756,-0.0002872769607464437,PCA_XGBOOST,PCA,direct_change,"{""configurations_evaluated"": 3, ""learning_rate"": 0.05, ""max_depth"": 1, ""n_estimators"": 100, ""n_train"": 4841, ""validation"": ""last purged expanding fold""}",decimal
2024-07-31,2024-08-15,10,10.0,0.035080226904376,0.0343242947358693,-0.0007559321685066955,PCA_XGBOOST,PCA,direct_change,"{""configurations_evaluated"": 3, ""learning_rate"": 0.05, ""max_depth"": 1, ""n_estimators"": 100, ""n_train"": 4841, ""validation"": ""last purged expanding fold""}",decimal
2024-07-31,2024-08-15,10,15.0,0.0377446153846153,0.03761676178650156,-0.00012785359811374325,PCA_XGBOOST,PCA,direct_change,"{""configurations_evaluated"": 3, ""learning_rate"": 0.05, ""max_depth"": 1, ""n_estimators"": 100, ""n_train"": 4841, ""validation"": ""last purged expanding fold""}",decimal
2024-07-31,2024-08-15,10,20.0,0.0405240875912408,0.04102925909260475,0.0005051715013639491,PCA_XGBOOST,PCA,direct_change,"{""configurations_evaluated"": 3, ""learning_rate"": 0.05, ""max_depth"": 1, ""n_estimators"": 100, ""n_train"": 4841, ""validation"": ""last purged expanding fold""}",decimal
2024-07-31,2024-08-15,10,30.0,0.0455999999999999,0.04532394745139143,-0.00027605254860847,PCA_XGBOOST,PCA,direct_change,"{""configurations_evaluated"": 3, ""learning_rate"": 0.05, ""max_depth"": 1, ""n_estimators"": 100, ""n_train"": 4841, ""validation"": ""last purged expanding fold""}",decimal
2024-07-31,2024-09-04,22,0.25,0.0248,0.026577445742744094,0.0017774457427440944,NS_XGBOOST,NS,direct_change,"{""configurations_evaluated"": 3, ""learning_rate"": 0.05, ""max_depth"": 1, ""n_estimators"": 100, ""n_train"": 4829, ""validation"": ""last purged expanding fold""}",decimal
2024-07-31,2024-09-04,22,0.5,0.025653125000000002,0.02677830824730354,0.0011251832473035371,NS_XGBOOST,NS,direct_change,"{""configurations_evaluated"": 3, ""learning_rate"": 0.05, ""max_depth"": 1, ""n_estimators"": 100, ""n_train"": 4829, ""validation"": ""last purged expanding fold""}",decimal
2024-07-31,2024-09-04,22,1.0,0.0274332018404764,0.027183775747546643,-0.00024942609292975815,NS_XGBOOST,NS,direct_change,"{""configurations_evaluated"": 3, ""learning_rate"": 0.05, ""max_depth"": 1, ""n_estimators"": 100, ""n_train"": 4829, ""validation"": ""last purged expanding fold""}",decimal
2024-07-31,2024-09-04,22,2.0,0.0280863509749303,0.028005575989272995,-8.077498565730451e-05,NS_XGBOOST,NS,direct_change,"{""configurations_evaluated"": 3, ""learning_rate"": 0.05, ""max_depth"": 1, ""n_estimators"": 100, ""n_train"": 4829, ""validation"": ""last purged expanding fold""}",decimal
2024-07-31,2024-09-04,22,5.0,0.0305257449344457,0.030489744635607906,-3.600029883779263e-05,NS_XGBOOST,NS,direct_change,"{""configurations_evaluated"": 3, ""learning_rate"": 0.05, ""max_depth"": 1, ""n_estimators"": 100, ""n_train"": 4829, ""validation"": ""last purged expanding fold""}",decimal
2024-07-31,2024-09-04,22,10.0,0.0339041064198959,0.03440160235578778,0.0004974959358918785,NS_XGBOOST,NS,direct_change,"{""configurations_evaluated"": 3, ""learning_rate"": 0.05, ""max_depth"": 1, ""n_estimators"": 100, ""n_train"": 4829, ""validation"": ""last purged expanding fold""}",decimal
2024-07-31,2024-09-04,22,15.0,0.03651725417439701,0.037784305145528295,0.0012670509711312852,NS_XGBOOST,NS,direct_change,"{""configurations_evaluated"": 3, ""learning_rate"": 0.05, ""max_depth"": 1, ""n_estimators"": 100, ""n_train"": 4829, ""validation"": ""last purged expanding fold""}",decimal
2024-07-31,2024-09-04,22,20.0,0.0398125651720542,0.040584285755169765,0.0007717205831155663,NS_XGBOOST,NS,direct_change,"{""configurations_evaluated"": 3, ""learning_rate"": 0.05, ""max_depth"": 1, ""n_estimators"": 100, ""n_train"": 4829, ""validation"": ""last purged expanding fold""}",decimal
2024-07-31,2024-09-04,22,30.0,0.0462145579622571,0.044687580180979576,-0.0015269777812775207,NS_XGBOOST,NS,direct_change,"{""configurations_evaluated"": 3, ""learning_rate"": 0.05, ""max_depth"": 1, ""n_estimators"": 100, ""n_train"": 4829, ""validation"": ""last purged expanding fold""}",decimal
2024-07-31,2024-09-04,22,0.25,0.0248,0.02592205839996219,0.0011220583999621905,PCA_XGBOOST,PCA,direct_change,"{""configurations_evaluated"": 3, ""learning_rate"": 0.05, ""max_depth"": 1, ""n_estimators"": 100, ""n_train"": 4829, ""validation"": ""last purged expanding fold""}",decimal
2024-07-31,2024-09-04,22,0.5,0.025653125000000002,0.026222237476889683,0.0005691124768896806,PCA_XGBOOST,PCA,direct_change,"{""configurations_evaluated"": 3, ""learning_rate"": 0.05, ""max_depth"": 1, ""n_estimators"": 100, ""n_train"": 4829, ""validation"": ""last purged expanding fold""}",decimal
2024-07-31,2024-09-04,22,1.0,0.0274332018404764,0.02689088480971117,-0.0005423170307652311,PCA_XGBOOST,PCA,direct_change,"{""configurations_evaluated"": 3, ""learning_rate"": 0.05, ""max_depth"": 1, ""n_estimators"": 100, ""n_train"": 4829, ""validation"": ""last purged expanding fold""}",decimal
2024-07-31,2024-09-04,22,2.0,0.0280863509749303,0.028099894387883375,1.354341295307579e-05,PCA_XGBOOST,PCA,direct_change,"{""configurations_evaluated"": 3, ""learning_rate"": 0.05, ""max_depth"": 1, ""n_estimators"": 100, ""n_train"": 4829, ""validation"": ""last purged expanding fold""}",decimal
2024-07-31,2024-09-04,22,5.0,0.0305257449344457,0.030517739453052677,-8.005481393021097e-06,PCA_XGBOOST,PCA,direct_change,"{""configurations_evaluated"": 3, ""learning_rate"": 0.05, ""max_depth"": 1, ""n_estimators"": 100, ""n_train"": 4829, ""validation"": ""last purged expanding fold""}",decimal
2024-07-31,2024-09-04,22,10.0,0.0339041064198959,0.03399896084178879,9.4854421892894e-05,PCA_XGBOOST,PCA,direct_change,"{""configurations_evaluated"": 3, ""learning_rate"": 0.05, ""max_depth"": 1, ""n_estimators"": 100, ""n_train"": 4829, ""validation"": ""last purged expanding fold""}",decimal
2024-07-31,2024-09-04,22,15.0,0.03651725417439701,0.037269127253446666,0.0007518730790496558,PCA_XGBOOST,PCA,direct_change,"{""configurations_evaluated"": 3, ""learning_rate"": 0.05, ""max_depth"": 1, ""n_estimators"": 100, ""n_train"": 4829, ""validation"": ""last purged expanding fold""}",decimal
2024-07-31,2024-09-04,22,20.0,0.0398125651720542,0.04064635310974893,0.0008337879376947299,PCA_XGBOOST,PCA,direct_change,"{""configurations_evaluated"": 3, ""learning_rate"": 0.05, ""max_depth"": 1, ""n_estimators"": 100, ""n_train"": 4829, ""validation"": ""last purged expanding fold""}",decimal
2024-07-31,2024-09-04,22,30.0,0.0462145579622571,0.04497714478723299,-0.001237413175024106,PCA_XGBOOST,PCA,direct_change,"{""configurations_evaluated"": 3, ""learning_rate"": 0.05, ""max_depth"": 1, ""n_estimators"": 100, ""n_train"": 4829, ""validation"": ""last purged expanding fold""}",decimal
2024-08-30,2024-09-06,5,0.25,0.0261622448979591,0.026833759339052517,0.0006715144410934168,NS_XGBOOST,NS,direct_change,"{""configurations_evaluated"": 3, ""learning_rate"": 0.05, ""max_depth"": 1, ""n_estimators"": 100, ""n_train"": 4865, ""validation"": ""last purged expanding fold""}",decimal
2024-08-30,2024-09-06,5,0.5,0.0266865546218487,0.026931961147873683,0.0002454065260249841,NS_XGBOOST,NS,direct_change,"{""configurations_evaluated"": 3, ""learning_rate"": 0.05, ""max_depth"": 1, ""n_estimators"": 100, ""n_train"": 4865, ""validation"": ""last purged expanding fold""}",decimal
2024-08-30,2024-09-06,5,1.0,0.0276778901561813,0.027148243783640516,-0.0005296463725407846,NS_XGBOOST,NS,direct_change,"{""configurations_evaluated"": 3, ""learning_rate"": 0.05, ""max_depth"": 1, ""n_estimators"": 100, ""n_train"": 4865, ""validation"": ""last purged expanding fold""}",decimal
2024-08-30,2024-09-06,5,2.0,0.028065079365079303,0.027650779400375546,-0.00041429996470375777,NS_XGBOOST,NS,direct_change,"{""configurations_evaluated"": 3, ""learning_rate"": 0.05, ""max_depth"": 1, ""n_estimators"": 100, ""n_train"": 4865, ""validation"": ""last purged expanding fold""}",decimal
2024-08-30,2024-09-06,5,5.0,0.0301390476190476,0.02955462985063769,-0.0005844177684099089,NS_XGBOOST,NS,direct_change,"{""configurations_evaluated"": 3, ""learning_rate"": 0.05, ""max_depth"": 1, ""n_estimators"": 100, ""n_train"": 4865, ""validation"": ""last purged expanding fold""}",decimal
2024-08-30,2024-09-06,5,10.0,0.0330024291497975,0.03329419701334057,0.0002917678635430687,NS_XGBOOST,NS,direct_change,"{""configurations_evaluated"": 3, ""learning_rate"": 0.05, ""max_depth"": 1, ""n_estimators"": 100, ""n_train"": 4865, ""validation"": ""last purged expanding fold""}",decimal
2024-08-30,2024-09-06,5,15.0,0.0356065553494125,0.03697894260154177,0.0013723872521292715,NS_XGBOOST,NS,direct_change,"{""configurations_evaluated"": 3, ""learning_rate"": 0.05, ""max_depth"": 1, ""n_estimators"": 100, ""n_train"": 4865, ""validation"": ""last purged expanding fold""}",decimal
2024-08-30,2024-09-06,5,20.0,0.0395264077163712,0.04024324368062367,0.0007168359642524755,NS_XGBOOST,NS,direct_change,"{""configurations_evaluated"": 3, ""learning_rate"": 0.05, ""max_depth"": 1, ""n_estimators"": 100, ""n_train"": 4865, ""validation"": ""last purged expanding fold""}",decimal
2024-08-30,2024-09-06,5,30.0,0.045103207810320706,0.04527945600121293,0.00017624819089222254,NS_XGBOOST,NS,direct_change,"{""configurations_evaluated"": 3, ""learning_rate"": 0.05, ""max_depth"": 1, ""n_estimators"": 100, ""n_train"": 4865, ""validation"": ""last purged expanding fold""}",decimal
2024-08-30,2024-09-06,5,0.25,0.0261622448979591,0.026579413846390686,0.00041716894843158575,PCA_XGBOOST,PCA,direct_change,"{""configurations_evaluated"": 3, ""learning_rate"": 0.05, ""max_depth"": 1, ""n_estimators"": 100, ""n_train"": 4865, ""validation"": ""last purged expanding fold""}",decimal
2024-08-30,2024-09-06,5,0.5,0.0266865546218487,0.026749355096209834,6.280047436113545e-05,PCA_XGBOOST,PCA,direct_change,"{""configurations_evaluated"": 3, ""learning_rate"": 0.05, ""max_depth"": 1, ""n_estimators"": 100, ""n_train"": 4865, ""validation"": ""last purged expanding fold""}",decimal
2024-08-30,2024-09-06,5,1.0,0.0276778901561813,0.02721675684524482,-0.0004611333109364804,PCA_XGBOOST,PCA,direct_change,"{""configurations_evaluated"": 3, ""learning_rate"": 0.05, ""max_depth"": 1, ""n_estimators"": 100, ""n_train"": 4865, ""validation"": ""last purged expanding fold""}",decimal
2024-08-30,2024-09-06,5,2.0,0.028065079365079303,0.0281075344589335,4.245509385419552e-05,PCA_XGBOOST,PCA,direct_change,"{""configurations_evaluated"": 3, ""learning_rate"": 0.05, ""max_depth"": 1, ""n_estimators"": 100, ""n_train"": 4865, ""validation"": ""last purged expanding fold""}",decimal
2024-08-30,2024-09-06,5,5.0,0.0301390476190476,0.030147447729019942,8.400109972342418e-06,PCA_XGBOOST,PCA,direct_change,"{""configurations_evaluated"": 3, ""learning_rate"": 0.05, ""max_depth"": 1, ""n_estimators"": 100, ""n_train"": 4865, ""validation"": ""last purged expanding fold""}",decimal
2024-08-30,2024-09-06,5,10.0,0.0330024291497975,0.033315359229770164,0.00031293007997266337,PCA_XGBOOST,PCA,direct_change,"{""configurations_evaluated"": 3, ""learning_rate"": 0.05, ""max_depth"": 1, ""n_estimators"": 100, ""n_train"": 4865, ""validation"": ""last purged expanding fold""}",decimal
2024-08-30,2024-09-06,5,15.0,0.0356065553494125,0.03656038361471404,0.0009538282653015415,PCA_XGBOOST,PCA,direct_change,"{""configurations_evaluated"": 3, ""learning_rate"": 0.05, ""max_depth"": 1, ""n_estimators"": 100, ""n_train"": 4865, ""validation"": ""last purged expanding fold""}",decimal
2024-08-30,2024-09-06,5,20.0,0.0395264077163712,0.040646489666563916,0.0011200819501927181,PCA_XGBOOST,PCA,direct_change,"{""configurations_evaluated"": 3, ""learning_rate"": 0.05, ""max_depth"": 1, ""n_estimators"": 100, ""n_train"": 4865, ""validation"": ""last purged expanding fold""}",decimal
2024-08-30,2024-09-06,5,30.0,0.045103207810320706,0.046055512989600846,0.0009523051792801399,PCA_XGBOOST,PCA,direct_change,"{""configurations_evaluated"": 3, ""learning_rate"": 0.05, ""max_depth"": 1, ""n_estimators"": 100, ""n_train"": 4865, ""validation"": ""last purged expanding fold""}",decimal
2024-08-30,2024-09-13,10,0.25,0.025922448979591797,0.026764760778129504,0.0008423117985377065,NS_XGBOOST,NS,direct_change,"{""configurations_evaluated"": 3, ""learning_rate"": 0.05, ""max_depth"": 1, ""n_estimators"": 100, ""n_train"": 4860, ""validation"": ""last purged expanding fold""}",decimal
2024-08-30,2024-09-13,10,0.5,0.0263563025210084,0.026863624406642053,0.0005073218856336513,NS_XGBOOST,NS,direct_change,"{""configurations_evaluated"": 3, ""learning_rate"": 0.05, ""max_depth"": 1, ""n_estimators"": 100, ""n_train"": 4860, ""validation"": ""last purged expanding fold""}",decimal
2024-08-30,2024-09-13,10,1.0,0.0274239097103245,0.027080921487960135,-0.00034298822236436544,NS_XGBOOST,NS,direct_change,"{""configurations_evaluated"": 3, ""learning_rate"": 0.05, ""max_depth"": 1, ""n_estimators"": 100, ""n_train"": 4860, ""validation"": ""last purged expanding fold""}",decimal
2024-08-30,2024-09-13,10,2.0,0.0280102040816326,0.027584369991977397,-0.00042583408965520334,NS_XGBOOST,NS,direct_change,"{""configurations_evaluated"": 3, ""learning_rate"": 0.05, ""max_depth"": 1, ""n_estimators"": 100, ""n_train"": 4860, ""validation"": ""last purged expanding fold""}",decimal
2024-08-30,2024-09-13,10,5.0,0.0297994805194805,0.02948412583209546,-0.0003153546873850416,NS_XGBOOST,NS,direct_change,"{""configurations_evaluated"": 3, ""learning_rate"": 0.05, ""max_depth"": 1, ""n_estimators"": 100, ""n_train"": 4860, ""validation"": ""last purged expanding fold""}",decimal
2024-08-30,2024-09-13,10,10.0,0.0328165991902834,0.03320403549046425,0.00038743630018085035,NS_XGBOOST,NS,direct_change,"{""configurations_evaluated"": 3, ""learning_rate"": 0.05, ""max_depth"": 1, ""n_estimators"": 100, ""n_train"": 4860, ""validation"": ""last purged expanding fold""}",decimal
2024-08-30,2024-09-13,10,15.0,0.0355118738404452,0.036863748164886495,0.0013518743244412962,NS_XGBOOST,NS,direct_change,"{""configurations_evaluated"": 3, ""learning_rate"": 0.05, ""max_depth"": 1, ""n_estimators"": 100, ""n_train"": 4860, ""validation"": ""last purged expanding fold""}",decimal
2024-08-30,2024-09-13,10,20.0,0.0394068821689259,0.04010351099386344,0.0006966288249375396,NS_XGBOOST,NS,direct_change,"{""configurations_evaluated"": 3, ""learning_rate"": 0.05, ""max_depth"": 1, ""n_estimators"": 100, ""n_train"": 4860, ""validation"": ""last purged expanding fold""}",decimal
2024-08-30,2024-09-13,10,30.0,0.0456419799032378,0.04509926577874441,-0.0005427141244933945,NS_XGBOOST,NS,direct_change,"{""configurations_evaluated"": 3, ""learning_rate"": 0.05, ""max_depth"": 1, ""n_estimators"": 100, ""n_train"": 4860, ""validation"": ""last purged expanding fold""}",decimal
2024-08-30,2024-09-13,10,0.25,0.025922448979591797,0.02646096890643205,0.0005385199268402516,PCA_XGBOOST,PCA,direct_change,"{""configurations_evaluated"": 3, ""learning_rate"": 0.05, ""max_depth"": 1, ""n_estimators"": 100, ""n_train"": 4860, ""validation"": ""last purged expanding fold""}",decimal
2024-08-30,2024-09-13,10,0.5,0.0263563025210084,0.02662967028337601,0.00027336776236761007,PCA_XGBOOST,PCA,direct_change,"{""configurations_evaluated"": 3, ""learning_rate"": 0.05, ""max_depth"": 1, ""n_estimators"": 100, ""n_train"": 4860, ""validation"": ""last purged expanding fold""}",decimal
2024-08-30,2024-09-13,10,1.0,0.0274239097103245,0.027094619283538072,-0.00032929042678642856,PCA_XGBOOST,PCA,direct_change,"{""configurations_evaluated"": 3, ""learning_rate"": 0.05, ""max_depth"": 1, ""n_estimators"": 100, ""n_train"": 4860, ""validation"": ""last purged expanding fold""}",decimal
2024-08-30,2024-09-13,10,2.0,0.0280102040816326,0.027982688202596393,-2.7515879036207197e-05,PCA_XGBOOST,PCA,direct_change,"{""configurations_evaluated"": 3, ""learning_rate"": 0.05, ""max_depth"": 1, ""n_estimators"": 100, ""n_train"": 4860, ""validation"": ""last purged expanding fold""}",decimal
2024-08-30,2024-09-13,10,5.0,0.0297994805194805,0.030010600528368306,0.00021112000888780583,PCA_XGBOOST,PCA,direct_change,"{""configurations_evaluated"": 3, ""learning_rate"": 0.05, ""max_depth"": 1, ""n_estimators"": 100, ""n_train"": 4860, ""validation"": ""last purged expanding fold""}",decimal
2024-08-30,2024-09-13,10,10.0,0.0328165991902834,0.03316870851655056,0.0003521093262671554,PCA_XGBOOST,PCA,direct_change,"{""configurations_evaluated"": 3, ""learning_rate"": 0.05, ""max_depth"": 1, ""n_estimators"": 100, ""n_train"": 4860, ""validation"": ""last purged expanding fold""}",decimal
2024-08-30,2024-09-13,10,15.0,0.0355118738404452,0.036404591951322424,0.0008927181108772247,PCA_XGBOOST,PCA,direct_change,"{""configurations_evaluated"": 3, ""learning_rate"": 0.05, ""max_depth"": 1, ""n_estimators"": 100, ""n_train"": 4860, ""validation"": ""last purged expanding fold""}",decimal
2024-08-30,2024-09-13,10,20.0,0.0394068821689259,0.04047231243346463,0.0010654302645387304,PCA_XGBOOST,PCA,direct_change,"{""configurations_evaluated"": 3, ""learning_rate"": 0.05, ""max_depth"": 1, ""n_estimators"": 100, ""n_train"": 4860, ""validation"": ""last purged expanding fold""}",decimal
2024-08-30,2024-09-13,10,30.0,0.0456419799032378,0.04589280322935797,0.0002508233261201698,PCA_XGBOOST,PCA,direct_change,"{""configurations_evaluated"": 3, ""learning_rate"": 0.05, ""max_depth"": 1, ""n_estimators"": 100, ""n_train"": 4860, ""validation"": ""last purged expanding fold""}",decimal
2024-08-30,2024-10-03,22,0.25,0.027054838709677398,0.02649723316233114,-0.0005576055473462578,NS_XGBOOST,NS,direct_change,"{""configurations_evaluated"": 3, ""learning_rate"": 0.05, ""max_depth"": 1, ""n_estimators"": 100, ""n_train"": 4848, ""validation"": ""last purged expanding fold""}",decimal
2024-08-30,2024-10-03,22,0.5,0.0273226890756302,0.026585564757010353,-0.000737124318619848,NS_XGBOOST,NS,direct_change,"{""configurations_evaluated"": 3, ""learning_rate"": 0.05, ""max_depth"": 1, ""n_estimators"": 100, ""n_train"": 4848, ""validation"": ""last purged expanding fold""}",decimal
2024-08-30,2024-10-03,22,1.0,0.027981059170383002,0.026783140378221458,-0.001197918792161544,NS_XGBOOST,NS,direct_change,"{""configurations_evaluated"": 3, ""learning_rate"": 0.05, ""max_depth"": 1, ""n_estimators"": 100, ""n_train"": 4848, ""validation"": ""last purged expanding fold""}",decimal
2024-08-30,2024-10-03,22,2.0,0.0283990929705215,0.027252088868611312,-0.0011470041019101887,NS_XGBOOST,NS,direct_change,"{""configurations_evaluated"": 3, ""learning_rate"": 0.05, ""max_depth"": 1, ""n_estimators"": 100, ""n_train"": 4848, ""validation"": ""last purged expanding fold""}",decimal
2024-08-30,2024-10-03,22,5.0,0.029930649350649305,0.02908036108524612,-0.0008502882654031832,NS_XGBOOST,NS,direct_change,"{""configurations_evaluated"": 3, ""learning_rate"": 0.05, ""max_depth"": 1, ""n_estimators"": 100, ""n_train"": 4848, ""validation"": ""last purged expanding fold""}",decimal
2024-08-30,2024-10-03,22,10.0,0.0328503759398496,0.03275092679446614,-9.944914538346367e-05,NS_XGBOOST,NS,direct_change,"{""configurations_evaluated"": 3, ""learning_rate"": 0.05, ""max_depth"": 1, ""n_estimators"": 100, ""n_train"": 4848, ""validation"": ""last purged expanding fold""}",decimal
2024-08-30,2024-10-03,22,15.0,0.0356205318491032,0.03640642380189716,0.0007858919527939587,NS_XGBOOST,NS,direct_change,"{""configurations_evaluated"": 3, ""learning_rate"": 0.05, ""max_depth"": 1, ""n_estimators"": 100, ""n_train"": 4848, ""validation"": ""last purged expanding fold""}",decimal
2024-08-30,2024-10-03,22,20.0,0.0391743482794577,0.03966096866689331,0.0004866203874356115,NS_XGBOOST,NS,direct_change,"{""configurations_evaluated"": 3, ""learning_rate"": 0.05, ""max_depth"": 1, ""n_estimators"": 100, ""n_train"": 4848, ""validation"": ""last purged expanding fold""}",decimal
2024-08-30,2024-10-03,22,30.0,0.044910514541387,0.04469991102990182,-0.00021060351148518425,NS_XGBOOST,NS,direct_change,"{""configurations_evaluated"": 3, ""learning_rate"": 0.05, ""max_depth"": 1, ""n_estimators"": 100, ""n_train"": 4848, ""validation"": ""last purged expanding fold""}",decimal
2024-08-30,2024-10-03,22,0.25,0.027054838709677398,0.0262063135335433,-0.0008485251761340962,PCA_XGBOOST,PCA,direct_change,"{""configurations_evaluated"": 3, ""learning_rate"": 0.05, ""max_depth"": 1, ""n_estimators"": 100, ""n_train"": 4848, ""validation"": ""last purged expanding fold""}",decimal
2024-08-30,2024-10-03,22,0.5,0.0273226890756302,0.026375918933088403,-0.0009467701425417974,PCA_XGBOOST,PCA,direct_change,"{""configurations_evaluated"": 3, ""learning_rate"": 0.05, ""max_depth"": 1, ""n_estimators"": 100, ""n_train"": 4848, ""validation"": ""last purged expanding fold""}",decimal
2024-08-30,2024-10-03,22,1.0,0.027981059170383002,0.026840588683237503,-0.0011404704871454986,PCA_XGBOOST,PCA,direct_change,"{""configurations_evaluated"": 3, ""learning_rate"": 0.05, ""max_depth"": 1, ""n_estimators"": 100, ""n_train"": 4848, ""validation"": ""last purged expanding fold""}",decimal
2024-08-30,2024-10-03,22,2.0,0.0283990929705215,0.027730355956248256,-0.0006687370142732449,PCA_XGBOOST,PCA,direct_change,"{""configurations_evaluated"": 3, ""learning_rate"": 0.05, ""max_depth"": 1, ""n_estimators"": 100, ""n_train"": 4848, ""validation"": ""last purged expanding fold""}",decimal
2024-08-30,2024-10-03,22,5.0,0.029930649350649305,0.029738644846265032,-0.00019200450438427302,PCA_XGBOOST,PCA,direct_change,"{""configurations_evaluated"": 3, ""learning_rate"": 0.05, ""max_depth"": 1, ""n_estimators"": 100, ""n_train"": 4848, ""validation"": ""last purged expanding fold""}",decimal
2024-08-30,2024-10-03,22,10.0,0.0328503759398496,0.03287988514823477,2.950920838516724e-05,PCA_XGBOOST,PCA,direct_change,"{""configurations_evaluated"": 3, ""learning_rate"": 0.05, ""max_depth"": 1, ""n_estimators"": 100, ""n_train"": 4848, ""validation"": ""last purged expanding fold""}",decimal
2024-08-30,2024-10-03,22,15.0,0.0356205318491032,0.036093227318315664,0.0004726954692124627,PCA_XGBOOST,PCA,direct_change,"{""configurations_evaluated"": 3, ""learning_rate"": 0.05, ""max_depth"": 1, ""n_estimators"": 100, ""n_train"": 4848, ""validation"": ""last purged expanding fold""}",decimal
2024-08-30,2024-10-03,22,20.0,0.0391743482794577,0.0400966794991003,0.0009223312196426012,PCA_XGBOOST,PCA,direct_change,"{""configurations_evaluated"": 3, ""learning_rate"": 0.05, ""max_depth"": 1, ""n_estimators"": 100, ""n_train"": 4848, ""validation"": ""last purged expanding fold""}",decimal
2024-08-30,2024-10-03,22,30.0,0.044910514541387,0.04551022802031889,0.0005997134789318889,PCA_XGBOOST,PCA,direct_change,"{""configurations_evaluated"": 3, ""learning_rate"": 0.05, ""max_depth"": 1, ""n_estimators"": 100, ""n_train"": 4848, ""validation"": ""last purged expanding fold""}",decimal
2024-09-30,2024-10-07,5,0.25,0.0270870967741935,0.027542888365772383,0.00045579159157888363,NS_XGBOOST,NS,direct_change,"{""configurations_evaluated"": 3, ""learning_rate"": 0.05, ""max_depth"": 1, ""n_estimators"": 100, ""n_train"": 4884, ""validation"": ""last purged expanding fold""}",decimal
2024-09-30,2024-10-07,5,0.5,0.027329411764705804,0.027596419117469097,0.00026700735276329393,NS_XGBOOST,NS,direct_change,"{""configurations_evaluated"": 3, ""learning_rate"": 0.05, ""max_depth"": 1, ""n_estimators"": 100, ""n_train"": 4884, ""validation"": ""last purged expanding fold""}",decimal
2024-09-30,2024-10-07,5,1.0,0.0279067636872739,0.02772652785436026,-0.00018023583291363818,NS_XGBOOST,NS,direct_change,"{""configurations_evaluated"": 3, ""learning_rate"": 0.05, ""max_depth"": 1, ""n_estimators"": 100, ""n_train"": 4884, ""validation"": ""last purged expanding fold""}",decimal
2024-09-30,2024-10-07,5,2.0,0.028304081632653,0.028068630448119997,-0.00023545118453300456,NS_XGBOOST,NS,direct_change,"{""configurations_evaluated"": 3, ""learning_rate"": 0.05, ""max_depth"": 1, ""n_estimators"": 100, ""n_train"": 4884, ""validation"": ""last purged expanding fold""}",decimal
2024-09-30,2024-10-07,5,5.0,0.0298833766233766,0.02957279940798378,-0.000310577215392821,NS_XGBOOST,NS,direct_change,"{""configurations_evaluated"": 3, ""learning_rate"": 0.05, ""max_depth"": 1, ""n_estimators"": 100, ""n_train"": 4884, ""validation"": ""last purged expanding fold""}",decimal
2024-09-30,2024-10-07,5,10.0,0.032856159629843805,0.032847341559863505,-8.818069980300047e-06,NS_XGBOOST,NS,direct_change,"{""configurations_evaluated"": 3, ""learning_rate"": 0.05, ""max_depth"": 1, ""n_estimators"": 100, ""n_train"": 4884, ""validation"": ""last purged expanding fold""}",decimal
2024-09-30,2024-10-07,5,15.0,0.0356289424860853,0.03622993364691616,0.0006009911608308577,NS_XGBOOST,NS,direct_change,"{""configurations_evaluated"": 3, ""learning_rate"": 0.05, ""max_depth"": 1, ""n_estimators"": 100, ""n_train"": 4884, ""validation"": ""last purged expanding fold""}",decimal
2024-09-30,2024-10-07,5,20.0,0.03917997914494261,0.039291632227364155,0.00011165308242154504,NS_XGBOOST,NS,direct_change,"{""configurations_evaluated"": 3, ""learning_rate"": 0.05, ""max_depth"": 1, ""n_estimators"": 100, ""n_train"": 4884, ""validation"": ""last purged expanding fold""}",decimal
2024-09-30,2024-10-07,5,30.0,0.0449272659455427,0.04408689455048459,-0.0008403713950581107,NS_XGBOOST,NS,direct_change,"{""configurations_evaluated"": 3, ""learning_rate"": 0.05, ""max_depth"": 1, ""n_estimators"": 100, ""n_train"": 4884, ""validation"": ""last purged expanding fold""}",decimal
2024-09-30,2024-10-07,5,0.25,0.0270870967741935,0.027236916888966616,0.00014982011477311652,PCA_XGBOOST,PCA,direct_change,"{""configurations_evaluated"": 3, ""learning_rate"": 0.05, ""max_depth"": 1, ""n_estimators"": 100, ""n_train"": 4884, ""validation"": ""last purged expanding fold""}",decimal
2024-09-30,2024-10-07,5,0.5,0.027329411764705804,0.027383956204280396,5.4544439574592124e-05,PCA_XGBOOST,PCA,direct_change,"{""configurations_evaluated"": 3, ""learning_rate"": 0.05, ""max_depth"": 1, ""n_estimators"": 100, ""n_train"": 4884, ""validation"": ""last purged expanding fold""}",decimal
2024-09-30,2024-10-07,5,1.0,0.0279067636872739,0.027772067507581363,-0.00013469617969253528,PCA_XGBOOST,PCA,direct_change,"{""configurations_evaluated"": 3, ""learning_rate"": 0.05, ""max_depth"": 1, ""n_estimators"": 100, ""n_train"": 4884, ""validation"": ""last purged expanding fold""}",decimal
2024-09-30,2024-10-07,5,2.0,0.028304081632653,0.02852373370866762,0.00021965207601461895,PCA_XGBOOST,PCA,direct_change,"{""configurations_evaluated"": 3, ""learning_rate"": 0.05, ""max_depth"": 1, ""n_estimators"": 100, ""n_train"": 4884, ""validation"": ""last purged expanding fold""}",decimal
2024-09-30,2024-10-07,5,5.0,0.0298833766233766,0.03011112916042826,0.0002277525370516613,PCA_XGBOOST,PCA,direct_change,"{""configurations_evaluated"": 3, ""learning_rate"": 0.05, ""max_depth"": 1, ""n_estimators"": 100, ""n_train"": 4884, ""validation"": ""last purged expanding fold""}",decimal
2024-09-30,2024-10-07,5,10.0,0.032856159629843805,0.03283092432524364,-2.523530460016299e-05,PCA_XGBOOST,PCA,direct_change,"{""configurations_evaluated"": 3, ""learning_rate"": 0.05, ""max_depth"": 1, ""n_estimators"": 100, ""n_train"": 4884, ""validation"": ""last purged expanding fold""}",decimal
2024-09-30,2024-10-07,5,15.0,0.0356289424860853,0.03573505809258156,0.00010611560649625984,PCA_XGBOOST,PCA,direct_change,"{""configurations_evaluated"": 3, ""learning_rate"": 0.05, ""max_depth"": 1, ""n_estimators"": 100, ""n_train"": 4884, ""validation"": ""last purged expanding fold""}",decimal
2024-09-30,2024-10-07,5,20.0,0.03917997914494261,0.03935584025029179,0.00017586110534918015,PCA_XGBOOST,PCA,direct_change,"{""configurations_evaluated"": 3, ""learning_rate"": 0.05, ""max_depth"": 1, ""n_estimators"": 100, ""n_train"": 4884, ""validation"": ""last purged expanding fold""}",decimal
2024-09-30,2024-10-07,5,30.0,0.0449272659455427,0.04477763670511839,-0.00014962924042431075,PCA_XGBOOST,PCA,direct_change,"{""configurations_evaluated"": 3, ""learning_rate"": 0.05, ""max_depth"": 1, ""n_estimators"": 100, ""n_train"": 4884, ""validation"": ""last purged expanding fold""}",decimal
2024-09-30,2024-10-14,10,0.25,0.0274096774193548,0.0276501324430845,0.0002404550237296993,NS_XGBOOST,NS,direct_change,"{""configurations_evaluated"": 3, ""learning_rate"": 0.05, ""max_depth"": 1, ""n_estimators"": 100, ""n_train"": 4879, ""validation"": ""last purged expanding fold""}",decimal
2024-09-30,2024-10-14,10,0.5,0.027711764705882304,0.027702843134919507,-8.921570962796416e-06,NS_XGBOOST,NS,direct_change,"{""configurations_evaluated"": 3, ""learning_rate"": 0.05, ""max_depth"": 1, ""n_estimators"": 100, ""n_train"": 4879, ""validation"": ""last purged expanding fold""}",decimal
2024-09-30,2024-10-14,10,1.0,0.0280667104942168,0.027831080961488106,-0.00023562953272869558,NS_XGBOOST,NS,direct_change,"{""configurations_evaluated"": 3, ""learning_rate"": 0.05, ""max_depth"": 1, ""n_estimators"": 100, ""n_train"": 4879, ""validation"": ""last purged expanding fold""}",decimal
2024-09-30,2024-10-14,10,2.0,0.0283377551020408,0.028168625346291283,-0.00016912975574951555,NS_XGBOOST,NS,direct_change,"{""configurations_evaluated"": 3, ""learning_rate"": 0.05, ""max_depth"": 1, ""n_estimators"": 100, ""n_train"": 4879, ""validation"": ""last purged expanding fold""}",decimal
2024-09-30,2024-10-14,10,5.0,0.029747792207792202,0.029654421413349872,-9.337079444233023e-05,NS_XGBOOST,NS,direct_change,"{""configurations_evaluated"": 3, ""learning_rate"": 0.05, ""max_depth"": 1, ""n_estimators"": 100, ""n_train"": 4879, ""validation"": ""last purged expanding fold""}",decimal
2024-09-30,2024-10-14,10,10.0,0.032672932330827,0.03289117734700079,0.00021824501617379033,NS_XGBOOST,NS,direct_change,"{""configurations_evaluated"": 3, ""learning_rate"": 0.05, ""max_depth"": 1, ""n_estimators"": 100, ""n_train"": 4879, ""validation"": ""last purged expanding fold""}",decimal
2024-09-30,2024-10-14,10,15.0,0.0355567099567099,0.036235709207495234,0.0006789992507853365,NS_XGBOOST,NS,direct_change,"{""configurations_evaluated"": 3, ""learning_rate"": 0.05, ""max_depth"": 1, ""n_estimators"": 100, ""n_train"": 4879, ""validation"": ""last purged expanding fold""}",decimal
2024-09-30,2024-10-14,10,20.0,0.0391242961418143,0.039263345136770766,0.00013904899495646716,NS_XGBOOST,NS,direct_change,"{""configurations_evaluated"": 3, ""learning_rate"": 0.05, ""max_depth"": 1, ""n_estimators"": 100, ""n_train"": 4879, ""validation"": ""last purged expanding fold""}",decimal
2024-09-30,2024-10-14,10,30.0,0.0443435662965382,0.04400567506965573,-0.00033789122688247103,NS_XGBOOST,NS,direct_change,"{""configurations_evaluated"": 3, ""learning_rate"": 0.05, ""max_depth"": 1, ""n_estimators"": 100, ""n_train"": 4879, ""validation"": ""last purged expanding fold""}",decimal
2024-09-30,2024-10-14,10,0.25,0.0274096774193548,0.027237713500807666,-0.00017196391854713486,PCA_XGBOOST,PCA,direct_change,"{""configurations_evaluated"": 3, ""learning_rate"": 0.05, ""max_depth"": 1, ""n_estimators"": 100, ""n_train"": 4879, ""validation"": ""last purged expanding fold""}",decimal
2024-09-30,2024-10-14,10,0.5,0.027711764705882304,0.027388880778956452,-0.00032288392692585155,PCA_XGBOOST,PCA,direct_change,"{""configurations_evaluated"": 3, ""learning_rate"": 0.05, ""max_depth"": 1, ""n_estimators"": 100, ""n_train"": 4879, ""validation"": ""last purged expanding fold""}",decimal
2024-09-30,2024-10-14,10,1.0,0.0280667104942168,0.027782137036916336,-0.00028457345730046463,PCA_XGBOOST,PCA,direct_change,"{""configurations_evaluated"": 3, ""learning_rate"": 0.05, ""max_depth"": 1, ""n_estimators"": 100, ""n_train"": 4879, ""validation"": ""last purged expanding fold""}",decimal
2024-09-30,2024-10-14,10,2.0,0.0283377551020408,0.02854167782336425,0.0002039227213234511,PCA_XGBOOST,PCA,direct_change,"{""configurations_evaluated"": 3, ""learning_rate"": 0.05, ""max_depth"": 1, ""n_estimators"": 100, ""n_train"": 4879, ""validation"": ""last purged expanding fold""}",decimal
2024-09-30,2024-10-14,10,5.0,0.029747792207792202,0.03013084859873505,0.0003830563909428472,PCA_XGBOOST,PCA,direct_change,"{""configurations_evaluated"": 3, ""learning_rate"": 0.05, ""max_depth"": 1, ""n_estimators"": 100, ""n_train"": 4879, ""validation"": ""last purged expanding fold""}",decimal
2024-09-30,2024-10-14,10,10.0,0.032672932330827,0.032850039189044514,0.0001771068582175142,PCA_XGBOOST,PCA,direct_change,"{""configurations_evaluated"": 3, ""learning_rate"": 0.05, ""max_depth"": 1, ""n_estimators"": 100, ""n_train"": 4879, ""validation"": ""last purged expanding fold""}",decimal
2024-09-30,2024-10-14,10,15.0,0.0355567099567099,0.03574594440398274,0.00018923444727284022,PCA_XGBOOST,PCA,direct_change,"{""configurations_evaluated"": 3, ""learning_rate"": 0.05, ""max_depth"": 1, ""n_estimators"": 100, ""n_train"": 4879, ""validation"": ""last purged expanding fold""}",decimal
2024-09-30,2024-10-14,10,20.0,0.0391242961418143,0.039328520214547406,0.0002042240727331071,PCA_XGBOOST,PCA,direct_change,"{""configurations_evaluated"": 3, ""learning_rate"": 0.05, ""max_depth"": 1, ""n_estimators"": 100, ""n_train"": 4879, ""validation"": ""last purged expanding fold""}",decimal
2024-09-30,2024-10-14,10,30.0,0.0443435662965382,0.04471057360489475,0.00036700730835655115,PCA_XGBOOST,PCA,direct_change,"{""configurations_evaluated"": 3, ""learning_rate"": 0.05, ""max_depth"": 1, ""n_estimators"": 100, ""n_train"": 4879, ""validation"": ""last purged expanding fold""}",decimal
2024-09-30,2024-10-30,22,0.25,0.026621428571428504,0.02743680481647559,0.0008153762450470864,NS_XGBOOST,NS,direct_change,"{""configurations_evaluated"": 3, ""learning_rate"": 0.05, ""max_depth"": 1, ""n_estimators"": 100, ""n_train"": 4867, ""validation"": ""last purged expanding fold""}",decimal
2024-09-30,2024-10-30,22,0.5,0.0258,0.02748831595560231,0.0016883159556023083,NS_XGBOOST,NS,direct_change,"{""configurations_evaluated"": 3, ""learning_rate"": 0.05, ""max_depth"": 1, ""n_estimators"": 100, ""n_train"": 4867, ""validation"": ""last purged expanding fold""}",decimal
2024-09-30,2024-10-30,22,1.0,0.0270272017068907,0.02761411649206928,0.0005869147851785793,NS_XGBOOST,NS,direct_change,"{""configurations_evaluated"": 3, ""learning_rate"": 0.05, ""max_depth"": 1, ""n_estimators"": 100, ""n_train"": 4867, ""validation"": ""last purged expanding fold""}",decimal
2024-09-30,2024-10-30,22,2.0,0.0277766016713091,0.02794666468520315,0.00017006301389405065,NS_XGBOOST,NS,direct_change,"{""configurations_evaluated"": 3, ""learning_rate"": 0.05, ""max_depth"": 1, ""n_estimators"": 100, ""n_train"": 4867, ""validation"": ""last purged expanding fold""}",decimal
2024-09-30,2024-10-30,22,5.0,0.029348986889153703,0.029417020523931695,6.803363477799265e-05,NS_XGBOOST,NS,direct_change,"{""configurations_evaluated"": 3, ""learning_rate"": 0.05, ""max_depth"": 1, ""n_estimators"": 100, ""n_train"": 4867, ""validation"": ""last purged expanding fold""}",decimal
2024-09-30,2024-10-30,22,10.0,0.03239341563786,0.03262881194710838,0.00023539630924837573,NS_XGBOOST,NS,direct_change,"{""configurations_evaluated"": 3, ""learning_rate"": 0.05, ""max_depth"": 1, ""n_estimators"": 100, ""n_train"": 4867, ""validation"": ""last purged expanding fold""}",decimal
2024-09-30,2024-10-30,22,15.0,0.0350074358974359,0.035951360550869144,0.0009439246534332438,NS_XGBOOST,NS,direct_change,"{""configurations_evaluated"": 3, ""learning_rate"": 0.05, ""max_depth"": 1, ""n_estimators"": 100, ""n_train"": 4867, ""validation"": ""last purged expanding fold""}",decimal
2024-09-30,2024-10-30,22,20.0,0.0382830769230769,0.03896061216344412,0.0006775352403672191,NS_XGBOOST,NS,direct_change,"{""configurations_evaluated"": 3, ""learning_rate"": 0.05, ""max_depth"": 1, ""n_estimators"": 100, ""n_train"": 4867, ""validation"": ""last purged expanding fold""}",decimal
2024-09-30,2024-10-30,22,30.0,0.0441028875805999,0.04367577889806124,-0.00042710868253865997,NS_XGBOOST,NS,direct_change,"{""configurations_evaluated"": 3, ""learning_rate"": 0.05, ""max_depth"": 1, ""n_estimators"": 100, ""n_train"": 4867, ""validation"": ""last purged expanding fold""}",decimal
2024-09-30,2024-10-30,22,0.25,0.026621428571428504,0.027118600538970965,0.0004971719675424605,PCA_XGBOOST,PCA,direct_change,"{""configurations_evaluated"": 3, ""learning_rate"": 0.05, ""max_depth"": 1, ""n_estimators"": 100, ""n_train"": 4867, ""validation"": ""last purged expanding fold""}",decimal
2024-09-30,2024-10-30,22,0.5,0.0258,0.027278308701994124,0.0014783087019941236,PCA_XGBOOST,PCA,direct_change,"{""configurations_evaluated"": 3, ""learning_rate"": 0.05, ""max_depth"": 1, ""n_estimators"": 100, ""n_train"": 4867, ""validation"": ""last purged expanding fold""}",decimal
2024-09-30,2024-10-30,22,1.0,0.0270272017068907,0.02768295436918317,0.0006557526622924699,PCA_XGBOOST,PCA,direct_change,"{""configurations_evaluated"": 3, ""learning_rate"": 0.05, ""max_depth"": 1, ""n_estimators"": 100, ""n_train"": 4867, ""validation"": ""last purged expanding fold""}",decimal
2024-09-30,2024-10-30,22,2.0,0.0277766016713091,0.028460983117656078,0.000684381446346978,PCA_XGBOOST,PCA,direct_change,"{""configurations_evaluated"": 3, ""learning_rate"": 0.05, ""max_depth"": 1, ""n_estimators"": 100, ""n_train"": 4867, ""validation"": ""last purged expanding fold""}",decimal
2024-09-30,2024-10-30,22,5.0,0.029348986889153703,0.03005685606334462,0.0007078691741909185,PCA_XGBOOST,PCA,direct_change,"{""configurations_evaluated"": 3, ""learning_rate"": 0.05, ""max_depth"": 1, ""n_estimators"": 100, ""n_train"": 4867, ""validation"": ""last purged expanding fold""}",decimal
2024-09-30,2024-10-30,22,10.0,0.03239341563786,0.03277946840358864,0.00038605276572863806,PCA_XGBOOST,PCA,direct_change,"{""configurations_evaluated"": 3, ""learning_rate"": 0.05, ""max_depth"": 1, ""n_estimators"": 100, ""n_train"": 4867, ""validation"": ""last purged expanding fold""}",decimal
2024-09-30,2024-10-30,22,15.0,0.0350074358974359,0.03565976768439199,0.0006523317869560896,PCA_XGBOOST,PCA,direct_change,"{""configurations_evaluated"": 3, ""learning_rate"": 0.05, ""max_depth"": 1, ""n_estimators"": 100, ""n_train"": 4867, ""validation"": ""last purged expanding fold""}",decimal
2024-09-30,2024-10-30,22,20.0,0.0382830769230769,0.039158286759002126,0.0008752098359252267,PCA_XGBOOST,PCA,direct_change,"{""configurations_evaluated"": 3, ""learning_rate"": 0.05, ""max_depth"": 1, ""n_estimators"": 100, ""n_train"": 4867, ""validation"": ""last purged expanding fold""}",decimal
2024-09-30,2024-10-30,22,30.0,0.0441028875805999,0.044464930027979285,0.00036204244737938346,PCA_XGBOOST,PCA,direct_change,"{""configurations_evaluated"": 3, ""learning_rate"": 0.05, ""max_depth"": 1, ""n_estimators"": 100, ""n_train"": 4867, ""validation"": ""last purged expanding fold""}",decimal
2024-10-31,2024-11-08,5,0.25,0.026485714285714203,0.026699035339239584,0.000213321053525381,NS_XGBOOST,NS,direct_change,"{""configurations_evaluated"": 3, ""learning_rate"": 0.05, ""max_depth"": 1, ""n_estimators"": 100, ""n_train"": 4907, ""validation"": ""last purged expanding fold""}",decimal
2024-10-31,2024-11-08,5,0.5,0.0268714285714285,0.02674633425735032,-0.00012509431407817934,NS_XGBOOST,NS,direct_change,"{""configurations_evaluated"": 3, ""learning_rate"": 0.05, ""max_depth"": 1, ""n_estimators"": 100, ""n_train"": 4907, ""validation"": ""last purged expanding fold""}",decimal
2024-10-31,2024-11-08,5,1.0,0.0270247148484534,0.026864782949944273,-0.00015993189850912679,NS_XGBOOST,NS,direct_change,"{""configurations_evaluated"": 3, ""learning_rate"": 0.05, ""max_depth"": 1, ""n_estimators"": 100, ""n_train"": 4907, ""validation"": ""last purged expanding fold""}",decimal
2024-10-31,2024-11-08,5,2.0,0.0275247165532879,0.027186523137703526,-0.000338193415584373,NS_XGBOOST,NS,direct_change,"{""configurations_evaluated"": 3, ""learning_rate"": 0.05, ""max_depth"": 1, ""n_estimators"": 100, ""n_train"": 4907, ""validation"": ""last purged expanding fold""}",decimal
2024-10-31,2024-11-08,5,5.0,0.029186753246753197,0.028648746339400927,-0.0005380069073522703,NS_XGBOOST,NS,direct_change,"{""configurations_evaluated"": 3, ""learning_rate"": 0.05, ""max_depth"": 1, ""n_estimators"": 100, ""n_train"": 4907, ""validation"": ""last purged expanding fold""}",decimal
2024-10-31,2024-11-08,5,10.0,0.0323781376518218,0.03189502264219618,-0.000483115009625619,NS_XGBOOST,NS,direct_change,"{""configurations_evaluated"": 3, ""learning_rate"": 0.05, ""max_depth"": 1, ""n_estimators"": 100, ""n_train"": 4907, ""validation"": ""last purged expanding fold""}",decimal
2024-10-31,2024-11-08,5,15.0,0.0348524427952999,0.0352761553120484,0.00042371251674849786,NS_XGBOOST,NS,direct_change,"{""configurations_evaluated"": 3, ""learning_rate"": 0.05, ""max_depth"": 1, ""n_estimators"": 100, ""n_train"": 4907, ""validation"": ""last purged expanding fold""}",decimal
2024-10-31,2024-11-08,5,20.0,0.0381366006256517,0.03834756638934753,0.0002109657636958362,NS_XGBOOST,NS,direct_change,"{""configurations_evaluated"": 3, ""learning_rate"": 0.05, ""max_depth"": 1, ""n_estimators"": 100, ""n_train"": 4907, ""validation"": ""last purged expanding fold""}",decimal
2024-10-31,2024-11-08,5,30.0,0.0440375982042648,0.043169927121712304,-0.000867671082552493,NS_XGBOOST,NS,direct_change,"{""configurations_evaluated"": 3, ""learning_rate"": 0.05, ""max_depth"": 1, ""n_estimators"": 100, ""n_train"": 4907, ""validation"": ""last purged expanding fold""}",decimal
2024-10-31,2024-11-08,5,0.25,0.026485714285714203,0.02645279931842532,-3.291496728888288e-05,PCA_XGBOOST,PCA,direct_change,"{""configurations_evaluated"": 3, ""learning_rate"": 0.05, ""max_depth"": 1, ""n_estimators"": 100, ""n_train"": 4907, ""validation"": ""last purged expanding fold""}",decimal
2024-10-31,2024-11-08,5,0.5,0.0268714285714285,0.0265902547016119,-0.00028117386981659984,PCA_XGBOOST,PCA,direct_change,"{""configurations_evaluated"": 3, ""learning_rate"": 0.05, ""max_depth"": 1, ""n_estimators"": 100, ""n_train"": 4907, ""validation"": ""last purged expanding fold""}",decimal
2024-10-31,2024-11-08,5,1.0,0.0270247148484534,0.026964469669093168,-6.0245179360231965e-05,PCA_XGBOOST,PCA,direct_change,"{""configurations_evaluated"": 3, ""learning_rate"": 0.05, ""max_depth"": 1, ""n_estimators"": 100, ""n_train"": 4907, ""validation"": ""last purged expanding fold""}",decimal
2024-10-31,2024-11-08,5,2.0,0.0275247165532879,0.027692940030375635,0.00016822347708773597,PCA_XGBOOST,PCA,direct_change,"{""configurations_evaluated"": 3, ""learning_rate"": 0.05, ""max_depth"": 1, ""n_estimators"": 100, ""n_train"": 4907, ""validation"": ""last purged expanding fold""}",decimal
2024-10-31,2024-11-08,5,5.0,0.029186753246753197,0.02923259557207187,4.5842325318672106e-05,PCA_XGBOOST,PCA,direct_change,"{""configurations_evaluated"": 3, ""learning_rate"": 0.05, ""max_depth"": 1, ""n_estimators"": 100, ""n_train"": 4907, ""validation"": ""last purged expanding fold""}",decimal
2024-10-31,2024-11-08,5,10.0,0.0323781376518218,0.03192572725096478,-0.0004524104008570215,PCA_XGBOOST,PCA,direct_change,"{""configurations_evaluated"": 3, ""learning_rate"": 0.05, ""max_depth"": 1, ""n_estimators"": 100, ""n_train"": 4907, ""validation"": ""last purged expanding fold""}",decimal
2024-10-31,2024-11-08,5,15.0,0.0348524427952999,0.03480377850458475,-4.8664290715150216e-05,PCA_XGBOOST,PCA,direct_change,"{""configurations_evaluated"": 3, ""learning_rate"": 0.05, ""max_depth"": 1, ""n_estimators"": 100, ""n_train"": 4907, ""validation"": ""last purged expanding fold""}",decimal
2024-10-31,2024-11-08,5,20.0,0.0381366006256517,0.038386280923022306,0.00024968029737060943,PCA_XGBOOST,PCA,direct_change,"{""configurations_evaluated"": 3, ""learning_rate"": 0.05, ""max_depth"": 1, ""n_estimators"": 100, ""n_train"": 4907, ""validation"": ""last purged expanding fold""}",decimal
2024-10-31,2024-11-08,5,30.0,0.0440375982042648,0.043926401762991084,-0.00011119644127371292,PCA_XGBOOST,PCA,direct_change,"{""configurations_evaluated"": 3, ""learning_rate"": 0.05, ""max_depth"": 1, ""n_estimators"": 100, ""n_train"": 4907, ""validation"": ""last purged expanding fold""}",decimal
2024-10-31,2024-11-15,10,0.25,0.0263297619047619,0.026586662813502786,0.0002569009087408855,NS_XGBOOST,NS,direct_change,"{""configurations_evaluated"": 3, ""learning_rate"": 0.05, ""max_depth"": 1, ""n_estimators"": 100, ""n_train"": 4902, ""validation"": ""last purged expanding fold""}",decimal
2024-10-31,2024-11-15,10,0.5,0.0264,0.02662472318494652,0.0002247231849465195,NS_XGBOOST,NS,direct_change,"{""configurations_evaluated"": 3, ""learning_rate"": 0.05, ""max_depth"": 1, ""n_estimators"": 100, ""n_train"": 4902, ""validation"": ""last purged expanding fold""}",decimal
2024-10-31,2024-11-15,10,1.0,0.026704010524445397,0.026725639797082184,2.162927263678685e-05,NS_XGBOOST,NS,direct_change,"{""configurations_evaluated"": 3, ""learning_rate"": 0.05, ""max_depth"": 1, ""n_estimators"": 100, ""n_train"": 4902, ""validation"": ""last purged expanding fold""}",decimal
2024-10-31,2024-11-15,10,2.0,0.0273585034013605,0.02701581805440845,-0.00034268534695204925,NS_XGBOOST,NS,direct_change,"{""configurations_evaluated"": 3, ""learning_rate"": 0.05, ""max_depth"": 1, ""n_estimators"": 100, ""n_train"": 4902, ""validation"": ""last purged expanding fold""}",decimal
2024-10-31,2024-11-15,10,5.0,0.0291477922077922,0.028406449479763663,-0.0007413427280285358,NS_XGBOOST,NS,direct_change,"{""configurations_evaluated"": 3, ""learning_rate"": 0.05, ""max_depth"": 1, ""n_estimators"": 100, ""n_train"": 4902, ""validation"": ""last purged expanding fold""}",decimal
2024-10-31,2024-11-15,10,10.0,0.0322955465587044,0.031585886432447974,-0.0007096601262564228,NS_XGBOOST,NS,direct_change,"{""configurations_evaluated"": 3, ""learning_rate"": 0.05, ""max_depth"": 1, ""n_estimators"": 100, ""n_train"": 4902, ""validation"": ""last purged expanding fold""}",decimal
2024-10-31,2024-11-15,10,15.0,0.0348508348794063,0.03493713704286904,8.630216346273978e-05,NS_XGBOOST,NS,direct_change,"{""configurations_evaluated"": 3, ""learning_rate"": 0.05, ""max_depth"": 1, ""n_estimators"": 100, ""n_train"": 4902, ""validation"": ""last purged expanding fold""}",decimal
2024-10-31,2024-11-15,10,20.0,0.0380583941605839,0.037997078179949025,-6.131598063487814e-05,NS_XGBOOST,NS,direct_change,"{""configurations_evaluated"": 3, ""learning_rate"": 0.05, ""max_depth"": 1, ""n_estimators"": 100, ""n_train"": 4902, ""validation"": ""last purged expanding fold""}",decimal
2024-10-31,2024-11-15,10,30.0,0.0440664482919981,0.04281825638255482,-0.0012481919094432803,NS_XGBOOST,NS,direct_change,"{""configurations_evaluated"": 3, ""learning_rate"": 0.05, ""max_depth"": 1, ""n_estimators"": 100, ""n_train"": 4902, ""validation"": ""last purged expanding fold""}",decimal
2024-10-31,2024-11-15,10,0.25,0.0263297619047619,0.02634122013624156,1.1458231479660741e-05,PCA_XGBOOST,PCA,direct_change,"{""configurations_evaluated"": 3, ""learning_rate"": 0.05, ""max_depth"": 1, ""n_estimators"": 100, ""n_train"": 4902, ""validation"": ""last purged expanding fold""}",decimal
2024-10-31,2024-11-15,10,0.5,0.0264,0.026476441902943036,7.644190294303632e-05,PCA_XGBOOST,PCA,direct_change,"{""configurations_evaluated"": 3, ""learning_rate"": 0.05, ""max_depth"": 1, ""n_estimators"": 100, ""n_train"": 4902, ""validation"": ""last purged expanding fold""}",decimal
2024-10-31,2024-11-15,10,1.0,0.026704010524445397,0.026846565705696306,0.00014255518125090919,PCA_XGBOOST,PCA,direct_change,"{""configurations_evaluated"": 3, ""learning_rate"": 0.05, ""max_depth"": 1, ""n_estimators"": 100, ""n_train"": 4902, ""validation"": ""last purged expanding fold""}",decimal
2024-10-31,2024-11-15,10,2.0,0.0273585034013605,0.027569879920467385,0.00021137651910688518,PCA_XGBOOST,PCA,direct_change,"{""configurations_evaluated"": 3, ""learning_rate"": 0.05, ""max_depth"": 1, ""n_estimators"": 100, ""n_train"": 4902, ""validation"": ""last purged expanding fold""}",decimal
2024-10-31,2024-11-15,10,5.0,0.0291477922077922,0.029093905245374738,-5.3886962417461215e-05,PCA_XGBOOST,PCA,direct_change,"{""configurations_evaluated"": 3, ""learning_rate"": 0.05, ""max_depth"": 1, ""n_estimators"": 100, ""n_train"": 4902, ""validation"": ""last purged expanding fold""}",decimal
2024-10-31,2024-11-15,10,10.0,0.0322955465587044,0.03177400819842322,-0.0005215383602811749,PCA_XGBOOST,PCA,direct_change,"{""configurations_evaluated"": 3, ""learning_rate"": 0.05, ""max_depth"": 1, ""n_estimators"": 100, ""n_train"": 4902, ""validation"": ""last purged expanding fold""}",decimal
2024-10-31,2024-11-15,10,15.0,0.0348508348794063,0.03464204562870716,-0.0002087892506991429,PCA_XGBOOST,PCA,direct_change,"{""configurations_evaluated"": 3, ""learning_rate"": 0.05, ""max_depth"": 1, ""n_estimators"": 100, ""n_train"": 4902, ""validation"": ""last purged expanding fold""}",decimal
2024-10-31,2024-11-15,10,20.0,0.0380583941605839,0.03821013417521358,0.00015174001462967684,PCA_XGBOOST,PCA,direct_change,"{""configurations_evaluated"": 3, ""learning_rate"": 0.05, ""max_depth"": 1, ""n_estimators"": 100, ""n_train"": 4902, ""validation"": ""last purged expanding fold""}",decimal
2024-10-31,2024-11-15,10,30.0,0.0440664482919981,0.043769009481582855,-0.0002974388104152459,PCA_XGBOOST,PCA,direct_change,"{""configurations_evaluated"": 3, ""learning_rate"": 0.05, ""max_depth"": 1, ""n_estimators"": 100, ""n_train"": 4902, ""validation"": ""last purged expanding fold""}",decimal
2024-10-31,2024-12-05,22,0.25,0.0268428571428571,0.02647106365574974,-0.0003717934871073601,NS_XGBOOST,NS,direct_change,"{""configurations_evaluated"": 3, ""learning_rate"": 0.05, ""max_depth"": 1, ""n_estimators"": 100, ""n_train"": 4890, ""validation"": ""last purged expanding fold""}",decimal
2024-10-31,2024-12-05,22,0.5,0.0274479262672811,0.026487584109863183,-0.0009603421574179184,NS_XGBOOST,NS,direct_change,"{""configurations_evaluated"": 3, ""learning_rate"": 0.05, ""max_depth"": 1, ""n_estimators"": 100, ""n_train"": 4890, ""validation"": ""last purged expanding fold""}",decimal
2024-10-31,2024-12-05,22,1.0,0.0279930250062333,0.0265480682713038,-0.0014449567349295,NS_XGBOOST,NS,direct_change,"{""configurations_evaluated"": 3, ""learning_rate"": 0.05, ""max_depth"": 1, ""n_estimators"": 100, ""n_train"": 4890, ""validation"": ""last purged expanding fold""}",decimal
2024-10-31,2024-12-05,22,2.0,0.027829343629343598,0.026767137938291954,-0.001062205691051643,NS_XGBOOST,NS,direct_change,"{""configurations_evaluated"": 3, ""learning_rate"": 0.05, ""max_depth"": 1, ""n_estimators"": 100, ""n_train"": 4890, ""validation"": ""last purged expanding fold""}",decimal
2024-10-31,2024-12-05,22,5.0,0.029683636363636304,0.028007810808892357,-0.0016758255547439475,NS_XGBOOST,NS,direct_change,"{""configurations_evaluated"": 3, ""learning_rate"": 0.05, ""max_depth"": 1, ""n_estimators"": 100, ""n_train"": 4890, ""validation"": ""last purged expanding fold""}",decimal
2024-10-31,2024-12-05,22,10.0,0.0334680080482897,0.031076360532982784,-0.0023916475153069154,NS_XGBOOST,NS,direct_change,"{""configurations_evaluated"": 3, ""learning_rate"": 0.05, ""max_depth"": 1, ""n_estimators"": 100, ""n_train"": 4890, ""validation"": ""last purged expanding fold""}",decimal
2024-10-31,2024-12-05,22,15.0,0.0355562264150943,0.03440790687839143,-0.0011483195367028715,NS_XGBOOST,NS,direct_change,"{""configurations_evaluated"": 3, ""learning_rate"": 0.05, ""max_depth"": 1, ""n_estimators"": 100, ""n_train"": 4890, ""validation"": ""last purged expanding fold""}",decimal
2024-10-31,2024-12-05,22,20.0,0.038263034410844596,0.037487737173049686,-0.0007752972377949099,NS_XGBOOST,NS,direct_change,"{""configurations_evaluated"": 3, ""learning_rate"": 0.05, ""max_depth"": 1, ""n_estimators"": 100, ""n_train"": 4890, ""validation"": ""last purged expanding fold""}",decimal
2024-10-31,2024-12-05,22,30.0,0.0441490857946554,0.04238070705552272,-0.0017683787391326797,NS_XGBOOST,NS,direct_change,"{""configurations_evaluated"": 3, ""learning_rate"": 0.05, ""max_depth"": 1, ""n_estimators"": 100, ""n_train"": 4890, ""validation"": ""last purged expanding fold""}",decimal
2024-10-31,2024-12-05,22,0.25,0.0268428571428571,0.026128011145305562,-0.0007148459975515366,PCA_XGBOOST,PCA,direct_change,"{""configurations_evaluated"": 3, ""learning_rate"": 0.05, ""max_depth"": 1, ""n_estimators"": 100, ""n_train"": 4890, ""validation"": ""last purged expanding fold""}",decimal
2024-10-31,2024-12-05,22,0.5,0.0274479262672811,0.026259095517065425,-0.0011888307502156761,PCA_XGBOOST,PCA,direct_change,"{""configurations_evaluated"": 3, ""learning_rate"": 0.05, ""max_depth"": 1, ""n_estimators"": 100, ""n_train"": 4890, ""validation"": ""last purged expanding fold""}",decimal
2024-10-31,2024-12-05,22,1.0,0.0279930250062333,0.026621107654362115,-0.0013719173518711852,PCA_XGBOOST,PCA,direct_change,"{""configurations_evaluated"": 3, ""learning_rate"": 0.05, ""max_depth"": 1, ""n_estimators"": 100, ""n_train"": 4890, ""validation"": ""last purged expanding fold""}",decimal
2024-10-31,2024-12-05,22,2.0,0.027829343629343598,0.027334150163757263,-0.0004951934655863348,PCA_XGBOOST,PCA,direct_change,"{""configurations_evaluated"": 3, ""learning_rate"": 0.05, ""max_depth"": 1, ""n_estimators"": 100, ""n_train"": 4890, ""validation"": ""last purged expanding fold""}",decimal
2024-10-31,2024-12-05,22,5.0,0.029683636363636304,0.02882435862351572,-0.0008592777401205849,PCA_XGBOOST,PCA,direct_change,"{""configurations_evaluated"": 3, ""learning_rate"": 0.05, ""max_depth"": 1, ""n_estimators"": 100, ""n_train"": 4890, ""validation"": ""last purged expanding fold""}",decimal
2024-10-31,2024-12-05,22,10.0,0.0334680080482897,0.03147549512486378,-0.001992512923425921,PCA_XGBOOST,PCA,direct_change,"{""configurations_evaluated"": 3, ""learning_rate"": 0.05, ""max_depth"": 1, ""n_estimators"": 100, ""n_train"": 4890, ""validation"": ""last purged expanding fold""}",decimal
2024-10-31,2024-12-05,22,15.0,0.0355562264150943,0.03432051682086965,-0.0012357095942246502,PCA_XGBOOST,PCA,direct_change,"{""configurations_evaluated"": 3, ""learning_rate"": 0.05, ""max_depth"": 1, ""n_estimators"": 100, ""n_train"": 4890, ""validation"": ""last purged expanding fold""}",decimal
2024-10-31,2024-12-05,22,20.0,0.038263034410844596,0.03785285372266858,-0.0004101806881760192,PCA_XGBOOST,PCA,direct_change,"{""configurations_evaluated"": 3, ""learning_rate"": 0.05, ""max_depth"": 1, ""n_estimators"": 100, ""n_train"": 4890, ""validation"": ""last purged expanding fold""}",decimal
2024-10-31,2024-12-05,22,30.0,0.0441490857946554,0.04344423392891896,-0.0007048518657364403,PCA_XGBOOST,PCA,direct_change,"{""configurations_evaluated"": 3, ""learning_rate"": 0.05, ""max_depth"": 1, ""n_estimators"": 100, ""n_train"": 4890, ""validation"": ""last purged expanding fold""}",decimal
2024-11-29,2024-12-09,5,0.25,0.0270249999999999,0.02702355177404427,-1.4482259556303223e-06,NS_XGBOOST,NS,direct_change,"{""configurations_evaluated"": 3, ""learning_rate"": 0.05, ""max_depth"": 1, ""n_estimators"": 100, ""n_train"": 4926, ""validation"": ""last purged expanding fold""}",decimal
2024-11-29,2024-12-09,5,0.5,0.0274516129032258,0.02711144279503402,-0.0003401701081917792,NS_XGBOOST,NS,direct_change,"{""configurations_evaluated"": 3, ""learning_rate"": 0.05, ""max_depth"": 1, ""n_estimators"": 100, ""n_train"": 4926, ""validation"": ""last purged expanding fold""}",decimal
2024-11-29,2024-12-09,5,1.0,0.027994814053717197,0.027304447859850433,-0.0006903661938667642,NS_XGBOOST,NS,direct_change,"{""configurations_evaluated"": 3, ""learning_rate"": 0.05, ""max_depth"": 1, ""n_estimators"": 100, ""n_train"": 4926, ""validation"": ""last purged expanding fold""}",decimal
2024-11-29,2024-12-09,5,2.0,0.0278399613899613,0.027751044186554552,-8.891720340674716e-05,NS_XGBOOST,NS,direct_change,"{""configurations_evaluated"": 3, ""learning_rate"": 0.05, ""max_depth"": 1, ""n_estimators"": 100, ""n_train"": 4926, ""validation"": ""last purged expanding fold""}",decimal
2024-11-29,2024-12-09,5,5.0,0.0298948051948052,0.029433275314275753,-0.0004615298805294467,NS_XGBOOST,NS,direct_change,"{""configurations_evaluated"": 3, ""learning_rate"": 0.05, ""max_depth"": 1, ""n_estimators"": 100, ""n_train"": 4926, ""validation"": ""last purged expanding fold""}",decimal
2024-11-29,2024-12-09,5,10.0,0.0335978021978021,0.03272262800566092,-0.0008751741921411774,NS_XGBOOST,NS,direct_change,"{""configurations_evaluated"": 3, ""learning_rate"": 0.05, ""max_depth"": 1, ""n_estimators"": 100, ""n_train"": 4926, ""validation"": ""last purged expanding fold""}",decimal
2024-11-29,2024-12-09,5,15.0,0.0357797773654916,0.03595649030298796,0.0001767129374963608,NS_XGBOOST,NS,direct_change,"{""configurations_evaluated"": 3, ""learning_rate"": 0.05, ""max_depth"": 1, ""n_estimators"": 100, ""n_train"": 4926, ""validation"": ""last purged expanding fold""}",decimal
2024-11-29,2024-12-09,5,20.0,0.0384181960375391,0.03881832460843274,0.00040012857089364445,NS_XGBOOST,NS,direct_change,"{""configurations_evaluated"": 3, ""learning_rate"": 0.05, ""max_depth"": 1, ""n_estimators"": 100, ""n_train"": 4926, ""validation"": ""last purged expanding fold""}",decimal
2024-11-29,2024-12-09,5,30.0,0.0446792045774317,0.043230268804711376,-0.0014489357727203236,NS_XGBOOST,NS,direct_change,"{""configurations_evaluated"": 3, ""learning_rate"": 0.05, ""max_depth"": 1, ""n_estimators"": 100, ""n_train"": 4926, ""validation"": ""last purged expanding fold""}",decimal
2024-11-29,2024-12-09,5,0.25,0.0270249999999999,0.02670693121138504,-0.00031806878861485866,PCA_XGBOOST,PCA,direct_change,"{""configurations_evaluated"": 3, ""learning_rate"": 0.05, ""max_depth"": 1, ""n_estimators"": 100, ""n_train"": 4926, ""validation"": ""last purged expanding fold""}",decimal
2024-11-29,2024-12-09,5,0.5,0.0274516129032258,0.026898617647228475,-0.0005529952559973246,PCA_XGBOOST,PCA,direct_change,"{""configurations_evaluated"": 3, ""learning_rate"": 0.05, ""max_depth"": 1, ""n_estimators"": 100, ""n_train"": 4926, ""validation"": ""last purged expanding fold""}",decimal
2024-11-29,2024-12-09,5,1.0,0.027994814053717197,0.02734712039927257,-0.0006476936544446282,PCA_XGBOOST,PCA,direct_change,"{""configurations_evaluated"": 3, ""learning_rate"": 0.05, ""max_depth"": 1, ""n_estimators"": 100, ""n_train"": 4926, ""validation"": ""last purged expanding fold""}",decimal
2024-11-29,2024-12-09,5,2.0,0.0278399613899613,0.02818226701923255,0.00034230562927125077,PCA_XGBOOST,PCA,direct_change,"{""configurations_evaluated"": 3, ""learning_rate"": 0.05, ""max_depth"": 1, ""n_estimators"": 100, ""n_train"": 4926, ""validation"": ""last purged expanding fold""}",decimal
2024-11-29,2024-12-09,5,5.0,0.0298948051948052,0.029830997364441062,-6.380783036413762e-05,PCA_XGBOOST,PCA,direct_change,"{""configurations_evaluated"": 3, ""learning_rate"": 0.05, ""max_depth"": 1, ""n_estimators"": 100, ""n_train"": 4926, ""validation"": ""last purged expanding fold""}",decimal
2024-11-29,2024-12-09,5,10.0,0.0335978021978021,0.0326048550792996,-0.0009929471185025004,PCA_XGBOOST,PCA,direct_change,"{""configurations_evaluated"": 3, ""learning_rate"": 0.05, ""max_depth"": 1, ""n_estimators"": 100, ""n_train"": 4926, ""validation"": ""last purged expanding fold""}",decimal
2024-11-29,2024-12-09,5,15.0,0.0357797773654916,0.035452147023645623,-0.0003276303418459775,PCA_XGBOOST,PCA,direct_change,"{""configurations_evaluated"": 3, ""learning_rate"": 0.05, ""max_depth"": 1, ""n_estimators"": 100, ""n_train"": 4926, ""validation"": ""last purged expanding fold""}",decimal
2024-11-29,2024-12-09,5,20.0,0.0384181960375391,0.03871349936965582,0.0002953033321167198,PCA_XGBOOST,PCA,direct_change,"{""configurations_evaluated"": 3, ""learning_rate"": 0.05, ""max_depth"": 1, ""n_estimators"": 100, ""n_train"": 4926, ""validation"": ""last purged expanding fold""}",decimal
2024-11-29,2024-12-09,5,30.0,0.0446792045774317,0.04379032932121843,-0.0008888752562132701,PCA_XGBOOST,PCA,direct_change,"{""configurations_evaluated"": 3, ""learning_rate"": 0.05, ""max_depth"": 1, ""n_estimators"": 100, ""n_train"": 4926, ""validation"": ""last purged expanding fold""}",decimal
2024-11-29,2024-12-16,10,0.25,0.0273333333333333,0.026807111583127742,-0.0005262217502055577,NS_XGBOOST,NS,direct_change,"{""configurations_evaluated"": 3, ""learning_rate"": 0.05, ""max_depth"": 1, ""n_estimators"": 100, ""n_train"": 4921, ""validation"": ""last purged expanding fold""}",decimal
2024-11-29,2024-12-16,10,0.5,0.027658064516129,0.026893819532033413,-0.000764244984095587,NS_XGBOOST,NS,direct_change,"{""configurations_evaluated"": 3, ""learning_rate"": 0.05, ""max_depth"": 1, ""n_estimators"": 100, ""n_train"": 4921, ""validation"": ""last purged expanding fold""}",decimal
2024-11-29,2024-12-16,10,1.0,0.0282083926503284,0.027084231154022583,-0.0011241614963058179,NS_XGBOOST,NS,direct_change,"{""configurations_evaluated"": 3, ""learning_rate"": 0.05, ""max_depth"": 1, ""n_estimators"": 100, ""n_train"": 4921, ""validation"": ""last purged expanding fold""}",decimal
2024-11-29,2024-12-16,10,2.0,0.028146332046332,0.027524841309234344,-0.0006214907370976561,NS_XGBOOST,NS,direct_change,"{""configurations_evaluated"": 3, ""learning_rate"": 0.05, ""max_depth"": 1, ""n_estimators"": 100, ""n_train"": 4921, ""validation"": ""last purged expanding fold""}",decimal
2024-11-29,2024-12-16,10,5.0,0.0298985281385281,0.02918460166996146,-0.0007139264685666405,NS_XGBOOST,NS,direct_change,"{""configurations_evaluated"": 3, ""learning_rate"": 0.05, ""max_depth"": 1, ""n_estimators"": 100, ""n_train"": 4921, ""validation"": ""last purged expanding fold""}",decimal
2024-11-29,2024-12-16,10,10.0,0.0336676691729323,0.032430136505126425,-0.0012375326678058726,NS_XGBOOST,NS,direct_change,"{""configurations_evaluated"": 3, ""learning_rate"": 0.05, ""max_depth"": 1, ""n_estimators"": 100, ""n_train"": 4921, ""validation"": ""last purged expanding fold""}",decimal
2024-11-29,2024-12-16,10,15.0,0.0362880643166357,0.03562097910840139,-0.0006670852082343096,NS_XGBOOST,NS,direct_change,"{""configurations_evaluated"": 3, ""learning_rate"": 0.05, ""max_depth"": 1, ""n_estimators"": 100, ""n_train"": 4921, ""validation"": ""last purged expanding fold""}",decimal
2024-11-29,2024-12-16,10,20.0,0.0384287799791449,0.038444767409636114,1.598743049121415e-05,NS_XGBOOST,NS,direct_change,"{""configurations_evaluated"": 3, ""learning_rate"": 0.05, ""max_depth"": 1, ""n_estimators"": 100, ""n_train"": 4921, ""validation"": ""last purged expanding fold""}",decimal
2024-11-29,2024-12-16,10,30.0,0.0447085601651961,0.04279808517451698,-0.0019104749906791244,NS_XGBOOST,NS,direct_change,"{""configurations_evaluated"": 3, ""learning_rate"": 0.05, ""max_depth"": 1, ""n_estimators"": 100, ""n_train"": 4921, ""validation"": ""last purged expanding fold""}",decimal
2024-11-29,2024-12-16,10,0.25,0.0273333333333333,0.0266794764317438,-0.0006538569015894988,PCA_XGBOOST,PCA,direct_change,"{""configurations_evaluated"": 3, ""learning_rate"": 0.05, ""max_depth"": 1, ""n_estimators"": 100, ""n_train"": 4921, ""validation"": ""last purged expanding fold""}",decimal
2024-11-29,2024-12-16,10,0.5,0.027658064516129,0.026876176171864666,-0.0007818883442643337,PCA_XGBOOST,PCA,direct_change,"{""configurations_evaluated"": 3, ""learning_rate"": 0.05, ""max_depth"": 1, ""n_estimators"": 100, ""n_train"": 4921, ""validation"": ""last purged expanding fold""}",decimal
2024-11-29,2024-12-16,10,1.0,0.0282083926503284,0.027331233324954313,-0.0008771593253740877,PCA_XGBOOST,PCA,direct_change,"{""configurations_evaluated"": 3, ""learning_rate"": 0.05, ""max_depth"": 1, ""n_estimators"": 100, ""n_train"": 4921, ""validation"": ""last purged expanding fold""}",decimal
2024-11-29,2024-12-16,10,2.0,0.028146332046332,0.028176810821636727,3.0478775304727118e-05,PCA_XGBOOST,PCA,direct_change,"{""configurations_evaluated"": 3, ""learning_rate"": 0.05, ""max_depth"": 1, ""n_estimators"": 100, ""n_train"": 4921, ""validation"": ""last purged expanding fold""}",decimal
2024-11-29,2024-12-16,10,5.0,0.0298985281385281,0.029829367972895288,-6.916016563281169e-05,PCA_XGBOOST,PCA,direct_change,"{""configurations_evaluated"": 3, ""learning_rate"": 0.05, ""max_depth"": 1, ""n_estimators"": 100, ""n_train"": 4921, ""validation"": ""last purged expanding fold""}",decimal
2024-11-29,2024-12-16,10,10.0,0.0336676691729323,0.032604431480694675,-0.001063237692237623,PCA_XGBOOST,PCA,direct_change,"{""configurations_evaluated"": 3, ""learning_rate"": 0.05, ""max_depth"": 1, ""n_estimators"": 100, ""n_train"": 4921, ""validation"": ""last purged expanding fold""}",decimal
2024-11-29,2024-12-16,10,15.0,0.0362880643166357,0.03544292859369713,-0.000845135722938567,PCA_XGBOOST,PCA,direct_change,"{""configurations_evaluated"": 3, ""learning_rate"": 0.05, ""max_depth"": 1, ""n_estimators"": 100, ""n_train"": 4921, ""validation"": ""last purged expanding fold""}",decimal
2024-11-29,2024-12-16,10,20.0,0.0384287799791449,0.03865807657041991,0.00022929659127501195,PCA_XGBOOST,PCA,direct_change,"{""configurations_evaluated"": 3, ""learning_rate"": 0.05, ""max_depth"": 1, ""n_estimators"": 100, ""n_train"": 4921, ""validation"": ""last purged expanding fold""}",decimal
2024-11-29,2024-12-16,10,30.0,0.0447085601651961,0.04368826928197644,-0.0010202908832196642,PCA_XGBOOST,PCA,direct_change,"{""configurations_evaluated"": 3, ""learning_rate"": 0.05, ""max_depth"": 1, ""n_estimators"": 100, ""n_train"": 4921, ""validation"": ""last purged expanding fold""}",decimal
2024-11-29,2025-01-07,22,0.25,0.0252454545454545,0.026703102157113256,0.0014576476116587543,NS_XGBOOST,NS,direct_change,"{""configurations_evaluated"": 3, ""learning_rate"": 0.05, ""max_depth"": 1, ""n_estimators"": 100, ""n_train"": 4909, ""validation"": ""last purged expanding fold""}",decimal
2024-11-29,2025-01-07,22,0.5,0.0253391705069124,0.026794745828078097,0.0014555753211656988,NS_XGBOOST,NS,direct_change,"{""configurations_evaluated"": 3, ""learning_rate"": 0.05, ""max_depth"": 1, ""n_estimators"": 100, ""n_train"": 4909, ""validation"": ""last purged expanding fold""}",decimal
2024-11-29,2025-01-07,22,1.0,0.0258676699692602,0.02699439834791964,0.001126728378659441,NS_XGBOOST,NS,direct_change,"{""configurations_evaluated"": 3, ""learning_rate"": 0.05, ""max_depth"": 1, ""n_estimators"": 100, ""n_train"": 4909, ""validation"": ""last purged expanding fold""}",decimal
2024-11-29,2025-01-07,22,2.0,0.0263803088803088,0.027451169031065998,0.0010708601507571983,NS_XGBOOST,NS,direct_change,"{""configurations_evaluated"": 3, ""learning_rate"": 0.05, ""max_depth"": 1, ""n_estimators"": 100, ""n_train"": 4909, ""validation"": ""last purged expanding fold""}",decimal
2024-11-29,2025-01-07,22,5.0,0.028080259740259697,0.02914437792575258,0.0010641181854928843,NS_XGBOOST,NS,direct_change,"{""configurations_evaluated"": 3, ""learning_rate"": 0.05, ""max_depth"": 1, ""n_estimators"": 100, ""n_train"": 4909, ""validation"": ""last purged expanding fold""}",decimal
2024-11-29,2025-01-07,22,10.0,0.0317660497397339,0.03241290081173679,0.0006468510720028936,NS_XGBOOST,NS,direct_change,"{""configurations_evaluated"": 3, ""learning_rate"": 0.05, ""max_depth"": 1, ""n_estimators"": 100, ""n_train"": 4909, ""validation"": ""last purged expanding fold""}",decimal
2024-11-29,2025-01-07,22,15.0,0.0343491651205936,0.03560556736523392,0.0012564022446403186,NS_XGBOOST,NS,direct_change,"{""configurations_evaluated"": 3, ""learning_rate"": 0.05, ""max_depth"": 1, ""n_estimators"": 100, ""n_train"": 4909, ""validation"": ""last purged expanding fold""}",decimal
2024-11-29,2025-01-07,22,20.0,0.0374437956204379,0.038422286675006634,0.0009784910545687364,NS_XGBOOST,NS,direct_change,"{""configurations_evaluated"": 3, ""learning_rate"": 0.05, ""max_depth"": 1, ""n_estimators"": 100, ""n_train"": 4909, ""validation"": ""last purged expanding fold""}",decimal
2024-11-29,2025-01-07,22,30.0,0.0429472347629796,0.04275513875904835,-0.00019209600393124693,NS_XGBOOST,NS,direct_change,"{""configurations_evaluated"": 3, ""learning_rate"": 0.05, ""max_depth"": 1, ""n_estimators"": 100, ""n_train"": 4909, ""validation"": ""last purged expanding fold""}",decimal
2024-11-29,2025-01-07,22,0.25,0.0252454545454545,0.026636377437618465,0.0013909228921639635,PCA_XGBOOST,PCA,direct_change,"{""configurations_evaluated"": 3, ""learning_rate"": 0.05, ""max_depth"": 1, ""n_estimators"": 100, ""n_train"": 4909, ""validation"": ""last purged expanding fold""}",decimal
2024-11-29,2025-01-07,22,0.5,0.0253391705069124,0.026838334236521835,0.0014991637296094366,PCA_XGBOOST,PCA,direct_change,"{""configurations_evaluated"": 3, ""learning_rate"": 0.05, ""max_depth"": 1, ""n_estimators"": 100, ""n_train"": 4909, ""validation"": ""last purged expanding fold""}",decimal
2024-11-29,2025-01-07,22,1.0,0.0258676699692602,0.027298638104680226,0.001430968135420027,PCA_XGBOOST,PCA,direct_change,"{""configurations_evaluated"": 3, ""learning_rate"": 0.05, ""max_depth"": 1, ""n_estimators"": 100, ""n_train"": 4909, ""validation"": ""last purged expanding fold""}",decimal
2024-11-29,2025-01-07,22,2.0,0.0263803088803088,0.028152911885865207,0.001772603005556407,PCA_XGBOOST,PCA,direct_change,"{""configurations_evaluated"": 3, ""learning_rate"": 0.05, ""max_depth"": 1, ""n_estimators"": 100, ""n_train"": 4909, ""validation"": ""last purged expanding fold""}",decimal
2024-11-29,2025-01-07,22,5.0,0.028080259740259697,0.029794775850303178,0.0017145161100434805,PCA_XGBOOST,PCA,direct_change,"{""configurations_evaluated"": 3, ""learning_rate"": 0.05, ""max_depth"": 1, ""n_estimators"": 100, ""n_train"": 4909, ""validation"": ""last purged expanding fold""}",decimal
2024-11-29,2025-01-07,22,10.0,0.0317660497397339,0.032556412039096115,0.0007903622993622184,PCA_XGBOOST,PCA,direct_change,"{""configurations_evaluated"": 3, ""learning_rate"": 0.05, ""max_depth"": 1, ""n_estimators"": 100, ""n_train"": 4909, ""validation"": ""last purged expanding fold""}",decimal
2024-11-29,2025-01-07,22,15.0,0.0343491651205936,0.035372247533958394,0.0010230824133647953,PCA_XGBOOST,PCA,direct_change,"{""configurations_evaluated"": 3, ""learning_rate"": 0.05, ""max_depth"": 1, ""n_estimators"": 100, ""n_train"": 4909, ""validation"": ""last purged expanding fold""}",decimal
2024-11-29,2025-01-07,22,20.0,0.0374437956204379,0.03851202464913655,0.0010682290286986515,PCA_XGBOOST,PCA,direct_change,"{""configurations_evaluated"": 3, ""learning_rate"": 0.05, ""max_depth"": 1, ""n_estimators"": 100, ""n_train"": 4909, ""validation"": ""last purged expanding fold""}",decimal
2024-11-29,2025-01-07,22,30.0,0.0429472347629796,0.04348626585997135,0.0005390310969917503,PCA_XGBOOST,PCA,direct_change,"{""configurations_evaluated"": 3, ""learning_rate"": 0.05, ""max_depth"": 1, ""n_estimators"": 100, ""n_train"": 4909, ""validation"": ""last purged expanding fold""}",decimal
2024-12-30,2025-01-08,5,0.25,0.0250772727272727,0.02555785513436695,0.00048058240709424743,NS_XGBOOST,NS,direct_change,"{""configurations_evaluated"": 3, ""learning_rate"": 0.05, ""max_depth"": 1, ""n_estimators"": 100, ""n_train"": 4944, ""validation"": ""last purged expanding fold""}",decimal
2024-12-30,2025-01-08,5,0.5,0.0251396313364055,0.02563406312824294,0.0004944317918374394,NS_XGBOOST,NS,direct_change,"{""configurations_evaluated"": 3, ""learning_rate"": 0.05, ""max_depth"": 1, ""n_estimators"": 100, ""n_train"": 4944, ""validation"": ""last purged expanding fold""}",decimal
2024-12-30,2025-01-08,5,1.0,0.0256668050924766,0.02580802947035772,0.00014122437788112105,NS_XGBOOST,NS,direct_change,"{""configurations_evaluated"": 3, ""learning_rate"": 0.05, ""max_depth"": 1, ""n_estimators"": 100, ""n_train"": 4944, ""validation"": ""last purged expanding fold""}",decimal
2024-12-30,2025-01-08,5,2.0,0.0261464912280701,0.026232198043582587,8.570681551248877e-05,NS_XGBOOST,NS,direct_change,"{""configurations_evaluated"": 3, ""learning_rate"": 0.05, ""max_depth"": 1, ""n_estimators"": 100, ""n_train"": 4944, ""validation"": ""last purged expanding fold""}",decimal
2024-12-30,2025-01-08,5,5.0,0.0279907633098139,0.027943522162544122,-4.7241147269776185e-05,NS_XGBOOST,NS,direct_change,"{""configurations_evaluated"": 3, ""learning_rate"": 0.05, ""max_depth"": 1, ""n_estimators"": 100, ""n_train"": 4944, ""validation"": ""last purged expanding fold""}",decimal
2024-12-30,2025-01-08,5,10.0,0.0317673799884326,0.031465417092525656,-0.00030196289590694175,NS_XGBOOST,NS,direct_change,"{""configurations_evaluated"": 3, ""learning_rate"": 0.05, ""max_depth"": 1, ""n_estimators"": 100, ""n_train"": 4944, ""validation"": ""last purged expanding fold""}",decimal
2024-12-30,2025-01-08,5,15.0,0.0343326530612244,0.035013939390863426,0.0006812863296390276,NS_XGBOOST,NS,direct_change,"{""configurations_evaluated"": 3, ""learning_rate"": 0.05, ""max_depth"": 1, ""n_estimators"": 100, ""n_train"": 4944, ""validation"": ""last purged expanding fold""}",decimal
2024-12-30,2025-01-08,5,20.0,0.0373582377476538,0.03819019406044548,0.0008319563127916763,NS_XGBOOST,NS,direct_change,"{""configurations_evaluated"": 3, ""learning_rate"": 0.05, ""max_depth"": 1, ""n_estimators"": 100, ""n_train"": 4944, ""validation"": ""last purged expanding fold""}",decimal
2024-12-30,2025-01-08,5,30.0,0.042951274574358,0.043126487057169434,0.0001752124828114307,NS_XGBOOST,NS,direct_change,"{""configurations_evaluated"": 3, ""learning_rate"": 0.05, ""max_depth"": 1, ""n_estimators"": 100, ""n_train"": 4944, ""validation"": ""last purged expanding fold""}",decimal
2024-12-30,2025-01-08,5,0.25,0.0250772727272727,0.025320256617947477,0.0002429838906747757,PCA_XGBOOST,PCA,direct_change,"{""configurations_evaluated"": 3, ""learning_rate"": 0.05, ""max_depth"": 1, ""n_estimators"": 100, ""n_train"": 4944, ""validation"": ""last purged expanding fold""}",decimal
2024-12-30,2025-01-08,5,0.5,0.0251396313364055,0.025478719272175886,0.0003390879357703866,PCA_XGBOOST,PCA,direct_change,"{""configurations_evaluated"": 3, ""learning_rate"": 0.05, ""max_depth"": 1, ""n_estimators"": 100, ""n_train"": 4944, ""validation"": ""last purged expanding fold""}",decimal
2024-12-30,2025-01-08,5,1.0,0.0256668050924766,0.02590981971825435,0.0002430146257777488,PCA_XGBOOST,PCA,direct_change,"{""configurations_evaluated"": 3, ""learning_rate"": 0.05, ""max_depth"": 1, ""n_estimators"": 100, ""n_train"": 4944, ""validation"": ""last purged expanding fold""}",decimal
2024-12-30,2025-01-08,5,2.0,0.0261464912280701,0.026718495293844683,0.0005720040657745847,PCA_XGBOOST,PCA,direct_change,"{""configurations_evaluated"": 3, ""learning_rate"": 0.05, ""max_depth"": 1, ""n_estimators"": 100, ""n_train"": 4944, ""validation"": ""last purged expanding fold""}",decimal
2024-12-30,2025-01-08,5,5.0,0.0279907633098139,0.028531836852391152,0.0005410735425772535,PCA_XGBOOST,PCA,direct_change,"{""configurations_evaluated"": 3, ""learning_rate"": 0.05, ""max_depth"": 1, ""n_estimators"": 100, ""n_train"": 4944, ""validation"": ""last purged expanding fold""}",decimal
2024-12-30,2025-01-08,5,10.0,0.0317673799884326,0.031517754301880425,-0.0002496256865521726,PCA_XGBOOST,PCA,direct_change,"{""configurations_evaluated"": 3, ""learning_rate"": 0.05, ""max_depth"": 1, ""n_estimators"": 100, ""n_train"": 4944, ""validation"": ""last purged expanding fold""}",decimal
2024-12-30,2025-01-08,5,15.0,0.0343326530612244,0.03457792097400007,0.0002452679127756749,PCA_XGBOOST,PCA,direct_change,"{""configurations_evaluated"": 3, ""learning_rate"": 0.05, ""max_depth"": 1, ""n_estimators"": 100, ""n_train"": 4944, ""validation"": ""last purged expanding fold""}",decimal
2024-12-30,2025-01-08,5,20.0,0.0373582377476538,0.03835610460274452,0.0009978668550907205,PCA_XGBOOST,PCA,direct_change,"{""configurations_evaluated"": 3, ""learning_rate"": 0.05, ""max_depth"": 1, ""n_estimators"": 100, ""n_train"": 4944, ""validation"": ""last purged expanding fold""}",decimal
2024-12-30,2025-01-08,5,30.0,0.042951274574358,0.04394639750077398,0.0009951229264159797,PCA_XGBOOST,PCA,direct_change,"{""configurations_evaluated"": 3, ""learning_rate"": 0.05, ""max_depth"": 1, ""n_estimators"": 100, ""n_train"": 4944, ""validation"": ""last purged expanding fold""}",decimal
2024-12-30,2025-01-16,10,0.25,0.0249032967032967,0.02571883202994957,0.0008155353266528706,NS_XGBOOST,NS,direct_change,"{""configurations_evaluated"": 3, ""learning_rate"": 0.05, ""max_depth"": 1, ""n_estimators"": 100, ""n_train"": 4939, ""validation"": ""last purged expanding fold""}",decimal
2024-12-30,2025-01-16,10,0.5,0.025,0.025792634603918486,0.0007926346039184851,NS_XGBOOST,NS,direct_change,"{""configurations_evaluated"": 3, ""learning_rate"": 0.05, ""max_depth"": 1, ""n_estimators"": 100, ""n_train"": 4939, ""validation"": ""last purged expanding fold""}",decimal
2024-12-30,2025-01-16,10,1.0,0.0256872561617678,0.0259618285722877,0.00027457241051990003,NS_XGBOOST,NS,direct_change,"{""configurations_evaluated"": 3, ""learning_rate"": 0.05, ""max_depth"": 1, ""n_estimators"": 100, ""n_train"": 4939, ""validation"": ""last purged expanding fold""}",decimal
2024-12-30,2025-01-16,10,2.0,0.026103195488721802,0.02637662063171049,0.0002734251429886876,NS_XGBOOST,NS,direct_change,"{""configurations_evaluated"": 3, ""learning_rate"": 0.05, ""max_depth"": 1, ""n_estimators"": 100, ""n_train"": 4939, ""validation"": ""last purged expanding fold""}",decimal
2024-12-30,2025-01-16,10,5.0,0.0280584269662921,0.028061376484580465,2.9495182883657045e-06,NS_XGBOOST,NS,direct_change,"{""configurations_evaluated"": 3, ""learning_rate"": 0.05, ""max_depth"": 1, ""n_estimators"": 100, ""n_train"": 4939, ""validation"": ""last purged expanding fold""}",decimal
2024-12-30,2025-01-16,10,10.0,0.0316972016895459,0.031544855644260524,-0.00015234604528537726,NS_XGBOOST,NS,direct_change,"{""configurations_evaluated"": 3, ""learning_rate"": 0.05, ""max_depth"": 1, ""n_estimators"": 100, ""n_train"": 4939, ""validation"": ""last purged expanding fold""}",decimal
2024-12-30,2025-01-16,10,15.0,0.0344359805510534,0.03506223980951397,0.0006262592584605695,NS_XGBOOST,NS,direct_change,"{""configurations_evaluated"": 3, ""learning_rate"": 0.05, ""max_depth"": 1, ""n_estimators"": 100, ""n_train"": 4939, ""validation"": ""last purged expanding fold""}",decimal
2024-12-30,2025-01-16,10,20.0,0.0372646046261431,0.038213709241437493,0.000949104615294391,NS_XGBOOST,NS,direct_change,"{""configurations_evaluated"": 3, ""learning_rate"": 0.05, ""max_depth"": 1, ""n_estimators"": 100, ""n_train"": 4939, ""validation"": ""last purged expanding fold""}",decimal
2024-12-30,2025-01-16,10,30.0,0.0420698727015558,0.04311484511156821,0.001044972410012411,NS_XGBOOST,NS,direct_change,"{""configurations_evaluated"": 3, ""learning_rate"": 0.05, ""max_depth"": 1, ""n_estimators"": 100, ""n_train"": 4939, ""validation"": ""last purged expanding fold""}",decimal
2024-12-30,2025-01-16,10,0.25,0.0249032967032967,0.025486021177820346,0.0005827244745236458,PCA_XGBOOST,PCA,direct_change,"{""configurations_evaluated"": 3, ""learning_rate"": 0.05, ""max_depth"": 1, ""n_estimators"": 100, ""n_train"": 4939, ""validation"": ""last purged expanding fold""}",decimal
2024-12-30,2025-01-16,10,0.5,0.025,0.0256565814710533,0.0006565814710532969,PCA_XGBOOST,PCA,direct_change,"{""configurations_evaluated"": 3, ""learning_rate"": 0.05, ""max_depth"": 1, ""n_estimators"": 100, ""n_train"": 4939, ""validation"": ""last purged expanding fold""}",decimal
2024-12-30,2025-01-16,10,1.0,0.0256872561617678,0.02610438058656845,0.00041712442480065087,PCA_XGBOOST,PCA,direct_change,"{""configurations_evaluated"": 3, ""learning_rate"": 0.05, ""max_depth"": 1, ""n_estimators"": 100, ""n_train"": 4939, ""validation"": ""last purged expanding fold""}",decimal
2024-12-30,2025-01-16,10,2.0,0.026103195488721802,0.026937394341442662,0.0008341988527208605,PCA_XGBOOST,PCA,direct_change,"{""configurations_evaluated"": 3, ""learning_rate"": 0.05, ""max_depth"": 1, ""n_estimators"": 100, ""n_train"": 4939, ""validation"": ""last purged expanding fold""}",decimal
2024-12-30,2025-01-16,10,5.0,0.0280584269662921,0.028774531708946855,0.0007161047426547558,PCA_XGBOOST,PCA,direct_change,"{""configurations_evaluated"": 3, ""learning_rate"": 0.05, ""max_depth"": 1, ""n_estimators"": 100, ""n_train"": 4939, ""validation"": ""last purged expanding fold""}",decimal
2024-12-30,2025-01-16,10,10.0,0.0316972016895459,0.03177501275551092,7.781106596502219e-05,PCA_XGBOOST,PCA,direct_change,"{""configurations_evaluated"": 3, ""learning_rate"": 0.05, ""max_depth"": 1, ""n_estimators"": 100, ""n_train"": 4939, ""validation"": ""last purged expanding fold""}",decimal
2024-12-30,2025-01-16,10,15.0,0.0344359805510534,0.034829636085612375,0.0003936555345589732,PCA_XGBOOST,PCA,direct_change,"{""configurations_evaluated"": 3, ""learning_rate"": 0.05, ""max_depth"": 1, ""n_estimators"": 100, ""n_train"": 4939, ""validation"": ""last purged expanding fold""}",decimal
2024-12-30,2025-01-16,10,20.0,0.0372646046261431,0.03854160995164121,0.0012770053254981054,PCA_XGBOOST,PCA,direct_change,"{""configurations_evaluated"": 3, ""learning_rate"": 0.05, ""max_depth"": 1, ""n_estimators"": 100, ""n_train"": 4939, ""validation"": ""last purged expanding fold""}",decimal
2024-12-30,2025-01-16,10,30.0,0.0420698727015558,0.04401671436029988,0.0019468416587440779,PCA_XGBOOST,PCA,direct_change,"{""configurations_evaluated"": 3, ""learning_rate"": 0.05, ""max_depth"": 1, ""n_estimators"": 100, ""n_train"": 4939, ""validation"": ""last purged expanding fold""}",decimal
2024-12-30,2025-02-03,22,0.25,0.025107692307692296,0.025565281718080965,0.0004575894103886688,NS_XGBOOST,NS,direct_change,"{""configurations_evaluated"": 3, ""learning_rate"": 0.05, ""max_depth"": 1, ""n_estimators"": 100, ""n_train"": 4927, ""validation"": ""last purged expanding fold""}",decimal
2024-12-30,2025-02-03,22,0.5,0.025866666666666597,0.02564735056425228,-0.00021931610241431726,NS_XGBOOST,NS,direct_change,"{""configurations_evaluated"": 3, ""learning_rate"": 0.05, ""max_depth"": 1, ""n_estimators"": 100, ""n_train"": 4927, ""validation"": ""last purged expanding fold""}",decimal
2024-12-30,2025-02-03,22,1.0,0.0267728381417344,0.02583184376442898,-0.0009409943773054201,NS_XGBOOST,NS,direct_change,"{""configurations_evaluated"": 3, ""learning_rate"": 0.05, ""max_depth"": 1, ""n_estimators"": 100, ""n_train"": 4927, ""validation"": ""last purged expanding fold""}",decimal
2024-12-30,2025-02-03,22,2.0,0.0266890977443609,0.026272711578867906,-0.00041638616549299554,NS_XGBOOST,NS,direct_change,"{""configurations_evaluated"": 3, ""learning_rate"": 0.05, ""max_depth"": 1, ""n_estimators"": 100, ""n_train"": 4927, ""validation"": ""last purged expanding fold""}",decimal
2024-12-30,2025-02-03,22,5.0,0.0280417582417582,0.028006715728646214,-3.5042513111985946e-05,NS_XGBOOST,NS,direct_change,"{""configurations_evaluated"": 3, ""learning_rate"": 0.05, ""max_depth"": 1, ""n_estimators"": 100, ""n_train"": 4927, ""validation"": ""last purged expanding fold""}",decimal
2024-12-30,2025-02-03,22,10.0,0.0314462962962963,0.031510749268265935,6.445297196963629e-05,NS_XGBOOST,NS,direct_change,"{""configurations_evaluated"": 3, ""learning_rate"": 0.05, ""max_depth"": 1, ""n_estimators"": 100, ""n_train"": 4927, ""validation"": ""last purged expanding fold""}",decimal
2024-12-30,2025-02-03,22,15.0,0.0343107255520504,0.0350112399312812,0.0007005143792307988,NS_XGBOOST,NS,direct_change,"{""configurations_evaluated"": 3, ""learning_rate"": 0.05, ""max_depth"": 1, ""n_estimators"": 100, ""n_train"": 4927, ""validation"": ""last purged expanding fold""}",decimal
2024-12-30,2025-02-03,22,20.0,0.0371892744479495,0.03813225350426559,0.0009429790563160942,NS_XGBOOST,NS,direct_change,"{""configurations_evaluated"": 3, ""learning_rate"": 0.05, ""max_depth"": 1, ""n_estimators"": 100, ""n_train"": 4927, ""validation"": ""last purged expanding fold""}",decimal
2024-12-30,2025-02-03,22,30.0,0.04160257425742571,0.04296935153501829,0.0013667772775925804,NS_XGBOOST,NS,direct_change,"{""configurations_evaluated"": 3, ""learning_rate"": 0.05, ""max_depth"": 1, ""n_estimators"": 100, ""n_train"": 4927, ""validation"": ""last purged expanding fold""}",decimal
2024-12-30,2025-02-03,22,0.25,0.025107692307692296,0.02585898462380809,0.0007512923161157939,PCA_XGBOOST,PCA,direct_change,"{""configurations_evaluated"": 3, ""learning_rate"": 0.05, ""max_depth"": 1, ""n_estimators"": 100, ""n_train"": 4927, ""validation"": ""last purged expanding fold""}",decimal
2024-12-30,2025-02-03,22,0.5,0.025866666666666597,0.026074073604711385,0.00020740693804478794,PCA_XGBOOST,PCA,direct_change,"{""configurations_evaluated"": 3, ""learning_rate"": 0.05, ""max_depth"": 1, ""n_estimators"": 100, ""n_train"": 4927, ""validation"": ""last purged expanding fold""}",decimal
2024-12-30,2025-02-03,22,1.0,0.0267728381417344,0.026603550683549207,-0.00016928745818519178,PCA_XGBOOST,PCA,direct_change,"{""configurations_evaluated"": 3, ""learning_rate"": 0.05, ""max_depth"": 1, ""n_estimators"": 100, ""n_train"": 4927, ""validation"": ""last purged expanding fold""}",decimal
2024-12-30,2025-02-03,22,2.0,0.0266890977443609,0.0275580329788319,0.0008689352344709994,PCA_XGBOOST,PCA,direct_change,"{""configurations_evaluated"": 3, ""learning_rate"": 0.05, ""max_depth"": 1, ""n_estimators"": 100, ""n_train"": 4927, ""validation"": ""last purged expanding fold""}",decimal
2024-12-30,2025-02-03,22,5.0,0.0280417582417582,0.029652968054192638,0.001611209812434438,PCA_XGBOOST,PCA,direct_change,"{""configurations_evaluated"": 3, ""learning_rate"": 0.05, ""max_depth"": 1, ""n_estimators"": 100, ""n_train"": 4927, ""validation"": ""last purged expanding fold""}",decimal
2024-12-30,2025-02-03,22,10.0,0.0314462962962963,0.03288224941593435,0.0014359531196380532,PCA_XGBOOST,PCA,direct_change,"{""configurations_evaluated"": 3, ""learning_rate"": 0.05, ""max_depth"": 1, ""n_estimators"": 100, ""n_train"": 4927, ""validation"": ""last purged expanding fold""}",decimal
2024-12-30,2025-02-03,22,15.0,0.0343107255520504,0.036067644789729056,0.0017569192376786572,PCA_XGBOOST,PCA,direct_change,"{""configurations_evaluated"": 3, ""learning_rate"": 0.05, ""max_depth"": 1, ""n_estimators"": 100, ""n_train"": 4927, ""validation"": ""last purged expanding fold""}",decimal
2024-12-30,2025-02-03,22,20.0,0.0371892744479495,0.039812728943559625,0.0026234544956101266,PCA_XGBOOST,PCA,direct_change,"{""configurations_evaluated"": 3, ""learning_rate"": 0.05, ""max_depth"": 1, ""n_estimators"": 100, ""n_train"": 4927, ""validation"": ""last purged expanding fold""}",decimal
2024-12-30,2025-02-03,22,30.0,0.04160257425742571,0.0449625643803651,0.003359990122939388,PCA_XGBOOST,PCA,direct_change,"{""configurations_evaluated"": 3, ""learning_rate"": 0.05, ""max_depth"": 1, ""n_estimators"": 100, ""n_train"": 4927, ""validation"": ""last purged expanding fold""}",decimal
2025-01-31,2025-02-07,5,0.25,0.0251472527472527,0.025617296144230077,0.0004700433969773779,NS_XGBOOST,NS,direct_change,"{""configurations_evaluated"": 3, ""learning_rate"": 0.05, ""max_depth"": 1, ""n_estimators"": 100, ""n_train"": 4965, ""validation"": ""last purged expanding fold""}",decimal
2025-01-31,2025-02-07,5,0.5,0.0258396825396825,0.025716513127204944,-0.00012316941247755495,NS_XGBOOST,NS,direct_change,"{""configurations_evaluated"": 3, ""learning_rate"": 0.05, ""max_depth"": 1, ""n_estimators"": 100, ""n_train"": 4965, ""validation"": ""last purged expanding fold""}",decimal
2025-01-31,2025-02-07,5,1.0,0.026463804652413502,0.02592980267956114,-0.0005340019728523639,NS_XGBOOST,NS,direct_change,"{""configurations_evaluated"": 3, ""learning_rate"": 0.05, ""max_depth"": 1, ""n_estimators"": 100, ""n_train"": 4965, ""validation"": ""last purged expanding fold""}",decimal
2025-01-31,2025-02-07,5,2.0,0.026340413533834497,0.026408343769161905,6.793023532740763e-05,NS_XGBOOST,NS,direct_change,"{""configurations_evaluated"": 3, ""learning_rate"": 0.05, ""max_depth"": 1, ""n_estimators"": 100, ""n_train"": 4965, ""validation"": ""last purged expanding fold""}",decimal
2025-01-31,2025-02-07,5,5.0,0.0283131868131868,0.02813217224225973,-0.00018101457092706968,NS_XGBOOST,NS,direct_change,"{""configurations_evaluated"": 3, ""learning_rate"": 0.05, ""max_depth"": 1, ""n_estimators"": 100, ""n_train"": 4965, ""validation"": ""last purged expanding fold""}",decimal
2025-01-31,2025-02-07,5,10.0,0.0314748148148148,0.0313810942839051,-9.372053090970361e-05,NS_XGBOOST,NS,direct_change,"{""configurations_evaluated"": 3, ""learning_rate"": 0.05, ""max_depth"": 1, ""n_estimators"": 100, ""n_train"": 4965, ""validation"": ""last purged expanding fold""}",decimal
2025-01-31,2025-02-07,5,15.0,0.0343170347003154,0.03451556268945944,0.0001985279891440414,NS_XGBOOST,NS,direct_change,"{""configurations_evaluated"": 3, ""learning_rate"": 0.05, ""max_depth"": 1, ""n_estimators"": 100, ""n_train"": 4965, ""validation"": ""last purged expanding fold""}",decimal
2025-01-31,2025-02-07,5,20.0,0.0371955835962145,0.03726450974548653,6.892614927202917e-05,NS_XGBOOST,NS,direct_change,"{""configurations_evaluated"": 3, ""learning_rate"": 0.05, ""max_depth"": 1, ""n_estimators"": 100, ""n_train"": 4965, ""validation"": ""last purged expanding fold""}",decimal
2025-01-31,2025-02-07,5,30.0,0.04160732673267321,0.04147495392489785,-0.00013237280777535915,NS_XGBOOST,NS,direct_change,"{""configurations_evaluated"": 3, ""learning_rate"": 0.05, ""max_depth"": 1, ""n_estimators"": 100, ""n_train"": 4965, ""validation"": ""last purged expanding fold""}",decimal
2025-01-31,2025-02-07,5,0.25,0.0251472527472527,0.025255235131551364,0.00010798238429866533,PCA_XGBOOST,PCA,direct_change,"{""configurations_evaluated"": 3, ""learning_rate"": 0.05, ""max_depth"": 1, ""n_estimators"": 100, ""n_train"": 4965, ""validation"": ""last purged expanding fold""}",decimal
2025-01-31,2025-02-07,5,0.5,0.0258396825396825,0.025482204619820436,-0.0003574779198620634,PCA_XGBOOST,PCA,direct_change,"{""configurations_evaluated"": 3, ""learning_rate"": 0.05, ""max_depth"": 1, ""n_estimators"": 100, ""n_train"": 4965, ""validation"": ""last purged expanding fold""}",decimal
2025-01-31,2025-02-07,5,1.0,0.026463804652413502,0.02598296862781591,-0.00048083602459759317,PCA_XGBOOST,PCA,direct_change,"{""configurations_evaluated"": 3, ""learning_rate"": 0.05, ""max_depth"": 1, ""n_estimators"": 100, ""n_train"": 4965, ""validation"": ""last purged expanding fold""}",decimal
2025-01-31,2025-02-07,5,2.0,0.026340413533834497,0.02689701177820302,0.0005565982443685238,PCA_XGBOOST,PCA,direct_change,"{""configurations_evaluated"": 3, ""learning_rate"": 0.05, ""max_depth"": 1, ""n_estimators"": 100, ""n_train"": 4965, ""validation"": ""last purged expanding fold""}",decimal
2025-01-31,2025-02-07,5,5.0,0.0283131868131868,0.02858266248813348,0.00026947567494668007,PCA_XGBOOST,PCA,direct_change,"{""configurations_evaluated"": 3, ""learning_rate"": 0.05, ""max_depth"": 1, ""n_estimators"": 100, ""n_train"": 4965, ""validation"": ""last purged expanding fold""}",decimal
2025-01-31,2025-02-07,5,10.0,0.0314748148148148,0.03140426296942683,-7.055184538796999e-05,PCA_XGBOOST,PCA,direct_change,"{""configurations_evaluated"": 3, ""learning_rate"": 0.05, ""max_depth"": 1, ""n_estimators"": 100, ""n_train"": 4965, ""validation"": ""last purged expanding fold""}",decimal
2025-01-31,2025-02-07,5,15.0,0.0343170347003154,0.03418221504342671,-0.00013481965688869058,PCA_XGBOOST,PCA,direct_change,"{""configurations_evaluated"": 3, ""learning_rate"": 0.05, ""max_depth"": 1, ""n_estimators"": 100, ""n_train"": 4965, ""validation"": ""last purged expanding fold""}",decimal
2025-01-31,2025-02-07,5,20.0,0.0371955835962145,0.03703750825694256,-0.0001580753392719375,PCA_XGBOOST,PCA,direct_change,"{""configurations_evaluated"": 3, ""learning_rate"": 0.05, ""max_depth"": 1, ""n_estimators"": 100, ""n_train"": 4965, ""validation"": ""last purged expanding fold""}",decimal
2025-01-31,2025-02-07,5,30.0,0.04160732673267321,0.04187579509994511,0.00026846836727190126,PCA_XGBOOST,PCA,direct_change,"{""configurations_evaluated"": 3, ""learning_rate"": 0.05, ""max_depth"": 1, ""n_estimators"": 100, ""n_train"": 4965, ""validation"": ""last purged expanding fold""}",decimal
2025-01-31,2025-02-14,10,0.25,0.0251813186813186,0.02563502831274577,0.000453709631427171,NS_XGBOOST,NS,direct_change,"{""configurations_evaluated"": 3, ""learning_rate"": 0.05, ""max_depth"": 1, ""n_estimators"": 100, ""n_train"": 4960, ""validation"": ""last purged expanding fold""}",decimal
2025-01-31,2025-02-14,10,0.5,0.025716931216931204,0.025732192519170333,1.526130223912861e-05,NS_XGBOOST,NS,direct_change,"{""configurations_evaluated"": 3, ""learning_rate"": 0.05, ""max_depth"": 1, ""n_estimators"": 100, ""n_train"": 4960, ""validation"": ""last purged expanding fold""}",decimal
2025-01-31,2025-02-14,10,1.0,0.02618397554385,0.02594159715018194,-0.00024237839366806138,NS_XGBOOST,NS,direct_change,"{""configurations_evaluated"": 3, ""learning_rate"": 0.05, ""max_depth"": 1, ""n_estimators"": 100, ""n_train"": 4960, ""validation"": ""last purged expanding fold""}",decimal
2025-01-31,2025-02-14,10,2.0,0.0263776315789473,0.026413184743625702,3.5553164678403526e-05,NS_XGBOOST,NS,direct_change,"{""configurations_evaluated"": 3, ""learning_rate"": 0.05, ""max_depth"": 1, ""n_estimators"": 100, ""n_train"": 4960, ""validation"": ""last purged expanding fold""}",decimal
2025-01-31,2025-02-14,10,5.0,0.0284994505494505,0.02812151259691605,-0.0003779379525344524,NS_XGBOOST,NS,direct_change,"{""configurations_evaluated"": 3, ""learning_rate"": 0.05, ""max_depth"": 1, ""n_estimators"": 100, ""n_train"": 4960, ""validation"": ""last purged expanding fold""}",decimal
2025-01-31,2025-02-14,10,10.0,0.0315866666666666,0.031356661481544715,-0.00023000518512188844,NS_XGBOOST,NS,direct_change,"{""configurations_evaluated"": 3, ""learning_rate"": 0.05, ""max_depth"": 1, ""n_estimators"": 100, ""n_train"": 4960, ""validation"": ""last purged expanding fold""}",decimal
2025-01-31,2025-02-14,10,15.0,0.0343280757097791,0.0344856888587295,0.00015761314895039458,NS_XGBOOST,NS,direct_change,"{""configurations_evaluated"": 3, ""learning_rate"": 0.05, ""max_depth"": 1, ""n_estimators"": 100, ""n_train"": 4960, ""validation"": ""last purged expanding fold""}",decimal
2025-01-31,2025-02-14,10,20.0,0.037206624605678196,0.037233205999271865,2.658139359366929e-05,NS_XGBOOST,NS,direct_change,"{""configurations_evaluated"": 3, ""learning_rate"": 0.05, ""max_depth"": 1, ""n_estimators"": 100, ""n_train"": 4960, ""validation"": ""last purged expanding fold""}",decimal
2025-01-31,2025-02-14,10,30.0,0.0416156435643564,0.041445175812768104,-0.00017046775158829908,NS_XGBOOST,NS,direct_change,"{""configurations_evaluated"": 3, ""learning_rate"": 0.05, ""max_depth"": 1, ""n_estimators"": 100, ""n_train"": 4960, ""validation"": ""last purged expanding fold""}",decimal
2025-01-31,2025-02-14,10,0.25,0.0251813186813186,0.025243013914346607,6.169523302800711e-05,PCA_XGBOOST,PCA,direct_change,"{""configurations_evaluated"": 3, ""learning_rate"": 0.05, ""max_depth"": 1, ""n_estimators"": 100, ""n_train"": 4960, ""validation"": ""last purged expanding fold""}",decimal
2025-01-31,2025-02-14,10,0.5,0.025716931216931204,0.025475393822615263,-0.000241537394315941,PCA_XGBOOST,PCA,direct_change,"{""configurations_evaluated"": 3, ""learning_rate"": 0.05, ""max_depth"": 1, ""n_estimators"": 100, ""n_train"": 4960, ""validation"": ""last purged expanding fold""}",decimal
2025-01-31,2025-02-14,10,1.0,0.02618397554385,0.02598334590841679,-0.0002006296354332103,PCA_XGBOOST,PCA,direct_change,"{""configurations_evaluated"": 3, ""learning_rate"": 0.05, ""max_depth"": 1, ""n_estimators"": 100, ""n_train"": 4960, ""validation"": ""last purged expanding fold""}",decimal
2025-01-31,2025-02-14,10,2.0,0.0263776315789473,0.026908814927491094,0.0005311833485437956,PCA_XGBOOST,PCA,direct_change,"{""configurations_evaluated"": 3, ""learning_rate"": 0.05, ""max_depth"": 1, ""n_estimators"": 100, ""n_train"": 4960, ""validation"": ""last purged expanding fold""}",decimal
2025-01-31,2025-02-14,10,5.0,0.0284994505494505,0.028600155984714506,0.00010070543526400494,PCA_XGBOOST,PCA,direct_change,"{""configurations_evaluated"": 3, ""learning_rate"": 0.05, ""max_depth"": 1, ""n_estimators"": 100, ""n_train"": 4960, ""validation"": ""last purged expanding fold""}",decimal
2025-01-31,2025-02-14,10,10.0,0.0315866666666666,0.031424274713015184,-0.00016239195365141956,PCA_XGBOOST,PCA,direct_change,"{""configurations_evaluated"": 3, ""learning_rate"": 0.05, ""max_depth"": 1, ""n_estimators"": 100, ""n_train"": 4960, ""validation"": ""last purged expanding fold""}",decimal
2025-01-31,2025-02-14,10,15.0,0.0343280757097791,0.03419435940565418,-0.00013371630412492563,PCA_XGBOOST,PCA,direct_change,"{""configurations_evaluated"": 3, ""learning_rate"": 0.05, ""max_depth"": 1, ""n_estimators"": 100, ""n_train"": 4960, ""validation"": ""last purged expanding fold""}",decimal
2025-01-31,2025-02-14,10,20.0,0.037206624605678196,0.037003901168338085,-0.00020272343734011045,PCA_XGBOOST,PCA,direct_change,"{""configurations_evaluated"": 3, ""learning_rate"": 0.05, ""max_depth"": 1, ""n_estimators"": 100, ""n_train"": 4960, ""validation"": ""last purged expanding fold""}",decimal
2025-01-31,2025-02-14,10,30.0,0.0416156435643564,0.04179144199939755,0.00017579843504114678,PCA_XGBOOST,PCA,direct_change,"{""configurations_evaluated"": 3, ""learning_rate"": 0.05, ""max_depth"": 1, ""n_estimators"": 100, ""n_train"": 4960, ""validation"": ""last purged expanding fold""}",decimal
2025-01-31,2025-03-04,22,0.25,0.0252296703296703,0.025404174727638697,0.00017450439796839676,NS_XGBOOST,NS,direct_change,"{""configurations_evaluated"": 3, ""learning_rate"": 0.05, ""max_depth"": 1, ""n_estimators"": 100, ""n_train"": 4948, ""validation"": ""last purged expanding fold""}",decimal
2025-01-31,2025-03-04,22,0.5,0.025579365079365,0.025508627805060236,-7.07372743047642e-05,NS_XGBOOST,NS,direct_change,"{""configurations_evaluated"": 3, ""learning_rate"": 0.05, ""max_depth"": 1, ""n_estimators"": 100, ""n_train"": 4948, ""validation"": ""last purged expanding fold""}",decimal
2025-01-31,2025-03-04,22,1.0,0.0262279768094856,0.025731581905358736,-0.0004963949041268644,NS_XGBOOST,NS,direct_change,"{""configurations_evaluated"": 3, ""learning_rate"": 0.05, ""max_depth"": 1, ""n_estimators"": 100, ""n_train"": 4948, ""validation"": ""last purged expanding fold""}",decimal
2025-01-31,2025-03-04,22,2.0,0.0265928571428571,0.02622649261346039,-0.000366364529396708,NS_XGBOOST,NS,direct_change,"{""configurations_evaluated"": 3, ""learning_rate"": 0.05, ""max_depth"": 1, ""n_estimators"": 100, ""n_train"": 4948, ""validation"": ""last purged expanding fold""}",decimal
2025-01-31,2025-03-04,22,5.0,0.028529120879120802,0.027980507139395618,-0.0005486137397251838,NS_XGBOOST,NS,direct_change,"{""configurations_evaluated"": 3, ""learning_rate"": 0.05, ""max_depth"": 1, ""n_estimators"": 100, ""n_train"": 4948, ""validation"": ""last purged expanding fold""}",decimal
2025-01-31,2025-03-04,22,10.0,0.0316171428571428,0.03123977399232007,-0.0003773688648227337,NS_XGBOOST,NS,direct_change,"{""configurations_evaluated"": 3, ""learning_rate"": 0.05, ""max_depth"": 1, ""n_estimators"": 100, ""n_train"": 4948, ""validation"": ""last purged expanding fold""}",decimal
2025-01-31,2025-03-04,22,15.0,0.0343564668769716,0.03436056814742493,4.1012704533258115e-06,NS_XGBOOST,NS,direct_change,"{""configurations_evaluated"": 3, ""learning_rate"": 0.05, ""max_depth"": 1, ""n_estimators"": 100, ""n_train"": 4948, ""validation"": ""last purged expanding fold""}",decimal
2025-01-31,2025-03-04,22,20.0,0.037235015772870604,0.03708744862172448,-0.00014756715114612462,NS_XGBOOST,NS,direct_change,"{""configurations_evaluated"": 3, ""learning_rate"": 0.05, ""max_depth"": 1, ""n_estimators"": 100, ""n_train"": 4948, ""validation"": ""last purged expanding fold""}",decimal
2025-01-31,2025-03-04,22,30.0,0.0416370297029703,0.0412528931276628,-0.0003841365753074963,NS_XGBOOST,NS,direct_change,"{""configurations_evaluated"": 3, ""learning_rate"": 0.05, ""max_depth"": 1, ""n_estimators"": 100, ""n_train"": 4948, ""validation"": ""last purged expanding fold""}",decimal
2025-01-31,2025-03-04,22,0.25,0.0252296703296703,0.02523195821667722,2.2878870069194257e-06,PCA_XGBOOST,PCA,direct_change,"{""configurations_evaluated"": 3, ""learning_rate"": 0.05, ""max_depth"": 1, ""n_estimators"": 100, ""n_train"": 4948, ""validation"": ""last purged expanding fold""}",decimal
2025-01-31,2025-03-04,22,0.5,0.025579365079365,0.025474524841174954,-0.00010484023819004595,PCA_XGBOOST,PCA,direct_change,"{""configurations_evaluated"": 3, ""learning_rate"": 0.05, ""max_depth"": 1, ""n_estimators"": 100, ""n_train"": 4948, ""validation"": ""last purged expanding fold""}",decimal
2025-01-31,2025-03-04,22,1.0,0.0262279768094856,0.025995307838003266,-0.00023266897148233393,PCA_XGBOOST,PCA,direct_change,"{""configurations_evaluated"": 3, ""learning_rate"": 0.05, ""max_depth"": 1, ""n_estimators"": 100, ""n_train"": 4948, ""validation"": ""last purged expanding fold""}",decimal
2025-01-31,2025-03-04,22,2.0,0.0265928571428571,0.026941140540352338,0.00034828339749523943,PCA_XGBOOST,PCA,direct_change,"{""configurations_evaluated"": 3, ""learning_rate"": 0.05, ""max_depth"": 1, ""n_estimators"": 100, ""n_train"": 4948, ""validation"": ""last purged expanding fold""}",decimal
2025-01-31,2025-03-04,22,5.0,0.028529120879120802,0.0286373868900477,0.0001082660109268975,PCA_XGBOOST,PCA,direct_change,"{""configurations_evaluated"": 3, ""learning_rate"": 0.05, ""max_depth"": 1, ""n_estimators"": 100, ""n_train"": 4948, ""validation"": ""last purged expanding fold""}",decimal
2025-01-31,2025-03-04,22,10.0,0.0316171428571428,0.0314602221340002,-0.00015692072314259925,PCA_XGBOOST,PCA,direct_change,"{""configurations_evaluated"": 3, ""learning_rate"": 0.05, ""max_depth"": 1, ""n_estimators"": 100, ""n_train"": 4948, ""validation"": ""last purged expanding fold""}",decimal
2025-01-31,2025-03-04,22,15.0,0.0343564668769716,0.034210377096477076,-0.0001460897804945252,PCA_XGBOOST,PCA,direct_change,"{""configurations_evaluated"": 3, ""learning_rate"": 0.05, ""max_depth"": 1, ""n_estimators"": 100, ""n_train"": 4948, ""validation"": ""last purged expanding fold""}",decimal
2025-01-31,2025-03-04,22,20.0,0.037235015772870604,0.03692466908462161,-0.00031034668824899553,PCA_XGBOOST,PCA,direct_change,"{""configurations_evaluated"": 3, ""learning_rate"": 0.05, ""max_depth"": 1, ""n_estimators"": 100, ""n_train"": 4948, ""validation"": ""last purged expanding fold""}",decimal
2025-01-31,2025-03-04,22,30.0,0.0416370297029703,0.04161314760203174,-2.388210093855897e-05,PCA_XGBOOST,PCA,direct_change,"{""configurations_evaluated"": 3, ""learning_rate"": 0.05, ""max_depth"": 1, ""n_estimators"": 100, ""n_train"": 4948, ""validation"": ""last purged expanding fold""}",decimal
2025-02-28,2025-03-07,5,0.25,0.025424175824175797,0.025541382548804222,0.00011720672462842488,NS_XGBOOST,NS,direct_change,"{""configurations_evaluated"": 3, ""learning_rate"": 0.05, ""max_depth"": 1, ""n_estimators"": 100, ""n_train"": 4985, ""validation"": ""last purged expanding fold""}",decimal
2025-02-28,2025-03-07,5,0.5,0.025856084656084598,0.025662198349278912,-0.00019388630680568578,NS_XGBOOST,NS,direct_change,"{""configurations_evaluated"": 3, ""learning_rate"": 0.05, ""max_depth"": 1, ""n_estimators"": 100, ""n_train"": 4985, ""validation"": ""last purged expanding fold""}",decimal
2025-02-28,2025-03-07,5,1.0,0.0264199951879916,0.02591522448502107,-0.0005047707029705306,NS_XGBOOST,NS,direct_change,"{""configurations_evaluated"": 3, ""learning_rate"": 0.05, ""max_depth"": 1, ""n_estimators"": 100, ""n_train"": 4985, ""validation"": ""last purged expanding fold""}",decimal
2025-02-28,2025-03-07,5,2.0,0.0266877819548872,0.026460566871187505,-0.00022721508369969584,NS_XGBOOST,NS,direct_change,"{""configurations_evaluated"": 3, ""learning_rate"": 0.05, ""max_depth"": 1, ""n_estimators"": 100, ""n_train"": 4985, ""validation"": ""last purged expanding fold""}",decimal
2025-02-28,2025-03-07,5,5.0,0.0285340659340659,0.0283039648632049,-0.00023010107086099754,NS_XGBOOST,NS,direct_change,"{""configurations_evaluated"": 3, ""learning_rate"": 0.05, ""max_depth"": 1, ""n_estimators"": 100, ""n_train"": 4985, ""validation"": ""last purged expanding fold""}",decimal
2025-02-28,2025-03-07,5,10.0,0.0316222222222222,0.03158244592331968,-3.97762989025191e-05,NS_XGBOOST,NS,direct_change,"{""configurations_evaluated"": 3, ""learning_rate"": 0.05, ""max_depth"": 1, ""n_estimators"": 100, ""n_train"": 4985, ""validation"": ""last purged expanding fold""}",decimal
2025-02-28,2025-03-07,5,15.0,0.0343611987381703,0.03464593173884096,0.00028473300067066026,NS_XGBOOST,NS,direct_change,"{""configurations_evaluated"": 3, ""learning_rate"": 0.05, ""max_depth"": 1, ""n_estimators"": 100, ""n_train"": 4985, ""validation"": ""last purged expanding fold""}",decimal
2025-02-28,2025-03-07,5,20.0,0.0372397476340694,0.03729025083452315,5.0503200453751174e-05,NS_XGBOOST,NS,direct_change,"{""configurations_evaluated"": 3, ""learning_rate"": 0.05, ""max_depth"": 1, ""n_estimators"": 100, ""n_train"": 4985, ""validation"": ""last purged expanding fold""}",decimal
2025-02-28,2025-03-07,5,30.0,0.04164059405940589,0.04129332423332626,-0.0003472698260796325,NS_XGBOOST,NS,direct_change,"{""configurations_evaluated"": 3, ""learning_rate"": 0.05, ""max_depth"": 1, ""n_estimators"": 100, ""n_train"": 4985, ""validation"": ""last purged expanding fold""}",decimal
2025-02-28,2025-03-07,5,0.25,0.025424175824175797,0.025109693401561432,-0.000314482422614365,PCA_XGBOOST,PCA,direct_change,"{""configurations_evaluated"": 3, ""learning_rate"": 0.05, ""max_depth"": 1, ""n_estimators"": 100, ""n_train"": 4985, ""validation"": ""last purged expanding fold""}",decimal
2025-02-28,2025-03-07,5,0.5,0.025856084656084598,0.025359956313177588,-0.0004961283429070103,PCA_XGBOOST,PCA,direct_change,"{""configurations_evaluated"": 3, ""learning_rate"": 0.05, ""max_depth"": 1, ""n_estimators"": 100, ""n_train"": 4985, ""validation"": ""last purged expanding fold""}",decimal
2025-02-28,2025-03-07,5,1.0,0.0264199951879916,0.025896925716216868,-0.0005230694717747314,PCA_XGBOOST,PCA,direct_change,"{""configurations_evaluated"": 3, ""learning_rate"": 0.05, ""max_depth"": 1, ""n_estimators"": 100, ""n_train"": 4985, ""validation"": ""last purged expanding fold""}",decimal
2025-02-28,2025-03-07,5,2.0,0.0266877819548872,0.026859765532116213,0.00017198357722901167,PCA_XGBOOST,PCA,direct_change,"{""configurations_evaluated"": 3, ""learning_rate"": 0.05, ""max_depth"": 1, ""n_estimators"": 100, ""n_train"": 4985, ""validation"": ""last purged expanding fold""}",decimal
2025-02-28,2025-03-07,5,5.0,0.0285340659340659,0.02862255943459704,8.849350053114283e-05,PCA_XGBOOST,PCA,direct_change,"{""configurations_evaluated"": 3, ""learning_rate"": 0.05, ""max_depth"": 1, ""n_estimators"": 100, ""n_train"": 4985, ""validation"": ""last purged expanding fold""}",decimal
2025-02-28,2025-03-07,5,10.0,0.0316222222222222,0.03151026174522051,-0.00011196047700168937,PCA_XGBOOST,PCA,direct_change,"{""configurations_evaluated"": 3, ""learning_rate"": 0.05, ""max_depth"": 1, ""n_estimators"": 100, ""n_train"": 4985, ""validation"": ""last purged expanding fold""}",decimal
2025-02-28,2025-03-07,5,15.0,0.0343611987381703,0.03430309326577299,-5.810547239731151e-05,PCA_XGBOOST,PCA,direct_change,"{""configurations_evaluated"": 3, ""learning_rate"": 0.05, ""max_depth"": 1, ""n_estimators"": 100, ""n_train"": 4985, ""validation"": ""last purged expanding fold""}",decimal
2025-02-28,2025-03-07,5,20.0,0.0372397476340694,0.03706149222532897,-0.00017825540874042561,PCA_XGBOOST,PCA,direct_change,"{""configurations_evaluated"": 3, ""learning_rate"": 0.05, ""max_depth"": 1, ""n_estimators"": 100, ""n_train"": 4985, ""validation"": ""last purged expanding fold""}",decimal
2025-02-28,2025-03-07,5,30.0,0.04164059405940589,0.04172797022108531,8.737616167941997e-05,PCA_XGBOOST,PCA,direct_change,"{""configurations_evaluated"": 3, ""learning_rate"": 0.05, ""max_depth"": 1, ""n_estimators"": 100, ""n_train"": 4985, ""validation"": ""last purged expanding fold""}",decimal
2025-02-28,2025-03-14,10,0.25,0.0252956043956043,0.02561754804404722,0.0003219436484429225,NS_XGBOOST,NS,direct_change,"{""configurations_evaluated"": 3, ""learning_rate"": 0.05, ""max_depth"": 1, ""n_estimators"": 100, ""n_train"": 4980, ""validation"": ""last purged expanding fold""}",decimal
2025-02-28,2025-03-14,10,0.5,0.025563492063492,0.025739513241718796,0.00017602117822679633,NS_XGBOOST,NS,direct_change,"{""configurations_evaluated"": 3, ""learning_rate"": 0.05, ""max_depth"": 1, ""n_estimators"": 100, ""n_train"": 4980, ""validation"": ""last purged expanding fold""}",decimal
2025-02-28,2025-03-14,10,1.0,0.026176088207723304,0.025994622820577996,-0.00018146538714530758,NS_XGBOOST,NS,direct_change,"{""configurations_evaluated"": 3, ""learning_rate"": 0.05, ""max_depth"": 1, ""n_estimators"": 100, ""n_train"": 4980, ""validation"": ""last purged expanding fold""}",decimal
2025-02-28,2025-03-14,10,2.0,0.0266885338345864,0.02654334609337118,-0.00014518774121521916,NS_XGBOOST,NS,direct_change,"{""configurations_evaluated"": 3, ""learning_rate"": 0.05, ""max_depth"": 1, ""n_estimators"": 100, ""n_train"": 4980, ""validation"": ""last purged expanding fold""}",decimal
2025-02-28,2025-03-14,10,5.0,0.0285274725274725,0.028391916667500423,-0.00013555585997207867,NS_XGBOOST,NS,direct_change,"{""configurations_evaluated"": 3, ""learning_rate"": 0.05, ""max_depth"": 1, ""n_estimators"": 100, ""n_train"": 4980, ""validation"": ""last purged expanding fold""}",decimal
2025-02-28,2025-03-14,10,10.0,0.031634074074074,0.03166881564060484,3.474156653084093e-05,NS_XGBOOST,NS,direct_change,"{""configurations_evaluated"": 3, ""learning_rate"": 0.05, ""max_depth"": 1, ""n_estimators"": 100, ""n_train"": 4980, ""validation"": ""last purged expanding fold""}",decimal
2025-02-28,2025-03-14,10,15.0,0.034372239747634,0.034725016893409164,0.00035277714577516134,NS_XGBOOST,NS,direct_change,"{""configurations_evaluated"": 3, ""learning_rate"": 0.05, ""max_depth"": 1, ""n_estimators"": 100, ""n_train"": 4980, ""validation"": ""last purged expanding fold""}",decimal
2025-02-28,2025-03-14,10,20.0,0.0372507886435331,0.0373604950423992,0.00010970639886610095,NS_XGBOOST,NS,direct_change,"{""configurations_evaluated"": 3, ""learning_rate"": 0.05, ""max_depth"": 1, ""n_estimators"": 100, ""n_train"": 4980, ""validation"": ""last purged expanding fold""}",decimal
2025-02-28,2025-03-14,10,30.0,0.0416489108910891,0.0413473004432076,-0.0003016104478815035,NS_XGBOOST,NS,direct_change,"{""configurations_evaluated"": 3, ""learning_rate"": 0.05, ""max_depth"": 1, ""n_estimators"": 100, ""n_train"": 4980, ""validation"": ""last purged expanding fold""}",decimal
2025-02-28,2025-03-14,10,0.25,0.0252956043956043,0.025075989273194873,-0.00021961512240942574,PCA_XGBOOST,PCA,direct_change,"{""configurations_evaluated"": 3, ""learning_rate"": 0.05, ""max_depth"": 1, ""n_estimators"": 100, ""n_train"": 4980, ""validation"": ""last purged expanding fold""}",decimal
2025-02-28,2025-03-14,10,0.5,0.025563492063492,0.025330644582510588,-0.00023284748098141225,PCA_XGBOOST,PCA,direct_change,"{""configurations_evaluated"": 3, ""learning_rate"": 0.05, ""max_depth"": 1, ""n_estimators"": 100, ""n_train"": 4980, ""validation"": ""last purged expanding fold""}",decimal
2025-02-28,2025-03-14,10,1.0,0.026176088207723304,0.025873322752768692,-0.00030276545495461216,PCA_XGBOOST,PCA,direct_change,"{""configurations_evaluated"": 3, ""learning_rate"": 0.05, ""max_depth"": 1, ""n_estimators"": 100, ""n_train"": 4980, ""validation"": ""last purged expanding fold""}",decimal
2025-02-28,2025-03-14,10,2.0,0.0266885338345864,0.026845556564028393,0.00015702272944199264,PCA_XGBOOST,PCA,direct_change,"{""configurations_evaluated"": 3, ""learning_rate"": 0.05, ""max_depth"": 1, ""n_estimators"": 100, ""n_train"": 4980, ""validation"": ""last purged expanding fold""}",decimal
2025-02-28,2025-03-14,10,5.0,0.0285274725274725,0.028611047174710472,8.3574647237971e-05,PCA_XGBOOST,PCA,direct_change,"{""configurations_evaluated"": 3, ""learning_rate"": 0.05, ""max_depth"": 1, ""n_estimators"": 100, ""n_train"": 4980, ""validation"": ""last purged expanding fold""}",decimal
2025-02-28,2025-03-14,10,10.0,0.031634074074074,0.03149913320467275,-0.00013494086940125244,PCA_XGBOOST,PCA,direct_change,"{""configurations_evaluated"": 3, ""learning_rate"": 0.05, ""max_depth"": 1, ""n_estimators"": 100, ""n_train"": 4980, ""validation"": ""last purged expanding fold""}",decimal
2025-02-28,2025-03-14,10,15.0,0.034372239747634,0.03428356657171228,-8.867317592171908e-05,PCA_XGBOOST,PCA,direct_change,"{""configurations_evaluated"": 3, ""learning_rate"": 0.05, ""max_depth"": 1, ""n_estimators"": 100, ""n_train"": 4980, ""validation"": ""last purged expanding fold""}",decimal
2025-02-28,2025-03-14,10,20.0,0.0372507886435331,0.03699928729123982,-0.0002515013522932791,PCA_XGBOOST,PCA,direct_change,"{""configurations_evaluated"": 3, ""learning_rate"": 0.05, ""max_depth"": 1, ""n_estimators"": 100, ""n_train"": 4980, ""validation"": ""last purged expanding fold""}",decimal
2025-02-28,2025-03-14,10,30.0,0.0416489108910891,0.04162439481347934,-2.45160776097611e-05,PCA_XGBOOST,PCA,direct_change,"{""configurations_evaluated"": 3, ""learning_rate"": 0.05, ""max_depth"": 1, ""n_estimators"": 100, ""n_train"": 4980, ""validation"": ""last purged expanding fold""}",decimal
2025-02-28,2025-04-02,22,0.25,0.022832558139534803,0.02564628092822893,0.0028137227886941285,NS_XGBOOST,NS,direct_change,"{""configurations_evaluated"": 3, ""learning_rate"": 0.05, ""max_depth"": 1, ""n_estimators"": 100, ""n_train"": 4968, ""validation"": ""last purged expanding fold""}",decimal
2025-02-28,2025-04-02,22,0.5,0.022926851851851802,0.025776017021821727,0.0028491651699699243,NS_XGBOOST,NS,direct_change,"{""configurations_evaluated"": 3, ""learning_rate"": 0.05, ""max_depth"": 1, ""n_estimators"": 100, ""n_train"": 4968, ""validation"": ""last purged expanding fold""}",decimal
2025-02-28,2025-04-02,22,1.0,0.0231857564778525,0.026045651076803535,0.0028598945989510363,NS_XGBOOST,NS,direct_change,"{""configurations_evaluated"": 3, ""learning_rate"": 0.05, ""max_depth"": 1, ""n_estimators"": 100, ""n_train"": 4968, ""validation"": ""last purged expanding fold""}",decimal
2025-02-28,2025-04-02,22,2.0,0.0241347744360902,0.026619680630178364,0.002484906194088164,NS_XGBOOST,NS,direct_change,"{""configurations_evaluated"": 3, ""learning_rate"": 0.05, ""max_depth"": 1, ""n_estimators"": 100, ""n_train"": 4968, ""validation"": ""last purged expanding fold""}",decimal
2025-02-28,2025-04-02,22,5.0,0.0263999999999999,0.028519974785645205,0.002119974785645306,NS_XGBOOST,NS,direct_change,"{""configurations_evaluated"": 3, ""learning_rate"": 0.05, ""max_depth"": 1, ""n_estimators"": 100, ""n_train"": 4968, ""validation"": ""last purged expanding fold""}",decimal
2025-02-28,2025-04-02,22,10.0,0.0289721311475409,0.03183057931450033,0.002858448166959432,NS_XGBOOST,NS,direct_change,"{""configurations_evaluated"": 3, ""learning_rate"": 0.05, ""max_depth"": 1, ""n_estimators"": 100, ""n_train"": 4968, ""validation"": ""last purged expanding fold""}",decimal
2025-02-28,2025-04-02,22,15.0,0.0323020485175202,0.03488688739854531,0.002584838881025113,NS_XGBOOST,NS,direct_change,"{""configurations_evaluated"": 3, ""learning_rate"": 0.05, ""max_depth"": 1, ""n_estimators"": 100, ""n_train"": 4968, ""validation"": ""last purged expanding fold""}",decimal
2025-02-28,2025-04-02,22,20.0,0.035275323275862,0.037508655693457654,0.002233332417595657,NS_XGBOOST,NS,direct_change,"{""configurations_evaluated"": 3, ""learning_rate"": 0.05, ""max_depth"": 1, ""n_estimators"": 100, ""n_train"": 4968, ""validation"": ""last purged expanding fold""}",decimal
2025-02-28,2025-04-02,22,30.0,0.0384796322489391,0.04145911447670971,0.0029794822277706134,NS_XGBOOST,NS,direct_change,"{""configurations_evaluated"": 3, ""learning_rate"": 0.05, ""max_depth"": 1, ""n_estimators"": 100, ""n_train"": 4968, ""validation"": ""last purged expanding fold""}",decimal
2025-02-28,2025-04-02,22,0.25,0.022832558139534803,0.02508096767750333,0.002248409537968527,PCA_XGBOOST,PCA,direct_change,"{""configurations_evaluated"": 3, ""learning_rate"": 0.05, ""max_depth"": 1, ""n_estimators"": 100, ""n_train"": 4968, ""validation"": ""last purged expanding fold""}",decimal
2025-02-28,2025-04-02,22,0.5,0.022926851851851802,0.025346243145284907,0.002419391293433104,PCA_XGBOOST,PCA,direct_change,"{""configurations_evaluated"": 3, ""learning_rate"": 0.05, ""max_depth"": 1, ""n_estimators"": 100, ""n_train"": 4968, ""validation"": ""last purged expanding fold""}",decimal
2025-02-28,2025-04-02,22,1.0,0.0231857564778525,0.025902176089963848,0.002716419612111349,PCA_XGBOOST,PCA,direct_change,"{""configurations_evaluated"": 3, ""learning_rate"": 0.05, ""max_depth"": 1, ""n_estimators"": 100, ""n_train"": 4968, ""validation"": ""last purged expanding fold""}",decimal
2025-02-28,2025-04-02,22,2.0,0.0241347744360902,0.02689541530167885,0.002760640865588651,PCA_XGBOOST,PCA,direct_change,"{""configurations_evaluated"": 3, ""learning_rate"": 0.05, ""max_depth"": 1, ""n_estimators"": 100, ""n_train"": 4968, ""validation"": ""last purged expanding fold""}",decimal
2025-02-28,2025-04-02,22,5.0,0.0263999999999999,0.028665250129269685,0.0022652501292697858,PCA_XGBOOST,PCA,direct_change,"{""configurations_evaluated"": 3, ""learning_rate"": 0.05, ""max_depth"": 1, ""n_estimators"": 100, ""n_train"": 4968, ""validation"": ""last purged expanding fold""}",decimal
2025-02-28,2025-04-02,22,10.0,0.0289721311475409,0.031550999903449964,0.0025788687559090626,PCA_XGBOOST,PCA,direct_change,"{""configurations_evaluated"": 3, ""learning_rate"": 0.05, ""max_depth"": 1, ""n_estimators"": 100, ""n_train"": 4968, ""validation"": ""last purged expanding fold""}",decimal
2025-02-28,2025-04-02,22,15.0,0.0323020485175202,0.03431410415867124,0.0020120556411510407,PCA_XGBOOST,PCA,direct_change,"{""configurations_evaluated"": 3, ""learning_rate"": 0.05, ""max_depth"": 1, ""n_estimators"": 100, ""n_train"": 4968, ""validation"": ""last purged expanding fold""}",decimal
2025-02-28,2025-04-02,22,20.0,0.035275323275862,0.03693037094914472,0.001655047673282721,PCA_XGBOOST,PCA,direct_change,"{""configurations_evaluated"": 3, ""learning_rate"": 0.05, ""max_depth"": 1, ""n_estimators"": 100, ""n_train"": 4968, ""validation"": ""last purged expanding fold""}",decimal
2025-02-28,2025-04-02,22,30.0,0.0384796322489391,0.041450950648647227,0.0029713183997081283,PCA_XGBOOST,PCA,direct_change,"{""configurations_evaluated"": 3, ""learning_rate"": 0.05, ""max_depth"": 1, ""n_estimators"": 100, ""n_train"": 4968, ""validation"": ""last purged expanding fold""}",decimal
2025-03-31,2025-04-10,5,0.25,0.0225857142857142,0.023372014942158986,0.0007863006564447876,NS_XGBOOST,NS,direct_change,"{""configurations_evaluated"": 3, ""learning_rate"": 0.05, ""max_depth"": 1, ""n_estimators"": 100, ""n_train"": 5006, ""validation"": ""last purged expanding fold""}",decimal
2025-03-31,2025-04-10,5,0.5,0.0226920634920634,0.02353080523131793,0.0008387417392545296,NS_XGBOOST,NS,direct_change,"{""configurations_evaluated"": 3, ""learning_rate"": 0.05, ""max_depth"": 1, ""n_estimators"": 100, ""n_train"": 5006, ""validation"": ""last purged expanding fold""}",decimal
2025-03-31,2025-04-10,5,1.0,0.0232353210411324,0.023852955072248036,0.0006176340311156367,NS_XGBOOST,NS,direct_change,"{""configurations_evaluated"": 3, ""learning_rate"": 0.05, ""max_depth"": 1, ""n_estimators"": 100, ""n_train"": 5006, ""validation"": ""last purged expanding fold""}",decimal
2025-03-31,2025-04-10,5,2.0,0.023686184210526304,0.024511614096891402,0.0008254298863650984,NS_XGBOOST,NS,direct_change,"{""configurations_evaluated"": 3, ""learning_rate"": 0.05, ""max_depth"": 1, ""n_estimators"": 100, ""n_train"": 5006, ""validation"": ""last purged expanding fold""}",decimal
2025-03-31,2025-04-10,5,5.0,0.0259835164835164,0.026536968765136223,0.0005534522816198241,NS_XGBOOST,NS,direct_change,"{""configurations_evaluated"": 3, ""learning_rate"": 0.05, ""max_depth"": 1, ""n_estimators"": 100, ""n_train"": 5006, ""validation"": ""last purged expanding fold""}",decimal
2025-03-31,2025-04-10,5,10.0,0.0293685185185185,0.029792498444066146,0.0004239799255476469,NS_XGBOOST,NS,direct_change,"{""configurations_evaluated"": 3, ""learning_rate"": 0.05, ""max_depth"": 1, ""n_estimators"": 100, ""n_train"": 5006, ""validation"": ""last purged expanding fold""}",decimal
2025-03-31,2025-04-10,5,15.0,0.032479269941415,0.032647902673546426,0.00016863273213142682,NS_XGBOOST,NS,direct_change,"{""configurations_evaluated"": 3, ""learning_rate"": 0.05, ""max_depth"": 1, ""n_estimators"": 100, ""n_train"": 5006, ""validation"": ""last purged expanding fold""}",decimal
2025-03-31,2025-04-10,5,20.0,0.0351110860748084,0.03503054424066068,-8.054183414771959e-05,NS_XGBOOST,NS,direct_change,"{""configurations_evaluated"": 3, ""learning_rate"": 0.05, ""max_depth"": 1, ""n_estimators"": 100, ""n_train"": 5006, ""validation"": ""last purged expanding fold""}",decimal
2025-03-31,2025-04-10,5,30.0,0.0384855162659122,0.03854476936532039,5.925309940819218e-05,NS_XGBOOST,NS,direct_change,"{""configurations_evaluated"": 3, ""learning_rate"": 0.05, ""max_depth"": 1, ""n_estimators"": 100, ""n_train"": 5006, ""validation"": ""last purged expanding fold""}",decimal
2025-03-31,2025-04-10,5,0.25,0.0225857142857142,0.022884366554184892,0.00029865226847069354,PCA_XGBOOST,PCA,direct_change,"{""configurations_evaluated"": 3, ""learning_rate"": 0.05, ""max_depth"": 1, ""n_estimators"": 100, ""n_train"": 5006, ""validation"": ""last purged expanding fold""}",decimal
2025-03-31,2025-04-10,5,0.5,0.0226920634920634,0.023191019410388137,0.000498955918324738,PCA_XGBOOST,PCA,direct_change,"{""configurations_evaluated"": 3, ""learning_rate"": 0.05, ""max_depth"": 1, ""n_estimators"": 100, ""n_train"": 5006, ""validation"": ""last purged expanding fold""}",decimal
2025-03-31,2025-04-10,5,1.0,0.0232353210411324,0.023814180885852836,0.000578859844720437,PCA_XGBOOST,PCA,direct_change,"{""configurations_evaluated"": 3, ""learning_rate"": 0.05, ""max_depth"": 1, ""n_estimators"": 100, ""n_train"": 5006, ""validation"": ""last purged expanding fold""}",decimal
2025-03-31,2025-04-10,5,2.0,0.023686184210526304,0.024930611993650348,0.0012444277831240441,PCA_XGBOOST,PCA,direct_change,"{""configurations_evaluated"": 3, ""learning_rate"": 0.05, ""max_depth"": 1, ""n_estimators"": 100, ""n_train"": 5006, ""validation"": ""last purged expanding fold""}",decimal
2025-03-31,2025-04-10,5,5.0,0.0259835164835164,0.02678800001945663,0.0008044835359402314,PCA_XGBOOST,PCA,direct_change,"{""configurations_evaluated"": 3, ""learning_rate"": 0.05, ""max_depth"": 1, ""n_estimators"": 100, ""n_train"": 5006, ""validation"": ""last purged expanding fold""}",decimal
2025-03-31,2025-04-10,5,10.0,0.0293685185185185,0.029761419923266866,0.0003929014047483678,PCA_XGBOOST,PCA,direct_change,"{""configurations_evaluated"": 3, ""learning_rate"": 0.05, ""max_depth"": 1, ""n_estimators"": 100, ""n_train"": 5006, ""validation"": ""last purged expanding fold""}",decimal
2025-03-31,2025-04-10,5,15.0,0.032479269941415,0.032481728874475924,2.4589330609239846e-06,PCA_XGBOOST,PCA,direct_change,"{""configurations_evaluated"": 3, ""learning_rate"": 0.05, ""max_depth"": 1, ""n_estimators"": 100, ""n_train"": 5006, ""validation"": ""last purged expanding fold""}",decimal
2025-03-31,2025-04-10,5,20.0,0.0351110860748084,0.034640629555551805,-0.0004704565192565971,PCA_XGBOOST,PCA,direct_change,"{""configurations_evaluated"": 3, ""learning_rate"": 0.05, ""max_depth"": 1, ""n_estimators"": 100, ""n_train"": 5006, ""validation"": ""last purged expanding fold""}",decimal
2025-03-31,2025-04-10,5,30.0,0.0384855162659122,0.03887312356439119,0.00038760729847898967,PCA_XGBOOST,PCA,direct_change,"{""configurations_evaluated"": 3, ""learning_rate"": 0.05, ""max_depth"": 1, ""n_estimators"": 100, ""n_train"": 5006, ""validation"": ""last purged expanding fold""}",decimal
2025-03-31,2025-04-22,10,0.25,0.0224035714285714,0.023387776640901636,0.0009842052123302351,NS_XGBOOST,NS,direct_change,"{""configurations_evaluated"": 3, ""learning_rate"": 0.05, ""max_depth"": 1, ""n_estimators"": 100, ""n_train"": 5001, ""validation"": ""last purged expanding fold""}",decimal
2025-03-31,2025-04-22,10,0.5,0.0226571428571428,0.023548532527304128,0.0008913896701613286,NS_XGBOOST,NS,direct_change,"{""configurations_evaluated"": 3, ""learning_rate"": 0.05, ""max_depth"": 1, ""n_estimators"": 100, ""n_train"": 5001, ""validation"": ""last purged expanding fold""}",decimal
2025-03-31,2025-04-22,10,1.0,0.0232503600334984,0.023874331691487487,0.0006239716579890878,NS_XGBOOST,NS,direct_change,"{""configurations_evaluated"": 3, ""learning_rate"": 0.05, ""max_depth"": 1, ""n_estimators"": 100, ""n_train"": 5001, ""validation"": ""last purged expanding fold""}",decimal
2025-03-31,2025-04-22,10,2.0,0.0236951127819548,0.024539254740092463,0.0008441419581376626,NS_XGBOOST,NS,direct_change,"{""configurations_evaluated"": 3, ""learning_rate"": 0.05, ""max_depth"": 1, ""n_estimators"": 100, ""n_train"": 5001, ""validation"": ""last purged expanding fold""}",decimal
2025-03-31,2025-04-22,10,5.0,0.0258131868131868,0.026576755017535574,0.0007635682043487732,NS_XGBOOST,NS,direct_change,"{""configurations_evaluated"": 3, ""learning_rate"": 0.05, ""max_depth"": 1, ""n_estimators"": 100, ""n_train"": 5001, ""validation"": ""last purged expanding fold""}",decimal
2025-03-31,2025-04-22,10,10.0,0.0288067330210772,0.029838325415125322,0.0010315923940481218,NS_XGBOOST,NS,direct_change,"{""configurations_evaluated"": 3, ""learning_rate"": 0.05, ""max_depth"": 1, ""n_estimators"": 100, ""n_train"": 5001, ""validation"": ""last purged expanding fold""}",decimal
2025-03-31,2025-04-22,10,15.0,0.032396575033799,0.0326909944962767,0.0002944194624776991,NS_XGBOOST,NS,direct_change,"{""configurations_evaluated"": 3, ""learning_rate"": 0.05, ""max_depth"": 1, ""n_estimators"": 100, ""n_train"": 5001, ""validation"": ""last purged expanding fold""}",decimal
2025-03-31,2025-04-22,10,20.0,0.0350283911671924,0.03506759043083807,3.9199263645671445e-05,NS_XGBOOST,NS,direct_change,"{""configurations_evaluated"": 3, ""learning_rate"": 0.05, ""max_depth"": 1, ""n_estimators"": 100, ""n_train"": 5001, ""validation"": ""last purged expanding fold""}",decimal
2025-03-31,2025-04-22,10,30.0,0.0384962659123055,0.038568500830758246,7.223491845274876e-05,NS_XGBOOST,NS,direct_change,"{""configurations_evaluated"": 3, ""learning_rate"": 0.05, ""max_depth"": 1, ""n_estimators"": 100, ""n_train"": 5001, ""validation"": ""last purged expanding fold""}",decimal
2025-03-31,2025-04-22,10,0.25,0.0224035714285714,0.022876973866141615,0.00047340243757021394,PCA_XGBOOST,PCA,direct_change,"{""configurations_evaluated"": 3, ""learning_rate"": 0.05, ""max_depth"": 1, ""n_estimators"": 100, ""n_train"": 5001, ""validation"": ""last purged expanding fold""}",decimal
2025-03-31,2025-04-22,10,0.5,0.0226571428571428,0.023181838246785075,0.0005246953896422754,PCA_XGBOOST,PCA,direct_change,"{""configurations_evaluated"": 3, ""learning_rate"": 0.05, ""max_depth"": 1, ""n_estimators"": 100, ""n_train"": 5001, ""validation"": ""last purged expanding fold""}",decimal
2025-03-31,2025-04-22,10,1.0,0.0232503600334984,0.02380139790968951,0.00055103787619111,PCA_XGBOOST,PCA,direct_change,"{""configurations_evaluated"": 3, ""learning_rate"": 0.05, ""max_depth"": 1, ""n_estimators"": 100, ""n_train"": 5001, ""validation"": ""last purged expanding fold""}",decimal
2025-03-31,2025-04-22,10,2.0,0.0236951127819548,0.024912340502673876,0.001217227720719076,PCA_XGBOOST,PCA,direct_change,"{""configurations_evaluated"": 3, ""learning_rate"": 0.05, ""max_depth"": 1, ""n_estimators"": 100, ""n_train"": 5001, ""validation"": ""last purged expanding fold""}",decimal
2025-03-31,2025-04-22,10,5.0,0.0258131868131868,0.026756785066977967,0.0009435982537911655,PCA_XGBOOST,PCA,direct_change,"{""configurations_evaluated"": 3, ""learning_rate"": 0.05, ""max_depth"": 1, ""n_estimators"": 100, ""n_train"": 5001, ""validation"": ""last purged expanding fold""}",decimal
2025-03-31,2025-04-22,10,10.0,0.0288067330210772,0.029718316647581358,0.0009115836265041581,PCA_XGBOOST,PCA,direct_change,"{""configurations_evaluated"": 3, ""learning_rate"": 0.05, ""max_depth"": 1, ""n_estimators"": 100, ""n_train"": 5001, ""validation"": ""last purged expanding fold""}",decimal
2025-03-31,2025-04-22,10,15.0,0.032396575033799,0.03243111891762628,3.4543883827280186e-05,PCA_XGBOOST,PCA,direct_change,"{""configurations_evaluated"": 3, ""learning_rate"": 0.05, ""max_depth"": 1, ""n_estimators"": 100, ""n_train"": 5001, ""validation"": ""last purged expanding fold""}",decimal
2025-03-31,2025-04-22,10,20.0,0.0350283911671924,0.03458487516691884,-0.0004435160002735569,PCA_XGBOOST,PCA,direct_change,"{""configurations_evaluated"": 3, ""learning_rate"": 0.05, ""max_depth"": 1, ""n_estimators"": 100, ""n_train"": 5001, ""validation"": ""last purged expanding fold""}",decimal
2025-03-31,2025-04-22,10,30.0,0.0384962659123055,0.0388288133579581,0.00033254744565260064,PCA_XGBOOST,PCA,direct_change,"{""configurations_evaluated"": 3, ""learning_rate"": 0.05, ""max_depth"": 1, ""n_estimators"": 100, ""n_train"": 5001, ""validation"": ""last purged expanding fold""}",decimal
2025-03-31,2025-05-09,22,0.25,0.0218964285714285,0.02344521879492016,0.0015487902234916605,NS_XGBOOST,NS,direct_change,"{""configurations_evaluated"": 3, ""learning_rate"": 0.05, ""max_depth"": 1, ""n_estimators"": 100, ""n_train"": 4989, ""validation"": ""last purged expanding fold""}",decimal
2025-03-31,2025-05-09,22,0.5,0.022184126984126903,0.02361341351492194,0.0014292865307950382,NS_XGBOOST,NS,direct_change,"{""configurations_evaluated"": 3, ""learning_rate"": 0.05, ""max_depth"": 1, ""n_estimators"": 100, ""n_train"": 4989, ""validation"": ""last purged expanding fold""}",decimal
2025-03-31,2025-05-09,22,1.0,0.022618978177442003,0.023953105375331542,0.001334127197889539,NS_XGBOOST,NS,direct_change,"{""configurations_evaluated"": 3, ""learning_rate"": 0.05, ""max_depth"": 1, ""n_estimators"": 100, ""n_train"": 4989, ""validation"": ""last purged expanding fold""}",decimal
2025-03-31,2025-05-09,22,2.0,0.022827067669172904,0.02464219121543258,0.0018151235462596747,NS_XGBOOST,NS,direct_change,"{""configurations_evaluated"": 3, ""learning_rate"": 0.05, ""max_depth"": 1, ""n_estimators"": 100, ""n_train"": 4989, ""validation"": ""last purged expanding fold""}",decimal
2025-03-31,2025-05-09,22,5.0,0.024950549450549402,0.026728779894894354,0.001778230444344952,NS_XGBOOST,NS,direct_change,"{""configurations_evaluated"": 3, ""learning_rate"": 0.05, ""max_depth"": 1, ""n_estimators"": 100, ""n_train"": 4989, ""validation"": ""last purged expanding fold""}",decimal
2025-03-31,2025-05-09,22,10.0,0.0281286885245901,0.030021489246462623,0.0018928007218725236,NS_XGBOOST,NS,direct_change,"{""configurations_evaluated"": 3, ""learning_rate"": 0.05, ""max_depth"": 1, ""n_estimators"": 100, ""n_train"": 4989, ""validation"": ""last purged expanding fold""}",decimal
2025-03-31,2025-05-09,22,15.0,0.0319079315006759,0.03287300859630209,0.0009650770956261961,NS_XGBOOST,NS,direct_change,"{""configurations_evaluated"": 3, ""learning_rate"": 0.05, ""max_depth"": 1, ""n_estimators"": 100, ""n_train"": 4989, ""validation"": ""last purged expanding fold""}",decimal
2025-03-31,2025-05-09,22,20.0,0.0344575033799008,0.03523531208463427,0.0007778087047334709,NS_XGBOOST,NS,direct_change,"{""configurations_evaluated"": 3, ""learning_rate"": 0.05, ""max_depth"": 1, ""n_estimators"": 100, ""n_train"": 4989, ""validation"": ""last purged expanding fold""}",decimal
2025-03-31,2025-05-09,22,30.0,0.0385457620919813,0.03869956106651446,0.00015379897453315916,NS_XGBOOST,NS,direct_change,"{""configurations_evaluated"": 3, ""learning_rate"": 0.05, ""max_depth"": 1, ""n_estimators"": 100, ""n_train"": 4989, ""validation"": ""last purged expanding fold""}",decimal
2025-03-31,2025-05-09,22,0.25,0.0218964285714285,0.022926572486936074,0.0010301439155075733,PCA_XGBOOST,PCA,direct_change,"{""configurations_evaluated"": 3, ""learning_rate"": 0.05, ""max_depth"": 1, ""n_estimators"": 100, ""n_train"": 4989, ""validation"": ""last purged expanding fold""}",decimal
2025-03-31,2025-05-09,22,0.5,0.022184126984126903,0.023234397800274517,0.0010502708161476138,PCA_XGBOOST,PCA,direct_change,"{""configurations_evaluated"": 3, ""learning_rate"": 0.05, ""max_depth"": 1, ""n_estimators"": 100, ""n_train"": 4989, ""validation"": ""last purged expanding fold""}",decimal
2025-03-31,2025-05-09,22,1.0,0.022618978177442003,0.02385596261935248,0.001236984441910477,PCA_XGBOOST,PCA,direct_change,"{""configurations_evaluated"": 3, ""learning_rate"": 0.05, ""max_depth"": 1, ""n_estimators"": 100, ""n_train"": 4989, ""validation"": ""last purged expanding fold""}",decimal
2025-03-31,2025-05-09,22,2.0,0.022827067669172904,0.02496979303144564,0.0021427253622727342,PCA_XGBOOST,PCA,direct_change,"{""configurations_evaluated"": 3, ""learning_rate"": 0.05, ""max_depth"": 1, ""n_estimators"": 100, ""n_train"": 4989, ""validation"": ""last purged expanding fold""}",decimal
2025-03-31,2025-05-09,22,5.0,0.024950549450549402,0.026802071928468164,0.0018515224779187614,PCA_XGBOOST,PCA,direct_change,"{""configurations_evaluated"": 3, ""learning_rate"": 0.05, ""max_depth"": 1, ""n_estimators"": 100, ""n_train"": 4989, ""validation"": ""last purged expanding fold""}",decimal
2025-03-31,2025-05-09,22,10.0,0.0281286885245901,0.029748825146939096,0.0016201366223489964,PCA_XGBOOST,PCA,direct_change,"{""configurations_evaluated"": 3, ""learning_rate"": 0.05, ""max_depth"": 1, ""n_estimators"": 100, ""n_train"": 4989, ""validation"": ""last purged expanding fold""}",decimal
2025-03-31,2025-05-09,22,15.0,0.0319079315006759,0.032444120849642016,0.0005361893489661193,PCA_XGBOOST,PCA,direct_change,"{""configurations_evaluated"": 3, ""learning_rate"": 0.05, ""max_depth"": 1, ""n_estimators"": 100, ""n_train"": 4989, ""validation"": ""last purged expanding fold""}",decimal
2025-03-31,2025-05-09,22,20.0,0.0344575033799008,0.03455098404767091,9.348066777010999e-05,PCA_XGBOOST,PCA,direct_change,"{""configurations_evaluated"": 3, ""learning_rate"": 0.05, ""max_depth"": 1, ""n_estimators"": 100, ""n_train"": 4989, ""validation"": ""last purged expanding fold""}",decimal
2025-03-31,2025-05-09,22,30.0,0.0385457620919813,0.03875689842712883,0.00021113633514752844,PCA_XGBOOST,PCA,direct_change,"{""configurations_evaluated"": 3, ""learning_rate"": 0.05, ""max_depth"": 1, ""n_estimators"": 100, ""n_train"": 4989, ""validation"": ""last purged expanding fold""}",decimal
2025-04-30,2025-05-08,5,0.25,0.0218910714285714,0.022118268119613628,0.00022719669104222934,NS_XGBOOST,NS,direct_change,"{""configurations_evaluated"": 3, ""learning_rate"": 0.05, ""max_depth"": 1, ""n_estimators"": 100, ""n_train"": 5022, ""validation"": ""last purged expanding fold""}",decimal
2025-04-30,2025-05-08,5,0.5,0.0221825396825396,0.02225712317099879,7.458348845919283e-05,NS_XGBOOST,NS,direct_change,"{""configurations_evaluated"": 3, ""learning_rate"": 0.05, ""max_depth"": 1, ""n_estimators"": 100, ""n_train"": 5022, ""validation"": ""last purged expanding fold""}",decimal
2025-04-30,2025-05-08,5,1.0,0.0226191481771315,0.022544215759110822,-7.493241802067688e-05,NS_XGBOOST,NS,direct_change,"{""configurations_evaluated"": 3, ""learning_rate"": 0.05, ""max_depth"": 1, ""n_estimators"": 100, ""n_train"": 5022, ""validation"": ""last purged expanding fold""}",decimal
2025-04-30,2025-05-08,5,2.0,0.0228251879699248,0.023150255001791912,0.00032506703186711144,NS_XGBOOST,NS,direct_change,"{""configurations_evaluated"": 3, ""learning_rate"": 0.05, ""max_depth"": 1, ""n_estimators"": 100, ""n_train"": 5022, ""validation"": ""last purged expanding fold""}",decimal
2025-04-30,2025-05-08,5,5.0,0.0249483516483516,0.025127072768481935,0.00017872112013033598,NS_XGBOOST,NS,direct_change,"{""configurations_evaluated"": 3, ""learning_rate"": 0.05, ""max_depth"": 1, ""n_estimators"": 100, ""n_train"": 5022, ""validation"": ""last purged expanding fold""}",decimal
2025-04-30,2025-05-08,5,10.0,0.0281269906323184,0.028519179253220884,0.00039218862090248385,NS_XGBOOST,NS,direct_change,"{""configurations_evaluated"": 3, ""learning_rate"": 0.05, ""max_depth"": 1, ""n_estimators"": 100, ""n_train"": 5022, ""validation"": ""last purged expanding fold""}",decimal
2025-04-30,2025-05-08,5,15.0,0.0319065344749887,0.03162224315750895,-0.00028429131747974984,NS_XGBOOST,NS,direct_change,"{""configurations_evaluated"": 3, ""learning_rate"": 0.05, ""max_depth"": 1, ""n_estimators"": 100, ""n_train"": 5022, ""validation"": ""last purged expanding fold""}",decimal
2025-04-30,2025-05-08,5,20.0,0.0344561063542136,0.03427144146592135,-0.0001846648882922533,NS_XGBOOST,NS,direct_change,"{""configurations_evaluated"": 3, ""learning_rate"": 0.05, ""max_depth"": 1, ""n_estimators"": 100, ""n_train"": 5022, ""validation"": ""last purged expanding fold""}",decimal
2025-04-30,2025-05-08,5,30.0,0.0385422380691168,0.03824881978880667,-0.0002934182803101329,NS_XGBOOST,NS,direct_change,"{""configurations_evaluated"": 3, ""learning_rate"": 0.05, ""max_depth"": 1, ""n_estimators"": 100, ""n_train"": 5022, ""validation"": ""last purged expanding fold""}",decimal
2025-04-30,2025-05-08,5,0.25,0.0218910714285714,0.021753378404883138,-0.00013769302368826092,PCA_XGBOOST,PCA,direct_change,"{""configurations_evaluated"": 3, ""learning_rate"": 0.05, ""max_depth"": 1, ""n_estimators"": 100, ""n_train"": 5022, ""validation"": ""last purged expanding fold""}",decimal
2025-04-30,2025-05-08,5,0.5,0.0221825396825396,0.022020102386204915,-0.00016243729633468387,PCA_XGBOOST,PCA,direct_change,"{""configurations_evaluated"": 3, ""learning_rate"": 0.05, ""max_depth"": 1, ""n_estimators"": 100, ""n_train"": 5022, ""validation"": ""last purged expanding fold""}",decimal
2025-04-30,2025-05-08,5,1.0,0.0226191481771315,0.022605623506343424,-1.352467078807526e-05,PCA_XGBOOST,PCA,direct_change,"{""configurations_evaluated"": 3, ""learning_rate"": 0.05, ""max_depth"": 1, ""n_estimators"": 100, ""n_train"": 5022, ""validation"": ""last purged expanding fold""}",decimal
2025-04-30,2025-05-08,5,2.0,0.0228251879699248,0.023668995988452526,0.0008438080185277259,PCA_XGBOOST,PCA,direct_change,"{""configurations_evaluated"": 3, ""learning_rate"": 0.05, ""max_depth"": 1, ""n_estimators"": 100, ""n_train"": 5022, ""validation"": ""last purged expanding fold""}",decimal
2025-04-30,2025-05-08,5,5.0,0.0249483516483516,0.025583695705479456,0.0006353440571278575,PCA_XGBOOST,PCA,direct_change,"{""configurations_evaluated"": 3, ""learning_rate"": 0.05, ""max_depth"": 1, ""n_estimators"": 100, ""n_train"": 5022, ""validation"": ""last purged expanding fold""}",decimal
2025-04-30,2025-05-08,5,10.0,0.0281269906323184,0.028651016964034662,0.0005240263317162625,PCA_XGBOOST,PCA,direct_change,"{""configurations_evaluated"": 3, ""learning_rate"": 0.05, ""max_depth"": 1, ""n_estimators"": 100, ""n_train"": 5022, ""validation"": ""last purged expanding fold""}",decimal
2025-04-30,2025-05-08,5,15.0,0.0319065344749887,0.03150462717921339,-0.0004019072957753139,PCA_XGBOOST,PCA,direct_change,"{""configurations_evaluated"": 3, ""learning_rate"": 0.05, ""max_depth"": 1, ""n_estimators"": 100, ""n_train"": 5022, ""validation"": ""last purged expanding fold""}",decimal
2025-04-30,2025-05-08,5,20.0,0.0344561063542136,0.0340556939784387,-0.0004004123757749001,PCA_XGBOOST,PCA,direct_change,"{""configurations_evaluated"": 3, ""learning_rate"": 0.05, ""max_depth"": 1, ""n_estimators"": 100, ""n_train"": 5022, ""validation"": ""last purged expanding fold""}",decimal
2025-04-30,2025-05-08,5,30.0,0.0385422380691168,0.03874507859442842,0.0002028405253116164,PCA_XGBOOST,PCA,direct_change,"{""configurations_evaluated"": 3, ""learning_rate"": 0.05, ""max_depth"": 1, ""n_estimators"": 100, ""n_train"": 5022, ""validation"": ""last purged expanding fold""}",decimal
2025-04-30,2025-05-15,10,0.25,0.021928571428571398,0.022108269732384913,0.00017969830381351498,NS_XGBOOST,NS,direct_change,"{""configurations_evaluated"": 3, ""learning_rate"": 0.05, ""max_depth"": 1, ""n_estimators"": 100, ""n_train"": 5017, ""validation"": ""last purged expanding fold""}",decimal
2025-04-30,2025-05-15,10,0.5,0.0221468253968253,0.02224927860412029,0.00010245320729498908,NS_XGBOOST,NS,direct_change,"{""configurations_evaluated"": 3, ""learning_rate"": 0.05, ""max_depth"": 1, ""n_estimators"": 100, ""n_train"": 5017, ""validation"": ""last purged expanding fold""}",decimal
2025-04-30,2025-05-15,10,1.0,0.0225547614488257,0.022540481116457196,-1.4280332368502707e-05,NS_XGBOOST,NS,direct_change,"{""configurations_evaluated"": 3, ""learning_rate"": 0.05, ""max_depth"": 1, ""n_estimators"": 100, ""n_train"": 5017, ""validation"": ""last purged expanding fold""}",decimal
2025-04-30,2025-05-15,10,2.0,0.0227368421052631,0.023154004672289362,0.00041716256702626145,NS_XGBOOST,NS,direct_change,"{""configurations_evaluated"": 3, ""learning_rate"": 0.05, ""max_depth"": 1, ""n_estimators"": 100, ""n_train"": 5017, ""validation"": ""last purged expanding fold""}",decimal
2025-04-30,2025-05-15,10,5.0,0.0242478021978022,0.02514837599607595,0.0009005737982737509,NS_XGBOOST,NS,direct_change,"{""configurations_evaluated"": 3, ""learning_rate"": 0.05, ""max_depth"": 1, ""n_estimators"": 100, ""n_train"": 5017, ""validation"": ""last purged expanding fold""}",decimal
2025-04-30,2025-05-15,10,10.0,0.027436768149882898,0.02855835254180008,0.0011215843919171811,NS_XGBOOST,NS,direct_change,"{""configurations_evaluated"": 3, ""learning_rate"": 0.05, ""max_depth"": 1, ""n_estimators"": 100, ""n_train"": 5017, ""validation"": ""last purged expanding fold""}",decimal
2025-04-30,2025-05-15,10,15.0,0.0312968904912122,0.03167092576894353,0.0003740352777313327,NS_XGBOOST,NS,direct_change,"{""configurations_evaluated"": 3, ""learning_rate"": 0.05, ""max_depth"": 1, ""n_estimators"": 100, ""n_train"": 5017, ""validation"": ""last purged expanding fold""}",decimal
2025-04-30,2025-05-15,10,20.0,0.0343399278954483,0.0343251711931058,-1.4756702342501316e-05,NS_XGBOOST,NS,direct_change,"{""configurations_evaluated"": 3, ""learning_rate"": 0.05, ""max_depth"": 1, ""n_estimators"": 100, ""n_train"": 5017, ""validation"": ""last purged expanding fold""}",decimal
2025-04-30,2025-05-15,10,30.0,0.038566919769463,0.03830661898801865,-0.0002603007814443517,NS_XGBOOST,NS,direct_change,"{""configurations_evaluated"": 3, ""learning_rate"": 0.05, ""max_depth"": 1, ""n_estimators"": 100, ""n_train"": 5017, ""validation"": ""last purged expanding fold""}",decimal
2025-04-30,2025-05-15,10,0.25,0.021928571428571398,0.021680116997024004,-0.0002484544315473937,PCA_XGBOOST,PCA,direct_change,"{""configurations_evaluated"": 3, ""learning_rate"": 0.05, ""max_depth"": 1, ""n_estimators"": 100, ""n_train"": 5017, ""validation"": ""last purged expanding fold""}",decimal
2025-04-30,2025-05-15,10,0.5,0.0221468253968253,0.021939916035053193,-0.00020690936177210698,PCA_XGBOOST,PCA,direct_change,"{""configurations_evaluated"": 3, ""learning_rate"": 0.05, ""max_depth"": 1, ""n_estimators"": 100, ""n_train"": 5017, ""validation"": ""last purged expanding fold""}",decimal
2025-04-30,2025-05-15,10,1.0,0.0225547614488257,0.02251416618553492,-4.059526329077898e-05,PCA_XGBOOST,PCA,direct_change,"{""configurations_evaluated"": 3, ""learning_rate"": 0.05, ""max_depth"": 1, ""n_estimators"": 100, ""n_train"": 5017, ""validation"": ""last purged expanding fold""}",decimal
2025-04-30,2025-05-15,10,2.0,0.0227368421052631,0.023560646382252616,0.0008238042769895156,PCA_XGBOOST,PCA,direct_change,"{""configurations_evaluated"": 3, ""learning_rate"": 0.05, ""max_depth"": 1, ""n_estimators"": 100, ""n_train"": 5017, ""validation"": ""last purged expanding fold""}",decimal
2025-04-30,2025-05-15,10,5.0,0.0242478021978022,0.025447347394222143,0.0011995451964199426,PCA_XGBOOST,PCA,direct_change,"{""configurations_evaluated"": 3, ""learning_rate"": 0.05, ""max_depth"": 1, ""n_estimators"": 100, ""n_train"": 5017, ""validation"": ""last purged expanding fold""}",decimal
2025-04-30,2025-05-15,10,10.0,0.027436768149882898,0.028491539981980188,0.0010547718320972899,PCA_XGBOOST,PCA,direct_change,"{""configurations_evaluated"": 3, ""learning_rate"": 0.05, ""max_depth"": 1, ""n_estimators"": 100, ""n_train"": 5017, ""validation"": ""last purged expanding fold""}",decimal
2025-04-30,2025-05-15,10,15.0,0.0312968904912122,0.031335561622472884,3.8671131260686886e-05,PCA_XGBOOST,PCA,direct_change,"{""configurations_evaluated"": 3, ""learning_rate"": 0.05, ""max_depth"": 1, ""n_estimators"": 100, ""n_train"": 5017, ""validation"": ""last purged expanding fold""}",decimal
2025-04-30,2025-05-15,10,20.0,0.0343399278954483,0.0339013104607676,-0.00043861743468069647,PCA_XGBOOST,PCA,direct_change,"{""configurations_evaluated"": 3, ""learning_rate"": 0.05, ""max_depth"": 1, ""n_estimators"": 100, ""n_train"": 5017, ""validation"": ""last purged expanding fold""}",decimal
2025-04-30,2025-05-15,10,30.0,0.038566919769463,0.038648168741764494,8.12489723014953e-05,PCA_XGBOOST,PCA,direct_change,"{""configurations_evaluated"": 3, ""learning_rate"": 0.05, ""max_depth"": 1, ""n_estimators"": 100, ""n_train"": 5017, ""validation"": ""last purged expanding fold""}",decimal
2025-04-30,2025-06-02,22,0.25,0.020525,0.022046518184446567,0.0015215181844465651,NS_XGBOOST,NS,direct_change,"{""configurations_evaluated"": 3, ""learning_rate"": 0.05, ""max_depth"": 1, ""n_estimators"": 100, ""n_train"": 5005, ""validation"": ""last purged expanding fold""}",decimal
2025-04-30,2025-06-02,22,0.5,0.020744444444444402,0.022182183367771793,0.0014377389233273911,NS_XGBOOST,NS,direct_change,"{""configurations_evaluated"": 3, ""learning_rate"": 0.05, ""max_depth"": 1, ""n_estimators"": 100, ""n_train"": 5005, ""validation"": ""last purged expanding fold""}",decimal
2025-04-30,2025-06-02,22,1.0,0.021240491953231803,0.022463500249247252,0.0012230082960154494,NS_XGBOOST,NS,direct_change,"{""configurations_evaluated"": 3, ""learning_rate"": 0.05, ""max_depth"": 1, ""n_estimators"": 100, ""n_train"": 5005, ""validation"": ""last purged expanding fold""}",decimal
2025-04-30,2025-06-02,22,2.0,0.0215721804511278,0.02306019226442221,0.0014880118132944084,NS_XGBOOST,NS,direct_change,"{""configurations_evaluated"": 3, ""learning_rate"": 0.05, ""max_depth"": 1, ""n_estimators"": 100, ""n_train"": 5005, ""validation"": ""last purged expanding fold""}",decimal
2025-04-30,2025-06-02,22,5.0,0.0237662087912088,0.025022898288308646,0.0012566894970998457,NS_XGBOOST,NS,direct_change,"{""configurations_evaluated"": 3, ""learning_rate"": 0.05, ""max_depth"": 1, ""n_estimators"": 100, ""n_train"": 5005, ""validation"": ""last purged expanding fold""}",decimal
2025-04-30,2025-06-02,22,10.0,0.0270683840749414,0.028420040799902412,0.001351656724961011,NS_XGBOOST,NS,direct_change,"{""configurations_evaluated"": 3, ""learning_rate"": 0.05, ""max_depth"": 1, ""n_estimators"": 100, ""n_train"": 5005, ""validation"": ""last purged expanding fold""}",decimal
2025-04-30,2025-06-02,22,15.0,0.0301269040108156,0.031544038557454857,0.0014171345466392551,NS_XGBOOST,NS,direct_change,"{""configurations_evaluated"": 3, ""learning_rate"": 0.05, ""max_depth"": 1, ""n_estimators"": 100, ""n_train"": 5005, ""validation"": ""last purged expanding fold""}",decimal
2025-04-30,2025-06-02,22,20.0,0.0331699414150518,0.034218442200413784,0.0010485007853619846,NS_XGBOOST,NS,direct_change,"{""configurations_evaluated"": 3, ""learning_rate"": 0.05, ""max_depth"": 1, ""n_estimators"": 100, ""n_train"": 5005, ""validation"": ""last purged expanding fold""}",decimal
2025-04-30,2025-06-02,22,30.0,0.0376271419408045,0.03824203859915207,0.0006148966583475676,NS_XGBOOST,NS,direct_change,"{""configurations_evaluated"": 3, ""learning_rate"": 0.05, ""max_depth"": 1, ""n_estimators"": 100, ""n_train"": 5005, ""validation"": ""last purged expanding fold""}",decimal
2025-04-30,2025-06-02,22,0.25,0.020525,0.02157495589475692,0.0010499558947569196,PCA_XGBOOST,PCA,direct_change,"{""configurations_evaluated"": 3, ""learning_rate"": 0.05, ""max_depth"": 1, ""n_estimators"": 100, ""n_train"": 5005, ""validation"": ""last purged expanding fold""}",decimal
2025-04-30,2025-06-02,22,0.5,0.020744444444444402,0.021827974631313363,0.0010835301868689605,PCA_XGBOOST,PCA,direct_change,"{""configurations_evaluated"": 3, ""learning_rate"": 0.05, ""max_depth"": 1, ""n_estimators"": 100, ""n_train"": 5005, ""validation"": ""last purged expanding fold""}",decimal
2025-04-30,2025-06-02,22,1.0,0.021240491953231803,0.02238984102551274,0.0011493490722809356,PCA_XGBOOST,PCA,direct_change,"{""configurations_evaluated"": 3, ""learning_rate"": 0.05, ""max_depth"": 1, ""n_estimators"": 100, ""n_train"": 5005, ""validation"": ""last purged expanding fold""}",decimal
2025-04-30,2025-06-02,22,2.0,0.0215721804511278,0.023418133882527555,0.0018459534313997536,PCA_XGBOOST,PCA,direct_change,"{""configurations_evaluated"": 3, ""learning_rate"": 0.05, ""max_depth"": 1, ""n_estimators"": 100, ""n_train"": 5005, ""validation"": ""last purged expanding fold""}",decimal
2025-04-30,2025-06-02,22,5.0,0.0237662087912088,0.025264562832746085,0.0014983540415372844,PCA_XGBOOST,PCA,direct_change,"{""configurations_evaluated"": 3, ""learning_rate"": 0.05, ""max_depth"": 1, ""n_estimators"": 100, ""n_train"": 5005, ""validation"": ""last purged expanding fold""}",decimal
2025-04-30,2025-06-02,22,10.0,0.0270683840749414,0.028273485110824018,0.0012051010358826164,PCA_XGBOOST,PCA,direct_change,"{""configurations_evaluated"": 3, ""learning_rate"": 0.05, ""max_depth"": 1, ""n_estimators"": 100, ""n_train"": 5005, ""validation"": ""last purged expanding fold""}",decimal
2025-04-30,2025-06-02,22,15.0,0.0301269040108156,0.031096134296956957,0.0009692302861413551,PCA_XGBOOST,PCA,direct_change,"{""configurations_evaluated"": 3, ""learning_rate"": 0.05, ""max_depth"": 1, ""n_estimators"": 100, ""n_train"": 5005, ""validation"": ""last purged expanding fold""}",decimal
2025-04-30,2025-06-02,22,20.0,0.0331699414150518,0.03365081344661942,0.0004808720315676168,PCA_XGBOOST,PCA,direct_change,"{""configurations_evaluated"": 3, ""learning_rate"": 0.05, ""max_depth"": 1, ""n_estimators"": 100, ""n_train"": 5005, ""validation"": ""last purged expanding fold""}",decimal
2025-04-30,2025-06-02,22,30.0,0.0376271419408045,0.03844839760334535,0.0008212556625408485,PCA_XGBOOST,PCA,direct_change,"{""configurations_evaluated"": 3, ""learning_rate"": 0.05, ""max_depth"": 1, ""n_estimators"": 100, ""n_train"": 5005, ""validation"": ""last purged expanding fold""}",decimal
2025-05-30,2025-06-06,5,0.25,0.0207285714285714,0.0209245712445461,0.00019599981597470326,NS_XGBOOST,NS,direct_change,"{""configurations_evaluated"": 3, ""learning_rate"": 0.05, ""max_depth"": 1, ""n_estimators"": 100, ""n_train"": 5043, ""validation"": ""last purged expanding fold""}",decimal
2025-05-30,2025-06-06,5,0.5,0.020928571428571397,0.021005766031636185,7.719460306478826e-05,NS_XGBOOST,NS,direct_change,"{""configurations_evaluated"": 3, ""learning_rate"": 0.05, ""max_depth"": 1, ""n_estimators"": 100, ""n_train"": 5043, ""validation"": ""last purged expanding fold""}",decimal
2025-05-30,2025-06-06,5,1.0,0.0212965573141658,0.02118620836966666,-0.00011034894449914179,NS_XGBOOST,NS,direct_change,"{""configurations_evaluated"": 3, ""learning_rate"": 0.05, ""max_depth"": 1, ""n_estimators"": 100, ""n_train"": 5043, ""validation"": ""last purged expanding fold""}",decimal
2025-05-30,2025-06-06,5,2.0,0.021655639097744303,0.021610736364916245,-4.4902732828058095e-05,NS_XGBOOST,NS,direct_change,"{""configurations_evaluated"": 3, ""learning_rate"": 0.05, ""max_depth"": 1, ""n_estimators"": 100, ""n_train"": 5043, ""validation"": ""last purged expanding fold""}",decimal
2025-05-30,2025-06-06,5,5.0,0.0240480769230769,0.02324660622879718,-0.0008014706942797226,NS_XGBOOST,NS,direct_change,"{""configurations_evaluated"": 3, ""learning_rate"": 0.05, ""max_depth"": 1, ""n_estimators"": 100, ""n_train"": 5043, ""validation"": ""last purged expanding fold""}",decimal
2025-05-30,2025-06-06,5,10.0,0.0270770491803278,0.02650216844939227,-0.0005748807309355307,NS_XGBOOST,NS,direct_change,"{""configurations_evaluated"": 3, ""learning_rate"": 0.05, ""max_depth"": 1, ""n_estimators"": 100, ""n_train"": 5043, ""validation"": ""last purged expanding fold""}",decimal
2025-05-30,2025-06-06,5,15.0,0.030047994592158598,0.02973066289772361,-0.00031733169443498924,NS_XGBOOST,NS,direct_change,"{""configurations_evaluated"": 3, ""learning_rate"": 0.05, ""max_depth"": 1, ""n_estimators"": 100, ""n_train"": 5043, ""validation"": ""last purged expanding fold""}",decimal
2025-05-30,2025-06-06,5,20.0,0.0331732762505633,0.03259938740870573,-0.0005738888418575713,NS_XGBOOST,NS,direct_change,"{""configurations_evaluated"": 3, ""learning_rate"": 0.05, ""max_depth"": 1, ""n_estimators"": 100, ""n_train"": 5043, ""validation"": ""last purged expanding fold""}",decimal
2025-05-30,2025-06-06,5,30.0,0.0374401870015583,0.03703478039022711,-0.00040540661133119105,NS_XGBOOST,NS,direct_change,"{""configurations_evaluated"": 3, ""learning_rate"": 0.05, ""max_depth"": 1, ""n_estimators"": 100, ""n_train"": 5043, ""validation"": ""last purged expanding fold""}",decimal
2025-05-30,2025-06-06,5,0.25,0.0207285714285714,0.020650210270452433,-7.836115811896485e-05,PCA_XGBOOST,PCA,direct_change,"{""configurations_evaluated"": 3, ""learning_rate"": 0.05, ""max_depth"": 1, ""n_estimators"": 100, ""n_train"": 5043, ""validation"": ""last purged expanding fold""}",decimal
2025-05-30,2025-06-06,5,0.5,0.020928571428571397,0.020855069273150326,-7.350215542107144e-05,PCA_XGBOOST,PCA,direct_change,"{""configurations_evaluated"": 3, ""learning_rate"": 0.05, ""max_depth"": 1, ""n_estimators"": 100, ""n_train"": 5043, ""validation"": ""last purged expanding fold""}",decimal
2025-05-30,2025-06-06,5,1.0,0.0212965573141658,0.021350329439691975,5.377212552617333e-05,PCA_XGBOOST,PCA,direct_change,"{""configurations_evaluated"": 3, ""learning_rate"": 0.05, ""max_depth"": 1, ""n_estimators"": 100, ""n_train"": 5043, ""validation"": ""last purged expanding fold""}",decimal
2025-05-30,2025-06-06,5,2.0,0.021655639097744303,0.022276813857885214,0.0006211747601409107,PCA_XGBOOST,PCA,direct_change,"{""configurations_evaluated"": 3, ""learning_rate"": 0.05, ""max_depth"": 1, ""n_estimators"": 100, ""n_train"": 5043, ""validation"": ""last purged expanding fold""}",decimal
2025-05-30,2025-06-06,5,5.0,0.0240480769230769,0.024006306572745648,-4.177035033125359e-05,PCA_XGBOOST,PCA,direct_change,"{""configurations_evaluated"": 3, ""learning_rate"": 0.05, ""max_depth"": 1, ""n_estimators"": 100, ""n_train"": 5043, ""validation"": ""last purged expanding fold""}",decimal
2025-05-30,2025-06-06,5,10.0,0.0270770491803278,0.02693821895325522,-0.000138830227072579,PCA_XGBOOST,PCA,direct_change,"{""configurations_evaluated"": 3, ""learning_rate"": 0.05, ""max_depth"": 1, ""n_estimators"": 100, ""n_train"": 5043, ""validation"": ""last purged expanding fold""}",decimal
2025-05-30,2025-06-06,5,15.0,0.030047994592158598,0.029762819539486982,-0.0002851750526716157,PCA_XGBOOST,PCA,direct_change,"{""configurations_evaluated"": 3, ""learning_rate"": 0.05, ""max_depth"": 1, ""n_estimators"": 100, ""n_train"": 5043, ""validation"": ""last purged expanding fold""}",decimal
2025-05-30,2025-06-06,5,20.0,0.0331732762505633,0.032501575662097104,-0.0006717005884661967,PCA_XGBOOST,PCA,direct_change,"{""configurations_evaluated"": 3, ""learning_rate"": 0.05, ""max_depth"": 1, ""n_estimators"": 100, ""n_train"": 5043, ""validation"": ""last purged expanding fold""}",decimal
2025-05-30,2025-06-06,5,30.0,0.0374401870015583,0.03772745894366569,0.00028727194210739077,PCA_XGBOOST,PCA,direct_change,"{""configurations_evaluated"": 3, ""learning_rate"": 0.05, ""max_depth"": 1, ""n_estimators"": 100, ""n_train"": 5043, ""validation"": ""last purged expanding fold""}",decimal
2025-05-30,2025-06-16,10,0.25,0.021,0.020796362615477102,-0.0002036373845228992,NS_XGBOOST,NS,direct_change,"{""configurations_evaluated"": 3, ""learning_rate"": 0.05, ""max_depth"": 1, ""n_estimators"": 100, ""n_train"": 5038, ""validation"": ""last purged expanding fold""}",decimal
2025-05-30,2025-06-16,10,0.5,0.0211444444444444,0.020875910785928972,-0.00026853365851542757,NS_XGBOOST,NS,direct_change,"{""configurations_evaluated"": 3, ""learning_rate"": 0.05, ""max_depth"": 1, ""n_estimators"": 100, ""n_train"": 5038, ""validation"": ""last purged expanding fold""}",decimal
2025-05-30,2025-06-16,10,1.0,0.0214961789449699,0.02105306480024846,-0.0004431141447214376,NS_XGBOOST,NS,direct_change,"{""configurations_evaluated"": 3, ""learning_rate"": 0.05, ""max_depth"": 1, ""n_estimators"": 100, ""n_train"": 5038, ""validation"": ""last purged expanding fold""}",decimal
2025-05-30,2025-06-16,10,2.0,0.021858270676691702,0.021471054570555124,-0.00038721610613657795,NS_XGBOOST,NS,direct_change,"{""configurations_evaluated"": 3, ""learning_rate"": 0.05, ""max_depth"": 1, ""n_estimators"": 100, ""n_train"": 5038, ""validation"": ""last purged expanding fold""}",decimal
2025-05-30,2025-06-16,10,5.0,0.0242340659340659,0.0230879191229496,-0.0011461468111162998,NS_XGBOOST,NS,direct_change,"{""configurations_evaluated"": 3, ""learning_rate"": 0.05, ""max_depth"": 1, ""n_estimators"": 100, ""n_train"": 5038, ""validation"": ""last purged expanding fold""}",decimal
2025-05-30,2025-06-16,10,10.0,0.0274929742388758,0.02631501556713158,-0.0011779586717442225,NS_XGBOOST,NS,direct_change,"{""configurations_evaluated"": 3, ""learning_rate"": 0.05, ""max_depth"": 1, ""n_estimators"": 100, ""n_train"": 5038, ""validation"": ""last purged expanding fold""}",decimal
2025-05-30,2025-06-16,10,15.0,0.030235376295628603,0.029519784122670107,-0.0007155921729584958,NS_XGBOOST,NS,direct_change,"{""configurations_evaluated"": 3, ""learning_rate"": 0.05, ""max_depth"": 1, ""n_estimators"": 100, ""n_train"": 5038, ""validation"": ""last purged expanding fold""}",decimal
2025-05-30,2025-06-16,10,20.0,0.0331961694456962,0.03236929246116984,-0.0008268769845263604,NS_XGBOOST,NS,direct_change,"{""configurations_evaluated"": 3, ""learning_rate"": 0.05, ""max_depth"": 1, ""n_estimators"": 100, ""n_train"": 5038, ""validation"": ""last purged expanding fold""}",decimal
2025-05-30,2025-06-16,10,30.0,0.0374745389485273,0.03677702248802132,-0.0006975164605059828,NS_XGBOOST,NS,direct_change,"{""configurations_evaluated"": 3, ""learning_rate"": 0.05, ""max_depth"": 1, ""n_estimators"": 100, ""n_train"": 5038, ""validation"": ""last purged expanding fold""}",decimal
2025-05-30,2025-06-16,10,0.25,0.021,0.020565436079287756,-0.00043456392071224495,PCA_XGBOOST,PCA,direct_change,"{""configurations_evaluated"": 3, ""learning_rate"": 0.05, ""max_depth"": 1, ""n_estimators"": 100, ""n_train"": 5038, ""validation"": ""last purged expanding fold""}",decimal
2025-05-30,2025-06-16,10,0.5,0.0211444444444444,0.020762408033605243,-0.0003820364108391566,PCA_XGBOOST,PCA,direct_change,"{""configurations_evaluated"": 3, ""learning_rate"": 0.05, ""max_depth"": 1, ""n_estimators"": 100, ""n_train"": 5038, ""validation"": ""last purged expanding fold""}",decimal
2025-05-30,2025-06-16,10,1.0,0.0214961789449699,0.021245103502060873,-0.00025107544290902534,PCA_XGBOOST,PCA,direct_change,"{""configurations_evaluated"": 3, ""learning_rate"": 0.05, ""max_depth"": 1, ""n_estimators"": 100, ""n_train"": 5038, ""validation"": ""last purged expanding fold""}",decimal
2025-05-30,2025-06-16,10,2.0,0.021858270676691702,0.022152701827296638,0.000294431150604936,PCA_XGBOOST,PCA,direct_change,"{""configurations_evaluated"": 3, ""learning_rate"": 0.05, ""max_depth"": 1, ""n_estimators"": 100, ""n_train"": 5038, ""validation"": ""last purged expanding fold""}",decimal
2025-05-30,2025-06-16,10,5.0,0.0242340659340659,0.023852529744209622,-0.0003815361898562783,PCA_XGBOOST,PCA,direct_change,"{""configurations_evaluated"": 3, ""learning_rate"": 0.05, ""max_depth"": 1, ""n_estimators"": 100, ""n_train"": 5038, ""validation"": ""last purged expanding fold""}",decimal
2025-05-30,2025-06-16,10,10.0,0.0274929742388758,0.026760372051937827,-0.0007326021869379744,PCA_XGBOOST,PCA,direct_change,"{""configurations_evaluated"": 3, ""learning_rate"": 0.05, ""max_depth"": 1, ""n_estimators"": 100, ""n_train"": 5038, ""validation"": ""last purged expanding fold""}",decimal
2025-05-30,2025-06-16,10,15.0,0.030235376295628603,0.029576079978746672,-0.0006592963168819306,PCA_XGBOOST,PCA,direct_change,"{""configurations_evaluated"": 3, ""learning_rate"": 0.05, ""max_depth"": 1, ""n_estimators"": 100, ""n_train"": 5038, ""validation"": ""last purged expanding fold""}",decimal
2025-05-30,2025-06-16,10,20.0,0.0331961694456962,0.03233515682246268,-0.0008610126232335216,PCA_XGBOOST,PCA,direct_change,"{""configurations_evaluated"": 3, ""learning_rate"": 0.05, ""max_depth"": 1, ""n_estimators"": 100, ""n_train"": 5038, ""validation"": ""last purged expanding fold""}",decimal
2025-05-30,2025-06-16,10,30.0,0.0374745389485273,0.037627428937228244,0.00015288998870094384,PCA_XGBOOST,PCA,direct_change,"{""configurations_evaluated"": 3, ""learning_rate"": 0.05, ""max_depth"": 1, ""n_estimators"": 100, ""n_train"": 5038, ""validation"": ""last purged expanding fold""}",decimal
2025-05-30,2025-07-02,22,0.25,0.02165079,0.02060692235873541,-0.0010438676412645904,NS_XGBOOST,NS,direct_change,"{""configurations_evaluated"": 3, ""learning_rate"": 0.05, ""max_depth"": 1, ""n_estimators"": 100, ""n_train"": 5026, ""validation"": ""last purged expanding fold""}",decimal
2025-05-30,2025-07-02,22,0.5,0.02183697,0.0206795138779376,-0.0011574561220623995,NS_XGBOOST,NS,direct_change,"{""configurations_evaluated"": 3, ""learning_rate"": 0.05, ""max_depth"": 1, ""n_estimators"": 100, ""n_train"": 5026, ""validation"": ""last purged expanding fold""}",decimal
2025-05-30,2025-07-02,22,1.0,0.02197897,0.020843873777024152,-0.0011350962229758482,NS_XGBOOST,NS,direct_change,"{""configurations_evaluated"": 3, ""learning_rate"": 0.05, ""max_depth"": 1, ""n_estimators"": 100, ""n_train"": 5026, ""validation"": ""last purged expanding fold""}",decimal
2025-05-30,2025-07-02,22,2.0,0.0225962,0.02124037262175486,-0.0013558273782451405,NS_XGBOOST,NS,direct_change,"{""configurations_evaluated"": 3, ""learning_rate"": 0.05, ""max_depth"": 1, ""n_estimators"": 100, ""n_train"": 5026, ""validation"": ""last purged expanding fold""}",decimal
2025-05-30,2025-07-02,22,5.0,0.02425209,0.022818895031596655,-0.0014331949684033458,NS_XGBOOST,NS,direct_change,"{""configurations_evaluated"": 3, ""learning_rate"": 0.05, ""max_depth"": 1, ""n_estimators"": 100, ""n_train"": 5026, ""validation"": ""last purged expanding fold""}",decimal
2025-05-30,2025-07-02,22,10.0,0.027435679999999997,0.026036919909479622,-0.0013987600905203748,NS_XGBOOST,NS,direct_change,"{""configurations_evaluated"": 3, ""learning_rate"": 0.05, ""max_depth"": 1, ""n_estimators"": 100, ""n_train"": 5026, ""validation"": ""last purged expanding fold""}",decimal
2025-05-30,2025-07-02,22,15.0,0.031578550000000004,0.029265049922680645,-0.002313500077319359,NS_XGBOOST,NS,direct_change,"{""configurations_evaluated"": 3, ""learning_rate"": 0.05, ""max_depth"": 1, ""n_estimators"": 100, ""n_train"": 5026, ""validation"": ""last purged expanding fold""}",decimal
2025-05-30,2025-07-02,22,20.0,0.03355349,0.03214872307421059,-0.0014047669257894052,NS_XGBOOST,NS,direct_change,"{""configurations_evaluated"": 3, ""learning_rate"": 0.05, ""max_depth"": 1, ""n_estimators"": 100, ""n_train"": 5026, ""validation"": ""last purged expanding fold""}",decimal
2025-05-30,2025-07-02,22,30.0,0.03758164,0.0366239886405336,-0.000957651359466398,NS_XGBOOST,NS,direct_change,"{""configurations_evaluated"": 3, ""learning_rate"": 0.05, ""max_depth"": 1, ""n_estimators"": 100, ""n_train"": 5026, ""validation"": ""last purged expanding fold""}",decimal
2025-05-30,2025-07-02,22,0.25,0.02165079,0.020414471793968606,-0.0012363182060313935,PCA_XGBOOST,PCA,direct_change,"{""configurations_evaluated"": 3, ""learning_rate"": 0.05, ""max_depth"": 1, ""n_estimators"": 100, ""n_train"": 5026, ""validation"": ""last purged expanding fold""}",decimal
2025-05-30,2025-07-02,22,0.5,0.02183697,0.020602815239668927,-0.0012341547603310736,PCA_XGBOOST,PCA,direct_change,"{""configurations_evaluated"": 3, ""learning_rate"": 0.05, ""max_depth"": 1, ""n_estimators"": 100, ""n_train"": 5026, ""validation"": ""last purged expanding fold""}",decimal
2025-05-30,2025-07-02,22,1.0,0.02197897,0.02107065372724052,-0.000908316272759481,PCA_XGBOOST,PCA,direct_change,"{""configurations_evaluated"": 3, ""learning_rate"": 0.05, ""max_depth"": 1, ""n_estimators"": 100, ""n_train"": 5026, ""validation"": ""last purged expanding fold""}",decimal
2025-05-30,2025-07-02,22,2.0,0.0225962,0.02195651506704815,-0.0006396849329518492,PCA_XGBOOST,PCA,direct_change,"{""configurations_evaluated"": 3, ""learning_rate"": 0.05, ""max_depth"": 1, ""n_estimators"": 100, ""n_train"": 5026, ""validation"": ""last purged expanding fold""}",decimal
2025-05-30,2025-07-02,22,5.0,0.02425209,0.023612280918373876,-0.0006398090816261241,PCA_XGBOOST,PCA,direct_change,"{""configurations_evaluated"": 3, ""learning_rate"": 0.05, ""max_depth"": 1, ""n_estimators"": 100, ""n_train"": 5026, ""validation"": ""last purged expanding fold""}",decimal
2025-05-30,2025-07-02,22,10.0,0.027435679999999997,0.026482725779550492,-0.0009529542204495048,PCA_XGBOOST,PCA,direct_change,"{""configurations_evaluated"": 3, ""learning_rate"": 0.05, ""max_depth"": 1, ""n_estimators"": 100, ""n_train"": 5026, ""validation"": ""last purged expanding fold""}",decimal
2025-05-30,2025-07-02,22,15.0,0.031578550000000004,0.029277589403020617,-0.0023009605969793873,PCA_XGBOOST,PCA,direct_change,"{""configurations_evaluated"": 3, ""learning_rate"": 0.05, ""max_depth"": 1, ""n_estimators"": 100, ""n_train"": 5026, ""validation"": ""last purged expanding fold""}",decimal
2025-05-30,2025-07-02,22,20.0,0.03355349,0.032033364310181146,-0.001520125689818852,PCA_XGBOOST,PCA,direct_change,"{""configurations_evaluated"": 3, ""learning_rate"": 0.05, ""max_depth"": 1, ""n_estimators"": 100, ""n_train"": 5026, ""validation"": ""last purged expanding fold""}",decimal
2025-05-30,2025-07-02,22,30.0,0.03758164,0.037394183336567445,-0.00018745666343255446,PCA_XGBOOST,PCA,direct_change,"{""configurations_evaluated"": 3, ""learning_rate"": 0.05, ""max_depth"": 1, ""n_estimators"": 100, ""n_train"": 5026, ""validation"": ""last purged expanding fold""}",decimal
2025-06-30,2025-07-07,5,0.25,0.02146667,0.02208279009821329,0.0006161200982132894,NS_XGBOOST,NS,direct_change,"{""configurations_evaluated"": 3, ""learning_rate"": 0.05, ""max_depth"": 1, ""n_estimators"": 100, ""n_train"": 5063, ""validation"": ""last purged expanding fold""}",decimal
2025-06-30,2025-07-07,5,0.5,0.021641180000000003,0.022195564517841826,0.000554384517841823,NS_XGBOOST,NS,direct_change,"{""configurations_evaluated"": 3, ""learning_rate"": 0.05, ""max_depth"": 1, ""n_estimators"": 100, ""n_train"": 5063, ""validation"": ""last purged expanding fold""}",decimal
2025-06-30,2025-07-07,5,1.0,0.02178149,0.02243325494561282,0.0006517649456128198,NS_XGBOOST,NS,direct_change,"{""configurations_evaluated"": 3, ""learning_rate"": 0.05, ""max_depth"": 1, ""n_estimators"": 100, ""n_train"": 5063, ""validation"": ""last purged expanding fold""}",decimal
2025-06-30,2025-07-07,5,2.0,0.02228208,0.02295070384635161,0.0006686238463516105,NS_XGBOOST,NS,direct_change,"{""configurations_evaluated"": 3, ""learning_rate"": 0.05, ""max_depth"": 1, ""n_estimators"": 100, ""n_train"": 5063, ""validation"": ""last purged expanding fold""}",decimal
2025-06-30,2025-07-07,5,5.0,0.024036810000000002,0.024728903670402626,0.0006920936704026236,NS_XGBOOST,NS,direct_change,"{""configurations_evaluated"": 3, ""learning_rate"": 0.05, ""max_depth"": 1, ""n_estimators"": 100, ""n_train"": 5063, ""validation"": ""last purged expanding fold""}",decimal
2025-06-30,2025-07-07,5,10.0,0.027540779999999997,0.0279415640404494,0.000400784040449402,NS_XGBOOST,NS,direct_change,"{""configurations_evaluated"": 3, ""learning_rate"": 0.05, ""max_depth"": 1, ""n_estimators"": 100, ""n_train"": 5063, ""validation"": ""last purged expanding fold""}",decimal
2025-06-30,2025-07-07,5,15.0,0.03116395,0.030970544543987854,-0.00019340545601214537,NS_XGBOOST,NS,direct_change,"{""configurations_evaluated"": 3, ""learning_rate"": 0.05, ""max_depth"": 1, ""n_estimators"": 100, ""n_train"": 5063, ""validation"": ""last purged expanding fold""}",decimal
2025-06-30,2025-07-07,5,20.0,0.03355034,0.03359695154981801,4.661154981801252e-05,NS_XGBOOST,NS,direct_change,"{""configurations_evaluated"": 3, ""learning_rate"": 0.05, ""max_depth"": 1, ""n_estimators"": 100, ""n_train"": 5063, ""validation"": ""last purged expanding fold""}",decimal
2025-06-30,2025-07-07,5,30.0,0.03758716,0.037586320618795147,-8.393812048548832e-07,NS_XGBOOST,NS,direct_change,"{""configurations_evaluated"": 3, ""learning_rate"": 0.05, ""max_depth"": 1, ""n_estimators"": 100, ""n_train"": 5063, ""validation"": ""last purged expanding fold""}",decimal
2025-06-30,2025-07-07,5,0.25,0.02146667,0.021660447838555804,0.0001937778385558038,PCA_XGBOOST,PCA,direct_change,"{""configurations_evaluated"": 3, ""learning_rate"": 0.05, ""max_depth"": 1, ""n_estimators"": 100, ""n_train"": 5063, ""validation"": ""last purged expanding fold""}",decimal
2025-06-30,2025-07-07,5,0.5,0.021641180000000003,0.021921971100719202,0.0002807911007191993,PCA_XGBOOST,PCA,direct_change,"{""configurations_evaluated"": 3, ""learning_rate"": 0.05, ""max_depth"": 1, ""n_estimators"": 100, ""n_train"": 5063, ""validation"": ""last purged expanding fold""}",decimal
2025-06-30,2025-07-07,5,1.0,0.02178149,0.022477097117832127,0.0006956071178321269,PCA_XGBOOST,PCA,direct_change,"{""configurations_evaluated"": 3, ""learning_rate"": 0.05, ""max_depth"": 1, ""n_estimators"": 100, ""n_train"": 5063, ""validation"": ""last purged expanding fold""}",decimal
2025-06-30,2025-07-07,5,2.0,0.02228208,0.02348611998460217,0.0012040399846021711,PCA_XGBOOST,PCA,direct_change,"{""configurations_evaluated"": 3, ""learning_rate"": 0.05, ""max_depth"": 1, ""n_estimators"": 100, ""n_train"": 5063, ""validation"": ""last purged expanding fold""}",decimal
2025-06-30,2025-07-07,5,5.0,0.024036810000000002,0.025241822161355624,0.0012050121613556217,PCA_XGBOOST,PCA,direct_change,"{""configurations_evaluated"": 3, ""learning_rate"": 0.05, ""max_depth"": 1, ""n_estimators"": 100, ""n_train"": 5063, ""validation"": ""last purged expanding fold""}",decimal
2025-06-30,2025-07-07,5,10.0,0.027540779999999997,0.028149971136713917,0.0006091911367139199,PCA_XGBOOST,PCA,direct_change,"{""configurations_evaluated"": 3, ""learning_rate"": 0.05, ""max_depth"": 1, ""n_estimators"": 100, ""n_train"": 5063, ""validation"": ""last purged expanding fold""}",decimal
2025-06-30,2025-07-07,5,15.0,0.03116395,0.03087889107015617,-0.00028505892984382816,PCA_XGBOOST,PCA,direct_change,"{""configurations_evaluated"": 3, ""learning_rate"": 0.05, ""max_depth"": 1, ""n_estimators"": 100, ""n_train"": 5063, ""validation"": ""last purged expanding fold""}",decimal
2025-06-30,2025-07-07,5,20.0,0.03355034,0.03320728443531259,-0.0003430555646874098,PCA_XGBOOST,PCA,direct_change,"{""configurations_evaluated"": 3, ""learning_rate"": 0.05, ""max_depth"": 1, ""n_estimators"": 100, ""n_train"": 5063, ""validation"": ""last purged expanding fold""}",decimal
2025-06-30,2025-07-07,5,30.0,0.03758716,0.03786904237602941,0.0002818823760294062,PCA_XGBOOST,PCA,direct_change,"{""configurations_evaluated"": 3, ""learning_rate"": 0.05, ""max_depth"": 1, ""n_estimators"": 100, ""n_train"": 5063, ""validation"": ""last purged expanding fold""}",decimal
2025-06-30,2025-07-14,10,0.25,0.02148889,0.02201903452612068,0.0005301445261206815,NS_XGBOOST,NS,direct_change,"{""configurations_evaluated"": 3, ""learning_rate"": 0.05, ""max_depth"": 1, ""n_estimators"": 100, ""n_train"": 5058, ""validation"": ""last purged expanding fold""}",decimal
2025-06-30,2025-07-14,10,0.5,0.02164706,0.022124165219529746,0.00047710521952974705,NS_XGBOOST,NS,direct_change,"{""configurations_evaluated"": 3, ""learning_rate"": 0.05, ""max_depth"": 1, ""n_estimators"": 100, ""n_train"": 5058, ""validation"": ""last purged expanding fold""}",decimal
2025-06-30,2025-07-14,10,1.0,0.02175202,0.02234759963159681,0.0005955796315968084,NS_XGBOOST,NS,direct_change,"{""configurations_evaluated"": 3, ""learning_rate"": 0.05, ""max_depth"": 1, ""n_estimators"": 100, ""n_train"": 5058, ""validation"": ""last purged expanding fold""}",decimal
2025-06-30,2025-07-14,10,2.0,0.02220399,0.022840328149421028,0.0006363381494210278,NS_XGBOOST,NS,direct_change,"{""configurations_evaluated"": 3, ""learning_rate"": 0.05, ""max_depth"": 1, ""n_estimators"": 100, ""n_train"": 5058, ""validation"": ""last purged expanding fold""}",decimal
2025-06-30,2025-07-14,10,5.0,0.0239989,0.024568825980295427,0.0005699259802954271,NS_XGBOOST,NS,direct_change,"{""configurations_evaluated"": 3, ""learning_rate"": 0.05, ""max_depth"": 1, ""n_estimators"": 100, ""n_train"": 5058, ""validation"": ""last purged expanding fold""}",decimal
2025-06-30,2025-07-14,10,10.0,0.02725406,0.027751447026373294,0.0004973870263732943,NS_XGBOOST,NS,direct_change,"{""configurations_evaluated"": 3, ""learning_rate"": 0.05, ""max_depth"": 1, ""n_estimators"": 100, ""n_train"": 5058, ""validation"": ""last purged expanding fold""}",decimal
2025-06-30,2025-07-14,10,15.0,0.03080572,0.030783784657083407,-2.193534291659513e-05,NS_XGBOOST,NS,direct_change,"{""configurations_evaluated"": 3, ""learning_rate"": 0.05, ""max_depth"": 1, ""n_estimators"": 100, ""n_train"": 5058, ""validation"": ""last purged expanding fold""}",decimal
2025-06-30,2025-07-14,10,20.0,0.03335669,0.03342690828846327,7.0218288463271e-05,NS_XGBOOST,NS,direct_change,"{""configurations_evaluated"": 3, ""learning_rate"": 0.05, ""max_depth"": 1, ""n_estimators"": 100, ""n_train"": 5058, ""validation"": ""last purged expanding fold""}",decimal
2025-06-30,2025-07-14,10,30.0,0.03739488,0.03745719469369815,6.231469369814835e-05,NS_XGBOOST,NS,direct_change,"{""configurations_evaluated"": 3, ""learning_rate"": 0.05, ""max_depth"": 1, ""n_estimators"": 100, ""n_train"": 5058, ""validation"": ""last purged expanding fold""}",decimal
2025-06-30,2025-07-14,10,0.25,0.02148889,0.02164202303821125,0.00015313303821124988,PCA_XGBOOST,PCA,direct_change,"{""configurations_evaluated"": 3, ""learning_rate"": 0.05, ""max_depth"": 1, ""n_estimators"": 100, ""n_train"": 5058, ""validation"": ""last purged expanding fold""}",decimal
2025-06-30,2025-07-14,10,0.5,0.02164706,0.021899328470437872,0.0002522684704378726,PCA_XGBOOST,PCA,direct_change,"{""configurations_evaluated"": 3, ""learning_rate"": 0.05, ""max_depth"": 1, ""n_estimators"": 100, ""n_train"": 5058, ""validation"": ""last purged expanding fold""}",decimal
2025-06-30,2025-07-14,10,1.0,0.02175202,0.02244710042125995,0.0006950804212599512,PCA_XGBOOST,PCA,direct_change,"{""configurations_evaluated"": 3, ""learning_rate"": 0.05, ""max_depth"": 1, ""n_estimators"": 100, ""n_train"": 5058, ""validation"": ""last purged expanding fold""}",decimal
2025-06-30,2025-07-14,10,2.0,0.02220399,0.023444795984429563,0.0012408059844295632,PCA_XGBOOST,PCA,direct_change,"{""configurations_evaluated"": 3, ""learning_rate"": 0.05, ""max_depth"": 1, ""n_estimators"": 100, ""n_train"": 5058, ""validation"": ""last purged expanding fold""}",decimal
2025-06-30,2025-07-14,10,5.0,0.0239989,0.02518014906714284,0.0011812490671428387,PCA_XGBOOST,PCA,direct_change,"{""configurations_evaluated"": 3, ""learning_rate"": 0.05, ""max_depth"": 1, ""n_estimators"": 100, ""n_train"": 5058, ""validation"": ""last purged expanding fold""}",decimal
2025-06-30,2025-07-14,10,10.0,0.02725406,0.02807055017317036,0.0008164901731703596,PCA_XGBOOST,PCA,direct_change,"{""configurations_evaluated"": 3, ""learning_rate"": 0.05, ""max_depth"": 1, ""n_estimators"": 100, ""n_train"": 5058, ""validation"": ""last purged expanding fold""}",decimal
2025-06-30,2025-07-14,10,15.0,0.03080572,0.030790972193201847,-1.4747806798155044e-05,PCA_XGBOOST,PCA,direct_change,"{""configurations_evaluated"": 3, ""learning_rate"": 0.05, ""max_depth"": 1, ""n_estimators"": 100, ""n_train"": 5058, ""validation"": ""last purged expanding fold""}",decimal
2025-06-30,2025-07-14,10,20.0,0.03335669,0.03312485880831745,-0.00023183119168255356,PCA_XGBOOST,PCA,direct_change,"{""configurations_evaluated"": 3, ""learning_rate"": 0.05, ""max_depth"": 1, ""n_estimators"": 100, ""n_train"": 5058, ""validation"": ""last purged expanding fold""}",decimal
2025-06-30,2025-07-14,10,30.0,0.03739488,0.03781883774061572,0.0004239577406157241,PCA_XGBOOST,PCA,direct_change,"{""configurations_evaluated"": 3, ""learning_rate"": 0.05, ""max_depth"": 1, ""n_estimators"": 100, ""n_train"": 5058, ""validation"": ""last purged expanding fold""}",decimal
2025-06-30,2025-07-30,22,0.25,0.02160476,0.021848272630998172,0.00024351263099817166,NS_XGBOOST,NS,direct_change,"{""configurations_evaluated"": 3, ""learning_rate"": 0.05, ""max_depth"": 1, ""n_estimators"": 100, ""n_train"": 5046, ""validation"": ""last purged expanding fold""}",decimal
2025-06-30,2025-07-30,22,0.5,0.021819330000000005,0.02194497287394741,0.00012564287394740623,NS_XGBOOST,NS,direct_change,"{""configurations_evaluated"": 3, ""learning_rate"": 0.05, ""max_depth"": 1, ""n_estimators"": 100, ""n_train"": 5046, ""validation"": ""last purged expanding fold""}",decimal
2025-06-30,2025-07-30,22,1.0,0.02191779,0.022152613527593023,0.0002348235275930234,NS_XGBOOST,NS,direct_change,"{""configurations_evaluated"": 3, ""learning_rate"": 0.05, ""max_depth"": 1, ""n_estimators"": 100, ""n_train"": 5046, ""validation"": ""last purged expanding fold""}",decimal
2025-06-30,2025-07-30,22,2.0,0.02230515,0.022617684040892334,0.0003125340408923344,NS_XGBOOST,NS,direct_change,"{""configurations_evaluated"": 3, ""learning_rate"": 0.05, ""max_depth"": 1, ""n_estimators"": 100, ""n_train"": 5046, ""validation"": ""last purged expanding fold""}",decimal
2025-06-30,2025-07-30,22,5.0,0.02397308,0.02428867356409566,0.0003155935640956585,NS_XGBOOST,NS,direct_change,"{""configurations_evaluated"": 3, ""learning_rate"": 0.05, ""max_depth"": 1, ""n_estimators"": 100, ""n_train"": 5046, ""validation"": ""last purged expanding fold""}",decimal
2025-06-30,2025-07-30,22,10.0,0.02727975,0.02743103174410405,0.00015128174410405232,NS_XGBOOST,NS,direct_change,"{""configurations_evaluated"": 3, ""learning_rate"": 0.05, ""max_depth"": 1, ""n_estimators"": 100, ""n_train"": 5046, ""validation"": ""last purged expanding fold""}",decimal
2025-06-30,2025-07-30,22,15.0,0.030660660000000003,0.030459144423034535,-0.0002015155769654678,NS_XGBOOST,NS,direct_change,"{""configurations_evaluated"": 3, ""learning_rate"": 0.05, ""max_depth"": 1, ""n_estimators"": 100, ""n_train"": 5046, ""validation"": ""last purged expanding fold""}",decimal
2025-06-30,2025-07-30,22,20.0,0.03337621,0.03311330672967354,-0.00026290327032646443,NS_XGBOOST,NS,direct_change,"{""configurations_evaluated"": 3, ""learning_rate"": 0.05, ""max_depth"": 1, ""n_estimators"": 100, ""n_train"": 5046, ""validation"": ""last purged expanding fold""}",decimal
2025-06-30,2025-07-30,22,30.0,0.03741143,0.037176894071185754,-0.00023453592881424873,NS_XGBOOST,NS,direct_change,"{""configurations_evaluated"": 3, ""learning_rate"": 0.05, ""max_depth"": 1, ""n_estimators"": 100, ""n_train"": 5046, ""validation"": ""last purged expanding fold""}",decimal
2025-06-30,2025-07-30,22,0.25,0.02160476,0.02142646268085387,-0.00017829731914613053,PCA_XGBOOST,PCA,direct_change,"{""configurations_evaluated"": 3, ""learning_rate"": 0.05, ""max_depth"": 1, ""n_estimators"": 100, ""n_train"": 5046, ""validation"": ""last purged expanding fold""}",decimal
2025-06-30,2025-07-30,22,0.5,0.021819330000000005,0.021674283785298783,-0.00014504621470122145,PCA_XGBOOST,PCA,direct_change,"{""configurations_evaluated"": 3, ""learning_rate"": 0.05, ""max_depth"": 1, ""n_estimators"": 100, ""n_train"": 5046, ""validation"": ""last purged expanding fold""}",decimal
2025-06-30,2025-07-30,22,1.0,0.02191779,0.022206200822140896,0.0002884108221408964,PCA_XGBOOST,PCA,direct_change,"{""configurations_evaluated"": 3, ""learning_rate"": 0.05, ""max_depth"": 1, ""n_estimators"": 100, ""n_train"": 5046, ""validation"": ""last purged expanding fold""}",decimal
2025-06-30,2025-07-30,22,2.0,0.02230515,0.023181107498565404,0.0008759574985654044,PCA_XGBOOST,PCA,direct_change,"{""configurations_evaluated"": 3, ""learning_rate"": 0.05, ""max_depth"": 1, ""n_estimators"": 100, ""n_train"": 5046, ""validation"": ""last purged expanding fold""}",decimal
2025-06-30,2025-07-30,22,5.0,0.02397308,0.024872234228529026,0.0008991542285290248,PCA_XGBOOST,PCA,direct_change,"{""configurations_evaluated"": 3, ""learning_rate"": 0.05, ""max_depth"": 1, ""n_estimators"": 100, ""n_train"": 5046, ""validation"": ""last purged expanding fold""}",decimal
2025-06-30,2025-07-30,22,10.0,0.02727975,0.027726322071193188,0.0004465720711931895,PCA_XGBOOST,PCA,direct_change,"{""configurations_evaluated"": 3, ""learning_rate"": 0.05, ""max_depth"": 1, ""n_estimators"": 100, ""n_train"": 5046, ""validation"": ""last purged expanding fold""}",decimal
2025-06-30,2025-07-30,22,15.0,0.030660660000000003,0.030427204890567973,-0.00023345510943202988,PCA_XGBOOST,PCA,direct_change,"{""configurations_evaluated"": 3, ""learning_rate"": 0.05, ""max_depth"": 1, ""n_estimators"": 100, ""n_train"": 5046, ""validation"": ""last purged expanding fold""}",decimal
2025-06-30,2025-07-30,22,20.0,0.03337621,0.03276105656265235,-0.0006151534373476514,PCA_XGBOOST,PCA,direct_change,"{""configurations_evaluated"": 3, ""learning_rate"": 0.05, ""max_depth"": 1, ""n_estimators"": 100, ""n_train"": 5046, ""validation"": ""last purged expanding fold""}",decimal
2025-06-30,2025-07-30,22,30.0,0.03741143,0.03753505676267063,0.00012362676267062972,PCA_XGBOOST,PCA,direct_change,"{""configurations_evaluated"": 3, ""learning_rate"": 0.05, ""max_depth"": 1, ""n_estimators"": 100, ""n_train"": 5046, ""validation"": ""last purged expanding fold""}",decimal
2025-07-31,2025-08-07,5,0.25,0.02164762,0.020627388085909186,-0.0010202319140908134,NS_XGBOOST,NS,direct_change,"{""configurations_evaluated"": 3, ""learning_rate"": 0.05, ""max_depth"": 1, ""n_estimators"": 100, ""n_train"": 5086, ""validation"": ""last purged expanding fold""}",decimal
2025-07-31,2025-08-07,5,0.5,0.02183445,0.020761992843816968,-0.0010724571561830307,NS_XGBOOST,NS,direct_change,"{""configurations_evaluated"": 3, ""learning_rate"": 0.05, ""max_depth"": 1, ""n_estimators"": 100, ""n_train"": 5086, ""validation"": ""last purged expanding fold""}",decimal
2025-07-31,2025-08-07,5,1.0,0.02191662,0.021041825688427628,-0.0008747943115723737,NS_XGBOOST,NS,direct_change,"{""configurations_evaluated"": 3, ""learning_rate"": 0.05, ""max_depth"": 1, ""n_estimators"": 100, ""n_train"": 5086, ""validation"": ""last purged expanding fold""}",decimal
2025-07-31,2025-08-07,5,2.0,0.02231872,0.02163784431586819,-0.0006808756841318112,NS_XGBOOST,NS,direct_change,"{""configurations_evaluated"": 3, ""learning_rate"": 0.05, ""max_depth"": 1, ""n_estimators"": 100, ""n_train"": 5086, ""validation"": ""last purged expanding fold""}",decimal
2025-07-31,2025-08-07,5,5.0,0.02398791,0.023612511295652158,-0.00037539870434784295,NS_XGBOOST,NS,direct_change,"{""configurations_evaluated"": 3, ""learning_rate"": 0.05, ""max_depth"": 1, ""n_estimators"": 100, ""n_train"": 5086, ""validation"": ""last purged expanding fold""}",decimal
2025-07-31,2025-08-07,5,10.0,0.0272939,0.02705546377117649,-0.00023843622882351034,NS_XGBOOST,NS,direct_change,"{""configurations_evaluated"": 3, ""learning_rate"": 0.05, ""max_depth"": 1, ""n_estimators"": 100, ""n_train"": 5086, ""validation"": ""last purged expanding fold""}",decimal
2025-07-31,2025-08-07,5,15.0,0.03057404,0.030235481640652487,-0.00033855835934751277,NS_XGBOOST,NS,direct_change,"{""configurations_evaluated"": 3, ""learning_rate"": 0.05, ""max_depth"": 1, ""n_estimators"": 100, ""n_train"": 5086, ""validation"": ""last purged expanding fold""}",decimal
2025-07-31,2025-08-07,5,20.0,0.03328959,0.03296405090670219,-0.0003255390932978136,NS_XGBOOST,NS,direct_change,"{""configurations_evaluated"": 3, ""learning_rate"": 0.05, ""max_depth"": 1, ""n_estimators"": 100, ""n_train"": 5086, ""validation"": ""last purged expanding fold""}",decimal
2025-07-31,2025-08-07,5,30.0,0.03742447,0.03707620948946908,-0.00034826051053091917,NS_XGBOOST,NS,direct_change,"{""configurations_evaluated"": 3, ""learning_rate"": 0.05, ""max_depth"": 1, ""n_estimators"": 100, ""n_train"": 5086, ""validation"": ""last purged expanding fold""}",decimal
2025-07-31,2025-08-07,5,0.25,0.02164762,0.020121179401321534,-0.0015264405986784649,PCA_XGBOOST,PCA,direct_change,"{""configurations_evaluated"": 3, ""learning_rate"": 0.05, ""max_depth"": 1, ""n_estimators"": 100, ""n_train"": 5086, ""validation"": ""last purged expanding fold""}",decimal
2025-07-31,2025-08-07,5,0.5,0.02183445,0.020391286849243413,-0.001443163150756585,PCA_XGBOOST,PCA,direct_change,"{""configurations_evaluated"": 3, ""learning_rate"": 0.05, ""max_depth"": 1, ""n_estimators"": 100, ""n_train"": 5086, ""validation"": ""last purged expanding fold""}",decimal
2025-07-31,2025-08-07,5,1.0,0.02191662,0.020991757572078468,-0.0009248624279215335,PCA_XGBOOST,PCA,direct_change,"{""configurations_evaluated"": 3, ""learning_rate"": 0.05, ""max_depth"": 1, ""n_estimators"": 100, ""n_train"": 5086, ""validation"": ""last purged expanding fold""}",decimal
2025-07-31,2025-08-07,5,2.0,0.02231872,0.022086375965334457,-0.00023234403466554365,PCA_XGBOOST,PCA,direct_change,"{""configurations_evaluated"": 3, ""learning_rate"": 0.05, ""max_depth"": 1, ""n_estimators"": 100, ""n_train"": 5086, ""validation"": ""last purged expanding fold""}",decimal
2025-07-31,2025-08-07,5,5.0,0.02398791,0.024127390724025397,0.00013948072402539605,PCA_XGBOOST,PCA,direct_change,"{""configurations_evaluated"": 3, ""learning_rate"": 0.05, ""max_depth"": 1, ""n_estimators"": 100, ""n_train"": 5086, ""validation"": ""last purged expanding fold""}",decimal
2025-07-31,2025-08-07,5,10.0,0.0272939,0.027340851128688975,4.695112868897608e-05,PCA_XGBOOST,PCA,direct_change,"{""configurations_evaluated"": 3, ""learning_rate"": 0.05, ""max_depth"": 1, ""n_estimators"": 100, ""n_train"": 5086, ""validation"": ""last purged expanding fold""}",decimal
2025-07-31,2025-08-07,5,15.0,0.03057404,0.030295340488862392,-0.00027869951113760824,PCA_XGBOOST,PCA,direct_change,"{""configurations_evaluated"": 3, ""learning_rate"": 0.05, ""max_depth"": 1, ""n_estimators"": 100, ""n_train"": 5086, ""validation"": ""last purged expanding fold""}",decimal
2025-07-31,2025-08-07,5,20.0,0.03328959,0.03288232592340772,-0.0004072640765922786,PCA_XGBOOST,PCA,direct_change,"{""configurations_evaluated"": 3, ""learning_rate"": 0.05, ""max_depth"": 1, ""n_estimators"": 100, ""n_train"": 5086, ""validation"": ""last purged expanding fold""}",decimal
2025-07-31,2025-08-07,5,30.0,0.03742447,0.03763886031591619,0.00021439031591619084,PCA_XGBOOST,PCA,direct_change,"{""configurations_evaluated"": 3, ""learning_rate"": 0.05, ""max_depth"": 1, ""n_estimators"": 100, ""n_train"": 5086, ""validation"": ""last purged expanding fold""}",decimal
2025-07-31,2025-08-14,10,0.25,0.02176825,0.020471159318389234,-0.001297090681610765,NS_XGBOOST,NS,direct_change,"{""configurations_evaluated"": 3, ""learning_rate"": 0.05, ""max_depth"": 1, ""n_estimators"": 100, ""n_train"": 5081, ""validation"": ""last purged expanding fold""}",decimal
2025-07-31,2025-08-14,10,0.5,0.02201681,0.02059808372900637,-0.0014187262709936324,NS_XGBOOST,NS,direct_change,"{""configurations_evaluated"": 3, ""learning_rate"": 0.05, ""max_depth"": 1, ""n_estimators"": 100, ""n_train"": 5081, ""validation"": ""last purged expanding fold""}",decimal
2025-07-31,2025-08-14,10,1.0,0.02207443,0.020863630008972095,-0.001210799991027904,NS_XGBOOST,NS,direct_change,"{""configurations_evaluated"": 3, ""learning_rate"": 0.05, ""max_depth"": 1, ""n_estimators"": 100, ""n_train"": 5081, ""validation"": ""last purged expanding fold""}",decimal
2025-07-31,2025-08-14,10,2.0,0.02241437,0.021435020559486366,-0.0009793494405136334,NS_XGBOOST,NS,direct_change,"{""configurations_evaluated"": 3, ""learning_rate"": 0.05, ""max_depth"": 1, ""n_estimators"": 100, ""n_train"": 5081, ""validation"": ""last purged expanding fold""}",decimal
2025-07-31,2025-08-14,10,5.0,0.02400056,0.023361189231632096,-0.0006393707683679042,NS_XGBOOST,NS,direct_change,"{""configurations_evaluated"": 3, ""learning_rate"": 0.05, ""max_depth"": 1, ""n_estimators"": 100, ""n_train"": 5081, ""validation"": ""last purged expanding fold""}",decimal
2025-07-31,2025-08-14,10,10.0,0.027305950000000002,0.02677777990269411,-0.0005281700973058939,NS_XGBOOST,NS,direct_change,"{""configurations_evaluated"": 3, ""learning_rate"": 0.05, ""max_depth"": 1, ""n_estimators"": 100, ""n_train"": 5081, ""validation"": ""last purged expanding fold""}",decimal
2025-07-31,2025-08-14,10,15.0,0.030746129999999997,0.029965418858079153,-0.000780711141920843,NS_XGBOOST,NS,direct_change,"{""configurations_evaluated"": 3, ""learning_rate"": 0.05, ""max_depth"": 1, ""n_estimators"": 100, ""n_train"": 5081, ""validation"": ""last purged expanding fold""}",decimal
2025-07-31,2025-08-14,10,20.0,0.0332986,0.03271474919735278,-0.0005838508026472164,NS_XGBOOST,NS,direct_change,"{""configurations_evaluated"": 3, ""learning_rate"": 0.05, ""max_depth"": 1, ""n_estimators"": 100, ""n_train"": 5081, ""validation"": ""last purged expanding fold""}",decimal
2025-07-31,2025-08-14,10,30.0,0.03743126,0.036874358868522,-0.0005569011314780006,NS_XGBOOST,NS,direct_change,"{""configurations_evaluated"": 3, ""learning_rate"": 0.05, ""max_depth"": 1, ""n_estimators"": 100, ""n_train"": 5081, ""validation"": ""last purged expanding fold""}",decimal
2025-07-31,2025-08-14,10,0.25,0.02176825,0.020094248286175145,-0.0016740017138248547,PCA_XGBOOST,PCA,direct_change,"{""configurations_evaluated"": 3, ""learning_rate"": 0.05, ""max_depth"": 1, ""n_estimators"": 100, ""n_train"": 5081, ""validation"": ""last purged expanding fold""}",decimal
2025-07-31,2025-08-14,10,0.5,0.02201681,0.02035942529864765,-0.0016573847013523525,PCA_XGBOOST,PCA,direct_change,"{""configurations_evaluated"": 3, ""learning_rate"": 0.05, ""max_depth"": 1, ""n_estimators"": 100, ""n_train"": 5081, ""validation"": ""last purged expanding fold""}",decimal
2025-07-31,2025-08-14,10,1.0,0.02207443,0.020951582025623073,-0.001122847974376926,PCA_XGBOOST,PCA,direct_change,"{""configurations_evaluated"": 3, ""learning_rate"": 0.05, ""max_depth"": 1, ""n_estimators"": 100, ""n_train"": 5081, ""validation"": ""last purged expanding fold""}",decimal
2025-07-31,2025-08-14,10,2.0,0.02241437,0.022033444428607475,-0.0003809255713925243,PCA_XGBOOST,PCA,direct_change,"{""configurations_evaluated"": 3, ""learning_rate"": 0.05, ""max_depth"": 1, ""n_estimators"": 100, ""n_train"": 5081, ""validation"": ""last purged expanding fold""}",decimal
2025-07-31,2025-08-14,10,5.0,0.02400056,0.024053118930805518,5.255893080551716e-05,PCA_XGBOOST,PCA,direct_change,"{""configurations_evaluated"": 3, ""learning_rate"": 0.05, ""max_depth"": 1, ""n_estimators"": 100, ""n_train"": 5081, ""validation"": ""last purged expanding fold""}",decimal
2025-07-31,2025-08-14,10,10.0,0.027305950000000002,0.027248396798887308,-5.7553201112694324e-05,PCA_XGBOOST,PCA,direct_change,"{""configurations_evaluated"": 3, ""learning_rate"": 0.05, ""max_depth"": 1, ""n_estimators"": 100, ""n_train"": 5081, ""validation"": ""last purged expanding fold""}",decimal
2025-07-31,2025-08-14,10,15.0,0.030746129999999997,0.03019513246705033,-0.000550997532949668,PCA_XGBOOST,PCA,direct_change,"{""configurations_evaluated"": 3, ""learning_rate"": 0.05, ""max_depth"": 1, ""n_estimators"": 100, ""n_train"": 5081, ""validation"": ""last purged expanding fold""}",decimal
2025-07-31,2025-08-14,10,20.0,0.0332986,0.03279224713707401,-0.0005063528629259892,PCA_XGBOOST,PCA,direct_change,"{""configurations_evaluated"": 3, ""learning_rate"": 0.05, ""max_depth"": 1, ""n_estimators"": 100, ""n_train"": 5081, ""validation"": ""last purged expanding fold""}",decimal
2025-07-31,2025-08-14,10,30.0,0.03743126,0.03758778754251264,0.0001565275425126425,PCA_XGBOOST,PCA,direct_change,"{""configurations_evaluated"": 3, ""learning_rate"": 0.05, ""max_depth"": 1, ""n_estimators"": 100, ""n_train"": 5081, ""validation"": ""last purged expanding fold""}",decimal
2025-07-31,2025-09-01,22,0.25,0.02182222,0.020359133139344336,-0.0014630868606556637,NS_XGBOOST,NS,direct_change,"{""configurations_evaluated"": 3, ""learning_rate"": 0.05, ""max_depth"": 1, ""n_estimators"": 100, ""n_train"": 5069, ""validation"": ""last purged expanding fold""}",decimal
2025-07-31,2025-09-01,22,0.5,0.021974999999999998,0.020490480585858877,-0.0014845194141411208,NS_XGBOOST,NS,direct_change,"{""configurations_evaluated"": 3, ""learning_rate"": 0.05, ""max_depth"": 1, ""n_estimators"": 100, ""n_train"": 5069, ""validation"": ""last purged expanding fold""}",decimal
2025-07-31,2025-09-01,22,1.0,0.021965410000000005,0.020764373271756693,-0.001201036728243312,NS_XGBOOST,NS,direct_change,"{""configurations_evaluated"": 3, ""learning_rate"": 0.05, ""max_depth"": 1, ""n_estimators"": 100, ""n_train"": 5069, ""validation"": ""last purged expanding fold""}",decimal
2025-07-31,2025-09-01,22,2.0,0.02235643,0.021350610708295713,-0.0010058192917042873,NS_XGBOOST,NS,direct_change,"{""configurations_evaluated"": 3, ""learning_rate"": 0.05, ""max_depth"": 1, ""n_estimators"": 100, ""n_train"": 5069, ""validation"": ""last purged expanding fold""}",decimal
2025-07-31,2025-09-01,22,5.0,0.02402912,0.02330925067050628,-0.000719869329493722,NS_XGBOOST,NS,direct_change,"{""configurations_evaluated"": 3, ""learning_rate"": 0.05, ""max_depth"": 1, ""n_estimators"": 100, ""n_train"": 5069, ""validation"": ""last purged expanding fold""}",decimal
2025-07-31,2025-09-01,22,10.0,0.02734085,0.026753060110772317,-0.0005877898892276828,NS_XGBOOST,NS,direct_change,"{""configurations_evaluated"": 3, ""learning_rate"": 0.05, ""max_depth"": 1, ""n_estimators"": 100, ""n_train"": 5069, ""validation"": ""last purged expanding fold""}",decimal
2025-07-31,2025-09-01,22,15.0,0.030537130000000003,0.02994969067263488,-0.0005874393273651232,NS_XGBOOST,NS,direct_change,"{""configurations_evaluated"": 3, ""learning_rate"": 0.05, ""max_depth"": 1, ""n_estimators"": 100, ""n_train"": 5069, ""validation"": ""last purged expanding fold""}",decimal
2025-07-31,2025-09-01,22,20.0,0.0329224,0.032699552372724885,-0.00022284762727511204,NS_XGBOOST,NS,direct_change,"{""configurations_evaluated"": 3, ""learning_rate"": 0.05, ""max_depth"": 1, ""n_estimators"": 100, ""n_train"": 5069, ""validation"": ""last purged expanding fold""}",decimal
2025-07-31,2025-09-01,22,30.0,0.03746803,0.03685179880742691,-0.0006162311925730912,NS_XGBOOST,NS,direct_change,"{""configurations_evaluated"": 3, ""learning_rate"": 0.05, ""max_depth"": 1, ""n_estimators"": 100, ""n_train"": 5069, ""validation"": ""last purged expanding fold""}",decimal
2025-07-31,2025-09-01,22,0.25,0.02182222,0.019905136432089424,-0.0019170835679105762,PCA_XGBOOST,PCA,direct_change,"{""configurations_evaluated"": 3, ""learning_rate"": 0.05, ""max_depth"": 1, ""n_estimators"": 100, ""n_train"": 5069, ""validation"": ""last purged expanding fold""}",decimal
2025-07-31,2025-09-01,22,0.5,0.021974999999999998,0.020161195733942223,-0.0018138042660577752,PCA_XGBOOST,PCA,direct_change,"{""configurations_evaluated"": 3, ""learning_rate"": 0.05, ""max_depth"": 1, ""n_estimators"": 100, ""n_train"": 5069, ""validation"": ""last purged expanding fold""}",decimal
2025-07-31,2025-09-01,22,1.0,0.021965410000000005,0.020737521678517445,-0.0012278883214825592,PCA_XGBOOST,PCA,direct_change,"{""configurations_evaluated"": 3, ""learning_rate"": 0.05, ""max_depth"": 1, ""n_estimators"": 100, ""n_train"": 5069, ""validation"": ""last purged expanding fold""}",decimal
2025-07-31,2025-09-01,22,2.0,0.02235643,0.021796468384946505,-0.0005599616150534954,PCA_XGBOOST,PCA,direct_change,"{""configurations_evaluated"": 3, ""learning_rate"": 0.05, ""max_depth"": 1, ""n_estimators"": 100, ""n_train"": 5069, ""validation"": ""last purged expanding fold""}",decimal
2025-07-31,2025-09-01,22,5.0,0.02402912,0.023769400039493193,-0.00025971996050680804,PCA_XGBOOST,PCA,direct_change,"{""configurations_evaluated"": 3, ""learning_rate"": 0.05, ""max_depth"": 1, ""n_estimators"": 100, ""n_train"": 5069, ""validation"": ""last purged expanding fold""}",decimal
2025-07-31,2025-09-01,22,10.0,0.02734085,0.026925343856459012,-0.00041550614354098764,PCA_XGBOOST,PCA,direct_change,"{""configurations_evaluated"": 3, ""learning_rate"": 0.05, ""max_depth"": 1, ""n_estimators"": 100, ""n_train"": 5069, ""validation"": ""last purged expanding fold""}",decimal
2025-07-31,2025-09-01,22,15.0,0.030537130000000003,0.029849769721502807,-0.0006873602784971955,PCA_XGBOOST,PCA,direct_change,"{""configurations_evaluated"": 3, ""learning_rate"": 0.05, ""max_depth"": 1, ""n_estimators"": 100, ""n_train"": 5069, ""validation"": ""last purged expanding fold""}",decimal
2025-07-31,2025-09-01,22,20.0,0.0329224,0.032440643426253316,-0.00048175657374668196,PCA_XGBOOST,PCA,direct_change,"{""configurations_evaluated"": 3, ""learning_rate"": 0.05, ""max_depth"": 1, ""n_estimators"": 100, ""n_train"": 5069, ""validation"": ""last purged expanding fold""}",decimal
2025-07-31,2025-09-01,22,30.0,0.03746803,0.03730958973693632,-0.00015844026306367776,PCA_XGBOOST,PCA,direct_change,"{""configurations_evaluated"": 3, ""learning_rate"": 0.05, ""max_depth"": 1, ""n_estimators"": 100, ""n_train"": 5069, ""validation"": ""last purged expanding fold""}",decimal
2025-08-29,2025-09-05,5,0.25,0.02152698,0.021775202932084077,0.0002482229320840759,NS_XGBOOST,NS,direct_change,"{""configurations_evaluated"": 3, ""learning_rate"": 0.05, ""max_depth"": 1, ""n_estimators"": 100, ""n_train"": 5107, ""validation"": ""last purged expanding fold""}",decimal
2025-08-29,2025-09-05,5,0.5,0.02208214,0.02186524090758272,-0.00021689909241728172,NS_XGBOOST,NS,direct_change,"{""configurations_evaluated"": 3, ""learning_rate"": 0.05, ""max_depth"": 1, ""n_estimators"": 100, ""n_train"": 5107, ""validation"": ""last purged expanding fold""}",decimal
2025-08-29,2025-09-05,5,1.0,0.022210800000000003,0.022061110961477663,-0.00014968903852233956,NS_XGBOOST,NS,direct_change,"{""configurations_evaluated"": 3, ""learning_rate"": 0.05, ""max_depth"": 1, ""n_estimators"": 100, ""n_train"": 5107, ""validation"": ""last purged expanding fold""}",decimal
2025-08-29,2025-09-05,5,2.0,0.02261491,0.02250829125918574,-0.00010661874081425993,NS_XGBOOST,NS,direct_change,"{""configurations_evaluated"": 3, ""learning_rate"": 0.05, ""max_depth"": 1, ""n_estimators"": 100, ""n_train"": 5107, ""validation"": ""last purged expanding fold""}",decimal
2025-08-29,2025-09-05,5,5.0,0.02403407,0.024160973829740775,0.00012690382974077374,NS_XGBOOST,NS,direct_change,"{""configurations_evaluated"": 3, ""learning_rate"": 0.05, ""max_depth"": 1, ""n_estimators"": 100, ""n_train"": 5107, ""validation"": ""last purged expanding fold""}",decimal
2025-08-29,2025-09-05,5,10.0,0.02734648,0.02734344616877048,-3.033831229518752e-06,NS_XGBOOST,NS,direct_change,"{""configurations_evaluated"": 3, ""learning_rate"": 0.05, ""max_depth"": 1, ""n_estimators"": 100, ""n_train"": 5107, ""validation"": ""last purged expanding fold""}",decimal
2025-08-29,2025-09-05,5,15.0,0.03054105,0.030448179398277736,-9.287060172226413e-05,NS_XGBOOST,NS,direct_change,"{""configurations_evaluated"": 3, ""learning_rate"": 0.05, ""max_depth"": 1, ""n_estimators"": 100, ""n_train"": 5107, ""validation"": ""last purged expanding fold""}",decimal
2025-08-29,2025-09-05,5,20.0,0.03292614,0.033185687787716966,0.0002595477877169669,NS_XGBOOST,NS,direct_change,"{""configurations_evaluated"": 3, ""learning_rate"": 0.05, ""max_depth"": 1, ""n_estimators"": 100, ""n_train"": 5107, ""validation"": ""last purged expanding fold""}",decimal
2025-08-29,2025-09-05,5,30.0,0.03747177,0.0373948888811279,-7.688111887210053e-05,NS_XGBOOST,NS,direct_change,"{""configurations_evaluated"": 3, ""learning_rate"": 0.05, ""max_depth"": 1, ""n_estimators"": 100, ""n_train"": 5107, ""validation"": ""last purged expanding fold""}",decimal
2025-08-29,2025-09-05,5,0.25,0.02152698,0.02139124847835972,-0.00013573152164027963,PCA_XGBOOST,PCA,direct_change,"{""configurations_evaluated"": 3, ""learning_rate"": 0.05, ""max_depth"": 1, ""n_estimators"": 100, ""n_train"": 5107, ""validation"": ""last purged expanding fold""}",decimal
2025-08-29,2025-09-05,5,0.5,0.02208214,0.021605318863948134,-0.0004768211360518665,PCA_XGBOOST,PCA,direct_change,"{""configurations_evaluated"": 3, ""learning_rate"": 0.05, ""max_depth"": 1, ""n_estimators"": 100, ""n_train"": 5107, ""validation"": ""last purged expanding fold""}",decimal
2025-08-29,2025-09-05,5,1.0,0.022210800000000003,0.02208041103427736,-0.00013038896572264286,PCA_XGBOOST,PCA,direct_change,"{""configurations_evaluated"": 3, ""learning_rate"": 0.05, ""max_depth"": 1, ""n_estimators"": 100, ""n_train"": 5107, ""validation"": ""last purged expanding fold""}",decimal
2025-08-29,2025-09-05,5,2.0,0.02261491,0.022971192378645044,0.0003562823786450453,PCA_XGBOOST,PCA,direct_change,"{""configurations_evaluated"": 3, ""learning_rate"": 0.05, ""max_depth"": 1, ""n_estimators"": 100, ""n_train"": 5107, ""validation"": ""last purged expanding fold""}",decimal
2025-08-29,2025-09-05,5,5.0,0.02403407,0.02460058566393395,0.0005665156639339496,PCA_XGBOOST,PCA,direct_change,"{""configurations_evaluated"": 3, ""learning_rate"": 0.05, ""max_depth"": 1, ""n_estimators"": 100, ""n_train"": 5107, ""validation"": ""last purged expanding fold""}",decimal
2025-08-29,2025-09-05,5,10.0,0.02734648,0.027423257941757387,7.677794175738745e-05,PCA_XGBOOST,PCA,direct_change,"{""configurations_evaluated"": 3, ""learning_rate"": 0.05, ""max_depth"": 1, ""n_estimators"": 100, ""n_train"": 5107, ""validation"": ""last purged expanding fold""}",decimal
2025-08-29,2025-09-05,5,15.0,0.03054105,0.030162537659642375,-0.000378512340357625,PCA_XGBOOST,PCA,direct_change,"{""configurations_evaluated"": 3, ""learning_rate"": 0.05, ""max_depth"": 1, ""n_estimators"": 100, ""n_train"": 5107, ""validation"": ""last purged expanding fold""}",decimal
2025-08-29,2025-09-05,5,20.0,0.03292614,0.032722299972254634,-0.0002038400277453653,PCA_XGBOOST,PCA,direct_change,"{""configurations_evaluated"": 3, ""learning_rate"": 0.05, ""max_depth"": 1, ""n_estimators"": 100, ""n_train"": 5107, ""validation"": ""last purged expanding fold""}",decimal
2025-08-29,2025-09-05,5,30.0,0.03747177,0.03778109675121881,0.00030932675121880804,PCA_XGBOOST,PCA,direct_change,"{""configurations_evaluated"": 3, ""learning_rate"": 0.05, ""max_depth"": 1, ""n_estimators"": 100, ""n_train"": 5107, ""validation"": ""last purged expanding fold""}",decimal
2025-08-29,2025-09-12,10,0.25,0.0213400793650793,0.021918794910740846,0.0005787155456615442,NS_XGBOOST,NS,direct_change,"{""configurations_evaluated"": 3, ""learning_rate"": 0.05, ""max_depth"": 1, ""n_estimators"": 100, ""n_train"": 5102, ""validation"": ""last purged expanding fold""}",decimal
2025-08-29,2025-09-12,10,0.5,0.0217821428571428,0.022010292563129065,0.00022814970598626638,NS_XGBOOST,NS,direct_change,"{""configurations_evaluated"": 3, ""learning_rate"": 0.05, ""max_depth"": 1, ""n_estimators"": 100, ""n_train"": 5102, ""validation"": ""last purged expanding fold""}",decimal
2025-08-29,2025-09-12,10,1.0,0.022096703296703303,0.022208897472269895,0.000112194175566592,NS_XGBOOST,NS,direct_change,"{""configurations_evaluated"": 3, ""learning_rate"": 0.05, ""max_depth"": 1, ""n_estimators"": 100, ""n_train"": 5102, ""validation"": ""last purged expanding fold""}",decimal
2025-08-29,2025-09-12,10,2.0,0.022624844720496903,0.022660868079098454,3.602335860155084e-05,NS_XGBOOST,NS,direct_change,"{""configurations_evaluated"": 3, ""learning_rate"": 0.05, ""max_depth"": 1, ""n_estimators"": 100, ""n_train"": 5102, ""validation"": ""last purged expanding fold""}",decimal
2025-08-29,2025-09-12,10,5.0,0.0240456043956044,0.024323518151413648,0.0002779137558092462,NS_XGBOOST,NS,direct_change,"{""configurations_evaluated"": 3, ""learning_rate"": 0.05, ""max_depth"": 1, ""n_estimators"": 100, ""n_train"": 5102, ""validation"": ""last purged expanding fold""}",decimal
2025-08-29,2025-09-12,10,10.0,0.0273577464788732,0.027512989086438167,0.00015524260756496697,NS_XGBOOST,NS,direct_change,"{""configurations_evaluated"": 3, ""learning_rate"": 0.05, ""max_depth"": 1, ""n_estimators"": 100, ""n_train"": 5102, ""validation"": ""last purged expanding fold""}",decimal
2025-08-29,2025-09-12,10,15.0,0.030546282109058097,0.030618484236382172,7.220212732407527e-05,NS_XGBOOST,NS,direct_change,"{""configurations_evaluated"": 3, ""learning_rate"": 0.05, ""max_depth"": 1, ""n_estimators"": 100, ""n_train"": 5102, ""validation"": ""last purged expanding fold""}",decimal
2025-08-29,2025-09-12,10,20.0,0.0329298727015558,0.03335410972106506,0.0004242370195092632,NS_XGBOOST,NS,direct_change,"{""configurations_evaluated"": 3, ""learning_rate"": 0.05, ""max_depth"": 1, ""n_estimators"": 100, ""n_train"": 5102, ""validation"": ""last purged expanding fold""}",decimal
2025-08-29,2025-09-12,10,30.0,0.0373,0.03755759032988626,0.0002575903298862592,NS_XGBOOST,NS,direct_change,"{""configurations_evaluated"": 3, ""learning_rate"": 0.05, ""max_depth"": 1, ""n_estimators"": 100, ""n_train"": 5102, ""validation"": ""last purged expanding fold""}",decimal
2025-08-29,2025-09-12,10,0.25,0.0213400793650793,0.02142094398427263,8.086461919332849e-05,PCA_XGBOOST,PCA,direct_change,"{""configurations_evaluated"": 3, ""learning_rate"": 0.05, ""max_depth"": 1, ""n_estimators"": 100, ""n_train"": 5102, ""validation"": ""last purged expanding fold""}",decimal
2025-08-29,2025-09-12,10,0.5,0.0217821428571428,0.021634189029083515,-0.00014795382805928362,PCA_XGBOOST,PCA,direct_change,"{""configurations_evaluated"": 3, ""learning_rate"": 0.05, ""max_depth"": 1, ""n_estimators"": 100, ""n_train"": 5102, ""validation"": ""last purged expanding fold""}",decimal
2025-08-29,2025-09-12,10,1.0,0.022096703296703303,0.022106890008173317,1.0186711470013682e-05,PCA_XGBOOST,PCA,direct_change,"{""configurations_evaluated"": 3, ""learning_rate"": 0.05, ""max_depth"": 1, ""n_estimators"": 100, ""n_train"": 5102, ""validation"": ""last purged expanding fold""}",decimal
2025-08-29,2025-09-12,10,2.0,0.022624844720496903,0.022993719841757042,0.0003688751212601385,PCA_XGBOOST,PCA,direct_change,"{""configurations_evaluated"": 3, ""learning_rate"": 0.05, ""max_depth"": 1, ""n_estimators"": 100, ""n_train"": 5102, ""validation"": ""last purged expanding fold""}",decimal
2025-08-29,2025-09-12,10,5.0,0.0240456043956044,0.024611760136364933,0.0005661557407605315,PCA_XGBOOST,PCA,direct_change,"{""configurations_evaluated"": 3, ""learning_rate"": 0.05, ""max_depth"": 1, ""n_estimators"": 100, ""n_train"": 5102, ""validation"": ""last purged expanding fold""}",decimal
2025-08-29,2025-09-12,10,10.0,0.0273577464788732,0.02742310287147927,6.535639260606824e-05,PCA_XGBOOST,PCA,direct_change,"{""configurations_evaluated"": 3, ""learning_rate"": 0.05, ""max_depth"": 1, ""n_estimators"": 100, ""n_train"": 5102, ""validation"": ""last purged expanding fold""}",decimal
2025-08-29,2025-09-12,10,15.0,0.030546282109058097,0.0301544224287367,-0.0003918596803213978,PCA_XGBOOST,PCA,direct_change,"{""configurations_evaluated"": 3, ""learning_rate"": 0.05, ""max_depth"": 1, ""n_estimators"": 100, ""n_train"": 5102, ""validation"": ""last purged expanding fold""}",decimal
2025-08-29,2025-09-12,10,20.0,0.0329298727015558,0.03270524990963199,-0.00022462279192380502,PCA_XGBOOST,PCA,direct_change,"{""configurations_evaluated"": 3, ""learning_rate"": 0.05, ""max_depth"": 1, ""n_estimators"": 100, ""n_train"": 5102, ""validation"": ""last purged expanding fold""}",decimal
2025-08-29,2025-09-12,10,30.0,0.0373,0.03776514146873911,0.0004651414687391123,PCA_XGBOOST,PCA,direct_change,"{""configurations_evaluated"": 3, ""learning_rate"": 0.05, ""max_depth"": 1, ""n_estimators"": 100, ""n_train"": 5102, ""validation"": ""last purged expanding fold""}",decimal
2025-08-29,2025-09-30,22,0.25,0.0218730158730158,0.02162371421395581,-0.000249301659059991,NS_XGBOOST,NS,direct_change,"{""configurations_evaluated"": 3, ""learning_rate"": 0.05, ""max_depth"": 1, ""n_estimators"": 100, ""n_train"": 5090, ""validation"": ""last purged expanding fold""}",decimal
2025-08-29,2025-09-30,22,0.5,0.0220894957983193,0.02172429107328663,-0.00036520472503267024,NS_XGBOOST,NS,direct_change,"{""configurations_evaluated"": 3, ""learning_rate"": 0.05, ""max_depth"": 1, ""n_estimators"": 100, ""n_train"": 5090, ""validation"": ""last purged expanding fold""}",decimal
2025-08-29,2025-09-30,22,1.0,0.022619131923443902,0.021939867025564486,-0.0006792648978794155,NS_XGBOOST,NS,direct_change,"{""configurations_evaluated"": 3, ""learning_rate"": 0.05, ""max_depth"": 1, ""n_estimators"": 100, ""n_train"": 5090, ""validation"": ""last purged expanding fold""}",decimal
2025-08-29,2025-09-30,22,2.0,0.022917834960070896,0.022421411302070985,-0.0004964236579999108,NS_XGBOOST,NS,direct_change,"{""configurations_evaluated"": 3, ""learning_rate"": 0.05, ""max_depth"": 1, ""n_estimators"": 100, ""n_train"": 5090, ""validation"": ""last purged expanding fold""}",decimal
2025-08-29,2025-09-30,22,5.0,0.0247670329670329,0.024144539776268733,-0.0006224931907641666,NS_XGBOOST,NS,direct_change,"{""configurations_evaluated"": 3, ""learning_rate"": 0.05, ""max_depth"": 1, ""n_estimators"": 100, ""n_train"": 5090, ""validation"": ""last purged expanding fold""}",decimal
2025-08-29,2025-09-30,22,10.0,0.027798390342052295,0.027373514507391894,-0.00042487583466040146,NS_XGBOOST,NS,direct_change,"{""configurations_evaluated"": 3, ""learning_rate"": 0.05, ""max_depth"": 1, ""n_estimators"": 100, ""n_train"": 5090, ""validation"": ""last purged expanding fold""}",decimal
2025-08-29,2025-09-30,22,15.0,0.0309715637674628,0.030479271822915145,-0.0004922919445476542,NS_XGBOOST,NS,direct_change,"{""configurations_evaluated"": 3, ""learning_rate"": 0.05, ""max_depth"": 1, ""n_estimators"": 100, ""n_train"": 5090, ""validation"": ""last purged expanding fold""}",decimal
2025-08-29,2025-09-30,22,20.0,0.0329534653465346,0.03319900743836728,0.0002455420918326817,NS_XGBOOST,NS,direct_change,"{""configurations_evaluated"": 3, ""learning_rate"": 0.05, ""max_depth"": 1, ""n_estimators"": 100, ""n_train"": 5090, ""validation"": ""last purged expanding fold""}",decimal
2025-08-29,2025-09-30,22,30.0,0.0379440378022792,0.03736022701902649,-0.0005838107832527098,NS_XGBOOST,NS,direct_change,"{""configurations_evaluated"": 3, ""learning_rate"": 0.05, ""max_depth"": 1, ""n_estimators"": 100, ""n_train"": 5090, ""validation"": ""last purged expanding fold""}",decimal
2025-08-29,2025-09-30,22,0.25,0.0218730158730158,0.02139728988440548,-0.00047572598861032184,PCA_XGBOOST,PCA,direct_change,"{""configurations_evaluated"": 3, ""learning_rate"": 0.05, ""max_depth"": 1, ""n_estimators"": 100, ""n_train"": 5090, ""validation"": ""last purged expanding fold""}",decimal
2025-08-29,2025-09-30,22,0.5,0.0220894957983193,0.021611632699208287,-0.00047786309911101305,PCA_XGBOOST,PCA,direct_change,"{""configurations_evaluated"": 3, ""learning_rate"": 0.05, ""max_depth"": 1, ""n_estimators"": 100, ""n_train"": 5090, ""validation"": ""last purged expanding fold""}",decimal
2025-08-29,2025-09-30,22,1.0,0.022619131923443902,0.022083519050949726,-0.0005356128724941754,PCA_XGBOOST,PCA,direct_change,"{""configurations_evaluated"": 3, ""learning_rate"": 0.05, ""max_depth"": 1, ""n_estimators"": 100, ""n_train"": 5090, ""validation"": ""last purged expanding fold""}",decimal
2025-08-29,2025-09-30,22,2.0,0.022917834960070896,0.022969518688944396,5.1683728873500034e-05,PCA_XGBOOST,PCA,direct_change,"{""configurations_evaluated"": 3, ""learning_rate"": 0.05, ""max_depth"": 1, ""n_estimators"": 100, ""n_train"": 5090, ""validation"": ""last purged expanding fold""}",decimal
2025-08-29,2025-09-30,22,5.0,0.0247670329670329,0.024568981787163283,-0.0001980511798696169,PCA_XGBOOST,PCA,direct_change,"{""configurations_evaluated"": 3, ""learning_rate"": 0.05, ""max_depth"": 1, ""n_estimators"": 100, ""n_train"": 5090, ""validation"": ""last purged expanding fold""}",decimal
2025-08-29,2025-09-30,22,10.0,0.027798390342052295,0.027361135335260852,-0.0004372550067914434,PCA_XGBOOST,PCA,direct_change,"{""configurations_evaluated"": 3, ""learning_rate"": 0.05, ""max_depth"": 1, ""n_estimators"": 100, ""n_train"": 5090, ""validation"": ""last purged expanding fold""}",decimal
2025-08-29,2025-09-30,22,15.0,0.0309715637674628,0.030072932926700727,-0.000898630840762072,PCA_XGBOOST,PCA,direct_change,"{""configurations_evaluated"": 3, ""learning_rate"": 0.05, ""max_depth"": 1, ""n_estimators"": 100, ""n_train"": 5090, ""validation"": ""last purged expanding fold""}",decimal
2025-08-29,2025-09-30,22,20.0,0.0329534653465346,0.03257824198869949,-0.0003752233578351097,PCA_XGBOOST,PCA,direct_change,"{""configurations_evaluated"": 3, ""learning_rate"": 0.05, ""max_depth"": 1, ""n_estimators"": 100, ""n_train"": 5090, ""validation"": ""last purged expanding fold""}",decimal
2025-08-29,2025-09-30,22,30.0,0.0379440378022792,0.03761825092563824,-0.00032578687664096273,PCA_XGBOOST,PCA,direct_change,"{""configurations_evaluated"": 3, ""learning_rate"": 0.05, ""max_depth"": 1, ""n_estimators"": 100, ""n_train"": 5090, ""validation"": ""last purged expanding fold""}",decimal
2025-09-30,2025-10-07,5,0.25,0.0219174603174603,0.02216770454988399,0.0002502442324236881,NS_XGBOOST,NS,direct_change,"{""configurations_evaluated"": 3, ""learning_rate"": 0.05, ""max_depth"": 1, ""n_estimators"": 100, ""n_train"": 5129, ""validation"": ""last purged expanding fold""}",decimal
2025-09-30,2025-10-07,5,0.5,0.0220327731092436,0.022268288269310918,0.00023551516006731915,NS_XGBOOST,NS,direct_change,"{""configurations_evaluated"": 3, ""learning_rate"": 0.05, ""max_depth"": 1, ""n_estimators"": 100, ""n_train"": 5129, ""validation"": ""last purged expanding fold""}",decimal
2025-09-30,2025-10-07,5,1.0,0.0224440974947102,0.022483110353580023,3.9012858869823946e-05,NS_XGBOOST,NS,direct_change,"{""configurations_evaluated"": 3, ""learning_rate"": 0.05, ""max_depth"": 1, ""n_estimators"": 100, ""n_train"": 5129, ""validation"": ""last purged expanding fold""}",decimal
2025-09-30,2025-10-07,5,2.0,0.0229290150842945,0.02296039706448324,3.1381980188739667e-05,NS_XGBOOST,NS,direct_change,"{""configurations_evaluated"": 3, ""learning_rate"": 0.05, ""max_depth"": 1, ""n_estimators"": 100, ""n_train"": 5129, ""validation"": ""last purged expanding fold""}",decimal
2025-09-30,2025-10-07,5,5.0,0.0247824175824175,0.024654289793262778,-0.00012812778915472292,NS_XGBOOST,NS,direct_change,"{""configurations_evaluated"": 3, ""learning_rate"": 0.05, ""max_depth"": 1, ""n_estimators"": 100, ""n_train"": 5129, ""validation"": ""last purged expanding fold""}",decimal
2025-09-30,2025-10-07,5,10.0,0.027997384305835,0.027805685400781745,-0.00019169890505325513,NS_XGBOOST,NS,direct_change,"{""configurations_evaluated"": 3, ""learning_rate"": 0.05, ""max_depth"": 1, ""n_estimators"": 100, ""n_train"": 5129, ""validation"": ""last purged expanding fold""}",decimal
2025-09-30,2025-10-07,5,15.0,0.0310190626408291,0.030825173502793374,-0.00019388913803572785,NS_XGBOOST,NS,direct_change,"{""configurations_evaluated"": 3, ""learning_rate"": 0.05, ""max_depth"": 1, ""n_estimators"": 100, ""n_train"": 5129, ""validation"": ""last purged expanding fold""}",decimal
2025-09-30,2025-10-07,5,20.0,0.033159603960395995,0.03346438558958375,0.0003047816291877545,NS_XGBOOST,NS,direct_change,"{""configurations_evaluated"": 3, ""learning_rate"": 0.05, ""max_depth"": 1, ""n_estimators"": 100, ""n_train"": 5129, ""validation"": ""last purged expanding fold""}",decimal
2025-09-30,2025-10-07,5,30.0,0.037968663081772595,0.03749686154750771,-0.0004718015342648832,NS_XGBOOST,NS,direct_change,"{""configurations_evaluated"": 3, ""learning_rate"": 0.05, ""max_depth"": 1, ""n_estimators"": 100, ""n_train"": 5129, ""validation"": ""last purged expanding fold""}",decimal
2025-09-30,2025-10-07,5,0.25,0.0219174603174603,0.021759446803664352,-0.00015801351379594875,PCA_XGBOOST,PCA,direct_change,"{""configurations_evaluated"": 3, ""learning_rate"": 0.05, ""max_depth"": 1, ""n_estimators"": 100, ""n_train"": 5129, ""validation"": ""last purged expanding fold""}",decimal
2025-09-30,2025-10-07,5,0.5,0.0220327731092436,0.02199072437586841,-4.204873337518983e-05,PCA_XGBOOST,PCA,direct_change,"{""configurations_evaluated"": 3, ""learning_rate"": 0.05, ""max_depth"": 1, ""n_estimators"": 100, ""n_train"": 5129, ""validation"": ""last purged expanding fold""}",decimal
2025-09-30,2025-10-07,5,1.0,0.0224440974947102,0.022482016589132146,3.79190944219468e-05,PCA_XGBOOST,PCA,direct_change,"{""configurations_evaluated"": 3, ""learning_rate"": 0.05, ""max_depth"": 1, ""n_estimators"": 100, ""n_train"": 5129, ""validation"": ""last purged expanding fold""}",decimal
2025-09-30,2025-10-07,5,2.0,0.0229290150842945,0.023393128899106025,0.0004641138148115259,PCA_XGBOOST,PCA,direct_change,"{""configurations_evaluated"": 3, ""learning_rate"": 0.05, ""max_depth"": 1, ""n_estimators"": 100, ""n_train"": 5129, ""validation"": ""last purged expanding fold""}",decimal
2025-09-30,2025-10-07,5,5.0,0.0247824175824175,0.0250388643493133,0.0002564467668958008,PCA_XGBOOST,PCA,direct_change,"{""configurations_evaluated"": 3, ""learning_rate"": 0.05, ""max_depth"": 1, ""n_estimators"": 100, ""n_train"": 5129, ""validation"": ""last purged expanding fold""}",decimal
2025-09-30,2025-10-07,5,10.0,0.027997384305835,0.02786882410857458,-0.0001285601972604196,PCA_XGBOOST,PCA,direct_change,"{""configurations_evaluated"": 3, ""learning_rate"": 0.05, ""max_depth"": 1, ""n_estimators"": 100, ""n_train"": 5129, ""validation"": ""last purged expanding fold""}",decimal
2025-09-30,2025-10-07,5,15.0,0.0310190626408291,0.030598693009423,-0.0004203696314061013,PCA_XGBOOST,PCA,direct_change,"{""configurations_evaluated"": 3, ""learning_rate"": 0.05, ""max_depth"": 1, ""n_estimators"": 100, ""n_train"": 5129, ""validation"": ""last purged expanding fold""}",decimal
2025-09-30,2025-10-07,5,20.0,0.033159603960395995,0.0330822044499181,-7.73995104778949e-05,PCA_XGBOOST,PCA,direct_change,"{""configurations_evaluated"": 3, ""learning_rate"": 0.05, ""max_depth"": 1, ""n_estimators"": 100, ""n_train"": 5129, ""validation"": ""last purged expanding fold""}",decimal
2025-09-30,2025-10-07,5,30.0,0.037968663081772595,0.037994388139255424,2.5725057482828273e-05,PCA_XGBOOST,PCA,direct_change,"{""configurations_evaluated"": 3, ""learning_rate"": 0.05, ""max_depth"": 1, ""n_estimators"": 100, ""n_train"": 5129, ""validation"": ""last purged expanding fold""}",decimal
2025-09-30,2025-10-14,10,0.25,0.021961904761904696,0.02233714821450905,0.0003752434526043541,NS_XGBOOST,NS,direct_change,"{""configurations_evaluated"": 3, ""learning_rate"": 0.05, ""max_depth"": 1, ""n_estimators"": 100, ""n_train"": 5124, ""validation"": ""last purged expanding fold""}",decimal
2025-09-30,2025-10-14,10,0.5,0.0220714285714285,0.02243639775124245,0.00036496917981395163,NS_XGBOOST,NS,direct_change,"{""configurations_evaluated"": 3, ""learning_rate"": 0.05, ""max_depth"": 1, ""n_estimators"": 100, ""n_train"": 5124, ""validation"": ""last purged expanding fold""}",decimal
2025-09-30,2025-10-14,10,1.0,0.022588135798474802,0.022648725008471277,6.058920999647485e-05,NS_XGBOOST,NS,direct_change,"{""configurations_evaluated"": 3, ""learning_rate"": 0.05, ""max_depth"": 1, ""n_estimators"": 100, ""n_train"": 5124, ""validation"": ""last purged expanding fold""}",decimal
2025-09-30,2025-10-14,10,2.0,0.0232779946761313,0.023121660615928512,-0.00015633406020278823,NS_XGBOOST,NS,direct_change,"{""configurations_evaluated"": 3, ""learning_rate"": 0.05, ""max_depth"": 1, ""n_estimators"": 100, ""n_train"": 5124, ""validation"": ""last purged expanding fold""}",decimal
2025-09-30,2025-10-14,10,5.0,0.0251983516483516,0.024806630001043557,-0.0003917216473080416,NS_XGBOOST,NS,direct_change,"{""configurations_evaluated"": 3, ""learning_rate"": 0.05, ""max_depth"": 1, ""n_estimators"": 100, ""n_train"": 5124, ""validation"": ""last purged expanding fold""}",decimal
2025-09-30,2025-10-14,10,10.0,0.0281256203890006,0.0279521249068675,-0.0001734954821331,NS_XGBOOST,NS,direct_change,"{""configurations_evaluated"": 3, ""learning_rate"": 0.05, ""max_depth"": 1, ""n_estimators"": 100, ""n_train"": 5124, ""validation"": ""last purged expanding fold""}",decimal
2025-09-30,2025-10-14,10,15.0,0.0312664263181613,0.030971468162081486,-0.00029495815607981715,NS_XGBOOST,NS,direct_change,"{""configurations_evaluated"": 3, ""learning_rate"": 0.05, ""max_depth"": 1, ""n_estimators"": 100, ""n_train"": 5124, ""validation"": ""last purged expanding fold""}",decimal
2025-09-30,2025-10-14,10,20.0,0.033169702970297,0.03361291602779681,0.00044321305749981527,NS_XGBOOST,NS,direct_change,"{""configurations_evaluated"": 3, ""learning_rate"": 0.05, ""max_depth"": 1, ""n_estimators"": 100, ""n_train"": 5124, ""validation"": ""last purged expanding fold""}",decimal
2025-09-30,2025-10-14,10,30.0,0.0380949067631505,0.03765144358304361,-0.00044346318010688585,NS_XGBOOST,NS,direct_change,"{""configurations_evaluated"": 3, ""learning_rate"": 0.05, ""max_depth"": 1, ""n_estimators"": 100, ""n_train"": 5124, ""validation"": ""last purged expanding fold""}",decimal
2025-09-30,2025-10-14,10,0.25,0.021961904761904696,0.021779707630298836,-0.00018219713160586015,PCA_XGBOOST,PCA,direct_change,"{""configurations_evaluated"": 3, ""learning_rate"": 0.05, ""max_depth"": 1, ""n_estimators"": 100, ""n_train"": 5124, ""validation"": ""last purged expanding fold""}",decimal
2025-09-30,2025-10-14,10,0.5,0.0220714285714285,0.02201062021671217,-6.080835471632823e-05,PCA_XGBOOST,PCA,direct_change,"{""configurations_evaluated"": 3, ""learning_rate"": 0.05, ""max_depth"": 1, ""n_estimators"": 100, ""n_train"": 5124, ""validation"": ""last purged expanding fold""}",decimal
2025-09-30,2025-10-14,10,1.0,0.022588135798474802,0.022500361820158608,-8.777397831619474e-05,PCA_XGBOOST,PCA,direct_change,"{""configurations_evaluated"": 3, ""learning_rate"": 0.05, ""max_depth"": 1, ""n_estimators"": 100, ""n_train"": 5124, ""validation"": ""last purged expanding fold""}",decimal
2025-09-30,2025-10-14,10,2.0,0.0232779946761313,0.02340892257411368,0.00013092789798237886,PCA_XGBOOST,PCA,direct_change,"{""configurations_evaluated"": 3, ""learning_rate"": 0.05, ""max_depth"": 1, ""n_estimators"": 100, ""n_train"": 5124, ""validation"": ""last purged expanding fold""}",decimal
2025-09-30,2025-10-14,10,5.0,0.0251983516483516,0.02504559343346989,-0.00015275821488170901,PCA_XGBOOST,PCA,direct_change,"{""configurations_evaluated"": 3, ""learning_rate"": 0.05, ""max_depth"": 1, ""n_estimators"": 100, ""n_train"": 5124, ""validation"": ""last purged expanding fold""}",decimal
2025-09-30,2025-10-14,10,10.0,0.0281256203890006,0.027866367733253024,-0.0002592526557475758,PCA_XGBOOST,PCA,direct_change,"{""configurations_evaluated"": 3, ""learning_rate"": 0.05, ""max_depth"": 1, ""n_estimators"": 100, ""n_train"": 5124, ""validation"": ""last purged expanding fold""}",decimal
2025-09-30,2025-10-14,10,15.0,0.0312664263181613,0.03058915348581591,-0.0006772728323453936,PCA_XGBOOST,PCA,direct_change,"{""configurations_evaluated"": 3, ""learning_rate"": 0.05, ""max_depth"": 1, ""n_estimators"": 100, ""n_train"": 5124, ""validation"": ""last purged expanding fold""}",decimal
2025-09-30,2025-10-14,10,20.0,0.033169702970297,0.03306226927801994,-0.00010743369227705912,PCA_XGBOOST,PCA,direct_change,"{""configurations_evaluated"": 3, ""learning_rate"": 0.05, ""max_depth"": 1, ""n_estimators"": 100, ""n_train"": 5124, ""validation"": ""last purged expanding fold""}",decimal
2025-09-30,2025-10-14,10,30.0,0.0380949067631505,0.03797252076793727,-0.00012238599521322696,PCA_XGBOOST,PCA,direct_change,"{""configurations_evaluated"": 3, ""learning_rate"": 0.05, ""max_depth"": 1, ""n_estimators"": 100, ""n_train"": 5124, ""validation"": ""last purged expanding fold""}",decimal
2025-09-30,2025-10-30,22,0.25,0.022153571428571397,0.022209509960872304,5.5938532300906646e-05,NS_XGBOOST,NS,direct_change,"{""configurations_evaluated"": 3, ""learning_rate"": 0.05, ""max_depth"": 1, ""n_estimators"": 100, ""n_train"": 5112, ""validation"": ""last purged expanding fold""}",decimal
2025-09-30,2025-10-30,22,0.5,0.0224247252747252,0.02232193517069527,-0.00010279010402992894,NS_XGBOOST,NS,direct_change,"{""configurations_evaluated"": 3, ""learning_rate"": 0.05, ""max_depth"": 1, ""n_estimators"": 100, ""n_train"": 5112, ""validation"": ""last purged expanding fold""}",decimal
2025-09-30,2025-10-30,22,1.0,0.0229575814205755,0.022558898813944867,-0.00039868260663063204,NS_XGBOOST,NS,direct_change,"{""configurations_evaluated"": 3, ""learning_rate"": 0.05, ""max_depth"": 1, ""n_estimators"": 100, ""n_train"": 5112, ""validation"": ""last purged expanding fold""}",decimal
2025-09-30,2025-10-30,22,2.0,0.0238079858030168,0.02307479695219535,-0.0007331888508214507,NS_XGBOOST,NS,direct_change,"{""configurations_evaluated"": 3, ""learning_rate"": 0.05, ""max_depth"": 1, ""n_estimators"": 100, ""n_train"": 5112, ""validation"": ""last purged expanding fold""}",decimal
2025-09-30,2025-10-30,22,5.0,0.0260706043956044,0.02484784310590878,-0.001222761289695621,NS_XGBOOST,NS,direct_change,"{""configurations_evaluated"": 3, ""learning_rate"": 0.05, ""max_depth"": 1, ""n_estimators"": 100, ""n_train"": 5112, ""validation"": ""last purged expanding fold""}",decimal
2025-09-30,2025-10-30,22,10.0,0.0286567404426559,0.0280514898745621,-0.0006052505680938028,NS_XGBOOST,NS,direct_change,"{""configurations_evaluated"": 3, ""learning_rate"": 0.05, ""max_depth"": 1, ""n_estimators"": 100, ""n_train"": 5112, ""validation"": ""last purged expanding fold""}",decimal
2025-09-30,2025-10-30,22,15.0,0.031867012167643004,0.031072129830267917,-0.0007948823373750864,NS_XGBOOST,NS,direct_change,"{""configurations_evaluated"": 3, ""learning_rate"": 0.05, ""max_depth"": 1, ""n_estimators"": 100, ""n_train"": 5112, ""validation"": ""last purged expanding fold""}",decimal
2025-09-30,2025-10-30,22,20.0,0.0340896181046676,0.03369137353845756,-0.0003982445662100431,NS_XGBOOST,NS,direct_change,"{""configurations_evaluated"": 3, ""learning_rate"": 0.05, ""max_depth"": 1, ""n_estimators"": 100, ""n_train"": 5112, ""validation"": ""last purged expanding fold""}",decimal
2025-09-30,2025-10-30,22,30.0,0.0390671745795781,0.03766993924261391,-0.0013972353369641893,NS_XGBOOST,NS,direct_change,"{""configurations_evaluated"": 3, ""learning_rate"": 0.05, ""max_depth"": 1, ""n_estimators"": 100, ""n_train"": 5112, ""validation"": ""last purged expanding fold""}",decimal
2025-09-30,2025-10-30,22,0.25,0.022153571428571397,0.021748198499322947,-0.0004053729292484501,PCA_XGBOOST,PCA,direct_change,"{""configurations_evaluated"": 3, ""learning_rate"": 0.05, ""max_depth"": 1, ""n_estimators"": 100, ""n_train"": 5112, ""validation"": ""last purged expanding fold""}",decimal
2025-09-30,2025-10-30,22,0.5,0.0224247252747252,0.021979386919434643,-0.0004453383552905574,PCA_XGBOOST,PCA,direct_change,"{""configurations_evaluated"": 3, ""learning_rate"": 0.05, ""max_depth"": 1, ""n_estimators"": 100, ""n_train"": 5112, ""validation"": ""last purged expanding fold""}",decimal
2025-09-30,2025-10-30,22,1.0,0.0229575814205755,0.0224673925476558,-0.0004901888729197008,PCA_XGBOOST,PCA,direct_change,"{""configurations_evaluated"": 3, ""learning_rate"": 0.05, ""max_depth"": 1, ""n_estimators"": 100, ""n_train"": 5112, ""validation"": ""last purged expanding fold""}",decimal
2025-09-30,2025-10-30,22,2.0,0.0238079858030168,0.02337370801327597,-0.00043427778974082856,PCA_XGBOOST,PCA,direct_change,"{""configurations_evaluated"": 3, ""learning_rate"": 0.05, ""max_depth"": 1, ""n_estimators"": 100, ""n_train"": 5112, ""validation"": ""last purged expanding fold""}",decimal
2025-09-30,2025-10-30,22,5.0,0.0260706043956044,0.024992536717138983,-0.0010780676784654178,PCA_XGBOOST,PCA,direct_change,"{""configurations_evaluated"": 3, ""learning_rate"": 0.05, ""max_depth"": 1, ""n_estimators"": 100, ""n_train"": 5112, ""validation"": ""last purged expanding fold""}",decimal
2025-09-30,2025-10-30,22,10.0,0.0286567404426559,0.027795520676078357,-0.0008612197665775444,PCA_XGBOOST,PCA,direct_change,"{""configurations_evaluated"": 3, ""learning_rate"": 0.05, ""max_depth"": 1, ""n_estimators"": 100, ""n_train"": 5112, ""validation"": ""last purged expanding fold""}",decimal
2025-09-30,2025-10-30,22,15.0,0.031867012167643004,0.03050142399531284,-0.001365588172330165,PCA_XGBOOST,PCA,direct_change,"{""configurations_evaluated"": 3, ""learning_rate"": 0.05, ""max_depth"": 1, ""n_estimators"": 100, ""n_train"": 5112, ""validation"": ""last purged expanding fold""}",decimal
2025-09-30,2025-10-30,22,20.0,0.0340896181046676,0.03293823081048076,-0.0011513872941868453,PCA_XGBOOST,PCA,direct_change,"{""configurations_evaluated"": 3, ""learning_rate"": 0.05, ""max_depth"": 1, ""n_estimators"": 100, ""n_train"": 5112, ""validation"": ""last purged expanding fold""}",decimal
2025-09-30,2025-10-30,22,30.0,0.0390671745795781,0.03783775956465744,-0.0012294150149206595,PCA_XGBOOST,PCA,direct_change,"{""configurations_evaluated"": 3, ""learning_rate"": 0.05, ""max_depth"": 1, ""n_estimators"": 100, ""n_train"": 5112, ""validation"": ""last purged expanding fold""}",decimal
2025-10-31,2025-11-10,5,0.25,0.0219125,0.022452222689425285,0.0005397226894252836,NS_XGBOOST,NS,direct_change,"{""configurations_evaluated"": 3, ""learning_rate"": 0.05, ""max_depth"": 1, ""n_estimators"": 100, ""n_train"": 5152, ""validation"": ""last purged expanding fold""}",decimal
2025-10-31,2025-11-10,5,0.5,0.022130769230769197,0.022582536686894628,0.0004517674561254313,NS_XGBOOST,NS,direct_change,"{""configurations_evaluated"": 3, ""learning_rate"": 0.05, ""max_depth"": 1, ""n_estimators"": 100, ""n_train"": 5152, ""validation"": ""last purged expanding fold""}",decimal
2025-10-31,2025-11-10,5,1.0,0.0226253234101027,0.02285343691350152,0.0002281135033988177,NS_XGBOOST,NS,direct_change,"{""configurations_evaluated"": 3, ""learning_rate"": 0.05, ""max_depth"": 1, ""n_estimators"": 100, ""n_train"": 5152, ""validation"": ""last purged expanding fold""}",decimal
2025-10-31,2025-11-10,5,2.0,0.0232897959183673,0.02343038685599102,0.00014059093762371772,NS_XGBOOST,NS,direct_change,"{""configurations_evaluated"": 3, ""learning_rate"": 0.05, ""max_depth"": 1, ""n_estimators"": 100, ""n_train"": 5152, ""validation"": ""last purged expanding fold""}",decimal
2025-10-31,2025-11-10,5,5.0,0.0253285714285714,0.02534163202154465,1.306059297324913e-05,NS_XGBOOST,NS,direct_change,"{""configurations_evaluated"": 3, ""learning_rate"": 0.05, ""max_depth"": 1, ""n_estimators"": 100, ""n_train"": 5152, ""validation"": ""last purged expanding fold""}",decimal
2025-10-31,2025-11-10,5,10.0,0.0283069081153588,0.028673573125628397,0.00036666501026959633,NS_XGBOOST,NS,direct_change,"{""configurations_evaluated"": 3, ""learning_rate"": 0.05, ""max_depth"": 1, ""n_estimators"": 100, ""n_train"": 5152, ""validation"": ""last purged expanding fold""}",decimal
2025-10-31,2025-11-10,5,15.0,0.03175890040558809,0.0317508203735958,-8.080031992291348e-06,NS_XGBOOST,NS,direct_change,"{""configurations_evaluated"": 3, ""learning_rate"": 0.05, ""max_depth"": 1, ""n_estimators"": 100, ""n_train"": 5152, ""validation"": ""last purged expanding fold""}",decimal
2025-10-31,2025-11-10,5,20.0,0.0339080056577086,0.03439110330221493,0.000483097644506332,NS_XGBOOST,NS,direct_change,"{""configurations_evaluated"": 3, ""learning_rate"": 0.05, ""max_depth"": 1, ""n_estimators"": 100, ""n_train"": 5152, ""validation"": ""last purged expanding fold""}",decimal
2025-10-31,2025-11-10,5,30.0,0.0384,0.03837008789799661,-2.99121020033849e-05,NS_XGBOOST,NS,direct_change,"{""configurations_evaluated"": 3, ""learning_rate"": 0.05, ""max_depth"": 1, ""n_estimators"": 100, ""n_train"": 5152, ""validation"": ""last purged expanding fold""}",decimal
2025-10-31,2025-11-10,5,0.25,0.0219125,0.02206945056802502,0.00015695056802501883,PCA_XGBOOST,PCA,direct_change,"{""configurations_evaluated"": 3, ""learning_rate"": 0.03, ""max_depth"": 2, ""n_estimators"": 180, ""n_train"": 5152, ""validation"": ""last purged expanding fold""}",decimal
2025-10-31,2025-11-10,5,0.5,0.022130769230769197,0.022326236826351268,0.00019546759558207102,PCA_XGBOOST,PCA,direct_change,"{""configurations_evaluated"": 3, ""learning_rate"": 0.03, ""max_depth"": 2, ""n_estimators"": 180, ""n_train"": 5152, ""validation"": ""last purged expanding fold""}",decimal
2025-10-31,2025-11-10,5,1.0,0.0226253234101027,0.022872332076884765,0.00024700866678206354,PCA_XGBOOST,PCA,direct_change,"{""configurations_evaluated"": 3, ""learning_rate"": 0.03, ""max_depth"": 2, ""n_estimators"": 180, ""n_train"": 5152, ""validation"": ""last purged expanding fold""}",decimal
2025-10-31,2025-11-10,5,2.0,0.0232897959183673,0.02386305088127292,0.0005732549629056186,PCA_XGBOOST,PCA,direct_change,"{""configurations_evaluated"": 3, ""learning_rate"": 0.03, ""max_depth"": 2, ""n_estimators"": 180, ""n_train"": 5152, ""validation"": ""last purged expanding fold""}",decimal
2025-10-31,2025-11-10,5,5.0,0.0253285714285714,0.025717966964959458,0.0003893955363880562,PCA_XGBOOST,PCA,direct_change,"{""configurations_evaluated"": 3, ""learning_rate"": 0.03, ""max_depth"": 2, ""n_estimators"": 180, ""n_train"": 5152, ""validation"": ""last purged expanding fold""}",decimal
2025-10-31,2025-11-10,5,10.0,0.0283069081153588,0.028735819775875374,0.00042891166051657256,PCA_XGBOOST,PCA,direct_change,"{""configurations_evaluated"": 3, ""learning_rate"": 0.03, ""max_depth"": 2, ""n_estimators"": 180, ""n_train"": 5152, ""validation"": ""last purged expanding fold""}",decimal
2025-10-31,2025-11-10,5,15.0,0.03175890040558809,0.03159463579543223,-0.00016426461015586064,PCA_XGBOOST,PCA,direct_change,"{""configurations_evaluated"": 3, ""learning_rate"": 0.03, ""max_depth"": 2, ""n_estimators"": 180, ""n_train"": 5152, ""validation"": ""last purged expanding fold""}",decimal
2025-10-31,2025-11-10,5,20.0,0.0339080056577086,0.03419713240388453,0.00028912674617592726,PCA_XGBOOST,PCA,direct_change,"{""configurations_evaluated"": 3, ""learning_rate"": 0.03, ""max_depth"": 2, ""n_estimators"": 180, ""n_train"": 5152, ""validation"": ""last purged expanding fold""}",decimal
2025-10-31,2025-11-10,5,30.0,0.0384,0.03894748548347245,0.0005474854834724499,PCA_XGBOOST,PCA,direct_change,"{""configurations_evaluated"": 3, ""learning_rate"": 0.03, ""max_depth"": 2, ""n_estimators"": 180, ""n_train"": 5152, ""validation"": ""last purged expanding fold""}",decimal
2025-10-31,2025-11-17,10,0.25,0.0219,0.022571110919995488,0.0006711109199954886,NS_XGBOOST,NS,direct_change,"{""configurations_evaluated"": 3, ""learning_rate"": 0.05, ""max_depth"": 1, ""n_estimators"": 100, ""n_train"": 5147, ""validation"": ""last purged expanding fold""}",decimal
2025-10-31,2025-11-17,10,0.5,0.0220346153846153,0.02270118924710042,0.0006665738624851217,NS_XGBOOST,NS,direct_change,"{""configurations_evaluated"": 3, ""learning_rate"": 0.05, ""max_depth"": 1, ""n_estimators"": 100, ""n_train"": 5147, ""validation"": ""last purged expanding fold""}",decimal
2025-10-31,2025-11-17,10,1.0,0.022571644175477797,0.022971586328560424,0.0003999421530826268,NS_XGBOOST,NS,direct_change,"{""configurations_evaluated"": 3, ""learning_rate"": 0.05, ""max_depth"": 1, ""n_estimators"": 100, ""n_train"": 5147, ""validation"": ""last purged expanding fold""}",decimal
2025-10-31,2025-11-17,10,2.0,0.023435581188997297,0.023547419029279627,0.00011183784028232988,NS_XGBOOST,NS,direct_change,"{""configurations_evaluated"": 3, ""learning_rate"": 0.05, ""max_depth"": 1, ""n_estimators"": 100, ""n_train"": 5147, ""validation"": ""last purged expanding fold""}",decimal
2025-10-31,2025-11-17,10,5.0,0.0261134615384615,0.02545470256856808,-0.0006587589698934179,NS_XGBOOST,NS,direct_change,"{""configurations_evaluated"": 3, ""learning_rate"": 0.05, ""max_depth"": 1, ""n_estimators"": 100, ""n_train"": 5147, ""validation"": ""last purged expanding fold""}",decimal
2025-10-31,2025-11-17,10,10.0,0.0293213279678068,0.028779278977668202,-0.0005420489901385994,NS_XGBOOST,NS,direct_change,"{""configurations_evaluated"": 3, ""learning_rate"": 0.05, ""max_depth"": 1, ""n_estimators"": 100, ""n_train"": 5147, ""validation"": ""last purged expanding fold""}",decimal
2025-10-31,2025-11-17,10,15.0,0.0318671022983325,0.03184947272596987,-1.7629572362627688e-05,NS_XGBOOST,NS,direct_change,"{""configurations_evaluated"": 3, ""learning_rate"": 0.05, ""max_depth"": 1, ""n_estimators"": 100, ""n_train"": 5147, ""validation"": ""last purged expanding fold""}",decimal
2025-10-31,2025-11-17,10,20.0,0.0340145685997171,0.034483591734094314,0.00046902313437721666,NS_XGBOOST,NS,direct_change,"{""configurations_evaluated"": 3, ""learning_rate"": 0.05, ""max_depth"": 1, ""n_estimators"": 100, ""n_train"": 5147, ""validation"": ""last purged expanding fold""}",decimal
2025-10-31,2025-11-17,10,30.0,0.0384,0.038453159823027765,5.3159823027768005e-05,NS_XGBOOST,NS,direct_change,"{""configurations_evaluated"": 3, ""learning_rate"": 0.05, ""max_depth"": 1, ""n_estimators"": 100, ""n_train"": 5147, ""validation"": ""last purged expanding fold""}",decimal
2025-10-31,2025-11-17,10,0.25,0.0219,0.022067229137447106,0.00016722913744710716,PCA_XGBOOST,PCA,direct_change,"{""configurations_evaluated"": 3, ""learning_rate"": 0.03, ""max_depth"": 2, ""n_estimators"": 180, ""n_train"": 5147, ""validation"": ""last purged expanding fold""}",decimal
2025-10-31,2025-11-17,10,0.5,0.0220346153846153,0.022320597140377717,0.00028598175576241905,PCA_XGBOOST,PCA,direct_change,"{""configurations_evaluated"": 3, ""learning_rate"": 0.03, ""max_depth"": 2, ""n_estimators"": 180, ""n_train"": 5147, ""validation"": ""last purged expanding fold""}",decimal
2025-10-31,2025-11-17,10,1.0,0.022571644175477797,0.02286075071307315,0.00028910653759535096,PCA_XGBOOST,PCA,direct_change,"{""configurations_evaluated"": 3, ""learning_rate"": 0.03, ""max_depth"": 2, ""n_estimators"": 180, ""n_train"": 5147, ""validation"": ""last purged expanding fold""}",decimal
2025-10-31,2025-11-17,10,2.0,0.023435581188997297,0.023842195945236573,0.00040661475623927565,PCA_XGBOOST,PCA,direct_change,"{""configurations_evaluated"": 3, ""learning_rate"": 0.03, ""max_depth"": 2, ""n_estimators"": 180, ""n_train"": 5147, ""validation"": ""last purged expanding fold""}",decimal
2025-10-31,2025-11-17,10,5.0,0.0261134615384615,0.025681415806694058,-0.00043204573176744074,PCA_XGBOOST,PCA,direct_change,"{""configurations_evaluated"": 3, ""learning_rate"": 0.03, ""max_depth"": 2, ""n_estimators"": 180, ""n_train"": 5147, ""validation"": ""last purged expanding fold""}",decimal
2025-10-31,2025-11-17,10,10.0,0.0293213279678068,0.02868557515242824,-0.0006357528153785597,PCA_XGBOOST,PCA,direct_change,"{""configurations_evaluated"": 3, ""learning_rate"": 0.03, ""max_depth"": 2, ""n_estimators"": 180, ""n_train"": 5147, ""validation"": ""last purged expanding fold""}",decimal
2025-10-31,2025-11-17,10,15.0,0.0318671022983325,0.03153841224763592,-0.0003286900506965784,PCA_XGBOOST,PCA,direct_change,"{""configurations_evaluated"": 3, ""learning_rate"": 0.03, ""max_depth"": 2, ""n_estimators"": 180, ""n_train"": 5147, ""validation"": ""last purged expanding fold""}",decimal
2025-10-31,2025-11-17,10,20.0,0.0340145685997171,0.034147785663318456,0.00013321706360135827,PCA_XGBOOST,PCA,direct_change,"{""configurations_evaluated"": 3, ""learning_rate"": 0.03, ""max_depth"": 2, ""n_estimators"": 180, ""n_train"": 5147, ""validation"": ""last purged expanding fold""}",decimal
2025-10-31,2025-11-17,10,30.0,0.0384,0.03892407201361576,0.0005240720136157617,PCA_XGBOOST,PCA,direct_change,"{""configurations_evaluated"": 3, ""learning_rate"": 0.03, ""max_depth"": 2, ""n_estimators"": 180, ""n_train"": 5147, ""validation"": ""last purged expanding fold""}",decimal
2025-10-31,2025-12-04,22,0.25,0.0228624999999999,0.02260079715888983,-0.00026170284111006956,NS_XGBOOST,NS,direct_change,"{""configurations_evaluated"": 3, ""learning_rate"": 0.05, ""max_depth"": 1, ""n_estimators"": 100, ""n_train"": 5135, ""validation"": ""last purged expanding fold""}",decimal
2025-10-31,2025-12-04,22,0.5,0.0231318681318681,0.02273831044340491,-0.0003935576884631885,NS_XGBOOST,NS,direct_change,"{""configurations_evaluated"": 3, ""learning_rate"": 0.05, ""max_depth"": 1, ""n_estimators"": 100, ""n_train"": 5135, ""validation"": ""last purged expanding fold""}",decimal
2025-10-31,2025-12-04,22,1.0,0.0241313025990697,0.02302260593400067,-0.0011086966650690304,NS_XGBOOST,NS,direct_change,"{""configurations_evaluated"": 3, ""learning_rate"": 0.05, ""max_depth"": 1, ""n_estimators"": 100, ""n_train"": 5135, ""validation"": ""last purged expanding fold""}",decimal
2025-10-31,2025-12-04,22,2.0,0.0250091334894613,0.023622661137984405,-0.001386472351476896,NS_XGBOOST,NS,direct_change,"{""configurations_evaluated"": 3, ""learning_rate"": 0.05, ""max_depth"": 1, ""n_estimators"": 100, ""n_train"": 5135, ""validation"": ""last purged expanding fold""}",decimal
2025-10-31,2025-12-04,22,5.0,0.0273022556390977,0.02557950216465209,-0.0017227534744456083,NS_XGBOOST,NS,direct_change,"{""configurations_evaluated"": 3, ""learning_rate"": 0.05, ""max_depth"": 1, ""n_estimators"": 100, ""n_train"": 5135, ""validation"": ""last purged expanding fold""}",decimal
2025-10-31,2025-12-04,22,10.0,0.0307800134138162,0.028936512384015997,-0.0018435010298002014,NS_XGBOOST,NS,direct_change,"{""configurations_evaluated"": 3, ""learning_rate"": 0.05, ""max_depth"": 1, ""n_estimators"": 100, ""n_train"": 5135, ""validation"": ""last purged expanding fold""}",decimal
2025-10-31,2025-12-04,22,15.0,0.0333160883280757,0.03200701438667377,-0.0013090739414019295,NS_XGBOOST,NS,direct_change,"{""configurations_evaluated"": 3, ""learning_rate"": 0.05, ""max_depth"": 1, ""n_estimators"": 100, ""n_train"": 5135, ""validation"": ""last purged expanding fold""}",decimal
2025-10-31,2025-12-04,22,20.0,0.0345241018387553,0.03462820851205919,0.00010410667330388451,NS_XGBOOST,NS,direct_change,"{""configurations_evaluated"": 3, ""learning_rate"": 0.05, ""max_depth"": 1, ""n_estimators"": 100, ""n_train"": 5135, ""validation"": ""last purged expanding fold""}",decimal
2025-10-31,2025-12-04,22,30.0,0.0385,0.03856330866869454,6.330866869454221e-05,NS_XGBOOST,NS,direct_change,"{""configurations_evaluated"": 3, ""learning_rate"": 0.05, ""max_depth"": 1, ""n_estimators"": 100, ""n_train"": 5135, ""validation"": ""last purged expanding fold""}",decimal
2025-10-31,2025-12-04,22,0.25,0.0228624999999999,0.02200053500257579,-0.0008619649974241118,PCA_XGBOOST,PCA,direct_change,"{""configurations_evaluated"": 3, ""learning_rate"": 0.05, ""max_depth"": 1, ""n_estimators"": 100, ""n_train"": 5135, ""validation"": ""last purged expanding fold""}",decimal
2025-10-31,2025-12-04,22,0.5,0.0231318681318681,0.022252639007787636,-0.0008792291240804634,PCA_XGBOOST,PCA,direct_change,"{""configurations_evaluated"": 3, ""learning_rate"": 0.05, ""max_depth"": 1, ""n_estimators"": 100, ""n_train"": 5135, ""validation"": ""last purged expanding fold""}",decimal
2025-10-31,2025-12-04,22,1.0,0.0241313025990697,0.022788102146377987,-0.0013432004526917132,PCA_XGBOOST,PCA,direct_change,"{""configurations_evaluated"": 3, ""learning_rate"": 0.05, ""max_depth"": 1, ""n_estimators"": 100, ""n_train"": 5135, ""validation"": ""last purged expanding fold""}",decimal
2025-10-31,2025-12-04,22,2.0,0.0250091334894613,0.023763019969047634,-0.001246113520413667,PCA_XGBOOST,PCA,direct_change,"{""configurations_evaluated"": 3, ""learning_rate"": 0.05, ""max_depth"": 1, ""n_estimators"": 100, ""n_train"": 5135, ""validation"": ""last purged expanding fold""}",decimal
2025-10-31,2025-12-04,22,5.0,0.0273022556390977,0.025574447271635534,-0.0017278083674621657,PCA_XGBOOST,PCA,direct_change,"{""configurations_evaluated"": 3, ""learning_rate"": 0.05, ""max_depth"": 1, ""n_estimators"": 100, ""n_train"": 5135, ""validation"": ""last purged expanding fold""}",decimal
2025-10-31,2025-12-04,22,10.0,0.0307800134138162,0.028552144755481387,-0.002227868658334811,PCA_XGBOOST,PCA,direct_change,"{""configurations_evaluated"": 3, ""learning_rate"": 0.05, ""max_depth"": 1, ""n_estimators"": 100, ""n_train"": 5135, ""validation"": ""last purged expanding fold""}",decimal
2025-10-31,2025-12-04,22,15.0,0.0333160883280757,0.031382539842324926,-0.0019335484857507731,PCA_XGBOOST,PCA,direct_change,"{""configurations_evaluated"": 3, ""learning_rate"": 0.05, ""max_depth"": 1, ""n_estimators"": 100, ""n_train"": 5135, ""validation"": ""last purged expanding fold""}",decimal
2025-10-31,2025-12-04,22,20.0,0.0345241018387553,0.033950767103006416,-0.0005733347357488872,PCA_XGBOOST,PCA,direct_change,"{""configurations_evaluated"": 3, ""learning_rate"": 0.05, ""max_depth"": 1, ""n_estimators"": 100, ""n_train"": 5135, ""validation"": ""last purged expanding fold""}",decimal
2025-10-31,2025-12-04,22,30.0,0.0385,0.038727892539638153,0.00022789253963815398,PCA_XGBOOST,PCA,direct_change,"{""configurations_evaluated"": 3, ""learning_rate"": 0.05, ""max_depth"": 1, ""n_estimators"": 100, ""n_train"": 5135, ""validation"": ""last purged expanding fold""}",decimal
2025-11-28,2025-12-05,5,0.25,0.0229571428571428,0.022817872129706315,-0.0001392707274364864,NS_XGBOOST,NS,direct_change,"{""configurations_evaluated"": 3, ""learning_rate"": 0.05, ""max_depth"": 1, ""n_estimators"": 100, ""n_train"": 5170, ""validation"": ""last purged expanding fold""}",decimal
2025-11-28,2025-12-05,5,0.5,0.023189010989010897,0.023067646364186328,-0.00012136462482456936,NS_XGBOOST,NS,direct_change,"{""configurations_evaluated"": 3, ""learning_rate"": 0.05, ""max_depth"": 1, ""n_estimators"": 100, ""n_train"": 5170, ""validation"": ""last purged expanding fold""}",decimal
2025-11-28,2025-12-05,5,1.0,0.024137301950315503,0.023558505964364065,-0.0005787959859514386,NS_XGBOOST,NS,direct_change,"{""configurations_evaluated"": 3, ""learning_rate"": 0.05, ""max_depth"": 1, ""n_estimators"": 100, ""n_train"": 5170, ""validation"": ""last purged expanding fold""}",decimal
2025-11-28,2025-12-05,5,2.0,0.0252408163265306,0.024505938471055755,-0.0007348778554748456,NS_XGBOOST,NS,direct_change,"{""configurations_evaluated"": 3, ""learning_rate"": 0.05, ""max_depth"": 1, ""n_estimators"": 100, ""n_train"": 5170, ""validation"": ""last purged expanding fold""}",decimal
2025-11-28,2025-12-05,5,5.0,0.0273840659340659,0.027085439769008943,-0.00029862616505695744,NS_XGBOOST,NS,direct_change,"{""configurations_evaluated"": 3, ""learning_rate"": 0.05, ""max_depth"": 1, ""n_estimators"": 100, ""n_train"": 5170, ""validation"": ""last purged expanding fold""}",decimal
2025-11-28,2025-12-05,5,10.0,0.0307605633802816,0.030599242839564153,-0.00016132054071744603,NS_XGBOOST,NS,direct_change,"{""configurations_evaluated"": 3, ""learning_rate"": 0.05, ""max_depth"": 1, ""n_estimators"": 100, ""n_train"": 5170, ""validation"": ""last purged expanding fold""}",decimal
2025-11-28,2025-12-05,5,15.0,0.0337583596214511,0.0333043200241398,-0.00045403959731130095,NS_XGBOOST,NS,direct_change,"{""configurations_evaluated"": 3, ""learning_rate"": 0.05, ""max_depth"": 1, ""n_estimators"": 100, ""n_train"": 5170, ""validation"": ""last purged expanding fold""}",decimal
2025-11-28,2025-12-05,5,20.0,0.0344617511520737,0.03538498149052478,0.0009232303384510837,NS_XGBOOST,NS,direct_change,"{""configurations_evaluated"": 3, ""learning_rate"": 0.05, ""max_depth"": 1, ""n_estimators"": 100, ""n_train"": 5170, ""validation"": ""last purged expanding fold""}",decimal
2025-11-28,2025-12-05,5,30.0,0.0395,0.038247499506674346,-0.0012525004933256548,NS_XGBOOST,NS,direct_change,"{""configurations_evaluated"": 3, ""learning_rate"": 0.05, ""max_depth"": 1, ""n_estimators"": 100, ""n_train"": 5170, ""validation"": ""last purged expanding fold""}",decimal
2025-11-28,2025-12-05,5,0.25,0.0229571428571428,0.022520812429762293,-0.0004363304273805081,PCA_XGBOOST,PCA,direct_change,"{""configurations_evaluated"": 3, ""learning_rate"": 0.03, ""max_depth"": 2, ""n_estimators"": 180, ""n_train"": 5170, ""validation"": ""last purged expanding fold""}",decimal
2025-11-28,2025-12-05,5,0.5,0.023189010989010897,0.02292851291808205,-0.0002604980709288475,PCA_XGBOOST,PCA,direct_change,"{""configurations_evaluated"": 3, ""learning_rate"": 0.03, ""max_depth"": 2, ""n_estimators"": 180, ""n_train"": 5170, ""validation"": ""last purged expanding fold""}",decimal
2025-11-28,2025-12-05,5,1.0,0.024137301950315503,0.023703541516209868,-0.00043376043410563517,PCA_XGBOOST,PCA,direct_change,"{""configurations_evaluated"": 3, ""learning_rate"": 0.03, ""max_depth"": 2, ""n_estimators"": 180, ""n_train"": 5170, ""validation"": ""last purged expanding fold""}",decimal
2025-11-28,2025-12-05,5,2.0,0.0252408163265306,0.025048102264616796,-0.00019271406191380402,PCA_XGBOOST,PCA,direct_change,"{""configurations_evaluated"": 3, ""learning_rate"": 0.03, ""max_depth"": 2, ""n_estimators"": 180, ""n_train"": 5170, ""validation"": ""last purged expanding fold""}",decimal
2025-11-28,2025-12-05,5,5.0,0.0273840659340659,0.02729742949516601,-8.66364388998897e-05,PCA_XGBOOST,PCA,direct_change,"{""configurations_evaluated"": 3, ""learning_rate"": 0.03, ""max_depth"": 2, ""n_estimators"": 180, ""n_train"": 5170, ""validation"": ""last purged expanding fold""}",decimal
2025-11-28,2025-12-05,5,10.0,0.0307605633802816,0.0306106439945111,-0.0001499193857705007,PCA_XGBOOST,PCA,direct_change,"{""configurations_evaluated"": 3, ""learning_rate"": 0.03, ""max_depth"": 2, ""n_estimators"": 180, ""n_train"": 5170, ""validation"": ""last purged expanding fold""}",decimal
2025-11-28,2025-12-05,5,15.0,0.0337583596214511,0.03346287245259913,-0.0002954871688519711,PCA_XGBOOST,PCA,direct_change,"{""configurations_evaluated"": 3, ""learning_rate"": 0.03, ""max_depth"": 2, ""n_estimators"": 180, ""n_train"": 5170, ""validation"": ""last purged expanding fold""}",decimal
2025-11-28,2025-12-05,5,20.0,0.0344617511520737,0.035249205522805936,0.0007874543707322365,PCA_XGBOOST,PCA,direct_change,"{""configurations_evaluated"": 3, ""learning_rate"": 0.03, ""max_depth"": 2, ""n_estimators"": 180, ""n_train"": 5170, ""validation"": ""last purged expanding fold""}",decimal
2025-11-28,2025-12-05,5,30.0,0.0395,0.03866226088859437,-0.0008377391114056318,PCA_XGBOOST,PCA,direct_change,"{""configurations_evaluated"": 3, ""learning_rate"": 0.03, ""max_depth"": 2, ""n_estimators"": 180, ""n_train"": 5170, ""validation"": ""last purged expanding fold""}",decimal
2025-11-28,2025-12-12,10,0.25,0.0228517857142857,0.02305794364235091,0.00020615792806520997,NS_XGBOOST,NS,direct_change,"{""configurations_evaluated"": 3, ""learning_rate"": 0.05, ""max_depth"": 1, ""n_estimators"": 100, ""n_train"": 5165, ""validation"": ""last purged expanding fold""}",decimal
2025-11-28,2025-12-12,10,0.5,0.0229483516483516,0.02330901784105011,0.000360666192698509,NS_XGBOOST,NS,direct_change,"{""configurations_evaluated"": 3, ""learning_rate"": 0.05, ""max_depth"": 1, ""n_estimators"": 100, ""n_train"": 5165, ""validation"": ""last purged expanding fold""}",decimal
2025-11-28,2025-12-12,10,1.0,0.023682610976717998,0.023802322880103203,0.00011971190338520496,NS_XGBOOST,NS,direct_change,"{""configurations_evaluated"": 3, ""learning_rate"": 0.05, ""max_depth"": 1, ""n_estimators"": 100, ""n_train"": 5165, ""validation"": ""last purged expanding fold""}",decimal
2025-11-28,2025-12-12,10,2.0,0.0245792369121561,0.02475407638562742,0.00017483947347131726,NS_XGBOOST,NS,direct_change,"{""configurations_evaluated"": 3, ""learning_rate"": 0.05, ""max_depth"": 1, ""n_estimators"": 100, ""n_train"": 5165, ""validation"": ""last purged expanding fold""}",decimal
2025-11-28,2025-12-12,10,5.0,0.0265978021978022,0.02734282969033548,0.0007450274925332803,NS_XGBOOST,NS,direct_change,"{""configurations_evaluated"": 3, ""learning_rate"": 0.05, ""max_depth"": 1, ""n_estimators"": 100, ""n_train"": 5165, ""validation"": ""last purged expanding fold""}",decimal
2025-11-28,2025-12-12,10,10.0,0.0298225352112675,0.030863859815102167,0.001041324603834666,NS_XGBOOST,NS,direct_change,"{""configurations_evaluated"": 3, ""learning_rate"": 0.05, ""max_depth"": 1, ""n_estimators"": 100, ""n_train"": 5165, ""validation"": ""last purged expanding fold""}",decimal
2025-11-28,2025-12-12,10,15.0,0.0333899504281207,0.03357072071894253,0.00018077029082182866,NS_XGBOOST,NS,direct_change,"{""configurations_evaluated"": 3, ""learning_rate"": 0.05, ""max_depth"": 1, ""n_estimators"": 100, ""n_train"": 5165, ""validation"": ""last purged expanding fold""}",decimal
2025-11-28,2025-12-12,10,20.0,0.0348236209335219,0.035650736704612454,0.0008271157710905558,NS_XGBOOST,NS,direct_change,"{""configurations_evaluated"": 3, ""learning_rate"": 0.05, ""max_depth"": 1, ""n_estimators"": 100, ""n_train"": 5165, ""validation"": ""last purged expanding fold""}",decimal
2025-11-28,2025-12-12,10,30.0,0.0385,0.038509809029089404,9.809029089404009e-06,NS_XGBOOST,NS,direct_change,"{""configurations_evaluated"": 3, ""learning_rate"": 0.05, ""max_depth"": 1, ""n_estimators"": 100, ""n_train"": 5165, ""validation"": ""last purged expanding fold""}",decimal
2025-11-28,2025-12-12,10,0.25,0.0228517857142857,0.022591111129553275,-0.0002606745847324246,PCA_XGBOOST,PCA,direct_change,"{""configurations_evaluated"": 3, ""learning_rate"": 0.03, ""max_depth"": 2, ""n_estimators"": 180, ""n_train"": 5165, ""validation"": ""last purged expanding fold""}",decimal
2025-11-28,2025-12-12,10,0.5,0.0229483516483516,0.022989015709460426,4.0664061108825617e-05,PCA_XGBOOST,PCA,direct_change,"{""configurations_evaluated"": 3, ""learning_rate"": 0.03, ""max_depth"": 2, ""n_estimators"": 180, ""n_train"": 5165, ""validation"": ""last purged expanding fold""}",decimal
2025-11-28,2025-12-12,10,1.0,0.023682610976717998,0.02374663980860458,6.402883188658115e-05,PCA_XGBOOST,PCA,direct_change,"{""configurations_evaluated"": 3, ""learning_rate"": 0.03, ""max_depth"": 2, ""n_estimators"": 180, ""n_train"": 5165, ""validation"": ""last purged expanding fold""}",decimal
2025-11-28,2025-12-12,10,2.0,0.0245792369121561,0.025063340709855893,0.00048410379769979126,PCA_XGBOOST,PCA,direct_change,"{""configurations_evaluated"": 3, ""learning_rate"": 0.03, ""max_depth"": 2, ""n_estimators"": 180, ""n_train"": 5165, ""validation"": ""last purged expanding fold""}",decimal
2025-11-28,2025-12-12,10,5.0,0.0265978021978022,0.02726590903365735,0.0006681068358551506,PCA_XGBOOST,PCA,direct_change,"{""configurations_evaluated"": 3, ""learning_rate"": 0.03, ""max_depth"": 2, ""n_estimators"": 180, ""n_train"": 5165, ""validation"": ""last purged expanding fold""}",decimal
2025-11-28,2025-12-12,10,10.0,0.0298225352112675,0.030537123085532983,0.0007145878742654821,PCA_XGBOOST,PCA,direct_change,"{""configurations_evaluated"": 3, ""learning_rate"": 0.03, ""max_depth"": 2, ""n_estimators"": 180, ""n_train"": 5165, ""validation"": ""last purged expanding fold""}",decimal
2025-11-28,2025-12-12,10,15.0,0.0333899504281207,0.033371303705075434,-1.8646723045266655e-05,PCA_XGBOOST,PCA,direct_change,"{""configurations_evaluated"": 3, ""learning_rate"": 0.03, ""max_depth"": 2, ""n_estimators"": 180, ""n_train"": 5165, ""validation"": ""last purged expanding fold""}",decimal
2025-11-28,2025-12-12,10,20.0,0.0348236209335219,0.0351807421692909,0.00035712123576900345,PCA_XGBOOST,PCA,direct_change,"{""configurations_evaluated"": 3, ""learning_rate"": 0.03, ""max_depth"": 2, ""n_estimators"": 180, ""n_train"": 5165, ""validation"": ""last purged expanding fold""}",decimal
2025-11-28,2025-12-12,10,30.0,0.0385,0.038664235512745664,0.00016423551274566406,PCA_XGBOOST,PCA,direct_change,"{""configurations_evaluated"": 3, ""learning_rate"": 0.03, ""max_depth"": 2, ""n_estimators"": 180, ""n_train"": 5165, ""validation"": ""last purged expanding fold""}",decimal
2025-11-28,2026-01-02,22,0.25,0.0221571428571428,0.0229405577194324,0.0007834148622896005,NS_XGBOOST,NS,direct_change,"{""configurations_evaluated"": 3, ""learning_rate"": 0.05, ""max_depth"": 1, ""n_estimators"": 100, ""n_train"": 5153, ""validation"": ""last purged expanding fold""}",decimal
2025-11-28,2026-01-02,22,0.5,0.022377310924369696,0.023203158879611007,0.0008258479552413107,NS_XGBOOST,NS,direct_change,"{""configurations_evaluated"": 3, ""learning_rate"": 0.05, ""max_depth"": 1, ""n_estimators"": 100, ""n_train"": 5153, ""validation"": ""last purged expanding fold""}",decimal
2025-11-28,2026-01-02,22,1.0,0.0234352737699247,0.023718001412035738,0.00028272764211103793,NS_XGBOOST,NS,direct_change,"{""configurations_evaluated"": 3, ""learning_rate"": 0.05, ""max_depth"": 1, ""n_estimators"": 100, ""n_train"": 5153, ""validation"": ""last purged expanding fold""}",decimal
2025-11-28,2026-01-02,22,2.0,0.0243199645075421,0.024707251723489768,0.00038728721594766605,NS_XGBOOST,NS,direct_change,"{""configurations_evaluated"": 3, ""learning_rate"": 0.05, ""max_depth"": 1, ""n_estimators"": 100, ""n_train"": 5153, ""validation"": ""last purged expanding fold""}",decimal
2025-11-28,2026-01-02,22,5.0,0.026301923076923,0.02737244683428326,0.0010705237573602581,NS_XGBOOST,NS,direct_change,"{""configurations_evaluated"": 3, ""learning_rate"": 0.05, ""max_depth"": 1, ""n_estimators"": 100, ""n_train"": 5153, ""validation"": ""last purged expanding fold""}",decimal
2025-11-28,2026-01-02,22,10.0,0.0297549295774647,0.030942725652273514,0.0011877960748088133,NS_XGBOOST,NS,direct_change,"{""configurations_evaluated"": 3, ""learning_rate"": 0.05, ""max_depth"": 1, ""n_estimators"": 100, ""n_train"": 5153, ""validation"": ""last purged expanding fold""}",decimal
2025-11-28,2026-01-02,22,15.0,0.0327687697160883,0.03364891304757415,0.0008801433314858456,NS_XGBOOST,NS,direct_change,"{""configurations_evaluated"": 3, ""learning_rate"": 0.05, ""max_depth"": 1, ""n_estimators"": 100, ""n_train"": 5153, ""validation"": ""last purged expanding fold""}",decimal
2025-11-28,2026-01-02,22,20.0,0.03505388967468169,0.03570781606789199,0.0006539263932102968,NS_XGBOOST,NS,direct_change,"{""configurations_evaluated"": 3, ""learning_rate"": 0.05, ""max_depth"": 1, ""n_estimators"": 100, ""n_train"": 5153, ""validation"": ""last purged expanding fold""}",decimal
2025-11-28,2026-01-02,22,30.0,0.038900000000000004,0.03851173233577917,-0.00038826766422083575,NS_XGBOOST,NS,direct_change,"{""configurations_evaluated"": 3, ""learning_rate"": 0.05, ""max_depth"": 1, ""n_estimators"": 100, ""n_train"": 5153, ""validation"": ""last purged expanding fold""}",decimal
2025-11-28,2026-01-02,22,0.25,0.0221571428571428,0.022512035415181177,0.0003548925580383784,PCA_XGBOOST,PCA,direct_change,"{""configurations_evaluated"": 3, ""learning_rate"": 0.05, ""max_depth"": 1, ""n_estimators"": 100, ""n_train"": 5153, ""validation"": ""last purged expanding fold""}",decimal
2025-11-28,2026-01-02,22,0.5,0.022377310924369696,0.022918320643473877,0.000541009719104181,PCA_XGBOOST,PCA,direct_change,"{""configurations_evaluated"": 3, ""learning_rate"": 0.05, ""max_depth"": 1, ""n_estimators"": 100, ""n_train"": 5153, ""validation"": ""last purged expanding fold""}",decimal
2025-11-28,2026-01-02,22,1.0,0.0234352737699247,0.023687917042900977,0.0002526432729762773,PCA_XGBOOST,PCA,direct_change,"{""configurations_evaluated"": 3, ""learning_rate"": 0.05, ""max_depth"": 1, ""n_estimators"": 100, ""n_train"": 5153, ""validation"": ""last purged expanding fold""}",decimal
2025-11-28,2026-01-02,22,2.0,0.0243199645075421,0.025024248618737147,0.0007042841111950457,PCA_XGBOOST,PCA,direct_change,"{""configurations_evaluated"": 3, ""learning_rate"": 0.05, ""max_depth"": 1, ""n_estimators"": 100, ""n_train"": 5153, ""validation"": ""last purged expanding fold""}",decimal
2025-11-28,2026-01-02,22,5.0,0.026301923076923,0.027241684283230504,0.0009397612063075031,PCA_XGBOOST,PCA,direct_change,"{""configurations_evaluated"": 3, ""learning_rate"": 0.05, ""max_depth"": 1, ""n_estimators"": 100, ""n_train"": 5153, ""validation"": ""last purged expanding fold""}",decimal
2025-11-28,2026-01-02,22,10.0,0.0297549295774647,0.030523631371133134,0.0007687017936684332,PCA_XGBOOST,PCA,direct_change,"{""configurations_evaluated"": 3, ""learning_rate"": 0.05, ""max_depth"": 1, ""n_estimators"": 100, ""n_train"": 5153, ""validation"": ""last purged expanding fold""}",decimal
2025-11-28,2026-01-02,22,15.0,0.0327687697160883,0.03335051616059903,0.0005817464445107279,PCA_XGBOOST,PCA,direct_change,"{""configurations_evaluated"": 3, ""learning_rate"": 0.05, ""max_depth"": 1, ""n_estimators"": 100, ""n_train"": 5153, ""validation"": ""last purged expanding fold""}",decimal
2025-11-28,2026-01-02,22,20.0,0.03505388967468169,0.03509465531622858,4.0765641546890163e-05,PCA_XGBOOST,PCA,direct_change,"{""configurations_evaluated"": 3, ""learning_rate"": 0.05, ""max_depth"": 1, ""n_estimators"": 100, ""n_train"": 5153, ""validation"": ""last purged expanding fold""}",decimal
2025-11-28,2026-01-02,22,30.0,0.038900000000000004,0.03850525347088424,-0.00039474652911576646,PCA_XGBOOST,PCA,direct_change,"{""configurations_evaluated"": 3, ""learning_rate"": 0.05, ""max_depth"": 1, ""n_estimators"": 100, ""n_train"": 5153, ""validation"": ""last purged expanding fold""}",decimal
2025-12-31,2026-01-08,5,0.25,0.0223285714285714,0.02238339172189503,5.482029332362984e-05,NS_XGBOOST,NS,direct_change,"{""configurations_evaluated"": 3, ""learning_rate"": 0.05, ""max_depth"": 1, ""n_estimators"": 100, ""n_train"": 5191, ""validation"": ""last purged expanding fold""}",decimal
2025-12-31,2026-01-08,5,0.5,0.0227873949579831,0.022587820012238396,-0.00019957494574470575,NS_XGBOOST,NS,direct_change,"{""configurations_evaluated"": 3, ""learning_rate"": 0.05, ""max_depth"": 1, ""n_estimators"": 100, ""n_train"": 5191, ""validation"": ""last purged expanding fold""}",decimal
2025-12-31,2026-01-08,5,1.0,0.0238067745601869,0.022995212632733172,-0.0008115619274537272,NS_XGBOOST,NS,direct_change,"{""configurations_evaluated"": 3, ""learning_rate"": 0.05, ""max_depth"": 1, ""n_estimators"": 100, ""n_train"": 5191, ""validation"": ""last purged expanding fold""}",decimal
2025-12-31,2026-01-08,5,2.0,0.0246836734693877,0.023802166847541637,-0.0008815066218460614,NS_XGBOOST,NS,direct_change,"{""configurations_evaluated"": 3, ""learning_rate"": 0.05, ""max_depth"": 1, ""n_estimators"": 100, ""n_train"": 5191, ""validation"": ""last purged expanding fold""}",decimal
2025-12-31,2026-01-08,5,5.0,0.026593406593406498,0.026129053340481805,-0.0004643532529246923,NS_XGBOOST,NS,direct_change,"{""configurations_evaluated"": 3, ""learning_rate"": 0.05, ""max_depth"": 1, ""n_estimators"": 100, ""n_train"": 5191, ""validation"": ""last purged expanding fold""}",decimal
2025-12-31,2026-01-08,5,10.0,0.0298199865861837,0.029576602965837362,-0.0002433836203463366,NS_XGBOOST,NS,direct_change,"{""configurations_evaluated"": 3, ""learning_rate"": 0.05, ""max_depth"": 1, ""n_estimators"": 100, ""n_train"": 5191, ""validation"": ""last purged expanding fold""}",decimal
2025-12-31,2026-01-08,5,15.0,0.0331934770889487,0.032426042051642345,-0.0007674350373063563,NS_XGBOOST,NS,direct_change,"{""configurations_evaluated"": 3, ""learning_rate"": 0.05, ""max_depth"": 1, ""n_estimators"": 100, ""n_train"": 5191, ""validation"": ""last purged expanding fold""}",decimal
2025-12-31,2026-01-08,5,20.0,0.0354191074634521,0.034722013926645645,-0.0006970935368064562,NS_XGBOOST,NS,direct_change,"{""configurations_evaluated"": 3, ""learning_rate"": 0.05, ""max_depth"": 1, ""n_estimators"": 100, ""n_train"": 5191, ""validation"": ""last purged expanding fold""}",decimal
2025-12-31,2026-01-08,5,30.0,0.038900000000000004,0.038012941645725266,-0.0008870583542747376,NS_XGBOOST,NS,direct_change,"{""configurations_evaluated"": 3, ""learning_rate"": 0.05, ""max_depth"": 1, ""n_estimators"": 100, ""n_train"": 5191, ""validation"": ""last purged expanding fold""}",decimal
2025-12-31,2026-01-08,5,0.25,0.0223285714285714,0.021952676853476134,-0.0003758945750952647,PCA_XGBOOST,PCA,direct_change,"{""configurations_evaluated"": 3, ""learning_rate"": 0.05, ""max_depth"": 2, ""n_estimators"": 100, ""n_train"": 5191, ""validation"": ""last purged expanding fold""}",decimal
2025-12-31,2026-01-08,5,0.5,0.0227873949579831,0.022304996059907177,-0.0004823988980759246,PCA_XGBOOST,PCA,direct_change,"{""configurations_evaluated"": 3, ""learning_rate"": 0.05, ""max_depth"": 2, ""n_estimators"": 100, ""n_train"": 5191, ""validation"": ""last purged expanding fold""}",decimal
2025-12-31,2026-01-08,5,1.0,0.0238067745601869,0.023003904404723836,-0.0008028701554630632,PCA_XGBOOST,PCA,direct_change,"{""configurations_evaluated"": 3, ""learning_rate"": 0.05, ""max_depth"": 2, ""n_estimators"": 100, ""n_train"": 5191, ""validation"": ""last purged expanding fold""}",decimal
2025-12-31,2026-01-08,5,2.0,0.0246836734693877,0.024229706452329802,-0.0004539670170578963,PCA_XGBOOST,PCA,direct_change,"{""configurations_evaluated"": 3, ""learning_rate"": 0.05, ""max_depth"": 2, ""n_estimators"": 100, ""n_train"": 5191, ""validation"": ""last purged expanding fold""}",decimal
2025-12-31,2026-01-08,5,5.0,0.026593406593406498,0.026356152349627474,-0.000237254243779024,PCA_XGBOOST,PCA,direct_change,"{""configurations_evaluated"": 3, ""learning_rate"": 0.05, ""max_depth"": 2, ""n_estimators"": 100, ""n_train"": 5191, ""validation"": ""last purged expanding fold""}",decimal
2025-12-31,2026-01-08,5,10.0,0.0298199865861837,0.029589362281246825,-0.00023062430493687308,PCA_XGBOOST,PCA,direct_change,"{""configurations_evaluated"": 3, ""learning_rate"": 0.05, ""max_depth"": 2, ""n_estimators"": 100, ""n_train"": 5191, ""validation"": ""last purged expanding fold""}",decimal
2025-12-31,2026-01-08,5,15.0,0.0331934770889487,0.03245666525195067,-0.0007368118369980303,PCA_XGBOOST,PCA,direct_change,"{""configurations_evaluated"": 3, ""learning_rate"": 0.05, ""max_depth"": 2, ""n_estimators"": 100, ""n_train"": 5191, ""validation"": ""last purged expanding fold""}",decimal
2025-12-31,2026-01-08,5,20.0,0.0354191074634521,0.03451750778043958,-0.0009015996830125245,PCA_XGBOOST,PCA,direct_change,"{""configurations_evaluated"": 3, ""learning_rate"": 0.05, ""max_depth"": 2, ""n_estimators"": 100, ""n_train"": 5191, ""validation"": ""last purged expanding fold""}",decimal
2025-12-31,2026-01-08,5,30.0,0.038900000000000004,0.03842140279131517,-0.0004785972086848306,PCA_XGBOOST,PCA,direct_change,"{""configurations_evaluated"": 3, ""learning_rate"": 0.05, ""max_depth"": 2, ""n_estimators"": 100, ""n_train"": 5191, ""validation"": ""last purged expanding fold""}",decimal
2025-12-31,2026-01-16,10,0.25,0.0228523809523809,0.022582295644556084,-0.000270085307824814,NS_XGBOOST,NS,direct_change,"{""configurations_evaluated"": 3, ""learning_rate"": 0.05, ""max_depth"": 1, ""n_estimators"": 100, ""n_train"": 5186, ""validation"": ""last purged expanding fold""}",decimal
2025-12-31,2026-01-16,10,0.5,0.0232521008403361,0.022788753104718174,-0.00046334773561792705,NS_XGBOOST,NS,direct_change,"{""configurations_evaluated"": 3, ""learning_rate"": 0.05, ""max_depth"": 1, ""n_estimators"": 100, ""n_train"": 5186, ""validation"": ""last purged expanding fold""}",decimal
2025-12-31,2026-01-16,10,1.0,0.0245831426091439,0.023199899442385787,-0.0013832431667581135,NS_XGBOOST,NS,direct_change,"{""configurations_evaluated"": 3, ""learning_rate"": 0.05, ""max_depth"": 1, ""n_estimators"": 100, ""n_train"": 5186, ""validation"": ""last purged expanding fold""}",decimal
2025-12-31,2026-01-16,10,2.0,0.0257172138420585,0.024013244162525524,-0.0017039696795329747,NS_XGBOOST,NS,direct_change,"{""configurations_evaluated"": 3, ""learning_rate"": 0.05, ""max_depth"": 1, ""n_estimators"": 100, ""n_train"": 5186, ""validation"": ""last purged expanding fold""}",decimal
2025-12-31,2026-01-16,10,5.0,0.0281266483516483,0.02635214834662227,-0.00177450000502603,NS_XGBOOST,NS,direct_change,"{""configurations_evaluated"": 3, ""learning_rate"": 0.05, ""max_depth"": 1, ""n_estimators"": 100, ""n_train"": 5186, ""validation"": ""last purged expanding fold""}",decimal
2025-12-31,2026-01-16,10,10.0,0.030694366197183,0.02980455387129869,-0.0008898123258843094,NS_XGBOOST,NS,direct_change,"{""configurations_evaluated"": 3, ""learning_rate"": 0.05, ""max_depth"": 1, ""n_estimators"": 100, ""n_train"": 5186, ""validation"": ""last purged expanding fold""}",decimal
2025-12-31,2026-01-16,10,15.0,0.0336883731410545,0.0326496351382608,-0.0010387380027937002,NS_XGBOOST,NS,direct_change,"{""configurations_evaluated"": 3, ""learning_rate"": 0.05, ""max_depth"": 1, ""n_estimators"": 100, ""n_train"": 5186, ""validation"": ""last purged expanding fold""}",decimal
2025-12-31,2026-01-16,10,20.0,0.0356697312588401,0.03493793403830621,-0.0007317972205338891,NS_XGBOOST,NS,direct_change,"{""configurations_evaluated"": 3, ""learning_rate"": 0.05, ""max_depth"": 1, ""n_estimators"": 100, ""n_train"": 5186, ""validation"": ""last purged expanding fold""}",decimal
2025-12-31,2026-01-16,10,30.0,0.0395,0.03821282740059633,-0.0012871725994036687,NS_XGBOOST,NS,direct_change,"{""configurations_evaluated"": 3, ""learning_rate"": 0.05, ""max_depth"": 1, ""n_estimators"": 100, ""n_train"": 5186, ""validation"": ""last purged expanding fold""}",decimal
2025-12-31,2026-01-16,10,0.25,0.0228523809523809,0.021986062614436773,-0.0008663183379441254,PCA_XGBOOST,PCA,direct_change,"{""configurations_evaluated"": 3, ""learning_rate"": 0.03, ""max_depth"": 2, ""n_estimators"": 180, ""n_train"": 5186, ""validation"": ""last purged expanding fold""}",decimal
2025-12-31,2026-01-16,10,0.5,0.0232521008403361,0.022330919003820088,-0.0009211818365160128,PCA_XGBOOST,PCA,direct_change,"{""configurations_evaluated"": 3, ""learning_rate"": 0.03, ""max_depth"": 2, ""n_estimators"": 180, ""n_train"": 5186, ""validation"": ""last purged expanding fold""}",decimal
2025-12-31,2026-01-16,10,1.0,0.0245831426091439,0.02301627757288766,-0.0015668650362562417,PCA_XGBOOST,PCA,direct_change,"{""configurations_evaluated"": 3, ""learning_rate"": 0.03, ""max_depth"": 2, ""n_estimators"": 180, ""n_train"": 5186, ""validation"": ""last purged expanding fold""}",decimal
2025-12-31,2026-01-16,10,2.0,0.0257172138420585,0.02422059555824737,-0.001496618283811129,PCA_XGBOOST,PCA,direct_change,"{""configurations_evaluated"": 3, ""learning_rate"": 0.03, ""max_depth"": 2, ""n_estimators"": 180, ""n_train"": 5186, ""validation"": ""last purged expanding fold""}",decimal
2025-12-31,2026-01-16,10,5.0,0.0281266483516483,0.02630850413275874,-0.00181814421888956,PCA_XGBOOST,PCA,direct_change,"{""configurations_evaluated"": 3, ""learning_rate"": 0.03, ""max_depth"": 2, ""n_estimators"": 180, ""n_train"": 5186, ""validation"": ""last purged expanding fold""}",decimal
2025-12-31,2026-01-16,10,10.0,0.030694366197183,0.02950702119524519,-0.0011873450019378104,PCA_XGBOOST,PCA,direct_change,"{""configurations_evaluated"": 3, ""learning_rate"": 0.03, ""max_depth"": 2, ""n_estimators"": 180, ""n_train"": 5186, ""validation"": ""last purged expanding fold""}",decimal
2025-12-31,2026-01-16,10,15.0,0.0336883731410545,0.03235777707217913,-0.001330596068875374,PCA_XGBOOST,PCA,direct_change,"{""configurations_evaluated"": 3, ""learning_rate"": 0.03, ""max_depth"": 2, ""n_estimators"": 180, ""n_train"": 5186, ""validation"": ""last purged expanding fold""}",decimal
2025-12-31,2026-01-16,10,20.0,0.0356697312588401,0.03442935430371551,-0.001240376955124585,PCA_XGBOOST,PCA,direct_change,"{""configurations_evaluated"": 3, ""learning_rate"": 0.03, ""max_depth"": 2, ""n_estimators"": 180, ""n_train"": 5186, ""validation"": ""last purged expanding fold""}",decimal
2025-12-31,2026-01-16,10,30.0,0.0395,0.03838611758144696,-0.001113882418553043,PCA_XGBOOST,PCA,direct_change,"{""configurations_evaluated"": 3, ""learning_rate"": 0.03, ""max_depth"": 2, ""n_estimators"": 180, ""n_train"": 5186, ""validation"": ""last purged expanding fold""}",decimal
2025-12-31,2026-02-03,22,0.25,0.0233142857142857,0.022380816153284598,-0.0009334695610011025,NS_XGBOOST,NS,direct_change,"{""configurations_evaluated"": 3, ""learning_rate"": 0.05, ""max_depth"": 1, ""n_estimators"": 100, ""n_train"": 5174, ""validation"": ""last purged expanding fold""}",decimal
2025-12-31,2026-02-03,22,0.5,0.0236966386554621,0.02259797283170615,-0.001098665823755951,NS_XGBOOST,NS,direct_change,"{""configurations_evaluated"": 3, ""learning_rate"": 0.05, ""max_depth"": 1, ""n_estimators"": 100, ""n_train"": 5174, ""validation"": ""last purged expanding fold""}",decimal
2025-12-31,2026-02-03,22,1.0,0.025139496932787598,0.023029040812116965,-0.0021104561206706333,NS_XGBOOST,NS,direct_change,"{""configurations_evaluated"": 3, ""learning_rate"": 0.05, ""max_depth"": 1, ""n_estimators"": 100, ""n_train"": 5174, ""validation"": ""last purged expanding fold""}",decimal
2025-12-31,2026-02-03,22,2.0,0.026380479148181,0.023876803098444276,-0.002503676049736725,NS_XGBOOST,NS,direct_change,"{""configurations_evaluated"": 3, ""learning_rate"": 0.05, ""max_depth"": 1, ""n_estimators"": 100, ""n_train"": 5174, ""validation"": ""last purged expanding fold""}",decimal
2025-12-31,2026-02-03,22,5.0,0.029121978021978003,0.026284014756832463,-0.00283796326514554,NS_XGBOOST,NS,direct_change,"{""configurations_evaluated"": 3, ""learning_rate"": 0.05, ""max_depth"": 1, ""n_estimators"": 100, ""n_train"": 5174, ""validation"": ""last purged expanding fold""}",decimal
2025-12-31,2026-02-03,22,10.0,0.0314670020120724,0.029775121762125597,-0.0016918802499468026,NS_XGBOOST,NS,direct_change,"{""configurations_evaluated"": 3, ""learning_rate"": 0.05, ""max_depth"": 1, ""n_estimators"": 100, ""n_train"": 5174, ""validation"": ""last purged expanding fold""}",decimal
2025-12-31,2026-02-03,22,15.0,0.034082514646237,0.032611784858442204,-0.0014707297877947986,NS_XGBOOST,NS,direct_change,"{""configurations_evaluated"": 3, ""learning_rate"": 0.05, ""max_depth"": 1, ""n_estimators"": 100, ""n_train"": 5174, ""validation"": ""last purged expanding fold""}",decimal
2025-12-31,2026-02-03,22,20.0,0.035999603960396004,0.03487321400527553,-0.0011263899551204742,NS_XGBOOST,NS,direct_change,"{""configurations_evaluated"": 3, ""learning_rate"": 0.05, ""max_depth"": 1, ""n_estimators"": 100, ""n_train"": 5174, ""validation"": ""last purged expanding fold""}",decimal
2025-12-31,2026-02-03,22,30.0,0.04,0.03808528503960183,-0.0019147149603981686,NS_XGBOOST,NS,direct_change,"{""configurations_evaluated"": 3, ""learning_rate"": 0.05, ""max_depth"": 1, ""n_estimators"": 100, ""n_train"": 5174, ""validation"": ""last purged expanding fold""}",decimal
2025-12-31,2026-02-03,22,0.25,0.0233142857142857,0.021876567968160274,-0.0014377177461254269,PCA_XGBOOST,PCA,direct_change,"{""configurations_evaluated"": 3, ""learning_rate"": 0.05, ""max_depth"": 1, ""n_estimators"": 100, ""n_train"": 5174, ""validation"": ""last purged expanding fold""}",decimal
2025-12-31,2026-02-03,22,0.5,0.0236966386554621,0.022221169801344344,-0.0014754688541177563,PCA_XGBOOST,PCA,direct_change,"{""configurations_evaluated"": 3, ""learning_rate"": 0.05, ""max_depth"": 1, ""n_estimators"": 100, ""n_train"": 5174, ""validation"": ""last purged expanding fold""}",decimal
2025-12-31,2026-02-03,22,1.0,0.025139496932787598,0.02290529378144851,-0.0022342031513390877,PCA_XGBOOST,PCA,direct_change,"{""configurations_evaluated"": 3, ""learning_rate"": 0.05, ""max_depth"": 1, ""n_estimators"": 100, ""n_train"": 5174, ""validation"": ""last purged expanding fold""}",decimal
2025-12-31,2026-02-03,22,2.0,0.026380479148181,0.024108701864566134,-0.002271777283614867,PCA_XGBOOST,PCA,direct_change,"{""configurations_evaluated"": 3, ""learning_rate"": 0.05, ""max_depth"": 1, ""n_estimators"": 100, ""n_train"": 5174, ""validation"": ""last purged expanding fold""}",decimal
2025-12-31,2026-02-03,22,5.0,0.029121978021978003,0.02618634537340877,-0.0029356326485692336,PCA_XGBOOST,PCA,direct_change,"{""configurations_evaluated"": 3, ""learning_rate"": 0.05, ""max_depth"": 1, ""n_estimators"": 100, ""n_train"": 5174, ""validation"": ""last purged expanding fold""}",decimal
2025-12-31,2026-02-03,22,10.0,0.0314670020120724,0.029376012563331874,-0.0020909894487405253,PCA_XGBOOST,PCA,direct_change,"{""configurations_evaluated"": 3, ""learning_rate"": 0.05, ""max_depth"": 1, ""n_estimators"": 100, ""n_train"": 5174, ""validation"": ""last purged expanding fold""}",decimal
2025-12-31,2026-02-03,22,15.0,0.034082514646237,0.03221715887644747,-0.0018653557697895298,PCA_XGBOOST,PCA,direct_change,"{""configurations_evaluated"": 3, ""learning_rate"": 0.05, ""max_depth"": 1, ""n_estimators"": 100, ""n_train"": 5174, ""validation"": ""last purged expanding fold""}",decimal
2025-12-31,2026-02-03,22,20.0,0.035999603960396004,0.03426376616217566,-0.001735837798220341,PCA_XGBOOST,PCA,direct_change,"{""configurations_evaluated"": 3, ""learning_rate"": 0.05, ""max_depth"": 1, ""n_estimators"": 100, ""n_train"": 5174, ""validation"": ""last purged expanding fold""}",decimal
2025-12-31,2026-02-03,22,30.0,0.04,0.03822159299107938,-0.0017784070089206239,PCA_XGBOOST,PCA,direct_change,"{""configurations_evaluated"": 3, ""learning_rate"": 0.05, ""max_depth"": 1, ""n_estimators"": 100, ""n_train"": 5174, ""validation"": ""last purged expanding fold""}",decimal
2026-01-30,2026-02-06,5,0.25,0.0231730158730158,0.024068772207569512,0.0008957563345537121,NS_XGBOOST,NS,direct_change,"{""configurations_evaluated"": 3, ""learning_rate"": 0.05, ""max_depth"": 1, ""n_estimators"": 100, ""n_train"": 5211, ""validation"": ""last purged expanding fold""}",decimal
2026-01-30,2026-02-06,5,0.5,0.0235042016806722,0.024324594782562853,0.0008203931018906513,NS_XGBOOST,NS,direct_change,"{""configurations_evaluated"": 3, ""learning_rate"": 0.05, ""max_depth"": 1, ""n_estimators"": 100, ""n_train"": 5211, ""validation"": ""last purged expanding fold""}",decimal
2026-01-30,2026-02-06,5,1.0,0.0244833516303587,0.024825369468745848,0.0003420178383871479,NS_XGBOOST,NS,direct_change,"{""configurations_evaluated"": 3, ""learning_rate"": 0.05, ""max_depth"": 1, ""n_estimators"": 100, ""n_train"": 5211, ""validation"": ""last purged expanding fold""}",decimal
2026-01-30,2026-02-06,5,2.0,0.0257350488021295,0.025784740456223077,4.9691654093575455e-05,NS_XGBOOST,NS,direct_change,"{""configurations_evaluated"": 3, ""learning_rate"": 0.05, ""max_depth"": 1, ""n_estimators"": 100, ""n_train"": 5211, ""validation"": ""last purged expanding fold""}",decimal
2026-01-30,2026-02-06,5,5.0,0.028987912087912,0.02835142126149975,-0.0006364908264122511,NS_XGBOOST,NS,direct_change,"{""configurations_evaluated"": 3, ""learning_rate"": 0.05, ""max_depth"": 1, ""n_estimators"": 100, ""n_train"": 5211, ""validation"": ""last purged expanding fold""}",decimal
2026-01-30,2026-02-06,5,10.0,0.0314011904761904,0.031750776238891165,0.00034958576270076314,NS_XGBOOST,NS,direct_change,"{""configurations_evaluated"": 3, ""learning_rate"": 0.05, ""max_depth"": 1, ""n_estimators"": 100, ""n_train"": 5211, ""validation"": ""last purged expanding fold""}",decimal
2026-01-30,2026-02-06,5,15.0,0.0337601233299075,0.03429955552483127,0.000539432194923771,NS_XGBOOST,NS,direct_change,"{""configurations_evaluated"": 3, ""learning_rate"": 0.05, ""max_depth"": 1, ""n_estimators"": 100, ""n_train"": 5211, ""validation"": ""last purged expanding fold""}",decimal
2026-01-30,2026-02-06,5,20.0,0.0360031683168316,0.03622360247591175,0.00022043415908015035,NS_XGBOOST,NS,direct_change,"{""configurations_evaluated"": 3, ""learning_rate"": 0.05, ""max_depth"": 1, ""n_estimators"": 100, ""n_train"": 5211, ""validation"": ""last purged expanding fold""}",decimal
2026-01-30,2026-02-06,5,30.0,0.04,0.03882451433185366,-0.0011754856681463408,NS_XGBOOST,NS,direct_change,"{""configurations_evaluated"": 3, ""learning_rate"": 0.05, ""max_depth"": 1, ""n_estimators"": 100, ""n_train"": 5211, ""validation"": ""last purged expanding fold""}",decimal
2026-01-30,2026-02-06,5,0.25,0.0231730158730158,0.02369607701458251,0.0005230611415667115,PCA_XGBOOST,PCA,direct_change,"{""configurations_evaluated"": 3, ""learning_rate"": 0.03, ""max_depth"": 2, ""n_estimators"": 180, ""n_train"": 5211, ""validation"": ""last purged expanding fold""}",decimal
2026-01-30,2026-02-06,5,0.5,0.0235042016806722,0.024107038718819862,0.0006028370381476605,PCA_XGBOOST,PCA,direct_change,"{""configurations_evaluated"": 3, ""learning_rate"": 0.03, ""max_depth"": 2, ""n_estimators"": 180, ""n_train"": 5211, ""validation"": ""last purged expanding fold""}",decimal
2026-01-30,2026-02-06,5,1.0,0.0244833516303587,0.024879813876977578,0.0003964622466188783,PCA_XGBOOST,PCA,direct_change,"{""configurations_evaluated"": 3, ""learning_rate"": 0.03, ""max_depth"": 2, ""n_estimators"": 180, ""n_train"": 5211, ""validation"": ""last purged expanding fold""}",decimal
2026-01-30,2026-02-06,5,2.0,0.0257350488021295,0.026200213225176874,0.000465164423047372,PCA_XGBOOST,PCA,direct_change,"{""configurations_evaluated"": 3, ""learning_rate"": 0.03, ""max_depth"": 2, ""n_estimators"": 180, ""n_train"": 5211, ""validation"": ""last purged expanding fold""}",decimal
2026-01-30,2026-02-06,5,5.0,0.028987912087912,0.028366015296049648,-0.0006218967918623537,PCA_XGBOOST,PCA,direct_change,"{""configurations_evaluated"": 3, ""learning_rate"": 0.03, ""max_depth"": 2, ""n_estimators"": 180, ""n_train"": 5211, ""validation"": ""last purged expanding fold""}",decimal
2026-01-30,2026-02-06,5,10.0,0.0314011904761904,0.03157662072092029,0.0001754302447298864,PCA_XGBOOST,PCA,direct_change,"{""configurations_evaluated"": 3, ""learning_rate"": 0.03, ""max_depth"": 2, ""n_estimators"": 180, ""n_train"": 5211, ""validation"": ""last purged expanding fold""}",decimal
2026-01-30,2026-02-06,5,15.0,0.0337601233299075,0.034356287758808085,0.0005961644289005849,PCA_XGBOOST,PCA,direct_change,"{""configurations_evaluated"": 3, ""learning_rate"": 0.03, ""max_depth"": 2, ""n_estimators"": 180, ""n_train"": 5211, ""validation"": ""last purged expanding fold""}",decimal
2026-01-30,2026-02-06,5,20.0,0.0360031683168316,0.03604973927853931,4.6570961707709246e-05,PCA_XGBOOST,PCA,direct_change,"{""configurations_evaluated"": 3, ""learning_rate"": 0.03, ""max_depth"": 2, ""n_estimators"": 180, ""n_train"": 5211, ""validation"": ""last purged expanding fold""}",decimal
2026-01-30,2026-02-06,5,30.0,0.04,0.03932884518441699,-0.000671154815583011,PCA_XGBOOST,PCA,direct_change,"{""configurations_evaluated"": 3, ""learning_rate"": 0.03, ""max_depth"": 2, ""n_estimators"": 180, ""n_train"": 5211, ""validation"": ""last purged expanding fold""}",decimal
2026-01-30,2026-02-13,10,0.25,0.0228809523809523,0.024193481713202455,0.0013125293322501543,NS_XGBOOST,NS,direct_change,"{""configurations_evaluated"": 3, ""learning_rate"": 0.05, ""max_depth"": 1, ""n_estimators"": 100, ""n_train"": 5206, ""validation"": ""last purged expanding fold""}",decimal
2026-01-30,2026-02-13,10,0.5,0.0229739495798319,0.024447843982782654,0.0014738944029507525,NS_XGBOOST,NS,direct_change,"{""configurations_evaluated"": 3, ""learning_rate"": 0.05, ""max_depth"": 1, ""n_estimators"": 100, ""n_train"": 5206, ""validation"": ""last purged expanding fold""}",decimal
2026-01-30,2026-02-13,10,1.0,0.0233225732545943,0.024945803779230565,0.0016232305246362648,NS_XGBOOST,NS,direct_change,"{""configurations_evaluated"": 3, ""learning_rate"": 0.05, ""max_depth"": 1, ""n_estimators"": 100, ""n_train"": 5206, ""validation"": ""last purged expanding fold""}",decimal
2026-01-30,2026-02-13,10,2.0,0.024578172138420496,0.025899942190943312,0.0013217700525228158,NS_XGBOOST,NS,direct_change,"{""configurations_evaluated"": 3, ""learning_rate"": 0.05, ""max_depth"": 1, ""n_estimators"": 100, ""n_train"": 5206, ""validation"": ""last purged expanding fold""}",decimal
2026-01-30,2026-02-13,10,5.0,0.028182692307692304,0.028453639502683988,0.00027094719499168307,NS_XGBOOST,NS,direct_change,"{""configurations_evaluated"": 3, ""learning_rate"": 0.05, ""max_depth"": 1, ""n_estimators"": 100, ""n_train"": 5206, ""validation"": ""last purged expanding fold""}",decimal
2026-01-30,2026-02-13,10,10.0,0.0309671361502347,0.0318380105132896,0.0008708743630548993,NS_XGBOOST,NS,direct_change,"{""configurations_evaluated"": 3, ""learning_rate"": 0.05, ""max_depth"": 1, ""n_estimators"": 100, ""n_train"": 5206, ""validation"": ""last purged expanding fold""}",decimal
2026-01-30,2026-02-13,10,15.0,0.033673321315908,0.034377154436615265,0.0007038331207072646,NS_XGBOOST,NS,direct_change,"{""configurations_evaluated"": 3, ""learning_rate"": 0.05, ""max_depth"": 1, ""n_estimators"": 100, ""n_train"": 5206, ""validation"": ""last purged expanding fold""}",decimal
2026-01-30,2026-02-13,10,20.0,0.0361064497878359,0.03629480420836597,0.0001883544205300708,NS_XGBOOST,NS,direct_change,"{""configurations_evaluated"": 3, ""learning_rate"": 0.05, ""max_depth"": 1, ""n_estimators"": 100, ""n_train"": 5206, ""validation"": ""last purged expanding fold""}",decimal
2026-01-30,2026-02-13,10,30.0,0.04,0.03888820055943638,-0.001111799440563624,NS_XGBOOST,NS,direct_change,"{""configurations_evaluated"": 3, ""learning_rate"": 0.05, ""max_depth"": 1, ""n_estimators"": 100, ""n_train"": 5206, ""validation"": ""last purged expanding fold""}",decimal
2026-01-30,2026-02-13,10,0.25,0.0228809523809523,0.023699038599179684,0.0008180862182273832,PCA_XGBOOST,PCA,direct_change,"{""configurations_evaluated"": 3, ""learning_rate"": 0.03, ""max_depth"": 2, ""n_estimators"": 180, ""n_train"": 5206, ""validation"": ""last purged expanding fold""}",decimal
2026-01-30,2026-02-13,10,0.5,0.0229739495798319,0.02410623468500811,0.0011322851051762083,PCA_XGBOOST,PCA,direct_change,"{""configurations_evaluated"": 3, ""learning_rate"": 0.03, ""max_depth"": 2, ""n_estimators"": 180, ""n_train"": 5206, ""validation"": ""last purged expanding fold""}",decimal
2026-01-30,2026-02-13,10,1.0,0.0233225732545943,0.02487246652967067,0.0015498932750763715,PCA_XGBOOST,PCA,direct_change,"{""configurations_evaluated"": 3, ""learning_rate"": 0.03, ""max_depth"": 2, ""n_estimators"": 180, ""n_train"": 5206, ""validation"": ""last purged expanding fold""}",decimal
2026-01-30,2026-02-13,10,2.0,0.024578172138420496,0.026182579250825927,0.0016044071124054309,PCA_XGBOOST,PCA,direct_change,"{""configurations_evaluated"": 3, ""learning_rate"": 0.03, ""max_depth"": 2, ""n_estimators"": 180, ""n_train"": 5206, ""validation"": ""last purged expanding fold""}",decimal
2026-01-30,2026-02-13,10,5.0,0.028182692307692304,0.028331110522420162,0.00014841821472785788,PCA_XGBOOST,PCA,direct_change,"{""configurations_evaluated"": 3, ""learning_rate"": 0.03, ""max_depth"": 2, ""n_estimators"": 180, ""n_train"": 5206, ""validation"": ""last purged expanding fold""}",decimal
2026-01-30,2026-02-13,10,10.0,0.0309671361502347,0.03152657554975202,0.0005594393995173239,PCA_XGBOOST,PCA,direct_change,"{""configurations_evaluated"": 3, ""learning_rate"": 0.03, ""max_depth"": 2, ""n_estimators"": 180, ""n_train"": 5206, ""validation"": ""last purged expanding fold""}",decimal
2026-01-30,2026-02-13,10,15.0,0.033673321315908,0.034299722080549336,0.0006264007646413355,PCA_XGBOOST,PCA,direct_change,"{""configurations_evaluated"": 3, ""learning_rate"": 0.03, ""max_depth"": 2, ""n_estimators"": 180, ""n_train"": 5206, ""validation"": ""last purged expanding fold""}",decimal
2026-01-30,2026-02-13,10,20.0,0.0361064497878359,0.036001200623281826,-0.00010524916455407346,PCA_XGBOOST,PCA,direct_change,"{""configurations_evaluated"": 3, ""learning_rate"": 0.03, ""max_depth"": 2, ""n_estimators"": 180, ""n_train"": 5206, ""validation"": ""last purged expanding fold""}",decimal
2026-01-30,2026-02-13,10,30.0,0.04,0.03930867583828253,-0.0006913241617174729,PCA_XGBOOST,PCA,direct_change,"{""configurations_evaluated"": 3, ""learning_rate"": 0.03, ""max_depth"": 2, ""n_estimators"": 180, ""n_train"": 5206, ""validation"": ""last purged expanding fold""}",decimal
2026-01-30,2026-03-03,22,0.25,0.022565934065934,0.02435751009983668,0.0017915760339026789,NS_XGBOOST,NS,direct_change,"{""configurations_evaluated"": 3, ""learning_rate"": 0.05, ""max_depth"": 1, ""n_estimators"": 100, ""n_train"": 5194, ""validation"": ""last purged expanding fold""}",decimal
2026-01-30,2026-03-03,22,0.5,0.0230071428571428,0.024604879326392076,0.0015977364692492772,NS_XGBOOST,NS,direct_change,"{""configurations_evaluated"": 3, ""learning_rate"": 0.05, ""max_depth"": 1, ""n_estimators"": 100, ""n_train"": 5194, ""validation"": ""last purged expanding fold""}",decimal
2026-01-30,2026-03-03,22,1.0,0.023874893313969504,0.02508962767392708,0.0012147343599575762,NS_XGBOOST,NS,direct_change,"{""configurations_evaluated"": 3, ""learning_rate"": 0.05, ""max_depth"": 1, ""n_estimators"": 100, ""n_train"": 5194, ""validation"": ""last purged expanding fold""}",decimal
2026-01-30,2026-03-03,22,2.0,0.0249962732919254,0.02602020666605023,0.0010239333741248295,NS_XGBOOST,NS,direct_change,"{""configurations_evaluated"": 3, ""learning_rate"": 0.05, ""max_depth"": 1, ""n_estimators"": 100, ""n_train"": 5194, ""validation"": ""last purged expanding fold""}",decimal
2026-01-30,2026-03-03,22,5.0,0.028193681318681295,0.02852197860747302,0.00032829728879172487,NS_XGBOOST,NS,direct_change,"{""configurations_evaluated"": 3, ""learning_rate"": 0.05, ""max_depth"": 1, ""n_estimators"": 100, ""n_train"": 5194, ""validation"": ""last purged expanding fold""}",decimal
2026-01-30,2026-03-03,22,10.0,0.030346411804158202,0.03186176055927328,0.0015153487551150813,NS_XGBOOST,NS,direct_change,"{""configurations_evaluated"": 3, ""learning_rate"": 0.05, ""max_depth"": 1, ""n_estimators"": 100, ""n_train"": 5194, ""validation"": ""last purged expanding fold""}",decimal
2026-01-30,2026-03-03,22,15.0,0.03348377647589,0.03438495998573801,0.0009011835098480109,NS_XGBOOST,NS,direct_change,"{""configurations_evaluated"": 3, ""learning_rate"": 0.05, ""max_depth"": 1, ""n_estimators"": 100, ""n_train"": 5194, ""validation"": ""last purged expanding fold""}",decimal
2026-01-30,2026-03-03,22,20.0,0.0364106930693069,0.03630015668908189,-0.00011053638022501255,NS_XGBOOST,NS,direct_change,"{""configurations_evaluated"": 3, ""learning_rate"": 0.05, ""max_depth"": 1, ""n_estimators"": 100, ""n_train"": 5194, ""validation"": ""last purged expanding fold""}",decimal
2026-01-30,2026-03-03,22,30.0,0.04,0.03890261609100337,-0.0010973839089966284,NS_XGBOOST,NS,direct_change,"{""configurations_evaluated"": 3, ""learning_rate"": 0.05, ""max_depth"": 1, ""n_estimators"": 100, ""n_train"": 5194, ""validation"": ""last purged expanding fold""}",decimal
2026-01-30,2026-03-03,22,0.25,0.022565934065934,0.023675889028986985,0.0011099549630529844,PCA_XGBOOST,PCA,direct_change,"{""configurations_evaluated"": 3, ""learning_rate"": 0.05, ""max_depth"": 1, ""n_estimators"": 100, ""n_train"": 5194, ""validation"": ""last purged expanding fold""}",decimal
2026-01-30,2026-03-03,22,0.5,0.0230071428571428,0.024074089202506636,0.0010669463453638374,PCA_XGBOOST,PCA,direct_change,"{""configurations_evaluated"": 3, ""learning_rate"": 0.05, ""max_depth"": 1, ""n_estimators"": 100, ""n_train"": 5194, ""validation"": ""last purged expanding fold""}",decimal
2026-01-30,2026-03-03,22,1.0,0.023874893313969504,0.02482428020056765,0.0009493868865981456,PCA_XGBOOST,PCA,direct_change,"{""configurations_evaluated"": 3, ""learning_rate"": 0.05, ""max_depth"": 1, ""n_estimators"": 100, ""n_train"": 5194, ""validation"": ""last purged expanding fold""}",decimal
2026-01-30,2026-03-03,22,2.0,0.0249962732919254,0.0261094438086441,0.0011131705167186992,PCA_XGBOOST,PCA,direct_change,"{""configurations_evaluated"": 3, ""learning_rate"": 0.05, ""max_depth"": 1, ""n_estimators"": 100, ""n_train"": 5194, ""validation"": ""last purged expanding fold""}",decimal
2026-01-30,2026-03-03,22,5.0,0.028193681318681295,0.028212471317787507,1.878999910621265e-05,PCA_XGBOOST,PCA,direct_change,"{""configurations_evaluated"": 3, ""learning_rate"": 0.05, ""max_depth"": 1, ""n_estimators"": 100, ""n_train"": 5194, ""validation"": ""last purged expanding fold""}",decimal
2026-01-30,2026-03-03,22,10.0,0.030346411804158202,0.03136783825765366,0.0010214264534954554,PCA_XGBOOST,PCA,direct_change,"{""configurations_evaluated"": 3, ""learning_rate"": 0.05, ""max_depth"": 1, ""n_estimators"": 100, ""n_train"": 5194, ""validation"": ""last purged expanding fold""}",decimal
2026-01-30,2026-03-03,22,15.0,0.03348377647589,0.034121323225444394,0.0006375467495543935,PCA_XGBOOST,PCA,direct_change,"{""configurations_evaluated"": 3, ""learning_rate"": 0.05, ""max_depth"": 1, ""n_estimators"": 100, ""n_train"": 5194, ""validation"": ""last purged expanding fold""}",decimal
2026-01-30,2026-03-03,22,20.0,0.0364106930693069,0.03583191810688953,-0.0005787749624173721,PCA_XGBOOST,PCA,direct_change,"{""configurations_evaluated"": 3, ""learning_rate"": 0.05, ""max_depth"": 1, ""n_estimators"": 100, ""n_train"": 5194, ""validation"": ""last purged expanding fold""}",decimal
2026-01-30,2026-03-03,22,30.0,0.04,0.03920602267378421,-0.0007939773262157918,PCA_XGBOOST,PCA,direct_change,"{""configurations_evaluated"": 3, ""learning_rate"": 0.05, ""max_depth"": 1, ""n_estimators"": 100, ""n_train"": 5194, ""validation"": ""last purged expanding fold""}",decimal
2026-02-27,2026-03-06,5,0.25,0.022579120879120798,0.022957597654524448,0.00037847677540365013,NS_XGBOOST,NS,direct_change,"{""configurations_evaluated"": 3, ""learning_rate"": 0.05, ""max_depth"": 1, ""n_estimators"": 100, ""n_train"": 5231, ""validation"": ""last purged expanding fold""}",decimal
2026-02-27,2026-03-06,5,0.5,0.0229642857142857,0.02313291634648908,0.0001686306322033794,NS_XGBOOST,NS,direct_change,"{""configurations_evaluated"": 3, ""learning_rate"": 0.05, ""max_depth"": 1, ""n_estimators"": 100, ""n_train"": 5231, ""validation"": ""last purged expanding fold""}",decimal
2026-02-27,2026-03-06,5,1.0,0.0242532013622196,0.023487725884095263,-0.0007654754781243368,NS_XGBOOST,NS,direct_change,"{""configurations_evaluated"": 3, ""learning_rate"": 0.05, ""max_depth"": 1, ""n_estimators"": 100, ""n_train"": 5231, ""validation"": ""last purged expanding fold""}",decimal
2026-02-27,2026-03-06,5,2.0,0.0252792369121561,0.024210072596591803,-0.0010691643155642978,NS_XGBOOST,NS,direct_change,"{""configurations_evaluated"": 3, ""learning_rate"": 0.05, ""max_depth"": 1, ""n_estimators"": 100, ""n_train"": 5231, ""validation"": ""last purged expanding fold""}",decimal
2026-02-27,2026-03-06,5,5.0,0.0281120879120879,0.026412914488903615,-0.0016991734231842845,NS_XGBOOST,NS,direct_change,"{""configurations_evaluated"": 3, ""learning_rate"": 0.05, ""max_depth"": 1, ""n_estimators"": 100, ""n_train"": 5231, ""validation"": ""last purged expanding fold""}",decimal
2026-02-27,2026-03-06,5,10.0,0.0307169014084507,0.029918968674982487,-0.0007979327334682144,NS_XGBOOST,NS,direct_change,"{""configurations_evaluated"": 3, ""learning_rate"": 0.05, ""max_depth"": 1, ""n_estimators"": 100, ""n_train"": 5231, ""validation"": ""last purged expanding fold""}",decimal
2026-02-27,2026-03-06,5,15.0,0.0336353312302839,0.03297339040876408,-0.0006619408215198172,NS_XGBOOST,NS,direct_change,"{""configurations_evaluated"": 3, ""learning_rate"": 0.05, ""max_depth"": 1, ""n_estimators"": 100, ""n_train"": 5231, ""validation"": ""last purged expanding fold""}",decimal
2026-02-27,2026-03-06,5,20.0,0.0364139179632248,0.03551239402920551,-0.0009015239340192938,NS_XGBOOST,NS,direct_change,"{""configurations_evaluated"": 3, ""learning_rate"": 0.05, ""max_depth"": 1, ""n_estimators"": 100, ""n_train"": 5231, ""validation"": ""last purged expanding fold""}",decimal
2026-02-27,2026-03-06,5,30.0,0.04,0.03924590112983505,-0.0007540988701649487,NS_XGBOOST,NS,direct_change,"{""configurations_evaluated"": 3, ""learning_rate"": 0.05, ""max_depth"": 1, ""n_estimators"": 100, ""n_train"": 5231, ""validation"": ""last purged expanding fold""}",decimal
2026-02-27,2026-03-06,5,0.25,0.022579120879120798,0.022456976759036913,-0.00012214412008388492,PCA_XGBOOST,PCA,direct_change,"{""configurations_evaluated"": 3, ""learning_rate"": 0.03, ""max_depth"": 2, ""n_estimators"": 180, ""n_train"": 5231, ""validation"": ""last purged expanding fold""}",decimal
2026-02-27,2026-03-06,5,0.5,0.0229642857142857,0.02275846025580608,-0.00020582545847962208,PCA_XGBOOST,PCA,direct_change,"{""configurations_evaluated"": 3, ""learning_rate"": 0.03, ""max_depth"": 2, ""n_estimators"": 180, ""n_train"": 5231, ""validation"": ""last purged expanding fold""}",decimal
2026-02-27,2026-03-06,5,1.0,0.0242532013622196,0.02339470120743913,-0.0008585001547804713,PCA_XGBOOST,PCA,direct_change,"{""configurations_evaluated"": 3, ""learning_rate"": 0.03, ""max_depth"": 2, ""n_estimators"": 180, ""n_train"": 5231, ""validation"": ""last purged expanding fold""}",decimal
2026-02-27,2026-03-06,5,2.0,0.0252792369121561,0.024509233748742074,-0.0007700031634140271,PCA_XGBOOST,PCA,direct_change,"{""configurations_evaluated"": 3, ""learning_rate"": 0.03, ""max_depth"": 2, ""n_estimators"": 180, ""n_train"": 5231, ""validation"": ""last purged expanding fold""}",decimal
2026-02-27,2026-03-06,5,5.0,0.0281120879120879,0.026606591573201076,-0.0015054963388868234,PCA_XGBOOST,PCA,direct_change,"{""configurations_evaluated"": 3, ""learning_rate"": 0.03, ""max_depth"": 2, ""n_estimators"": 180, ""n_train"": 5231, ""validation"": ""last purged expanding fold""}",decimal
2026-02-27,2026-03-06,5,10.0,0.0307169014084507,0.029819157459525424,-0.0008977439489252781,PCA_XGBOOST,PCA,direct_change,"{""configurations_evaluated"": 3, ""learning_rate"": 0.03, ""max_depth"": 2, ""n_estimators"": 180, ""n_train"": 5231, ""validation"": ""last purged expanding fold""}",decimal
2026-02-27,2026-03-06,5,15.0,0.0336353312302839,0.03277956396637699,-0.0008557672639069105,PCA_XGBOOST,PCA,direct_change,"{""configurations_evaluated"": 3, ""learning_rate"": 0.03, ""max_depth"": 2, ""n_estimators"": 180, ""n_train"": 5231, ""validation"": ""last purged expanding fold""}",decimal
2026-02-27,2026-03-06,5,20.0,0.0364139179632248,0.03533618190067064,-0.001077736062554159,PCA_XGBOOST,PCA,direct_change,"{""configurations_evaluated"": 3, ""learning_rate"": 0.03, ""max_depth"": 2, ""n_estimators"": 180, ""n_train"": 5231, ""validation"": ""last purged expanding fold""}",decimal
2026-02-27,2026-03-06,5,30.0,0.04,0.03971194208974969,-0.0002880579102503139,PCA_XGBOOST,PCA,direct_change,"{""configurations_evaluated"": 3, ""learning_rate"": 0.03, ""max_depth"": 2, ""n_estimators"": 180, ""n_train"": 5231, ""validation"": ""last purged expanding fold""}",decimal
2026-02-27,2026-03-13,10,0.25,0.0227923076923076,0.023149970063890274,0.00035766237158267253,NS_XGBOOST,NS,direct_change,"{""configurations_evaluated"": 3, ""learning_rate"": 0.05, ""max_depth"": 1, ""n_estimators"": 100, ""n_train"": 5226, ""validation"": ""last purged expanding fold""}",decimal
2026-02-27,2026-03-13,10,0.5,0.0236571428571428,0.023329030894055955,-0.00032811196308684537,NS_XGBOOST,NS,direct_change,"{""configurations_evaluated"": 3, ""learning_rate"": 0.05, ""max_depth"": 1, ""n_estimators"": 100, ""n_train"": 5226, ""validation"": ""last purged expanding fold""}",decimal
2026-02-27,2026-03-13,10,1.0,0.024396233910543602,0.02369079924858388,-0.000705434661959721,NS_XGBOOST,NS,direct_change,"{""configurations_evaluated"": 3, ""learning_rate"": 0.05, ""max_depth"": 1, ""n_estimators"": 100, ""n_train"": 5226, ""validation"": ""last purged expanding fold""}",decimal
2026-02-27,2026-03-13,10,2.0,0.025752795031055896,0.024425133883712192,-0.001327661147343704,NS_XGBOOST,NS,direct_change,"{""configurations_evaluated"": 3, ""learning_rate"": 0.05, ""max_depth"": 1, ""n_estimators"": 100, ""n_train"": 5226, ""validation"": ""last purged expanding fold""}",decimal
2026-02-27,2026-03-13,10,5.0,0.0295093406593406,0.026651525473852425,-0.0028578151854881766,NS_XGBOOST,NS,direct_change,"{""configurations_evaluated"": 3, ""learning_rate"": 0.05, ""max_depth"": 1, ""n_estimators"": 100, ""n_train"": 5226, ""validation"": ""last purged expanding fold""}",decimal
2026-02-27,2026-03-13,10,10.0,0.0318746478873239,0.03017021096790215,-0.0017044369194217507,NS_XGBOOST,NS,direct_change,"{""configurations_evaluated"": 3, ""learning_rate"": 0.05, ""max_depth"": 1, ""n_estimators"": 100, ""n_train"": 5226, ""validation"": ""last purged expanding fold""}",decimal
2026-02-27,2026-03-13,10,15.0,0.0343300585849481,0.03322068255752896,-0.0011093760274191386,NS_XGBOOST,NS,direct_change,"{""configurations_evaluated"": 3, ""learning_rate"": 0.05, ""max_depth"": 1, ""n_estimators"": 100, ""n_train"": 5226, ""validation"": ""last purged expanding fold""}",decimal
2026-02-27,2026-03-13,10,20.0,0.0365447524752475,0.035749349575051874,-0.000795402900195627,NS_XGBOOST,NS,direct_change,"{""configurations_evaluated"": 3, ""learning_rate"": 0.05, ""max_depth"": 1, ""n_estimators"": 100, ""n_train"": 5226, ""validation"": ""last purged expanding fold""}",decimal
2026-02-27,2026-03-13,10,30.0,0.0405,0.039459383399713374,-0.0010406166002866271,NS_XGBOOST,NS,direct_change,"{""configurations_evaluated"": 3, ""learning_rate"": 0.05, ""max_depth"": 1, ""n_estimators"": 100, ""n_train"": 5226, ""validation"": ""last purged expanding fold""}",decimal
2026-02-27,2026-03-13,10,0.25,0.0227923076923076,0.022465562571335057,-0.0003267451209725443,PCA_XGBOOST,PCA,direct_change,"{""configurations_evaluated"": 3, ""learning_rate"": 0.03, ""max_depth"": 2, ""n_estimators"": 180, ""n_train"": 5226, ""validation"": ""last purged expanding fold""}",decimal
2026-02-27,2026-03-13,10,0.5,0.0236571428571428,0.022766588764858417,-0.0008905540922843833,PCA_XGBOOST,PCA,direct_change,"{""configurations_evaluated"": 3, ""learning_rate"": 0.03, ""max_depth"": 2, ""n_estimators"": 180, ""n_train"": 5226, ""validation"": ""last purged expanding fold""}",decimal
2026-02-27,2026-03-13,10,1.0,0.024396233910543602,0.023400230300989387,-0.000996003609554215,PCA_XGBOOST,PCA,direct_change,"{""configurations_evaluated"": 3, ""learning_rate"": 0.03, ""max_depth"": 2, ""n_estimators"": 180, ""n_train"": 5226, ""validation"": ""last purged expanding fold""}",decimal
2026-02-27,2026-03-13,10,2.0,0.025752795031055896,0.02451068022603097,-0.0012421148050249242,PCA_XGBOOST,PCA,direct_change,"{""configurations_evaluated"": 3, ""learning_rate"": 0.03, ""max_depth"": 2, ""n_estimators"": 180, ""n_train"": 5226, ""validation"": ""last purged expanding fold""}",decimal
2026-02-27,2026-03-13,10,5.0,0.0295093406593406,0.02659050903357294,-0.00291883162576766,PCA_XGBOOST,PCA,direct_change,"{""configurations_evaluated"": 3, ""learning_rate"": 0.03, ""max_depth"": 2, ""n_estimators"": 180, ""n_train"": 5226, ""validation"": ""last purged expanding fold""}",decimal
2026-02-27,2026-03-13,10,10.0,0.0318746478873239,0.029785466733096032,-0.002089181154227869,PCA_XGBOOST,PCA,direct_change,"{""configurations_evaluated"": 3, ""learning_rate"": 0.03, ""max_depth"": 2, ""n_estimators"": 180, ""n_train"": 5226, ""validation"": ""last purged expanding fold""}",decimal
2026-02-27,2026-03-13,10,15.0,0.0343300585849481,0.03273127166098729,-0.0015987869239608085,PCA_XGBOOST,PCA,direct_change,"{""configurations_evaluated"": 3, ""learning_rate"": 0.03, ""max_depth"": 2, ""n_estimators"": 180, ""n_train"": 5226, ""validation"": ""last purged expanding fold""}",decimal
2026-02-27,2026-03-13,10,20.0,0.0365447524752475,0.03526249003022479,-0.0012822624450227124,PCA_XGBOOST,PCA,direct_change,"{""configurations_evaluated"": 3, ""learning_rate"": 0.03, ""max_depth"": 2, ""n_estimators"": 180, ""n_train"": 5226, ""validation"": ""last purged expanding fold""}",decimal
2026-02-27,2026-03-13,10,30.0,0.0405,0.039633073221438136,-0.0008669267785618648,PCA_XGBOOST,PCA,direct_change,"{""configurations_evaluated"": 3, ""learning_rate"": 0.03, ""max_depth"": 2, ""n_estimators"": 180, ""n_train"": 5226, ""validation"": ""last purged expanding fold""}",decimal
2026-02-27,2026-04-02,22,0.25,0.0230461538461538,0.022918891020435962,-0.00012726282571783737,NS_XGBOOST,NS,direct_change,"{""configurations_evaluated"": 3, ""learning_rate"": 0.05, ""max_depth"": 1, ""n_estimators"": 100, ""n_train"": 5214, ""validation"": ""last purged expanding fold""}",decimal
2026-02-27,2026-04-02,22,0.5,0.0236967032967032,0.02309514931103352,-0.000601553985669679,NS_XGBOOST,NS,direct_change,"{""configurations_evaluated"": 3, ""learning_rate"": 0.05, ""max_depth"": 1, ""n_estimators"": 100, ""n_train"": 5214, ""validation"": ""last purged expanding fold""}",decimal
2026-02-27,2026-04-02,22,1.0,0.0251712790627285,0.02345156087533106,-0.0017197181873974399,NS_XGBOOST,NS,direct_change,"{""configurations_evaluated"": 3, ""learning_rate"": 0.05, ""max_depth"": 1, ""n_estimators"": 100, ""n_train"": 5214, ""validation"": ""last purged expanding fold""}",decimal
2026-02-27,2026-04-02,22,2.0,0.0271372448979591,0.02417610684001106,-0.0029611380579480408,NS_XGBOOST,NS,direct_change,"{""configurations_evaluated"": 3, ""learning_rate"": 0.05, ""max_depth"": 1, ""n_estimators"": 100, ""n_train"": 5214, ""validation"": ""last purged expanding fold""}",decimal
2026-02-27,2026-04-02,22,5.0,0.030371428571428504,0.026379314920175107,-0.003992113651253397,NS_XGBOOST,NS,direct_change,"{""configurations_evaluated"": 3, ""learning_rate"": 0.05, ""max_depth"": 1, ""n_estimators"": 100, ""n_train"": 5214, ""validation"": ""last purged expanding fold""}",decimal
2026-02-27,2026-04-02,22,10.0,0.0333370892018779,0.02987383910735414,-0.003463250094523758,NS_XGBOOST,NS,direct_change,"{""configurations_evaluated"": 3, ""learning_rate"": 0.05, ""max_depth"": 1, ""n_estimators"": 100, ""n_train"": 5214, ""validation"": ""last purged expanding fold""}",decimal
2026-02-27,2026-04-02,22,15.0,0.035991167192429,0.03291092691562345,-0.0030802402768055487,NS_XGBOOST,NS,direct_change,"{""configurations_evaluated"": 3, ""learning_rate"": 0.05, ""max_depth"": 1, ""n_estimators"": 100, ""n_train"": 5214, ""validation"": ""last purged expanding fold""}",decimal
2026-02-27,2026-04-02,22,20.0,0.037230155586987196,0.035432083782548696,-0.0017980718044385002,NS_XGBOOST,NS,direct_change,"{""configurations_evaluated"": 3, ""learning_rate"": 0.05, ""max_depth"": 1, ""n_estimators"": 100, ""n_train"": 5214, ""validation"": ""last purged expanding fold""}",decimal
2026-02-27,2026-04-02,22,30.0,0.0406,0.03913531508922898,-0.001464684910771015,NS_XGBOOST,NS,direct_change,"{""configurations_evaluated"": 3, ""learning_rate"": 0.05, ""max_depth"": 1, ""n_estimators"": 100, ""n_train"": 5214, ""validation"": ""last purged expanding fold""}",decimal
2026-02-27,2026-04-02,22,0.25,0.0230461538461538,0.022442971768543866,-0.0006031820776099331,PCA_XGBOOST,PCA,direct_change,"{""configurations_evaluated"": 3, ""learning_rate"": 0.05, ""max_depth"": 1, ""n_estimators"": 100, ""n_train"": 5214, ""validation"": ""last purged expanding fold""}",decimal
2026-02-27,2026-04-02,22,0.5,0.0236967032967032,0.02274602893082241,-0.0009506743658807895,PCA_XGBOOST,PCA,direct_change,"{""configurations_evaluated"": 3, ""learning_rate"": 0.05, ""max_depth"": 1, ""n_estimators"": 100, ""n_train"": 5214, ""validation"": ""last purged expanding fold""}",decimal
2026-02-27,2026-04-02,22,1.0,0.0251712790627285,0.023381616369927256,-0.0017896626928012443,PCA_XGBOOST,PCA,direct_change,"{""configurations_evaluated"": 3, ""learning_rate"": 0.05, ""max_depth"": 1, ""n_estimators"": 100, ""n_train"": 5214, ""validation"": ""last purged expanding fold""}",decimal
2026-02-27,2026-04-02,22,2.0,0.0271372448979591,0.02449536306860818,-0.00264188182935092,PCA_XGBOOST,PCA,direct_change,"{""configurations_evaluated"": 3, ""learning_rate"": 0.05, ""max_depth"": 1, ""n_estimators"": 100, ""n_train"": 5214, ""validation"": ""last purged expanding fold""}",decimal
2026-02-27,2026-04-02,22,5.0,0.030371428571428504,0.026570302555393527,-0.0038011260160349773,PCA_XGBOOST,PCA,direct_change,"{""configurations_evaluated"": 3, ""learning_rate"": 0.05, ""max_depth"": 1, ""n_estimators"": 100, ""n_train"": 5214, ""validation"": ""last purged expanding fold""}",decimal
2026-02-27,2026-04-02,22,10.0,0.0333370892018779,0.029759250176724907,-0.00357783902515299,PCA_XGBOOST,PCA,direct_change,"{""configurations_evaluated"": 3, ""learning_rate"": 0.05, ""max_depth"": 1, ""n_estimators"": 100, ""n_train"": 5214, ""validation"": ""last purged expanding fold""}",decimal
2026-02-27,2026-04-02,22,15.0,0.035991167192429,0.03269559611255628,-0.0032955710798727236,PCA_XGBOOST,PCA,direct_change,"{""configurations_evaluated"": 3, ""learning_rate"": 0.05, ""max_depth"": 1, ""n_estimators"": 100, ""n_train"": 5214, ""validation"": ""last purged expanding fold""}",decimal
2026-02-27,2026-04-02,22,20.0,0.037230155586987196,0.0351957157436687,-0.0020344398433184974,PCA_XGBOOST,PCA,direct_change,"{""configurations_evaluated"": 3, ""learning_rate"": 0.05, ""max_depth"": 1, ""n_estimators"": 100, ""n_train"": 5214, ""validation"": ""last purged expanding fold""}",decimal
2026-02-27,2026-04-02,22,30.0,0.0406,0.0395441100862738,-0.0010558899137261962,PCA_XGBOOST,PCA,direct_change,"{""configurations_evaluated"": 3, ""learning_rate"": 0.05, ""max_depth"": 1, ""n_estimators"": 100, ""n_train"": 5214, ""validation"": ""last purged expanding fold""}",decimal
2026-03-31,2026-04-09,5,0.25,0.022213445378151203,0.023888196022133594,0.0016747506439823909,NS_XGBOOST,NS,direct_change,"{""configurations_evaluated"": 3, ""learning_rate"": 0.05, ""max_depth"": 1, ""n_estimators"": 100, ""n_train"": 5251, ""validation"": ""last purged expanding fold""}",decimal
2026-03-31,2026-04-09,5,0.5,0.0224560439560439,0.024273879254982488,0.0018178352989385894,NS_XGBOOST,NS,direct_change,"{""configurations_evaluated"": 3, ""learning_rate"": 0.05, ""max_depth"": 1, ""n_estimators"": 100, ""n_train"": 5251, ""validation"": ""last purged expanding fold""}",decimal
2026-03-31,2026-04-09,5,1.0,0.0232961286023906,0.02501746446806634,0.0017213358656757403,NS_XGBOOST,NS,direct_change,"{""configurations_evaluated"": 3, ""learning_rate"": 0.05, ""max_depth"": 1, ""n_estimators"": 100, ""n_train"": 5251, ""validation"": ""last purged expanding fold""}",decimal
2026-03-31,2026-04-09,5,2.0,0.0245137526652452,0.026400233590736063,0.001886480925490864,NS_XGBOOST,NS,direct_change,"{""configurations_evaluated"": 3, ""learning_rate"": 0.05, ""max_depth"": 1, ""n_estimators"": 100, ""n_train"": 5251, ""validation"": ""last purged expanding fold""}",decimal
2026-03-31,2026-04-09,5,5.0,0.0287721518987341,0.029834702353286842,0.0010625504545527416,NS_XGBOOST,NS,direct_change,"{""configurations_evaluated"": 3, ""learning_rate"": 0.05, ""max_depth"": 1, ""n_estimators"": 100, ""n_train"": 5251, ""validation"": ""last purged expanding fold""}",decimal
2026-03-31,2026-04-09,5,10.0,0.0325065057008719,0.03380639948855055,0.0012998937876786479,NS_XGBOOST,NS,direct_change,"{""configurations_evaluated"": 3, ""learning_rate"": 0.05, ""max_depth"": 1, ""n_estimators"": 100, ""n_train"": 5251, ""validation"": ""last purged expanding fold""}",decimal
2026-03-31,2026-04-09,5,15.0,0.0360462370437133,0.03636706100538325,0.00032082396166994986,NS_XGBOOST,NS,direct_change,"{""configurations_evaluated"": 3, ""learning_rate"": 0.05, ""max_depth"": 1, ""n_estimators"": 100, ""n_train"": 5251, ""validation"": ""last purged expanding fold""}",decimal
2026-03-31,2026-04-09,5,20.0,0.036894314002828804,0.038071423494382355,0.0011771094915535504,NS_XGBOOST,NS,direct_change,"{""configurations_evaluated"": 3, ""learning_rate"": 0.05, ""max_depth"": 1, ""n_estimators"": 100, ""n_train"": 5251, ""validation"": ""last purged expanding fold""}",decimal
2026-03-31,2026-04-09,5,30.0,0.0417399962070927,0.04008000573073045,-0.0016599904763622483,NS_XGBOOST,NS,direct_change,"{""configurations_evaluated"": 3, ""learning_rate"": 0.05, ""max_depth"": 1, ""n_estimators"": 100, ""n_train"": 5251, ""validation"": ""last purged expanding fold""}",decimal
2026-03-31,2026-04-09,5,0.25,0.022213445378151203,0.023616748662324858,0.001403303284173655,PCA_XGBOOST,PCA,direct_change,"{""configurations_evaluated"": 3, ""learning_rate"": 0.03, ""max_depth"": 2, ""n_estimators"": 180, ""n_train"": 5251, ""validation"": ""last purged expanding fold""}",decimal
2026-03-31,2026-04-09,5,0.5,0.0224560439560439,0.024166735718888836,0.0017106917628449368,PCA_XGBOOST,PCA,direct_change,"{""configurations_evaluated"": 3, ""learning_rate"": 0.03, ""max_depth"": 2, ""n_estimators"": 180, ""n_train"": 5251, ""validation"": ""last purged expanding fold""}",decimal
2026-03-31,2026-04-09,5,1.0,0.0232961286023906,0.025190565845914337,0.0018944372435237382,PCA_XGBOOST,PCA,direct_change,"{""configurations_evaluated"": 3, ""learning_rate"": 0.03, ""max_depth"": 2, ""n_estimators"": 180, ""n_train"": 5251, ""validation"": ""last purged expanding fold""}",decimal
2026-03-31,2026-04-09,5,2.0,0.0245137526652452,0.02690157648580439,0.0023878238205591908,PCA_XGBOOST,PCA,direct_change,"{""configurations_evaluated"": 3, ""learning_rate"": 0.03, ""max_depth"": 2, ""n_estimators"": 180, ""n_train"": 5251, ""validation"": ""last purged expanding fold""}",decimal
2026-03-31,2026-04-09,5,5.0,0.0287721518987341,0.029794853366514225,0.0010227014677801245,PCA_XGBOOST,PCA,direct_change,"{""configurations_evaluated"": 3, ""learning_rate"": 0.03, ""max_depth"": 2, ""n_estimators"": 180, ""n_train"": 5251, ""validation"": ""last purged expanding fold""}",decimal
2026-03-31,2026-04-09,5,10.0,0.0325065057008719,0.03363146841090165,0.0011249627100297505,PCA_XGBOOST,PCA,direct_change,"{""configurations_evaluated"": 3, ""learning_rate"": 0.03, ""max_depth"": 2, ""n_estimators"": 180, ""n_train"": 5251, ""validation"": ""last purged expanding fold""}",decimal
2026-03-31,2026-04-09,5,15.0,0.0360462370437133,0.03672049752331499,0.0006742604796016946,PCA_XGBOOST,PCA,direct_change,"{""configurations_evaluated"": 3, ""learning_rate"": 0.03, ""max_depth"": 2, ""n_estimators"": 180, ""n_train"": 5251, ""validation"": ""last purged expanding fold""}",decimal
2026-03-31,2026-04-09,5,20.0,0.036894314002828804,0.03826710418996762,0.001372790187138817,PCA_XGBOOST,PCA,direct_change,"{""configurations_evaluated"": 3, ""learning_rate"": 0.03, ""max_depth"": 2, ""n_estimators"": 180, ""n_train"": 5251, ""validation"": ""last purged expanding fold""}",decimal
2026-03-31,2026-04-09,5,30.0,0.0417399962070927,0.04054907536463615,-0.001190920842456547,PCA_XGBOOST,PCA,direct_change,"{""configurations_evaluated"": 3, ""learning_rate"": 0.03, ""max_depth"": 2, ""n_estimators"": 180, ""n_train"": 5251, ""validation"": ""last purged expanding fold""}",decimal
2026-03-31,2026-04-16,10,0.25,0.0227593406593406,0.024049731922575455,0.001290391263234856,NS_XGBOOST,NS,direct_change,"{""configurations_evaluated"": 3, ""learning_rate"": 0.05, ""max_depth"": 1, ""n_estimators"": 100, ""n_train"": 5246, ""validation"": ""last purged expanding fold""}",decimal
2026-03-31,2026-04-16,10,0.5,0.0232241758241758,0.02443317760380498,0.0012090017796291784,NS_XGBOOST,NS,direct_change,"{""configurations_evaluated"": 3, ""learning_rate"": 0.05, ""max_depth"": 1, ""n_estimators"": 100, ""n_train"": 5246, ""validation"": ""last purged expanding fold""}",decimal
2026-03-31,2026-04-16,10,1.0,0.024312588209299203,0.025172544978987004,0.0008599567696878016,NS_XGBOOST,NS,direct_change,"{""configurations_evaluated"": 3, ""learning_rate"": 0.05, ""max_depth"": 1, ""n_estimators"": 100, ""n_train"": 5246, ""validation"": ""last purged expanding fold""}",decimal
2026-03-31,2026-04-16,10,2.0,0.0271092436974789,0.026547828343398937,-0.0005614153540799624,NS_XGBOOST,NS,direct_change,"{""configurations_evaluated"": 3, ""learning_rate"": 0.05, ""max_depth"": 1, ""n_estimators"": 100, ""n_train"": 5246, ""validation"": ""last purged expanding fold""}",decimal
2026-03-31,2026-04-16,10,5.0,0.028774940143655205,0.029966041872976964,0.0011911017293217592,NS_XGBOOST,NS,direct_change,"{""configurations_evaluated"": 3, ""learning_rate"": 0.05, ""max_depth"": 1, ""n_estimators"": 100, ""n_train"": 5246, ""validation"": ""last purged expanding fold""}",decimal
2026-03-31,2026-04-16,10,10.0,0.0320438631790744,0.033924424062659546,0.001880560883585146,NS_XGBOOST,NS,direct_change,"{""configurations_evaluated"": 3, ""learning_rate"": 0.05, ""max_depth"": 1, ""n_estimators"": 100, ""n_train"": 5246, ""validation"": ""last purged expanding fold""}",decimal
2026-03-31,2026-04-16,10,15.0,0.0352857142857142,0.036481042233389126,0.0011953279476749276,NS_XGBOOST,NS,direct_change,"{""configurations_evaluated"": 3, ""learning_rate"": 0.05, ""max_depth"": 1, ""n_estimators"": 100, ""n_train"": 5246, ""validation"": ""last purged expanding fold""}",decimal
2026-03-31,2026-04-16,10,20.0,0.0372036775106082,0.03818560756480559,0.0009819300541973885,NS_XGBOOST,NS,direct_change,"{""configurations_evaluated"": 3, ""learning_rate"": 0.05, ""max_depth"": 1, ""n_estimators"": 100, ""n_train"": 5246, ""validation"": ""last purged expanding fold""}",decimal
2026-03-31,2026-04-16,10,30.0,0.041340254837187305,0.04019866877413903,-0.001141586063048275,NS_XGBOOST,NS,direct_change,"{""configurations_evaluated"": 3, ""learning_rate"": 0.05, ""max_depth"": 1, ""n_estimators"": 100, ""n_train"": 5246, ""validation"": ""last purged expanding fold""}",decimal
2026-03-31,2026-04-16,10,0.25,0.0227593406593406,0.023740169663309618,0.0009808290039690186,PCA_XGBOOST,PCA,direct_change,"{""configurations_evaluated"": 3, ""learning_rate"": 0.03, ""max_depth"": 2, ""n_estimators"": 180, ""n_train"": 5246, ""validation"": ""last purged expanding fold""}",decimal
2026-03-31,2026-04-16,10,0.5,0.0232241758241758,0.024283345419509543,0.0010591695953337428,PCA_XGBOOST,PCA,direct_change,"{""configurations_evaluated"": 3, ""learning_rate"": 0.03, ""max_depth"": 2, ""n_estimators"": 180, ""n_train"": 5246, ""validation"": ""last purged expanding fold""}",decimal
2026-03-31,2026-04-16,10,1.0,0.024312588209299203,0.02529456648702251,0.0009819782777233076,PCA_XGBOOST,PCA,direct_change,"{""configurations_evaluated"": 3, ""learning_rate"": 0.03, ""max_depth"": 2, ""n_estimators"": 180, ""n_train"": 5246, ""validation"": ""last purged expanding fold""}",decimal
2026-03-31,2026-04-16,10,2.0,0.0271092436974789,0.026984848080194454,-0.00012439561728444515,PCA_XGBOOST,PCA,direct_change,"{""configurations_evaluated"": 3, ""learning_rate"": 0.03, ""max_depth"": 2, ""n_estimators"": 180, ""n_train"": 5246, ""validation"": ""last purged expanding fold""}",decimal
2026-03-31,2026-04-16,10,5.0,0.028774940143655205,0.029842933636884547,0.0010679934932293425,PCA_XGBOOST,PCA,direct_change,"{""configurations_evaluated"": 3, ""learning_rate"": 0.03, ""max_depth"": 2, ""n_estimators"": 180, ""n_train"": 5246, ""validation"": ""last purged expanding fold""}",decimal
2026-03-31,2026-04-16,10,10.0,0.0320438631790744,0.03364690441497685,0.0016030412359024498,PCA_XGBOOST,PCA,direct_change,"{""configurations_evaluated"": 3, ""learning_rate"": 0.03, ""max_depth"": 2, ""n_estimators"": 180, ""n_train"": 5246, ""validation"": ""last purged expanding fold""}",decimal
2026-03-31,2026-04-16,10,15.0,0.0352857142857142,0.03672176060650606,0.0014360463207918617,PCA_XGBOOST,PCA,direct_change,"{""configurations_evaluated"": 3, ""learning_rate"": 0.03, ""max_depth"": 2, ""n_estimators"": 180, ""n_train"": 5246, ""validation"": ""last purged expanding fold""}",decimal
2026-03-31,2026-04-16,10,20.0,0.0372036775106082,0.03828626044883729,0.0010825829382290902,PCA_XGBOOST,PCA,direct_change,"{""configurations_evaluated"": 3, ""learning_rate"": 0.03, ""max_depth"": 2, ""n_estimators"": 180, ""n_train"": 5246, ""validation"": ""last purged expanding fold""}",decimal
2026-03-31,2026-04-16,10,30.0,0.041340254837187305,0.040612934037217475,-0.00072732079996983,PCA_XGBOOST,PCA,direct_change,"{""configurations_evaluated"": 3, ""learning_rate"": 0.03, ""max_depth"": 2, ""n_estimators"": 180, ""n_train"": 5246, ""validation"": ""last purged expanding fold""}",decimal
2026-03-31,2026-05-05,22,0.25,0.0223678571428571,0.024059805096799322,0.001691947953942223,NS_XGBOOST,NS,direct_change,"{""configurations_evaluated"": 3, ""learning_rate"": 0.05, ""max_depth"": 1, ""n_estimators"": 100, ""n_train"": 5234, ""validation"": ""last purged expanding fold""}",decimal
2026-03-31,2026-05-05,22,0.5,0.0227714285714285,0.02444620595249442,0.0016747773810659172,NS_XGBOOST,NS,direct_change,"{""configurations_evaluated"": 3, ""learning_rate"": 0.05, ""max_depth"": 1, ""n_estimators"": 100, ""n_train"": 5234, ""validation"": ""last purged expanding fold""}",decimal
2026-03-31,2026-05-05,22,1.0,0.023385931053711905,0.02519113914530546,0.0018052080915935548,NS_XGBOOST,NS,direct_change,"{""configurations_evaluated"": 3, ""learning_rate"": 0.05, ""max_depth"": 1, ""n_estimators"": 100, ""n_train"": 5234, ""validation"": ""last purged expanding fold""}",decimal
2026-03-31,2026-05-05,22,2.0,0.024319616204690798,0.02657628253306544,0.002256666328374641,NS_XGBOOST,NS,direct_change,"{""configurations_evaluated"": 3, ""learning_rate"": 0.05, ""max_depth"": 1, ""n_estimators"": 100, ""n_train"": 5234, ""validation"": ""last purged expanding fold""}",decimal
2026-03-31,2026-05-05,22,5.0,0.0280332730560578,0.030015782984665146,0.001982509928607344,NS_XGBOOST,NS,direct_change,"{""configurations_evaluated"": 3, ""learning_rate"": 0.05, ""max_depth"": 1, ""n_estimators"": 100, ""n_train"": 5234, ""validation"": ""last purged expanding fold""}",decimal
2026-03-31,2026-05-05,22,10.0,0.0317274312541918,0.033991268993760176,0.0022638377395683765,NS_XGBOOST,NS,direct_change,"{""configurations_evaluated"": 3, ""learning_rate"": 0.05, ""max_depth"": 1, ""n_estimators"": 100, ""n_train"": 5234, ""validation"": ""last purged expanding fold""}",decimal
2026-03-31,2026-05-05,22,15.0,0.0351062640829202,0.03655269208925769,0.0014464280063374926,NS_XGBOOST,NS,direct_change,"{""configurations_evaluated"": 3, ""learning_rate"": 0.05, ""max_depth"": 1, ""n_estimators"": 100, ""n_train"": 5234, ""validation"": ""last purged expanding fold""}",decimal
2026-03-31,2026-05-05,22,20.0,0.0370417821782178,0.03825649004884185,0.0012147078706240544,NS_XGBOOST,NS,direct_change,"{""configurations_evaluated"": 3, ""learning_rate"": 0.05, ""max_depth"": 1, ""n_estimators"": 100, ""n_train"": 5234, ""validation"": ""last purged expanding fold""}",decimal
2026-03-31,2026-05-05,22,30.0,0.0415180597579425,0.04026283730186659,-0.0012552224560759134,NS_XGBOOST,NS,direct_change,"{""configurations_evaluated"": 3, ""learning_rate"": 0.05, ""max_depth"": 1, ""n_estimators"": 100, ""n_train"": 5234, ""validation"": ""last purged expanding fold""}",decimal
2026-03-31,2026-05-05,22,0.25,0.0223678571428571,0.02365756813300702,0.0012897109901499199,PCA_XGBOOST,PCA,direct_change,"{""configurations_evaluated"": 3, ""learning_rate"": 0.05, ""max_depth"": 1, ""n_estimators"": 100, ""n_train"": 5234, ""validation"": ""last purged expanding fold""}",decimal
2026-03-31,2026-05-05,22,0.5,0.0227714285714285,0.024196721823841957,0.0014252932524134558,PCA_XGBOOST,PCA,direct_change,"{""configurations_evaluated"": 3, ""learning_rate"": 0.05, ""max_depth"": 1, ""n_estimators"": 100, ""n_train"": 5234, ""validation"": ""last purged expanding fold""}",decimal
2026-03-31,2026-05-05,22,1.0,0.023385931053711905,0.025201103678374304,0.0018151726246623985,PCA_XGBOOST,PCA,direct_change,"{""configurations_evaluated"": 3, ""learning_rate"": 0.05, ""max_depth"": 1, ""n_estimators"": 100, ""n_train"": 5234, ""validation"": ""last purged expanding fold""}",decimal
2026-03-31,2026-05-05,22,2.0,0.024319616204690798,0.026881314087965853,0.0025616978832750555,PCA_XGBOOST,PCA,direct_change,"{""configurations_evaluated"": 3, ""learning_rate"": 0.05, ""max_depth"": 1, ""n_estimators"": 100, ""n_train"": 5234, ""validation"": ""last purged expanding fold""}",decimal
2026-03-31,2026-05-05,22,5.0,0.0280332730560578,0.02972032325612101,0.001687050200063208,PCA_XGBOOST,PCA,direct_change,"{""configurations_evaluated"": 3, ""learning_rate"": 0.05, ""max_depth"": 1, ""n_estimators"": 100, ""n_train"": 5234, ""validation"": ""last purged expanding fold""}",decimal
2026-03-31,2026-05-05,22,10.0,0.0317274312541918,0.033508309274851864,0.0017808780206600636,PCA_XGBOOST,PCA,direct_change,"{""configurations_evaluated"": 3, ""learning_rate"": 0.05, ""max_depth"": 1, ""n_estimators"": 100, ""n_train"": 5234, ""validation"": ""last purged expanding fold""}",decimal
2026-03-31,2026-05-05,22,15.0,0.0351062640829202,0.036574747910042435,0.0014684838271222383,PCA_XGBOOST,PCA,direct_change,"{""configurations_evaluated"": 3, ""learning_rate"": 0.05, ""max_depth"": 1, ""n_estimators"": 100, ""n_train"": 5234, ""validation"": ""last purged expanding fold""}",decimal
2026-03-31,2026-05-05,22,20.0,0.0370417821782178,0.038139166649042336,0.001097384470824539,PCA_XGBOOST,PCA,direct_change,"{""configurations_evaluated"": 3, ""learning_rate"": 0.05, ""max_depth"": 1, ""n_estimators"": 100, ""n_train"": 5234, ""validation"": ""last purged expanding fold""}",decimal
2026-03-31,2026-05-05,22,30.0,0.0415180597579425,0.04049902448766483,-0.0010190352702776767,PCA_XGBOOST,PCA,direct_change,"{""configurations_evaluated"": 3, ""learning_rate"": 0.05, ""max_depth"": 1, ""n_estimators"": 100, ""n_train"": 5234, ""validation"": ""last purged expanding fold""}",decimal
2026-04-30,2026-05-08,5,0.25,0.022510714285714203,0.02249745384916608,-1.3260436548125087e-05,NS_XGBOOST,NS,direct_change,"{""configurations_evaluated"": 3, ""learning_rate"": 0.05, ""max_depth"": 1, ""n_estimators"": 100, ""n_train"": 5271, ""validation"": ""last purged expanding fold""}",decimal
2026-04-30,2026-05-08,5,0.5,0.022000000000000002,0.022795362621819915,0.0007953626218199124,NS_XGBOOST,NS,direct_change,"{""configurations_evaluated"": 3, ""learning_rate"": 0.05, ""max_depth"": 1, ""n_estimators"": 100, ""n_train"": 5271, ""validation"": ""last purged expanding fold""}",decimal
2026-04-30,2026-05-08,5,1.0,0.023077360632671698,0.023380995959903866,0.00030363532723216846,NS_XGBOOST,NS,direct_change,"{""configurations_evaluated"": 3, ""learning_rate"": 0.05, ""max_depth"": 1, ""n_estimators"": 100, ""n_train"": 5271, ""validation"": ""last purged expanding fold""}",decimal
2026-04-30,2026-05-08,5,2.0,0.024550108459869803,0.024512010115977804,-3.809834389199851e-05,NS_XGBOOST,NS,direct_change,"{""configurations_evaluated"": 3, ""learning_rate"": 0.05, ""max_depth"": 1, ""n_estimators"": 100, ""n_train"": 5271, ""validation"": ""last purged expanding fold""}",decimal
2026-04-30,2026-05-08,5,5.0,0.0287445255474452,0.027595453398983456,-0.0011490721484617439,NS_XGBOOST,NS,direct_change,"{""configurations_evaluated"": 3, ""learning_rate"": 0.05, ""max_depth"": 1, ""n_estimators"": 100, ""n_train"": 5271, ""validation"": ""last purged expanding fold""}",decimal
2026-04-30,2026-05-08,5,10.0,0.0318237424547283,0.031804539945691136,-1.920250903716253e-05,NS_XGBOOST,NS,direct_change,"{""configurations_evaluated"": 3, ""learning_rate"": 0.05, ""max_depth"": 1, ""n_estimators"": 100, ""n_train"": 5271, ""validation"": ""last purged expanding fold""}",decimal
2026-04-30,2026-05-08,5,15.0,0.0351447048219918,0.03505107250501425,-9.363231697755159e-05,NS_XGBOOST,NS,direct_change,"{""configurations_evaluated"": 3, ""learning_rate"": 0.05, ""max_depth"": 1, ""n_estimators"": 100, ""n_train"": 5271, ""validation"": ""last purged expanding fold""}",decimal
2026-04-30,2026-05-08,5,20.0,0.0371416973125884,0.03755151168593973,0.0004098143733513304,NS_XGBOOST,NS,direct_change,"{""configurations_evaluated"": 3, ""learning_rate"": 0.05, ""max_depth"": 1, ""n_estimators"": 100, ""n_train"": 5271, ""validation"": ""last purged expanding fold""}",decimal
2026-04-30,2026-05-08,5,30.0,0.041549489023466994,0.040995741102022365,-0.0005537479214446292,NS_XGBOOST,NS,direct_change,"{""configurations_evaluated"": 3, ""learning_rate"": 0.05, ""max_depth"": 1, ""n_estimators"": 100, ""n_train"": 5271, ""validation"": ""last purged expanding fold""}",decimal
2026-04-30,2026-05-08,5,0.25,0.022510714285714203,0.022185872679841193,-0.0003248416058730108,PCA_XGBOOST,PCA,direct_change,"{""configurations_evaluated"": 3, ""learning_rate"": 0.03, ""max_depth"": 2, ""n_estimators"": 180, ""n_train"": 5271, ""validation"": ""last purged expanding fold""}",decimal
2026-04-30,2026-05-08,5,0.5,0.022000000000000002,0.022601108584185355,0.0006011085841853524,PCA_XGBOOST,PCA,direct_change,"{""configurations_evaluated"": 3, ""learning_rate"": 0.03, ""max_depth"": 2, ""n_estimators"": 180, ""n_train"": 5271, ""validation"": ""last purged expanding fold""}",decimal
2026-04-30,2026-05-08,5,1.0,0.023077360632671698,0.023457203205523913,0.00037984257285221534,PCA_XGBOOST,PCA,direct_change,"{""configurations_evaluated"": 3, ""learning_rate"": 0.03, ""max_depth"": 2, ""n_estimators"": 180, ""n_train"": 5271, ""validation"": ""last purged expanding fold""}",decimal
2026-04-30,2026-05-08,5,2.0,0.024550108459869803,0.02491255167119862,0.00036244321132881605,PCA_XGBOOST,PCA,direct_change,"{""configurations_evaluated"": 3, ""learning_rate"": 0.03, ""max_depth"": 2, ""n_estimators"": 180, ""n_train"": 5271, ""validation"": ""last purged expanding fold""}",decimal
2026-04-30,2026-05-08,5,5.0,0.0287445255474452,0.02773019414965871,-0.0010143313977864915,PCA_XGBOOST,PCA,direct_change,"{""configurations_evaluated"": 3, ""learning_rate"": 0.03, ""max_depth"": 2, ""n_estimators"": 180, ""n_train"": 5271, ""validation"": ""last purged expanding fold""}",decimal
2026-04-30,2026-05-08,5,10.0,0.0318237424547283,0.03158541062121155,-0.00023833183351675002,PCA_XGBOOST,PCA,direct_change,"{""configurations_evaluated"": 3, ""learning_rate"": 0.03, ""max_depth"": 2, ""n_estimators"": 180, ""n_train"": 5271, ""validation"": ""last purged expanding fold""}",decimal
2026-04-30,2026-05-08,5,15.0,0.0351447048219918,0.03490882052887735,-0.00023588429311444808,PCA_XGBOOST,PCA,direct_change,"{""configurations_evaluated"": 3, ""learning_rate"": 0.03, ""max_depth"": 2, ""n_estimators"": 180, ""n_train"": 5271, ""validation"": ""last purged expanding fold""}",decimal
2026-04-30,2026-05-08,5,20.0,0.0371416973125884,0.03754211812819269,0.000400420815604291,PCA_XGBOOST,PCA,direct_change,"{""configurations_evaluated"": 3, ""learning_rate"": 0.03, ""max_depth"": 2, ""n_estimators"": 180, ""n_train"": 5271, ""validation"": ""last purged expanding fold""}",decimal
2026-04-30,2026-05-08,5,30.0,0.041549489023466994,0.04118860946501597,-0.000360879558451023,PCA_XGBOOST,PCA,direct_change,"{""configurations_evaluated"": 3, ""learning_rate"": 0.03, ""max_depth"": 2, ""n_estimators"": 180, ""n_train"": 5271, ""validation"": ""last purged expanding fold""}",decimal
2026-04-30,2026-05-15,10,0.25,0.0231730158730158,0.022619089733733975,-0.0005539261392818254,NS_XGBOOST,NS,direct_change,"{""configurations_evaluated"": 3, ""learning_rate"": 0.05, ""max_depth"": 1, ""n_estimators"": 100, ""n_train"": 5266, ""validation"": ""last purged expanding fold""}",decimal
2026-04-30,2026-05-15,10,0.5,0.0235042016806722,0.022909284112833904,-0.0005949175678382976,NS_XGBOOST,NS,direct_change,"{""configurations_evaluated"": 3, ""learning_rate"": 0.05, ""max_depth"": 1, ""n_estimators"": 100, ""n_train"": 5266, ""validation"": ""last purged expanding fold""}",decimal
2026-04-30,2026-05-15,10,1.0,0.0244833516303587,0.023480438457413808,-0.0010029131729448922,NS_XGBOOST,NS,direct_change,"{""configurations_evaluated"": 3, ""learning_rate"": 0.05, ""max_depth"": 1, ""n_estimators"": 100, ""n_train"": 5266, ""validation"": ""last purged expanding fold""}",decimal
2026-04-30,2026-05-15,10,2.0,0.0257350488021295,0.024585994697716676,-0.0011490541044128257,NS_XGBOOST,NS,direct_change,"{""configurations_evaluated"": 3, ""learning_rate"": 0.05, ""max_depth"": 1, ""n_estimators"": 100, ""n_train"": 5266, ""validation"": ""last purged expanding fold""}",decimal
2026-04-30,2026-05-15,10,5.0,0.028987912087912,0.02761579418328707,-0.001372117904624933,NS_XGBOOST,NS,direct_change,"{""configurations_evaluated"": 3, ""learning_rate"": 0.05, ""max_depth"": 1, ""n_estimators"": 100, ""n_train"": 5266, ""validation"": ""last purged expanding fold""}",decimal
2026-04-30,2026-05-15,10,10.0,0.0314011904761904,0.03178533402319735,0.00038414354700695014,NS_XGBOOST,NS,direct_change,"{""configurations_evaluated"": 3, ""learning_rate"": 0.05, ""max_depth"": 1, ""n_estimators"": 100, ""n_train"": 5266, ""validation"": ""last purged expanding fold""}",decimal
2026-04-30,2026-05-15,10,15.0,0.0337601233299075,0.03502499513700846,0.0012648718071009632,NS_XGBOOST,NS,direct_change,"{""configurations_evaluated"": 3, ""learning_rate"": 0.05, ""max_depth"": 1, ""n_estimators"": 100, ""n_train"": 5266, ""validation"": ""last purged expanding fold""}",decimal
2026-04-30,2026-05-15,10,20.0,0.0360031683168316,0.03753273063955238,0.0015295623227207789,NS_XGBOOST,NS,direct_change,"{""configurations_evaluated"": 3, ""learning_rate"": 0.05, ""max_depth"": 1, ""n_estimators"": 100, ""n_train"": 5266, ""validation"": ""last purged expanding fold""}",decimal
2026-04-30,2026-05-15,10,30.0,0.041072768192048,0.041002948610744445,-6.981958130355265e-05,NS_XGBOOST,NS,direct_change,"{""configurations_evaluated"": 3, ""learning_rate"": 0.05, ""max_depth"": 1, ""n_estimators"": 100, ""n_train"": 5266, ""validation"": ""last purged expanding fold""}",decimal
2026-04-30,2026-05-15,10,0.25,0.0231730158730158,0.022224617468959477,-0.0009483984040563227,PCA_XGBOOST,PCA,direct_change,"{""configurations_evaluated"": 3, ""learning_rate"": 0.03, ""max_depth"": 2, ""n_estimators"": 180, ""n_train"": 5266, ""validation"": ""last purged expanding fold""}",decimal
2026-04-30,2026-05-15,10,0.5,0.0235042016806722,0.022638309680490926,-0.0008658920001812752,PCA_XGBOOST,PCA,direct_change,"{""configurations_evaluated"": 3, ""learning_rate"": 0.03, ""max_depth"": 2, ""n_estimators"": 180, ""n_train"": 5266, ""validation"": ""last purged expanding fold""}",decimal
2026-04-30,2026-05-15,10,1.0,0.0244833516303587,0.023490692549362154,-0.0009926590809965462,PCA_XGBOOST,PCA,direct_change,"{""configurations_evaluated"": 3, ""learning_rate"": 0.03, ""max_depth"": 2, ""n_estimators"": 180, ""n_train"": 5266, ""validation"": ""last purged expanding fold""}",decimal
2026-04-30,2026-05-15,10,2.0,0.0257350488021295,0.02493994107812861,-0.0007951077240008902,PCA_XGBOOST,PCA,direct_change,"{""configurations_evaluated"": 3, ""learning_rate"": 0.03, ""max_depth"": 2, ""n_estimators"": 180, ""n_train"": 5266, ""validation"": ""last purged expanding fold""}",decimal
2026-04-30,2026-05-15,10,5.0,0.028987912087912,0.027742455423411635,-0.0012454566645003669,PCA_XGBOOST,PCA,direct_change,"{""configurations_evaluated"": 3, ""learning_rate"": 0.03, ""max_depth"": 2, ""n_estimators"": 180, ""n_train"": 5266, ""validation"": ""last purged expanding fold""}",decimal
2026-04-30,2026-05-15,10,10.0,0.0314011904761904,0.03158288334869873,0.00018169287250832666,PCA_XGBOOST,PCA,direct_change,"{""configurations_evaluated"": 3, ""learning_rate"": 0.03, ""max_depth"": 2, ""n_estimators"": 180, ""n_train"": 5266, ""validation"": ""last purged expanding fold""}",decimal
2026-04-30,2026-05-15,10,15.0,0.0337601233299075,0.03489675191225293,0.0011366285823454295,PCA_XGBOOST,PCA,direct_change,"{""configurations_evaluated"": 3, ""learning_rate"": 0.03, ""max_depth"": 2, ""n_estimators"": 180, ""n_train"": 5266, ""validation"": ""last purged expanding fold""}",decimal
2026-04-30,2026-05-15,10,20.0,0.0360031683168316,0.037522541340762515,0.0015193730239309172,PCA_XGBOOST,PCA,direct_change,"{""configurations_evaluated"": 3, ""learning_rate"": 0.03, ""max_depth"": 2, ""n_estimators"": 180, ""n_train"": 5266, ""validation"": ""last purged expanding fold""}",decimal
2026-04-30,2026-05-15,10,30.0,0.041072768192048,0.041175000579383336,0.00010223238733533813,PCA_XGBOOST,PCA,direct_change,"{""configurations_evaluated"": 3, ""learning_rate"": 0.03, ""max_depth"": 2, ""n_estimators"": 180, ""n_train"": 5266, ""validation"": ""last purged expanding fold""}",decimal
2026-04-30,2026-06-05,22,0.25,0.0225285714285714,0.02244572547198671,-8.284595658469146e-05,NS_XGBOOST,NS,direct_change,"{""configurations_evaluated"": 3, ""learning_rate"": 0.05, ""max_depth"": 1, ""n_estimators"": 100, ""n_train"": 5254, ""validation"": ""last purged expanding fold""}",decimal
2026-04-30,2026-06-05,22,0.5,0.022791208791208703,0.02274369660695815,-4.751218425055187e-05,NS_XGBOOST,NS,direct_change,"{""configurations_evaluated"": 3, ""learning_rate"": 0.05, ""max_depth"": 1, ""n_estimators"": 100, ""n_train"": 5254, ""validation"": ""last purged expanding fold""}",decimal
2026-04-30,2026-06-05,22,1.0,0.0233908557198547,0.023329301194447427,-6.155452540727163e-05,NS_XGBOOST,NS,direct_change,"{""configurations_evaluated"": 3, ""learning_rate"": 0.05, ""max_depth"": 1, ""n_estimators"": 100, ""n_train"": 5254, ""validation"": ""last purged expanding fold""}",decimal
2026-04-30,2026-06-05,22,2.0,0.024431556503198202,0.024459707263623242,2.815076042504e-05,NS_XGBOOST,NS,direct_change,"{""configurations_evaluated"": 3, ""learning_rate"": 0.05, ""max_depth"": 1, ""n_estimators"": 100, ""n_train"": 5254, ""validation"": ""last purged expanding fold""}",decimal
2026-04-30,2026-06-05,22,5.0,0.0286370705244123,0.027538015914786145,-0.0010990546096261537,NS_XGBOOST,NS,direct_change,"{""configurations_evaluated"": 3, ""learning_rate"": 0.05, ""max_depth"": 1, ""n_estimators"": 100, ""n_train"": 5254, ""validation"": ""last purged expanding fold""}",decimal
2026-04-30,2026-06-05,22,10.0,0.031903957075788,0.03173266370339098,-0.00017129337239701892,NS_XGBOOST,NS,direct_change,"{""configurations_evaluated"": 3, ""learning_rate"": 0.05, ""max_depth"": 1, ""n_estimators"": 100, ""n_train"": 5254, ""validation"": ""last purged expanding fold""}",decimal
2026-04-30,2026-06-05,22,15.0,0.035175664713835,0.03496284645564484,-0.00021281825819016026,NS_XGBOOST,NS,direct_change,"{""configurations_evaluated"": 3, ""learning_rate"": 0.05, ""max_depth"": 1, ""n_estimators"": 100, ""n_train"": 5254, ""validation"": ""last purged expanding fold""}",decimal
2026-04-30,2026-06-05,22,20.0,0.037235021216407295,0.037447916243276536,0.0002128950268692406,NS_XGBOOST,NS,direct_change,"{""configurations_evaluated"": 3, ""learning_rate"": 0.05, ""max_depth"": 1, ""n_estimators"": 100, ""n_train"": 5254, ""validation"": ""last purged expanding fold""}",decimal
2026-04-30,2026-06-05,22,30.0,0.0415534210277278,0.04086745921280056,-0.0006859618149272426,NS_XGBOOST,NS,direct_change,"{""configurations_evaluated"": 3, ""learning_rate"": 0.05, ""max_depth"": 1, ""n_estimators"": 100, ""n_train"": 5254, ""validation"": ""last purged expanding fold""}",decimal
2026-04-30,2026-06-05,22,0.25,0.0225285714285714,0.02202763717474889,-0.0005009342538225096,PCA_XGBOOST,PCA,direct_change,"{""configurations_evaluated"": 3, ""learning_rate"": 0.05, ""max_depth"": 1, ""n_estimators"": 100, ""n_train"": 5254, ""validation"": ""last purged expanding fold""}",decimal
2026-04-30,2026-06-05,22,0.5,0.022791208791208703,0.022458815397604262,-0.000332393393604441,PCA_XGBOOST,PCA,direct_change,"{""configurations_evaluated"": 3, ""learning_rate"": 0.05, ""max_depth"": 1, ""n_estimators"": 100, ""n_train"": 5254, ""validation"": ""last purged expanding fold""}",decimal
2026-04-30,2026-06-05,22,1.0,0.0233908557198547,0.02335640209093251,-3.4453628922188895e-05,PCA_XGBOOST,PCA,direct_change,"{""configurations_evaluated"": 3, ""learning_rate"": 0.05, ""max_depth"": 1, ""n_estimators"": 100, ""n_train"": 5254, ""validation"": ""last purged expanding fold""}",decimal
2026-04-30,2026-06-05,22,2.0,0.024431556503198202,0.02487770945624744,0.0004461529530492385,PCA_XGBOOST,PCA,direct_change,"{""configurations_evaluated"": 3, ""learning_rate"": 0.05, ""max_depth"": 1, ""n_estimators"": 100, ""n_train"": 5254, ""validation"": ""last purged expanding fold""}",decimal
2026-04-30,2026-06-05,22,5.0,0.0286370705244123,0.027884178603384064,-0.0007528919210282349,PCA_XGBOOST,PCA,direct_change,"{""configurations_evaluated"": 3, ""learning_rate"": 0.05, ""max_depth"": 1, ""n_estimators"": 100, ""n_train"": 5254, ""validation"": ""last purged expanding fold""}",decimal
2026-04-30,2026-06-05,22,10.0,0.031903957075788,0.03192305082781982,1.9093752031823508e-05,PCA_XGBOOST,PCA,direct_change,"{""configurations_evaluated"": 3, ""learning_rate"": 0.05, ""max_depth"": 1, ""n_estimators"": 100, ""n_train"": 5254, ""validation"": ""last purged expanding fold""}",decimal
2026-04-30,2026-06-05,22,15.0,0.035175664713835,0.03537696508120657,0.00020130036737157214,PCA_XGBOOST,PCA,direct_change,"{""configurations_evaluated"": 3, ""learning_rate"": 0.05, ""max_depth"": 1, ""n_estimators"": 100, ""n_train"": 5254, ""validation"": ""last purged expanding fold""}",decimal
2026-04-30,2026-06-05,22,20.0,0.037235021216407295,0.038166599444783816,0.0009315782283765214,PCA_XGBOOST,PCA,direct_change,"{""configurations_evaluated"": 3, ""learning_rate"": 0.05, ""max_depth"": 1, ""n_estimators"": 100, ""n_train"": 5254, ""validation"": ""last purged expanding fold""}",decimal
2026-04-30,2026-06-05,22,30.0,0.0415534210277278,0.04176054357783314,0.0002071225501053403,PCA_XGBOOST,PCA,direct_change,"{""configurations_evaluated"": 3, ""learning_rate"": 0.05, ""max_depth"": 1, ""n_estimators"": 100, ""n_train"": 5254, ""validation"": ""last purged expanding fold""}",decimal
