forecast_origin,target_date,horizon,factor,current_factor,predicted_change,predicted_future_factor,realized_future_factor,error,model,representation
2021-12-31,2022-01-07,5,beta0,0.018394472090261103,0.0002093059883295986,0.0186037780785907,0.02114809953288655,-0.0025443214542958496,NS_RIDGE,NS
2021-12-31,2022-01-07,5,beta1,-0.0192471926700676,5.180486899953108e-05,-0.019195387801068067,-0.022100414615149097,0.00290502681408103,NS_RIDGE,NS
2021-12-31,2022-01-07,5,beta2,0.004346923337402695,-0.0003283744476482547,0.0040185488897544405,0.006258117615220963,-0.0022395687254665227,NS_RIDGE,NS
2021-12-31,2022-01-07,5,beta0,0.018394472090261103,-3.758267415349105e-05,0.01835688941610761,0.02114809953288655,-0.0027912101167789395,NS_ELASTICNET,NS
2021-12-31,2022-01-07,5,beta1,-0.0192471926700676,1.6793803397307292e-05,-0.01923039886667029,-0.022100414615149097,0.0028700157484788068,NS_ELASTICNET,NS
2021-12-31,2022-01-07,5,beta2,0.004346923337402695,2.2480013955534565e-05,0.00436940335135823,0.006258117615220963,-0.0018887142638627334,NS_ELASTICNET,NS
2021-12-31,2022-01-07,5,PC1,-0.028074702274436206,0.0004340721343283231,-0.027640630140107883,-0.024247175745854402,-0.003393454394253481,PCA_RIDGE,PCA
2021-12-31,2022-01-07,5,PC2,-0.005090475246029104,-6.274317278809148e-05,-0.0051532184188171955,-0.0020803199337233458,-0.0030728984850938498,PCA_RIDGE,PCA
2021-12-31,2022-01-07,5,PC3,0.00503667227306039,-0.00010570327930757861,0.004930968993752812,0.0056384443036766735,-0.0007074753099238617,PCA_RIDGE,PCA
2021-12-31,2022-01-07,5,PC1,-0.028074702274436206,0.0006323222553222783,-0.027442380019113928,-0.024247175745854402,-0.0031952042732595262,PCA_RIDGE_VAR,PCA
2021-12-31,2022-01-07,5,PC2,-0.005090475246029104,-0.0002486178561550978,-0.005339093102184202,-0.0020803199337233458,-0.003258773168460856,PCA_RIDGE_VAR,PCA
2021-12-31,2022-01-07,5,PC3,0.00503667227306039,-0.000203528534907421,0.004833143738152969,0.0056384443036766735,-0.0008053005655237044,PCA_RIDGE_VAR,PCA
2021-12-31,2022-01-14,10,beta0,0.018394472090261103,0.00039721209118409584,0.0187916841814452,0.0200177663985351,-0.0012260822170899015,NS_RIDGE,NS
2021-12-31,2022-01-14,10,beta1,-0.0192471926700676,0.00020380240545008648,-0.019043390264617512,-0.02074516579360975,0.001701775528992238,NS_RIDGE,NS
2021-12-31,2022-01-14,10,beta2,0.004346923337402695,-0.0004611363636606462,0.003885786973742049,0.01093107185855015,-0.007045284884808101,NS_RIDGE,NS
2021-12-31,2022-01-14,10,beta0,0.018394472090261103,-7.464154866118976e-05,0.018319830541599913,0.0200177663985351,-0.0016979358569351871,NS_ELASTICNET,NS
2021-12-31,2022-01-14,10,beta1,-0.0192471926700676,3.1781319914379065e-05,-0.01921541135015322,-0.02074516579360975,0.0015297544434565297,NS_ELASTICNET,NS
2021-12-31,2022-01-14,10,beta2,0.004346923337402695,4.575748567391143e-05,0.004392680823076606,0.01093107185855015,-0.0065383910354735435,NS_ELASTICNET,NS
2021-12-31,2022-01-14,10,PC1,-0.028074702274436206,0.0009667109659928606,-0.027107991308443345,-0.022490325135227314,-0.004617666173216031,PCA_RIDGE,PCA
2021-12-31,2022-01-14,10,PC2,-0.005090475246029104,-9.338072994219099e-05,-0.0051838559759712945,-0.002210326729070587,-0.0029735292469007073,PCA_RIDGE,PCA
2021-12-31,2022-01-14,10,PC3,0.00503667227306039,-0.00015224590792826744,0.004884426365132122,0.006314231331624887,-0.001429804966492765,PCA_RIDGE,PCA
2021-12-31,2022-01-14,10,PC1,-0.028074702274436206,0.0012288563200714524,-0.026845845954364754,-0.022490325135227314,-0.00435552081913744,PCA_RIDGE_VAR,PCA
2021-12-31,2022-01-14,10,PC2,-0.005090475246029104,-0.0004779661631957909,-0.005568441409224895,-0.002210326729070587,-0.0033581146801543076,PCA_RIDGE_VAR,PCA
2021-12-31,2022-01-14,10,PC3,0.00503667227306039,-0.0003965984605366797,0.00464007381252371,0.006314231331624887,-0.0016741575191011769,PCA_RIDGE_VAR,PCA
2021-12-31,2022-02-02,22,beta0,0.018394472090261103,0.000600958005322449,0.018995430095583552,0.017656784596167405,0.0013386454994161467,NS_RIDGE,NS
2021-12-31,2022-02-02,22,beta1,-0.0192471926700676,0.0006535997077337847,-0.018593592962333812,-0.0173428081529843,-0.0012507848093495123,NS_RIDGE,NS
2021-12-31,2022-02-02,22,beta2,0.004346923337402695,-0.0006718616829024657,0.0036750616545002295,0.01795144058221784,-0.01427637892771761,NS_RIDGE,NS
2021-12-31,2022-02-02,22,beta0,0.018394472090261103,-0.00016513391169174966,0.01822933817856935,0.017656784596167405,0.0005725535824019461,NS_ELASTICNET,NS
2021-12-31,2022-02-02,22,beta1,-0.0192471926700676,6.402385115996981e-05,-0.01918316881890763,-0.0173428081529843,-0.0018403606659233296,NS_ELASTICNET,NS
2021-12-31,2022-02-02,22,beta2,0.004346923337402695,0.00010612347669679623,0.004453046814099491,0.01795144058221784,-0.013498393768118348,NS_ELASTICNET,NS
2021-12-31,2022-02-02,22,PC1,-0.028074702274436206,0.002014896304304564,-0.026059805970131644,-0.019341972922022894,-0.006717833048108749,PCA_RIDGE,PCA
2021-12-31,2022-02-02,22,PC2,-0.005090475246029104,-0.0003754868583582645,-0.005465962104387368,-0.0033618623836913497,-0.0021040997206960184,PCA_RIDGE,PCA
2021-12-31,2022-02-02,22,PC3,0.00503667227306039,-0.0002078422550638526,0.0048288300179965375,0.007102480926196315,-0.002273650908199778,PCA_RIDGE,PCA
2021-12-31,2022-02-02,22,PC1,-0.028074702274436206,0.0025566807895740576,-0.02551802148486215,-0.019341972922022894,-0.006176048562839254,PCA_RIDGE_VAR,PCA
2021-12-31,2022-02-02,22,PC2,-0.005090475246029104,-0.0009644113796435112,-0.006054886625672615,-0.0033618623836913497,-0.0026930242419812653,PCA_RIDGE_VAR,PCA
2021-12-31,2022-02-02,22,PC3,0.00503667227306039,-0.0008204856131000344,0.004216186659960356,0.007102480926196315,-0.0028862942662359597,PCA_RIDGE_VAR,PCA
2021-12-31,2022-03-07,44,beta0,0.018394472090261103,0.0008855914004345475,0.01928006349069565,0.013064277397051315,0.006215786093644336,NS_RIDGE,NS
2021-12-31,2022-03-07,44,beta1,-0.0192471926700676,0.0005045865248219854,-0.018742606145245613,-0.01079277539449774,-0.007949830750747873,NS_RIDGE,NS
2021-12-31,2022-03-07,44,beta2,0.004346923337402695,-0.0020381852108330998,0.0023087381265695954,0.03201497381351986,-0.02970623568695026,NS_RIDGE,NS
2021-12-31,2022-03-07,44,beta0,0.018394472090261103,-0.0003062114641172988,0.018088260626143805,0.013064277397051315,0.005023983229092491,NS_ELASTICNET,NS
2021-12-31,2022-03-07,44,beta1,-0.0192471926700676,8.94342035203565e-05,-0.019157758466547242,-0.01079277539449774,-0.008364983072049503,NS_ELASTICNET,NS
2021-12-31,2022-03-07,44,beta2,0.004346923337402695,0.00011750129452480916,0.004464424631927504,0.03201497381351986,-0.027550549181592353,NS_ELASTICNET,NS
2021-12-31,2022-03-07,44,PC1,-0.028074702274436206,0.0026071950139543343,-0.025467507260481873,-0.013123145228938718,-0.012344362031543155,PCA_RIDGE,PCA
2021-12-31,2022-03-07,44,PC2,-0.005090475246029104,-0.000766500368829096,-0.0058569756148581995,-0.005451582724585648,-0.00040539289027255107,PCA_RIDGE,PCA
2021-12-31,2022-03-07,44,PC3,0.00503667227306039,-0.0006177652635575018,0.004418907009502889,0.008860692880477078,-0.00444178587097419,PCA_RIDGE,PCA
2021-12-31,2022-03-07,44,PC1,-0.028074702274436206,0.004658154331482037,-0.02341654794295417,-0.013123145228938718,-0.010293402714015451,PCA_RIDGE_VAR,PCA
2021-12-31,2022-03-07,44,PC2,-0.005090475246029104,-0.001653895605698185,-0.006744370851727289,-0.005451582724585648,-0.0012927881271416405,PCA_RIDGE_VAR,PCA
2021-12-31,2022-03-07,44,PC3,0.00503667227306039,-0.001471810262289952,0.003564862010770438,0.008860692880477078,-0.00529583086970664,PCA_RIDGE_VAR,PCA
2021-12-31,2022-04-06,66,beta0,0.018394472090261103,0.001833031361316569,0.020227503451577672,0.016263524214823605,0.003963979236754067,NS_RIDGE,NS
2021-12-31,2022-04-06,66,beta1,-0.0192471926700676,0.0005053779896588422,-0.018741814680408756,-0.012660850737411466,-0.00608096394299729,NS_RIDGE,NS
2021-12-31,2022-04-06,66,beta2,0.004346923337402695,-0.0048878264767310935,-0.0005409031393283983,0.059004678347625364,-0.05954558148695376,NS_RIDGE,NS
2021-12-31,2022-04-06,66,beta0,0.018394472090261103,-0.0004270565484287182,0.017967415541832385,0.016263524214823605,0.0017038913270087802,NS_ELASTICNET,NS
2021-12-31,2022-04-06,66,beta1,-0.0192471926700676,9.026516610523249e-05,-0.019156927503962366,-0.012660850737411466,-0.006496076766550899,NS_ELASTICNET,NS
2021-12-31,2022-04-06,66,beta2,0.004346923337402695,4.9133228908082836e-05,0.0043960565663107775,0.059004678347625364,-0.054608621781314585,NS_ELASTICNET,NS
2021-12-31,2022-04-06,66,PC1,-0.028074702274436206,0.002623036113456882,-0.025451666160979325,0.007486198559144279,-0.032937864720123604,PCA_RIDGE,PCA
2021-12-31,2022-04-06,66,PC2,-0.005090475246029104,-0.0011166299525307427,-0.006207105198559847,0.0027532263530875185,-0.008960331551647365,PCA_RIDGE,PCA
2021-12-31,2022-04-06,66,PC3,0.00503667227306039,-0.0009820918494295495,0.004054580423630841,0.013524632961314887,-0.009470052537684046,PCA_RIDGE,PCA
2021-12-31,2022-04-06,66,PC1,-0.028074702274436206,0.006404435715148878,-0.02167026655928733,0.007486198559144279,-0.029156465118431608,PCA_RIDGE_VAR,PCA
2021-12-31,2022-04-06,66,PC2,-0.005090475246029104,-0.0021323066003224077,-0.007222781846351512,0.0027532263530875185,-0.00997600819943903,PCA_RIDGE_VAR,PCA
2021-12-31,2022-04-06,66,PC3,0.00503667227306039,-0.0019901828615573147,0.0030464894115030754,0.013524632961314887,-0.010478143549811811,PCA_RIDGE_VAR,PCA
2021-12-31,2022-07-13,132,beta0,0.018394472090261103,0.00306679021563135,0.021461262305892452,0.022363424655354194,-0.0009021623494617423,NS_RIDGE,NS
2021-12-31,2022-07-13,132,beta1,-0.0192471926700676,0.000740681508443313,-0.018506511161624287,0.0029034916538341633,-0.021410002815458448,NS_RIDGE,NS
2021-12-31,2022-07-13,132,beta2,0.004346923337402695,-0.007967928581581523,-0.0036210052441788283,0.027859456304295423,-0.03148046154847425,NS_RIDGE,NS
2021-12-31,2022-07-13,132,beta0,0.018394472090261103,-0.0007991151798268566,0.017595356910434245,0.022363424655354194,-0.0047680677449199495,NS_ELASTICNET,NS
2021-12-31,2022-07-13,132,beta1,-0.0192471926700676,5.2061493163934144e-05,-0.019195131176903663,0.0029034916538341633,-0.022098622830737824,NS_ELASTICNET,NS
2021-12-31,2022-07-13,132,beta2,0.004346923337402695,-0.0004048226918348518,0.003942100645567844,0.027859456304295423,-0.02391735565872758,NS_ELASTICNET,NS
2021-12-31,2022-07-13,132,PC1,-0.028074702274436206,0.004616786280613438,-0.02345791599382277,0.034144717612527645,-0.057602633606350415,PCA_RIDGE,PCA
2021-12-31,2022-07-13,132,PC2,-0.005090475246029104,-0.0015417874268146012,-0.006632262672843705,-0.008649649696416073,0.002017387023572368,PCA_RIDGE,PCA
2021-12-31,2022-07-13,132,PC3,0.00503667227306039,-0.0015714086485244592,0.003465263624535931,0.005329860617826917,-0.001864596993290986,PCA_RIDGE,PCA
2021-12-31,2022-07-13,132,PC1,-0.028074702274436206,0.010159507705928918,-0.01791519456850729,0.034144717612527645,-0.05205991218103494,PCA_RIDGE_VAR,PCA
2021-12-31,2022-07-13,132,PC2,-0.005090475246029104,-0.002732758071856113,-0.007823233317885217,-0.008649649696416073,0.0008264163785308559,PCA_RIDGE_VAR,PCA
2021-12-31,2022-07-13,132,PC3,0.00503667227306039,-0.003002389502734865,0.0020342827703255253,0.005329860617826917,-0.0032955778475013916,PCA_RIDGE_VAR,PCA
2021-12-31,2023-01-05,252,beta0,0.018394472090261103,0.0032372455737842113,0.021631717664045313,0.03209641352384966,-0.010464695859804349,NS_RIDGE,NS
2021-12-31,2023-01-05,252,beta1,-0.0192471926700676,0.005042709951828819,-0.014204482718238778,0.01665736168365221,-0.03086184440189099,NS_RIDGE,NS
2021-12-31,2023-01-05,252,beta2,0.004346923337402695,-0.008199360666719746,-0.0038524373293170513,0.005917331238046037,-0.009769768567363089,NS_RIDGE,NS
2021-12-31,2023-01-05,252,beta0,0.018394472090261103,0.00329634919108329,0.02169082128134439,0.03209641352384966,-0.010405592242505271,NS_ELASTICNET,NS
2021-12-31,2023-01-05,252,beta1,-0.0192471926700676,-0.00018855721992295184,-0.01943574988999055,0.01665736168365221,-0.036093111573642755,NS_ELASTICNET,NS
2021-12-31,2023-01-05,252,beta2,0.004346923337402695,-0.006692423692464043,-0.002345500355061348,0.005917331238046037,-0.008262831593107384,NS_ELASTICNET,NS
2021-12-31,2023-01-05,252,PC1,-0.028074702274436206,0.011980384267022116,-0.01609431800741409,0.07285893423075099,-0.08895325223816508,PCA_RIDGE,PCA
2021-12-31,2023-01-05,252,PC2,-0.005090475246029104,-0.0027463838363360332,-0.007836859082365137,-0.015525498513104849,0.007688639430739712,PCA_RIDGE,PCA
2021-12-31,2023-01-05,252,PC3,0.00503667227306039,-0.002200007588868853,0.0028366646841915372,-0.0010325193471960523,0.0038691840313875895,PCA_RIDGE,PCA
2021-12-31,2023-01-05,252,PC1,-0.028074702274436206,0.013941667607170864,-0.014133034667265343,0.07285893423075099,-0.08699196889801633,PCA_RIDGE_VAR,PCA
2021-12-31,2023-01-05,252,PC2,-0.005090475246029104,-0.002354568698459212,-0.007445043944488316,-0.015525498513104849,0.008080454568616533,PCA_RIDGE_VAR,PCA
2021-12-31,2023-01-05,252,PC3,0.00503667227306039,-0.003792924988476592,0.0012437472845837983,-0.0010325193471960523,0.0022762666317798505,PCA_RIDGE_VAR,PCA
2022-01-31,2022-02-07,5,beta0,0.017801436138592055,0.0001236146026900683,0.017925050741282124,0.01860576886544935,-0.0006807181241672254,NS_RIDGE,NS
2022-01-31,2022-02-07,5,beta1,-0.017112454605090595,0.0006409836949683668,-0.01647147091012223,-0.017483611109903548,0.0010121401997813181,NS_RIDGE,NS
2022-01-31,2022-02-07,5,beta2,0.017571611700447375,-0.00099538251983782,0.016576229180609553,0.020260505664562608,-0.003684276483953055,NS_RIDGE,NS
2022-01-31,2022-02-07,5,beta0,0.017801436138592055,-3.692364705308417e-05,0.017764512491538972,0.01860576886544935,-0.0008412563739103769,NS_ELASTICNET,NS
2022-01-31,2022-02-07,5,beta1,-0.017112454605090595,1.762126328825186e-05,-0.017094833341802344,-0.017483611109903548,0.00038877776810120404,NS_ELASTICNET,NS
2022-01-31,2022-02-07,5,beta2,0.017571611700447375,3.503723994254368e-05,0.017606648940389918,0.020260505664562608,-0.00265385672417269,NS_ELASTICNET,NS
2022-01-31,2022-02-07,5,PC1,-0.01865147024564502,0.0009151852059350819,-0.01773628503970994,-0.01555923629164517,-0.0021770487480647707,PCA_RIDGE,PCA
2022-01-31,2022-02-07,5,PC2,-0.003476155851901224,-0.00043891661232293376,-0.003915072464224158,-0.0023550311510476332,-0.0015600413131765245,PCA_RIDGE,PCA
2022-01-31,2022-02-07,5,PC3,0.006954250727425583,-0.00026812950156434424,0.006686121225861238,0.007418369633163911,-0.0007322484073026729,PCA_RIDGE,PCA
2022-01-31,2022-02-07,5,PC1,-0.01865147024564502,0.0009330425156470964,-0.017718427729997925,-0.01555923629164517,-0.0021591914383527547,PCA_RIDGE_VAR,PCA
2022-01-31,2022-02-07,5,PC2,-0.003476155851901224,-0.0004418806963020303,-0.003918036548203254,-0.0023550311510476332,-0.001563005397155621,PCA_RIDGE_VAR,PCA
2022-01-31,2022-02-07,5,PC3,0.006954250727425583,-0.0003217581167908835,0.006632492610634699,0.007418369633163911,-0.0007858770225292119,PCA_RIDGE_VAR,PCA
2022-01-31,2022-02-14,10,beta0,0.017801436138592055,0.00035165539253224193,0.018153091531124297,0.0163391580270697,0.0018139335040545969,NS_RIDGE,NS
2022-01-31,2022-02-14,10,beta1,-0.017112454605090595,0.0009650740040772838,-0.01614738060101331,-0.01389288445238201,-0.0022544961486313016,NS_RIDGE,NS
2022-01-31,2022-02-14,10,beta2,0.017571611700447375,-0.0019357350551395499,0.015635876645307824,0.030033233386029354,-0.01439735674072153,NS_RIDGE,NS
2022-01-31,2022-02-14,10,beta0,0.017801436138592055,-7.146360426042584e-05,0.017729972534331628,0.0163391580270697,0.0013908145072619275,NS_ELASTICNET,NS
2022-01-31,2022-02-14,10,beta1,-0.017112454605090595,3.1221747019469826e-05,-0.017081232858071126,-0.01389288445238201,-0.0031883484056891166,NS_ELASTICNET,NS
2022-01-31,2022-02-14,10,beta2,0.017571611700447375,6.77167154503313e-05,0.017639328415897704,0.030033233386029354,-0.01239390497013165,NS_ELASTICNET,NS
2022-01-31,2022-02-14,10,PC1,-0.01865147024564502,0.001612742004925708,-0.017038728240719312,-0.010314577199589801,-0.006724151041129511,PCA_RIDGE,PCA
2022-01-31,2022-02-14,10,PC2,-0.003476155851901224,-0.0010621917553921677,-0.004538347607293392,-0.0029373124146031757,-0.001601035192690216,PCA_RIDGE,PCA
2022-01-31,2022-02-14,10,PC3,0.006954250727425583,-0.0006522424680472697,0.0063020082593783135,0.008723373562413015,-0.0024213653030347015,PCA_RIDGE,PCA
2022-01-31,2022-02-14,10,PC1,-0.01865147024564502,0.0018018608257787117,-0.01684960941986631,-0.010314577199589801,-0.0065350322202765085,PCA_RIDGE_VAR,PCA
2022-01-31,2022-02-14,10,PC2,-0.003476155851901224,-0.0008107640498997209,-0.004286919901800945,-0.0029373124146031757,-0.0013496074871977692,PCA_RIDGE_VAR,PCA
2022-01-31,2022-02-14,10,PC3,0.006954250727425583,-0.0005939699240114452,0.006360280803414138,0.008723373562413015,-0.0023630927589988774,PCA_RIDGE_VAR,PCA
2022-01-31,2022-03-03,22,beta0,0.017801436138592055,0.00022302718437186718,0.01802446332296392,0.014545346621357695,0.0034791167016062254,NS_RIDGE,NS
2022-01-31,2022-03-03,22,beta1,-0.017112454605090595,0.001706950158871684,-0.015405504446218911,-0.012455686834176909,-0.0029498176120420026,NS_RIDGE,NS
2022-01-31,2022-03-03,22,beta2,0.017571611700447375,-0.0014789979179863925,0.016092613782460984,0.03005328994731604,-0.013960676164855055,NS_RIDGE,NS
2022-01-31,2022-03-03,22,beta0,0.017801436138592055,-0.00015577176528300805,0.017645664373309045,0.014545346621357695,0.00310031775195135,NS_ELASTICNET,NS
2022-01-31,2022-03-03,22,beta1,-0.017112454605090595,5.906390363698129e-05,-0.017053390701453612,-0.012455686834176909,-0.0045977038672767034,NS_ELASTICNET,NS
2022-01-31,2022-03-03,22,beta2,0.017571611700447375,0.00013546042960077627,0.01770707213004815,0.03005328994731604,-0.012346217817267888,NS_ELASTICNET,NS
2022-01-31,2022-03-03,22,PC1,-0.01865147024564502,0.0032385568615619876,-0.015412913384083033,-0.01283665784136035,-0.0025762555427226823,PCA_RIDGE,PCA
2022-01-31,2022-03-03,22,PC2,-0.003476155851901224,-0.0015609038211948914,-0.005037059673096115,-0.004436849559099301,-0.000600210113996814,PCA_RIDGE,PCA
2022-01-31,2022-03-03,22,PC3,0.006954250727425583,-0.0005259022639350638,0.006428348463490519,0.008610555821932998,-0.002182207358442479,PCA_RIDGE,PCA
2022-01-31,2022-03-03,22,PC1,-0.01865147024564502,0.003733288734716487,-0.014918181510928535,-0.01283665784136035,-0.002081523669568184,PCA_RIDGE_VAR,PCA
2022-01-31,2022-03-03,22,PC2,-0.003476155851901224,-0.001605492635393814,-0.005081648487295038,-0.004436849559099301,-0.0006447989281957367,PCA_RIDGE_VAR,PCA
2022-01-31,2022-03-03,22,PC3,0.006954250727425583,-0.0011941188490997593,0.0057601318783258235,0.008610555821932998,-0.0028504239436071745,PCA_RIDGE_VAR,PCA
2022-01-31,2022-04-04,44,beta0,0.017801436138592055,0.0002541463762480674,0.018055582514840122,0.013480124973474939,0.004575457541365183,NS_RIDGE,NS
2022-01-31,2022-04-04,44,beta1,-0.017112454605090595,0.003997124936647317,-0.013115329668443278,-0.009976765068903319,-0.0031385645995399593,NS_RIDGE,NS
2022-01-31,2022-04-04,44,beta2,0.017571611700447375,-0.0031594418546875562,0.014412169845759819,0.06066912364790424,-0.046256953802144424,NS_RIDGE,NS
2022-01-31,2022-04-04,44,beta0,0.017801436138592055,-0.00031793109868480287,0.01748350503990725,0.013480124973474939,0.004003380066432312,NS_ELASTICNET,NS
2022-01-31,2022-04-04,44,beta1,-0.017112454605090595,0.00010535957329944479,-0.01700709503179115,-0.009976765068903319,-0.00703032996288783,NS_ELASTICNET,NS
2022-01-31,2022-04-04,44,beta2,0.017571611700447375,0.0002047678538487603,0.017776379554296135,0.06066912364790424,-0.042892744093608104,NS_ELASTICNET,NS
2022-01-31,2022-04-04,44,PC1,-0.01865147024564502,0.004463699458833649,-0.014187770786811372,0.005349803432991247,-0.01953757421980262,PCA_RIDGE,PCA
2022-01-31,2022-04-04,44,PC2,-0.003476155851901224,-0.0016672063033554686,-0.005143362155256692,0.0006132607316491658,-0.005756622886905858,PCA_RIDGE,PCA
2022-01-31,2022-04-04,44,PC3,0.006954250727425583,-0.0008606679336936521,0.006093582793731931,0.013612020342952303,-0.007518437549220372,PCA_RIDGE,PCA
2022-01-31,2022-04-04,44,PC1,-0.01865147024564502,0.006778416534869543,-0.011873053710775478,0.005349803432991247,-0.017222857143766725,PCA_RIDGE_VAR,PCA
2022-01-31,2022-04-04,44,PC2,-0.003476155851901224,-0.002773346585360985,-0.006249502437262209,0.0006132607316491658,-0.0068627631689113745,PCA_RIDGE_VAR,PCA
2022-01-31,2022-04-04,44,PC3,0.006954250727425583,-0.002123759289758325,0.004830491437667258,0.013612020342952303,-0.008781528905285045,PCA_RIDGE_VAR,PCA
2022-01-31,2022-05-05,66,beta0,0.017801436138592055,0.0008886021247797684,0.018690038263371823,0.022319458403463815,-0.0036294201400919913,NS_RIDGE,NS
2022-01-31,2022-05-05,66,beta1,-0.017112454605090595,0.0029642658334540282,-0.014148188771636566,-0.016449258952794,0.002301070181157435,NS_RIDGE,NS
2022-01-31,2022-05-05,66,beta2,0.017571611700447375,-0.00518263679215051,0.012388974908296865,0.053900924803436,-0.041511949895139136,NS_RIDGE,NS
2022-01-31,2022-05-05,66,beta0,0.017801436138592055,-0.00044984227120651145,0.017351593867385544,0.022319458403463815,-0.004967864536078271,NS_ELASTICNET,NS
2022-01-31,2022-05-05,66,beta1,-0.017112454605090595,0.0001143981850377391,-0.016998056420052855,-0.016449258952794,-0.0005487974672588533,NS_ELASTICNET,NS
2022-01-31,2022-05-05,66,beta2,0.017571611700447375,0.00018904486722825332,0.01776065656767563,0.053900924803436,-0.03614026823576037,NS_ELASTICNET,NS
2022-01-31,2022-05-05,66,PC1,-0.01865147024564502,0.0046623579828853675,-0.013989112262759654,0.015162277826422356,-0.029151390089182008,PCA_RIDGE,PCA
2022-01-31,2022-05-05,66,PC2,-0.003476155851901224,-0.0021634167369276114,-0.005639572588828835,0.0061053260034010445,-0.01174489859222988,PCA_RIDGE,PCA
2022-01-31,2022-05-05,66,PC3,0.006954250727425583,-0.0013483649064046932,0.00560588582102089,0.012694831333861364,-0.007088945512840474,PCA_RIDGE,PCA
2022-01-31,2022-05-05,66,PC1,-0.01865147024564502,0.009289817867624827,-0.009361652378020195,0.015162277826422356,-0.024523930204442553,PCA_RIDGE_VAR,PCA
2022-01-31,2022-05-05,66,PC2,-0.003476155851901224,-0.0036352256456287646,-0.0071113814975299885,0.0061053260034010445,-0.013216707500931034,PCA_RIDGE_VAR,PCA
2022-01-31,2022-05-05,66,PC3,0.006954250727425583,-0.002871134798798561,0.004083115928627022,0.012694831333861364,-0.008611715405234342,PCA_RIDGE_VAR,PCA
2022-01-31,2022-08-10,132,beta0,0.017801436138592055,0.0017543091492480552,0.01955574528784011,0.020397965749723985,-0.0008422204618838761,NS_RIDGE,NS
2022-01-31,2022-08-10,132,beta1,-0.017112454605090595,0.004198338545958677,-0.012914116059131918,0.007445030325166451,-0.02035914638429837,NS_RIDGE,NS
2022-01-31,2022-08-10,132,beta2,0.017571611700447375,-0.010205547813523997,0.007366063886923378,0.025960839402018324,-0.018594775515094947,NS_RIDGE,NS
2022-01-31,2022-08-10,132,beta0,0.017801436138592055,0.0014004616561930422,0.019201897794785098,0.020397965749723985,-0.001196067954938887,NS_ELASTICNET,NS
2022-01-31,2022-08-10,132,beta1,-0.017112454605090595,0.00024988698907096434,-0.01686256761601963,0.007445030325166451,-0.02430759794118608,NS_ELASTICNET,NS
2022-01-31,2022-08-10,132,beta2,0.017571611700447375,-0.0054524329625009115,0.012119178737946462,0.025960839402018324,-0.013841660664071862,NS_ELASTICNET,NS
2022-01-31,2022-08-10,132,PC1,-0.01865147024564502,0.006836129054032513,-0.011815341191612509,0.03551829588002583,-0.04733363707163834,PCA_RIDGE,PCA
2022-01-31,2022-08-10,132,PC2,-0.003476155851901224,-0.003749211082458186,-0.00722536693435941,-0.012075514426227486,0.004850147491868077,PCA_RIDGE,PCA
2022-01-31,2022-08-10,132,PC3,0.006954250727425583,-0.002526475495001866,0.004427775232423717,0.00449721268348037,-6.943745105665328e-05,PCA_RIDGE,PCA
2022-01-31,2022-08-10,132,PC1,-0.01865147024564502,0.014561348519989956,-0.004090121725655066,0.03551829588002583,-0.039608417605680894,PCA_RIDGE_VAR,PCA
2022-01-31,2022-08-10,132,PC2,-0.003476155851901224,-0.004975409080218942,-0.008451564932120166,-0.012075514426227486,0.0036239494941073206,PCA_RIDGE_VAR,PCA
2022-01-31,2022-08-10,132,PC3,0.006954250727425583,-0.0043543087046265545,0.0025999420227990283,0.00449721268348037,-0.0018972706606813416,PCA_RIDGE_VAR,PCA
2022-01-31,2023-02-03,252,beta0,0.017801436138592055,0.006819375463293273,0.024620811601885326,0.031139477286764528,-0.006518665684879202,NS_RIDGE,NS
2022-01-31,2023-02-03,252,beta1,-0.017112454605090595,0.007423318067265038,-0.009689136537825556,0.01882136042072598,-0.028510496958551537,NS_RIDGE,NS
2022-01-31,2023-02-03,252,beta2,0.017571611700447375,-0.013494713109135949,0.004076898591311426,-0.0012186303961673744,0.0052955289874788,NS_RIDGE,NS
2022-01-31,2023-02-03,252,beta0,0.017801436138592055,0.0038034736810236384,0.021604909819615693,0.031139477286764528,-0.009534567467148834,NS_ELASTICNET,NS
2022-01-31,2023-02-03,252,beta1,-0.017112454605090595,0.0005115728651199471,-0.01660088173997065,0.01882136042072598,-0.03542224216069663,NS_ELASTICNET,NS
2022-01-31,2023-02-03,252,beta2,0.017571611700447375,-0.008956749487929794,0.00861486221251758,-0.0012186303961673744,0.009833492608684956,NS_ELASTICNET,NS
2022-01-31,2023-02-03,252,PC1,-0.01865147024564502,0.026816698261679744,0.008165228016034722,0.07007938000842912,-0.06191415199239439,PCA_RIDGE,PCA
2022-01-31,2023-02-03,252,PC2,-0.003476155851901224,-0.004884475534813462,-0.008360631386714685,-0.018551704869304284,0.010191073482589599,PCA_RIDGE,PCA
2022-01-31,2023-02-03,252,PC3,0.006954250727425583,-0.004053486253533893,0.00290076447389169,-0.0025917257849675853,0.005492490258859275,PCA_RIDGE,PCA
2022-01-31,2023-02-03,252,PC1,-0.01865147024564502,0.019415226427822455,0.0007637561821774337,0.07007938000842912,-0.06931562382625168,PCA_RIDGE_VAR,PCA
2022-01-31,2023-02-03,252,PC2,-0.003476155851901224,-0.005079245538269025,-0.00855540139017025,-0.018551704869304284,0.009996303479134034,PCA_RIDGE_VAR,PCA
2022-01-31,2023-02-03,252,PC3,0.006954250727425583,-0.005535294236158726,0.001418956491266857,-0.0025917257849675853,0.004010682276234442,PCA_RIDGE_VAR,PCA
2022-02-28,2022-03-07,5,beta0,0.017520741368970763,0.0002516803261721735,0.017772421695142936,0.01576580463480896,0.002006617060333976,NS_RIDGE,NS
2022-02-28,2022-03-07,5,beta1,-0.01615780089665578,-0.00013752030188017502,-0.016295321198535957,-0.014325775611400669,-0.001969545587135288,NS_RIDGE,NS
2022-02-28,2022-03-07,5,beta2,0.019363492527294933,9.434754883697029e-05,0.019457840076131903,0.02478512173456151,-0.005327281658429606,NS_RIDGE,NS
2022-02-28,2022-03-07,5,beta0,0.017520741368970763,-3.467724819337477e-05,0.017486064120777387,0.01576580463480896,0.001720259485968427,NS_ELASTICNET,NS
2022-02-28,2022-03-07,5,beta1,-0.01615780089665578,1.6051901693664206e-05,-0.016141748994962117,-0.014325775611400669,-0.0018159733835614485,NS_ELASTICNET,NS
2022-02-28,2022-03-07,5,beta2,0.019363492527294933,4.840097881846157e-05,0.019411893506113394,0.02478512173456151,-0.005373228228448115,NS_ELASTICNET,NS
2022-02-28,2022-03-07,5,PC1,-0.013972249239387651,0.0007605723359444666,-0.013211676903443185,-0.012970041652295539,-0.00024163525114764654,PCA_RIDGE,PCA
2022-02-28,2022-03-07,5,PC2,-0.004434288824889495,0.0003309862321934815,-0.0041033025926960134,-0.005443031447273476,0.0013397288545774627,PCA_RIDGE,PCA
2022-02-28,2022-03-07,5,PC3,0.008061236499219351,8.063747702730452e-05,0.008141873976246656,0.00878654874278743,-0.0006446747665407749,PCA_RIDGE,PCA
2022-02-28,2022-03-07,5,PC1,-0.013972249239387651,0.0012306278237618155,-0.012741621415625836,-0.012970041652295539,0.00022842023666970294,PCA_RIDGE_VAR,PCA
2022-02-28,2022-03-07,5,PC2,-0.004434288824889495,-0.00041911006918626294,-0.004853398894075758,-0.005443031447273476,0.0005896325531977182,PCA_RIDGE_VAR,PCA
2022-02-28,2022-03-07,5,PC3,0.008061236499219351,-0.00025844714604373025,0.007802789353175621,0.00878654874278743,-0.0009837593896118097,PCA_RIDGE_VAR,PCA
2022-02-28,2022-03-14,10,beta0,0.017520741368970763,0.00013046615711247096,0.017651207526083235,0.019056457245187817,-0.0014052497191045822,NS_RIDGE,NS
2022-02-28,2022-03-14,10,beta1,-0.01615780089665578,0.0005065333469091519,-0.01565126754974663,-0.01774365301672172,0.0020923854669750892,NS_RIDGE,NS
2022-02-28,2022-03-14,10,beta2,0.019363492527294933,-0.00044147867116384177,0.01892201385613109,0.030922385881127126,-0.012000372024996035,NS_RIDGE,NS
2022-02-28,2022-03-14,10,beta0,0.017520741368970763,-6.714879598299659e-05,0.017453592572987765,0.019056457245187817,-0.0016028646722000515,NS_ELASTICNET,NS
2022-02-28,2022-03-14,10,beta1,-0.01615780089665578,2.8935582244326696e-05,-0.016128865314411454,-0.01774365301672172,0.001614787702310265,NS_ELASTICNET,NS
2022-02-28,2022-03-14,10,beta2,0.019363492527294933,9.62291277571804e-05,0.019459721655052113,0.030922385881127126,-0.011462664226075014,NS_ELASTICNET,NS
2022-02-28,2022-03-14,10,PC1,-0.013972249239387651,0.0012373769229689633,-0.012734872316418688,-0.005672340064232513,-0.0070625322521861746,PCA_RIDGE,PCA
2022-02-28,2022-03-14,10,PC2,-0.004434288824889495,-7.03464656444052e-05,-0.004504635290533901,-0.0013584943731918958,-0.003146140917342005,PCA_RIDGE,PCA
2022-02-28,2022-03-14,10,PC3,0.008061236499219351,-0.00022455911706316685,0.007836677382156184,0.010409901676268596,-0.002573224294112412,PCA_RIDGE,PCA
2022-02-28,2022-03-14,10,PC1,-0.013972249239387651,0.0022538151816696578,-0.011718434057717993,-0.005672340064232513,-0.00604609399348548,PCA_RIDGE_VAR,PCA
2022-02-28,2022-03-14,10,PC2,-0.004434288824889495,-0.0008506525865564349,-0.00528494141144593,-0.0013584943731918958,-0.003926447038254034,PCA_RIDGE_VAR,PCA
2022-02-28,2022-03-14,10,PC3,0.008061236499219351,-0.0005596504086334258,0.007501586090585925,0.010409901676268596,-0.0029083155856826706,PCA_RIDGE_VAR,PCA
2022-02-28,2022-03-30,22,beta0,0.017520741368970763,-0.00026563886632826635,0.0172551025026425,0.01840533216734152,-0.0011502296646990207,NS_RIDGE,NS
2022-02-28,2022-03-30,22,beta1,-0.01615780089665578,0.0010244101045808465,-0.015133390792074933,-0.017246242133106226,0.0021128513410312924,NS_RIDGE,NS
2022-02-28,2022-03-30,22,beta2,0.019363492527294933,0.0011566469285231764,0.02052013945581811,0.04741751952256341,-0.0268973800667453,NS_RIDGE,NS
2022-02-28,2022-03-30,22,beta0,0.017520741368970763,-0.00014600244309081895,0.017374738925879943,0.01840533216734152,-0.0010305932414615762,NS_ELASTICNET,NS
2022-02-28,2022-03-30,22,beta1,-0.01615780089665578,5.363760077246292e-05,-0.01610416329588332,-0.017246242133106226,0.0011420788372229068,NS_ELASTICNET,NS
2022-02-28,2022-03-30,22,beta2,0.019363492527294933,0.00019623145449777722,0.01955972398179271,0.04741751952256341,-0.027857795540770697,NS_ELASTICNET,NS
2022-02-28,2022-03-30,22,PC1,-0.013972249239387651,0.002041692685843109,-0.011930556553544542,0.002544868136339924,-0.014475424689884466,PCA_RIDGE,PCA
2022-02-28,2022-03-30,22,PC2,-0.004434288824889495,-0.0004863296205251983,-0.004920618445414694,0.00031576599436263994,-0.005236384439777334,PCA_RIDGE,PCA
2022-02-28,2022-03-30,22,PC3,0.008061236499219351,-4.9532352353738674e-05,0.008011704146865613,0.013332811678359556,-0.005321107531493943,PCA_RIDGE,PCA
2022-02-28,2022-03-30,22,PC1,-0.013972249239387651,0.004538435043498348,-0.009433814195889303,0.002544868136339924,-0.011978682332229228,PCA_RIDGE_VAR,PCA
2022-02-28,2022-03-30,22,PC2,-0.004434288824889495,-0.00178588518470465,-0.006220174009594145,0.00031576599436263994,-0.006535940003956785,PCA_RIDGE_VAR,PCA
2022-02-28,2022-03-30,22,PC3,0.008061236499219351,-0.0012271496845887627,0.006834086814630588,0.013332811678359556,-0.006498724863728968,PCA_RIDGE_VAR,PCA
2022-02-28,2022-05-02,44,beta0,0.017520741368970763,-0.000694289882242208,0.016826451486728556,0.026020519933461113,-0.009194068446732557,NS_RIDGE,NS
2022-02-28,2022-05-02,44,beta1,-0.01615780089665578,0.0025254868038143913,-0.01363231409284139,-0.020765852057361752,0.007133537964520362,NS_RIDGE,NS
2022-02-28,2022-05-02,44,beta2,0.019363492527294933,0.0012747517828058958,0.020638244310100827,0.04311009460270869,-0.022471850292607863,NS_RIDGE,NS
2022-02-28,2022-05-02,44,beta0,0.017520741368970763,-0.00028864056703136826,0.017232100801939394,0.026020519933461113,-0.00878841913152172,NS_ELASTICNET,NS
2022-02-28,2022-05-02,44,beta1,-0.01615780089665578,8.256445816400472e-05,-0.016075236438491777,-0.020765852057361752,0.004690615618869975,NS_ELASTICNET,NS
2022-02-28,2022-05-02,44,beta2,0.019363492527294933,0.00028079519415797173,0.019644287721452904,0.04311009460270869,-0.023465806881255786,NS_ELASTICNET,NS
2022-02-28,2022-05-02,44,PC1,-0.013972249239387651,0.004886765898613812,-0.009085483340773838,0.015901761156586952,-0.02498724449736079,PCA_RIDGE,PCA
2022-02-28,2022-05-02,44,PC2,-0.004434288824889495,-0.0008563979220828526,-0.005290686746972348,0.004978771353429466,-0.010269458100401814,PCA_RIDGE,PCA
2022-02-28,2022-05-02,44,PC3,0.008061236499219351,-9.063341468980472e-05,0.007970603084529546,0.012649178743106787,-0.00467857565857724,PCA_RIDGE,PCA
2022-02-28,2022-05-02,44,PC1,-0.013972249239387651,0.0081709689422316,-0.0058012802971560504,0.015901761156586952,-0.021703041453743,PCA_RIDGE_VAR,PCA
2022-02-28,2022-05-02,44,PC2,-0.004434288824889495,-0.003177341989741014,-0.007611630814630509,0.004978771353429466,-0.012590402168059976,PCA_RIDGE_VAR,PCA
2022-02-28,2022-05-02,44,PC3,0.008061236499219351,-0.00227179263757136,0.005789443861647991,0.012649178743106787,-0.006859734881458796,PCA_RIDGE_VAR,PCA
2022-02-28,2022-06-02,66,beta0,0.017520741368970763,-0.0005923858690935146,0.01692835549987725,0.026393515526376123,-0.009465160026498873,NS_RIDGE,NS
2022-02-28,2022-06-02,66,beta1,-0.01615780089665578,0.002801616094583055,-0.013356184802072726,-0.01772570442803184,0.004369519625959115,NS_RIDGE,NS
2022-02-28,2022-06-02,66,beta2,0.019363492527294933,-0.0020365404488613646,0.01732695207843357,0.0337256928514993,-0.016398740773065735,NS_RIDGE,NS
2022-02-28,2022-06-02,66,beta0,0.017520741368970763,-0.0004334147933715483,0.017087326575599214,0.026393515526376123,-0.009306188950776909,NS_ELASTICNET,NS
2022-02-28,2022-06-02,66,beta1,-0.01615780089665578,0.00010472698981905162,-0.01605307390683673,-0.01772570442803184,0.0016726305211951127,NS_ELASTICNET,NS
2022-02-28,2022-06-02,66,beta2,0.019363492527294933,0.0003101750490548861,0.019673667576349817,0.0337256928514993,-0.014052025275149486,NS_ELASTICNET,NS
2022-02-28,2022-06-02,66,PC1,-0.013972249239387651,0.005023810873245337,-0.008948438366142314,0.016417927866940366,-0.02536636623308268,PCA_RIDGE,PCA
2022-02-28,2022-06-02,66,PC2,-0.004434288824889495,-0.0015940400932348874,-0.006028328918124382,0.0022958516574611045,-0.008324180575585486,PCA_RIDGE,PCA
2022-02-28,2022-06-02,66,PC3,0.008061236499219351,-0.0005476496170387044,0.007513586882180646,0.010344876222576477,-0.002831289340395831,PCA_RIDGE,PCA
2022-02-28,2022-06-02,66,PC1,-0.013972249239387651,0.01119823348147395,-0.0027740157579137018,0.016417927866940366,-0.019191943624854067,PCA_RIDGE_VAR,PCA
2022-02-28,2022-06-02,66,PC2,-0.004434288824889495,-0.0042230189510698065,-0.008657307775959302,0.0022958516574611045,-0.010953159433420406,PCA_RIDGE_VAR,PCA
2022-02-28,2022-06-02,66,PC3,0.008061236499219351,-0.003123068184463111,0.00493816831475624,0.010344876222576477,-0.0054067079078202376,PCA_RIDGE_VAR,PCA
2022-02-28,2022-09-07,132,beta0,0.017520741368970763,0.0008276533137229293,0.018348394682693694,0.02953007332190333,-0.011181678639209637,NS_RIDGE,NS
2022-02-28,2022-09-07,132,beta1,-0.01615780089665578,0.003263061316439121,-0.01289473958021666,0.001575455164875057,-0.014470194745091716,NS_RIDGE,NS
2022-02-28,2022-09-07,132,beta2,0.019363492527294933,-0.005732636142117733,0.0136308563851772,0.01704605025746413,-0.0034151938722869306,NS_RIDGE,NS
2022-02-28,2022-09-07,132,beta0,0.017520741368970763,-0.0008187579681754834,0.01670198340079528,0.02953007332190333,-0.012828089921108052,NS_ELASTICNET,NS
2022-02-28,2022-09-07,132,beta1,-0.01615780089665578,8.535972736481553e-05,-0.016072441169290966,0.001575455164875057,-0.017647896334166024,NS_ELASTICNET,NS
2022-02-28,2022-09-07,132,beta2,0.019363492527294933,-3.14659053485585e-05,0.019332026621946375,0.01704605025746413,0.002285976364482245,NS_ELASTICNET,NS
2022-02-28,2022-09-07,132,PC1,-0.013972249239387651,0.013379756833450558,-0.000592492405937093,0.045940614340957864,-0.04653310674689495,PCA_RIDGE,PCA
2022-02-28,2022-09-07,132,PC2,-0.004434288824889495,-0.0027357828195730457,-0.007170071644462541,-0.00860021040542611,0.0014301387609635691,PCA_RIDGE,PCA
2022-02-28,2022-09-07,132,PC3,0.008061236499219351,-0.0017865392126433961,0.006274697286575955,0.003142444767832193,0.003132252518743762,PCA_RIDGE,PCA
2022-02-28,2022-09-07,132,PC1,-0.013972249239387651,0.017659089721061463,0.003686840481673812,0.045940614340957864,-0.042253773859284055,PCA_RIDGE_VAR,PCA
2022-02-28,2022-09-07,132,PC2,-0.004434288824889495,-0.005922246446404121,-0.010356535271293616,-0.00860021040542611,-0.0017563248658675062,PCA_RIDGE_VAR,PCA
2022-02-28,2022-09-07,132,PC3,0.008061236499219351,-0.004855538161736235,0.003205698337483116,0.003142444767832193,6.325356965092288e-05,PCA_RIDGE_VAR,PCA
2022-02-28,2023-03-03,252,beta0,0.017520741368970763,0.010396586756128654,0.027917328125099415,0.03420903891171919,-0.006291710786619775,NS_RIDGE,NS
2022-02-28,2023-03-03,252,beta1,-0.01615780089665578,0.004282414659105719,-0.011875386237550061,0.016240644559557014,-0.028116030797107075,NS_RIDGE,NS
2022-02-28,2023-03-03,252,beta2,0.019363492527294933,-0.018096383401405087,0.001267109125889846,0.01778411888954185,-0.016517009763652005,NS_RIDGE,NS
2022-02-28,2023-03-03,252,beta0,0.017520741368970763,0.003708135188080804,0.021228876557051565,0.03420903891171919,-0.012980162354667625,NS_ELASTICNET,NS
2022-02-28,2023-03-03,252,beta1,-0.01615780089665578,-0.0011992166467857885,-0.01735701754344157,0.016240644559557014,-0.03359766210299858,NS_ELASTICNET,NS
2022-02-28,2023-03-03,252,beta2,0.019363492527294933,-0.010126966236131327,0.009236526291163605,0.01778411888954185,-0.008547592598378246,NS_ELASTICNET,NS
2022-02-28,2023-03-03,252,PC1,-0.013972249239387651,0.04096430392522657,0.02699205468583892,0.08229937966474823,-0.05530732497890932,PCA_RIDGE,PCA
2022-02-28,2023-03-03,252,PC2,-0.004434288824889495,-0.0012118030365690109,-0.005646091861458506,-0.014032002406290218,0.008385910544831713,PCA_RIDGE,PCA
2022-02-28,2023-03-03,252,PC3,0.008061236499219351,-0.0049218299603203475,0.0031394065388990035,0.00015499961495615312,0.0029844069239428504,PCA_RIDGE,PCA
2022-02-28,2023-03-03,252,PC1,-0.013972249239387651,0.02372303229720061,0.009750783057812958,0.08229937966474823,-0.07254859660693527,PCA_RIDGE_VAR,PCA
2022-02-28,2023-03-03,252,PC2,-0.004434288824889495,-0.006209539653896768,-0.010643828478786263,-0.014032002406290218,0.003388173927503955,PCA_RIDGE_VAR,PCA
2022-02-28,2023-03-03,252,PC3,0.008061236499219351,-0.006307657357445045,0.0017535791417743057,0.00015499961495615312,0.0015985795268181526,PCA_RIDGE_VAR,PCA
2022-03-31,2022-04-07,5,beta0,0.01812637921409451,9.072311705429039e-05,0.0182171023311488,0.022593993673040314,-0.0043768913418915124,NS_RIDGE,NS
2022-03-31,2022-04-07,5,beta1,-0.016968644153174346,0.0007180595877562661,-0.01625058456541808,-0.020177189023106418,0.003926604457688339,NS_RIDGE,NS
2022-03-31,2022-04-07,5,beta2,0.04703569436336027,0.00014779196575193988,0.047183486329112206,0.043962160872507254,0.0032213254566049523,NS_RIDGE,NS
2022-03-31,2022-04-07,5,beta0,0.01812637921409451,-3.334533765803429e-05,0.018093033876436477,0.022593993673040314,-0.004500959796603837,NS_ELASTICNET,NS
2022-03-31,2022-04-07,5,beta1,-0.016968644153174346,1.5030958629390119e-05,-0.016953613194544956,-0.020177189023106418,0.003223575828561462,NS_ELASTICNET,NS
2022-03-31,2022-04-07,5,beta2,0.04703569436336027,7.575033840018213e-05,0.04711144470176045,0.043962160872507254,0.0031492838292531966,NS_ELASTICNET,NS
2022-03-31,2022-04-07,5,PC1,0.0020133258828217387,0.001203280796719452,0.003216606679541191,0.007750062007656128,-0.004533455328114937,PCA_RIDGE,PCA
2022-03-31,2022-04-07,5,PC2,-5.993394400812692e-06,-0.00044234273683410775,-0.00044833613123492047,0.0032473676166306885,-0.003695703747865609,PCA_RIDGE,PCA
2022-03-31,2022-04-07,5,PC3,0.013206988419160653,-0.00016812822262811503,0.013038860196532538,0.013015056119402641,2.3804077129896753e-05,PCA_RIDGE,PCA
2022-03-31,2022-04-07,5,PC1,0.0020133258828217387,0.001957104592035855,0.003970430474857594,0.007750062007656128,-0.003779631532798534,PCA_RIDGE_VAR,PCA
2022-03-31,2022-04-07,5,PC2,-5.993394400812692e-06,-0.0006779392052272288,-0.0006839325996280415,0.0032473676166306885,-0.00393130021625873,PCA_RIDGE_VAR,PCA
2022-03-31,2022-04-07,5,PC3,0.013206988419160653,-0.00037275780370180436,0.012834230615458849,0.013015056119402641,-0.000180825503943792,PCA_RIDGE_VAR,PCA
2022-03-31,2022-04-14,10,beta0,0.01812637921409451,0.0002177511062501896,0.018344130320344702,0.025570678957745317,-0.007226548637400614,NS_RIDGE,NS
2022-03-31,2022-04-14,10,beta1,-0.016968644153174346,0.0017005819986211838,-0.015268062154553163,-0.021456884694682862,0.0061888225401297,NS_RIDGE,NS
2022-03-31,2022-04-14,10,beta2,0.04703569436336027,-0.00027101107442966484,0.0467646832889306,0.03652331337143074,0.010241369917499861,NS_RIDGE,NS
2022-03-31,2022-04-14,10,beta0,0.01812637921409451,-6.570641714982904e-05,0.01806067279694468,0.025570678957745317,-0.007510006160800636,NS_ELASTICNET,NS
2022-03-31,2022-04-14,10,beta1,-0.016968644153174346,2.7597447614074563e-05,-0.01694104670556027,-0.021456884694682862,0.004515837989122591,NS_ELASTICNET,NS
2022-03-31,2022-04-14,10,beta2,0.04703569436336027,0.00014555664513235035,0.04718125100849262,0.03652331337143074,0.010657937637061875,NS_ELASTICNET,NS
2022-03-31,2022-04-14,10,PC1,0.0020133258828217387,0.0025760313134261604,0.004589357196247899,0.009890207860309877,-0.005300850664061978,PCA_RIDGE,PCA
2022-03-31,2022-04-14,10,PC2,-5.993394400812692e-06,-0.0011130842208705214,-0.001119077615271334,0.004240657844756916,-0.00535973546002825,PCA_RIDGE,PCA
2022-03-31,2022-04-14,10,PC3,0.013206988419160653,-0.0005146598365026634,0.01269232858265799,0.01166651279372189,0.0010258157889360998,PCA_RIDGE,PCA
2022-03-31,2022-04-14,10,PC1,0.0020133258828217387,0.003838831198781033,0.005852157081602772,0.009890207860309877,-0.004038050778707105,PCA_RIDGE_VAR,PCA
2022-03-31,2022-04-14,10,PC2,-5.993394400812692e-06,-0.001372893754371756,-0.0013788871487725688,0.004240657844756916,-0.005619544993529484,PCA_RIDGE_VAR,PCA
2022-03-31,2022-04-14,10,PC3,0.013206988419160653,-0.0007716439219671769,0.012435344497193477,0.01166651279372189,0.0007688317034715859,PCA_RIDGE_VAR,PCA
2022-03-31,2022-05-03,22,beta0,0.01812637921409451,0.0009209391520752749,0.019047318366169786,0.025167693015197043,-0.006120374649027257,NS_RIDGE,NS
2022-03-31,2022-05-03,22,beta1,-0.016968644153174346,0.002875984474787721,-0.014092659678386625,-0.020180845468745035,0.00608818579035841,NS_RIDGE,NS
2022-03-31,2022-05-03,22,beta2,0.04703569436336027,-0.00046813322092783416,0.046567561142432434,0.04626800849395513,0.0002995526484773012,NS_RIDGE,NS
2022-03-31,2022-05-03,22,beta0,0.01812637921409451,-0.00014985160776817926,0.017976527606326332,0.025167693015197043,-0.007191165408870711,NS_ELASTICNET,NS
2022-03-31,2022-05-03,22,beta1,-0.016968644153174346,5.9821135866209785e-05,-0.016908823017308137,-0.020180845468745035,0.0032720224514368977,NS_ELASTICNET,NS
2022-03-31,2022-05-03,22,beta2,0.04703569436336027,0.0002856036022622412,0.04732129796562251,0.04626800849395513,0.0010532894716673777,NS_ELASTICNET,NS
2022-03-31,2022-05-03,22,PC1,0.0020133258828217387,0.007788178541937779,0.009801504424759518,0.016228111987984475,-0.006426607563224957,PCA_RIDGE,PCA
2022-03-31,2022-05-03,22,PC2,-5.993394400812692e-06,-0.0018110878625505642,-0.001817081256951377,0.0047084927215695176,-0.006525573978520894,PCA_RIDGE,PCA
2022-03-31,2022-05-03,22,PC3,0.013206988419160653,-0.000996137387023572,0.012210851032137081,0.01314398617942007,-0.0009331351472829895,PCA_RIDGE,PCA
2022-03-31,2022-05-03,22,PC1,0.0020133258828217387,0.008099163326877117,0.010112489209698856,0.016228111987984475,-0.006115622778285619,PCA_RIDGE_VAR,PCA
2022-03-31,2022-05-03,22,PC2,-5.993394400812692e-06,-0.0029200339361465655,-0.002926027330547378,0.0047084927215695176,-0.0076345200521168955,PCA_RIDGE_VAR,PCA
2022-03-31,2022-05-03,22,PC3,0.013206988419160653,-0.001672820721739821,0.011534167697420833,0.01314398617942007,-0.001609818481999238,PCA_RIDGE_VAR,PCA
2022-03-31,2022-06-03,44,beta0,0.01812637921409451,0.0023848509219567163,0.020511230136051228,0.026985934362442055,-0.0064747042263908275,NS_RIDGE,NS
2022-03-31,2022-06-03,44,beta1,-0.016968644153174346,0.005958543890462592,-0.011010100262711753,-0.01784759933977367,0.006837499077061916,NS_RIDGE,NS
2022-03-31,2022-06-03,44,beta2,0.04703569436336027,-0.0007923728092683941,0.046243321554091874,0.032775620103317075,0.013467701450774798,NS_RIDGE,NS
2022-03-31,2022-06-03,44,beta0,0.01812637921409451,-0.0002979666093971502,0.01782841260469736,0.026985934362442055,-0.009157521757744695,NS_ELASTICNET,NS
2022-03-31,2022-06-03,44,beta1,-0.016968644153174346,0.00010213612338692311,-0.016866508029787425,-0.01784759933977367,0.000981091309986245,NS_ELASTICNET,NS
2022-03-31,2022-06-03,44,beta2,0.04703569436336027,0.00045309762823280303,0.047488791991593074,0.032775620103317075,0.014713171888275998,NS_ELASTICNET,NS
2022-03-31,2022-06-03,44,PC1,0.0020133258828217387,0.010613163531654955,0.012626489414476694,0.01737467539036998,-0.004748185975893285,PCA_RIDGE,PCA
2022-03-31,2022-06-03,44,PC2,-5.993394400812692e-06,-0.0025962897375055665,-0.002602283131906379,0.0024936095662953482,-0.005095892698201727,PCA_RIDGE,PCA
2022-03-31,2022-06-03,44,PC3,0.013206988419160653,-0.0012400426463761525,0.011966945772784501,0.010162086990380735,0.0018048587824037662,PCA_RIDGE,PCA
2022-03-31,2022-06-03,44,PC1,0.0020133258828217387,0.015053865616036242,0.01706719149885798,0.01737467539036998,-0.0003074838915119969,PCA_RIDGE_VAR,PCA
2022-03-31,2022-06-03,44,PC2,-5.993394400812692e-06,-0.005356100517387765,-0.005362093911788578,0.0024936095662953482,-0.007855703478083925,PCA_RIDGE_VAR,PCA
2022-03-31,2022-06-03,44,PC3,0.013206988419160653,-0.0031380714951484995,0.010068916924012154,0.010162086990380735,-9.317006636858083e-05,PCA_RIDGE_VAR,PCA
2022-03-31,2022-07-07,66,beta0,0.01812637921409451,0.0037575655772144503,0.02188394479130896,0.026420858517057597,-0.004536913725748635,NS_RIDGE,NS
2022-03-31,2022-07-07,66,beta1,-0.016968644153174346,0.0063669674885394175,-0.010601676664634928,-0.006976961255229816,-0.003624715409405112,NS_RIDGE,NS
2022-03-31,2022-07-07,66,beta2,0.04703569436336027,-0.00542066844141225,0.04161502592194802,0.02735651261542627,0.01425851330652175,NS_RIDGE,NS
2022-03-31,2022-07-07,66,beta0,0.01812637921409451,-0.00043432463972673256,0.017692054574367778,0.026420858517057597,-0.008728803942689819,NS_ELASTICNET,NS
2022-03-31,2022-07-07,66,beta1,-0.016968644153174346,0.00011892022370737509,-0.016849723929466973,-0.006976961255229816,-0.009872762674237156,NS_ELASTICNET,NS
2022-03-31,2022-07-07,66,beta2,0.04703569436336027,0.0005146891170490952,0.04755038348040937,0.02735651261542627,0.020193870864983098,NS_ELASTICNET,NS
2022-03-31,2022-07-07,66,PC1,0.0020133258828217387,0.011985352508971746,0.013998678391793485,0.02973620606303988,-0.015737527671246393,PCA_RIDGE,PCA
2022-03-31,2022-07-07,66,PC2,-5.993394400812692e-06,-0.0031506357680126853,-0.003156629162413498,-0.004141681048373667,0.0009850518859601696,PCA_RIDGE,PCA
2022-03-31,2022-07-07,66,PC3,0.013206988419160653,-0.0021061333058697653,0.011100855113290889,0.00679063335482402,0.004310221758466869,PCA_RIDGE,PCA
2022-03-31,2022-07-07,66,PC1,0.0020133258828217387,0.021037160987089777,0.023050486869911516,0.02973620606303988,-0.006685719193128364,PCA_RIDGE_VAR,PCA
2022-03-31,2022-07-07,66,PC2,-5.993394400812692e-06,-0.00734424361711477,-0.007350237011515583,-0.004141681048373667,-0.0032085559631419153,PCA_RIDGE_VAR,PCA
2022-03-31,2022-07-07,66,PC3,0.013206988419160653,-0.004392886138542518,0.008814102280618135,0.00679063335482402,0.0020234689257941155,PCA_RIDGE_VAR,PCA
2022-03-31,2022-10-11,132,beta0,0.01812637921409451,0.004290698283009262,0.022417077497103772,0.034616681446617274,-0.012199603949513502,NS_RIDGE,NS
2022-03-31,2022-10-11,132,beta1,-0.016968644153174346,0.009983394035309146,-0.0069852501178652,0.00206415245143623,-0.00904940256930143,NS_RIDGE,NS
2022-03-31,2022-10-11,132,beta2,0.04703569436336027,-0.01569404588386093,0.03134164847949934,0.026692210144281137,0.004649438335218206,NS_RIDGE,NS
2022-03-31,2022-10-11,132,beta0,0.01812637921409451,-0.0008218842130931295,0.017304495001001383,0.034616681446617274,-0.01731218644561589,NS_ELASTICNET,NS
2022-03-31,2022-10-11,132,beta1,-0.016968644153174346,9.353626845745511e-05,-0.01687510788471689,0.00206415245143623,-0.01893926033615312,NS_ELASTICNET,NS
2022-03-31,2022-10-11,132,beta2,0.04703569436336027,0.00028554675500061473,0.047321241118360884,0.026692210144281137,0.020629030974079747,NS_ELASTICNET,NS
2022-03-31,2022-10-11,132,PC1,0.0020133258828217387,0.01731216738302854,0.01932549326585028,0.06634909051492209,-0.04702359724907181,PCA_RIDGE,PCA
2022-03-31,2022-10-11,132,PC2,-5.993394400812692e-06,-0.006386634461393719,-0.006392627855794531,-0.005266023242821466,-0.0011266046129730653,PCA_RIDGE,PCA
2022-03-31,2022-10-11,132,PC3,0.013206988419160653,-0.0053518440534769665,0.007855144365683686,0.004519229060194254,0.0033359153054894324,PCA_RIDGE,PCA
2022-03-31,2022-10-11,132,PC1,0.0020133258828217387,0.03444592341193268,0.036459249294754414,0.06634909051492209,-0.029889841220167676,PCA_RIDGE_VAR,PCA
2022-03-31,2022-10-11,132,PC2,-5.993394400812692e-06,-0.011280008689228198,-0.011286002083629012,-0.005266023242821466,-0.006019978840807546,PCA_RIDGE_VAR,PCA
2022-03-31,2022-10-11,132,PC3,0.013206988419160653,-0.007190379228455081,0.006016609190705573,0.004519229060194254,0.0014973801305113192,PCA_RIDGE_VAR,PCA
2022-03-31,2023-04-05,252,beta0,0.01812637921409451,0.01828698795505756,0.03641336716915207,0.03259120848507791,0.0038221586840741575,NS_RIDGE,NS
2022-03-31,2023-04-05,252,beta1,-0.016968644153174346,0.01656459332334313,-0.0004040508298312172,0.020113023691048393,-0.02051707452087961,NS_RIDGE,NS
2022-03-31,2023-04-05,252,beta2,0.04703569436336027,-0.03790055538926941,0.009135138974090858,-0.018224626320226416,0.027359765294317273,NS_RIDGE,NS
2022-03-31,2023-04-05,252,beta0,0.01812637921409451,0.004944399984322947,0.02307077919841746,0.03259120848507791,-0.009520429286660453,NS_ELASTICNET,NS
2022-03-31,2023-04-05,252,beta1,-0.016968644153174346,0.002010374962598459,-0.014958269190575888,0.020113023691048393,-0.03507129288162428,NS_ELASTICNET,NS
2022-03-31,2023-04-05,252,beta2,0.04703569436336027,-0.01445754323990824,0.032578151123452026,-0.018224626320226416,0.05080277744367844,NS_ELASTICNET,NS
2022-03-31,2023-04-05,252,PC1,0.0020133258828217387,0.060093017518270724,0.06210634340109246,0.06363847662991944,-0.0015321332288269762,PCA_RIDGE,PCA
2022-03-31,2023-04-05,252,PC2,-5.993394400812692e-06,-0.00517436633230861,-0.0051803597267094225,-0.02163207973228563,0.01645172000557621,PCA_RIDGE,PCA
2022-03-31,2023-04-05,252,PC3,0.013206988419160653,-0.011313674331920084,0.001893314087240569,-0.007224337379212511,0.00911765146645308,PCA_RIDGE,PCA
2022-03-31,2023-04-05,252,PC1,0.0020133258828217387,0.04764232117282655,0.04965564705564829,0.06363847662991944,-0.013982829574271147,PCA_RIDGE_VAR,PCA
2022-03-31,2023-04-05,252,PC2,-5.993394400812692e-06,-0.013799801450002518,-0.013805794844403332,-0.02163207973228563,0.007826284887882298,PCA_RIDGE_VAR,PCA
2022-03-31,2023-04-05,252,PC3,0.013206988419160653,-0.009984482096425962,0.0032225063227346914,-0.007224337379212511,0.010446843701947203,PCA_RIDGE_VAR,PCA
2022-04-29,2022-05-06,5,beta0,0.024326928769354644,0.0006632125576664238,0.024990141327021067,0.02796415543382953,-0.002974014106808462,NS_RIDGE,NS
2022-04-29,2022-05-06,5,beta1,-0.019734983884063206,0.0005613449484792064,-0.019173638935584,-0.023316239130184706,0.004142600194600707,NS_RIDGE,NS
2022-04-29,2022-05-06,5,beta2,0.04569946188766974,-0.0008712513295822968,0.044828210558087445,0.04075994782237134,0.004068262735716102,NS_RIDGE,NS
2022-04-29,2022-05-06,5,beta0,0.024326928769354644,-2.768029815941288e-05,0.02429924847119523,0.02796415543382953,-0.0036649069626342977,NS_ELASTICNET,NS
2022-04-29,2022-05-06,5,beta1,-0.019734983884063206,1.3526135159754524e-05,-0.01972145774890345,-0.023316239130184706,0.003594781381281255,NS_ELASTICNET,NS
2022-04-29,2022-05-06,5,beta2,0.04569946188766974,7.111395645590823e-05,0.045770575844125645,0.04075994782237134,0.005010628021754303,NS_ELASTICNET,NS
2022-04-29,2022-05-06,5,PC1,0.014218802552380182,0.0026601423285010613,0.016878944880881243,0.0160126017245181,0.0008663431563631432,PCA_RIDGE,PCA
2022-04-29,2022-05-06,5,PC2,0.004039933736099608,-0.00047488576966735473,0.0035650479664322537,0.006863784110841785,-0.0032987361444095312,PCA_RIDGE,PCA
2022-04-29,2022-05-06,5,PC3,0.012984044530136355,-0.0005689320938320496,0.012415112436304306,0.012559399085666981,-0.00014428664936267516,PCA_RIDGE,PCA
2022-04-29,2022-05-06,5,PC1,0.014218802552380182,0.0019493405761300021,0.016168143128510185,0.0160126017245181,0.00015554140399208494,PCA_RIDGE_VAR,PCA
2022-04-29,2022-05-06,5,PC2,0.004039933736099608,-0.0006291692902680268,0.0034107644458315814,0.006863784110841785,-0.0034530196650102035,PCA_RIDGE_VAR,PCA
2022-04-29,2022-05-06,5,PC3,0.012984044530136355,-0.00042344681876924604,0.012560597711367109,0.012559399085666981,1.198625700127992e-06,PCA_RIDGE_VAR,PCA
2022-04-29,2022-05-13,10,beta0,0.024326928769354644,0.0016585825360905847,0.025985511305445227,0.026594673049024523,-0.0006091617435792958,NS_RIDGE,NS
2022-04-29,2022-05-13,10,beta1,-0.019734983884063206,0.0009572142444392447,-0.01877776963962396,-0.019772798175840114,0.0009950285362161533,NS_RIDGE,NS
2022-04-29,2022-05-13,10,beta2,0.04569946188766974,-0.0012987380677995,0.04440072381987024,0.034753359354024065,0.009647364465846173,NS_RIDGE,NS
2022-04-29,2022-05-13,10,beta0,0.024326928769354644,-5.3238936823318737e-05,0.024273689832531326,0.026594673049024523,-0.002320983216493197,NS_ELASTICNET,NS
2022-04-29,2022-05-13,10,beta1,-0.019734983884063206,2.281755659535571e-05,-0.01971216632746785,-0.019772798175840114,6.063184837226329e-05,NS_ELASTICNET,NS
2022-04-29,2022-05-13,10,beta2,0.04569946188766974,0.00014363937171239243,0.04584310125938213,0.034753359354024065,0.011089741905358066,NS_ELASTICNET,NS
2022-04-29,2022-05-13,10,PC1,0.014218802552380182,0.005210183785709087,0.01942898633808927,0.014342734282208378,0.005086252055880893,PCA_RIDGE,PCA
2022-04-29,2022-05-13,10,PC2,0.004039933736099608,-0.0006371911004258837,0.0034027426356737244,0.003594560049389045,-0.00019181741371532062,PCA_RIDGE,PCA
2022-04-29,2022-05-13,10,PC3,0.012984044530136355,-0.0009094422394985076,0.012074602290637847,0.010899469567322833,0.0011751327233150144,PCA_RIDGE,PCA
2022-04-29,2022-05-13,10,PC1,0.014218802552380182,0.0038904210070916517,0.018109223559471834,0.014342734282208378,0.0037664892772634566,PCA_RIDGE_VAR,PCA
2022-04-29,2022-05-13,10,PC2,0.004039933736099608,-0.0012264318944247895,0.0028135018416748188,0.003594560049389045,-0.0007810582077142263,PCA_RIDGE_VAR,PCA
2022-04-29,2022-05-13,10,PC3,0.012984044530136355,-0.0008176777838363875,0.012166366746299968,0.010899469567322833,0.0012668971789771347,PCA_RIDGE_VAR,PCA
2022-04-29,2022-06-01,22,beta0,0.024326928769354644,0.002161054397088834,0.026487983166443477,0.026617928983135735,-0.00012994581669225833,NS_RIDGE,NS
2022-04-29,2022-06-01,22,beta1,-0.019734983884063206,0.0019203623024354034,-0.0178146215816278,-0.018178724229280963,0.00036410264765316183,NS_RIDGE,NS
2022-04-29,2022-06-01,22,beta2,0.04569946188766974,2.5846905091331306e-05,0.04572530879276107,0.03420785077990721,0.011517458012853858,NS_RIDGE,NS
2022-04-29,2022-06-01,22,beta0,0.024326928769354644,-0.0001256362972525341,0.02420129247210211,0.026617928983135735,-0.002416636511033625,NS_ELASTICNET,NS
2022-04-29,2022-06-01,22,beta1,-0.019734983884063206,4.736258942440604e-05,-0.0196876212946388,-0.018178724229280963,-0.0015088970653578358,NS_ELASTICNET,NS
2022-04-29,2022-06-01,22,beta2,0.04569946188766974,0.00032687312985248975,0.04602633501752223,0.03420785077990721,0.011818484237615015,NS_ELASTICNET,NS
2022-04-29,2022-06-01,22,PC1,0.014218802552380182,0.009612894194652105,0.02383169674703229,0.016592917982302155,0.007238778764730135,PCA_RIDGE,PCA
2022-04-29,2022-06-01,22,PC2,0.004039933736099608,-0.0006504310638495823,0.003389502672250026,0.002705434675276973,0.0006840679969730532,PCA_RIDGE,PCA
2022-04-29,2022-06-01,22,PC3,0.012984044530136355,-0.0012025103969709248,0.01178153413316543,0.010471751573183967,0.001309782559981463,PCA_RIDGE,PCA
2022-04-29,2022-06-01,22,PC1,0.014218802552380182,0.008281119898364706,0.022499922450744888,0.016592917982302155,0.005907004468442733,PCA_RIDGE_VAR,PCA
2022-04-29,2022-06-01,22,PC2,0.004039933736099608,-0.002567203794343624,0.0014727299417559843,0.002705434675276973,-0.0012327047335209886,PCA_RIDGE_VAR,PCA
2022-04-29,2022-06-01,22,PC3,0.012984044530136355,-0.0017129698343467201,0.011271074695789635,0.010471751573183967,0.000799323122605668,PCA_RIDGE_VAR,PCA
2022-04-29,2022-07-05,44,beta0,0.024326928769354644,0.0027942862144690254,0.02712121498382367,0.025015780739703793,0.002105434244119877,NS_RIDGE,NS
2022-04-29,2022-07-05,44,beta1,-0.019734983884063206,0.0047922467287699385,-0.014942737155293267,-0.005298479795192585,-0.009644257360100682,NS_RIDGE,NS
2022-04-29,2022-07-05,44,beta2,0.04569946188766974,-0.00323550089504151,0.04246396099262823,0.022216953752289045,0.020247007240339187,NS_RIDGE,NS
2022-04-29,2022-07-05,44,beta0,0.024326928769354644,-0.0002774628187314164,0.02404946595062323,0.025015780739703793,-0.0009663147890805641,NS_ELASTICNET,NS
2022-04-29,2022-07-05,44,beta1,-0.019734983884063206,9.548743634526378e-05,-0.019639496447717942,-0.005298479795192585,-0.014341016652525356,NS_ELASTICNET,NS
2022-04-29,2022-07-05,44,beta2,0.04569946188766974,0.0005696217528413203,0.04626908364051106,0.022216953752289045,0.02405212988822202,NS_ELASTICNET,NS
2022-04-29,2022-07-05,44,PC1,0.014218802552380182,0.0062989221658980655,0.020517724718278247,0.02550582461521199,-0.004988099896933742,PCA_RIDGE,PCA
2022-04-29,2022-07-05,44,PC2,0.004039933736099608,-0.003257505007038366,0.0007824287290612423,-0.006341729890986615,0.007124158620047857,PCA_RIDGE,PCA
2022-04-29,2022-07-05,44,PC3,0.012984044530136355,-0.0013927410819504717,0.011591303448185883,0.005546499605269943,0.00604480384291594,PCA_RIDGE,PCA
2022-04-29,2022-07-05,44,PC1,0.014218802552380182,0.015427992853529249,0.02964679540590943,0.02550582461521199,0.004140970790697442,PCA_RIDGE_VAR,PCA
2022-04-29,2022-07-05,44,PC2,0.004039933736099608,-0.00471504920157491,-0.000675115465475302,-0.006341729890986615,0.005666614425511313,PCA_RIDGE_VAR,PCA
2022-04-29,2022-07-05,44,PC3,0.012984044530136355,-0.0031833121725579998,0.009800732357578355,0.005546499605269943,0.004254232752308412,PCA_RIDGE_VAR,PCA
2022-04-29,2022-08-04,66,beta0,0.024326928769354644,0.004002948085602443,0.028329876854957088,0.022108600882696502,0.006221275972260586,NS_RIDGE,NS
2022-04-29,2022-08-04,66,beta1,-0.019734983884063206,0.005156036727895427,-0.014578947156167778,0.003687969020247121,-0.018266916176414898,NS_RIDGE,NS
2022-04-29,2022-08-04,66,beta2,0.04569946188766974,-0.008419370567402705,0.037280091320267036,0.021831289578014362,0.015448801742252674,NS_RIDGE,NS
2022-04-29,2022-08-04,66,beta0,0.024326928769354644,-0.0004182890765739568,0.023908639692780686,0.022108600882696502,0.001800038810084184,NS_ELASTICNET,NS
2022-04-29,2022-08-04,66,beta1,-0.019734983884063206,0.00012375738025971833,-0.019611226503803487,0.003687969020247121,-0.02329919552405061,NS_ELASTICNET,NS
2022-04-29,2022-08-04,66,beta2,0.04569946188766974,0.0007080776599813102,0.04640753954765105,0.021831289578014362,0.024576249969636685,NS_ELASTICNET,NS
2022-04-29,2022-08-04,66,PC1,0.014218802552380182,0.007222141637636933,0.021440944190017117,0.0311861971506424,-0.009745252960625284,PCA_RIDGE,PCA
2022-04-29,2022-08-04,66,PC2,0.004039933736099608,-0.0044748716376396495,-0.00043493790154004123,-0.012389018117277786,0.011954080215737746,PCA_RIDGE,PCA
2022-04-29,2022-08-04,66,PC3,0.012984044530136355,-0.00245502032123924,0.010529024208897115,0.003910034678158409,0.006618989530738705,PCA_RIDGE,PCA
2022-04-29,2022-08-04,66,PC1,0.014218802552380182,0.021540172839590203,0.035758975391970385,0.0311861971506424,0.004572778241327985,PCA_RIDGE_VAR,PCA
2022-04-29,2022-08-04,66,PC2,0.004039933736099608,-0.006510828336097144,-0.0024708945999975356,-0.012389018117277786,0.00991812351728025,PCA_RIDGE_VAR,PCA
2022-04-29,2022-08-04,66,PC3,0.012984044530136355,-0.0044582613302555,0.008525783199880855,0.003910034678158409,0.004615748521722446,PCA_RIDGE_VAR,PCA
2022-04-29,2022-11-08,132,beta0,0.024326928769354644,0.004775583265244854,0.029102512034599497,0.03603319540560225,-0.006930683371002753,NS_RIDGE,NS
2022-04-29,2022-11-08,132,beta1,-0.019734983884063206,0.009068463025788915,-0.01066652085827429,0.00701166076393688,-0.017678181622211173,NS_RIDGE,NS
2022-04-29,2022-11-08,132,beta2,0.04569946188766974,-0.020737205967164787,0.024962255920504953,0.02359635323718954,0.0013659026833154134,NS_RIDGE,NS
2022-04-29,2022-11-08,132,beta0,0.024326928769354644,-0.0008131213951756145,0.02351380737417903,0.03603319540560225,-0.012519388031423221,NS_ELASTICNET,NS
2022-04-29,2022-11-08,132,beta1,-0.019734983884063206,0.00010285039430546086,-0.019632133489757744,0.00701166076393688,-0.026643794253694626,NS_ELASTICNET,NS
2022-04-29,2022-11-08,132,beta2,0.04569946188766974,0.0005999568075971228,0.04629941869526686,0.02359635323718954,0.02270306545807732,NS_ELASTICNET,NS
2022-04-29,2022-11-08,132,PC1,0.014218802552380182,0.009052672651503708,0.02327147520388389,0.07623247031303612,-0.05296099510915223,PCA_RIDGE,PCA
2022-04-29,2022-11-08,132,PC2,0.004039933736099608,-0.007703722877172647,-0.0036637891410730384,-0.007660685289563606,0.003996896148490568,PCA_RIDGE,PCA
2022-04-29,2022-11-08,132,PC3,0.012984044530136355,-0.0058334426800710475,0.0071506018500653076,0.0027130197364935663,0.004437582113571741,PCA_RIDGE,PCA
2022-04-29,2022-11-08,132,PC1,0.014218802552380182,0.03495891089327864,0.04917771344565883,0.07623247031303612,-0.027054756867377294,PCA_RIDGE_VAR,PCA
2022-04-29,2022-11-08,132,PC2,0.004039933736099608,-0.0102601871497294,-0.006220253413629791,-0.007660685289563606,0.001440431875933815,PCA_RIDGE_VAR,PCA
2022-04-29,2022-11-08,132,PC3,0.012984044530136355,-0.007360420419649887,0.005623624110486468,0.0027130197364935663,0.0029106043739929015,PCA_RIDGE_VAR,PCA
2022-04-29,2023-05-03,252,beta0,0.024326928769354644,0.01553969009819534,0.03986661886754998,0.03378614707877229,0.006080471788777693,NS_RIDGE,NS
2022-04-29,2023-05-03,252,beta1,-0.019734983884063206,0.023525493903428712,0.003790510019365506,0.023628472676413242,-0.019837962657047736,NS_RIDGE,NS
2022-04-29,2023-05-03,252,beta2,0.04569946188766974,-0.029441316872022085,0.016258145015647655,-0.025840158855387478,0.042098303871035136,NS_RIDGE,NS
2022-04-29,2023-05-03,252,beta0,0.024326928769354644,0.004246759834262212,0.028573688603616858,0.03378614707877229,-0.005212458475155432,NS_ELASTICNET,NS
2022-04-29,2023-05-03,252,beta1,-0.019734983884063206,0.0014926776940597738,-0.018242306190003433,0.023628472676413242,-0.04187077886641667,NS_ELASTICNET,NS
2022-04-29,2023-05-03,252,beta2,0.04569946188766974,-0.01566403022731707,0.03003543166035267,-0.025840158855387478,0.05587559051574015,NS_ELASTICNET,NS
2022-04-29,2023-05-03,252,PC1,0.014218802552380182,0.05044905243891438,0.06466785499129456,0.06812900378058849,-0.003461148789293933,PCA_RIDGE,PCA
2022-04-29,2023-05-03,252,PC2,0.004039933736099608,-0.008573220787456674,-0.004533287051357066,-0.024015630580542707,0.019482343529185642,PCA_RIDGE,PCA
2022-04-29,2023-05-03,252,PC3,0.012984044530136355,-0.011058151761329993,0.0019258927688063626,-0.009569462859110327,0.01149535562791669,PCA_RIDGE,PCA
2022-04-29,2023-05-03,252,PC1,0.014218802552380182,0.04698556000396828,0.061204362556348466,0.06812900378058849,-0.006924641224240025,PCA_RIDGE_VAR,PCA
2022-04-29,2023-05-03,252,PC2,0.004039933736099608,-0.013149455762731216,-0.009109522026631608,-0.024015630580542707,0.014906108553911099,PCA_RIDGE_VAR,PCA
2022-04-29,2023-05-03,252,PC3,0.012984044530136355,-0.010344626156230226,0.0026394183739061293,-0.009569462859110327,0.012208881233016456,PCA_RIDGE_VAR,PCA
2022-05-31,2022-06-07,5,beta0,0.026355689047976884,0.00014378829058513953,0.026499477338562023,0.02673300429134509,-0.00023352695278306898,NS_RIDGE,NS
2022-05-31,2022-06-07,5,beta1,-0.017228793939906197,0.00046611780319332267,-0.016762676136712874,-0.017067688583543055,0.00030501244683018083,NS_RIDGE,NS
2022-05-31,2022-06-07,5,beta2,0.029050718252941747,-0.00038951979386113195,0.028661198459080616,0.034630330695711274,-0.005969132236630658,NS_RIDGE,NS
2022-05-31,2022-06-07,5,beta0,0.026355689047976884,-2.633518529565763e-05,0.02632935386268123,0.02673300429134509,-0.0004036504286638633,NS_ELASTICNET,NS
2022-05-31,2022-06-07,5,beta1,-0.017228793939906197,1.606599456930615e-05,-0.017212727945336893,-0.017067688583543055,-0.00014503936179383753,NS_ELASTICNET,NS
2022-05-31,2022-06-07,5,beta2,0.029050718252941747,5.7312561053435064e-05,0.029108030813995184,0.034630330695711274,-0.00552229988171609,NS_ELASTICNET,NS
2022-05-31,2022-06-07,5,PC1,0.014387467445425036,0.0005734022509235874,0.014960869696348624,0.018824160368922406,-0.0038632906725737815,PCA_RIDGE,PCA
2022-05-31,2022-06-07,5,PC2,0.001400931283073859,-0.0003417472831141803,0.0010591839999596789,0.00224127044482356,-0.0011820864448638811,PCA_RIDGE,PCA
2022-05-31,2022-06-07,5,PC3,0.00931200790040394,-0.0002430038222820234,0.009069004078121915,0.010275830929392922,-0.0012068268512710062,PCA_RIDGE,PCA
2022-05-31,2022-06-07,5,PC1,0.014387467445425036,0.0012888555460925186,0.015676322991517555,0.018824160368922406,-0.003147837377404851,PCA_RIDGE_VAR,PCA
2022-05-31,2022-06-07,5,PC2,0.001400931283073859,-0.0005512265763534788,0.0008497047067203803,0.00224127044482356,-0.0013915657381031797,PCA_RIDGE_VAR,PCA
2022-05-31,2022-06-07,5,PC3,0.00931200790040394,-0.00042184926064571353,0.008890158639758226,0.010275830929392922,-0.0013856722896346957,PCA_RIDGE_VAR,PCA
2022-05-31,2022-06-14,10,beta0,0.026355689047976884,0.00046694523471117044,0.026822634282688055,0.029609005374081322,-0.0027863710913932672,NS_RIDGE,NS
2022-05-31,2022-06-14,10,beta1,-0.017228793939906197,0.0006054183203424341,-0.016623375619563764,-0.014114302102007387,-0.0025090735175563768,NS_RIDGE,NS
2022-05-31,2022-06-14,10,beta2,0.029050718252941747,0.0002619611253319625,0.02931267937827371,0.045259009926619395,-0.015946330548345686,NS_RIDGE,NS
2022-05-31,2022-06-14,10,beta0,0.026355689047976884,-5.1852847346440624e-05,0.026303836200630443,0.029609005374081322,-0.003305169173450879,NS_ELASTICNET,NS
2022-05-31,2022-06-14,10,beta1,-0.017228793939906197,2.90080064412165e-05,-0.01719978593346498,-0.014114302102007387,-0.0030854838314575937,NS_ELASTICNET,NS
2022-05-31,2022-06-14,10,beta2,0.029050718252941747,0.00012481604281701874,0.029175534295758764,0.045259009926619395,-0.01608347563086063,NS_ELASTICNET,NS
2022-05-31,2022-06-14,10,PC1,0.014387467445425036,0.0013334274124948008,0.01572089485791984,0.03743639555575922,-0.021715500697839382,PCA_RIDGE,PCA
2022-05-31,2022-06-14,10,PC2,0.001400931283073859,-0.00027005868594689574,0.0011308725971269633,0.0034215785440101683,-0.002290705946883205,PCA_RIDGE,PCA
2022-05-31,2022-06-14,10,PC3,0.00931200790040394,-3.3518451958622444e-06,0.009308656055208078,0.011291370200935978,-0.0019827141457279002,PCA_RIDGE,PCA
2022-05-31,2022-06-14,10,PC1,0.014387467445425036,0.0025475987113227332,0.01693506615674777,0.03743639555575922,-0.02050132939901145,PCA_RIDGE_VAR,PCA
2022-05-31,2022-06-14,10,PC2,0.001400931283073859,-0.0009635854008036362,0.0004373458822702228,0.0034215785440101683,-0.0029842326617399457,PCA_RIDGE_VAR,PCA
2022-05-31,2022-06-14,10,PC3,0.00931200790040394,-0.0007309286454333271,0.008581079254970612,0.011291370200935978,-0.0027102909459653657,PCA_RIDGE_VAR,PCA
2022-05-31,2022-07-01,22,beta0,0.026355689047976884,0.002025432211656946,0.02838112125963383,0.02508105788516101,0.0033000633744728197,NS_RIDGE,NS
2022-05-31,2022-07-01,22,beta1,-0.017228793939906197,0.00034480659859250414,-0.016883987341313692,-0.007121479559525629,-0.009762507781788063,NS_RIDGE,NS
2022-05-31,2022-07-01,22,beta2,0.029050718252941747,0.0003129108158005386,0.029363629068742285,0.02656201297644635,0.0028016160922959346,NS_RIDGE,NS
2022-05-31,2022-07-01,22,beta0,0.026355689047976884,-0.00011127476633717837,0.026244414281639705,0.02508105788516101,0.0011633563964786944,NS_ELASTICNET,NS
2022-05-31,2022-07-01,22,beta1,-0.017228793939906197,4.9426929301513865e-05,-0.017179367010604685,-0.007121479559525629,-0.010057887451079056,NS_ELASTICNET,NS
2022-05-31,2022-07-01,22,beta2,0.029050718252941747,0.0002936932679181801,0.029344411520859925,0.02656201297644635,0.002782398544413575,NS_ELASTICNET,NS
2022-05-31,2022-07-01,22,PC1,0.014387467445425036,0.004394865868698281,0.018782333314123316,0.02522275491671292,-0.006440421602589605,PCA_RIDGE,PCA
2022-05-31,2022-07-01,22,PC2,0.001400931283073859,0.000966425443188506,0.002367356726262365,-0.00477835328967921,0.007145710015941576,PCA_RIDGE,PCA
2022-05-31,2022-07-01,22,PC3,0.00931200790040394,-0.00030149477115853446,0.009010513129245406,0.006627022671049506,0.0023834904581959,PCA_RIDGE,PCA
2022-05-31,2022-07-01,22,PC1,0.014387467445425036,0.005375511835623131,0.019762979281048167,0.02522275491671292,-0.0054597756356647535,PCA_RIDGE_VAR,PCA
2022-05-31,2022-07-01,22,PC2,0.001400931283073859,-0.0018824206331373896,-0.00048148935006353056,-0.00477835328967921,0.00429686393961568,PCA_RIDGE_VAR,PCA
2022-05-31,2022-07-01,22,PC3,0.00931200790040394,-0.0014284192107443146,0.007883588689659625,0.006627022671049506,0.0012565660186101193,PCA_RIDGE_VAR,PCA
2022-05-31,2022-08-03,44,beta0,0.026355689047976884,0.004002006400133155,0.03035769544811004,0.022508424587537636,0.007849270860572403,NS_RIDGE,NS
2022-05-31,2022-08-03,44,beta1,-0.017228793939906197,-0.00024428166611050237,-0.0174730756060167,0.003130413623598668,-0.020603489229615368,NS_RIDGE,NS
2022-05-31,2022-08-03,44,beta2,0.029050718252941747,-0.0031527297269727823,0.025897988525968967,0.024126434517790986,0.0017715540081779807,NS_RIDGE,NS
2022-05-31,2022-08-03,44,beta0,0.026355689047976884,-0.00023945312928550088,0.026116235918691385,0.022508424587537636,0.0036078113311537492,NS_ELASTICNET,NS
2022-05-31,2022-08-03,44,beta1,-0.017228793939906197,8.497676205010234e-05,-0.017143817177856097,0.003130413623598668,-0.020274230801454764,NS_ELASTICNET,NS
2022-05-31,2022-08-03,44,beta2,0.029050718252941747,0.000591731263237786,0.029642449516179534,0.024126434517790986,0.0055160149983885486,NS_ELASTICNET,NS
2022-05-31,2022-08-03,44,PC1,0.014387467445425036,0.0038082680704178426,0.01819573551584288,0.03265421199033249,-0.014458476474489612,PCA_RIDGE,PCA
2022-05-31,2022-08-03,44,PC2,0.001400931283073859,-0.0014519445197184607,-5.101323664460163e-05,-0.011612718945119335,0.011561705708474732,PCA_RIDGE,PCA
2022-05-31,2022-08-03,44,PC3,0.00931200790040394,-0.0005812562945782517,0.008730751605825688,0.004465027678705189,0.004265723927120499,PCA_RIDGE,PCA
2022-05-31,2022-08-03,44,PC1,0.014387467445425036,0.009915620525453183,0.02430308797087822,0.03265421199033249,-0.008351124019454273,PCA_RIDGE_VAR,PCA
2022-05-31,2022-08-03,44,PC2,0.001400931283073859,-0.0033321023718353546,-0.0019311710887614955,-0.011612718945119335,0.00968154785635784,PCA_RIDGE_VAR,PCA
2022-05-31,2022-08-03,44,PC3,0.00931200790040394,-0.0025595910952445674,0.006752416805159372,0.004465027678705189,0.002287389126454183,PCA_RIDGE_VAR,PCA
2022-05-31,2022-09-02,66,beta0,0.026355689047976884,0.0031882201944966903,0.029543909242473576,0.028696370232772064,0.0008475390097015117,NS_RIDGE,NS
2022-05-31,2022-09-02,66,beta1,-0.017228793939906197,0.001955497092398886,-0.015273296847507311,0.000980854527358719,-0.01625415137486603,NS_RIDGE,NS
2022-05-31,2022-09-02,66,beta2,0.029050718252941747,-0.0030414997414670766,0.02600921851147467,0.018611776148361663,0.0073974423631130055,NS_RIDGE,NS
2022-05-31,2022-09-02,66,beta0,0.026355689047976884,-0.000385398384636836,0.02597029066334005,0.028696370232772064,-0.0027260795694320147,NS_ELASTICNET,NS
2022-05-31,2022-09-02,66,beta1,-0.017228793939906197,0.00012129078812610427,-0.01710750315178009,0.000980854527358719,-0.01808835767913881,NS_ELASTICNET,NS
2022-05-31,2022-09-02,66,beta2,0.029050718252941747,0.0008034517888266047,0.029854170041768352,0.018611776148361663,0.011242393893406689,NS_ELASTICNET,NS
2022-05-31,2022-09-02,66,PC1,0.014387467445425036,0.004234473546215004,0.01862194099164004,0.04347815688895278,-0.024856215897312742,PCA_RIDGE,PCA
2022-05-31,2022-09-02,66,PC2,0.001400931283073859,-0.002484592994222929,-0.00108366171114907,-0.008473185962161445,0.0073895242510123756,PCA_RIDGE,PCA
2022-05-31,2022-09-02,66,PC3,0.00931200790040394,-0.0013041077772000204,0.00800790012320392,0.0035286667470482737,0.004479233376155646,PCA_RIDGE,PCA
2022-05-31,2022-09-02,66,PC1,0.014387467445425036,0.013727269954587411,0.028114737400012448,0.04347815688895278,-0.015363419488940336,PCA_RIDGE_VAR,PCA
2022-05-31,2022-09-02,66,PC2,0.001400931283073859,-0.004518962009515609,-0.0031180307264417504,-0.008473185962161445,0.005355155235719695,PCA_RIDGE_VAR,PCA
2022-05-31,2022-09-02,66,PC3,0.00931200790040394,-0.0035244342194135515,0.005787573680990388,0.0035286667470482737,0.0022589069339421144,PCA_RIDGE_VAR,PCA
2022-05-31,2022-12-09,132,beta0,0.026355689047976884,0.004949558604808276,0.03130524765278516,0.029883815713752992,0.0014214319390321688,NS_RIDGE,NS
2022-05-31,2022-12-09,132,beta1,-0.017228793939906197,0.005426985955587032,-0.011801807984319165,0.01565045995206288,-0.027452267936382044,NS_RIDGE,NS
2022-05-31,2022-12-09,132,beta2,0.029050718252941747,-0.016325513352512932,0.012725204900428815,0.017192183706815897,-0.004466978806387082,NS_RIDGE,NS
2022-05-31,2022-12-09,132,beta0,0.026355689047976884,-0.0007915475152251006,0.025564141532751782,0.029883815713752992,-0.00431967418100121,NS_ELASTICNET,NS
2022-05-31,2022-12-09,132,beta1,-0.017228793939906197,0.00011945388999972269,-0.017109340049906475,0.01565045995206288,-0.032759800001969354,NS_ELASTICNET,NS
2022-05-31,2022-12-09,132,beta2,0.029050718252941747,0.0008583817649590053,0.02990910001790075,0.017192183706815897,0.012716916311084854,NS_ELASTICNET,NS
2022-05-31,2022-12-09,132,PC1,0.014387467445425036,0.006404581113154034,0.020792048558579072,0.0688880741671681,-0.048096025608589034,PCA_RIDGE,PCA
2022-05-31,2022-12-09,132,PC2,0.001400931283073859,-0.005439005240384061,-0.004038073957310202,-0.015801578942389285,0.011763504985079082,PCA_RIDGE,PCA
2022-05-31,2022-12-09,132,PC3,0.00931200790040394,-0.004191001985398622,0.005121005915005318,4.1737979524659324e-05,0.005079267935480658,PCA_RIDGE,PCA
2022-05-31,2022-12-09,132,PC1,0.014387467445425036,0.021789104414443712,0.03617657185986875,0.0688880741671681,-0.032711502307299356,PCA_RIDGE_VAR,PCA
2022-05-31,2022-12-09,132,PC2,0.001400931283073859,-0.006889052005102416,-0.005488120722028558,-0.015801578942389285,0.010313458220360727,PCA_RIDGE_VAR,PCA
2022-05-31,2022-12-09,132,PC3,0.00931200790040394,-0.0056532974088143,0.0036587104915896396,4.1737979524659324e-05,0.0036169725120649802,PCA_RIDGE_VAR,PCA
2022-05-31,2023-06-02,252,beta0,0.026355689047976884,0.015883688301477353,0.04223937734945424,0.03406752600273106,0.008171851346723179,NS_RIDGE,NS
2022-05-31,2023-06-02,252,beta1,-0.017228793939906197,0.013728350960205297,-0.0035004429797008997,0.0251141782793334,-0.0286146212590343,NS_RIDGE,NS
2022-05-31,2023-06-02,252,beta2,0.029050718252941747,-0.02510802177208089,0.003942696480860857,-0.009189676463803363,0.01313237294466422,NS_RIDGE,NS
2022-05-31,2023-06-02,252,beta0,0.026355689047976884,0.0033638570175880313,0.029719546065564914,0.03406752600273106,-0.004347979937166145,NS_ELASTICNET,NS
2022-05-31,2023-06-02,252,beta1,-0.017228793939906197,-0.0003012807413556722,-0.01753007468126187,0.0251141782793334,-0.04264425296059527,NS_ELASTICNET,NS
2022-05-31,2023-06-02,252,beta2,0.029050718252941747,-0.013878004318995503,0.015172713933946244,-0.009189676463803363,0.02436239039774961,NS_ELASTICNET,NS
2022-05-31,2023-06-02,252,PC1,0.014387467445425036,0.03848524426049348,0.05287271170591852,0.08051076126596068,-0.027638049560042163,PCA_RIDGE,PCA
2022-05-31,2023-06-02,252,PC2,0.001400931283073859,-0.005025972495774526,-0.003625041212700667,-0.022450178273122814,0.018825137060422145,PCA_RIDGE,PCA
2022-05-31,2023-06-02,252,PC3,0.00931200790040394,-0.0077043695933819755,0.001607638307021964,-0.006905223348449254,0.008512861655471219,PCA_RIDGE,PCA
2022-05-31,2023-06-02,252,PC1,0.014387467445425036,0.028344875753088437,0.042732343198513476,0.08051076126596068,-0.03777841806744721,PCA_RIDGE_VAR,PCA
2022-05-31,2023-06-02,252,PC2,0.001400931283073859,-0.008480755110132684,-0.007079823827058825,-0.022450178273122814,0.015370354446063989,PCA_RIDGE_VAR,PCA
2022-05-31,2023-06-02,252,PC3,0.00931200790040394,-0.007705958664214204,0.0016060492361897353,-0.006905223348449254,0.00851127258463899,PCA_RIDGE_VAR,PCA
2022-06-30,2022-07-08,5,beta0,0.028016772705497402,0.00013437191582395098,0.028151144621321355,0.02901374580178786,-0.0008626011804665039,NS_RIDGE,NS
2022-06-30,2022-07-08,5,beta1,-0.012811662624288532,-0.00036360132250067446,-0.013175263946789206,-0.011429815115755556,-0.00174544883103365,NS_RIDGE,NS
2022-06-30,2022-07-08,5,beta2,0.026050727428663826,0.00105002503309167,0.027100752461755497,0.02611248936485377,0.0009882630969017259,NS_RIDGE,NS
2022-06-30,2022-07-08,5,beta0,0.028016772705497402,-1.799767584303382e-05,0.02799877502965437,0.02901374580178786,-0.0010149707721334895,NS_ELASTICNET,NS
2022-06-30,2022-07-08,5,beta1,-0.012811662624288532,1.4590666151145341e-05,-0.012797071958137387,-0.011429815115755556,-0.0013672568423818317,NS_ELASTICNET,NS
2022-06-30,2022-07-08,5,beta2,0.026050727428663826,6.121721768372148e-05,0.026111944646347546,0.02611248936485377,-5.447185062248949e-07,NS_ELASTICNET,NS
2022-06-30,2022-07-08,5,PC1,0.026865778499553284,0.0003204157818266551,0.02718619428137994,0.03152339939450951,-0.0043372051131295684,PCA_RIDGE,PCA
2022-06-30,2022-07-08,5,PC2,-0.003129650676125273,0.0006588870088610195,-0.0024707636672642534,-0.003466598632729332,0.0009958349654650787,PCA_RIDGE,PCA
2022-06-30,2022-07-08,5,PC3,-0.007498166633856218,-0.0004148814931488949,-0.007913048127005114,-0.0071447318072567125,-0.0007683163197484012,PCA_RIDGE,PCA
2022-06-30,2022-07-08,5,PC1,0.026865778499553284,0.0010532516039144686,0.027919030103467753,0.03152339939450951,-0.0036043692910417563,PCA_RIDGE_VAR,PCA
2022-06-30,2022-07-08,5,PC2,-0.003129650676125273,-0.0003033318086493866,-0.0034329824847746594,-0.003466598632729332,3.3616147954672587e-05,PCA_RIDGE_VAR,PCA
2022-06-30,2022-07-08,5,PC3,-0.007498166633856218,0.0002478532352265649,-0.007250313398629653,-0.0071447318072567125,-0.00010558159137294063,PCA_RIDGE_VAR,PCA
2022-06-30,2022-07-15,10,beta0,0.028016772705497402,0.0009003477114571716,0.028917120416954573,0.027151855982628016,0.0017652644343265564,NS_RIDGE,NS
2022-06-30,2022-07-15,10,beta1,-0.012811662624288532,-0.0011054584205405654,-0.013917121044829098,-0.004951250165944638,-0.008965870878884459,NS_RIDGE,NS
2022-06-30,2022-07-15,10,beta2,0.026050727428663826,0.0006959682781857616,0.026746695706849587,0.024017937717877233,0.0027287579889723537,NS_RIDGE,NS
2022-06-30,2022-07-15,10,beta0,0.028016772705497402,-3.384610724577024e-05,0.02798292659825163,0.027151855982628016,0.0008310706156236143,NS_ELASTICNET,NS
2022-06-30,2022-07-15,10,beta1,-0.012811662624288532,2.2710729252305072e-05,-0.012788951895036227,-0.004951250165944638,-0.007837701729091588,NS_ELASTICNET,NS
2022-06-30,2022-07-15,10,beta2,0.026050727428663826,0.00012886980798958403,0.02617959723665341,0.024017937717877233,0.002161659518776178,NS_ELASTICNET,NS
2022-06-30,2022-07-15,10,PC1,0.026865778499553284,0.0004595219439445601,0.027325300443497843,0.03379902307089156,-0.006473722627393718,PCA_RIDGE,PCA
2022-06-30,2022-07-15,10,PC2,-0.003129650676125273,0.0022757526965379673,-0.0008538979795873055,-0.007940039567358302,0.007086141587770997,PCA_RIDGE,PCA
2022-06-30,2022-07-15,10,PC3,-0.007498166633856218,-0.0008146412177478948,-0.008312807851604112,-0.0053161830721418345,-0.0029966247794622775,PCA_RIDGE,PCA
2022-06-30,2022-07-15,10,PC1,0.026865778499553284,0.0020683431709917523,0.028934121670545036,0.03379902307089156,-0.004864901400346525,PCA_RIDGE_VAR,PCA
2022-06-30,2022-07-15,10,PC2,-0.003129650676125273,-0.0005939199093637662,-0.003723570585489039,-0.007940039567358302,0.004216468981869263,PCA_RIDGE_VAR,PCA
2022-06-30,2022-07-15,10,PC3,-0.007498166633856218,0.000487662589198393,-0.007010504044657825,-0.0053161830721418345,-0.0016943209725159905,PCA_RIDGE_VAR,PCA
2022-06-30,2022-08-02,22,beta0,0.028016772705497402,0.003550349557371961,0.03156712226286936,0.02500210794718857,0.0065650143156807915,NS_RIDGE,NS
2022-06-30,2022-08-02,22,beta1,-0.012811662624288532,-0.00415892112975235,-0.016970583754040883,-0.0004114328902501581,-0.016559150863790725,NS_RIDGE,NS
2022-06-30,2022-08-02,22,beta2,0.026050727428663826,0.0022169049085818586,0.028267632337245684,0.021262929536675013,0.00700470280057067,NS_RIDGE,NS
2022-06-30,2022-08-02,22,beta0,0.028016772705497402,-7.359054885584726e-05,0.027943182156641554,0.02500210794718857,0.0029410742094529846,NS_ELASTICNET,NS
2022-06-30,2022-08-02,22,beta1,-0.012811662624288532,2.9748412423906513e-05,-0.012781914211864625,-0.0004114328902501581,-0.012370481321614467,NS_ELASTICNET,NS
2022-06-30,2022-08-02,22,beta2,0.026050727428663826,0.0002815738978901346,0.02633230132655396,0.021262929536675013,0.005069371789878947,NS_ELASTICNET,NS
2022-06-30,2022-08-02,22,PC1,0.026865778499553284,0.002047379641152127,0.02891315814070541,0.0323115420197795,-0.0033983838790740926,PCA_RIDGE,PCA
2022-06-30,2022-08-02,22,PC2,-0.003129650676125273,0.004303761438242906,0.0011741107621176332,-0.011472767939018608,0.012646878701136241,PCA_RIDGE,PCA
2022-06-30,2022-08-02,22,PC3,-0.007498166633856218,-0.001611788677068371,-0.00910995531092459,-0.003820974856228029,-0.00528898045469656,PCA_RIDGE,PCA
2022-06-30,2022-08-02,22,PC1,0.026865778499553284,0.004356214054998517,0.0312219925545518,0.0323115420197795,-0.0010895494652277023,PCA_RIDGE_VAR,PCA
2022-06-30,2022-08-02,22,PC2,-0.003129650676125273,-0.0012420242342591572,-0.00437167491038443,-0.011472767939018608,0.007101093028634178,PCA_RIDGE_VAR,PCA
2022-06-30,2022-08-02,22,PC3,-0.007498166633856218,0.0010319790880601734,-0.006466187545796045,-0.003820974856228029,-0.0026452126895680156,PCA_RIDGE_VAR,PCA
2022-06-30,2022-09-01,44,beta0,0.028016772705497402,0.005355648788342591,0.033372421493839996,0.030657371416733234,0.002715050077106762,NS_RIDGE,NS
2022-06-30,2022-09-01,44,beta1,-0.012811662624288532,-0.005854801639168587,-0.018666464263457118,-0.0026036861145350286,-0.01606277814892209,NS_RIDGE,NS
2022-06-30,2022-09-01,44,beta2,0.026050727428663826,0.005710365291374832,0.03176109272003866,0.021080974833818353,0.010680117886220305,NS_RIDGE,NS
2022-06-30,2022-09-01,44,beta0,0.028016772705497402,-0.00016060508831407724,0.027856167617183326,0.030657371416733234,-0.0028012037995499076,NS_ELASTICNET,NS
2022-06-30,2022-09-01,44,beta1,-0.012811662624288532,2.6767910426602542e-05,-0.01278489471386193,-0.0026036861145350286,-0.010181208599326901,NS_ELASTICNET,NS
2022-06-30,2022-09-01,44,beta2,0.026050727428663826,0.0005316133938633096,0.026582340822527136,0.021080974833818353,0.005501365988708783,NS_ELASTICNET,NS
2022-06-30,2022-09-01,44,PC1,0.026865778499553284,0.005322163138471687,0.03218794163802497,0.04508313514167476,-0.012895193503649788,PCA_RIDGE,PCA
2022-06-30,2022-09-01,44,PC2,-0.003129650676125273,0.004770757964382931,0.001641107288257658,-0.007772902314526028,0.009414009602783687,PCA_RIDGE,PCA
2022-06-30,2022-09-01,44,PC3,-0.007498166633856218,-0.0023280321941011326,-0.00982619882795735,-0.004167763032292554,-0.005658435795664796,PCA_RIDGE,PCA
2022-06-30,2022-09-01,44,PC1,0.026865778499553284,0.008051032607678647,0.03491681110723193,0.04508313514167476,-0.010166324034442828,PCA_RIDGE_VAR,PCA
2022-06-30,2022-09-01,44,PC2,-0.003129650676125273,-0.002265598533099444,-0.005395249209224717,-0.007772902314526028,0.0023776531053013115,PCA_RIDGE_VAR,PCA
2022-06-30,2022-09-01,44,PC3,-0.007498166633856218,0.001924999132109936,-0.005573167501746282,-0.004167763032292554,-0.0014054044694537283,PCA_RIDGE_VAR,PCA
2022-06-30,2022-10-04,66,beta0,0.028016772705497402,0.006226136830505525,0.034242909536002925,0.032775195504667,0.0014677140313359219,NS_RIDGE,NS
2022-06-30,2022-10-04,66,beta1,-0.012811662624288532,-0.004679736989223768,-0.0174913996135123,-0.00020518504760451417,-0.017286214565907787,NS_RIDGE,NS
2022-06-30,2022-10-04,66,beta2,0.026050727428663826,0.005457473148804579,0.031508200577468407,0.031012252478499654,0.0004959480989687529,NS_RIDGE,NS
2022-06-30,2022-10-04,66,beta0,0.028016772705497402,-0.0002562846591608114,0.02776048804633659,0.032775195504667,-0.005014707458330412,NS_ELASTICNET,NS
2022-06-30,2022-10-04,66,beta1,-0.012811662624288532,1.082291555470223e-05,-0.01280083970873383,-0.00020518504760451417,-0.012595654661129316,NS_ELASTICNET,NS
2022-06-30,2022-10-04,66,beta2,0.026050727428663826,0.0007756222414441167,0.026826349670107944,0.031012252478499654,-0.0041859028083917095,NS_ELASTICNET,NS
2022-06-30,2022-10-04,66,PC1,0.026865778499553284,0.004286964529538144,0.031152743029091427,0.05971510384554112,-0.028562360816449694,PCA_RIDGE,PCA
2022-06-30,2022-10-04,66,PC2,-0.003129650676125273,0.00012049068447200618,-0.003009159991653267,-0.007957837946152489,0.004948677954499221,PCA_RIDGE,PCA
2022-06-30,2022-10-04,66,PC3,-0.007498166633856218,-0.0010002736187039165,-0.008498440252560135,-0.004824249419247502,-0.0036741908333126332,PCA_RIDGE,PCA
2022-06-30,2022-10-04,66,PC1,0.026865778499553284,0.011173671177973136,0.03803944967752642,0.05971510384554112,-0.021675654168014702,PCA_RIDGE_VAR,PCA
2022-06-30,2022-10-04,66,PC2,-0.003129650676125273,-0.0031031620039038304,-0.006232812680029103,-0.007957837946152489,0.0017250252661233853,PCA_RIDGE_VAR,PCA
2022-06-30,2022-10-04,66,PC3,-0.007498166633856218,0.002698344540587049,-0.004799822093269169,-0.004824249419247502,2.4427325978333345e-05,PCA_RIDGE_VAR,PCA
2022-06-30,2023-01-11,132,beta0,0.028016772705497402,0.003654632581091602,0.031671405286589,0.03185304772576294,-0.00018164243917393602,NS_RIDGE,NS
2022-06-30,2023-01-11,132,beta1,-0.012811662624288532,0.004478347608732412,-0.00833331501555612,0.01759702142995217,-0.025930336445508288,NS_RIDGE,NS
2022-06-30,2023-01-11,132,beta2,0.026050727428663826,-0.0028984896737033468,0.02315223775496048,0.010131506115839425,0.013020731639121054,NS_RIDGE,NS
2022-06-30,2023-01-11,132,beta0,0.028016772705497402,-0.0006396731966254122,0.02737709950887199,0.03185304772576294,-0.004475948216890947,NS_ELASTICNET,NS
2022-06-30,2023-01-11,132,beta1,-0.012811662624288532,-8.213836425193093e-06,-0.012819876460713725,0.01759702142995217,-0.030416897890665894,NS_ELASTICNET,NS
2022-06-30,2023-01-11,132,beta2,0.026050727428663826,0.0009659042095477514,0.027016631638211577,0.010131506115839425,0.016885125522372153,NS_ELASTICNET,NS
2022-06-30,2023-01-11,132,PC1,0.026865778499553284,0.009357915548550623,0.03622369404810391,0.06923016216522992,-0.033006468117126014,PCA_RIDGE,PCA
2022-06-30,2023-01-11,132,PC2,-0.003129650676125273,-0.0033475142260689806,-0.006477164902194254,-0.018520405453921193,0.012043240551726939,PCA_RIDGE,PCA
2022-06-30,2023-01-11,132,PC3,-0.007498166633856218,0.0013459277848190685,-0.00615223884903715,0.0037432299534488987,-0.009895468802486047,PCA_RIDGE,PCA
2022-06-30,2023-01-11,132,PC1,0.026865778499553284,0.017825913768563736,0.04469169226811702,0.06923016216522992,-0.024538469897112905,PCA_RIDGE_VAR,PCA
2022-06-30,2023-01-11,132,PC2,-0.003129650676125273,-0.00475807967374531,-0.007887730349870583,-0.018520405453921193,0.01063267510405061,PCA_RIDGE_VAR,PCA
2022-06-30,2023-01-11,132,PC3,-0.007498166633856218,0.004454562418987238,-0.0030436042148689803,0.0037432299534488987,-0.006786834168317879,PCA_RIDGE_VAR,PCA
2022-06-30,2023-07-05,252,beta0,0.028016772705497402,0.02481941787963444,0.052836190585131844,0.03521561766508553,0.01762057292004631,NS_RIDGE,NS
2022-06-30,2023-07-05,252,beta1,-0.012811662624288532,0.0015837662724055845,-0.011227896351882947,0.020331209204050453,-0.0315591055559334,NS_RIDGE,NS
2022-06-30,2023-07-05,252,beta2,0.026050727428663826,-0.02116605403071005,0.004884673397953777,0.018880202987902044,-0.013995529589948267,NS_RIDGE,NS
2022-06-30,2023-07-05,252,beta0,0.028016772705497402,-0.0013320764809453998,0.026684696224552003,0.03521561766508553,-0.00853092144053353,NS_ELASTICNET,NS
2022-06-30,2023-07-05,252,beta1,-0.012811662624288532,-0.00020008585368588096,-0.013011748477974414,0.020331209204050453,-0.03334295768202487,NS_ELASTICNET,NS
2022-06-30,2023-07-05,252,beta2,0.026050727428663826,0.00019902137855747618,0.026249748807221304,0.018880202987902044,0.00736954581931926,NS_ELASTICNET,NS
2022-06-30,2023-07-05,252,PC1,0.026865778499553284,0.044150859195146636,0.07101663769469992,0.08713701377260508,-0.01612037607790516,PCA_RIDGE,PCA
2022-06-30,2023-07-05,252,PC2,-0.003129650676125273,0.010395959759275535,0.007266309083150261,-0.018430848103580342,0.0256971571867306,PCA_RIDGE,PCA
2022-06-30,2023-07-05,252,PC3,-0.007498166633856218,0.006504061987151482,-0.0009941046467047358,0.002990147557508165,-0.003984252204212901,PCA_RIDGE,PCA
2022-06-30,2023-07-05,252,PC1,0.026865778499553284,0.023106390867450487,0.04997216936700377,0.08713701377260508,-0.037164844405601305,PCA_RIDGE_VAR,PCA
2022-06-30,2023-07-05,252,PC2,-0.003129650676125273,-0.005748839045854638,-0.008878489721979911,-0.018430848103580342,0.00955235838160043,PCA_RIDGE_VAR,PCA
2022-06-30,2023-07-05,252,PC3,-0.007498166633856218,0.006251295410690564,-0.0012468712231656544,0.002990147557508165,-0.004237018780673819,PCA_RIDGE_VAR,PCA
2022-07-29,2022-08-05,5,beta0,0.024185841250555687,0.0002794493167162735,0.02446529056727196,0.024949449057456326,-0.0004841584901843672,NS_RIDGE,NS
2022-07-29,2022-08-05,5,beta1,-0.00035652523234380295,-0.0003969861307266003,-0.0007535113630704033,-0.000801362851165853,4.7851488095449705e-05,NS_RIDGE,NS
2022-07-29,2022-08-05,5,beta2,0.01851035813408673,-5.0023543487485165e-05,0.018460334590599245,0.028550926009100617,-0.010090591418501372,NS_RIDGE,NS
2022-07-29,2022-08-05,5,beta0,0.024185841250555687,-2.2700288479035567e-05,0.02416314096207665,0.024949449057456326,-0.0007863080953796758,NS_ELASTICNET,NS
2022-07-29,2022-08-05,5,beta1,-0.00035652523234380295,2.992127772373326e-05,-0.0003266039546200697,-0.000801362851165853,0.0004747588965457833,NS_ELASTICNET,NS
2022-07-29,2022-08-05,5,beta2,0.01851035813408673,4.986570888913241e-05,0.01856022384297586,0.028550926009100617,-0.009990702166124757,NS_ELASTICNET,NS
2022-07-29,2022-08-05,5,PC1,0.028439583275186482,0.0003159220634353148,0.028755505338621798,0.03556500881092352,-0.00680950347230172,PCA_RIDGE,PCA
2022-07-29,2022-08-05,5,PC2,-0.011826708686399085,0.00039199246741524065,-0.011434716218983844,-0.011085930289127244,-0.00034878592985660047,PCA_RIDGE,PCA
2022-07-29,2022-08-05,5,PC3,-0.003142253896865421,-0.00016942029795194807,-0.0033116741948173694,-0.004943354484759384,0.0016316802899420148,PCA_RIDGE,PCA
2022-07-29,2022-08-05,5,PC1,0.028439583275186482,0.0004260991291336648,0.028865682404320147,0.03556500881092352,-0.006699326406603371,PCA_RIDGE_VAR,PCA
2022-07-29,2022-08-05,5,PC2,-0.011826708686399085,-3.6019301998108794e-05,-0.011862727988397194,-0.011085930289127244,-0.0007767976992699502,PCA_RIDGE_VAR,PCA
2022-07-29,2022-08-05,5,PC3,-0.003142253896865421,9.37968340043692e-05,-0.003048457062861052,-0.004943354484759384,0.0018948974218983322,PCA_RIDGE_VAR,PCA
2022-07-29,2022-08-12,10,beta0,0.024185841250555687,0.00028633906295937587,0.024472180313515064,0.025260058155388527,-0.0007878778418734626,NS_RIDGE,NS
2022-07-29,2022-08-12,10,beta1,-0.00035652523234380295,-0.00020068136250827662,-0.0005572065948520796,-0.00045094721847704043,-0.00010625937637503914,NS_RIDGE,NS
2022-07-29,2022-08-12,10,beta2,0.01851035813408673,-0.000673363297906102,0.017836994836180627,0.02667184423532569,-0.008834849399145063,NS_RIDGE,NS
2022-07-29,2022-08-12,10,beta0,0.024185841250555687,-4.205393570742078e-05,0.024143787314848265,0.025260058155388527,-0.0011162708405402615,NS_ELASTICNET,NS
2022-07-29,2022-08-12,10,beta1,-0.00035652523234380295,5.4518134202912443e-05,-0.0003020070981408905,-0.00045094721847704043,0.00014894012033614992,NS_ELASTICNET,NS
2022-07-29,2022-08-12,10,beta2,0.01851035813408673,0.00010492041033571318,0.018615278544422444,0.02667184423532569,-0.008056565690903246,NS_ELASTICNET,NS
2022-07-29,2022-08-12,10,PC1,0.028439583275186482,0.0004926722240181682,0.02893225549920465,0.03585583949232675,-0.006923583993122099,PCA_RIDGE,PCA
2022-07-29,2022-08-12,10,PC2,-0.011826708686399085,0.00018608176109705533,-0.01164062692530203,-0.011181941995837375,-0.0004586849294646554,PCA_RIDGE,PCA
2022-07-29,2022-08-12,10,PC3,-0.003142253896865421,2.791546874816886e-05,-0.003114338428117252,-0.0045873416241832745,0.0014730031960660224,PCA_RIDGE,PCA
2022-07-29,2022-08-12,10,PC1,0.028439583275186482,0.0008375491211074157,0.029277132396293898,0.03585583949232675,-0.006578707096032851,PCA_RIDGE_VAR,PCA
2022-07-29,2022-08-12,10,PC2,-0.011826708686399085,-6.814039348414062e-05,-0.011894849079883226,-0.011181941995837375,-0.0007129070840458506,PCA_RIDGE_VAR,PCA
2022-07-29,2022-08-12,10,PC3,-0.003142253896865421,0.00018468145442674874,-0.0029575724424386724,-0.0045873416241832745,0.001629769181744602,PCA_RIDGE_VAR,PCA
2022-07-29,2022-08-30,22,beta0,0.024185841250555687,-0.00022965378167853352,0.023956187468877153,0.028767254485143258,-0.004811067016266105,NS_RIDGE,NS
2022-07-29,2022-08-30,22,beta1,-0.00035652523234380295,-0.00034743187379723275,-0.0007039571061410357,-0.0008494000985440498,0.00014544299240301412,NS_RIDGE,NS
2022-07-29,2022-08-30,22,beta2,0.01851035813408673,-0.00016643304154217601,0.018343925092544552,0.023077349857874064,-0.0047334247653295115,NS_RIDGE,NS
2022-07-29,2022-08-30,22,beta0,0.024185841250555687,-8.908157535278767e-05,0.0240967596752029,0.028767254485143258,-0.0046704948099403586,NS_ELASTICNET,NS
2022-07-29,2022-08-30,22,beta1,-0.00035652523234380295,9.57851956683992e-05,-0.00026074003667540374,-0.0008494000985440498,0.000588660061868646,NS_ELASTICNET,NS
2022-07-29,2022-08-30,22,beta2,0.01851035813408673,0.0002489492734827162,0.018759307407569446,0.023077349857874064,-0.004318042450304618,NS_ELASTICNET,NS
2022-07-29,2022-08-30,22,PC1,0.028439583275186482,-0.0010438528977938935,0.02739573037739259,0.04312256623203482,-0.015726835854642233,PCA_RIDGE,PCA
2022-07-29,2022-08-30,22,PC2,-0.011826708686399085,0.0005730386154161719,-0.011253670070982913,-0.00949837241896713,-0.0017552976520157828,PCA_RIDGE,PCA
2022-07-29,2022-08-30,22,PC3,-0.003142253896865421,-6.367115716221901e-05,-0.00320592505402764,-0.0041217169287620405,0.0009157918747344004,PCA_RIDGE,PCA
2022-07-29,2022-08-30,22,PC1,0.028439583275186482,0.0017679393983752317,0.030207522673561714,0.04312256623203482,-0.012915043558473109,PCA_RIDGE_VAR,PCA
2022-07-29,2022-08-30,22,PC2,-0.011826708686399085,-0.0001302838116601212,-0.011956992498059206,-0.00949837241896713,-0.0024586200790920765,PCA_RIDGE_VAR,PCA
2022-07-29,2022-08-30,22,PC3,-0.003142253896865421,0.0003915145981211181,-0.002750739298744303,-0.0041217169287620405,0.0013709776300177374,PCA_RIDGE_VAR,PCA
2022-07-29,2022-09-30,44,beta0,0.024185841250555687,0.0006169825774382813,0.024802823827993967,0.03573413784348753,-0.010931314015493562,NS_RIDGE,NS
2022-07-29,2022-09-30,44,beta1,-0.00035652523234380295,-0.0018097432926765607,-0.002166268525020364,-0.0050910711832988925,0.0029248026582785287,NS_RIDGE,NS
2022-07-29,2022-09-30,44,beta2,0.01851035813408673,-0.005141818091418809,0.01336854004266792,0.031142215001402695,-0.017773674958734775,NS_RIDGE,NS
2022-07-29,2022-09-30,44,beta0,0.024185841250555687,-0.00016799883612265962,0.024017842414433027,0.03573413784348753,-0.011716295429054502,NS_ELASTICNET,NS
2022-07-29,2022-09-30,44,beta1,-0.00035652523234380295,0.00011504316250296036,-0.00024148206984084258,-0.0050910711832988925,0.00484958911345805,NS_ELASTICNET,NS
2022-07-29,2022-09-30,44,beta2,0.01851035813408673,0.0004997742364017708,0.0190101323704885,0.031142215001402695,-0.012132082630914195,NS_ELASTICNET,NS
2022-07-29,2022-09-30,44,PC1,0.028439583275186482,-0.003144720250749993,0.02529486302443649,0.061413756716995255,-0.036118893692558766,PCA_RIDGE,PCA
2022-07-29,2022-09-30,44,PC2,-0.011826708686399085,0.0022582798377154254,-0.00956842884868366,-0.003897517385465756,-0.005670911463217904,PCA_RIDGE,PCA
2022-07-29,2022-09-30,44,PC3,-0.003142253896865421,4.982992137490209e-05,-0.003092423975490519,-0.006191248385590327,0.003098824410099808,PCA_RIDGE,PCA
2022-07-29,2022-09-30,44,PC1,0.028439583275186482,0.003280475234595362,0.031720058509781844,0.061413756716995255,-0.02969369820721341,PCA_RIDGE_VAR,PCA
2022-07-29,2022-09-30,44,PC2,-0.011826708686399085,-0.00019513079309405913,-0.012021839479493144,-0.003897517385465756,-0.008124322094027388,PCA_RIDGE_VAR,PCA
2022-07-29,2022-09-30,44,PC3,-0.003142253896865421,0.0007328632576716425,-0.0024093906391937786,-0.006191248385590327,0.0037818577463965483,PCA_RIDGE_VAR,PCA
2022-07-29,2022-11-02,66,beta0,0.024185841250555687,0.0022817556611968914,0.02646759691175258,0.03764519187582787,-0.01117759496407529,NS_RIDGE,NS
2022-07-29,2022-11-02,66,beta1,-0.00035652523234380295,-0.0036198286766499096,-0.003976353908993712,0.0030722352141847615,-0.007048589123178474,NS_RIDGE,NS
2022-07-29,2022-11-02,66,beta2,0.01851035813408673,-0.009002924255459888,0.00950743387862684,0.02654775163506867,-0.01704031775644183,NS_RIDGE,NS
2022-07-29,2022-11-02,66,beta0,0.024185841250555687,-0.0002510413619270117,0.023934799888628674,0.03764519187582787,-0.013710391987199196,NS_ELASTICNET,NS
2022-07-29,2022-11-02,66,beta1,-0.00035652523234380295,0.00010305449068496505,-0.0002534707416588379,0.0030722352141847615,-0.0033257059558435996,NS_ELASTICNET,NS
2022-07-29,2022-11-02,66,beta2,0.01851035813408673,0.000723381369924603,0.019233739504011332,0.02654775163506867,-0.007314012131057337,NS_ELASTICNET,NS
2022-07-29,2022-11-02,66,PC1,0.028439583275186482,-0.002726869334556852,0.02571271394062963,0.07505693178929843,-0.0493442178486688,PCA_RIDGE,PCA
2022-07-29,2022-11-02,66,PC2,-0.011826708686399085,0.0022875426750421984,-0.009539166011356886,-0.007591790942171182,-0.0019473750691857035,PCA_RIDGE,PCA
2022-07-29,2022-11-02,66,PC3,-0.003142253896865421,0.0003209334882276854,-0.0028213204086377356,-0.00276240647794624,-5.8913930691495506e-05,PCA_RIDGE,PCA
2022-07-29,2022-11-02,66,PC1,0.028439583275186482,0.00457006566589592,0.0330096489410824,0.07505693178929843,-0.042047282848216024,PCA_RIDGE_VAR,PCA
2022-07-29,2022-11-02,66,PC2,-0.011826708686399085,-0.00020592814247845197,-0.012032636828877537,-0.007591790942171182,-0.004440845886706355,PCA_RIDGE_VAR,PCA
2022-07-29,2022-11-02,66,PC3,-0.003142253896865421,0.0010311419007870363,-0.002111111996078385,-0.00276240647794624,0.0006512944818678553,PCA_RIDGE_VAR,PCA
2022-07-29,2023-02-09,132,beta0,0.024185841250555687,0.004891605238933368,0.029077446489489053,0.032710667656847964,-0.0036332211673589104,NS_RIDGE,NS
2022-07-29,2023-02-09,132,beta1,-0.00035652523234380295,-0.005639819024199034,-0.005996344256542837,0.01583344059317726,-0.021829784849720098,NS_RIDGE,NS
2022-07-29,2023-02-09,132,beta2,0.01851035813408673,-0.015356919791712704,0.0031534383423740247,0.018141416167306017,-0.014987977824931992,NS_RIDGE,NS
2022-07-29,2023-02-09,132,beta0,0.024185841250555687,-0.0006031528948712281,0.02358268835568446,0.032710667656847964,-0.009127979301163505,NS_ELASTICNET,NS
2022-07-29,2023-02-09,132,beta1,-0.00035652523234380295,6.130916486599219e-05,-0.0002952160674778108,0.01583344059317726,-0.016128656660655074,NS_ELASTICNET,NS
2022-07-29,2023-02-09,132,beta2,0.01851035813408673,0.0011024813540525178,0.019612839488139248,0.018141416167306017,0.001471423320833231,NS_ELASTICNET,NS
2022-07-29,2023-02-09,132,PC1,0.028439583275186482,-0.004206891924385639,0.024232691350800844,0.07360287083433724,-0.04937017948353639,PCA_RIDGE,PCA
2022-07-29,2023-02-09,132,PC2,-0.011826708686399085,0.005078823232322524,-0.006747885454076561,-0.01695124333466791,0.010203357880591348,PCA_RIDGE,PCA
2022-07-29,2023-02-09,132,PC3,-0.003142253896865421,0.0008601007319986551,-0.002282153164866766,0.001960946566851727,-0.004243099731718493,PCA_RIDGE,PCA
2022-07-29,2023-02-09,132,PC1,0.028439583275186482,0.007361743765186321,0.0358013270403728,0.07360287083433724,-0.037801543793964436,PCA_RIDGE_VAR,PCA
2022-07-29,2023-02-09,132,PC2,-0.011826708686399085,-2.785134011381793e-06,-0.011829493820410467,-0.01695124333466791,0.005121749514257442,PCA_RIDGE_VAR,PCA
2022-07-29,2023-02-09,132,PC3,-0.003142253896865421,0.001723596387465924,-0.0014186575093994972,0.001960946566851727,-0.003379604076251224,PCA_RIDGE_VAR,PCA
2022-07-29,2023-08-02,252,beta0,0.024185841250555687,0.016028448874877355,0.04021429012543304,0.037168144817294864,0.003046145308138175,NS_RIDGE,NS
2022-07-29,2023-08-02,252,beta1,-0.00035652523234380295,-0.009855854465803324,-0.010212379698147128,0.0201202537476258,-0.030332633445772927,NS_RIDGE,NS
2022-07-29,2023-08-02,252,beta2,0.01851035813408673,-0.02047730682505523,-0.0019669486909685008,0.010042562093039737,-0.012009510784008238,NS_RIDGE,NS
2022-07-29,2023-08-02,252,beta0,0.024185841250555687,0.0017410281934538945,0.02592686944400958,0.037168144817294864,-0.011241275373285283,NS_ELASTICNET,NS
2022-07-29,2023-08-02,252,beta1,-0.00035652523234380295,-0.006173636589890213,-0.006530161822234016,0.0201202537476258,-0.026650415569859816,NS_ELASTICNET,NS
2022-07-29,2023-08-02,252,beta2,0.01851035813408673,-0.014747984312049708,0.003762373822037021,0.010042562093039737,-0.006280188271002716,NS_ELASTICNET,NS
2022-07-29,2023-08-02,252,PC1,0.028439583275186482,0.013165145770217691,0.041604729045404173,0.08725624803143027,-0.045651518986026096,PCA_RIDGE,PCA
2022-07-29,2023-08-02,252,PC2,-0.011826708686399085,0.013037676740378428,0.0012109680539793433,-0.017470341774445543,0.018681309828424884,PCA_RIDGE,PCA
2022-07-29,2023-08-02,252,PC3,-0.003142253896865421,0.0011701169644225287,-0.001972136932442892,0.00471850370015614,-0.0066906406325990325,PCA_RIDGE,PCA
2022-07-29,2023-08-02,252,PC1,0.028439583275186482,0.009618040196083442,0.038057623471269925,0.08725624803143027,-0.049198624560160345,PCA_RIDGE_VAR,PCA
2022-07-29,2023-08-02,252,PC2,-0.011826708686399085,0.0008484452937585641,-0.010978263392640521,-0.017470341774445543,0.006492078381805022,PCA_RIDGE_VAR,PCA
2022-07-29,2023-08-02,252,PC3,-0.003142253896865421,0.0024796676653112987,-0.0006625862315541224,0.00471850370015614,-0.005381089931710263,PCA_RIDGE_VAR,PCA
2022-08-31,2022-09-08,5,beta0,0.02928354308537533,0.00031222891860525497,0.029595772003980586,0.030946114045606113,-0.0013503420416255268,NS_RIDGE,NS
2022-08-31,2022-09-08,5,beta1,-0.0012345513002923357,3.411393110880334e-05,-0.0012004373691835324,-0.0013072858603060773,0.00010684849112254486,NS_RIDGE,NS
2022-08-31,2022-09-08,5,beta2,0.021924791276622623,-0.0008516129172320173,0.021073178359390606,0.018536232982785835,0.0025369453766047705,NS_RIDGE,NS
2022-08-31,2022-09-08,5,beta0,0.02928354308537533,-1.891632720288479e-05,0.029264626758172447,0.030946114045606113,-0.001681487287433666,NS_ELASTICNET,NS
2022-08-31,2022-09-08,5,beta1,-0.0012345513002923357,2.9668627262537055e-05,-0.0012048826730297986,-0.0013072858603060773,0.00010240318727627873,NS_ELASTICNET,NS
2022-08-31,2022-09-08,5,beta2,0.021924791276622623,5.500292365771672e-05,0.02197979420028034,0.018536232982785835,0.0034435612174945063,NS_ELASTICNET,NS
2022-08-31,2022-09-08,5,PC1,0.043234442481520544,0.0001404177005879354,0.04337486018210848,0.04589191520252657,-0.002517055020418088,PCA_RIDGE,PCA
2022-08-31,2022-09-08,5,PC2,-0.008957513139577314,-1.0701253751959201e-05,-0.008968214393329272,-0.008210603352778456,-0.0007576110405508162,PCA_RIDGE,PCA
2022-08-31,2022-09-08,5,PC3,-0.0038700253279901637,0.00021761089881082175,-0.003652414429179342,-0.003136791544818225,-0.0005156228843611168,PCA_RIDGE,PCA
2022-08-31,2022-09-08,5,PC1,0.043234442481520544,0.0005724460415292842,0.04380688852304983,0.04589191520252657,-0.0020850266794767425,PCA_RIDGE_VAR,PCA
2022-08-31,2022-09-08,5,PC2,-0.008957513139577314,-0.00012530810493312922,-0.009082821244510443,-0.008210603352778456,-0.0008722178917319866,PCA_RIDGE_VAR,PCA
2022-08-31,2022-09-08,5,PC3,-0.0038700253279901637,0.00014561878854285138,-0.0037244065394473123,-0.003136791544818225,-0.0005876149946290872,PCA_RIDGE_VAR,PCA
2022-08-31,2022-09-15,10,beta0,0.02928354308537533,0.0005869104287087814,0.02987045351408411,0.03130569246035422,-0.0014352389462701128,NS_RIDGE,NS
2022-08-31,2022-09-15,10,beta1,-0.0012345513002923357,8.193370800639631e-05,-0.0011526175922859394,-0.0007037790502166467,-0.0004488385420692927,NS_RIDGE,NS
2022-08-31,2022-09-15,10,beta2,0.021924791276622623,-0.0009990742326626762,0.020925717043959947,0.029848543683745458,-0.008922826639785511,NS_RIDGE,NS
2022-08-31,2022-09-15,10,beta0,0.02928354308537533,-3.766505270091367e-05,0.029245878032674418,0.03130569246035422,-0.002059814427679805,NS_ELASTICNET,NS
2022-08-31,2022-09-15,10,beta1,-0.0012345513002923357,5.646564687336966e-05,-0.001178085653418966,-0.0007037790502166467,-0.00047430660320231933,NS_ELASTICNET,NS
2022-08-31,2022-09-15,10,beta2,0.021924791276622623,0.00011062882981453937,0.02203542010643716,0.029848543683745458,-0.007813123577308297,NS_ELASTICNET,NS
2022-08-31,2022-09-15,10,PC1,0.043234442481520544,0.0008062524119716123,0.044040694893492154,0.05399180507617482,-0.009951110182682667,PCA_RIDGE,PCA
2022-08-31,2022-09-15,10,PC2,-0.008957513139577314,0.00016361329030981645,-0.008793899849267497,-0.00814826167734805,-0.0006456381719194479,PCA_RIDGE,PCA
2022-08-31,2022-09-15,10,PC3,-0.0038700253279901637,0.0003284034957277865,-0.003541621832262377,-0.0046411270464880305,0.0010995052142256535,PCA_RIDGE,PCA
2022-08-31,2022-09-15,10,PC1,0.043234442481520544,0.00112223020734116,0.044356672688861704,0.05399180507617482,-0.009635132387313117,PCA_RIDGE_VAR,PCA
2022-08-31,2022-09-15,10,PC2,-0.008957513139577314,-0.0002434178357498297,-0.009200930975327143,-0.00814826167734805,-0.0010526692979790937,PCA_RIDGE_VAR,PCA
2022-08-31,2022-09-15,10,PC3,-0.0038700253279901637,0.00028629162903185713,-0.0035837336989583066,-0.0046411270464880305,0.001057393347529724,PCA_RIDGE_VAR,PCA
2022-08-31,2022-10-03,22,beta0,0.02928354308537533,0.0013023336971342825,0.030585876782509614,0.0340255121135444,-0.003439635331034783,NS_RIDGE,NS
2022-08-31,2022-10-03,22,beta1,-0.0012345513002923357,8.56318048958028e-05,-0.0011489194953965328,-0.0014319290024344886,0.00028300950703795576,NS_RIDGE,NS
2022-08-31,2022-10-03,22,beta2,0.021924791276622623,-0.002336515101238284,0.01958827617538434,0.027901740107043493,-0.008313463931659153,NS_RIDGE,NS
2022-08-31,2022-10-03,22,beta0,0.02928354308537533,-9.190953593592992e-05,0.029191633549439402,0.0340255121135444,-0.004833878564104995,NS_ELASTICNET,NS
2022-08-31,2022-10-03,22,beta1,-0.0012345513002923357,0.00012144724314845256,-0.0011131040571438831,-0.0014319290024344886,0.00031882494529060544,NS_ELASTICNET,NS
2022-08-31,2022-10-03,22,beta2,0.021924791276622623,0.0002575077136662039,0.022182298990288826,0.027901740107043493,-0.005719441116754667,NS_ELASTICNET,NS
2022-08-31,2022-10-03,22,PC1,0.043234442481520544,0.001395330047893048,0.044629772529413594,0.059542220267753784,-0.01491244773834019,PCA_RIDGE,PCA
2022-08-31,2022-10-03,22,PC2,-0.008957513139577314,0.00030524374825058965,-0.008652269391326723,-0.006619733199605682,-0.0020325361917210415,PCA_RIDGE,PCA
2022-08-31,2022-10-03,22,PC3,-0.0038700253279901637,0.0005738312478065704,-0.0032961940801835934,-0.004741824082001217,0.0014456300018176236,PCA_RIDGE,PCA
2022-08-31,2022-10-03,22,PC1,0.043234442481520544,0.002353762031822318,0.04558820451334286,0.059542220267753784,-0.013954015754410923,PCA_RIDGE_VAR,PCA
2022-08-31,2022-10-03,22,PC2,-0.008957513139577314,-0.0004992021413700466,-0.00945671528094736,-0.006619733199605682,-0.0028369820813416782,PCA_RIDGE_VAR,PCA
2022-08-31,2022-10-03,22,PC3,-0.0038700253279901637,0.0006047720165950911,-0.0032652533113950726,-0.004741824082001217,0.0014765707706061444,PCA_RIDGE_VAR,PCA
2022-08-31,2022-11-03,44,beta0,0.02928354308537533,0.00195750209420551,0.031241045179580842,0.037982846017957664,-0.006741800838376822,NS_RIDGE,NS
2022-08-31,2022-11-03,44,beta1,-0.0012345513002923357,-0.00025506098778042927,-0.0014896122880727648,0.0024222375677516884,-0.003911849855824453,NS_RIDGE,NS
2022-08-31,2022-11-03,44,beta2,0.021924791276622623,-0.0030175783932650507,0.018907212883357574,0.028853582455352696,-0.009946369571995121,NS_RIDGE,NS
2022-08-31,2022-11-03,44,beta0,0.02928354308537533,-0.0001869107462759074,0.029096632339099423,0.037982846017957664,-0.008886213678858241,NS_ELASTICNET,NS
2022-08-31,2022-11-03,44,beta1,-0.0012345513002923357,0.0002137905422765915,-0.0010207607580157443,0.0024222375677516884,-0.0034429983257674326,NS_ELASTICNET,NS
2022-08-31,2022-11-03,44,beta2,0.021924791276622623,0.00047560877978052333,0.022400400056403147,0.028853582455352696,-0.006453182398949549,NS_ELASTICNET,NS
2022-08-31,2022-11-03,44,PC1,0.043234442481520544,0.0017453639476639026,0.04497980642918445,0.0762391561110605,-0.03125934968187605,PCA_RIDGE,PCA
2022-08-31,2022-11-03,44,PC2,-0.008957513139577314,0.0020818691993466447,-0.006875643940230668,-0.00690888042899163,3.323648876096125e-05,PCA_RIDGE,PCA
2022-08-31,2022-11-03,44,PC3,-0.0038700253279901637,0.0005265335787488639,-0.0033434917492412997,-0.00332419768863507,-1.9294060606229665e-05,PCA_RIDGE,PCA
2022-08-31,2022-11-03,44,PC1,0.043234442481520544,0.004316187165100412,0.047550629646620955,0.0762391561110605,-0.02868852646443954,PCA_RIDGE_VAR,PCA
2022-08-31,2022-11-03,44,PC2,-0.008957513139577314,-0.000876755606860442,-0.009834268746437756,-0.00690888042899163,-0.002925388317446126,PCA_RIDGE_VAR,PCA
2022-08-31,2022-11-03,44,PC3,-0.0038700253279901637,0.0011247539408385972,-0.0027452713871515665,-0.00332419768863507,0.0005789263014835035,PCA_RIDGE_VAR,PCA
2022-08-31,2022-12-07,66,beta0,0.02928354308537533,0.004273034345081678,0.03355657743045701,0.029272185402047284,0.004284392028409724,NS_RIDGE,NS
2022-08-31,2022-12-07,66,beta1,-0.0012345513002923357,-0.0024643500598060244,-0.00369890136009836,0.014484226244454976,-0.018183127604553338,NS_RIDGE,NS
2022-08-31,2022-12-07,66,beta2,0.021924791276622623,-0.0068242542149126095,0.015100537061710013,0.025906470282218125,-0.010805933220508112,NS_RIDGE,NS
2022-08-31,2022-12-07,66,beta0,0.02928354308537533,-0.00026140384876793935,0.029022139236607392,0.029272185402047284,-0.00025004616543989125,NS_ELASTICNET,NS
2022-08-31,2022-12-07,66,beta1,-0.0012345513002923357,0.00022753794226886248,-0.0010070133580234732,0.014484226244454976,-0.01549123960247845,NS_ELASTICNET,NS
2022-08-31,2022-12-07,66,beta2,0.021924791276622623,0.0006975977345636681,0.02262238901118629,0.025906470282218125,-0.0032840812710318336,NS_ELASTICNET,NS
2022-08-31,2022-12-07,66,PC1,0.043234442481520544,0.0029644967924589804,0.04619893927397952,0.06636200450923116,-0.02016306523525164,PCA_RIDGE,PCA
2022-08-31,2022-12-07,66,PC2,-0.008957513139577314,0.00092702324972532,-0.008030489889851994,-0.017420088236292583,0.009389598346440589,PCA_RIDGE,PCA
2022-08-31,2022-12-07,66,PC3,-0.0038700253279901637,0.0010928539462885301,-0.0027771713817016336,0.0003983603650612247,-0.0031755317467628582,PCA_RIDGE,PCA
2022-08-31,2022-12-07,66,PC1,0.043234442481520544,0.005941531463613432,0.049175973945133976,0.06636200450923116,-0.017186030564097184,PCA_RIDGE_VAR,PCA
2022-08-31,2022-12-07,66,PC2,-0.008957513139577314,-0.0011527682034219652,-0.010110281342999279,-0.017420088236292583,0.007309806893293304,PCA_RIDGE_VAR,PCA
2022-08-31,2022-12-07,66,PC3,-0.0038700253279901637,0.0015724355395982442,-0.0022975897883919195,0.0003983603650612247,-0.002695950153453144,PCA_RIDGE_VAR,PCA
2022-08-31,2023-03-15,132,beta0,0.02928354308537533,0.005419947030186782,0.03470349011556211,0.034150546622647465,0.0005529434929146468,NS_RIDGE,NS
2022-08-31,2023-03-15,132,beta1,-0.0012345513002923357,-0.0034197974916441638,-0.0046543487919365,0.016498417456383627,-0.021152766248320125,NS_RIDGE,NS
2022-08-31,2023-03-15,132,beta2,0.021924791276622623,-0.01268824729052278,0.009236543986099844,-0.006365034508849441,0.015601578494949284,NS_RIDGE,NS
2022-08-31,2023-03-15,132,beta0,0.02928354308537533,-0.0005695933148252976,0.028713949770550033,0.034150546622647465,-0.005436596852097433,NS_ELASTICNET,NS
2022-08-31,2023-03-15,132,beta1,-0.0012345513002923357,0.00016762155687304265,-0.001066929743419293,0.016498417456383627,-0.01756534719980292,NS_ELASTICNET,NS
2022-08-31,2023-03-15,132,beta2,0.021924791276622623,0.0011961822900548524,0.023120973566677475,-0.006365034508849441,0.029486008075526916,NS_ELASTICNET,NS
2022-08-31,2023-03-15,132,PC1,0.043234442481520544,-0.0011808348238444375,0.04205360765767611,0.06474144846527523,-0.02268784080759912,PCA_RIDGE,PCA
2022-08-31,2023-03-15,132,PC2,-0.008957513139577314,0.00200321208182291,-0.006954301057754403,-0.017028344433031598,0.010074043375277194,PCA_RIDGE,PCA
2022-08-31,2023-03-15,132,PC3,-0.0038700253279901637,0.0017568154082077498,-0.002113209919782414,0.005652355322360119,-0.007765565242142533,PCA_RIDGE,PCA
2022-08-31,2023-03-15,132,PC1,0.043234442481520544,0.009225916914628644,0.05246035939614919,0.06474144846527523,-0.01228108906912604,PCA_RIDGE_VAR,PCA
2022-08-31,2023-03-15,132,PC2,-0.008957513139577314,-0.0015284290991645112,-0.010485942238741825,-0.017028344433031598,0.006542402194289773,PCA_RIDGE_VAR,PCA
2022-08-31,2023-03-15,132,PC3,-0.0038700253279901637,0.002579856243846994,-0.0012901690841431697,0.005652355322360119,-0.006942524406503289,PCA_RIDGE_VAR,PCA
2022-08-31,2023-09-05,252,beta0,0.02928354308537533,0.012798780826151131,0.04208232391152646,0.039490914042963704,0.0025914098685627593,NS_RIDGE,NS
2022-08-31,2023-09-05,252,beta1,-0.0012345513002923357,-0.009091950645480146,-0.010326501945772483,0.017867368828642517,-0.028193870774415,NS_RIDGE,NS
2022-08-31,2023-09-05,252,beta2,0.021924791276622623,-0.024980341493191144,-0.0030555502165685207,0.007904762484016323,-0.010960312700584843,NS_RIDGE,NS
2022-08-31,2023-09-05,252,beta0,0.02928354308537533,-0.0012183961738175912,0.028065146911557738,0.039490914042963704,-0.011425767131405966,NS_ELASTICNET,NS
2022-08-31,2023-09-05,252,beta1,-0.0012345513002923357,-7.815338870398131e-05,-0.001312704688996317,0.017867368828642517,-0.019180073517638833,NS_ELASTICNET,NS
2022-08-31,2023-09-05,252,beta2,0.021924791276622623,0.0007158965455676316,0.022640687822190253,0.007904762484016323,0.01473592533817393,NS_ELASTICNET,NS
2022-08-31,2023-09-05,252,PC1,0.043234442481520544,-0.001171822218674072,0.04206262026284647,0.0893749078458595,-0.04731228758301303,PCA_RIDGE,PCA
2022-08-31,2023-09-05,252,PC2,-0.008957513139577314,0.011511752625825399,0.002554239486248085,-0.015023876994705455,0.01757811648095354,PCA_RIDGE,PCA
2022-08-31,2023-09-05,252,PC3,-0.0038700253279901637,0.003127218942487841,-0.0007428063855023227,0.004766163197722963,-0.0055089695832252865,PCA_RIDGE,PCA
2022-08-31,2023-09-05,252,PC1,0.043234442481520544,0.011217996998143277,0.05445243947966382,0.0893749078458595,-0.034922468366195676,PCA_RIDGE_VAR,PCA
2022-08-31,2023-09-05,252,PC2,-0.008957513139577314,-0.0012232194218244116,-0.010180732561401725,-0.015023876994705455,0.00484314443330373,PCA_RIDGE_VAR,PCA
2022-08-31,2023-09-05,252,PC3,-0.0038700253279901637,0.003598974213143368,-0.0002710511148467957,0.004766163197722963,-0.005037214312569759,PCA_RIDGE_VAR,PCA
2022-09-30,2022-10-07,5,beta0,0.03707151661714565,0.00044524849159464263,0.037516765108740295,0.03730653672634203,0.00021022838239826563,NS_RIDGE,NS
2022-09-30,2022-10-07,5,beta1,-0.008318970552177658,0.0006909471160352459,-0.007628023436142412,-0.007214477798847459,-0.0004135456372949533,NS_RIDGE,NS
2022-09-30,2022-10-07,5,beta2,0.03060237109090926,-0.0004698993274576024,0.030132471763451657,0.03273037214670086,-0.0025979003832492034,NS_RIDGE,NS
2022-09-30,2022-10-07,5,beta0,0.03707151661714565,-7.353265443138881e-06,0.03706416335170251,0.03730653672634203,-0.0002423733746395179,NS_ELASTICNET,NS
2022-09-30,2022-10-07,5,beta1,-0.008318970552177658,1.818752054603312e-05,-0.008300783031631625,-0.007214477798847459,-0.0010863052327841662,NS_ELASTICNET,NS
2022-09-30,2022-10-07,5,beta2,0.03060237109090926,7.028191651462664e-05,0.030672653007423886,0.03273037214670086,-0.002057719139276975,NS_ELASTICNET,NS
2022-09-30,2022-10-07,5,PC1,0.060993568763856164,0.000982991660937877,0.06197656042479404,0.0640926290332525,-0.002116068608458456,PCA_RIDGE,PCA
2022-09-30,2022-10-07,5,PC2,-0.003682954158426131,-0.00046131617942818745,-0.0041442703378543186,-0.004240748949451777,9.647861159745811e-05,PCA_RIDGE,PCA
2022-09-30,2022-10-07,5,PC3,-0.006066444309472205,0.00037892741456553065,-0.005687516894906674,-0.005753662962458881,6.614606755220732e-05,PCA_RIDGE,PCA
2022-09-30,2022-10-07,5,PC1,0.060993568763856164,0.0009675020200446138,0.06196107078390078,0.0640926290332525,-0.0021315582493517185,PCA_RIDGE_VAR,PCA
2022-09-30,2022-10-07,5,PC2,-0.003682954158426131,-0.0002921917928537174,-0.0039751459512798485,-0.004240748949451777,0.0002656029981719281,PCA_RIDGE_VAR,PCA
2022-09-30,2022-10-07,5,PC3,-0.006066444309472205,0.0002511619299085232,-0.0058152823795636814,-0.005753662962458881,-6.161941710480009e-05,PCA_RIDGE_VAR,PCA
2022-09-30,2022-10-17,10,beta0,0.03707151661714565,0.0010138665194719323,0.038085383136617586,0.03864359527585261,-0.0005582121392350217,NS_RIDGE,NS
2022-09-30,2022-10-17,10,beta1,-0.008318970552177658,0.001763706484730276,-0.006555264067447382,-0.0021974896860848074,-0.004357774381362574,NS_RIDGE,NS
2022-09-30,2022-10-17,10,beta2,0.03060237109090926,-0.001701677394566382,0.028900693696342877,0.026536773105193773,0.002363920591149104,NS_RIDGE,NS
2022-09-30,2022-10-17,10,beta0,0.03707151661714565,-1.729585618224762e-05,0.0370542207609634,0.03864359527585261,-0.0015893745148892052,NS_ELASTICNET,NS
2022-09-30,2022-10-17,10,beta1,-0.008318970552177658,3.7319831373389924e-05,-0.008281650720804268,-0.0021974896860848074,-0.006084161034719461,NS_ELASTICNET,NS
2022-09-30,2022-10-17,10,beta2,0.03060237109090926,0.00014491128591559674,0.030747282376824857,0.026536773105193773,0.004210509271631083,NS_ELASTICNET,NS
2022-09-30,2022-10-17,10,PC1,0.060993568763856164,0.0017758418988911356,0.0627694106627473,0.07036358185709873,-0.0075941711943514345,PCA_RIDGE,PCA
2022-09-30,2022-10-17,10,PC2,-0.003682954158426131,-0.0008610465440637108,-0.004544000702489842,-0.0060135532193268185,0.0014695525168369767,PCA_RIDGE,PCA
2022-09-30,2022-10-17,10,PC3,-0.006066444309472205,0.0007116866090736496,-0.005354757700398555,-0.003321989175390736,-0.0020327685250078192,PCA_RIDGE,PCA
2022-09-30,2022-10-17,10,PC1,0.060993568763856164,0.0018958201665146904,0.06288938893037085,0.07036358185709873,-0.0074741929267278795,PCA_RIDGE_VAR,PCA
2022-09-30,2022-10-17,10,PC2,-0.003682954158426131,-0.0005712597491947455,-0.004254213907620877,-0.0060135532193268185,0.0017593393117059418,PCA_RIDGE_VAR,PCA
2022-09-30,2022-10-17,10,PC3,-0.006066444309472205,0.0004934827088401376,-0.005572961600632067,-0.003321989175390736,-0.0022509724252413313,PCA_RIDGE_VAR,PCA
2022-09-30,2022-11-02,22,beta0,0.03707151661714565,0.0019134140642101068,0.03898493068135576,0.038727750981514,0.0002571796998417572,NS_RIDGE,NS
2022-09-30,2022-11-02,22,beta1,-0.008318970552177658,0.0024010855802318047,-0.005917884971945854,0.00013150332487136922,-0.006049388296817223,NS_RIDGE,NS
2022-09-30,2022-11-02,22,beta2,0.03060237109090926,-0.0030810297961512364,0.02752134129475802,0.028977272140122325,-0.001455930845364304,NS_RIDGE,NS
2022-09-30,2022-11-02,22,beta0,0.03707151661714565,-4.7913633595312575e-05,0.03702360298355034,0.038727750981514,-0.0017041479979636592,NS_ELASTICNET,NS
2022-09-30,2022-11-02,22,beta1,-0.008318970552177658,8.433071300313761e-05,-0.00823463983917452,0.00013150332487136922,-0.00836614316404589,NS_ELASTICNET,NS
2022-09-30,2022-11-02,22,beta2,0.03060237109090926,0.00029835822476771066,0.03090072931567697,0.028977272140122325,0.0019234571755546437,NS_ELASTICNET,NS
2022-09-30,2022-11-02,22,PC1,0.060993568763856164,0.0038434255166529753,0.06483699428050914,0.07464164661244141,-0.00980465233193227,PCA_RIDGE,PCA
2022-09-30,2022-11-02,22,PC2,-0.003682954158426131,-0.0009758218375513537,-0.004658775995977485,-0.007324172440600674,0.0026653964446231894,PCA_RIDGE,PCA
2022-09-30,2022-11-02,22,PC3,-0.006066444309472205,0.0014698670276709388,-0.004596577281801266,-0.0025988507337264145,-0.001997726548074851,PCA_RIDGE,PCA
2022-09-30,2022-11-02,22,PC1,0.060993568763856164,0.003971990169083388,0.06496555893293955,0.07464164661244141,-0.009676087679501857,PCA_RIDGE_VAR,PCA
2022-09-30,2022-11-02,22,PC2,-0.003682954158426131,-0.001190439560246958,-0.004873393718673089,-0.007324172440600674,0.0024507787219275852,PCA_RIDGE_VAR,PCA
2022-09-30,2022-11-02,22,PC3,-0.006066444309472205,0.0010408644414781308,-0.005025579867994074,-0.0025988507337264145,-0.0024267291342676594,PCA_RIDGE_VAR,PCA
2022-09-30,2022-12-06,44,beta0,0.03707151661714565,0.003786887486603037,0.04085840410374869,0.031368091670167145,0.009490312433581546,NS_RIDGE,NS
2022-09-30,2022-12-06,44,beta1,-0.008318970552177658,0.0020994260496792843,-0.006219544502498373,0.010666131135037282,-0.016885675637535656,NS_RIDGE,NS
2022-09-30,2022-12-06,44,beta2,0.03060237109090926,-0.006945014130781717,0.02365735696012754,0.03233255542901053,-0.008675198468882987,NS_RIDGE,NS
2022-09-30,2022-12-06,44,beta0,0.03707151661714565,-0.00013383781067106867,0.03693767880647458,0.031368091670167145,0.005569587136307438,NS_ELASTICNET,NS
2022-09-30,2022-12-06,44,beta1,-0.008318970552177658,0.00017427344634906588,-0.008144697105828592,0.010666131135037282,-0.018810828240865874,NS_ELASTICNET,NS
2022-09-30,2022-12-06,44,beta2,0.03060237109090926,0.0005602133844853931,0.03116258447539465,0.03233255542901053,-0.0011699709536158766,NS_ELASTICNET,NS
2022-09-30,2022-12-06,44,PC1,0.060993568763856164,0.005768990447018684,0.06676255921087484,0.06828547204740124,-0.001522912836526391,PCA_RIDGE,PCA
2022-09-30,2022-12-06,44,PC2,-0.003682954158426131,0.0008931390338745656,-0.0027898151245515654,-0.016440258265376016,0.013650443140824451,PCA_RIDGE,PCA
2022-09-30,2022-12-06,44,PC3,-0.006066444309472205,0.001975625425009884,-0.004090818884462321,0.0003069888641210831,-0.004397807748583404,PCA_RIDGE,PCA
2022-09-30,2022-12-06,44,PC1,0.060993568763856164,0.007270210219547844,0.06826377898340401,0.06828547204740124,-2.169306399722737e-05,PCA_RIDGE_VAR,PCA
2022-09-30,2022-12-06,44,PC2,-0.003682954158426131,-0.0021578599969380007,-0.005840814155364132,-0.016440258265376016,0.010599444110011885,PCA_RIDGE_VAR,PCA
2022-09-30,2022-12-06,44,PC3,-0.006066444309472205,0.0019303303563495133,-0.004136113953122691,0.0003069888641210831,-0.004443102817243774,PCA_RIDGE_VAR,PCA
2022-09-30,2023-01-09,66,beta0,0.03707151661714565,0.005761942140440394,0.04283345875758605,0.03211765677174465,0.010715801985841399,NS_RIDGE,NS
2022-09-30,2023-01-09,66,beta1,-0.008318970552177658,0.0005997084443798589,-0.0077192621077977995,0.015738845047877988,-0.023458107155675787,NS_RIDGE,NS
2022-09-30,2023-01-09,66,beta2,0.03060237109090926,-0.011515313131546316,0.01908705795936294,0.01775888640073396,0.0013281715586289794,NS_RIDGE,NS
2022-09-30,2023-01-09,66,beta0,0.03707151661714565,-0.00021387460269186632,0.03685764201445379,0.03211765677174465,0.00473998524270914,NS_ELASTICNET,NS
2022-09-30,2023-01-09,66,beta1,-0.008318970552177658,0.0002350445005407284,-0.008083926051636929,0.015738845047877988,-0.023822771099514917,NS_ELASTICNET,NS
2022-09-30,2023-01-09,66,beta2,0.03060237109090926,0.0007755118349255258,0.03137788292583479,0.01775888640073396,0.013618996525100825,NS_ELASTICNET,NS
2022-09-30,2023-01-09,66,PC1,0.060993568763856164,0.004464605512685046,0.06545817427654121,0.06844231926947122,-0.00298414499293001,PCA_RIDGE,PCA
2022-09-30,2023-01-09,66,PC2,-0.003682954158426131,-0.00038533403074847715,-0.004068288189174608,-0.018015455323367038,0.01394716713419243,PCA_RIDGE,PCA
2022-09-30,2023-01-09,66,PC3,-0.006066444309472205,0.002345344949657815,-0.0037210993598143895,0.0037857028174984857,-0.007506802177312875,PCA_RIDGE,PCA
2022-09-30,2023-01-09,66,PC1,0.060993568763856164,0.009991612506224955,0.07098518127008112,0.06844231926947122,0.002542862000609894,PCA_RIDGE_VAR,PCA
2022-09-30,2023-01-09,66,PC2,-0.003682954158426131,-0.0029375898135105367,-0.006620543971936668,-0.018015455323367038,0.01139491135143037,PCA_RIDGE_VAR,PCA
2022-09-30,2023-01-09,66,PC3,-0.006066444309472205,0.0026909262846224673,-0.0033755180248497374,0.0037857028174984857,-0.0071612208423482236,PCA_RIDGE_VAR,PCA
2022-09-30,2023-04-13,132,beta0,0.03707151661714565,0.010153344235473188,0.047224860852618844,0.031864069439694866,0.015360791412923978,NS_RIDGE,NS
2022-09-30,2023-04-13,132,beta1,-0.008318970552177658,-0.0018892116284968158,-0.010208182180674473,0.023094867674562553,-0.03330304985523703,NS_RIDGE,NS
2022-09-30,2023-04-13,132,beta2,0.03060237109090926,-0.0197653210230788,0.010837050067830457,0.001722545759282833,0.009114504308547624,NS_RIDGE,NS
2022-09-30,2023-04-13,132,beta0,0.03707151661714565,-0.00044521705795277184,0.03662629955919288,0.031864069439694866,0.004762230119498015,NS_ELASTICNET,NS
2022-09-30,2023-04-13,132,beta1,-0.008318970552177658,0.00012680941139151685,-0.008192161140786141,0.023094867674562553,-0.03128702881534869,NS_ELASTICNET,NS
2022-09-30,2023-04-13,132,beta2,0.03060237109090926,0.0012891499994457027,0.03189152109035496,0.001722545759282833,0.030168975331072125,NS_ELASTICNET,NS
2022-09-30,2023-04-13,132,PC1,0.060993568763856164,-0.0009460793618406445,0.06004748940201552,0.06769031989616864,-0.0076428304941531175,PCA_RIDGE,PCA
2022-09-30,2023-04-13,132,PC2,-0.003682954158426131,0.0009073103649821374,-0.0027756437934439936,-0.02118351401165523,0.018407870218211237,PCA_RIDGE,PCA
2022-09-30,2023-04-13,132,PC3,-0.006066444309472205,0.0037717150247651406,-0.002294729284707064,0.00814518115033354,-0.010439910435040604,PCA_RIDGE,PCA
2022-09-30,2023-04-13,132,PC1,0.060993568763856164,0.015461992265921341,0.0764555610297775,0.06769031989616864,0.008765241133608867,PCA_RIDGE_VAR,PCA
2022-09-30,2023-04-13,132,PC2,-0.003682954158426131,-0.004427321795978162,-0.008110275954404294,-0.02118351401165523,0.013073238057250936,PCA_RIDGE_VAR,PCA
2022-09-30,2023-04-13,132,PC3,-0.006066444309472205,0.004376698726339318,-0.001689745583132887,0.00814518115033354,-0.009834926733466427,PCA_RIDGE_VAR,PCA
2022-09-30,2023-10-04,252,beta0,0.03707151661714565,0.014563077518587646,0.0516345941357333,0.045495616597905505,0.006138977537827793,NS_RIDGE,NS
2022-09-30,2023-10-04,252,beta1,-0.008318970552177658,-0.0034882230623668443,-0.011807193614544503,0.012608531880573547,-0.02441572549511805,NS_RIDGE,NS
2022-09-30,2023-10-04,252,beta2,0.03060237109090926,-0.04009661629215436,-0.009494245201245099,0.003026021075942405,-0.012520266277187504,NS_RIDGE,NS
2022-09-30,2023-10-04,252,beta0,0.03707151661714565,-0.001084254940808981,0.035987261676336674,0.045495616597905505,-0.009508354921568832,NS_ELASTICNET,NS
2022-09-30,2023-10-04,252,beta1,-0.008318970552177658,-0.00010913036525541922,-0.008428100917433077,0.012608531880573547,-0.021036632798006626,NS_ELASTICNET,NS
2022-09-30,2023-10-04,252,beta2,0.03060237109090926,0.0009397389723567093,0.03154211006326597,0.003026021075942405,0.02851608898732356,NS_ELASTICNET,NS
2022-09-30,2023-10-04,252,PC1,0.060993568763856164,0.0020877750013936157,0.06308134376524978,0.09410974898220989,-0.03102840521696011,PCA_RIDGE,PCA
2022-09-30,2023-10-04,252,PC2,-0.003682954158426131,0.011400981936154677,0.007718027777728546,-0.009423306009847952,0.0171413337875765,PCA_RIDGE,PCA
2022-09-30,2023-10-04,252,PC3,-0.006066444309472205,0.0048229435827314105,-0.001243500726740794,0.005442897369047966,-0.00668639809578876,PCA_RIDGE,PCA
2022-09-30,2023-10-04,252,PC1,0.060993568763856164,0.01882964354305653,0.0798232123069127,0.09410974898220989,-0.014286536675297196,PCA_RIDGE_VAR,PCA
2022-09-30,2023-10-04,252,PC2,-0.003682954158426131,-0.005204393774426279,-0.00888734793285241,-0.009423306009847952,0.0005359580769955415,PCA_RIDGE_VAR,PCA
2022-09-30,2023-10-04,252,PC3,-0.006066444309472205,0.006012841688771269,-5.360262070093578e-05,0.005442897369047966,-0.005496499989748902,PCA_RIDGE_VAR,PCA
2022-10-31,2022-11-07,5,beta0,0.03907679256550907,0.0005141599835518968,0.03959095254906097,0.04001772445169919,-0.0004267719026382205,NS_RIDGE,NS
2022-10-31,2022-11-07,5,beta1,0.0008685233464000991,0.00011359203752605832,0.0009821153839261573,-0.0005419215464440158,0.0015240369303701731,NS_RIDGE,NS
2022-10-31,2022-11-07,5,beta2,0.023255217839304967,-0.0012359235651637811,0.022019294274141187,0.027988332426987485,-0.0059690381528462975,NS_RIDGE,NS
2022-10-31,2022-11-07,5,beta0,0.03907679256550907,-5.7116755420203435e-06,0.039071080889967046,0.04001772445169919,-0.0009466435617321439,NS_ELASTICNET,NS
2022-10-31,2022-11-07,5,beta1,0.0008685233464000991,2.8049199096492123e-05,0.0008965725454965913,-0.0005419215464440158,0.001438494091940607,NS_ELASTICNET,NS
2022-10-31,2022-11-07,5,beta2,0.023255217839304967,6.094280153974733e-05,0.023316160640844713,0.027988332426987485,-0.004672171786142772,NS_ELASTICNET,NS
2022-10-31,2022-11-07,5,PC1,0.07309197102885047,0.00023235422415092264,0.0733243252530014,0.07662206609376943,-0.003297740840768032,PCA_RIDGE,PCA
2022-10-31,2022-11-07,5,PC2,-0.007108020567613207,0.00013206772750489317,-0.006975952840108313,-0.006210551200160182,-0.0007654016399481316,PCA_RIDGE,PCA
2022-10-31,2022-11-07,5,PC3,-0.0015489091901449946,0.0002076121735781456,-0.001341297016566849,-0.002568036786768882,0.001226739770202033,PCA_RIDGE,PCA
2022-10-31,2022-11-07,5,PC1,0.07309197102885047,0.00032589738839938764,0.07341786841724986,0.07662206609376943,-0.0032041976765195684,PCA_RIDGE_VAR,PCA
2022-10-31,2022-11-07,5,PC2,-0.007108020567613207,-9.521461013653736e-05,-0.007203235177749744,-0.006210551200160182,-0.0009926839775895625,PCA_RIDGE_VAR,PCA
2022-10-31,2022-11-07,5,PC3,-0.0015489091901449946,0.00012020757892854659,-0.001428701611216448,-0.002568036786768882,0.001139335175552434,PCA_RIDGE_VAR,PCA
2022-10-31,2022-11-15,10,beta0,0.03907679256550907,0.0008603057384087565,0.039937098303917826,0.035372608779676136,0.00456448952424169,NS_RIDGE,NS
2022-10-31,2022-11-15,10,beta1,0.0008685233464000991,0.00015161418321403032,0.0010201375296141294,0.0060513092155720614,-0.005031171685957932,NS_RIDGE,NS
2022-10-31,2022-11-15,10,beta2,0.023255217839304967,-0.0011539505455278466,0.02210126729377712,0.023377086239029572,-0.0012758189452524507,NS_RIDGE,NS
2022-10-31,2022-11-15,10,beta0,0.03907679256550907,0.0008024173176640879,0.03987920988317316,0.035372608779676136,0.004506601103497022,NS_ELASTICNET,NS
2022-10-31,2022-11-15,10,beta1,0.0008685233464000991,-6.89650766028143e-05,0.0007995582697972848,0.0060513092155720614,-0.0052517509457747765,NS_ELASTICNET,NS
2022-10-31,2022-11-15,10,beta2,0.023255217839304967,-0.0008730997799460871,0.022382118059358882,0.023377086239029572,-0.0009949681796706904,NS_ELASTICNET,NS
2022-10-31,2022-11-15,10,PC1,0.07309197102885047,0.0006131343284712161,0.07370510535732168,0.06890239476641769,0.004802710590903994,PCA_RIDGE,PCA
2022-10-31,2022-11-15,10,PC2,-0.007108020567613207,0.00020855068963141954,-0.006899469877981787,-0.011568010226396936,0.004668540348415149,PCA_RIDGE,PCA
2022-10-31,2022-11-15,10,PC3,-0.0015489091901449946,0.00010071993782793267,-0.001448189252317062,5.431354732355828e-05,-0.0015025027996406202,PCA_RIDGE,PCA
2022-10-31,2022-11-15,10,PC1,0.07309197102885047,0.0006326826546076691,0.07372465368345814,0.06890239476641769,0.004822258917040453,PCA_RIDGE_VAR,PCA
2022-10-31,2022-11-15,10,PC2,-0.007108020567613207,-0.00018456730793525462,-0.0072925878755484615,-0.011568010226396936,0.0042754223508484745,PCA_RIDGE_VAR,PCA
2022-10-31,2022-11-15,10,PC3,-0.0015489091901449946,0.0002360239187461893,-0.0013128852713988053,5.431354732355828e-05,-0.0013671988187223636,PCA_RIDGE_VAR,PCA
2022-10-31,2022-12-02,22,beta0,0.03907679256550907,0.001603161477402602,0.04067995404291167,0.03130926795331557,0.009370686089596104,NS_RIDGE,NS
2022-10-31,2022-12-02,22,beta1,0.0008685233464000991,-0.00047825572076484843,0.00039026762563525066,0.01060213432246207,-0.01021186669682682,NS_RIDGE,NS
2022-10-31,2022-12-02,22,beta2,0.023255217839304967,-0.0010340431539324333,0.022221174685372533,0.030142005560996013,-0.00792083087562348,NS_RIDGE,NS
2022-10-31,2022-12-02,22,beta0,0.03907679256550907,-2.5332936129788037e-05,0.03905145962937928,0.03130926795331557,0.007742191676063714,NS_ELASTICNET,NS
2022-10-31,2022-12-02,22,beta1,0.0008685233464000991,9.29529792280522e-05,0.0009614763256281514,0.01060213432246207,-0.009640657996833918,NS_ELASTICNET,NS
2022-10-31,2022-12-02,22,beta2,0.023255217839304967,0.0002943105370750306,0.023549528376379997,0.030142005560996013,-0.006592477184616016,NS_ELASTICNET,NS
2022-10-31,2022-12-02,22,PC1,0.07309197102885047,0.00020563447072244125,0.07329760549957291,0.06656643108090267,0.006731174418670244,PCA_RIDGE,PCA
2022-10-31,2022-12-02,22,PC2,-0.007108020567613207,-9.770986871900723e-05,-0.007205730436332214,-0.016168708399821617,0.008962977963489403,PCA_RIDGE,PCA
2022-10-31,2022-12-02,22,PC3,-0.0015489091901449946,0.00023153266433053221,-0.0013173765258144624,0.0007844790062826526,-0.002101855532097115,PCA_RIDGE,PCA
2022-10-31,2022-12-02,22,PC1,0.07309197102885047,0.0012950299762548856,0.07438700100510535,0.06656643108090267,0.007820569924202686,PCA_RIDGE_VAR,PCA
2022-10-31,2022-12-02,22,PC2,-0.007108020567613207,-0.0003765223201292016,-0.0074845428877424085,-0.016168708399821617,0.00868416551207921,PCA_RIDGE_VAR,PCA
2022-10-31,2022-12-02,22,PC3,-0.0015489091901449946,0.0004970217934982483,-0.0010518873966467463,0.0007844790062826526,-0.001836366402929399,PCA_RIDGE_VAR,PCA
2022-10-31,2023-01-05,44,beta0,0.03907679256550907,0.0021832357393766775,0.041260028304885746,0.03414038313461757,0.007119645170268175,NS_RIDGE,NS
2022-10-31,2023-01-05,44,beta1,0.0008685233464000991,-0.0007507170652423674,0.00011780628115773168,0.011504727616872934,-0.011386921335715202,NS_RIDGE,NS
2022-10-31,2023-01-05,44,beta2,0.023255217839304967,-0.005003768243967428,0.01825144959533754,0.023564325836646385,-0.0053128762413088455,NS_RIDGE,NS
2022-10-31,2023-01-05,44,beta0,0.03907679256550907,-8.24583051578409e-05,0.038994334260351225,0.03414038313461757,0.004853951125733655,NS_ELASTICNET,NS
2022-10-31,2023-01-05,44,beta1,0.0008685233464000991,0.0001751712390291165,0.0010436945854292155,0.011504727616872934,-0.010461033031443719,NS_ELASTICNET,NS
2022-10-31,2023-01-05,44,beta2,0.023255217839304967,0.0005619774801888701,0.023817195319493837,0.023564325836646385,0.0002528694828474523,NS_ELASTICNET,NS
2022-10-31,2023-01-05,44,PC1,0.07309197102885047,0.00033547210546436783,0.07342744313431483,0.07198371256337732,0.0014437305709375098,PCA_RIDGE,PCA
2022-10-31,2023-01-05,44,PC2,-0.007108020567613207,0.0019488856540131687,-0.005159134913600039,-0.015093012323278893,0.009933877409678854,PCA_RIDGE,PCA
2022-10-31,2023-01-05,44,PC3,-0.0015489091901449946,0.0008243127075724062,-0.0007245964825725884,0.0016447401063671117,-0.0023693365889397,PCA_RIDGE,PCA
2022-10-31,2023-01-05,44,PC1,0.07309197102885047,0.002262449828276364,0.07535442085712683,0.07198371256337732,0.003370708293749511,PCA_RIDGE_VAR,PCA
2022-10-31,2023-01-05,44,PC2,-0.007108020567613207,-0.0006544712620429717,-0.007762491829656179,-0.015093012323278893,0.007330520493622714,PCA_RIDGE_VAR,PCA
2022-10-31,2023-01-05,44,PC3,-0.0015489091901449946,0.0009190356849509519,-0.0006298735051940427,0.0016447401063671117,-0.0022746136115611546,PCA_RIDGE_VAR,PCA
2022-10-31,2023-02-07,66,beta0,0.03907679256550907,0.0035961430004640177,0.04267293556597309,0.03320856915220944,0.00946436641376365,NS_RIDGE,NS
2022-10-31,2023-02-07,66,beta1,0.0008685233464000991,-0.0014075473379494953,-0.0005390239915493962,0.013138632719850614,-0.01367765671140001,NS_RIDGE,NS
2022-10-31,2023-02-07,66,beta2,0.023255217839304967,-0.010579207353438105,0.012676010485866862,0.02556717890616729,-0.012891168420300428,NS_RIDGE,NS
2022-10-31,2023-02-07,66,beta0,0.03907679256550907,-0.00016761921369218538,0.038909173351816886,0.03320856915220944,0.005700604199607447,NS_ELASTICNET,NS
2022-10-31,2023-02-07,66,beta1,0.0008685233464000991,0.0002619550306341855,0.0011304783770342845,0.013138632719850614,-0.01200815434281633,NS_ELASTICNET,NS
2022-10-31,2023-02-07,66,beta2,0.023255217839304967,0.0007881017093275801,0.024043319548632546,0.02556717890616729,-0.0015238593575347438,NS_ELASTICNET,NS
2022-10-31,2023-02-07,66,PC1,0.07309197102885047,-0.0028136824922625073,0.07027828853658796,0.07237244995413047,-0.0020941614175425116,PCA_RIDGE,PCA
2022-10-31,2023-02-07,66,PC2,-0.007108020567613207,0.0003202905546765445,-0.006787730012936663,-0.01643048081137355,0.009642750798436886,PCA_RIDGE,PCA
2022-10-31,2023-02-07,66,PC3,-0.0015489091901449946,0.001649279931344144,0.00010037074119914938,0.0021941806520480167,-0.002093809910848867,PCA_RIDGE,PCA
2022-10-31,2023-02-07,66,PC1,0.07309197102885047,0.002950620635241305,0.07604259166409177,0.07237244995413047,0.0036701417099613,PCA_RIDGE_VAR,PCA
2022-10-31,2023-02-07,66,PC2,-0.007108020567613207,-0.0008507151102255866,-0.007958735677838794,-0.01643048081137355,0.008471745133534755,PCA_RIDGE_VAR,PCA
2022-10-31,2023-02-07,66,PC3,-0.0015489091901449946,0.001277405572751616,-0.0002715036173933786,0.0021941806520480167,-0.0024656842694413955,PCA_RIDGE_VAR,PCA
2022-10-31,2023-05-11,132,beta0,0.03907679256550907,0.005350599535510141,0.04442739210101921,0.030544334499473757,0.013883057601545453,NS_RIDGE,NS
2022-10-31,2023-05-11,132,beta1,0.0008685233464000991,-0.0047579765814334,-0.003889453235033301,0.026980468392555624,-0.030869921627588927,NS_RIDGE,NS
2022-10-31,2023-05-11,132,beta2,0.023255217839304967,-0.02156560441937496,0.001689613419930007,-0.0005317451579625704,0.002221358577892577,NS_RIDGE,NS
2022-10-31,2023-05-11,132,beta0,0.03907679256550907,-0.00039234497184616554,0.0386844475936629,0.030544334499473757,0.008140113094189144,NS_ELASTICNET,NS
2022-10-31,2023-05-11,132,beta1,0.0008685233464000991,0.00024265928438578843,0.0011111826307858876,0.026980468392555624,-0.025869285761769736,NS_ELASTICNET,NS
2022-10-31,2023-05-11,132,beta2,0.023255217839304967,0.001291723948344991,0.02454694178764996,-0.0005317451579625704,0.02507868694561253,NS_ELASTICNET,NS
2022-10-31,2023-05-11,132,PC1,0.07309197102885047,-0.012105842355435305,0.060986128673415164,0.06705220273099141,-0.006066074057576247,PCA_RIDGE,PCA
2022-10-31,2023-05-11,132,PC2,-0.007108020567613207,0.0033835643067574956,-0.0037244562608557113,-0.023507304138690698,0.019782847877834984,PCA_RIDGE,PCA
2022-10-31,2023-05-11,132,PC3,-0.0015489091901449946,0.0020950859073802603,0.0005461767172352658,0.010161052066632502,-0.009614875349397235,PCA_RIDGE,PCA
2022-10-31,2023-05-11,132,PC1,0.07309197102885047,0.003721019956226465,0.07681299098507693,0.06705220273099141,0.009760788254085523,PCA_RIDGE_VAR,PCA
2022-10-31,2023-05-11,132,PC2,-0.007108020567613207,-0.0010798835603766386,-0.008187904127989845,-0.023507304138690698,0.015319400010700852,PCA_RIDGE_VAR,PCA
2022-10-31,2023-05-11,132,PC3,-0.0015489091901449946,0.002059457857562128,0.0005105486674171333,0.010161052066632502,-0.009650503399215369,PCA_RIDGE_VAR,PCA
2022-10-31,2023-11-02,252,beta0,0.03907679256550907,0.008873874809492296,0.047950667375001366,0.04476328883714012,0.0031873785378612463,NS_RIDGE,NS
2022-10-31,2023-11-02,252,beta1,0.0008685233464000991,-0.008153820631051823,-0.007285297284651724,0.012595711321274078,-0.0198810086059258,NS_RIDGE,NS
2022-10-31,2023-11-02,252,beta2,0.023255217839304967,-0.028722182367411,-0.005466964528106032,0.0034987531595066746,-0.008965717687612708,NS_RIDGE,NS
2022-10-31,2023-11-02,252,beta0,0.03907679256550907,-0.000988977501346908,0.03808781506416216,0.04476328883714012,-0.006675473772977961,NS_ELASTICNET,NS
2022-10-31,2023-11-02,252,beta1,0.0008685233464000991,-4.790134681666311e-05,0.000820621999583436,0.012595711321274078,-0.011775089321690642,NS_ELASTICNET,NS
2022-10-31,2023-11-02,252,beta2,0.023255217839304967,0.001219996653634678,0.024475214492939646,0.0034987531595066746,0.02097646133343297,NS_ELASTICNET,NS
2022-10-31,2023-11-02,252,PC1,0.07309197102885047,-0.019046945072161703,0.054045025956688766,0.09200949236788347,-0.037964466411194706,PCA_RIDGE,PCA
2022-10-31,2023-11-02,252,PC2,-0.007108020567613207,0.011654493520507372,0.004546472952894165,-0.00961024487274327,0.014156717825637436,PCA_RIDGE,PCA
2022-10-31,2023-11-02,252,PC3,-0.0015489091901449946,0.0011556258486002233,-0.00039328334154477133,0.005503606945146018,-0.005896890286690789,PCA_RIDGE,PCA
2022-10-31,2023-11-02,252,PC1,0.07309197102885047,0.0020183396984988222,0.07511031072734929,0.09200949236788347,-0.01689918164053418,PCA_RIDGE_VAR,PCA
2022-10-31,2023-11-02,252,PC2,-0.007108020567613207,-0.0007322050025106658,-0.007840225570123873,-0.00961024487274327,0.0017700193026193977,PCA_RIDGE_VAR,PCA
2022-10-31,2023-11-02,252,PC3,-0.0015489091901449946,0.0027828094695258243,0.0012339002793808297,0.005503606945146018,-0.0042697066657651885,PCA_RIDGE_VAR,PCA
2022-11-30,2022-12-07,5,beta0,0.033208782472317296,-0.0002952821048045922,0.032913500367512706,0.030198320218424633,0.002715180149088073,NS_RIDGE,NS
2022-11-30,2022-12-07,5,beta1,0.008893961155166462,0.0004770694971250576,0.00937103065229152,0.011291621725162154,-0.0019205910728706341,NS_RIDGE,NS
2022-11-30,2022-12-07,5,beta2,0.029077771974682348,8.415562575377787e-05,0.029161927600436125,0.033040371021053914,-0.0038784434206177894,NS_RIDGE,NS
2022-11-30,2022-12-07,5,beta0,0.033208782472317296,-1.1298894217670127e-05,0.033197483578099624,0.030198320218424633,0.0029991633596749903,NS_ELASTICNET,NS
2022-11-30,2022-12-07,5,beta1,0.008893961155166462,3.61070970993416e-05,0.008930068252265803,0.011291621725162154,-0.002361553472896351,NS_ELASTICNET,NS
2022-11-30,2022-12-07,5,beta2,0.029077771974682348,7.023560818769767e-05,0.029148007582870044,0.033040371021053914,-0.0038923634381838705,NS_ELASTICNET,NS
2022-11-30,2022-12-07,5,PC1,0.06900204389241824,0.00014229039162989038,0.06914433428404812,0.06557958969009207,0.0035647445939560457,PCA_RIDGE,PCA
2022-11-30,2022-12-07,5,PC2,-0.014124677153737896,-0.0003670800058933123,-0.014491757159631209,-0.017004596905777325,0.0025128397461461165,PCA_RIDGE,PCA
2022-11-30,2022-12-07,5,PC3,0.00047310144840818664,0.0001284955858074738,0.0006015970342156604,0.0005840663310403213,1.7530703175339113e-05,PCA_RIDGE,PCA
2022-11-30,2022-12-07,5,PC1,0.06900204389241824,2.26342415762526e-05,0.06902467813399449,0.06557958969009207,0.0034450884439024138,PCA_RIDGE_VAR,PCA
2022-11-30,2022-12-07,5,PC2,-0.014124677153737896,6.797979513790096e-05,-0.014056697358599995,-0.017004596905777325,0.00294789954717733,PCA_RIDGE_VAR,PCA
2022-11-30,2022-12-07,5,PC3,0.00047310144840818664,1.9945380504723703e-05,0.0004930468289129103,0.0005840663310403213,-9.101950212741096e-05,PCA_RIDGE_VAR,PCA
2022-11-30,2022-12-14,10,beta0,0.033208782472317296,-0.0006100930656682588,0.032598689406649034,0.03121748174071754,0.0013812076659314929,NS_RIDGE,NS
2022-11-30,2022-12-14,10,beta1,0.008893961155166462,0.000973574759750835,0.009867535914917297,0.011204377143342891,-0.0013368412284255945,NS_RIDGE,NS
2022-11-30,2022-12-14,10,beta2,0.029077771974682348,0.00034606535329157547,0.029423837327973924,0.02803663921626965,0.0013871981117042735,NS_RIDGE,NS
2022-11-30,2022-12-14,10,beta0,0.033208782472317296,-2.03845687925246e-05,0.03318839790352477,0.03121748174071754,0.001970916162807229,NS_ELASTICNET,NS
2022-11-30,2022-12-14,10,beta1,0.008893961155166462,6.807295882889993e-05,0.008962034113995362,0.011204377143342891,-0.0022423430293475287,NS_ELASTICNET,NS
2022-11-30,2022-12-14,10,beta2,0.029077771974682348,0.00013918825879514614,0.029216960233477494,0.02803663921626965,0.0011803210172078443,NS_ELASTICNET,NS
2022-11-30,2022-12-14,10,PC1,0.06900204389241824,-0.0006165275106791823,0.06838551638173905,0.06560153303175337,0.002783983349985683,PCA_RIDGE,PCA
2022-11-30,2022-12-14,10,PC2,-0.014124677153737896,-0.0002208821919379886,-0.014345559345675885,-0.016201130544721824,0.0018555711990459398,PCA_RIDGE,PCA
2022-11-30,2022-12-14,10,PC3,0.00047310144840818664,-6.046537879611487e-05,0.0004126360696120718,0.0012830629875650833,-0.0008704269179530114,PCA_RIDGE,PCA
2022-11-30,2022-12-14,10,PC1,0.06900204389241824,4.154318878703267e-05,0.06904358708120527,0.06560153303175337,0.003442054049451901,PCA_RIDGE_VAR,PCA
2022-11-30,2022-12-14,10,PC2,-0.014124677153737896,0.0001356421821676699,-0.013989034971570226,-0.016201130544721824,0.002212095573151598,PCA_RIDGE_VAR,PCA
2022-11-30,2022-12-14,10,PC3,0.00047310144840818664,3.9477864687949716e-05,0.0005125793130961364,0.0012830629875650833,-0.0007704836744689469,PCA_RIDGE_VAR,PCA
2022-11-30,2023-01-03,22,beta0,0.033208782472317296,0.00021972341846584345,0.03342850589078314,0.03518620080654067,-0.0017576949157575295,NS_RIDGE,NS
2022-11-30,2023-01-03,22,beta1,0.008893961155166462,0.00020227981631301377,0.009096240971479475,0.009480803070374366,-0.0003845620988948903,NS_RIDGE,NS
2022-11-30,2023-01-03,22,beta2,0.029077771974682348,-0.0015188030415300858,0.02755896893315226,0.021480857349055478,0.006078111584096782,NS_RIDGE,NS
2022-11-30,2023-01-03,22,beta0,0.033208782472317296,-3.351595669952313e-05,0.03317526651561777,0.03518620080654067,-0.002010934290922896,NS_ELASTICNET,NS
2022-11-30,2023-01-03,22,beta1,0.008893961155166462,0.00012851292368442233,0.009022474078850885,0.009480803070374366,-0.00045832899152348054,NS_ELASTICNET,NS
2022-11-30,2023-01-03,22,beta2,0.029077771974682348,0.00029778923210430547,0.02937556120678665,0.021480857349055478,0.007894703857731174,NS_ELASTICNET,NS
2022-11-30,2023-01-03,22,PC1,0.06900204389241824,-0.000837831415926872,0.06816421247649136,0.07110375576175591,-0.002939543285264551,PCA_RIDGE,PCA
2022-11-30,2023-01-03,22,PC2,-0.014124677153737896,0.00017073806562707442,-0.013953939088110821,-0.013154000585999241,-0.0007999385021115798,PCA_RIDGE,PCA
2022-11-30,2023-01-03,22,PC3,0.00047310144840818664,1.708395162405338e-05,0.00049018540003224,0.0014647061626775239,-0.0009745207626452838,PCA_RIDGE,PCA
2022-11-30,2023-01-03,22,PC1,0.06900204389241824,7.215179337723143e-05,0.06907419568579547,0.07110375576175591,-0.002029560075960446,PCA_RIDGE_VAR,PCA
2022-11-30,2023-01-03,22,PC2,-0.014124677153737896,0.00029671386007049105,-0.013827963293667405,-0.013154000585999241,-0.0006739627076681638,PCA_RIDGE_VAR,PCA
2022-11-30,2023-01-03,22,PC3,0.00047310144840818664,8.472286153132292e-05,0.0005578243099395096,0.0014647061626775239,-0.0009068818527380143,PCA_RIDGE_VAR,PCA
2022-11-30,2023-02-03,44,beta0,0.033208782472317296,0.0027361084492916587,0.035944890921608956,0.03164233174343685,0.0043025591781721065,NS_RIDGE,NS
2022-11-30,2023-02-03,44,beta1,0.008893961155166462,-0.0004981884985605779,0.008395772656605884,0.015233936449123735,-0.006838163792517851,NS_RIDGE,NS
2022-11-30,2023-02-03,44,beta2,0.029077771974682348,-0.0051872242466933964,0.023890547727988952,0.02307466590673902,0.0008158818212499336,NS_RIDGE,NS
2022-11-30,2023-02-03,44,beta0,0.033208782472317296,-6.560833695120942e-05,0.033143174135366084,0.03164233174343685,0.0015008423919292344,NS_ELASTICNET,NS
2022-11-30,2023-02-03,44,beta1,0.008893961155166462,0.00021342774217208418,0.009107388897338546,0.015233936449123735,-0.006126547551785188,NS_ELASTICNET,NS
2022-11-30,2023-02-03,44,beta2,0.029077771974682348,0.0005676145757614697,0.029645386550443818,0.02307466590673902,0.0065707206437048,NS_ELASTICNET,NS
2022-11-30,2023-02-03,44,PC1,0.06900204389241824,-0.00023434132788321396,0.06876770256453502,0.06883837568718702,-7.067312265200687e-05,PCA_RIDGE,PCA
2022-11-30,2023-02-03,44,PC2,-0.014124677153737896,0.0017650636010933258,-0.012359613552644571,-0.01791795459521233,0.00555834104256776,PCA_RIDGE,PCA
2022-11-30,2023-02-03,44,PC3,0.00047310144840818664,0.00028095795769855937,0.000754059406106746,0.0031687395677358343,-0.0024146801616290884,PCA_RIDGE,PCA
2022-11-30,2023-02-03,44,PC1,0.06900204389241824,7.675255489217325e-05,0.06907879644731041,0.06883837568718702,0.00024042076012338598,PCA_RIDGE_VAR,PCA
2022-11-30,2023-02-03,44,PC2,-0.014124677153737896,0.0005870511224589352,-0.01353762603127896,-0.01791795459521233,0.00438032856393337,PCA_RIDGE_VAR,PCA
2022-11-30,2023-02-03,44,PC3,0.00047310144840818664,0.00016200056229453454,0.0006351020107027212,0.0031687395677358343,-0.0025336375570331133,PCA_RIDGE_VAR,PCA
2022-11-30,2023-03-08,66,beta0,0.033208782472317296,0.0038210781964538166,0.03702986066877111,0.036528659282547324,0.0005012013862237888,NS_RIDGE,NS
2022-11-30,2023-03-08,66,beta1,0.008893961155166462,-0.0008313240752825922,0.00806263707988387,0.011567225900690103,-0.003504588820806233,NS_RIDGE,NS
2022-11-30,2023-03-08,66,beta2,0.029077771974682348,-0.006967803778789933,0.022109968195892414,0.034946805340666395,-0.012836837144773981,NS_RIDGE,NS
2022-11-30,2023-03-08,66,beta0,0.033208782472317296,-0.0001234839865219848,0.03308529848579531,0.036528659282547324,-0.003443360796752011,NS_ELASTICNET,NS
2022-11-30,2023-03-08,66,beta1,0.008893961155166462,0.0002944933707122741,0.009188454525878735,0.011567225900690103,-0.0023787713748113677,NS_ELASTICNET,NS
2022-11-30,2023-03-08,66,beta2,0.029077771974682348,0.0007982721781447939,0.02987604415282714,0.034946805340666395,-0.005070761187839255,NS_ELASTICNET,NS
2022-11-30,2023-03-08,66,PC1,0.06900204389241824,-0.0007323328714200893,0.06826971102099814,0.08463253834755073,-0.016362827326552587,PCA_RIDGE,PCA
2022-11-30,2023-03-08,66,PC2,-0.014124677153737896,0.0026314993082820455,-0.011493177845455851,-0.014509158537096438,0.0030159806916405865,PCA_RIDGE,PCA
2022-11-30,2023-03-08,66,PC3,0.00047310144840818664,0.0005449834230145882,0.001018084871422775,8.545641055814762e-05,0.0009326284608646273,PCA_RIDGE,PCA
2022-11-30,2023-03-08,66,PC1,0.06900204389241824,1.932907461583977e-05,0.06902137296703408,0.08463253834755073,-0.015611165380516656,PCA_RIDGE_VAR,PCA
2022-11-30,2023-03-08,66,PC2,-0.014124677153737896,0.0008707808236744722,-0.013253896330063424,-0.014509158537096438,0.001255262207033014,PCA_RIDGE_VAR,PCA
2022-11-30,2023-03-08,66,PC3,0.00047310144840818664,0.00023247970071243508,0.0007055811491206217,8.545641055814762e-05,0.0006201247385624741,PCA_RIDGE_VAR,PCA
2022-11-30,2023-06-09,132,beta0,0.033208782472317296,0.007759299075743901,0.0409680815480612,0.03391813435861132,0.00704994718944988,NS_RIDGE,NS
2022-11-30,2023-06-09,132,beta1,0.008893961155166462,-0.005254874463305309,0.003639086691861153,0.02131656376753338,-0.01767747707567223,NS_RIDGE,NS
2022-11-30,2023-06-09,132,beta2,0.029077771974682348,-0.014618669844630882,0.014459102130051466,0.01764680876585509,-0.0031877066358036252,NS_RIDGE,NS
2022-11-30,2023-06-09,132,beta0,0.033208782472317296,-0.00036239042893574595,0.03284639204338155,0.03391813435861132,-0.0010717423152297664,NS_ELASTICNET,NS
2022-11-30,2023-06-09,132,beta1,0.008893961155166462,0.000389283836024062,0.009283244991190523,0.02131656376753338,-0.012033318776342858,NS_ELASTICNET,NS
2022-11-30,2023-06-09,132,beta2,0.029077771974682348,0.001311454395327788,0.030389226370010135,0.01764680876585509,0.012742417604155044,NS_ELASTICNET,NS
2022-11-30,2023-06-09,132,PC1,0.06900204389241824,-0.008940626390880627,0.06006141750153761,0.07941356854070562,-0.019352151039168014,PCA_RIDGE,PCA
2022-11-30,2023-06-09,132,PC2,-0.014124677153737896,0.0057553068429126554,-0.008369370310825242,-0.019845020282479725,0.011475649971654484,PCA_RIDGE,PCA
2022-11-30,2023-06-09,132,PC3,0.00047310144840818664,0.0008578805624915836,0.0013309820108997703,0.005819925658054219,-0.0044889436471544485,PCA_RIDGE,PCA
2022-11-30,2023-06-09,132,PC1,0.06900204389241824,-0.0004763115064670004,0.06852573238595124,0.07941356854070562,-0.010887836154754388,PCA_RIDGE_VAR,PCA
2022-11-30,2023-06-09,132,PC2,-0.014124677153737896,0.0016810695371859315,-0.012443607616551965,-0.019845020282479725,0.00740141266592776,PCA_RIDGE_VAR,PCA
2022-11-30,2023-06-09,132,PC3,0.00047310144840818664,0.0004085741397433909,0.0008816755881515775,0.005819925658054219,-0.004938250069902641,PCA_RIDGE_VAR,PCA
2022-11-30,2023-12-01,252,beta0,0.033208782472317296,0.0037776275799317255,0.03698641005224902,0.04001181042387984,-0.003025400371630821,NS_RIDGE,NS
2022-11-30,2023-12-01,252,beta1,0.008893961155166462,-0.0070290996403332695,0.0018648615148331923,0.017900787281323445,-0.016035925766490253,NS_RIDGE,NS
2022-11-30,2023-12-01,252,beta2,0.029077771974682348,-0.02986921282071184,-0.0007914408460294939,-0.0015248910035809973,0.0007334501575515034,NS_RIDGE,NS
2022-11-30,2023-12-01,252,beta0,0.033208782472317296,-0.0009046943522732753,0.03230408812004402,0.04001181042387984,-0.007707722303835825,NS_ELASTICNET,NS
2022-11-30,2023-12-01,252,beta1,0.008893961155166462,5.3352740952008754e-05,0.008947313896118471,0.017900787281323445,-0.008953473385204974,NS_ELASTICNET,NS
2022-11-30,2023-12-01,252,beta2,0.029077771974682348,0.001477162293832506,0.030554934268514855,-0.0015248910035809973,0.03207982527209585,NS_ELASTICNET,NS
2022-11-30,2023-12-01,252,PC1,0.06900204389241824,-0.021234888637405053,0.04776715525501318,0.08197899523900858,-0.03421183998399539,PCA_RIDGE,PCA
2022-11-30,2023-12-01,252,PC2,-0.014124677153737896,0.009775516356106479,-0.004349160797631417,-0.01408800041885213,0.009738839621220713,PCA_RIDGE,PCA
2022-11-30,2023-12-01,252,PC3,0.00047310144840818664,0.0010186662395830083,0.001491767687991195,0.007651613220263354,-0.006159845532272159,PCA_RIDGE,PCA
2022-11-30,2023-12-01,252,PC1,0.06900204389241824,-0.0023306784217982934,0.06667136547061994,0.08197899523900858,-0.015307629768388634,PCA_RIDGE_VAR,PCA
2022-11-30,2023-12-01,252,PC2,-0.014124677153737896,0.002996819342244557,-0.01112785781149334,-0.01408800041885213,0.0029601426073587907,PCA_RIDGE_VAR,PCA
2022-11-30,2023-12-01,252,PC3,0.00047310144840818664,0.0006230718179523141,0.0010961732663605007,0.007651613220263354,-0.006555439953902854,PCA_RIDGE_VAR,PCA
2022-12-30,2023-01-09,5,beta0,0.03598303123632566,0.00044371483873902734,0.03642674607506469,0.03211765677174465,0.004309089303320038,NS_RIDGE,NS
2022-12-30,2023-01-09,5,beta1,0.007479609854565906,0.00023044197005491293,0.0077100518246208186,0.015738845047877988,-0.008028793223257169,NS_RIDGE,NS
2022-12-30,2023-01-09,5,beta2,0.022325458875131626,-0.0008798410783640566,0.02144561779676757,0.01775888640073396,0.0036867313960336073,NS_RIDGE,NS
2022-12-30,2023-01-09,5,beta0,0.03598303123632566,-8.99485331592118e-06,0.035974036383009736,0.03211765677174465,0.003856379611265087,NS_ELASTICNET,NS
2022-12-30,2023-01-09,5,beta1,0.007479609854565906,3.586311716000059e-05,0.007515472971725907,0.015738845047877988,-0.00822337207615208,NS_ELASTICNET,NS
2022-12-30,2023-01-09,5,beta2,0.022325458875131626,5.9400318174671384e-05,0.022384859193306298,0.01775888640073396,0.004625972792572337,NS_ELASTICNET,NS
2022-12-30,2023-01-09,5,PC1,0.0711458225936384,0.001144271412610897,0.07229009400624929,0.06763315694092834,0.004656937065320957,PCA_RIDGE,PCA
2022-12-30,2023-01-09,5,PC2,-0.011421608382796504,0.00010881871261501644,-0.011312789670181489,-0.017419736536742052,0.006106946866560563,PCA_RIDGE,PCA
2022-12-30,2023-01-09,5,PC3,0.0009362603595970668,0.0002822834004532868,0.0012185437600503537,0.0038539927568760138,-0.00263544899682566,PCA_RIDGE,PCA
2022-12-30,2023-01-09,5,PC1,0.0711458225936384,-5.8564605044053586e-05,0.07108725798859435,0.06763315694092834,0.003454101047666011,PCA_RIDGE_VAR,PCA
2022-12-30,2023-01-09,5,PC2,-0.011421608382796504,5.80200117612506e-05,-0.011363588371035254,-0.017419736536742052,0.006056148165706798,PCA_RIDGE_VAR,PCA
2022-12-30,2023-01-09,5,PC3,0.0009362603595970668,1.901594671198804e-05,0.0009552763063090549,0.0038539927568760138,-0.0028987164505669587,PCA_RIDGE_VAR,PCA
2022-12-30,2023-01-17,10,beta0,0.03598303123632566,0.0008116784856765193,0.036794709722002175,0.03189330055491595,0.004901409167086222,NS_RIDGE,NS
2022-12-30,2023-01-17,10,beta1,0.007479609854565906,0.0003311575685833678,0.007810767423149274,0.01635882271204413,-0.008548055288894857,NS_RIDGE,NS
2022-12-30,2023-01-17,10,beta2,0.022325458875131626,-0.0027966348801125498,0.019528823995019075,0.016402960730945305,0.0031258632640737694,NS_RIDGE,NS
2022-12-30,2023-01-17,10,beta0,0.03598303123632566,-1.984181603266784e-05,0.035963189420292994,0.03189330055491595,0.0040698888653770415,NS_ELASTICNET,NS
2022-12-30,2023-01-17,10,beta1,0.007479609854565906,7.147381830931197e-05,0.0075510836728752175,0.01635882271204413,-0.008807739039168913,NS_ELASTICNET,NS
2022-12-30,2023-01-17,10,beta2,0.022325458875131626,0.00012238485641097337,0.0224478437315426,0.016402960730945305,0.006044883000597294,NS_ELASTICNET,NS
2022-12-30,2023-01-17,10,PC1,0.0711458225936384,0.0013064545852290255,0.07245227717886743,0.06699066749536522,0.0054616096835022054,PCA_RIDGE,PCA
2022-12-30,2023-01-17,10,PC2,-0.011421608382796504,0.0003233414143244686,-0.011098266968472036,-0.017745612411131977,0.006647345442659941,PCA_RIDGE,PCA
2022-12-30,2023-01-17,10,PC3,0.0009362603595970668,0.0007051807788882601,0.001641441138485327,0.004390392757432058,-0.002748951618946731,PCA_RIDGE,PCA
2022-12-30,2023-01-17,10,PC1,0.0711458225936384,-0.00012058980753118509,0.07102523278610721,0.06699066749536522,0.00403456529074199,PCA_RIDGE_VAR,PCA
2022-12-30,2023-01-17,10,PC2,-0.011421608382796504,0.00011597982279052711,-0.011305628560005977,-0.017745612411131977,0.006439983851125999,PCA_RIDGE_VAR,PCA
2022-12-30,2023-01-17,10,PC3,0.0009362603595970668,3.749100007789164e-05,0.0009737513596749585,0.004390392757432058,-0.0034166413977570996,PCA_RIDGE_VAR,PCA
2022-12-30,2023-02-02,22,beta0,0.03598303123632566,0.0009377469158168466,0.03692077815214251,0.030350793015373762,0.006569985136768746,NS_RIDGE,NS
2022-12-30,2023-02-02,22,beta1,0.007479609854565906,0.0011375894556629577,0.008617199310228864,0.017358102145404123,-0.008740902835175259,NS_RIDGE,NS
2022-12-30,2023-02-02,22,beta2,0.022325458875131626,-0.004744437134121659,0.017581021741009967,0.017882029178361847,-0.0003010074373518794,NS_RIDGE,NS
2022-12-30,2023-02-02,22,beta0,0.03598303123632566,-5.0529684128341275e-05,0.03593250155219732,0.030350793015373762,0.005581708536823559,NS_ELASTICNET,NS
2022-12-30,2023-02-02,22,beta1,0.007479609854565906,0.00015479739244589918,0.007634407247011805,0.017358102145404123,-0.009723694898392317,NS_ELASTICNET,NS
2022-12-30,2023-02-02,22,beta2,0.022325458875131626,0.0002926221253788414,0.02261808100051047,0.017882029178361847,0.0047360518221486216,NS_ELASTICNET,NS
2022-12-30,2023-02-02,22,PC1,0.0711458225936384,-0.0009713833445971216,0.07017443924904128,0.0646675137932664,0.005506925455774872,PCA_RIDGE,PCA
2022-12-30,2023-02-02,22,PC2,-0.011421608382796504,-0.00020825534175364897,-0.011629863724550153,-0.019070837817460898,0.007440974092910745,PCA_RIDGE,PCA
2022-12-30,2023-02-02,22,PC3,0.0009362603595970668,0.000878613998722374,0.0018148743583194407,0.004498610856091524,-0.0026837364977720835,PCA_RIDGE,PCA
2022-12-30,2023-02-02,22,PC1,0.0711458225936384,-0.0002830369028814367,0.07086278569075696,0.0646675137932664,0.006195271897490556,PCA_RIDGE_VAR,PCA
2022-12-30,2023-02-02,22,PC2,-0.011421608382796504,0.00025475338949036697,-0.011166854993306137,-0.019070837817460898,0.00790398282415476,PCA_RIDGE_VAR,PCA
2022-12-30,2023-02-02,22,PC3,0.0009362603595970668,7.971282368684064e-05,0.0010159731832839075,0.004498610856091524,-0.0034826376728076167,PCA_RIDGE_VAR,PCA
2022-12-30,2023-03-07,44,beta0,0.03598303123632566,0.0022408202483335422,0.038223851484659205,0.03645870448298111,0.0017651470016780968,NS_RIDGE,NS
2022-12-30,2023-03-07,44,beta1,0.007479609854565906,0.00017197422125424196,0.007651584075820147,0.011764738822278145,-0.004113154746457998,NS_RIDGE,NS
2022-12-30,2023-03-07,44,beta2,0.022325458875131626,-0.006187710180212825,0.016137748694918803,0.03335856535912405,-0.017220816664205246,NS_RIDGE,NS
2022-12-30,2023-03-07,44,beta0,0.03598303123632566,-8.923107121166559e-05,0.035893800165113995,0.03645870448298111,-0.0005649043178671126,NS_ELASTICNET,NS
2022-12-30,2023-03-07,44,beta1,0.007479609854565906,0.00027794878920219397,0.0077575586437681,0.011764738822278145,-0.004007180178510045,NS_ELASTICNET,NS
2022-12-30,2023-03-07,44,beta2,0.022325458875131626,0.0005610693976466617,0.02288652827277829,0.03335856535912405,-0.01047203708634576,NS_ELASTICNET,NS
2022-12-30,2023-03-07,44,PC1,0.0711458225936384,-0.0014621225588762209,0.06968370003476218,0.08354000813623014,-0.013856308101467957,PCA_RIDGE,PCA
2022-12-30,2023-03-07,44,PC2,-0.011421608382796504,0.0005142466817492006,-0.010907361701047304,-0.014212380533514785,0.00330501883246748,PCA_RIDGE,PCA
2022-12-30,2023-03-07,44,PC3,0.0009362603595970668,0.0007129071003638495,0.0016491674599609164,0.00038062261803701106,0.0012685448419239053,PCA_RIDGE,PCA
2022-12-30,2023-03-07,44,PC1,0.0711458225936384,-0.0006274068313930764,0.07051841576224532,0.08354000813623014,-0.013021592373984814,PCA_RIDGE_VAR,PCA
2022-12-30,2023-03-07,44,PC2,-0.011421608382796504,0.0005074679557111363,-0.010914140427085368,-0.014212380533514785,0.0032982401064294165,PCA_RIDGE_VAR,PCA
2022-12-30,2023-03-07,44,PC3,0.0009362603595970668,0.00014988778288169342,0.0010861481424787602,0.00038062261803701106,0.0007055255244417492,PCA_RIDGE_VAR,PCA
2022-12-30,2023-04-06,66,beta0,0.03598303123632566,0.005131890332066104,0.04111492156839176,0.03023187138444853,0.010883050183943234,NS_RIDGE,NS
2022-12-30,2023-04-06,66,beta1,0.007479609854565906,-0.0013536868496627787,0.006125923004903127,0.023194166503717428,-0.0170682434988143,NS_RIDGE,NS
2022-12-30,2023-04-06,66,beta2,0.022325458875131626,-0.008153516127909669,0.014171942747221958,0.003317091487331381,0.010854851259890577,NS_RIDGE,NS
2022-12-30,2023-04-06,66,beta0,0.03598303123632566,-0.00011841882886081991,0.03586461240746484,0.03023187138444853,0.005632741023016308,NS_ELASTICNET,NS
2022-12-30,2023-04-06,66,beta1,0.007479609854565906,0.00035724087988783505,0.00783685073445374,0.023194166503717428,-0.015357315769263687,NS_ELASTICNET,NS
2022-12-30,2023-04-06,66,beta2,0.022325458875131626,0.0007995753959133377,0.023125034271044963,0.003317091487331381,0.019807942783713582,NS_ELASTICNET,NS
2022-12-30,2023-04-06,66,PC1,0.0711458225936384,-0.0007572211421053658,0.07038860145153303,0.06333517025801336,0.007053431193519671,PCA_RIDGE,PCA
2022-12-30,2023-04-06,66,PC2,-0.011421608382796504,0.002008355593881621,-0.009413252788914883,-0.02147286659282155,0.012059613803906665,PCA_RIDGE,PCA
2022-12-30,2023-04-06,66,PC3,0.0009362603595970668,0.0009738124323852141,0.001910072791982281,0.007969514322923397,-0.006059441530941116,PCA_RIDGE,PCA
2022-12-30,2023-04-06,66,PC1,0.0711458225936384,-0.0010264081414017856,0.07011941445223661,0.06333517025801336,0.006784244194223257,PCA_RIDGE_VAR,PCA
2022-12-30,2023-04-06,66,PC2,-0.011421608382796504,0.0007571871175154656,-0.010664421265281039,-0.02147286659282155,0.01080844532754051,PCA_RIDGE_VAR,PCA
2022-12-30,2023-04-06,66,PC3,0.0009362603595970668,0.00021160502237698678,0.0011478653819740536,0.007969514322923397,-0.006821648940949343,PCA_RIDGE_VAR,PCA
2022-12-30,2023-07-12,132,beta0,0.03598303123632566,0.006215747173603159,0.04219877840992882,0.03493333638795516,0.007265442021973656,NS_RIDGE,NS
2022-12-30,2023-07-12,132,beta1,0.007479609854565906,-0.003510725398335786,0.00396888445623012,0.021092816634305525,-0.017123932178075403,NS_RIDGE,NS
2022-12-30,2023-07-12,132,beta2,0.022325458875131626,-0.01657881359483084,0.005746645280300788,0.019857105849706593,-0.014110460569405806,NS_RIDGE,NS
2022-12-30,2023-07-12,132,beta0,0.03598303123632566,-0.0003509038423788313,0.035632127393946826,0.03493333638795516,0.0006987910059916627,NS_ELASTICNET,NS
2022-12-30,2023-07-12,132,beta1,0.007479609854565906,0.0005471490997272044,0.00802675895429311,0.021092816634305525,-0.013066057680012415,NS_ELASTICNET,NS
2022-12-30,2023-07-12,132,beta2,0.022325458875131626,0.001327574630739192,0.023653033505870818,0.019857105849706593,0.0037959276561642247,NS_ELASTICNET,NS
2022-12-30,2023-07-12,132,PC1,0.0711458225936384,-0.009810956226872707,0.06133486636676569,0.08292882447846803,-0.021593958111702338,PCA_RIDGE,PCA
2022-12-30,2023-07-12,132,PC2,-0.011421608382796504,0.003985030327940098,-0.007436578054856406,-0.01903117514154854,0.011594597086692134,PCA_RIDGE,PCA
2022-12-30,2023-07-12,132,PC3,0.0009362603595970668,0.0013513399764573867,0.0022876003360544537,0.005581176626512266,-0.003293576290457812,PCA_RIDGE,PCA
2022-12-30,2023-07-12,132,PC1,0.0711458225936384,-0.0024943800462849525,0.06865144254735345,0.08292882447846803,-0.01427738193111458,PCA_RIDGE_VAR,PCA
2022-12-30,2023-07-12,132,PC2,-0.011421608382796504,0.0014815024044130924,-0.009940105978383412,-0.01903117514154854,0.00909106916316513,PCA_RIDGE_VAR,PCA
2022-12-30,2023-07-12,132,PC3,0.0009362603595970668,0.00035477879009926394,0.0012910391496963308,0.005581176626512266,-0.004290137476815935,PCA_RIDGE_VAR,PCA
2022-12-30,2024-01-03,252,beta0,0.03598303123632566,0.005164229508915265,0.04114726074524092,0.037299685374063404,0.003847575371177518,NS_RIDGE,NS
2022-12-30,2024-01-03,252,beta1,0.007479609854565906,-0.01127103876796921,-0.003791428913403304,0.02210104605032731,-0.025892474963730615,NS_RIDGE,NS
2022-12-30,2024-01-03,252,beta2,0.022325458875131626,-0.02460859455467271,-0.0022831356795410852,-0.006301487764753711,0.004018352085212625,NS_RIDGE,NS
2022-12-30,2024-01-03,252,beta0,0.03598303123632566,-0.000824936910274224,0.03515809432605144,0.037299685374063404,-0.0021415910480119676,NS_ELASTICNET,NS
2022-12-30,2024-01-03,252,beta1,0.007479609854565906,0.0001837814901807361,0.007663391344746642,0.02210104605032731,-0.014437654705580668,NS_ELASTICNET,NS
2022-12-30,2024-01-03,252,beta2,0.022325458875131626,0.001684462202275055,0.024009921077406682,-0.006301487764753711,0.03031140884216039,NS_ELASTICNET,NS
2022-12-30,2024-01-03,252,PC1,0.0711458225936384,-0.027118346312208844,0.044027476281429556,0.07654083322095817,-0.032513356939528615,PCA_RIDGE,PCA
2022-12-30,2024-01-03,252,PC2,-0.011421608382796504,0.010568140171331265,-0.000853468211465239,-0.017134015893905036,0.0162805476824398,PCA_RIDGE,PCA
2022-12-30,2024-01-03,252,PC3,0.0009362603595970668,-0.0012250249900913504,-0.0002887646304942836,0.008929729709693385,-0.009218494340187669,PCA_RIDGE,PCA
2022-12-30,2024-01-03,252,PC1,0.0711458225936384,-0.005888098617578358,0.06525772397606004,0.07654083322095817,-0.011283109244898129,PCA_RIDGE_VAR,PCA
2022-12-30,2024-01-03,252,PC2,-0.011421608382796504,0.0026762051768676118,-0.008745403205928893,-0.017134015893905036,0.008388612687976143,PCA_RIDGE_VAR,PCA
2022-12-30,2024-01-03,252,PC3,0.0009362603595970668,0.0004992245997982966,0.0014354849593953634,0.008929729709693385,-0.007494244750298021,PCA_RIDGE_VAR,PCA
2023-01-31,2023-02-07,5,beta0,0.03192243968137463,-3.684644517918127e-05,0.03188559323619545,0.03320856915220944,-0.001322975916013991,NS_RIDGE,NS
2023-01-31,2023-02-07,5,beta1,0.015776731129017858,-5.9349223034821254e-05,0.015717381905983038,0.013138632719850614,0.0025787491861324237,NS_RIDGE,NS
2023-01-31,2023-02-07,5,beta2,0.018060913705519013,-0.0009048162424764602,0.01715609746304255,0.02556717890616729,-0.008411081443124739,NS_RIDGE,NS
2023-01-31,2023-02-07,5,beta0,0.03192243968137463,-1.3176173366823891e-05,0.0319092635080078,0.03320856915220944,-0.001299305644201637,NS_ELASTICNET,NS
2023-01-31,2023-02-07,5,beta1,0.015776731129017858,4.4428428467717234e-05,0.015821159557485576,0.013138632719850614,0.0026825268376349624,NS_ELASTICNET,NS
2023-01-31,2023-02-07,5,beta2,0.018060913705519013,5.579459279698844e-05,0.018116708298316003,0.02556717890616729,-0.007450470607851287,NS_ELASTICNET,NS
2023-01-31,2023-02-07,5,PC1,0.06706210732183518,-0.0007263523847591517,0.06633575493707602,0.07160006537712543,-0.005264310440049408,PCA_RIDGE,PCA
2023-01-31,2023-02-07,5,PC2,-0.01724907535089569,0.00010602080907005113,-0.017143054541825638,-0.015613204171068679,-0.0015298503707569591,PCA_RIDGE,PCA
2023-01-31,2023-02-07,5,PC3,0.0037343704042299133,0.0001016336195496888,0.003836004023779602,0.002061811616864799,0.001774192406914803,PCA_RIDGE,PCA
2023-01-31,2023-02-07,5,PC1,0.06706210732183518,-0.0005012170393165621,0.06656089028251862,0.07160006537712543,-0.005039175094606815,PCA_RIDGE_VAR,PCA
2023-01-31,2023-02-07,5,PC2,-0.01724907535089569,0.0002260991024793449,-0.017022976248416345,-0.015613204171068679,-0.0014097720773476666,PCA_RIDGE_VAR,PCA
2023-01-31,2023-02-07,5,PC3,0.0037343704042299133,-9.22731121778468e-05,0.0036420972920520665,0.002061811616864799,0.0015802856751872675,PCA_RIDGE_VAR,PCA
2023-01-31,2023-02-14,10,beta0,0.03192243968137463,-0.00014172388666588122,0.031780715794708744,0.03435407338796227,-0.002573357593253528,NS_RIDGE,NS
2023-01-31,2023-02-14,10,beta1,0.015776731129017858,-0.00017703134046132322,0.015599699788556534,0.012260105665087964,0.00333959412346857,NS_RIDGE,NS
2023-01-31,2023-02-14,10,beta2,0.018060913705519013,-0.001509382679372282,0.016551531026146732,0.027953932444520633,-0.011402401418373901,NS_RIDGE,NS
2023-01-31,2023-02-14,10,beta0,0.03192243968137463,-2.631764805052222e-05,0.031896122033324106,0.03435407338796227,-0.002457951354638166,NS_ELASTICNET,NS
2023-01-31,2023-02-14,10,beta1,0.015776731129017858,8.797808354047352e-05,0.01586470921255833,0.012260105665087964,0.0036046035474703655,NS_ELASTICNET,NS
2023-01-31,2023-02-14,10,beta2,0.018060913705519013,0.00011186229611388024,0.018172776001632893,0.027953932444520633,-0.00978115644288774,NS_ELASTICNET,NS
2023-01-31,2023-02-14,10,PC1,0.06706210732183518,-0.0013997807071271223,0.06566232661470806,0.0750643135670877,-0.009401986952379648,PCA_RIDGE,PCA
2023-01-31,2023-02-14,10,PC2,-0.01724907535089569,0.00022616157493677202,-0.01702291377595892,-0.01478179089425679,-0.0022411228817021296,PCA_RIDGE,PCA
2023-01-31,2023-02-14,10,PC3,0.0037343704042299133,5.767139782162206e-05,0.0037920418020515353,0.0012966677324690382,0.002495374069582497,PCA_RIDGE,PCA
2023-01-31,2023-02-14,10,PC1,0.06706210732183518,-0.0009885472280713875,0.06607356009376379,0.0750643135670877,-0.008990753473323912,PCA_RIDGE_VAR,PCA
2023-01-31,2023-02-14,10,PC2,-0.01724907535089569,0.00044625134011593015,-0.01680282401077976,-0.01478179089425679,-0.0020210331165229703,PCA_RIDGE_VAR,PCA
2023-01-31,2023-02-14,10,PC3,0.0037343704042299133,-0.00018112371967445766,0.0035532466845554556,0.0012966677324690382,0.0022565789520864175,PCA_RIDGE_VAR,PCA
2023-01-31,2023-03-03,22,beta0,0.03192243968137463,-0.00019140036685826766,0.03173103931451636,0.03697839837031122,-0.005247359055794862,NS_RIDGE,NS
2023-01-31,2023-03-03,22,beta1,0.015776731129017858,-0.00027669033562256106,0.015500040793395297,0.010424776127278355,0.005075264666116942,NS_RIDGE,NS
2023-01-31,2023-03-03,22,beta2,0.018060913705519013,-0.004097638477366663,0.013963275228152348,0.028373576232732938,-0.01441030100458059,NS_RIDGE,NS
2023-01-31,2023-03-03,22,beta0,0.03192243968137463,-5.2638317940855684e-05,0.03186980136343377,0.03697839837031122,-0.0051085970068774494,NS_ELASTICNET,NS
2023-01-31,2023-03-03,22,beta1,0.015776731129017858,0.00017836734265153816,0.015955098471669395,0.010424776127278355,0.005530322344391041,NS_ELASTICNET,NS
2023-01-31,2023-03-03,22,beta2,0.018060913705519013,0.0002529456234400913,0.018313859328959105,0.028373576232732938,-0.010059716903773833,NS_ELASTICNET,NS
2023-01-31,2023-03-03,22,PC1,0.06706210732183518,-0.003260012029472404,0.06380209529236278,0.08046419991294568,-0.0166621046205829,PCA_RIDGE,PCA
2023-01-31,2023-03-03,22,PC2,-0.01724907535089569,0.00043925089109655513,-0.016809824459799134,-0.01265959018677057,-0.004150234273028564,PCA_RIDGE,PCA
2023-01-31,2023-03-03,22,PC3,0.0037343704042299133,0.0002356127259133129,0.003969983130143226,0.000353018247286431,0.003616964882856795,PCA_RIDGE,PCA
2023-01-31,2023-03-03,22,PC1,0.06706210732183518,-0.0021045933305885445,0.06495751399124663,0.08046419991294568,-0.015506685921699043,PCA_RIDGE_VAR,PCA
2023-01-31,2023-03-03,22,PC2,-0.01724907535089569,0.0009514978616699324,-0.016297577489225758,-0.01265959018677057,-0.003637987302455188,PCA_RIDGE_VAR,PCA
2023-01-31,2023-03-03,22,PC3,0.0037343704042299133,-0.0003811397028147855,0.003353230701415128,0.000353018247286431,0.003000212454128697,PCA_RIDGE_VAR,PCA
2023-01-31,2023-04-04,44,beta0,0.03192243968137463,0.0009655628370343005,0.032888002518408926,0.03083878174406358,0.0020492207743453457,NS_RIDGE,NS
2023-01-31,2023-04-04,44,beta1,0.015776731129017858,-0.002512368883613932,0.013264362245403925,0.021698907599232303,-0.008434545353828378,NS_RIDGE,NS
2023-01-31,2023-04-04,44,beta2,0.018060913705519013,-0.0076023511516887625,0.01045856255383025,0.0029232032841827547,0.0075353592696474955,NS_RIDGE,NS
2023-01-31,2023-04-04,44,beta0,0.03192243968137463,-0.0001102381810437716,0.03181220150033086,0.03083878174406358,0.0009734197562672776,NS_ELASTICNET,NS
2023-01-31,2023-04-04,44,beta1,0.015776731129017858,0.0003295341859103013,0.016106265314928158,0.021698907599232303,-0.0055926422843041446,NS_ELASTICNET,NS
2023-01-31,2023-04-04,44,beta2,0.018060913705519013,0.0005224331052111821,0.018583346810730195,0.0029232032841827547,0.01566014352654744,NS_ELASTICNET,NS
2023-01-31,2023-04-04,44,PC1,0.06706210732183518,-0.006106905375602043,0.060955201946233134,0.06282789945025768,-0.0018726975040245508,PCA_RIDGE,PCA
2023-01-31,2023-04-04,44,PC2,-0.01724907535089569,0.0019295301974366365,-0.015319545153459053,-0.02012030573975543,0.0048007605862963754,PCA_RIDGE,PCA
2023-01-31,2023-04-04,44,PC3,0.0037343704042299133,0.00023596315883437618,0.003970333563064289,0.007432920818579394,-0.003462587255515105,PCA_RIDGE,PCA
2023-01-31,2023-04-04,44,PC1,0.06706210732183518,-0.003972981396101874,0.0630891259257333,0.06282789945025768,0.0002612264754756205,PCA_RIDGE_VAR,PCA
2023-01-31,2023-04-04,44,PC2,-0.01724907535089569,0.0017999065689720383,-0.015449168781923652,-0.02012030573975543,0.004671136957831777,PCA_RIDGE_VAR,PCA
2023-01-31,2023-04-04,44,PC3,0.0037343704042299133,-0.0007037775346936154,0.003030592869536298,0.007432920818579394,-0.004402327949043097,PCA_RIDGE_VAR,PCA
2023-01-31,2023-05-04,66,beta0,0.03192243968137463,0.0014696336499919575,0.03339207333136658,0.030820309832838788,0.002571763498527793,NS_RIDGE,NS
2023-01-31,2023-05-04,66,beta1,0.015776731129017858,-0.0032918713414109447,0.012484859787606913,0.028157963987829146,-0.015673104200222235,NS_RIDGE,NS
2023-01-31,2023-05-04,66,beta2,0.018060913705519013,-0.006517710698387882,0.011543203007131131,-0.007989923842118158,0.019533126849249287,NS_RIDGE,NS
2023-01-31,2023-05-04,66,beta0,0.03192243968137463,-0.00014376447445214503,0.031778675206922485,0.030820309832838788,0.0009583653740836973,NS_ELASTICNET,NS
2023-01-31,2023-05-04,66,beta1,0.015776731129017858,0.00044612154640499065,0.01622285267542285,0.028157963987829146,-0.011935111312406297,NS_ELASTICNET,NS
2023-01-31,2023-05-04,66,beta2,0.018060913705519013,0.0007528909220180478,0.01881380462753706,-0.007989923842118158,0.026803728469655216,NS_ELASTICNET,NS
2023-01-31,2023-05-04,66,PC1,0.06706210732183518,-0.006461729958082682,0.0606003773637525,0.06446555577917698,-0.0038651784154244834,PCA_RIDGE,PCA
2023-01-31,2023-05-04,66,PC2,-0.01724907535089569,0.003789439938286636,-0.013459635412609054,-0.02291154648211447,0.009451911069505417,PCA_RIDGE,PCA
2023-01-31,2023-05-04,66,PC3,0.0037343704042299133,1.2413432661422604e-05,0.003746783836891336,0.011197675620598493,-0.007450891783707158,PCA_RIDGE,PCA
2023-01-31,2023-05-04,66,PC1,0.06706210732183518,-0.005642326280270379,0.0614197810415648,0.06446555577917698,-0.0030457747376121808,PCA_RIDGE_VAR,PCA
2023-01-31,2023-05-04,66,PC2,-0.01724907535089569,0.002559059699106159,-0.014690015651789531,-0.02291154648211447,0.00822153083032494,PCA_RIDGE_VAR,PCA
2023-01-31,2023-05-04,66,PC3,0.0037343704042299133,-0.0009767865898744487,0.0027575838143554647,0.011197675620598493,-0.00844009180624303,PCA_RIDGE_VAR,PCA
2023-01-31,2023-08-09,132,beta0,0.03192243968137463,0.003021252011215971,0.034943691692590595,0.03644106317255707,-0.0014973714799664736,NS_RIDGE,NS
2023-01-31,2023-08-09,132,beta1,0.015776731129017858,-0.010247246031946081,0.005529485097071777,0.020643375069140733,-0.015113889972068957,NS_RIDGE,NS
2023-01-31,2023-08-09,132,beta2,0.018060913705519013,-0.015466700248762653,0.00259421345675636,0.01600458582501269,-0.013410372368256328,NS_RIDGE,NS
2023-01-31,2023-08-09,132,beta0,0.03192243968137463,-0.00033656005948226456,0.03158587962189236,0.03644106317255707,-0.004855183550664707,NS_ELASTICNET,NS
2023-01-31,2023-08-09,132,beta1,0.015776731129017858,0.0006713445260860159,0.016448075655103873,0.020643375069140733,-0.00419529941403686,NS_ELASTICNET,NS
2023-01-31,2023-08-09,132,beta2,0.018060913705519013,0.0012956405661786656,0.01935655427169768,0.01600458582501269,0.0033519684466849914,NS_ELASTICNET,NS
2023-01-31,2023-08-09,132,PC1,0.06706210732183518,-0.023782506904584135,0.04327960041725104,0.08427806718243716,-0.04099846676518612,PCA_RIDGE,PCA
2023-01-31,2023-08-09,132,PC2,-0.01724907535089569,0.009466335775289955,-0.007782739575605735,-0.017528009601933917,0.009745270026328181,PCA_RIDGE,PCA
2023-01-31,2023-08-09,132,PC3,0.0037343704042299133,-0.0010707677032971608,0.0026636027009327525,0.005916788796261268,-0.0032531860953285154,PCA_RIDGE,PCA
2023-01-31,2023-08-09,132,PC1,0.06706210732183518,-0.009747180391368605,0.057314926930466574,0.08427806718243716,-0.026963140251970587,PCA_RIDGE_VAR,PCA
2023-01-31,2023-08-09,132,PC2,-0.01724907535089569,0.004411447194942929,-0.012837628155952761,-0.017528009601933917,0.004690381445981155,PCA_RIDGE_VAR,PCA
2023-01-31,2023-08-09,132,PC3,0.0037343704042299133,-0.0015682335610551481,0.002166136843174765,0.005916788796261268,-0.0037506519530865028,PCA_RIDGE_VAR,PCA
2023-01-31,2024-02-01,252,beta0,0.03192243968137463,-0.00525179622049355,0.026670643460881077,0.03696236794773408,-0.010291724486853004,NS_RIDGE,NS
2023-01-31,2024-02-01,252,beta1,0.015776731129017858,-0.01435713143191633,0.001419599697101528,0.02239798464628757,-0.020978384949186045,NS_RIDGE,NS
2023-01-31,2024-02-01,252,beta2,0.018060913705519013,-0.018639137255398286,-0.0005782235498792733,-0.010237155306908647,0.009658931757029374,NS_RIDGE,NS
2023-01-31,2024-02-01,252,beta0,0.03192243968137463,-0.0007653691637104107,0.031157070517664216,0.03696236794773408,-0.005805297430069866,NS_ELASTICNET,NS
2023-01-31,2024-02-01,252,beta1,0.015776731129017858,0.000345310255216642,0.0161220413842345,0.02239798464628757,-0.006275943262053073,NS_ELASTICNET,NS
2023-01-31,2024-02-01,252,beta2,0.018060913705519013,0.0018271254375037318,0.019888039143022743,-0.010237155306908647,0.03012519444993139,NS_ELASTICNET,NS
2023-01-31,2024-02-01,252,PC1,0.06706210732183518,-0.053507893449042866,0.013554213872792313,0.07358573999510173,-0.06003152612230942,PCA_RIDGE,PCA
2023-01-31,2024-02-01,252,PC2,-0.01724907535089569,0.010250076285697336,-0.006998999065198354,-0.016939667029482935,0.009940667964284581,PCA_RIDGE,PCA
2023-01-31,2024-02-01,252,PC3,0.0037343704042299133,-0.001802761507691594,0.0019316088965383193,0.009395084661498364,-0.007463475764960046,PCA_RIDGE,PCA
2023-01-31,2024-02-01,252,PC1,0.06706210732183518,-0.015135322503572815,0.051926784818262364,0.07358573999510173,-0.02165895517683937,PCA_RIDGE_VAR,PCA
2023-01-31,2024-02-01,252,PC2,-0.01724907535089569,0.0066967978013208595,-0.01055227754957483,-0.016939667029482935,0.006387389479908105,PCA_RIDGE_VAR,PCA
2023-01-31,2024-02-01,252,PC3,0.0037343704042299133,-0.002112352662876014,0.0016220177413538992,0.009395084661498364,-0.007773066920144465,PCA_RIDGE_VAR,PCA
2023-02-28,2023-03-07,5,beta0,0.03611575964966763,0.00010909732592789846,0.03622485697559553,0.03645870448298111,-0.0002338475073855803,NS_RIDGE,NS
2023-02-28,2023-03-07,5,beta1,0.011222960885278643,0.00024610330856160716,0.01146906419384025,0.011764738822278145,-0.0002956746284378947,NS_RIDGE,NS
2023-02-28,2023-03-07,5,beta2,0.02868488643652129,-0.000597127610909875,0.028087758825611417,0.03335856535912405,-0.005270806533512633,NS_RIDGE,NS
2023-02-28,2023-03-07,5,beta0,0.03611575964966763,-8.346434326913418e-06,0.036107413215340715,0.03645870448298111,-0.0003512912676403926,NS_ELASTICNET,NS
2023-02-28,2023-03-07,5,beta1,0.011222960885278643,3.8747357766405545e-05,0.011261708243045048,0.011764738822278145,-0.000503030579233097,NS_ELASTICNET,NS
2023-02-28,2023-03-07,5,beta2,0.02868488643652129,6.606108631456467e-05,0.028750947522835857,0.03335856535912405,-0.004607617836288193,NS_ELASTICNET,NS
2023-02-28,2023-03-07,5,PC1,0.07889829493487348,0.00022962653801763644,0.07912792147289112,0.08303449520693942,-0.003906573734048305,PCA_RIDGE,PCA
2023-02-28,2023-03-07,5,PC2,-0.013164572668447398,-6.004134951971658e-05,-0.013224614017967115,-0.013533688402996336,0.0003090743850292215,PCA_RIDGE,PCA
2023-02-28,2023-03-07,5,PC3,0.0006728814916738566,0.00019663324184512982,0.0008695147335189865,0.00019356614017919035,0.0006759485933397961,PCA_RIDGE,PCA
2023-02-28,2023-03-07,5,PC1,0.07889829493487348,5.532057643067856e-05,0.07895361551130416,0.08303449520693942,-0.004080879695635267,PCA_RIDGE_VAR,PCA
2023-02-28,2023-03-07,5,PC2,-0.013164572668447398,5.0203228221258264e-05,-0.01311436944022614,-0.013533688402996336,0.000419318962770197,PCA_RIDGE_VAR,PCA
2023-02-28,2023-03-07,5,PC3,0.0006728814916738566,2.5854112956262142e-05,0.0006987356046301188,0.00019356614017919035,0.0005051694644509284,PCA_RIDGE_VAR,PCA
2023-02-28,2023-03-14,10,beta0,0.03611575964966763,0.0001563230125268485,0.03627208266219448,0.03487106015671382,0.001401022505480659,NS_RIDGE,NS
2023-02-28,2023-03-14,10,beta1,0.011222960885278643,0.0004952265972669222,0.011718187482545564,0.016313908944439678,-0.004595721461894114,NS_RIDGE,NS
2023-02-28,2023-03-14,10,beta2,0.02868488643652129,-0.0011831695522662162,0.027501716884255074,0.0053035932040967635,0.022198123680158312,NS_RIDGE,NS
2023-02-28,2023-03-14,10,beta0,0.03611575964966763,-1.661553508733556e-05,0.036099144114580296,0.03487106015671382,0.0012280839578664784,NS_ELASTICNET,NS
2023-02-28,2023-03-14,10,beta1,0.011222960885278643,7.593140627685797e-05,0.0112988922915555,0.016313908944439678,-0.005015016652884178,NS_ELASTICNET,NS
2023-02-28,2023-03-14,10,beta2,0.02868488643652129,0.00013142733083535432,0.028816313767356647,0.0053035932040967635,0.023512720563259884,NS_ELASTICNET,NS
2023-02-28,2023-03-14,10,PC1,0.07889829493487348,0.00016910998304560021,0.07906740491791908,0.0687916638420123,0.010275741075906786,PCA_RIDGE,PCA
2023-02-28,2023-03-14,10,PC2,-0.013164572668447398,-0.00019950058543005542,-0.013364073253877453,-0.01537813061793002,0.0020140573640525673,PCA_RIDGE,PCA
2023-02-28,2023-03-14,10,PC3,0.0006728814916738566,0.00041615466915864355,0.0010890361608325001,0.0046934016198697665,-0.0036043654590372665,PCA_RIDGE,PCA
2023-02-28,2023-03-14,10,PC1,0.07889829493487348,0.00010611229909690545,0.07900440723397038,0.0687916638420123,0.010212743391958087,PCA_RIDGE_VAR,PCA
2023-02-28,2023-03-14,10,PC2,-0.013164572668447398,0.0001005009845623829,-0.013064071683885015,-0.01537813061793002,0.0023140589340450053,PCA_RIDGE_VAR,PCA
2023-02-28,2023-03-14,10,PC3,0.0006728814916738566,5.104580261711003e-05,0.0007239272942909667,0.0046934016198697665,-0.0039694743255788,PCA_RIDGE_VAR,PCA
2023-02-28,2023-03-30,22,beta0,0.03611575964966763,0.00030171299465745665,0.036417472644325086,0.033143013486048555,0.003274459158276531,NS_RIDGE,NS
2023-02-28,2023-03-30,22,beta1,0.011222960885278643,0.0005277504315007468,0.01175071131677939,0.019323987755715574,-0.007573276438936185,NS_RIDGE,NS
2023-02-28,2023-03-30,22,beta2,0.02868488643652129,-0.0021288940607923942,0.026555992375728896,0.005992447322136342,0.020563545053592557,NS_RIDGE,NS
2023-02-28,2023-03-30,22,beta0,0.03611575964966763,-4.4880192169740465e-05,0.03607087945749789,0.033143013486048555,0.0029278659714493324,NS_ELASTICNET,NS
2023-02-28,2023-03-30,22,beta1,0.011222960885278643,0.000170171828671728,0.011393132713950371,0.019323987755715574,-0.007930855041765203,NS_ELASTICNET,NS
2023-02-28,2023-03-30,22,beta2,0.02868488643652129,0.00027749733887266314,0.028962383775393955,0.005992447322136342,0.022969936453257615,NS_ELASTICNET,NS
2023-02-28,2023-03-30,22,PC1,0.07889829493487348,-5.5306239564247375e-05,0.07884298869530923,0.06787760321480685,0.010965385480502382,PCA_RIDGE,PCA
2023-02-28,2023-03-30,22,PC2,-0.013164572668447398,-8.424757510877233e-05,-0.01324882024355617,-0.01771707536832778,0.0044682551247716105,PCA_RIDGE,PCA
2023-02-28,2023-03-30,22,PC3,0.0006728814916738566,0.0004829040223119233,0.00115578551398578,0.006079206933360608,-0.004923421419374827,PCA_RIDGE,PCA
2023-02-28,2023-03-30,22,PC1,0.07889829493487348,0.0002101544138182615,0.07910844934869174,0.06787760321480685,0.011230846133884892,PCA_RIDGE_VAR,PCA
2023-02-28,2023-03-30,22,PC2,-0.013164572668447398,0.00022149231066065887,-0.012943080357786739,-0.01771707536832778,0.004773995010541042,PCA_RIDGE_VAR,PCA
2023-02-28,2023-03-30,22,PC3,0.0006728814916738566,0.00010891462637450814,0.0007817961180483648,0.006079206933360608,-0.005297410815312243,PCA_RIDGE_VAR,PCA
2023-02-28,2023-05-01,44,beta0,0.03611575964966763,0.0004913980910629334,0.03660715774073056,0.03296913750013387,0.003638020240596694,NS_RIDGE,NS
2023-02-28,2023-05-01,44,beta1,0.011222960885278643,0.0019879169959877247,0.013210877881266368,0.023594807863515276,-0.010383929982248907,NS_RIDGE,NS
2023-02-28,2023-05-01,44,beta2,0.02868488643652129,-0.002111062992791034,0.026573823443730257,0.0035042996220968187,0.02306952382163344,NS_RIDGE,NS
2023-02-28,2023-05-01,44,beta0,0.03611575964966763,0.00014028098712264193,0.03625604063679027,0.03296913750013387,0.003286903136656402,NS_ELASTICNET,NS
2023-02-28,2023-05-01,44,beta1,0.011222960885278643,0.0004130885812046746,0.011636049466483318,0.023594807863515276,-0.011958758397031958,NS_ELASTICNET,NS
2023-02-28,2023-05-01,44,beta2,0.02868488643652129,-0.0015921409655405695,0.02709274547098072,0.0035042996220968187,0.023588445848883904,NS_ELASTICNET,NS
2023-02-28,2023-05-01,44,PC1,0.07889829493487348,-0.0006062596068237476,0.07829203532804974,0.07107047252525359,0.00722156280279615,PCA_RIDGE,PCA
2023-02-28,2023-05-01,44,PC2,-0.013164572668447398,0.0005328603695347385,-0.012631712298912658,-0.0198383834882976,0.007206671189384943,PCA_RIDGE,PCA
2023-02-28,2023-05-01,44,PC3,0.0006728814916738566,0.0008143430680729943,0.001487224559746851,0.008157965316622055,-0.006670740756875204,PCA_RIDGE,PCA
2023-02-28,2023-05-01,44,PC1,0.07889829493487348,0.0003392140878998029,0.07923750902277328,0.07107047252525359,0.008167036497519695,PCA_RIDGE_VAR,PCA
2023-02-28,2023-05-01,44,PC2,-0.013164572668447398,0.00044368381011621223,-0.012720888858331185,-0.0198383834882976,0.007117494629966416,PCA_RIDGE_VAR,PCA
2023-02-28,2023-05-01,44,PC3,0.0006728814916738566,0.00020617855629391014,0.0008790600479677668,0.008157965316622055,-0.007278905268654288,PCA_RIDGE_VAR,PCA
2023-02-28,2023-06-01,66,beta0,0.03611575964966763,0.0018015575286905669,0.037917317178358195,0.03246181516344608,0.005455502014912114,NS_RIDGE,NS
2023-02-28,2023-06-01,66,beta1,0.011222960885278643,0.00034937596066941616,0.011572336845948059,0.026324091573131515,-0.014751754727183456,NS_RIDGE,NS
2023-02-28,2023-06-01,66,beta2,0.02868488643652129,-0.005480980930665925,0.023203905505855365,0.008862716768076385,0.01434118873777898,NS_RIDGE,NS
2023-02-28,2023-06-01,66,beta0,0.03611575964966763,-0.0001572288629599406,0.03595853078670769,0.03246181516344608,0.0034967156232616065,NS_ELASTICNET,NS
2023-02-28,2023-06-01,66,beta1,0.011222960885278643,0.0004878580210586215,0.011710818906337263,0.026324091573131515,-0.014613272666794252,NS_ELASTICNET,NS
2023-02-28,2023-06-01,66,beta2,0.02868488643652129,0.0007473729155793558,0.029432259352100646,0.008862716768076385,0.020569542584024263,NS_ELASTICNET,NS
2023-02-28,2023-06-01,66,PC1,0.07889829493487348,0.0017833328685852151,0.0806816278034587,0.07578894900494629,0.0048926787985124065,PCA_RIDGE,PCA
2023-02-28,2023-06-01,66,PC2,-0.013164572668447398,0.0013230384488868712,-0.011841534219560527,-0.021758042962256457,0.00991650874269593,PCA_RIDGE,PCA
2023-02-28,2023-06-01,66,PC3,0.0006728814916738566,0.0010695312139644747,0.0017424127056383312,0.008450702145685152,-0.006708289440046821,PCA_RIDGE,PCA
2023-02-28,2023-06-01,66,PC1,0.07889829493487348,0.0003949497748492181,0.0792932447097227,0.07578894900494629,0.0035042957047764084,PCA_RIDGE_VAR,PCA
2023-02-28,2023-06-01,66,PC2,-0.013164572668447398,0.0006653261593246931,-0.012499246509122704,-0.021758042962256457,0.009258796453133752,PCA_RIDGE_VAR,PCA
2023-02-28,2023-06-01,66,PC3,0.0006728814916738566,0.0002931440728643265,0.0009660255645381831,0.008450702145685152,-0.007484676581146969,PCA_RIDGE_VAR,PCA
2023-02-28,2023-09-06,132,beta0,0.03611575964966763,0.0023377087695958584,0.03845346841926349,0.04012284377005969,-0.0016693753507961984,NS_RIDGE,NS
2023-02-28,2023-09-06,132,beta1,0.011222960885278643,-0.0029041464969839933,0.008318814388294649,0.01571520861109853,-0.007396394222803882,NS_RIDGE,NS
2023-02-28,2023-09-06,132,beta2,0.02868488643652129,-0.011152147728580666,0.017532738707940625,0.0167636199803484,0.0007691187275922252,NS_RIDGE,NS
2023-02-28,2023-09-06,132,beta0,0.03611575964966763,-0.0002996645418156697,0.03581609510785196,0.04012284377005969,-0.004306748662207725,NS_ELASTICNET,NS
2023-02-28,2023-09-06,132,beta1,0.011222960885278643,0.00073544666190568,0.011958407547184323,0.01571520861109853,-0.003756801063914208,NS_ELASTICNET,NS
2023-02-28,2023-09-06,132,beta2,0.02868488643652129,0.0012945935585437736,0.029979479995065065,0.0167636199803484,0.013215860014716665,NS_ELASTICNET,NS
2023-02-28,2023-09-06,132,PC1,0.07889829493487348,-0.013750227167781098,0.06514806776709238,0.0888802555704363,-0.02373218780334392,PCA_RIDGE,PCA
2023-02-28,2023-09-06,132,PC2,-0.013164572668447398,0.005231490071795322,-0.007933082596652076,-0.01293588805731347,0.0050028054606613935,PCA_RIDGE,PCA
2023-02-28,2023-09-06,132,PC3,0.0006728814916738566,0.0007950858721598644,0.001467967363833721,0.004108195598492129,-0.0026402282346584083,PCA_RIDGE,PCA
2023-02-28,2023-09-06,132,PC1,0.07889829493487348,0.00018783965209685782,0.07908613458697034,0.0888802555704363,-0.009794120983465965,PCA_RIDGE_VAR,PCA
2023-02-28,2023-09-06,132,PC2,-0.013164572668447398,0.001317812473643317,-0.01184676019480408,-0.01293588805731347,0.001089127862509389,PCA_RIDGE_VAR,PCA
2023-02-28,2023-09-06,132,PC3,0.0006728814916738566,0.0005031405856086073,0.001176022077282464,0.004108195598492129,-0.0029321735212096654,PCA_RIDGE_VAR,PCA
2023-02-28,2024-02-29,252,beta0,0.03611575964966763,-0.0016208195390957619,0.034494940110571866,0.04088364536400975,-0.006388705253437883,NS_RIDGE,NS
2023-02-28,2024-02-29,252,beta1,0.011222960885278643,-0.006781327885230519,0.004441633000048123,0.01653220767371745,-0.012090574673669327,NS_RIDGE,NS
2023-02-28,2024-02-29,252,beta2,0.02868488643652129,-0.013788684835501762,0.014896201601019529,-0.000975057484309072,0.0158712590853286,NS_RIDGE,NS
2023-02-28,2024-02-29,252,beta0,0.03611575964966763,-0.0007032123576160668,0.035412547292051566,0.04088364536400975,-0.005471098071958183,NS_ELASTICNET,NS
2023-02-28,2024-02-29,252,beta1,0.011222960885278643,0.000492329687683281,0.011715290572961924,0.01653220767371745,-0.004816917100755526,NS_ELASTICNET,NS
2023-02-28,2024-02-29,252,beta2,0.02868488643652129,0.0019205066758032543,0.030605393112324547,-0.000975057484309072,0.03158045059663362,NS_ELASTICNET,NS
2023-02-28,2024-02-29,252,PC1,0.07889829493487348,-0.02608414057907972,0.05281415435579376,0.08234802849926454,-0.02953387414347078,PCA_RIDGE,PCA
2023-02-28,2024-02-29,252,PC2,-0.013164572668447398,0.00520467085696826,-0.007959901811479137,-0.012136200787989857,0.00417629897651072,PCA_RIDGE,PCA
2023-02-28,2024-02-29,252,PC3,0.0006728814916738566,-0.0007336256322698038,-6.0744140595947156e-05,0.006472700562103376,-0.006533444702699323,PCA_RIDGE,PCA
2023-02-28,2024-02-29,252,PC1,0.07889829493487348,-0.0012629124959242927,0.07763538243894919,0.08234802849926454,-0.004712646060315351,PCA_RIDGE_VAR,PCA
2023-02-28,2024-02-29,252,PC2,-0.013164572668447398,0.002418510866162439,-0.010746061802284958,-0.012136200787989857,0.0013901389857048987,PCA_RIDGE_VAR,PCA
2023-02-28,2024-02-29,252,PC3,0.0006728814916738566,0.0007450039627811424,0.001417885454454999,0.006472700562103376,-0.005054815107648377,PCA_RIDGE_VAR,PCA
2023-03-31,2023-04-07,5,beta0,0.032028683329356655,0.000972617757475639,0.033001301086832295,0.031118107989923278,0.0018831930969090173,NS_RIDGE,NS
2023-03-31,2023-04-07,5,beta1,0.019189650644703533,-0.0012191741071877825,0.01797047653751575,0.021804586347146642,-0.0038341098096308923,NS_RIDGE,NS
2023-03-31,2023-04-07,5,beta2,0.009735591670174883,-0.0010108278830392881,0.008724763787135595,0.006542085709240478,0.002182678077895116,NS_RIDGE,NS
2023-03-31,2023-04-07,5,beta0,0.032028683329356655,-1.1756809137124084e-05,0.03201692652021953,0.031118107989923278,0.0008988185302962505,NS_ELASTICNET,NS
2023-03-31,2023-04-07,5,beta1,0.019189650644703533,4.671566511234705e-05,0.01923636630981588,0.021804586347146642,-0.002568220037330763,NS_ELASTICNET,NS
2023-03-31,2023-04-07,5,beta2,0.009735591670174883,4.2814132376791685e-05,0.009778405802551675,0.006542085709240478,0.0032363200933111964,NS_ELASTICNET,NS
2023-03-31,2023-04-07,5,PC1,0.06635766603796707,-0.0018464967715036255,0.06451116926646344,0.06518947583271781,-0.0006783065662543664,PCA_RIDGE,PCA
2023-03-31,2023-04-07,5,PC2,-0.018018429732577473,0.0009049447185257022,-0.01711348501405177,-0.019701709819853717,0.002588224805801946,PCA_RIDGE,PCA
2023-03-31,2023-04-07,5,PC3,0.0055984881807458545,-0.00023678054407302415,0.00536170763667283,0.006739619739710196,-0.0013779121030373662,PCA_RIDGE,PCA
2023-03-31,2023-04-07,5,PC1,0.06635766603796707,-0.0007842780752111284,0.06557338796275594,0.06518947583271781,0.0003839121300381332,PCA_RIDGE_VAR,PCA
2023-03-31,2023-04-07,5,PC2,-0.018018429732577473,0.00030075850474279436,-0.01771767122783468,-0.019701709819853717,0.0019840385920190384,PCA_RIDGE_VAR,PCA
2023-03-31,2023-04-07,5,PC3,0.0055984881807458545,-0.00015254143824389253,0.005445946742501962,0.006739619739710196,-0.0012936729972082344,PCA_RIDGE_VAR,PCA
2023-03-31,2023-04-14,10,beta0,0.032028683329356655,0.0024061594535695775,0.03443484278292623,0.03236883564569996,0.0020660071372262737,NS_RIDGE,NS
2023-03-31,2023-04-14,10,beta1,0.019189650644703533,-0.0022378007294730465,0.016951849915230487,0.022404787352873226,-0.0054529374376427395,NS_RIDGE,NS
2023-03-31,2023-04-14,10,beta2,0.009735591670174883,-0.0024851579518754456,0.007250433718299437,0.0052944282590360915,0.0019560054592633455,NS_RIDGE,NS
2023-03-31,2023-04-14,10,beta0,0.032028683329356655,-2.3219123513628195e-05,0.03200546420584303,0.03236883564569996,-0.0003633714398569299,NS_ELASTICNET,NS
2023-03-31,2023-04-14,10,beta1,0.019189650644703533,9.149950659729075e-05,0.019281150151300823,0.022404787352873226,-0.003123637201572403,NS_ELASTICNET,NS
2023-03-31,2023-04-14,10,beta2,0.009735591670174883,8.385127607492454e-05,0.009819442946249807,0.0052944282590360915,0.004525014687213716,NS_ELASTICNET,NS
2023-03-31,2023-04-14,10,PC1,0.06635766603796707,-0.003329067601455579,0.06302859843651148,0.06869830545202014,-0.00566970701550866,PCA_RIDGE,PCA
2023-03-31,2023-04-14,10,PC2,-0.018018429732577473,0.001482236641435349,-0.016536193091142126,-0.019334037533953713,0.0027978444428115867,PCA_RIDGE,PCA
2023-03-31,2023-04-14,10,PC3,0.0055984881807458545,-0.00021892217638618732,0.005379566004359667,0.007211618340206503,-0.0018320523358468363,PCA_RIDGE,PCA
2023-03-31,2023-04-14,10,PC1,0.06635766603796707,-0.00154574269398855,0.06481192334397852,0.06869830545202014,-0.003886382108041625,PCA_RIDGE_VAR,PCA
2023-03-31,2023-04-14,10,PC2,-0.018018429732577473,0.0005929665457753142,-0.01742546318680216,-0.019334037533953713,0.0019085743471515537,PCA_RIDGE_VAR,PCA
2023-03-31,2023-04-14,10,PC3,0.0055984881807458545,-0.00029974936058363086,0.005298738820162224,0.007211618340206503,-0.0019128795200442795,PCA_RIDGE_VAR,PCA
2023-03-31,2023-05-02,22,beta0,0.032028683329356655,0.005406195300745131,0.03743487863010179,0.03135572249967687,0.006079156130424916,NS_RIDGE,NS
2023-03-31,2023-05-02,22,beta1,0.019189650644703533,-0.006920633550287399,0.012269017094416135,0.025586165761851274,-0.01331714866743514,NS_RIDGE,NS
2023-03-31,2023-05-02,22,beta2,0.009735591670174883,-0.0007820575482044949,0.008953534121970388,0.0007376874016248818,0.008215846720345506,NS_RIDGE,NS
2023-03-31,2023-05-02,22,beta0,0.032028683329356655,3.862317840086529e-05,0.03206730650775752,0.03135572249967687,0.0007115840080806485,NS_ELASTICNET,NS
2023-03-31,2023-05-02,22,beta1,0.019189650644703533,-0.00011666204697318412,0.019072988597730347,0.025586165761851274,-0.006513177164120927,NS_ELASTICNET,NS
2023-03-31,2023-05-02,22,beta2,0.009735591670174883,-0.0008137214714299106,0.008921870198744972,0.0007376874016248818,0.00818418279712009,NS_ELASTICNET,NS
2023-03-31,2023-05-02,22,PC1,0.06635766603796707,-0.007617856659110328,0.05873980937885674,0.06716369133098968,-0.008423881952132936,PCA_RIDGE,PCA
2023-03-31,2023-05-02,22,PC2,-0.018018429732577473,0.0026288354473650633,-0.01538959428521241,-0.021248865870755335,0.005859271585542924,PCA_RIDGE,PCA
2023-03-31,2023-05-02,22,PC3,0.0055984881807458545,-0.001129659466954675,0.004468828713791179,0.008924146248967991,-0.004455317535176812,PCA_RIDGE,PCA
2023-03-31,2023-05-02,22,PC1,0.06635766603796707,-0.0032849382614685146,0.06307272777649855,0.06716369133098968,-0.004090963554491123,PCA_RIDGE_VAR,PCA
2023-03-31,2023-05-02,22,PC2,-0.018018429732577473,0.0012610309901424817,-0.01675739874243499,-0.021248865870755335,0.004491467128320343,PCA_RIDGE_VAR,PCA
2023-03-31,2023-05-02,22,PC3,0.0055984881807458545,-0.0006323931952610384,0.004966094985484816,0.008924146248967991,-0.003958051263483175,PCA_RIDGE_VAR,PCA
2023-03-31,2023-06-02,44,beta0,0.032028683329356655,0.005137575154750174,0.03716625848410683,0.03320876675664958,0.003957491727457255,NS_RIDGE,NS
2023-03-31,2023-06-02,44,beta1,0.019189650644703533,-0.01155126439772879,0.007638386246974743,0.02456355982685593,-0.016925173579881186,NS_RIDGE,NS
2023-03-31,2023-06-02,44,beta2,0.009735591670174883,0.0026818021877266455,0.012417393857901528,0.014085418166224948,-0.0016680243083234195,NS_RIDGE,NS
2023-03-31,2023-06-02,44,beta0,0.032028683329356655,7.523419479398118e-05,0.032103917524150635,0.03320876675664958,-0.0011048492324989417,NS_ELASTICNET,NS
2023-03-31,2023-06-02,44,beta1,0.019189650644703533,-0.0005859184319304887,0.018603732212773044,0.02456355982685593,-0.005959827614082886,NS_ELASTICNET,NS
2023-03-31,2023-06-02,44,beta2,0.009735591670174883,-0.0022120053050008973,0.007523586365173985,0.014085418166224948,-0.006561831801050962,NS_ELASTICNET,NS
2023-03-31,2023-06-02,44,PC1,0.06635766603796707,-0.0129377886263766,0.05341987741159047,0.07835558901929038,-0.02493571160769991,PCA_RIDGE,PCA
2023-03-31,2023-06-02,44,PC2,-0.018018429732577473,0.006679540948161302,-0.011338888784416171,-0.02040937932630718,0.00907049054189101,PCA_RIDGE,PCA
2023-03-31,2023-06-02,44,PC3,0.0055984881807458545,-0.003330023119937875,0.0022684650608079796,0.007033230629027954,-0.004764765568219975,PCA_RIDGE,PCA
2023-03-31,2023-06-02,44,PC1,0.06635766603796707,-0.006178236352540549,0.06017942968542652,0.07835558901929038,-0.018176159333863857,PCA_RIDGE_VAR,PCA
2023-03-31,2023-06-02,44,PC2,-0.018018429732577473,0.002373910273264057,-0.015644519459313416,-0.02040937932630718,0.004764859866993765,PCA_RIDGE_VAR,PCA
2023-03-31,2023-06-02,44,PC3,0.0055984881807458545,-0.001173159561620521,0.0044253286191253335,0.007033230629027954,-0.002607902009902621,PCA_RIDGE_VAR,PCA
2023-03-31,2023-07-06,66,beta0,0.032028683329356655,0.005179700767558136,0.03720838409691479,0.03736745849378303,-0.00015907439686823482,NS_RIDGE,NS
2023-03-31,2023-07-06,66,beta1,0.019189650644703533,-0.01815133695469982,0.001038313690003713,0.016712732823589056,-0.015674419133585343,NS_RIDGE,NS
2023-03-31,2023-07-06,66,beta2,0.009735591670174883,0.008543569619253113,0.018279161289427998,0.025361314963146454,-0.007082153673718457,NS_RIDGE,NS
2023-03-31,2023-07-06,66,beta0,0.032028683329356655,0.0002851540864880239,0.032313837415844676,0.03736745849378303,-0.005053621077938351,NS_ELASTICNET,NS
2023-03-31,2023-07-06,66,beta1,0.019189650644703533,-0.0012732457009875316,0.017916404943716,0.016712732823589056,0.001203672120126946,NS_ELASTICNET,NS
2023-03-31,2023-07-06,66,beta2,0.009735591670174883,-0.005062631421401394,0.004672960248773488,0.025361314963146454,-0.020688354714372966,NS_ELASTICNET,NS
2023-03-31,2023-07-06,66,PC1,0.06635766603796707,-0.017336163011481547,0.04902150302648552,0.08677832058263357,-0.03775681755614805,PCA_RIDGE,PCA
2023-03-31,2023-07-06,66,PC2,-0.018018429732577473,0.008313040854858495,-0.009705388877718978,-0.014893963129570753,0.005188574251851775,PCA_RIDGE,PCA
2023-03-31,2023-07-06,66,PC3,0.0055984881807458545,-0.005227428816561187,0.00037105936418466764,0.0027847228535380995,-0.002413663489353432,PCA_RIDGE,PCA
2023-03-31,2023-07-06,66,PC1,0.06635766603796707,-0.008737179667504029,0.05762048637046304,0.08677832058263357,-0.02915783421217053,PCA_RIDGE_VAR,PCA
2023-03-31,2023-07-06,66,PC2,-0.018018429732577473,0.003358644297169743,-0.01465978543540773,-0.014893963129570753,0.00023417769416302255,PCA_RIDGE_VAR,PCA
2023-03-31,2023-07-06,66,PC3,0.0055984881807458545,-0.001635644933868476,0.0039628432468773785,0.0027847228535380995,0.001178120393339279,PCA_RIDGE_VAR,PCA
2023-03-31,2023-10-10,132,beta0,0.032028683329356655,0.009040815499867697,0.04106949882922435,0.044663773700368566,-0.003594274871144214,NS_RIDGE,NS
2023-03-31,2023-10-10,132,beta1,0.019189650644703533,-0.026521580141976666,-0.007331929497273133,0.014096270904336253,-0.021428200401609386,NS_RIDGE,NS
2023-03-31,2023-10-10,132,beta2,0.009735591670174883,0.015635761435639984,0.025371353105814867,0.0009964030055950263,0.02437495010021984,NS_RIDGE,NS
2023-03-31,2023-10-10,132,beta0,0.032028683329356655,-0.0002792924454942783,0.031749390883862375,0.044663773700368566,-0.012914382816506191,NS_ELASTICNET,NS
2023-03-31,2023-10-10,132,beta1,0.019189650644703533,0.00083080397459581,0.02002045461929934,0.014096270904336253,0.005924183714963088,NS_ELASTICNET,NS
2023-03-31,2023-10-10,132,beta2,0.009735591670174883,0.0012353404093262902,0.010970932079501172,0.0009964030055950263,0.009974529073906146,NS_ELASTICNET,NS
2023-03-31,2023-10-10,132,PC1,0.06635766603796707,-0.029585378277003433,0.03677228776096364,0.09072574939129155,-0.05395346163032791,PCA_RIDGE,PCA
2023-03-31,2023-10-10,132,PC2,-0.018018429732577473,0.009388291220234598,-0.008630138512342875,-0.0086142007206974,-1.5937791645475458e-05,PCA_RIDGE,PCA
2023-03-31,2023-10-10,132,PC3,0.0055984881807458545,-0.0047366155390001306,0.0008618726417457239,0.006022810977403805,-0.0051609383356580815,PCA_RIDGE,PCA
2023-03-31,2023-10-10,132,PC1,0.06635766603796707,-0.01486195509545675,0.05149571094251032,0.09072574939129155,-0.03923003844878123,PCA_RIDGE_VAR,PCA
2023-03-31,2023-10-10,132,PC2,-0.018018429732577473,0.005704222792461692,-0.012314206940115782,-0.0086142007206974,-0.0037000062194183815,PCA_RIDGE_VAR,PCA
2023-03-31,2023-10-10,132,PC3,0.0055984881807458545,-0.002659672854225345,0.0029388153265205094,0.006022810977403805,-0.003083995650883296,PCA_RIDGE_VAR,PCA
2023-03-31,2024-04-03,252,beta0,0.032028683329356655,0.0123587111128867,0.04438739444224336,0.041974321939088254,0.002413072503155103,NS_RIDGE,NS
2023-03-31,2024-04-03,252,beta1,0.019189650644703533,-0.040310013143320125,-0.021120362498616593,0.015245746845223158,-0.03636610934383975,NS_RIDGE,NS
2023-03-31,2024-04-03,252,beta2,0.009735591670174883,-0.02265400259975422,-0.012918410929579339,-0.0016458897957353138,-0.011272521133844025,NS_RIDGE,NS
2023-03-31,2024-04-03,252,beta0,0.032028683329356655,-0.0006328226426684436,0.03139586068668821,0.041974321939088254,-0.010578461252400043,NS_ELASTICNET,NS
2023-03-31,2024-04-03,252,beta1,0.019189650644703533,0.0006943439267908877,0.01988399457149442,0.015245746845223158,0.004638247726271262,NS_ELASTICNET,NS
2023-03-31,2024-04-03,252,beta2,0.009735591670174883,0.0018996382086703995,0.011635229878845282,-0.0016458897957353138,0.013281119674580595,NS_ELASTICNET,NS
2023-03-31,2024-04-03,252,PC1,0.06635766603796707,-0.0835906492653379,-0.017232983227370824,0.08318825804778252,-0.10042124127515334,PCA_RIDGE,PCA
2023-03-31,2024-04-03,252,PC2,-0.018018429732577473,0.024500483509847435,0.006482053777269962,-0.010509362935911211,0.016991416713181173,PCA_RIDGE,PCA
2023-03-31,2024-04-03,252,PC3,0.0055984881807458545,-0.008615908450903605,-0.00301742027015775,0.006210452393955212,-0.009227872664112962,PCA_RIDGE,PCA
2023-03-31,2024-04-03,252,PC1,0.06635766603796707,-0.022260957290864178,0.04409670874710289,0.08318825804778252,-0.03909154930067962,PCA_RIDGE_VAR,PCA
2023-03-31,2024-04-03,252,PC2,-0.018018429732577473,0.008432712828266348,-0.009585716904311125,-0.010509362935911211,0.0009236460316000856,PCA_RIDGE_VAR,PCA
2023-03-31,2024-04-03,252,PC3,0.0055984881807458545,-0.003650645076422013,0.0019478431043238415,0.006210452393955212,-0.004262609289631371,PCA_RIDGE_VAR,PCA
2023-04-28,2023-05-05,5,beta0,0.03113466724845622,0.0004537388236342409,0.03158840607209046,0.031174150080432356,0.00041425599165810165,NS_RIDGE,NS
2023-04-28,2023-05-05,5,beta1,0.023381082710986704,-0.0005124388038303295,0.022868643907156375,0.026745971746698412,-0.0038773278395420364,NS_RIDGE,NS
2023-04-28,2023-05-05,5,beta2,0.007656580428148808,-0.0023808260869839946,0.005275754341164813,-0.0012912890351268894,0.0065670433762917025,NS_RIDGE,NS
2023-04-28,2023-05-05,5,beta0,0.03113466724845622,0.0002048003888374229,0.031339467637293644,0.031174150080432356,0.00016531755686128788,NS_ELASTICNET,NS
2023-04-28,2023-05-05,5,beta1,0.023381082710986704,-0.00017600005328444096,0.023205082657702263,0.026745971746698412,-0.003540889088996149,NS_ELASTICNET,NS
2023-04-28,2023-05-05,5,beta2,0.007656580428148808,-0.0008862131778183466,0.0067703672503304614,-0.0012912890351268894,0.00806165628545735,NS_ELASTICNET,NS
2023-04-28,2023-05-05,5,PC1,0.06748823017550054,-0.0010798637390767875,0.06640836643642375,0.06673139629386184,-0.0003230298574380813,PCA_RIDGE,PCA
2023-04-28,2023-05-05,5,PC2,-0.02023173478969081,0.0006065263677342294,-0.019625208421956582,-0.021552028957673747,0.0019268205357171643,PCA_RIDGE,PCA
2023-04-28,2023-05-05,5,PC3,0.00713441195012631,0.00012179178615759071,0.007256203736283901,0.009422819766523427,-0.002166616030239526,PCA_RIDGE,PCA
2023-04-28,2023-05-05,5,PC1,0.06748823017550054,-0.0009650957768330415,0.0665231343986675,0.06673139629386184,-0.00020826189519433658,PCA_RIDGE_VAR,PCA
2023-04-28,2023-05-05,5,PC2,-0.02023173478969081,0.0003484681489435426,-0.019883266640747268,-0.021552028957673747,0.0016687623169264788,PCA_RIDGE_VAR,PCA
2023-04-28,2023-05-05,5,PC3,0.00713441195012631,-0.0001878204348121186,0.006946591515314192,0.009422819766523427,-0.0024762282512092353,PCA_RIDGE_VAR,PCA
2023-04-28,2023-05-12,10,beta0,0.03113466724845622,0.0005599993404753904,0.03169466658893161,0.031377480784297945,0.00031718580463366286,NS_RIDGE,NS
2023-04-28,2023-05-12,10,beta1,0.023381082710986704,-0.0005725323530027395,0.022808550357983966,0.02624836365959279,-0.0034398133016088246,NS_RIDGE,NS
2023-04-28,2023-05-12,10,beta2,0.007656580428148808,-0.0034756386825673144,0.004180941745581493,0.0001282392541969296,0.004052702491384563,NS_RIDGE,NS
2023-04-28,2023-05-12,10,beta0,0.03113466724845622,0.00017088111179558115,0.0313055483602518,0.031377480784297945,-7.19324240461422e-05,NS_ELASTICNET,NS
2023-04-28,2023-05-12,10,beta1,0.023381082710986704,-0.0004572278372486499,0.022923854873738055,0.02624836365959279,-0.0033245087858547358,NS_ELASTICNET,NS
2023-04-28,2023-05-12,10,beta2,0.007656580428148808,-0.001597214008228529,0.006059366419920279,0.0001282392541969296,0.0059311271657233496,NS_ELASTICNET,NS
2023-04-28,2023-05-12,10,PC1,0.06748823017550054,-0.0018785276347883493,0.06560970254071219,0.06747608735989279,-0.001866384819180597,PCA_RIDGE,PCA
2023-04-28,2023-05-12,10,PC2,-0.02023173478969081,0.000798936896894761,-0.01943279789279605,-0.021244084575406455,0.0018112866826104045,PCA_RIDGE,PCA
2023-04-28,2023-05-12,10,PC3,0.00713441195012631,0.0001659195422076277,0.007300331492333938,0.009109500698791934,-0.001809169206457996,PCA_RIDGE,PCA
2023-04-28,2023-05-12,10,PC1,0.06748823017550054,-0.00190312879310639,0.06558510138239415,0.06747608735989279,-0.0018909859774986354,PCA_RIDGE_VAR,PCA
2023-04-28,2023-05-12,10,PC2,-0.02023173478969081,0.0006875873530404336,-0.019544147436650377,-0.021244084575406455,0.0016999371387560781,PCA_RIDGE_VAR,PCA
2023-04-28,2023-05-12,10,PC3,0.00713441195012631,-0.0003696929560711368,0.0067647189940551735,0.009109500698791934,-0.00234478170473676,PCA_RIDGE_VAR,PCA
2023-04-28,2023-05-31,22,beta0,0.03113466724845622,0.0006533314153833186,0.03178799866383954,0.03256541520763287,-0.0007774165437933328,NS_RIDGE,NS
2023-04-28,2023-05-31,22,beta1,0.023381082710986704,-0.0019114937077377694,0.021469589003248937,0.025926226341284022,-0.0044566373380350854,NS_RIDGE,NS
2023-04-28,2023-05-31,22,beta2,0.007656580428148808,-0.003942195221165254,0.0037143852069835533,0.011428948154887519,-0.007714562947903966,NS_RIDGE,NS
2023-04-28,2023-05-31,22,beta0,0.03113466724845622,-2.20979262750674e-05,0.031112569322181153,0.03256541520763287,-0.0014528458854517166,NS_ELASTICNET,NS
2023-04-28,2023-05-31,22,beta1,0.023381082710986704,-0.0012764041612894727,0.02210467854969723,0.025926226341284022,-0.0038215477915867907,NS_ELASTICNET,NS
2023-04-28,2023-05-31,22,beta2,0.007656580428148808,-0.0032578704638382915,0.004398709964310516,0.011428948154887519,-0.007030238190577003,NS_ELASTICNET,NS
2023-04-28,2023-05-31,22,PC1,0.06748823017550054,-0.005313888948574959,0.062174341226925584,0.07653366690155232,-0.014359325674626736,PCA_RIDGE,PCA
2023-04-28,2023-05-31,22,PC2,-0.02023173478969081,0.0014585964600956664,-0.018773138329595145,-0.02099470831013319,0.0022215699805380462,PCA_RIDGE,PCA
2023-04-28,2023-05-31,22,PC3,0.00713441195012631,-0.0002777849115850075,0.006856627038541303,0.007569010936460077,-0.0007123838979187745,PCA_RIDGE,PCA
2023-04-28,2023-05-31,22,PC1,0.06748823017550054,-0.004049106743315642,0.0634391234321849,0.07653366690155232,-0.01309454346936742,PCA_RIDGE_VAR,PCA
2023-04-28,2023-05-31,22,PC2,-0.02023173478969081,0.001464983217563623,-0.018766751572127188,-0.02099470831013319,0.0022279567380060032,PCA_RIDGE_VAR,PCA
2023-04-28,2023-05-31,22,PC3,0.00713441195012631,-0.0007830375598629367,0.006351374390263374,0.007569010936460077,-0.0012176365461967036,PCA_RIDGE_VAR,PCA
2023-04-28,2023-07-03,44,beta0,0.03113466724845622,0.0014102284529989154,0.032544895701455134,0.0347978105956758,-0.0022529148942206645,NS_RIDGE,NS
2023-04-28,2023-07-03,44,beta1,0.023381082710986704,-0.004597323821510392,0.018783758889476313,0.01884346539865332,-5.970650917700576e-05,NS_RIDGE,NS
2023-04-28,2023-07-03,44,beta2,0.007656580428148808,-0.008394345548711504,-0.0007377651205626966,0.029655843492513056,-0.030393608613075752,NS_RIDGE,NS
2023-04-28,2023-07-03,44,beta0,0.03113466724845622,0.0008064861732164887,0.03194115342167271,0.0347978105956758,-0.0028566571740030883,NS_ELASTICNET,NS
2023-04-28,2023-07-03,44,beta1,0.023381082710986704,-0.0035770545913190632,0.01980402811966764,0.01884346539865332,0.0009605627210143228,NS_ELASTICNET,NS
2023-04-28,2023-07-03,44,beta2,0.007656580428148808,-0.009191769565865912,-0.0015351891377171044,0.029655843492513056,-0.03119103263023016,NS_ELASTICNET,NS
2023-04-28,2023-07-03,44,PC1,0.06748823017550054,-0.009738300557482635,0.057749929618017906,0.08425681301683462,-0.02650688339881671,PCA_RIDGE,PCA
2023-04-28,2023-07-03,44,PC2,-0.02023173478969081,0.003061425864861256,-0.017170308924829555,-0.01709930522851695,-7.100369631260484e-05,PCA_RIDGE,PCA
2023-04-28,2023-07-03,44,PC3,0.00713441195012631,-0.00107621256286257,0.00605819938726374,0.002591221165347015,0.0034669782219167253,PCA_RIDGE,PCA
2023-04-28,2023-07-03,44,PC1,0.06748823017550054,-0.0076282724925357676,0.05985995768296477,0.08425681301683462,-0.024396855333869844,PCA_RIDGE_VAR,PCA
2023-04-28,2023-07-03,44,PC2,-0.02023173478969081,0.002766450904856832,-0.01746528388483398,-0.01709930522851695,-0.00036597865631702794,PCA_RIDGE_VAR,PCA
2023-04-28,2023-07-03,44,PC3,0.00713441195012631,-0.0014627331051345564,0.005671678844991754,0.002591221165347015,0.003080457679644739,PCA_RIDGE_VAR,PCA
2023-04-28,2023-08-03,66,beta0,0.03113466724845622,0.0015348872239230756,0.03266955447237929,0.038870035298899555,-0.006200480826520263,NS_RIDGE,NS
2023-04-28,2023-08-03,66,beta1,0.023381082710986704,-0.010703175803117956,0.012677906907868748,0.01765405768056309,-0.004976150772694341,NS_RIDGE,NS
2023-04-28,2023-08-03,66,beta2,0.007656580428148808,-0.003093457084750251,0.004563123343398557,0.014725756802196722,-0.010162633458798165,NS_RIDGE,NS
2023-04-28,2023-08-03,66,beta0,0.03113466724845622,0.0002608818235789529,0.03139554907203517,0.038870035298899555,-0.007474486226864384,NS_ELASTICNET,NS
2023-04-28,2023-08-03,66,beta1,0.023381082710986704,-0.002293911078219922,0.02108717163276678,0.01765405768056309,0.0034331139522036924,NS_ELASTICNET,NS
2023-04-28,2023-08-03,66,beta2,0.007656580428148808,-0.005116921353748624,0.0025396590744001836,0.014725756802196722,-0.012186097727796538,NS_ELASTICNET,NS
2023-04-28,2023-08-03,66,PC1,0.06748823017550054,-0.012941108390095208,0.054547121785405335,0.08604696189848009,-0.03149984011307475,PCA_RIDGE,PCA
2023-04-28,2023-08-03,66,PC2,-0.02023173478969081,0.005565294835169911,-0.0146664399545209,-0.013689800717790461,-0.0009766392367304387,PCA_RIDGE,PCA
2023-04-28,2023-08-03,66,PC3,0.00713441195012631,-0.0028520238404183638,0.0042823881097079465,0.004671770029971496,-0.00038938192026354967,PCA_RIDGE,PCA
2023-04-28,2023-08-03,66,PC1,0.06748823017550054,-0.01080004976201538,0.05668818041348516,0.08604696189848009,-0.029358781484994927,PCA_RIDGE_VAR,PCA
2023-04-28,2023-08-03,66,PC2,-0.02023173478969081,0.003924736410189519,-0.01630699837950129,-0.013689800717790461,-0.00261719766171083,PCA_RIDGE_VAR,PCA
2023-04-28,2023-08-03,66,PC3,0.00713441195012631,-0.002052790916582772,0.005081621033543538,0.004671770029971496,0.0004098510035720421,PCA_RIDGE_VAR,PCA
2023-04-28,2023-11-07,132,beta0,0.03113466724845622,-7.211946331580019e-05,0.031062547785140417,0.04369474199412434,-0.012632194208983923,NS_RIDGE,NS
2023-04-28,2023-11-07,132,beta1,0.023381082710986704,-0.019047921863966477,0.004333160847020227,0.014223152786457171,-0.009889991939436944,NS_RIDGE,NS
2023-04-28,2023-11-07,132,beta2,0.007656580428148808,-0.0032102386607014716,0.004446341767447336,0.0019205001933943757,0.0025258415740529606,NS_RIDGE,NS
2023-04-28,2023-11-07,132,beta0,0.03113466724845622,-0.000298928123366944,0.030835739125089273,0.04369474199412434,-0.012859002869035067,NS_ELASTICNET,NS
2023-04-28,2023-11-07,132,beta1,0.023381082710986704,0.0009514390705758163,0.024332521781562522,0.014223152786457171,0.010109368995105351,NS_ELASTICNET,NS
2023-04-28,2023-11-07,132,beta2,0.007656580428148808,0.0011154539269627862,0.008772034355111594,0.0019205001933943757,0.006851534161717219,NS_ELASTICNET,NS
2023-04-28,2023-11-07,132,PC1,0.06748823017550054,-0.03945177144718448,0.02803645872831606,0.08842719607739165,-0.06039073734907559,PCA_RIDGE,PCA
2023-04-28,2023-11-07,132,PC2,-0.02023173478969081,0.009578881111996831,-0.01065285367769398,-0.008825498662360917,-0.0018273550153330622,PCA_RIDGE,PCA
2023-04-28,2023-11-07,132,PC3,0.00713441195012631,-0.005217405525989772,0.0019170064241365381,0.00576414342542934,-0.0038471370012928023,PCA_RIDGE,PCA
2023-04-28,2023-11-07,132,PC1,0.06748823017550054,-0.018377971900821626,0.049110258274678915,0.08842719607739165,-0.03931693780271273,PCA_RIDGE_VAR,PCA
2023-04-28,2023-11-07,132,PC2,-0.02023173478969081,0.006706671778526038,-0.013525063011164773,-0.008825498662360917,-0.004699564348803855,PCA_RIDGE_VAR,PCA
2023-04-28,2023-11-07,132,PC3,0.00713441195012631,-0.003396570914476931,0.0037378410356493793,0.00576414342542934,-0.002026302389779961,PCA_RIDGE_VAR,PCA
2023-04-28,2024-05-01,252,beta0,0.03113466724845622,-0.005108347900176507,0.02602631934827971,0.04476814882482316,-0.018741829476543452,NS_RIDGE,NS
2023-04-28,2024-05-01,252,beta1,0.023381082710986704,-0.03056140198373317,-0.007180319272746465,0.01160201971648617,-0.018782338989232636,NS_RIDGE,NS
2023-04-28,2024-05-01,252,beta2,0.007656580428148808,-0.009146885194564944,-0.0014903047664161367,0.0026863285428930695,-0.004176633309309206,NS_RIDGE,NS
2023-04-28,2024-05-01,252,beta0,0.03113466724845622,-0.0006105800594456412,0.030524087189010576,0.04476814882482316,-0.014244061635812585,NS_ELASTICNET,NS
2023-04-28,2024-05-01,252,beta1,0.023381082710986704,0.0009224598786754513,0.024303542589662157,0.01160201971648617,0.012701522873175986,NS_ELASTICNET,NS
2023-04-28,2024-05-01,252,beta2,0.007656580428148808,0.0018000149112031279,0.009456595339351935,0.0026863285428930695,0.006770266796458866,NS_ELASTICNET,NS
2023-04-28,2024-05-01,252,PC1,0.06748823017550054,-0.07487747002528106,-0.007389239849780516,0.08874786261215308,-0.09613710246193359,PCA_RIDGE,PCA
2023-04-28,2024-05-01,252,PC2,-0.02023173478969081,0.016323977673111487,-0.003907757116579324,-0.007055746516301774,0.00314798939972245,PCA_RIDGE,PCA
2023-04-28,2024-05-01,252,PC3,0.00713441195012631,-0.009517960395623148,-0.0023835484454968374,0.0043930855764883585,-0.006776634021985196,PCA_RIDGE,PCA
2023-04-28,2024-05-01,252,PC1,0.06748823017550054,-0.027290612534176036,0.040197617641324505,0.08874786261215308,-0.04855024497082857,PCA_RIDGE_VAR,PCA
2023-04-28,2024-05-01,252,PC2,-0.02023173478969081,0.009961563441745728,-0.010270171347945082,-0.007055746516301774,-0.0032144248316433085,PCA_RIDGE_VAR,PCA
2023-04-28,2024-05-01,252,PC3,0.00713441195012631,-0.004771900486131843,0.0023625114639944673,0.0043930855764883585,-0.002030574112493891,PCA_RIDGE_VAR,PCA
2023-05-31,2023-06-07,5,beta0,0.03256541520763287,-2.8235751206449808e-06,0.032562591632512225,0.03455900325794906,-0.0019964116254368378,NS_RIDGE,NS
2023-05-31,2023-06-07,5,beta1,0.025926226341284022,-0.0008033572729308887,0.025122869068353135,0.021919601532923955,0.0032032675354291794,NS_RIDGE,NS
2023-05-31,2023-06-07,5,beta2,0.011428948154887519,-0.001433596179528127,0.009995351975359392,0.013737009164953856,-0.003741657189594464,NS_RIDGE,NS
2023-05-31,2023-06-07,5,beta0,0.03256541520763287,-0.00011921353325499048,0.03244620167437788,0.03455900325794906,-0.002112801583571182,NS_ELASTICNET,NS
2023-05-31,2023-06-07,5,beta1,0.025926226341284022,-0.0010144144548150185,0.024911811886469005,0.021919601532923955,0.0029922103535450495,NS_ELASTICNET,NS
2023-05-31,2023-06-07,5,beta2,0.011428948154887519,0.00010072791128870926,0.011529676066176229,0.013737009164953856,-0.0022073330987776273,NS_ELASTICNET,NS
2023-05-31,2023-06-07,5,PC1,0.07630543981993482,-0.0019130802095668326,0.07439235961036798,0.07834260356959377,-0.003950243959225788,PCA_RIDGE,PCA
2023-05-31,2023-06-07,5,PC2,-0.02063350396773885,0.00046272120097831865,-0.02017078276676053,-0.017652600785918036,-0.002518181980842492,PCA_RIDGE,PCA
2023-05-31,2023-06-07,5,PC3,0.007196864740126221,-0.00020276153370763452,0.006994103206418586,0.005557470053512238,0.0014366331529063478,PCA_RIDGE,PCA
2023-05-31,2023-06-07,5,PC1,0.07630543981993482,-0.0008062704712909902,0.07549916934864383,0.07834260356959377,-0.0028434342209499447,PCA_RIDGE_VAR,PCA
2023-05-31,2023-06-07,5,PC2,-0.02063350396773885,0.0003197090762524432,-0.020313794891486405,-0.017652600785918036,-0.0026611941055683687,PCA_RIDGE_VAR,PCA
2023-05-31,2023-06-07,5,PC3,0.007196864740126221,-0.00016939004862768017,0.00702747469149854,0.005557470053512238,0.0014700046379863023,PCA_RIDGE_VAR,PCA
2023-05-31,2023-06-14,10,beta0,0.03256541520763287,-0.00019905779070914238,0.03236635741692373,0.03474994621420677,-0.002383588797283037,NS_RIDGE,NS
2023-05-31,2023-06-14,10,beta1,0.025926226341284022,-0.0010984839890470959,0.024827742352236927,0.019064068739838975,0.005763673612397952,NS_RIDGE,NS
2023-05-31,2023-06-14,10,beta2,0.011428948154887519,-0.0009875234218735384,0.01044142473301398,0.02241291299572386,-0.01197148826270988,NS_RIDGE,NS
2023-05-31,2023-06-14,10,beta0,0.03256541520763287,-4.266896468131743e-05,0.03252274624295155,0.03474994621420677,-0.0022271999712552143,NS_ELASTICNET,NS
2023-05-31,2023-06-14,10,beta1,0.025926226341284022,-0.0010822596064226995,0.024843966734861323,0.019064068739838975,0.005779897995022348,NS_ELASTICNET,NS
2023-05-31,2023-06-14,10,beta2,0.011428948154887519,-0.00042794563676110413,0.011001002518126414,0.02241291299572386,-0.011411910477597447,NS_ELASTICNET,NS
2023-05-31,2023-06-14,10,PC1,0.07630543981993482,-0.002773672616240123,0.0735317672036947,0.08018917855849964,-0.006657411354804937,PCA_RIDGE,PCA
2023-05-31,2023-06-14,10,PC2,-0.02063350396773885,0.00036413554301441525,-0.020269368424724432,-0.01646936648909128,-0.0038000019356331516,PCA_RIDGE,PCA
2023-05-31,2023-06-14,10,PC3,0.007196864740126221,2.074522925391814e-05,0.0072176099693801385,0.0034133618173832272,0.0038042481519969112,PCA_RIDGE,PCA
2023-05-31,2023-06-14,10,PC1,0.07630543981993482,-0.0015913304055205635,0.07471410941441425,0.08018917855849964,-0.005475069144085382,PCA_RIDGE_VAR,PCA
2023-05-31,2023-06-14,10,PC2,-0.02063350396773885,0.000631089765012971,-0.020002414202725877,-0.01646936648909128,-0.003533047713634597,PCA_RIDGE_VAR,PCA
2023-05-31,2023-06-14,10,PC3,0.007196864740126221,-0.0003334815946474997,0.006863383145478721,0.0034133618173832272,0.0034500213280954936,PCA_RIDGE_VAR,PCA
2023-05-31,2023-07-03,22,beta0,0.03256541520763287,-0.0002921768291976306,0.03227323837843524,0.0347978105956758,-0.0025245722172405616,NS_RIDGE,NS
2023-05-31,2023-07-03,22,beta1,0.025926226341284022,-0.0028015758754350046,0.023124650465849016,0.01884346539865332,0.004281185067195697,NS_RIDGE,NS
2023-05-31,2023-07-03,22,beta2,0.011428948154887519,-0.0019467787818478659,0.009482169373039653,0.029655843492513056,-0.020173674119473402,NS_RIDGE,NS
2023-05-31,2023-07-03,22,beta0,0.03256541520763287,-5.8521624267017926e-05,0.03250689358336585,0.0347978105956758,-0.002290917012309948,NS_ELASTICNET,NS
2023-05-31,2023-07-03,22,beta1,0.025926226341284022,-0.0008630569922012062,0.025063169349082814,0.01884346539865332,0.0062197039504294956,NS_ELASTICNET,NS
2023-05-31,2023-07-03,22,beta2,0.011428948154887519,-0.002198761533649729,0.00923018662123779,0.029655843492513056,-0.020425656871275268,NS_ELASTICNET,NS
2023-05-31,2023-07-03,22,PC1,0.07630543981993482,-0.0060292403373180745,0.07027619948261674,0.08400237678222508,-0.013726177299608344,PCA_RIDGE,PCA
2023-05-31,2023-07-03,22,PC2,-0.02063350396773885,0.0013801295011617726,-0.019253374466577076,-0.016653345374023083,-0.0026000290925539925,PCA_RIDGE,PCA
2023-05-31,2023-07-03,22,PC3,0.007196864740126221,-0.0004285549568744435,0.006768309783251777,0.0022419499972158932,0.004526359786035884,PCA_RIDGE,PCA
2023-05-31,2023-07-03,22,PC1,0.07630543981993482,-0.003392930476835837,0.07291250934309898,0.08400237678222508,-0.0110898674391261,PCA_RIDGE_VAR,PCA
2023-05-31,2023-07-03,22,PC2,-0.02063350396773885,0.0013458763414765304,-0.019287627626262318,-0.016653345374023083,-0.0026342822522392347,PCA_RIDGE_VAR,PCA
2023-05-31,2023-07-03,22,PC3,0.007196864740126221,-0.0007066730130747632,0.006490191727051457,0.0022419499972158932,0.004248241729835564,PCA_RIDGE_VAR,PCA
2023-05-31,2023-08-03,44,beta0,0.03256541520763287,-0.0003564475698341573,0.032208967637798715,0.038870035298899555,-0.00666106766110084,NS_RIDGE,NS
2023-05-31,2023-08-03,44,beta1,0.025926226341284022,-0.004181820795176657,0.021744405546107366,0.01765405768056309,0.004090347865544276,NS_RIDGE,NS
2023-05-31,2023-08-03,44,beta2,0.011428948154887519,-0.0066216121520650375,0.0048073360028224816,0.014725756802196722,-0.009918420799374241,NS_RIDGE,NS
2023-05-31,2023-08-03,44,beta0,0.03256541520763287,-0.0002636273686465466,0.03230178783898632,0.038870035298899555,-0.006568247459913232,NS_ELASTICNET,NS
2023-05-31,2023-08-03,44,beta1,0.025926226341284022,-0.0032609984399314586,0.022665227901352565,0.01765405768056309,0.005011170220789476,NS_ELASTICNET,NS
2023-05-31,2023-08-03,44,beta2,0.011428948154887519,-0.007483832735213536,0.003945115419673983,0.014725756802196722,-0.01078064138252274,NS_ELASTICNET,NS
2023-05-31,2023-08-03,44,PC1,0.07630543981993482,-0.012188650804331866,0.06411678901560296,0.08578085973117147,-0.021664070715568515,PCA_RIDGE,PCA
2023-05-31,2023-08-03,44,PC2,-0.02063350396773885,0.0022006230434417854,-0.01843288092429706,-0.01325648939068294,-0.005176391533614121,PCA_RIDGE,PCA
2023-05-31,2023-08-03,44,PC3,0.007196864740126221,-0.00031748503088201683,0.006879379709244204,0.00435236935259108,0.0025270103566531242,PCA_RIDGE,PCA
2023-05-31,2023-08-03,44,PC1,0.07630543981993482,-0.006417407039810669,0.06988803278012415,0.08578085973117147,-0.015892826951047323,PCA_RIDGE_VAR,PCA
2023-05-31,2023-08-03,44,PC2,-0.02063350396773885,0.0025458797262484546,-0.018087624241490394,-0.01325648939068294,-0.004831134850807453,PCA_RIDGE_VAR,PCA
2023-05-31,2023-08-03,44,PC3,0.007196864740126221,-0.0013212231892635647,0.005875641550862656,0.00435236935259108,0.0015232721982715762,PCA_RIDGE_VAR,PCA
2023-05-31,2023-09-05,66,beta0,0.03256541520763287,0.0007908146695688313,0.0333562298772017,0.03974825358431658,-0.006392023707114877,NS_RIDGE,NS
2023-05-31,2023-09-05,66,beta1,0.025926226341284022,-0.009336327548231814,0.016589898793052206,0.016608578220794278,-1.867942774207154e-05,NS_RIDGE,NS
2023-05-31,2023-09-05,66,beta2,0.011428948154887519,-0.009005797247750434,0.002423150907137085,0.014774707438705625,-0.01235155653156854,NS_RIDGE,NS
2023-05-31,2023-09-05,66,beta0,0.03256541520763287,0.0006928378983001218,0.03325825310593299,0.03974825358431658,-0.0064900004783835855,NS_ELASTICNET,NS
2023-05-31,2023-09-05,66,beta1,0.025926226341284022,-0.008804880609790988,0.017121345731493036,0.016608578220794278,0.0005127675106987584,NS_ELASTICNET,NS
2023-05-31,2023-09-05,66,beta2,0.011428948154887519,-0.011196990686032983,0.00023195746885453644,0.014774707438705625,-0.014542749969851089,NS_ELASTICNET,NS
2023-05-31,2023-09-05,66,PC1,0.07630543981993482,-0.009725191322334206,0.06658024849760061,0.08700328726668796,-0.020423038769087354,PCA_RIDGE,PCA
2023-05-31,2023-09-05,66,PC2,-0.02063350396773885,0.0042657725387683495,-0.016367731428970498,-0.012262321789451545,-0.0041054096395189525,PCA_RIDGE,PCA
2023-05-31,2023-09-05,66,PC3,0.007196864740126221,-0.0010561728118410802,0.00614069192828514,0.004072704633740442,0.002067987294544698,PCA_RIDGE,PCA
2023-05-31,2023-09-05,66,PC1,0.07630543981993482,-0.009122317651917317,0.0671831221680175,0.08700328726668796,-0.01982016509867046,PCA_RIDGE_VAR,PCA
2023-05-31,2023-09-05,66,PC2,-0.02063350396773885,0.003617903762152253,-0.017015600205586595,-0.012262321789451545,-0.00475327841613505,PCA_RIDGE_VAR,PCA
2023-05-31,2023-09-05,66,PC3,0.007196864740126221,-0.001855794553859905,0.005341070186266316,0.004072704633740442,0.0012683655525258736,PCA_RIDGE_VAR,PCA
2023-05-31,2023-12-08,132,beta0,0.03256541520763287,-0.0021060494271764795,0.03045936578045639,0.04006244794059874,-0.00960308216014235,NS_RIDGE,NS
2023-05-31,2023-12-08,132,beta1,0.025926226341284022,-0.01883403296098501,0.007092193380299011,0.01686269005822575,-0.009770496677926739,NS_RIDGE,NS
2023-05-31,2023-12-08,132,beta2,0.011428948154887519,-0.010489275857954304,0.0009396722969332149,0.004484071714527342,-0.003544399417594127,NS_RIDGE,NS
2023-05-31,2023-12-08,132,beta0,0.03256541520763287,-0.0003259613181966028,0.03223945388943627,0.04006244794059874,-0.00782299405116247,NS_ELASTICNET,NS
2023-05-31,2023-12-08,132,beta1,0.025926226341284022,0.0010623178479157683,0.02698854418919979,0.01686269005822575,0.01012585413097404,NS_ELASTICNET,NS
2023-05-31,2023-12-08,132,beta2,0.011428948154887519,0.0010080315426783035,0.012436979697565822,0.004484071714527342,0.007952907983038479,NS_ELASTICNET,NS
2023-05-31,2023-12-08,132,PC1,0.07630543981993482,-0.042511332351061186,0.03379410746887363,0.08259754135957001,-0.04880343389069638,PCA_RIDGE,PCA
2023-05-31,2023-12-08,132,PC2,-0.02063350396773885,0.010619441531715084,-0.010014062436023765,-0.011810480767595437,0.0017964183315716722,PCA_RIDGE,PCA
2023-05-31,2023-12-08,132,PC3,0.007196864740126221,-0.0038214105545888903,0.0033754541855373302,0.005452852924231838,-0.0020773987386945077,PCA_RIDGE,PCA
2023-05-31,2023-12-08,132,PC1,0.07630543981993482,-0.015716090836884945,0.06058934898304987,0.08259754135957001,-0.022008192376520137,PCA_RIDGE_VAR,PCA
2023-05-31,2023-12-08,132,PC2,-0.02063350396773885,0.006212660141920139,-0.01442084382581871,-0.011810480767595437,-0.0026103630582232727,PCA_RIDGE_VAR,PCA
2023-05-31,2023-12-08,132,PC3,0.007196864740126221,-0.0030785369795547843,0.004118327760571436,0.005452852924231838,-0.0013345251636604017,PCA_RIDGE_VAR,PCA
2023-05-31,2024-06-03,252,beta0,0.03256541520763287,-0.006534061212691102,0.026031353994941768,0.04226631314922922,-0.01623495915428745,NS_RIDGE,NS
2023-05-31,2024-06-03,252,beta1,0.025926226341284022,-0.03125909241409307,-0.005332866072809046,0.015139018416351834,-0.02047188448916088,NS_RIDGE,NS
2023-05-31,2024-06-03,252,beta2,0.011428948154887519,-0.008066886109699366,0.0033620620451881526,0.0019380446508865648,0.0014240173943015878,NS_RIDGE,NS
2023-05-31,2024-06-03,252,beta0,0.03256541520763287,-0.0005944452516927408,0.03197096995594013,0.04226631314922922,-0.010295343193289092,NS_ELASTICNET,NS
2023-05-31,2024-06-03,252,beta1,0.025926226341284022,0.001178231809493571,0.027104458150777593,0.015139018416351834,0.01196543973442576,NS_ELASTICNET,NS
2023-05-31,2024-06-03,252,beta2,0.011428948154887519,0.00170604066780863,0.01313498882269615,0.0019380446508865648,0.011196944171809584,NS_ELASTICNET,NS
2023-05-31,2024-06-03,252,PC1,0.07630543981993482,-0.07474353751634728,0.001561902303587534,0.08530351071797265,-0.08374160841438512,PCA_RIDGE,PCA
2023-05-31,2024-06-03,252,PC2,-0.02063350396773885,0.018296531126997324,-0.0023369728407415247,-0.009735628948626625,0.0073986561078851,PCA_RIDGE,PCA
2023-05-31,2024-06-03,252,PC3,0.007196864740126221,-0.009578280912996083,-0.0023814161728698624,0.00509734919471495,-0.0074787653675848125,PCA_RIDGE,PCA
2023-05-31,2024-06-03,252,PC1,0.07630543981993482,-0.023878700686831504,0.05242673913310331,0.08530351071797265,-0.03287677158486934,PCA_RIDGE_VAR,PCA
2023-05-31,2024-06-03,252,PC2,-0.02063350396773885,0.009303787578933896,-0.011329716388804952,-0.009735628948626625,-0.001594087440178327,PCA_RIDGE_VAR,PCA
2023-05-31,2024-06-03,252,PC3,0.007196864740126221,-0.004345425149319403,0.0028514395908068174,0.00509734919471495,-0.0022459096039081326,PCA_RIDGE_VAR,PCA
2023-06-30,2023-07-10,5,beta0,0.03428742105909356,0.00015356909653261146,0.034440990155626176,0.036891525977656145,-0.0024505358220299686,NS_RIDGE,NS
2023-06-30,2023-07-10,5,beta1,0.01939888268040382,0.0002646885516526391,0.01966357123205646,0.01860069768826801,0.0010628735437884472,NS_RIDGE,NS
2023-06-30,2023-07-10,5,beta2,0.028493491228301138,-0.0016810469703406274,0.026812444257960512,0.020234837130648428,0.006577607127312084,NS_RIDGE,NS
2023-06-30,2023-07-10,5,beta0,0.03428742105909356,5.397519127503149e-05,0.03434139625036859,0.036891525977656145,-0.0025501297272875548,NS_ELASTICNET,NS
2023-06-30,2023-07-10,5,beta1,0.01939888268040382,0.00017895614306297263,0.01957783882346679,0.01860069768826801,0.00097714113519878,NS_ELASTICNET,NS
2023-06-30,2023-07-10,5,beta2,0.028493491228301138,-0.0003332046471168694,0.028160286581184267,0.020234837130648428,0.007925449450535839,NS_ELASTICNET,NS
2023-06-30,2023-07-10,5,PC1,0.08233145279045885,-9.244601970668617e-05,0.08223900677075216,0.08412602437895797,-0.0018870176082058099,PCA_RIDGE,PCA
2023-06-30,2023-07-10,5,PC2,-0.016748049679833926,-1.5846284104842025e-07,-0.016748208142674973,-0.014610494485297665,-0.0021377136573773083,PCA_RIDGE,PCA
2023-06-30,2023-07-10,5,PC3,0.002386053373989266,0.00031749340814885734,0.0027035467821381236,0.0034719671708455697,-0.0007684203887074461,PCA_RIDGE,PCA
2023-06-30,2023-07-10,5,PC1,0.08233145279045885,-0.00010601840629853587,0.08222543438416031,0.08412602437895797,-0.0019005899947976551,PCA_RIDGE_VAR,PCA
2023-06-30,2023-07-10,5,PC2,-0.016748049679833926,0.00013145181159554195,-0.016616597868238384,-0.014610494485297665,-0.0020061033829407195,PCA_RIDGE_VAR,PCA
2023-06-30,2023-07-10,5,PC3,0.002386053373989266,-3.8313064631602476e-05,0.0023477403093576637,0.0034719671708455697,-0.001124226861487906,PCA_RIDGE_VAR,PCA
2023-06-30,2023-07-17,10,beta0,0.03428742105909356,-3.5308207089066064e-05,0.034252112852004496,0.034235000970026096,1.7111881978400245e-05,NS_RIDGE,NS
2023-06-30,2023-07-17,10,beta1,0.01939888268040382,0.0007192622077523595,0.020118144888156178,0.02175474349873375,-0.0016365986105775707,NS_RIDGE,NS
2023-06-30,2023-07-17,10,beta2,0.028493491228301138,-0.002027062311610101,0.026466428916691036,0.02111841483617213,0.005348014080518906,NS_RIDGE,NS
2023-06-30,2023-07-17,10,beta0,0.03428742105909356,-3.379421768086439e-05,0.0342536268414127,0.034235000970026096,1.8625871386603043e-05,NS_ELASTICNET,NS
2023-06-30,2023-07-17,10,beta1,0.01939888268040382,0.00014523983959761926,0.01954412252000144,0.02175474349873375,-0.0022106209787323104,NS_ELASTICNET,NS
2023-06-30,2023-07-17,10,beta2,0.028493491228301138,0.00011161469255745653,0.028605105920858593,0.02111841483617213,0.007486691084686463,NS_ELASTICNET,NS
2023-06-30,2023-07-17,10,PC1,0.08233145279045885,-0.00013986019008377316,0.08219159260037508,0.08097802453506958,0.0012135680653054953,PCA_RIDGE,PCA
2023-06-30,2023-07-17,10,PC2,-0.016748049679833926,-6.22610669249866e-05,-0.016810310746758914,-0.01765111086555425,0.0008408001187953373,PCA_RIDGE,PCA
2023-06-30,2023-07-17,10,PC3,0.002386053373989266,0.00035748977242609656,0.0027435431464153627,0.004332541736491408,-0.0015889985900760456,PCA_RIDGE,PCA
2023-06-30,2023-07-17,10,PC1,0.08233145279045885,-0.00020813428337698725,0.08212331850708186,0.08097802453506958,0.0011452939720122818,PCA_RIDGE_VAR,PCA
2023-06-30,2023-07-17,10,PC2,-0.016748049679833926,0.0002597629987622814,-0.016488286681071645,-0.01765111086555425,0.001162824184482606,PCA_RIDGE_VAR,PCA
2023-06-30,2023-07-17,10,PC3,0.002386053373989266,-7.48732080880104e-05,0.0023111801659012558,0.004332541736491408,-0.0020213615705901525,PCA_RIDGE_VAR,PCA
2023-06-30,2023-08-02,22,beta0,0.03428742105909356,-0.00022824811589630616,0.034059172943197255,0.037550827833457597,-0.0034916548902603414,NS_RIDGE,NS
2023-06-30,2023-08-02,22,beta1,0.01939888268040382,0.000726255767720991,0.02012513844812481,0.018613153483636045,0.001511984964488764,NS_RIDGE,NS
2023-06-30,2023-08-02,22,beta2,0.028493491228301138,-0.0029858859055034194,0.02550760532279772,0.017516666355458094,0.007990938967339625,NS_RIDGE,NS
2023-06-30,2023-08-02,22,beta0,0.03428742105909356,3.5925105166503035e-05,0.03432334616426006,0.037550827833457597,-0.003227481669197535,NS_ELASTICNET,NS
2023-06-30,2023-08-02,22,beta1,0.01939888268040382,0.00024794574170927853,0.0196468284221131,0.018613153483636045,0.0010336749384770548,NS_ELASTICNET,NS
2023-06-30,2023-08-02,22,beta2,0.028493491228301138,-0.0004243454779155663,0.02806914575038557,0.017516666355458094,0.010552479394927476,NS_ELASTICNET,NS
2023-06-30,2023-08-02,22,PC1,0.08233145279045885,-0.0011157128707588145,0.08121573991970003,0.0844884838747508,-0.003272743955050769,PCA_RIDGE,PCA
2023-06-30,2023-08-02,22,PC2,-0.016748049679833926,-0.0002509464206515657,-0.01699899610048549,-0.014161736249085323,-0.0028372598514001673,PCA_RIDGE,PCA
2023-06-30,2023-08-02,22,PC3,0.002386053373989266,0.0004810087616847948,0.002867062135674061,0.003927647679709129,-0.0010605855440350676,PCA_RIDGE,PCA
2023-06-30,2023-08-02,22,PC1,0.08233145279045885,-0.00043849899366091294,0.08189295379679794,0.0844884838747508,-0.002595530077952865,PCA_RIDGE_VAR,PCA
2023-06-30,2023-08-02,22,PC2,-0.016748049679833926,0.0005554924825766708,-0.016192557197257255,-0.014161736249085323,-0.0020308209481719325,PCA_RIDGE_VAR,PCA
2023-06-30,2023-08-02,22,PC3,0.002386053373989266,-0.0001558784821830781,0.002230174891806188,0.003927647679709129,-0.0016974727879029406,PCA_RIDGE_VAR,PCA
2023-06-30,2023-09-01,44,beta0,0.03428742105909356,0.0002757998101406594,0.03456322086923422,0.03888548859671193,-0.004322267727477715,NS_RIDGE,NS
2023-06-30,2023-09-01,44,beta1,0.01939888268040382,-0.0004158879832761103,0.01898299469712771,0.017451281242904664,0.0015317134542230451,NS_RIDGE,NS
2023-06-30,2023-09-01,44,beta2,0.028493491228301138,-0.00831931238229041,0.020174178846010728,0.014181545160147942,0.005992633685862786,NS_RIDGE,NS
2023-06-30,2023-09-01,44,beta0,0.03428742105909356,-1.6867461909274677e-05,0.03427055359718429,0.03888548859671193,-0.004614934999527642,NS_ELASTICNET,NS
2023-06-30,2023-09-01,44,beta1,0.01939888268040382,-0.00046716115633763105,0.01893172152406619,0.017451281242904664,0.0014804402811615242,NS_ELASTICNET,NS
2023-06-30,2023-09-01,44,beta2,0.028493491228301138,-0.00388752361099266,0.024605967617308478,0.014181545160147942,0.010424422457160536,NS_ELASTICNET,NS
2023-06-30,2023-09-01,44,PC1,0.08233145279045885,-0.004815103689417812,0.07751634910104103,0.08499419241432352,-0.007477843313282481,PCA_RIDGE,PCA
2023-06-30,2023-09-01,44,PC2,-0.016748049679833926,0.0006170377885122524,-0.016131011891321673,-0.012720391929854302,-0.003410619961467371,PCA_RIDGE,PCA
2023-06-30,2023-09-01,44,PC3,0.002386053373989266,0.001193092961712408,0.003579146335701674,0.00414427191903069,-0.0005651255833290158,PCA_RIDGE,PCA
2023-06-30,2023-09-01,44,PC1,0.08233145279045885,-0.0008140572042532601,0.08151739558620559,0.08499419241432352,-0.0034767968281179257,PCA_RIDGE_VAR,PCA
2023-06-30,2023-09-01,44,PC2,-0.016748049679833926,0.0010564531765003445,-0.015691596503333582,-0.012720391929854302,-0.0029712045734792795,PCA_RIDGE_VAR,PCA
2023-06-30,2023-09-01,44,PC3,0.002386053373989266,-0.0002821472032831095,0.0021039061707061567,0.00414427191903069,-0.002040365748324533,PCA_RIDGE_VAR,PCA
2023-06-30,2023-10-04,66,beta0,0.03428742105909356,0.000618404142595581,0.034905825201689146,0.045495616597905505,-0.01058979139621636,NS_RIDGE,NS
2023-06-30,2023-10-04,66,beta1,0.01939888268040382,-0.001960876332281719,0.0174380063481221,0.012608531880573547,0.004829474467548552,NS_RIDGE,NS
2023-06-30,2023-10-04,66,beta2,0.028493491228301138,-0.01249656538609058,0.015996925842210557,0.003026021075942405,0.012970904766268151,NS_RIDGE,NS
2023-06-30,2023-10-04,66,beta0,0.03428742105909356,0.0006893735463960008,0.03497679460548956,0.045495616597905505,-0.010518821992415946,NS_ELASTICNET,NS
2023-06-30,2023-10-04,66,beta1,0.01939888268040382,-0.001507291408457639,0.01789159127194618,0.012608531880573547,0.005283059391372632,NS_ELASTICNET,NS
2023-06-30,2023-10-04,66,beta2,0.028493491228301138,-0.011686897125489669,0.01680659410281147,0.003026021075942405,0.013780573026869063,NS_ELASTICNET,NS
2023-06-30,2023-10-04,66,PC1,0.08233145279045885,-0.009241316862950412,0.07309013592750843,0.09151655909359083,-0.018426423166082395,PCA_RIDGE,PCA
2023-06-30,2023-10-04,66,PC2,-0.016748049679833926,0.0016882913989106768,-0.01505975828092325,-0.006262042809244653,-0.008797715471678597,PCA_RIDGE,PCA
2023-06-30,2023-10-04,66,PC3,0.002386053373989266,0.001430084639519123,0.003816138013508389,0.0046231865805425945,-0.0008070485670342055,PCA_RIDGE,PCA
2023-06-30,2023-10-04,66,PC1,0.08233145279045885,-0.0011408095958310993,0.08119064319462775,0.09151655909359083,-0.010325915898963076,PCA_RIDGE_VAR,PCA
2023-06-30,2023-10-04,66,PC2,-0.016748049679833926,0.0015100707830248746,-0.015237978896809052,-0.006262042809244653,-0.008975936087564399,PCA_RIDGE_VAR,PCA
2023-06-30,2023-10-04,66,PC3,0.002386053373989266,-0.0003837202155626443,0.002002333158426622,0.0046231865805425945,-0.0026208534221159726,PCA_RIDGE_VAR,PCA
2023-06-30,2024-01-10,132,beta0,0.03428742105909356,-0.0011767742162373733,0.03311064684285619,0.03868953038179063,-0.0055788835389344385,NS_RIDGE,NS
2023-06-30,2024-01-10,132,beta1,0.01939888268040382,-0.008547097056339017,0.010851785624064803,0.02056883802119088,-0.009717052397126079,NS_RIDGE,NS
2023-06-30,2024-01-10,132,beta2,0.028493491228301138,-0.011469278246616709,0.01702421298168443,-0.008287627678386141,0.02531184066007057,NS_RIDGE,NS
2023-06-30,2024-01-10,132,beta0,0.03428742105909356,0.00034316481503647816,0.03463058587413004,0.03868953038179063,-0.004058944507660589,NS_ELASTICNET,NS
2023-06-30,2024-01-10,132,beta1,0.01939888268040382,-0.0026466207785293527,0.01675226190187447,0.02056883802119088,-0.003816576119316413,NS_ELASTICNET,NS
2023-06-30,2024-01-10,132,beta2,0.028493491228301138,-0.011896846957602337,0.0165966442706988,-0.008287627678386141,0.024884271949084942,NS_ELASTICNET,NS
2023-06-30,2024-01-10,132,PC1,0.08233145279045885,-0.01933048951339889,0.06300096327705997,0.07597996861692052,-0.012979005339860558,PCA_RIDGE,PCA
2023-06-30,2024-01-10,132,PC2,-0.016748049679833926,0.004573776529855394,-0.012174273149978532,-0.013598642276649031,0.0014243691266704987,PCA_RIDGE,PCA
2023-06-30,2024-01-10,132,PC3,0.002386053373989266,-0.0007462094296594215,0.0016398439443298446,0.00786017529605993,-0.006220331351730086,PCA_RIDGE,PCA
2023-06-30,2024-01-10,132,PC1,0.08233145279045885,-0.001935343200894321,0.08039610958956453,0.07597996861692052,0.004416140972644006,PCA_RIDGE_VAR,PCA
2023-06-30,2024-01-10,132,PC2,-0.016748049679833926,0.002644086954896851,-0.014103962724937075,-0.013598642276649031,-0.0005053204482880439,PCA_RIDGE_VAR,PCA
2023-06-30,2024-01-10,132,PC3,0.002386053373989266,-0.0005786075358240833,0.0018074458381651828,0.00786017529605993,-0.006052729457894748,PCA_RIDGE_VAR,PCA
2023-06-30,2024-07-03,252,beta0,0.03428742105909356,-0.011994128470914075,0.022293292588179487,0.04176918023943371,-0.019475887651254225,NS_RIDGE,NS
2023-06-30,2024-07-03,252,beta1,0.01939888268040382,-0.011010605994937863,0.008388276685465957,0.01596611250890312,-0.007577835823437162,NS_RIDGE,NS
2023-06-30,2024-07-03,252,beta2,0.028493491228301138,-0.007605043740332901,0.020888447487968236,-0.0014849242566185113,0.022373371744586746,NS_RIDGE,NS
2023-06-30,2024-07-03,252,beta0,0.03428742105909356,-0.0005800065579742151,0.033707414501119345,0.04176918023943371,-0.008061765738314366,NS_ELASTICNET,NS
2023-06-30,2024-07-03,252,beta1,0.01939888268040382,0.0013816288856573677,0.020780511566061186,0.01596611250890312,0.004814399057158067,NS_ELASTICNET,NS
2023-06-30,2024-07-03,252,beta2,0.028493491228301138,0.0016797663454215018,0.03017325757372264,-0.0014849242566185113,0.03165818183034115,NS_ELASTICNET,NS
2023-06-30,2024-07-03,252,PC1,0.08233145279045885,-0.058856844840989915,0.023474607949468936,0.08273669205464271,-0.05926208410517377,PCA_RIDGE,PCA
2023-06-30,2024-07-03,252,PC2,-0.016748049679833926,0.002843187078092941,-0.013904862601740986,-0.009853075025948906,-0.00405178757579208,PCA_RIDGE,PCA
2023-06-30,2024-07-03,252,PC3,0.002386053373989266,-0.0027758139925630697,-0.00038976061857380357,0.005754273771828761,-0.006144034390402565,PCA_RIDGE,PCA
2023-06-30,2024-07-03,252,PC1,0.08233145279045885,-0.0031457246778355263,0.07918572811262332,0.08273669205464271,-0.0035509639420193834,PCA_RIDGE_VAR,PCA
2023-06-30,2024-07-03,252,PC2,-0.016748049679833926,0.0041188479798056725,-0.012629201700028254,-0.009853075025948906,-0.002776126674079348,PCA_RIDGE_VAR,PCA
2023-06-30,2024-07-03,252,PC3,0.002386053373989266,-0.00069391827900176,0.0016921350949875061,0.005754273771828761,-0.004062138676841255,PCA_RIDGE_VAR,PCA
2023-07-31,2023-08-07,5,beta0,0.03623598407201281,-0.0001367216371268477,0.03609926243488596,0.03767416070639467,-0.0015748982715087095,NS_RIDGE,NS
2023-07-31,2023-08-07,5,beta1,0.019815611264268465,-0.00020677717087080172,0.019608834093397663,0.020035117583590636,-0.00042628349019297254,NS_RIDGE,NS
2023-07-31,2023-08-07,5,beta2,0.020457064838948952,-0.000281939998171689,0.020175124840777263,0.011530756647910737,0.008644368192866526,NS_RIDGE,NS
2023-07-31,2023-08-07,5,beta0,0.03623598407201281,-8.423408676873654e-06,0.03622756066333594,0.03767416070639467,-0.0014466000430587295,NS_ELASTICNET,NS
2023-07-31,2023-08-07,5,beta1,0.019815611264268465,4.70655766701184e-05,0.019862676840938582,0.020035117583590636,-0.00017244074265205384,NS_ELASTICNET,NS
2023-07-31,2023-08-07,5,beta2,0.020457064838948952,5.8882789197245955e-05,0.020515947628146198,0.011530756647910737,0.008985190980235461,NS_ELASTICNET,NS
2023-07-31,2023-08-07,5,PC1,0.08358009186433576,-0.0006132405495273334,0.08296685131480844,0.08297344215196308,-6.590837154638041e-06,PCA_RIDGE,PCA
2023-07-31,2023-08-07,5,PC2,-0.015250763910104399,7.820510639691434e-05,-0.015172558803707483,-0.014210122101865744,-0.0009624367018417398,PCA_RIDGE,PCA
2023-07-31,2023-08-07,5,PC3,0.0036120224751922227,-1.957154251891243e-05,0.00359245093267331,0.005215205299149414,-0.001622754366476104,PCA_RIDGE,PCA
2023-07-31,2023-08-07,5,PC1,0.08358009186433576,-0.00027075869027624877,0.08330933317405952,0.08297344215196308,0.0003358910220964406,PCA_RIDGE_VAR,PCA
2023-07-31,2023-08-07,5,PC2,-0.015250763910104399,0.00016133126084935147,-0.015089432649255047,-0.014210122101865744,-0.0008793105473893035,PCA_RIDGE_VAR,PCA
2023-07-31,2023-08-07,5,PC3,0.0036120224751922227,-6.541800075554214e-05,0.0035466044744366806,0.005215205299149414,-0.0016686008247127336,PCA_RIDGE_VAR,PCA
2023-07-31,2023-08-14,10,beta0,0.03623598407201281,-0.00012193977688124765,0.03611404429513156,0.03901572401561818,-0.002901679720486619,NS_RIDGE,NS
2023-07-31,2023-08-14,10,beta1,0.019815611264268465,-0.0002611289498072113,0.019554482314461254,0.017411591349672875,0.002142890964788379,NS_RIDGE,NS
2023-07-31,2023-08-14,10,beta2,0.020457064838948952,-0.0005610018739982688,0.019896062964950684,0.016199943248672227,0.003696119716278458,NS_RIDGE,NS
2023-07-31,2023-08-14,10,beta0,0.03623598407201281,-3.97736076429935e-05,0.03619621046436982,0.03901572401561818,-0.002819513551248362,NS_ELASTICNET,NS
2023-07-31,2023-08-14,10,beta1,0.019815611264268465,0.0001009646573671874,0.019916575921635652,0.017411591349672875,0.0025049845719627775,NS_ELASTICNET,NS
2023-07-31,2023-08-14,10,beta2,0.020457064838948952,0.00010780010050803021,0.020564864939456983,0.016199943248672227,0.0043649216907847566,NS_ELASTICNET,NS
2023-07-31,2023-08-14,10,PC1,0.08358009186433576,-0.00011230800212648476,0.08346778386220928,0.08611411179913749,-0.0026463279369282056,PCA_RIDGE,PCA
2023-07-31,2023-08-14,10,PC2,-0.015250763910104399,7.497425573889992e-05,-0.015175789654365498,-0.012366468781205064,-0.0028093208731604334,PCA_RIDGE,PCA
2023-07-31,2023-08-14,10,PC3,0.0036120224751922227,-1.4853051509361179e-05,0.0035971694236828617,0.003570309537620924,2.6859886061937534e-05,PCA_RIDGE,PCA
2023-07-31,2023-08-14,10,PC1,0.08358009186433576,-0.0005343718172707429,0.08304572004706502,0.08611411179913749,-0.0030683917520724635,PCA_RIDGE_VAR,PCA
2023-07-31,2023-08-14,10,PC2,-0.015250763910104399,0.0003184239335603904,-0.014932339976544008,-0.012366468781205064,-0.0025658711953389438,PCA_RIDGE_VAR,PCA
2023-07-31,2023-08-14,10,PC3,0.0036120224751922227,-0.00012828301898728904,0.0034837394562049337,0.003570309537620924,-8.657008141599049e-05,PCA_RIDGE_VAR,PCA
2023-07-31,2023-08-30,22,beta0,0.03623598407201281,-6.25563863504947e-05,0.03617342768566232,0.03806749261537096,-0.0018940649297086373,NS_RIDGE,NS
2023-07-31,2023-08-30,22,beta1,0.019815611264268465,-0.0007319601319287271,0.019083651132339736,0.018319937835557992,0.0007637132967817442,NS_RIDGE,NS
2023-07-31,2023-08-30,22,beta2,0.020457064838948952,-0.0021336162824816423,0.01832344855646731,0.016814582413897744,0.0015088661425695649,NS_RIDGE,NS
2023-07-31,2023-08-30,22,beta0,0.03623598407201281,2.1382553971613698e-05,0.03625736662598442,0.03806749261537096,-0.0018101259893865337,NS_ELASTICNET,NS
2023-07-31,2023-08-30,22,beta1,0.019815611264268465,-0.00018955735558760702,0.019626053908680857,0.018319937835557992,0.001306116073122865,NS_ELASTICNET,NS
2023-07-31,2023-08-30,22,beta2,0.020457064838948952,-0.0007220930512979601,0.019734971787650993,0.016814582413897744,0.0029203893737532495,NS_ELASTICNET,NS
2023-07-31,2023-08-30,22,PC1,0.08358009186433576,-0.0006540962209393183,0.08292599564339645,0.08489224586602594,-0.001966250222629487,PCA_RIDGE,PCA
2023-07-31,2023-08-30,22,PC2,-0.015250763910104399,0.00030381612791767346,-0.014946947782186725,-0.013348211576568722,-0.0015987362056180034,PCA_RIDGE,PCA
2023-07-31,2023-08-30,22,PC3,0.0036120224751922227,-2.810272158774515e-05,0.0035839197536044775,0.0038430914286916203,-0.00025917167508714275,PCA_RIDGE,PCA
2023-07-31,2023-08-30,22,PC1,0.08358009186433576,-0.0011396498576118214,0.08244044200672394,0.08489224586602594,-0.002451803859301993,PCA_RIDGE_VAR,PCA
2023-07-31,2023-08-30,22,PC2,-0.015250763910104399,0.0006789781613745546,-0.014571785748729844,-0.013348211576568722,-0.001223574172161122,PCA_RIDGE_VAR,PCA
2023-07-31,2023-08-30,22,PC3,0.0036120224751922227,-0.0002693121924589488,0.003342710282733274,0.0038430914286916203,-0.0005003811459583464,PCA_RIDGE_VAR,PCA
2023-07-31,2023-10-02,44,beta0,0.03623598407201281,0.0007621532765496585,0.03699813734856247,0.0447813930051958,-0.007783255656633327,NS_RIDGE,NS
2023-07-31,2023-10-02,44,beta1,0.019815611264268465,-0.0019175689982322498,0.017898042266036217,0.012672996982315686,0.005225045283720531,NS_RIDGE,NS
2023-07-31,2023-10-02,44,beta2,0.020457064838948952,-0.006459455936185259,0.013997608902763694,0.0076437412773807676,0.006353867625382926,NS_RIDGE,NS
2023-07-31,2023-10-02,44,beta0,0.03623598407201281,0.0006803909600887972,0.03691637503210161,0.0447813930051958,-0.00786501797309419,NS_ELASTICNET,NS
2023-07-31,2023-10-02,44,beta1,0.019815611264268465,-0.0018033703627162027,0.018012240901552262,0.012672996982315686,0.005339243919236576,NS_ELASTICNET,NS
2023-07-31,2023-10-02,44,beta2,0.020457064838948952,-0.006475184084511626,0.013981880754437327,0.0076437412773807676,0.00633813947705656,NS_ELASTICNET,NS
2023-07-31,2023-10-02,44,PC1,0.08358009186433576,-0.0026812938296069217,0.08089879803472884,0.09179170095862253,-0.010892902923893694,PCA_RIDGE,PCA
2023-07-31,2023-10-02,44,PC2,-0.015250763910104399,0.0008002572431387085,-0.01445050666696569,-0.00646574684850771,-0.00798475981845798,PCA_RIDGE,PCA
2023-07-31,2023-10-02,44,PC3,0.0036120224751922227,0.0004192255974855504,0.004031248072677773,0.0038902766062707574,0.0001409714664070156,PCA_RIDGE,PCA
2023-07-31,2023-10-02,44,PC1,0.08358009186433576,-0.0021593904067980924,0.08142070145753767,0.09179170095862253,-0.01037099950108486,PCA_RIDGE_VAR,PCA
2023-07-31,2023-10-02,44,PC2,-0.015250763910104399,0.001284574948045375,-0.013966188962059024,-0.00646574684850771,-0.007500442113551314,PCA_RIDGE_VAR,PCA
2023-07-31,2023-10-02,44,PC3,0.0036120224751922227,-0.0004951729738844274,0.0031168495013077953,0.0038902766062707574,-0.0007734271049629621,PCA_RIDGE_VAR,PCA
2023-07-31,2023-11-02,66,beta0,0.03623598407201281,0.0012595390053893704,0.037495523077402185,0.04476328883714012,-0.007267765759737935,NS_RIDGE,NS
2023-07-31,2023-11-02,66,beta1,0.019815611264268465,-0.0026930893907407896,0.017122521873527675,0.012595711321274078,0.004526810552253598,NS_RIDGE,NS
2023-07-31,2023-11-02,66,beta2,0.020457064838948952,-0.011967498107931442,0.008489566731017511,0.0034987531595066746,0.004990813571510836,NS_RIDGE,NS
2023-07-31,2023-11-02,66,beta0,0.03623598407201281,0.00017062175011079214,0.0364066058221236,0.04476328883714012,-0.00835668301501652,NS_ELASTICNET,NS
2023-07-31,2023-11-02,66,beta1,0.019815611264268465,-0.0016263180276273638,0.0181892932366411,0.012595711321274078,0.005593581915367024,NS_ELASTICNET,NS
2023-07-31,2023-11-02,66,beta2,0.020457064838948952,-0.006414251508932061,0.014042813330016892,0.0034987531595066746,0.010544060170510218,NS_ELASTICNET,NS
2023-07-31,2023-11-02,66,PC1,0.08358009186433576,-0.00702979377989417,0.0765502980844416,0.0893959357542697,-0.012845637669828103,PCA_RIDGE,PCA
2023-07-31,2023-11-02,66,PC2,-0.015250763910104399,0.002205115185173328,-0.01304564872493107,-0.0062706581957526,-0.00677499052917847,PCA_RIDGE,PCA
2023-07-31,2023-11-02,66,PC3,0.0036120224751922227,0.0011627059640390953,0.004774728439231318,0.004492434018989095,0.00028229442024222274,PCA_RIDGE,PCA
2023-07-31,2023-11-02,66,PC1,0.08358009186433576,-0.0030800803443233604,0.0805000115200124,0.0893959357542697,-0.008895924234257294,PCA_RIDGE_VAR,PCA
2023-07-31,2023-11-02,66,PC2,-0.015250763910104399,0.0018267391456310757,-0.013424024764473323,-0.0062706581957526,-0.007153366568720723,PCA_RIDGE_VAR,PCA
2023-07-31,2023-11-02,66,PC3,0.0036120224751922227,-0.0006843926571648588,0.002927629818027364,0.004492434018989095,-0.0015648042009617311,PCA_RIDGE_VAR,PCA
2023-07-31,2024-02-08,132,beta0,0.03623598407201281,0.0008117900341476614,0.037047774106160475,0.0401878707125074,-0.003140096606346926,NS_RIDGE,NS
2023-07-31,2024-02-08,132,beta1,0.019815611264268465,-0.0090426844798931,0.010772926784375365,0.018492285019708066,-0.0077193582353327,NS_RIDGE,NS
2023-07-31,2024-02-08,132,beta2,0.020457064838948952,-0.022162076102571458,-0.001705011263622505,-0.00810795886102475,0.006402947597402245,NS_RIDGE,NS
2023-07-31,2024-02-08,132,beta0,0.03623598407201281,8.218234029108506e-05,0.0363181664123039,0.0401878707125074,-0.0038697043002035025,NS_ELASTICNET,NS
2023-07-31,2024-02-08,132,beta1,0.019815611264268465,-0.002827947768376439,0.016987663495892025,0.018492285019708066,-0.0015046215238160403,NS_ELASTICNET,NS
2023-07-31,2024-02-08,132,beta2,0.020457064838948952,-0.011049151141387895,0.009407913697561058,-0.00810795886102475,0.017515872558585808,NS_ELASTICNET,NS
2023-07-31,2024-02-08,132,PC1,0.08358009186433576,-0.023202469124997648,0.06037762273933812,0.07746672305147288,-0.017089100312134765,PCA_RIDGE,PCA
2023-07-31,2024-02-08,132,PC2,-0.015250763910104399,0.004555310410848319,-0.01069545349925608,-0.011434387307125815,0.0007389338078697353,PCA_RIDGE,PCA
2023-07-31,2024-02-08,132,PC3,0.0036120224751922227,-4.9524350943884395e-05,0.0035624981242483385,0.00704451804392003,-0.003482019919671692,PCA_RIDGE,PCA
2023-07-31,2024-02-08,132,PC1,0.08358009186433576,-0.005409313338507263,0.0781707785258285,0.07746672305147288,0.0007040554743556193,PCA_RIDGE_VAR,PCA
2023-07-31,2024-02-08,132,PC2,-0.015250763910104399,0.003151800745130842,-0.012098963164973556,-0.011434387307125815,-0.0006645758578477413,PCA_RIDGE_VAR,PCA
2023-07-31,2024-02-08,132,PC3,0.0036120224751922227,-0.00108573741546326,0.0025262850597289627,0.00704451804392003,-0.004518232984191068,PCA_RIDGE_VAR,PCA
2023-07-31,2024-08-01,252,beta0,0.03623598407201281,-0.0031576156306367263,0.033078368441376085,0.03836831765269783,-0.005289949211321747,NS_RIDGE,NS
2023-07-31,2024-08-01,252,beta1,0.019815611264268465,-0.023221488010815198,-0.003405876746546733,0.0208870346322688,-0.02429291137881553,NS_RIDGE,NS
2023-07-31,2024-08-01,252,beta2,0.020457064838948952,-0.03855418734966669,-0.018097122510717736,-0.014725603607872876,-0.00337151890284486,NS_RIDGE,NS
2023-07-31,2024-08-01,252,beta0,0.03623598407201281,-0.0005445388082267525,0.03569144526378606,0.03836831765269783,-0.0026768723889117746,NS_ELASTICNET,NS
2023-07-31,2024-08-01,252,beta1,0.019815611264268465,0.0015050799519509587,0.021320691216219424,0.0208870346322688,0.000433656583950625,NS_ELASTICNET,NS
2023-07-31,2024-08-01,252,beta2,0.020457064838948952,0.0016712126425904182,0.02212827748153937,-0.014725603607872876,0.036853881089412246,NS_ELASTICNET,NS
2023-07-31,2024-08-01,252,PC1,0.08358009186433576,-0.06655597292065606,0.01702411894367971,0.07167665714368936,-0.05465253820000965,PCA_RIDGE,PCA
2023-07-31,2024-08-01,252,PC2,-0.015250763910104399,0.003669597028132467,-0.011581166881971932,-0.013393242448443546,0.0018120755664716142,PCA_RIDGE,PCA
2023-07-31,2024-08-01,252,PC3,0.0036120224751922227,-0.002357655613250692,0.0012543668619415306,0.008673102552440009,-0.007418735690498479,PCA_RIDGE,PCA
2023-07-31,2024-08-01,252,PC1,0.08358009186433576,-0.008737617749973225,0.07484247411436254,0.07167665714368936,0.0031658169706731826,PCA_RIDGE_VAR,PCA
2023-07-31,2024-08-01,252,PC2,-0.015250763910104399,0.004795522639566464,-0.010455241270537935,-0.013393242448443546,0.0029380011779056112,PCA_RIDGE_VAR,PCA
2023-07-31,2024-08-01,252,PC3,0.0036120224751922227,-0.0014353986596007504,0.0021766238155914723,0.008673102552440009,-0.006496478736848537,PCA_RIDGE_VAR,PCA
2023-08-31,2023-09-08,5,beta0,0.03780881807382071,9.08957153780571e-05,0.03789971378919876,0.03967603627706605,-0.001776322487867285,NS_RIDGE,NS
2023-08-31,2023-09-08,5,beta1,0.01872148122472058,-0.0003220058806824082,0.01839947534403817,0.016226387588801412,0.002173087755236759,NS_RIDGE,NS
2023-08-31,2023-09-08,5,beta2,0.015826303022769748,1.5194046565272326e-05,0.01584149706933502,0.016364495738731156,-0.000522998669396136,NS_RIDGE,NS
2023-08-31,2023-09-08,5,beta0,0.03780881807382071,3.158304948425796e-05,0.037840401123304966,0.03967603627706605,-0.0018356351537610824,NS_ELASTICNET,NS
2023-08-31,2023-09-08,5,beta1,0.01872148122472058,-0.00015519421101637326,0.01856628701370421,0.016226387588801412,0.0023398994249027964,NS_ELASTICNET,NS
2023-08-31,2023-09-08,5,beta2,0.015826303022769748,-4.643998205867981e-05,0.015779863040711068,0.016364495738731156,-0.0005846326980200878,NS_ELASTICNET,NS
2023-08-31,2023-09-08,5,PC1,0.08375338444239201,-0.0004496234067915417,0.08330376103560047,0.08623818446115047,-0.0029344234255500035,PCA_RIDGE,PCA
2023-08-31,2023-09-08,5,PC2,-0.013335792928483334,0.0001787030170452995,-0.013157089911438035,-0.011061429585624727,-0.002095660325813308,PCA_RIDGE,PCA
2023-08-31,2023-09-08,5,PC3,0.003930336337210155,-0.00011533791671522997,0.0038149984204949253,0.0032100682037717945,0.0006049302167231308,PCA_RIDGE,PCA
2023-08-31,2023-09-08,5,PC1,0.08375338444239201,-0.0003259927627355941,0.08342739167965642,0.08623818446115047,-0.0028107927814940564,PCA_RIDGE_VAR,PCA
2023-08-31,2023-09-08,5,PC2,-0.013335792928483334,0.00016032414039420656,-0.013175468788089128,-0.011061429585624727,-0.002114039202464401,PCA_RIDGE_VAR,PCA
2023-08-31,2023-09-08,5,PC3,0.003930336337210155,-6.775653868789852e-05,0.0038625797985222567,0.0032100682037717945,0.0006525115947504621,PCA_RIDGE_VAR,PCA
2023-08-31,2023-09-15,10,beta0,0.03780881807382071,4.1706669590961606e-05,0.03785052474341167,0.040493022675010086,-0.002642497931598417,NS_RIDGE,NS
2023-08-31,2023-09-15,10,beta1,0.01872148122472058,-0.00047826249824470853,0.01824321872647587,0.015455008699001339,0.0027882100274745324,NS_RIDGE,NS
2023-08-31,2023-09-15,10,beta2,0.015826303022769748,-0.00047314423301579264,0.015353158789753955,0.015499881529637658,-0.0001467227398837031,NS_RIDGE,NS
2023-08-31,2023-09-15,10,beta0,0.03780881807382071,1.2247180377823993e-05,0.03782106525419853,0.040493022675010086,-0.002671957420811555,NS_ELASTICNET,NS
2023-08-31,2023-09-15,10,beta1,0.01872148122472058,-4.2337413291291555e-05,0.01867914381142929,0.015455008699001339,0.003224135112427952,NS_ELASTICNET,NS
2023-08-31,2023-09-15,10,beta2,0.015826303022769748,-0.00010250810424452392,0.015723794918525224,0.015499881529637658,0.00022391338888756544,NS_ELASTICNET,NS
2023-08-31,2023-09-15,10,PC1,0.08375338444239201,-0.0011896385309177443,0.08256374591147427,0.08711135034240533,-0.004547604430931065,PCA_RIDGE,PCA
2023-08-31,2023-09-15,10,PC2,-0.013335792928483334,0.0002157204147252951,-0.01312007251375804,-0.010192977837985694,-0.002927094675772346,PCA_RIDGE,PCA
2023-08-31,2023-09-15,10,PC3,0.003930336337210155,-6.526589741531232e-05,0.003865070439794843,0.003134521754288872,0.0007305486855059707,PCA_RIDGE,PCA
2023-08-31,2023-09-15,10,PC1,0.08375338444239201,-0.0006445918912743459,0.08310879255111767,0.08711135034240533,-0.004002557791287664,PCA_RIDGE_VAR,PCA
2023-08-31,2023-09-15,10,PC2,-0.013335792928483334,0.00031633762897609677,-0.013019455299507238,-0.010192977837985694,-0.002826477461521544,PCA_RIDGE_VAR,PCA
2023-08-31,2023-09-15,10,PC3,0.003930336337210155,-0.00013298403298012736,0.003797352304230028,0.003134521754288872,0.0006628305499411557,PCA_RIDGE_VAR,PCA
2023-08-31,2023-10-03,22,beta0,0.03780881807382071,0.00030084796822041256,0.03810966604204112,0.046251098130761774,-0.008141432088720653,NS_RIDGE,NS
2023-08-31,2023-10-03,22,beta1,0.01872148122472058,-0.0006719621745363748,0.018049519050184204,0.011335185632357218,0.006714333417826986,NS_RIDGE,NS
2023-08-31,2023-10-03,22,beta2,0.015826303022769748,-0.0024536894894187926,0.013372613533350956,0.005228441011262199,0.008144172522088756,NS_RIDGE,NS
2023-08-31,2023-10-03,22,beta0,0.03780881807382071,-2.0895446291329002e-05,0.03778792262752938,0.046251098130761774,-0.008463175503232397,NS_ELASTICNET,NS
2023-08-31,2023-10-03,22,beta1,0.01872148122472058,0.00018733285500968123,0.01890881407973026,0.011335185632357218,0.007573628447373042,NS_ELASTICNET,NS
2023-08-31,2023-10-03,22,beta2,0.015826303022769748,0.00022656539512267947,0.016052868417892427,0.005228441011262199,0.010824427406630227,NS_ELASTICNET,NS
2023-08-31,2023-10-03,22,PC1,0.08375338444239201,-0.0024698381029372093,0.08128354633945481,0.09256668766776718,-0.011283141328312374,PCA_RIDGE,PCA
2023-08-31,2023-10-03,22,PC2,-0.013335792928483334,0.0004684011361548257,-0.012867391792328509,-0.0045415671461982235,-0.008325824646130285,PCA_RIDGE,PCA
2023-08-31,2023-10-03,22,PC3,0.003930336337210155,-1.6740256786958077e-05,0.003913596080423197,0.003776860208619094,0.00013673587180410268,PCA_RIDGE,PCA
2023-08-31,2023-10-03,22,PC1,0.08375338444239201,-0.0013807860008830108,0.082372598441509,0.09256668766776718,-0.010194089226258182,PCA_RIDGE_VAR,PCA
2023-08-31,2023-10-03,22,PC2,-0.013335792928483334,0.0006740259035561691,-0.012661767024927165,-0.0045415671461982235,-0.008120199878728942,PCA_RIDGE_VAR,PCA
2023-08-31,2023-10-03,22,PC3,0.003930336337210155,-0.0002797697334812458,0.0036505666037289094,0.003776860208619094,-0.0001262936048901848,PCA_RIDGE_VAR,PCA
2023-08-31,2023-11-03,44,beta0,0.03780881807382071,0.0005527717616382196,0.038361589835458926,0.043642757412611304,-0.005281167577152378,NS_RIDGE,NS
2023-08-31,2023-11-03,44,beta1,0.01872148122472058,-0.0010780447858605784,0.017643436438860002,0.014462729698019938,0.003180706740840065,NS_RIDGE,NS
2023-08-31,2023-11-03,44,beta2,0.015826303022769748,-0.004652110686611968,0.01117419233615778,-5.551765722537052e-05,0.011229709993383151,NS_RIDGE,NS
2023-08-31,2023-11-03,44,beta0,0.03780881807382071,0.0012657497268543005,0.03907456780067501,0.043642757412611304,-0.004568189611936294,NS_ELASTICNET,NS
2023-08-31,2023-11-03,44,beta1,0.01872148122472058,-0.0014872477246578822,0.017234233500062698,0.014462729698019938,0.00277150380204276,NS_ELASTICNET,NS
2023-08-31,2023-11-03,44,beta2,0.015826303022769748,-0.0071856052947014614,0.008640697728068285,-5.551765722537052e-05,0.008696215385293657,NS_ELASTICNET,NS
2023-08-31,2023-11-03,44,PC1,0.08375338444239201,-0.00463197421691399,0.07912141022547803,0.08619678256298827,-0.007075372337510238,PCA_RIDGE,PCA
2023-08-31,2023-11-03,44,PC2,-0.013335792928483334,0.0013460695349784921,-0.011989723393504842,-0.007352352077335818,-0.0046373713161690245,PCA_RIDGE,PCA
2023-08-31,2023-11-03,44,PC3,0.003930336337210155,0.0005519273565868316,0.004482263693796987,0.005460945834960776,-0.0009786821411637888,PCA_RIDGE,PCA
2023-08-31,2023-11-03,44,PC1,0.08375338444239201,-0.0026364705598595217,0.08111691388253249,0.08619678256298827,-0.005079868680455776,PCA_RIDGE_VAR,PCA
2023-08-31,2023-11-03,44,PC2,-0.013335792928483334,0.0012734651729369752,-0.01206232775554636,-0.007352352077335818,-0.0047099756782105415,PCA_RIDGE_VAR,PCA
2023-08-31,2023-11-03,44,PC3,0.003930336337210155,-0.0005164361854957909,0.0034139001517143643,0.005460945834960776,-0.0020470456832464116,PCA_RIDGE_VAR,PCA
2023-08-31,2023-12-06,66,beta0,0.03780881807382071,0.0015935104284241879,0.0394023285022449,0.038876978231205214,0.0005253502710396846,NS_RIDGE,NS
2023-08-31,2023-12-06,66,beta1,0.01872148122472058,-0.0025747941290594468,0.016146687095661135,0.018770860993710607,-0.002624173898049472,NS_RIDGE,NS
2023-08-31,2023-12-06,66,beta2,0.015826303022769748,-0.010749350316969466,0.005076952705800282,0.002619040119202064,0.002457912586598218,NS_RIDGE,NS
2023-08-31,2023-12-06,66,beta0,0.03780881807382071,0.000244817974672798,0.0380536360484935,0.038876978231205214,-0.0008233421827117116,NS_ELASTICNET,NS
2023-08-31,2023-12-06,66,beta1,0.01872148122472058,-0.0018175835515127116,0.01690389767320787,0.018770860993710607,-0.0018669633205027382,NS_ELASTICNET,NS
2023-08-31,2023-12-06,66,beta2,0.015826303022769748,-0.004806418870006563,0.011019884152763185,0.002619040119202064,0.00840084403356112,NS_ELASTICNET,NS
2023-08-31,2023-12-06,66,PC1,0.08375338444239201,-0.007814154445575178,0.07593922999681683,0.07960271611414582,-0.0036634861173289873,PCA_RIDGE,PCA
2023-08-31,2023-12-06,66,PC2,-0.013335792928483334,0.0021453841997499034,-0.01119040872873343,-0.012300818268894044,0.0011104095401606139,PCA_RIDGE,PCA
2023-08-31,2023-12-06,66,PC3,0.003930336337210155,0.0008679725360924589,0.004798308873302614,0.0058323758421747265,-0.001034066968872113,PCA_RIDGE,PCA
2023-08-31,2023-12-06,66,PC1,0.08375338444239201,-0.0037875058243828086,0.0799658786180092,0.07960271611414582,0.0003631625038633818,PCA_RIDGE_VAR,PCA
2023-08-31,2023-12-06,66,PC2,-0.013335792928483334,0.0018084825434909364,-0.011527310384992398,-0.012300818268894044,0.000773507883901646,PCA_RIDGE_VAR,PCA
2023-08-31,2023-12-06,66,PC3,0.003930336337210155,-0.0007166814255436908,0.0032136549116664644,0.0058323758421747265,-0.002618720930508262,PCA_RIDGE_VAR,PCA
2023-08-31,2024-03-13,132,beta0,0.03780881807382071,-6.713468105835912e-05,0.03774168339276235,0.03996446583044304,-0.00222278243768069,NS_RIDGE,NS
2023-08-31,2024-03-13,132,beta1,0.01872148122472058,-0.007359099173149685,0.011362382051570896,0.01822234978663715,-0.006859967735066254,NS_RIDGE,NS
2023-08-31,2024-03-13,132,beta2,0.015826303022769748,-0.013775805032920023,0.002050497989849725,-0.0008507652726766394,0.002901263262526364,NS_RIDGE,NS
2023-08-31,2024-03-13,132,beta0,0.03780881807382071,3.084940791501481e-05,0.03783966748173572,0.03996446583044304,-0.002124798348707317,NS_ELASTICNET,NS
2023-08-31,2024-03-13,132,beta1,0.01872148122472058,-0.0067709184288826645,0.011950562795837916,0.01822234978663715,-0.006271786990799234,NS_ELASTICNET,NS
2023-08-31,2024-03-13,132,beta2,0.015826303022769748,-0.014414081106679865,0.0014122219160898827,-0.0008507652726766394,0.002262987188766522,NS_ELASTICNET,NS
2023-08-31,2024-03-13,132,PC1,0.08375338444239201,-0.021370231776313343,0.06238315266607867,0.08009011600495627,-0.017706963338877606,PCA_RIDGE,PCA
2023-08-31,2024-03-13,132,PC2,-0.013335792928483334,0.003657096744177925,-0.00967869618430541,-0.011347433810637277,0.0016687376263318666,PCA_RIDGE,PCA
2023-08-31,2024-03-13,132,PC3,0.003930336337210155,-0.0004639529102175655,0.0034663834269925897,0.005981335935910138,-0.0025149525089175487,PCA_RIDGE,PCA
2023-08-31,2024-03-13,132,PC1,0.08375338444239201,-0.006771615647837209,0.0769817687945548,0.08009011600495627,-0.0031083472104014714,PCA_RIDGE_VAR,PCA
2023-08-31,2024-03-13,132,PC2,-0.013335792928483334,0.003107854437216279,-0.010227938491267055,-0.011347433810637277,0.001119495319370221,PCA_RIDGE_VAR,PCA
2023-08-31,2024-03-13,132,PC3,0.003930336337210155,-0.001151465869859479,0.002778870467350676,0.005981335935910138,-0.0032024654685594623,PCA_RIDGE_VAR,PCA
2023-08-31,2024-09-04,252,beta0,0.03780881807382071,-0.012117357525168017,0.025691460548652692,0.036984747728022335,-0.011293287179369643,NS_RIDGE,NS
2023-08-31,2024-09-04,252,beta1,0.01872148122472058,-0.01405927510778205,0.00466220611693853,0.021615272732165257,-0.016953066615226726,NS_RIDGE,NS
2023-08-31,2024-09-04,252,beta2,0.015826303022769748,-0.018037657618905165,-0.0022113545961354175,-0.024926945277895903,0.022715590681760486,NS_RIDGE,NS
2023-08-31,2024-09-04,252,beta0,0.03780881807382071,-0.0004805846126312115,0.0373282334611895,0.036984747728022335,0.0003434857331671634,NS_ELASTICNET,NS
2023-08-31,2024-09-04,252,beta1,0.01872148122472058,0.0016050717105608862,0.020326552935281468,0.021615272732165257,-0.0012887197968837888,NS_ELASTICNET,NS
2023-08-31,2024-09-04,252,beta2,0.015826303022769748,0.001613728439975046,0.017440031462744796,-0.024926945277895903,0.0423669767406407,NS_ELASTICNET,NS
2023-08-31,2024-09-04,252,PC1,0.08375338444239201,-0.06474214290359016,0.01901124153880185,0.06282290326096826,-0.04381166172216641,PCA_RIDGE,PCA
2023-08-31,2024-09-04,252,PC2,-0.013335792928483334,0.003119484243127681,-0.010216308685355655,-0.013958254754911834,0.0037419460695561797,PCA_RIDGE,PCA
2023-08-31,2024-09-04,252,PC3,0.003930336337210155,-0.002461768749376597,0.0014685675878335584,0.009810844603556256,-0.008342277015722698,PCA_RIDGE,PCA
2023-08-31,2024-09-04,252,PC1,0.08375338444239201,-0.011145543467330196,0.07260784097506182,0.06282290326096826,0.009784937714093556,PCA_RIDGE_VAR,PCA
2023-08-31,2024-09-04,252,PC2,-0.013335792928483334,0.004696562549219071,-0.008639230379264264,-0.013958254754911834,0.005319024375647571,PCA_RIDGE_VAR,PCA
2023-08-31,2024-09-04,252,PC3,0.003930336337210155,-0.001559179685912062,0.0023711566512980933,0.009810844603556256,-0.007439687952258163,PCA_RIDGE_VAR,PCA
2023-09-29,2023-10-06,5,beta0,0.04339297348180921,6.376822115244123e-05,0.043456741702961654,0.04602028413655797,-0.0025635424335963136,NS_RIDGE,NS
2023-09-29,2023-10-06,5,beta1,0.013331434883794208,0.0002397074127369668,0.013571142296531174,0.012383069810727421,0.0011880724858037532,NS_RIDGE,NS
2023-09-29,2023-10-06,5,beta2,0.009332738070905539,0.00017153275741730881,0.009504270828322847,0.0021401706948806845,0.007364100133442162,NS_RIDGE,NS
2023-09-29,2023-10-06,5,beta0,0.04339297348180921,-1.1109844529541758e-05,0.04338186363727967,0.04602028413655797,-0.0026384204992782948,NS_ELASTICNET,NS
2023-09-29,2023-10-06,5,beta1,0.013331434883794208,-3.775174361701967e-05,0.013293683140177188,0.012383069810727421,0.0009106133294497672,NS_ELASTICNET,NS
2023-09-29,2023-10-06,5,beta2,0.009332738070905539,-3.288064899226082e-06,0.009329450006006313,0.0021401706948806845,0.0071892793111256285,NS_ELASTICNET,NS
2023-09-29,2023-10-06,5,PC1,0.08890191862296702,-2.9233552897463716e-05,0.08887268507006955,0.09115010077564017,-0.0022774157055706207,PCA_RIDGE,PCA
2023-09-29,2023-10-06,5,PC2,-0.007021394216407638,-9.045168106686997e-05,-0.007111845897474507,-0.004856755314504989,-0.0022550905829695185,PCA_RIDGE,PCA
2023-09-29,2023-10-06,5,PC3,0.0036996765506292443,-2.5294708587562014e-05,0.0036743818420416825,0.00442930994290831,-0.0007549281008666273,PCA_RIDGE,PCA
2023-09-29,2023-10-06,5,PC1,0.08890191862296702,-0.0003121084080150577,0.08858981021495196,0.09115010077564017,-0.002560290560688211,PCA_RIDGE_VAR,PCA
2023-09-29,2023-10-06,5,PC2,-0.007021394216407638,8.988669083905432e-05,-0.006931507525568583,-0.004856755314504989,-0.0020747522110635946,PCA_RIDGE_VAR,PCA
2023-09-29,2023-10-06,5,PC3,0.0036996765506292443,-3.210881623431439e-05,0.00366756773439493,0.00442930994290831,-0.0007617422085133799,PCA_RIDGE_VAR,PCA
2023-09-29,2023-10-16,10,beta0,0.04339297348180921,0.0004994362675114925,0.0438924097493207,0.045222905064666453,-0.0013304953153457505,NS_RIDGE,NS
2023-09-29,2023-10-16,10,beta1,0.013331434883794208,0.00010016633391891521,0.013431601217713123,0.012565689555758717,0.0008659116619544067,NS_RIDGE,NS
2023-09-29,2023-10-16,10,beta2,0.009332738070905539,-6.765683273322403e-05,0.009265081238172315,0.004863695258313551,0.004401385979858764,NS_RIDGE,NS
2023-09-29,2023-10-16,10,beta0,0.04339297348180921,4.168392164860917e-05,0.043434657403457824,0.045222905064666453,-0.0017882476612086293,NS_ELASTICNET,NS
2023-09-29,2023-10-16,10,beta1,0.013331434883794208,-0.0001501122090253679,0.01318132267476884,0.012565689555758717,0.0006156331190101238,NS_ELASTICNET,NS
2023-09-29,2023-10-16,10,beta2,0.009332738070905539,-0.00019217680099404058,0.009140561269911498,0.004863695258313551,0.004276866011597947,NS_ELASTICNET,NS
2023-09-29,2023-10-16,10,PC1,0.08890191862296702,0.00028389441229688167,0.0891858130352639,0.0906426817032707,-0.0014568686680067888,PCA_RIDGE,PCA
2023-09-29,2023-10-16,10,PC2,-0.007021394216407638,0.00023221509903689468,-0.006789179117370743,-0.005501489940719979,-0.0012876891766507633,PCA_RIDGE,PCA
2023-09-29,2023-10-16,10,PC3,0.0036996765506292443,-7.804629275520143e-05,0.0036216302578740427,0.0039653220492687526,-0.0003436917913947099,PCA_RIDGE,PCA
2023-09-29,2023-10-16,10,PC1,0.08890191862296702,-0.0006210551144834459,0.08828086350848358,0.0906426817032707,-0.0023618181947871186,PCA_RIDGE_VAR,PCA
2023-09-29,2023-10-16,10,PC2,-0.007021394216407638,0.0001775673671759702,-0.0068438268492316675,-0.005501489940719979,-0.0013423369085116882,PCA_RIDGE_VAR,PCA
2023-09-29,2023-10-16,10,PC3,0.0036996765506292443,-6.316395047766725e-05,0.003636512600151577,0.0039653220492687526,-0.0003288094491171755,PCA_RIDGE_VAR,PCA
2023-09-29,2023-11-01,22,beta0,0.04339297348180921,0.0009539571517640175,0.04434693063357323,0.0459409132785053,-0.0015939826449320738,NS_RIDGE,NS
2023-09-29,2023-11-01,22,beta1,0.013331434883794208,0.00020394878565799503,0.013535383669452202,0.012514018893164475,0.001021364776287727,NS_RIDGE,NS
2023-09-29,2023-11-01,22,beta2,0.009332738070905539,-0.0017626294983001294,0.007570108572605409,-0.001562347423447704,0.009132455996053113,NS_RIDGE,NS
2023-09-29,2023-11-01,22,beta0,0.04339297348180921,0.00010198912343698152,0.04349496260524619,0.0459409132785053,-0.0024459506732591105,NS_ELASTICNET,NS
2023-09-29,2023-11-01,22,beta1,0.013331434883794208,-0.0003216731665848639,0.013009761717209344,0.012514018893164475,0.0004957428240448692,NS_ELASTICNET,NS
2023-09-29,2023-11-01,22,beta2,0.009332738070905539,-0.0009496046257907615,0.008383133445114778,-0.001562347423447704,0.009945480868562482,NS_ELASTICNET,NS
2023-09-29,2023-11-01,22,PC1,0.08890191862296702,-0.0006983563663623798,0.08820356225660464,0.08906521841775208,-0.0008616561611474449,PCA_RIDGE,PCA
2023-09-29,2023-11-01,22,PC2,-0.007021394216407638,0.00041116441151563114,-0.006610229804892007,-0.004808776765934976,-0.001801453038957031,PCA_RIDGE,PCA
2023-09-29,2023-11-01,22,PC3,0.0036996765506292443,6.136567346181331e-05,0.003761042224091058,0.005176828731960608,-0.0014157865078695503,PCA_RIDGE,PCA
2023-09-29,2023-11-01,22,PC1,0.08890191862296702,-0.0013502951776607902,0.08755162344530623,0.08906521841775208,-0.001513594972445853,PCA_RIDGE_VAR,PCA
2023-09-29,2023-11-01,22,PC2,-0.007021394216407638,0.00037941819014745883,-0.006641976026260179,-0.004808776765934976,-0.001833199260325203,PCA_RIDGE_VAR,PCA
2023-09-29,2023-11-01,22,PC3,0.0036996765506292443,-0.00013364002677765255,0.0035660365238515917,0.005176828731960608,-0.0016107922081090163,PCA_RIDGE_VAR,PCA
2023-09-29,2023-12-04,44,beta0,0.04339297348180921,0.0008194486556560717,0.04421242213746528,0.04071507083669459,0.0034973513007706958,NS_RIDGE,NS
2023-09-29,2023-12-04,44,beta1,0.013331434883794208,0.001130748880129029,0.014462183763923237,0.017371004514861482,-0.002908820750938245,NS_RIDGE,NS
2023-09-29,2023-12-04,44,beta2,0.009332738070905539,-0.003334441335146222,0.0059982967357593165,-0.0004447644642309989,0.006443061199990315,NS_RIDGE,NS
2023-09-29,2023-12-04,44,beta0,0.04339297348180921,0.0013912122526122063,0.04478418573442142,0.04071507083669459,0.004069114897726829,NS_ELASTICNET,NS
2023-09-29,2023-12-04,44,beta1,0.013331434883794208,0.0003432532559389736,0.01367468813973318,0.017371004514861482,-0.0036963163751283015,NS_ELASTICNET,NS
2023-09-29,2023-12-04,44,beta2,0.009332738070905539,-0.00486474318345693,0.004467994887448609,-0.0004447644642309989,0.004912759351679607,NS_ELASTICNET,NS
2023-09-29,2023-12-04,44,PC1,0.08890191862296702,-0.0033409505779510573,0.08556096804501596,0.08101553925171412,0.004545428793301845,PCA_RIDGE,PCA
2023-09-29,2023-12-04,44,PC2,-0.007021394216407638,0.00043895301701824885,-0.006582441199389389,-0.010242282527387278,0.003659841327997889,PCA_RIDGE,PCA
2023-09-29,2023-12-04,44,PC3,0.0036996765506292443,0.0005647102425258291,0.004264386793155073,0.005960996142679677,-0.0016966093495246037,PCA_RIDGE,PCA
2023-09-29,2023-12-04,44,PC1,0.08890191862296702,-0.0026463514831126106,0.08625556713985441,0.08101553925171412,0.005240027888140292,PCA_RIDGE_VAR,PCA
2023-09-29,2023-12-04,44,PC2,-0.007021394216407638,0.0007205178331849823,-0.006300876383222655,-0.010242282527387278,0.003941406144164623,PCA_RIDGE_VAR,PCA
2023-09-29,2023-12-04,44,PC3,0.0036996765506292443,-0.0002494240649069416,0.0034502524857223027,0.005960996142679677,-0.002510743656957374,PCA_RIDGE_VAR,PCA
2023-09-29,2024-01-05,66,beta0,0.04339297348180921,0.0013305956403298843,0.044723569122139095,0.03887367053256725,0.005849898589571842,NS_RIDGE,NS
2023-09-29,2024-01-05,66,beta1,0.013331434883794208,0.00010939950967778607,0.013440834393471993,0.020163165198904667,-0.006722330805432674,NS_RIDGE,NS
2023-09-29,2024-01-05,66,beta2,0.009332738070905539,-0.008215616062859369,0.0011171220080461695,-0.007022345514676772,0.008139467522722942,NS_RIDGE,NS
2023-09-29,2024-01-05,66,beta0,0.04339297348180921,-4.261170541288733e-05,0.043350361776396326,0.03887367053256725,0.004476691243829073,NS_ELASTICNET,NS
2023-09-29,2024-01-05,66,beta1,0.013331434883794208,-0.0010935775924846161,0.012237857291309592,0.020163165198904667,-0.007925307907595075,NS_ELASTICNET,NS
2023-09-29,2024-01-05,66,beta2,0.009332738070905539,-0.0034720416081883716,0.005860696462717167,-0.007022345514676772,0.012883041977393938,NS_ELASTICNET,NS
2023-09-29,2024-01-05,66,PC1,0.08890191862296702,-0.006987924961473781,0.08191399366149324,0.07570617911007171,0.0062078145514215255,PCA_RIDGE,PCA
2023-09-29,2024-01-05,66,PC2,-0.007021394216407638,0.0004551493129348035,-0.0065662449034728345,-0.012557882579034264,0.00599163767556143,PCA_RIDGE,PCA
2023-09-29,2024-01-05,66,PC3,0.0036996765506292443,0.0010590895342829825,0.004758766084912227,0.007130308217726332,-0.002371542132814105,PCA_RIDGE,PCA
2023-09-29,2024-01-05,66,PC1,0.08890191862296702,-0.0038960025832276146,0.08500591603973941,0.07570617911007171,0.009299736929667693,PCA_RIDGE_VAR,PCA
2023-09-29,2024-01-05,66,PC2,-0.007021394216407638,0.0010283239862084424,-0.005993070230199195,-0.012557882579034264,0.006564812348835069,PCA_RIDGE_VAR,PCA
2023-09-29,2024-01-05,66,PC3,0.0036996765506292443,-0.0003502372761704773,0.003349439274458767,0.007130308217726332,-0.003780868943267565,PCA_RIDGE_VAR,PCA
2023-09-29,2024-04-11,132,beta0,0.04339297348180921,0.0003402357476839207,0.043733209229493135,0.044259161101198895,-0.0005259518717057599,NS_RIDGE,NS
2023-09-29,2024-04-11,132,beta1,0.013331434883794208,-0.0030137310881232114,0.010317703795670995,0.011799470250415896,-0.0014817664547449004,NS_RIDGE,NS
2023-09-29,2024-04-11,132,beta2,0.009332738070905539,-0.01563714259301016,-0.006304404522104623,0.00307105227356318,-0.009375456795667803,NS_RIDGE,NS
2023-09-29,2024-04-11,132,beta0,0.04339297348180921,-2.7769839500730106e-05,0.04336520364230848,0.044259161101198895,-0.0008939574588904126,NS_ELASTICNET,NS
2023-09-29,2024-04-11,132,beta1,0.013331434883794208,-0.0038137493379586627,0.009517685545835545,0.011799470250415896,-0.002281784704580351,NS_ELASTICNET,NS
2023-09-29,2024-04-11,132,beta2,0.009332738070905539,-0.013768823431997687,-0.004436085361092149,0.00307105227356318,-0.007507137634655329,NS_ELASTICNET,NS
2023-09-29,2024-04-11,132,PC1,0.08890191862296702,-0.02157200873584687,0.06732990988712015,0.08610302261377883,-0.018773112726658686,PCA_RIDGE,PCA
2023-09-29,2024-04-11,132,PC2,-0.007021394216407638,0.000253241031366611,-0.006768153185041027,-0.005672744475736569,-0.001095408709304458,PCA_RIDGE,PCA
2023-09-29,2024-04-11,132,PC3,0.0036996765506292443,0.000219778844148761,0.003919455394778005,0.0034949403755287663,0.0004245150192492388,PCA_RIDGE,PCA
2023-09-29,2024-04-11,132,PC1,0.08890191862296702,-0.007426291559946355,0.08147562706302067,0.08610302261377883,-0.004627395550758168,PCA_RIDGE_VAR,PCA
2023-09-29,2024-04-11,132,PC2,-0.007021394216407638,0.0017918766029621823,-0.005229517613445455,-0.005672744475736569,0.0004432268622911132,PCA_RIDGE_VAR,PCA
2023-09-29,2024-04-11,132,PC3,0.0036996765506292443,-0.0005853177052622797,0.0031143588453669646,0.0034949403755287663,-0.0003805815301618017,PCA_RIDGE_VAR,PCA
2023-09-29,2024-10-02,252,beta0,0.04339297348180921,-0.01209636880208987,0.03129660467971934,0.03754383993647263,-0.006247235256753289,NS_RIDGE,NS
2023-09-29,2024-10-02,252,beta1,0.013331434883794208,-0.008801473967380555,0.004529960916413653,0.015065123399573664,-0.010535162483160011,NS_RIDGE,NS
2023-09-29,2024-10-02,252,beta2,0.009332738070905539,-0.0115344676831068,-0.0022017296122012614,-0.023461376586868345,0.021259646974667083,NS_RIDGE,NS
2023-09-29,2024-10-02,252,beta0,0.04339297348180921,-0.00044172215814624623,0.04295125132366297,0.03754383993647263,0.005407411387190336,NS_ELASTICNET,NS
2023-09-29,2024-10-02,252,beta1,0.013331434883794208,0.0016849125209241528,0.01501634740471836,0.015065123399573664,-4.8775994855303206e-05,NS_ELASTICNET,NS
2023-09-29,2024-10-02,252,beta2,0.009332738070905539,0.0015516487341489986,0.010884386805054536,-0.023461376586868345,0.034345763391922884,NS_ELASTICNET,NS
2023-09-29,2024-10-02,252,PC1,0.08890191862296702,-0.06062646815352982,0.028275450469437205,0.05698674574126906,-0.028711295271831853,PCA_RIDGE,PCA
2023-09-29,2024-10-02,252,PC2,-0.007021394216407638,0.0003982751308589335,-0.006623119085548704,-0.010197847078774521,0.0035747279932258173,PCA_RIDGE,PCA
2023-09-29,2024-10-02,252,PC3,0.0036996765506292443,-0.0023489815818318266,0.0013506949687974177,0.007728073673774653,-0.006377378704977235,PCA_RIDGE,PCA
2023-09-29,2024-10-02,252,PC1,0.08890191862296702,-0.013277518167841812,0.07562440045512521,0.05698674574126906,0.01863765471385615,PCA_RIDGE_VAR,PCA
2023-09-29,2024-10-02,252,PC2,-0.007021394216407638,0.002763556666776892,-0.004257837549630746,-0.010197847078774521,0.005940009529143775,PCA_RIDGE_VAR,PCA
2023-09-29,2024-10-02,252,PC3,0.0036996765506292443,-0.0008608209877646929,0.0028388555628645513,0.007728073673774653,-0.004889218110910101,PCA_RIDGE_VAR,PCA
2023-10-31,2023-11-07,5,beta0,0.04730852028817099,0.00016812779807423374,0.04747664808624522,0.04369474199412434,0.003781906092120882,NS_RIDGE,NS
2023-10-31,2023-11-07,5,beta1,0.010756286291830567,-0.0001516900007333839,0.010604596291097184,0.014223152786457171,-0.0036185564953599876,NS_RIDGE,NS
2023-10-31,2023-11-07,5,beta2,-4.772827491121953e-05,-0.000456314085194274,-0.0005040423601054935,0.0019205001933943757,-0.0024245425534998692,NS_RIDGE,NS
2023-10-31,2023-11-07,5,beta0,0.04730852028817099,1.0254846247776493e-05,0.04731877513441876,0.04369474199412434,0.0036240331402944206,NS_ELASTICNET,NS
2023-10-31,2023-11-07,5,beta1,0.010756286291830567,-2.1553427290073538e-06,0.01075413094910156,0.014223152786457171,-0.003469021837355611,NS_ELASTICNET,NS
2023-10-31,2023-11-07,5,beta2,-4.772827491121953e-05,-8.42594643670665e-08,-4.7812534375586596e-05,0.0019205001933943757,-0.001968312727769962,NS_ELASTICNET,NS
2023-10-31,2023-11-07,5,PC1,0.09118833076574757,-0.0001812345177686548,0.09100709624797892,0.08639113531697618,0.004615960931002749,PCA_RIDGE,PCA
2023-10-31,2023-11-07,5,PC2,-0.003118199668186422,0.0001670056250801641,-0.0029511940431062576,-0.006944179103890509,0.003992985060784252,PCA_RIDGE,PCA
2023-10-31,2023-11-07,5,PC3,0.00429819977003578,5.272155224223996e-06,0.004303471925260004,0.004927066835897071,-0.0006235949106370674,PCA_RIDGE,PCA
2023-10-31,2023-11-07,5,PC1,0.09118833076574757,-0.00040646545957859215,0.09078186530616898,0.08639113531697618,0.004390729989192807,PCA_RIDGE_VAR,PCA
2023-10-31,2023-11-07,5,PC2,-0.003118199668186422,7.254854837350543e-05,-0.0030456511198129164,-0.006944179103890509,0.0038985279840775926,PCA_RIDGE_VAR,PCA
2023-10-31,2023-11-07,5,PC3,0.00429819977003578,-3.138692319199811e-05,0.004266812846843782,0.004927066835897071,-0.0006602539890532893,PCA_RIDGE_VAR,PCA
2023-10-31,2023-11-14,10,beta0,0.04730852028817099,0.00032151338439470356,0.04763003367256569,0.04236335935361571,0.0052666743189499834,NS_RIDGE,NS
2023-10-31,2023-11-14,10,beta1,0.010756286291830567,-0.00026537695142849025,0.010490909340402076,0.015369689652491988,-0.004878780312089912,NS_RIDGE,NS
2023-10-31,2023-11-14,10,beta2,-4.772827491121953e-05,-0.0014639031147972886,-0.0015116313897085081,0.0016792910487983088,-0.003190922438506817,NS_RIDGE,NS
2023-10-31,2023-11-14,10,beta0,0.04730852028817099,5.162079930229421e-05,0.04736014108747328,0.04236335935361571,0.004996781733857571,NS_ELASTICNET,NS
2023-10-31,2023-11-14,10,beta1,0.010756286291830567,-0.00012101829811219202,0.010635267993718375,0.015369689652491988,-0.004734421658773613,NS_ELASTICNET,NS
2023-10-31,2023-11-14,10,beta2,-4.772827491121953e-05,-0.0002488492015249109,-0.0002965774764361304,0.0016792910487983088,-0.0019758685252344393,NS_ELASTICNET,NS
2023-10-31,2023-11-14,10,PC1,0.09118833076574757,-0.0006144231029180024,0.09057390766282958,0.08395473102508666,0.006619176637742918,PCA_RIDGE,PCA
2023-10-31,2023-11-14,10,PC2,-0.003118199668186422,0.0003230519382398517,-0.00279514772994657,-0.008295121591565237,0.005499973861618667,PCA_RIDGE,PCA
2023-10-31,2023-11-14,10,PC3,0.00429819977003578,8.393733987814403e-05,0.004382137109913924,0.0050456142514094734,-0.0006634771414955496,PCA_RIDGE,PCA
2023-10-31,2023-11-14,10,PC1,0.09118833076574757,-0.000809840375203888,0.09037849039054369,0.08395473102508666,0.006423759365457027,PCA_RIDGE_VAR,PCA
2023-10-31,2023-11-14,10,PC2,-0.003118199668186422,0.00014320311822948106,-0.002974996549956941,-0.008295121591565237,0.005320125041608296,PCA_RIDGE_VAR,PCA
2023-10-31,2023-11-14,10,PC3,0.00429819977003578,-6.195260730352224e-05,0.004236247162732258,0.0050456142514094734,-0.0008093670886772158,PCA_RIDGE_VAR,PCA
2023-10-31,2023-12-01,22,beta0,0.04730852028817099,0.0002751505980350251,0.04758367088620601,0.04001181042387984,0.00757186046232617,NS_RIDGE,NS
2023-10-31,2023-12-01,22,beta1,0.010756286291830567,-0.00010596094424982115,0.010650325347580746,0.017900787281323445,-0.007250461933742699,NS_RIDGE,NS
2023-10-31,2023-12-01,22,beta2,-4.772827491121953e-05,-0.003452888189579702,-0.0035006164644909217,-0.0015248910035809973,-0.001975725460909924,NS_RIDGE,NS
2023-10-31,2023-12-01,22,beta0,0.04730852028817099,0.00019541848368760987,0.04750393877185859,0.04001181042387984,0.007492128347978751,NS_ELASTICNET,NS
2023-10-31,2023-12-01,22,beta1,0.010756286291830567,-0.00021496611502053368,0.010541320176810033,0.017900787281323445,-0.0073594671045134116,NS_ELASTICNET,NS
2023-10-31,2023-12-01,22,beta2,-4.772827491121953e-05,-0.003137981132477288,-0.0031857094073885076,-0.0015248910035809973,-0.0016608184038075103,NS_ELASTICNET,NS
2023-10-31,2023-12-01,22,PC1,0.09118833076574757,-0.002349930841358763,0.08883839992438881,0.07872734734019896,0.010111052584189859,PCA_RIDGE,PCA
2023-10-31,2023-12-01,22,PC2,-0.003118199668186422,0.00019558862390995285,-0.002922611044276469,-0.010766060659104175,0.007843449614827705,PCA_RIDGE,PCA
2023-10-31,2023-12-01,22,PC3,0.00429819977003578,0.00022697686542970142,0.004525176635465481,0.006185019685629865,-0.0016598430501643842,PCA_RIDGE,PCA
2023-10-31,2023-12-01,22,PC1,0.09118833076574757,-0.0017658257797190519,0.08942250498602852,0.07872734734019896,0.010695157645829567,PCA_RIDGE_VAR,PCA
2023-10-31,2023-12-01,22,PC2,-0.003118199668186422,0.00030539809571576053,-0.0028128015724706613,-0.010766060659104175,0.007953259086633514,PCA_RIDGE_VAR,PCA
2023-10-31,2023-12-01,22,PC3,0.00429819977003578,-0.0001321464193914674,0.0041660533506443125,0.006185019685629865,-0.002018966334985553,PCA_RIDGE_VAR,PCA
2023-10-31,2024-01-04,44,beta0,0.04730852028817099,0.0009407225990066556,0.04824924288717764,0.03812232640328189,0.01012691648389575,NS_RIDGE,NS
2023-10-31,2024-01-04,44,beta1,0.010756286291830567,-0.0013673330950712828,0.009388953196759284,0.02101072593369668,-0.011621772736937395,NS_RIDGE,NS
2023-10-31,2024-01-04,44,beta2,-4.772827491121953e-05,-0.004701651842335685,-0.004749380117246904,-0.005926167781271346,0.0011767876640244417,NS_RIDGE,NS
2023-10-31,2024-01-04,44,beta0,0.04730852028817099,0.001220790435610583,0.04852931072378157,0.03812232640328189,0.010406984320499676,NS_ELASTICNET,NS
2023-10-31,2024-01-04,44,beta1,0.010756286291830567,-0.0012190740602729723,0.009537212231557594,0.02101072593369668,-0.011473513702139086,NS_ELASTICNET,NS
2023-10-31,2024-01-04,44,beta2,-4.772827491121953e-05,-0.006304878090988706,-0.006352606365899925,-0.005926167781271346,-0.0004264385846285794,NS_ELASTICNET,NS
2023-10-31,2024-01-04,44,PC1,0.09118833076574757,-0.004234154686578313,0.08695417607916926,0.0748549936269492,0.012099182452220067,PCA_RIDGE,PCA
2023-10-31,2024-01-04,44,PC2,-0.003118199668186422,0.0008573288330988147,-0.002260870835087607,-0.013347120770208575,0.011086249935120968,PCA_RIDGE,PCA
2023-10-31,2024-01-04,44,PC3,0.00429819977003578,0.0001037229754322375,0.004401922745468017,0.007108922059177035,-0.002706999313709018,PCA_RIDGE,PCA
2023-10-31,2024-01-04,44,PC1,0.09118833076574757,-0.003476987809897053,0.08771134295585052,0.0748549936269492,0.012856349328901326,PCA_RIDGE_VAR,PCA
2023-10-31,2024-01-04,44,PC2,-0.003118199668186422,0.0005778228988869041,-0.0025403767692995178,-0.013347120770208575,0.010806744000909058,PCA_RIDGE_VAR,PCA
2023-10-31,2024-01-04,44,PC3,0.00429819977003578,-0.0002503496686944648,0.004047850101341315,0.007108922059177035,-0.00306107195783572,PCA_RIDGE_VAR,PCA
2023-10-31,2024-02-06,66,beta0,0.04730852028817099,0.0014175488177184258,0.04872606910588941,0.03933583081832779,0.009390238287561622,NS_RIDGE,NS
2023-10-31,2024-02-06,66,beta1,0.010756286291830567,-0.0015158073383333126,0.009240478953497255,0.01968011957845614,-0.010439640624958885,NS_RIDGE,NS
2023-10-31,2024-02-06,66,beta2,-4.772827491121953e-05,-0.010191757194355238,-0.010239485469266457,-0.008661505471405559,-0.0015779799978608983,NS_RIDGE,NS
2023-10-31,2024-02-06,66,beta0,0.04730852028817099,0.001498883667464521,0.04880740395563551,0.03933583081832779,0.009471573137307718,NS_ELASTICNET,NS
2023-10-31,2024-02-06,66,beta1,0.010756286291830567,-0.0015872482063782258,0.00916903808545234,0.01968011957845614,-0.0105110814930038,NS_ELASTICNET,NS
2023-10-31,2024-02-06,66,beta2,-4.772827491121953e-05,-0.009389240342510525,-0.009436968617421744,-0.008661505471405559,-0.0007754631460161858,NS_ELASTICNET,NS
2023-10-31,2024-02-06,66,PC1,0.09118833076574757,-0.005789468419720885,0.08539886234602669,0.07513318591357684,0.010265676432449841,PCA_RIDGE,PCA
2023-10-31,2024-02-06,66,PC2,-0.003118199668186422,0.0014600590414663762,-0.0016581406267200457,-0.011886565794561134,0.010228425167841088,PCA_RIDGE,PCA
2023-10-31,2024-02-06,66,PC3,0.00429819977003578,0.0011372737147832758,0.005435473484819056,0.007251966325654204,-0.0018164928408351474,PCA_RIDGE,PCA
2023-10-31,2024-02-06,66,PC1,0.09118833076574757,-0.005139297301785584,0.08604903346396199,0.07513318591357684,0.010915847550385147,PCA_RIDGE_VAR,PCA
2023-10-31,2024-02-06,66,PC2,-0.003118199668186422,0.000821506329908162,-0.00229669333827826,-0.011886565794561134,0.009589872456282874,PCA_RIDGE_VAR,PCA
2023-10-31,2024-02-06,66,PC3,0.00429819977003578,-0.00035682508312611175,0.003941374686909668,0.007251966325654204,-0.0033105916387445354,PCA_RIDGE_VAR,PCA
2023-10-31,2024-05-10,132,beta0,0.04730852028817099,-0.0009636404544856548,0.046344879833685335,0.043293316502030596,0.0030515633316547386,NS_RIDGE,NS
2023-10-31,2024-05-10,132,beta1,0.010756286291830567,-0.004522939758773877,0.00623334653305669,0.013684202430754907,-0.007450855897698217,NS_RIDGE,NS
2023-10-31,2024-05-10,132,beta2,-4.772827491121953e-05,-0.01649275605991281,-0.01654048433482403,0.00202888356940085,-0.01856936790422488,NS_RIDGE,NS
2023-10-31,2024-05-10,132,beta0,0.04730852028817099,-0.0010753792753714607,0.046233141012799524,0.043293316502030596,0.0029398245107689278,NS_ELASTICNET,NS
2023-10-31,2024-05-10,132,beta1,0.010756286291830567,-0.0011816455875899902,0.009574640704240576,0.013684202430754907,-0.004109561726514331,NS_ELASTICNET,NS
2023-10-31,2024-05-10,132,beta2,-4.772827491121953e-05,-0.007544582269174016,-0.007592310544085235,0.00202888356940085,-0.009621194113486085,NS_ELASTICNET,NS
2023-10-31,2024-05-10,132,PC1,0.09118833076574757,-0.020676279548355825,0.07051205121739175,0.08471776555677452,-0.014205714339382766,PCA_RIDGE,PCA
2023-10-31,2024-05-10,132,PC2,-0.003118199668186422,0.0022320578619941115,-0.0008861418061923104,-0.00697587388782811,0.006089732081635799,PCA_RIDGE,PCA
2023-10-31,2024-05-10,132,PC3,0.00429819977003578,0.0010354111051741237,0.005333610875209904,0.004278568476107577,0.0010550423991023267,PCA_RIDGE,PCA
2023-10-31,2024-05-10,132,PC1,0.09118833076574757,-0.009877548756537888,0.08131078200920969,0.08471776555677452,-0.003406983547564829,PCA_RIDGE_VAR,PCA
2023-10-31,2024-05-10,132,PC2,-0.003118199668186422,0.0014137722831912111,-0.0017044273849952107,-0.00697587388782811,0.005271446502832899,PCA_RIDGE_VAR,PCA
2023-10-31,2024-05-10,132,PC3,0.00429819977003578,-0.0006230789389116875,0.0036751208311240923,0.004278568476107577,-0.0006034476449834846,PCA_RIDGE_VAR,PCA
2023-10-31,2024-11-01,252,beta0,0.04730852028817099,-0.01610389579711041,0.031204624491060578,0.04395844221546663,-0.012753817724406053,NS_RIDGE,NS
2023-10-31,2024-11-01,252,beta1,0.010756286291830567,-0.010498789820662914,0.0002574964711676529,0.004556996187532953,-0.0042994997163653004,NS_RIDGE,NS
2023-10-31,2024-11-01,252,beta2,-4.772827491121953e-05,-0.014720549452479591,-0.01476827772739081,-0.0133498996791928,-0.0014183780481980112,NS_RIDGE,NS
2023-10-31,2024-11-01,252,beta0,0.04730852028817099,-0.004034382953107964,0.04327413733506302,0.04395844221546663,-0.0006843048804036078,NS_ELASTICNET,NS
2023-10-31,2024-11-01,252,beta1,0.010756286291830567,-0.008561391294734936,0.002194894997095631,0.004556996187532953,-0.0023621011904373223,NS_ELASTICNET,NS
2023-10-31,2024-11-01,252,beta2,-4.772827491121953e-05,-0.017563989546250942,-0.01761171782116216,-0.0133498996791928,-0.004261818141969362,NS_ELASTICNET,NS
2023-10-31,2024-11-01,252,PC1,0.09118833076574757,-0.06893147252735914,0.02225685823838844,0.06728535704744455,-0.045028498809056114,PCA_RIDGE,PCA
2023-10-31,2024-11-01,252,PC2,-0.003118199668186422,-0.0021263360747097422,-0.0052445357428961645,-0.001582903822557949,-0.0036616319203382156,PCA_RIDGE,PCA
2023-10-31,2024-11-01,252,PC3,0.00429819977003578,-0.0018541405468365142,0.0024440592231992657,0.0033658526203426097,-0.000921793397143344,PCA_RIDGE,PCA
2023-10-31,2024-11-01,252,PC1,0.09118833076574757,-0.01774180163718697,0.0734465291285606,0.06728535704744455,0.006161172081116051,PCA_RIDGE_VAR,PCA
2023-10-31,2024-11-01,252,PC2,-0.003118199668186422,0.0021249694568606318,-0.00099323021132579,-0.001582903822557949,0.0005896736112321588,PCA_RIDGE_VAR,PCA
2023-10-31,2024-11-01,252,PC3,0.00429819977003578,-0.0009842187301559928,0.003313981039879787,0.0033658526203426097,-5.187158046282255e-05,PCA_RIDGE_VAR,PCA
2023-11-30,2023-12-07,5,beta0,0.04153250832881886,-0.00013365319291603668,0.04139885513590282,0.03907471646722938,0.0023241386686734394,NS_RIDGE,NS
2023-11-30,2023-12-07,5,beta1,0.015767127986287648,-0.00041606233178182817,0.01535106565450582,0.01865136636144901,-0.003300300706943189,NS_RIDGE,NS
2023-11-30,2023-12-07,5,beta2,0.0014293816632186514,-7.193353154209538e-05,0.001357448131676556,0.0012530943913530816,0.00010435374032347435,NS_RIDGE,NS
2023-11-30,2023-12-07,5,beta0,0.04153250832881886,-1.1199915079732743e-05,0.041521308413739126,0.03907471646722938,0.0024465919465097435,NS_ELASTICNET,NS
2023-11-30,2023-12-07,5,beta1,0.015767127986287648,-5.2802050039042524e-05,0.015714325936248604,0.01865136636144901,-0.0029370404252004045,NS_ELASTICNET,NS
2023-11-30,2023-12-07,5,beta2,0.0014293816632186514,6.964398728639013e-05,0.0014990256505050415,0.0012530943913530816,0.0002459312591519599,NS_ELASTICNET,NS
2023-11-30,2023-12-07,5,PC1,0.08163536612158712,-0.0005389328771601852,0.08109643324442693,0.07819725139623626,0.002899181848190671,PCA_RIDGE,PCA
2023-11-30,2023-12-07,5,PC2,-0.008776458246336691,0.00033621329815777655,-0.008440244948178915,-0.011626491981585732,0.003186247033406817,PCA_RIDGE,PCA
2023-11-30,2023-12-07,5,PC3,0.005114487883658591,-0.00015722943517943673,0.004957258448479154,0.0057419058840954326,-0.0007846474356162786,PCA_RIDGE,PCA
2023-11-30,2023-12-07,5,PC1,0.08163536612158712,-0.0005275221305330452,0.08110784399105407,0.07819725139623626,0.0029105925948178096,PCA_RIDGE_VAR,PCA
2023-11-30,2023-12-07,5,PC2,-0.008776458246336691,0.0001703522868912108,-0.00860610595944548,-0.011626491981585732,0.0030203860221402513,PCA_RIDGE_VAR,PCA
2023-11-30,2023-12-07,5,PC3,0.005114487883658591,-9.065159709971925e-05,0.0050238362865588715,0.0057419058840954326,-0.000718069597536561,PCA_RIDGE_VAR,PCA
2023-11-30,2023-12-14,10,beta0,0.04153250832881886,-0.00023841943228941663,0.04129408889652944,0.036886380938709884,0.004407707957819557,NS_RIDGE,NS
2023-11-30,2023-12-14,10,beta1,0.015767127986287648,-0.0007766413447114058,0.014990486641576243,0.021739125691334245,-0.006748639049758002,NS_RIDGE,NS
2023-11-30,2023-12-14,10,beta2,0.0014293816632186514,0.00024525272995529993,0.0016746343931739512,-0.0020923127279565018,0.003766947121130453,NS_RIDGE,NS
2023-11-30,2023-12-14,10,beta0,0.04153250832881886,-8.617401717980592e-06,0.041523890927100876,0.036886380938709884,0.004637509988390992,NS_ELASTICNET,NS
2023-11-30,2023-12-14,10,beta1,0.015767127986287648,-1.8081608813896857e-05,0.01574904637747375,0.021739125691334245,-0.0059900793138604955,NS_ELASTICNET,NS
2023-11-30,2023-12-14,10,beta2,0.0014293816632186514,-2.4252083217227215e-05,0.0014051295800014242,-0.0020923127279565018,0.003497442307957926,NS_ELASTICNET,NS
2023-11-30,2023-12-14,10,PC1,0.08163536612158712,-0.0014353311604755202,0.0802000349611116,0.07402914145535458,0.006170893505757016,PCA_RIDGE,PCA
2023-11-30,2023-12-14,10,PC2,-0.008776458246336691,0.000328591104872976,-0.008447867141463715,-0.014325904075352634,0.005878036933888919,PCA_RIDGE,PCA
2023-11-30,2023-12-14,10,PC3,0.005114487883658591,-0.0002216371729417321,0.004892850710716858,0.006896417182126928,-0.00200356647141007,PCA_RIDGE,PCA
2023-11-30,2023-12-14,10,PC1,0.08163536612158712,-0.0010448315846680184,0.0805905345369191,0.07402914145535458,0.006561393081564518,PCA_RIDGE_VAR,PCA
2023-11-30,2023-12-14,10,PC2,-0.008776458246336691,0.0003354946376711281,-0.008440963608665563,-0.014325904075352634,0.005884940466687071,PCA_RIDGE_VAR,PCA
2023-11-30,2023-12-14,10,PC3,0.005114487883658591,-0.00017825824781697672,0.004936229635841614,0.006896417182126928,-0.0019601875462853142,PCA_RIDGE_VAR,PCA
2023-11-30,2024-01-03,22,beta0,0.04153250832881886,-5.7414119859404814e-05,0.04147509420895945,0.037299685374063404,0.004175408834896047,NS_RIDGE,NS
2023-11-30,2024-01-03,22,beta1,0.015767127986287648,-0.001206512004909865,0.014560615981377784,0.02210104605032731,-0.007540430068949527,NS_RIDGE,NS
2023-11-30,2024-01-03,22,beta2,0.0014293816632186514,-0.002450243755928057,-0.0010208620927094057,-0.006301487764753711,0.0052806256720443045,NS_RIDGE,NS
2023-11-30,2024-01-03,22,beta0,0.04153250832881886,4.83182384092488e-05,0.041580826567228106,0.037299685374063404,0.004281141193164702,NS_ELASTICNET,NS
2023-11-30,2024-01-03,22,beta1,0.015767127986287648,-0.00018722961845724344,0.015579898367830403,0.02210104605032731,-0.006521147682496908,NS_ELASTICNET,NS
2023-11-30,2024-01-03,22,beta2,0.0014293816632186514,-0.0005761652246543795,0.0008532164385642719,-0.006301487764753711,0.007154704203317983,NS_ELASTICNET,NS
2023-11-30,2024-01-03,22,PC1,0.08163536612158712,-0.0031135927096971145,0.07852177341189,0.07333820526714893,0.005183568144741066,PCA_RIDGE,PCA
2023-11-30,2024-01-03,22,PC2,-0.008776458246336691,0.0006985597182666857,-0.008077898528070006,-0.01420668515544142,0.006128786627371414,PCA_RIDGE,PCA
2023-11-30,2024-01-03,22,PC3,0.005114487883658591,-0.00012424786678221975,0.004990240016876371,0.007300273577495993,-0.0023100335606196223,PCA_RIDGE,PCA
2023-11-30,2024-01-03,22,PC1,0.08163536612158712,-0.002246757270364469,0.07938860885122265,0.07333820526714893,0.006050403584073716,PCA_RIDGE_VAR,PCA
2023-11-30,2024-01-03,22,PC2,-0.008776458246336691,0.0007116326012484245,-0.008064825645088267,-0.01420668515544142,0.006141859510353153,PCA_RIDGE_VAR,PCA
2023-11-30,2024-01-03,22,PC3,0.005114487883658591,-0.000376743791764827,0.004737744091893764,0.007300273577495993,-0.0025625294856022295,PCA_RIDGE_VAR,PCA
2023-11-30,2024-02-05,44,beta0,0.04153250832881886,0.0009403690407197433,0.0424728773695386,0.0402181038256786,0.0022547735438600003,NS_RIDGE,NS
2023-11-30,2024-02-05,44,beta1,0.015767127986287648,-0.00348848917723079,0.012278638809056858,0.01806306149908376,-0.005784422690026901,NS_RIDGE,NS
2023-11-30,2024-02-05,44,beta2,0.0014293816632186514,-0.004602632201261059,-0.0031732505380424074,-0.006569475160543883,0.0033962246225014755,NS_RIDGE,NS
2023-11-30,2024-02-05,44,beta0,0.04153250832881886,0.0005016937848183755,0.04203420211363723,0.0402181038256786,0.0018160982879586313,NS_ELASTICNET,NS
2023-11-30,2024-02-05,44,beta1,0.015767127986287648,-0.0018498926496571173,0.01391723533663053,0.01806306149908376,-0.004145826162453228,NS_ELASTICNET,NS
2023-11-30,2024-02-05,44,beta2,0.0014293816632186514,-0.0047632435348456134,-0.003333861871626962,-0.006569475160543883,0.003235613288916921,NS_ELASTICNET,NS
2023-11-30,2024-02-05,44,PC1,0.08163536612158712,-0.005094722795477334,0.07654064332610978,0.07643245071721189,0.00010819260889789739,PCA_RIDGE,PCA
2023-11-30,2024-02-05,44,PC2,-0.008776458246336691,0.002152087728378944,-0.006624370517957747,-0.010509379044049427,0.0038850085260916795,PCA_RIDGE,PCA
2023-11-30,2024-02-05,44,PC3,0.005114487883658591,4.2296726760944085e-06,0.005118717556334685,0.006353746701724101,-0.0012350291453894161,PCA_RIDGE,PCA
2023-11-30,2024-02-05,44,PC1,0.08163536612158712,-0.004317315849293096,0.07731805027229402,0.07643245071721189,0.0008855995550821338,PCA_RIDGE_VAR,PCA
2023-11-30,2024-02-05,44,PC2,-0.008776458246336691,0.0013334654858484854,-0.007442992760488206,-0.010509379044049427,0.0030663862835612204,PCA_RIDGE_VAR,PCA
2023-11-30,2024-02-05,44,PC3,0.005114487883658591,-0.000701392704735339,0.004413095178923252,0.006353746701724101,-0.0019406515228008493,PCA_RIDGE_VAR,PCA
2023-11-30,2024-03-07,66,beta0,0.04153250832881886,0.0014332814491026951,0.04296578977792155,0.03892963932976107,0.004036150448160483,NS_RIDGE,NS
2023-11-30,2024-03-07,66,beta1,0.015767127986287648,-0.004662809728389646,0.011104318257898002,0.0196324962716293,-0.0085281780137313,NS_RIDGE,NS
2023-11-30,2024-03-07,66,beta2,0.0014293816632186514,-0.00842074850152103,-0.006991366838302379,-0.0025679450866829814,-0.004423421751619397,NS_RIDGE,NS
2023-11-30,2024-03-07,66,beta0,0.04153250832881886,0.001194422184204527,0.042726930513023384,0.03892963932976107,0.0037972911832623163,NS_ELASTICNET,NS
2023-11-30,2024-03-07,66,beta1,0.015767127986287648,-0.003835260875022202,0.011931867111265445,0.0196324962716293,-0.007700629160363856,NS_ELASTICNET,NS
2023-11-30,2024-03-07,66,beta2,0.0014293816632186514,-0.008501335094918913,-0.007071953431700262,-0.0025679450866829814,-0.004504008345017281,NS_ELASTICNET,NS
2023-11-30,2024-03-07,66,PC1,0.08163536612158712,-0.008994503884186614,0.0726408622374005,0.07691592735918196,-0.0042750651217814545,PCA_RIDGE,PCA
2023-11-30,2024-03-07,66,PC2,-0.008776458246336691,0.002957657778921352,-0.00581880046741534,-0.012143476998672638,0.006324676531257298,PCA_RIDGE,PCA
2023-11-30,2024-03-07,66,PC3,0.005114487883658591,8.827899392018366e-05,0.005202766877578775,0.006228100484333253,-0.001025333606754478,PCA_RIDGE,PCA
2023-11-30,2024-03-07,66,PC1,0.08163536612158712,-0.006236200778338738,0.07539916534324838,0.07691592735918196,-0.0015167620159335787,PCA_RIDGE_VAR,PCA
2023-11-30,2024-03-07,66,PC2,-0.008776458246336691,0.0018781632985087962,-0.006898294947827895,-0.012143476998672638,0.005245182050844743,PCA_RIDGE_VAR,PCA
2023-11-30,2024-03-07,66,PC3,0.005114487883658591,-0.0009817710615328086,0.004132716822125782,0.006228100484333253,-0.0020953836622074704,PCA_RIDGE_VAR,PCA
2023-11-30,2024-06-11,132,beta0,0.04153250832881886,0.00037447591425427307,0.04190698424307313,0.04199066620020622,-8.368195713309018e-05,NS_RIDGE,NS
2023-11-30,2024-06-11,132,beta1,0.015767127986287648,-0.00981437989620107,0.005952748090086578,0.015495215270096924,-0.009542467180010346,NS_RIDGE,NS
2023-11-30,2024-06-11,132,beta2,0.0014293816632186514,-0.015631792761873486,-0.014202411098654836,0.002219587580006424,-0.01642199867866126,NS_RIDGE,NS
2023-11-30,2024-06-11,132,beta0,0.04153250832881886,0.000552271501407121,0.04208477983022598,0.04199066620020622,9.411363001975842e-05,NS_ELASTICNET,NS
2023-11-30,2024-06-11,132,beta1,0.015767127986287648,-0.007748491987425785,0.008018635998861863,0.015495215270096924,-0.007476579271235061,NS_ELASTICNET,NS
2023-11-30,2024-06-11,132,beta2,0.0014293816632186514,-0.014682169098554751,-0.013252787435336099,0.002219587580006424,-0.015472375015342522,NS_ELASTICNET,NS
2023-11-30,2024-06-11,132,PC1,0.08163536612158712,-0.02492452777844169,0.05671083834314543,0.08302616994704068,-0.02631533160389525,PCA_RIDGE,PCA
2023-11-30,2024-06-11,132,PC2,-0.008776458246336691,0.006006636658502437,-0.002769821587834255,-0.008475771027881503,0.005705949440047248,PCA_RIDGE,PCA
2023-11-30,2024-06-11,132,PC3,0.005114487883658591,-0.0005847166949689921,0.004529771188689599,0.004597220007234571,-6.744881854497259e-05,PCA_RIDGE,PCA
2023-11-30,2024-06-11,132,PC1,0.08163536612158712,-0.011275576632273937,0.07035978948931318,0.08302616994704068,-0.0126663804577275,PCA_RIDGE_VAR,PCA
2023-11-30,2024-06-11,132,PC2,-0.008776458246336691,0.0031498800919875615,-0.00562657815434913,-0.008475771027881503,0.0028491928735323727,PCA_RIDGE_VAR,PCA
2023-11-30,2024-06-11,132,PC3,0.005114487883658591,-0.0016189552943458273,0.0034955325893127635,0.004597220007234571,-0.001101687417921808,PCA_RIDGE_VAR,PCA
2023-11-30,2024-12-04,252,beta0,0.04153250832881886,-0.01296696655929212,0.028565541769526737,0.04162626272979298,-0.013060720960266243,NS_RIDGE,NS
2023-11-30,2024-12-04,252,beta1,0.015767127986287648,-0.019062546963767878,-0.00329541897748023,0.005071153105893725,-0.008366572083373956,NS_RIDGE,NS
2023-11-30,2024-12-04,252,beta2,0.0014293816632186514,-0.020443719120375726,-0.019014337457157075,-0.007873146398587045,-0.01114119105857003,NS_RIDGE,NS
2023-11-30,2024-12-04,252,beta0,0.04153250832881886,-0.0029697542256595082,0.03856275410315935,0.04162626272979298,-0.0030635086266336334,NS_ELASTICNET,NS
2023-11-30,2024-12-04,252,beta1,0.015767127986287648,-0.011523796538957664,0.004243331447329983,0.005071153105893725,-0.000827821658563742,NS_ELASTICNET,NS
2023-11-30,2024-12-04,252,beta2,0.0014293816632186514,-0.020543771783532217,-0.019114390120313567,-0.007873146398587045,-0.011241243721726522,NS_ELASTICNET,NS
2023-11-30,2024-12-04,252,PC1,0.08163536612158712,-0.07856357262376347,0.0030717934978236466,0.06404386448655862,-0.06097207098873497,PCA_RIDGE,PCA
2023-11-30,2024-12-04,252,PC2,-0.008776458246336691,0.004698454680306399,-0.004078003566030292,-0.0031683809414950366,-0.0009096226245352557,PCA_RIDGE,PCA
2023-11-30,2024-12-04,252,PC3,0.005114487883658591,-0.002943652086117455,0.002170835797541136,0.0026446626515692438,-0.0004738268540281079,PCA_RIDGE,PCA
2023-11-30,2024-12-04,252,PC1,0.08163536612158712,-0.01861563990255291,0.0630197262190342,0.06404386448655862,-0.0010241382675244132,PCA_RIDGE_VAR,PCA
2023-11-30,2024-12-04,252,PC2,-0.008776458246336691,0.004564662710613816,-0.004211795535722876,-0.0031683809414950366,-0.0010434145942278391,PCA_RIDGE_VAR,PCA
2023-11-30,2024-12-04,252,PC3,0.005114487883658591,-0.0022939618157658812,0.0028205260678927095,0.0026446626515692438,0.00017586341632346578,PCA_RIDGE_VAR,PCA
2023-12-29,2024-01-08,5,beta0,0.036849572034127566,-0.000318251650281039,0.03653132038384653,0.03841490037628037,-0.0018835799924338398,NS_RIDGE,NS
2023-12-29,2024-01-08,5,beta1,0.022288423587724208,-0.0004807459199235288,0.02180767766780068,0.021145072915619602,0.0006626047521810785,NS_RIDGE,NS
2023-12-29,2024-01-08,5,beta2,-0.006824634850214386,0.000436465773051821,-0.006388169077162565,-0.008196581297384938,0.0018084122202223721,NS_RIDGE,NS
2023-12-29,2024-01-08,5,beta0,0.036849572034127566,-7.458239558876199e-06,0.03684211379456869,0.03841490037628037,-0.0015727865817116785,NS_ELASTICNET,NS
2023-12-29,2024-01-08,5,beta1,0.022288423587724208,4.910252530107817e-05,0.022337526113025287,0.021145072915619602,0.0011924531974056851,NS_ELASTICNET,NS
2023-12-29,2024-01-08,5,beta2,-0.006824634850214386,2.8368581038291198e-05,-0.006796266269176095,-0.008196581297384938,0.0014003150282088424,NS_ELASTICNET,NS
2023-12-29,2024-01-08,5,PC1,0.07175328157457493,-0.0010725832815172828,0.07068069829305765,0.07397566013894309,-0.003294961845885444,PCA_RIDGE,PCA
2023-12-29,2024-01-08,5,PC2,-0.014295583453396342,7.774888558019657e-05,-0.014217834567816145,-0.012834528769101794,-0.0013833057987143512,PCA_RIDGE,PCA
2023-12-29,2024-01-08,5,PC3,0.007453879737404785,-0.00014490598415696108,0.007308973753247823,0.007218049931713853,9.092382153397076e-05,PCA_RIDGE,PCA
2023-12-29,2024-01-08,5,PC1,0.07175328157457493,-0.000869471401254221,0.07088381017332071,0.07397566013894309,-0.0030918499656223813,PCA_RIDGE_VAR,PCA
2023-12-29,2024-01-08,5,PC2,-0.014295583453396342,0.000300117011796084,-0.013995466441600258,-0.012834528769101794,-0.001160937672498464,PCA_RIDGE_VAR,PCA
2023-12-29,2024-01-08,5,PC3,0.007453879737404785,-0.0001787347280040293,0.007275145009400756,0.007218049931713853,5.709507768690298e-05,PCA_RIDGE_VAR,PCA
2023-12-29,2024-01-16,10,beta0,0.036849572034127566,-0.00024082288203199317,0.036608749152095575,0.03948935993167245,-0.002880610779576874,NS_RIDGE,NS
2023-12-29,2024-01-16,10,beta1,0.022288423587724208,-0.000796264669721732,0.021492158918002477,0.02090135854795525,0.0005908003700472279,NS_RIDGE,NS
2023-12-29,2024-01-16,10,beta2,-0.006824634850214386,-0.00010250362871631179,-0.006927138478930698,-0.016156425142374673,0.009229286663443975,NS_RIDGE,NS
2023-12-29,2024-01-16,10,beta0,0.036849572034127566,-3.7589638453301324e-05,0.036811982395674264,0.03948935993167245,-0.002677377535998185,NS_ELASTICNET,NS
2023-12-29,2024-01-16,10,beta1,0.022288423587724208,-5.3026721172975155e-05,0.02223539686655123,0.02090135854795525,0.0013340383185959821,NS_ELASTICNET,NS
2023-12-29,2024-01-16,10,beta2,-0.006824634850214386,-2.715033710778881e-05,-0.006851785187322175,-0.016156425142374673,0.009304639955052499,NS_ELASTICNET,NS
2023-12-29,2024-01-16,10,PC1,0.07175328157457493,-0.0017412261039779428,0.070012055470597,0.07233621163815605,-0.0023241561675590577,PCA_RIDGE,PCA
2023-12-29,2024-01-16,10,PC2,-0.014295583453396342,0.00033235720052347,-0.013963226252872872,-0.011851868248749703,-0.0021113580041231695,PCA_RIDGE,PCA
2023-12-29,2024-01-16,10,PC3,0.007453879737404785,-0.00022682577258756245,0.007227053964817222,0.0083712828497782,-0.0011442288849609775,PCA_RIDGE,PCA
2023-12-29,2024-01-16,10,PC1,0.07175328157457493,-0.0017169747029247007,0.07003630687165023,0.07233621163815605,-0.0022999047665058225,PCA_RIDGE_VAR,PCA
2023-12-29,2024-01-16,10,PC2,-0.014295583453396342,0.0005914239309701159,-0.013704159522426226,-0.011851868248749703,-0.0018522912736765231,PCA_RIDGE_VAR,PCA
2023-12-29,2024-01-16,10,PC3,0.007453879737404785,-0.0003518834685137121,0.007101996268891073,0.0083712828497782,-0.0012692865808871271,PCA_RIDGE_VAR,PCA
2023-12-29,2024-02-01,22,beta0,0.036849572034127566,-0.00021951134205797126,0.036630060692069595,0.03696236794773408,-0.00033230725566448654,NS_RIDGE,NS
2023-12-29,2024-02-01,22,beta1,0.022288423587724208,-0.0019392332035083873,0.020349190384215822,0.02239798464628757,-0.0020487942620717493,NS_RIDGE,NS
2023-12-29,2024-02-01,22,beta2,-0.006824634850214386,-0.0013751901940156008,-0.008199825044229987,-0.010237155306908647,0.0020373302626786605,NS_RIDGE,NS
2023-12-29,2024-02-01,22,beta0,0.036849572034127566,1.661879859716556e-05,0.03686619083272473,0.03696236794773408,-9.617711500935211e-05,NS_ELASTICNET,NS
2023-12-29,2024-02-01,22,beta1,0.022288423587724208,-0.0003487018178333639,0.021939721769890844,0.02239798464628757,-0.00045826287639672697,NS_ELASTICNET,NS
2023-12-29,2024-02-01,22,beta2,-0.006824634850214386,-0.000699830006807483,-0.007524464857021869,-0.010237155306908647,0.0027126904498867782,NS_ELASTICNET,NS
2023-12-29,2024-02-01,22,PC1,0.07175328157457493,-0.0039422549663651095,0.06781102660820983,0.07035178564474825,-0.0025407590365384286,PCA_RIDGE,PCA
2023-12-29,2024-02-01,22,PC2,-0.014295583453396342,0.000919665567561656,-0.013375917885834686,-0.014238770307997056,0.0008628524221623701,PCA_RIDGE,PCA
2023-12-29,2024-02-01,22,PC3,0.007453879737404785,-0.00037358115467088303,0.0070802985827339016,0.007763321050139549,-0.0006830224674056473,PCA_RIDGE,PCA
2023-12-29,2024-02-01,22,PC1,0.07175328157457493,-0.0036654249893794816,0.06808785658519545,0.07035178564474825,-0.002263929059552805,PCA_RIDGE_VAR,PCA
2023-12-29,2024-02-01,22,PC2,-0.014295583453396342,0.001256245177598845,-0.013039338275797497,-0.014238770307997056,0.0011994320321995593,PCA_RIDGE_VAR,PCA
2023-12-29,2024-02-01,22,PC3,0.007453879737404785,-0.0007457149808954245,0.00670816475650936,0.007763321050139549,-0.0010551562936301885,PCA_RIDGE_VAR,PCA
2023-12-29,2024-03-05,44,beta0,0.036849572034127566,0.0003864485220679446,0.03723602055619551,0.03953240476275877,-0.002296384206563265,NS_RIDGE,NS
2023-12-29,2024-03-05,44,beta1,0.022288423587724208,-0.004382930822416047,0.01790549276530816,0.01890853357329041,-0.0010030408079822507,NS_RIDGE,NS
2023-12-29,2024-03-05,44,beta2,-0.006824634850214386,-0.003997963531196966,-0.010822598381411353,-0.002573094466693664,-0.008249503914717689,NS_RIDGE,NS
2023-12-29,2024-03-05,44,beta0,0.036849572034127566,0.0002175432946259674,0.037067115328753536,0.03953240476275877,-0.002465289434005237,NS_ELASTICNET,NS
2023-12-29,2024-03-05,44,beta1,0.022288423587724208,-0.0025288972691721724,0.019759526318552035,0.01890853357329041,0.000850992745261625,NS_ELASTICNET,NS
2023-12-29,2024-03-05,44,beta2,-0.006824634850214386,-0.003711319103042122,-0.010535953953256509,-0.002573094466693664,-0.007962859486562845,NS_ELASTICNET,NS
2023-12-29,2024-03-05,44,PC1,0.07175328157457493,-0.007363031202468002,0.06439025037210692,0.07743816180249756,-0.013047911430390635,PCA_RIDGE,PCA
2023-12-29,2024-03-05,44,PC2,-0.014295583453396342,0.0027387610584490908,-0.011556822394947252,-0.011231461710352962,-0.0003253606845942895,PCA_RIDGE,PCA
2023-12-29,2024-03-05,44,PC3,0.007453879737404785,-0.0009367234014116536,0.006517156335993131,0.005833676995125398,0.0006834793408677332,PCA_RIDGE,PCA
2023-12-29,2024-03-05,44,PC1,0.07175328157457493,-0.006948512851650976,0.06480476872292396,0.07743816180249756,-0.012633393079573604,PCA_RIDGE_VAR,PCA
2023-12-29,2024-03-05,44,PC2,-0.014295583453396342,0.0023591335750177966,-0.011936449878378545,-0.011231461710352962,-0.0007049881680255832,PCA_RIDGE_VAR,PCA
2023-12-29,2024-03-05,44,PC3,0.007453879737404785,-0.0013945271883845523,0.0060593525490202325,0.005833676995125398,0.00022567555389483435,PCA_RIDGE_VAR,PCA
2023-12-29,2024-04-05,66,beta0,0.036849572034127566,0.0009226536524594199,0.03777222568658699,0.042269245612903426,-0.004497019926316438,NS_RIDGE,NS
2023-12-29,2024-04-05,66,beta1,0.022288423587724208,-0.0070781052756745035,0.015210318312049704,0.014721359422528712,0.0004889588895209927,NS_RIDGE,NS
2023-12-29,2024-04-05,66,beta2,-0.006824634850214386,-0.005306786975508666,-0.012131421825723052,-0.00046402098214614045,-0.011667400843576911,NS_RIDGE,NS
2023-12-29,2024-04-05,66,beta0,0.036849572034127566,0.0008062785739503075,0.03765585060807787,0.042269245612903426,-0.004613395004825556,NS_ELASTICNET,NS
2023-12-29,2024-04-05,66,beta1,0.022288423587724208,-0.004408101576719502,0.017880322011004705,0.014721359422528712,0.003158962588475993,NS_ELASTICNET,NS
2023-12-29,2024-04-05,66,beta2,-0.006824634850214386,-0.006536548025096567,-0.013361182875310953,-0.00046402098214614045,-0.012897161893164812,NS_ELASTICNET,NS
2023-12-29,2024-04-05,66,PC1,0.07175328157457493,-0.010256755858369328,0.061496525716205605,0.08112779709955752,-0.01963127138335191,PCA_RIDGE,PCA
2023-12-29,2024-04-05,66,PC2,-0.014295583453396342,0.003996442021972383,-0.010299141431423959,-0.007623733274857998,-0.0026754081565659605,PCA_RIDGE,PCA
2023-12-29,2024-04-05,66,PC3,0.007453879737404785,-0.0009118224526664025,0.006542057284738383,0.004533169795506185,0.0020088874892321973,PCA_RIDGE,PCA
2023-12-29,2024-04-05,66,PC1,0.07175328157457493,-0.009898970861047539,0.06185431071352739,0.08112779709955752,-0.019273486386030124,PCA_RIDGE_VAR,PCA
2023-12-29,2024-04-05,66,PC2,-0.014295583453396342,0.0033286063589771653,-0.010966977094419177,-0.007623733274857998,-0.0033432438195611786,PCA_RIDGE_VAR,PCA
2023-12-29,2024-04-05,66,PC3,0.007453879737404785,-0.001959447084798605,0.00549443265260618,0.004533169795506185,0.0009612628570999943,PCA_RIDGE_VAR,PCA
2023-12-29,2024-07-11,132,beta0,0.036849572034127566,0.0008750626353163909,0.03772463466944396,0.04017819421728388,-0.0024535595478399203,NS_RIDGE,NS
2023-12-29,2024-07-11,132,beta1,0.022288423587724208,-0.015261499101807411,0.007026924485916797,0.018144886237814524,-0.011117961751897727,NS_RIDGE,NS
2023-12-29,2024-07-11,132,beta2,-0.006824634850214386,-0.012072126155793774,-0.01889676100600816,-0.005777578408332961,-0.0131191825976752,NS_RIDGE,NS
2023-12-29,2024-07-11,132,beta0,0.036849572034127566,0.0006204614291895678,0.037470033463317134,0.04017819421728388,-0.0027081607539667443,NS_ELASTICNET,NS
2023-12-29,2024-07-11,132,beta1,0.022288423587724208,-0.015658575784288014,0.006629847803436194,0.018144886237814524,-0.01151503843437833,NS_ELASTICNET,NS
2023-12-29,2024-07-11,132,beta2,-0.006824634850214386,-0.010483440301690239,-0.017308075151904627,-0.005777578408332961,-0.011530496743571665,NS_ELASTICNET,NS
2023-12-29,2024-07-11,132,PC1,0.07175328157457493,-0.024905896867288137,0.04684738470728679,0.07655807264287541,-0.02971068793558862,PCA_RIDGE,PCA
2023-12-29,2024-07-11,132,PC2,-0.014295583453396342,0.008533658552237627,-0.005761924901158715,-0.010364863221879683,0.004602938320720968,PCA_RIDGE,PCA
2023-12-29,2024-07-11,132,PC3,0.007453879737404785,-0.0022280918511234176,0.005225787886281367,0.006273839856957682,-0.0010480519706763149,PCA_RIDGE,PCA
2023-12-29,2024-07-11,132,PC1,0.07175328157457493,-0.017156525509171225,0.054596756065403707,0.07655807264287541,-0.021961316577471704,PCA_RIDGE_VAR,PCA
2023-12-29,2024-07-11,132,PC2,-0.014295583453396342,0.005598353983256584,-0.008697229470139758,-0.010364863221879683,0.0016676337517399255,PCA_RIDGE_VAR,PCA
2023-12-29,2024-07-11,132,PC3,0.007453879737404785,-0.003256125410295123,0.004197754327109662,0.006273839856957682,-0.0020760855298480197,PCA_RIDGE_VAR,PCA
2023-12-29,2025-01-03,252,beta0,0.036849572034127566,-0.005718327103628412,0.031131244930499152,0.04678474077594756,-0.01565349584544841,NS_RIDGE,NS
2023-12-29,2025-01-03,252,beta1,0.022288423587724208,-0.0337663447074478,-0.01147792111972359,-0.0019298026622711845,-0.009548118457452407,NS_RIDGE,NS
2023-12-29,2025-01-03,252,beta2,-0.006824634850214386,-0.02920751475702652,-0.03603214960724091,-0.013192728248161869,-0.022839421359079043,NS_RIDGE,NS
2023-12-29,2025-01-03,252,beta0,0.036849572034127566,-0.0021877108503511105,0.034661861183776455,0.04678474077594756,-0.012122879592171107,NS_ELASTICNET,NS
2023-12-29,2025-01-03,252,beta1,0.022288423587724208,-0.01495520929193388,0.007333214295790327,-0.0019298026622711845,0.009263016958061511,NS_ELASTICNET,NS
2023-12-29,2025-01-03,252,beta2,-0.006824634850214386,-0.021061233793319846,-0.027885868643534234,-0.013192728248161869,-0.014693140395372365,NS_ELASTICNET,NS
2023-12-29,2025-01-03,252,PC1,0.07175328157457493,-0.0893366407797608,-0.017583359205185875,0.06673148969901833,-0.08431484890420421,PCA_RIDGE,PCA
2023-12-29,2025-01-03,252,PC2,-0.014295583453396342,0.014010865394695706,-0.00028471805870063614,0.003619440676781587,-0.0039041587354822233,PCA_RIDGE,PCA
2023-12-29,2025-01-03,252,PC3,0.007453879737404785,-0.006884817408313762,0.000569062329091023,0.001421664234753553,-0.0008526019056625299,PCA_RIDGE,PCA
2023-12-29,2025-01-03,252,PC1,0.07175328157457493,-0.02626884956890036,0.04548443200567457,0.06673148969901833,-0.021247057693343764,PCA_RIDGE_VAR,PCA
2023-12-29,2025-01-03,252,PC2,-0.014295583453396342,0.008098169681581405,-0.006197413771814937,0.003619440676781587,-0.009816854448596524,PCA_RIDGE_VAR,PCA
2023-12-29,2025-01-03,252,PC3,0.007453879737404785,-0.00461902606143735,0.002834853675967435,0.001421664234753553,0.0014131894412138819,PCA_RIDGE_VAR,PCA
2024-01-31,2024-02-07,5,beta0,0.038303403748751234,0.00016907281955993867,0.038472476568311174,0.039433035157290554,-0.0009605585889793794,NS_RIDGE,NS
2024-01-31,2024-02-07,5,beta1,0.020932003466526815,-0.0007363522860970639,0.02019565118042975,0.01928472731248209,0.0009109238679476592,NS_RIDGE,NS
2024-01-31,2024-02-07,5,beta2,-0.010470196757909101,-0.0004647911490454383,-0.01093498790695454,-0.007759295383145924,-0.0031756925238086153,NS_RIDGE,NS
2024-01-31,2024-02-07,5,beta0,0.038303403748751234,-4.613523679021365e-06,0.03829879022507221,0.039433035157290554,-0.0011342449322183437,NS_ELASTICNET,NS
2024-01-31,2024-02-07,5,beta1,0.020932003466526815,4.596009847357443e-05,0.02097796356500039,0.01928472731248209,0.0016932362525182987,NS_ELASTICNET,NS
2024-01-31,2024-02-07,5,beta2,-0.010470196757909101,2.2849916786800214e-05,-0.010447346841122302,-0.007759295383145924,-0.0026880514579763776,NS_ELASTICNET,NS
2024-01-31,2024-02-07,5,PC1,0.0718963718063429,-0.0008963611638653878,0.0710000106424775,0.0745126320601801,-0.003512621417702602,PCA_RIDGE,PCA
2024-01-31,2024-02-07,5,PC2,-0.012543379930394343,0.00040108209869880833,-0.012142297831695535,-0.01113322133531057,-0.0010090764963849655,PCA_RIDGE,PCA
2024-01-31,2024-02-07,5,PC3,0.007318869594015194,-0.00011380963564147707,0.007205059958373717,0.006537816179708443,0.0006672437786652743,PCA_RIDGE,PCA
2024-01-31,2024-02-07,5,PC1,0.0718963718063429,-0.0008268677937326857,0.07106950401261021,0.0745126320601801,-0.003443128047569896,PCA_RIDGE_VAR,PCA
2024-01-31,2024-02-07,5,PC2,-0.012543379930394343,0.0003095840336015225,-0.012233795896792821,-0.01113322133531057,-0.0011005745614822513,PCA_RIDGE_VAR,PCA
2024-01-31,2024-02-07,5,PC3,0.007318869594015194,-0.00018933326110007458,0.00712953633291512,0.006537816179708443,0.000591720153206677,PCA_RIDGE_VAR,PCA
2024-01-31,2024-02-14,10,beta0,0.038303403748751234,0.00017366353964313303,0.03847706728839437,0.04128119570549809,-0.0028041284171037226,NS_RIDGE,NS
2024-01-31,2024-02-14,10,beta1,0.020932003466526815,-0.0011213447005385994,0.019810658765988216,0.01677592737006247,0.003034731395925746,NS_RIDGE,NS
2024-01-31,2024-02-14,10,beta2,-0.010470196757909101,-0.0009131051320802823,-0.011383301889989383,-0.005057150972579956,-0.006326150917409427,NS_RIDGE,NS
2024-01-31,2024-02-14,10,beta0,0.038303403748751234,-1.0750075999037538e-05,0.0382926536727522,0.04128119570549809,-0.002988542032745893,NS_ELASTICNET,NS
2024-01-31,2024-02-14,10,beta1,0.020932003466526815,-9.767240617073978e-05,0.020834331060356075,0.01677592737006247,0.004058403690293606,NS_ELASTICNET,NS
2024-01-31,2024-02-14,10,beta2,-0.010470196757909101,-0.0001130318636265136,-0.010583228621535615,-0.005057150972579956,-0.005526077648955659,NS_ELASTICNET,NS
2024-01-31,2024-02-14,10,PC1,0.0718963718063429,-0.0019804640955641117,0.06991590771077878,0.07807983226632545,-0.008163924555546667,PCA_RIDGE,PCA
2024-01-31,2024-02-14,10,PC2,-0.012543379930394343,0.0007284216032921007,-0.011814958327102243,-0.008886227720930489,-0.0029287306061717543,PCA_RIDGE,PCA
2024-01-31,2024-02-14,10,PC3,0.007318869594015194,-0.0002115041321492173,0.007107365461865977,0.0055160389092264225,0.0015913265526395545,PCA_RIDGE,PCA
2024-01-31,2024-02-14,10,PC1,0.0718963718063429,-0.0017187573718586147,0.07017761443448428,0.07807983226632545,-0.007902217831841168,PCA_RIDGE_VAR,PCA
2024-01-31,2024-02-14,10,PC2,-0.012543379930394343,0.000618799213732573,-0.01192458071666177,-0.008886227720930489,-0.0030383529957312815,PCA_RIDGE_VAR,PCA
2024-01-31,2024-02-14,10,PC3,0.007318869594015194,-0.0003578578816252334,0.006961011712389961,0.0055160389092264225,0.0014449728031635384,PCA_RIDGE_VAR,PCA
2024-01-31,2024-03-04,22,beta0,0.038303403748751234,0.00022895675944541077,0.038532360508196646,0.04045543232658971,-0.001923071818393067,NS_RIDGE,NS
2024-01-31,2024-03-04,22,beta1,0.020932003466526815,-0.002246057868922133,0.018685945597604683,0.01787586994387917,0.0008100756537255151,NS_RIDGE,NS
2024-01-31,2024-03-04,22,beta2,-0.010470196757909101,-0.0015964578306465662,-0.012066654588555667,-0.002319342872412934,-0.009747311716142733,NS_RIDGE,NS
2024-01-31,2024-03-04,22,beta0,0.038303403748751234,1.7525165795560734e-05,0.0383209289145468,0.04045543232658971,-0.0021345034120429165,NS_ELASTICNET,NS
2024-01-31,2024-03-04,22,beta1,0.020932003466526815,-0.0003791805978745244,0.02055282286865229,0.01787586994387917,0.0026769529247731225,NS_ELASTICNET,NS
2024-01-31,2024-03-04,22,beta2,-0.010470196757909101,-0.0008633307368497861,-0.011333527494758888,-0.002319342872412934,-0.009014184622345954,NS_ELASTICNET,NS
2024-01-31,2024-03-04,22,PC1,0.0718963718063429,-0.004537348512022334,0.06735902329432056,0.07860139494573878,-0.011242371651418226,PCA_RIDGE,PCA
2024-01-31,2024-03-04,22,PC2,-0.012543379930394343,0.0016424513579959314,-0.010900928572398412,-0.009988311838348769,-0.0009126167340496438,PCA_RIDGE,PCA
2024-01-31,2024-03-04,22,PC3,0.007318869594015194,-0.0007782966701384548,0.00654057292387674,0.005406933568534422,0.0011336393553423177,PCA_RIDGE,PCA
2024-01-31,2024-03-04,22,PC1,0.0718963718063429,-0.0037712961378505022,0.0681250756684924,0.07860139494573878,-0.01047631927724639,PCA_RIDGE_VAR,PCA
2024-01-31,2024-03-04,22,PC2,-0.012543379930394343,0.0013223001405578208,-0.011221079789836523,-0.009988311838348769,-0.001232767951487754,PCA_RIDGE_VAR,PCA
2024-01-31,2024-03-04,22,PC3,0.007318869594015194,-0.0007410214197276959,0.006577848174287498,0.005406933568534422,0.0011709146057530765,PCA_RIDGE_VAR,PCA
2024-01-31,2024-04-04,44,beta0,0.038303403748751234,5.463624502003261e-05,0.03835803999377127,0.041442735092449015,-0.003084695098677745,NS_RIDGE,NS
2024-01-31,2024-04-04,44,beta1,0.020932003466526815,-0.005320476248932922,0.015611527217593893,0.01568393545991289,-7.240824231899597e-05,NS_RIDGE,NS
2024-01-31,2024-04-04,44,beta2,-0.010470196757909101,-0.0028771448373410427,-0.013347341595250143,-0.0012988296035606208,-0.012048511991689522,NS_RIDGE,NS
2024-01-31,2024-04-04,44,beta0,0.038303403748751234,6.080251070826065e-05,0.038364206259459493,0.041442735092449015,-0.0030785288329895216,NS_ELASTICNET,NS
2024-01-31,2024-04-04,44,beta1,0.020932003466526815,-0.002823049134824563,0.018108954331702252,0.01568393545991289,0.002425018871789364,NS_ELASTICNET,NS
2024-01-31,2024-04-04,44,beta2,-0.010470196757909101,-0.004464496883664843,-0.014934693641573944,-0.0012988296035606208,-0.013635864038013323,NS_ELASTICNET,NS
2024-01-31,2024-04-04,44,PC1,0.0718963718063429,-0.009200900413858829,0.06269547139248406,0.0792498195568953,-0.016554348164411245,PCA_RIDGE,PCA
2024-01-31,2024-04-04,44,PC2,-0.012543379930394343,0.0020374876088616726,-0.010505892321532671,-0.008344828177731585,-0.0021610641438010864,PCA_RIDGE,PCA
2024-01-31,2024-04-04,44,PC3,0.007318869594015194,-0.0004264013507803394,0.006892468243234855,0.0047239467299235675,0.002168521513311287,PCA_RIDGE,PCA
2024-01-31,2024-04-04,44,PC1,0.0718963718063429,-0.007236994351149911,0.06465937745519298,0.0792498195568953,-0.014590442101702322,PCA_RIDGE_VAR,PCA
2024-01-31,2024-04-04,44,PC2,-0.012543379930394343,0.0024819303127407277,-0.010061449617653616,-0.008344828177731585,-0.0017166214399220309,PCA_RIDGE_VAR,PCA
2024-01-31,2024-04-04,44,PC3,0.007318869594015194,-0.001371851492149712,0.005947018101865482,0.0047239467299235675,0.0012230713719419148,PCA_RIDGE_VAR,PCA
2024-01-31,2024-05-06,66,beta0,0.038303403748751234,0.00017314008669653934,0.038476543835447775,0.04319588224049551,-0.004719338405047735,NS_RIDGE,NS
2024-01-31,2024-05-06,66,beta1,0.020932003466526815,-0.007023421867182563,0.013908581599344251,0.013848806034066637,5.9775565277614406e-05,NS_RIDGE,NS
2024-01-31,2024-05-06,66,beta2,-0.010470196757909101,-0.005559710336804027,-0.01602990709471313,0.0007255011242488905,-0.016755408218962018,NS_RIDGE,NS
2024-01-31,2024-05-06,66,beta0,0.038303403748751234,0.0002874132275035914,0.03859081697625483,0.04319588224049551,-0.004605065264240683,NS_ELASTICNET,NS
2024-01-31,2024-05-06,66,beta1,0.020932003466526815,-0.004218141620811942,0.016713861845714873,0.013848806034066637,0.0028650558116482365,NS_ELASTICNET,NS
2024-01-31,2024-05-06,66,beta2,-0.010470196757909101,-0.006102266414238727,-0.016572463172147826,0.0007255011242488905,-0.017297964296396715,NS_ELASTICNET,NS
2024-01-31,2024-05-06,66,PC1,0.0718963718063429,-0.014114352649715764,0.05778201915662713,0.08299167364515558,-0.025209654488528452,PCA_RIDGE,PCA
2024-01-31,2024-05-06,66,PC2,-0.012543379930394343,0.004593018915754494,-0.00795036101463985,-0.0064593441547537885,-0.0014910168598860612,PCA_RIDGE,PCA
2024-01-31,2024-05-06,66,PC3,0.007318869594015194,-0.0017262175907490603,0.005592652003266134,0.004054752230885196,0.0015378997723809375,PCA_RIDGE,PCA
2024-01-31,2024-05-06,66,PC1,0.0718963718063429,-0.010360567208174222,0.061535804598168674,0.08299167364515558,-0.02145586904698691,PCA_RIDGE_VAR,PCA
2024-01-31,2024-05-06,66,PC2,-0.012543379930394343,0.003492446141229892,-0.009050933789164451,-0.0064593441547537885,-0.002591589634410663,PCA_RIDGE_VAR,PCA
2024-01-31,2024-05-06,66,PC3,0.007318869594015194,-0.001920802736711573,0.005398066857303621,0.004054752230885196,0.001343314626418425,PCA_RIDGE_VAR,PCA
2024-01-31,2024-08-09,132,beta0,0.038303403748751234,3.544971625667308e-05,0.038338853465007906,0.03833505873912751,3.7947258803988637e-06,NS_RIDGE,NS
2024-01-31,2024-08-09,132,beta1,0.020932003466526815,-0.015844597828645106,0.005087405637881709,0.02118445981349841,-0.0160970541756167,NS_RIDGE,NS
2024-01-31,2024-08-09,132,beta2,-0.010470196757909101,-0.011430611987029604,-0.021900808744938705,-0.01895524330713921,-0.0029455654377994953,NS_RIDGE,NS
2024-01-31,2024-08-09,132,beta0,0.038303403748751234,0.00038634365703361283,0.03868974740578485,0.03833505873912751,0.0003546886666573393,NS_ELASTICNET,NS
2024-01-31,2024-08-09,132,beta1,0.020932003466526815,-0.010793374271024997,0.010138629195501818,0.02118445981349841,-0.011045830617996593,NS_ELASTICNET,NS
2024-01-31,2024-08-09,132,beta2,-0.010470196757909101,-0.011612307922504514,-0.022082504680413617,-0.01895524330713921,-0.003127261373274407,NS_ELASTICNET,NS
2024-01-31,2024-08-09,132,PC1,0.0718963718063429,-0.030441249537307667,0.04145512226903523,0.06768814784488736,-0.02623302557585213,PCA_RIDGE,PCA
2024-01-31,2024-08-09,132,PC2,-0.012543379930394343,0.007993647511854355,-0.004549732418539988,-0.012435903120848173,0.007886170702308185,PCA_RIDGE,PCA
2024-01-31,2024-08-09,132,PC3,0.007318869594015194,-0.002537944965966534,0.004780924628048661,0.008500283034777014,-0.003719358406728353,PCA_RIDGE,PCA
2024-01-31,2024-08-09,132,PC1,0.0718963718063429,-0.01809012971168031,0.05380624209466259,0.06768814784488736,-0.013881905750224771,PCA_RIDGE_VAR,PCA
2024-01-31,2024-08-09,132,PC2,-0.012543379930394343,0.0058157638423057476,-0.006727616088088596,-0.012435903120848173,0.005708287032759577,PCA_RIDGE_VAR,PCA
2024-01-31,2024-08-09,132,PC3,0.007318869594015194,-0.003180884557505645,0.004137985036509549,0.008500283034777014,-0.004362297998267465,PCA_RIDGE_VAR,PCA
2024-01-31,2025-02-04,252,beta0,0.038303403748751234,-0.005967993935250905,0.03233540981350033,0.04565073368861981,-0.01331532387511948,NS_RIDGE,NS
2024-01-31,2025-02-04,252,beta1,0.020932003466526815,-0.03421436973232182,-0.013282366265795008,-0.0005741982506189064,-0.012708168015176102,NS_RIDGE,NS
2024-01-31,2025-02-04,252,beta2,-0.010470196757909101,-0.02287615096101303,-0.03334634771892213,-0.01256583257897601,-0.020780515139946117,NS_RIDGE,NS
2024-01-31,2025-02-04,252,beta0,0.038303403748751234,-0.0024578948161059606,0.03584550893264527,0.04565073368861981,-0.009805224755974541,NS_ELASTICNET,NS
2024-01-31,2025-02-04,252,beta1,0.020932003466526815,-0.014673823336568071,0.006258180129958744,-0.0005741982506189064,0.00683237838057765,NS_ELASTICNET,NS
2024-01-31,2025-02-04,252,beta2,-0.010470196757909101,-0.0186933572930371,-0.0291635540509462,-0.01256583257897601,-0.016597721471970188,NS_ELASTICNET,NS
2024-01-31,2025-02-04,252,PC1,0.0718963718063429,-0.08705135848934864,-0.015154986683005744,0.06523181355693933,-0.08038680023994507,PCA_RIDGE,PCA
2024-01-31,2025-02-04,252,PC2,-0.012543379930394343,0.011739200756496681,-0.0008041791738976622,0.0024906387914217613,-0.0032948179653194236,PCA_RIDGE,PCA
2024-01-31,2025-02-04,252,PC3,0.007318869594015194,-0.007324844235061265,-5.974641046070997e-06,0.0017208981578516903,-0.0017268727988977613,PCA_RIDGE,PCA
2024-01-31,2025-02-04,252,PC1,0.0718963718063429,-0.02791671637963685,0.043979655426706045,0.06523181355693933,-0.021252158130233283,PCA_RIDGE_VAR,PCA
2024-01-31,2025-02-04,252,PC2,-0.012543379930394343,0.0082621364434616,-0.004281243486932743,0.0024906387914217613,-0.006771882278354504,PCA_RIDGE_VAR,PCA
2024-01-31,2025-02-04,252,PC3,0.007318869594015194,-0.004512209232968213,0.0028066603610469813,0.0017208981578516903,0.001085762203195291,PCA_RIDGE_VAR,PCA
2024-02-29,2024-03-07,5,beta0,0.044354117629070024,0.0003295140826431656,0.04468363171171319,0.04345681035933678,0.0012268213523764088,NS_RIDGE,NS
2024-02-29,2024-03-07,5,beta1,0.012195738526524239,-0.0008555782378326423,0.011340160288691597,0.013905370029786587,-0.0025652097410949898,NS_RIDGE,NS
2024-02-29,2024-03-07,5,beta2,-0.021385404016057853,-0.0007189465607657049,-0.02210435057682356,-0.027036774942215226,0.004932424365391666,NS_RIDGE,NS
2024-02-29,2024-03-07,5,beta0,0.044354117629070024,-1.595216702874534e-05,0.04433816546204128,0.04345681035933678,0.000881355102704498,NS_ELASTICNET,NS
2024-02-29,2024-03-07,5,beta1,0.012195738526524239,2.815079059970246e-05,0.012223889317123942,0.013905370029786587,-0.001681480712662645,NS_ELASTICNET,NS
2024-02-29,2024-03-07,5,beta2,-0.021385404016057853,3.934218994178991e-05,-0.021346061826116064,-0.027036774942215226,0.0056907131160991616,NS_ELASTICNET,NS
2024-02-29,2024-03-07,5,PC1,0.07860423296775326,-0.0007304763007031367,0.07787375666705013,0.07606430820594791,0.0018094484611022171,PCA_RIDGE,PCA
2024-02-29,2024-03-07,5,PC2,-0.008950665238025266,0.00035353334913957175,-0.008597131888885695,-0.011579520533460258,0.002982388644574563,PCA_RIDGE,PCA
2024-02-29,2024-03-07,5,PC3,0.004717068625424038,7.352680643091512e-05,0.004790595431854953,0.005773670086810604,-0.000983074654955651,PCA_RIDGE,PCA
2024-02-29,2024-03-07,5,PC1,0.07860423296775326,-0.0004649572294415649,0.0781392757383117,0.07606430820594791,0.002074967532363789,PCA_RIDGE_VAR,PCA
2024-02-29,2024-03-07,5,PC2,-0.008950665238025266,0.0001592881101990882,-0.008791377127826178,-0.011579520533460258,0.00278814340563408,PCA_RIDGE_VAR,PCA
2024-02-29,2024-03-07,5,PC3,0.004717068625424038,-8.19394413492094e-05,0.004635129184074828,0.005773670086810604,-0.0011385409027357754,PCA_RIDGE_VAR,PCA
2024-02-29,2024-03-14,10,beta0,0.044354117629070024,5.8690222412165097e-05,0.04441280785148219,0.04475956061533754,-0.00034675276385535275,NS_RIDGE,NS
2024-02-29,2024-03-14,10,beta1,0.012195738526524239,-0.0007651116464240092,0.01143062688010023,0.0123489901541829,-0.0009183632740826699,NS_RIDGE,NS
2024-02-29,2024-03-14,10,beta2,-0.021385404016057853,-0.0003812058219816862,-0.02176660983803954,-0.021968879397892233,0.00020226955985269343,NS_RIDGE,NS
2024-02-29,2024-03-14,10,beta0,0.044354117629070024,2.539898584318928e-06,0.044356657527654345,0.04475956061533754,-0.0004029030876831971,NS_ELASTICNET,NS
2024-02-29,2024-03-14,10,beta1,0.012195738526524239,1.3071694737858683e-06,0.012197045695998025,0.0123489901541829,-0.0001519444581848748,NS_ELASTICNET,NS
2024-02-29,2024-03-14,10,beta2,-0.021385404016057853,3.9849838013050856e-05,-0.021345554178044804,-0.021968879397892233,0.0006233252198474294,NS_ELASTICNET,NS
2024-02-29,2024-03-14,10,PC1,0.07860423296775326,-0.0009115809520405208,0.07769265201571274,0.07968234561401209,-0.001989693598299355,PCA_RIDGE,PCA
2024-02-29,2024-03-14,10,PC2,-0.008950665238025266,0.0003271516971223974,-0.008623513540902869,-0.008923341082737932,0.0002998275418350637,PCA_RIDGE,PCA
2024-02-29,2024-03-14,10,PC3,0.004717068625424038,8.879272163278994e-05,0.0048058613470568275,0.004839643603583412,-3.378225652658426e-05,PCA_RIDGE,PCA
2024-02-29,2024-03-14,10,PC1,0.07860423296775326,-0.0009210643411903807,0.07768316862656288,0.07968234561401209,-0.001999176987449211,PCA_RIDGE_VAR,PCA
2024-02-29,2024-03-14,10,PC2,-0.008950665238025266,0.0003138492274916936,-0.008636816010533573,-0.008923341082737932,0.0002865250722043598,PCA_RIDGE_VAR,PCA
2024-02-29,2024-03-14,10,PC3,0.004717068625424038,-0.0001611572540552884,0.004555911371368749,0.004839643603583412,-0.0002837322322146625,PCA_RIDGE_VAR,PCA
2024-02-29,2024-04-02,22,beta0,0.044354117629070024,3.3433707629728255e-05,0.04438755133669975,0.0452838442787407,-0.0008962929420409521,NS_RIDGE,NS
2024-02-29,2024-04-02,22,beta1,0.012195738526524239,-0.001651380782161333,0.010544357744362905,0.011093503664752515,-0.0005491459203896092,NS_RIDGE,NS
2024-02-29,2024-04-02,22,beta2,-0.021385404016057853,-4.5178465965156014e-05,-0.02143058248202301,-0.01988701112634794,-0.0015435713556750698,NS_RIDGE,NS
2024-02-29,2024-04-02,22,beta0,0.044354117629070024,9.945584811154368e-05,0.04445357347718157,0.0452838442787407,-0.0008302708015591326,NS_ELASTICNET,NS
2024-02-29,2024-04-02,22,beta1,0.012195738526524239,-0.00020681618076399068,0.011988922345760248,0.011093503664752515,0.0008954186810077331,NS_ELASTICNET,NS
2024-02-29,2024-04-02,22,beta2,-0.021385404016057853,-0.00025627987832426054,-0.021641683894382115,-0.01988701112634794,-0.0017546727680341767,NS_ELASTICNET,NS
2024-02-29,2024-04-02,22,PC1,0.07860423296775326,-0.002176602444037558,0.0764276305237157,0.0800654677523047,-0.003637837228589,PCA_RIDGE,PCA
2024-02-29,2024-04-02,22,PC2,-0.008950665238025266,0.0008400424626723547,-0.008110622775352912,-0.007602625394495209,-0.0005079973808577026,PCA_RIDGE,PCA
2024-02-29,2024-04-02,22,PC3,0.004717068625424038,-0.00010912323533717206,0.004607945390086866,0.004383325769473494,0.000224619620613372,PCA_RIDGE,PCA
2024-02-29,2024-04-02,22,PC1,0.07860423296775326,-0.0019813702412907197,0.07662286272646254,0.0800654677523047,-0.003442605025842163,PCA_RIDGE_VAR,PCA
2024-02-29,2024-04-02,22,PC2,-0.008950665238025266,0.0006664416216874639,-0.008284223616337802,-0.007602625394495209,-0.0006815982218425932,PCA_RIDGE_VAR,PCA
2024-02-29,2024-04-02,22,PC3,0.004717068625424038,-0.0003407475228314888,0.004376321102592549,0.004383325769473494,-7.004666880945122e-06,PCA_RIDGE_VAR,PCA
2024-02-29,2024-05-02,44,beta0,0.044354117629070024,0.000555346316505597,0.04490946394557562,0.04700437117803503,-0.002094907232459406,NS_RIDGE,NS
2024-02-29,2024-05-02,44,beta1,0.012195738526524239,-0.0035907759071499936,0.008604962619374245,0.009533360191473715,-0.0009283975720994694,NS_RIDGE,NS
2024-02-29,2024-05-02,44,beta2,-0.021385404016057853,0.00016962832071582343,-0.02121577569534203,-0.016309662810521305,-0.004906112884820724,NS_RIDGE,NS
2024-02-29,2024-05-02,44,beta0,0.044354117629070024,0.00033497457444953355,0.044689092203519555,0.04700437117803503,-0.0023152789745154723,NS_ELASTICNET,NS
2024-02-29,2024-05-02,44,beta1,0.012195738526524239,-0.0007500107464651184,0.01144572778005912,0.009533360191473715,0.001912367588585406,NS_ELASTICNET,NS
2024-02-29,2024-05-02,44,beta2,-0.021385404016057853,-0.0012529738291482127,-0.022638377845206066,-0.016309662810521305,-0.006328715034684761,NS_ELASTICNET,NS
2024-02-29,2024-05-02,44,PC1,0.07860423296775326,-0.003155151025653195,0.07544908194210007,0.08403104938042709,-0.008581967438327023,PCA_RIDGE,PCA
2024-02-29,2024-05-02,44,PC2,-0.008950665238025266,0.002564795285293991,-0.006385869952731275,-0.005080202798311225,-0.0013056671544200496,PCA_RIDGE,PCA
2024-02-29,2024-05-02,44,PC3,0.004717068625424038,-0.0002884115429141846,0.004428657082509853,0.0037183835744246923,0.0007102735080851607,PCA_RIDGE,PCA
2024-02-29,2024-05-02,44,PC1,0.07860423296775326,-0.0038098595467293273,0.07479437342102394,0.08403104938042709,-0.009236675959403154,PCA_RIDGE_VAR,PCA
2024-02-29,2024-05-02,44,PC2,-0.008950665238025266,0.0012511725546028333,-0.007699492683422433,-0.005080202798311225,-0.0026192898851112078,PCA_RIDGE_VAR,PCA
2024-02-29,2024-05-02,44,PC3,0.004717068625424038,-0.0006348135626849287,0.004082255062739109,0.0037183835744246923,0.00036387148831441667,PCA_RIDGE_VAR,PCA
2024-02-29,2024-06-04,66,beta0,0.044354117629070024,0.0004784843101411977,0.04483260193921122,0.04414276577714628,0.000689836162064944,NS_RIDGE,NS
2024-02-29,2024-06-04,66,beta1,0.012195738526524239,-0.005456474145156978,0.006739264381367261,0.01300310103084449,-0.006263836649477229,NS_RIDGE,NS
2024-02-29,2024-06-04,66,beta2,-0.021385404016057853,0.0009083737447163917,-0.02047703027134146,-0.01820552692199882,-0.0022715033493426393,NS_RIDGE,NS
2024-02-29,2024-06-04,66,beta0,0.044354117629070024,0.0006060324129044404,0.04496015004197446,0.04414276577714628,0.0008173842648281845,NS_ELASTICNET,NS
2024-02-29,2024-06-04,66,beta1,0.012195738526524239,-0.0028246402028676773,0.009371098323656561,0.01300310103084449,-0.0036320027071879285,NS_ELASTICNET,NS
2024-02-29,2024-06-04,66,beta2,-0.021385404016057853,-0.0020592237625995046,-0.023444627778657356,-0.01820552692199882,-0.005239100856658536,NS_ELASTICNET,NS
2024-02-29,2024-06-04,66,PC1,0.07860423296775326,-0.006930310659252417,0.07167392230850085,0.08113976160736612,-0.00946583929886527,PCA_RIDGE,PCA
2024-02-29,2024-06-04,66,PC2,-0.008950665238025266,0.0029801519972887333,-0.005970513240736533,-0.008587097636101583,0.0026165843953650497,PCA_RIDGE,PCA
2024-02-29,2024-06-04,66,PC3,0.004717068625424038,0.00013436789671589924,0.004851436522139937,0.004239315012522763,0.0006121215096171742,PCA_RIDGE,PCA
2024-02-29,2024-06-04,66,PC1,0.07860423296775326,-0.005506557582297011,0.07309767538545625,0.08113976160736612,-0.00804208622190987,PCA_RIDGE_VAR,PCA
2024-02-29,2024-06-04,66,PC2,-0.008950665238025266,0.001765448866368119,-0.007185216371657147,-0.008587097636101583,0.0014018812644444358,PCA_RIDGE_VAR,PCA
2024-02-29,2024-06-04,66,PC3,0.004717068625424038,-0.0008890769665866756,0.003827991658837362,0.004239315012522763,-0.00041132335368540074,PCA_RIDGE_VAR,PCA
2024-02-29,2024-09-09,132,beta0,0.044354117629070024,0.0006873225880179755,0.045041440217088,0.045971961479340906,-0.0009305212622529035,NS_RIDGE,NS
2024-02-29,2024-09-09,132,beta1,0.012195738526524239,-0.012771676460938922,-0.0005759379344146831,0.007334723017340588,-0.007910660951755272,NS_RIDGE,NS
2024-02-29,2024-09-09,132,beta2,-0.021385404016057853,0.00017764510838168344,-0.02120775890767617,-0.0507424500460678,0.029534691138391626,NS_RIDGE,NS
2024-02-29,2024-09-09,132,beta0,0.044354117629070024,0.001187107526107531,0.045541225155177556,0.045971961479340906,-0.00043073632416334995,NS_ELASTICNET,NS
2024-02-29,2024-09-09,132,beta1,0.012195738526524239,-0.0077365917533993005,0.004459146773124938,0.007334723017340588,-0.00287557624421565,NS_ELASTICNET,NS
2024-02-29,2024-09-09,132,beta2,-0.021385404016057853,-0.0026041163030424224,-0.023989520319100274,-0.0507424500460678,0.026752929726967523,NS_ELASTICNET,NS
2024-02-29,2024-09-09,132,PC1,0.07860423296775326,-0.020012521111451208,0.058591711856302055,0.058781956935658145,-0.00019024507935608975,PCA_RIDGE,PCA
2024-02-29,2024-09-09,132,PC2,-0.008950665238025266,0.005984343752504254,-0.0029663214855210123,-0.013547863270377224,0.010581541784856211,PCA_RIDGE,PCA
2024-02-29,2024-09-09,132,PC3,0.004717068625424038,-0.0003857846041091994,0.004331284021314838,0.009311238491555915,-0.004979954470241077,PCA_RIDGE,PCA
2024-02-29,2024-09-09,132,PC1,0.07860423296775326,-0.00997243723592868,0.06863179573182458,0.058781956935658145,0.009849838796166438,PCA_RIDGE_VAR,PCA
2024-02-29,2024-09-09,132,PC2,-0.008950665238025266,0.0029753264797346465,-0.00597533875829062,-0.013547863270377224,0.007572524512086605,PCA_RIDGE_VAR,PCA
2024-02-29,2024-09-09,132,PC3,0.004717068625424038,-0.0014675691036287694,0.0032494995217952683,0.009311238491555915,-0.006061738969760647,PCA_RIDGE_VAR,PCA
2024-02-29,2025-03-05,252,beta0,0.044354117629070024,-0.007759605155267156,0.03659451247380287,0.04775901456699786,-0.011164502093194993,NS_RIDGE,NS
2024-02-29,2025-03-05,252,beta1,0.012195738526524239,-0.027788447057545036,-0.015592708531020797,-0.0033630960746183058,-0.012229612456402491,NS_RIDGE,NS
2024-02-29,2025-03-05,252,beta2,-0.021385404016057853,0.005386286008583847,-0.015999118007474007,-0.020952310349334712,0.004953192341860705,NS_RIDGE,NS
2024-02-29,2025-03-05,252,beta0,0.044354117629070024,-0.0028722977313239383,0.04148181989774609,0.04775901456699786,-0.006277194669251772,NS_ELASTICNET,NS
2024-02-29,2025-03-05,252,beta1,0.012195738526524239,-0.03157710263413226,-0.019381364107608025,-0.0033630960746183058,-0.016018268032989717,NS_ELASTICNET,NS
2024-02-29,2025-03-05,252,beta2,-0.021385404016057853,0.000750166440838942,-0.02063523757521891,-0.020952310349334712,0.0003170727741158008,NS_ELASTICNET,NS
2024-02-29,2025-03-05,252,PC1,0.07860423296775326,-0.06747893085835138,0.01112530210940188,0.06112124882044363,-0.04999594671104175,PCA_RIDGE,PCA
2024-02-29,2025-03-05,252,PC2,-0.008950665238025266,0.006117646673573864,-0.002833018564451402,-0.0007778434567043968,-0.002055175107747005,PCA_RIDGE,PCA
2024-02-29,2025-03-05,252,PC3,0.004717068625424038,-0.00287277310371837,0.0018442955217056675,0.003169307508704219,-0.0013250119869985515,PCA_RIDGE,PCA
2024-02-29,2025-03-05,252,PC1,0.07860423296775326,-0.016505999991372367,0.062098232976380896,0.06112124882044363,0.0009769841559372633,PCA_RIDGE_VAR,PCA
2024-02-29,2025-03-05,252,PC2,-0.008950665238025266,0.004342301106649025,-0.004608364131376241,-0.0007778434567043968,-0.003830520674671844,PCA_RIDGE_VAR,PCA
2024-02-29,2025-03-05,252,PC3,0.004717068625424038,-0.0020788920823465937,0.002638176543077444,0.003169307508704219,-0.000531130965626775,PCA_RIDGE_VAR,PCA
2024-03-28,2024-04-05,5,beta0,0.04384657822456782,0.00019393166941096963,0.04404050989397879,0.045454124053844615,-0.0014136141598658225,NS_RIDGE,NS
2024-03-28,2024-04-05,5,beta1,0.013362519918476715,-0.00036836240483635726,0.012994157513640357,0.010878645326965603,0.0021155121866747537,NS_RIDGE,NS
2024-03-28,2024-04-05,5,beta2,-0.023114130029994285,-0.00018936942371326147,-0.023303499453707546,-0.01919418375721554,-0.004109315696492005,NS_RIDGE,NS
2024-03-28,2024-04-05,5,beta0,0.04384657822456782,-1.310926997862936e-05,0.04383346895458919,0.045454124053844615,-0.001620655099255422,NS_ELASTICNET,NS
2024-03-28,2024-04-05,5,beta1,0.013362519918476715,2.6819853649751464e-05,0.013389339772126465,0.010878645326965603,0.002510694445160862,NS_ELASTICNET,NS
2024-03-28,2024-04-05,5,beta2,-0.023114130029994285,2.7456905584823844e-05,-0.02308667312440946,-0.01919418375721554,-0.00389248936719392,NS_ELASTICNET,NS
2024-03-28,2024-04-05,5,PC1,0.07801573768591415,-0.00015110512404056602,0.07786463256187358,0.08023135228948064,-0.002366719727607061,PCA_RIDGE,PCA
2024-03-28,2024-04-05,5,PC2,-0.009976167710769692,0.0002196161579074059,-0.009756551552862286,-0.007066208835673899,-0.002690342717188387,PCA_RIDGE,PCA
2024-03-28,2024-04-05,5,PC3,0.004962063227025197,-3.8543256847917474e-05,0.00492351997017728,0.004145815132289869,0.0007777048378874111,PCA_RIDGE,PCA
2024-03-28,2024-04-05,5,PC1,0.07801573768591415,-0.0004837227042129577,0.07753201498170119,0.08023135228948064,-0.002699337307779451,PCA_RIDGE_VAR,PCA
2024-03-28,2024-04-05,5,PC2,-0.009976167710769692,0.00017692112632678413,-0.009799246584442908,-0.007066208835673899,-0.0027330377487690093,PCA_RIDGE_VAR,PCA
2024-03-28,2024-04-05,5,PC3,0.004962063227025197,-9.272901697558386e-05,0.0048693342100496135,0.004145815132289869,0.0007235190777597445,PCA_RIDGE_VAR,PCA
2024-03-28,2024-04-12,10,beta0,0.04384657822456782,0.00016879486975779348,0.04401537309432561,0.0454571953025355,-0.0014418222082098892,NS_RIDGE,NS
2024-03-28,2024-04-12,10,beta1,0.013362519918476715,-0.0006276338917491023,0.012734886026727612,0.010567502458046002,0.0021673835686816106,NS_RIDGE,NS
2024-03-28,2024-04-12,10,beta2,-0.023114130029994285,-0.00032166931236717657,-0.023435799342361462,-0.013165228862385716,-0.010270570479975746,NS_RIDGE,NS
2024-03-28,2024-04-12,10,beta0,0.04384657822456782,-1.0836890800331454e-05,0.04383574133376749,0.0454571953025355,-0.0016214539687680121,NS_ELASTICNET,NS
2024-03-28,2024-04-12,10,beta1,0.013362519918476715,9.252982250263843e-05,0.013455049740979353,0.010567502458046002,0.002887547282933351,NS_ELASTICNET,NS
2024-03-28,2024-04-12,10,beta2,-0.023114130029994285,-1.7463157323469317e-05,-0.023131593187317754,-0.013165228862385716,-0.009966364324932038,NS_ELASTICNET,NS
2024-03-28,2024-04-12,10,PC1,0.07801573768591415,-0.0007360942624835453,0.0772796434234306,0.082935226629472,-0.005655583206041398,PCA_RIDGE,PCA
2024-03-28,2024-04-12,10,PC2,-0.009976167710769692,0.000268922443734686,-0.009707245267035007,-0.005396084805948581,-0.004311160461086426,PCA_RIDGE,PCA
2024-03-28,2024-04-12,10,PC3,0.004962063227025197,2.020962697478694e-05,0.004982272853999984,0.00311250401948889,0.0018697688345110939,PCA_RIDGE,PCA
2024-03-28,2024-04-12,10,PC1,0.07801573768591415,-0.0009574823293020118,0.07705825535661213,0.082935226629472,-0.005876971272859868,PCA_RIDGE_VAR,PCA
2024-03-28,2024-04-12,10,PC2,-0.009976167710769692,0.0003486106477376665,-0.009627557063032026,-0.005396084805948581,-0.004231472257083445,PCA_RIDGE_VAR,PCA
2024-03-28,2024-04-12,10,PC3,0.004962063227025197,-0.00018237832475919216,0.004779684902266005,0.00311250401948889,0.0016671808827771152,PCA_RIDGE_VAR,PCA
2024-03-28,2024-04-30,22,beta0,0.04384657822456782,4.918789149326848e-05,0.04389576611606109,0.046717405700337555,-0.0028216395842764683,NS_RIDGE,NS
2024-03-28,2024-04-30,22,beta1,0.013362519918476715,-0.0011165315796543237,0.012245988338822391,0.009387079424354211,0.0028589089144681803,NS_RIDGE,NS
2024-03-28,2024-04-30,22,beta2,-0.023114130029994285,1.5240848000526397e-05,-0.023098889181993758,-0.00932108510306895,-0.013777804078924807,NS_RIDGE,NS
2024-03-28,2024-04-30,22,beta0,0.04384657822456782,7.974152163450472e-05,0.04392631974620233,0.046717405700337555,-0.002791085954135228,NS_ELASTICNET,NS
2024-03-28,2024-04-30,22,beta1,0.013362519918476715,-0.00018981400160074933,0.013172705916875966,0.009387079424354211,0.0037856264925217546,NS_ELASTICNET,NS
2024-03-28,2024-04-30,22,beta2,-0.023114130029994285,-0.00017438720950510708,-0.02328851723949939,-0.00932108510306895,-0.01396743213643044,NS_ELASTICNET,NS
2024-03-28,2024-04-30,22,PC1,0.07801573768591415,-0.0019588873574831562,0.07605685032843099,0.08643214540912633,-0.010375295080695346,PCA_RIDGE,PCA
2024-03-28,2024-04-30,22,PC2,-0.009976167710769692,0.0007196574337697069,-0.009256510276999986,-0.0032222001466780566,-0.00603431013032193,PCA_RIDGE,PCA
2024-03-28,2024-04-30,22,PC3,0.004962063227025197,-0.0003336956886595761,0.004628367538365622,0.002397944046601876,0.0022304234917637457,PCA_RIDGE,PCA
2024-03-28,2024-04-30,22,PC1,0.07801573768591415,-0.0020558360305901607,0.07595990165532399,0.08643214540912633,-0.010472243753802346,PCA_RIDGE_VAR,PCA
2024-03-28,2024-04-30,22,PC2,-0.009976167710769692,0.0007403398130594544,-0.009235827897710238,-0.0032222001466780566,-0.0060136277510321814,PCA_RIDGE_VAR,PCA
2024-03-28,2024-04-30,22,PC3,0.004962063227025197,-0.0003856076995965912,0.004576455527428606,0.002397944046601876,0.00217851148082673,PCA_RIDGE_VAR,PCA
2024-03-28,2024-05-31,44,beta0,0.04384657822456782,0.0009374087298465879,0.044783986954414406,0.045560641792451465,-0.000776654838037058,NS_RIDGE,NS
2024-03-28,2024-05-31,44,beta1,0.013362519918476715,-0.0036664810401058827,0.009696038878370832,0.011004409317765557,-0.0013083704393947251,NS_RIDGE,NS
2024-03-28,2024-05-31,44,beta2,-0.023114130029994285,0.0005395909499191198,-0.022574539080075166,-0.01429588442172881,-0.008278654658346356,NS_RIDGE,NS
2024-03-28,2024-05-31,44,beta0,0.04384657822456782,0.00030904535764664806,0.04415562358221447,0.045560641792451465,-0.0014050182102369954,NS_ELASTICNET,NS
2024-03-28,2024-05-31,44,beta1,0.013362519918476715,-0.0007315048424363863,0.01263101507604033,0.011004409317765557,0.0016266057582747726,NS_ELASTICNET,NS
2024-03-28,2024-05-31,44,beta2,-0.023114130029994285,-0.0009442432193381323,-0.024058373249332417,-0.01429588442172881,-0.009762488827603607,NS_ELASTICNET,NS
2024-03-28,2024-05-31,44,PC1,0.07801573768591415,-0.0040086347678422495,0.0740071029180719,0.0833821101909753,-0.009375007272903399,PCA_RIDGE,PCA
2024-03-28,2024-05-31,44,PC2,-0.009976167710769692,0.002050819531916423,-0.00792534817885327,-0.005806255193901783,-0.002119092984951486,PCA_RIDGE,PCA
2024-03-28,2024-05-31,44,PC3,0.004962063227025197,-0.0005265083501283291,0.004435554876896868,0.0033240703861983512,0.0011114844906985168,PCA_RIDGE,PCA
2024-03-28,2024-05-31,44,PC1,0.07801573768591415,-0.003939599505342728,0.07407613818057142,0.0833821101909753,-0.009305972010403882,PCA_RIDGE_VAR,PCA
2024-03-28,2024-05-31,44,PC2,-0.009976167710769692,0.00139012688667523,-0.008586040824094462,-0.005806255193901783,-0.002779785630192679,PCA_RIDGE_VAR,PCA
2024-03-28,2024-05-31,44,PC3,0.004962063227025197,-0.0007182846035493472,0.00424377862347585,0.0033240703861983512,0.0009197082372774988,PCA_RIDGE_VAR,PCA
2024-03-28,2024-07-03,66,beta0,0.04384657822456782,0.0009065304159752763,0.0447531086405431,0.045534671665033236,-0.0007815630244901381,NS_RIDGE,NS
2024-03-28,2024-07-03,66,beta1,0.013362519918476715,-0.0047162244124206035,0.008646295506056112,0.011377208127367746,-0.0027309126213116344,NS_RIDGE,NS
2024-03-28,2024-07-03,66,beta2,-0.023114130029994285,-0.0017938986351413236,-0.02490802866513561,-0.022046406769343115,-0.002861621895792494,NS_RIDGE,NS
2024-03-28,2024-07-03,66,beta0,0.04384657822456782,0.0004183502641558482,0.04426492848872367,0.045534671665033236,-0.001269743176309568,NS_ELASTICNET,NS
2024-03-28,2024-07-03,66,beta1,0.013362519918476715,-0.0014075390794945912,0.011954980838982124,0.011377208127367746,0.0005777727116143775,NS_ELASTICNET,NS
2024-03-28,2024-07-03,66,beta2,-0.023114130029994285,-0.0017781972669600231,-0.024892327296954307,-0.022046406769343115,-0.0028459205276111926,NS_ELASTICNET,NS
2024-03-28,2024-07-03,66,PC1,0.07801573768591415,-0.006297538403985636,0.0717181992819285,0.07979057080455224,-0.00807237152262373,PCA_RIDGE,PCA
2024-03-28,2024-07-03,66,PC2,-0.009976167710769692,0.0021014085783624386,-0.007874759132407254,-0.007944832230565798,7.007309815854415e-05,PCA_RIDGE,PCA
2024-03-28,2024-07-03,66,PC3,0.004962063227025197,-0.00015285606836566674,0.00480920715865953,0.0046784549705201055,0.00013075218813942465,PCA_RIDGE,PCA
2024-03-28,2024-07-03,66,PC1,0.07801573768591415,-0.005675123649431041,0.0723406140364831,0.07979057080455224,-0.00744995676806913,PCA_RIDGE_VAR,PCA
2024-03-28,2024-07-03,66,PC2,-0.009976167710769692,0.0019617052670989604,-0.008014462443670732,-0.007944832230565798,-6.963021310493409e-05,PCA_RIDGE_VAR,PCA
2024-03-28,2024-07-03,66,PC3,0.004962063227025197,-0.0010057083775381502,0.003956354849487047,0.0046784549705201055,-0.0007221001210330584,PCA_RIDGE_VAR,PCA
2024-03-28,2024-10-07,132,beta0,0.04384657822456782,0.0008368948383228344,0.04468347306289065,0.045265019229526575,-0.0005815461666359226,NS_RIDGE,NS
2024-03-28,2024-10-07,132,beta1,0.013362519918476715,-0.011212278813248933,0.002150241105227782,0.0034069666874566454,-0.0012567255822288634,NS_RIDGE,NS
2024-03-28,2024-10-07,132,beta2,-0.023114130029994285,-0.0008595396650327422,-0.02397366969502703,-0.028465116218253504,0.004491446523226476,NS_RIDGE,NS
2024-03-28,2024-10-07,132,beta0,0.04384657822456782,0.0007073651351030332,0.044553943359670854,0.045265019229526575,-0.0007110758698557207,NS_ELASTICNET,NS
2024-03-28,2024-10-07,132,beta1,0.013362519918476715,-0.007459999047278796,0.005902520871197919,0.0034069666874566454,0.0024955541837412736,NS_ELASTICNET,NS
2024-03-28,2024-10-07,132,beta2,-0.023114130029994285,-0.0018338545242778347,-0.02494798455427212,-0.028465116218253504,0.0035171316639813835,NS_ELASTICNET,NS
2024-03-28,2024-10-07,132,PC1,0.07801573768591415,-0.017670862478185157,0.06034487520772899,0.061672040607421486,-0.0013271653996924926,PCA_RIDGE,PCA
2024-03-28,2024-10-07,132,PC2,-0.009976167710769692,0.004716729090144007,-0.005259438620625685,-0.00665568203439576,0.0013962434137700748,PCA_RIDGE,PCA
2024-03-28,2024-10-07,132,PC3,0.004962063227025197,-0.0010176177594771244,0.003944445467548073,0.004960396547496316,-0.0010159510799482435,PCA_RIDGE,PCA
2024-03-28,2024-10-07,132,PC1,0.07801573768591415,-0.010181232382024313,0.06783450530388983,0.061672040607421486,0.006162464696468348,PCA_RIDGE_VAR,PCA
2024-03-28,2024-10-07,132,PC2,-0.009976167710769692,0.0033059861017003976,-0.006670181609069295,-0.00665568203439576,-1.4499574673534736e-05,PCA_RIDGE_VAR,PCA
2024-03-28,2024-10-07,132,PC3,0.004962063227025197,-0.0016575620387527133,0.003304501188272484,0.004960396547496316,-0.0016558953592238322,PCA_RIDGE_VAR,PCA
2024-03-28,2025-04-02,252,beta0,0.04384657822456782,-0.004735077316131758,0.03911150090843606,0.04721894743836656,-0.0081074465299305,NS_RIDGE,NS
2024-03-28,2025-04-02,252,beta1,0.013362519918476715,-0.027170443507688956,-0.013807923589212241,-0.002856058214306654,-0.010951865374905587,NS_RIDGE,NS
2024-03-28,2025-04-02,252,beta2,-0.023114130029994285,0.006557899141418431,-0.016556230888575853,-0.023604210848801203,0.00704797996022535,NS_RIDGE,NS
2024-03-28,2025-04-02,252,beta0,0.04384657822456782,-0.0034002660351689098,0.04044631218939891,0.04721894743836656,-0.006772635248967651,NS_ELASTICNET,NS
2024-03-28,2025-04-02,252,beta1,0.013362519918476715,-0.027005522902881954,-0.01364300298440524,-0.002856058214306654,-0.010786944770098585,NS_ELASTICNET,NS
2024-03-28,2025-04-02,252,beta2,-0.023114130029994285,0.002987072518944131,-0.020127057511050154,-0.023604210848801203,0.0034771533377510495,NS_ELASTICNET,NS
2024-03-28,2025-04-02,252,PC1,0.07801573768591415,-0.058087316883314276,0.01992842080259987,0.05877526685077768,-0.038846846048177806,PCA_RIDGE,PCA
2024-03-28,2025-04-02,252,PC2,-0.009976167710769692,0.009636684975751215,-0.00033948273501847696,-0.0018472232450981833,0.0015077405100797064,PCA_RIDGE,PCA
2024-03-28,2025-04-02,252,PC3,0.004962063227025197,-0.004251843375746582,0.0007102198512786151,0.0035411081078741673,-0.0028308882565955523,PCA_RIDGE,PCA
2024-03-28,2025-04-02,252,PC1,0.07801573768591415,-0.01661047485863141,0.06140526282728274,0.05877526685077768,0.0026299959765050604,PCA_RIDGE_VAR,PCA
2024-03-28,2025-04-02,252,PC2,-0.009976167710769692,0.004820760187779763,-0.005155407522989929,-0.0018472232450981833,-0.0033081842778917457,PCA_RIDGE_VAR,PCA
2024-03-28,2025-04-02,252,PC3,0.004962063227025197,-0.0023362739072783113,0.002625789319746886,0.0035411081078741673,-0.0009153187881272814,PCA_RIDGE_VAR,PCA
2024-04-30,2024-05-07,5,beta0,0.046717405700337555,0.00023330575365769122,0.04695071145399524,0.04595164771800502,0.0009990637359902216,NS_RIDGE,NS
2024-04-30,2024-05-07,5,beta1,0.009387079424354211,-0.0001289815179871153,0.009258097906367096,0.010714488248494757,-0.0014563903421276614,NS_RIDGE,NS
2024-04-30,2024-05-07,5,beta2,-0.00932108510306895,-0.001265817176318931,-0.010586902279387881,-0.01761092818511957,0.007024025905731689,NS_RIDGE,NS
2024-04-30,2024-05-07,5,beta0,0.046717405700337555,8.000103790442002e-06,0.046725405804128,0.04595164771800502,0.0007737580861229762,NS_ELASTICNET,NS
2024-04-30,2024-05-07,5,beta1,0.009387079424354211,5.2524490364462096e-05,0.009439603914718674,0.010714488248494757,-0.0012748843337760836,NS_ELASTICNET,NS
2024-04-30,2024-05-07,5,beta2,-0.00932108510306895,-4.591807743491307e-05,-0.009367003180503864,-0.01761092818511957,0.008243925004615706,NS_ELASTICNET,NS
2024-04-30,2024-05-07,5,PC1,0.0860648363841227,-0.00018549983550137056,0.08587933654862133,0.08181271625926553,0.004066620289355796,PCA_RIDGE,PCA
2024-04-30,2024-05-07,5,PC2,-0.0031119866354925437,-0.00015576794040685836,-0.0032677545758994023,-0.006201777750285228,0.002934023174385826,PCA_RIDGE,PCA
2024-04-30,2024-05-07,5,PC3,0.0023263060147647673,0.0002377641679232377,0.002564070182688005,0.0038150066626973667,-0.001250936480009362,PCA_RIDGE,PCA
2024-04-30,2024-05-07,5,PC1,0.0860648363841227,-0.00017131640937155523,0.08589351997475114,0.08181271625926553,0.004080803715485609,PCA_RIDGE_VAR,PCA
2024-04-30,2024-05-07,5,PC2,-0.0031119866354925437,3.332195247406338e-06,-0.0031086544402451374,-0.006201777750285228,0.003093123310040091,PCA_RIDGE_VAR,PCA
2024-04-30,2024-05-07,5,PC3,0.0023263060147647673,1.3162613647586027e-05,0.0023394686284123533,0.0038150066626973667,-0.0014755380342850134,PCA_RIDGE_VAR,PCA
2024-04-30,2024-05-14,10,beta0,0.046717405700337555,0.0002772889152445071,0.04699469461558206,0.04533947726354509,0.0016552173520369695,NS_RIDGE,NS
2024-04-30,2024-05-14,10,beta1,0.009387079424354211,-0.00019647011011331264,0.009190609314240898,0.011383083602473792,-0.002192474288232894,NS_RIDGE,NS
2024-04-30,2024-05-14,10,beta2,-0.00932108510306895,-0.0010634759044652613,-0.010384561007534212,-0.016554473624906297,0.006169912617372085,NS_RIDGE,NS
2024-04-30,2024-05-14,10,beta0,0.046717405700337555,4.672652371651179e-05,0.04676413222405407,0.04533947726354509,0.0014246549605089753,NS_ELASTICNET,NS
2024-04-30,2024-05-14,10,beta1,0.009387079424354211,5.9679250518955775e-05,0.009446758674873167,0.011383083602473792,-0.0019363249276006245,NS_ELASTICNET,NS
2024-04-30,2024-05-14,10,beta2,-0.00932108510306895,-7.698407914743006e-05,-0.009398069182216381,-0.016554473624906297,0.007156404442689916,NS_ELASTICNET,NS
2024-04-30,2024-05-14,10,PC1,0.0860648363841227,0.0003729286896578362,0.08643776507378054,0.08185780548358992,0.004579959590190613,PCA_RIDGE,PCA
2024-04-30,2024-05-14,10,PC2,-0.0031119866354925437,0.00015232513030935096,-0.0029596615051831927,-0.006556450200710124,0.0035967886955269313,PCA_RIDGE,PCA
2024-04-30,2024-05-14,10,PC3,0.0023263060147647673,0.0002904272362232559,0.0026167332509880233,0.003652030328653513,-0.0010352970776654896,PCA_RIDGE,PCA
2024-04-30,2024-05-14,10,PC1,0.0860648363841227,-0.0003442500806063592,0.08572058630351634,0.08185780548358992,0.0038627808199264146,PCA_RIDGE_VAR,PCA
2024-04-30,2024-05-14,10,PC2,-0.0031119866354925437,7.274879821870563e-06,-0.003104711755670673,-0.006556450200710124,0.003451738445039451,PCA_RIDGE_VAR,PCA
2024-04-30,2024-05-14,10,PC3,0.0023263060147647673,2.5700863542359176e-05,0.0023520068783071265,0.003652030328653513,-0.0013000234503463865,PCA_RIDGE_VAR,PCA
2024-04-30,2024-05-31,22,beta0,0.046717405700337555,0.0004117063293410667,0.04712911202967862,0.045560641792451465,0.001568470237227157,NS_RIDGE,NS
2024-04-30,2024-05-31,22,beta1,0.009387079424354211,-0.00032099579278307684,0.009066083631571135,0.011004409317765557,-0.0019383256861944219,NS_RIDGE,NS
2024-04-30,2024-05-31,22,beta2,-0.00932108510306895,-0.001887917592342629,-0.01120900269541158,-0.01429588442172881,0.00308688172631723,NS_RIDGE,NS
2024-04-30,2024-05-31,22,beta0,0.046717405700337555,0.00016145448916103143,0.046878860189498585,0.045560641792451465,0.0013182183970471203,NS_ELASTICNET,NS
2024-04-30,2024-05-31,22,beta1,0.009387079424354211,4.596539767540465e-05,0.009433044822029616,0.011004409317765557,-0.0015713644957359406,NS_ELASTICNET,NS
2024-04-30,2024-05-31,22,beta2,-0.00932108510306895,-0.00048365691925112423,-0.009804742022320075,-0.01429588442172881,0.004491142399408735,NS_ELASTICNET,NS
2024-04-30,2024-05-31,22,PC1,0.0860648363841227,0.0001270664637731558,0.08619190284789585,0.08301809014129144,0.003173812706604412,PCA_RIDGE,PCA
2024-04-30,2024-05-31,22,PC2,-0.0031119866354925437,0.0005233235168068675,-0.0025886631186856765,-0.005700080781164449,0.0031114176624787724,PCA_RIDGE,PCA
2024-04-30,2024-05-31,22,PC3,0.0023263060147647673,0.0002589978312976224,0.0025853038460623896,0.0032516857361176623,-0.0006663818900552727,PCA_RIDGE,PCA
2024-04-30,2024-05-31,22,PC1,0.0860648363841227,-0.0007654848941683057,0.08529935148995439,0.08301809014129144,0.0022812613486629524,PCA_RIDGE_VAR,PCA
2024-04-30,2024-05-31,22,PC2,-0.0031119866354925437,1.9049764478023135e-05,-0.0030929368710145206,-0.005700080781164449,0.002607143910149928,PCA_RIDGE_VAR,PCA
2024-04-30,2024-05-31,22,PC3,0.0023263060147647673,5.3372492774515085e-05,0.0023796785075392824,0.0032516857361176623,-0.0008720072285783799,PCA_RIDGE_VAR,PCA
2024-04-30,2024-07-03,44,beta0,0.046717405700337555,0.0003322735525918677,0.047049679252929424,0.045534671665033236,0.0015150075878961888,NS_RIDGE,NS
2024-04-30,2024-07-03,44,beta1,0.009387079424354211,-0.0010887943484932687,0.008298285075860942,0.011377208127367746,-0.003078923051506805,NS_RIDGE,NS
2024-04-30,2024-07-03,44,beta2,-0.00932108510306895,-0.0009797171784836996,-0.01030080228155265,-0.022046406769343115,0.011745604487790464,NS_RIDGE,NS
2024-04-30,2024-07-03,44,beta0,0.046717405700337555,0.00035102575592290926,0.04706843145626047,0.045534671665033236,0.0015337597912272322,NS_ELASTICNET,NS
2024-04-30,2024-07-03,44,beta1,0.009387079424354211,-9.579530706827101e-05,0.00929128411728594,0.011377208127367746,-0.0020859240100818063,NS_ELASTICNET,NS
2024-04-30,2024-07-03,44,beta2,-0.00932108510306895,-0.001538665634451463,-0.010859750737520414,-0.022046406769343115,0.0111866560318227,NS_ELASTICNET,NS
2024-04-30,2024-07-03,44,PC1,0.0860648363841227,-0.0005361550755056543,0.08552868130861704,0.07942978637514664,0.006098894933470406,PCA_RIDGE,PCA
2024-04-30,2024-07-03,44,PC2,-0.0031119866354925437,0.0007720522004112327,-0.002339934435081311,-0.007843831688698434,0.005503897253617123,PCA_RIDGE,PCA
2024-04-30,2024-07-03,44,PC3,0.0023263060147647673,0.00042482486495146963,0.002751130879716237,0.004607107512516575,-0.0018559766328003382,PCA_RIDGE,PCA
2024-04-30,2024-07-03,44,PC1,0.0860648363841227,-0.0015580171029857676,0.08450681928113693,0.07942978637514664,0.005077032905990292,PCA_RIDGE_VAR,PCA
2024-04-30,2024-07-03,44,PC2,-0.0031119866354925437,4.8054099376936e-05,-0.0030639325361156078,-0.007843831688698434,0.004779899152582826,PCA_RIDGE_VAR,PCA
2024-04-30,2024-07-03,44,PC3,0.0023263060147647673,9.599418225117538e-05,0.0024223001970159427,0.004607107512516575,-0.0021848073155006325,PCA_RIDGE_VAR,PCA
2024-04-30,2024-08-05,66,beta0,0.046717405700337555,0.0005654109391156551,0.04728281663945321,0.04574026622389528,0.001542550415557932,NS_RIDGE,NS
2024-04-30,2024-08-05,66,beta1,0.009387079424354211,-0.0023506711704722244,0.007036408253881987,0.010010310849657977,-0.0029739025957759907,NS_RIDGE,NS
2024-04-30,2024-08-05,66,beta2,-0.00932108510306895,-0.0026100863287262187,-0.01193117143179517,-0.04881645603498291,0.03688528460318774,NS_RIDGE,NS
2024-04-30,2024-08-05,66,beta0,0.046717405700337555,0.000860771468278689,0.047578177168616245,0.04574026622389528,0.0018379109447209663,NS_ELASTICNET,NS
2024-04-30,2024-08-05,66,beta1,0.009387079424354211,-0.002282553888187055,0.007104525536167156,0.010010310849657977,-0.002905785313490821,NS_ELASTICNET,NS
2024-04-30,2024-08-05,66,beta2,-0.00932108510306895,-0.003945518512200664,-0.013266603615269615,-0.04881645603498291,0.03554985241971329,NS_ELASTICNET,NS
2024-04-30,2024-08-05,66,PC1,0.0860648363841227,-0.0036324745304954324,0.08243236185362726,0.06320876618405515,0.019223595669572116,PCA_RIDGE,PCA
2024-04-30,2024-08-05,66,PC2,-0.0031119866354925437,0.0013999594359122413,-0.0017120271995803025,-0.014026892171107867,0.012314864971527565,PCA_RIDGE,PCA
2024-04-30,2024-08-05,66,PC3,0.0023263060147647673,0.0006685523024529083,0.0029948583172176757,0.009093883243015263,-0.006099024925797588,PCA_RIDGE,PCA
2024-04-30,2024-08-05,66,PC1,0.0860648363841227,-0.0023726756242863772,0.08369216075983632,0.06320876618405515,0.020483394575781175,PCA_RIDGE_VAR,PCA
2024-04-30,2024-08-05,66,PC2,-0.0031119866354925437,8.491077583970162e-05,-0.003027075859652842,-0.014026892171107867,0.010999816311455024,PCA_RIDGE_VAR,PCA
2024-04-30,2024-08-05,66,PC3,0.0023263060147647673,0.0001293947499141617,0.002455700764678929,0.009093883243015263,-0.0066381824783363335,PCA_RIDGE_VAR,PCA
2024-04-30,2024-11-07,132,beta0,0.046717405700337555,0.0010817770212516989,0.047799182721589256,0.04699480857410037,0.0008043741474888857,NS_RIDGE,NS
2024-04-30,2024-11-07,132,beta1,0.009387079424354211,-0.006970472763601692,0.0024166066607525186,-0.0004387312248509932,0.002855337885603512,NS_RIDGE,NS
2024-04-30,2024-11-07,132,beta2,-0.00932108510306895,-0.008844645074940802,-0.01816573017800975,-0.018525626495382027,0.0003598963173722762,NS_RIDGE,NS
2024-04-30,2024-11-07,132,beta0,0.046717405700337555,0.0009594902816774867,0.04767689598201504,0.04699480857410037,0.0006820874079146722,NS_ELASTICNET,NS
2024-04-30,2024-11-07,132,beta1,0.009387079424354211,-0.0022831534539207885,0.0071039259704334225,-0.0004387312248509932,0.007542657195284416,NS_ELASTICNET,NS
2024-04-30,2024-11-07,132,beta2,-0.00932108510306895,-0.006557424104660377,-0.015878509207729326,-0.018525626495382027,0.002647117287652701,NS_ELASTICNET,NS
2024-04-30,2024-11-07,132,PC1,0.0860648363841227,-0.016386478820277602,0.06967835756384509,0.064721337451463,0.004957020112382096,PCA_RIDGE,PCA
2024-04-30,2024-11-07,132,PC2,-0.0031119866354925437,0.00034356771615088157,-0.002768418919341662,-0.0015125090232409773,-0.001255909896100685,PCA_RIDGE,PCA
2024-04-30,2024-11-07,132,PC3,0.0023263060147647673,0.001154441450205109,0.003480747464969876,0.002939970280583947,0.0005407771843859294,PCA_RIDGE,PCA
2024-04-30,2024-11-07,132,PC1,0.0860648363841227,-0.004909683697906619,0.08115515268621608,0.064721337451463,0.016433815234753082,PCA_RIDGE_VAR,PCA
2024-04-30,2024-11-07,132,PC2,-0.0031119866354925437,0.00022644628213326634,-0.0028855403533592774,-0.0015125090232409773,-0.0013730313301183001,PCA_RIDGE_VAR,PCA
2024-04-30,2024-11-07,132,PC3,0.0023263060147647673,0.00018640196435224746,0.0025127079791170148,0.002939970280583947,-0.000427262301466932,PCA_RIDGE_VAR,PCA
2024-04-30,2025-05-05,252,beta0,0.046717405700337555,-0.00035564645656149563,0.04636175924377606,0.051780531519317156,-0.005418772275541099,NS_RIDGE,NS
2024-04-30,2025-05-05,252,beta1,0.009387079424354211,-0.01929142048435939,-0.009904341060005178,-0.006552159390807735,-0.003352181669197443,NS_RIDGE,NS
2024-04-30,2025-05-05,252,beta2,-0.00932108510306895,-0.009830234143020785,-0.019151319246089735,-0.035205370807687826,0.01605405156159809,NS_RIDGE,NS
2024-04-30,2025-05-05,252,beta0,0.046717405700337555,0.0008291406446238212,0.047546546344961374,0.051780531519317156,-0.004233985174355782,NS_ELASTICNET,NS
2024-04-30,2025-05-05,252,beta1,0.009387079424354211,-0.013467271132809046,-0.004080191708454835,-0.006552159390807735,0.0024719676823529,NS_ELASTICNET,NS
2024-04-30,2025-05-05,252,beta2,-0.00932108510306895,-0.010866892552848175,-0.020187977655917125,-0.035205370807687826,0.0150173931517707,NS_ELASTICNET,NS
2024-04-30,2025-05-05,252,PC1,0.0860648363841227,-0.0444654172127248,0.041599419171397894,0.058343944795694075,-0.01674452562429618,PCA_RIDGE,PCA
2024-04-30,2025-05-05,252,PC2,-0.0031119866354925437,0.004643296315560866,0.0015313096800683226,-0.0006380985257301991,0.0021694082057985217,PCA_RIDGE,PCA
2024-04-30,2025-05-05,252,PC3,0.0023263060147647673,7.371691610355514e-05,0.0024000229308683224,0.005316458127444823,-0.002916435196576501,PCA_RIDGE,PCA
2024-04-30,2025-05-05,252,PC1,0.0860648363841227,-0.00967725288700852,0.07638758349711418,0.058343944795694075,0.018043638701420103,PCA_RIDGE_VAR,PCA
2024-04-30,2025-05-05,252,PC2,-0.0031119866354925437,0.0005282033366056111,-0.0025837832988869327,-0.0006380985257301991,-0.0019456847731567336,PCA_RIDGE_VAR,PCA
2024-04-30,2025-05-05,252,PC3,0.0023263060147647673,0.00018403751686616766,0.002510343531630935,0.005316458127444823,-0.0028061145958138884,PCA_RIDGE_VAR,PCA
2024-05-31,2024-06-07,5,beta0,0.045560641792451465,1.473842003744698e-05,0.045575380212488914,0.044696128035909166,0.0008792521765797479,NS_RIDGE,NS
2024-05-31,2024-06-07,5,beta1,0.011004409317765557,-0.000152365507195534,0.010852043810570023,0.012256758390885084,-0.0014047145803150612,NS_RIDGE,NS
2024-05-31,2024-06-07,5,beta2,-0.01429588442172881,0.0005953949504281741,-0.013700489471300635,-0.015064601633500128,0.0013641121621994923,NS_RIDGE,NS
2024-05-31,2024-06-07,5,beta0,0.045560641792451465,-9.562860657204319e-06,0.04555107893179426,0.044696128035909166,0.0008549508958850954,NS_ELASTICNET,NS
2024-05-31,2024-06-07,5,beta1,0.011004409317765557,4.2669881307283276e-05,0.01104707919907284,0.012256758390885084,-0.0012096791918122449,NS_ELASTICNET,NS
2024-05-31,2024-06-07,5,beta2,-0.01429588442172881,1.72613450745011e-05,-0.014278623076654309,-0.015064601633500128,0.0007859785568458191,NS_ELASTICNET,NS
2024-05-31,2024-06-07,5,PC1,0.08265985272153056,0.00011721784538015816,0.08277707056691072,0.08203849537997963,0.0007385751869310869,PCA_RIDGE,PCA
2024-05-31,2024-06-07,5,PC2,-0.005574266059852432,0.00021231429588493904,-0.005361951763967493,-0.006762992123749468,0.0014010403597819751,PCA_RIDGE,PCA
2024-05-31,2024-06-07,5,PC3,0.0031758502290697137,-0.00010560877591857903,0.0030702414531511347,0.003404110142612573,-0.0003338686894614382,PCA_RIDGE,PCA
2024-05-31,2024-06-07,5,PC1,0.08265985272153056,-0.00026772659444235236,0.08239212612708821,0.08203849537997963,0.000353630747108577,PCA_RIDGE_VAR,PCA
2024-05-31,2024-06-07,5,PC2,-0.005574266059852432,6.78895669020364e-05,-0.005506376492950395,-0.006762992123749468,0.0012566156307990727,PCA_RIDGE_VAR,PCA
2024-05-31,2024-06-07,5,PC3,0.0031758502290697137,-2.6023467495387906e-05,0.003149826761574326,0.003404110142612573,-0.0002542833810382471,PCA_RIDGE_VAR,PCA
2024-05-31,2024-06-14,10,beta0,0.045560641792451465,0.0001124345403596904,0.045673076332811154,0.04324698268683302,0.0024260936459781363,NS_RIDGE,NS
2024-05-31,2024-06-14,10,beta1,0.011004409317765557,-0.0003425910956551875,0.010661818222110368,0.014139956936163947,-0.003478138714053579,NS_RIDGE,NS
2024-05-31,2024-06-14,10,beta2,-0.01429588442172881,-1.8367849695138467e-05,-0.014314252271423949,-0.02132114511367819,0.007006892842254243,NS_RIDGE,NS
2024-05-31,2024-06-14,10,beta0,0.045560641792451465,1.749715343875378e-05,0.04557813894589022,0.04324698268683302,0.0023311562590572,NS_ELASTICNET,NS
2024-05-31,2024-06-14,10,beta1,0.011004409317765557,4.6879293470562104e-05,0.011051288611236118,0.014139956936163947,-0.0030886683249278287,NS_ELASTICNET,NS
2024-05-31,2024-06-14,10,beta2,-0.01429588442172881,-1.4631823316229448e-05,-0.014310516245045039,-0.02132114511367819,0.007010628868633153,NS_ELASTICNET,NS
2024-05-31,2024-06-14,10,PC1,0.08265985272153056,-0.0002690042190802453,0.08239084850245032,0.07796343529919848,0.004427413203251837,PCA_RIDGE,PCA
2024-05-31,2024-06-14,10,PC2,-0.005574266059852432,0.00021324899271650747,-0.0053610170671359245,-0.009959509735015842,0.004598492667879917,PCA_RIDGE,PCA
2024-05-31,2024-06-14,10,PC3,0.0031758502290697137,-6.061217646102152e-06,0.0031697890114236117,0.004561101800098177,-0.001391312788674565,PCA_RIDGE,PCA
2024-05-31,2024-06-14,10,PC1,0.08265985272153056,-0.0005329703595017693,0.0821268823620288,0.07796343529919848,0.004163447062830311,PCA_RIDGE_VAR,PCA
2024-05-31,2024-06-14,10,PC2,-0.005574266059852432,0.00013406293549022077,-0.005440203124362211,-0.009959509735015842,0.004519306610653631,PCA_RIDGE_VAR,PCA
2024-05-31,2024-06-14,10,PC3,0.0031758502290697137,-5.121608921935389e-05,0.00312463413985036,0.004561101800098177,-0.0014364676602478168,PCA_RIDGE_VAR,PCA
2024-05-31,2024-07-03,22,beta0,0.045560641792451465,0.00016933201030388794,0.045729973802755355,0.045534671665033236,0.0001953021377221198,NS_RIDGE,NS
2024-05-31,2024-07-03,22,beta1,0.011004409317765557,-0.0007512695707445928,0.010253139747020964,0.011377208127367746,-0.0011240683803467825,NS_RIDGE,NS
2024-05-31,2024-07-03,22,beta2,-0.01429588442172881,-5.295781771170863e-05,-0.014348842239440518,-0.022046406769343115,0.007697564529902596,NS_RIDGE,NS
2024-05-31,2024-07-03,22,beta0,0.045560641792451465,0.00011807387741928329,0.04567871566987075,0.045534671665033236,0.00014404400483751523,NS_ELASTICNET,NS
2024-05-31,2024-07-03,22,beta1,0.011004409317765557,-4.2286723532141665e-05,0.010962122594233415,0.011377208127367746,-0.0004150855331343309,NS_ELASTICNET,NS
2024-05-31,2024-07-03,22,beta2,-0.01429588442172881,-0.0002858498949744117,-0.014581734316703222,-0.022046406769343115,0.007464672452639893,NS_ELASTICNET,NS
2024-05-31,2024-07-03,22,PC1,0.08265985272153056,-0.0009300870078037596,0.08172976571372681,0.07907520606600642,0.002654559647720392,PCA_RIDGE,PCA
2024-05-31,2024-07-03,22,PC2,-0.005574266059852432,0.000624472783003863,-0.0049497932768485685,-0.007724126563095998,0.0027743332862474298,PCA_RIDGE,PCA
2024-05-31,2024-07-03,22,PC3,0.0031758502290697137,-6.700567783359081e-05,0.003108844551236123,0.004531810873262359,-0.0014229663220262359,PCA_RIDGE,PCA
2024-05-31,2024-07-03,22,PC1,0.08265985272153056,-0.001159916272015421,0.08149993644951514,0.07907520606600642,0.0024247303835087247,PCA_RIDGE_VAR,PCA
2024-05-31,2024-07-03,22,PC2,-0.005574266059852432,0.00028620251797658973,-0.005288063541875842,-0.007724126563095998,0.0024360630212201563,PCA_RIDGE_VAR,PCA
2024-05-31,2024-07-03,22,PC3,0.0031758502290697137,-0.00010847635154469541,0.0030673738775250183,0.004531810873262359,-0.0014644369957373406,PCA_RIDGE_VAR,PCA
2024-05-31,2024-08-05,44,beta0,0.045560641792451465,0.0003938076317950485,0.045954449424246514,0.04574026622389528,0.00021418320035123534,NS_RIDGE,NS
2024-05-31,2024-08-05,44,beta1,0.011004409317765557,-0.0017656844559789822,0.009238724861786575,0.010010310849657977,-0.0007715859878714027,NS_RIDGE,NS
2024-05-31,2024-08-05,44,beta2,-0.01429588442172881,-0.0009809250088936843,-0.015276809430622495,-0.04881645603498291,0.033539646604360415,NS_RIDGE,NS
2024-05-31,2024-08-05,44,beta0,0.045560641792451465,0.00033534219817976413,0.04589598399063123,0.04574026622389528,0.00015571776673595217,NS_ELASTICNET,NS
2024-05-31,2024-08-05,44,beta1,0.011004409317765557,-0.00033959011721735195,0.010664819200548206,0.010010310849657977,0.0006545083508902282,NS_ELASTICNET,NS
2024-05-31,2024-08-05,44,beta2,-0.01429588442172881,-0.0009941121318045656,-0.015289996553533376,-0.04881645603498291,0.03352645948144953,NS_ELASTICNET,NS
2024-05-31,2024-08-05,44,PC1,0.08265985272153056,-0.002475540658947915,0.08018431206258265,0.06286534684459397,0.01731896521798869,PCA_RIDGE,PCA
2024-05-31,2024-08-05,44,PC2,-0.005574266059852432,0.0011380719739877093,-0.0044361940858647225,-0.013933097131144032,0.009496903045279309,PCA_RIDGE,PCA
2024-05-31,2024-08-05,44,PC3,0.0031758502290697137,0.00014126916188948407,0.0033171193909591976,0.009025935396335217,-0.005708816005376019,PCA_RIDGE,PCA
2024-05-31,2024-08-05,44,PC1,0.08265985272153056,-0.0022768958061325922,0.08038295691539797,0.06286534684459397,0.017517610070804004,PCA_RIDGE_VAR,PCA
2024-05-31,2024-08-05,44,PC2,-0.005574266059852432,0.0005426027399629066,-0.005031663319889525,-0.013933097131144032,0.008901433811254507,PCA_RIDGE_VAR,PCA
2024-05-31,2024-08-05,44,PC3,0.0031758502290697137,-0.00020283655386302583,0.002973013675206688,0.009025935396335217,-0.0060529217211285295,PCA_RIDGE_VAR,PCA
2024-05-31,2024-09-05,66,beta0,0.045560641792451465,0.0006114182479071332,0.0461720600403586,0.04566626992009524,0.0005057901202633608,NS_RIDGE,NS
2024-05-31,2024-09-05,66,beta1,0.011004409317765557,-0.002723759431635206,0.00828064988613035,0.008034596728253062,0.0002460531578772889,NS_RIDGE,NS
2024-05-31,2024-09-05,66,beta2,-0.01429588442172881,-0.0023859104107909943,-0.016681794832519803,-0.048454073142668155,0.03177227831014835,NS_RIDGE,NS
2024-05-31,2024-09-05,66,beta0,0.045560641792451465,0.0004249835210983734,0.04598562531354984,0.04566626992009524,0.00031935539345460257,NS_ELASTICNET,NS
2024-05-31,2024-09-05,66,beta1,0.011004409317765557,-0.0006793188021081712,0.010325090515657385,0.008034596728253062,0.0022904937874043234,NS_ELASTICNET,NS
2024-05-31,2024-09-05,66,beta2,-0.01429588442172881,-0.001833206996907472,-0.016129091418636284,-0.048454073142668155,0.03232498172403187,NS_ELASTICNET,NS
2024-05-31,2024-09-05,66,PC1,0.08265985272153056,-0.0040604090309728025,0.07859944369055775,0.05940815716643176,0.019191286524125994,PCA_RIDGE,PCA
2024-05-31,2024-09-05,66,PC2,-0.005574266059852432,0.0009602101832227909,-0.004614055876629641,-0.013130880945456093,0.008516825068826452,PCA_RIDGE,PCA
2024-05-31,2024-09-05,66,PC3,0.0031758502290697137,0.00033639794351619947,0.0035122481725859134,0.008753354496176518,-0.0052411063235906045,PCA_RIDGE,PCA
2024-05-31,2024-09-05,66,PC1,0.08265985272153056,-0.003356723374387263,0.0793031293471433,0.05940815716643176,0.01989497218071154,PCA_RIDGE_VAR,PCA
2024-05-31,2024-09-05,66,PC2,-0.005574266059852432,0.0007731248079968231,-0.0048011412518556085,-0.013130880945456093,0.008329739693600485,PCA_RIDGE_VAR,PCA
2024-05-31,2024-09-05,66,PC3,0.0031758502290697137,-0.00028531881365046136,0.0028905314154192524,0.008753354496176518,-0.005862823080757265,PCA_RIDGE_VAR,PCA
2024-05-31,2024-12-11,132,beta0,0.045560641792451465,0.00034754672906869177,0.045908188521520156,0.045390874773229,0.0005173137482911566,NS_RIDGE,NS
2024-05-31,2024-12-11,132,beta1,0.011004409317765557,-0.007045710463815755,0.003958698853949802,-0.0009366854557880415,0.004895384309737843,NS_RIDGE,NS
2024-05-31,2024-12-11,132,beta2,-0.01429588442172881,-0.004250321404702311,-0.01854620582643112,-0.013162839780002869,-0.005383366046428252,NS_RIDGE,NS
2024-05-31,2024-12-11,132,beta0,0.045560641792451465,0.00035619591724612526,0.04591683770969759,0.045390874773229,0.000525962936468588,NS_ELASTICNET,NS
2024-05-31,2024-12-11,132,beta1,0.011004409317765557,-0.00485610516983807,0.0061483041479274865,-0.0009366854557880415,0.007084989603715528,NS_ELASTICNET,NS
2024-05-31,2024-12-11,132,beta2,-0.01429588442172881,-0.003987878625862029,-0.01828376304759084,-0.013162839780002869,-0.00512092326758797,NS_ELASTICNET,NS
2024-05-31,2024-12-11,132,PC1,0.08265985272153056,-0.014324310325840748,0.06833554239568981,0.06194538872645618,0.006390153669233636,PCA_RIDGE,PCA
2024-05-31,2024-12-11,132,PC2,-0.005574266059852432,0.0018185278706464537,-0.003755738189205978,-0.000802982083914057,-0.002952756105291921,PCA_RIDGE,PCA
2024-05-31,2024-12-11,132,PC3,0.0031758502290697137,0.0002728765096208014,0.003448726738690515,0.001773074977246717,0.001675651761443798,PCA_RIDGE,PCA
2024-05-31,2024-12-11,132,PC1,0.08265985272153056,-0.0064177408888834026,0.07624211183264716,0.06194538872645618,0.014296723106190984,PCA_RIDGE_VAR,PCA
2024-05-31,2024-12-11,132,PC2,-0.005574266059852432,0.0013406537932628675,-0.004233612266589564,-0.000802982083914057,-0.003430630182675507,PCA_RIDGE_VAR,PCA
2024-05-31,2024-12-11,132,PC3,0.0031758502290697137,-0.00047899372554521943,0.0026968565035244943,0.001773074977246717,0.0009237815262777773,PCA_RIDGE_VAR,PCA
2024-05-31,2025-06-05,252,beta0,0.045560641792451465,-0.0011683264705487477,0.044392315321902714,0.05148825678788926,-0.0070959414659865425,NS_RIDGE,NS
2024-05-31,2025-06-05,252,beta1,0.011004409317765557,-0.018345359541169573,-0.007340950223404016,-0.00569740674608207,-0.0016435434773219466,NS_RIDGE,NS
2024-05-31,2025-06-05,252,beta2,-0.01429588442172881,-0.003370092234070777,-0.017665976655799588,-0.032991067223985183,0.015325090568185595,NS_RIDGE,NS
2024-05-31,2025-06-05,252,beta0,0.045560641792451465,-0.0003173193915783004,0.045243322400873164,0.05148825678788926,-0.006244934387016093,NS_ELASTICNET,NS
2024-05-31,2025-06-05,252,beta1,0.011004409317765557,-0.01367580139201165,-0.0026713920742460935,-0.00569740674608207,0.0030260146718359762,NS_ELASTICNET,NS
2024-05-31,2025-06-05,252,beta2,-0.01429588442172881,-0.0049146569428729706,-0.01921054136460178,-0.032991067223985183,0.013780525859383403,NS_ELASTICNET,NS
2024-05-31,2025-06-05,252,PC1,0.08265985272153056,-0.04088514537777794,0.041774707343752625,0.059846415648867196,-0.01807170830511457,PCA_RIDGE,PCA
2024-05-31,2025-06-05,252,PC2,-0.005574266059852432,0.005369582798586152,-0.00020468326126627922,-0.00047810554907627006,0.00027342228780999085,PCA_RIDGE,PCA
2024-05-31,2025-06-05,252,PC3,0.0031758502290697137,-0.001229408410874392,0.0019464418181953218,0.004973507907873105,-0.0030270660896777836,PCA_RIDGE,PCA
2024-05-31,2025-06-05,252,PC1,0.08265985272153056,-0.011503185479569883,0.07115666724196068,0.059846415648867196,0.011310251593093484,PCA_RIDGE_VAR,PCA
2024-05-31,2025-06-05,252,PC2,-0.005574266059852432,0.002051189648651308,-0.0035230764112011235,-0.00047810554907627006,-0.0030449708621248534,PCA_RIDGE_VAR,PCA
2024-05-31,2025-06-05,252,PC3,0.0031758502290697137,-0.000708325660238881,0.0024675245688308327,0.004973507907873105,-0.0025059833390422724,PCA_RIDGE_VAR,PCA
2024-06-28,2024-07-08,5,beta0,0.04507098687785238,-0.000231823316093307,0.04483916356175907,0.045081135820713054,-0.00024197225895398328,NS_RIDGE,NS
2024-06-28,2024-07-08,5,beta1,0.01176258910192141,-1.948621857813193e-05,0.011743102883343277,0.011879610634778765,-0.00013650775143548774,NS_RIDGE,NS
2024-06-28,2024-07-08,5,beta2,-0.020426755319762947,-0.00011996525567482697,-0.020546720575437775,-0.02455748578034968,0.004010765204911906,NS_RIDGE,NS
2024-06-28,2024-07-08,5,beta0,0.04507098687785238,-1.5082417072802705e-05,0.04505590446077958,0.045081135820713054,-2.5231359933472475e-05,NS_ELASTICNET,NS
2024-06-28,2024-07-08,5,beta1,0.01176258910192141,3.801724558014102e-05,0.01180060634750155,0.011879610634778765,-7.900428727721474e-05,NS_ELASTICNET,NS
2024-06-28,2024-07-08,5,beta2,-0.020426755319762947,2.03577218287039e-05,-0.020406397597934244,-0.02455748578034968,0.004151088182415438,NS_ELASTICNET,NS
2024-06-28,2024-07-08,5,PC1,0.07904443687080677,-0.0005696451544551463,0.07847479171635162,0.07706205350152828,0.0014127382148233364,PCA_RIDGE,PCA
2024-06-28,2024-07-08,5,PC2,-0.007600047797916137,-0.00016965169985427354,-0.0077696994977704105,-0.008700492005992717,0.0009307925082223069,PCA_RIDGE,PCA
2024-06-28,2024-07-08,5,PC3,0.004193709816066767,-1.666368173345935e-05,0.004177046134333307,0.004894593901335877,-0.0007175477670025698,PCA_RIDGE,PCA
2024-06-28,2024-07-08,5,PC1,0.07904443687080677,-0.00039053111105175065,0.07865390575975502,0.07706205350152828,0.0015918522582267364,PCA_RIDGE_VAR,PCA
2024-06-28,2024-07-08,5,PC2,-0.007600047797916137,0.0001310280167181061,-0.007469019781198031,-0.008700492005992717,0.0012314722247946863,PCA_RIDGE_VAR,PCA
2024-06-28,2024-07-08,5,PC3,0.004193709816066767,-6.665405855857138e-05,0.004127055757508195,0.004894593901335877,-0.0007675381438276814,PCA_RIDGE_VAR,PCA
2024-06-28,2024-07-15,10,beta0,0.04507098687785238,-0.0002515365259262042,0.04481945035192618,0.046716952738808395,-0.001897502386882216,NS_RIDGE,NS
2024-06-28,2024-07-15,10,beta1,0.01176258910192141,-0.0002204720501663753,0.011542117051755034,0.010019628270414452,0.0015224887813405814,NS_RIDGE,NS
2024-06-28,2024-07-15,10,beta2,-0.020426755319762947,-0.00017879466414119597,-0.020605549983904143,-0.032500412433017434,0.01189486244911329,NS_RIDGE,NS
2024-06-28,2024-07-15,10,beta0,0.04507098687785238,-9.978304278982315e-06,0.0450610085735734,0.046716952738808395,-0.0016559441652349988,NS_ELASTICNET,NS
2024-06-28,2024-07-15,10,beta1,0.01176258910192141,2.592808670639994e-05,0.01178851718862781,0.010019628270414452,0.0017688889182133575,NS_ELASTICNET,NS
2024-06-28,2024-07-15,10,beta2,-0.020426755319762947,4.439052166349012e-05,-0.020382364798099458,-0.032500412433017434,0.012118047634917976,NS_ELASTICNET,NS
2024-06-28,2024-07-15,10,PC1,0.07904443687080677,-0.0008961904550816166,0.07814824641572515,0.07407076622901404,0.004077480186711113,PCA_RIDGE,PCA
2024-06-28,2024-07-15,10,PC2,-0.007600047797916137,-0.00012187676424961122,-0.007721924562165749,-0.009057528424685896,0.0013356038625201476,PCA_RIDGE,PCA
2024-06-28,2024-07-15,10,PC3,0.004193709816066767,-2.5405762579224544e-05,0.004168304053487542,0.006177891298766235,-0.0020095872452786934,PCA_RIDGE,PCA
2024-06-28,2024-07-15,10,PC1,0.07904443687080677,-0.0007741800111228381,0.07827025685968393,0.07407076622901404,0.0041994906306698915,PCA_RIDGE_VAR,PCA
2024-06-28,2024-07-15,10,PC2,-0.007600047797916137,0.00025812175616423457,-0.007341926041751903,-0.009057528424685896,0.0017156023829339936,PCA_RIDGE_VAR,PCA
2024-06-28,2024-07-15,10,PC3,0.004193709816066767,-0.00013106459365038337,0.004062645222416383,0.006177891298766235,-0.002115246076349852,PCA_RIDGE_VAR,PCA
2024-06-28,2024-07-31,22,beta0,0.04507098687785238,-9.623824082169193e-05,0.04497474863703069,0.04590147377819949,-0.0009267251411688021,NS_RIDGE,NS
2024-06-28,2024-07-31,22,beta1,0.01176258910192141,-0.0007692723088713288,0.01099331679305008,0.010584962450969841,0.0004083543420802388,NS_RIDGE,NS
2024-06-28,2024-07-31,22,beta2,-0.020426755319762947,-0.0010933045261218642,-0.02152005984588481,-0.036052918837914526,0.014532858992029715,NS_RIDGE,NS
2024-06-28,2024-07-31,22,beta0,0.04507098687785238,8.25244848125242e-05,0.045153511362664905,0.04590147377819949,-0.0007479624155345838,NS_ELASTICNET,NS
2024-06-28,2024-07-31,22,beta1,0.01176258910192141,-0.00011291006137962195,0.011649679040541787,0.010584962450969841,0.0010647165895719454,NS_ELASTICNET,NS
2024-06-28,2024-07-31,22,beta2,-0.020426755319762947,-0.00019149687953171884,-0.020618252199294664,-0.036052918837914526,0.015434666638619862,NS_ELASTICNET,NS
2024-06-28,2024-07-31,22,PC1,0.07904443687080677,-0.0019917580864704703,0.0770526787843363,0.0708951530353665,0.0061575257489698,PCA_RIDGE,PCA
2024-06-28,2024-07-31,22,PC2,-0.007600047797916137,-1.5527950274129638e-05,-0.007615575748190267,-0.010677320466994066,0.0030617447188037985,PCA_RIDGE,PCA
2024-06-28,2024-07-31,22,PC3,0.004193709816066767,3.866679531340435e-05,0.004232376611380171,0.006797712414124524,-0.002565335802744353,PCA_RIDGE,PCA
2024-06-28,2024-07-31,22,PC1,0.07904443687080677,-0.00166824410944931,0.07737619276135746,0.0708951530353665,0.006481039725990956,PCA_RIDGE_VAR,PCA
2024-06-28,2024-07-31,22,PC2,-0.007600047797916137,0.0005478813187641037,-0.0070521664791520335,-0.010677320466994066,0.003625153987842032,PCA_RIDGE_VAR,PCA
2024-06-28,2024-07-31,22,PC3,0.004193709816066767,-0.00027697569162139085,0.003916734124445376,0.006797712414124524,-0.002880978289679148,PCA_RIDGE_VAR,PCA
2024-06-28,2024-08-30,44,beta0,0.04507098687785238,0.00015273780913513404,0.045223724686987515,0.04689721220242332,-0.0016734875154358064,NS_RIDGE,NS
2024-06-28,2024-08-30,44,beta1,0.01176258910192141,-0.002131887435712777,0.009630701666208632,0.007702958057950957,0.0019277436082576751,NS_RIDGE,NS
2024-06-28,2024-08-30,44,beta2,-0.020426755319762947,-0.000111292475273306,-0.020538047795036252,-0.04588494761994655,0.025346899824910295,NS_RIDGE,NS
2024-06-28,2024-08-30,44,beta0,0.04507098687785238,0.00030059840603420963,0.045371585283886594,0.04689721220242332,-0.001525626918536728,NS_ELASTICNET,NS
2024-06-28,2024-08-30,44,beta1,0.01176258910192141,-0.0005304278905851924,0.011232161211336217,0.007702958057950957,0.00352920315338526,NS_ELASTICNET,NS
2024-06-28,2024-08-30,44,beta2,-0.020426755319762947,-0.0007650263282388282,-0.021191781648001774,-0.04588494761994655,0.024693165971944774,NS_ELASTICNET,NS
2024-06-28,2024-08-30,44,PC1,0.07904443687080677,-0.003974446366882064,0.07506999050392471,0.06333643563013058,0.011733554873794128,PCA_RIDGE,PCA
2024-06-28,2024-08-30,44,PC2,-0.007600047797916137,0.0018550511483212877,-0.00574499664959485,-0.01151024667458182,0.0057652500249869695,PCA_RIDGE,PCA
2024-06-28,2024-08-30,44,PC3,0.004193709816066767,-0.00012204991963718969,0.0040716598964295764,0.008253058901363734,-0.004181399004934158,PCA_RIDGE,PCA
2024-06-28,2024-08-30,44,PC1,0.07904443687080677,-0.0032177952807508903,0.07582664159005588,0.06333643563013058,0.012490205959925296,PCA_RIDGE_VAR,PCA
2024-06-28,2024-08-30,44,PC2,-0.007600047797916137,0.0010278637669427632,-0.006572184030973374,-0.01151024667458182,0.004938062643608445,PCA_RIDGE_VAR,PCA
2024-06-28,2024-08-30,44,PC3,0.004193709816066767,-0.0005155516144169639,0.0036781582016498027,0.008253058901363734,-0.0045749006997139316,PCA_RIDGE_VAR,PCA
2024-06-28,2024-10-02,66,beta0,0.04507098687785238,0.0008393393684205826,0.04591032624627296,0.04574725459166516,0.00016307165460779927,NS_RIDGE,NS
2024-06-28,2024-10-02,66,beta1,0.01176258910192141,-0.003437785609800999,0.00832480349212041,0.002885072133215391,0.00543973135890502,NS_RIDGE,NS
2024-06-28,2024-10-02,66,beta2,-0.020426755319762947,-0.0022393020574519823,-0.02266605737721493,-0.04146867301295142,0.018802615635736493,NS_RIDGE,NS
2024-06-28,2024-10-02,66,beta0,0.04507098687785238,0.0005031643058758215,0.0455741511837282,0.04574725459166516,-0.00017310340793696283,NS_ELASTICNET,NS
2024-06-28,2024-10-02,66,beta1,0.01176258910192141,-0.0010495600349504698,0.01071302906697094,0.002885072133215391,0.007827956933755549,NS_ELASTICNET,NS
2024-06-28,2024-10-02,66,beta2,-0.020426755319762947,-0.0013931884330420925,-0.02181994375280504,-0.04146867301295142,0.019648729260146384,NS_ELASTICNET,NS
2024-06-28,2024-10-02,66,PC1,0.07904443687080677,-0.004669184042259082,0.07437525282854769,0.05411051911156917,0.02026473371697852,PCA_RIDGE,PCA
2024-06-28,2024-10-02,66,PC2,-0.007600047797916137,0.001946372539326885,-0.005653675258589252,-0.00922783917951819,0.003574163920928938,PCA_RIDGE,PCA
2024-06-28,2024-10-02,66,PC3,0.004193709816066767,2.8079217830764182e-05,0.004221789033897531,0.006956937420794104,-0.0027351483868965736,PCA_RIDGE,PCA
2024-06-28,2024-10-02,66,PC1,0.07904443687080677,-0.004665235698889936,0.07437920117191683,0.05411051911156917,0.02026868206034766,PCA_RIDGE_VAR,PCA
2024-06-28,2024-10-02,66,PC2,-0.007600047797916137,0.0014494241436554638,-0.0061506236542606734,-0.00922783917951819,0.0030772155252575166,PCA_RIDGE_VAR,PCA
2024-06-28,2024-10-02,66,PC3,0.004193709816066767,-0.0007214800910615845,0.003472229725005182,0.006956937420794104,-0.0034847076957889222,PCA_RIDGE_VAR,PCA
2024-06-28,2025-01-09,132,beta0,0.04507098687785238,0.0009829002309719858,0.04605388710882437,0.05132998143934485,-0.005276094330520481,NS_RIDGE,NS
2024-06-28,2025-01-09,132,beta1,0.01176258910192141,-0.008630610472506212,0.0031319786294151976,-0.008139946797276486,0.011271925426691684,NS_RIDGE,NS
2024-06-28,2025-01-09,132,beta2,-0.020426755319762947,-0.003287615454706012,-0.02371437077446896,-0.013988982822213935,-0.009725387952255025,NS_RIDGE,NS
2024-06-28,2025-01-09,132,beta0,0.04507098687785238,0.0010565780625209915,0.04612756494037337,0.05132998143934485,-0.005202416498971477,NS_ELASTICNET,NS
2024-06-28,2025-01-09,132,beta1,0.01176258910192141,-0.006439198937646057,0.005323390164275352,-0.008139946797276486,0.013463336961551838,NS_ELASTICNET,NS
2024-06-28,2025-01-09,132,beta2,-0.020426755319762947,-0.003225572462735544,-0.02365232778249849,-0.013988982822213935,-0.009663344960284556,NS_ELASTICNET,NS
2024-06-28,2025-01-09,132,PC1,0.07904443687080677,-0.01695376387472424,0.06209067299608253,0.06502343109191344,-0.0029327580958309132,PCA_RIDGE,PCA
2024-06-28,2025-01-09,132,PC2,-0.007600047797916137,0.003133083227453283,-0.004466964570462854,0.005414890842989909,-0.009881855413452763,PCA_RIDGE,PCA
2024-06-28,2025-01-09,132,PC3,0.004193709816066767,-0.0002895675472614588,0.0039041422688053076,0.0015341766675279755,0.002369965601277332,PCA_RIDGE,PCA
2024-06-28,2025-01-09,132,PC1,0.07904443687080677,-0.008525236202823097,0.07051920066798367,0.06502343109191344,0.005495769576070231,PCA_RIDGE_VAR,PCA
2024-06-28,2025-01-09,132,PC2,-0.007600047797916137,0.002438910787279403,-0.005161137010636734,0.005414890842989909,-0.010576027853626643,PCA_RIDGE_VAR,PCA
2024-06-28,2025-01-09,132,PC3,0.004193709816066767,-0.001188804389527022,0.0030049054265397445,0.0015341766675279755,0.001470728759011769,PCA_RIDGE_VAR,PCA
2024-06-28,2025-07-03,252,beta0,0.04507098687785238,-0.0014071145026717745,0.04366387237518061,0.05113410937161386,-0.0074702369964332535,NS_RIDGE,NS
2024-06-28,2025-07-03,252,beta1,0.01176258910192141,-0.020072994727072108,-0.008310405625150698,-0.005044996620606763,-0.003265409004543935,NS_RIDGE,NS
2024-06-28,2025-07-03,252,beta2,-0.020426755319762947,-0.0022528806066734342,-0.022679635926436383,-0.034571414271344594,0.011891778344908212,NS_RIDGE,NS
2024-06-28,2025-07-03,252,beta0,0.04507098687785238,-1.1068950147597248e-05,0.045059917927704786,0.05113410937161386,-0.006074191443909076,NS_ELASTICNET,NS
2024-06-28,2025-07-03,252,beta1,0.01176258910192141,-0.017250691972035753,-0.005488102870114343,-0.005044996620606763,-0.00044310624950757993,NS_ELASTICNET,NS
2024-06-28,2025-07-03,252,beta2,-0.020426755319762947,-0.0030950365476763537,-0.0235217918674393,-0.034571414271344594,0.011049622403905293,NS_ELASTICNET,NS
2024-06-28,2025-07-03,252,PC1,0.07904443687080677,-0.042851597927137226,0.03619283894366954,0.05886436390561484,-0.0226715249619453,PCA_RIDGE,PCA
2024-06-28,2025-07-03,252,PC2,-0.007600047797916137,0.005978914313139727,-0.0016211334847764103,-0.0012381509575693575,-0.0003829825272070528,PCA_RIDGE,PCA
2024-06-28,2025-07-03,252,PC3,0.004193709816066767,-0.000979745660613506,0.0032139641554532607,0.005206252312766894,-0.001992288157313633,PCA_RIDGE,PCA
2024-06-28,2025-07-03,252,PC1,0.07904443687080677,-0.0143208708136279,0.06472356605717887,0.05886436390561484,0.005859202151564026,PCA_RIDGE_VAR,PCA
2024-06-28,2025-07-03,252,PC2,-0.007600047797916137,0.0035533369865935966,-0.004046710811322541,-0.0012381509575693575,-0.002808559853753183,PCA_RIDGE_VAR,PCA
2024-06-28,2025-07-03,252,PC3,0.004193709816066767,-0.0016820317897178558,0.0025116780263489107,0.005206252312766894,-0.002694574286417983,PCA_RIDGE_VAR,PCA
2024-07-31,2024-08-07,5,beta0,0.04590147377819949,-0.00014442196874840077,0.04575705180945109,0.04774534268697206,-0.0019882908775209693,NS_RIDGE,NS
2024-07-31,2024-08-07,5,beta1,0.010584962450969841,-0.0006789986779755718,0.00990596377299427,0.008159983116576591,0.0017459806564176783,NS_RIDGE,NS
2024-07-31,2024-08-07,5,beta2,-0.036052918837914526,0.0011586723723438419,-0.03489424646557068,-0.047722562502277265,0.012828316036706582,NS_RIDGE,NS
2024-07-31,2024-08-07,5,beta0,0.04590147377819949,-3.539882315677103e-05,0.04586607495504272,0.04774534268697206,-0.0018792677319293405,NS_ELASTICNET,NS
2024-07-31,2024-08-07,5,beta1,0.010584962450969841,7.621650720387514e-07,0.01058572461604188,0.008159983116576591,0.002425741499465289,NS_ELASTICNET,NS
2024-07-31,2024-08-07,5,beta2,-0.036052918837914526,0.00011294578499386228,-0.03593997305292066,-0.047722562502277265,0.011782589449356604,NS_ELASTICNET,NS
2024-07-31,2024-08-07,5,PC1,0.07058784032933776,-0.001311219982281449,0.06927662034705631,0.06518653582588163,0.004090084521174681,PCA_RIDGE,PCA
2024-07-31,2024-08-07,5,PC2,-0.010544244654074657,0.0004705941492334071,-0.01007365050484125,-0.011523818594709592,0.0014501680898683419,PCA_RIDGE,PCA
2024-07-31,2024-08-07,5,PC3,0.006681743609254809,-0.0003349250456739088,0.0063468185635809,0.008574375530195164,-0.002227556966614264,PCA_RIDGE,PCA
2024-07-31,2024-08-07,5,PC1,0.07058784032933776,-0.0007221585831599237,0.06986568174617784,0.06518653582588163,0.00467914592029621,PCA_RIDGE_VAR,PCA
2024-07-31,2024-08-07,5,PC2,-0.010544244654074657,0.0002498860897719151,-0.010294358564302742,-0.011523818594709592,0.0012294600304068506,PCA_RIDGE_VAR,PCA
2024-07-31,2024-08-07,5,PC3,0.006681743609254809,-0.00014814213343586433,0.006533601475818945,0.008574375530195164,-0.002040774054376219,PCA_RIDGE_VAR,PCA
2024-07-31,2024-08-14,10,beta0,0.04590147377819949,6.834509583334801e-05,0.045969818874032835,0.04583321067537606,0.00013660819865677493,NS_RIDGE,NS
2024-07-31,2024-08-14,10,beta1,0.010584962450969841,-0.001458523647145275,0.009126438803824567,0.010120543380501078,-0.0009941045766765112,NS_RIDGE,NS
2024-07-31,2024-08-14,10,beta2,-0.036052918837914526,0.0012571489148734015,-0.03479576992304113,-0.047126765859577084,0.012330995936535957,NS_RIDGE,NS
2024-07-31,2024-08-14,10,beta0,0.04590147377819949,-2.978993956206014e-05,0.04587168383863743,0.04583321067537606,3.8473163261366905e-05,NS_ELASTICNET,NS
2024-07-31,2024-08-14,10,beta1,0.010584962450969841,-8.220198230438945e-05,0.010502760468665452,0.010120543380501078,0.00038221708816437404,NS_ELASTICNET,NS
2024-07-31,2024-08-14,10,beta2,-0.036052918837914526,0.00017049234412074585,-0.03588242649379378,-0.047126765859577084,0.011244339365783305,NS_ELASTICNET,NS
2024-07-31,2024-08-14,10,PC1,0.07058784032933776,-0.002346154589032401,0.06824168574030537,0.06365100416200117,0.004590681578304195,PCA_RIDGE,PCA
2024-07-31,2024-08-14,10,PC2,-0.010544244654074657,0.0008954150007805914,-0.009648829653294066,-0.013267038892639953,0.0036182092393458876,PCA_RIDGE,PCA
2024-07-31,2024-08-14,10,PC3,0.006681743609254809,-0.00048158380895491846,0.006200159800299891,0.008528293632155733,-0.0023281338318558425,PCA_RIDGE,PCA
2024-07-31,2024-08-14,10,PC1,0.07058784032933776,-0.0014277613161434582,0.0691600790131943,0.06365100416200117,0.0055090748511931326,PCA_RIDGE_VAR,PCA
2024-07-31,2024-08-14,10,PC2,-0.010544244654074657,0.0004920092264137678,-0.010052235427660889,-0.013267038892639953,0.0032148034649790644,PCA_RIDGE_VAR,PCA
2024-07-31,2024-08-14,10,PC3,0.006681743609254809,-0.0002916643109026123,0.006390079298352197,0.008528293632155733,-0.0021382143338035363,PCA_RIDGE_VAR,PCA
2024-07-31,2024-08-30,22,beta0,0.04590147377819949,-8.522315561472341e-05,0.045816250622584764,0.04689721220242332,-0.0010809615798385575,NS_RIDGE,NS
2024-07-31,2024-08-30,22,beta1,0.010584962450969841,-0.002044027910187641,0.0085409345407822,0.007702958057950957,0.0008379764828312436,NS_RIDGE,NS
2024-07-31,2024-08-30,22,beta2,-0.036052918837914526,0.0015888364891224794,-0.034464082348792044,-0.04588494761994655,0.011420865271154504,NS_RIDGE,NS
2024-07-31,2024-08-30,22,beta0,0.04590147377819949,7.412374794260544e-06,0.04590888615299375,0.04689721220242332,-0.0009883260494295693,NS_ELASTICNET,NS
2024-07-31,2024-08-30,22,beta1,0.010584962450969841,-0.00040640289475217447,0.010178559556217666,0.007702958057950957,0.002475601498266709,NS_ELASTICNET,NS
2024-07-31,2024-08-30,22,beta2,-0.036052918837914526,0.00013862209308299902,-0.03591429674483153,-0.04588494761994655,0.00997065087511502,NS_ELASTICNET,NS
2024-07-31,2024-08-30,22,PC1,0.07058784032933776,-0.0031315421467212096,0.06745629818261656,0.06303205677730479,0.004424241405311766,PCA_RIDGE,PCA
2024-07-31,2024-08-30,22,PC2,-0.010544244654074657,0.0009829064082539861,-0.00956133824582067,-0.01139372966770396,0.0018323914218832896,PCA_RIDGE,PCA
2024-07-31,2024-08-30,22,PC3,0.006681743609254809,-0.0004637099881583254,0.006218033621096484,0.008144422519881726,-0.0019263888987852426,PCA_RIDGE,PCA
2024-07-31,2024-08-30,22,PC1,0.07058784032933776,-0.0030566955636446846,0.06753114476569308,0.06303205677730479,0.004499087988388287,PCA_RIDGE_VAR,PCA
2024-07-31,2024-08-30,22,PC2,-0.010544244654074657,0.0010429165295482452,-0.009501328124526412,-0.01139372966770396,0.0018924015431775482,PCA_RIDGE_VAR,PCA
2024-07-31,2024-08-30,22,PC3,0.006681743609254809,-0.0006181654156210224,0.006063578193633787,0.008144422519881726,-0.0020808443262479394,PCA_RIDGE_VAR,PCA
2024-07-31,2024-10-02,44,beta0,0.04590147377819949,0.0008527824102842102,0.0467542561884837,0.04574725459166516,0.0010070015968185395,NS_RIDGE,NS
2024-07-31,2024-10-02,44,beta1,0.010584962450969841,-0.005589305617807431,0.00499565683316241,0.002885072133215391,0.002110584699947019,NS_RIDGE,NS
2024-07-31,2024-10-02,44,beta2,-0.036052918837914526,0.0012277851095646598,-0.03482513372834987,-0.04146867301295142,0.0066435392846015545,NS_RIDGE,NS
2024-07-31,2024-10-02,44,beta0,0.04590147377819949,0.00011207058319437829,0.04601354436139387,0.04574725459166516,0.00026628976972870727,NS_ELASTICNET,NS
2024-07-31,2024-10-02,44,beta1,0.010584962450969841,-0.0010706712205459075,0.009514291230423935,0.002885072133215391,0.006629219097208544,NS_ELASTICNET,NS
2024-07-31,2024-10-02,44,beta2,-0.036052918837914526,-5.041160586248911e-05,-0.03610333044377702,-0.04146867301295142,0.005365342569174404,NS_ELASTICNET,NS
2024-07-31,2024-10-02,44,PC1,0.07058784032933776,-0.008894659831591557,0.061693180497746206,0.05380121190351621,0.007891968594229998,PCA_RIDGE,PCA
2024-07-31,2024-10-02,44,PC2,-0.010544244654074657,0.0027731834050819895,-0.007771061248992668,-0.009122692409232944,0.0013516311602402766,PCA_RIDGE,PCA
2024-07-31,2024-10-02,44,PC3,0.006681743609254809,-0.0011308926768748273,0.005550850932379982,0.0068639464929529555,-0.0013130955605729737,PCA_RIDGE,PCA
2024-07-31,2024-10-02,44,PC1,0.07058784032933776,-0.005824875635508209,0.06476296469382956,0.05380121190351621,0.010961752790313348,PCA_RIDGE_VAR,PCA
2024-07-31,2024-10-02,44,PC2,-0.010544244654074657,0.0019511979620912018,-0.008593046691983455,-0.009122692409232944,0.0005296457172494894,PCA_RIDGE_VAR,PCA
2024-07-31,2024-10-02,44,PC3,0.006681743609254809,-0.0011563476315454273,0.005525395977709382,0.0068639464929529555,-0.0013385505152435735,PCA_RIDGE_VAR,PCA
2024-07-31,2024-11-04,66,beta0,0.04590147377819949,0.0009092584101492107,0.0468107321883487,0.04765500543362975,-0.000844273245281052,NS_RIDGE,NS
2024-07-31,2024-11-04,66,beta1,0.010584962450969841,-0.005869885050347653,0.004715077400622188,-0.0009417356396509077,0.005656813040273096,NS_RIDGE,NS
2024-07-31,2024-11-04,66,beta2,-0.036052918837914526,0.0003197010122935296,-0.03573321782562099,-0.020963106042282464,-0.014770111783338528,NS_RIDGE,NS
2024-07-31,2024-11-04,66,beta0,0.04590147377819949,0.00018759189487967595,0.04608906567307917,0.04765500543362975,-0.0015659397605505831,NS_ELASTICNET,NS
2024-07-31,2024-11-04,66,beta1,0.010584962450969841,-0.0019466842442916364,0.008638278206678205,-0.0009417356396509077,0.009580013846329113,NS_ELASTICNET,NS
2024-07-31,2024-11-04,66,beta2,-0.036052918837914526,5.743492464921576e-05,-0.03599548391326531,-0.020963106042282464,-0.015032377870982848,NS_ELASTICNET,NS
2024-07-31,2024-11-04,66,PC1,0.07058784032933776,-0.01058549791550321,0.06000234241383455,0.06336809564686947,-0.003365753233034924,PCA_RIDGE,PCA
2024-07-31,2024-11-04,66,PC2,-0.010544244654074657,0.003141065472016589,-0.007403179182058068,-0.0011952753420848387,-0.006207903839973229,PCA_RIDGE,PCA
2024-07-31,2024-11-04,66,PC3,0.006681743609254809,-0.0014672335784122158,0.0052145100308425936,0.0031678655346212975,0.002046644496221296,PCA_RIDGE,PCA
2024-07-31,2024-11-04,66,PC1,0.07058784032933776,-0.008341501091626347,0.06224633923771142,0.06336809564686947,-0.0011217564091580562,PCA_RIDGE_VAR,PCA
2024-07-31,2024-11-04,66,PC2,-0.010544244654074657,0.0027429310297546116,-0.007801313624320045,-0.0011952753420848387,-0.006606038282235206,PCA_RIDGE_VAR,PCA
2024-07-31,2024-11-04,66,PC3,0.006681743609254809,-0.0016254646003872903,0.005056279008867519,0.0031678655346212975,0.0018884134742462215,PCA_RIDGE_VAR,PCA
2024-07-31,2025-02-11,132,beta0,0.04590147377819949,0.0006060945844786742,0.046507568362678164,0.048342882043703954,-0.0018353136810257895,NS_RIDGE,NS
2024-07-31,2025-02-11,132,beta1,0.010584962450969841,-0.012182736667070052,-0.0015977742161002104,-0.0046628289302786865,0.003065054714178476,NS_RIDGE,NS
2024-07-31,2025-02-11,132,beta2,-0.036052918837914526,0.003005427291006859,-0.03304749154690767,-0.010371103080611448,-0.022676388466296223,NS_RIDGE,NS
2024-07-31,2025-02-11,132,beta0,0.04590147377819949,0.0004911068608008674,0.046392580639000355,0.048342882043703954,-0.0019503014047035985,NS_ELASTICNET,NS
2024-07-31,2025-02-11,132,beta1,0.010584962450969841,-0.009136347574701338,0.001448614876268503,-0.0046628289302786865,0.0061114438065471895,NS_ELASTICNET,NS
2024-07-31,2025-02-11,132,beta2,-0.036052918837914526,0.0015613866056710716,-0.03449153223224345,-0.010371103080611448,-0.024120429151632004,NS_ELASTICNET,NS
2024-07-31,2025-02-11,132,PC1,0.07058784032933776,-0.025317673236338392,0.04527016709299937,0.06445385627984672,-0.019183689186847347,PCA_RIDGE,PCA
2024-07-31,2025-02-11,132,PC2,-0.010544244654074657,0.005456787641863705,-0.005087457012210952,0.0033626731453835386,-0.00845013015759449,PCA_RIDGE,PCA
2024-07-31,2025-02-11,132,PC3,0.006681743609254809,-0.00282505224421206,0.0038566913650427493,0.0009791940529334277,0.0028774973121093216,PCA_RIDGE,PCA
2024-07-31,2025-02-11,132,PC1,0.07058784032933776,-0.01468000378014949,0.055907836549188274,0.06445385627984672,-0.008546019730658445,PCA_RIDGE_VAR,PCA
2024-07-31,2025-02-11,132,PC2,-0.010544244654074657,0.004564743229144466,-0.005979501424930191,0.0033626731453835386,-0.009342174570313728,PCA_RIDGE_VAR,PCA
2024-07-31,2025-02-11,132,PC3,0.006681743609254809,-0.0027063282577466036,0.003975415351508206,0.0009791940529334277,0.002996221298574778,PCA_RIDGE_VAR,PCA
2024-07-31,2025-08-05,252,beta0,0.04590147377819949,-0.005977782833044357,0.03992369094515513,0.05081854642118063,-0.010894855476025499,NS_RIDGE,NS
2024-07-31,2025-08-05,252,beta1,0.010584962450969841,-0.023817600475994592,-0.013232638025024751,-0.005654490930549715,-0.007578147094475036,NS_RIDGE,NS
2024-07-31,2025-08-05,252,beta2,-0.036052918837914526,0.011778430853721206,-0.02427448798419332,-0.038855151776436954,0.014580663792243632,NS_RIDGE,NS
2024-07-31,2025-08-05,252,beta0,0.04590147377819949,-0.0033585675308327964,0.042542906247366695,0.05081854642118063,-0.008275640173813936,NS_ELASTICNET,NS
2024-07-31,2025-08-05,252,beta1,0.010584962450969841,-0.024512919190951214,-0.013927956739981373,-0.005654490930549715,-0.008273465809431658,NS_ELASTICNET,NS
2024-07-31,2025-08-05,252,beta2,-0.036052918837914526,0.009225733588688476,-0.02682718524922605,-0.038855151776436954,0.012027966527210904,NS_ELASTICNET,NS
2024-07-31,2025-08-05,252,PC1,0.07058784032933776,-0.06688692077614862,0.0037009195531891442,0.05430424577532507,-0.050603326222135925,PCA_RIDGE,PCA
2024-07-31,2025-08-05,252,PC2,-0.010544244654074657,0.01017440269626177,-0.00036984195781288726,-0.002197512569864779,0.0018276706120518918,PCA_RIDGE,PCA
2024-07-31,2025-08-05,252,PC3,0.006681743609254809,-0.004421240715834827,0.0022605028934199823,0.005785793988630394,-0.0035252910952104114,PCA_RIDGE,PCA
2024-07-31,2025-08-05,252,PC1,0.07058784032933776,-0.023056637969543894,0.04753120235979387,0.05430424577532507,-0.006773043415531199,PCA_RIDGE_VAR,PCA
2024-07-31,2025-08-05,252,PC2,-0.010544244654074657,0.006489157340376798,-0.004055087313697859,-0.002197512569864779,-0.00185757474383308,PCA_RIDGE_VAR,PCA
2024-07-31,2025-08-05,252,PC3,0.006681743609254809,-0.0038601923448418666,0.0028215512644129428,0.005785793988630394,-0.002964242724217451,PCA_RIDGE_VAR,PCA
2024-08-30,2024-09-09,5,beta0,0.04689721220242332,-5.819469082846218e-05,0.04683901751159486,0.045971961479340906,0.0008670560322539544,NS_RIDGE,NS
2024-08-30,2024-09-09,5,beta1,0.007702958057950957,-0.0004621962449300885,0.007240761813020869,0.007334723017340588,-9.396120431971917e-05,NS_RIDGE,NS
2024-08-30,2024-09-09,5,beta2,-0.04588494761994655,-8.315193582025746e-05,-0.045968099555766806,-0.0507424500460678,0.004774350490300991,NS_RIDGE,NS
2024-08-30,2024-09-09,5,beta0,0.04689721220242332,-3.294912704176467e-05,0.04686426307538156,0.045971961479340906,0.0008923015960406525,NS_ELASTICNET,NS
2024-08-30,2024-09-09,5,beta1,0.007702958057950957,-1.407819775326386e-06,0.00770155023817563,0.007334723017340588,0.0003668272208350422,NS_ELASTICNET,NS
2024-08-30,2024-09-09,5,beta2,-0.04588494761994655,6.94313317655951e-05,-0.04581551628818095,-0.0507424500460678,0.004926933757886845,NS_ELASTICNET,NS
2024-08-30,2024-09-09,5,PC1,0.06278293644963706,-0.000909481328061041,0.06187345512157602,0.056976905908468656,0.004896549213107365,PCA_RIDGE,PCA
2024-08-30,2024-09-09,5,PC2,-0.011267067369133422,0.00012339635515178104,-0.011143671013981641,-0.012951907084699996,0.0018082360707183543,PCA_RIDGE,PCA
2024-08-30,2024-09-09,5,PC3,0.007994464388569964,7.853153810032867e-06,0.008002317542379997,0.008770388237013586,-0.0007680706946335894,PCA_RIDGE,PCA
2024-08-30,2024-09-09,5,PC1,0.06278293644963706,-0.0009234954071075663,0.061859441042529495,0.056976905908468656,0.004882535134060839,PCA_RIDGE_VAR,PCA
2024-08-30,2024-09-09,5,PC2,-0.011267067369133422,0.00030043728044349197,-0.01096663008868993,-0.012951907084699996,0.0019852769960100655,PCA_RIDGE_VAR,PCA
2024-08-30,2024-09-09,5,PC3,0.007994464388569964,-0.00018222912292003863,0.0078122352656499255,0.008770388237013586,-0.0009581529713636608,PCA_RIDGE_VAR,PCA
2024-08-30,2024-09-16,10,beta0,0.04689721220242332,-0.00010533051967983693,0.04679188168274349,0.045788511663000075,0.0010033700197434117,NS_RIDGE,NS
2024-08-30,2024-09-16,10,beta1,0.007702958057950957,-0.001106784093239662,0.006596173964711295,0.0059946937267697405,0.0006014802379415542,NS_RIDGE,NS
2024-08-30,2024-09-16,10,beta2,-0.04588494761994655,-0.00032647256315552196,-0.04621142018310207,-0.05157963708293789,0.005368216899835819,NS_RIDGE,NS
2024-08-30,2024-09-16,10,beta0,0.04689721220242332,-5.5004170927966785e-05,0.04684220803149536,0.045788511663000075,0.0010536963684952827,NS_ELASTICNET,NS
2024-08-30,2024-09-16,10,beta1,0.007702958057950957,-0.00012215747803515363,0.007580800579915803,0.0059946937267697405,0.0015861068531460628,NS_ELASTICNET,NS
2024-08-30,2024-09-16,10,beta2,-0.04588494761994655,0.0002058000410893649,-0.04567914757885718,-0.05157963708293789,0.0059004895040807095,NS_ELASTICNET,NS
2024-08-30,2024-09-16,10,PC1,0.06278293644963706,-0.00211145037425897,0.06067148607537809,0.05367978829930907,0.00699169777606902,PCA_RIDGE,PCA
2024-08-30,2024-09-16,10,PC2,-0.011267067369133422,0.0002690994865138602,-0.010997967882619562,-0.012773589724602987,0.0017756218419834255,PCA_RIDGE,PCA
2024-08-30,2024-09-16,10,PC3,0.007994464388569964,3.377048247616302e-05,0.008028234871046128,0.008777919480132661,-0.0007496846090865334,PCA_RIDGE,PCA
2024-08-30,2024-09-16,10,PC1,0.06278293644963706,-0.0018256806792433036,0.06095725577039376,0.05367978829930907,0.007277467471084688,PCA_RIDGE_VAR,PCA
2024-08-30,2024-09-16,10,PC2,-0.011267067369133422,0.0005917957846871807,-0.010675271584446241,-0.012773589724602987,0.0020983181401567456,PCA_RIDGE_VAR,PCA
2024-08-30,2024-09-16,10,PC3,0.007994464388569964,-0.00035925478332015856,0.007635209605249806,0.008777919480132661,-0.0011427098748828558,PCA_RIDGE_VAR,PCA
2024-08-30,2024-10-02,22,beta0,0.04689721220242332,-0.0007721948523716649,0.04612501735005166,0.04574725459166516,0.0003777627583864962,NS_RIDGE,NS
2024-08-30,2024-10-02,22,beta1,0.007702958057950957,-0.0023486076276443583,0.005354350430306598,0.002885072133215391,0.0024692782970912076,NS_RIDGE,NS
2024-08-30,2024-10-02,22,beta2,-0.04588494761994655,0.001470261722236007,-0.04441468589771054,-0.04146867301295142,-0.002946012884759118,NS_RIDGE,NS
2024-08-30,2024-10-02,22,beta0,0.04689721220242332,-5.450595688645554e-05,0.046842706245536866,0.04574725459166516,0.001095451653871704,NS_ELASTICNET,NS
2024-08-30,2024-10-02,22,beta1,0.007702958057950957,-0.0005145906335028925,0.0071883674244480646,0.002885072133215391,0.004303295291232674,NS_ELASTICNET,NS
2024-08-30,2024-10-02,22,beta2,-0.04588494761994655,0.00014065911430227206,-0.04574428850564428,-0.04146867301295142,-0.004275615492692855,NS_ELASTICNET,NS
2024-08-30,2024-10-02,22,PC1,0.06278293644963706,-0.004629260178707069,0.058153676270929995,0.05354621285668197,0.004607463414248024,PCA_RIDGE,PCA
2024-08-30,2024-10-02,22,PC2,-0.011267067369133422,0.0015370793324237686,-0.009729988036709653,-0.009006736826914007,-0.0007232512097956455,PCA_RIDGE,PCA
2024-08-30,2024-10-02,22,PC3,0.007994464388569964,-0.0006324423283943877,0.0073620220601755765,0.006737710622642001,0.0006243114375335751,PCA_RIDGE,PCA
2024-08-30,2024-10-02,22,PC1,0.06278293644963706,-0.0039075355982410714,0.05887540085139599,0.05354621285668197,0.005329187994714019,PCA_RIDGE_VAR,PCA
2024-08-30,2024-10-02,22,PC2,-0.011267067369133422,0.0012556504127638653,-0.010011416956369557,-0.009006736826914007,-0.0010046801294555496,PCA_RIDGE_VAR,PCA
2024-08-30,2024-10-02,22,PC3,0.007994464388569964,-0.0007638167610709984,0.007230647627498966,0.006737710622642001,0.0004929370048569644,PCA_RIDGE_VAR,PCA
2024-08-30,2024-11-04,44,beta0,0.04689721220242332,-0.0012649744736673008,0.04563223772875602,0.04765500543362975,-0.0020227677048737305,NS_RIDGE,NS
2024-08-30,2024-11-04,44,beta1,0.007702958057950957,-0.004344835872872663,0.0033581221850782937,-0.0009417356396509077,0.004299857824729201,NS_RIDGE,NS
2024-08-30,2024-11-04,44,beta2,-0.04588494761994655,0.005280733096632863,-0.040604214523313684,-0.020963106042282464,-0.01964110848103122,NS_RIDGE,NS
2024-08-30,2024-11-04,44,beta0,0.04689721220242332,-2.213805005056122e-05,0.04687507415237276,0.04765500543362975,-0.0007799312812569875,NS_ELASTICNET,NS
2024-08-30,2024-11-04,44,beta1,0.007702958057950957,-0.001366238769601678,0.006336719288349279,-0.0009417356396509077,0.007278454928000186,NS_ELASTICNET,NS
2024-08-30,2024-11-04,44,beta2,-0.04588494761994655,0.0002145426799719469,-0.0456704049399746,-0.020963106042282464,-0.02470729889769214,NS_ELASTICNET,NS
2024-08-30,2024-11-04,44,PC1,0.06278293644963706,-0.00626711583960894,0.05651582061002812,0.06309335703019824,-0.006577536420170116,PCA_RIDGE,PCA
2024-08-30,2024-11-04,44,PC2,-0.011267067369133422,0.002888753099803529,-0.008378314269329893,-0.0010404526581881159,-0.007337861611141777,PCA_RIDGE,PCA
2024-08-30,2024-11-04,44,PC3,0.007994464388569964,-0.00198400165817445,0.006010462730395514,0.003072846056895683,0.002937616673499831,PCA_RIDGE,PCA
2024-08-30,2024-11-04,44,PC1,0.06278293644963706,-0.007440128585691715,0.05534280786394535,0.06309335703019824,-0.007750549166252889,PCA_RIDGE_VAR,PCA
2024-08-30,2024-11-04,44,PC2,-0.011267067369133422,0.0023528313405952184,-0.008914236028538204,-0.0010404526581881159,-0.007873783370350088,PCA_RIDGE_VAR,PCA
2024-08-30,2024-11-04,44,PC3,0.007994464388569964,-0.0014367337115732386,0.0065577306769967255,0.003072846056895683,0.0034848846201010423,PCA_RIDGE_VAR,PCA
2024-08-30,2024-12-06,66,beta0,0.04689721220242332,-0.0015345928408006559,0.04536261936162267,0.04406746222058815,0.0012951571410345225,NS_RIDGE,NS
2024-08-30,2024-12-06,66,beta1,0.007702958057950957,-0.006399440032265153,0.0013035180256858033,0.0008795550308049434,0.00042396299488085994,NS_RIDGE,NS
2024-08-30,2024-12-06,66,beta2,-0.04588494761994655,0.00808028973733463,-0.03780465788261192,-0.014070083062360553,-0.023734574820251368,NS_RIDGE,NS
2024-08-30,2024-12-06,66,beta0,0.04689721220242332,-6.896227762255847e-05,0.046828249924800766,0.04406746222058815,0.0027607877042126194,NS_ELASTICNET,NS
2024-08-30,2024-12-06,66,beta1,0.007702958057950957,-0.0022381691654158225,0.005464788892535134,0.0008795550308049434,0.004585233861730191,NS_ELASTICNET,NS
2024-08-30,2024-12-06,66,beta2,-0.04588494761994655,0.0006083730201264769,-0.04527657459982007,-0.014070083062360553,-0.031206491537459517,NS_ELASTICNET,NS
2024-08-30,2024-12-06,66,PC1,0.06278293644963706,-0.008770837010835397,0.05401209943880166,0.06006978372177445,-0.006057684282972785,PCA_RIDGE,PCA
2024-08-30,2024-12-06,66,PC2,-0.011267067369133422,0.005264545739370978,-0.006002521629762444,-0.002114531150801121,-0.003887990478961323,PCA_RIDGE,PCA
2024-08-30,2024-12-06,66,PC3,0.007994464388569964,-0.0033346481887193374,0.004659816199850626,0.001780841504922616,0.0028789746949280104,PCA_RIDGE,PCA
2024-08-30,2024-12-06,66,PC1,0.06278293644963706,-0.010641647268545162,0.0521412891810919,0.06006978372177445,-0.007928494540682549,PCA_RIDGE_VAR,PCA
2024-08-30,2024-12-06,66,PC2,-0.011267067369133422,0.0033116742781579955,-0.007955393090975427,-0.002114531150801121,-0.005840861940174306,PCA_RIDGE_VAR,PCA
2024-08-30,2024-12-06,66,PC3,0.007994464388569964,-0.0020302021392701926,0.0059642622492997715,0.001780841504922616,0.004183420744377156,PCA_RIDGE_VAR,PCA
2024-08-30,2025-03-14,132,beta0,0.04689721220242332,-0.002505470731305705,0.044391741471117616,0.047956791202571486,-0.0035650497314538704,NS_RIDGE,NS
2024-08-30,2025-03-14,132,beta1,0.007702958057950957,-0.014652739329557638,-0.006949781271606681,-0.0036658549084620847,-0.0032839263631445964,NS_RIDGE,NS
2024-08-30,2025-03-14,132,beta2,-0.04588494761994655,0.01093416948444255,-0.034950778135504,-0.020576182430510292,-0.014374595704993706,NS_RIDGE,NS
2024-08-30,2025-03-14,132,beta0,0.04689721220242332,-0.000896821158632066,0.04600039104379126,0.047956791202571486,-0.001956400158780229,NS_ELASTICNET,NS
2024-08-30,2025-03-14,132,beta1,0.007702958057950957,-0.011159739056106923,-0.0034567809981559663,-0.0036658549084620847,0.0002090739103061184,NS_ELASTICNET,NS
2024-08-30,2025-03-14,132,beta2,-0.04588494761994655,0.004870526354161158,-0.04101442126578539,-0.020576182430510292,-0.020438238835275097,NS_ELASTICNET,NS
2024-08-30,2025-03-14,132,PC1,0.06278293644963706,-0.02254895454932167,0.040233981900315394,0.05938651512217885,-0.019152533221863458,PCA_RIDGE,PCA
2024-08-30,2025-03-14,132,PC2,-0.011267067369133422,0.0073911245115785675,-0.0038759428575548547,0.00025626345801547934,-0.004132206315570334,PCA_RIDGE,PCA
2024-08-30,2025-03-14,132,PC3,0.007994464388569964,-0.004561946610896091,0.0034325177776738727,0.0026703165182689267,0.000762201259404946,PCA_RIDGE,PCA
2024-08-30,2025-03-14,132,PC1,0.06278293644963706,-0.018620006634661998,0.04416292981497506,0.05938651512217885,-0.015223585307203788,PCA_RIDGE_VAR,PCA
2024-08-30,2025-03-14,132,PC2,-0.011267067369133422,0.005522859652719271,-0.005744207716414151,0.00025626345801547934,-0.006000471174429631,PCA_RIDGE_VAR,PCA
2024-08-30,2025-03-14,132,PC3,0.007994464388569964,-0.0034275752667961568,0.004566889121773807,0.0026703165182689267,0.0018965726035048806,PCA_RIDGE_VAR,PCA
2024-08-30,2025-09-05,252,beta0,0.04689721220242332,-0.003461414262161441,0.04343579794026188,0.04959848385907026,-0.006162685918808378,NS_RIDGE,NS
2024-08-30,2025-09-05,252,beta1,0.007702958057950957,-0.04026936689874273,-0.03256640884079177,-0.00759519597963872,-0.024971212861153048,NS_RIDGE,NS
2024-08-30,2025-09-05,252,beta2,-0.04588494761994655,0.011132871126919427,-0.03475207649302712,-0.03768917218383891,0.0029370956908117904,NS_RIDGE,NS
2024-08-30,2025-09-05,252,beta0,0.04689721220242332,-0.002937000566932577,0.04396021163549074,0.04959848385907026,-0.005638272223579516,NS_ELASTICNET,NS
2024-08-30,2025-09-05,252,beta1,0.007702958057950957,-0.021012640591299956,-0.013309682533349,-0.00759519597963872,-0.00571448655371028,NS_ELASTICNET,NS
2024-08-30,2025-09-05,252,beta2,-0.04588494761994655,0.008458586154593615,-0.037426361465352935,-0.03768917218383891,0.0002628107184859743,NS_ELASTICNET,NS
2024-08-30,2025-09-05,252,PC1,0.06278293644963706,-0.06844824428819028,-0.005665307838553221,0.047893273346863136,-0.05355858118541636,PCA_RIDGE,PCA
2024-08-30,2025-09-05,252,PC2,-0.011267067369133422,0.0160006074023795,0.004733540033246079,-0.0017893979236947855,0.006522937956940865,PCA_RIDGE,PCA
2024-08-30,2025-09-05,252,PC3,0.007994464388569964,-0.006085948716060212,0.0019085156725097523,0.005225620501087772,-0.00331710482857802,PCA_RIDGE,PCA
2024-08-30,2025-09-05,252,PC1,0.06278293644963706,-0.028757442026591695,0.034025494423045366,0.047893273346863136,-0.01386777892381777,PCA_RIDGE_VAR,PCA
2024-08-30,2025-09-05,252,PC2,-0.011267067369133422,0.007839062615117437,-0.003428004754015985,-0.0017893979236947855,-0.0016386068303211997,PCA_RIDGE_VAR,PCA
2024-08-30,2025-09-05,252,PC3,0.007994464388569964,-0.004981137175364634,0.00301332721320533,0.005225620501087772,-0.0022122932878824424,PCA_RIDGE_VAR,PCA
2024-09-30,2024-10-07,5,beta0,0.04208742536277659,-9.568757664018118e-06,0.042077856605112575,0.04261505248573344,-0.0005371958806208652,NS_RIDGE,NS
2024-09-30,2024-10-07,5,beta1,0.007795191132315986,-0.0007483763556991551,0.007046814776616831,0.00672159401886749,0.0003252207577493409,NS_RIDGE,NS
2024-09-30,2024-10-07,5,beta2,-0.03407291329787368,-0.0007855664346964755,-0.034858479732570155,-0.023043017007721652,-0.011815462724848503,NS_RIDGE,NS
2024-09-30,2024-10-07,5,beta0,0.04208742536277659,-6.1018035741650895e-06,0.042081323559202424,0.04261505248573344,-0.0005337289265310158,NS_ELASTICNET,NS
2024-09-30,2024-10-07,5,beta1,0.007795191132315986,3.880187471858965e-05,0.007833993007034575,0.00672159401886749,0.0011123989881670852,NS_ELASTICNET,NS
2024-09-30,2024-10-07,5,beta2,-0.03407291329787368,-1.7423406326722945e-05,-0.034090336704200405,-0.023043017007721652,-0.011047319696478753,NS_ELASTICNET,NS
2024-09-30,2024-10-07,5,PC1,0.05407837497912704,-0.0018993419849441244,0.05217903299418292,0.05987732821442336,-0.007698295220240445,PCA_RIDGE,PCA
2024-09-30,2024-10-07,5,PC2,-0.008795667189111601,0.00019662227628453667,-0.008599044912827064,-0.0059997067214606625,-0.0025993381913664015,PCA_RIDGE,PCA
2024-09-30,2024-10-07,5,PC3,0.006605730550797122,1.228033067128432e-05,0.006618010881468407,0.0044716100467250275,0.002146400834743379,PCA_RIDGE,PCA
2024-09-30,2024-10-07,5,PC1,0.05407837497912704,-0.0008194788928805805,0.05325889608624646,0.05987732821442336,-0.0066184321281769,PCA_RIDGE_VAR,PCA
2024-09-30,2024-10-07,5,PC2,-0.008795667189111601,0.0002435875269806171,-0.008552079662130984,-0.0059997067214606625,-0.002552372940670322,PCA_RIDGE_VAR,PCA
2024-09-30,2024-10-07,5,PC3,0.006605730550797122,-0.0001500444516276938,0.006455686099169428,0.0044716100467250275,0.001984076052444401,PCA_RIDGE_VAR,PCA
2024-09-30,2024-10-15,10,beta0,0.04208742536277659,-0.00010834166462940766,0.041979083698147186,0.04306625849502669,-0.0010871747968795031,NS_RIDGE,NS
2024-09-30,2024-10-15,10,beta1,0.007795191132315986,-0.0008297911115871234,0.006965400020728863,0.005902059984783525,0.0010633400359453381,NS_RIDGE,NS
2024-09-30,2024-10-15,10,beta2,-0.03407291329787368,-0.00013929905906812494,-0.03421221235694181,-0.024354473460836894,-0.009857738896104914,NS_RIDGE,NS
2024-09-30,2024-10-15,10,beta0,0.04208742536277659,-1.1933886641222448e-05,0.04207549147613537,0.04306625849502669,-0.0009907670188913226,NS_ELASTICNET,NS
2024-09-30,2024-10-15,10,beta1,0.007795191132315986,7.78666732590409e-05,0.007873057805575028,0.005902059984783525,0.001970997820791503,NS_ELASTICNET,NS
2024-09-30,2024-10-15,10,beta2,-0.03407291329787368,-3.5324631543981244e-05,-0.03410823792941766,-0.024354473460836894,-0.009753764468580766,NS_ELASTICNET,NS
2024-09-30,2024-10-15,10,PC1,0.05407837497912704,-0.0028193205964767423,0.0512590543826503,0.05909877917307428,-0.007839724790423983,PCA_RIDGE,PCA
2024-09-30,2024-10-15,10,PC2,-0.008795667189111601,0.00031789883238469096,-0.00847776835672691,-0.005599758463992691,-0.002878009892734219,PCA_RIDGE,PCA
2024-09-30,2024-10-15,10,PC3,0.006605730550797122,-0.00010403319533382283,0.006501697355463299,0.004610096315955357,0.0018916010395079426,PCA_RIDGE,PCA
2024-09-30,2024-10-15,10,PC1,0.05407837497912704,-0.0016202497522871465,0.052458125226839895,0.05909877917307428,-0.006640653946234386,PCA_RIDGE_VAR,PCA
2024-09-30,2024-10-15,10,PC2,-0.008795667189111601,0.00047963946358363027,-0.008316027725527971,-0.005599758463992691,-0.00271626926153528,PCA_RIDGE_VAR,PCA
2024-09-30,2024-10-15,10,PC3,0.006605730550797122,-0.00029581047064309706,0.006309920080154025,0.004610096315955357,0.0016998237641986684,PCA_RIDGE_VAR,PCA
2024-09-30,2024-10-31,22,beta0,0.04208742536277659,-0.000297787692207674,0.04178963767056892,0.04507591377024946,-0.0032862760996805393,NS_RIDGE,NS
2024-09-30,2024-10-31,22,beta1,0.007795191132315986,-0.001802171587622684,0.005993019544693302,0.0022638612220104723,0.00372915832268283,NS_RIDGE,NS
2024-09-30,2024-10-31,22,beta2,-0.03407291329787368,0.00048520852820208016,-0.0335877047696716,-0.016942498473444773,-0.016645206296226827,NS_RIDGE,NS
2024-09-30,2024-10-31,22,beta0,0.04208742536277659,-3.988276138290742e-05,0.042047542601393685,0.04507591377024946,-0.0030283711688557716,NS_ELASTICNET,NS
2024-09-30,2024-10-31,22,beta1,0.007795191132315986,-0.00040893913809064833,0.007386251994225338,0.0022638612220104723,0.005122390772214866,NS_ELASTICNET,NS
2024-09-30,2024-10-31,22,beta2,-0.03407291329787368,-0.0002184155736630712,-0.03429132887153675,-0.016942498473444773,-0.017348830398091975,NS_ELASTICNET,NS
2024-09-30,2024-10-31,22,PC1,0.05407837497912704,-0.003027328709115909,0.051051046270011134,0.06292332108854429,-0.011872274818533153,PCA_RIDGE,PCA
2024-09-30,2024-10-31,22,PC2,-0.008795667189111601,0.0007795450223841714,-0.00801612216672743,-0.0014229592701031774,-0.006593162896624252,PCA_RIDGE,PCA
2024-09-30,2024-10-31,22,PC3,0.006605730550797122,-0.00019347202851075065,0.006412258522286372,0.0028200812644812445,0.0035921772578051273,PCA_RIDGE,PCA
2024-09-30,2024-10-31,22,PC1,0.05407837497912704,-0.003468877453217452,0.05060949752590959,0.06292332108854429,-0.012313823562634697,PCA_RIDGE_VAR,PCA
2024-09-30,2024-10-31,22,PC2,-0.008795667189111601,0.001016796535924307,-0.007778870653187294,-0.0014229592701031774,-0.006355911383084117,PCA_RIDGE_VAR,PCA
2024-09-30,2024-10-31,22,PC3,0.006605730550797122,-0.0006289637817818283,0.005976766769015294,0.0028200812644812445,0.0031566855045340493,PCA_RIDGE_VAR,PCA
2024-09-30,2024-12-04,44,beta0,0.04208742536277659,-0.0007004954623777316,0.04138692990039886,0.04320173884452873,-0.0018148089441298657,NS_RIDGE,NS
2024-09-30,2024-12-04,44,beta1,0.007795191132315986,-0.004094605110958735,0.0037005860213572515,0.0025540847982542343,0.0011465012231030173,NS_RIDGE,NS
2024-09-30,2024-12-04,44,beta2,-0.03407291329787368,0.0027028478742510114,-0.03137006542362267,-0.011933721409776315,-0.019436344013846352,NS_RIDGE,NS
2024-09-30,2024-12-04,44,beta0,0.04208742536277659,-5.4346470951001014e-05,0.04203307889182559,0.04320173884452873,-0.001168659952703141,NS_ELASTICNET,NS
2024-09-30,2024-12-04,44,beta1,0.007795191132315986,0.0003616356978877586,0.008156826830203745,0.0025540847982542343,0.005602742031949511,NS_ELASTICNET,NS
2024-09-30,2024-12-04,44,beta2,-0.03407291329787368,-0.00016807403366834542,-0.034240987331542024,-0.011933721409776315,-0.02230726592176571,NS_ELASTICNET,NS
2024-09-30,2024-12-04,44,PC1,0.05407837497912704,-0.00878159282599933,0.04529678215312771,0.06096477838688566,-0.015667996233757947,PCA_RIDGE,PCA
2024-09-30,2024-12-04,44,PC2,-0.008795667189111601,0.002188011974059395,-0.0066076552150522066,-0.0017847093136748454,-0.004822945901377361,PCA_RIDGE,PCA
2024-09-30,2024-12-04,44,PC3,0.006605730550797122,-0.001485982316253519,0.005119748234543603,0.0018168146962663778,0.003302933538277225,PCA_RIDGE,PCA
2024-09-30,2024-12-04,44,PC1,0.05407837497912704,-0.0066084285398437595,0.04746994643928328,0.06096477838688566,-0.013494831947602377,PCA_RIDGE_VAR,PCA
2024-09-30,2024-12-04,44,PC2,-0.008795667189111601,0.0019022639882350072,-0.006893403200876594,-0.0017847093136748454,-0.005108693887201749,PCA_RIDGE_VAR,PCA
2024-09-30,2024-12-04,44,PC3,0.006605730550797122,-0.0011832445047086984,0.005422486046088424,0.0018168146962663778,0.003605671349822046,PCA_RIDGE_VAR,PCA
2024-09-30,2025-01-07,66,beta0,0.04208742536277659,-0.0009434123718197397,0.04114401299095685,0.04949780842245419,-0.008353795431497335,NS_RIDGE,NS
2024-09-30,2025-01-07,66,beta1,0.007795191132315986,-0.007771237454584879,2.3953677731107514e-05,-0.00601050811070351,0.006034461788434618,NS_RIDGE,NS
2024-09-30,2025-01-07,66,beta2,-0.03407291329787368,0.0034092792604784776,-0.030663634037395204,-0.012387640220040276,-0.018275993817354928,NS_RIDGE,NS
2024-09-30,2025-01-07,66,beta0,0.04208742536277659,-6.427120317948013e-05,0.04202315415959711,0.04949780842245419,-0.007474654262857074,NS_ELASTICNET,NS
2024-09-30,2025-01-07,66,beta1,0.007795191132315986,-0.0017720915037483273,0.0060230996285676585,-0.00601050811070351,0.012033607739271169,NS_ELASTICNET,NS
2024-09-30,2025-01-07,66,beta2,-0.03407291329787368,-0.0006815639013272101,-0.03475447719920089,-0.012387640220040276,-0.022366836979160615,NS_ELASTICNET,NS
2024-09-30,2025-01-07,66,PC1,0.05407837497912704,-0.010487479911341014,0.04359089506778603,0.0644547369381051,-0.020863841870319075,PCA_RIDGE,PCA
2024-09-30,2025-01-07,66,PC2,-0.008795667189111601,0.0031075476073981986,-0.005688119581713403,0.005730660678287321,-0.011418780260000724,PCA_RIDGE,PCA
2024-09-30,2025-01-07,66,PC3,0.006605730550797122,-0.001975192106278234,0.004630538444518889,0.0010515748186464245,0.003578963625872464,PCA_RIDGE,PCA
2024-09-30,2025-01-07,66,PC1,0.05407837497912704,-0.009456948333581641,0.0446214266455454,0.0644547369381051,-0.019833310292559705,PCA_RIDGE_VAR,PCA
2024-09-30,2025-01-07,66,PC2,-0.008795667189111601,0.0026733256123241383,-0.006122341576787463,0.005730660678287321,-0.011853002255074784,PCA_RIDGE_VAR,PCA
2024-09-30,2025-01-07,66,PC3,0.006605730550797122,-0.0016723127908447192,0.004933417759952403,0.0010515748186464245,0.0038818429413059784,PCA_RIDGE_VAR,PCA
2024-09-30,2025-04-11,132,beta0,0.04208742536277659,-0.002319234757865148,0.03976819060491144,0.0492700307082815,-0.00950184010337006,NS_RIDGE,NS
2024-09-30,2025-04-11,132,beta1,0.007795191132315986,-0.01286955653901489,-0.0050743654066989045,-0.004387229556830902,-0.0006871358498680025,NS_RIDGE,NS
2024-09-30,2025-04-11,132,beta2,-0.03407291329787368,0.0025968393080974435,-0.03147607398977624,-0.025505220273231023,-0.005970853716545217,NS_RIDGE,NS
2024-09-30,2025-04-11,132,beta0,0.04208742536277659,-0.0008779690020953941,0.0412094563606812,0.0492700307082815,-0.008060574347600304,NS_ELASTICNET,NS
2024-09-30,2025-04-11,132,beta1,0.007795191132315986,-0.009231727683502217,-0.0014365365511862307,-0.004387229556830902,0.0029506930056446713,NS_ELASTICNET,NS
2024-09-30,2025-04-11,132,beta2,-0.03407291329787368,0.0003507202486316457,-0.03372219304924203,-0.025505220273231023,-0.008216972776011008,NS_ELASTICNET,NS
2024-09-30,2025-04-11,132,PC1,0.05407837497912704,-0.02350803663024727,0.03057033834887977,0.05921570738433124,-0.02864536903545147,PCA_RIDGE,PCA
2024-09-30,2025-04-11,132,PC2,-0.008795667189111601,0.005334619333560189,-0.0034610478555514128,0.0024860294848707103,-0.005947077340422123,PCA_RIDGE,PCA
2024-09-30,2025-04-11,132,PC3,0.006605730550797122,-0.0026213945444194453,0.003984336006377677,0.003712216268972661,0.0002721197374050159,PCA_RIDGE,PCA
2024-09-30,2025-04-11,132,PC1,0.05407837497912704,-0.016570516032228207,0.037507858946898835,0.05921570738433124,-0.021707848437432405,PCA_RIDGE_VAR,PCA
2024-09-30,2025-04-11,132,PC2,-0.008795667189111601,0.0044381466045460265,-0.004357520584565575,0.0024860294848707103,-0.006843550069436285,PCA_RIDGE_VAR,PCA
2024-09-30,2025-04-11,132,PC3,0.006605730550797122,-0.0028255275746300024,0.0037802029761671197,0.003712216268972661,6.798670719445872e-05,PCA_RIDGE_VAR,PCA
2024-09-30,2025-10-03,252,beta0,0.04208742536277659,-0.0051497799218010966,0.0369376454409755,0.04586602730131177,-0.008928381860336274,NS_RIDGE,NS
2024-09-30,2025-10-03,252,beta1,0.007795191132315986,-0.02447771989887187,-0.016682528766555883,-0.004139387235520155,-0.012543141531035728,NS_RIDGE,NS
2024-09-30,2025-10-03,252,beta2,-0.03407291329787368,0.009193729808646457,-0.024879183489227224,-0.02828632177915287,0.0034071382899256465,NS_RIDGE,NS
2024-09-30,2025-10-03,252,beta0,0.04208742536277659,-0.0036785317271989157,0.03840889363557767,0.04586602730131177,-0.0074571336657340975,NS_ELASTICNET,NS
2024-09-30,2025-10-03,252,beta1,0.007795191132315986,-0.022670188604124543,-0.014874997471808557,-0.004139387235520155,-0.010735610236288402,NS_ELASTICNET,NS
2024-09-30,2025-10-03,252,beta2,-0.03407291329787368,0.004507756698067719,-0.02956515659980596,-0.02828632177915287,-0.0012788348206530901,NS_ELASTICNET,NS
2024-09-30,2025-10-03,252,PC1,0.05407837497912704,-0.0727728552446917,-0.018694480265564653,0.048681975513286055,-0.06737645577885071,PCA_RIDGE,PCA
2024-09-30,2025-10-03,252,PC2,-0.008795667189111601,0.012238815021873444,0.0034431478327618427,-0.0002226125398728275,0.00366576037263467,PCA_RIDGE,PCA
2024-09-30,2025-10-03,252,PC3,0.006605730550797122,-0.005978281533670934,0.000627449017126188,0.004073713453432881,-0.003446264436306693,PCA_RIDGE,PCA
2024-09-30,2025-10-03,252,PC1,0.05407837497912704,-0.02564014366127457,0.02843823131785247,0.048681975513286055,-0.020243744195433584,PCA_RIDGE_VAR,PCA
2024-09-30,2025-10-03,252,PC2,-0.008795667189111601,0.006251399487672171,-0.00254426770143943,-0.0002226125398728275,-0.0023216551615666027,PCA_RIDGE_VAR,PCA
2024-09-30,2025-10-03,252,PC3,0.006605730550797122,-0.004114321011385015,0.002491409539412107,0.004073713453432881,-0.0015823039140207742,PCA_RIDGE_VAR,PCA
2024-10-31,2024-11-07,5,beta0,0.04507591377024946,0.00032654968921915444,0.04540246345946861,0.04527335908916439,0.00012910437030422273,NS_RIDGE,NS
2024-10-31,2024-11-07,5,beta1,0.0022638612220104723,-0.0002117149867334489,0.0020521462352770235,0.0017481492794560217,0.00030399695582100173,NS_RIDGE,NS
2024-10-31,2024-11-07,5,beta2,-0.016942498473444773,-0.0005590440409928967,-0.01750154251443767,-0.01585680391846347,-0.0016447385959742003,NS_RIDGE,NS
2024-10-31,2024-11-07,5,beta0,0.04507591377024946,-3.111345167977856e-06,0.04507280242508148,0.04527335908916439,-0.00020055666408291123,NS_ELASTICNET,NS
2024-10-31,2024-11-07,5,beta1,0.0022638612220104723,3.384953650280864e-05,0.002297710758513281,0.0017481492794560217,0.0005495614790572592,NS_ELASTICNET,NS
2024-10-31,2024-11-07,5,beta2,-0.016942498473444773,2.3402713776266767e-07,-0.01694226444630701,-0.01585680391846347,-0.0010854605278435396,NS_ELASTICNET,NS
2024-10-31,2024-11-07,5,PC1,0.06266527777837323,1.8737587181092855e-05,0.06268401536555432,0.06298229692261631,-0.0002982815570619912,PCA_RIDGE,PCA
2024-10-31,2024-11-07,5,PC2,-0.0013652634924915925,0.00016717429195729986,-0.0011980892005342926,-0.0008232326744153431,-0.0003748565261189494,PCA_RIDGE,PCA
2024-10-31,2024-11-07,5,PC3,0.0027701782144493384,0.00013915658336690107,0.0029093347978162393,0.0025220890428463844,0.0003872457549698549,PCA_RIDGE,PCA
2024-10-31,2024-11-07,5,PC1,0.06266527777837323,-0.0003394282022338435,0.06232584957613939,0.06298229692261631,-0.000656447346476921,PCA_RIDGE_VAR,PCA
2024-10-31,2024-11-07,5,PC2,-0.0013652634924915925,1.4382947137257796e-05,-0.0013508805453543347,-0.0008232326744153431,-0.0005276478709389915,PCA_RIDGE_VAR,PCA
2024-10-31,2024-11-07,5,PC3,0.0027701782144493384,-1.4117703093361432e-05,0.002756060511355977,0.0025220890428463844,0.00023397146850959259,PCA_RIDGE_VAR,PCA
2024-10-31,2024-11-15,10,beta0,0.04507591377024946,0.0007140198886915343,0.04578993365894099,0.04602828179086235,-0.00023834813192136206,NS_RIDGE,NS
2024-10-31,2024-11-15,10,beta1,0.0022638612220104723,-0.0007735786991746366,0.0014902825228358357,0.0004859697428370503,0.0010043127799987854,NS_RIDGE,NS
2024-10-31,2024-11-15,10,beta2,-0.016942498473444773,-0.0010264869066679407,-0.017968985380112715,-0.012215780557553072,-0.005753204822559643,NS_RIDGE,NS
2024-10-31,2024-11-15,10,beta0,0.04507591377024946,-5.841197435966951e-06,0.04507007257281349,0.04602828179086235,-0.0009582092180488652,NS_ELASTICNET,NS
2024-10-31,2024-11-15,10,beta1,0.0022638612220104723,6.722254487977195e-05,0.0023310837668902443,0.0004859697428370503,0.001845114024053194,NS_ELASTICNET,NS
2024-10-31,2024-11-15,10,beta2,-0.016942498473444773,-2.3932043765820374e-06,-0.016944891677821355,-0.012215780557553072,-0.0047291111202682826,NS_ELASTICNET,NS
2024-10-31,2024-11-15,10,PC1,0.06266527777837323,-0.00016014015747632896,0.0625051376208969,0.06505530413504179,-0.002550166514144886,PCA_RIDGE,PCA
2024-10-31,2024-11-15,10,PC2,-0.0013652634924915925,0.00037403046748309105,-0.0009912330250085013,0.0008578058525971211,-0.0018490388776056224,PCA_RIDGE,PCA
2024-10-31,2024-11-15,10,PC3,0.0027701782144493384,0.00016113224227023713,0.0029313104567195757,0.0017037081036024165,0.0012276023531171592,PCA_RIDGE,PCA
2024-10-31,2024-11-15,10,PC1,0.06266527777837323,-0.0006769308281254702,0.06198834695024776,0.06505530413504179,-0.0030669571847940294,PCA_RIDGE_VAR,PCA
2024-10-31,2024-11-15,10,PC2,-0.0013652634924915925,2.8488025861842957e-05,-0.0013367754666297495,0.0008578058525971211,-0.0021945813192268708,PCA_RIDGE_VAR,PCA
2024-10-31,2024-11-15,10,PC3,0.0027701782144493384,-2.8135769211903253e-05,0.002742042445237435,0.0017037081036024165,0.0010383343416350186,PCA_RIDGE_VAR,PCA
2024-10-31,2024-12-04,22,beta0,0.04507591377024946,0.00048083551635709005,0.045556749286606545,0.04320173884452873,0.0023550104420778165,NS_RIDGE,NS
2024-10-31,2024-12-04,22,beta1,0.0022638612220104723,-0.0006049322767619359,0.0016589289452485364,0.0025540847982542343,-0.0008951558530056979,NS_RIDGE,NS
2024-10-31,2024-12-04,22,beta2,-0.016942498473444773,-0.0010521807417347945,-0.017994679215179568,-0.011933721409776315,-0.006060957805403253,NS_RIDGE,NS
2024-10-31,2024-12-04,22,beta0,0.04507591377024946,-1.7990783369105294e-05,0.04505792298688035,0.04320173884452873,0.0018561841423516204,NS_ELASTICNET,NS
2024-10-31,2024-12-04,22,beta1,0.0022638612220104723,0.00015031275171166995,0.0024141739737221423,0.0025540847982542343,-0.00013991082453209194,NS_ELASTICNET,NS
2024-10-31,2024-12-04,22,beta2,-0.016942498473444773,-1.3408667907744897e-05,-0.01695590714135252,-0.011933721409776315,-0.005022185731576204,NS_ELASTICNET,NS
2024-10-31,2024-12-04,22,PC1,0.06266527777837323,-0.001832354769756598,0.06083292300861663,0.06070613633052533,0.00012678667809130212,PCA_RIDGE,PCA
2024-10-31,2024-12-04,22,PC2,-0.0013652634924915925,0.0006970036845854216,-0.0006682598079061708,-0.0017266512026612515,0.0010583913947550807,PCA_RIDGE,PCA
2024-10-31,2024-12-04,22,PC3,0.0027701782144493384,-0.00017730106725804347,0.002592877147191295,0.001764390401332288,0.0008284867458590072,PCA_RIDGE,PCA
2024-10-31,2024-12-04,22,PC1,0.06266527777837323,-0.001479152229014541,0.06118612554935869,0.06070613633052533,0.00047998921883336126,PCA_RIDGE_VAR,PCA
2024-10-31,2024-12-04,22,PC2,-0.0013652634924915925,6.12412108521559e-05,-0.0013040222816394365,-0.0017266512026612515,0.000422628921021815,PCA_RIDGE_VAR,PCA
2024-10-31,2024-12-04,22,PC3,0.0027701782144493384,-6.138419716656676e-05,0.0027087940172827716,0.001764390401332288,0.0009444036159504837,PCA_RIDGE_VAR,PCA
2024-10-31,2025-01-07,44,beta0,0.04507591377024946,0.0002626669695576728,0.04533858073980713,0.04949780842245419,-0.004159227682647058,NS_RIDGE,NS
2024-10-31,2025-01-07,44,beta1,0.0022638612220104723,-0.0012897758249415983,0.0009740853970688741,-0.00601050811070351,0.006984593507772384,NS_RIDGE,NS
2024-10-31,2025-01-07,44,beta2,-0.016942498473444773,0.0006124969035289415,-0.016330001569915834,-0.012387640220040276,-0.0039423613498755575,NS_RIDGE,NS
2024-10-31,2025-01-07,44,beta0,0.04507591377024946,-4.436340650777122e-05,0.045031550363741686,0.04949780842245419,-0.004466258058712501,NS_ELASTICNET,NS
2024-10-31,2025-01-07,44,beta1,0.0022638612220104723,-0.0001863114528202259,0.0020775497691902464,-0.00601050811070351,0.008088057879893756,NS_ELASTICNET,NS
2024-10-31,2025-01-07,44,beta2,-0.016942498473444773,-0.0010956584737628423,-0.018038156947207614,-0.012387640220040276,-0.005650516727167338,NS_ELASTICNET,NS
2024-10-31,2025-01-07,44,PC1,0.06266527777837323,-0.0044458678133513785,0.058219409965021854,0.06419082460993047,-0.005971414644908621,PCA_RIDGE,PCA
2024-10-31,2025-01-07,44,PC2,-0.0013652634924915925,0.0008440219630524925,-0.0005212415294391,0.005791689092282722,-0.006312930621721822,PCA_RIDGE,PCA
2024-10-31,2025-01-07,44,PC3,0.0027701782144493384,-0.000658656105635232,0.0021115221088141064,0.0010094651450026151,0.0011020569638114912,PCA_RIDGE,PCA
2024-10-31,2025-01-07,44,PC1,0.06266527777837323,-0.0029217939050320482,0.059743483873341184,0.06419082460993047,-0.004447340736589291,PCA_RIDGE_VAR,PCA
2024-10-31,2025-01-07,44,PC2,-0.0013652634924915925,0.00011747172756467025,-0.0012477917649269222,0.005791689092282722,-0.007039480857209644,PCA_RIDGE_VAR,PCA
2024-10-31,2025-01-07,44,PC3,0.0027701782144493384,-0.00012096115538937557,0.002649217059059963,0.0010094651450026151,0.0016397519140573477,PCA_RIDGE_VAR,PCA
2024-10-31,2025-02-07,66,beta0,0.04507591377024946,-0.00032312112803433845,0.04475279264221512,0.04633691431731499,-0.0015841216750998657,NS_RIDGE,NS
2024-10-31,2025-02-07,66,beta1,0.0022638612220104723,-0.0020166982958817617,0.0002471629261287106,-0.0026235917009088637,0.0028707546270375743,NS_RIDGE,NS
2024-10-31,2025-02-07,66,beta2,-0.016942498473444773,0.0015054124661692493,-0.015437086007275523,-0.007637891942002196,-0.007799194065273327,NS_RIDGE,NS
2024-10-31,2025-02-07,66,beta0,0.04507591377024946,-0.0001410905379459736,0.04493482323230348,0.04633691431731499,-0.001402091085011506,NS_ELASTICNET,NS
2024-10-31,2025-02-07,66,beta1,0.0022638612220104723,-0.00032951803283306537,0.001934343189177407,-0.0026235917009088637,0.004557934890086271,NS_ELASTICNET,NS
2024-10-31,2025-02-07,66,beta2,-0.016942498473444773,-0.0017929953497275092,-0.018735493823172283,-0.007637891942002196,-0.011097601881170087,NS_ELASTICNET,NS
2024-10-31,2025-02-07,66,PC1,0.06266527777837323,-0.0054648630684443495,0.057200414709928885,0.06346899316362808,-0.0062685784536992,PCA_RIDGE,PCA
2024-10-31,2025-02-07,66,PC2,-0.0013652634924915925,0.0005070926141621479,-0.0008581708783294446,0.0032414689572917398,-0.004099639835621185,PCA_RIDGE,PCA
2024-10-31,2025-02-07,66,PC3,0.0027701782144493384,-0.0006516617890604679,0.0021185164253888704,0.0004185468364253202,0.0016999695889635502,PCA_RIDGE,PCA
2024-10-31,2025-02-07,66,PC1,0.06266527777837323,-0.004328864247172784,0.05833641353120045,0.06346899316362808,-0.005132579632427636,PCA_RIDGE_VAR,PCA
2024-10-31,2025-02-07,66,PC2,-0.0013652634924915925,0.00016912735095765729,-0.0011961361415339352,0.0032414689572917398,-0.004437605098825675,PCA_RIDGE_VAR,PCA
2024-10-31,2025-02-07,66,PC3,0.0027701782144493384,-0.00017887007143807141,0.002591308143011267,0.0004185468364253202,0.002172761306585947,PCA_RIDGE_VAR,PCA
2024-10-31,2025-05-14,132,beta0,0.04507591377024946,-0.0014731009197546286,0.043602812850494825,0.04922443978033716,-0.005621626929842333,NS_RIDGE,NS
2024-10-31,2025-05-14,132,beta1,0.0022638612220104723,-0.00451757165681084,-0.0022537104348003675,-0.0035154169519267444,0.001261706517126377,NS_RIDGE,NS
2024-10-31,2025-05-14,132,beta2,-0.016942498473444773,-0.0012620839986268388,-0.01820458247207161,-0.024293546690021418,0.006088964217949806,NS_RIDGE,NS
2024-10-31,2025-05-14,132,beta0,0.04507591377024946,-0.001246424047444051,0.043829489722805405,0.04922443978033716,-0.005394950057531753,NS_ELASTICNET,NS
2024-10-31,2025-05-14,132,beta1,0.0022638612220104723,-0.004133535013733395,-0.001869673791722923,-0.0035154169519267444,0.0016457431602038214,NS_ELASTICNET,NS
2024-10-31,2025-05-14,132,beta2,-0.016942498473444773,-0.002553731813307572,-0.019496230286752344,-0.024293546690021418,0.004797316403269074,NS_ELASTICNET,NS
2024-10-31,2025-05-14,132,PC1,0.06266527777837323,-0.015494770243413492,0.047170507534959744,0.06088284787479115,-0.01371234033983141,PCA_RIDGE,PCA
2024-10-31,2025-05-14,132,PC2,-0.0013652634924915925,0.0010802883362801305,-0.000284975156211462,0.002347127137509293,-0.002632102293720755,PCA_RIDGE,PCA
2024-10-31,2025-05-14,132,PC3,0.0027701782144493384,-0.0005950561287101062,0.0021751220857392324,0.0035791008260219505,-0.0014039787402827181,PCA_RIDGE,PCA
2024-10-31,2025-05-14,132,PC1,0.06266527777837323,-0.00834516387698496,0.05432011390138827,0.06088284787479115,-0.00656273397340288,PCA_RIDGE_VAR,PCA
2024-10-31,2025-05-14,132,PC2,-0.0013652634924915925,0.00030032785082709126,-0.0010649356416645012,0.002347127137509293,-0.0034120627791737945,PCA_RIDGE_VAR,PCA
2024-10-31,2025-05-14,132,PC3,0.0027701782144493384,-0.0003436911802431105,0.002426487034206228,0.0035791008260219505,-0.0011526137918157226,PCA_RIDGE_VAR,PCA
2024-10-31,2025-11-05,252,beta0,0.04507591377024946,-0.0032768604814269954,0.04179905328882246,0.0456176221236347,-0.0038185688348122415,NS_RIDGE,NS
2024-10-31,2025-11-05,252,beta1,0.0022638612220104723,-0.013279899950772903,-0.011016038728762431,-0.004758085960985746,-0.006257952767776685,NS_RIDGE,NS
2024-10-31,2025-11-05,252,beta2,-0.016942498473444773,-0.003925905848340716,-0.020868404321785487,-0.024172259362997724,0.0033038550412122364,NS_RIDGE,NS
2024-10-31,2025-11-05,252,beta0,0.04507591377024946,-0.0017963114852862653,0.04327960228496319,0.0456176221236347,-0.002338019838671511,NS_ELASTICNET,NS
2024-10-31,2025-11-05,252,beta1,0.0022638612220104723,-0.009994038607970154,-0.007730177385959681,-0.004758085960985746,-0.002972091424973935,NS_ELASTICNET,NS
2024-10-31,2025-11-05,252,beta2,-0.016942498473444773,-0.006652212670729931,-0.023594711144174704,-0.024172259362997724,0.0005775482188230194,NS_ELASTICNET,NS
2024-10-31,2025-11-05,252,PC1,0.06266527777837323,-0.04895948412763584,0.013705793650737395,0.04901108947917617,-0.035305295828438776,PCA_RIDGE,PCA
2024-10-31,2025-11-05,252,PC2,-0.0013652634924915925,0.0011323874421093189,-0.00023287605038227357,0.0006882489250163368,-0.0009211249753986103,PCA_RIDGE,PCA
2024-10-31,2025-11-05,252,PC3,0.0027701782144493384,-0.000990227027038519,0.0017799511874108194,0.0031836965290236822,-0.0014037453416128629,PCA_RIDGE,PCA
2024-10-31,2025-11-05,252,PC1,0.06266527777837323,-0.01491412225739936,0.04775115552097387,0.04901108947917617,-0.0012599339582023,PCA_RIDGE_VAR,PCA
2024-10-31,2025-11-05,252,PC2,-0.0013652634924915925,0.00046793918936808784,-0.0008973243031235046,0.0006882489250163368,-0.0015855732281398415,PCA_RIDGE_VAR,PCA
2024-10-31,2025-11-05,252,PC3,0.0027701782144493384,-0.0006145958747451135,0.002155582339704225,0.0031836965290236822,-0.0010281141893194574,PCA_RIDGE_VAR,PCA
2024-11-29,2024-12-06,5,beta0,0.043040444306784685,0.0001266196001063638,0.04316706390689105,0.04270638533441783,0.00046067857247321375,NS_RIDGE,NS
2024-11-29,2024-12-06,5,beta1,0.0038547680668533798,-0.0003781790925025873,0.0034765889743507924,0.0025482749194765536,0.0009283140548742388,NS_RIDGE,NS
2024-11-29,2024-12-06,5,beta2,-0.013413642908856804,0.00029049714456972383,-0.01312314576428708,-0.011446705830449065,-0.0016764399338380157,NS_RIDGE,NS
2024-11-29,2024-12-06,5,beta0,0.043040444306784685,-4.3517321954841185e-06,0.0430360925745892,0.04270638533441783,0.00032970724017136743,NS_ELASTICNET,NS
2024-11-29,2024-12-06,5,beta1,0.0038547680668533798,3.3808475921149575e-05,0.0038885765427745292,0.0025482749194765536,0.0013403016232979756,NS_ELASTICNET,NS
2024-11-29,2024-12-06,5,beta2,-0.013413642908856804,7.809600265393402e-06,-0.01340583330859141,-0.011446705830449065,-0.001959127478142345,NS_ELASTICNET,NS
2024-11-29,2024-12-06,5,PC1,0.06127915633443994,-0.00023804350895411912,0.06104111282548582,0.05935689345936071,0.00168421936612511,PCA_RIDGE,PCA
2024-11-29,2024-12-06,5,PC2,-0.0026679339378790847,0.00026018222738844555,-0.002407751710490639,-0.0019366740566632464,-0.0004710776538273927,PCA_RIDGE,PCA
2024-11-29,2024-12-06,5,PC3,0.0022121296594824454,-0.00013254841990297892,0.0020795812395794666,0.0016240586610438684,0.0004555225785355982,PCA_RIDGE,PCA
2024-11-29,2024-12-06,5,PC1,0.06127915633443994,-0.00026388565661316504,0.06101527067782678,0.05935689345936071,0.0016583772184660672,PCA_RIDGE_VAR,PCA
2024-11-29,2024-12-06,5,PC2,-0.0026679339378790847,1.9315132659061037e-05,-0.0026486188052200236,-0.0019366740566632464,-0.0007119447485567773,PCA_RIDGE_VAR,PCA
2024-11-29,2024-12-06,5,PC3,0.0022121296594824454,-6.463607583839966e-06,0.0022056660518986054,0.0016240586610438684,0.0005816073908547371,PCA_RIDGE_VAR,PCA
2024-11-29,2024-12-13,10,beta0,0.043040444306784685,6.142755282974549e-05,0.04310187185961443,0.04530172982315466,-0.0021998579635402332,NS_RIDGE,NS
2024-11-29,2024-12-13,10,beta1,0.0038547680668533798,-0.0003583719567672174,0.0034963961100861625,-0.001265975934075774,0.004762372044161937,NS_RIDGE,NS
2024-11-29,2024-12-13,10,beta2,-0.013413642908856804,-0.00036194579836760186,-0.013775588707224406,-0.008526383528163234,-0.005249205179061172,NS_RIDGE,NS
2024-11-29,2024-12-13,10,beta0,0.043040444306784685,-6.0468162525182905e-06,0.043034397490532166,0.04530172982315466,-0.002267332332622496,NS_ELASTICNET,NS
2024-11-29,2024-12-13,10,beta1,0.0038547680668533798,6.385063197748465e-05,0.003918618698830864,-0.001265975934075774,0.005184594632906638,NS_ELASTICNET,NS
2024-11-29,2024-12-13,10,beta2,-0.013413642908856804,1.6636723225447657e-05,-0.013397006185631357,-0.008526383528163234,-0.004870622657468123,NS_ELASTICNET,NS
2024-11-29,2024-12-13,10,PC1,0.06127915633443994,-0.0008789000449983648,0.060400256289441574,0.06204790430731082,-0.0016476480178692424,PCA_RIDGE,PCA
2024-11-29,2024-12-13,10,PC2,-0.0026679339378790847,0.00022513840802651893,-0.0024427955298525657,0.0018542133322365373,-0.004297008862089103,PCA_RIDGE,PCA
2024-11-29,2024-12-13,10,PC3,0.0022121296594824454,-0.00019676850381628868,0.002015361155666157,0.0007002073275270675,0.0013151538281390893,PCA_RIDGE,PCA
2024-11-29,2024-12-13,10,PC1,0.06127915633443994,-0.0005268758530386497,0.06075228048140129,0.06204790430731082,-0.001295623825909524,PCA_RIDGE_VAR,PCA
2024-11-29,2024-12-13,10,PC2,-0.0026679339378790847,3.841574931263579e-05,-0.002629518188566449,0.0018542133322365373,-0.004483731520802986,PCA_RIDGE_VAR,PCA
2024-11-29,2024-12-13,10,PC3,0.0022121296594824454,-1.2947245325212967e-05,0.0021991824141572324,0.0007002073275270675,0.001498975086630165,PCA_RIDGE_VAR,PCA
2024-11-29,2025-01-02,22,beta0,0.043040444306784685,-4.250011657840307e-05,0.042997944190206284,0.04820141218143433,-0.005203467991228047,NS_RIDGE,NS
2024-11-29,2025-01-02,22,beta1,0.0038547680668533798,-0.0004737495655196738,0.003381018501333706,-0.00449743599815897,0.007878454499492676,NS_RIDGE,NS
2024-11-29,2025-01-02,22,beta2,-0.013413642908856804,-7.544433372750186e-05,-0.013489087242584305,-0.012133270674502346,-0.0013558165680819592,NS_RIDGE,NS
2024-11-29,2025-01-02,22,beta0,0.043040444306784685,-1.1612638360968354e-05,0.043028831668423716,0.04820141218143433,-0.005172580513010616,NS_ELASTICNET,NS
2024-11-29,2025-01-02,22,beta1,0.0038547680668533798,0.00013476272951201692,0.003989530796365397,-0.00449743599815897,0.008486966794524367,NS_ELASTICNET,NS
2024-11-29,2025-01-02,22,beta2,-0.013413642908856804,3.277678898129049e-05,-0.013380866119875514,-0.012133270674502346,-0.0012475954453731678,NS_ELASTICNET,NS
2024-11-29,2025-01-02,22,PC1,0.06127915633443994,-0.0018004477326350463,0.059478708601804896,0.06292230231186241,-0.0034435937100575145,PCA_RIDGE,PCA
2024-11-29,2025-01-02,22,PC2,-0.0026679339378790847,0.00029393705330799677,-0.002373996884571088,0.0043854283201741305,-0.0067594252047452185,PCA_RIDGE,PCA
2024-11-29,2025-01-02,22,PC3,0.0022121296594824454,-0.0004393456389620344,0.001772784020520411,0.0010733243039112283,0.0006994597166091827,PCA_RIDGE,PCA
2024-11-29,2025-01-02,22,PC1,0.06127915633443994,-0.0011543804310462646,0.06012477590339368,0.06292230231186241,-0.0027975264084687326,PCA_RIDGE_VAR,PCA
2024-11-29,2025-01-02,22,PC2,-0.0026679339378790847,8.339489448945308e-05,-0.0025845390433896316,0.0043854283201741305,-0.006969967363563762,PCA_RIDGE_VAR,PCA
2024-11-29,2025-01-02,22,PC3,0.0022121296594824454,-2.8585152826811344e-05,0.002183544506655634,0.0010733243039112283,0.0011102202027444058,PCA_RIDGE_VAR,PCA
2024-11-29,2025-02-04,44,beta0,0.043040444306784685,0.0009824332114917898,0.04402287751827647,0.04749497697809605,-0.0034720994598195776,NS_RIDGE,NS
2024-11-29,2025-02-04,44,beta1,0.0038547680668533798,-0.0026284315665254855,0.0012263365003278943,-0.003711008932063796,0.00493734543239169,NS_RIDGE,NS
2024-11-29,2025-02-04,44,beta2,-0.013413642908856804,-0.0029631659883333004,-0.016376808897190103,-0.012196577015865817,-0.004180231881324286,NS_RIDGE,NS
2024-11-29,2025-02-04,44,beta0,0.043040444306784685,-3.224171012048795e-05,0.0430082025966642,0.04749497697809605,-0.00448677438143185,NS_ELASTICNET,NS
2024-11-29,2025-02-04,44,beta1,0.0038547680668533798,0.00027798107279858303,0.0041327491396519625,-0.003711008932063796,0.007843758071715758,NS_ELASTICNET,NS
2024-11-29,2025-02-04,44,beta2,-0.013413642908856804,-1.7719700042274777e-05,-0.01343136260889908,-0.012196577015865817,-0.0012347855930332618,NS_ELASTICNET,NS
2024-11-29,2025-02-04,44,PC1,0.06127915633443994,-0.003347870127234845,0.0579312862072051,0.06219287016643632,-0.004261583959231222,PCA_RIDGE,PCA
2024-11-29,2025-02-04,44,PC2,-0.0026679339378790847,0.0006969203723265276,-0.001971013565552557,0.003594753135298827,-0.005565766700851384,PCA_RIDGE,PCA
2024-11-29,2025-02-04,44,PC3,0.0022121296594824454,-8.324445738400258e-05,0.0021288852020984426,0.0011554935425781166,0.000973391659520326,PCA_RIDGE,PCA
2024-11-29,2025-02-04,44,PC1,0.06127915633443994,-0.002291231509806216,0.058987924824633726,0.06219287016643632,-0.003204945341802594,PCA_RIDGE_VAR,PCA
2024-11-29,2025-02-04,44,PC2,-0.0026679339378790847,0.00016277686052266127,-0.0025051570773564234,0.003594753135298827,-0.00609991021265525,PCA_RIDGE_VAR,PCA
2024-11-29,2025-02-04,44,PC3,0.0022121296594824454,-5.750903947430086e-05,0.0021546206200081445,0.0011554935425781166,0.000999127077430028,PCA_RIDGE_VAR,PCA
2024-11-29,2025-03-07,66,beta0,0.043040444306784685,0.0007602594949573403,0.04380070380174202,0.04640345452422681,-0.002602750722484788,NS_RIDGE,NS
2024-11-29,2025-03-07,66,beta1,0.0038547680668533798,-0.0024055583361780996,0.0014492097306752802,-0.001541425887308264,0.0029906356179835443,NS_RIDGE,NS
2024-11-29,2025-03-07,66,beta2,-0.013413642908856804,-0.003956376821021932,-0.017370019729878734,-0.019713032972610234,0.0023430132427314995,NS_RIDGE,NS
2024-11-29,2025-03-07,66,beta0,0.043040444306784685,0.00010691656724757881,0.043147360874032266,0.04640345452422681,-0.0032560936501945456,NS_ELASTICNET,NS
2024-11-29,2025-03-07,66,beta1,0.0038547680668533798,-0.0005566518306044282,0.0032981162362489516,-0.001541425887308264,0.004839542123557215,NS_ELASTICNET,NS
2024-11-29,2025-03-07,66,beta2,-0.013413642908856804,-0.0020783223468065827,-0.015491965255663386,-0.019713032972610234,0.004221067716946848,NS_ELASTICNET,NS
2024-11-29,2025-03-07,66,PC1,0.06127915633443994,-0.005444848146509441,0.055834308187930504,0.05851574986129039,-0.0026814416733598884,PCA_RIDGE,PCA
2024-11-29,2025-03-07,66,PC2,-0.0026679339378790847,0.0009449894524142413,-0.0017229444854648434,0.0006096539010600373,-0.0023325983865248806,PCA_RIDGE,PCA
2024-11-29,2025-03-07,66,PC3,0.0022121296594824454,-2.463900019874928e-05,0.002187490659283696,0.0027725568295881697,-0.0005850661703044736,PCA_RIDGE,PCA
2024-11-29,2025-03-07,66,PC1,0.06127915633443994,-0.0034103342849638937,0.05786882204947605,0.05851574986129039,-0.0006469278118143434,PCA_RIDGE_VAR,PCA
2024-11-29,2025-03-07,66,PC2,-0.0026679339378790847,0.00023832147796046472,-0.00242961245991862,0.0006096539010600373,-0.0030392663609786572,PCA_RIDGE_VAR,PCA
2024-11-29,2025-03-07,66,PC3,0.0022121296594824454,-8.671138933330665e-05,0.0021254182701491387,0.0027725568295881697,-0.0006471385594390309,PCA_RIDGE_VAR,PCA
2024-11-29,2025-06-11,132,beta0,0.043040444306784685,-0.0003241156642205737,0.04271632864256411,0.04846923469140157,-0.005752906048837457,NS_RIDGE,NS
2024-11-29,2025-06-11,132,beta1,0.0038547680668533798,-0.0046382053312497935,-0.0007834372643964137,-0.0018073990571184535,0.0010239617927220398,NS_RIDGE,NS
2024-11-29,2025-06-11,132,beta2,-0.013413642908856804,-0.00656255442381849,-0.019976197332675295,-0.029198645640124324,0.00922244830744903,NS_RIDGE,NS
2024-11-29,2025-06-11,132,beta0,0.043040444306784685,0.00032141019912976,0.04336185450591445,0.04846923469140157,-0.00510738018548712,NS_ELASTICNET,NS
2024-11-29,2025-06-11,132,beta1,0.0038547680668533798,-0.0019557077848603413,0.0018990602819930385,-0.0018073990571184535,0.003706459339111492,NS_ELASTICNET,NS
2024-11-29,2025-06-11,132,beta2,-0.013413642908856804,-0.004819696293174593,-0.018233339202031396,-0.029198645640124324,0.010965306438092928,NS_ELASTICNET,NS
2024-11-29,2025-06-11,132,PC1,0.06127915633443994,-0.013478918407630961,0.04780023792680898,0.058588331068029145,-0.010788093141220166,PCA_RIDGE,PCA
2024-11-29,2025-06-11,132,PC2,-0.0026679339378790847,0.0003807236866370442,-0.0022872102512420407,0.00024284533823382137,-0.002530055589475862,PCA_RIDGE,PCA
2024-11-29,2025-06-11,132,PC3,0.0022121296594824454,0.00017367645844258,0.0023858061179250255,0.0046725611774819775,-0.002286755059556952,PCA_RIDGE,PCA
2024-11-29,2025-06-11,132,PC1,0.06127915633443994,-0.006659513559077922,0.05461964277536202,0.058588331068029145,-0.003968688292667125,PCA_RIDGE_VAR,PCA
2024-11-29,2025-06-11,132,PC2,-0.0026679339378790847,0.0004435820742156233,-0.0022243518636634613,0.00024284533823382137,-0.0024671972018972827,PCA_RIDGE_VAR,PCA
2024-11-29,2025-06-11,132,PC3,0.0022121296594824454,-0.00017544383616696461,0.0020366858233154808,0.0046725611774819775,-0.0026358753541664967,PCA_RIDGE_VAR,PCA
2024-11-29,2025-12-04,252,beta0,0.043040444306784685,-0.0008672687420983694,0.04217317556468632,0.04474044451059058,-0.002567268945904262,NS_RIDGE,NS
2024-11-29,2025-12-04,252,beta1,0.0038547680668533798,-0.015310233562905793,-0.011455465496052412,-0.00598908002139251,-0.005466385474659902,NS_RIDGE,NS
2024-11-29,2025-12-04,252,beta2,-0.013413642908856804,-0.020724014364583605,-0.03413765727344041,-0.022185158109403025,-0.011952499164037386,NS_RIDGE,NS
2024-11-29,2025-12-04,252,beta0,0.043040444306784685,-0.0006976662936184385,0.04234277801316624,0.04474044451059058,-0.0023976664974243375,NS_ELASTICNET,NS
2024-11-29,2025-12-04,252,beta1,0.0038547680668533798,-0.011525302798874778,-0.007670534732021398,-0.00598908002139251,-0.001681454710628888,NS_ELASTICNET,NS
2024-11-29,2025-12-04,252,beta2,-0.013413642908856804,-0.010620619867452398,-0.0240342627763092,-0.022185158109403025,-0.0018491046669061768,NS_ELASTICNET,NS
2024-11-29,2025-12-04,252,PC1,0.06127915633443994,-0.042657046258372744,0.0186221100760672,0.04548578072918595,-0.026863670653118753,PCA_RIDGE,PCA
2024-11-29,2025-12-04,252,PC2,-0.0026679339378790847,0.0028514114356758507,0.00018347749779676608,0.0010542872454485444,-0.0008708097476517783,PCA_RIDGE,PCA
2024-11-29,2025-12-04,252,PC3,0.0022121296594824454,0.0011387928312572033,0.0033509224907396487,0.002559886798330918,0.0007910356924087309,PCA_RIDGE,PCA
2024-11-29,2025-12-04,252,PC1,0.06127915633443994,-0.0121456560524906,0.04913350028194934,0.04548578072918595,0.0036477195527633913,PCA_RIDGE_VAR,PCA
2024-11-29,2025-12-04,252,PC2,-0.0026679339378790847,0.0007454194578653244,-0.0019225144800137602,0.0010542872454485444,-0.0029768017254623047,PCA_RIDGE_VAR,PCA
2024-11-29,2025-12-04,252,PC3,0.0022121296594824454,-0.0003377773297961776,0.0018743523296862678,0.002559886798330918,-0.00068553446864465,PCA_RIDGE_VAR,PCA
2024-12-31,2025-01-08,5,beta0,0.04852950984595239,-7.770408413057024e-07,0.04852873280511109,0.04962895184667458,-0.0011002190415634952,NS_RIDGE,NS
2024-12-31,2025-01-08,5,beta1,-0.0047272224350129385,-0.00030643010630954543,-0.005033652541322484,-0.005971065995900632,0.0009374134545781483,NS_RIDGE,NS
2024-12-31,2025-01-08,5,beta2,-0.01323129265743506,0.0001535744807116575,-0.013077718176723402,-0.013447457369438776,0.00036973919271537405,NS_RIDGE,NS
2024-12-31,2025-01-08,5,beta0,0.04852950984595239,-2.251332357982498e-07,0.04852928471271659,0.04962895184667458,-0.0010996671339579892,NS_ELASTICNET,NS
2024-12-31,2025-01-08,5,beta1,-0.0047272224350129385,2.641464328894364e-05,-0.004700807791723995,-0.005971065995900632,0.0012702582041766372,NS_ELASTICNET,NS
2024-12-31,2025-01-08,5,beta2,-0.01323129265743506,8.702387050135612e-06,-0.013222590270384924,-0.013447457369438776,0.00022486709905385205,NS_ELASTICNET,NS
2024-12-31,2025-01-08,5,PC1,0.06260353610892197,-0.0004963694837305503,0.06210716662519142,0.06354022552430179,-0.0014330588991103704,PCA_RIDGE,PCA
2024-12-31,2025-01-08,5,PC2,0.004465226937306517,0.00020666408311867976,0.004671891020425197,0.005642486825651077,-0.0009705958052258802,PCA_RIDGE,PCA
2024-12-31,2025-01-08,5,PC3,0.0012580161168470928,-7.975166984566761e-05,0.0011782644470014253,0.0011889911569926501,-1.0726709991224848e-05,PCA_RIDGE,PCA
2024-12-31,2025-01-08,5,PC1,0.06260353610892197,-0.00019138654278104406,0.062412149566140926,0.06354022552430179,-0.0011280759581608624,PCA_RIDGE_VAR,PCA
2024-12-31,2025-01-08,5,PC2,0.004465226937306517,-0.00012350073072160336,0.004341726206584914,0.005642486825651077,-0.0013007606190661635,PCA_RIDGE_VAR,PCA
2024-12-31,2025-01-08,5,PC3,0.0012580161168470928,5.034046848562926e-05,0.001308356585332722,0.0011889911569926501,0.00011936542834007193,PCA_RIDGE_VAR,PCA
2024-12-31,2025-01-15,10,beta0,0.04852950984595239,0.0002546619189209685,0.04878417176487336,0.04938699085104941,-0.0006028190861760499,NS_RIDGE,NS
2024-12-31,2025-01-15,10,beta1,-0.0047272224350129385,-0.0007147447019313116,-0.00544196713694425,-0.005769474898582937,0.00032750776163868733,NS_RIDGE,NS
2024-12-31,2025-01-15,10,beta2,-0.01323129265743506,-0.00019209597291788285,-0.013423388630352943,-0.012703734864334097,-0.0007196537660188462,NS_RIDGE,NS
2024-12-31,2025-01-15,10,beta0,0.04852950984595239,-1.0511003507096615e-06,0.04852845874560168,0.04938699085104941,-0.0008585321054477291,NS_ELASTICNET,NS
2024-12-31,2025-01-15,10,beta1,-0.0047272224350129385,5.249341675592992e-05,-0.004674729018257009,-0.005769474898582937,0.0010947458803259287,NS_ELASTICNET,NS
2024-12-31,2025-01-15,10,beta2,-0.01323129265743506,2.225920602569844e-05,-0.013209033451409362,-0.012703734864334097,-0.0005052985870752646,NS_ELASTICNET,NS
2024-12-31,2025-01-15,10,PC1,0.06260353610892197,-0.00041676221420986105,0.06218677389471211,0.06360203640020042,-0.0014152625054883045,PCA_RIDGE,PCA
2024-12-31,2025-01-15,10,PC2,0.004465226937306517,0.0004178400956671274,0.004883067032973644,0.00554271264121536,-0.000659645608241716,PCA_RIDGE,PCA
2024-12-31,2025-01-15,10,PC3,0.0012580161168470928,-4.420482146409308e-05,0.0012138112953829997,0.0010548638041382227,0.00015894749124477706,PCA_RIDGE,PCA
2024-12-31,2025-01-15,10,PC1,0.06260353610892197,-0.0003879459453944717,0.0622155901635275,0.06360203640020042,-0.0013864462366729169,PCA_RIDGE_VAR,PCA
2024-12-31,2025-01-15,10,PC2,0.004465226937306517,-0.00024283475342568028,0.004222392183880837,0.00554271264121536,-0.0013203204573345234,PCA_RIDGE_VAR,PCA
2024-12-31,2025-01-15,10,PC3,0.0012580161168470928,9.838992009956853e-05,0.0013564060369466613,0.0010548638041382227,0.00030154223280843867,PCA_RIDGE_VAR,PCA
2024-12-31,2025-02-03,22,beta0,0.04852950984595239,0.00021316345514147203,0.048742673301093865,0.047524355424584566,0.0012183178765092992,NS_RIDGE,NS
2024-12-31,2025-02-03,22,beta1,-0.0047272224350129385,-0.0015083120750797744,-0.006235534510092713,-0.0037987195969033374,-0.0024368149131893755,NS_RIDGE,NS
2024-12-31,2025-02-03,22,beta2,-0.01323129265743506,-6.654212397909374e-05,-0.013297834781414154,-0.01081768155175429,-0.002480153229659863,NS_RIDGE,NS
2024-12-31,2025-02-03,22,beta0,0.04852950984595239,-1.1235302461094663e-05,0.048518274543491294,0.047524355424584566,0.0009939191189067276,NS_ELASTICNET,NS
2024-12-31,2025-02-03,22,beta1,-0.0047272224350129385,0.00012343768918478094,-0.004603784745828158,-0.0037987195969033374,-0.0008050651489248202,NS_ELASTICNET,NS
2024-12-31,2025-02-03,22,beta2,-0.01323129265743506,4.949292170865763e-05,-0.013181799735726403,-0.01081768155175429,-0.002364118183972112,NS_ELASTICNET,NS
2024-12-31,2025-02-03,22,PC1,0.06260353610892197,-0.001519373980837397,0.061084162128084575,0.06263456648286456,-0.0015504043547799815,PCA_RIDGE,PCA
2024-12-31,2025-02-03,22,PC2,0.004465226937306517,0.00035830431811911166,0.004823531255425629,0.003883830910298626,0.0009397003451270033,PCA_RIDGE,PCA
2024-12-31,2025-02-03,22,PC3,0.0012580161168470928,-6.618832552736305e-05,0.0011918277913197297,0.0008787579949900443,0.0003130697963296854,PCA_RIDGE,PCA
2024-12-31,2025-02-03,22,PC1,0.06260353610892197,-0.0008792767084667141,0.061724259400455256,0.06263456648286456,-0.0009103070824093007,PCA_RIDGE_VAR,PCA
2024-12-31,2025-02-03,22,PC2,0.004465226937306517,-0.000513106151521987,0.00395212078578453,0.003883830910298626,6.828987548590428e-05,PCA_RIDGE_VAR,PCA
2024-12-31,2025-02-03,22,PC3,0.0012580161168470928,0.00020485219541207448,0.0014628683122591673,0.0008787579949900443,0.000584110317269123,PCA_RIDGE_VAR,PCA
2024-12-31,2025-03-06,44,beta0,0.04852950984595239,-0.0005729549839245647,0.04795655486202782,0.04622472712940476,0.0017318277326230647,NS_RIDGE,NS
2024-12-31,2025-03-06,44,beta1,-0.0047272224350129385,-0.0015776767409401218,-0.00630489917595306,-0.0013749857361333093,-0.004929913439819751,NS_RIDGE,NS
2024-12-31,2025-03-06,44,beta2,-0.01323129265743506,-0.0027117118860785923,-0.01594300454351365,-0.020492149746481805,0.004549145202968154,NS_RIDGE,NS
2024-12-31,2025-03-06,44,beta0,0.04852950984595239,-2.306568968115994e-05,0.04850644415627123,0.04622472712940476,0.00228171702686647,NS_ELASTICNET,NS
2024-12-31,2025-03-06,44,beta1,-0.0047272224350129385,0.0002476701114349907,-0.004479552323577948,-0.0013749857361333093,-0.0031045665874446385,NS_ELASTICNET,NS
2024-12-31,2025-03-06,44,beta2,-0.01323129265743506,5.4200644282096264e-05,-0.013177092013152964,-0.020492149746481805,0.00731505773332884,NS_ELASTICNET,NS
2024-12-31,2025-03-06,44,PC1,0.06260353610892197,-0.004642553750541235,0.057960982358380736,0.0576033745064206,0.0003576078519601372,PCA_RIDGE,PCA
2024-12-31,2025-03-06,44,PC2,0.004465226937306517,-0.0006274720838351541,0.003837754853471363,0.00026543758160924025,0.003572317271862123,PCA_RIDGE,PCA
2024-12-31,2025-03-06,44,PC3,0.0012580161168470928,0.0003590016474323327,0.0016170177642794254,0.002918411024975068,-0.0013013932606956427,PCA_RIDGE,PCA
2024-12-31,2025-03-06,44,PC1,0.06260353610892197,-0.0018427817949588227,0.06076075431396315,0.0576033745064206,0.0031573798075425485,PCA_RIDGE_VAR,PCA
2024-12-31,2025-03-06,44,PC2,0.004465226937306517,-0.0009546888897435054,0.003510538047563012,0.00026543758160924025,0.0032451004659537716,PCA_RIDGE_VAR,PCA
2024-12-31,2025-03-06,44,PC3,0.0012580161168470928,0.00037051143050377024,0.001628527547350863,0.002918411024975068,-0.001289883477624205,PCA_RIDGE_VAR,PCA
2024-12-31,2025-04-07,66,beta0,0.04852950984595239,-0.0013242845996013434,0.04720522524635105,0.04570490887206915,0.0015003163742818987,NS_RIDGE,NS
2024-12-31,2025-04-07,66,beta1,-0.0047272224350129385,-0.0008526135407644583,-0.005579835975777396,-0.0008127972247706471,-0.004767038751006749,NS_RIDGE,NS
2024-12-31,2025-04-07,66,beta2,-0.01323129265743506,-0.004801429545042907,-0.018032722202477966,-0.02814674861187149,0.010114026409393524,NS_RIDGE,NS
2024-12-31,2025-04-07,66,beta0,0.04852950984595239,-3.8503943547065445e-05,0.04849100590240533,0.04570490887206915,0.0027860970303361793,NS_ELASTICNET,NS
2024-12-31,2025-04-07,66,beta1,-0.0047272224350129385,0.000381755084538249,-0.00434546735047469,-0.0008127972247706471,-0.0035326701257040426,NS_ELASTICNET,NS
2024-12-31,2025-04-07,66,beta2,-0.01323129265743506,-2.3244136759774088e-05,-0.013254536794194834,-0.02814674861187149,0.014892211817676656,NS_ELASTICNET,NS
2024-12-31,2025-04-07,66,PC1,0.06260353610892197,-0.006543520937295336,0.056060015171626634,0.052862885051598224,0.0031971301200284102,PCA_RIDGE,PCA
2024-12-31,2025-04-07,66,PC2,0.004465226937306517,-0.0013954634278749466,0.0030697635094315704,-0.0017070217454780365,0.004776785254909607,PCA_RIDGE,PCA
2024-12-31,2025-04-07,66,PC3,0.0012580161168470928,0.0009659877860385324,0.002224003902885625,0.0044153835102315134,-0.0021913796073458882,PCA_RIDGE,PCA
2024-12-31,2025-04-07,66,PC1,0.06260353610892197,-0.0028723815212113105,0.05973115458771066,0.052862885051598224,0.0068682695361124355,PCA_RIDGE_VAR,PCA
2024-12-31,2025-04-07,66,PC2,0.004465226937306517,-0.0013352196289356014,0.003130007308370916,-0.0017070217454780365,0.004837029053848953,PCA_RIDGE_VAR,PCA
2024-12-31,2025-04-07,66,PC3,0.0012580161168470928,0.0005028899775152021,0.001760906094362295,0.0044153835102315134,-0.0026544774158692185,PCA_RIDGE_VAR,PCA
2024-12-31,2025-07-14,132,beta0,0.04852950984595239,-0.003491947471161049,0.04503756237479134,0.04876183319520663,-0.003724270820415293,NS_RIDGE,NS
2024-12-31,2025-07-14,132,beta1,-0.0047272224350129385,-0.002279133943965934,-0.007006356378978873,-0.0020496018599945928,-0.00495675451898428,NS_RIDGE,NS
2024-12-31,2025-07-14,132,beta2,-0.01323129265743506,-0.004957337694531584,-0.018188630351966644,-0.0308937101264301,0.012705079774463456,NS_RIDGE,NS
2024-12-31,2025-07-14,132,beta0,0.04852950984595239,-0.0011695935467420536,0.04735991629921034,0.04876183319520663,-0.001401916895996294,NS_ELASTICNET,NS
2024-12-31,2025-07-14,132,beta1,-0.0047272224350129385,-0.0007788305159529317,-0.00550605295096587,-0.0020496018599945928,-0.0034564510909712775,NS_ELASTICNET,NS
2024-12-31,2025-07-14,132,beta2,-0.01323129265743506,-0.00492944648142728,-0.01816073913886234,-0.0308937101264301,0.01273297098756776,NS_ELASTICNET,NS
2024-12-31,2025-07-14,132,PC1,0.06260353610892197,-0.017030421641514255,0.045573114467407715,0.05782615216172733,-0.012253037694319617,PCA_RIDGE,PCA
2024-12-31,2025-07-14,132,PC2,0.004465226937306517,-0.002521463043660071,0.0019437638936464462,0.00019240208253066757,0.0017513618111157786,PCA_RIDGE,PCA
2024-12-31,2025-07-14,132,PC3,0.0012580161168470928,0.0004970292760782963,0.001755045392925389,0.004969483588731493,-0.0032144381958061036,PCA_RIDGE,PCA
2024-12-31,2025-07-14,132,PC1,0.06260353610892197,-0.006215602749424093,0.05638793335949788,0.05782615216172733,-0.0014382188022294545,PCA_RIDGE_VAR,PCA
2024-12-31,2025-07-14,132,PC2,0.004465226937306517,-0.0021935608210499244,0.0022716661162565928,0.00019240208253066757,0.002079264033725925,PCA_RIDGE_VAR,PCA
2024-12-31,2025-07-14,132,PC3,0.0012580161168470928,0.0007472671412751357,0.0020052832581222285,0.004969483588731493,-0.002964200330609264,PCA_RIDGE_VAR,PCA
2024-12-31,2026-01-06,252,beta0,0.04852950984595239,-0.006938968142292854,0.041590541703659535,0.04630731522940999,-0.0047167735257504576,NS_RIDGE,NS
2024-12-31,2026-01-06,252,beta1,-0.0047272224350129385,-0.006693101733066422,-0.01142032416807936,-0.008768372414200528,-0.0026519517538788322,NS_RIDGE,NS
2024-12-31,2026-01-06,252,beta2,-0.01323129265743506,-0.008293922309563917,-0.021525214966998975,-0.024187966085189614,0.0026627511181906392,NS_RIDGE,NS
2024-12-31,2026-01-06,252,beta0,0.04852950984595239,-0.0036453969049398704,0.04488411294101252,0.04630731522940999,-0.001423202288397471,NS_ELASTICNET,NS
2024-12-31,2026-01-06,252,beta1,-0.0047272224350129385,-0.006746013716506754,-0.011473236151519692,-0.008768372414200528,-0.002704863737319164,NS_ELASTICNET,NS
2024-12-31,2026-01-06,252,beta2,-0.01323129265743506,-0.008067750850042021,-0.02129904350747708,-0.024187966085189614,0.0028889225777125327,NS_ELASTICNET,NS
2024-12-31,2026-01-06,252,PC1,0.06260353610892197,-0.045609639102948005,0.016993897005973965,0.044027034005170426,-0.02703313699919646,PCA_RIDGE,PCA
2024-12-31,2026-01-06,252,PC2,0.004465226937306517,-0.0021487125060583962,0.002316514431248121,0.0028471925073957835,-0.0005306780761476625,PCA_RIDGE,PCA
2024-12-31,2026-01-06,252,PC3,0.0012580161168470928,0.0013578351728751503,0.0026158512897222434,0.002614370296433478,1.4809932887653587e-06,PCA_RIDGE,PCA
2024-12-31,2026-01-06,252,PC1,0.06260353610892197,-0.012591337649768171,0.0500121984591538,0.044027034005170426,0.005985164453983373,PCA_RIDGE_VAR,PCA
2024-12-31,2026-01-06,252,PC2,0.004465226937306517,-0.0030743467159068255,0.0013908802213996917,0.0028471925073957835,-0.0014563122859960918,PCA_RIDGE_VAR,PCA
2024-12-31,2026-01-06,252,PC3,0.0012580161168470928,0.000835633271306145,0.002093649388153238,0.002614370296433478,-0.0005207209082802402,PCA_RIDGE_VAR,PCA
2025-01-31,2025-02-07,5,beta0,0.048375309096344105,-0.00020440414770403302,0.04817090494864007,0.04633691431731499,0.0018339906313250831,NS_RIDGE,NS
2025-01-31,2025-02-07,5,beta1,-0.0047267813364426335,-1.2757206883993833e-05,-0.004739538543326627,-0.0026235917009088637,-0.0021159468424177636,NS_RIDGE,NS
2025-01-31,2025-02-07,5,beta2,-0.01290215698903446,4.749691579060853e-05,-0.01285466007324385,-0.007637891942002196,-0.005216768131241655,NS_RIDGE,NS
2025-01-31,2025-02-07,5,beta0,0.048375309096344105,-3.816197723670071e-07,0.04837492747657174,0.04633691431731499,0.002038013159256752,NS_ELASTICNET,NS
2025-01-31,2025-02-07,5,beta1,-0.0047267813364426335,2.637585899064749e-05,-0.004700405477451986,-0.0026235917009088637,-0.0020768137765431226,NS_ELASTICNET,NS
2025-01-31,2025-02-07,5,beta2,-0.01290215698903446,6.594391040668104e-06,-0.012895562597993793,-0.007637891942002196,-0.005257670655991597,NS_ELASTICNET,NS
2025-01-31,2025-02-07,5,PC1,0.06210693865617791,-0.00026061072250411555,0.0618463279336738,0.06271508140141438,-0.0008687534677405823,PCA_RIDGE,PCA
2025-01-31,2025-02-07,5,PC2,0.0043653247732322546,-0.0002453690219628291,0.004119955751269426,0.0031566063569851595,0.0009633493942842663,PCA_RIDGE,PCA
2025-01-31,2025-02-07,5,PC3,0.0011633878832875057,3.468170789605348e-05,0.0011980695911835593,0.0003751906636986751,0.0008228789274848842,PCA_RIDGE,PCA
2025-01-31,2025-02-07,5,PC1,0.06210693865617791,-0.00017996475829197556,0.061926973897885935,0.06271508140141438,-0.0007881075035284443,PCA_RIDGE_VAR,PCA
2025-01-31,2025-02-07,5,PC2,0.0043653247732322546,-0.00012351418036753506,0.0042418105928647195,0.0031566063569851595,0.00108520423587956,PCA_RIDGE_VAR,PCA
2025-01-31,2025-02-07,5,PC3,0.0011633878832875057,5.144467036862703e-05,0.0012148325536561328,0.0003751906636986751,0.0008396418899574577,PCA_RIDGE_VAR,PCA
2025-01-31,2025-02-14,10,beta0,0.048375309096344105,-0.00014270208939778887,0.048232607006946315,0.04646361755269449,0.0017689894542518222,NS_RIDGE,NS
2025-01-31,2025-02-14,10,beta1,-0.0047267813364426335,-0.00013089559000855147,-0.004857676926451185,-0.0025670350456176065,-0.0022906418808335783,NS_RIDGE,NS
2025-01-31,2025-02-14,10,beta2,-0.01290215698903446,1.5637204929566497e-05,-0.012886519784104893,-0.009214694751072205,-0.003671825033032688,NS_RIDGE,NS
2025-01-31,2025-02-14,10,beta0,0.048375309096344105,6.359255874897962e-07,0.04837594502193159,0.04646361755269449,0.001912327469237099,NS_ELASTICNET,NS
2025-01-31,2025-02-14,10,beta1,-0.0047267813364426335,5.040799163952391e-05,-0.00467637334480311,-0.0025670350456176065,-0.0021093382991855033,NS_ELASTICNET,NS
2025-01-31,2025-02-14,10,beta2,-0.01290215698903446,1.6543537522434905e-05,-0.012885613451512025,-0.009214694751072205,-0.0036709187004398194,NS_ELASTICNET,NS
2025-01-31,2025-02-14,10,PC1,0.06210693865617791,-0.0006019753930097924,0.06150496326316812,0.062291767927934505,-0.0007868046647663829,PCA_RIDGE,PCA
2025-01-31,2025-02-14,10,PC2,0.0043653247732322546,-0.00023622001717393397,0.004129104756058321,0.002926845913895748,0.0012022588421625726,PCA_RIDGE,PCA
2025-01-31,2025-02-14,10,PC3,0.0011633878832875057,3.5627960931497827e-06,0.0011669506793806556,0.0006735055387518691,0.0004934451406287865,PCA_RIDGE,PCA
2025-01-31,2025-02-14,10,PC1,0.06210693865617791,-0.00036522091308203303,0.06174171774309588,0.062291767927934505,-0.0005500501848386269,PCA_RIDGE_VAR,PCA
2025-01-31,2025-02-14,10,PC2,0.0043653247732322546,-0.00024282612726721914,0.004122498645965035,0.002926845913895748,0.0011956527320692873,PCA_RIDGE_VAR,PCA
2025-01-31,2025-02-14,10,PC3,0.0011633878832875057,0.00010057293530983929,0.001263960818597345,0.0006735055387518691,0.0005904552798454759,PCA_RIDGE_VAR,PCA
2025-01-31,2025-03-05,22,beta0,0.048375309096344105,0.0001046564994790268,0.048479965595823134,0.045758865325377304,0.0027211002704458295,NS_RIDGE,NS
2025-01-31,2025-03-05,22,beta1,-0.0047267813364426335,-0.0006398492717518511,-0.005366630608194485,-0.0008345341704824663,-0.004532096437712019,NS_RIDGE,NS
2025-01-31,2025-03-05,22,beta2,-0.01290215698903446,-0.00019168312613667972,-0.013093840115171139,-0.01864103339356465,0.005547193278393512,NS_RIDGE,NS
2025-01-31,2025-03-05,22,beta0,0.048375309096344105,4.1947916654307414e-06,0.04837950388800954,0.045758865325377304,0.002620638562632234,NS_ELASTICNET,NS
2025-01-31,2025-03-05,22,beta1,-0.0047267813364426335,0.00010329629003607107,-0.004623485046406563,-0.0008345341704824663,-0.0037889508759240964,NS_ELASTICNET,NS
2025-01-31,2025-03-05,22,beta2,-0.01290215698903446,4.0525723412840186e-05,-0.01286163126562162,-0.01864103339356465,0.005779402127943031,NS_ELASTICNET,NS
2025-01-31,2025-03-05,22,PC1,0.06210693865617791,-0.0008470139651482122,0.0612599246910297,0.057934624831498915,0.0033252998595307837,PCA_RIDGE,PCA
2025-01-31,2025-03-05,22,PC2,0.0043653247732322546,-0.00017266910732130806,0.004192655665910946,2.0940932778698573e-05,0.004171714733132248,PCA_RIDGE,PCA
2025-01-31,2025-03-05,22,PC3,0.0011633878832875057,-2.7212953202582397e-06,0.0011606665879672475,0.0026113283798800384,-0.001450661791912791,PCA_RIDGE,PCA
2025-01-31,2025-03-05,22,PC1,0.06210693865617791,-0.0008298953008679666,0.061277043355309944,0.057934624831498915,0.003342418523811029,PCA_RIDGE_VAR,PCA
2025-01-31,2025-03-05,22,PC2,0.0043653247732322546,-0.0005129112364339983,0.0038524135367982563,2.0940932778698573e-05,0.0038314726040195577,PCA_RIDGE_VAR,PCA
2025-01-31,2025-03-05,22,PC3,0.0011633878832875057,0.00020952729597361274,0.0013729151792611185,0.0026113283798800384,-0.00123841320061892,PCA_RIDGE_VAR,PCA
2025-01-31,2025-04-04,44,beta0,0.048375309096344105,0.0001187718621751788,0.04849408095851929,0.04367556171488707,0.004818519243632219,NS_RIDGE,NS
2025-01-31,2025-04-04,44,beta1,-0.0047267813364426335,-0.0010699483141724515,-0.005796729650615085,0.001245616371580072,-0.007042346022195157,NS_RIDGE,NS
2025-01-31,2025-04-04,44,beta2,-0.01290215698903446,-0.002730171974360727,-0.015632328963395187,-0.026402420419895177,0.01077009145649999,NS_RIDGE,NS
2025-01-31,2025-04-04,44,beta0,0.048375309096344105,-8.640423397971518e-06,0.04836666867294613,0.04367556171488707,0.004691106958059063,NS_ELASTICNET,NS
2025-01-31,2025-04-04,44,beta1,-0.0047267813364426335,0.00021795784540502267,-0.004508823491037611,0.001245616371580072,-0.005754439862617683,NS_ELASTICNET,NS
2025-01-31,2025-04-04,44,beta2,-0.01290215698903446,6.357008255308125e-05,-0.012838586906481379,-0.026402420419895177,0.013563833513413798,NS_ELASTICNET,NS
2025-01-31,2025-04-04,44,PC1,0.06210693865617791,-0.0018146558975428802,0.06029228275863503,0.0512349838967623,0.009057298861872731,PCA_RIDGE,PCA
2025-01-31,2025-04-04,44,PC2,0.0043653247732322546,-0.0010043513330418722,0.003360973440190382,-0.0035887463679639096,0.006949719808154292,PCA_RIDGE,PCA
2025-01-31,2025-04-04,44,PC3,0.0011633878832875057,0.0005466635547882089,0.0017100514380757148,0.0042553829553144944,-0.0025453315172387797,PCA_RIDGE,PCA
2025-01-31,2025-04-04,44,PC1,0.06210693865617791,-0.001746186976678242,0.06036075167949967,0.0512349838967623,0.009125767782737368,PCA_RIDGE_VAR,PCA
2025-01-31,2025-04-04,44,PC2,0.0043653247732322546,-0.0009537317076095488,0.0034115930656227057,-0.0035887463679639096,0.007000339433586616,PCA_RIDGE_VAR,PCA
2025-01-31,2025-04-04,44,PC3,0.0011633878832875057,0.00037943760351213766,0.0015428254867996434,0.0042553829553144944,-0.002712557468514851,PCA_RIDGE_VAR,PCA
2025-01-31,2025-05-07,66,beta0,0.048375309096344105,-0.0007790146417997415,0.047596294454544365,0.04710078152210685,0.0004955129324375127,NS_RIDGE,NS
2025-01-31,2025-05-07,66,beta1,-0.0047267813364426335,-0.001025975598690059,-0.005752756935132693,-0.0008797921145265539,-0.004872964820606139,NS_RIDGE,NS
2025-01-31,2025-05-07,66,beta2,-0.01290215698903446,-0.0025313246836569485,-0.015433481672691408,-0.031049408332053993,0.015615926659362584,NS_RIDGE,NS
2025-01-31,2025-05-07,66,beta0,0.048375309096344105,-1.4428497656069192e-05,0.04836088059868804,0.04710078152210685,0.0012600990765811865,NS_ELASTICNET,NS
2025-01-31,2025-05-07,66,beta1,-0.0047267813364426335,0.0003322479486768512,-0.004394533387765782,-0.0008797921145265539,-0.003514741273239228,NS_ELASTICNET,NS
2025-01-31,2025-05-07,66,beta2,-0.01290215698903446,4.332689568625474e-05,-0.012858830093348206,-0.031049408332053993,0.018190578238705787,NS_ELASTICNET,NS
2025-01-31,2025-05-07,66,PC1,0.06210693865617791,-0.005530429608456236,0.05657650904772168,0.05476093040157534,0.001815578646146336,PCA_RIDGE,PCA
2025-01-31,2025-05-07,66,PC2,0.0043653247732322546,-0.0004877639912859828,0.0038775607819462716,-0.0014166610233081606,0.005294221805254433,PCA_RIDGE,PCA
2025-01-31,2025-05-07,66,PC3,0.0011633878832875057,0.00018197683925417032,0.0013453647225416762,0.005036912470388398,-0.0036915477478467215,PCA_RIDGE,PCA
2025-01-31,2025-05-07,66,PC1,0.06210693865617791,-0.0027306001984596234,0.05937633845771829,0.05476093040157534,0.004615408056142946,PCA_RIDGE_VAR,PCA
2025-01-31,2025-05-07,66,PC2,0.0043653247732322546,-0.0013330648024890523,0.0030322599707432022,-0.0014166610233081606,0.004448920994051362,PCA_RIDGE_VAR,PCA
2025-01-31,2025-05-07,66,PC3,0.0011633878832875057,0.0005157172969750495,0.0016791051802625553,0.005036912470388398,-0.0033578072901258426,PCA_RIDGE_VAR,PCA
2025-01-31,2025-08-12,132,beta0,0.048375309096344105,-0.0031876536834347965,0.04518765541290931,0.04787439595801086,-0.002686740545101547,NS_RIDGE,NS
2025-01-31,2025-08-12,132,beta1,-0.0047267813364426335,-0.00016691337773207476,-0.004893694714174709,-0.0022892760270582287,-0.00260441868711648,NS_RIDGE,NS
2025-01-31,2025-08-12,132,beta2,-0.01290215698903446,-0.003657964707518371,-0.01656012169655283,-0.03368439120095461,0.01712426950440178,NS_RIDGE,NS
2025-01-31,2025-08-12,132,beta0,0.048375309096344105,-0.0009442484607173115,0.04743106063562679,0.04787439595801086,-0.0004433353223840669,NS_ELASTICNET,NS
2025-01-31,2025-08-12,132,beta1,-0.0047267813364426335,0.0001651425077938449,-0.004561638828648788,-0.0022892760270582287,-0.0022723628015905595,NS_ELASTICNET,NS
2025-01-31,2025-08-12,132,beta2,-0.01290215698903446,-0.003700519058644557,-0.016602676047679017,-0.03368439120095461,0.01708171515327559,NS_ELASTICNET,NS
2025-01-31,2025-08-12,132,PC1,0.06210693865617791,-0.012395225646940572,0.04971171300923734,0.0532000448382407,-0.0034883318290033632,PCA_RIDGE,PCA
2025-01-31,2025-08-12,132,PC2,0.0043653247732322546,-0.0027219546647297885,0.001643370108502466,-0.0008172475010862733,0.0024606176095887393,PCA_RIDGE,PCA
2025-01-31,2025-08-12,132,PC3,0.0011633878832875057,0.00040332514912231243,0.0015667130324098183,0.0053991148072413,-0.0038324017748314816,PCA_RIDGE,PCA
2025-01-31,2025-08-12,132,PC1,0.06210693865617791,-0.005949348716998336,0.056157589939179575,0.0532000448382407,0.0029575451009388742,PCA_RIDGE_VAR,PCA
2025-01-31,2025-08-12,132,PC2,0.0043653247732322546,-0.00218615991016843,0.0021791648630638248,-0.0008172475010862733,0.002996412364150098,PCA_RIDGE_VAR,PCA
2025-01-31,2025-08-12,132,PC3,0.0011633878832875057,0.0007702395119357751,0.0019336273952232808,0.0053991148072413,-0.0034654874120180193,PCA_RIDGE_VAR,PCA
2025-01-31,2026-02-05,252,beta0,0.048375309096344105,-0.003355673106970713,0.04501963598937339,0.04718369385701441,-0.0021640578676410185,NS_RIDGE,NS
2025-01-31,2026-02-05,252,beta1,-0.0047267813364426335,-0.00979850421949138,-0.014525285555934013,-0.00926561052708284,-0.005259675028851173,NS_RIDGE,NS
2025-01-31,2026-02-05,252,beta2,-0.01290215698903446,-0.01542797932761501,-0.02833013631664947,-0.026511280895551843,-0.0018188554210976267,NS_RIDGE,NS
2025-01-31,2026-02-05,252,beta0,0.048375309096344105,-0.00443498770737833,0.043940321388965774,0.04718369385701441,-0.003243372468048636,NS_ELASTICNET,NS
2025-01-31,2026-02-05,252,beta1,-0.0047267813364426335,-0.0036143076676449573,-0.00834108900408759,-0.00926561052708284,0.0009245215229952489,NS_ELASTICNET,NS
2025-01-31,2026-02-05,252,beta2,-0.01290215698903446,-0.006552554070422418,-0.019454711059456876,-0.026511280895551843,0.007056569836094966,NS_ELASTICNET,NS
2025-01-31,2026-02-05,252,PC1,0.06210693865617791,-0.03453033314940269,0.027576605506775223,0.044121003656735186,-0.016544398149959963,PCA_RIDGE,PCA
2025-01-31,2026-02-05,252,PC2,0.0043653247732322546,-0.000491531486588375,0.0038737932866438796,0.003129296820171674,0.0007444964664722058,PCA_RIDGE,PCA
2025-01-31,2026-02-05,252,PC3,0.0011633878832875057,0.0011878641792226307,0.0023512520625101367,0.003001380893930079,-0.0006501288314199423,PCA_RIDGE,PCA
2025-01-31,2026-02-05,252,PC1,0.06210693865617791,-0.012136111199824738,0.04997082745635317,0.044121003656735186,0.005849823799617987,PCA_RIDGE_VAR,PCA
2025-01-31,2026-02-05,252,PC2,0.0043653247732322546,-0.00305507989746866,0.0013102448757635944,0.003129296820171674,-0.0018190519444080794,PCA_RIDGE_VAR,PCA
2025-01-31,2026-02-05,252,PC3,0.0011633878832875057,0.0008733684347380258,0.0020367563180255315,0.003001380893930079,-0.0009646245759045474,PCA_RIDGE_VAR,PCA
2025-02-28,2025-03-07,5,beta0,0.04485994770534794,-0.00031473087785345593,0.04454521682749448,0.04640345452422681,-0.0018582376967323302,NS_RIDGE,NS
2025-02-28,2025-03-07,5,beta1,-0.00036160259404629906,-0.00023585068512372087,-0.00059745327917002,-0.001541425887308264,0.0009439726081382441,NS_RIDGE,NS
2025-02-28,2025-03-07,5,beta2,-0.016700912385020396,0.0008894637525119161,-0.01581144863250848,-0.019713032972610234,0.0039015843401017554,NS_RIDGE,NS
2025-02-28,2025-03-07,5,beta0,0.04485994770534794,-3.221798605058127e-06,0.04485672590674288,0.04640345452422681,-0.0015467286174839293,NS_ELASTICNET,NS
2025-02-28,2025-03-07,5,beta1,-0.00036160259404629906,2.9750512353492696e-05,-0.0003318520816928064,-0.001541425887308264,0.0012095738056154578,NS_ELASTICNET,NS
2025-02-28,2025-03-07,5,beta2,-0.016700912385020396,5.36736361437796e-06,-0.01669554502140602,-0.019713032972610234,0.0030174879512042153,NS_ELASTICNET,NS
2025-02-28,2025-03-07,5,PC1,0.057041501297319004,-0.0006358871979179341,0.05640561409940107,0.05777306062009048,-0.0013674465206894096,PCA_RIDGE,PCA
2025-02-28,2025-03-07,5,PC2,-0.0004167207272067248,2.42216003763134e-05,-0.0003924991268304114,0.0004996540285396936,-0.0008921531553701049,PCA_RIDGE,PCA
2025-02-28,2025-03-07,5,PC3,0.002278772444045681,-0.00017402268453497481,0.002104749759510706,0.0027418060374669283,-0.0006370562779562223,PCA_RIDGE,PCA
2025-02-28,2025-03-07,5,PC1,0.057041501297319004,-0.00029361552624845855,0.056747885771070546,0.05777306062009048,-0.0010251748490199344,PCA_RIDGE_VAR,PCA
2025-02-28,2025-03-07,5,PC2,-0.0004167207272067248,-4.906491184227836e-06,-0.0004216272183909526,0.0004996540285396936,-0.0009212812469306462,PCA_RIDGE_VAR,PCA
2025-02-28,2025-03-07,5,PC3,0.002278772444045681,-6.0034073098712455e-06,0.0022727690367358097,0.0027418060374669283,-0.00046903700073111856,PCA_RIDGE_VAR,PCA
2025-02-28,2025-03-14,10,beta0,0.04485994770534794,-0.0005369464492922404,0.0443230012560557,0.045925065752726105,-0.0016020644966704065,NS_RIDGE,NS
2025-02-28,2025-03-14,10,beta1,-0.00036160259404629906,-0.0002737575304750471,-0.0006353601245213461,-0.0011508494022432099,0.0005154892777218638,NS_RIDGE,NS
2025-02-28,2025-03-14,10,beta2,-0.016700912385020396,0.0013493106708094438,-0.015351601714210952,-0.018158812049473397,0.0028072103352624455,NS_RIDGE,NS
2025-02-28,2025-03-14,10,beta0,0.04485994770534794,-3.900014905358734e-06,0.04485604769044258,0.045925065752726105,-0.0010690180622835235,NS_ELASTICNET,NS
2025-02-28,2025-03-14,10,beta1,-0.00036160259404629906,5.5619584206099096e-05,-0.00030598300984019996,-0.0011508494022432099,0.0008448663924030099,NS_ELASTICNET,NS
2025-02-28,2025-03-14,10,beta2,-0.016700912385020396,1.6661359387221214e-05,-0.016684251025633173,-0.018158812049473397,0.0014745610238402242,NS_ELASTICNET,NS
2025-02-28,2025-03-14,10,PC1,0.057041501297319004,-0.0010437929528542141,0.05599770834446479,0.05792698245167606,-0.0019292741072112693,PCA_RIDGE,PCA
2025-02-28,2025-03-14,10,PC2,-0.0004167207272067248,-7.532032331826401e-05,-0.0004920410505249888,0.00031706606453345623,-0.0008091071150584451,PCA_RIDGE,PCA
2025-02-28,2025-03-14,10,PC3,0.002278772444045681,-0.0002073374233842081,0.002071435020661473,0.0024955234406970686,-0.0004240884200355957,PCA_RIDGE,PCA
2025-02-28,2025-03-14,10,PC1,0.057041501297319004,-0.0005861685461643895,0.056455332751154615,0.05792698245167606,-0.001471649700521445,PCA_RIDGE_VAR,PCA
2025-02-28,2025-03-14,10,PC2,-0.0004167207272067248,-9.555122610261692e-06,-0.00042627584981698647,0.00031706606453345623,-0.0007433419143504427,PCA_RIDGE_VAR,PCA
2025-02-28,2025-03-14,10,PC3,0.002278772444045681,-1.216548118071134e-05,0.0022666069628649696,0.0024955234406970686,-0.000228916477832099,PCA_RIDGE_VAR,PCA
2025-02-28,2025-04-01,22,beta0,0.04485994770534794,-0.0002536361659834136,0.04460631153936452,0.044731481518607834,-0.0001251699792433128,NS_RIDGE,NS
2025-02-28,2025-04-01,22,beta1,-0.00036160259404629906,-0.0005137698455590747,-0.0008753724396053737,0.00027071992883952005,-0.0011460923684448938,NS_RIDGE,NS
2025-02-28,2025-04-01,22,beta2,-0.016700912385020396,-0.00022171606050140163,-0.0169226284455218,-0.021707099398899615,0.004784470953377817,NS_RIDGE,NS
2025-02-28,2025-04-01,22,beta0,0.04485994770534794,-5.548742834018147e-06,0.04485439896251392,0.044731481518607834,0.00012291744390608567,NS_ELASTICNET,NS
2025-02-28,2025-04-01,22,beta1,-0.00036160259404629906,0.00011400115612496998,-0.0002476014379213291,0.00027071992883952005,-0.0005183213667608491,NS_ELASTICNET,NS
2025-02-28,2025-04-01,22,beta2,-0.016700912385020396,4.448526012007419e-05,-0.01665642712490032,-0.021707099398899615,0.005050672273999295,NS_ELASTICNET,NS
2025-02-28,2025-04-01,22,PC1,0.057041501297319004,-0.001828247696135933,0.05521325360118307,0.05494703284435644,0.00026622075682663365,PCA_RIDGE,PCA
2025-02-28,2025-04-01,22,PC2,-0.0004167207272067248,-9.560941372552545e-06,-0.0004262816685792773,-0.0016865470719910278,0.0012602654034117504,PCA_RIDGE,PCA
2025-02-28,2025-04-01,22,PC3,0.002278772444045681,-0.00013144496428441472,0.0021473274797612664,0.003298397136531909,-0.0011510696567706424,PCA_RIDGE,PCA
2025-02-28,2025-04-01,22,PC1,0.057041501297319004,-0.0012838631755017552,0.05575763812181725,0.05494703284435644,0.0008106052774608102,PCA_RIDGE_VAR,PCA
2025-02-28,2025-04-01,22,PC2,-0.0004167207272067248,-1.972675917404239e-05,-0.00043644748638076717,-0.0016865470719910278,0.0012500995856102605,PCA_RIDGE_VAR,PCA
2025-02-28,2025-04-01,22,PC3,0.002278772444045681,-2.755924706978512e-05,0.002251213196975896,0.003298397136531909,-0.001047183939556013,PCA_RIDGE_VAR,PCA
2025-02-28,2025-05-02,44,beta0,0.04485994770534794,0.0003856784148500037,0.04524562612019794,0.04751268342951551,-0.0022670573093175744,NS_RIDGE,NS
2025-02-28,2025-05-02,44,beta1,-0.00036160259404629906,-0.002218476919381393,-0.002580079513427692,-0.001744388959314492,-0.0008356905541132002,NS_RIDGE,NS
2025-02-28,2025-05-02,44,beta2,-0.016700912385020396,-0.0013774410635749397,-0.018078353448595336,-0.029018096091590503,0.010939742642995166,NS_RIDGE,NS
2025-02-28,2025-05-02,44,beta0,0.04485994770534794,-1.9803676223699567e-06,0.04485796733772557,0.04751268342951551,-0.002654716091789945,NS_ELASTICNET,NS
2025-02-28,2025-05-02,44,beta1,-0.00036160259404629906,0.00020699396774278756,-0.0001546086263035115,-0.001744388959314492,0.0015897803330109804,NS_ELASTICNET,NS
2025-02-28,2025-05-02,44,beta2,-0.016700912385020396,5.9945898199142155e-05,-0.016640966486821254,-0.029018096091590503,0.01237712960476925,NS_ELASTICNET,NS
2025-02-28,2025-05-02,44,PC1,0.057041501297319004,-0.0033351416579230565,0.05370635963939595,0.05540715678684298,-0.0017007971474470307,PCA_RIDGE,PCA
2025-02-28,2025-05-02,44,PC2,-0.0004167207272067248,0.00019890627694397694,-0.00021781445026274783,-0.000445969500843104,0.0002281550505803562,PCA_RIDGE,PCA
2025-02-28,2025-05-02,44,PC3,0.002278772444045681,0.0001779090725598414,0.0024566815166055223,0.004548083355243478,-0.002091401838637956,PCA_RIDGE,PCA
2025-02-28,2025-05-02,44,PC1,0.057041501297319004,-0.002546149905048513,0.05449535139227049,0.05540715678684298,-0.0009118053945724874,PCA_RIDGE_VAR,PCA
2025-02-28,2025-05-02,44,PC2,-0.0004167207272067248,-3.516317652414459e-05,-0.00045188390373086936,-0.000445969500843104,-5.914402887765343e-06,PCA_RIDGE_VAR,PCA
2025-02-28,2025-05-02,44,PC3,0.002278772444045681,-5.774277788918791e-05,0.002221029666156493,0.004548083355243478,-0.0023270536890869853,PCA_RIDGE_VAR,PCA
2025-02-28,2025-06-04,66,beta0,0.04485994770534794,-0.0002927156733874027,0.04456723203196054,0.04809073630613933,-0.0035235042741787945,NS_RIDGE,NS
2025-02-28,2025-06-04,66,beta1,-0.00036160259404629906,-0.0024292684489186744,-0.0027908710429649735,-0.0012899086733279205,-0.001500962369637053,NS_RIDGE,NS
2025-02-28,2025-06-04,66,beta2,-0.016700912385020396,-0.00040196323272564054,-0.017102875617746035,-0.030939746876239436,0.013836871258493401,NS_RIDGE,NS
2025-02-28,2025-06-04,66,beta0,0.04485994770534794,-1.1267773528008423e-05,0.04484867993181993,0.04809073630613933,-0.003242056374319402,NS_ELASTICNET,NS
2025-02-28,2025-06-04,66,beta1,-0.00036160259404629906,0.0003158497506391404,-4.575284340715865e-05,-0.0012899086733279205,0.001244155829920762,NS_ELASTICNET,NS
2025-02-28,2025-06-04,66,beta2,-0.016700912385020396,5.9467312738236944e-05,-0.016641445072282157,-0.030939746876239436,0.014298301803957279,NS_ELASTICNET,NS
2025-02-28,2025-06-04,66,PC1,0.057041501297319004,-0.004999943747122125,0.052041557550196876,0.056669244299508426,-0.004627686749311549,PCA_RIDGE,PCA
2025-02-28,2025-06-04,66,PC2,-0.0004167207272067248,2.2337519799250856e-05,-0.0003943832074074739,-0.0006486317592865158,0.0002542485518790419,PCA_RIDGE,PCA
2025-02-28,2025-06-04,66,PC3,0.002278772444045681,7.59094027850528e-05,0.002354681846830734,0.005025758983241039,-0.002671077136410305,PCA_RIDGE,PCA
2025-02-28,2025-06-04,66,PC1,0.057041501297319004,-0.0037857731781919673,0.05325572811912704,0.056669244299508426,-0.0034135161803813888,PCA_RIDGE_VAR,PCA
2025-02-28,2025-06-04,66,PC2,-0.0004167207272067248,-4.710529741328164e-05,-0.0004638260246200064,-0.0006486317592865158,0.0001848057346665094,PCA_RIDGE_VAR,PCA
2025-02-28,2025-06-04,66,PC3,0.002278772444045681,-9.003813938935398e-05,0.002188734304656327,0.005025758983241039,-0.002837024678584712,PCA_RIDGE_VAR,PCA
2025-02-28,2025-09-09,132,beta0,0.04485994770534794,-0.0012881479798479382,0.0435717997255,0.045445139633604525,-0.0018733399081045238,NS_RIDGE,NS
2025-02-28,2025-09-09,132,beta1,-0.00036160259404629906,-0.003308745928741116,-0.003670348522787415,-0.002494164904257837,-0.0011761836185295777,NS_RIDGE,NS
2025-02-28,2025-09-09,132,beta2,-0.016700912385020396,2.4989151179995715e-05,-0.0166759232338404,-0.032024568248776586,0.015348645014936185,NS_RIDGE,NS
2025-02-28,2025-09-09,132,beta0,0.04485994770534794,-0.00031722888898938077,0.04454271881635856,0.045445139633604525,-0.0009024208172459663,NS_ELASTICNET,NS
2025-02-28,2025-09-09,132,beta1,-0.00036160259404629906,-0.0015613733641877902,-0.0019229759582340892,-0.002494164904257837,0.0005711889460237479,NS_ELASTICNET,NS
2025-02-28,2025-09-09,132,beta2,-0.016700912385020396,-0.002884743391608802,-0.0195856557766292,-0.032024568248776586,0.012438912472147387,NS_ELASTICNET,NS
2025-02-28,2025-09-09,132,PC1,0.057041501297319004,-0.010479141353047573,0.04656235994427143,0.04684687452346528,-0.0002845145791938522,PCA_RIDGE,PCA
2025-02-28,2025-09-09,132,PC2,-0.0004167207272067248,0.0004304371475658555,1.3716420359130739e-05,-0.0019385601296521282,0.001952276550011259,PCA_RIDGE,PCA
2025-02-28,2025-09-09,132,PC3,0.002278772444045681,-0.0007046094902637406,0.0015741629537819404,0.0049288575902257555,-0.0033546946364438153,PCA_RIDGE,PCA
2025-02-28,2025-09-09,132,PC1,0.057041501297319004,-0.0073612097127513446,0.04968029158456766,0.04684687452346528,0.002833417061102378,PCA_RIDGE_VAR,PCA
2025-02-28,2025-09-09,132,PC2,-0.0004167207272067248,-6.815007792609359e-05,-0.00048487080513281836,-0.0019385601296521282,0.0014536893245193098,PCA_RIDGE_VAR,PCA
2025-02-28,2025-09-09,132,PC3,0.002278772444045681,-0.00019553346455564776,0.002083238979490033,0.0049288575902257555,-0.0028456186107357223,PCA_RIDGE_VAR,PCA
2025-02-28,2026-03-05,252,beta0,0.04485994770534794,-0.0026123679465527593,0.04224757975879518,0.04486474247974635,-0.002617162720951173,NS_RIDGE,NS
2025-02-28,2026-03-05,252,beta1,-0.00036160259404629906,-0.011131258110287014,-0.011492860704333313,-0.00649800153645331,-0.004994859167880002,NS_RIDGE,NS
2025-02-28,2026-03-05,252,beta2,-0.016700912385020396,-0.010605244447721165,-0.02730615683274156,-0.020445201602484253,-0.006860955230257308,NS_RIDGE,NS
2025-02-28,2026-03-05,252,beta0,0.04485994770534794,-0.0009738676586537996,0.043886080046694136,0.04486474247974635,-0.0009786624330522173,NS_ELASTICNET,NS
2025-02-28,2026-03-05,252,beta1,-0.00036160259404629906,-0.004797999240956604,-0.005159601835002903,-0.00649800153645331,0.001338399701450407,NS_ELASTICNET,NS
2025-02-28,2026-03-05,252,beta2,-0.016700912385020396,-0.006079204555312487,-0.022780116940332884,-0.020445201602484253,-0.002334915337848631,NS_ELASTICNET,NS
2025-02-28,2026-03-05,252,PC1,0.057041501297319004,-0.03243364505179074,0.024607856245528262,0.045229358468934736,-0.020621502223406474,PCA_RIDGE,PCA
2025-02-28,2026-03-05,252,PC2,-0.0004167207272067248,0.0014317348724673146,0.0010150141452605899,0.0015792934429393023,-0.0005642792976787124,PCA_RIDGE,PCA
2025-02-28,2026-03-05,252,PC3,0.002278772444045681,-2.254484245005486e-05,0.002256227601595626,0.0021364002991653003,0.00011982730243032588,PCA_RIDGE,PCA
2025-02-28,2026-03-05,252,PC1,0.057041501297319004,-0.013287226059084174,0.04375427523823483,0.045229358468934736,-0.0014750832306999057,PCA_RIDGE_VAR,PCA
2025-02-28,2026-03-05,252,PC2,-0.0004167207272067248,-7.870902863383499e-05,-0.0004954297558405598,0.0015792934429393023,-0.002074723198779862,PCA_RIDGE_VAR,PCA
2025-02-28,2026-03-05,252,PC3,0.002278772444045681,-0.0004005331810265553,0.0018782392630191257,0.0021364002991653003,-0.0002581610361461746,PCA_RIDGE_VAR,PCA
2025-03-31,2025-04-07,5,beta0,0.04549988450285161,7.237322750871854e-05,0.04557225773036033,0.04570490887206915,-0.0001326511417088158,NS_RIDGE,NS
2025-03-31,2025-04-07,5,beta1,-0.0005673137779361632,-0.0004024915073014983,-0.0009698052852376615,-0.0008127972247706471,-0.00015700806046701446,NS_RIDGE,NS
2025-03-31,2025-04-07,5,beta2,-0.02181847070984959,0.0003645319686552071,-0.021453938741194382,-0.02814674861187149,0.006692809870677108,NS_RIDGE,NS
2025-03-31,2025-04-07,5,beta0,0.04549988450285161,-2.033279888954762e-06,0.045497851222962654,0.04570490887206915,-0.00020705764910649432,NS_ELASTICNET,NS
2025-03-31,2025-04-07,5,beta1,-0.0005673137779361632,2.91212779517701e-05,-0.0005381924999843931,-0.0008127972247706471,0.0002746047247862539,NS_ELASTICNET,NS
2025-03-31,2025-04-07,5,beta2,-0.02181847070984959,-1.4745815963248022e-06,-0.021819945291445913,-0.02814674861187149,0.006326803320425577,NS_ELASTICNET,NS
2025-03-31,2025-04-07,5,PC1,0.055441160199662845,-0.00017423155709008,0.055266928642572766,0.05214256778303331,0.003124360859539453,PCA_RIDGE,PCA
2025-03-31,2025-04-07,5,PC2,-0.0008697604638950238,0.00028192514593394086,-0.0005878353179610829,-0.00178944482961765,0.0012016095116565671,PCA_RIDGE,PCA
2025-03-31,2025-04-07,5,PC3,0.0032172351831771225,-0.00011543838485028483,0.0031017967983268378,0.0043711140321756,-0.0012693172338487618,PCA_RIDGE,PCA
2025-03-31,2025-04-07,5,PC1,0.055441160199662845,-0.00040709772364298097,0.055034062476019864,0.05214256778303331,0.0028914946929865515,PCA_RIDGE_VAR,PCA
2025-03-31,2025-04-07,5,PC2,-0.0008697604638950238,3.5857894265246956e-05,-0.0008339025696297768,-0.00178944482961765,0.0009555422599878732,PCA_RIDGE_VAR,PCA
2025-03-31,2025-04-07,5,PC3,0.0032172351831771225,-3.6382261313899506e-05,0.003180852921863223,0.0043711140321756,-0.0011902611103123766,PCA_RIDGE_VAR,PCA
2025-03-31,2025-04-14,10,beta0,0.04549988450285161,-4.392434205220273e-06,0.04549549206864639,0.048503473295239685,-0.0030079812265932926,NS_RIDGE,NS
2025-03-31,2025-04-14,10,beta1,-0.0005673137779361632,-0.0006895524317544065,-0.0012568662096905697,-0.0032090924836933165,0.0019522262740027468,NS_RIDGE,NS
2025-03-31,2025-04-14,10,beta2,-0.02181847070984959,0.00024178573480768733,-0.0215766849750419,-0.02868774265045368,0.007111057675411779,NS_RIDGE,NS
2025-03-31,2025-04-14,10,beta0,0.04549988450285161,-4.0443457065013e-06,0.04549584015714511,0.048503473295239685,-0.003007633138094573,NS_ELASTICNET,NS
2025-03-31,2025-04-14,10,beta1,-0.0005673137779361632,5.721107234125445e-05,-0.0005101027055949088,-0.0032090924836933165,0.0026989897780984075,NS_ELASTICNET,NS
2025-03-31,2025-04-14,10,beta2,-0.02181847070984959,1.1227018210457173e-06,-0.021817348008028543,-0.02868774265045368,0.006870394642425136,NS_ELASTICNET,NS
2025-03-31,2025-04-14,10,PC1,0.055441160199662845,-0.0007833578680479064,0.054657802331614935,0.055759043477600724,-0.0011012411459857888,PCA_RIDGE,PCA
2025-03-31,2025-04-14,10,PC2,-0.0008697604638950238,0.0001550421792105528,-0.0007147182846844709,0.0008687102660616258,-0.0015834285507460967,PCA_RIDGE,PCA
2025-03-31,2025-04-14,10,PC3,0.0032172351831771225,-7.017521057998403e-05,0.0031470599725971385,0.004297493998009683,-0.0011504340254125446,PCA_RIDGE,PCA
2025-03-31,2025-04-14,10,PC1,0.055441160199662845,-0.0008095731113353655,0.05463158708832748,0.055759043477600724,-0.0011274563892732445,PCA_RIDGE_VAR,PCA
2025-03-31,2025-04-14,10,PC2,-0.0008697604638950238,7.035229489148447e-05,-0.0007994081690035393,0.0008687102660616258,-0.001668118435065165,PCA_RIDGE_VAR,PCA
2025-03-31,2025-04-14,10,PC3,0.0032172351831771225,-7.194598993069028e-05,0.003145289193246432,0.004297493998009683,-0.0011522048047632508,PCA_RIDGE_VAR,PCA
2025-03-31,2025-05-01,22,beta0,0.04549988450285161,-0.0002770016015936705,0.04522288290125794,0.04736792863360902,-0.0021450457323510808,NS_RIDGE,NS
2025-03-31,2025-05-01,22,beta1,-0.0005673137779361632,-0.0009365319105135614,-0.0015038456884497245,-0.0014120633694911736,-9.178231895855087e-05,NS_RIDGE,NS
2025-03-31,2025-05-01,22,beta2,-0.02181847070984959,0.00037181470299380264,-0.021446656006855785,-0.03336108827892967,0.011914432272073883,NS_RIDGE,NS
2025-03-31,2025-05-01,22,beta0,0.04549988450285161,-9.34501576023917e-06,0.04549053948709137,0.04736792863360902,-0.0018773891465176523,NS_ELASTICNET,NS
2025-03-31,2025-05-01,22,beta1,-0.0005673137779361632,0.00012167900850171678,-0.0004456347694344465,-0.0014120633694911736,0.0009664286000567272,NS_ELASTICNET,NS
2025-03-31,2025-05-01,22,beta2,-0.02181847070984959,7.796192607394092e-06,-0.021810674517242196,-0.03336108827892967,0.011550413761687472,NS_ELASTICNET,NS
2025-03-31,2025-05-01,22,PC1,0.055441160199662845,-0.0018669698096360383,0.05357419039002681,0.05292274535513102,0.0006514450348957881,PCA_RIDGE,PCA
2025-03-31,2025-05-01,22,PC2,-0.0008697604638950238,0.0002994259610140923,-0.0005703345028809315,-0.0014694880317171859,0.0008991535288362544,PCA_RIDGE,PCA
2025-03-31,2025-05-01,22,PC3,0.0032172351831771225,-0.00017515467330954496,0.0030420805098675774,0.005363860939030378,-0.0023217804291628,PCA_RIDGE,PCA
2025-03-31,2025-05-01,22,PC1,0.055441160199662845,-0.0017572193851118217,0.05368394081455102,0.05292274535513102,0.0007611954594200013,PCA_RIDGE_VAR,PCA
2025-03-31,2025-05-01,22,PC2,-0.0008697604638950238,0.0001478523949947527,-0.0007219080689002711,-0.0014694880317171859,0.0007475799628169148,PCA_RIDGE_VAR,PCA
2025-03-31,2025-05-01,22,PC3,0.0032172351831771225,-0.00015411215662152053,0.003063123026555602,0.005363860939030378,-0.0023007379124747756,PCA_RIDGE_VAR,PCA
2025-03-31,2025-06-03,44,beta0,0.04549988450285161,9.31086505044081e-05,0.04559299315335602,0.04868955254025195,-0.0030965593868959307,NS_RIDGE,NS
2025-03-31,2025-06-03,44,beta1,-0.0005673137779361632,-0.003014457667811177,-0.00358177144574734,-0.0022103030195698217,-0.0013714684261775184,NS_RIDGE,NS
2025-03-31,2025-06-03,44,beta2,-0.02181847070984959,0.00014151605532850404,-0.021676954654521085,-0.02820561259525787,0.006528657940736784,NS_RIDGE,NS
2025-03-31,2025-06-03,44,beta0,0.04549988450285161,-1.4942027087505763e-05,0.04548494247576411,0.04868955254025195,-0.0032046100644878422,NS_ELASTICNET,NS
2025-03-31,2025-06-03,44,beta1,-0.0005673137779361632,0.00022466986017343602,-0.00034264391776272726,-0.0022103030195698217,0.0018676591018070945,NS_ELASTICNET,NS
2025-03-31,2025-06-03,44,beta2,-0.02181847070984959,2.6395071523715482e-05,-0.021792075638325872,-0.02820561259525787,0.006413536956931996,NS_ELASTICNET,NS
2025-03-31,2025-06-03,44,PC1,0.055441160199662845,-0.0035158860894942013,0.051925274110168645,0.058126104308629585,-0.00620083019846094,PCA_RIDGE,PCA
2025-03-31,2025-06-03,44,PC2,-0.0008697604638950238,0.0005471091102019365,-0.00032265135369308727,0.0006204057603193085,-0.0009430571140123957,PCA_RIDGE,PCA
2025-03-31,2025-06-03,44,PC3,0.0032172351831771225,-3.240550976545313e-05,0.0031848296734116694,0.004394639232857751,-0.0012098095594460815,PCA_RIDGE,PCA
2025-03-31,2025-06-03,44,PC1,0.055441160199662845,-0.003430919039975555,0.05201024115968729,0.058126104308629585,-0.006115863148942295,PCA_RIDGE_VAR,PCA
2025-03-31,2025-06-03,44,PC2,-0.0008697604638950238,0.0002722180670307684,-0.0005975423968642554,0.0006204057603193085,-0.0012179481571835639,PCA_RIDGE_VAR,PCA
2025-03-31,2025-06-03,44,PC3,0.0032172351831771225,-0.00029398580228716257,0.00292324938088996,0.004394639232857751,-0.001471389851967791,PCA_RIDGE_VAR,PCA
2025-03-31,2025-07-07,66,beta0,0.04549988450285161,7.060324112294143e-07,0.04550059053526284,0.04826313549730277,-0.0027625449620399256,NS_RIDGE,NS
2025-03-31,2025-07-07,66,beta1,-0.0005673137779361632,-0.004347742194682892,-0.004915055972619055,-0.0014598722960419922,-0.003455183676577063,NS_RIDGE,NS
2025-03-31,2025-07-07,66,beta2,-0.02181847070984959,0.0003764535610556381,-0.02144201714879395,-0.03036784589652272,0.008925828747728771,NS_RIDGE,NS
2025-03-31,2025-07-07,66,beta0,0.04549988450285161,-5.701312751888661e-06,0.04549418319009972,0.04826313549730277,-0.002768952307203046,NS_ELASTICNET,NS
2025-03-31,2025-07-07,66,beta1,-0.0005673137779361632,0.00030783412315331973,-0.0002594796547828435,-0.0014598722960419922,0.0012003926412591486,NS_ELASTICNET,NS
2025-03-31,2025-07-07,66,beta2,-0.02181847070984959,1.9333506879572043e-05,-0.021799137202970015,-0.03036784589652272,0.008568708693552706,NS_ELASTICNET,NS
2025-03-31,2025-07-07,66,PC1,0.055441160199662845,-0.005179451985959878,0.05026170821370297,0.05695887318358591,-0.006697164969882943,PCA_RIDGE,PCA
2025-03-31,2025-07-07,66,PC2,-0.0008697604638950238,0.0009053609247429266,3.5600460847902806e-05,-0.00036147543255647327,0.0003970758934043761,PCA_RIDGE,PCA
2025-03-31,2025-07-07,66,PC3,0.0032172351831771225,-0.0001559627065128573,0.003061272476664265,0.004872045675315443,-0.0018107731986511774,PCA_RIDGE,PCA
2025-03-31,2025-07-07,66,PC1,0.055441160199662845,-0.00502805091877339,0.050413109280889455,0.05695887318358591,-0.006545763902696455,PCA_RIDGE_VAR,PCA
2025-03-31,2025-07-07,66,PC2,-0.0008697604638950238,0.0003764401054638909,-0.0004933203584311329,-0.00036147543255647327,-0.0001318449258746596,PCA_RIDGE_VAR,PCA
2025-03-31,2025-07-07,66,PC3,0.0032172351831771225,-0.00042146858407096557,0.002795766599106157,0.004872045675315443,-0.0020762790762092857,PCA_RIDGE_VAR,PCA
2025-03-31,2025-10-08,132,beta0,0.04549988450285161,-0.0018974564354850164,0.0436024280673666,0.045827944661962564,-0.0022255165945959665,NS_RIDGE,NS
2025-03-31,2025-10-08,132,beta1,-0.0005673137779361632,-0.006674411153125982,-0.0072417249310621455,-0.00419984112191055,-0.003041883809151595,NS_RIDGE,NS
2025-03-31,2025-10-08,132,beta2,-0.02181847070984959,0.00025083779168069735,-0.02156763291816889,-0.027942949365544718,0.006375316447375826,NS_RIDGE,NS
2025-03-31,2025-10-08,132,beta0,0.04549988450285161,-0.0005192798510872238,0.044980604651764386,0.045827944661962564,-0.0008473400101981776,NS_ELASTICNET,NS
2025-03-31,2025-10-08,132,beta1,-0.0005673137779361632,-0.002337755385408182,-0.002905069163344345,-0.00419984112191055,0.0012947719585662053,NS_ELASTICNET,NS
2025-03-31,2025-10-08,132,beta2,-0.02181847070984959,-0.0016652911988468751,-0.023483761908696464,-0.027942949365544718,0.0044591874568482535,NS_ELASTICNET,NS
2025-03-31,2025-10-08,132,PC1,0.055441160199662845,-0.014237862158563082,0.04120329804109976,0.047197687499015824,-0.005994389457916062,PCA_RIDGE,PCA
2025-03-31,2025-10-08,132,PC2,-0.0008697604638950238,0.0019366710228639378,0.001066910558968914,-0.00020335682170434174,0.0012702673806732558,PCA_RIDGE,PCA
2025-03-31,2025-10-08,132,PC3,0.0032172351831771225,-0.0008776837281597246,0.002339551455017398,0.003893876237957174,-0.001554324782939776,PCA_RIDGE,PCA
2025-03-31,2025-10-08,132,PC1,0.055441160199662845,-0.009417218791918716,0.04602394140774413,0.047197687499015824,-0.0011737460912716949,PCA_RIDGE_VAR,PCA
2025-03-31,2025-10-08,132,PC2,-0.0008697604638950238,0.0005949265063924968,-0.00027483395750252696,-0.00020335682170434174,-7.147713579818522e-05,PCA_RIDGE_VAR,PCA
2025-03-31,2025-10-08,132,PC3,0.0032172351831771225,-0.0007443278802008405,0.002472907302976282,0.003893876237957174,-0.001420968934980892,PCA_RIDGE_VAR,PCA
2025-03-31,2026-04-03,252,beta0,0.04549988450285161,-0.003365211435005813,0.042134673067845796,0.04612072562558559,-0.003986052557739796,NS_RIDGE,NS
2025-03-31,2026-04-03,252,beta1,-0.0005673137779361632,-0.01439633491165774,-0.014963648689593904,-0.008602198221846923,-0.006361450467746981,NS_RIDGE,NS
2025-03-31,2026-04-03,252,beta2,-0.02181847070984959,-0.0005211199939982138,-0.022339590703847802,-0.01205371060198838,-0.010285880101859423,NS_RIDGE,NS
2025-03-31,2026-04-03,252,beta0,0.04549988450285161,-0.0013270239461412486,0.04417286055671037,0.04612072562558559,-0.001947865068875225,NS_ELASTICNET,NS
2025-03-31,2026-04-03,252,beta1,-0.0005673137779361632,-0.006037219624055705,-0.006604533401991868,-0.008602198221846923,0.001997664819855055,NS_ELASTICNET,NS
2025-03-31,2026-04-03,252,beta2,-0.02181847070984959,-0.004277731492655073,-0.02609620220250466,-0.01205371060198838,-0.014042491600516281,NS_ELASTICNET,NS
2025-03-31,2026-04-03,252,PC1,0.055441160199662845,-0.035326780260494836,0.02011437993916801,0.04971633686923036,-0.029601956930062352,PCA_RIDGE,PCA
2025-03-31,2026-04-03,252,PC2,-0.0008697604638950238,0.005544402541271534,0.00467464207737651,0.004799867045746187,-0.00012522496836967715,PCA_RIDGE,PCA
2025-03-31,2026-04-03,252,PC3,0.0032172351831771225,-0.001233830569422066,0.0019834046137550566,0.0003209375672289464,0.0016624670465261102,PCA_RIDGE,PCA
2025-03-31,2026-04-03,252,PC1,0.055441160199662845,-0.016154900659747805,0.03928625953991504,0.04971633686923036,-0.010430077329315321,PCA_RIDGE_VAR,PCA
2025-03-31,2026-04-03,252,PC2,-0.0008697604638950238,0.0007630834949816884,-0.00010667696891333541,0.004799867045746187,-0.004906544014659522,PCA_RIDGE_VAR,PCA
2025-03-31,2026-04-03,252,PC3,0.0032172351831771225,-0.001175985608975201,0.0020412495742019214,0.0003209375672289464,0.001720312006972975,PCA_RIDGE_VAR,PCA
2025-04-30,2025-05-07,5,beta0,0.04704045164984337,0.00018995592009577388,0.047230407569939147,0.04710078152210685,0.00012962604783229442,NS_RIDGE,NS
2025-04-30,2025-05-07,5,beta1,-0.0008346182188593426,-0.0005272104362824024,-0.001361828655141745,-0.0008797921145265539,-0.000482036540615191,NS_RIDGE,NS
2025-04-30,2025-05-07,5,beta2,-0.03674621111387956,0.0005058317050140719,-0.036240379408865486,-0.031049408332053993,-0.005190971076811494,NS_RIDGE,NS
2025-04-30,2025-05-07,5,beta0,0.04704045164984337,-1.0355021735994994e-06,0.04703941614766977,0.04710078152210685,-6.136537443707929e-05,NS_ELASTICNET,NS
2025-04-30,2025-05-07,5,beta1,-0.0008346182188593426,2.8975327914374764e-05,-0.0008056428909449678,-0.0008797921145265539,7.41492235815861e-05,NS_ELASTICNET,NS
2025-04-30,2025-05-07,5,beta2,-0.03674621111387956,-1.3360788326553095e-05,-0.03675957190220611,-0.031049408332053993,-0.005710163570152121,NS_ELASTICNET,NS
2025-04-30,2025-05-07,5,PC1,0.05086373321134106,-0.0007839076970614589,0.0500798255142796,0.05408399501776079,-0.004004169503481189,PCA_RIDGE,PCA
2025-04-30,2025-05-07,5,PC2,-0.0025329156314710904,0.0003954921689815017,-0.0021374234624895886,-0.0014366891250075405,-0.0007007343374820481,PCA_RIDGE,PCA
2025-04-30,2025-05-07,5,PC3,0.006011898621650382,-0.0001931520495152029,0.005818746572135179,0.004952973703496387,0.0008657728686387919,PCA_RIDGE,PCA
2025-04-30,2025-05-07,5,PC1,0.05086373321134106,-0.0007442915166648509,0.050119441694676206,0.05408399501776079,-0.0039645533230845825,PCA_RIDGE_VAR,PCA
2025-04-30,2025-05-07,5,PC2,-0.0025329156314710904,0.0001583991887457066,-0.002374516442725384,-0.0014366891250075405,-0.0009378273177178434,PCA_RIDGE_VAR,PCA
2025-04-30,2025-05-07,5,PC3,0.006011898621650382,-0.00012346990455954204,0.00588842871709084,0.004952973703496387,0.0009354550135944528,PCA_RIDGE_VAR,PCA
2025-04-30,2025-05-14,10,beta0,0.04704045164984337,0.0005502198952400445,0.04759067154508342,0.04922443978033716,-0.0016337682352537408,NS_RIDGE,NS
2025-04-30,2025-05-14,10,beta1,-0.0008346182188593426,-0.0009414987610300454,-0.001776116979889388,-0.0035154169519267444,0.0017392999720373563,NS_RIDGE,NS
2025-04-30,2025-05-14,10,beta2,-0.03674621111387956,0.0008198254816278103,-0.03592638563225175,-0.024293546690021418,-0.011632838942230331,NS_RIDGE,NS
2025-04-30,2025-05-14,10,beta0,0.04704045164984337,1.1653729333152553e-07,0.0470405681871367,0.04922443978033716,-0.002183871593200458,NS_ELASTICNET,NS
2025-04-30,2025-05-14,10,beta1,-0.0008346182188593426,5.4601303252642874e-05,-0.0007800169156066997,-0.0035154169519267444,0.002735400036320045,NS_ELASTICNET,NS
2025-04-30,2025-05-14,10,beta2,-0.03674621111387956,-2.3499740833506618e-05,-0.03676971085471307,-0.024293546690021418,-0.01247616416469165,NS_ELASTICNET,NS
2025-04-30,2025-05-14,10,PC1,0.05086373321134106,-0.0014842869943224183,0.04937944621701864,0.05945219786540615,-0.010072751648387508,PCA_RIDGE,PCA
2025-04-30,2025-05-14,10,PC2,-0.0025329156314710904,0.0006050026399822816,-0.001927912991488809,0.0022441220247488083,-0.004172035016237617,PCA_RIDGE,PCA
2025-04-30,2025-05-14,10,PC3,0.006011898621650382,-0.00030711267686935935,0.005704785944781023,0.003449794463541501,0.002254991481239522,PCA_RIDGE,PCA
2025-04-30,2025-05-14,10,PC1,0.05086373321134106,-0.0014737103486617137,0.04939002286267934,0.05945219786540615,-0.010062175002726804,PCA_RIDGE_VAR,PCA
2025-04-30,2025-05-14,10,PC2,-0.0025329156314710904,0.00031076182980853753,-0.002222153801662553,0.0022441220247488083,-0.004466275826411362,PCA_RIDGE_VAR,PCA
2025-04-30,2025-05-14,10,PC3,0.006011898621650382,-0.0002434592751162012,0.005768439346534181,0.003449794463541501,0.0023186448829926798,PCA_RIDGE_VAR,PCA
2025-04-30,2025-06-02,22,beta0,0.04704045164984337,0.000983954539250095,0.04802440618909347,0.04882674654777869,-0.000802340358685219,NS_RIDGE,NS
2025-04-30,2025-06-02,22,beta1,-0.0008346182188593426,-0.0018827731594615227,-0.0027173913783208655,-0.0021170768368703984,-0.0006003145414504672,NS_RIDGE,NS
2025-04-30,2025-06-02,22,beta2,-0.03674621111387956,0.00047145145146400936,-0.03627475966241555,-0.029556903462879928,-0.006717856199535622,NS_RIDGE,NS
2025-04-30,2025-06-02,22,beta0,0.04704045164984337,-3.082420679912484e-06,0.04703736922916346,0.04882674654777869,-0.0017893773186152262,NS_ELASTICNET,NS
2025-04-30,2025-06-02,22,beta1,-0.0008346182188593426,0.00011724304409111462,-0.000717375174768228,-0.0021170768368703984,0.0013997016621021703,NS_ELASTICNET,NS
2025-04-30,2025-06-02,22,beta2,-0.03674621111387956,-3.315330721927041e-05,-0.03677936442109883,-0.029556903462879928,-0.0072224609582189035,NS_ELASTICNET,NS
2025-04-30,2025-06-02,22,PC1,0.05086373321134106,-0.0033872508036104543,0.0474764824077306,0.05769374894725794,-0.010217266539527342,PCA_RIDGE,PCA
2025-04-30,2025-06-02,22,PC2,-0.0025329156314710904,0.0010795194930770897,-0.0014533961383940007,0.00041933338335289894,-0.0018727295217468997,PCA_RIDGE,PCA
2025-04-30,2025-06-02,22,PC3,0.006011898621650382,-0.0005455847055535364,0.0054663139160968455,0.00462661527424056,0.0008396986418562858,PCA_RIDGE,PCA
2025-04-30,2025-06-02,22,PC1,0.05086373321134106,-0.003166008216379898,0.04769772499496116,0.05769374894725794,-0.009996023952296783,PCA_RIDGE_VAR,PCA
2025-04-30,2025-06-02,22,PC2,-0.0025329156314710904,0.000653031425643419,-0.0018798842058276714,0.00041933338335289894,-0.0022992175891805703,PCA_RIDGE_VAR,PCA
2025-04-30,2025-06-02,22,PC3,0.006011898621650382,-0.0005178950204279354,0.005494003601222447,0.00462661527424056,0.0008673883269818871,PCA_RIDGE_VAR,PCA
2025-04-30,2025-07-03,44,beta0,0.04704045164984337,0.001817463490013572,0.04885791513985694,0.04761610104271218,0.0012418140971447583,NS_RIDGE,NS
2025-04-30,2025-07-03,44,beta1,-0.0008346182188593426,-0.0038055077018295286,-0.004640125920688871,-0.0007897265100779496,-0.003850399410610921,NS_RIDGE,NS
2025-04-30,2025-07-03,44,beta2,-0.03674621111387956,0.0008228367275129866,-0.03592337438636657,-0.029746678812687315,-0.006176695573679256,NS_RIDGE,NS
2025-04-30,2025-07-03,44,beta0,0.04704045164984337,-1.319013136331182e-05,0.04702726151848006,0.04761610104271218,-0.0005888395242321237,NS_ELASTICNET,NS
2025-04-30,2025-07-03,44,beta1,-0.0008346182188593426,0.00022874893943873497,-0.0006058692794206076,-0.0007897265100779496,0.00018385723065734202,NS_ELASTICNET,NS
2025-04-30,2025-07-03,44,beta2,-0.03674621111387956,-5.050221917939978e-05,-0.03679671333305896,-0.029746678812687315,-0.007050034520371642,NS_ELASTICNET,NS
2025-04-30,2025-07-03,44,PC1,0.05086373321134106,-0.008014794172999296,0.04284893903834176,0.05636334075444793,-0.01351440171610617,PCA_RIDGE,PCA
2025-04-30,2025-07-03,44,PC2,-0.0025329156314710904,0.001127168820865771,-0.0014057468106053194,-0.0009284474806259269,-0.0004772993299793926,PCA_RIDGE,PCA
2025-04-30,2025-07-03,44,PC3,0.006011898621650382,-0.00048479388864209884,0.005527104733008283,0.004757573753883479,0.0007695309791248038,PCA_RIDGE,PCA
2025-04-30,2025-07-03,44,PC1,0.05086373321134106,-0.0060691433203979295,0.04479458989094313,0.05636334075444793,-0.011568750863504805,PCA_RIDGE_VAR,PCA
2025-04-30,2025-07-03,44,PC2,-0.0025329156314710904,0.0012021299983004492,-0.0013307856331706413,-0.0009284474806259269,-0.0004023381525447144,PCA_RIDGE_VAR,PCA
2025-04-30,2025-07-03,44,PC3,0.006011898621650382,-0.0009753796052977071,0.005036519016352675,0.004757573753883479,0.00027894526246919574,PCA_RIDGE_VAR,PCA
2025-04-30,2025-08-05,66,beta0,0.04704045164984337,0.0019684330880883148,0.049008884737931684,0.046880788593485184,0.0021280961444464994,NS_RIDGE,NS
2025-04-30,2025-08-05,66,beta1,-0.0008346182188593426,-0.005749028972122402,-0.006583647190981745,-0.0008787511406120607,-0.005704896050369684,NS_RIDGE,NS
2025-04-30,2025-08-05,66,beta2,-0.03674621111387956,0.0031206161290046625,-0.0336255949848749,-0.03349069662456766,-0.0001348983603072368,NS_RIDGE,NS
2025-04-30,2025-08-05,66,beta0,0.04704045164984337,-1.2528053986247155e-05,0.04702792359585713,0.046880788593485184,0.00014713500237194255,NS_ELASTICNET,NS
2025-04-30,2025-08-05,66,beta1,-0.0008346182188593426,0.00032112042062167165,-0.000513497798237671,-0.0008787511406120607,0.00036525334237438975,NS_ELASTICNET,NS
2025-04-30,2025-08-05,66,beta2,-0.03674621111387956,-5.495714216272137e-05,-0.03680116825604228,-0.03349069662456766,-0.003310471631474618,NS_ELASTICNET,NS
2025-04-30,2025-08-05,66,PC1,0.05086373321134106,-0.011261739168241094,0.03960199404309996,0.052133848525174956,-0.012531854482074993,PCA_RIDGE,PCA
2025-04-30,2025-08-05,66,PC2,-0.0025329156314710904,0.0021118034610892907,-0.0004211121703817998,-0.0020259393824467245,0.0016048272120649247,PCA_RIDGE,PCA
2025-04-30,2025-08-05,66,PC3,0.006011898621650382,-0.000905033252276821,0.005106865369373561,0.005429195331248629,-0.000322329961875068,PCA_RIDGE,PCA
2025-04-30,2025-08-05,66,PC1,0.05086373321134106,-0.008738482735586181,0.042125250475754876,0.052133848525174956,-0.01000859804942008,PCA_RIDGE_VAR,PCA
2025-04-30,2025-08-05,66,PC2,-0.0025329156314710904,0.0016621795540606012,-0.0008707360774104893,-0.0020259393824467245,0.0011552033050362352,PCA_RIDGE_VAR,PCA
2025-04-30,2025-08-05,66,PC3,0.006011898621650382,-0.001380489216777257,0.004631409404873125,0.005429195331248629,-0.0007977859263755037,PCA_RIDGE_VAR,PCA
2025-04-30,2025-11-07,132,beta0,0.04704045164984337,0.002458427563544756,0.04949887921338813,0.04521747055135875,0.004281408662029376,NS_RIDGE,NS
2025-04-30,2025-11-07,132,beta1,-0.0008346182188593426,-0.009553267575900045,-0.010387885794759388,-0.004522720361648799,-0.005865165433110589,NS_RIDGE,NS
2025-04-30,2025-11-07,132,beta2,-0.03674621111387956,-4.098325165528951e-05,-0.03678719436553485,-0.026135872942202105,-0.010651321423332742,NS_RIDGE,NS
2025-04-30,2025-11-07,132,beta0,0.04704045164984337,-3.135978995424085e-06,0.04703731567084795,0.04521747055135875,0.0018198451194891968,NS_ELASTICNET,NS
2025-04-30,2025-11-07,132,beta1,-0.0008346182188593426,0.0005759752384101986,-0.00025864298044914397,-0.004522720361648799,0.004264077381199655,NS_ELASTICNET,NS
2025-04-30,2025-11-07,132,beta2,-0.03674621111387956,-0.00023955160734533235,-0.03698576272122489,-0.026135872942202105,-0.010849889779022785,NS_ELASTICNET,NS
2025-04-30,2025-11-07,132,PC1,0.05086373321134106,-0.022305290490333734,0.028558442721007323,0.0457712840494478,-0.01721284132844048,PCA_RIDGE,PCA
2025-04-30,2025-11-07,132,PC2,-0.0025329156314710904,0.004872479298718519,0.002339563667247429,-0.0001062125873527997,0.0024457762546002287,PCA_RIDGE,PCA
2025-04-30,2025-11-07,132,PC3,0.006011898621650382,-0.0016823101639488953,0.004329588457701487,0.003444084725304013,0.0008855037323974736,PCA_RIDGE,PCA
2025-04-30,2025-11-07,132,PC1,0.05086373321134106,-0.015580634992287304,0.03528309821905375,0.0457712840494478,-0.01048818583039405,PCA_RIDGE_VAR,PCA
2025-04-30,2025-11-07,132,PC2,-0.0025329156314710904,0.0026271788006839818,9.426316921289134e-05,-0.0001062125873527997,0.00020047575656569104,PCA_RIDGE_VAR,PCA
2025-04-30,2025-11-07,132,PC3,0.006011898621650382,-0.0023461054583965297,0.0036657931632538524,0.003444084725304013,0.0002217084379498393,PCA_RIDGE_VAR,PCA
2025-04-30,2026-05-04,252,beta0,0.04704045164984337,0.0033897652791549417,0.05043021692899831,0.04665661727304918,0.003773599655949131,NS_RIDGE,NS
2025-04-30,2026-05-04,252,beta1,-0.0008346182188593426,-0.021157876398557367,-0.02199249461741671,-0.0094271325879246,-0.01256536202949211,NS_RIDGE,NS
2025-04-30,2026-05-04,252,beta2,-0.03674621111387956,-0.004259685537703601,-0.04100589665158316,-0.009066779972061472,-0.03193911667952169,NS_RIDGE,NS
2025-04-30,2026-05-04,252,beta0,0.04704045164984337,-0.0011509070044237561,0.04588954464541961,0.04665661727304918,-0.000767072627629567,NS_ELASTICNET,NS
2025-04-30,2026-05-04,252,beta1,-0.0008346182188593426,-0.010012452433791522,-0.010847070652650864,-0.0094271325879246,-0.001419938064726265,NS_ELASTICNET,NS
2025-04-30,2026-05-04,252,beta2,-0.03674621111387956,-0.003777500209859568,-0.04052371132373913,-0.009066779972061472,-0.03145693135167766,NS_ELASTICNET,NS
2025-04-30,2026-05-04,252,PC1,0.05086373321134106,-0.03961424233343491,0.011249490877906144,0.051300190955325495,-0.04005070007741935,PCA_RIDGE,PCA
2025-04-30,2026-05-04,252,PC2,-0.0025329156314710904,0.010758276452875712,0.00822536082140462,0.006035857298396757,0.0021895035230078633,PCA_RIDGE,PCA
2025-04-30,2026-05-04,252,PC3,0.006011898621650382,-0.00266059965573526,0.003351298965915122,-0.0003568834602312391,0.0037081824261463612,PCA_RIDGE,PCA
2025-04-30,2026-05-04,252,PC1,0.05086373321134106,-0.024767963179252284,0.026095770032088773,0.051300190955325495,-0.02520442092323672,PCA_RIDGE_VAR,PCA
2025-04-30,2026-05-04,252,PC2,-0.0025329156314710904,0.0033814983211643253,0.0008485826896932349,0.006035857298396757,-0.005187274608703522,PCA_RIDGE_VAR,PCA
2025-04-30,2026-05-04,252,PC3,0.006011898621650382,-0.003466881645572354,0.002545016976078028,-0.0003568834602312391,0.002901900436309267,PCA_RIDGE_VAR,PCA
2025-05-30,2025-06-06,5,beta0,0.04816234164038072,-0.00014444259242500548,0.04801789904795571,0.048963691170191316,-0.0009457921222356044,NS_RIDGE,NS
2025-05-30,2025-06-06,5,beta1,-0.0016458685543031763,-0.00019230590402378827,-0.0018381744583269646,-0.0029223475710511114,0.0010841731127241468,NS_RIDGE,NS
2025-05-30,2025-06-06,5,beta2,-0.02914490525759227,0.0006503433054536506,-0.02849456195213862,-0.025201999561479494,-0.0032925623906591255,NS_RIDGE,NS
2025-05-30,2025-06-06,5,beta0,0.04816234164038072,1.6341507781215096e-08,0.0481623579818885,0.048963691170191316,-0.0008013331883028191,NS_ELASTICNET,NS
2025-05-30,2025-06-06,5,beta1,-0.0016458685543031763,2.809350162904868e-05,-0.0016177750526741275,-0.0029223475710511114,0.0013045725183769839,NS_ELASTICNET,NS
2025-05-30,2025-06-06,5,beta2,-0.02914490525759227,-7.368302472052104e-06,-0.02915227356006432,-0.025201999561479494,-0.003950273998584827,NS_ELASTICNET,NS
2025-05-30,2025-06-06,5,PC1,0.056612462470678866,-0.00042321405577851304,0.056189248414900354,0.05894876619929645,-0.0027595177843960927,PCA_RIDGE,PCA
2025-05-30,2025-06-06,5,PC2,-0.00012013044457056901,0.00010195543985451992,-1.8175004716049093e-05,0.0016497905320996785,-0.0016679655368157275,PCA_RIDGE,PCA
2025-05-30,2025-06-06,5,PC3,0.00450860361759904,-0.00014606855985453696,0.0043625350577445035,0.003651035048747607,0.0007115000089968964,PCA_RIDGE,PCA
2025-05-30,2025-06-06,5,PC1,0.056612462470678866,-0.0005519942512322781,0.05606046821944659,0.05894876619929645,-0.002888297979849859,PCA_RIDGE_VAR,PCA
2025-05-30,2025-06-06,5,PC2,-0.00012013044457056901,6.83942570490334e-05,-5.173618752153562e-05,0.0016497905320996785,-0.001701526719621214,PCA_RIDGE_VAR,PCA
2025-05-30,2025-06-06,5,PC3,0.00450860361759904,-6.814881828116817e-05,0.004440454799317872,0.003651035048747607,0.0007894197505702652,PCA_RIDGE_VAR,PCA
2025-05-30,2025-06-13,10,beta0,0.04816234164038072,-0.00016263280730621993,0.0479997088330745,0.04820846456113006,-0.00020875572805555825,NS_RIDGE,NS
2025-05-30,2025-06-13,10,beta1,-0.0016458685543031763,-0.0004296844331133748,-0.002075552987416551,-0.001661983468180979,-0.000413569519235572,NS_RIDGE,NS
2025-05-30,2025-06-13,10,beta2,-0.02914490525759227,0.0003583018527542756,-0.028786603404837994,-0.028156045294445643,-0.0006305581103923513,NS_RIDGE,NS
2025-05-30,2025-06-13,10,beta0,0.04816234164038072,1.4736671875539746e-06,0.048163815307568275,0.04820846456113006,-4.464925356178345e-05,NS_ELASTICNET,NS
2025-05-30,2025-06-13,10,beta1,-0.0016458685543031763,5.3552097321506876e-05,-0.0015923164569816694,-0.001661983468180979,6.966701119930953e-05,NS_ELASTICNET,NS
2025-05-30,2025-06-13,10,beta2,-0.02914490525759227,-1.2523929992409693e-05,-0.02915742918758468,-0.028156045294445643,-0.0010013838931390365,NS_ELASTICNET,NS
2025-05-30,2025-06-13,10,PC1,0.056612462470678866,-0.0010677828247961888,0.05554467964588268,0.0572498468217895,-0.0017051671759068174,PCA_RIDGE,PCA
2025-05-30,2025-06-13,10,PC2,-0.00012013044457056901,0.00012603910672741298,5.908662156843962e-06,9.82293012579509e-05,-9.232063910110694e-05,PCA_RIDGE,PCA
2025-05-30,2025-06-13,10,PC3,0.00450860361759904,-0.00011170029063692276,0.004396903326962118,0.004342307870376504,5.45954565856141e-05,PCA_RIDGE,PCA
2025-05-30,2025-06-13,10,PC1,0.056612462470678866,-0.0010958380184640792,0.05551662445221479,0.0572498468217895,-0.0017332223695747107,PCA_RIDGE_VAR,PCA
2025-05-30,2025-06-13,10,PC2,-0.00012013044457056901,0.0001338721816518493,1.3741737081280278e-05,9.82293012579509e-05,-8.448756417667062e-05,PCA_RIDGE_VAR,PCA
2025-05-30,2025-06-13,10,PC3,0.00450860361759904,-0.00013455253266951052,0.00437405108492953,0.004342307870376504,3.174321455302626e-05,PCA_RIDGE_VAR,PCA
2025-05-30,2025-07-02,22,beta0,0.04816234164038072,-0.0002650050212854972,0.04789733661909522,0.047647149865204325,0.0002501867538908936,NS_RIDGE,NS
2025-05-30,2025-07-02,22,beta1,-0.0016458685543031763,-0.0010385312551779136,-0.00268439980948109,-0.0008951189886639271,-0.0017892808208171628,NS_RIDGE,NS
2025-05-30,2025-07-02,22,beta2,-0.02914490525759227,0.0007715977109704598,-0.02837330754662181,-0.03272518424800119,0.004351876701379383,NS_RIDGE,NS
2025-05-30,2025-07-02,22,beta0,0.04816234164038072,1.6692835128700148e-06,0.04816401092389359,0.047647149865204325,0.0005168610586892622,NS_ELASTICNET,NS
2025-05-30,2025-07-02,22,beta1,-0.0016458685543031763,0.0001144613068472464,-0.00153140724745593,-0.0008951189886639271,-0.0006362882587920028,NS_ELASTICNET,NS
2025-05-30,2025-07-02,22,beta2,-0.02914490525759227,-2.8899898556524372e-05,-0.029173805156148792,-0.03272518424800119,0.003551379091852401,NS_ELASTICNET,NS
2025-05-30,2025-07-02,22,PC1,0.056612462470678866,-0.00229414934988279,0.054318313120796075,0.054417983333366345,-9.967021257027003e-05,PCA_RIDGE,PCA
2025-05-30,2025-07-02,22,PC2,-0.00012013044457056901,0.00036787053219064405,0.000247740087620075,-0.0014125818406347974,0.0016603219282548725,PCA_RIDGE,PCA
2025-05-30,2025-07-02,22,PC3,0.00450860361759904,-0.00025417574861117764,0.004254427868987862,0.0052546973773932755,-0.001000269508405413,PCA_RIDGE,PCA
2025-05-30,2025-07-02,22,PC1,0.056612462470678866,-0.002368958806299566,0.0542435036643793,0.054417983333366345,-0.00017447966898704453,PCA_RIDGE_VAR,PCA
2025-05-30,2025-07-02,22,PC2,-0.00012013044457056901,0.0002797358622127784,0.0001596054176422094,-0.0014125818406347974,0.0015721872582770068,PCA_RIDGE_VAR,PCA
2025-05-30,2025-07-02,22,PC3,0.00450860361759904,-0.0002871352075437166,0.004221468410055324,0.0052546973773932755,-0.0010332289673379517,PCA_RIDGE_VAR,PCA
2025-05-30,2025-08-04,44,beta0,0.04816234164038072,-0.0004216392657549951,0.04774070237462572,0.047141506216681596,0.0005991961579441263,NS_RIDGE,NS
2025-05-30,2025-08-04,44,beta1,-0.0016458685543031763,-0.0018497208178675064,-0.0034955893721706826,-0.0012398856276370704,-0.0022557037445336122,NS_RIDGE,NS
2025-05-30,2025-08-04,44,beta2,-0.02914490525759227,0.00011042721557384203,-0.029034478042018426,-0.034723348428707675,0.005688870386689249,NS_RIDGE,NS
2025-05-30,2025-08-04,44,beta0,0.04816234164038072,-2.239251696374951e-06,0.048160102388684345,0.047141506216681596,0.001018596172002749,NS_ELASTICNET,NS
2025-05-30,2025-08-04,44,beta1,-0.0016458685543031763,0.0002215549010723108,-0.0014243136532308654,-0.0012398856276370704,-0.00018442802559379503,NS_ELASTICNET,NS
2025-05-30,2025-08-04,44,beta2,-0.02914490525759227,-8.58365369842863e-05,-0.029230741794576555,-0.034723348428707675,0.00549260663413112,NS_ELASTICNET,NS
2025-05-30,2025-08-04,44,PC1,0.056612462470678866,-0.004717146922484917,0.051895315548193946,0.05137269468934962,0.0005226208588443235,PCA_RIDGE,PCA
2025-05-30,2025-08-04,44,PC2,-0.00012013044457056901,0.0004894035882332248,0.0003692731436626558,-0.0019357299161915816,0.0023050030598542374,PCA_RIDGE,PCA
2025-05-30,2025-08-04,44,PC3,0.00450860361759904,-0.0001561554973367337,0.004352448120262307,0.005559816377479494,-0.0012073682572171871,PCA_RIDGE,PCA
2025-05-30,2025-08-04,44,PC1,0.056612462470678866,-0.004592267218559737,0.05202019525211913,0.05137269468934962,0.0006475005627695068,PCA_RIDGE_VAR,PCA
2025-05-30,2025-08-04,44,PC2,-0.00012013044457056901,0.0005094817469722242,0.00038935130240165517,-0.0019357299161915816,0.002325081218593237,PCA_RIDGE_VAR,PCA
2025-05-30,2025-08-04,44,PC3,0.00450860361759904,-0.0005439972379684454,0.003964606379630595,0.005559816377479494,-0.0015952099978488992,PCA_RIDGE_VAR,PCA
2025-05-30,2025-09-04,66,beta0,0.04816234164038072,0.0007705637587517288,0.04893290539913245,0.04632585966738019,0.0026070457317522583,NS_RIDGE,NS
2025-05-30,2025-09-04,66,beta1,-0.0016458685543031763,-0.004291952659167024,-0.0059378212134702,-0.0024991131170401804,-0.0034387080964300197,NS_RIDGE,NS
2025-05-30,2025-09-04,66,beta2,-0.02914490525759227,6.60473351693909e-06,-0.02913830052407533,-0.03303050885389849,0.003892208329823156,NS_RIDGE,NS
2025-05-30,2025-09-04,66,beta0,0.04816234164038072,-7.023874372928773e-06,0.04815531776600779,0.04632585966738019,0.0018294580986275982,NS_ELASTICNET,NS
2025-05-30,2025-09-04,66,beta1,-0.0016458685543031763,0.00032337775637112927,-0.001322490797932047,-0.0024991131170401804,0.0011766223191081334,NS_ELASTICNET,NS
2025-05-30,2025-09-04,66,beta2,-0.02914490525759227,-0.00012443138133189064,-0.02926933663892416,-0.03303050885389849,0.0037611722149743267,NS_ELASTICNET,NS
2025-05-30,2025-09-04,66,PC1,0.056612462470678866,-0.006971917949527657,0.04964054452115121,0.048042336102965065,0.0015982084181861422,PCA_RIDGE,PCA
2025-05-30,2025-09-04,66,PC2,-0.00012013044457056901,0.0009087558900505731,0.0007886254454800041,-0.0015869813481960565,0.0023756067936760604,PCA_RIDGE,PCA
2025-05-30,2025-09-04,66,PC3,0.00450860361759904,-0.00032710564876973515,0.004181497968829305,0.005063400676089822,-0.000881902707260517,PCA_RIDGE,PCA
2025-05-30,2025-09-04,66,PC1,0.056612462470678866,-0.00668402188424138,0.049928440586437486,0.048042336102965065,0.0018861044834724214,PCA_RIDGE_VAR,PCA
2025-05-30,2025-09-04,66,PC2,-0.00012013044457056901,0.000696655217650645,0.000576524773080076,-0.0015869813481960565,0.0021635061212761323,PCA_RIDGE_VAR,PCA
2025-05-30,2025-09-04,66,PC3,0.00450860361759904,-0.0007746193765087424,0.003733984241090298,0.005063400676089822,-0.0013294164349995242,PCA_RIDGE_VAR,PCA
2025-05-30,2025-12-10,132,beta0,0.04816234164038072,-0.0015281064890525066,0.04663423515132821,0.045147797353879096,0.0014864377974491139,NS_RIDGE,NS
2025-05-30,2025-12-10,132,beta1,-0.0016458685543031763,-0.006019204119627589,-0.0076650726739307656,-0.006819487848454273,-0.0008455848254764926,NS_RIDGE,NS
2025-05-30,2025-12-10,132,beta2,-0.02914490525759227,0.0003084830562061737,-0.028836422201386096,-0.021642412466719847,-0.007194009734666249,NS_RIDGE,NS
2025-05-30,2025-12-10,132,beta0,0.04816234164038072,9.234281848089005e-06,0.04817157592222881,0.045147797353879096,0.0030237785683497123,NS_ELASTICNET,NS
2025-05-30,2025-12-10,132,beta1,-0.0016458685543031763,0.000554456473602067,-0.0010914120807011094,-0.006819487848454273,0.005728075767753164,NS_ELASTICNET,NS
2025-05-30,2025-12-10,132,beta2,-0.02914490525759227,-0.0002802359860715453,-0.029425141243663813,-0.021642412466719847,-0.007782728776943967,NS_ELASTICNET,NS
2025-05-30,2025-12-10,132,PC1,0.056612462470678866,-0.015379008305367812,0.04123345416531105,0.044160867200209085,-0.0029274130348980326,PCA_RIDGE,PCA
2025-05-30,2025-12-10,132,PC2,-0.00012013044457056901,0.0018313489979175843,0.0017112185533470154,0.0016760047804709188,3.521377287609654e-05,PCA_RIDGE,PCA
2025-05-30,2025-12-10,132,PC3,0.00450860361759904,-0.0007892985469021992,0.003719305070696841,0.0022277570903224166,0.0014915479803744246,PCA_RIDGE,PCA
2025-05-30,2025-12-10,132,PC1,0.056612462470678866,-0.01228508851171485,0.044327373958964016,0.044160867200209085,0.0001665067587549307,PCA_RIDGE_VAR,PCA
2025-05-30,2025-12-10,132,PC2,-0.00012013044457056901,0.0010617071533099711,0.0009415767087394021,0.0016760047804709188,-0.0007344280717315167,PCA_RIDGE_VAR,PCA
2025-05-30,2025-12-10,132,PC3,0.00450860361759904,-0.001341235190231385,0.0031673684273676554,0.0022277570903224166,0.0009396113370452389,PCA_RIDGE_VAR,PCA
2025-05-30,2026-06-03,252,beta0,0.04816234164038072,0.0007383230594945416,0.04890066469987526,0.04646500940432466,0.0024356552955505997,NS_RIDGE,NS
2025-05-30,2026-06-03,252,beta1,-0.0016458685543031763,-0.019725271188211744,-0.021371139742514922,-0.009297046731554948,-0.012074093010959974,NS_RIDGE,NS
2025-05-30,2026-06-03,252,beta2,-0.02914490525759227,-0.004525464050504179,-0.03367036930809645,-0.0041186471867021264,-0.029551722121394324,NS_RIDGE,NS
2025-05-30,2026-06-03,252,beta0,0.04816234164038072,-0.0021539212132744134,0.0460084204271063,0.04646500940432466,-0.0004565889772183557,NS_ELASTICNET,NS
2025-05-30,2026-06-03,252,beta1,-0.0016458685543031763,-0.007253433048469534,-0.00889930160277271,-0.009297046731554948,0.00039774512878223804,NS_ELASTICNET,NS
2025-05-30,2026-06-03,252,beta2,-0.02914490525759227,-0.0028192169016977254,-0.031964122159289995,-0.0041186471867021264,-0.02784547497258787,NS_ELASTICNET,NS
2025-05-30,2026-06-03,252,PC1,0.056612462470678866,-0.03097846449739563,0.025633997973283237,0.053458420321704093,-0.027824422348420856,PCA_RIDGE,PCA
2025-05-30,2026-06-03,252,PC2,-0.00012013044457056901,0.008275900413673857,0.008155769969103287,0.006761603022432429,0.0013941669466708585,PCA_RIDGE,PCA
2025-05-30,2026-06-03,252,PC3,0.00450860361759904,-0.0015405474864073681,0.0029680561311916723,-0.0013202955211831617,0.004288351652374834,PCA_RIDGE,PCA
2025-05-30,2026-06-03,252,PC1,0.056612462470678866,-0.020479407369345372,0.036133055101333494,0.053458420321704093,-0.0173253652203706,PCA_RIDGE_VAR,PCA
2025-05-30,2026-06-03,252,PC2,-0.00012013044457056901,0.0012616924634695568,0.0011415620188989879,0.006761603022432429,-0.005620041003533441,PCA_RIDGE_VAR,PCA
2025-05-30,2026-06-03,252,PC3,0.00450860361759904,-0.002050533726828159,0.0024580698907708813,-0.0013202955211831617,0.003778365411954043,PCA_RIDGE_VAR,PCA
2025-06-30,2025-07-08,5,beta0,0.04719858407493448,-6.364098924575135e-05,0.047134943085688726,0.048516357076801485,-0.0013814139911127593,NS_RIDGE,NS
2025-06-30,2025-07-08,5,beta1,-5.454952607074001e-05,-0.0004465625643289091,-0.0005011120903996491,-0.0016503588840871622,0.001149246793687513,NS_RIDGE,NS
2025-06-30,2025-07-08,5,beta2,-0.03507046649427293,0.0003197754782934263,-0.0347506910159795,-0.030391150514616008,-0.004359540501363494,NS_RIDGE,NS
2025-06-30,2025-07-08,5,beta0,0.04719858407493448,-7.724098939606106e-07,0.047197811665040515,0.048516357076801485,-0.00131854541176097,NS_ELASTICNET,NS
2025-06-30,2025-07-08,5,beta1,-5.454952607074001e-05,2.934137172599084e-05,-2.5208154344749173e-05,-0.0016503588840871622,0.001625150729742413,NS_ELASTICNET,NS
2025-06-30,2025-07-08,5,beta2,-0.03507046649427293,-1.4236774825759003e-05,-0.03508470326909869,-0.030391150514616008,-0.004693552754482681,NS_ELASTICNET,NS
2025-06-30,2025-07-08,5,PC1,0.05301952142129008,-0.00048619466184754944,0.05253332675944253,0.05668303918677158,-0.004149712427329054,PCA_RIDGE,PCA
2025-06-30,2025-07-08,5,PC2,-0.0024802615397040333,0.00022584929842903555,-0.0022544122412749977,-0.00012588799200853248,-0.0021285242492664652,PCA_RIDGE,PCA
2025-06-30,2025-07-08,5,PC3,0.005743267823024093,-0.00011858692521210541,0.005624680897811988,0.004726846003218358,0.0008978348945936302,PCA_RIDGE,PCA
2025-06-30,2025-07-08,5,PC1,0.05301952142129008,-0.0006882906023247468,0.05233123081896533,0.05668303918677158,-0.004351808367806249,PCA_RIDGE_VAR,PCA
2025-06-30,2025-07-08,5,PC2,-0.0024802615397040333,0.00014821161982342835,-0.002332049919880605,-0.00012588799200853248,-0.0022061619278720725,PCA_RIDGE_VAR,PCA
2025-06-30,2025-07-08,5,PC3,0.005743267823024093,-0.00011394623885287343,0.00562932158417122,0.004726846003218358,0.000902475580952862,PCA_RIDGE_VAR,PCA
2025-06-30,2025-07-15,10,beta0,0.04719858407493448,-0.00016606564794987918,0.047032518426984596,0.04937713759107044,-0.0023446191640858413,NS_RIDGE,NS
2025-06-30,2025-07-15,10,beta1,-5.454952607074001e-05,-0.0007779533590039352,-0.0008325028850746752,-0.0027692381984255696,0.0019367353133508945,NS_RIDGE,NS
2025-06-30,2025-07-15,10,beta2,-0.03507046649427293,0.0005238317008252286,-0.0345466347934477,-0.029683706643214503,-0.0048629281502332,NS_RIDGE,NS
2025-06-30,2025-07-15,10,beta0,0.04719858407493448,-3.8364544403568567e-07,0.04719820042949044,0.04937713759107044,-0.0021789371615799982,NS_ELASTICNET,NS
2025-06-30,2025-07-15,10,beta1,-5.454952607074001e-05,5.6204377359347674e-05,1.6548512886076618e-06,-0.0027692381984255696,0.002770893049714177,NS_ELASTICNET,NS
2025-06-30,2025-07-15,10,beta2,-0.03507046649427293,-2.120828274845274e-05,-0.03509167477702138,-0.029683706643214503,-0.005407968133806878,NS_ELASTICNET,NS
2025-06-30,2025-07-15,10,PC1,0.05301952142129008,-0.0010007236748344464,0.05201879774645563,0.05766459330190101,-0.005645795555445379,PCA_RIDGE,PCA
2025-06-30,2025-07-15,10,PC2,-0.0024802615397040333,0.0003728401190630467,-0.0021074214206409864,0.0010170398428326378,-0.0031244612634736242,PCA_RIDGE,PCA
2025-06-30,2025-07-15,10,PC3,0.005743267823024093,-0.00020651171186998225,0.0055367561111541105,0.004487702032631371,0.0010490540785227393,PCA_RIDGE,PCA
2025-06-30,2025-07-15,10,PC1,0.05301952142129008,-0.0013633327842277262,0.05165618863706235,0.05766459330190101,-0.006008404664838658,PCA_RIDGE_VAR,PCA
2025-06-30,2025-07-15,10,PC2,-0.0024802615397040333,0.00029076782847653644,-0.002189493711227497,0.0010170398428326378,-0.0032065335540601347,PCA_RIDGE_VAR,PCA
2025-06-30,2025-07-15,10,PC3,0.005743267823024093,-0.00022465161567777024,0.005518616207346323,0.004487702032631371,0.0010309141747149517,PCA_RIDGE_VAR,PCA
2025-06-30,2025-07-31,22,beta0,0.04719858407493448,-0.0006016912235002964,0.04659689285143418,0.04727695893684446,-0.0006800660854102761,NS_RIDGE,NS
2025-06-30,2025-07-31,22,beta1,-5.454952607074001e-05,-0.0014415722083457852,-0.0014961217344165252,-0.0009111985927476567,-0.0005849231416688685,NS_RIDGE,NS
2025-06-30,2025-07-31,22,beta2,-0.03507046649427293,0.0014623588570449816,-0.03360810763722795,-0.02676608375347714,-0.006842023883750808,NS_RIDGE,NS
2025-06-30,2025-07-31,22,beta0,0.04719858407493448,8.311829967710797e-07,0.04719941525793125,0.04727695893684446,-7.754367891320973e-05,NS_ELASTICNET,NS
2025-06-30,2025-07-31,22,beta1,-5.454952607074001e-05,0.00011723732746375535,6.268780139301533e-05,-0.0009111985927476567,0.0009738863941406721,NS_ELASTICNET,NS
2025-06-30,2025-07-31,22,beta2,-0.03507046649427293,-3.564973901263973e-05,-0.03510611623328557,-0.02676608375347714,-0.00834003247980843,NS_ELASTICNET,NS
2025-06-30,2025-07-31,22,PC1,0.05301952142129008,-0.0023871680945762343,0.05063235332671384,0.05642335504298041,-0.005791001716266571,PCA_RIDGE,PCA
2025-06-30,2025-07-31,22,PC2,-0.0024802615397040333,0.0006033576254639301,-0.0018769039142401032,-0.0005482315768091488,-0.0013286723374309544,PCA_RIDGE,PCA
2025-06-30,2025-07-31,22,PC3,0.005743267823024093,-0.0004015275388171571,0.005341740284206936,0.004092456728328581,0.001249283555878355,PCA_RIDGE,PCA
2025-06-30,2025-07-31,22,PC1,0.05301952142129008,-0.0029315070989058417,0.05008801432238424,0.05642335504298041,-0.006335340720596175,PCA_RIDGE_VAR,PCA
2025-06-30,2025-07-31,22,PC2,-0.0024802615397040333,0.000610989274750196,-0.0018692722649538372,-0.0005482315768091488,-0.0013210406881446885,PCA_RIDGE_VAR,PCA
2025-06-30,2025-07-31,22,PC3,0.005743267823024093,-0.00047774669018174794,0.005265521132842345,0.004092456728328581,0.0011730644045137642,PCA_RIDGE_VAR,PCA
2025-06-30,2025-09-02,44,beta0,0.04719858407493448,-0.0009618798092713427,0.046236704265663134,0.04762015793241919,-0.001383453666756053,NS_RIDGE,NS
2025-06-30,2025-09-02,44,beta1,-5.454952607074001e-05,-0.0026170703482182,-0.00267161987428894,-0.0034088179336139723,0.0007371980593250324,NS_RIDGE,NS
2025-06-30,2025-09-02,44,beta2,-0.03507046649427293,0.0011650181184603055,-0.03390544837581262,-0.03333413868571076,-0.0005713096901018636,NS_RIDGE,NS
2025-06-30,2025-09-02,44,beta0,0.04719858407493448,1.4529806672031674e-06,0.04720003705560168,0.04762015793241919,-0.00042012087681750354,NS_ELASTICNET,NS
2025-06-30,2025-09-02,44,beta1,-5.454952607074001e-05,0.00022189117305669516,0.00016734164698595515,-0.0034088179336139723,0.0035761595805999273,NS_ELASTICNET,NS
2025-06-30,2025-09-02,44,beta2,-0.03507046649427293,-9.318651923194295e-05,-0.035163653013504874,-0.03333413868571076,-0.0018295143277941156,NS_ELASTICNET,NS
2025-06-30,2025-09-02,44,PC1,0.05301952142129008,-0.005121481708385977,0.0478980397129041,0.049787636194864655,-0.0018895964819605551,PCA_RIDGE,PCA
2025-06-30,2025-09-02,44,PC2,-0.0024802615397040333,0.0008811935126523561,-0.0015990680270516772,-0.00045215039762169437,-0.0011469176294299829,PCA_RIDGE,PCA
2025-06-30,2025-09-02,44,PC3,0.005743267823024093,-0.00030823535027744525,0.005435032472746648,0.005022722386329696,0.00041231008641695165,PCA_RIDGE,PCA
2025-06-30,2025-09-02,44,PC1,0.05301952142129008,-0.005628969596141835,0.047390551825148244,0.049787636194864655,-0.002397084369716411,PCA_RIDGE_VAR,PCA
2025-06-30,2025-09-02,44,PC2,-0.0024802615397040333,0.0011247055128640216,-0.0013555560268400117,-0.00045215039762169437,-0.0009034056292183173,PCA_RIDGE_VAR,PCA
2025-06-30,2025-09-02,44,PC3,0.005743267823024093,-0.0008993302896302445,0.004843937533393849,0.005022722386329696,-0.00017878485293584736,PCA_RIDGE_VAR,PCA
2025-06-30,2025-10-02,66,beta0,0.04719858407493448,-0.001209480660271096,0.04598910341466338,0.045533163408157495,0.000455940006505888,NS_RIDGE,NS
2025-06-30,2025-10-02,66,beta1,-5.454952607074001e-05,-0.004194471748385639,-0.004249021274456379,-0.0038017642300972633,-0.0004472570443591157,NS_RIDGE,NS
2025-06-30,2025-10-02,66,beta2,-0.03507046649427293,0.001680712104039912,-0.03338975439023302,-0.02886438524862236,-0.0045253691416106585,NS_RIDGE,NS
2025-06-30,2025-10-02,66,beta0,0.04719858407493448,3.0790575634888818e-06,0.04720166313249797,0.045533163408157495,0.0016684997243404734,NS_ELASTICNET,NS
2025-06-30,2025-10-02,66,beta1,-5.454952607074001e-05,0.000318854133736241,0.00026430460766550096,-0.0038017642300972633,0.0040660688377627645,NS_ELASTICNET,NS
2025-06-30,2025-10-02,66,beta2,-0.03507046649427293,-0.00016786974380152565,-0.03523833623807446,-0.02886438524862236,-0.006373950989452096,NS_ELASTICNET,NS
2025-06-30,2025-10-02,66,PC1,0.05301952142129008,-0.007793659203062745,0.04522586221822733,0.045850113401472666,-0.0006242511832453349,PCA_RIDGE,PCA
2025-06-30,2025-10-02,66,PC2,-0.0024802615397040333,0.0015299506875107503,-0.000950310852193283,-0.0007259144229566812,-0.00022439642923660174,PCA_RIDGE,PCA
2025-06-30,2025-10-02,66,PC3,0.005743267823024093,-0.0005596114605832573,0.005183656362440836,0.0039885748079314266,0.0011950815545094095,PCA_RIDGE,PCA
2025-06-30,2025-10-02,66,PC1,0.05301952142129008,-0.00811838676440764,0.04490113465688244,0.045850113401472666,-0.0009489787445902259,PCA_RIDGE_VAR,PCA
2025-06-30,2025-10-02,66,PC2,-0.0024802615397040333,0.0015551877128260239,-0.0009250738268780094,-0.0007259144229566812,-0.0001991594039213282,PCA_RIDGE_VAR,PCA
2025-06-30,2025-10-02,66,PC3,0.005743267823024093,-0.0012723228272076776,0.004470944995816416,0.0039885748079314266,0.000482370187884989,PCA_RIDGE_VAR,PCA
2025-06-30,2026-01-09,132,beta0,0.04719858407493448,-0.0028576768679077318,0.04434090720702674,0.04568946614888543,-0.001348558941858688,NS_RIDGE,NS
2025-06-30,2026-01-09,132,beta1,-5.454952607074001e-05,-0.008329322536881041,-0.008383872062951781,-0.008475520770297212,9.164870734543022e-05,NS_RIDGE,NS
2025-06-30,2026-01-09,132,beta2,-0.03507046649427293,0.003313833083379504,-0.03175663341089342,-0.02057888886595854,-0.011177744544934882,NS_RIDGE,NS
2025-06-30,2026-01-09,132,beta0,0.04719858407493448,2.4945558983692998e-05,0.04722352963391817,0.04568946614888543,0.0015340634850327384,NS_ELASTICNET,NS
2025-06-30,2026-01-09,132,beta1,-5.454952607074001e-05,0.0005397508363665561,0.00048520131029581605,-0.008475520770297212,0.008960722080593028,NS_ELASTICNET,NS
2025-06-30,2026-01-09,132,beta2,-0.03507046649427293,-0.0003540395021823161,-0.03542450599645525,-0.02057888886595854,-0.014845617130496706,NS_ELASTICNET,NS
2025-06-30,2026-01-09,132,PC1,0.05301952142129008,-0.01680675605868136,0.036212765362608715,0.04338558168674945,-0.007172816324140734,PCA_RIDGE,PCA
2025-06-30,2026-01-09,132,PC2,-0.0024802615397040333,0.002841717502649024,0.0003614559629449908,0.002926503341728264,-0.0025650473787832734,PCA_RIDGE,PCA
2025-06-30,2026-01-09,132,PC3,0.005743267823024093,-0.0014521115129936066,0.0042911563100304865,0.0017937849109372715,0.002497371399093215,PCA_RIDGE,PCA
2025-06-30,2026-01-09,132,PC1,0.05301952142129008,-0.014549559073218088,0.03846996234807199,0.04338558168674945,-0.004915619338677457,PCA_RIDGE_VAR,PCA
2025-06-30,2026-01-09,132,PC2,-0.0024802615397040333,0.002459350835480515,-2.0910704223518328e-05,0.002926503341728264,-0.0029474140459517825,PCA_RIDGE_VAR,PCA
2025-06-30,2026-01-09,132,PC3,0.005743267823024093,-0.0021604032943578675,0.0035828645286662257,0.0017937849109372715,0.0017890796177289542,PCA_RIDGE_VAR,PCA
2025-07-31,2025-08-07,5,beta0,0.04727695893684446,0.00012508181247704393,0.0474020407493215,0.046933593640868576,0.00046844710845292403,NS_RIDGE,NS
2025-07-31,2025-08-07,5,beta1,-0.0009111985927476567,-0.00037218581333723196,-0.0012833844060848886,-0.001235759034275065,-4.762537180982374e-05,NS_RIDGE,NS
2025-07-31,2025-08-07,5,beta2,-0.02676608375347714,-0.0006513317849257232,-0.027417415538402864,-0.032528478959149336,0.005111063420746471,NS_RIDGE,NS
2025-07-31,2025-08-07,5,beta0,0.04727695893684446,-6.739735595172161e-07,0.04727628496328494,0.046933593640868576,0.0003426913224163636,NS_ELASTICNET,NS
2025-07-31,2025-08-07,5,beta1,-0.0009111985927476567,2.8806334740503645e-05,-0.000882392258007153,-0.001235759034275065,0.00035336677626791185,NS_ELASTICNET,NS
2025-07-31,2025-08-07,5,beta2,-0.02676608375347714,-8.476523977010159e-06,-0.026774560277454153,-0.032528478959149336,0.005753918681695183,NS_ELASTICNET,NS
2025-07-31,2025-08-07,5,PC1,0.05619002670290728,-0.0004955020312267484,0.05569452467168053,0.05156487705326076,0.004129647618419774,PCA_RIDGE,PCA
2025-07-31,2025-08-07,5,PC2,-0.0005442708716022704,0.00016543414879863842,-0.00037883672280363196,-0.0016611103791456042,0.001282273656341972,PCA_RIDGE,PCA
2025-07-31,2025-08-07,5,PC3,0.004041745758156801,9.714021147055375e-05,0.004138885969627354,0.005062980845152476,-0.0009240948755251215,PCA_RIDGE,PCA
2025-07-31,2025-08-07,5,PC1,0.05619002670290728,-0.00048368075961675167,0.055706345943290526,0.05156487705326076,0.0041414688900297675,PCA_RIDGE_VAR,PCA
2025-07-31,2025-08-07,5,PC2,-0.0005442708716022704,6.029430722617491e-05,-0.0004839765643760955,-0.0016611103791456042,0.0011771338147695087,PCA_RIDGE_VAR,PCA
2025-07-31,2025-08-07,5,PC3,0.004041745758156801,-5.749308280996249e-05,0.003984252675346838,0.005062980845152476,-0.0010787281698056376,PCA_RIDGE_VAR,PCA
2025-07-31,2025-08-14,10,beta0,0.04727695893684446,-5.004194638305553e-05,0.0472269169904614,0.0475557253406043,-0.00032880835014290066,NS_RIDGE,NS
2025-07-31,2025-08-14,10,beta1,-0.0009111985927476567,-0.00044059958364853615,-0.0013517981763961928,-0.002251644636521232,0.0008998464601250394,NS_RIDGE,NS
2025-07-31,2025-08-14,10,beta2,-0.02676608375347714,-0.00023837232494180075,-0.02700445607841894,-0.03220287574638183,0.005198419667962889,NS_RIDGE,NS
2025-07-31,2025-08-14,10,beta0,0.04727695893684446,1.279524722844284e-07,0.04727708688931674,0.0475557253406043,-0.0002786384512875606,NS_ELASTICNET,NS
2025-07-31,2025-08-14,10,beta1,-0.0009111985927476567,5.548717811654781e-05,-0.000855711414631109,-0.002251644636521232,0.0013959332218901233,NS_ELASTICNET,NS
2025-07-31,2025-08-14,10,beta2,-0.02676608375347714,-1.8174407709190782e-05,-0.026784258161186333,-0.03220287574638183,0.005418617585195497,NS_ELASTICNET,NS
2025-07-31,2025-08-14,10,PC1,0.05619002670290728,-0.0008784321320893852,0.05531159457081789,0.051842112027305244,0.0034694825435126475,PCA_RIDGE,PCA
2025-07-31,2025-08-14,10,PC2,-0.0005442708716022704,0.00013534754409436913,-0.0004089233275079013,-0.0007801901591774803,0.000371266831669579,PCA_RIDGE,PCA
2025-07-31,2025-08-14,10,PC3,0.004041745758156801,6.723442342161081e-06,0.004048469200498962,0.004900866039494018,-0.0008523968389950558,PCA_RIDGE,PCA
2025-07-31,2025-08-14,10,PC1,0.05619002670290728,-0.0009606305744148599,0.05522939612849242,0.051842112027305244,0.003387284101187174,PCA_RIDGE_VAR,PCA
2025-07-31,2025-08-14,10,PC2,-0.0005442708716022704,0.00011810735277680793,-0.0004261635188254625,-0.0007801901591774803,0.0003540266403520178,PCA_RIDGE_VAR,PCA
2025-07-31,2025-08-14,10,PC3,0.004041745758156801,-0.00011351402429591716,0.003928231733860883,0.004900866039494018,-0.0009726343056331343,PCA_RIDGE_VAR,PCA
2025-07-31,2025-09-02,22,beta0,0.04727695893684446,-0.00010547128504478256,0.047171487651799675,0.04762015793241919,-0.000448670280619512,NS_RIDGE,NS
2025-07-31,2025-09-02,22,beta1,-0.0009111985927476567,-0.0009076834208739462,-0.001818882013621603,-0.0034088179336139723,0.0015899359199923694,NS_RIDGE,NS
2025-07-31,2025-09-02,22,beta2,-0.02676608375347714,-0.00016608378285286644,-0.026932167536330008,-0.03333413868571076,0.00640197114938075,NS_RIDGE,NS
2025-07-31,2025-09-02,22,beta0,0.04727695893684446,1.0513051554123303e-06,0.04727801024199987,0.04762015793241919,-0.0003421476904193199,NS_ELASTICNET,NS
2025-07-31,2025-09-02,22,beta1,-0.0009111985927476567,0.00011706635442020868,-0.0007941322383274481,-0.0034088179336139723,0.0026146856952865244,NS_ELASTICNET,NS
2025-07-31,2025-09-02,22,beta2,-0.02676608375347714,-3.827859549226542e-05,-0.026804362348969407,-0.03333413868571076,0.006529776336741351,NS_ELASTICNET,NS
2025-07-31,2025-09-02,22,PC1,0.05619002670290728,-0.001616951239144719,0.05457307546376256,0.04955486029677695,0.005018215166985612,PCA_RIDGE,PCA
2025-07-31,2025-09-02,22,PC2,-0.0005442708716022704,0.00035761988921176503,-0.00018665098239050538,-0.00044861470290063696,0.0002619637205101316,PCA_RIDGE,PCA
2025-07-31,2025-09-02,22,PC3,0.004041745758156801,-6.256436424535587e-05,0.003979181393911444,0.004976241327354426,-0.0009970599334429816,PCA_RIDGE,PCA
2025-07-31,2025-09-02,22,PC1,0.05619002670290728,-0.002078793254089051,0.05411123344881823,0.04955486029677695,0.004556373152041278,PCA_RIDGE_VAR,PCA
2025-07-31,2025-09-02,22,PC2,-0.0005442708716022704,0.00024725698953634377,-0.00029701388206592664,-0.00044861470290063696,0.00015160082083471031,PCA_RIDGE_VAR,PCA
2025-07-31,2025-09-02,22,PC3,0.004041745758156801,-0.00024224200728342662,0.003799503750873374,0.004976241327354426,-0.0011767375764810519,PCA_RIDGE_VAR,PCA
2025-07-31,2025-10-02,44,beta0,0.04727695893684446,0.0008895098917623646,0.04816646882860682,0.045533163408157495,0.0026333054204493236,NS_RIDGE,NS
2025-07-31,2025-10-02,44,beta1,-0.0009111985927476567,-0.0031416822359718534,-0.00405288082871951,-0.0038017642300972633,-0.0002511165986222464,NS_RIDGE,NS
2025-07-31,2025-10-02,44,beta2,-0.02676608375347714,-0.00014547633636172018,-0.026911560089838863,-0.02886438524862236,0.0019528251587834985,NS_RIDGE,NS
2025-07-31,2025-10-02,44,beta0,0.04727695893684446,1.2543324794031794e-06,0.04727821326932386,0.045533163408157495,0.001745049861166366,NS_ELASTICNET,NS
2025-07-31,2025-10-02,44,beta1,-0.0009111985927476567,0.0002242302157600389,-0.0006869683769876178,-0.0038017642300972633,0.0031147958531096455,NS_ELASTICNET,NS
2025-07-31,2025-10-02,44,beta2,-0.02676608375347714,-0.00010024863719088894,-0.02686633239066803,-0.02886438524862236,0.0019980528579543327,NS_ELASTICNET,NS
2025-07-31,2025-10-02,44,PC1,0.05619002670290728,-0.0030180660350441267,0.05317196066786315,0.04561680743370008,0.007555153234163073,PCA_RIDGE,PCA
2025-07-31,2025-10-02,44,PC2,-0.0005442708716022704,0.001092117694030521,0.0005478468224282507,-0.0007224690565546185,0.0012703158789828693,PCA_RIDGE,PCA
2025-07-31,2025-10-02,44,PC3,0.004041745758156801,-0.00023324658071554303,0.0038084991774412578,0.003945027968793353,-0.0001365287913520953,PCA_RIDGE,PCA
2025-07-31,2025-10-02,44,PC1,0.05619002670290728,-0.004037256392963463,0.052152770309943815,0.04561680743370008,0.006535962876243737,PCA_RIDGE_VAR,PCA
2025-07-31,2025-10-02,44,PC2,-0.0005442708716022704,0.0004519638770380216,-9.230699456424884e-05,-0.0007224690565546185,0.0006301620619903697,PCA_RIDGE_VAR,PCA
2025-07-31,2025-10-02,44,PC3,0.004041745758156801,-0.00045897142438591255,0.003582774333770888,0.003945027968793353,-0.00036225363502246505,PCA_RIDGE_VAR,PCA
2025-07-31,2025-11-04,66,beta0,0.04727695893684446,-0.00024926204089906494,0.047027696895945395,0.04496582144040788,0.002061875455537515,NS_RIDGE,NS
2025-07-31,2025-11-04,66,beta1,-0.0009111985927476567,-0.0032676141259027716,-0.004178812718650428,-0.003980103606452805,-0.00019870911219762276,NS_RIDGE,NS
2025-07-31,2025-11-04,66,beta2,-0.02676608375347714,4.2553519562153064e-05,-0.026723530233914987,-0.025227177731564424,-0.0014963525023505633,NS_RIDGE,NS
2025-07-31,2025-11-04,66,beta0,0.04727695893684446,7.470660732023625e-06,0.04728442959757648,0.04496582144040788,0.0023186081571685974,NS_ELASTICNET,NS
2025-07-31,2025-11-04,66,beta1,-0.0009111985927476567,0.0003191226970135479,-0.0005920758957341088,-0.003980103606452805,0.003388027710718696,NS_ELASTICNET,NS
2025-07-31,2025-11-04,66,beta2,-0.02676608375347714,-0.0001806651014912562,-0.026946748854968398,-0.025227177731564424,-0.0017195711234039741,NS_ELASTICNET,NS
2025-07-31,2025-11-04,66,PC1,0.05619002670290728,-0.0055935882248952596,0.05059643847801202,0.04576104562601845,0.004835392851993567,PCA_RIDGE,PCA
2025-07-31,2025-11-04,66,PC2,-0.0005442708716022704,0.0014069737194766562,0.0008627028478743857,-0.0003310678318113186,0.0011937706796857042,PCA_RIDGE,PCA
2025-07-31,2025-11-04,66,PC3,0.004041745758156801,-0.0004594831818930709,0.0035822625762637296,0.0032175810751414267,0.0003646815011223029,PCA_RIDGE,PCA
2025-07-31,2025-11-04,66,PC1,0.05619002670290728,-0.005886964079694232,0.050303062623213046,0.04576104562601845,0.004542016997194594,PCA_RIDGE_VAR,PCA
2025-07-31,2025-11-04,66,PC2,-0.0005442708716022704,0.0006204090598897834,7.613818828751298e-05,-0.0003310678318113186,0.0004072060200988316,PCA_RIDGE_VAR,PCA
2025-07-31,2025-11-04,66,PC3,0.004041745758156801,-0.000653617326667516,0.0033881284314892846,0.0032175810751414267,0.00017054735634785797,PCA_RIDGE_VAR,PCA
2025-07-31,2026-02-11,132,beta0,0.04727695893684446,-0.0018847359001635873,0.04539222303668087,0.04653388994032673,-0.001141666903645859,NS_RIDGE,NS
2025-07-31,2026-02-11,132,beta1,-0.0009111985927476567,-0.006227830140867215,-0.0071390287336148715,-0.008435791223757625,0.0012967624901427536,NS_RIDGE,NS
2025-07-31,2026-02-11,132,beta2,-0.02676608375347714,-1.8829576652403066e-05,-0.026784913330129546,-0.02479985339371364,-0.001985059936415904,NS_RIDGE,NS
2025-07-31,2026-02-11,132,beta0,0.04727695893684446,2.2922796275691368e-05,0.04729988173312015,0.04653388994032673,0.0007659917927934218,NS_ELASTICNET,NS
2025-07-31,2026-02-11,132,beta1,-0.0009111985927476567,0.0005527647516492941,-0.00035843384109836263,-0.008435791223757625,0.008077357382659262,NS_ELASTICNET,NS
2025-07-31,2026-02-11,132,beta2,-0.02676608375347714,-0.0004378069886354572,-0.0272038907421126,-0.02479985339371364,-0.0024040373483989567,NS_ELASTICNET,NS
2025-07-31,2026-02-11,132,PC1,0.05619002670290728,-0.014658675288654891,0.04153135141425239,0.043230293176329225,-0.0016989417620768346,PCA_RIDGE,PCA
2025-07-31,2026-02-11,132,PC2,-0.0005442708716022704,0.0018019474595670458,0.0012576765879647755,0.00266578328775886,-0.0014081066997940843,PCA_RIDGE,PCA
2025-07-31,2026-02-11,132,PC3,0.004041745758156801,-0.0009306565065184058,0.003111089251638395,0.0025808654835671758,0.0005302237680712193,PCA_RIDGE,PCA
2025-07-31,2026-02-11,132,PC1,0.05619002670290728,-0.010877892199134043,0.045312134503773235,0.043230293176329225,0.0020818413274440103,PCA_RIDGE_VAR,PCA
2025-07-31,2026-02-11,132,PC2,-0.0005442708716022704,0.0009581348158371413,0.00041386394423487084,0.00266578328775886,-0.002251919343523989,PCA_RIDGE_VAR,PCA
2025-07-31,2026-02-11,132,PC3,0.004041745758156801,-0.001132381771582109,0.0029093639865746916,0.0025808654835671758,0.00032849850300751583,PCA_RIDGE_VAR,PCA
2025-08-29,2025-09-08,5,beta0,0.04730733373939368,6.994652275985383e-05,0.04737728026215353,0.04525911940147278,0.0021181608606807498,NS_RIDGE,NS
2025-08-29,2025-09-08,5,beta1,-0.0024652869273145625,-0.0004922160261959557,-0.0029575029535105182,-0.002282603990647043,-0.0006748989628634753,NS_RIDGE,NS
2025-08-29,2025-09-08,5,beta2,-0.03562490926919083,0.0003959738319783143,-0.03522893543721252,-0.03300690480571287,-0.002222030631499651,NS_RIDGE,NS
2025-08-29,2025-09-08,5,beta0,0.04730733373939368,-8.63812196853818e-07,0.04730646992719682,0.04525911940147278,0.002047350525724044,NS_ELASTICNET,NS
2025-08-29,2025-09-08,5,beta1,-0.0024652869273145625,2.755709269163029e-05,-0.0024377298346229324,-0.002282603990647043,-0.0001551258439758895,NS_ELASTICNET,NS
2025-08-29,2025-09-08,5,beta2,-0.03562490926919083,-1.4831139164068364e-05,-0.0356397404083549,-0.03300690480571287,-0.0026328356026420335,NS_ELASTICNET,NS
2025-08-29,2025-09-08,5,PC1,0.04873724240140511,-0.0005824597208185487,0.04815478268058656,0.04480553949777452,0.003349243182812038,PCA_RIDGE,PCA
2025-08-29,2025-09-08,5,PC2,-0.0014634042362088621,0.0003938546497393503,-0.0010695495864695118,-0.002309296735168217,0.001239747148698705,PCA_RIDGE,PCA
2025-08-29,2025-09-08,5,PC3,0.005473514877617917,-0.00012745807727716787,0.0053460568003407495,0.004895358545864675,0.00045069825447607414,PCA_RIDGE,PCA
2025-08-29,2025-09-08,5,PC1,0.04873724240140511,-0.0006613247217047008,0.04807591767970041,0.04480553949777452,0.0032703781819258884,PCA_RIDGE_VAR,PCA
2025-08-29,2025-09-08,5,PC2,-0.0014634042362088621,0.0001302196883525566,-0.0013331845478563055,-0.002309296735168217,0.0009761121873119113,PCA_RIDGE_VAR,PCA
2025-08-29,2025-09-08,5,PC3,0.005473514877617917,-0.00010701701167955754,0.00536649786593836,0.004895358545864675,0.00047113932007368433,PCA_RIDGE_VAR,PCA
2025-08-29,2025-09-15,10,beta0,0.04730733373939368,7.251144647389862e-05,0.047379845185867575,0.04484888405927877,0.002530961126588807,NS_RIDGE,NS
2025-08-29,2025-09-15,10,beta1,-0.0024652869273145625,-0.0007642646842827513,-0.003229551611597314,-0.0026054276374077225,-0.0006241239741895913,NS_RIDGE,NS
2025-08-29,2025-09-15,10,beta2,-0.03562490926919083,0.000566859220771568,-0.03505805004841926,-0.029715718928000876,-0.005342331120418386,NS_RIDGE,NS
2025-08-29,2025-09-15,10,beta0,0.04730733373939368,-7.039219341684415e-07,0.04730662981745951,0.04484888405927877,0.0024577457581807446,NS_ELASTICNET,NS
2025-08-29,2025-09-15,10,beta1,-0.0024652869273145625,5.337434834790755e-05,-0.002411912578966655,-0.0026054276374077225,0.00019351505844106753,NS_ELASTICNET,NS
2025-08-29,2025-09-15,10,beta2,-0.03562490926919083,-2.548912539132285e-05,-0.03565039839458216,-0.029715718928000876,-0.005934679466581282,NS_ELASTICNET,NS
2025-08-29,2025-09-15,10,PC1,0.04873724240140511,-0.001265837731284339,0.04747140467012077,0.04496199936030605,0.0025094053098147218,PCA_RIDGE,PCA
2025-08-29,2025-09-15,10,PC2,-0.0014634042362088621,0.00045287810641114393,-0.0010105261297977182,-0.0018157991835774448,0.0008052730537797266,PCA_RIDGE,PCA
2025-08-29,2025-09-15,10,PC3,0.005473514877617917,-0.0001471919734204856,0.005326322904197432,0.004214446315638578,0.001111876588558854,PCA_RIDGE,PCA
2025-08-29,2025-09-15,10,PC1,0.04873724240140511,-0.0013101896481351183,0.04742705275326999,0.04496199936030605,0.002465053392963941,PCA_RIDGE_VAR,PCA
2025-08-29,2025-09-15,10,PC2,-0.0014634042362088621,0.00025524933449702636,-0.0012081549017118358,-0.0018157991835774448,0.000607644281865609,PCA_RIDGE_VAR,PCA
2025-08-29,2025-09-15,10,PC3,0.005473514877617917,-0.00021104382761330705,0.00526247105000461,0.004214446315638578,0.0010480247343660322,PCA_RIDGE_VAR,PCA
2025-08-29,2025-10-01,22,beta0,0.04730733373939368,0.0006938550548794579,0.048001188794273134,0.045854036920025494,0.0021471518742476395,NS_RIDGE,NS
2025-08-29,2025-10-01,22,beta1,-0.0024652869273145625,-0.002839986413585679,-0.005305273340900241,-0.004219393680829115,-0.001085879660071126,NS_RIDGE,NS
2025-08-29,2025-10-01,22,beta2,-0.03562490926919083,0.002038784264281702,-0.03358612500490913,-0.029198042904207407,-0.004388082100701723,NS_RIDGE,NS
2025-08-29,2025-10-01,22,beta0,0.04730733373939368,-2.0901690973198493e-06,0.047305243570296356,0.045854036920025494,0.0014512066502708615,NS_ELASTICNET,NS
2025-08-29,2025-10-01,22,beta1,-0.0024652869273145625,0.00011460856723951588,-0.0023506783600750467,-0.004219393680829115,0.0018687153207540687,NS_ELASTICNET,NS
2025-08-29,2025-10-01,22,beta2,-0.03562490926919083,-4.955328862666551e-05,-0.0356744625578175,-0.029198042904207407,-0.00647641965361009,NS_ELASTICNET,NS
2025-08-29,2025-10-01,22,PC1,0.04873724240140511,-0.002526077254731011,0.0462111651466741,0.045451926224791744,0.0007592389218823575,PCA_RIDGE,PCA
2025-08-29,2025-10-01,22,PC2,-0.0014634042362088621,0.000918374576150029,-0.0005450296600588332,-0.00039600631826154295,-0.0001490233417972902,PCA_RIDGE,PCA
2025-08-29,2025-10-01,22,PC3,0.005473514877617917,-0.00044495200576221994,0.005028562871855697,0.003927386498124422,0.0011011763737312757,PCA_RIDGE,PCA
2025-08-29,2025-10-01,22,PC1,0.04873724240140511,-0.002818579706036932,0.04591866269536818,0.045451926224791744,0.0004667364705764343,PCA_RIDGE_VAR,PCA
2025-08-29,2025-10-01,22,PC2,-0.0014634042362088621,0.0005352217057614596,-0.0009281825304474025,-0.00039600631826154295,-0.0005321762121858596,PCA_RIDGE_VAR,PCA
2025-08-29,2025-10-01,22,PC3,0.005473514877617917,-0.00044908240137519085,0.005024432476242726,0.003927386498124422,0.0010970459781183047,PCA_RIDGE_VAR,PCA
2025-08-29,2025-11-03,44,beta0,0.04730733373939368,-0.0003273521592034341,0.04697998158019025,0.04525818674964716,0.0017217948305430844,NS_RIDGE,NS
2025-08-29,2025-11-03,44,beta1,-0.0024652869273145625,-0.002887170437842297,-0.005352457365156859,-0.004052710252627972,-0.0012997471125288877,NS_RIDGE,NS
2025-08-29,2025-11-03,44,beta2,-0.03562490926919083,0.005231777703909838,-0.030393131565280992,-0.025312911775768453,-0.005080219789512539,NS_RIDGE,NS
2025-08-29,2025-11-03,44,beta0,0.04730733373939368,-1.6927375689796356e-06,0.047305641001824696,0.04525818674964716,0.002047454252177533,NS_ELASTICNET,NS
2025-08-29,2025-11-03,44,beta1,-0.0024652869273145625,0.00022181978923425987,-0.0022434671380803027,-0.004052710252627972,0.001809243114547669,NS_ELASTICNET,NS
2025-08-29,2025-11-03,44,beta2,-0.03562490926919083,-0.00011570362054914176,-0.035740612889739974,-0.025312911775768453,-0.01042770111397152,NS_ELASTICNET,NS
2025-08-29,2025-11-03,44,PC1,0.04873724240140511,-0.004563858413181135,0.04417338398822398,0.04620266453186722,-0.002029280543643243,PCA_RIDGE,PCA
2025-08-29,2025-11-03,44,PC2,-0.0014634042362088621,0.0015889242983194369,0.00012552006211057477,-0.00012769105974998543,0.0002532111218605602,PCA_RIDGE,PCA
2025-08-29,2025-11-03,44,PC3,0.005473514877617917,-0.001328951322972233,0.004144563554645684,0.0031998798152440937,0.0009446837394015903,PCA_RIDGE,PCA
2025-08-29,2025-11-03,44,PC1,0.04873724240140511,-0.005416527191202426,0.043320715210202684,0.04620266453186722,-0.002881949321664537,PCA_RIDGE_VAR,PCA
2025-08-29,2025-11-03,44,PC2,-0.0014634042362088621,0.0009812929221180943,-0.00048211131409076785,-0.00012769105974998543,-0.0003544202543407824,PCA_RIDGE_VAR,PCA
2025-08-29,2025-11-03,44,PC3,0.005473514877617917,-0.0008463204642293115,0.004627194413388606,0.0031998798152440937,0.001427314598144512,PCA_RIDGE_VAR,PCA
2025-08-29,2025-12-05,66,beta0,0.04730733373939368,-0.0010679865495806624,0.04623934718981301,0.0448797614529414,0.0013595857368716158,NS_RIDGE,NS
2025-08-29,2025-12-05,66,beta1,-0.0024652869273145625,-0.003977788366542205,-0.006443075293856767,-0.006366712644794841,-7.636264906192656e-05,NS_RIDGE,NS
2025-08-29,2025-12-05,66,beta2,-0.03562490926919083,0.008208685422449765,-0.02741622384674107,-0.020793874274790493,-0.006622349571950577,NS_RIDGE,NS
2025-08-29,2025-12-05,66,beta0,0.04730733373939368,4.335052899946996e-06,0.04731166879229363,0.0448797614529414,0.002431907339352231,NS_ELASTICNET,NS
2025-08-29,2025-12-05,66,beta1,-0.0024652869273145625,0.0003188077681145392,-0.002146479159200023,-0.006366712644794841,0.004220233485594818,NS_ELASTICNET,NS
2025-08-29,2025-12-05,66,beta2,-0.03562490926919083,-0.0001988548060879138,-0.03582376407527875,-0.020793874274790493,-0.015029889800488257,NS_ELASTICNET,NS
2025-08-29,2025-12-05,66,PC1,0.04873724240140511,-0.00694368024787499,0.04179356215353012,0.04395314081197217,-0.002159578658442053,PCA_RIDGE,PCA
2025-08-29,2025-12-05,66,PC2,-0.0014634042362088621,0.002254482483247911,0.0007910782470390487,0.0014799889907778398,-0.0006889107437387911,PCA_RIDGE,PCA
2025-08-29,2025-12-05,66,PC3,0.005473514877617917,-0.0020720802734805416,0.0034014346041373756,0.0019998581694057847,0.0014015764347315909,PCA_RIDGE,PCA
2025-08-29,2025-12-05,66,PC1,0.04873724240140511,-0.007817715177397967,0.04091952722400714,0.04395314081197217,-0.0030336135879650283,PCA_RIDGE_VAR,PCA
2025-08-29,2025-12-05,66,PC2,-0.0014634042362088621,0.0013512251288067354,-0.0001121791074021267,0.0014799889907778398,-0.0015921680981799665,PCA_RIDGE_VAR,PCA
2025-08-29,2025-12-05,66,PC3,0.005473514877617917,-0.001198669869519756,0.004274845008098161,0.0019998581694057847,0.0022749868386923765,PCA_RIDGE_VAR,PCA
2025-08-29,2026-03-13,132,beta0,0.04730733373939368,-0.0028474580038336844,0.04445987573555999,0.045995957265342224,-0.0015360815297822336,NS_RIDGE,NS
2025-08-29,2026-03-13,132,beta1,-0.0024652869273145625,-0.006843124984902396,-0.009308411912216957,-0.007953499956044642,-0.0013549119561723152,NS_RIDGE,NS
2025-08-29,2026-03-13,132,beta2,-0.03562490926919083,0.008069789009926763,-0.02755512025926407,-0.016934462392570963,-0.010620657866693108,NS_RIDGE,NS
2025-08-29,2026-03-13,132,beta0,0.04730733373939368,2.266870186992549e-05,0.047330002441263605,0.045995957265342224,0.0013340451759213806,NS_ELASTICNET,NS
2025-08-29,2026-03-13,132,beta1,-0.0024652869273145625,0.0005576269566005705,-0.001907659970713992,-0.007953499956044642,0.00604583998533065,NS_ELASTICNET,NS
2025-08-29,2026-03-13,132,beta2,-0.03562490926919083,-0.0005296958257599051,-0.036154605094950734,-0.016934462392570963,-0.01922014270237977,NS_ELASTICNET,NS
2025-08-29,2026-03-13,132,PC1,0.04873724240140511,-0.01577654438541284,0.032960698015992274,0.04662092085680024,-0.013660222840807965,PCA_RIDGE,PCA
2025-08-29,2026-03-13,132,PC2,-0.0014634042362088621,0.003492860756625605,0.002029456520416743,0.0035623866969209488,-0.0015329301765042058,PCA_RIDGE,PCA
2025-08-29,2026-03-13,132,PC3,0.005473514877617917,-0.0027867659809434437,0.0026867488966744735,0.0011183229515581948,0.0015684259451162787,PCA_RIDGE,PCA
2025-08-29,2026-03-13,132,PC1,0.04873724240140511,-0.014035052370019313,0.0347021900313858,0.04662092085680024,-0.01191873082541444,PCA_RIDGE_VAR,PCA
2025-08-29,2026-03-13,132,PC2,-0.0014634042362088621,0.002107976085199689,0.0006445718489908269,0.0035623866969209488,-0.002917814847930122,PCA_RIDGE_VAR,PCA
2025-08-29,2026-03-13,132,PC3,0.005473514877617917,-0.002042078071927408,0.003431436805690509,0.0011183229515581948,0.0023131138541323142,PCA_RIDGE_VAR,PCA
2025-09-30,2025-10-07,5,beta0,0.049159773346171505,-6.062402626549672e-05,0.049099149319906006,0.04929233973783614,-0.0001931904179301308,NS_RIDGE,NS
2025-09-30,2025-10-07,5,beta1,-0.008176496321673419,-0.00023926560887975397,-0.008415761930553173,-0.008351331296075282,-6.44306344778911e-05,NS_RIDGE,NS
2025-09-30,2025-10-07,5,beta2,-0.030690086700781383,-2.89485753966132e-05,-0.030719035276177996,-0.03219943465870453,0.0014803993825265316,NS_RIDGE,NS
2025-09-30,2025-10-07,5,beta0,0.049159773346171505,-1.7179163959816606e-05,0.04914259418221169,0.04929233973783614,-0.00014974555562444897,NS_ELASTICNET,NS
2025-09-30,2025-10-07,5,beta1,-0.008176496321673419,5.13995134813021e-06,-0.008171356370325289,-0.008351331296075282,0.00017997492574999344,NS_ELASTICNET,NS
2025-09-30,2025-10-07,5,beta2,-0.030690086700781383,3.8448050801694376e-05,-0.03065163864997969,-0.03219943465870453,0.0015477960087248374,NS_ELASTICNET,NS
2025-09-30,2025-10-07,5,PC1,0.04644073564857241,-0.00042231329982249545,0.046018422348749914,0.04569509146411167,0.0003233308846382413,PCA_RIDGE,PCA
2025-09-30,2025-10-07,5,PC2,7.845850313801718e-05,-8.289034519343555e-06,7.016946861867362e-05,-0.00017306134558903521,0.00024323081420770884,PCA_RIDGE,PCA
2025-09-30,2025-10-07,5,PC3,0.003596963067053477,-2.5184788880605244e-05,0.0035717782781728717,0.003844870685715868,-0.00027309240754299626,PCA_RIDGE,PCA
2025-09-30,2025-10-07,5,PC1,0.04644073564857241,-0.00045309323562807424,0.045987642412944334,0.04569509146411167,0.0002925509488326608,PCA_RIDGE_VAR,PCA
2025-09-30,2025-10-07,5,PC2,7.845850313801718e-05,4.672087337296233e-05,0.00012517937651097951,-0.00017306134558903521,0.00029824072210001473,PCA_RIDGE_VAR,PCA
2025-09-30,2025-10-07,5,PC3,0.003596963067053477,-5.28633073157668e-05,0.00354409975973771,0.003844870685715868,-0.000300770925978158,PCA_RIDGE_VAR,PCA
2025-09-30,2025-10-15,10,beta0,0.049159773346171505,-1.379669787147364e-05,0.04914597664830003,0.04862352198894723,0.0005224546593528001,NS_RIDGE,NS
2025-09-30,2025-10-15,10,beta1,-0.008176496321673419,-0.00040079728918744644,-0.008577293610860865,-0.007371790997031655,-0.0012055026138292103,NS_RIDGE,NS
2025-09-30,2025-10-15,10,beta2,-0.030690086700781383,-0.00041309902665003363,-0.031103185727431416,-0.034018879065234216,0.0029156933378028,NS_RIDGE,NS
2025-09-30,2025-10-15,10,beta0,0.049159773346171505,-1.9487334530042332e-06,0.049157824612718504,0.04862352198894723,0.0005343026237712711,NS_ELASTICNET,NS
2025-09-30,2025-10-15,10,beta1,-0.008176496321673419,4.6914506469976986e-05,-0.008129581815203442,-0.007371790997031655,-0.0007577908181717868,NS_ELASTICNET,NS
2025-09-30,2025-10-15,10,beta2,-0.030690086700781383,-3.10971448012112e-05,-0.030721183845582593,-0.034018879065234216,0.003297695219651623,NS_ELASTICNET,NS
2025-09-30,2025-10-15,10,PC1,0.04644073564857241,-0.0008108087245755238,0.04562992692399689,0.044589595384448066,0.0010403315395488208,PCA_RIDGE,PCA
2025-09-30,2025-10-15,10,PC2,7.845850313801718e-05,0.00012170380262774714,0.0002001623057657643,-0.0014216855250054686,0.0016218478307712329,PCA_RIDGE,PCA
2025-09-30,2025-10-15,10,PC3,0.003596963067053477,-5.055494778756287e-06,0.0035919075722747203,0.0042152302986028355,-0.0006233227263281152,PCA_RIDGE,PCA
2025-09-30,2025-10-15,10,PC1,0.04644073564857241,-0.0008997238837928287,0.04554101176477958,0.044589595384448066,0.0009514163803315129,PCA_RIDGE_VAR,PCA
2025-09-30,2025-10-15,10,PC2,7.845850313801718e-05,9.132931674223629e-05,0.00016978781988025347,-0.0014216855250054686,0.0015914733448857221,PCA_RIDGE_VAR,PCA
2025-09-30,2025-10-15,10,PC3,0.003596963067053477,-0.00010441795666198475,0.003492545110391492,0.0042152302986028355,-0.0007226851882113435,PCA_RIDGE_VAR,PCA
2025-09-30,2025-10-31,22,beta0,0.049159773346171505,-0.00030478293261979343,0.048854990413551715,0.047359149623812435,0.0014958407897392792,NS_RIDGE,NS
2025-09-30,2025-10-31,22,beta1,-0.008176496321673419,-0.0008068127822235278,-0.008983309103896947,-0.0074437864111762675,-0.0015395226927206792,NS_RIDGE,NS
2025-09-30,2025-10-31,22,beta2,-0.030690086700781383,0.0006046574958133907,-0.03008542920496799,-0.025630537142666453,-0.004454892062301537,NS_RIDGE,NS
2025-09-30,2025-10-31,22,beta0,0.049159773346171505,-3.7990383569688077e-06,0.049155974307814536,0.047359149623812435,0.0017968246840021004,NS_ELASTICNET,NS
2025-09-30,2025-10-31,22,beta1,-0.008176496321673419,0.00010153662966160587,-0.008074959692011814,-0.0074437864111762675,-0.0006311732808355463,NS_ELASTICNET,NS
2025-09-30,2025-10-31,22,beta2,-0.030690086700781383,-7.451670892928484e-05,-0.030764603409710666,-0.025630537142666453,-0.005134066267044213,NS_ELASTICNET,NS
2025-09-30,2025-10-31,22,PC1,0.04644073564857241,-0.0016492607850433915,0.04479147486352902,0.04545672722443686,-0.0006652523609078434,PCA_RIDGE,PCA
2025-09-30,2025-10-31,22,PC2,7.845850313801718e-05,0.00040904937058535806,0.00048750787372337526,2.6493691677578757e-05,0.0004610141820457965,PCA_RIDGE,PCA
2025-09-30,2025-10-31,22,PC3,0.003596963067053477,-0.00020554709622888176,0.0033914159708245952,0.0026423067271224374,0.0007491092437021578,PCA_RIDGE,PCA
2025-09-30,2025-10-31,22,PC1,0.04644073564857241,-0.0019461407747619758,0.04449459487381043,0.04545672722443686,-0.0009621323506264282,PCA_RIDGE_VAR,PCA
2025-09-30,2025-10-31,22,PC2,7.845850313801718e-05,0.00019022173347947824,0.00026868023661749544,2.6493691677578757e-05,0.00024218654493991668,PCA_RIDGE_VAR,PCA
2025-09-30,2025-10-31,22,PC3,0.003596963067053477,-0.00022305679598682562,0.003373906271066651,0.0026423067271224374,0.0007315995439442138,PCA_RIDGE_VAR,PCA
2025-09-30,2025-12-04,44,beta0,0.049159773346171505,0.0005023616230359054,0.04966213496920741,0.04740333253346457,0.002258802435742842,NS_RIDGE,NS
2025-09-30,2025-12-04,44,beta1,-0.008176496321673419,-0.003365853111856443,-0.011542349433529862,-0.009138400142845522,-0.00240394929068434,NS_RIDGE,NS
2025-09-30,2025-12-04,44,beta2,-0.030690086700781383,0.0010863417323928415,-0.02960374496838854,-0.024493534089441393,-0.005110210878947148,NS_RIDGE,NS
2025-09-30,2025-12-04,44,beta0,0.049159773346171505,3.054195385848438e-06,0.049162827541557354,0.04740333253346457,0.0017594950080927832,NS_ELASTICNET,NS
2025-09-30,2025-12-04,44,beta1,-0.008176496321673419,0.00019429420265500334,-0.007982202119018416,-0.009138400142845522,0.0011561980238271059,NS_ELASTICNET,NS
2025-09-30,2025-12-04,44,beta2,-0.030690086700781383,-0.00019097139661793173,-0.030881058097399314,-0.024493534089441393,-0.006387524007957921,NS_ELASTICNET,NS
2025-09-30,2025-12-04,44,PC1,0.04644073564857241,-0.0029324903967354703,0.04350824525183694,0.043225845888576975,0.0002823993632599664,PCA_RIDGE,PCA
2025-09-30,2025-12-04,44,PC2,7.845850313801718e-05,0.0008507004495474934,0.0009291589526855106,0.0009834358225351732,-5.427686984966259e-05,PCA_RIDGE,PCA
2025-09-30,2025-12-04,44,PC3,0.003596963067053477,-0.000608309055932933,0.002988654011120544,0.0022688139355556258,0.0007198400755649183,PCA_RIDGE,PCA
2025-09-30,2025-12-04,44,PC1,0.04644073564857241,-0.003776369622664359,0.04266436602590805,0.043225845888576975,-0.000561479862668926,PCA_RIDGE_VAR,PCA
2025-09-30,2025-12-04,44,PC2,7.845850313801718e-05,0.0003442871536487083,0.0004227456567867255,0.0009834358225351732,-0.0005606901657484477,PCA_RIDGE_VAR,PCA
2025-09-30,2025-12-04,44,PC3,0.003596963067053477,-0.0004233772196372979,0.003173585847416179,0.0022688139355556258,0.0009047719118605532,PCA_RIDGE_VAR,PCA
2025-09-30,2026-01-07,66,beta0,0.049159773346171505,-0.0008638252479574123,0.048295948098214095,0.048471191120979536,-0.00017524302276544085,NS_RIDGE,NS
2025-09-30,2026-01-07,66,beta1,-0.008176496321673419,-0.0022988930258676034,-0.010475389347541022,-0.01156569039353416,0.0010903010459931382,NS_RIDGE,NS
2025-09-30,2026-01-07,66,beta2,-0.030690086700781383,0.0013171868968239913,-0.02937289980395739,-0.024779934436445945,-0.004592965367511446,NS_RIDGE,NS
2025-09-30,2026-01-07,66,beta0,0.049159773346171505,1.9736127951319006e-05,0.04917950947412282,0.048471191120979536,0.0007083183531432849,NS_ELASTICNET,NS
2025-09-30,2026-01-07,66,beta1,-0.008176496321673419,0.00027793964927831264,-0.007898556672395106,-0.01156569039353416,0.0036671337211390542,NS_ELASTICNET,NS
2025-09-30,2026-01-07,66,beta2,-0.030690086700781383,-0.00032207964047013625,-0.031012166341251517,-0.024779934436445945,-0.006232231904805572,NS_ELASTICNET,NS
2025-09-30,2026-01-07,66,PC1,0.04644073564857241,-0.005257727200436274,0.04118300844813613,0.04177268017642059,-0.0005896717282844605,PCA_RIDGE,PCA
2025-09-30,2026-01-07,66,PC2,7.845850313801718e-05,0.0008188749389391509,0.000897333442077168,0.0024750769575710013,-0.0015777435154938333,PCA_RIDGE,PCA
2025-09-30,2026-01-07,66,PC3,0.003596963067053477,-0.000805707502963949,0.002791255564089528,0.002217703044434966,0.0005735525196545622,PCA_RIDGE,PCA
2025-09-30,2026-01-07,66,PC1,0.04644073564857241,-0.005501396786593463,0.040939338861978945,0.04177268017642059,-0.0008333413144416477,PCA_RIDGE_VAR,PCA
2025-09-30,2026-01-07,66,PC2,7.845850313801718e-05,0.0004676280711368821,0.0005460865742748993,0.0024750769575710013,-0.001928990383296102,PCA_RIDGE_VAR,PCA
2025-09-30,2026-01-07,66,PC3,0.003596963067053477,-0.000603947275802492,0.002993015791250985,0.002217703044434966,0.000775312746816019,PCA_RIDGE_VAR,PCA
2025-09-30,2026-04-13,132,beta0,0.049159773346171505,-0.0025379025983919877,0.046621870747779515,0.047595166936974326,-0.0009732961891948111,NS_RIDGE,NS
2025-09-30,2026-04-13,132,beta1,-0.008176496321673419,-0.004652823747242259,-0.012829320068915677,-0.009939561209270241,-0.0028897588596454356,NS_RIDGE,NS
2025-09-30,2026-04-13,132,beta2,-0.030690086700781383,0.002472244339308406,-0.028217842361472976,-0.01511681378393361,-0.013101028577539366,NS_RIDGE,NS
2025-09-30,2026-04-13,132,beta0,0.049159773346171505,9.229053483926489e-05,0.04925206388101077,0.047595166936974326,0.0016568969440364442,NS_ELASTICNET,NS
2025-09-30,2026-04-13,132,beta1,-0.008176496321673419,0.00045663228398663233,-0.007719864037686787,-0.009939561209270241,0.0022196971715834546,NS_ELASTICNET,NS
2025-09-30,2026-04-13,132,beta2,-0.030690086700781383,-0.0008197283586423974,-0.03150981505942378,-0.01511681378393361,-0.01639300127549017,NS_ELASTICNET,NS
2025-09-30,2026-04-13,132,PC1,0.04644073564857241,-0.012722928955581072,0.033717806692991334,0.047358327313350365,-0.013640520620359031,PCA_RIDGE,PCA
2025-09-30,2026-04-13,132,PC2,7.845850313801718e-05,0.0010638941584507977,0.0011423526615888149,0.003874620131647785,-0.00273226747005897,PCA_RIDGE,PCA
2025-09-30,2026-04-13,132,PC3,0.003596963067053477,-0.0013252922382421658,0.002271670828811311,0.0006343244993890166,0.0016373463294222946,PCA_RIDGE,PCA
2025-09-30,2026-04-13,132,PC1,0.04644073564857241,-0.010133175367800354,0.036307560280772054,0.047358327313350365,-0.011050767032578311,PCA_RIDGE_VAR,PCA
2025-09-30,2026-04-13,132,PC2,7.845850313801718e-05,0.0006964420822336344,0.0007749005853716516,0.003874620131647785,-0.0030997195462761336,PCA_RIDGE_VAR,PCA
2025-09-30,2026-04-13,132,PC3,0.003596963067053477,-0.0010510042271584812,0.0025459588398949956,0.0006343244993890166,0.001911634340505979,PCA_RIDGE_VAR,PCA
2025-10-31,2025-11-07,5,beta0,0.047359149623812435,-0.0001803429400838257,0.04717880668372861,0.048226861788489526,-0.0010480551047609143,NS_RIDGE,NS
2025-10-31,2025-11-07,5,beta1,-0.0074437864111762675,0.00017071521965810656,-0.007273071191518161,-0.0081720482662763,0.0008989770747581402,NS_RIDGE,NS
2025-10-31,2025-11-07,5,beta2,-0.025630537142666453,-9.64511163069445e-05,-0.025726988258973398,-0.02912705075683667,0.0034000624978632737,NS_RIDGE,NS
2025-10-31,2025-11-07,5,beta0,0.047359149623812435,-1.0955225143533041e-05,0.0473481943986689,0.048226861788489526,-0.0008786673898206268,NS_ELASTICNET,NS
2025-10-31,2025-11-07,5,beta1,-0.0074437864111762675,1.6369877535617216e-05,-0.00742741653364065,-0.0081720482662763,0.0007446317326356509,NS_ELASTICNET,NS
2025-10-31,2025-11-07,5,beta2,-0.025630537142666453,6.190414808702029e-06,-0.025624346727857752,-0.02912705075683667,0.003502704028978919,NS_ELASTICNET,NS
2025-10-31,2025-11-07,5,PC1,0.04527263167261779,-0.0001734528919734851,0.0450991787806443,0.04452520547844306,0.0005739733022012417,PCA_RIDGE,PCA
2025-10-31,2025-11-07,5,PC2,3.38599672311099e-05,-0.00012956213530320178,-9.570216807209189e-05,-8.244709313383336e-05,-1.3255074938258528e-05,PCA_RIDGE,PCA
2025-10-31,2025-11-07,5,PC3,0.002612834678402468,4.659747839736311e-05,0.002659432156799831,0.003222847301587445,-0.000563415144787614,PCA_RIDGE,PCA
2025-10-31,2025-11-07,5,PC1,0.04527263167261779,-0.0003363669496029287,0.04493626472301486,0.04452520547844306,0.00041105924457179865,PCA_RIDGE_VAR,PCA
2025-10-31,2025-11-07,5,PC2,3.38599672311099e-05,1.6007286970321446e-05,4.9867254201431344e-05,-8.244709313383336e-05,0.0001323143473352647,PCA_RIDGE_VAR,PCA
2025-10-31,2025-11-07,5,PC3,0.002612834678402468,-2.668846570959846e-05,0.0025861462126928695,0.003222847301587445,-0.0006367010888945757,PCA_RIDGE_VAR,PCA
2025-10-31,2025-11-17,10,beta0,0.047359149623812435,-0.0001738392976228327,0.047185310326189604,0.04824133334170845,-0.0010560230155188463,NS_RIDGE,NS
2025-10-31,2025-11-17,10,beta1,-0.0074437864111762675,-9.31685961041521e-05,-0.00753695500728042,-0.00767417042677402,0.0001372154194936,NS_RIDGE,NS
2025-10-31,2025-11-17,10,beta2,-0.025630537142666453,-0.00026901242869933293,-0.025899549571365785,-0.028517495079234123,0.0026179455078683377,NS_RIDGE,NS
2025-10-31,2025-11-17,10,beta0,0.047359149623812435,-5.095683892258709e-06,0.047354053939920177,0.04824133334170845,-0.000887279401788274,NS_ELASTICNET,NS
2025-10-31,2025-11-17,10,beta1,-0.0074437864111762675,4.85274632729375e-05,-0.00739525894790333,-0.00767417042677402,0.00027891147887069024,NS_ELASTICNET,NS
2025-10-31,2025-11-17,10,beta2,-0.025630537142666453,-2.7727398442574572e-05,-0.02565826454110903,-0.028517495079234123,0.002859230538125094,NS_ELASTICNET,NS
2025-10-31,2025-11-17,10,PC1,0.04527263167261779,-0.0005737022853901197,0.04469892938722767,0.045761336707136155,-0.001062407319908483,PCA_RIDGE,PCA
2025-10-31,2025-11-17,10,PC2,3.38599672311099e-05,-0.0001240751584293991,-9.02151911982892e-05,-9.645216208578958e-05,6.2369708875003726e-06,PCA_RIDGE,PCA
2025-10-31,2025-11-17,10,PC3,0.002612834678402468,8.714077395964096e-05,0.002699975452362109,0.003167942061412741,-0.0004679666090506322,PCA_RIDGE,PCA
2025-10-31,2025-11-17,10,PC1,0.04527263167261779,-0.0006692829686416185,0.04460334870397617,0.045761336707136155,-0.0011579880031599848,PCA_RIDGE_VAR,PCA
2025-10-31,2025-11-17,10,PC2,3.38599672311099e-05,3.122414262472455e-05,6.508410985583445e-05,-9.645216208578958e-05,0.00016153627194162402,PCA_RIDGE_VAR,PCA
2025-10-31,2025-11-17,10,PC3,0.002612834678402468,-5.2855846916664926e-05,0.002559978831485803,0.003167942061412741,-0.0006079632299269382,PCA_RIDGE_VAR,PCA
2025-10-31,2025-12-04,22,beta0,0.047359149623812435,-0.00027764113455525097,0.047081508489257184,0.04740333253346457,-0.0003218240442073861,NS_RIDGE,NS
2025-10-31,2025-12-04,22,beta1,-0.0074437864111762675,-0.0005222074958944259,-0.007965993907070694,-0.009138400142845522,0.0011724062357748276,NS_RIDGE,NS
2025-10-31,2025-12-04,22,beta2,-0.025630537142666453,7.326935501138936e-05,-0.025557267787655064,-0.024493534089441393,-0.0010637336982136716,NS_RIDGE,NS
2025-10-31,2025-12-04,22,beta0,0.047359149623812435,-8.307952590644696e-06,0.04735084167122179,0.04740333253346457,-5.2490862242779435e-05,NS_ELASTICNET,NS
2025-10-31,2025-12-04,22,beta1,-0.0074437864111762675,0.00010125148112184565,-0.007342534930054422,-0.009138400142845522,0.0017958652127910996,NS_ELASTICNET,NS
2025-10-31,2025-12-04,22,beta2,-0.025630537142666453,-6.239309482715913e-05,-0.02569293023749361,-0.024493534089441393,-0.0011993961480522182,NS_ELASTICNET,NS
2025-10-31,2025-12-04,22,PC1,0.04527263167261779,-0.001113418607870376,0.04415921306474741,0.043041478534993,0.0011177345297544092,PCA_RIDGE,PCA
2025-10-31,2025-12-04,22,PC2,3.38599672311099e-05,4.505114129379872e-05,7.891110852490863e-05,0.0009907054274921091,-0.0009117943189672005,PCA_RIDGE,PCA
2025-10-31,2025-12-04,22,PC3,0.002612834678402468,5.943947862634332e-05,0.0026722741570288115,0.0022393953495346095,0.00043287880749420197,PCA_RIDGE,PCA
2025-10-31,2025-12-04,22,PC1,0.04527263167261779,-0.0014545566723175932,0.043818075000300195,0.043041478534993,0.000776596465307193,PCA_RIDGE_VAR,PCA
2025-10-31,2025-12-04,22,PC2,3.38599672311099e-05,6.46869930544436e-05,9.85469602855535e-05,0.0009907054274921091,-0.0008921584672065557,PCA_RIDGE_VAR,PCA
2025-10-31,2025-12-04,22,PC3,0.002612834678402468,-0.00011362397166162158,0.0024992107067408464,0.0022393953495346095,0.00025981535720623686,PCA_RIDGE_VAR,PCA
2025-10-31,2026-01-07,44,beta0,0.047359149623812435,-0.0008015868748364825,0.046557562748975954,0.048471191120979536,-0.0019136283720035813,NS_RIDGE,NS
2025-10-31,2026-01-07,44,beta1,-0.0074437864111762675,-0.0010784379856320437,-0.00852222439680831,-0.01156569039353416,0.00304346599672585,NS_RIDGE,NS
2025-10-31,2026-01-07,44,beta2,-0.025630537142666453,0.0023452747250650853,-0.023285262417601368,-0.024779934436445945,0.0014946720188445776,NS_RIDGE,NS
2025-10-31,2026-01-07,44,beta0,0.047359149623812435,-9.848904932474862e-06,0.04734930071887996,0.048471191120979536,-0.0011218904020995762,NS_ELASTICNET,NS
2025-10-31,2026-01-07,44,beta1,-0.0074437864111762675,0.0001892566374823941,-0.007254529773693874,-0.01156569039353416,0.004311160619840286,NS_ELASTICNET,NS
2025-10-31,2026-01-07,44,beta2,-0.025630537142666453,-0.00016423298400047452,-0.02579477012666693,-0.024779934436445945,-0.0010148356902209832,NS_ELASTICNET,NS
2025-10-31,2026-01-07,44,PC1,0.04527263167261779,-0.002126821677453226,0.04314580999516456,0.04158822751069846,0.001557582484466101,PCA_RIDGE,PCA
2025-10-31,2026-01-07,44,PC2,3.38599672311099e-05,0.0004585516984424128,0.0004924116656735227,0.0024821936021752616,-0.001989781936501739,PCA_RIDGE,PCA
2025-10-31,2026-01-07,44,PC3,0.002612834678402468,-0.00034330160069946745,0.0022695330777030005,0.002190222233239206,7.931084446379444e-05,PCA_RIDGE,PCA
2025-10-31,2026-01-07,44,PC1,0.04527263167261779,-0.0028460686998968213,0.04242656297272097,0.04158822751069846,0.0008383354620225061,PCA_RIDGE_VAR,PCA
2025-10-31,2026-01-07,44,PC2,3.38599672311099e-05,0.00011583108386469871,0.0001496910510958086,0.0024821936021752616,-0.002332502551079453,PCA_RIDGE_VAR,PCA
2025-10-31,2026-01-07,44,PC3,0.002612834678402468,-0.00021813257109580758,0.0023947021073066604,0.002190222233239206,0.0002044798740674543,PCA_RIDGE_VAR,PCA
2025-10-31,2026-02-09,66,beta0,0.047359149623812435,-0.0007962466934199672,0.04656290293039247,0.050219713646518935,-0.003656810716126467,NS_RIDGE,NS
2025-10-31,2026-02-09,66,beta1,-0.0074437864111762675,-0.002302274765350422,-0.00974606117652669,-0.01283508026296223,0.003089019086435541,NS_RIDGE,NS
2025-10-31,2026-02-09,66,beta2,-0.025630537142666453,0.0027651886874624026,-0.022865348455204052,-0.02812569651702019,0.005260348061816137,NS_RIDGE,NS
2025-10-31,2026-02-09,66,beta0,0.047359149623812435,4.087024852194676e-06,0.04736323664866463,0.050219713646518935,-0.002856476997854303,NS_ELASTICNET,NS
2025-10-31,2026-02-09,66,beta1,-0.0074437864111762675,0.00026988273952762473,-0.007173903671648643,-0.01283508026296223,0.005661176591313588,NS_ELASTICNET,NS
2025-10-31,2026-02-09,66,beta2,-0.025630537142666453,-0.0003013131680591569,-0.02593185031072561,-0.02812569651702019,0.002193846206294578,NS_ELASTICNET,NS
2025-10-31,2026-02-09,66,PC1,0.04527263167261779,-0.0042045599983424956,0.04106807167427529,0.04240620806021288,-0.0013381363859375842,PCA_RIDGE,PCA
2025-10-31,2026-02-09,66,PC2,3.38599672311099e-05,0.0004552305357387946,0.0004890905029699045,0.003156385684541879,-0.0026672951815719746,PCA_RIDGE,PCA
2025-10-31,2026-02-09,66,PC3,0.002612834678402468,-0.0005775629170359733,0.0020352717613664945,0.0027942308953062527,-0.0007589591339397582,PCA_RIDGE,PCA
2025-10-31,2026-02-09,66,PC1,0.04527263167261779,-0.0041789583874504085,0.04109367328516738,0.04240620806021288,-0.0013125347750454971,PCA_RIDGE_VAR,PCA
2025-10-31,2026-02-09,66,PC2,3.38599672311099e-05,0.00015544985152687215,0.00018930981875798204,0.003156385684541879,-0.0029670758657838973,PCA_RIDGE_VAR,PCA
2025-10-31,2026-02-09,66,PC3,0.002612834678402468,-0.00031464387504132963,0.0022981908033611383,0.0027942308953062527,-0.0004960400919451144,PCA_RIDGE_VAR,PCA
2025-10-31,2026-05-13,132,beta0,0.047359149623812435,-0.0035067176812643456,0.04385243194254809,0.04760554724584686,-0.0037531153032987694,NS_RIDGE,NS
2025-10-31,2026-05-13,132,beta1,-0.0074437864111762675,-0.0035479038540571907,-0.010991690265233459,-0.010636834705733613,-0.00035485555949984517,NS_RIDGE,NS
2025-10-31,2026-05-13,132,beta2,-0.025630537142666453,0.003030972610727529,-0.022599564531938926,-0.006740030485571799,-0.015859534046367127,NS_RIDGE,NS
2025-10-31,2026-05-13,132,beta0,0.047359149623812435,8.443596483016365e-05,0.047443585588642596,0.04760554724584686,-0.00016196165720426536,NS_ELASTICNET,NS
2025-10-31,2026-05-13,132,beta1,-0.0074437864111762675,0.0004457207534259886,-0.006998065657750279,-0.010636834705733613,0.0036387690479833344,NS_ELASTICNET,NS
2025-10-31,2026-05-13,132,beta2,-0.025630537142666453,-0.0008241182667643509,-0.026454655409430806,-0.006740030485571799,-0.019714624923859007,NS_ELASTICNET,NS
2025-10-31,2026-05-13,132,PC1,0.04527263167261779,-0.011171690437015916,0.034100941235601874,0.05045317008711267,-0.016352228851510796,PCA_RIDGE,PCA
2025-10-31,2026-05-13,132,PC2,3.38599672311099e-05,0.0006319779694451031,0.000665837936676213,0.006357621990610428,-0.005691784053934215,PCA_RIDGE,PCA
2025-10-31,2026-05-13,132,PC3,0.002612834678402468,-0.0008357897703939486,0.0017770449080085193,-0.0008720423584716707,0.00264908726648019,PCA_RIDGE,PCA
2025-10-31,2026-05-13,132,PC1,0.04527263167261779,-0.007862901353029923,0.037409730319587865,0.05045317008711267,-0.013043439767524805,PCA_RIDGE_VAR,PCA
2025-10-31,2026-05-13,132,PC2,3.38599672311099e-05,0.00022119714833112794,0.00025505711556223783,0.006357621990610428,-0.00610256487504819,PCA_RIDGE_VAR,PCA
2025-10-31,2026-05-13,132,PC3,0.002612834678402468,-0.0005651354963846296,0.0020476991820178383,-0.0008720423584716707,0.002919741540489509,PCA_RIDGE_VAR,PCA
2025-11-28,2025-12-05,5,beta0,0.04733456957095905,0.00012619120323680168,0.04746076077419585,0.04736963226262392,9.112851157193347e-05,NS_RIDGE,NS
2025-11-28,2025-12-05,5,beta1,-0.00740334977118327,-0.00041820646508556805,-0.007821556236268838,-0.00930755426984754,0.0014859980335787011,NS_RIDGE,NS
2025-11-28,2025-12-05,5,beta2,-0.029988405794121122,-0.00011885816045936454,-0.030107263954580486,-0.022742590689898614,-0.007364673264681872,NS_RIDGE,NS
2025-11-28,2025-12-05,5,beta0,0.04733456957095905,-1.3803974341843667e-05,0.04732076559661721,0.04736963226262392,-4.886666600670969e-05,NS_ELASTICNET,NS
2025-11-28,2025-12-05,5,beta1,-0.00740334977118327,-5.79991107980725e-06,-0.007409149682263077,-0.00930755426984754,0.0018984045875844622,NS_ELASTICNET,NS
2025-11-28,2025-12-05,5,beta2,-0.029988405794121122,4.736528110544077e-05,-0.02994104051301568,-0.022742590689898614,-0.007198449823117067,NS_ELASTICNET,NS
2025-11-28,2025-12-05,5,PC1,0.04279788365671068,-0.00051599391491008,0.0422818897418006,0.04343500414259566,-0.0011531144007950536,PCA_RIDGE,PCA
2025-11-28,2025-12-05,5,PC2,-0.0011414654046996008,0.00018978811563841004,-0.0009516772890611907,0.0014975445484211626,-0.002449221837482353,PCA_RIDGE,PCA
2025-11-28,2025-12-05,5,PC3,0.003346596774381454,-7.3302064157069445e-06,0.003339266567965747,0.0019176789030490912,0.0014215876649166558,PCA_RIDGE,PCA
2025-11-28,2025-12-05,5,PC1,0.04279788365671068,-0.0004162679697968727,0.04238161568691381,0.04343500414259566,-0.0010533884556818487,PCA_RIDGE_VAR,PCA
2025-11-28,2025-12-05,5,PC2,-0.0011414654046996008,6.274182014429867e-05,-0.0010787235845553021,0.0014975445484211626,-0.0025762681329764645,PCA_RIDGE_VAR,PCA
2025-11-28,2025-12-05,5,PC3,0.003346596774381454,-5.50743799850816e-05,0.003291522394396372,0.0019176789030490912,0.001373843491347281,PCA_RIDGE_VAR,PCA
2025-11-28,2025-12-12,10,beta0,0.04733456957095905,5.403422784764023e-05,0.04738860379880669,0.048438531486506516,-0.0010499276876998268,NS_RIDGE,NS
2025-11-28,2025-12-12,10,beta1,-0.00740334977118327,-0.0005942747619344036,-0.007997624533117673,-0.011456577992785991,0.003458953459668318,NS_RIDGE,NS
2025-11-28,2025-12-12,10,beta2,-0.029988405794121122,5.777278377823453e-05,-0.029930633010342888,-0.022961165520747628,-0.00696946748959526,NS_RIDGE,NS
2025-11-28,2025-12-12,10,beta0,0.04733456957095905,-4.053870655031766e-06,0.04733051570030402,0.048438531486506516,-0.0011080157862024959,NS_ELASTICNET,NS
2025-11-28,2025-12-12,10,beta1,-0.00740334977118327,4.742395529340846e-05,-0.007355925815889862,-0.011456577992785991,0.0041006521768961295,NS_ELASTICNET,NS
2025-11-28,2025-12-12,10,beta2,-0.029988405794121122,-2.7965101166925474e-05,-0.03001637089528805,-0.022961165520747628,-0.007055205374540421,NS_ELASTICNET,NS
2025-11-28,2025-12-12,10,PC1,0.04279788365671068,-0.000906996409474873,0.04189088724723581,0.04250952145806096,-0.0006186342108251489,PCA_RIDGE,PCA
2025-11-28,2025-12-12,10,PC2,-0.0011414654046996008,0.00024357454216067455,-0.0008978908625389263,0.002899312472250195,-0.003797203334789121,PCA_RIDGE,PCA
2025-11-28,2025-12-12,10,PC3,0.003346596774381454,-6.587459918331742e-05,0.003280722175198136,0.0018567317148704913,0.001423990460327645,PCA_RIDGE,PCA
2025-11-28,2025-12-12,10,PC1,0.04279788365671068,-0.000825950501933348,0.04197193315477733,0.04250952145806096,-0.0005375883032836259,PCA_RIDGE_VAR,PCA
2025-11-28,2025-12-12,10,PC2,-0.0011414654046996008,0.00012297874344074965,-0.0010184866612588511,0.002899312472250195,-0.003917799133509046,PCA_RIDGE_VAR,PCA
2025-11-28,2025-12-12,10,PC3,0.003346596774381454,-0.00010865871624588267,0.003237938058135571,0.0018567317148704913,0.0013812063432650798,PCA_RIDGE_VAR,PCA
2025-11-28,2025-12-31,22,beta0,0.04733456957095905,0.00016270481854212387,0.04749727438950117,0.04929043203662079,-0.0017931576471196184,NS_RIDGE,NS
2025-11-28,2025-12-31,22,beta1,-0.00740334977118327,-0.0013270702964106945,-0.008730420067593964,-0.011942904729252517,0.0032124846616585524,NS_RIDGE,NS
2025-11-28,2025-12-31,22,beta2,-0.029988405794121122,0.0006536526934399597,-0.029334753100681163,-0.026572961152246586,-0.002761791948434577,NS_RIDGE,NS
2025-11-28,2025-12-31,22,beta0,0.04733456957095905,-9.622514884363707e-06,0.047324947056074686,0.04929043203662079,-0.001965484980546106,NS_ELASTICNET,NS
2025-11-28,2025-12-31,22,beta1,-0.00740334977118327,0.00010048922353042023,-0.00730286054765285,-0.011942904729252517,0.004640044181599667,NS_ELASTICNET,NS
2025-11-28,2025-12-31,22,beta2,-0.029988405794121122,-5.102340000935889e-05,-0.030039429194130482,-0.026572961152246586,-0.003466468041883896,NS_ELASTICNET,NS
2025-11-28,2025-12-31,22,PC1,0.04279788365671068,-0.001664375072222536,0.041133508584488145,0.04208110004431817,-0.0009475914598300259,PCA_RIDGE,PCA
2025-11-28,2025-12-31,22,PC2,-0.0011414654046996008,0.0004356577178260348,-0.000705807686873566,0.0026605050549385924,-0.0033663127418121584,PCA_RIDGE,PCA
2025-11-28,2025-12-31,22,PC3,0.003346596774381454,-0.00018176736049776567,0.0031648294138836883,0.0025111523917847097,0.0006536770220989785,PCA_RIDGE,PCA
2025-11-28,2025-12-31,22,PC1,0.04279788365671068,-0.0017833027553238873,0.04101458090138679,0.04208110004431817,-0.001066519142931377,PCA_RIDGE_VAR,PCA
2025-11-28,2025-12-31,22,PC2,-0.0011414654046996008,0.0002578530722895481,-0.0008836123324100527,0.0026605050549385924,-0.003544117387348645,PCA_RIDGE_VAR,PCA
2025-11-28,2025-12-31,22,PC3,0.003346596774381454,-0.00023147116262354833,0.0031151256117579055,0.0025111523917847097,0.0006039732199731957,PCA_RIDGE_VAR,PCA
2025-11-28,2026-02-03,44,beta0,0.04733456957095905,0.0010683744783850778,0.04840294404934413,0.05009631811677043,-0.0016933740674262981,NS_RIDGE,NS
2025-11-28,2026-02-03,44,beta1,-0.00740334977118327,-0.0037910703708849826,-0.011194420142068253,-0.012804742554942433,0.0016103224128741801,NS_RIDGE,NS
2025-11-28,2026-02-03,44,beta2,-0.029988405794121122,0.0020981464748785236,-0.027890259319242598,-0.024715732536224923,-0.0031745267830176754,NS_RIDGE,NS
2025-11-28,2026-02-03,44,beta0,0.04733456957095905,-1.4227604040947826e-05,0.0473203419669181,0.05009631811677043,-0.0027759761498523244,NS_ELASTICNET,NS
2025-11-28,2026-02-03,44,beta1,-0.00740334977118327,0.00018762604456696935,-0.0072157237266163,-0.012804742554942433,0.005589018828326133,NS_ELASTICNET,NS
2025-11-28,2026-02-03,44,beta2,-0.029988405794121122,-0.00014327528444515195,-0.030131681078566275,-0.024715732536224923,-0.005415948542341353,NS_ELASTICNET,NS
2025-11-28,2026-02-03,44,PC1,0.04279788365671068,-0.003163118952270824,0.03963476470443986,0.04378843933413035,-0.00415367462969049,PCA_RIDGE,PCA
2025-11-28,2026-02-03,44,PC2,-0.0011414654046996008,0.000859347126156565,-0.0002821182785430358,0.003969207063640998,-0.004251325342184033,PCA_RIDGE,PCA
2025-11-28,2026-02-03,44,PC3,0.003346596774381454,-0.0005180823795354119,0.002828514394846042,0.0021802569860468867,0.0006482574087991553,PCA_RIDGE,PCA
2025-11-28,2026-02-03,44,PC1,0.04279788365671068,-0.003449483749264945,0.039348399907445736,0.04378843933413035,-0.004440039426684611,PCA_RIDGE_VAR,PCA
2025-11-28,2026-02-03,44,PC2,-0.0011414654046996008,0.00047273908533369856,-0.0006687263193659022,0.003969207063640998,-0.0046379333830069,PCA_RIDGE_VAR,PCA
2025-11-28,2026-02-03,44,PC3,0.003346596774381454,-0.00043713996544868456,0.0029094568089327692,0.0021802569860468867,0.0007291998228858825,PCA_RIDGE_VAR,PCA
2025-11-28,2026-03-06,66,beta0,0.04733456957095905,-0.0009845542613422433,0.046350015309616806,0.04777720454704086,-0.001427189237424055,NS_RIDGE,NS
2025-11-28,2026-03-06,66,beta1,-0.00740334977118327,-0.002553699163446492,-0.009957048934629762,-0.010059869010698351,0.00010282007606858892,NS_RIDGE,NS
2025-11-28,2026-03-06,66,beta2,-0.029988405794121122,0.003113765296345372,-0.02687464049777575,-0.022986250286346488,-0.0038883902114292615,NS_RIDGE,NS
2025-11-28,2026-03-06,66,beta0,0.04733456957095905,-6.760696185064401e-06,0.04732780887477399,0.04777720454704086,-0.0004493956722668724,NS_ELASTICNET,NS
2025-11-28,2026-03-06,66,beta1,-0.00740334977118327,0.00026419993866576226,-0.007139149832517508,-0.010059869010698351,0.002920719178180843,NS_ELASTICNET,NS
2025-11-28,2026-03-06,66,beta2,-0.029988405794121122,-0.00027355076013687267,-0.030261956554257993,-0.022986250286346488,-0.007275706267911505,NS_ELASTICNET,NS
2025-11-28,2026-03-06,66,PC1,0.04279788365671068,-0.00523006087914657,0.03756782277756411,0.043112613183371964,-0.005544790405807853,PCA_RIDGE,PCA
2025-11-28,2026-03-06,66,PC2,-0.0011414654046996008,0.0009987762833365433,-0.0001426891213630575,0.0019703069987509793,-0.0021129961201140366,PCA_RIDGE,PCA
2025-11-28,2026-03-06,66,PC3,0.003346596774381454,-0.0009280403672193516,0.0024185564071621023,0.001937326362302599,0.0004812300448595033,PCA_RIDGE,PCA
2025-11-28,2026-03-06,66,PC1,0.04279788365671068,-0.005010559931158821,0.03778732372555186,0.043112613183371964,-0.005325289457820105,PCA_RIDGE_VAR,PCA
2025-11-28,2026-03-06,66,PC2,-0.0011414654046996008,0.0006509944487352788,-0.000490470955964322,0.0019703069987509793,-0.0024607779547153015,PCA_RIDGE_VAR,PCA
2025-11-28,2026-03-06,66,PC3,0.003346596774381454,-0.0006205021122196474,0.0027260946621618064,0.001937326362302599,0.0007887682998592074,PCA_RIDGE_VAR,PCA
2025-11-28,2026-06-09,132,beta0,0.04733456957095905,-0.00283941856826754,0.04449515100269151,0.04720670185495427,-0.0027115508522627604,NS_RIDGE,NS
2025-11-28,2026-06-09,132,beta1,-0.00740334977118327,-0.004238459677858547,-0.011641809449041817,-0.00982062983564847,-0.0018211796133933474,NS_RIDGE,NS
2025-11-28,2026-06-09,132,beta2,-0.029988405794121122,0.004917764983780373,-0.02507064081034075,-0.0016182104225005965,-0.023452430387840156,NS_RIDGE,NS
2025-11-28,2026-06-09,132,beta0,0.04733456957095905,7.277019708674246e-05,0.04740733976804579,0.04720670185495427,0.00020063791309152257,NS_ELASTICNET,NS
2025-11-28,2026-06-09,132,beta1,-0.00740334977118327,0.00043858600333770645,-0.006964763767845564,-0.00982062983564847,0.002855866067802906,NS_ELASTICNET,NS
2025-11-28,2026-06-09,132,beta2,-0.029988405794121122,-0.0008056967175667507,-0.030794102511687873,-0.0016182104225005965,-0.029175892089187278,NS_ELASTICNET,NS
2025-11-28,2026-06-09,132,PC1,0.04279788365671068,-0.010964649964399808,0.03183323369231087,0.05335698390468113,-0.02152375021237026,PCA_RIDGE,PCA
2025-11-28,2026-06-09,132,PC2,-0.0011414654046996008,0.0014942325091963822,0.0003527671044967814,0.007168090109119556,-0.006815323004622774,PCA_RIDGE,PCA
2025-11-28,2026-06-09,132,PC3,0.003346596774381454,-0.0015033894257595,0.0018432073486219537,-0.0016567061312090948,0.0034999134798310485,PCA_RIDGE,PCA
2025-11-28,2026-06-09,132,PC1,0.04279788365671068,-0.009160881644617633,0.03363700201209305,0.05335698390468113,-0.019719981892588084,PCA_RIDGE_VAR,PCA
2025-11-28,2026-06-09,132,PC2,-0.0011414654046996008,0.0010163376638026046,-0.00012512774089699615,0.007168090109119556,-0.007293217850016551,PCA_RIDGE_VAR,PCA
2025-11-28,2026-06-09,132,PC3,0.003346596774381454,-0.0010646274656719024,0.0022819693087095514,-0.0016567061312090948,0.003938675439918646,PCA_RIDGE_VAR,PCA
2025-12-31,2026-01-08,5,beta0,0.04929043203662079,-7.609448038012823e-05,0.04921433755624066,0.04893988504338784,0.0002744525128528241,NS_RIDGE,NS
2025-12-31,2026-01-08,5,beta1,-0.011942904729252517,-9.88529056986466e-05,-0.012041757634951163,-0.012138796905524545,9.703927057338156e-05,NS_RIDGE,NS
2025-12-31,2026-01-08,5,beta2,-0.026572961152246586,-0.0003366181177277843,-0.02690957926997437,-0.02441761771320792,-0.00249196155676645,NS_RIDGE,NS
2025-12-31,2026-01-08,5,beta0,0.04929043203662079,-9.493177762500228e-06,0.04928093885885829,0.04893988504338784,0.00034105381547045593,NS_ELASTICNET,NS
2025-12-31,2026-01-08,5,beta1,-0.011942904729252517,5.375096937838052e-06,-0.011937529632314679,-0.012138796905524545,0.00020126727320986595,NS_ELASTICNET,NS
2025-12-31,2026-01-08,5,beta2,-0.026572961152246586,2.3442517284311445e-05,-0.026549518634962275,-0.02441761771320792,-0.002131900921754356,NS_ELASTICNET,NS
2025-12-31,2026-01-08,5,PC1,0.041907080121829046,-0.0003716854097787777,0.04153539471205027,0.04174774928841888,-0.0002123545763686105,PCA_RIDGE,PCA
2025-12-31,2026-01-08,5,PC2,0.002646292360395208,-0.00014187487504554287,0.0025044174853496655,0.003068919052727763,-0.0005645015673780974,PCA_RIDGE,PCA
2025-12-31,2026-01-08,5,PC3,0.002493533435903848,5.636365831298261e-05,0.0025498970942168307,0.0020770272279316063,0.00047286986628522444,PCA_RIDGE,PCA
2025-12-31,2026-01-08,5,PC1,0.041907080121829046,-0.00034296674555802514,0.04156411337627102,0.04174774928841888,-0.00018363591214785868,PCA_RIDGE_VAR,PCA
2025-12-31,2026-01-08,5,PC2,0.002646292360395208,-2.7597035153108587e-05,0.0026186953252420996,0.003068919052727763,-0.0004502237274856633,PCA_RIDGE_VAR,PCA
2025-12-31,2026-01-08,5,PC3,0.002493533435903848,-1.595729183833175e-05,0.0024775761440655165,0.0020770272279316063,0.0004005489161339102,PCA_RIDGE_VAR,PCA
2025-12-31,2026-01-15,10,beta0,0.04929043203662079,-0.0003432364059330782,0.048947195630687716,0.047881379156770286,0.0010658164739174303,NS_RIDGE,NS
2025-12-31,2026-01-15,10,beta1,-0.011942904729252517,-6.800807504319406e-05,-0.01201091280429571,-0.010687447910730757,-0.0013234648935649528,NS_RIDGE,NS
2025-12-31,2026-01-15,10,beta2,-0.026572961152246586,0.0007020739009924879,-0.0258708872512541,-0.021414851789486867,-0.004456035461767233,NS_RIDGE,NS
2025-12-31,2026-01-15,10,beta0,0.04929043203662079,-2.7700268584802223e-06,0.04928766200976231,0.047881379156770286,0.001406282852992026,NS_ELASTICNET,NS
2025-12-31,2026-01-15,10,beta1,-0.011942904729252517,4.031447354707994e-05,-0.011902590255705437,-0.010687447910730757,-0.0012151423449746797,NS_ELASTICNET,NS
2025-12-31,2026-01-15,10,beta2,-0.026572961152246586,-2.0024915865821296e-05,-0.026592986068112407,-0.021414851789486867,-0.00517813427862554,NS_ELASTICNET,NS
2025-12-31,2026-01-15,10,PC1,0.041907080121829046,-0.00041562875507904294,0.041491451366750004,0.04296418172937557,-0.001472730362625567,PCA_RIDGE,PCA
2025-12-31,2026-01-15,10,PC2,0.002646292360395208,6.453117487135166e-05,0.00271082353526656,0.0026735767115322814,3.72468237342786e-05,PCA_RIDGE,PCA
2025-12-31,2026-01-15,10,PC3,0.002493533435903848,-0.00011330767020585093,0.0023802257656979973,0.001658053475478434,0.0007221722902195633,PCA_RIDGE,PCA
2025-12-31,2026-01-15,10,PC1,0.041907080121829046,-0.0006833955974381578,0.04122368452439089,0.04296418172937557,-0.0017404972049846826,PCA_RIDGE_VAR,PCA
2025-12-31,2026-01-15,10,PC2,0.002646292360395208,-5.481442220029668e-05,0.0025914779381949115,0.0026735767115322814,-8.20987733373699e-05,PCA_RIDGE_VAR,PCA
2025-12-31,2026-01-15,10,PC3,0.002493533435903848,-3.191514804460954e-05,0.0024616182878592387,0.001658053475478434,0.0008035648123808047,PCA_RIDGE_VAR,PCA
2025-12-31,2026-02-03,22,beta0,0.04929043203662079,-0.0005620295363289723,0.04872840250029182,0.05009631811677043,-0.0013679156164786085,NS_RIDGE,NS
2025-12-31,2026-02-03,22,beta1,-0.011942904729252517,-0.0002605042815187178,-0.012203409010771235,-0.012804742554942433,0.0006013335441711985,NS_RIDGE,NS
2025-12-31,2026-02-03,22,beta2,-0.026572961152246586,0.0007800106936093009,-0.025792950458637286,-0.024715732536224923,-0.0010772179224123636,NS_RIDGE,NS
2025-12-31,2026-02-03,22,beta0,0.04929043203662079,-8.330133768544964e-06,0.049282101902852246,0.05009631811677043,-0.0008142162139181813,NS_ELASTICNET,NS
2025-12-31,2026-02-03,22,beta1,-0.011942904729252517,8.816527556630954e-05,-0.011854739453686208,-0.012804742554942433,0.0009500031012562252,NS_ELASTICNET,NS
2025-12-31,2026-02-03,22,beta2,-0.026572961152246586,-3.4969184315011296e-05,-0.026607930336561596,-0.024715732536224923,-0.0018921978003366736,NS_ELASTICNET,NS
2025-12-31,2026-02-03,22,PC1,0.041907080121829046,-0.0009021954601217739,0.04100488466170727,0.043614594316952325,-0.0026097096552450544,PCA_RIDGE,PCA
2025-12-31,2026-02-03,22,PC2,0.002646292360395208,0.00012197919148738235,0.0027682715518825905,0.003954645279266072,-0.0011863737273834813,PCA_RIDGE,PCA
2025-12-31,2026-02-03,22,PC3,0.002493533435903848,-0.0001060753353328657,0.0023874581005709824,0.002162183208346241,0.00022527489222474127,PCA_RIDGE,PCA
2025-12-31,2026-02-03,22,PC1,0.041907080121829046,-0.0014901077095365103,0.040416972412292536,0.043614594316952325,-0.0031976219046597892,PCA_RIDGE_VAR,PCA
2025-12-31,2026-02-03,22,PC2,0.002646292360395208,-0.0001186472904584168,0.0025276450699367914,0.003954645279266072,-0.0014270002093292804,PCA_RIDGE_VAR,PCA
2025-12-31,2026-02-03,22,PC3,0.002493533435903848,-7.019029105854871e-05,0.0024233431448452995,0.002162183208346241,0.0002611599364990584,PCA_RIDGE_VAR,PCA
2025-12-31,2026-03-06,44,beta0,0.04929043203662079,-0.0005510394403461481,0.04873939259627465,0.04777720454704086,0.0009621880492337864,NS_RIDGE,NS
2025-12-31,2026-03-06,44,beta1,-0.011942904729252517,-0.0018255165560276609,-0.013768421285280177,-0.010059869010698351,-0.0037085522745818264,NS_RIDGE,NS
2025-12-31,2026-03-06,44,beta2,-0.026572961152246586,0.0006316390783651018,-0.025941322073881484,-0.022986250286346488,-0.0029550717875349956,NS_RIDGE,NS
2025-12-31,2026-03-06,44,beta0,0.04929043203662079,-1.5711814048582834e-05,0.04927472022257221,0.04777720454704086,0.001497515675531351,NS_ELASTICNET,NS
2025-12-31,2026-03-06,44,beta1,-0.011942904729252517,0.00017517115695255307,-0.011767733572299963,-0.010059869010698351,-0.0017078645616016123,NS_ELASTICNET,NS
2025-12-31,2026-03-06,44,beta2,-0.026572961152246586,-0.0001129935280104548,-0.02668595468025704,-0.022986250286346488,-0.0036997043939105516,NS_ELASTICNET,NS
2025-12-31,2026-03-06,44,PC1,0.041907080121829046,-0.0030221499513286127,0.03888493017050043,0.042938347255238936,-0.0040534170847385045,PCA_RIDGE,PCA
2025-12-31,2026-03-06,44,PC2,0.002646292360395208,-7.257465302723816e-05,0.00257371770736797,0.0019557738952802294,0.0006179438120877405,PCA_RIDGE,PCA
2025-12-31,2026-03-06,44,PC3,0.002493533435903848,-0.00014345245487730734,0.002350080981026541,0.0019195155874894287,0.0004305653935371121,PCA_RIDGE,PCA
2025-12-31,2026-03-06,44,PC1,0.041907080121829046,-0.002931529272374403,0.03897555084945464,0.042938347255238936,-0.003962796405784293,PCA_RIDGE_VAR,PCA
2025-12-31,2026-03-06,44,PC2,0.002646292360395208,-0.00023057704116533117,0.002415715319229877,0.0019557738952802294,0.0004599414239496477,PCA_RIDGE_VAR,PCA
2025-12-31,2026-03-06,44,PC3,0.002493533435903848,-0.00014012058327616227,0.002353412852627686,0.0019195155874894287,0.0004338972651382572,PCA_RIDGE_VAR,PCA
2025-12-31,2026-04-07,66,beta0,0.04929043203662079,-0.0009500658932241106,0.04834036614339668,0.04782463302525028,0.0005157331181463998,NS_RIDGE,NS
2025-12-31,2026-04-07,66,beta1,-0.011942904729252517,-0.00267994698361185,-0.014622851712864367,-0.010375014182326564,-0.004247837530537804,NS_RIDGE,NS
2025-12-31,2026-04-07,66,beta2,-0.026572961152246586,-0.0006285264646589824,-0.027201487616905568,-0.014275058872946863,-0.012926428743958706,NS_RIDGE,NS
2025-12-31,2026-04-07,66,beta0,0.04929043203662079,-1.3288418410668077e-05,0.049277143618210124,0.04782463302525028,0.001452510592959845,NS_ELASTICNET,NS
2025-12-31,2026-04-07,66,beta1,-0.011942904729252517,0.00025021435923497495,-0.011692690370017541,-0.010375014182326564,-0.0013176761876909776,NS_ELASTICNET,NS
2025-12-31,2026-04-07,66,beta2,-0.026572961152246586,-0.0002255970753385373,-0.026798558227585124,-0.014275058872946863,-0.012523499354638262,NS_ELASTICNET,NS
2025-12-31,2026-04-07,66,PC1,0.041907080121829046,-0.00539797105828421,0.036509109063544834,0.047167092507373144,-0.01065798344382831,PCA_RIDGE,PCA
2025-12-31,2026-04-07,66,PC2,0.002646292360395208,-0.00044551107858932303,0.0022007812818058852,0.004397586747501882,-0.0021968054656959965,PCA_RIDGE,PCA
2025-12-31,2026-04-07,66,PC3,0.002493533435903848,-0.00014491355458646495,0.0023486198813173834,0.0004148248213960981,0.0019337950599212853,PCA_RIDGE,PCA
2025-12-31,2026-04-07,66,PC1,0.041907080121829046,-0.004324954267160307,0.03758212585466874,0.047167092507373144,-0.009584966652704405,PCA_RIDGE_VAR,PCA
2025-12-31,2026-04-07,66,PC2,0.002646292360395208,-0.00033651585376681973,0.0023097765066283885,0.004397586747501882,-0.0020878102408734933,PCA_RIDGE_VAR,PCA
2025-12-31,2026-04-07,66,PC3,0.002493533435903848,-0.00020948897226420867,0.0022840444636396395,0.0004148248213960981,0.0018692196422435414,PCA_RIDGE_VAR,PCA
2026-01-30,2026-02-06,5,beta0,0.05021572990203738,-0.00021655012891108082,0.049999179773126304,0.04992261781596527,7.656195716103376e-05,NS_RIDGE,NS
2026-01-30,2026-02-06,5,beta1,-0.012925133237960344,0.00017186714741485284,-0.012753266090545492,-0.012639655298234055,-0.00011361079231143704,NS_RIDGE,NS
2026-01-30,2026-02-06,5,beta2,-0.02631449473195782,0.000645018051588436,-0.025669476680369386,-0.026849054314533202,0.0011795776341638163,NS_RIDGE,NS
2026-01-30,2026-02-06,5,beta0,0.05021572990203738,-1.418401210926659e-05,0.05020154588992812,0.04992261781596527,0.00027892807396284747,NS_ELASTICNET,NS
2026-01-30,2026-02-06,5,beta1,-0.012925133237960344,5.286185616991995e-06,-0.012919847052343352,-0.012639655298234055,-0.00028019175410929666,NS_ELASTICNET,NS
2026-01-30,2026-02-06,5,beta2,-0.02631449473195782,4.510219101338901e-05,-0.026269392540944434,-0.026849054314533202,0.0005796617735887681,NS_ELASTICNET,NS
2026-01-30,2026-02-06,5,PC1,0.04272346848297976,-8.718387088108137e-05,0.04263628461209868,0.042126150286069815,0.000510134326028866,PCA_RIDGE,PCA
2026-01-30,2026-02-06,5,PC2,0.0036249149884530793,-5.674110441972696e-06,0.0036192408780111067,0.0032021684875627246,0.00041707239044838206,PCA_RIDGE,PCA
2026-01-30,2026-02-06,5,PC3,0.002395179487651082,-0.00013928626911368725,0.002255893218537395,0.0025196478163510994,-0.0002637545978137045,PCA_RIDGE,PCA
2026-01-30,2026-02-06,5,PC1,0.04272346848297976,-0.00033716494998729113,0.04238630353299247,0.042126150286069815,0.000260153246922655,PCA_RIDGE_VAR,PCA
2026-01-30,2026-02-06,5,PC2,0.0036249149884530793,-4.797783896027998e-05,0.0035769371494927993,0.0032021684875627246,0.0003747686619300747,PCA_RIDGE_VAR,PCA
2026-01-30,2026-02-06,5,PC3,0.002395179487651082,-8.236082034570984e-06,0.002386943405616511,0.0025196478163510994,-0.00013270441073458825,PCA_RIDGE_VAR,PCA
2026-01-30,2026-02-13,10,beta0,0.05021572990203738,-9.1622905838453e-05,0.05012410699619893,0.048064468147610596,0.002059638848588334,NS_RIDGE,NS
2026-01-30,2026-02-13,10,beta1,-0.012925133237960344,1.3465108235319477e-05,-0.012911668129725025,-0.010406458764327803,-0.0025052093653972225,NS_RIDGE,NS
2026-01-30,2026-02-13,10,beta2,-0.02631449473195782,0.000493550978338823,-0.025820943753619,-0.028765652816596505,0.0029447090629775054,NS_RIDGE,NS
2026-01-30,2026-02-13,10,beta0,0.05021572990203738,-1.402961482702411e-06,0.05021432694055468,0.048064468147610596,0.002149858792944083,NS_ELASTICNET,NS
2026-01-30,2026-02-13,10,beta1,-0.012925133237960344,3.859565358572492e-05,-0.01288653758437462,-0.010406458764327803,-0.002480078820046817,NS_ELASTICNET,NS
2026-01-30,2026-02-13,10,beta2,-0.02631449473195782,-1.4544769146261845e-05,-0.026329039501104084,-0.028765652816596505,0.002436613315492421,NS_ELASTICNET,NS
2026-01-30,2026-02-13,10,PC1,0.04272346848297976,-0.00022899260339148531,0.042494475879588274,0.03987890596918107,0.002615569910407206,PCA_RIDGE,PCA
2026-01-30,2026-02-13,10,PC2,0.0036249149884530793,0.00010564913276986644,0.0037305641212229458,0.0007281918011228239,0.003002372320100122,PCA_RIDGE,PCA
2026-01-30,2026-02-13,10,PC3,0.002395179487651082,-0.00014536514796027183,0.0022498143396908104,0.0029253803172103864,-0.0006755659775195761,PCA_RIDGE,PCA
2026-01-30,2026-02-13,10,PC1,0.04272346848297976,-0.0006725684034973173,0.042050900079482444,0.03987890596918107,0.0021719941103013757,PCA_RIDGE_VAR,PCA
2026-01-30,2026-02-13,10,PC2,0.0036249149884530793,-9.49434695753826e-05,0.0035299715188776967,0.0007281918011228239,0.002801779717754873,PCA_RIDGE_VAR,PCA
2026-01-30,2026-02-13,10,PC3,0.002395179487651082,-1.678992155434208e-05,0.00237838956609674,0.0029253803172103864,-0.0005469907511136463,PCA_RIDGE_VAR,PCA
2026-01-30,2026-03-04,22,beta0,0.05021572990203738,7.771686076804123e-05,0.05029344676280542,0.04699568845730699,0.00329775830549843,NS_RIDGE,NS
2026-01-30,2026-03-04,22,beta1,-0.012925133237960344,-0.000247157132819969,-0.013172290370780312,-0.008868729829146549,-0.0043035605416337636,NS_RIDGE,NS
2026-01-30,2026-03-04,22,beta2,-0.02631449473195782,-8.166216379166598e-06,-0.026322660948336987,-0.02349810658449346,-0.002824554363843528,NS_RIDGE,NS
2026-01-30,2026-03-04,22,beta0,0.05021572990203738,-4.962599588836406e-06,0.05021076730244855,0.04699568845730699,0.003215078845141557,NS_ELASTICNET,NS
2026-01-30,2026-03-04,22,beta1,-0.012925133237960344,8.22278766828598e-05,-0.012842905361277485,-0.008868729829146549,-0.0039741755321309365,NS_ELASTICNET,NS
2026-01-30,2026-03-04,22,beta2,-0.02631449473195782,-3.0025760393897182e-05,-0.026344520492351718,-0.02349810658449346,-0.00284641390785826,NS_ELASTICNET,NS
2026-01-30,2026-03-04,22,PC1,0.04272346848297976,-0.0007121570476057481,0.04201131143537401,0.04243230751187977,-0.00042099607650575993,PCA_RIDGE,PCA
2026-01-30,2026-03-04,22,PC2,0.0036249149884530793,0.0001852773219018315,0.0038101923103549106,0.000870846100428091,0.0029393462099268197,PCA_RIDGE,PCA
2026-01-30,2026-03-04,22,PC3,0.002395179487651082,-0.0001985702202852375,0.0021966092673658447,0.002033624264477169,0.00016298500288867588,PCA_RIDGE,PCA
2026-01-30,2026-03-04,22,PC1,0.04272346848297976,-0.0014701885466138973,0.041253279936365864,0.04243230751187977,-0.0011790275755139065,PCA_RIDGE_VAR,PCA
2026-01-30,2026-03-04,22,PC2,0.0036249149884530793,-0.00020372079648541116,0.003421194191967668,0.000870846100428091,0.002550348091539577,PCA_RIDGE_VAR,PCA
2026-01-30,2026-03-04,22,PC3,0.002395179487651082,-3.852071423315548e-05,0.0023566587734179267,0.002033624264477169,0.00032303450894075785,PCA_RIDGE_VAR,PCA
2026-01-30,2026-04-03,44,beta0,0.05021572990203738,0.0005420017064858421,0.050757731608523225,0.047547240202386536,0.0032104914061366896,NS_RIDGE,NS
2026-01-30,2026-04-03,44,beta1,-0.012925133237960344,-0.0014018111139329564,-0.0143269443518933,-0.010250249138947053,-0.004076695212946247,NS_RIDGE,NS
2026-01-30,2026-04-03,44,beta2,-0.02631449473195782,-0.0015523762956327718,-0.027866871027590594,-0.011850336471312126,-0.016016534556278467,NS_RIDGE,NS
2026-01-30,2026-04-03,44,beta0,0.05021572990203738,-1.1688042726012048e-05,0.05020404185931137,0.047547240202386536,0.0026568016569248343,NS_ELASTICNET,NS
2026-01-30,2026-04-03,44,beta1,-0.012925133237960344,0.0001586726339919725,-0.012766460603968372,-0.010250249138947053,-0.002516211465021319,NS_ELASTICNET,NS
2026-01-30,2026-04-03,44,beta2,-0.02631449473195782,-9.342742879039701e-05,-0.026407922160748217,-0.011850336471312126,-0.014557585689436091,NS_ELASTICNET,NS
2026-01-30,2026-04-03,44,PC1,0.04272346848297976,-0.003355637716087999,0.039367830766891765,0.047754625635203864,-0.008386794868312099,PCA_RIDGE,PCA
2026-01-30,2026-04-03,44,PC2,0.0036249149884530793,-0.0004784282873786441,0.003146486701074435,0.004795107106725063,-0.0016486204056506276,PCA_RIDGE,PCA
2026-01-30,2026-04-03,44,PC3,0.002395179487651082,-0.00014367497625505146,0.0022515045113960306,-8.46563991465342e-06,0.002259970151310684,PCA_RIDGE,PCA
2026-01-30,2026-04-03,44,PC1,0.04272346848297976,-0.002904638386693456,0.039818830096286305,0.047754625635203864,-0.007935795538917559,PCA_RIDGE_VAR,PCA
2026-01-30,2026-04-03,44,PC2,0.0036249149884530793,-0.0003898387600864122,0.003235076228366667,0.004795107106725063,-0.0015600308783583956,PCA_RIDGE_VAR,PCA
2026-01-30,2026-04-03,44,PC3,0.002395179487651082,-8.21990284048473e-05,0.002312980459246235,-8.46563991465342e-06,0.0023214460991608883,PCA_RIDGE_VAR,PCA
2026-01-30,2026-05-05,66,beta0,0.05021572990203738,-0.0006004703422565187,0.04961525955978086,0.047621958483658945,0.001993301076121917,NS_RIDGE,NS
2026-01-30,2026-05-05,66,beta1,-0.012925133237960344,-0.0008295194632324872,-0.013754652701192832,-0.010630936049873946,-0.0031237166513188863,NS_RIDGE,NS
2026-01-30,2026-05-05,66,beta2,-0.02631449473195782,-0.00334204667672611,-0.029656541408683932,-0.008189743061740777,-0.021466798346943157,NS_RIDGE,NS
2026-01-30,2026-05-05,66,beta0,0.05021572990203738,-1.2032257652709915e-05,0.050203697644384676,0.047621958483658945,0.002581739160725731,NS_ELASTICNET,NS
2026-01-30,2026-05-05,66,beta1,-0.012925133237960344,0.00023356918804880267,-0.01269156404991154,-0.010630936049873946,-0.002060628000037595,NS_ELASTICNET,NS
2026-01-30,2026-05-05,66,beta2,-0.02631449473195782,-0.00019146855068442824,-0.02650596328264225,-0.008189743061740777,-0.018316220220901472,NS_ELASTICNET,NS
2026-01-30,2026-05-05,66,PC1,0.04272346848297976,-0.005952516134606532,0.03677095234837323,0.049250240928996554,-0.012479288580623325,PCA_RIDGE,PCA
2026-01-30,2026-05-05,66,PC2,0.0036249149884530793,-0.001033359793434652,0.0025915551950184273,0.0059441329312395035,-0.003352577736221076,PCA_RIDGE,PCA
2026-01-30,2026-05-05,66,PC3,0.002395179487651082,-0.00012408452792694955,0.0022710949597241326,-0.0006763380859757234,0.002947433045699856,PCA_RIDGE,PCA
2026-01-30,2026-05-05,66,PC1,0.04272346848297976,-0.00430166982781096,0.0384217986551688,0.049250240928996554,-0.010828442273827753,PCA_RIDGE_VAR,PCA
2026-01-30,2026-05-05,66,PC2,0.0036249149884530793,-0.0005606380860407674,0.003064276902412312,0.0059441329312395035,-0.0028798560288271916,PCA_RIDGE_VAR,PCA
2026-01-30,2026-05-05,66,PC3,0.002395179487651082,-0.00012990649134477904,0.002265272996306303,-0.0006763380859757234,0.0029416110822820265,PCA_RIDGE_VAR,PCA
2026-02-27,2026-03-06,5,beta0,0.04669515246892263,-0.00021324861460701486,0.04648190385431561,0.04777720454704086,-0.0012953006927252514,NS_RIDGE,NS
2026-02-27,2026-03-06,5,beta1,-0.008741395447590828,-9.948085777739535e-05,-0.008840876305368223,-0.010059869010698351,0.001218992705330128,NS_RIDGE,NS
2026-02-27,2026-03-06,5,beta2,-0.02834310987254495,0.000833527662212928,-0.027509582210332024,-0.022986250286346488,-0.004523331923985536,NS_RIDGE,NS
2026-02-27,2026-03-06,5,beta0,0.04669515246892263,-2.0790026993134344e-05,0.04667436244192949,0.04777720454704086,-0.0011028421051113707,NS_ELASTICNET,NS
2026-02-27,2026-03-06,5,beta1,-0.008741395447590828,-1.6693571756990316e-06,-0.008743064804766528,-0.010059869010698351,0.0013168042059318232,NS_ELASTICNET,NS
2026-02-27,2026-03-06,5,beta2,-0.02834310987254495,6.812725310710032e-05,-0.028274982619437852,-0.022986250286346488,-0.005288732333091364,NS_ELASTICNET,NS
2026-02-27,2026-03-06,5,PC1,0.0390931995288466,-0.00032614301159845677,0.03876705651724814,0.042633475518762995,-0.0038664190015148536,PCA_RIDGE,PCA
2026-02-27,2026-03-06,5,PC2,-0.0006510779250419366,0.0001323341738223086,-0.0005187437512196281,0.00192101353927817,-0.002439757290497798,PCA_RIDGE,PCA
2026-02-27,2026-03-06,5,PC3,0.002832841231615607,-0.00014218359235788214,0.002690657639257725,0.0018888053805302032,0.0008018522587275216,PCA_RIDGE,PCA
2026-02-27,2026-03-06,5,PC1,0.0390931995288466,-0.0003592494418795597,0.03873395008696704,0.042633475518762995,-0.003899525431795954,PCA_RIDGE_VAR,PCA
2026-02-27,2026-03-06,5,PC2,-0.0006510779250419366,4.3555766077054575e-05,-0.000607522158964882,0.00192101353927817,-0.002528535698243052,PCA_RIDGE_VAR,PCA
2026-02-27,2026-03-06,5,PC3,0.002832841231615607,-4.322245341114488e-05,0.002789618778204462,0.0018888053805302032,0.0009008133976742588,PCA_RIDGE_VAR,PCA
2026-02-27,2026-03-13,10,beta0,0.04669515246892263,-0.0002677564512004903,0.04642739601772214,0.04801137896436611,-0.0015839829466439692,NS_RIDGE,NS
2026-02-27,2026-03-13,10,beta1,-0.008741395447590828,-0.0002534283028489206,-0.00899482375043975,-0.010314677000983274,0.0013198532505435245,NS_RIDGE,NS
2026-02-27,2026-03-13,10,beta2,-0.02834310987254495,0.0008456063575959312,-0.02749750351494902,-0.017761449417978085,-0.009736054096970936,NS_RIDGE,NS
2026-02-27,2026-03-13,10,beta0,0.04669515246892263,-5.0426291585202645e-06,0.046690109839764106,0.04801137896436611,-0.0013212691246020022,NS_ELASTICNET,NS
2026-02-27,2026-03-13,10,beta1,-0.008741395447590828,4.326477566839234e-05,-0.008698130671922436,-0.010314677000983274,0.0016165463290608376,NS_ELASTICNET,NS
2026-02-27,2026-03-13,10,beta2,-0.02834310987254495,-2.1680958798560396e-05,-0.028364790831343512,-0.017761449417978085,-0.010603341413365427,NS_ELASTICNET,NS
2026-02-27,2026-03-13,10,PC1,0.0390931995288466,-0.0006758044510045841,0.03841739507784202,0.045622910907285194,-0.0072055158294431765,PCA_RIDGE,PCA
2026-02-27,2026-03-13,10,PC2,-0.0006510779250419366,0.000170843545693486,-0.0004802343793484506,0.003529227195893672,-0.004009461575242123,PCA_RIDGE,PCA
2026-02-27,2026-03-13,10,PC3,0.002832841231615607,-0.00015515486585854744,0.0026776863657570595,0.0009854030237105554,0.0016922833420465041,PCA_RIDGE,PCA
2026-02-27,2026-03-13,10,PC1,0.0390931995288466,-0.0007132406697193741,0.038379958859127226,0.045622910907285194,-0.007242952048157968,PCA_RIDGE_VAR,PCA
2026-02-27,2026-03-13,10,PC2,-0.0006510779250419366,8.527090429473927e-05,-0.0005658070207471973,0.003529227195893672,-0.004095034216640869,PCA_RIDGE_VAR,PCA
2026-02-27,2026-03-13,10,PC3,0.002832841231615607,-8.531858484230872e-05,0.002747522646773298,0.0009854030237105554,0.0017621196230627428,PCA_RIDGE_VAR,PCA
2026-02-27,2026-03-31,22,beta0,0.04669515246892263,-0.00042609700153638746,0.04626905546738624,0.04741127931594766,-0.0011422238485614203,NS_RIDGE,NS
2026-02-27,2026-03-31,22,beta1,-0.008741395447590828,-0.0006397442402600109,-0.009381139687850839,-0.010028971057924514,0.0006478313700736746,NS_RIDGE,NS
2026-02-27,2026-03-31,22,beta2,-0.02834310987254495,0.0017176187278483543,-0.026625491144696596,-0.014020943489834863,-0.012604547654861733,NS_RIDGE,NS
2026-02-27,2026-03-31,22,beta0,0.04669515246892263,-6.1369593027896895e-06,0.04668901550961984,0.04741127931594766,-0.0007222638063278178,NS_ELASTICNET,NS
2026-02-27,2026-03-31,22,beta1,-0.008741395447590828,8.483284024035848e-05,-0.00865656260735047,-0.010028971057924514,0.0013724084505740437,NS_ELASTICNET,NS
2026-02-27,2026-03-31,22,beta2,-0.02834310987254495,-4.058312624452594e-05,-0.028383692998789477,-0.014020943489834863,-0.014362749508954614,NS_ELASTICNET,NS
2026-02-27,2026-03-31,22,PC1,0.0390931995288466,-0.0011663855283544186,0.03792681400049218,0.046462372382953865,-0.008535558382461686,PCA_RIDGE,PCA
2026-02-27,2026-03-31,22,PC2,-0.0006510779250419366,0.0004213635471321254,-0.0002297143779098112,0.0040436865528182715,-0.004273400930728082,PCA_RIDGE,PCA
2026-02-27,2026-03-31,22,PC3,0.002832841231615607,-0.00030589055431439626,0.002526950677301211,0.000341442290306004,0.0021855083869952068,PCA_RIDGE,PCA
2026-02-27,2026-03-31,22,PC1,0.0390931995288466,-0.0015421123298173939,0.03755108719902921,0.046462372382953865,-0.008911285183924658,PCA_RIDGE_VAR,PCA
2026-02-27,2026-03-31,22,PC2,-0.0006510779250419366,0.00017826983562540903,-0.0004728080894165276,0.0040436865528182715,-0.0045164946422347994,PCA_RIDGE_VAR,PCA
2026-02-27,2026-03-31,22,PC3,0.002832841231615607,-0.00018197184547986056,0.0026508693861357463,0.000341442290306004,0.0023094270958297423,PCA_RIDGE_VAR,PCA
2026-02-27,2026-04-30,44,beta0,0.04669515246892263,0.0004141269774850273,0.04710927944640765,0.04775826617868415,-0.0006489867322765006,NS_RIDGE,NS
2026-02-27,2026-04-30,44,beta1,-0.008741395447590828,-0.002034934042698698,-0.010776329490289525,-0.01085598949769478,7.966000740525399e-05,NS_RIDGE,NS
2026-02-27,2026-04-30,44,beta2,-0.02834310987254495,0.0013288326126174655,-0.027014277259927486,-0.010374442617575431,-0.016639834642352053,NS_RIDGE,NS
2026-02-27,2026-04-30,44,beta0,0.04669515246892263,-9.60892688278814e-06,0.04668554354203984,0.04775826617868415,-0.0010727226366443118,NS_ELASTICNET,NS
2026-02-27,2026-04-30,44,beta1,-0.008741395447590828,0.00015453438471111353,-0.008586861062879715,-0.01085598949769478,0.0022691284348150646,NS_ELASTICNET,NS
2026-02-27,2026-04-30,44,beta2,-0.02834310987254495,-9.81881508598318e-05,-0.028441298023404782,-0.010374442617575431,-0.01806685540582935,NS_ELASTICNET,NS
2026-02-27,2026-04-30,44,PC1,0.0390931995288466,-0.0026408113405899905,0.03645238818825661,0.04792049034623044,-0.011468102157973836,PCA_RIDGE,PCA
2026-02-27,2026-04-30,44,PC2,-0.0006510779250419366,0.0004334427061541265,-0.0002176352188878101,0.005520508348918162,-0.005738143567805972,PCA_RIDGE,PCA
2026-02-27,2026-04-30,44,PC3,0.002832841231615607,-0.0003968485401173216,0.0024359926914982854,-0.0003330085288894783,0.0027690012203877637,PCA_RIDGE,PCA
2026-02-27,2026-04-30,44,PC1,0.0390931995288466,-0.002990304674274462,0.03610289485457214,0.04792049034623044,-0.011817595491658305,PCA_RIDGE_VAR,PCA
2026-02-27,2026-04-30,44,PC2,-0.0006510779250419366,0.0003250289689865643,-0.0003260489560553723,0.005520508348918162,-0.005846557304973535,PCA_RIDGE_VAR,PCA
2026-02-27,2026-04-30,44,PC3,0.002832841231615607,-0.00034443028900423825,0.0024884109426113687,-0.0003330085288894783,0.002821419471500847,PCA_RIDGE_VAR,PCA
2026-02-27,2026-06-02,66,beta0,0.04669515246892263,-0.0013908797204088656,0.04530427274851376,0.046906309962489644,-0.0016020372139758862,NS_RIDGE,NS
2026-02-27,2026-06-02,66,beta1,-0.008741395447590828,-0.0014500060860841752,-0.010191401533675003,-0.009691541812036615,-0.000499859721638388,NS_RIDGE,NS
2026-02-27,2026-06-02,66,beta2,-0.02834310987254495,0.0029299577138102106,-0.025413152158734742,-0.0037642572540088864,-0.021648894904725855,NS_RIDGE,NS
2026-02-27,2026-06-02,66,beta0,0.04669515246892263,-9.675871860799148e-06,0.04668547659706183,0.046906309962489644,-0.00022083336542781662,NS_ELASTICNET,NS
2026-02-27,2026-06-02,66,beta1,-0.008741395447590828,0.00022091590657750946,-0.008520479541013318,-0.009691541812036615,0.0011710622710232963,NS_ELASTICNET,NS
2026-02-27,2026-06-02,66,beta2,-0.02834310987254495,-0.0001850254501326422,-0.028528135322677593,-0.0037642572540088864,-0.024763878068668706,NS_ELASTICNET,NS
2026-02-27,2026-06-02,66,PC1,0.0390931995288466,-0.004342360062736083,0.03475083946611052,0.05112879973696077,-0.016377960270850256,PCA_RIDGE,PCA
2026-02-27,2026-06-02,66,PC2,-0.0006510779250419366,0.0004494026734703576,-0.000201675251571579,0.006315454251361499,-0.006517129502933078,PCA_RIDGE,PCA
2026-02-27,2026-06-02,66,PC3,0.002832841231615607,-0.0007251778259100316,0.002107663405705575,-0.001342157546914904,0.003449820952620479,PCA_RIDGE,PCA
2026-02-27,2026-06-02,66,PC1,0.0390931995288466,-0.004353716389133906,0.034739483139712694,0.05112879973696077,-0.01638931659724808,PCA_RIDGE_VAR,PCA
2026-02-27,2026-06-02,66,PC2,-0.0006510779250419366,0.0004449985889958785,-0.00020607933604605813,0.006315454251361499,-0.006521533587407557,PCA_RIDGE_VAR,PCA
2026-02-27,2026-06-02,66,PC3,0.002832841231615607,-0.0004900048085765517,0.0023428364230390552,-0.001342157546914904,0.0036849939699539593,PCA_RIDGE_VAR,PCA
2026-03-31,2026-04-07,5,beta0,0.04741127931594766,7.033819189208122e-05,0.04748161750783974,0.04782463302525028,-0.0003430155174105401,NS_RIDGE,NS
2026-03-31,2026-04-07,5,beta1,-0.010028971057924514,-0.00016595716419995756,-0.01019492822212447,-0.010375014182326564,0.00018008596020209315,NS_RIDGE,NS
2026-03-31,2026-04-07,5,beta2,-0.014020943489834863,1.7881321246007514e-05,-0.014003062168588855,-0.014275058872946863,0.0002719967043580077,NS_RIDGE,NS
2026-03-31,2026-04-07,5,beta0,0.04741127931594766,-1.2231537082501216e-06,0.04741005616223941,0.04782463302525028,-0.00041457686301087093,NS_ELASTICNET,NS
2026-03-31,2026-04-07,5,beta1,-0.010028971057924514,2.012454646945158e-05,-0.010008846511455062,-0.010375014182326564,0.0003661676708715013,NS_ELASTICNET,NS
2026-03-31,2026-04-07,5,beta2,-0.014020943489834863,1.103708586109464e-05,-0.014009906403973768,-0.014275058872946863,0.00026515246897309414,NS_ELASTICNET,NS
2026-03-31,2026-04-07,5,PC1,0.04627835018905997,-0.00012730455456611857,0.046151045634493855,0.046678811856414884,-0.0005277662219210291,PCA_RIDGE,PCA
2026-03-31,2026-04-07,5,PC2,0.004017395585515189,8.962152657542765e-05,0.004107017112090617,0.00433393440644873,-0.00022691729435811263,PCA_RIDGE,PCA
2026-03-31,2026-04-07,5,PC3,0.00033350974241805635,2.667430950520335e-05,0.0003601840519232597,0.000373651587161938,-1.3467535238678328e-05,PCA_RIDGE,PCA
2026-03-31,2026-04-07,5,PC1,0.04627835018905997,-9.560597544838734e-05,0.046182744213611585,0.046678811856414884,-0.0004960676428032995,PCA_RIDGE_VAR,PCA
2026-03-31,2026-04-07,5,PC2,0.004017395585515189,-0.00012799847640441444,0.003889397109110775,0.00433393440644873,-0.0004445372973379551,PCA_RIDGE_VAR,PCA
2026-03-31,2026-04-07,5,PC3,0.00033350974241805635,5.674692842973781e-05,0.00039025667084779416,0.000373651587161938,1.6605083685856145e-05,PCA_RIDGE_VAR,PCA
2026-03-31,2026-04-14,10,beta0,0.04741127931594766,7.418448361912416e-06,0.04741869776430957,0.04708423226184502,0.0003344655024645482,NS_RIDGE,NS
2026-03-31,2026-04-14,10,beta1,-0.010028971057924514,8.633766563355947e-06,-0.010020337291361158,-0.009334727670181878,-0.0006856096211792801,NS_RIDGE,NS
2026-03-31,2026-04-14,10,beta2,-0.014020943489834863,-0.0002165700450919264,-0.014237513534926789,-0.015422682072067768,0.0011851685371409796,NS_RIDGE,NS
2026-03-31,2026-04-14,10,beta0,0.04741127931594766,-4.857888524945469e-06,0.04740642142742271,0.04708423226184502,0.00032218916557769095,NS_ELASTICNET,NS
2026-03-31,2026-04-14,10,beta1,-0.010028971057924514,4.265461311717632e-05,-0.009986316444807337,-0.009334727670181878,-0.0006515887746254591,NS_ELASTICNET,NS
2026-03-31,2026-04-14,10,beta2,-0.014020943489834863,4.966294507976826e-06,-0.014015977195326886,-0.015422682072067768,0.001406704876740883,NS_ELASTICNET,NS
2026-03-31,2026-04-14,10,PC1,0.04627835018905997,-0.00012610447928771632,0.046152245709772256,0.04584271165953499,0.00030953405023726593,PCA_RIDGE,PCA
2026-03-31,2026-04-14,10,PC2,0.004017395585515189,-0.00010450767130802133,0.003912887914207168,0.0031815422567834616,0.0007313456574237062,PCA_RIDGE,PCA
2026-03-31,2026-04-14,10,PC3,0.00033350974241805635,9.76369236799157e-05,0.00043114666609797206,0.0005832525040778674,-0.0001521058379798953,PCA_RIDGE,PCA
2026-03-31,2026-04-14,10,PC1,0.04627835018905997,-0.00019672378882310687,0.046081626400236865,0.04584271165953499,0.00023891474070187463,PCA_RIDGE_VAR,PCA
2026-03-31,2026-04-14,10,PC2,0.004017395585515189,-0.0002515165364881636,0.0037658790490270257,0.0031815422567834616,0.0005843367922435641,PCA_RIDGE_VAR,PCA
2026-03-31,2026-04-14,10,PC3,0.00033350974241805635,0.00011107145933595216,0.0004445812017540085,0.0005832525040778674,-0.00013867130232385886,PCA_RIDGE_VAR,PCA
2026-03-31,2026-04-30,22,beta0,0.04741127931594766,-2.588202009042985e-05,0.04738539729585723,0.04775826617868415,-0.0003728688828269211,NS_RIDGE,NS
2026-03-31,2026-04-30,22,beta1,-0.010028971057924514,-4.105762189516668e-05,-0.01007002867981968,-0.01085598949769478,0.0007859608178750997,NS_RIDGE,NS
2026-03-31,2026-04-30,22,beta2,-0.014020943489834863,0.00024593603562813357,-0.01377500745420673,-0.010374442617575431,-0.003400564836631299,NS_RIDGE,NS
2026-03-31,2026-04-30,22,beta0,0.04741127931594766,-1.1116434722252535e-05,0.04740016288122541,0.04775826617868415,-0.00035810329745874364,NS_ELASTICNET,NS
2026-03-31,2026-04-30,22,beta1,-0.010028971057924514,9.057676998544442e-05,-0.00993839428793907,-0.01085598949769478,0.0009175952097557095,NS_ELASTICNET,NS
2026-03-31,2026-04-30,22,beta2,-0.014020943489834863,-3.920523201310983e-06,-0.014024864013036174,-0.010374442617575431,-0.003650421395460743,NS_ELASTICNET,NS
2026-03-31,2026-04-30,22,PC1,0.04627835018905997,-7.68411115381935e-05,0.046201509077521775,0.047736876327744995,-0.00153536725022322,PCA_RIDGE,PCA
2026-03-31,2026-04-30,22,PC2,0.004017395585515189,-4.073940076592994e-05,0.00397665618474926,0.005493745398159829,-0.0015170892134105697,PCA_RIDGE,PCA
2026-03-31,2026-04-30,22,PC3,0.00033350974241805635,2.9372446920497022e-05,0.0003628821893385534,-0.0003411405681560415,0.0007040227574945949,PCA_RIDGE,PCA
2026-03-31,2026-04-30,22,PC1,0.04627835018905997,-0.00046039194735884165,0.04581795824170113,0.047736876327744995,-0.001918918086043865,PCA_RIDGE_VAR,PCA
2026-03-31,2026-04-30,22,PC2,0.004017395585515189,-0.0005306368687381766,0.0034867587167770127,0.005493745398159829,-0.0020069866813828166,PCA_RIDGE_VAR,PCA
2026-03-31,2026-04-30,22,PC3,0.00033350974241805635,0.00023209413577871842,0.0005656038781967748,-0.0003411405681560415,0.0009067444463528163,PCA_RIDGE_VAR,PCA
2026-03-31,2026-06-02,44,beta0,0.04741127931594766,0.0005280566363294057,0.04793933595227706,0.046906309962489644,0.0010330259897874186,NS_RIDGE,NS
2026-03-31,2026-06-02,44,beta1,-0.010028971057924514,-0.0007144763001249466,-0.01074344735804946,-0.009691541812036615,-0.0010519055460128449,NS_RIDGE,NS
2026-03-31,2026-06-02,44,beta2,-0.014020943489834863,-0.001102534888677375,-0.015123478378512238,-0.0037642572540088864,-0.011359221124503351,NS_RIDGE,NS
2026-03-31,2026-06-02,44,beta0,0.04741127931594766,-1.5049740553457295e-05,0.0473962295753942,0.046906309962489644,0.0004899196129045588,NS_ELASTICNET,NS
2026-03-31,2026-06-02,44,beta1,-0.010028971057924514,0.00016209068812820176,-0.009866880369796311,-0.009691541812036615,-0.00017533855775969664,NS_ELASTICNET,NS
2026-03-31,2026-06-02,44,beta2,-0.014020943489834863,-7.106701038838095e-05,-0.014092010500223243,-0.0037642572540088864,-0.010327753246214356,NS_ELASTICNET,NS
2026-03-31,2026-06-02,44,PC1,0.04627835018905997,0.0007843036823701765,0.047062653871430146,0.05094537451577576,-0.003882720644345611,PCA_RIDGE,PCA
2026-03-31,2026-06-02,44,PC2,0.004017395585515189,0.00034650611292297577,0.004363901698438165,0.006287683757236172,-0.001923782058798007,PCA_RIDGE,PCA
2026-03-31,2026-06-02,44,PC3,0.00033350974241805635,0.0003406652590677245,0.0006741750014857808,-0.0013504943500803421,0.002024669351566123,PCA_RIDGE,PCA
2026-03-31,2026-06-02,44,PC1,0.04627835018905997,-0.0010117351956127688,0.0452666149934472,0.05094537451577576,-0.005678759522328554,PCA_RIDGE_VAR,PCA
2026-03-31,2026-06-02,44,PC2,0.004017395585515189,-0.000984581928506131,0.0030328136570090584,0.006287683757236172,-0.0032548701002271135,PCA_RIDGE_VAR,PCA
2026-03-31,2026-06-02,44,PC3,0.00033350974241805635,0.0004228261770542022,0.0007563359194722585,-0.0013504943500803421,0.002106830269552601,PCA_RIDGE_VAR,PCA
2026-04-30,2026-05-07,5,beta0,0.04775826617868415,-3.722533973548673e-05,0.04772104083894867,0.04746850576274953,0.00025253507619913546,NS_RIDGE,NS
2026-04-30,2026-05-07,5,beta1,-0.01085598949769478,0.00013985541177194234,-0.010716134085922837,-0.01041707179275865,-0.0002990622931641866,NS_RIDGE,NS
2026-04-30,2026-05-07,5,beta2,-0.010374442617575431,-0.00034145289069544975,-0.010715895508270882,-0.008962503881315975,-0.0017533916269549064,NS_RIDGE,NS
2026-04-30,2026-05-07,5,beta0,0.04775826617868415,-2.4854235046000814e-06,0.04775578075517955,0.04746850576274953,0.0002872749924300172,NS_ELASTICNET,NS
2026-04-30,2026-05-07,5,beta1,-0.01085598949769478,2.1209407531321345e-05,-0.010834780090163459,-0.01041707179275865,-0.0004177082974048084,NS_ELASTICNET,NS
2026-04-30,2026-05-07,5,beta2,-0.010374442617575431,1.7437869529993092e-06,-0.010372698830622432,-0.008962503881315975,-0.0014101949493064564,NS_ELASTICNET,NS
2026-04-30,2026-05-07,5,PC1,0.04755033076293077,6.8956377764149e-05,0.04761928714069492,0.04827225262890523,-0.0006529654882103109,PCA_RIDGE,PCA
2026-04-30,2026-05-07,5,PC2,0.005456902366899473,-0.00014179619410484377,0.005315106172794629,0.005484801681262596,-0.0001696955084679666,PCA_RIDGE,PCA
2026-04-30,2026-05-07,5,PC3,-0.0003438161058433854,9.261241944514307e-05,-0.00025120368639824236,-0.0005770062817937148,0.00032580259539547244,PCA_RIDGE,PCA
2026-04-30,2026-05-07,5,PC1,0.04755033076293077,-2.632059893277472e-05,0.047524010163997994,0.04827225262890523,-0.0007482424649072339,PCA_RIDGE_VAR,PCA
2026-04-30,2026-05-07,5,PC2,0.005456902366899473,-0.0001764342796520199,0.005280468087247453,0.005484801681262596,-0.00020433359401514275,PCA_RIDGE_VAR,PCA
2026-04-30,2026-05-07,5,PC3,-0.0003438161058433854,8.378507509491462e-05,-0.0002600310307484708,-0.0005770062817937148,0.000316975251045244,PCA_RIDGE_VAR,PCA
2026-04-30,2026-05-14,10,beta0,0.04775826617868415,-0.0001470394521697488,0.047611226726514404,0.047348953278652565,0.00026227344786183826,NS_RIDGE,NS
2026-04-30,2026-05-14,10,beta1,-0.01085598949769478,0.0002852783460100467,-0.010570711151684732,-0.010555477793505248,-1.523335817948425e-05,NS_RIDGE,NS
2026-04-30,2026-05-14,10,beta2,-0.010374442617575431,-0.0002324085233728105,-0.010606851140948241,-0.005216754340210882,-0.00539009680073736,NS_RIDGE,NS
2026-04-30,2026-05-14,10,beta0,0.04775826617868415,-4.595393136176185e-06,0.04775367078554797,0.047348953278652565,0.0004047175068954065,NS_ELASTICNET,NS
2026-04-30,2026-05-14,10,beta1,-0.01085598949769478,4.1527109733939136e-05,-0.010814462387960841,-0.010555477793505248,-0.0002589845944555927,NS_ELASTICNET,NS
2026-04-30,2026-05-14,10,beta2,-0.010374442617575431,2.8065387730798376e-06,-0.010371636078802352,-0.005216754340210882,-0.00515488173859147,NS_ELASTICNET,NS
2026-04-30,2026-05-14,10,PC1,0.04755033076293077,0.00019480153272422268,0.04774513229565499,0.049699467122630535,-0.0019543348269755456,PCA_RIDGE,PCA
2026-04-30,2026-05-14,10,PC2,0.005456902366899473,-0.00022984365946133174,0.005227058707438142,0.0064526166784475356,-0.001225557971009394,PCA_RIDGE,PCA
2026-04-30,2026-05-14,10,PC3,-0.0003438161058433854,0.00010758224746755835,-0.00023623385837582707,-0.0012169369205816266,0.0009807030622057996,PCA_RIDGE,PCA
2026-04-30,2026-05-14,10,PC1,0.04755033076293077,-6.100846281696659e-05,0.0474893223001138,0.049699467122630535,-0.0022101448225167325,PCA_RIDGE_VAR,PCA
2026-04-30,2026-05-14,10,PC2,0.005456902366899473,-0.0003466214004831736,0.0051102809664162994,0.0064526166784475356,-0.0013423357120312361,PCA_RIDGE_VAR,PCA
2026-04-30,2026-05-14,10,PC3,-0.0003438161058433854,0.0001641667102973394,-0.00017964939554604602,-0.0012169369205816266,0.0010372875250355806,PCA_RIDGE_VAR,PCA
2026-04-30,2026-06-02,22,beta0,0.04775826617868415,-1.799683441744371e-05,0.04774026934426671,0.046906309962489644,0.0008339593817770635,NS_RIDGE,NS
2026-04-30,2026-06-02,22,beta1,-0.01085598949769478,0.00012398051825155115,-0.010732008979443229,-0.009691541812036615,-0.0010404671674066144,NS_RIDGE,NS
2026-04-30,2026-06-02,22,beta2,-0.010374442617575431,-0.0007503890348377693,-0.0111248316524132,-0.0037642572540088864,-0.007360574398404313,NS_RIDGE,NS
2026-04-30,2026-06-02,22,beta0,0.04775826617868415,-1.0783007256941091e-05,0.04774748317142721,0.046906309962489644,0.0008411732089375693,NS_ELASTICNET,NS
2026-04-30,2026-06-02,22,beta1,-0.01085598949769478,8.807935123046849e-05,-0.010767910146464311,-0.009691541812036615,-0.0010763683344276968,NS_ELASTICNET,NS
2026-04-30,2026-06-02,22,beta2,-0.010374442617575431,1.1185360398140471e-05,-0.01036325725717729,-0.0037642572540088864,-0.006599000003168404,NS_ELASTICNET,NS
2026-04-30,2026-06-02,22,PC1,0.04755033076293077,0.0004187100415778526,0.047969040804508624,0.05075917108690139,-0.0027901302823927637,PCA_RIDGE,PCA
2026-04-30,2026-06-02,22,PC2,0.005456902366899473,-0.0004207081832501167,0.005036194183649356,0.006249515082254468,-0.0012133208986051117,PCA_RIDGE,PCA
2026-04-30,2026-06-02,22,PC3,-0.0003438161058433854,0.00024065035059574118,-0.00010316575524764424,-0.0013532618993447564,0.001250096144097112,PCA_RIDGE,PCA
2026-04-30,2026-06-02,22,PC1,0.04755033076293077,-0.00017628287400945492,0.047374047888921314,0.05075917108690139,-0.0033851231979800736,PCA_RIDGE_VAR,PCA
2026-04-30,2026-06-02,22,PC2,0.005456902366899473,-0.0007309191764142053,0.004725983190485268,0.006249515082254468,-0.0015235318917692,PCA_RIDGE_VAR,PCA
2026-04-30,2026-06-02,22,PC3,-0.0003438161058433854,0.0003439334266252485,1.1732078186309398e-07,-0.0013532618993447564,0.0013533792201266194,PCA_RIDGE_VAR,PCA
2026-05-29,2026-06-05,5,beta0,0.046951457499465346,2.7166119900809595e-05,0.04697862361936615,0.04686122580364877,0.00011739781571738078,NS_RIDGE,NS
2026-05-29,2026-06-05,5,beta1,-0.01011771070261383,-8.304895862963312e-05,-0.010200759661243463,-0.009855066959094395,-0.00034569270214906793,NS_RIDGE,NS
2026-05-29,2026-06-05,5,beta2,-0.0046240838053259285,-0.00022498789918992337,-0.004849071704515852,0.0009772379032709747,-0.005826309607786826,NS_RIDGE,NS
2026-05-29,2026-06-05,5,beta0,0.046951457499465346,9.785334196716242e-06,0.04696124283366206,0.04686122580364877,0.00010001703001329132,NS_ELASTICNET,NS
2026-05-29,2026-06-05,5,beta1,-0.01011771070261383,3.94959929011511e-05,-0.01007821470971268,-0.009855066959094395,-0.00022314775061828447,NS_ELASTICNET,NS
2026-05-29,2026-06-05,5,beta2,-0.0046240838053259285,-3.1453551183005845e-05,-0.004655537356508935,0.0009772379032709747,-0.005632775259779909,NS_ELASTICNET,NS
2026-05-29,2026-06-05,5,PC1,0.049505125240041206,-7.842106754700256e-05,0.0494267041724942,0.05270172799336101,-0.003275023820866807,PCA_RIDGE,PCA
2026-05-29,2026-06-05,5,PC2,0.006150687264511257,-1.677389554652525e-05,0.0061339133689647315,0.007473801939412942,-0.0013398885704482104,PCA_RIDGE,PCA
2026-05-29,2026-06-05,5,PC3,-0.001284726173829872,5.1523715083029236e-05,-0.001233202458746843,-0.002154401825452946,0.0009211993667061029,PCA_RIDGE,PCA
2026-05-29,2026-06-05,5,PC1,0.049505125240041206,7.973615963795255e-05,0.04958486139967916,0.05270172799336101,-0.0031168665936818496,PCA_RIDGE_VAR,PCA
2026-05-29,2026-06-05,5,PC2,0.006150687264511257,-0.00022193853264785516,0.005928748731863402,0.007473801939412942,-0.0015450532075495403,PCA_RIDGE_VAR,PCA
2026-05-29,2026-06-05,5,PC3,-0.001284726173829872,0.00011558905900625727,-0.0011691371148236148,-0.002154401825452946,0.000985264710629331,PCA_RIDGE_VAR,PCA
2026-05-29,2026-06-12,10,beta0,0.046951457499465346,-6.401642352644793e-05,0.046887441075938896,0.04683593737270446,5.1503703234437315e-05,NS_RIDGE,NS
2026-05-29,2026-06-12,10,beta1,-0.01011771070261383,0.0001383353247566834,-0.009979375377857147,-0.009442657222667395,-0.0005367181551897519,NS_RIDGE,NS
2026-05-29,2026-06-12,10,beta2,-0.0046240838053259285,-0.0003863190505778456,-0.005010402855903774,-0.0025859353139257722,-0.0024244675419780016,NS_RIDGE,NS
2026-05-29,2026-06-12,10,beta0,0.046951457499465346,-4.12781921285685e-06,0.04694732968025249,0.04683593737270446,0.00011139230754803053,NS_ELASTICNET,NS
2026-05-29,2026-06-12,10,beta1,-0.01011771070261383,3.9552255026803864e-05,-0.010078158447587027,-0.009442657222667395,-0.0006355012249196317,NS_ELASTICNET,NS
2026-05-29,2026-06-12,10,beta2,-0.0046240838053259285,2.2556142699003986e-05,-0.004601527662626925,-0.0025859353139257722,-0.0020155923487011527,NS_ELASTICNET,NS
2026-05-29,2026-06-12,10,PC1,0.049505125240041206,8.705541283675824e-05,0.04959218065287797,0.05145134424386891,-0.0018591635909909407,PCA_RIDGE,PCA
2026-05-29,2026-06-12,10,PC2,0.006150687264511257,-0.000202081541260105,0.005948605723251152,0.00636744921905422,-0.0004188434958030682,PCA_RIDGE,PCA
2026-05-29,2026-06-12,10,PC3,-0.001284726173829872,0.00011547421985055726,-0.0011692519539793149,-0.0015358738529850646,0.00036662189900574975,PCA_RIDGE,PCA
2026-05-29,2026-06-12,10,PC1,0.049505125240041206,0.00014763621936710047,0.04965276145940831,0.05145134424386891,-0.0017985827844606006,PCA_RIDGE_VAR,PCA
2026-05-29,2026-06-12,10,PC2,0.006150687264511257,-0.00043578396858281934,0.0057149032959284375,0.00636744921905422,-0.0006525459231257824,PCA_RIDGE_VAR,PCA
2026-05-29,2026-06-12,10,PC3,-0.001284726173829872,0.00022671130434310485,-0.0010580148694867672,-0.0015358738529850646,0.0004778589834982974,PCA_RIDGE_VAR,PCA
