"DATE","TIME PERIOD","AAA yield curve - 6-month spot rate (YC.B.U2.EUR.4F.G_N_A.SV_C_YM.SR_6M)"
"2004-09-06","06 Sep 2004","2.121920"
"2004-09-07","07 Sep 2004","2.138822"
"2004-09-08","08 Sep 2004","2.148064"
"2004-09-09","09 Sep 2004","2.128935"
"2004-09-10","10 Sep 2004","2.111976"
"2004-09-13","13 Sep 2004","2.131144"
"2004-09-14","14 Sep 2004","2.124443"
"2004-09-15","15 Sep 2004","2.126959"
"2004-09-16","16 Sep 2004","2.135471"
"2004-09-17","17 Sep 2004","2.126023"
"2004-09-20","20 Sep 2004","2.123791"
"2004-09-21","21 Sep 2004","2.130554"
"2004-09-22","22 Sep 2004","2.132050"
"2004-09-23","23 Sep 2004","2.107439"
"2004-09-24","24 Sep 2004","2.131471"
"2004-09-27","27 Sep 2004","2.124938"
"2004-09-28","28 Sep 2004","2.122824"
"2004-09-29","29 Sep 2004","2.138307"
"2004-09-30","30 Sep 2004","2.116390"
"2004-10-01","01 Oct 2004","2.131500"
"2004-10-04","04 Oct 2004","2.137134"
"2004-10-05","05 Oct 2004","2.131807"
"2004-10-06","06 Oct 2004","2.133269"
"2004-10-07","07 Oct 2004","2.132517"
"2004-10-08","08 Oct 2004","2.101749"
"2004-10-11","11 Oct 2004","2.109539"
"2004-10-12","12 Oct 2004","2.096446"
"2004-10-13","13 Oct 2004","2.108038"
"2004-10-14","14 Oct 2004","2.098976"
"2004-10-15","15 Oct 2004","2.091080"
"2004-10-18","18 Oct 2004","2.089644"
"2004-10-19","19 Oct 2004","2.096317"
"2004-10-20","20 Oct 2004","2.089589"
"2004-10-21","21 Oct 2004","2.094598"
"2004-10-22","22 Oct 2004","2.101940"
"2004-10-25","25 Oct 2004","2.090276"
"2004-10-26","26 Oct 2004","2.094027"
"2004-10-27","27 Oct 2004","2.101514"
"2004-10-28","28 Oct 2004","2.119727"
"2004-10-29","29 Oct 2004","2.116658"
"2004-11-01","01 Nov 2004","2.110158"
"2004-11-02","02 Nov 2004","2.121072"
"2004-11-03","03 Nov 2004","2.088275"
"2004-11-04","04 Nov 2004","2.077968"
"2004-11-05","05 Nov 2004","2.064720"
"2004-11-08","08 Nov 2004","2.049178"
"2004-11-09","09 Nov 2004","2.155478"
"2004-11-10","10 Nov 2004","2.150742"
"2004-11-11","11 Nov 2004","2.146348"
"2004-11-12","12 Nov 2004","2.137755"
"2004-11-15","15 Nov 2004","2.141961"
"2004-11-16","16 Nov 2004","2.148300"
"2004-11-17","17 Nov 2004","2.149023"
"2004-11-18","18 Nov 2004","2.158857"
"2004-11-19","19 Nov 2004","2.155637"
"2004-11-22","22 Nov 2004","2.149435"
"2004-11-23","23 Nov 2004","2.152279"
"2004-11-24","24 Nov 2004","2.141848"
"2004-11-25","25 Nov 2004","2.123750"
"2004-11-26","26 Nov 2004","2.118749"
"2004-11-29","29 Nov 2004","2.133590"
"2004-11-30","30 Nov 2004","2.120506"
"2004-12-01","01 Dec 2004","2.107383"
"2004-12-02","02 Dec 2004","2.131048"
"2004-12-03","03 Dec 2004","2.124046"
"2004-12-06","06 Dec 2004","2.098462"
"2004-12-07","07 Dec 2004","2.097989"
"2004-12-08","08 Dec 2004","2.107320"
"2004-12-09","09 Dec 2004","2.097937"
"2004-12-10","10 Dec 2004","2.112118"
"2004-12-13","13 Dec 2004","2.103902"
"2004-12-14","14 Dec 2004","2.110505"
"2004-12-15","15 Dec 2004","2.107797"
"2004-12-16","16 Dec 2004","2.117882"
"2004-12-17","17 Dec 2004","2.128743"
"2004-12-20","20 Dec 2004","2.125176"
"2004-12-21","21 Dec 2004","2.172712"
"2004-12-22","22 Dec 2004","2.141435"
"2004-12-23","23 Dec 2004","2.125536"
"2004-12-24","24 Dec 2004","2.117529"
"2004-12-27","27 Dec 2004","2.130116"
"2004-12-28","28 Dec 2004","2.163453"
"2004-12-29","29 Dec 2004","2.147020"
"2004-12-30","30 Dec 2004","2.138509"
"2004-12-31","31 Dec 2004","2.123408"
"2005-01-03","03 Jan 2005","2.151024"
"2005-01-04","04 Jan 2005","2.115073"
"2005-01-05","05 Jan 2005","2.126695"
"2005-01-06","06 Jan 2005","2.107919"
"2005-01-07","07 Jan 2005","2.092720"
"2005-01-10","10 Jan 2005","2.081488"
"2005-01-11","11 Jan 2005","2.107914"
"2005-01-12","12 Jan 2005","2.108843"
"2005-01-13","13 Jan 2005","2.090332"
"2005-01-14","14 Jan 2005","2.097316"
"2005-01-17","17 Jan 2005","2.090850"
"2005-01-18","18 Jan 2005","2.098213"
"2005-01-19","19 Jan 2005","2.096583"
"2005-01-20","20 Jan 2005","2.103821"
"2005-01-21","21 Jan 2005","2.102004"
"2005-01-24","24 Jan 2005","2.090668"
"2005-01-25","25 Jan 2005","2.086456"
"2005-01-26","26 Jan 2005","2.090734"
"2005-01-27","27 Jan 2005","2.098911"
"2005-01-28","28 Jan 2005","2.091896"
"2005-01-31","31 Jan 2005","2.095832"
"2005-02-01","01 Feb 2005","2.083235"
"2005-02-02","02 Feb 2005","2.096517"
"2005-02-03","03 Feb 2005","2.111138"
"2005-02-04","04 Feb 2005","2.099126"
"2005-02-07","07 Feb 2005","2.100381"
"2005-02-08","08 Feb 2005","2.110072"
"2005-02-09","09 Feb 2005","2.099191"
"2005-02-10","10 Feb 2005","2.091237"
"2005-02-11","11 Feb 2005","2.091708"
"2005-02-14","14 Feb 2005","2.098889"
"2005-02-15","15 Feb 2005","2.099635"
"2005-02-16","16 Feb 2005","2.095752"
"2005-02-17","17 Feb 2005","2.101700"
"2005-02-18","18 Feb 2005","2.098383"
"2005-02-21","21 Feb 2005","2.105611"
"2005-02-22","22 Feb 2005","2.106764"
"2005-02-23","23 Feb 2005","2.105903"
"2005-02-24","24 Feb 2005","2.111915"
"2005-02-25","25 Feb 2005","2.119394"
"2005-02-28","28 Feb 2005","2.114147"
"2005-03-01","01 Mar 2005","2.112756"
"2005-03-02","02 Mar 2005","2.115017"
"2005-03-03","03 Mar 2005","2.104250"
"2005-03-04","04 Mar 2005","2.095362"
"2005-03-07","07 Mar 2005","2.087306"
"2005-03-08","08 Mar 2005","2.088632"
"2005-03-09","09 Mar 2005","2.098688"
"2005-03-10","10 Mar 2005","2.097612"
"2005-03-11","11 Mar 2005","2.095335"
"2005-03-14","14 Mar 2005","2.097975"
"2005-03-15","15 Mar 2005","2.097269"
"2005-03-16","16 Mar 2005","2.111296"
"2005-03-17","17 Mar 2005","2.116883"
"2005-03-18","18 Mar 2005","2.118658"
"2005-03-21","21 Mar 2005","2.126148"
"2005-03-22","22 Mar 2005","2.129770"
"2005-03-23","23 Mar 2005","2.141504"
"2005-03-24","24 Mar 2005","2.144396"
"2005-03-29","29 Mar 2005","2.142005"
"2005-03-30","30 Mar 2005","2.140951"
"2005-03-31","31 Mar 2005","2.112075"
"2005-04-01","01 Apr 2005","2.097232"
"2005-04-04","04 Apr 2005","2.111233"
"2005-04-05","05 Apr 2005","2.111949"
"2005-04-06","06 Apr 2005","2.107247"
"2005-04-07","07 Apr 2005","2.091329"
"2005-04-08","08 Apr 2005","2.091533"
"2005-04-11","11 Apr 2005","2.084486"
"2005-04-12","12 Apr 2005","2.085384"
"2005-04-13","13 Apr 2005","2.084440"
"2005-04-14","14 Apr 2005","2.081663"
"2005-04-15","15 Apr 2005","2.061872"
"2005-04-18","18 Apr 2005","2.050528"
"2005-04-19","19 Apr 2005","2.052560"
"2005-04-20","20 Apr 2005","2.055849"
"2005-04-21","21 Apr 2005","2.063740"
"2005-04-22","22 Apr 2005","2.048258"
"2005-04-25","25 Apr 2005","2.051538"
"2005-04-26","26 Apr 2005","2.045984"
"2005-04-27","27 Apr 2005","2.039547"
"2005-04-28","28 Apr 2005","2.032511"
"2005-04-29","29 Apr 2005","2.038488"
"2005-05-02","02 May 2005","2.034849"
"2005-05-03","03 May 2005","2.024520"
"2005-05-04","04 May 2005","2.031082"
"2005-05-05","05 May 2005","2.027680"
"2005-05-06","06 May 2005","2.031289"
"2005-05-09","09 May 2005","2.031318"
"2005-05-10","10 May 2005","2.024212"
"2005-05-11","11 May 2005","2.027530"
"2005-05-12","12 May 2005","2.031919"
"2005-05-13","13 May 2005","2.032186"
"2005-05-16","16 May 2005","2.037020"
"2005-05-17","17 May 2005","2.034880"
"2005-05-18","18 May 2005","2.030804"
"2005-05-19","19 May 2005","2.034225"
"2005-05-20","20 May 2005","2.042359"
"2005-05-23","23 May 2005","2.044955"
"2005-05-24","24 May 2005","2.033248"
"2005-05-25","25 May 2005","2.026436"
"2005-05-26","26 May 2005","2.032011"
"2005-05-27","27 May 2005","2.030889"
"2005-05-30","30 May 2005","2.030535"
"2005-05-31","31 May 2005","2.014054"
"2005-06-01","01 Jun 2005","1.985904"
"2005-06-02","02 Jun 2005","2.014352"
"2005-06-03","03 Jun 2005","2.017337"
"2005-06-06","06 Jun 2005","2.017863"
"2005-06-07","07 Jun 2005","2.014479"
"2005-06-08","08 Jun 2005","2.005583"
"2005-06-09","09 Jun 2005","2.012474"
"2005-06-10","10 Jun 2005","2.011135"
"2005-06-13","13 Jun 2005","2.003903"
"2005-06-14","14 Jun 2005","2.001537"
"2005-06-15","15 Jun 2005","2.009788"
"2005-06-16","16 Jun 2005","2.012162"
"2005-06-17","17 Jun 2005","2.011926"
"2005-06-20","20 Jun 2005","2.001633"
"2005-06-21","21 Jun 2005","1.977160"
"2005-06-22","22 Jun 2005","1.970317"
"2005-06-23","23 Jun 2005","1.971285"
"2005-06-24","24 Jun 2005","1.975795"
"2005-06-27","27 Jun 2005","1.975809"
"2005-06-28","28 Jun 2005","1.985755"
"2005-06-29","29 Jun 2005","1.984068"
"2005-06-30","30 Jun 2005","1.989968"
"2005-07-01","01 Jul 2005","1.993616"
"2005-07-04","04 Jul 2005","2.012481"
"2005-07-05","05 Jul 2005","2.020501"
"2005-07-06","06 Jul 2005","2.019668"
"2005-07-07","07 Jul 2005","2.002620"
"2005-07-08","08 Jul 2005","2.015935"
"2005-07-11","11 Jul 2005","2.031987"
"2005-07-12","12 Jul 2005","2.032921"
"2005-07-13","13 Jul 2005","2.036103"
"2005-07-14","14 Jul 2005","2.038594"
"2005-07-15","15 Jul 2005","2.048365"
"2005-07-18","18 Jul 2005","2.045676"
"2005-07-19","19 Jul 2005","2.045828"
"2005-07-20","20 Jul 2005","2.047540"
"2005-07-21","21 Jul 2005","2.049519"
"2005-07-22","22 Jul 2005","2.043208"
"2005-07-25","25 Jul 2005","2.045558"
"2005-07-26","26 Jul 2005","2.056926"
"2005-07-27","27 Jul 2005","2.058896"
"2005-07-28","28 Jul 2005","2.062362"
"2005-07-29","29 Jul 2005","2.066300"
"2005-08-01","01 Aug 2005","2.075408"
"2005-08-02","02 Aug 2005","2.064129"
"2005-08-03","03 Aug 2005","2.075014"
"2005-08-04","04 Aug 2005","2.077035"
"2005-08-05","05 Aug 2005","2.083297"
"2005-08-08","08 Aug 2005","2.082109"
"2005-08-09","09 Aug 2005","2.085531"
"2005-08-10","10 Aug 2005","2.086862"
"2005-08-11","11 Aug 2005","2.081637"
"2005-08-12","12 Aug 2005","2.073112"
"2005-08-15","15 Aug 2005","2.072508"
"2005-08-16","16 Aug 2005","2.070048"
"2005-08-17","17 Aug 2005","2.067224"
"2005-08-18","18 Aug 2005","2.061999"
"2005-08-19","19 Aug 2005","2.063089"
"2005-08-22","22 Aug 2005","2.063406"
"2005-08-23","23 Aug 2005","2.065793"
"2005-08-24","24 Aug 2005","2.068646"
"2005-08-25","25 Aug 2005","2.064010"
"2005-08-26","26 Aug 2005","2.069798"
"2005-08-29","29 Aug 2005","2.070873"
"2005-08-30","30 Aug 2005","2.072916"
"2005-08-31","31 Aug 2005","2.064268"
"2005-09-01","01 Sep 2005","2.033329"
"2005-09-02","02 Sep 2005","2.022302"
"2005-09-05","05 Sep 2005","2.020199"
"2005-09-06","06 Sep 2005","2.027597"
"2005-09-07","07 Sep 2005","2.031170"
"2005-09-08","08 Sep 2005","2.034408"
"2005-09-09","09 Sep 2005","2.040054"
"2005-09-12","12 Sep 2005","2.047653"
"2005-09-13","13 Sep 2005","2.049053"
"2005-09-14","14 Sep 2005","2.052023"
"2005-09-15","15 Sep 2005","2.056348"
"2005-09-16","16 Sep 2005","2.059358"
"2005-09-19","19 Sep 2005","2.056014"
"2005-09-20","20 Sep 2005","2.050273"
"2005-09-21","21 Sep 2005","2.048423"
"2005-09-22","22 Sep 2005","2.047046"
"2005-09-23","23 Sep 2005","2.058347"
"2005-09-26","26 Sep 2005","2.073639"
"2005-09-27","27 Sep 2005","2.072369"
"2005-09-28","28 Sep 2005","2.080154"
"2005-09-29","29 Sep 2005","2.095399"
"2005-09-30","30 Sep 2005","2.096258"
"2005-10-03","03 Oct 2005","2.101224"
"2005-10-04","04 Oct 2005","2.099798"
"2005-10-05","05 Oct 2005","2.100244"
"2005-10-06","06 Oct 2005","2.102060"
"2005-10-07","07 Oct 2005","2.137502"
"2005-10-10","10 Oct 2005","2.130739"
"2005-10-11","11 Oct 2005","2.127015"
"2005-10-12","12 Oct 2005","2.122497"
"2005-10-13","13 Oct 2005","2.126978"
"2005-10-14","14 Oct 2005","2.131550"
"2005-10-17","17 Oct 2005","2.157793"
"2005-10-18","18 Oct 2005","2.160735"
"2005-10-19","19 Oct 2005","2.138769"
"2005-10-20","20 Oct 2005","2.166777"
"2005-10-21","21 Oct 2005","2.138853"
"2005-10-24","24 Oct 2005","2.137864"
"2005-10-25","25 Oct 2005","2.156889"
"2005-10-26","26 Oct 2005","2.203803"
"2005-10-27","27 Oct 2005","2.217440"
"2005-10-28","28 Oct 2005","2.241097"
"2005-10-31","31 Oct 2005","2.236935"
"2005-11-01","01 Nov 2005","2.245494"
"2005-11-02","02 Nov 2005","2.274771"
"2005-11-03","03 Nov 2005","2.265421"
"2005-11-04","04 Nov 2005","2.258936"
"2005-11-07","07 Nov 2005","2.296260"
"2005-11-08","08 Nov 2005","2.308832"
"2005-11-09","09 Nov 2005","2.332618"
"2005-11-10","10 Nov 2005","2.328218"
"2005-11-11","11 Nov 2005","2.327371"
"2005-11-14","14 Nov 2005","2.343832"
"2005-11-15","15 Nov 2005","2.351046"
"2005-11-16","16 Nov 2005","2.332935"
"2005-11-17","17 Nov 2005","2.350321"
"2005-11-18","18 Nov 2005","2.430631"
"2005-11-21","21 Nov 2005","2.440327"
"2005-11-22","22 Nov 2005","2.434693"
"2005-11-23","23 Nov 2005","2.434786"
"2005-11-24","24 Nov 2005","2.414501"
"2005-11-25","25 Nov 2005","2.425372"
"2005-11-28","28 Nov 2005","2.440725"
"2005-11-29","29 Nov 2005","2.438205"
"2005-11-30","30 Nov 2005","2.453425"
"2005-12-01","01 Dec 2005","2.422130"
"2005-12-02","02 Dec 2005","2.413782"
"2005-12-05","05 Dec 2005","2.417582"
"2005-12-06","06 Dec 2005","2.411043"
"2005-12-07","07 Dec 2005","2.417261"
"2005-12-08","08 Dec 2005","2.423159"
"2005-12-09","09 Dec 2005","2.444509"
"2005-12-12","12 Dec 2005","2.442901"
"2005-12-13","13 Dec 2005","2.445887"
"2005-12-14","14 Dec 2005","2.453695"
"2005-12-15","15 Dec 2005","2.464163"
"2005-12-16","16 Dec 2005","2.468717"
"2005-12-19","19 Dec 2005","2.474041"
"2005-12-20","20 Dec 2005","2.476452"
"2005-12-21","21 Dec 2005","2.488279"
"2005-12-22","22 Dec 2005","2.489928"
"2005-12-23","23 Dec 2005","2.490144"
"2005-12-27","27 Dec 2005","2.486192"
"2005-12-28","28 Dec 2005","2.476659"
"2005-12-29","29 Dec 2005","2.480023"
"2005-12-30","30 Dec 2005","2.475747"
"2006-01-02","02 Jan 2006","2.490314"
"2006-01-03","03 Jan 2006","2.492464"
"2006-01-04","04 Jan 2006","2.470502"
"2006-01-05","05 Jan 2006","2.463096"
"2006-01-06","06 Jan 2006","2.459817"
"2006-01-09","09 Jan 2006","2.461690"
"2006-01-10","10 Jan 2006","2.477484"
"2006-01-11","11 Jan 2006","2.497806"
"2006-01-12","12 Jan 2006","2.485276"
"2006-01-13","13 Jan 2006","2.480307"
"2006-01-16","16 Jan 2006","2.484688"
"2006-01-17","17 Jan 2006","2.478614"
"2006-01-18","18 Jan 2006","2.491590"
"2006-01-19","19 Jan 2006","2.509049"
"2006-01-20","20 Jan 2006","2.510792"
"2006-01-23","23 Jan 2006","2.512978"
"2006-01-24","24 Jan 2006","2.506826"
"2006-01-25","25 Jan 2006","2.514041"
"2006-01-26","26 Jan 2006","2.512443"
"2006-01-27","27 Jan 2006","2.521024"
"2006-01-30","30 Jan 2006","2.537253"
"2006-01-31","31 Jan 2006","2.540955"
"2006-02-01","01 Feb 2006","2.542112"
"2006-02-02","02 Feb 2006","2.546650"
"2006-02-03","03 Feb 2006","2.544648"
"2006-02-06","06 Feb 2006","2.541103"
"2006-02-07","07 Feb 2006","2.541709"
"2006-02-08","08 Feb 2006","2.546016"
"2006-02-09","09 Feb 2006","2.552529"
"2006-02-10","10 Feb 2006","2.547563"
"2006-02-13","13 Feb 2006","2.552256"
"2006-02-14","14 Feb 2006","2.552972"
"2006-02-15","15 Feb 2006","2.553206"
"2006-02-16","16 Feb 2006","2.556878"
"2006-02-17","17 Feb 2006","2.549575"
"2006-02-20","20 Feb 2006","2.549836"
"2006-02-21","21 Feb 2006","2.566935"
"2006-02-22","22 Feb 2006","2.573300"
"2006-02-23","23 Feb 2006","2.591577"
"2006-02-24","24 Feb 2006","2.596041"
"2006-02-27","27 Feb 2006","2.607073"
"2006-02-28","28 Feb 2006","2.610132"
"2006-03-01","01 Mar 2006","2.623359"
"2006-03-02","02 Mar 2006","2.643132"
"2006-03-03","03 Mar 2006","2.657522"
"2006-03-06","06 Mar 2006","2.659416"
"2006-03-07","07 Mar 2006","2.659543"
"2006-03-08","08 Mar 2006","2.664204"
"2006-03-09","09 Mar 2006","2.664433"
"2006-03-10","10 Mar 2006","2.671293"
"2006-03-13","13 Mar 2006","2.676971"
"2006-03-14","14 Mar 2006","2.668403"
"2006-03-15","15 Mar 2006","2.675065"
"2006-03-16","16 Mar 2006","2.685682"
"2006-03-17","17 Mar 2006","2.700705"
"2006-03-20","20 Mar 2006","2.710505"
"2006-03-21","21 Mar 2006","2.719861"
"2006-03-22","22 Mar 2006","2.718128"
"2006-03-23","23 Mar 2006","2.720718"
"2006-03-24","24 Mar 2006","2.722111"
"2006-03-27","27 Mar 2006","2.722477"
"2006-03-28","28 Mar 2006","2.765696"
"2006-03-29","29 Mar 2006","2.785303"
"2006-03-30","30 Mar 2006","2.795908"
"2006-03-31","31 Mar 2006","2.799192"
"2006-04-03","03 Apr 2006","2.815286"
"2006-04-04","04 Apr 2006","2.813216"
"2006-04-05","05 Apr 2006","2.816265"
"2006-04-06","06 Apr 2006","2.726306"
"2006-04-07","07 Apr 2006","2.723512"
"2006-04-10","10 Apr 2006","2.729193"
"2006-04-11","11 Apr 2006","2.736511"
"2006-04-12","12 Apr 2006","2.726732"
"2006-04-13","13 Apr 2006","2.739316"
"2006-04-18","18 Apr 2006","2.727918"
"2006-04-19","19 Apr 2006","2.731685"
"2006-04-20","20 Apr 2006","2.741988"
"2006-04-21","21 Apr 2006","2.741255"
"2006-04-24","24 Apr 2006","2.745187"
"2006-04-25","25 Apr 2006","2.769879"
"2006-04-26","26 Apr 2006","2.809721"
"2006-04-27","27 Apr 2006","2.820161"
"2006-04-28","28 Apr 2006","2.820391"
"2006-05-02","02 May 2006","2.829339"
"2006-05-03","03 May 2006","2.814623"
"2006-05-04","04 May 2006","2.825578"
"2006-05-05","05 May 2006","2.831295"
"2006-05-08","08 May 2006","2.835705"
"2006-05-09","09 May 2006","2.858353"
"2006-05-10","10 May 2006","2.852022"
"2006-05-11","11 May 2006","2.864160"
"2006-05-12","12 May 2006","2.864920"
"2006-05-15","15 May 2006","2.850905"
"2006-05-16","16 May 2006","2.843723"
"2006-05-17","17 May 2006","2.860243"
"2006-05-18","18 May 2006","2.854649"
"2006-05-19","19 May 2006","2.861765"
"2006-05-22","22 May 2006","2.849426"
"2006-05-23","23 May 2006","2.851644"
"2006-05-24","24 May 2006","2.843894"
"2006-05-25","25 May 2006","2.851423"
"2006-05-26","26 May 2006","2.852850"
"2006-05-29","29 May 2006","2.863543"
"2006-05-30","30 May 2006","2.884726"
"2006-05-31","31 May 2006","2.899192"
"2006-06-01","01 Jun 2006","2.920188"
"2006-06-02","02 Jun 2006","2.910791"
"2006-06-05","05 Jun 2006","2.926680"
"2006-06-06","06 Jun 2006","2.943054"
"2006-06-07","07 Jun 2006","2.952012"
"2006-06-08","08 Jun 2006","2.910446"
"2006-06-09","09 Jun 2006","2.895515"
"2006-06-12","12 Jun 2006","2.899071"
"2006-06-13","13 Jun 2006","2.898174"
"2006-06-14","14 Jun 2006","2.911678"
"2006-06-15","15 Jun 2006","2.925938"
"2006-06-16","16 Jun 2006","2.925308"
"2006-06-19","19 Jun 2006","2.948729"
"2006-06-20","20 Jun 2006","2.952762"
"2006-06-21","21 Jun 2006","2.963323"
"2006-06-22","22 Jun 2006","2.968716"
"2006-06-23","23 Jun 2006","2.982190"
"2006-06-26","26 Jun 2006","3.006086"
"2006-06-27","27 Jun 2006","3.031248"
"2006-06-28","28 Jun 2006","3.025727"
"2006-06-29","29 Jun 2006","3.015047"
"2006-06-30","30 Jun 2006","3.024209"
"2006-07-03","03 Jul 2006","3.024521"
"2006-07-04","04 Jul 2006","3.019640"
"2006-07-05","05 Jul 2006","3.038727"
"2006-07-06","06 Jul 2006","3.058178"
"2006-07-07","07 Jul 2006","3.058810"
"2006-07-10","10 Jul 2006","3.060253"
"2006-07-11","11 Jul 2006","3.061475"
"2006-07-12","12 Jul 2006","3.067679"
"2006-07-13","13 Jul 2006","3.072388"
"2006-07-14","14 Jul 2006","3.059212"
"2006-07-17","17 Jul 2006","3.065976"
"2006-07-18","18 Jul 2006","3.076738"
"2006-07-19","19 Jul 2006","3.088716"
"2006-07-20","20 Jul 2006","3.090472"
"2006-07-21","21 Jul 2006","3.087162"
"2006-07-24","24 Jul 2006","3.094141"
"2006-07-25","25 Jul 2006","3.091562"
"2006-07-26","26 Jul 2006","3.103562"
"2006-07-27","27 Jul 2006","3.104907"
"2006-07-28","28 Jul 2006","3.102089"
"2006-07-31","31 Jul 2006","3.116711"
"2006-08-01","01 Aug 2006","3.119318"
"2006-08-02","02 Aug 2006","3.122401"
"2006-08-03","03 Aug 2006","3.148755"
"2006-08-04","04 Aug 2006","3.153686"
"2006-08-07","07 Aug 2006","3.163514"
"2006-08-08","08 Aug 2006","3.170351"
"2006-08-09","09 Aug 2006","3.180318"
"2006-08-10","10 Aug 2006","3.182140"
"2006-08-11","11 Aug 2006","3.194782"
"2006-08-14","14 Aug 2006","3.211170"
"2006-08-15","15 Aug 2006","3.209380"
"2006-08-16","16 Aug 2006","3.218212"
"2006-08-17","17 Aug 2006","3.219968"
"2006-08-18","18 Aug 2006","3.234261"
"2006-08-21","21 Aug 2006","3.236735"
"2006-08-22","22 Aug 2006","3.212948"
"2006-08-23","23 Aug 2006","3.217111"
"2006-08-24","24 Aug 2006","3.222368"
"2006-08-25","25 Aug 2006","3.222895"
"2006-08-28","28 Aug 2006","3.227731"
"2006-08-29","29 Aug 2006","3.236248"
"2006-08-30","30 Aug 2006","3.238140"
"2006-08-31","31 Aug 2006","3.250402"
"2006-09-01","01 Sep 2006","3.264696"
"2006-09-04","04 Sep 2006","3.265761"
"2006-09-05","05 Sep 2006","3.277964"
"2006-09-06","06 Sep 2006","3.295637"
"2006-09-07","07 Sep 2006","3.311249"
"2006-09-08","08 Sep 2006","3.309725"
"2006-09-11","11 Sep 2006","3.325601"
"2006-09-12","12 Sep 2006","3.338695"
"2006-09-13","13 Sep 2006","3.339727"
"2006-09-14","14 Sep 2006","3.340304"
"2006-09-15","15 Sep 2006","3.330645"
"2006-09-18","18 Sep 2006","3.349616"
"2006-09-19","19 Sep 2006","3.344616"
"2006-09-20","20 Sep 2006","3.348357"
"2006-09-21","21 Sep 2006","3.357343"
"2006-09-22","22 Sep 2006","3.337408"
"2006-09-25","25 Sep 2006","3.313970"
"2006-09-26","26 Sep 2006","3.336295"
"2006-09-27","27 Sep 2006","3.339467"
"2006-09-28","28 Sep 2006","3.354011"
"2006-09-29","29 Sep 2006","3.364301"
"2006-10-02","02 Oct 2006","3.327922"
"2006-10-03","03 Oct 2006","3.337432"
"2006-10-04","04 Oct 2006","3.349591"
"2006-10-05","05 Oct 2006","3.351272"
"2006-10-06","06 Oct 2006","3.354086"
"2006-10-09","09 Oct 2006","3.356723"
"2006-10-10","10 Oct 2006","3.365744"
"2006-10-11","11 Oct 2006","3.370306"
"2006-10-12","12 Oct 2006","3.372579"
"2006-10-13","13 Oct 2006","3.382898"
"2006-10-16","16 Oct 2006","3.383490"
"2006-10-17","17 Oct 2006","3.382529"
"2006-10-18","18 Oct 2006","3.377840"
"2006-10-19","19 Oct 2006","3.387317"
"2006-10-20","20 Oct 2006","3.397692"
"2006-10-23","23 Oct 2006","3.406962"
"2006-10-24","24 Oct 2006","3.415122"
"2006-10-25","25 Oct 2006","3.427540"
"2006-10-26","26 Oct 2006","3.433849"
"2006-10-27","27 Oct 2006","3.439559"
"2006-10-30","30 Oct 2006","3.442145"
"2006-10-31","31 Oct 2006","3.433865"
"2006-11-01","01 Nov 2006","3.426997"
"2006-11-02","02 Nov 2006","3.445884"
"2006-11-03","03 Nov 2006","3.463103"
"2006-11-06","06 Nov 2006","3.468696"
"2006-11-07","07 Nov 2006","3.471214"
"2006-11-08","08 Nov 2006","3.478078"
"2006-11-09","09 Nov 2006","3.491613"
"2006-11-10","10 Nov 2006","3.477492"
"2006-11-13","13 Nov 2006","3.473279"
"2006-11-14","14 Nov 2006","3.474116"
"2006-11-15","15 Nov 2006","3.484143"
"2006-11-16","16 Nov 2006","3.486542"
"2006-11-17","17 Nov 2006","3.485329"
"2006-11-20","20 Nov 2006","3.471340"
"2006-11-21","21 Nov 2006","3.480550"
"2006-11-22","22 Nov 2006","3.476508"
"2006-11-23","23 Nov 2006","3.496591"
"2006-11-24","24 Nov 2006","3.489891"
"2006-11-27","27 Nov 2006","3.486494"
"2006-11-28","28 Nov 2006","3.479175"
"2006-11-29","29 Nov 2006","3.482168"
"2006-11-30","30 Nov 2006","3.492160"
"2006-12-01","01 Dec 2006","3.491172"
"2006-12-04","04 Dec 2006","3.470304"
"2006-12-05","05 Dec 2006","3.484241"
"2006-12-06","06 Dec 2006","3.493282"
"2006-12-07","07 Dec 2006","3.512339"
"2006-12-08","08 Dec 2006","3.516783"
"2006-12-11","11 Dec 2006","3.531495"
"2006-12-12","12 Dec 2006","3.535752"
"2006-12-13","13 Dec 2006","3.535181"
"2006-12-14","14 Dec 2006","3.543796"
"2006-12-15","15 Dec 2006","3.540551"
"2006-12-18","18 Dec 2006","3.555383"
"2006-12-19","19 Dec 2006","3.561573"
"2006-12-20","20 Dec 2006","3.569966"
"2006-12-21","21 Dec 2006","3.579410"
"2006-12-22","22 Dec 2006","3.588172"
"2006-12-27","27 Dec 2006","3.595109"
"2006-12-28","28 Dec 2006","3.592191"
"2006-12-29","29 Dec 2006","3.607251"
"2007-01-02","02 Jan 2007","3.611032"
"2007-01-03","03 Jan 2007","3.611704"
"2007-01-04","04 Jan 2007","3.618205"
"2007-01-05","05 Jan 2007","3.626887"
"2007-01-08","08 Jan 2007","3.625807"
"2007-01-09","09 Jan 2007","3.636011"
"2007-01-10","10 Jan 2007","3.652710"
"2007-01-11","11 Jan 2007","3.635908"
"2007-01-12","12 Jan 2007","3.647434"
"2007-01-15","15 Jan 2007","3.654508"
"2007-01-16","16 Jan 2007","3.652514"
"2007-01-17","17 Jan 2007","3.651457"
"2007-01-18","18 Jan 2007","3.661941"
"2007-01-19","19 Jan 2007","3.672458"
"2007-01-22","22 Jan 2007","3.670433"
"2007-01-23","23 Jan 2007","3.677343"
"2007-01-24","24 Jan 2007","3.670592"
"2007-01-25","25 Jan 2007","3.676747"
"2007-01-26","26 Jan 2007","3.689494"
"2007-01-29","29 Jan 2007","3.692235"
"2007-01-30","30 Jan 2007","3.685767"
"2007-01-31","31 Jan 2007","3.690910"
"2007-02-01","01 Feb 2007","3.686666"
"2007-02-02","02 Feb 2007","3.677078"
"2007-02-05","05 Feb 2007","3.673876"
"2007-02-06","06 Feb 2007","3.686395"
"2007-02-07","07 Feb 2007","3.695045"
"2007-02-08","08 Feb 2007","3.709688"
"2007-02-09","09 Feb 2007","3.711914"
"2007-02-12","12 Feb 2007","3.707837"
"2007-02-13","13 Feb 2007","3.712962"
"2007-02-14","14 Feb 2007","3.716209"
"2007-02-15","15 Feb 2007","3.716127"
"2007-02-16","16 Feb 2007","3.719809"
"2007-02-19","19 Feb 2007","3.732902"
"2007-02-20","20 Feb 2007","3.733094"
"2007-02-21","21 Feb 2007","3.731953"
"2007-02-22","22 Feb 2007","3.738363"
"2007-02-23","23 Feb 2007","3.744631"
"2007-02-26","26 Feb 2007","3.743503"
"2007-02-27","27 Feb 2007","3.735799"
"2007-02-28","28 Feb 2007","3.718434"
"2007-03-01","01 Mar 2007","3.711017"
"2007-03-02","02 Mar 2007","3.709372"
"2007-03-05","05 Mar 2007","3.705211"
"2007-03-06","06 Mar 2007","3.720879"
"2007-03-07","07 Mar 2007","3.728547"
"2007-03-08","08 Mar 2007","3.750045"
"2007-03-09","09 Mar 2007","3.774088"
"2007-03-12","12 Mar 2007","3.775574"
"2007-03-13","13 Mar 2007","3.776737"
"2007-03-14","14 Mar 2007","3.770706"
"2007-03-15","15 Mar 2007","3.776184"
"2007-03-16","16 Mar 2007","3.772056"
"2007-03-19","19 Mar 2007","3.779837"
"2007-03-20","20 Mar 2007","3.780615"
"2007-03-21","21 Mar 2007","3.788774"
"2007-03-22","22 Mar 2007","3.786817"
"2007-03-23","23 Mar 2007","3.796351"
"2007-03-26","26 Mar 2007","3.793446"
"2007-03-27","27 Mar 2007","3.798486"
"2007-03-28","28 Mar 2007","3.798893"
"2007-03-29","29 Mar 2007","3.812187"
"2007-03-30","30 Mar 2007","3.817019"
"2007-04-02","02 Apr 2007","3.826433"
"2007-04-03","03 Apr 2007","3.830521"
"2007-04-04","04 Apr 2007","3.832628"
"2007-04-05","05 Apr 2007","3.837829"
"2007-04-10","10 Apr 2007","3.852942"
"2007-04-11","11 Apr 2007","3.862364"
"2007-04-12","12 Apr 2007","3.866164"
"2007-04-13","13 Apr 2007","3.869192"
"2007-04-16","16 Apr 2007","3.872041"
"2007-04-17","17 Apr 2007","3.871571"
"2007-04-18","18 Apr 2007","3.874600"
"2007-04-19","19 Apr 2007","3.883173"
"2007-04-20","20 Apr 2007","3.887993"
"2007-04-23","23 Apr 2007","3.890984"
"2007-04-24","24 Apr 2007","3.892217"
"2007-04-25","25 Apr 2007","3.892624"
"2007-04-26","26 Apr 2007","3.897503"
"2007-04-27","27 Apr 2007","3.911167"
"2007-04-30","30 Apr 2007","3.909611"
"2007-05-02","02 May 2007","3.921749"
"2007-05-03","03 May 2007","3.912543"
"2007-05-04","04 May 2007","3.913184"
"2007-05-07","07 May 2007","3.923890"
"2007-05-08","08 May 2007","3.921201"
"2007-05-09","09 May 2007","3.924704"
"2007-05-10","10 May 2007","3.926755"
"2007-05-11","11 May 2007","3.926902"
"2007-05-14","14 May 2007","3.936486"
"2007-05-15","15 May 2007","3.949716"
"2007-05-16","16 May 2007","3.964066"
"2007-05-17","17 May 2007","3.973002"
"2007-05-18","18 May 2007","3.979345"
"2007-05-21","21 May 2007","3.986260"
"2007-05-22","22 May 2007","3.986696"
"2007-05-23","23 May 2007","3.998376"
"2007-05-24","24 May 2007","3.995858"
"2007-05-25","25 May 2007","4.006667"
"2007-05-28","28 May 2007","4.026870"
"2007-05-29","29 May 2007","4.014881"
"2007-05-30","30 May 2007","4.016101"
"2007-05-31","31 May 2007","4.023344"
"2007-06-01","01 Jun 2007","4.032578"
"2007-06-04","04 Jun 2007","4.033767"
"2007-06-05","05 Jun 2007","4.032910"
"2007-06-06","06 Jun 2007","4.029220"
"2007-06-07","07 Jun 2007","4.041260"
"2007-06-08","08 Jun 2007","4.040873"
"2007-06-11","11 Jun 2007","4.039080"
"2007-06-12","12 Jun 2007","4.046802"
"2007-06-13","13 Jun 2007","4.046339"
"2007-06-14","14 Jun 2007","4.044320"
"2007-06-15","15 Jun 2007","4.052902"
"2007-06-18","18 Jun 2007","4.056483"
"2007-06-19","19 Jun 2007","4.046678"
"2007-06-20","20 Jun 2007","4.056083"
"2007-06-21","21 Jun 2007","4.056251"
"2007-06-22","22 Jun 2007","4.062880"
"2007-06-25","25 Jun 2007","4.056485"
"2007-06-26","26 Jun 2007","4.062348"
"2007-06-27","27 Jun 2007","4.060349"
"2007-06-28","28 Jun 2007","4.068618"
"2007-06-29","29 Jun 2007","4.073149"
"2007-07-02","02 Jul 2007","4.079071"
"2007-07-03","03 Jul 2007","4.076262"
"2007-07-04","04 Jul 2007","4.081805"
"2007-07-05","05 Jul 2007","4.091036"
"2007-07-06","06 Jul 2007","4.101020"
"2007-07-09","09 Jul 2007","4.099798"
"2007-07-10","10 Jul 2007","4.091294"
"2007-07-11","11 Jul 2007","4.094036"
"2007-07-12","12 Jul 2007","4.109120"
"2007-07-13","13 Jul 2007","4.112705"
"2007-07-16","16 Jul 2007","4.107536"
"2007-07-17","17 Jul 2007","4.113781"
"2007-07-18","18 Jul 2007","4.113571"
"2007-07-19","19 Jul 2007","4.120464"
"2007-07-20","20 Jul 2007","4.126148"
"2007-07-23","23 Jul 2007","4.127009"
"2007-07-24","24 Jul 2007","4.133697"
"2007-07-25","25 Jul 2007","4.133809"
"2007-07-26","26 Jul 2007","4.117203"
"2007-07-27","27 Jul 2007","4.103767"
"2007-07-30","30 Jul 2007","4.098809"
"2007-07-31","31 Jul 2007","4.110595"
"2007-08-01","01 Aug 2007","4.105466"
"2007-08-02","02 Aug 2007","4.119673"
"2007-08-03","03 Aug 2007","4.119298"
"2007-08-06","06 Aug 2007","4.099511"
"2007-08-07","07 Aug 2007","4.113365"
"2007-08-08","08 Aug 2007","4.138861"
"2007-08-09","09 Aug 2007","4.107969"
"2007-08-10","10 Aug 2007","4.052195"
"2007-08-13","13 Aug 2007","4.065847"
"2007-08-14","14 Aug 2007","4.067856"
"2007-08-15","15 Aug 2007","4.022351"
"2007-08-16","16 Aug 2007","3.987839"
"2007-08-17","17 Aug 2007","3.940394"
"2007-08-20","20 Aug 2007","3.943213"
"2007-08-21","21 Aug 2007","3.893409"
"2007-08-22","22 Aug 2007","3.941958"
"2007-08-23","23 Aug 2007","4.000524"
"2007-08-24","24 Aug 2007","3.967303"
"2007-08-27","27 Aug 2007","3.971902"
"2007-08-28","28 Aug 2007","3.937845"
"2007-08-29","29 Aug 2007","3.908771"
"2007-08-30","30 Aug 2007","3.921247"
"2007-08-31","31 Aug 2007","3.910900"
"2007-09-03","03 Sep 2007","3.923826"
"2007-09-04","04 Sep 2007","3.926748"
"2007-09-05","05 Sep 2007","3.940832"
"2007-09-06","06 Sep 2007","3.932588"
"2007-09-07","07 Sep 2007","3.910872"
"2007-09-10","10 Sep 2007","3.901644"
"2007-09-11","11 Sep 2007","3.911035"
"2007-09-12","12 Sep 2007","3.909784"
"2007-09-13","13 Sep 2007","3.906908"
"2007-09-14","14 Sep 2007","3.897078"
"2007-09-17","17 Sep 2007","3.914428"
"2007-09-18","18 Sep 2007","3.919568"
"2007-09-19","19 Sep 2007","3.893962"
"2007-09-20","20 Sep 2007","3.894442"
"2007-09-21","21 Sep 2007","3.892667"
"2007-09-24","24 Sep 2007","3.891954"
"2007-09-25","25 Sep 2007","3.888614"
"2007-09-26","26 Sep 2007","3.894781"
"2007-09-27","27 Sep 2007","3.888927"
"2007-09-28","28 Sep 2007","3.869906"
"2007-10-01","01 Oct 2007","3.863365"
"2007-10-02","02 Oct 2007","3.869183"
"2007-10-03","03 Oct 2007","3.853132"
"2007-10-04","04 Oct 2007","3.855807"
"2007-10-05","05 Oct 2007","3.864167"
"2007-10-08","08 Oct 2007","3.858859"
"2007-10-09","09 Oct 2007","3.857197"
"2007-10-10","10 Oct 2007","3.861580"
"2007-10-11","11 Oct 2007","3.854690"
"2007-10-12","12 Oct 2007","3.898251"
"2007-10-15","15 Oct 2007","3.917890"
"2007-10-16","16 Oct 2007","3.916618"
"2007-10-17","17 Oct 2007","3.920571"
"2007-10-18","18 Oct 2007","3.918609"
"2007-10-19","19 Oct 2007","3.896365"
"2007-10-22","22 Oct 2007","3.885845"
"2007-10-23","23 Oct 2007","3.892524"
"2007-10-24","24 Oct 2007","3.881312"
"2007-10-25","25 Oct 2007","3.883280"
"2007-10-26","26 Oct 2007","3.896438"
"2007-10-29","29 Oct 2007","3.901525"
"2007-10-30","30 Oct 2007","3.923637"
"2007-10-31","31 Oct 2007","3.937729"
"2007-11-01","01 Nov 2007","3.933332"
"2007-11-02","02 Nov 2007","3.923527"
"2007-11-05","05 Nov 2007","3.917398"
"2007-11-06","06 Nov 2007","3.917342"
"2007-11-07","07 Nov 2007","3.906341"
"2007-11-08","08 Nov 2007","3.894424"
"2007-11-09","09 Nov 2007","3.883403"
"2007-11-12","12 Nov 2007","3.899707"
"2007-11-13","13 Nov 2007","3.899962"
"2007-11-14","14 Nov 2007","3.903756"
"2007-11-15","15 Nov 2007","3.905786"
"2007-11-16","16 Nov 2007","3.897886"
"2007-11-19","19 Nov 2007","3.894197"
"2007-11-20","20 Nov 2007","3.883968"
"2007-11-21","21 Nov 2007","3.876156"
"2007-11-22","22 Nov 2007","3.880184"
"2007-11-23","23 Nov 2007","3.863208"
"2007-11-26","26 Nov 2007","3.853421"
"2007-11-27","27 Nov 2007","3.848202"
"2007-11-28","28 Nov 2007","3.854639"
"2007-11-29","29 Nov 2007","3.847818"
"2007-11-30","30 Nov 2007","3.857813"
"2007-12-03","03 Dec 2007","3.855779"
"2007-12-04","04 Dec 2007","3.854606"
"2007-12-05","05 Dec 2007","3.847643"
"2007-12-06","06 Dec 2007","3.876669"
"2007-12-07","07 Dec 2007","3.886470"
"2007-12-10","10 Dec 2007","3.908587"
"2007-12-11","11 Dec 2007","3.908232"
"2007-12-12","12 Dec 2007","3.906257"
"2007-12-13","13 Dec 2007","3.912639"
"2007-12-14","14 Dec 2007","3.917746"
"2007-12-17","17 Dec 2007","3.905531"
"2007-12-18","18 Dec 2007","3.877599"
"2007-12-19","19 Dec 2007","3.870571"
"2007-12-20","20 Dec 2007","3.875878"
"2007-12-21","21 Dec 2007","3.886363"
"2007-12-24","24 Dec 2007","3.901059"
"2007-12-27","27 Dec 2007","3.890682"
"2007-12-28","28 Dec 2007","3.901466"
"2007-12-31","31 Dec 2007","3.934317"
"2008-01-02","02 Jan 2008","3.883880"
"2008-01-03","03 Jan 2008","3.866186"
"2008-01-04","04 Jan 2008","3.871886"
"2008-01-07","07 Jan 2008","3.888399"
"2008-01-08","08 Jan 2008","3.886396"
"2008-01-09","09 Jan 2008","3.884220"
"2008-01-10","10 Jan 2008","3.880912"
"2008-01-11","11 Jan 2008","3.879885"
"2008-01-14","14 Jan 2008","3.850660"
"2008-01-15","15 Jan 2008","3.835460"
"2008-01-16","16 Jan 2008","3.812250"
"2008-01-17","17 Jan 2008","3.806375"
"2008-01-18","18 Jan 2008","3.798539"
"2008-01-21","21 Jan 2008","3.745772"
"2008-01-22","22 Jan 2008","3.679725"
"2008-01-23","23 Jan 2008","3.623141"
"2008-01-24","24 Jan 2008","3.732553"
"2008-01-25","25 Jan 2008","3.766750"
"2008-01-28","28 Jan 2008","3.736180"
"2008-01-29","29 Jan 2008","3.757226"
"2008-01-30","30 Jan 2008","3.744796"
"2008-01-31","31 Jan 2008","3.699748"
"2008-02-01","01 Feb 2008","3.712777"
"2008-02-04","04 Feb 2008","3.730401"
"2008-02-05","05 Feb 2008","3.686779"
"2008-02-06","06 Feb 2008","3.676350"
"2008-02-07","07 Feb 2008","3.627113"
"2008-02-08","08 Feb 2008","3.578220"
"2008-02-11","11 Feb 2008","3.605973"
"2008-02-12","12 Feb 2008","3.619220"
"2008-02-13","13 Feb 2008","3.646073"
"2008-02-14","14 Feb 2008","3.654723"
"2008-02-15","15 Feb 2008","3.650242"
"2008-02-18","18 Feb 2008","3.681848"
"2008-02-19","19 Feb 2008","3.686935"
"2008-02-20","20 Feb 2008","3.713430"
"2008-02-21","21 Feb 2008","3.748797"
"2008-02-22","22 Feb 2008","3.735872"
"2008-02-25","25 Feb 2008","3.726382"
"2008-02-26","26 Feb 2008","3.739308"
"2008-02-27","27 Feb 2008","3.720608"
"2008-02-28","28 Feb 2008","3.711447"
"2008-02-29","29 Feb 2008","3.662527"
"2008-03-03","03 Mar 2008","3.674157"
"2008-03-04","04 Mar 2008","3.701929"
"2008-03-05","05 Mar 2008","3.715263"
"2008-03-06","06 Mar 2008","3.749768"
"2008-03-07","07 Mar 2008","3.735874"
"2008-03-10","10 Mar 2008","3.716422"
"2008-03-11","11 Mar 2008","3.757887"
"2008-03-12","12 Mar 2008","3.756364"
"2008-03-13","13 Mar 2008","3.732706"
"2008-03-14","14 Mar 2008","3.734065"
"2008-03-17","17 Mar 2008","3.670426"
"2008-03-18","18 Mar 2008","3.706436"
"2008-03-19","19 Mar 2008","3.728378"
"2008-03-20","20 Mar 2008","3.760172"
"2008-03-25","25 Mar 2008","3.816258"
"2008-03-26","26 Mar 2008","3.825329"
"2008-03-27","27 Mar 2008","3.796561"
"2008-03-28","28 Mar 2008","3.798653"
"2008-03-31","31 Mar 2008","3.802397"
"2008-04-01","01 Apr 2008","3.817157"
"2008-04-02","02 Apr 2008","3.837274"
"2008-04-03","03 Apr 2008","3.829111"
"2008-04-04","04 Apr 2008","3.812884"
"2008-04-07","07 Apr 2008","3.823029"
"2008-04-08","08 Apr 2008","3.831261"
"2008-04-09","09 Apr 2008","3.821915"
"2008-04-10","10 Apr 2008","3.821203"
"2008-04-11","11 Apr 2008","3.811998"
"2008-04-14","14 Apr 2008","3.832561"
"2008-04-15","15 Apr 2008","3.850213"
"2008-04-16","16 Apr 2008","3.856309"
"2008-04-17","17 Apr 2008","3.858672"
"2008-04-18","18 Apr 2008","3.896548"
"2008-04-21","21 Apr 2008","3.890726"
"2008-04-22","22 Apr 2008","3.939631"
"2008-04-23","23 Apr 2008","3.904203"
"2008-04-24","24 Apr 2008","3.906321"
"2008-04-25","25 Apr 2008","3.909586"
"2008-04-28","28 Apr 2008","3.901557"
"2008-04-29","29 Apr 2008","3.892966"
"2008-04-30","30 Apr 2008","3.900723"
"2008-05-02","02 May 2008","3.895700"
"2008-05-05","05 May 2008","3.911974"
"2008-05-06","06 May 2008","3.893948"
"2008-05-07","07 May 2008","3.898266"
"2008-05-08","08 May 2008","3.895798"
"2008-05-09","09 May 2008","3.889207"
"2008-05-12","12 May 2008","3.890517"
"2008-05-13","13 May 2008","3.906563"
"2008-05-14","14 May 2008","3.915288"
"2008-05-15","15 May 2008","3.934668"
"2008-05-16","16 May 2008","3.935626"
"2008-05-19","19 May 2008","3.941793"
"2008-05-20","20 May 2008","3.953228"
"2008-05-21","21 May 2008","3.985037"
"2008-05-22","22 May 2008","4.004686"
"2008-05-23","23 May 2008","4.008848"
"2008-05-26","26 May 2008","4.008242"
"2008-05-27","27 May 2008","3.999398"
"2008-05-28","28 May 2008","4.002483"
"2008-05-29","29 May 2008","4.016643"
"2008-05-30","30 May 2008","4.028171"
"2008-06-02","02 Jun 2008","4.028505"
"2008-06-03","03 Jun 2008","4.047558"
"2008-06-04","04 Jun 2008","4.034179"
"2008-06-05","05 Jun 2008","4.150460"
"2008-06-06","06 Jun 2008","4.253204"
"2008-06-09","09 Jun 2008","4.262511"
"2008-06-10","10 Jun 2008","4.248451"
"2008-06-11","11 Jun 2008","4.235120"
"2008-06-12","12 Jun 2008","4.240130"
"2008-06-13","13 Jun 2008","4.260698"
"2008-06-16","16 Jun 2008","4.306528"
"2008-06-17","17 Jun 2008","4.300055"
"2008-06-18","18 Jun 2008","4.276194"
"2008-06-19","19 Jun 2008","4.286768"
"2008-06-20","20 Jun 2008","4.291190"
"2008-06-23","23 Jun 2008","4.283165"
"2008-06-24","24 Jun 2008","4.289559"
"2008-06-25","25 Jun 2008","4.301416"
"2008-06-26","26 Jun 2008","4.318694"
"2008-06-27","27 Jun 2008","4.294825"
"2008-06-30","30 Jun 2008","4.331739"
"2008-07-01","01 Jul 2008","4.340083"
"2008-07-02","02 Jul 2008","4.356957"
"2008-07-03","03 Jul 2008","4.318902"
"2008-07-04","04 Jul 2008","4.291321"
"2008-07-07","07 Jul 2008","4.270223"
"2008-07-08","08 Jul 2008","4.271654"
"2008-07-09","09 Jul 2008","4.284010"
"2008-07-10","10 Jul 2008","4.286000"
"2008-07-11","11 Jul 2008","4.283991"
"2008-07-14","14 Jul 2008","4.261043"
"2008-07-15","15 Jul 2008","4.232124"
"2008-07-16","16 Jul 2008","4.237996"
"2008-07-17","17 Jul 2008","4.247640"
"2008-07-18","18 Jul 2008","4.282322"
"2008-07-21","21 Jul 2008","4.316795"
"2008-07-22","22 Jul 2008","4.310871"
"2008-07-23","23 Jul 2008","4.303838"
"2008-07-24","24 Jul 2008","4.289043"
"2008-07-25","25 Jul 2008","4.307590"
"2008-07-28","28 Jul 2008","4.305949"
"2008-07-29","29 Jul 2008","4.291344"
"2008-07-30","30 Jul 2008","4.262217"
"2008-07-31","31 Jul 2008","4.256433"
"2008-08-01","01 Aug 2008","4.267294"
"2008-08-04","04 Aug 2008","4.275948"
"2008-08-05","05 Aug 2008","4.276538"
"2008-08-06","06 Aug 2008","4.277864"
"2008-08-07","07 Aug 2008","4.229263"
"2008-08-08","08 Aug 2008","4.239176"
"2008-08-11","11 Aug 2008","4.251068"
"2008-08-12","12 Aug 2008","4.258004"
"2008-08-13","13 Aug 2008","4.260951"
"2008-08-14","14 Aug 2008","4.272637"
"2008-08-15","15 Aug 2008","4.226117"
"2008-08-18","18 Aug 2008","4.225227"
"2008-08-19","19 Aug 2008","4.210860"
"2008-08-20","20 Aug 2008","4.225482"
"2008-08-21","21 Aug 2008","4.243423"
"2008-08-22","22 Aug 2008","4.248905"
"2008-08-25","25 Aug 2008","4.230676"
"2008-08-26","26 Aug 2008","4.208761"
"2008-08-27","27 Aug 2008","4.220948"
"2008-08-28","28 Aug 2008","4.228689"
"2008-08-29","29 Aug 2008","4.230293"
"2008-09-01","01 Sep 2008","4.226280"
"2008-09-02","02 Sep 2008","4.236057"
"2008-09-03","03 Sep 2008","4.246683"
"2008-09-04","04 Sep 2008","4.249043"
"2008-09-05","05 Sep 2008","4.244166"
"2008-09-08","08 Sep 2008","4.253365"
"2008-09-09","09 Sep 2008","4.254180"
"2008-09-10","10 Sep 2008","4.242976"
"2008-09-11","11 Sep 2008","4.239189"
"2008-09-12","12 Sep 2008","4.239800"
"2008-09-15","15 Sep 2008","4.186045"
"2008-09-16","16 Sep 2008","4.104982"
"2008-09-17","17 Sep 2008","4.150504"
"2008-09-18","18 Sep 2008","4.127647"
"2008-09-19","19 Sep 2008","4.179963"
"2008-09-22","22 Sep 2008","4.153060"
"2008-09-23","23 Sep 2008","4.105761"
"2008-09-24","24 Sep 2008","4.036425"
"2008-09-25","25 Sep 2008","4.003395"
"2008-09-26","26 Sep 2008","3.915829"
"2008-09-29","29 Sep 2008","3.866451"
"2008-09-30","30 Sep 2008","3.656132"
"2008-10-01","01 Oct 2008","3.674260"
"2008-10-02","02 Oct 2008","3.705530"
"2008-10-03","03 Oct 2008","3.708138"
"2008-10-06","06 Oct 2008","3.779223"
"2008-10-07","07 Oct 2008","3.677104"
"2008-10-08","08 Oct 2008","3.707410"
"2008-10-09","09 Oct 2008","3.750919"
"2008-10-10","10 Oct 2008","3.737352"
"2008-10-13","13 Oct 2008","3.471871"
"2008-10-14","14 Oct 2008","3.458045"
"2008-10-15","15 Oct 2008","3.362820"
"2008-10-16","16 Oct 2008","3.279002"
"2008-10-17","17 Oct 2008","3.334223"
"2008-10-20","20 Oct 2008","3.362589"
"2008-10-21","21 Oct 2008","3.296496"
"2008-10-22","22 Oct 2008","3.176515"
"2008-10-23","23 Oct 2008","3.146459"
"2008-10-24","24 Oct 2008","3.162802"
"2008-10-27","27 Oct 2008","3.109349"
"2008-10-28","28 Oct 2008","3.098373"
"2008-10-29","29 Oct 2008","3.068647"
"2008-10-30","30 Oct 2008","3.080265"
"2008-10-31","31 Oct 2008","3.055571"
"2008-11-03","03 Nov 2008","3.079597"
"2008-11-04","04 Nov 2008","3.067177"
"2008-11-05","05 Nov 2008","2.992108"
"2008-11-06","06 Nov 2008","2.717380"
"2008-11-07","07 Nov 2008","2.747631"
"2008-11-10","10 Nov 2008","2.734781"
"2008-11-11","11 Nov 2008","2.571315"
"2008-11-12","12 Nov 2008","2.422493"
"2008-11-13","13 Nov 2008","2.398509"
"2008-11-14","14 Nov 2008","2.406331"
"2008-11-17","17 Nov 2008","2.325742"
"2008-11-18","18 Nov 2008","2.300275"
"2008-11-19","19 Nov 2008","2.266732"
"2008-11-20","20 Nov 2008","2.137836"
"2008-11-21","21 Nov 2008","2.124105"
"2008-11-24","24 Nov 2008","2.168346"
"2008-11-25","25 Nov 2008","2.155353"
"2008-11-26","26 Nov 2008","2.098181"
"2008-11-27","27 Nov 2008","2.063530"
"2008-11-28","28 Nov 2008","2.014829"
"2008-12-01","01 Dec 2008","2.040033"
"2008-12-02","02 Dec 2008","2.018307"
"2008-12-03","03 Dec 2008","1.979359"
"2008-12-04","04 Dec 2008","1.924392"
"2008-12-05","05 Dec 2008","1.979469"
"2008-12-08","08 Dec 2008","2.003636"
"2008-12-09","09 Dec 2008","2.032567"
"2008-12-10","10 Dec 2008","1.990282"
"2008-12-11","11 Dec 2008","1.996006"
"2008-12-12","12 Dec 2008","1.985271"
"2008-12-15","15 Dec 2008","1.982546"
"2008-12-16","16 Dec 2008","1.953457"
"2008-12-17","17 Dec 2008","1.875438"
"2008-12-18","18 Dec 2008","1.840741"
"2008-12-19","19 Dec 2008","1.801951"
"2008-12-22","22 Dec 2008","1.772112"
"2008-12-23","23 Dec 2008","1.733346"
"2008-12-24","24 Dec 2008","1.767870"
"2008-12-29","29 Dec 2008","1.696875"
"2008-12-30","30 Dec 2008","1.735381"
"2008-12-31","31 Dec 2008","1.761221"
"2009-01-02","02 Jan 2009","1.690772"
"2009-01-05","05 Jan 2009","1.690158"
"2009-01-06","06 Jan 2009","1.674894"
"2009-01-07","07 Jan 2009","1.575764"
"2009-01-08","08 Jan 2009","1.549485"
"2009-01-09","09 Jan 2009","1.429050"
"2009-01-12","12 Jan 2009","1.388872"
"2009-01-13","13 Jan 2009","1.365316"
"2009-01-14","14 Jan 2009","1.372518"
"2009-01-15","15 Jan 2009","1.328905"
"2009-01-16","16 Jan 2009","1.340221"
"2009-01-19","19 Jan 2009","1.316522"
"2009-01-20","20 Jan 2009","1.279793"
"2009-01-21","21 Jan 2009","1.225990"
"2009-01-22","22 Jan 2009","1.180859"
"2009-01-23","23 Jan 2009","1.141196"
"2009-01-26","26 Jan 2009","1.176836"
"2009-01-27","27 Jan 2009","1.187382"
"2009-01-28","28 Jan 2009","1.122326"
"2009-01-29","29 Jan 2009","1.133330"
"2009-01-30","30 Jan 2009","1.136675"
"2009-02-02","02 Feb 2009","1.175408"
"2009-02-03","03 Feb 2009","1.123319"
"2009-02-04","04 Feb 2009","1.142194"
"2009-02-05","05 Feb 2009","1.070539"
"2009-02-06","06 Feb 2009","1.013417"
"2009-02-09","09 Feb 2009","1.018357"
"2009-02-10","10 Feb 2009","1.056093"
"2009-02-11","11 Feb 2009","1.050170"
"2009-02-12","12 Feb 2009","0.995869"
"2009-02-13","13 Feb 2009","1.006172"
"2009-02-16","16 Feb 2009","0.987247"
"2009-02-17","17 Feb 2009","0.983128"
"2009-02-18","18 Feb 2009","1.006914"
"2009-02-19","19 Feb 2009","1.012299"
"2009-02-20","20 Feb 2009","0.985460"
"2009-02-23","23 Feb 2009","0.966855"
"2009-02-24","24 Feb 2009","0.933669"
"2009-02-25","25 Feb 2009","0.900891"
"2009-02-26","26 Feb 2009","0.883404"
"2009-02-27","27 Feb 2009","0.861979"
"2009-03-02","02 Mar 2009","0.861070"
"2009-03-03","03 Mar 2009","0.818338"
"2009-03-04","04 Mar 2009","0.799797"
"2009-03-05","05 Mar 2009","0.797397"
"2009-03-06","06 Mar 2009","0.791620"
"2009-03-09","09 Mar 2009","0.810376"
"2009-03-10","10 Mar 2009","0.804306"
"2009-03-11","11 Mar 2009","0.842189"
"2009-03-12","12 Mar 2009","0.815090"
"2009-03-13","13 Mar 2009","0.801628"
"2009-03-16","16 Mar 2009","0.780420"
"2009-03-17","17 Mar 2009","0.776578"
"2009-03-18","18 Mar 2009","0.760071"
"2009-03-19","19 Mar 2009","0.752886"
"2009-03-20","20 Mar 2009","0.728778"
"2009-03-23","23 Mar 2009","0.744309"
"2009-03-24","24 Mar 2009","0.772488"
"2009-03-25","25 Mar 2009","0.760994"
"2009-03-26","26 Mar 2009","0.753917"
"2009-03-27","27 Mar 2009","0.740513"
"2009-03-30","30 Mar 2009","0.717568"
"2009-03-31","31 Mar 2009","0.711178"
"2009-04-01","01 Apr 2009","0.678298"
"2009-04-02","02 Apr 2009","0.725823"
"2009-04-03","03 Apr 2009","0.744736"
"2009-04-06","06 Apr 2009","0.712296"
"2009-04-07","07 Apr 2009","0.683527"
"2009-04-08","08 Apr 2009","0.697196"
"2009-04-09","09 Apr 2009","0.728681"
"2009-04-14","14 Apr 2009","0.742792"
"2009-04-15","15 Apr 2009","0.742667"
"2009-04-16","16 Apr 2009","0.786454"
"2009-04-17","17 Apr 2009","0.842946"
"2009-04-20","20 Apr 2009","0.875206"
"2009-04-21","21 Apr 2009","0.858409"
"2009-04-22","22 Apr 2009","0.853657"
"2009-04-23","23 Apr 2009","0.810396"
"2009-04-24","24 Apr 2009","0.785110"
"2009-04-27","27 Apr 2009","0.775024"
"2009-04-28","28 Apr 2009","0.759923"
"2009-04-29","29 Apr 2009","0.738385"
"2009-04-30","30 Apr 2009","0.742156"
"2009-05-04","04 May 2009","0.729449"
"2009-05-05","05 May 2009","0.726855"
"2009-05-06","06 May 2009","0.710769"
"2009-05-07","07 May 2009","0.678044"
"2009-05-08","08 May 2009","0.674810"
"2009-05-11","11 May 2009","0.689323"
"2009-05-12","12 May 2009","0.702039"
"2009-05-13","13 May 2009","0.670846"
"2009-05-14","14 May 2009","0.672844"
"2009-05-15","15 May 2009","0.659650"
"2009-05-18","18 May 2009","0.642542"
"2009-05-19","19 May 2009","0.705023"
"2009-05-20","20 May 2009","0.752854"
"2009-05-21","21 May 2009","0.760739"
"2009-05-22","22 May 2009","0.771146"
"2009-05-25","25 May 2009","0.782590"
"2009-05-26","26 May 2009","0.783005"
"2009-05-27","27 May 2009","0.794611"
"2009-05-28","28 May 2009","0.793270"
"2009-05-29","29 May 2009","0.765991"
"2009-06-01","01 Jun 2009","0.759490"
"2009-06-02","02 Jun 2009","0.761543"
"2009-06-03","03 Jun 2009","0.771445"
"2009-06-04","04 Jun 2009","0.827012"
"2009-06-05","05 Jun 2009","0.857719"
"2009-06-08","08 Jun 2009","0.886846"
"2009-06-09","09 Jun 2009","0.870881"
"2009-06-10","10 Jun 2009","0.838209"
"2009-06-11","11 Jun 2009","0.802791"
"2009-06-12","12 Jun 2009","0.774888"
"2009-06-15","15 Jun 2009","0.775674"
"2009-06-16","16 Jun 2009","0.777858"
"2009-06-17","17 Jun 2009","0.765408"
"2009-06-18","18 Jun 2009","0.727479"
"2009-06-19","19 Jun 2009","0.735829"
"2009-06-22","22 Jun 2009","0.721915"
"2009-06-23","23 Jun 2009","0.715264"
"2009-06-24","24 Jun 2009","0.630045"
"2009-06-25","25 Jun 2009","0.601213"
"2009-06-26","26 Jun 2009","0.629726"
"2009-06-29","29 Jun 2009","0.680337"
"2009-06-30","30 Jun 2009","0.658443"
"2009-07-01","01 Jul 2009","0.665946"
"2009-07-02","02 Jul 2009","0.589283"
"2009-07-03","03 Jul 2009","0.578026"
"2009-07-06","06 Jul 2009","0.570236"
"2009-07-07","07 Jul 2009","0.547539"
"2009-07-08","08 Jul 2009","0.525896"
"2009-07-09","09 Jul 2009","0.520359"
"2009-07-10","10 Jul 2009","0.509962"
"2009-07-13","13 Jul 2009","0.510492"
"2009-07-14","14 Jul 2009","0.505190"
"2009-07-15","15 Jul 2009","0.496526"
"2009-07-16","16 Jul 2009","0.464438"
"2009-07-17","17 Jul 2009","0.451709"
"2009-07-20","20 Jul 2009","0.447970"
"2009-07-21","21 Jul 2009","0.442642"
"2009-07-22","22 Jul 2009","0.446260"
"2009-07-23","23 Jul 2009","0.447910"
"2009-07-24","24 Jul 2009","0.457564"
"2009-07-27","27 Jul 2009","0.449826"
"2009-07-28","28 Jul 2009","0.459244"
"2009-07-29","29 Jul 2009","0.451670"
"2009-07-30","30 Jul 2009","0.441219"
"2009-07-31","31 Jul 2009","0.441466"
"2009-08-03","03 Aug 2009","0.450975"
"2009-08-04","04 Aug 2009","0.462178"
"2009-08-05","05 Aug 2009","0.484192"
"2009-08-06","06 Aug 2009","0.471452"
"2009-08-07","07 Aug 2009","0.465465"
"2009-08-10","10 Aug 2009","0.463432"
"2009-08-11","11 Aug 2009","0.474566"
"2009-08-12","12 Aug 2009","0.462974"
"2009-08-13","13 Aug 2009","0.438795"
"2009-08-14","14 Aug 2009","0.437730"
"2009-08-17","17 Aug 2009","0.445368"
"2009-08-18","18 Aug 2009","0.452353"
"2009-08-19","19 Aug 2009","0.448486"
"2009-08-20","20 Aug 2009","0.439254"
"2009-08-21","21 Aug 2009","0.436800"
"2009-08-24","24 Aug 2009","0.425712"
"2009-08-25","25 Aug 2009","0.423895"
"2009-08-26","26 Aug 2009","0.421676"
"2009-08-27","27 Aug 2009","0.411923"
"2009-08-28","28 Aug 2009","0.401058"
"2009-08-31","31 Aug 2009","0.400811"
"2009-09-01","01 Sep 2009","0.404357"
"2009-09-02","02 Sep 2009","0.414224"
"2009-09-03","03 Sep 2009","0.380132"
"2009-09-04","04 Sep 2009","0.381842"
"2009-09-07","07 Sep 2009","0.359586"
"2009-09-08","08 Sep 2009","0.359275"
"2009-09-09","09 Sep 2009","0.373093"
"2009-09-10","10 Sep 2009","0.390652"
"2009-09-11","11 Sep 2009","0.394287"
"2009-09-14","14 Sep 2009","0.404515"
"2009-09-15","15 Sep 2009","0.410292"
"2009-09-16","16 Sep 2009","0.423576"
"2009-09-17","17 Sep 2009","0.451500"
"2009-09-18","18 Sep 2009","0.442430"
"2009-09-21","21 Sep 2009","0.434751"
"2009-09-22","22 Sep 2009","0.410393"
"2009-09-23","23 Sep 2009","0.400395"
"2009-09-24","24 Sep 2009","0.402417"
"2009-09-25","25 Sep 2009","0.417063"
"2009-09-28","28 Sep 2009","0.421780"
"2009-09-29","29 Sep 2009","0.425942"
"2009-09-30","30 Sep 2009","0.433623"
"2009-10-01","01 Oct 2009","0.446471"
"2009-10-02","02 Oct 2009","0.434385"
"2009-10-05","05 Oct 2009","0.435923"
"2009-10-06","06 Oct 2009","0.450897"
"2009-10-07","07 Oct 2009","0.490973"
"2009-10-08","08 Oct 2009","0.486946"
"2009-10-09","09 Oct 2009","0.534770"
"2009-10-12","12 Oct 2009","0.519865"
"2009-10-13","13 Oct 2009","0.512102"
"2009-10-14","14 Oct 2009","0.529784"
"2009-10-15","15 Oct 2009","0.538574"
"2009-10-16","16 Oct 2009","0.538299"
"2009-10-19","19 Oct 2009","0.533918"
"2009-10-20","20 Oct 2009","0.544593"
"2009-10-21","21 Oct 2009","0.532345"
"2009-10-22","22 Oct 2009","0.527536"
"2009-10-23","23 Oct 2009","0.527618"
"2009-10-26","26 Oct 2009","0.510243"
"2009-10-27","27 Oct 2009","0.498896"
"2009-10-28","28 Oct 2009","0.490471"
"2009-10-29","29 Oct 2009","0.514728"
"2009-10-30","30 Oct 2009","0.515842"
"2009-11-02","02 Nov 2009","0.523856"
"2009-11-03","03 Nov 2009","0.517834"
"2009-11-04","04 Nov 2009","0.518697"
"2009-11-05","05 Nov 2009","0.501440"
"2009-11-06","06 Nov 2009","0.481444"
"2009-11-09","09 Nov 2009","0.483336"
"2009-11-10","10 Nov 2009","0.487837"
"2009-11-11","11 Nov 2009","0.488944"
"2009-11-12","12 Nov 2009","0.486293"
"2009-11-13","13 Nov 2009","0.486307"
"2009-11-16","16 Nov 2009","0.492705"
"2009-11-17","17 Nov 2009","0.505076"
"2009-11-18","18 Nov 2009","0.505992"
"2009-11-19","19 Nov 2009","0.507525"
"2009-11-20","20 Nov 2009","0.510698"
"2009-11-23","23 Nov 2009","0.522962"
"2009-11-24","24 Nov 2009","0.531900"
"2009-11-25","25 Nov 2009","0.540558"
"2009-11-26","26 Nov 2009","0.528203"
"2009-11-27","27 Nov 2009","0.513059"
"2009-11-30","30 Nov 2009","0.523408"
"2009-12-01","01 Dec 2009","0.521233"
"2009-12-02","02 Dec 2009","0.516867"
"2009-12-03","03 Dec 2009","0.478536"
"2009-12-04","04 Dec 2009","0.471791"
"2009-12-07","07 Dec 2009","0.469609"
"2009-12-08","08 Dec 2009","0.467660"
"2009-12-09","09 Dec 2009","0.476990"
"2009-12-10","10 Dec 2009","0.490251"
"2009-12-11","11 Dec 2009","0.494697"
"2009-12-14","14 Dec 2009","0.487490"
"2009-12-15","15 Dec 2009","0.509223"
"2009-12-16","16 Dec 2009","0.481975"
"2009-12-17","17 Dec 2009","0.473370"
"2009-12-18","18 Dec 2009","0.471690"
"2009-12-21","21 Dec 2009","0.477772"
"2009-12-22","22 Dec 2009","0.483324"
"2009-12-23","23 Dec 2009","0.478797"
"2009-12-24","24 Dec 2009","0.487804"
"2009-12-28","28 Dec 2009","0.490623"
"2009-12-29","29 Dec 2009","0.492923"
"2009-12-30","30 Dec 2009","0.507567"
"2009-12-31","31 Dec 2009","0.516524"
"2010-01-04","04 Jan 2010","0.490332"
"2010-01-05","05 Jan 2010","0.461626"
"2010-01-06","06 Jan 2010","0.444385"
"2010-01-07","07 Jan 2010","0.416986"
"2010-01-08","08 Jan 2010","0.425726"
"2010-01-11","11 Jan 2010","0.401507"
"2010-01-12","12 Jan 2010","0.409412"
"2010-01-13","13 Jan 2010","0.408418"
"2010-01-14","14 Jan 2010","0.393161"
"2010-01-15","15 Jan 2010","0.373691"
"2010-01-18","18 Jan 2010","0.374919"
"2010-01-19","19 Jan 2010","0.383818"
"2010-01-20","20 Jan 2010","0.396322"
"2010-01-21","21 Jan 2010","0.380952"
"2010-01-22","22 Jan 2010","0.381817"
"2010-01-25","25 Jan 2010","0.376419"
"2010-01-26","26 Jan 2010","0.386062"
"2010-01-27","27 Jan 2010","0.393867"
"2010-01-28","28 Jan 2010","0.405438"
"2010-01-29","29 Jan 2010","0.424933"
"2010-02-01","01 Feb 2010","0.412076"
"2010-02-02","02 Feb 2010","0.394968"
"2010-02-03","03 Feb 2010","0.400549"
"2010-02-04","04 Feb 2010","0.395642"
"2010-02-05","05 Feb 2010","0.390627"
"2010-02-08","08 Feb 2010","0.389661"
"2010-02-09","09 Feb 2010","0.392304"
"2010-02-10","10 Feb 2010","0.394698"
"2010-02-11","11 Feb 2010","0.403095"
"2010-02-12","12 Feb 2010","0.381757"
"2010-02-15","15 Feb 2010","0.366095"
"2010-02-16","16 Feb 2010","0.380711"
"2010-02-17","17 Feb 2010","0.383664"
"2010-02-18","18 Feb 2010","0.388377"
"2010-02-19","19 Feb 2010","0.398219"
"2010-02-22","22 Feb 2010","0.389951"
"2010-02-23","23 Feb 2010","0.385265"
"2010-02-24","24 Feb 2010","0.366041"
"2010-02-25","25 Feb 2010","0.364556"
"2010-02-26","26 Feb 2010","0.353851"
"2010-03-01","01 Mar 2010","0.375070"
"2010-03-02","02 Mar 2010","0.372386"
"2010-03-03","03 Mar 2010","0.376314"
"2010-03-04","04 Mar 2010","0.376202"
"2010-03-05","05 Mar 2010","0.369011"
"2010-03-08","08 Mar 2010","0.367952"
"2010-03-09","09 Mar 2010","0.367987"
"2010-03-10","10 Mar 2010","0.369668"
"2010-03-11","11 Mar 2010","0.382465"
"2010-03-12","12 Mar 2010","0.394224"
"2010-03-15","15 Mar 2010","0.387346"
"2010-03-16","16 Mar 2010","0.392656"
"2010-03-17","17 Mar 2010","0.388916"
"2010-03-18","18 Mar 2010","0.393689"
"2010-03-19","19 Mar 2010","0.395241"
"2010-03-22","22 Mar 2010","0.391199"
"2010-03-23","23 Mar 2010","0.384229"
"2010-03-24","24 Mar 2010","0.388067"
"2010-03-25","25 Mar 2010","0.385641"
"2010-03-26","26 Mar 2010","0.389005"
"2010-03-29","29 Mar 2010","0.386953"
"2010-03-30","30 Mar 2010","0.393544"
"2010-03-31","31 Mar 2010","0.408569"
"2010-04-01","01 Apr 2010","0.426444"
"2010-04-06","06 Apr 2010","0.432722"
"2010-04-07","07 Apr 2010","0.416593"
"2010-04-08","08 Apr 2010","0.416460"
"2010-04-09","09 Apr 2010","0.428075"
"2010-04-12","12 Apr 2010","0.433756"
"2010-04-13","13 Apr 2010","0.435225"
"2010-04-14","14 Apr 2010","0.417203"
"2010-04-15","15 Apr 2010","0.426086"
"2010-04-16","16 Apr 2010","0.415866"
"2010-04-19","19 Apr 2010","0.403795"
"2010-04-20","20 Apr 2010","0.410636"
"2010-04-21","21 Apr 2010","0.409615"
"2010-04-22","22 Apr 2010","0.401176"
"2010-04-23","23 Apr 2010","0.407598"
"2010-04-26","26 Apr 2010","0.413948"
"2010-04-27","27 Apr 2010","0.394025"
"2010-04-28","28 Apr 2010","0.370576"
"2010-04-29","29 Apr 2010","0.398434"
"2010-04-30","30 Apr 2010","0.410694"
"2010-05-03","03 May 2010","0.412252"
"2010-05-04","04 May 2010","0.380951"
"2010-05-05","05 May 2010","0.316553"
"2010-05-06","06 May 2010","0.325708"
"2010-05-07","07 May 2010","0.315538"
"2010-05-10","10 May 2010","0.320110"
"2010-05-11","11 May 2010","0.327960"
"2010-05-12","12 May 2010","0.310219"
"2010-05-13","13 May 2010","0.315473"
"2010-05-14","14 May 2010","0.306170"
"2010-05-17","17 May 2010","0.299479"
"2010-05-18","18 May 2010","0.344970"
"2010-05-19","19 May 2010","0.329970"
"2010-05-20","20 May 2010","0.350063"
"2010-05-21","21 May 2010","0.318588"
"2010-05-24","24 May 2010","0.305583"
"2010-05-25","25 May 2010","0.319405"
"2010-05-26","26 May 2010","0.350881"
"2010-05-27","27 May 2010","0.344579"
"2010-05-28","28 May 2010","0.211743"
"2010-05-31","31 May 2010","0.213738"
"2010-06-01","01 Jun 2010","0.211521"
"2010-06-02","02 Jun 2010","0.206885"
"2010-06-03","03 Jun 2010","0.208072"
"2010-06-04","04 Jun 2010","0.206179"
"2010-06-07","07 Jun 2010","0.201166"
"2010-06-08","08 Jun 2010","0.194356"
"2010-06-09","09 Jun 2010","0.201942"
"2010-06-10","10 Jun 2010","0.201000"
"2010-06-11","11 Jun 2010","0.207543"
"2010-06-14","14 Jun 2010","0.217424"
"2010-06-15","15 Jun 2010","0.222483"
"2010-06-16","16 Jun 2010","0.235694"
"2010-06-17","17 Jun 2010","0.230944"
"2010-06-18","18 Jun 2010","0.244347"
"2010-06-21","21 Jun 2010","0.277181"
"2010-06-22","22 Jun 2010","0.276699"
"2010-06-23","23 Jun 2010","0.279686"
"2010-06-24","24 Jun 2010","0.288246"
"2010-06-25","25 Jun 2010","0.302193"
"2010-06-28","28 Jun 2010","0.323316"
"2010-06-29","29 Jun 2010","0.306916"
"2010-06-30","30 Jun 2010","0.353880"
"2010-07-01","01 Jul 2010","0.403719"
"2010-07-02","02 Jul 2010","0.395811"
"2010-07-05","05 Jul 2010","0.388909"
"2010-07-06","06 Jul 2010","0.401905"
"2010-07-07","07 Jul 2010","0.408018"
"2010-07-08","08 Jul 2010","0.474629"
"2010-07-09","09 Jul 2010","0.473830"
"2010-07-12","12 Jul 2010","0.421114"
"2010-07-13","13 Jul 2010","0.418932"
"2010-07-14","14 Jul 2010","0.442834"
"2010-07-15","15 Jul 2010","0.457553"
"2010-07-16","16 Jul 2010","0.481608"
"2010-07-19","19 Jul 2010","0.531886"
"2010-07-20","20 Jul 2010","0.498406"
"2010-07-21","21 Jul 2010","0.480685"
"2010-07-22","22 Jul 2010","0.478798"
"2010-07-23","23 Jul 2010","0.504836"
"2010-07-26","26 Jul 2010","0.494642"
"2010-07-27","27 Jul 2010","0.506781"
"2010-07-28","28 Jul 2010","0.498144"
"2010-07-29","29 Jul 2010","0.489942"
"2010-07-30","30 Jul 2010","0.486233"
"2010-08-02","02 Aug 2010","0.487837"
"2010-08-03","03 Aug 2010","0.486467"
"2010-08-04","04 Aug 2010","0.492624"
"2010-08-05","05 Aug 2010","0.505689"
"2010-08-06","06 Aug 2010","0.516538"
"2010-08-09","09 Aug 2010","0.502347"
"2010-08-10","10 Aug 2010","0.490353"
"2010-08-11","11 Aug 2010","0.458978"
"2010-08-12","12 Aug 2010","0.425667"
"2010-08-13","13 Aug 2010","0.429102"
"2010-08-16","16 Aug 2010","0.424901"
"2010-08-17","17 Aug 2010","0.428192"
"2010-08-18","18 Aug 2010","0.432070"
"2010-08-19","19 Aug 2010","0.437560"
"2010-08-20","20 Aug 2010","0.398278"
"2010-08-23","23 Aug 2010","0.398215"
"2010-08-24","24 Aug 2010","0.397675"
"2010-08-25","25 Aug 2010","0.399629"
"2010-08-26","26 Aug 2010","0.402531"
"2010-08-27","27 Aug 2010","0.410490"
"2010-08-30","30 Aug 2010","0.412078"
"2010-08-31","31 Aug 2010","0.420824"
"2010-09-01","01 Sep 2010","0.407895"
"2010-09-02","02 Sep 2010","0.404246"
"2010-09-03","03 Sep 2010","0.415801"
"2010-09-06","06 Sep 2010","0.417470"
"2010-09-07","07 Sep 2010","0.414561"
"2010-09-08","08 Sep 2010","0.410984"
"2010-09-09","09 Sep 2010","0.425833"
"2010-09-10","10 Sep 2010","0.432167"
"2010-09-13","13 Sep 2010","0.435529"
"2010-09-14","14 Sep 2010","0.431843"
"2010-09-15","15 Sep 2010","0.443520"
"2010-09-16","16 Sep 2010","0.464743"
"2010-09-17","17 Sep 2010","0.465034"
"2010-09-20","20 Sep 2010","0.463489"
"2010-09-21","21 Sep 2010","0.452394"
"2010-09-22","22 Sep 2010","0.450585"
"2010-09-23","23 Sep 2010","0.439914"
"2010-09-24","24 Sep 2010","0.450756"
"2010-09-27","27 Sep 2010","0.486793"
"2010-09-28","28 Sep 2010","0.482526"
"2010-09-29","29 Sep 2010","0.498380"
"2010-09-30","30 Sep 2010","0.596925"
"2010-10-01","01 Oct 2010","0.641895"
"2010-10-04","04 Oct 2010","0.593079"
"2010-10-05","05 Oct 2010","0.594753"
"2010-10-06","06 Oct 2010","0.589012"
"2010-10-07","07 Oct 2010","0.611069"
"2010-10-08","08 Oct 2010","0.607576"
"2010-10-11","11 Oct 2010","0.611170"
"2010-10-12","12 Oct 2010","0.602232"
"2010-10-13","13 Oct 2010","0.594050"
"2010-10-14","14 Oct 2010","0.634200"
"2010-10-15","15 Oct 2010","0.640149"
"2010-10-18","18 Oct 2010","0.680280"
"2010-10-19","19 Oct 2010","0.694839"
"2010-10-20","20 Oct 2010","0.717901"
"2010-10-21","21 Oct 2010","0.723848"
"2010-10-22","22 Oct 2010","0.733877"
"2010-10-25","25 Oct 2010","0.733396"
"2010-10-26","26 Oct 2010","0.767242"
"2010-10-27","27 Oct 2010","0.763461"
"2010-10-28","28 Oct 2010","0.786008"
"2010-10-29","29 Oct 2010","0.769410"
"2010-11-01","01 Nov 2010","0.772023"
"2010-11-02","02 Nov 2010","0.777409"
"2010-11-03","03 Nov 2010","0.765283"
"2010-11-04","04 Nov 2010","0.778040"
"2010-11-05","05 Nov 2010","0.768102"
"2010-11-08","08 Nov 2010","0.781195"
"2010-11-09","09 Nov 2010","0.766122"
"2010-11-10","10 Nov 2010","0.766362"
"2010-11-11","11 Nov 2010","0.764958"
"2010-11-12","12 Nov 2010","0.745192"
"2010-11-15","15 Nov 2010","0.742226"
"2010-11-16","16 Nov 2010","0.728835"
"2010-11-17","17 Nov 2010","0.715158"
"2010-11-18","18 Nov 2010","0.709092"
"2010-11-19","19 Nov 2010","0.728803"
"2010-11-22","22 Nov 2010","0.722957"
"2010-11-23","23 Nov 2010","0.686500"
"2010-11-24","24 Nov 2010","0.660737"
"2010-11-25","25 Nov 2010","0.666820"
"2010-11-26","26 Nov 2010","0.654380"
"2010-11-29","29 Nov 2010","0.649666"
"2010-11-30","30 Nov 2010","0.644717"
"2010-12-01","01 Dec 2010","0.647462"
"2010-12-02","02 Dec 2010","0.621509"
"2010-12-03","03 Dec 2010","0.615769"
"2010-12-06","06 Dec 2010","0.609046"
"2010-12-07","07 Dec 2010","0.608425"
"2010-12-08","08 Dec 2010","0.598452"
"2010-12-09","09 Dec 2010","0.593074"
"2010-12-10","10 Dec 2010","0.616644"
"2010-12-13","13 Dec 2010","0.607693"
"2010-12-14","14 Dec 2010","0.593924"
"2010-12-15","15 Dec 2010","0.598575"
"2010-12-16","16 Dec 2010","0.595170"
"2010-12-17","17 Dec 2010","0.592769"
"2010-12-20","20 Dec 2010","0.588434"
"2010-12-21","21 Dec 2010","0.580387"
"2010-12-22","22 Dec 2010","0.505890"
"2010-12-23","23 Dec 2010","0.510350"
"2010-12-24","24 Dec 2010","0.516266"
"2010-12-27","27 Dec 2010","0.508756"
"2010-12-28","28 Dec 2010","0.507204"
"2010-12-29","29 Dec 2010","0.507116"
"2010-12-30","30 Dec 2010","0.498415"
"2010-12-31","31 Dec 2010","0.509530"
"2011-01-03","03 Jan 2011","0.497287"
"2011-01-04","04 Jan 2011","0.517786"
"2011-01-05","05 Jan 2011","0.498615"
"2011-01-06","06 Jan 2011","0.496060"
"2011-01-07","07 Jan 2011","0.483349"
"2011-01-10","10 Jan 2011","0.480062"
"2011-01-11","11 Jan 2011","0.484066"
"2011-01-12","12 Jan 2011","0.497573"
"2011-01-13","13 Jan 2011","0.534899"
"2011-01-14","14 Jan 2011","0.561927"
"2011-01-17","17 Jan 2011","0.571193"
"2011-01-18","18 Jan 2011","0.621325"
"2011-01-19","19 Jan 2011","0.589665"
"2011-01-20","20 Jan 2011","0.642960"
"2011-01-21","21 Jan 2011","0.670509"
"2011-01-24","24 Jan 2011","0.664177"
"2011-01-25","25 Jan 2011","0.724558"
"2011-01-26","26 Jan 2011","0.692610"
"2011-01-27","27 Jan 2011","0.703508"
"2011-01-28","28 Jan 2011","0.779303"
"2011-01-31","31 Jan 2011","0.779995"
"2011-02-01","01 Feb 2011","0.760691"
"2011-02-02","02 Feb 2011","0.784291"
"2011-02-03","03 Feb 2011","0.767906"
"2011-02-04","04 Feb 2011","0.766131"
"2011-02-07","07 Feb 2011","0.746119"
"2011-02-08","08 Feb 2011","0.790514"
"2011-02-09","09 Feb 2011","0.802410"
"2011-02-10","10 Feb 2011","0.798186"
"2011-02-11","11 Feb 2011","0.784180"
"2011-02-14","14 Feb 2011","0.771585"
"2011-02-15","15 Feb 2011","0.776250"
"2011-02-16","16 Feb 2011","0.766413"
"2011-02-17","17 Feb 2011","0.752441"
"2011-02-18","18 Feb 2011","0.765279"
"2011-02-21","21 Feb 2011","0.798519"
"2011-02-22","22 Feb 2011","0.835541"
"2011-02-23","23 Feb 2011","0.844119"
"2011-02-24","24 Feb 2011","0.826176"
"2011-02-25","25 Feb 2011","0.838088"
"2011-02-28","28 Feb 2011","0.825126"
"2011-03-01","01 Mar 2011","0.829706"
"2011-03-02","02 Mar 2011","0.817847"
"2011-03-03","03 Mar 2011","0.988551"
"2011-03-04","04 Mar 2011","0.975801"
"2011-03-07","07 Mar 2011","0.975617"
"2011-03-08","08 Mar 2011","0.956478"
"2011-03-09","09 Mar 2011","0.957254"
"2011-03-10","10 Mar 2011","0.944919"
"2011-03-11","11 Mar 2011","0.926916"
"2011-03-14","14 Mar 2011","0.909936"
"2011-03-15","15 Mar 2011","0.871221"
"2011-03-16","16 Mar 2011","0.861861"
"2011-03-17","17 Mar 2011","0.885540"
"2011-03-18","18 Mar 2011","0.910264"
"2011-03-21","21 Mar 2011","0.955953"
"2011-03-22","22 Mar 2011","0.960225"
"2011-03-23","23 Mar 2011","0.952869"
"2011-03-24","24 Mar 2011","0.971343"
"2011-03-25","25 Mar 2011","0.982719"
"2011-03-28","28 Mar 2011","1.012532"
"2011-03-29","29 Mar 2011","1.011003"
"2011-03-30","30 Mar 2011","0.998079"
"2011-03-31","31 Mar 2011","1.018992"
"2011-04-01","01 Apr 2011","1.025917"
"2011-04-04","04 Apr 2011","1.023704"
"2011-04-05","05 Apr 2011","1.022512"
"2011-04-06","06 Apr 2011","1.030031"
"2011-04-07","07 Apr 2011","1.055947"
"2011-04-08","08 Apr 2011","1.103762"
"2011-04-11","11 Apr 2011","1.082783"
"2011-04-12","12 Apr 2011","1.069770"
"2011-04-13","13 Apr 2011","1.085468"
"2011-04-14","14 Apr 2011","1.075639"
"2011-04-15","15 Apr 2011","1.091310"
"2011-04-18","18 Apr 2011","1.082127"
"2011-04-19","19 Apr 2011","1.105690"
"2011-04-20","20 Apr 2011","1.124868"
"2011-04-21","21 Apr 2011","1.108557"
"2011-04-26","26 Apr 2011","1.093333"
"2011-04-27","27 Apr 2011","1.129337"
"2011-04-28","28 Apr 2011","1.145405"
"2011-04-29","29 Apr 2011","1.157741"
"2011-05-02","02 May 2011","1.175962"
"2011-05-03","03 May 2011","1.181875"
"2011-05-04","04 May 2011","1.214010"
"2011-05-05","05 May 2011","1.141774"
"2011-05-06","06 May 2011","1.154408"
"2011-05-09","09 May 2011","1.145349"
"2011-05-10","10 May 2011","1.130543"
"2011-05-11","11 May 2011","1.135273"
"2011-05-12","12 May 2011","1.128754"
"2011-05-13","13 May 2011","1.158457"
"2011-05-16","16 May 2011","1.174503"
"2011-05-17","17 May 2011","1.166287"
"2011-05-18","18 May 2011","1.179853"
"2011-05-19","19 May 2011","1.202436"
"2011-05-20","20 May 2011","1.175995"
"2011-05-23","23 May 2011","1.149681"
"2011-05-24","24 May 2011","1.153578"
"2011-05-25","25 May 2011","1.125126"
"2011-05-26","26 May 2011","1.125759"
"2011-05-27","27 May 2011","1.109644"
"2011-05-30","30 May 2011","1.112796"
"2011-05-31","31 May 2011","1.126407"
"2011-06-01","01 Jun 2011","1.134578"
"2011-06-02","02 Jun 2011","1.152705"
"2011-06-03","03 Jun 2011","1.166428"
"2011-06-06","06 Jun 2011","1.185367"
"2011-06-07","07 Jun 2011","1.216384"
"2011-06-08","08 Jun 2011","1.231258"
"2011-06-09","09 Jun 2011","1.232686"
"2011-06-10","10 Jun 2011","1.227074"
"2011-06-13","13 Jun 2011","1.223437"
"2011-06-14","14 Jun 2011","1.250681"
"2011-06-15","15 Jun 2011","1.243028"
"2011-06-16","16 Jun 2011","1.240221"
"2011-06-17","17 Jun 2011","1.258319"
"2011-06-20","20 Jun 2011","1.251773"
"2011-06-21","21 Jun 2011","1.261302"
"2011-06-22","22 Jun 2011","1.252810"
"2011-06-23","23 Jun 2011","1.223827"
"2011-06-24","24 Jun 2011","1.217871"
"2011-06-27","27 Jun 2011","1.218732"
"2011-06-28","28 Jun 2011","1.256208"
"2011-06-29","29 Jun 2011","1.265614"
"2011-06-30","30 Jun 2011","1.280434"
"2011-07-01","01 Jul 2011","1.289179"
"2011-07-04","04 Jul 2011","1.301382"
"2011-07-05","05 Jul 2011","1.299124"
"2011-07-06","06 Jul 2011","1.282610"
"2011-07-07","07 Jul 2011","1.282799"
"2011-07-08","08 Jul 2011","1.285593"
"2011-07-11","11 Jul 2011","1.205018"
"2011-07-12","12 Jul 2011","1.165277"
"2011-07-13","13 Jul 2011","1.178324"
"2011-07-14","14 Jul 2011","1.167078"
"2011-07-15","15 Jul 2011","1.131177"
"2011-07-18","18 Jul 2011","1.115864"
"2011-07-19","19 Jul 2011","1.111830"
"2011-07-20","20 Jul 2011","1.109474"
"2011-07-21","21 Jul 2011","1.134803"
"2011-07-22","22 Jul 2011","1.146872"
"2011-07-25","25 Jul 2011","1.147741"
"2011-07-26","26 Jul 2011","1.115973"
"2011-07-27","27 Jul 2011","1.083849"
"2011-07-28","28 Jul 2011","1.071085"
"2011-07-29","29 Jul 2011","1.038241"
"2011-08-01","01 Aug 2011","1.038424"
"2011-08-02","02 Aug 2011","0.981544"
"2011-08-03","03 Aug 2011","0.982342"
"2011-08-04","04 Aug 2011","0.871388"
"2011-08-05","05 Aug 2011","0.758715"
"2011-08-08","08 Aug 2011","0.699710"
"2011-08-09","09 Aug 2011","0.692684"
"2011-08-10","10 Aug 2011","0.635197"
"2011-08-11","11 Aug 2011","0.626857"
"2011-08-12","12 Aug 2011","0.685808"
"2011-08-15","15 Aug 2011","0.727992"
"2011-08-16","16 Aug 2011","0.729994"
"2011-08-17","17 Aug 2011","0.731089"
"2011-08-18","18 Aug 2011","0.668614"
"2011-08-19","19 Aug 2011","0.644304"
"2011-08-22","22 Aug 2011","0.663399"
"2011-08-23","23 Aug 2011","0.655561"
"2011-08-24","24 Aug 2011","0.657699"
"2011-08-25","25 Aug 2011","0.636258"
"2011-08-26","26 Aug 2011","0.620277"
"2011-08-29","29 Aug 2011","0.649337"
"2011-08-30","30 Aug 2011","0.614521"
"2011-08-31","31 Aug 2011","0.619016"
"2011-09-01","01 Sep 2011","0.602001"
"2011-09-02","02 Sep 2011","0.560444"
"2011-09-05","05 Sep 2011","0.498511"
"2011-09-06","06 Sep 2011","0.482429"
"2011-09-07","07 Sep 2011","0.535185"
"2011-09-08","08 Sep 2011","0.495188"
"2011-09-09","09 Sep 2011","0.391137"
"2011-09-12","12 Sep 2011","0.389043"
"2011-09-13","13 Sep 2011","0.442046"
"2011-09-14","14 Sep 2011","0.458885"
"2011-09-15","15 Sep 2011","0.462887"
"2011-09-16","16 Sep 2011","0.420179"
"2011-09-19","19 Sep 2011","0.368710"
"2011-09-20","20 Sep 2011","0.354948"
"2011-09-21","21 Sep 2011","0.344554"
"2011-09-22","22 Sep 2011","0.295724"
"2011-09-23","23 Sep 2011","0.274123"
"2011-09-26","26 Sep 2011","0.276796"
"2011-09-27","27 Sep 2011","0.372610"
"2011-09-28","28 Sep 2011","0.348992"
"2011-09-29","29 Sep 2011","0.337295"
"2011-09-30","30 Sep 2011","0.337511"
"2011-10-03","03 Oct 2011","0.342694"
"2011-10-04","04 Oct 2011","0.347758"
"2011-10-05","05 Oct 2011","0.351406"
"2011-10-06","06 Oct 2011","0.416510"
"2011-10-07","07 Oct 2011","0.428862"
"2011-10-10","10 Oct 2011","0.434661"
"2011-10-11","11 Oct 2011","0.418361"
"2011-10-12","12 Oct 2011","0.414524"
"2011-10-13","13 Oct 2011","0.380069"
"2011-10-14","14 Oct 2011","0.404456"
"2011-10-17","17 Oct 2011","0.399198"
"2011-10-18","18 Oct 2011","0.409300"
"2011-10-19","19 Oct 2011","0.417371"
"2011-10-20","20 Oct 2011","0.435172"
"2011-10-21","21 Oct 2011","0.452758"
"2011-10-24","24 Oct 2011","0.445849"
"2011-10-25","25 Oct 2011","0.452476"
"2011-10-26","26 Oct 2011","0.433033"
"2011-10-27","27 Oct 2011","0.435750"
"2011-10-28","28 Oct 2011","0.439912"
"2011-10-31","31 Oct 2011","0.424226"
"2011-11-01","01 Nov 2011","0.411715"
"2011-11-02","02 Nov 2011","0.426048"
"2011-11-03","03 Nov 2011","0.372413"
"2011-11-04","04 Nov 2011","0.357505"
"2011-11-07","07 Nov 2011","0.361581"
"2011-11-08","08 Nov 2011","0.363265"
"2011-11-09","09 Nov 2011","0.347161"
"2011-11-10","10 Nov 2011","0.376445"
"2011-11-11","11 Nov 2011","0.397772"
"2011-11-14","14 Nov 2011","0.423500"
"2011-11-15","15 Nov 2011","0.458719"
"2011-11-16","16 Nov 2011","0.456091"
"2011-11-17","17 Nov 2011","0.452558"
"2011-11-18","18 Nov 2011","0.419403"
"2011-11-21","21 Nov 2011","0.406655"
"2011-11-22","22 Nov 2011","0.391059"
"2011-11-23","23 Nov 2011","0.409113"
"2011-11-24","24 Nov 2011","0.357324"
"2011-11-25","25 Nov 2011","0.352519"
"2011-11-28","28 Nov 2011","0.354744"
"2011-11-29","29 Nov 2011","0.327436"
"2011-11-30","30 Nov 2011","0.250831"
"2011-12-01","01 Dec 2011","0.189396"
"2011-12-02","02 Dec 2011","0.212414"
"2011-12-05","05 Dec 2011","0.146156"
"2011-12-06","06 Dec 2011","0.149310"
"2011-12-07","07 Dec 2011","0.137330"
"2011-12-08","08 Dec 2011","0.131811"
"2011-12-09","09 Dec 2011","0.146282"
"2011-12-12","12 Dec 2011","0.142357"
"2011-12-13","13 Dec 2011","0.143116"
"2011-12-14","14 Dec 2011","0.112790"
"2011-12-15","15 Dec 2011","0.056931"
"2011-12-16","16 Dec 2011","0.043006"
"2011-12-19","19 Dec 2011","0.059684"
"2011-12-20","20 Dec 2011","0.046166"
"2011-12-21","21 Dec 2011","0.054716"
"2011-12-22","22 Dec 2011","0.050541"
"2011-12-23","23 Dec 2011","0.035720"
"2011-12-27","27 Dec 2011","0.010847"
"2011-12-28","28 Dec 2011","0.009672"
"2011-12-29","29 Dec 2011","-0.010381"
"2011-12-30","30 Dec 2011","0.010074"
"2012-01-02","02 Jan 2012","0.033361"
"2012-01-03","03 Jan 2012","0.019834"
"2012-01-04","04 Jan 2012","0.006415"
"2012-01-05","05 Jan 2012","0.048415"
"2012-01-06","06 Jan 2012","0.087232"
"2012-01-09","09 Jan 2012","0.080793"
"2012-01-10","10 Jan 2012","0.092022"
"2012-01-11","11 Jan 2012","0.067387"
"2012-01-12","12 Jan 2012","0.050768"
"2012-01-13","13 Jan 2012","0.069620"
"2012-01-16","16 Jan 2012","0.110309"
"2012-01-17","17 Jan 2012","0.137182"
"2012-01-18","18 Jan 2012","0.128524"
"2012-01-19","19 Jan 2012","0.132789"
"2012-01-20","20 Jan 2012","0.120093"
"2012-01-23","23 Jan 2012","0.127439"
"2012-01-24","24 Jan 2012","0.126255"
"2012-01-25","25 Jan 2012","0.135446"
"2012-01-26","26 Jan 2012","0.113775"
"2012-01-27","27 Jan 2012","0.130299"
"2012-01-30","30 Jan 2012","0.149905"
"2012-01-31","31 Jan 2012","0.131969"
"2012-02-01","01 Feb 2012","0.134832"
"2012-02-02","02 Feb 2012","0.113165"
"2012-02-03","03 Feb 2012","0.099637"
"2012-02-06","06 Feb 2012","0.146981"
"2012-02-07","07 Feb 2012","0.147411"
"2012-02-08","08 Feb 2012","0.150101"
"2012-02-09","09 Feb 2012","0.147252"
"2012-02-10","10 Feb 2012","0.145449"
"2012-02-13","13 Feb 2012","0.159951"
"2012-02-14","14 Feb 2012","0.153406"
"2012-02-15","15 Feb 2012","0.157724"
"2012-02-16","16 Feb 2012","0.159112"
"2012-02-17","17 Feb 2012","0.161825"
"2012-02-20","20 Feb 2012","0.151302"
"2012-02-21","21 Feb 2012","0.152844"
"2012-02-22","22 Feb 2012","0.136227"
"2012-02-23","23 Feb 2012","0.135822"
"2012-02-24","24 Feb 2012","0.133509"
"2012-02-27","27 Feb 2012","0.121121"
"2012-02-28","28 Feb 2012","0.113440"
"2012-02-29","29 Feb 2012","0.102828"
"2012-03-01","01 Mar 2012","0.086218"
"2012-03-02","02 Mar 2012","0.066764"
"2012-03-05","05 Mar 2012","0.072924"
"2012-03-06","06 Mar 2012","0.071178"
"2012-03-07","07 Mar 2012","0.066082"
"2012-03-08","08 Mar 2012","0.063755"
"2012-03-09","09 Mar 2012","0.080158"
"2012-03-12","12 Mar 2012","0.068819"
"2012-03-13","13 Mar 2012","0.083840"
"2012-03-14","14 Mar 2012","0.085243"
"2012-03-15","15 Mar 2012","0.082223"
"2012-03-16","16 Mar 2012","0.099607"
"2012-03-19","19 Mar 2012","0.085515"
"2012-03-20","20 Mar 2012","0.086495"
"2012-03-21","21 Mar 2012","0.092328"
"2012-03-22","22 Mar 2012","0.085701"
"2012-03-23","23 Mar 2012","0.084886"
"2012-03-26","26 Mar 2012","0.082446"
"2012-03-27","27 Mar 2012","0.085589"
"2012-03-28","28 Mar 2012","0.080204"
"2012-03-29","29 Mar 2012","0.083189"
"2012-03-30","30 Mar 2012","0.089615"
"2012-04-02","02 Apr 2012","0.104536"
"2012-04-03","03 Apr 2012","0.095526"
"2012-04-04","04 Apr 2012","0.090341"
"2012-04-05","05 Apr 2012","0.092832"
"2012-04-10","10 Apr 2012","0.088578"
"2012-04-11","11 Apr 2012","0.077384"
"2012-04-12","12 Apr 2012","0.066541"
"2012-04-13","13 Apr 2012","0.062093"
"2012-04-16","16 Apr 2012","0.061147"
"2012-04-17","17 Apr 2012","0.069436"
"2012-04-18","18 Apr 2012","0.069769"
"2012-04-19","19 Apr 2012","0.074262"
"2012-04-20","20 Apr 2012","0.079249"
"2012-04-23","23 Apr 2012","0.075809"
"2012-04-24","24 Apr 2012","0.067625"
"2012-04-25","25 Apr 2012","0.059972"
"2012-04-26","26 Apr 2012","0.054363"
"2012-04-27","27 Apr 2012","0.047713"
"2012-04-30","30 Apr 2012","0.043174"
"2012-05-02","02 May 2012","0.045089"
"2012-05-03","03 May 2012","0.054319"
"2012-05-04","04 May 2012","0.043545"
"2012-05-07","07 May 2012","0.048336"
"2012-05-08","08 May 2012","0.045018"
"2012-05-09","09 May 2012","0.057399"
"2012-05-10","10 May 2012","0.057372"
"2012-05-11","11 May 2012","0.066135"
"2012-05-14","14 May 2012","0.066830"
"2012-05-15","15 May 2012","0.050567"
"2012-05-16","16 May 2012","0.048677"
"2012-05-17","17 May 2012","0.055306"
"2012-05-18","18 May 2012","0.060421"
"2012-05-21","21 May 2012","0.058393"
"2012-05-22","22 May 2012","0.050843"
"2012-05-23","23 May 2012","0.047208"
"2012-05-24","24 May 2012","0.034521"
"2012-05-25","25 May 2012","0.028218"
"2012-05-28","28 May 2012","0.033360"
"2012-05-29","29 May 2012","0.047242"
"2012-05-30","30 May 2012","0.049498"
"2012-05-31","31 May 2012","0.049320"
"2012-06-01","01 Jun 2012","0.049928"
"2012-06-04","04 Jun 2012","0.041113"
"2012-06-05","05 Jun 2012","0.038751"
"2012-06-06","06 Jun 2012","0.061610"
"2012-06-07","07 Jun 2012","0.061713"
"2012-06-08","08 Jun 2012","0.043144"
"2012-06-11","11 Jun 2012","0.066049"
"2012-06-12","12 Jun 2012","0.076907"
"2012-06-13","13 Jun 2012","0.067036"
"2012-06-14","14 Jun 2012","0.067601"
"2012-06-15","15 Jun 2012","0.045254"
"2012-06-18","18 Jun 2012","0.032759"
"2012-06-19","19 Jun 2012","0.026351"
"2012-06-20","20 Jun 2012","0.046079"
"2012-06-21","21 Jun 2012","0.028802"
"2012-06-22","22 Jun 2012","0.036338"
"2012-06-25","25 Jun 2012","0.034097"
"2012-06-26","26 Jun 2012","0.032287"
"2012-06-27","27 Jun 2012","0.030923"
"2012-06-28","28 Jun 2012","0.036978"
"2012-06-29","29 Jun 2012","0.040118"
"2012-07-02","02 Jul 2012","0.049932"
"2012-07-03","03 Jul 2012","0.023177"
"2012-07-04","04 Jul 2012","0.027657"
"2012-07-05","05 Jul 2012","-0.028774"
"2012-07-06","06 Jul 2012","-0.005355"
"2012-07-09","09 Jul 2012","-0.007405"
"2012-07-10","10 Jul 2012","-0.006931"
"2012-07-11","11 Jul 2012","-0.024671"
"2012-07-12","12 Jul 2012","-0.038345"
"2012-07-13","13 Jul 2012","-0.043449"
"2012-07-16","16 Jul 2012","-0.022215"
"2012-07-17","17 Jul 2012","-0.025879"
"2012-07-18","18 Jul 2012","-0.019409"
"2012-07-19","19 Jul 2012","-0.016662"
"2012-07-20","20 Jul 2012","-0.032987"
"2012-07-23","23 Jul 2012","-0.020109"
"2012-07-24","24 Jul 2012","-0.025391"
"2012-07-25","25 Jul 2012","-0.016847"
"2012-07-26","26 Jul 2012","-0.019934"
"2012-07-27","27 Jul 2012","-0.031691"
"2012-07-30","30 Jul 2012","-0.038556"
"2012-07-31","31 Jul 2012","-0.045255"
"2012-08-01","01 Aug 2012","-0.041633"
"2012-08-02","02 Aug 2012","-0.028989"
"2012-08-03","03 Aug 2012","-0.015946"
"2012-08-06","06 Aug 2012","-0.017517"
"2012-08-07","07 Aug 2012","-0.019510"
"2012-08-08","08 Aug 2012","-0.030244"
"2012-08-09","09 Aug 2012","-0.034738"
"2012-08-10","10 Aug 2012","-0.039598"
"2012-08-13","13 Aug 2012","-0.018246"
"2012-08-14","14 Aug 2012","-0.012442"
"2012-08-15","15 Aug 2012","-0.008565"
"2012-08-16","16 Aug 2012","-0.019439"
"2012-08-17","17 Aug 2012","-0.010378"
"2012-08-20","20 Aug 2012","-0.004005"
"2012-08-21","21 Aug 2012","-0.024009"
"2012-08-22","22 Aug 2012","-0.016698"
"2012-08-23","23 Aug 2012","-0.011312"
"2012-08-24","24 Aug 2012","-0.051058"
"2012-08-27","27 Aug 2012","-0.025175"
"2012-08-28","28 Aug 2012","-0.003057"
"2012-08-29","29 Aug 2012","-0.005650"
"2012-08-30","30 Aug 2012","-0.025139"
"2012-08-31","31 Aug 2012","-0.012135"
"2012-09-03","03 Sep 2012","-0.001763"
"2012-09-04","04 Sep 2012","-0.008154"
"2012-09-05","05 Sep 2012","-0.021593"
"2012-09-06","06 Sep 2012","-0.010439"
"2012-09-07","07 Sep 2012","-0.005734"
"2012-09-10","10 Sep 2012","-0.005353"
"2012-09-11","11 Sep 2012","0.006508"
"2012-09-12","12 Sep 2012","-0.017574"
"2012-09-13","13 Sep 2012","-0.000970"
"2012-09-14","14 Sep 2012","0.021386"
"2012-09-17","17 Sep 2012","-0.002541"
"2012-09-18","18 Sep 2012","-0.000840"
"2012-09-19","19 Sep 2012","-0.005474"
"2012-09-20","20 Sep 2012","-0.018320"
"2012-09-21","21 Sep 2012","-0.011892"
"2012-09-24","24 Sep 2012","-0.012781"
"2012-09-25","25 Sep 2012","-0.003598"
"2012-09-26","26 Sep 2012","-0.011642"
"2012-09-27","27 Sep 2012","-0.000449"
"2012-09-28","28 Sep 2012","-0.001639"
"2012-10-01","01 Oct 2012","-0.003524"
"2012-10-02","02 Oct 2012","-0.010319"
"2012-10-03","03 Oct 2012","-0.010727"
"2012-10-04","04 Oct 2012","-0.001699"
"2012-10-05","05 Oct 2012","0.005240"
"2012-10-08","08 Oct 2012","-0.013467"
"2012-10-09","09 Oct 2012","-0.006314"
"2012-10-10","10 Oct 2012","-0.005458"
"2012-10-11","11 Oct 2012","-0.000734"
"2012-10-12","12 Oct 2012","-0.007363"
"2012-10-15","15 Oct 2012","-0.001341"
"2012-10-16","16 Oct 2012","-0.001456"
"2012-10-17","17 Oct 2012","0.001037"
"2012-10-18","18 Oct 2012","0.005147"
"2012-10-19","19 Oct 2012","0.002001"
"2012-10-22","22 Oct 2012","0.008065"
"2012-10-23","23 Oct 2012","0.004289"
"2012-10-24","24 Oct 2012","-0.001855"
"2012-10-25","25 Oct 2012","-0.005079"
"2012-10-26","26 Oct 2012","-0.003117"
"2012-10-29","29 Oct 2012","-0.000418"
"2012-10-30","30 Oct 2012","-0.009484"
"2012-10-31","31 Oct 2012","-0.005983"
"2012-11-01","01 Nov 2012","-0.003001"
"2012-11-02","02 Nov 2012","-0.007414"
"2012-11-05","05 Nov 2012","0.003710"
"2012-11-06","06 Nov 2012","-0.012696"
"2012-11-07","07 Nov 2012","-0.020583"
"2012-11-08","08 Nov 2012","-0.009355"
"2012-11-09","09 Nov 2012","-0.014087"
"2012-11-12","12 Nov 2012","-0.005755"
"2012-11-13","13 Nov 2012","-0.018378"
"2012-11-14","14 Nov 2012","-0.007119"
"2012-11-15","15 Nov 2012","-0.007927"
"2012-11-16","16 Nov 2012","-0.012853"
"2012-11-19","19 Nov 2012","-0.003900"
"2012-11-20","20 Nov 2012","-0.000814"
"2012-11-21","21 Nov 2012","-0.003449"
"2012-11-22","22 Nov 2012","-0.004061"
"2012-11-23","23 Nov 2012","-0.008212"
"2012-11-26","26 Nov 2012","0.001462"
"2012-11-27","27 Nov 2012","0.000801"
"2012-11-28","28 Nov 2012","0.002291"
"2012-11-29","29 Nov 2012","0.003811"
"2012-11-30","30 Nov 2012","0.005535"
"2012-12-03","03 Dec 2012","0.003934"
"2012-12-04","04 Dec 2012","0.004262"
"2012-12-05","05 Dec 2012","0.005474"
"2012-12-06","06 Dec 2012","0.004016"
"2012-12-07","07 Dec 2012","0.000291"
"2012-12-10","10 Dec 2012","0.002432"
"2012-12-11","11 Dec 2012","0.001411"
"2012-12-12","12 Dec 2012","0.005085"
"2012-12-13","13 Dec 2012","0.005095"
"2012-12-14","14 Dec 2012","0.006640"
"2012-12-17","17 Dec 2012","0.007051"
"2012-12-18","18 Dec 2012","0.008435"
"2012-12-19","19 Dec 2012","0.006773"
"2012-12-20","20 Dec 2012","0.008103"
"2012-12-21","21 Dec 2012","0.008464"
"2012-12-24","24 Dec 2012","0.009864"
"2012-12-27","27 Dec 2012","0.021833"
"2012-12-28","28 Dec 2012","0.014775"
"2012-12-31","31 Dec 2012","0.013569"
"2013-01-02","02 Jan 2013","0.004222"
"2013-01-03","03 Jan 2013","0.014450"
"2013-01-04","04 Jan 2013","0.003764"
"2013-01-07","07 Jan 2013","0.010680"
"2013-01-08","08 Jan 2013","0.003739"
"2013-01-09","09 Jan 2013","0.007012"
"2013-01-10","10 Jan 2013","0.022689"
"2013-01-11","11 Jan 2013","0.029145"
"2013-01-14","14 Jan 2013","0.034655"
"2013-01-15","15 Jan 2013","0.022766"
"2013-01-16","16 Jan 2013","0.034512"
"2013-01-17","17 Jan 2013","0.051359"
"2013-01-18","18 Jan 2013","0.049730"
"2013-01-21","21 Jan 2013","0.038079"
"2013-01-22","22 Jan 2013","0.034842"
"2013-01-23","23 Jan 2013","0.039151"
"2013-01-24","24 Jan 2013","0.043276"
"2013-01-25","25 Jan 2013","0.086497"
"2013-01-28","28 Jan 2013","0.089282"
"2013-01-29","29 Jan 2013","0.069427"
"2013-01-30","30 Jan 2013","0.087921"
"2013-01-31","31 Jan 2013","0.092369"
"2013-02-01","01 Feb 2013","0.071656"
"2013-02-04","04 Feb 2013","0.066212"
"2013-02-05","05 Feb 2013","0.063705"
"2013-02-06","06 Feb 2013","0.061782"
"2013-02-07","07 Feb 2013","0.058022"
"2013-02-08","08 Feb 2013","0.045592"
"2013-02-11","11 Feb 2013","0.045948"
"2013-02-12","12 Feb 2013","0.045525"
"2013-02-13","13 Feb 2013","0.051615"
"2013-02-14","14 Feb 2013","0.040027"
"2013-02-15","15 Feb 2013","0.036129"
"2013-02-18","18 Feb 2013","0.039630"
"2013-02-19","19 Feb 2013","0.041646"
"2013-02-20","20 Feb 2013","0.049271"
"2013-02-21","21 Feb 2013","0.040552"
"2013-02-22","22 Feb 2013","0.025023"
"2013-02-25","25 Feb 2013","0.027912"
"2013-02-26","26 Feb 2013","0.019782"
"2013-02-27","27 Feb 2013","0.009788"
"2013-02-28","28 Feb 2013","0.011855"
"2013-03-01","01 Mar 2013","0.008091"
"2013-03-04","04 Mar 2013","0.023166"
"2013-03-05","05 Mar 2013","0.019489"
"2013-03-06","06 Mar 2013","0.010353"
"2013-03-07","07 Mar 2013","0.024867"
"2013-03-08","08 Mar 2013","0.025584"
"2013-03-11","11 Mar 2013","0.028581"
"2013-03-12","12 Mar 2013","0.031000"
"2013-03-13","13 Mar 2013","0.029011"
"2013-03-14","14 Mar 2013","0.036629"
"2013-03-15","15 Mar 2013","0.038293"
"2013-03-18","18 Mar 2013","0.031713"
"2013-03-19","19 Mar 2013","0.032695"
"2013-03-20","20 Mar 2013","0.026382"
"2013-03-21","21 Mar 2013","0.029397"
"2013-03-22","22 Mar 2013","0.028439"
"2013-03-25","25 Mar 2013","0.026572"
"2013-03-26","26 Mar 2013","0.019730"
"2013-03-27","27 Mar 2013","0.015563"
"2013-03-28","28 Mar 2013","0.014840"
"2013-04-02","02 Apr 2013","0.017902"
"2013-04-03","03 Apr 2013","0.018370"
"2013-04-04","04 Apr 2013","0.020325"
"2013-04-05","05 Apr 2013","0.025056"
"2013-04-08","08 Apr 2013","0.026247"
"2013-04-09","09 Apr 2013","0.018396"
"2013-04-10","10 Apr 2013","0.018951"
"2013-04-11","11 Apr 2013","0.022775"
"2013-04-12","12 Apr 2013","0.020488"
"2013-04-15","15 Apr 2013","0.028737"
"2013-04-16","16 Apr 2013","0.023820"
"2013-04-17","17 Apr 2013","0.018358"
"2013-04-18","18 Apr 2013","0.014064"
"2013-04-19","19 Apr 2013","0.023399"
"2013-04-22","22 Apr 2013","0.014028"
"2013-04-23","23 Apr 2013","0.013464"
"2013-04-24","24 Apr 2013","0.011669"
"2013-04-25","25 Apr 2013","0.007625"
"2013-04-26","26 Apr 2013","0.009550"
"2013-04-29","29 Apr 2013","0.004698"
"2013-04-30","30 Apr 2013","0.007874"
"2013-05-02","02 May 2013","0.004090"
"2013-05-03","03 May 2013","0.003837"
"2013-05-06","06 May 2013","0.004392"
"2013-05-07","07 May 2013","0.002211"
"2013-05-08","08 May 2013","0.004226"
"2013-05-09","09 May 2013","0.006444"
"2013-05-10","10 May 2013","-0.004538"
"2013-05-13","13 May 2013","0.006327"
"2013-05-14","14 May 2013","0.008172"
"2013-05-15","15 May 2013","0.013152"
"2013-05-16","16 May 2013","0.003533"
"2013-05-17","17 May 2013","0.002785"
"2013-05-20","20 May 2013","0.005285"
"2013-05-21","21 May 2013","0.009712"
"2013-05-22","22 May 2013","0.004109"
"2013-05-23","23 May 2013","0.008633"
"2013-05-24","24 May 2013","0.010295"
"2013-05-27","27 May 2013","0.007145"
"2013-05-28","28 May 2013","0.003258"
"2013-05-29","29 May 2013","0.016516"
"2013-05-30","30 May 2013","0.021077"
"2013-05-31","31 May 2013","0.016170"
"2013-06-03","03 Jun 2013","0.024172"
"2013-06-04","04 Jun 2013","0.027991"
"2013-06-05","05 Jun 2013","0.027580"
"2013-06-06","06 Jun 2013","0.036005"
"2013-06-07","07 Jun 2013","0.044601"
"2013-06-10","10 Jun 2013","0.054258"
"2013-06-11","11 Jun 2013","0.052178"
"2013-06-12","12 Jun 2013","0.048790"
"2013-06-13","13 Jun 2013","0.046479"
"2013-06-14","14 Jun 2013","0.046870"
"2013-06-17","17 Jun 2013","0.043027"
"2013-06-18","18 Jun 2013","0.046617"
"2013-06-19","19 Jun 2013","0.049403"
"2013-06-20","20 Jun 2013","0.064191"
"2013-06-21","21 Jun 2013","0.067017"
"2013-06-24","24 Jun 2013","0.089128"
"2013-06-25","25 Jun 2013","0.073999"
"2013-06-26","26 Jun 2013","0.053993"
"2013-06-27","27 Jun 2013","0.043786"
"2013-06-28","28 Jun 2013","0.049043"
"2013-07-01","01 Jul 2013","0.041950"
"2013-07-02","02 Jul 2013","0.036988"
"2013-07-03","03 Jul 2013","0.041328"
"2013-07-04","04 Jul 2013","0.015312"
"2013-07-05","05 Jul 2013","0.008842"
"2013-07-08","08 Jul 2013","0.010703"
"2013-07-09","09 Jul 2013","0.012150"
"2013-07-10","10 Jul 2013","0.012494"
"2013-07-11","11 Jul 2013","0.022744"
"2013-07-12","12 Jul 2013","0.022210"
"2013-07-15","15 Jul 2013","0.015426"
"2013-07-16","16 Jul 2013","0.012612"
"2013-07-17","17 Jul 2013","0.007755"
"2013-07-18","18 Jul 2013","0.007752"
"2013-07-19","19 Jul 2013","0.019729"
"2013-07-22","22 Jul 2013","0.017781"
"2013-07-23","23 Jul 2013","0.029917"
"2013-07-24","24 Jul 2013","0.028050"
"2013-07-25","25 Jul 2013","0.022599"
"2013-07-26","26 Jul 2013","0.014072"
"2013-07-29","29 Jul 2013","0.010283"
"2013-07-30","30 Jul 2013","0.008152"
"2013-07-31","31 Jul 2013","0.010194"
"2013-08-01","01 Aug 2013","0.016842"
"2013-08-02","02 Aug 2013","0.017990"
"2013-08-05","05 Aug 2013","0.020025"
"2013-08-06","06 Aug 2013","0.017049"
"2013-08-07","07 Aug 2013","0.025030"
"2013-08-08","08 Aug 2013","0.022825"
"2013-08-09","09 Aug 2013","0.030739"
"2013-08-12","12 Aug 2013","0.020353"
"2013-08-13","13 Aug 2013","0.026725"
"2013-08-14","14 Aug 2013","0.034505"
"2013-08-15","15 Aug 2013","0.032786"
"2013-08-16","16 Aug 2013","0.027421"
"2013-08-19","19 Aug 2013","0.032502"
"2013-08-20","20 Aug 2013","0.028096"
"2013-08-21","21 Aug 2013","0.032973"
"2013-08-22","22 Aug 2013","0.031365"
"2013-08-23","23 Aug 2013","0.047003"
"2013-08-26","26 Aug 2013","0.034236"
"2013-08-27","27 Aug 2013","0.032652"
"2013-08-28","28 Aug 2013","0.033714"
"2013-08-29","29 Aug 2013","0.030839"
"2013-08-30","30 Aug 2013","0.033301"
"2013-09-02","02 Sep 2013","0.037763"
"2013-09-03","03 Sep 2013","0.036552"
"2013-09-04","04 Sep 2013","0.040170"
"2013-09-05","05 Sep 2013","0.055055"
"2013-09-06","06 Sep 2013","0.037661"
"2013-09-09","09 Sep 2013","0.039330"
"2013-09-10","10 Sep 2013","0.044456"
"2013-09-11","11 Sep 2013","0.037169"
"2013-09-12","12 Sep 2013","0.039544"
"2013-09-13","13 Sep 2013","0.036640"
"2013-09-16","16 Sep 2013","0.043137"
"2013-09-17","17 Sep 2013","0.036661"
"2013-09-18","18 Sep 2013","0.037020"
"2013-09-19","19 Sep 2013","0.030747"
"2013-09-20","20 Sep 2013","0.032445"
"2013-09-23","23 Sep 2013","0.025508"
"2013-09-24","24 Sep 2013","0.019319"
"2013-09-25","25 Sep 2013","0.029175"
"2013-09-26","26 Sep 2013","0.024899"
"2013-09-27","27 Sep 2013","0.020231"
"2013-09-30","30 Sep 2013","0.028980"
"2013-10-01","01 Oct 2013","0.021541"
"2013-10-02","02 Oct 2013","0.024740"
"2013-10-03","03 Oct 2013","0.019237"
"2013-10-04","04 Oct 2013","0.026692"
"2013-10-07","07 Oct 2013","0.029800"
"2013-10-08","08 Oct 2013","0.043767"
"2013-10-09","09 Oct 2013","0.045996"
"2013-10-10","10 Oct 2013","0.041755"
"2013-10-11","11 Oct 2013","0.033522"
"2013-10-14","14 Oct 2013","0.036162"
"2013-10-15","15 Oct 2013","0.034090"
"2013-10-16","16 Oct 2013","0.042328"
"2013-10-17","17 Oct 2013","0.039438"
"2013-10-18","18 Oct 2013","0.037929"
"2013-10-21","21 Oct 2013","0.042119"
"2013-10-22","22 Oct 2013","0.042011"
"2013-10-23","23 Oct 2013","0.039436"
"2013-10-24","24 Oct 2013","0.048806"
"2013-10-25","25 Oct 2013","0.054937"
"2013-10-28","28 Oct 2013","0.056454"
"2013-10-29","29 Oct 2013","0.051253"
"2013-10-30","30 Oct 2013","0.043960"
"2013-10-31","31 Oct 2013","0.040914"
"2013-11-01","01 Nov 2013","0.044674"
"2013-11-04","04 Nov 2013","0.041812"
"2013-11-05","05 Nov 2013","0.044241"
"2013-11-06","06 Nov 2013","0.027727"
"2013-11-07","07 Nov 2013","0.022999"
"2013-11-08","08 Nov 2013","0.022525"
"2013-11-11","11 Nov 2013","0.028355"
"2013-11-12","12 Nov 2013","0.031956"
"2013-11-13","13 Nov 2013","0.028765"
"2013-11-14","14 Nov 2013","0.033057"
"2013-11-15","15 Nov 2013","0.033507"
"2013-11-18","18 Nov 2013","0.040324"
"2013-11-19","19 Nov 2013","0.033641"
"2013-11-20","20 Nov 2013","0.040329"
"2013-11-21","21 Nov 2013","0.043125"
"2013-11-22","22 Nov 2013","0.058403"
"2013-11-25","25 Nov 2013","0.046314"
"2013-11-26","26 Nov 2013","0.042997"
"2013-11-27","27 Nov 2013","0.056295"
"2013-11-28","28 Nov 2013","0.057158"
"2013-11-29","29 Nov 2013","0.057634"
"2013-12-02","02 Dec 2013","0.062159"
"2013-12-03","03 Dec 2013","0.075102"
"2013-12-04","04 Dec 2013","0.082574"
"2013-12-05","05 Dec 2013","0.083463"
"2013-12-06","06 Dec 2013","0.096253"
"2013-12-09","09 Dec 2013","0.108977"
"2013-12-10","10 Dec 2013","0.101911"
"2013-12-11","11 Dec 2013","0.129304"
"2013-12-12","12 Dec 2013","0.140092"
"2013-12-13","13 Dec 2013","0.136499"
"2013-12-16","16 Dec 2013","0.146793"
"2013-12-17","17 Dec 2013","0.144001"
"2013-12-18","18 Dec 2013","0.132937"
"2013-12-19","19 Dec 2013","0.109888"
"2013-12-20","20 Dec 2013","0.115388"
"2013-12-23","23 Dec 2013","0.097372"
"2013-12-24","24 Dec 2013","0.096976"
"2013-12-27","27 Dec 2013","0.099856"
"2013-12-30","30 Dec 2013","0.076534"
"2013-12-31","31 Dec 2013","0.072208"
"2014-01-02","02 Jan 2014","0.089275"
"2014-01-03","03 Jan 2014","0.078014"
"2014-01-06","06 Jan 2014","0.085733"
"2014-01-07","07 Jan 2014","0.090401"
"2014-01-08","08 Jan 2014","0.087688"
"2014-01-09","09 Jan 2014","0.090430"
"2014-01-10","10 Jan 2014","0.089851"
"2014-01-13","13 Jan 2014","0.085010"
"2014-01-14","14 Jan 2014","0.100554"
"2014-01-15","15 Jan 2014","0.110694"
"2014-01-16","16 Jan 2014","0.113308"
"2014-01-17","17 Jan 2014","0.102451"
"2014-01-20","20 Jan 2014","0.114403"
"2014-01-21","21 Jan 2014","0.102877"
"2014-01-22","22 Jan 2014","0.100737"
"2014-01-23","23 Jan 2014","0.101166"
"2014-01-24","24 Jan 2014","0.086082"
"2014-01-27","27 Jan 2014","0.104133"
"2014-01-28","28 Jan 2014","0.096655"
"2014-01-29","29 Jan 2014","0.092228"
"2014-01-30","30 Jan 2014","0.090461"
"2014-01-31","31 Jan 2014","0.060100"
"2014-02-03","03 Feb 2014","0.074707"
"2014-02-04","04 Feb 2014","0.073886"
"2014-02-05","05 Feb 2014","0.077849"
"2014-02-06","06 Feb 2014","0.097396"
"2014-02-07","07 Feb 2014","0.089087"
"2014-02-10","10 Feb 2014","0.084188"
"2014-02-11","11 Feb 2014","0.083682"
"2014-02-12","12 Feb 2014","0.081435"
"2014-02-13","13 Feb 2014","0.079911"
"2014-02-14","14 Feb 2014","0.078507"
"2014-02-17","17 Feb 2014","0.082238"
"2014-02-18","18 Feb 2014","0.091653"
"2014-02-19","19 Feb 2014","0.083842"
"2014-02-20","20 Feb 2014","0.079069"
"2014-02-21","21 Feb 2014","0.089153"
"2014-02-24","24 Feb 2014","0.092863"
"2014-02-25","25 Feb 2014","0.106325"
"2014-02-26","26 Feb 2014","0.102070"
"2014-02-27","27 Feb 2014","0.094903"
"2014-02-28","28 Feb 2014","0.108045"
"2014-03-03","03 Mar 2014","0.106979"
"2014-03-04","04 Mar 2014","0.096755"
"2014-03-05","05 Mar 2014","0.087696"
"2014-03-06","06 Mar 2014","0.118674"
"2014-03-07","07 Mar 2014","0.140088"
"2014-03-10","10 Mar 2014","0.153380"
"2014-03-11","11 Mar 2014","0.145593"
"2014-03-12","12 Mar 2014","0.141244"
"2014-03-13","13 Mar 2014","0.141177"
"2014-03-14","14 Mar 2014","0.135862"
"2014-03-17","17 Mar 2014","0.150766"
"2014-03-18","18 Mar 2014","0.165586"
"2014-03-19","19 Mar 2014","0.156646"
"2014-03-20","20 Mar 2014","0.167142"
"2014-03-21","21 Mar 2014","0.173497"
"2014-03-24","24 Mar 2014","0.166087"
"2014-03-25","25 Mar 2014","0.148102"
"2014-03-26","26 Mar 2014","0.141470"
"2014-03-27","27 Mar 2014","0.133723"
"2014-03-28","28 Mar 2014","0.129471"
"2014-03-31","31 Mar 2014","0.132692"
"2014-04-01","01 Apr 2014","0.137369"
"2014-04-02","02 Apr 2014","0.142752"
"2014-04-03","03 Apr 2014","0.151668"
"2014-04-04","04 Apr 2014","0.148556"
"2014-04-07","07 Apr 2014","0.134794"
"2014-04-08","08 Apr 2014","0.136176"
"2014-04-09","09 Apr 2014","0.122572"
"2014-04-10","10 Apr 2014","0.118350"
"2014-04-11","11 Apr 2014","0.131175"
"2014-04-14","14 Apr 2014","0.129729"
"2014-04-15","15 Apr 2014","0.126381"
"2014-04-16","16 Apr 2014","0.119318"
"2014-04-17","17 Apr 2014","0.105302"
"2014-04-22","22 Apr 2014","0.119837"
"2014-04-23","23 Apr 2014","0.132201"
"2014-04-24","24 Apr 2014","0.136392"
"2014-04-25","25 Apr 2014","0.127565"
"2014-04-28","28 Apr 2014","0.127212"
"2014-04-29","29 Apr 2014","0.105372"
"2014-04-30","30 Apr 2014","0.105812"
"2014-05-02","02 May 2014","0.109738"
"2014-05-05","05 May 2014","0.111756"
"2014-05-06","06 May 2014","0.129340"
"2014-05-07","07 May 2014","0.117148"
"2014-05-08","08 May 2014","0.106044"
"2014-05-09","09 May 2014","0.100370"
"2014-05-12","12 May 2014","0.115839"
"2014-05-13","13 May 2014","0.111074"
"2014-05-14","14 May 2014","0.101443"
"2014-05-15","15 May 2014","0.091747"
"2014-05-16","16 May 2014","0.096485"
"2014-05-19","19 May 2014","0.080172"
"2014-05-20","20 May 2014","0.097130"
"2014-05-21","21 May 2014","0.095160"
"2014-05-22","22 May 2014","0.072669"
"2014-05-23","23 May 2014","0.080631"
"2014-05-26","26 May 2014","0.061636"
"2014-05-27","27 May 2014","0.077102"
"2014-05-28","28 May 2014","0.061961"
"2014-05-29","29 May 2014","0.056997"
"2014-05-30","30 May 2014","0.059843"
"2014-06-02","02 Jun 2014","0.059819"
"2014-06-03","03 Jun 2014","0.061858"
"2014-06-04","04 Jun 2014","0.035406"
"2014-06-05","05 Jun 2014","0.034416"
"2014-06-06","06 Jun 2014","0.070357"
"2014-06-09","09 Jun 2014","0.049568"
"2014-06-10","10 Jun 2014","0.031568"
"2014-06-11","11 Jun 2014","0.024512"
"2014-06-12","12 Jun 2014","0.024060"
"2014-06-13","13 Jun 2014","0.009370"
"2014-06-16","16 Jun 2014","0.016324"
"2014-06-17","17 Jun 2014","0.025870"
"2014-06-18","18 Jun 2014","0.015442"
"2014-06-19","19 Jun 2014","0.020567"
"2014-06-20","20 Jun 2014","0.024361"
"2014-06-23","23 Jun 2014","0.011055"
"2014-06-24","24 Jun 2014","0.012741"
"2014-06-25","25 Jun 2014","0.017252"
"2014-06-26","26 Jun 2014","0.011552"
"2014-06-27","27 Jun 2014","0.015415"
"2014-06-30","30 Jun 2014","0.020677"
"2014-07-01","01 Jul 2014","0.020332"
"2014-07-02","02 Jul 2014","0.027931"
"2014-07-03","03 Jul 2014","0.018727"
"2014-07-04","04 Jul 2014","0.022617"
"2014-07-07","07 Jul 2014","0.024779"
"2014-07-08","08 Jul 2014","0.020448"
"2014-07-09","09 Jul 2014","0.018963"
"2014-07-10","10 Jul 2014","0.017469"
"2014-07-11","11 Jul 2014","0.013381"
"2014-07-14","14 Jul 2014","0.023898"
"2014-07-15","15 Jul 2014","0.012431"
"2014-07-16","16 Jul 2014","0.020570"
"2014-07-17","17 Jul 2014","0.004291"
"2014-07-18","18 Jul 2014","0.021926"
"2014-07-21","21 Jul 2014","0.013490"
"2014-07-22","22 Jul 2014","0.014319"
"2014-07-23","23 Jul 2014","0.019962"
"2014-07-24","24 Jul 2014","0.010566"
"2014-07-25","25 Jul 2014","0.003646"
"2014-07-28","28 Jul 2014","0.010499"
"2014-07-29","29 Jul 2014","0.008005"
"2014-07-30","30 Jul 2014","0.003167"
"2014-07-31","31 Jul 2014","0.009522"
"2014-08-01","01 Aug 2014","0.002386"
"2014-08-04","04 Aug 2014","0.015504"
"2014-08-05","05 Aug 2014","0.015031"
"2014-08-06","06 Aug 2014","-0.004127"
"2014-08-07","07 Aug 2014","0.011168"
"2014-08-08","08 Aug 2014","0.004441"
"2014-08-11","11 Aug 2014","0.000190"
"2014-08-12","12 Aug 2014","-0.000963"
"2014-08-13","13 Aug 2014","0.009727"
"2014-08-14","14 Aug 2014","0.011989"
"2014-08-15","15 Aug 2014","0.009645"
"2014-08-18","18 Aug 2014","0.005469"
"2014-08-19","19 Aug 2014","0.003258"
"2014-08-20","20 Aug 2014","-0.004725"
"2014-08-21","21 Aug 2014","-0.002232"
"2014-08-22","22 Aug 2014","0.002758"
"2014-08-25","25 Aug 2014","-0.027468"
"2014-08-26","26 Aug 2014","-0.022605"
"2014-08-27","27 Aug 2014","-0.023536"
"2014-08-28","28 Aug 2014","-0.020287"
"2014-08-29","29 Aug 2014","-0.027133"
"2014-09-01","01 Sep 2014","-0.028544"
"2014-09-02","02 Sep 2014","-0.024598"
"2014-09-03","03 Sep 2014","-0.013197"
"2014-09-04","04 Sep 2014","-0.059246"
"2014-09-05","05 Sep 2014","-0.060468"
"2014-09-08","08 Sep 2014","-0.060826"
"2014-09-09","09 Sep 2014","-0.061290"
"2014-09-10","10 Sep 2014","-0.055624"
"2014-09-11","11 Sep 2014","-0.059724"
"2014-09-12","12 Sep 2014","-0.054582"
"2014-09-15","15 Sep 2014","-0.058750"
"2014-09-16","16 Sep 2014","-0.047724"
"2014-09-17","17 Sep 2014","-0.059647"
"2014-09-18","18 Sep 2014","-0.052720"
"2014-09-19","19 Sep 2014","-0.056915"
"2014-09-22","22 Sep 2014","-0.057848"
"2014-09-23","23 Sep 2014","-0.045452"
"2014-09-24","24 Sep 2014","-0.052178"
"2014-09-25","25 Sep 2014","-0.056354"
"2014-09-26","26 Sep 2014","-0.057914"
"2014-09-29","29 Sep 2014","-0.056648"
"2014-09-30","30 Sep 2014","-0.057696"
"2014-10-01","01 Oct 2014","-0.059509"
"2014-10-02","02 Oct 2014","-0.056916"
"2014-10-03","03 Oct 2014","-0.050834"
"2014-10-06","06 Oct 2014","-0.053484"
"2014-10-07","07 Oct 2014","-0.053642"
"2014-10-08","08 Oct 2014","-0.052568"
"2014-10-09","09 Oct 2014","-0.056847"
"2014-10-10","10 Oct 2014","-0.051812"
"2014-10-13","13 Oct 2014","-0.046814"
"2014-10-14","14 Oct 2014","-0.049906"
"2014-10-15","15 Oct 2014","-0.051400"
"2014-10-16","16 Oct 2014","-0.044681"
"2014-10-17","17 Oct 2014","-0.043691"
"2014-10-20","20 Oct 2014","-0.046418"
"2014-10-21","21 Oct 2014","-0.044288"
"2014-10-22","22 Oct 2014","-0.043438"
"2014-10-23","23 Oct 2014","-0.044301"
"2014-10-24","24 Oct 2014","-0.044568"
"2014-10-27","27 Oct 2014","-0.042006"
"2014-10-28","28 Oct 2014","-0.044109"
"2014-10-29","29 Oct 2014","-0.042696"
"2014-10-30","30 Oct 2014","-0.047878"
"2014-10-31","31 Oct 2014","-0.048971"
"2014-11-03","03 Nov 2014","-0.047222"
"2014-11-04","04 Nov 2014","-0.045638"
"2014-11-05","05 Nov 2014","-0.047668"
"2014-11-06","06 Nov 2014","-0.049487"
"2014-11-07","07 Nov 2014","-0.049956"
"2014-11-10","10 Nov 2014","-0.047693"
"2014-11-11","11 Nov 2014","-0.046793"
"2014-11-12","12 Nov 2014","-0.047308"
"2014-11-13","13 Nov 2014","-0.046443"
"2014-11-14","14 Nov 2014","-0.046875"
"2014-11-17","17 Nov 2014","-0.043363"
"2014-11-18","18 Nov 2014","-0.043887"
"2014-11-19","19 Nov 2014","-0.034453"
"2014-11-20","20 Nov 2014","-0.036999"
"2014-11-21","21 Nov 2014","-0.040388"
"2014-11-24","24 Nov 2014","-0.041403"
"2014-11-25","25 Nov 2014","-0.041135"
"2014-11-26","26 Nov 2014","-0.040123"
"2014-11-27","27 Nov 2014","-0.040347"
"2014-11-28","28 Nov 2014","-0.036785"
"2014-12-01","01 Dec 2014","-0.033845"
"2014-12-02","02 Dec 2014","-0.032962"
"2014-12-03","03 Dec 2014","-0.037059"
"2014-12-04","04 Dec 2014","-0.036586"
"2014-12-05","05 Dec 2014","-0.035477"
"2014-12-08","08 Dec 2014","-0.036535"
"2014-12-09","09 Dec 2014","-0.035313"
"2014-12-10","10 Dec 2014","-0.034605"
"2014-12-11","11 Dec 2014","-0.034833"
"2014-12-12","12 Dec 2014","-0.035800"
"2014-12-15","15 Dec 2014","-0.035189"
"2014-12-16","16 Dec 2014","-0.035352"
"2014-12-17","17 Dec 2014","-0.037386"
"2014-12-18","18 Dec 2014","-0.040410"
"2014-12-19","19 Dec 2014","-0.042598"
"2014-12-22","22 Dec 2014","-0.043294"
"2014-12-23","23 Dec 2014","-0.044280"
"2014-12-24","24 Dec 2014","-0.045278"
"2014-12-29","29 Dec 2014","-0.046874"
"2014-12-30","30 Dec 2014","-0.050022"
"2014-12-31","31 Dec 2014","-0.051063"
"2015-01-02","02 Jan 2015","-0.049902"
"2015-01-05","05 Jan 2015","-0.048564"
"2015-01-06","06 Jan 2015","-0.045025"
"2015-01-07","07 Jan 2015","-0.052263"
"2015-01-08","08 Jan 2015","-0.054581"
"2015-01-09","09 Jan 2015","-0.058265"
"2015-01-12","12 Jan 2015","-0.056884"
"2015-01-13","13 Jan 2015","-0.057947"
"2015-01-14","14 Jan 2015","-0.057038"
"2015-01-15","15 Jan 2015","-0.067341"
"2015-01-16","16 Jan 2015","-0.067826"
"2015-01-19","19 Jan 2015","-0.069609"
"2015-01-20","20 Jan 2015","-0.063739"
"2015-01-21","21 Jan 2015","-0.218263"
"2015-01-22","22 Jan 2015","-0.205801"
"2015-01-23","23 Jan 2015","-0.199589"
"2015-01-26","26 Jan 2015","-0.181342"
"2015-01-27","27 Jan 2015","-0.185623"
"2015-01-28","28 Jan 2015","-0.198433"
"2015-01-29","29 Jan 2015","-0.189122"
"2015-01-30","30 Jan 2015","-0.192738"
"2015-02-02","02 Feb 2015","-0.211112"
"2015-02-03","03 Feb 2015","-0.210679"
"2015-02-04","04 Feb 2015","-0.230722"
"2015-02-05","05 Feb 2015","-0.233583"
"2015-02-06","06 Feb 2015","-0.232663"
"2015-02-09","09 Feb 2015","-0.221630"
"2015-02-10","10 Feb 2015","-0.247544"
"2015-02-11","11 Feb 2015","-0.251226"
"2015-02-12","12 Feb 2015","-0.239213"
"2015-02-13","13 Feb 2015","-0.202993"
"2015-02-16","16 Feb 2015","-0.220370"
"2015-02-17","17 Feb 2015","-0.232282"
"2015-02-18","18 Feb 2015","-0.222476"
"2015-02-19","19 Feb 2015","-0.214303"
"2015-02-20","20 Feb 2015","-0.219471"
"2015-02-23","23 Feb 2015","-0.225652"
"2015-02-24","24 Feb 2015","-0.269119"
"2015-02-25","25 Feb 2015","-0.240431"
"2015-02-26","26 Feb 2015","-0.250842"
"2015-02-27","27 Feb 2015","-0.268366"
"2015-03-02","02 Mar 2015","-0.246464"
"2015-03-03","03 Mar 2015","-0.261289"
"2015-03-04","04 Mar 2015","-0.238303"
"2015-03-05","05 Mar 2015","-0.247285"
"2015-03-06","06 Mar 2015","-0.261055"
"2015-03-09","09 Mar 2015","-0.241828"
"2015-03-10","10 Mar 2015","-0.239409"
"2015-03-11","11 Mar 2015","-0.256977"
"2015-03-12","12 Mar 2015","-0.254894"
"2015-03-13","13 Mar 2015","-0.264380"
"2015-03-16","16 Mar 2015","-0.263353"
"2015-03-17","17 Mar 2015","-0.230790"
"2015-03-18","18 Mar 2015","-0.248804"
"2015-03-19","19 Mar 2015","-0.271102"
"2015-03-20","20 Mar 2015","-0.237981"
"2015-03-23","23 Mar 2015","-0.253280"
"2015-03-24","24 Mar 2015","-0.268358"
"2015-03-25","25 Mar 2015","-0.268836"
"2015-03-26","26 Mar 2015","-0.260574"
"2015-03-27","27 Mar 2015","-0.269367"
"2015-03-30","30 Mar 2015","-0.265904"
"2015-03-31","31 Mar 2015","-0.264735"
"2015-04-01","01 Apr 2015","-0.287060"
"2015-04-02","02 Apr 2015","-0.287846"
"2015-04-07","07 Apr 2015","-0.285491"
"2015-04-08","08 Apr 2015","-0.303628"
"2015-04-09","09 Apr 2015","-0.306026"
"2015-04-10","10 Apr 2015","-0.319930"
"2015-04-13","13 Apr 2015","-0.301939"
"2015-04-14","14 Apr 2015","-0.310841"
"2015-04-15","15 Apr 2015","-0.318983"
"2015-04-16","16 Apr 2015","-0.338501"
"2015-04-17","17 Apr 2015","-0.336986"
"2015-04-20","20 Apr 2015","-0.306980"
"2015-04-21","21 Apr 2015","-0.316360"
"2015-04-22","22 Apr 2015","-0.313431"
"2015-04-23","23 Apr 2015","-0.281094"
"2015-04-24","24 Apr 2015","-0.273216"
"2015-04-27","27 Apr 2015","-0.286015"
"2015-04-28","28 Apr 2015","-0.294633"
"2015-04-29","29 Apr 2015","-0.287823"
"2015-04-30","30 Apr 2015","-0.275841"
"2015-05-04","04 May 2015","-0.291262"
"2015-05-05","05 May 2015","-0.299333"
"2015-05-06","06 May 2015","-0.293356"
"2015-05-07","07 May 2015","-0.293074"
"2015-05-08","08 May 2015","-0.281443"
"2015-05-11","11 May 2015","-0.275593"
"2015-05-12","12 May 2015","-0.273363"
"2015-05-13","13 May 2015","-0.263654"
"2015-05-14","14 May 2015","-0.265205"
"2015-05-15","15 May 2015","-0.253154"
"2015-05-18","18 May 2015","-0.261734"
"2015-05-19","19 May 2015","-0.255474"
"2015-05-20","20 May 2015","-0.264417"
"2015-05-21","21 May 2015","-0.269816"
"2015-05-22","22 May 2015","-0.266622"
"2015-05-25","25 May 2015","-0.268047"
"2015-05-26","26 May 2015","-0.264391"
"2015-05-27","27 May 2015","-0.242811"
"2015-05-28","28 May 2015","-0.268472"
"2015-05-29","29 May 2015","-0.242763"
"2015-06-01","01 Jun 2015","-0.259417"
"2015-06-02","02 Jun 2015","-0.260498"
"2015-06-03","03 Jun 2015","-0.229007"
"2015-06-04","04 Jun 2015","-0.261015"
"2015-06-05","05 Jun 2015","-0.259196"
"2015-06-08","08 Jun 2015","-0.245310"
"2015-06-09","09 Jun 2015","-0.242803"
"2015-06-10","10 Jun 2015","-0.232178"
"2015-06-11","11 Jun 2015","-0.252011"
"2015-06-12","12 Jun 2015","-0.244971"
"2015-06-15","15 Jun 2015","-0.250443"
"2015-06-16","16 Jun 2015","-0.239805"
"2015-06-17","17 Jun 2015","-0.228897"
"2015-06-18","18 Jun 2015","-0.255962"
"2015-06-19","19 Jun 2015","-0.245309"
"2015-06-22","22 Jun 2015","-0.233544"
"2015-06-23","23 Jun 2015","-0.241624"
"2015-06-24","24 Jun 2015","-0.246545"
"2015-06-25","25 Jun 2015","-0.240155"
"2015-06-26","26 Jun 2015","-0.246257"
"2015-06-29","29 Jun 2015","-0.254139"
"2015-06-30","30 Jun 2015","-0.260679"
"2015-07-01","01 Jul 2015","-0.253747"
"2015-07-02","02 Jul 2015","-0.261765"
"2015-07-03","03 Jul 2015","-0.257572"
"2015-07-06","06 Jul 2015","-0.282909"
"2015-07-07","07 Jul 2015","-0.259006"
"2015-07-08","08 Jul 2015","-0.278319"
"2015-07-09","09 Jul 2015","-0.254085"
"2015-07-10","10 Jul 2015","-0.282118"
"2015-07-13","13 Jul 2015","-0.277993"
"2015-07-14","14 Jul 2015","-0.279176"
"2015-07-15","15 Jul 2015","-0.272967"
"2015-07-16","16 Jul 2015","-0.279076"
"2015-07-17","17 Jul 2015","-0.285243"
"2015-07-20","20 Jul 2015","-0.267478"
"2015-07-21","21 Jul 2015","-0.271314"
"2015-07-22","22 Jul 2015","-0.270007"
"2015-07-23","23 Jul 2015","-0.260225"
"2015-07-24","24 Jul 2015","-0.264821"
"2015-07-27","27 Jul 2015","-0.262816"
"2015-07-28","28 Jul 2015","-0.275917"
"2015-07-29","29 Jul 2015","-0.271507"
"2015-07-30","30 Jul 2015","-0.273659"
"2015-07-31","31 Jul 2015","-0.281642"
"2015-08-03","03 Aug 2015","-0.269826"
"2015-08-04","04 Aug 2015","-0.268610"
"2015-08-05","05 Aug 2015","-0.267922"
"2015-08-06","06 Aug 2015","-0.267717"
"2015-08-07","07 Aug 2015","-0.284636"
"2015-08-10","10 Aug 2015","-0.281727"
"2015-08-11","11 Aug 2015","-0.273734"
"2015-08-12","12 Aug 2015","-0.279592"
"2015-08-13","13 Aug 2015","-0.277571"
"2015-08-14","14 Aug 2015","-0.273787"
"2015-08-17","17 Aug 2015","-0.277423"
"2015-08-18","18 Aug 2015","-0.265678"
"2015-08-19","19 Aug 2015","-0.260331"
"2015-08-20","20 Aug 2015","-0.268070"
"2015-08-21","21 Aug 2015","-0.264046"
"2015-08-24","24 Aug 2015","-0.255683"
"2015-08-25","25 Aug 2015","-0.268551"
"2015-08-26","26 Aug 2015","-0.255574"
"2015-08-27","27 Aug 2015","-0.261293"
"2015-08-28","28 Aug 2015","-0.264120"
"2015-08-31","31 Aug 2015","-0.262957"
"2015-09-01","01 Sep 2015","-0.278224"
"2015-09-02","02 Sep 2015","-0.279527"
"2015-09-03","03 Sep 2015","-0.273377"
"2015-09-04","04 Sep 2015","-0.281734"
"2015-09-07","07 Sep 2015","-0.263562"
"2015-09-08","08 Sep 2015","-0.262082"
"2015-09-09","09 Sep 2015","-0.257339"
"2015-09-10","10 Sep 2015","-0.264838"
"2015-09-11","11 Sep 2015","-0.261820"
"2015-09-14","14 Sep 2015","-0.255461"
"2015-09-15","15 Sep 2015","-0.270525"
"2015-09-16","16 Sep 2015","-0.270128"
"2015-09-17","17 Sep 2015","-0.262689"
"2015-09-18","18 Sep 2015","-0.280092"
"2015-09-21","21 Sep 2015","-0.272738"
"2015-09-22","22 Sep 2015","-0.279110"
"2015-09-23","23 Sep 2015","-0.280250"
"2015-09-24","24 Sep 2015","-0.266188"
"2015-09-25","25 Sep 2015","-0.280765"
"2015-09-28","28 Sep 2015","-0.290818"
"2015-09-29","29 Sep 2015","-0.320977"
"2015-09-30","30 Sep 2015","-0.315036"
"2015-10-01","01 Oct 2015","-0.306829"
"2015-10-02","02 Oct 2015","-0.299576"
"2015-10-05","05 Oct 2015","-0.290780"
"2015-10-06","06 Oct 2015","-0.272958"
"2015-10-07","07 Oct 2015","-0.289093"
"2015-10-08","08 Oct 2015","-0.295644"
"2015-10-09","09 Oct 2015","-0.295016"
"2015-10-12","12 Oct 2015","-0.297026"
"2015-10-13","13 Oct 2015","-0.291234"
"2015-10-14","14 Oct 2015","-0.281430"
"2015-10-15","15 Oct 2015","-0.308771"
"2015-10-16","16 Oct 2015","-0.316785"
"2015-10-19","19 Oct 2015","-0.294017"
"2015-10-20","20 Oct 2015","-0.283745"
"2015-10-21","21 Oct 2015","-0.302323"
"2015-10-22","22 Oct 2015","-0.338577"
"2015-10-23","23 Oct 2015","-0.326989"
"2015-10-26","26 Oct 2015","-0.341307"
"2015-10-27","27 Oct 2015","-0.357405"
"2015-10-28","28 Oct 2015","-0.348592"
"2015-10-29","29 Oct 2015","-0.342177"
"2015-10-30","30 Oct 2015","-0.337137"
"2015-11-02","02 Nov 2015","-0.326423"
"2015-11-03","03 Nov 2015","-0.333236"
"2015-11-04","04 Nov 2015","-0.342081"
"2015-11-05","05 Nov 2015","-0.335660"
"2015-11-06","06 Nov 2015","-0.342847"
"2015-11-09","09 Nov 2015","-0.340272"
"2015-11-10","10 Nov 2015","-0.334210"
"2015-11-11","11 Nov 2015","-0.342500"
"2015-11-12","12 Nov 2015","-0.336622"
"2015-11-13","13 Nov 2015","-0.373657"
"2015-11-16","16 Nov 2015","-0.362489"
"2015-11-17","17 Nov 2015","-0.366310"
"2015-11-18","18 Nov 2015","-0.359177"
"2015-11-19","19 Nov 2015","-0.349337"
"2015-11-20","20 Nov 2015","-0.371910"
"2015-11-23","23 Nov 2015","-0.374779"
"2015-11-24","24 Nov 2015","-0.365592"
"2015-11-25","25 Nov 2015","-0.400501"
"2015-11-26","26 Nov 2015","-0.403482"
"2015-11-27","27 Nov 2015","-0.398769"
"2015-11-30","30 Nov 2015","-0.402630"
"2015-12-01","01 Dec 2015","-0.426370"
"2015-12-02","02 Dec 2015","-0.415805"
"2015-12-03","03 Dec 2015","-0.337593"
"2015-12-04","04 Dec 2015","-0.328261"
"2015-12-07","07 Dec 2015","-0.328414"
"2015-12-08","08 Dec 2015","-0.343199"
"2015-12-09","09 Dec 2015","-0.351287"
"2015-12-10","10 Dec 2015","-0.352933"
"2015-12-11","11 Dec 2015","-0.365971"
"2015-12-14","14 Dec 2015","-0.359547"
"2015-12-15","15 Dec 2015","-0.364884"
"2015-12-16","16 Dec 2015","-0.376843"
"2015-12-17","17 Dec 2015","-0.401151"
"2015-12-18","18 Dec 2015","-0.395754"
"2015-12-21","21 Dec 2015","-0.396644"
"2015-12-22","22 Dec 2015","-0.397171"
"2015-12-23","23 Dec 2015","-0.406118"
"2015-12-28","28 Dec 2015","-0.401552"
"2015-12-29","29 Dec 2015","-0.417826"
"2015-12-30","30 Dec 2015","-0.427565"
"2016-01-04","04 Jan 2016","-0.441621"
"2016-01-05","05 Jan 2016","-0.442777"
"2016-01-06","06 Jan 2016","-0.452734"
"2016-01-07","07 Jan 2016","-0.449985"
"2016-01-08","08 Jan 2016","-0.461937"
"2016-01-11","11 Jan 2016","-0.452719"
"2016-01-12","12 Jan 2016","-0.457026"
"2016-01-13","13 Jan 2016","-0.440794"
"2016-01-14","14 Jan 2016","-0.434149"
"2016-01-15","15 Jan 2016","-0.431112"
"2016-01-18","18 Jan 2016","-0.430872"
"2016-01-19","19 Jan 2016","-0.415467"
"2016-01-20","20 Jan 2016","-0.418354"
"2016-01-21","21 Jan 2016","-0.442418"
"2016-01-22","22 Jan 2016","-0.430430"
"2016-01-25","25 Jan 2016","-0.431078"
"2016-01-26","26 Jan 2016","-0.431732"
"2016-01-27","27 Jan 2016","-0.421468"
"2016-01-28","28 Jan 2016","-0.426254"
"2016-01-29","29 Jan 2016","-0.445753"
"2016-02-01","01 Feb 2016","-0.439578"
"2016-02-02","02 Feb 2016","-0.437874"
"2016-02-03","03 Feb 2016","-0.444326"
"2016-02-04","04 Feb 2016","-0.449770"
"2016-02-05","05 Feb 2016","-0.449888"
"2016-02-08","08 Feb 2016","-0.464567"
"2016-02-09","09 Feb 2016","-0.475037"
"2016-02-10","10 Feb 2016","-0.468390"
"2016-02-11","11 Feb 2016","-0.494951"
"2016-02-12","12 Feb 2016","-0.472870"
"2016-02-15","15 Feb 2016","-0.464551"
"2016-02-16","16 Feb 2016","-0.457238"
"2016-02-17","17 Feb 2016","-0.460498"
"2016-02-18","18 Feb 2016","-0.468404"
"2016-02-19","19 Feb 2016","-0.479143"
"2016-02-22","22 Feb 2016","-0.475204"
"2016-02-23","23 Feb 2016","-0.472385"
"2016-02-24","24 Feb 2016","-0.473586"
"2016-02-25","25 Feb 2016","-0.483016"
"2016-02-26","26 Feb 2016","-0.498050"
"2016-02-29","29 Feb 2016","-0.500682"
"2016-03-01","01 Mar 2016","-0.509795"
"2016-03-02","02 Mar 2016","-0.494495"
"2016-03-03","03 Mar 2016","-0.505044"
"2016-03-04","04 Mar 2016","-0.498325"
"2016-03-07","07 Mar 2016","-0.488269"
"2016-03-08","08 Mar 2016","-0.494412"
"2016-03-09","09 Mar 2016","-0.485979"
"2016-03-10","10 Mar 2016","-0.474079"
"2016-03-11","11 Mar 2016","-0.448481"
"2016-03-14","14 Mar 2016","-0.456734"
"2016-03-15","15 Mar 2016","-0.460037"
"2016-03-16","16 Mar 2016","-0.458556"
"2016-03-17","17 Mar 2016","-0.463069"
"2016-03-18","18 Mar 2016","-0.479073"
"2016-03-21","21 Mar 2016","-0.471922"
"2016-03-22","22 Mar 2016","-0.473500"
"2016-03-23","23 Mar 2016","-0.476285"
"2016-03-24","24 Mar 2016","-0.473227"
"2016-03-29","29 Mar 2016","-0.484583"
"2016-03-30","30 Mar 2016","-0.483991"
"2016-03-31","31 Mar 2016","-0.486548"
"2016-04-01","01 Apr 2016","-0.485737"
"2016-04-04","04 Apr 2016","-0.483381"
"2016-04-05","05 Apr 2016","-0.483360"
"2016-04-06","06 Apr 2016","-0.541574"
"2016-04-07","07 Apr 2016","-0.520570"
"2016-04-08","08 Apr 2016","-0.547434"
"2016-04-11","11 Apr 2016","-0.529099"
"2016-04-12","12 Apr 2016","-0.558173"
"2016-04-13","13 Apr 2016","-0.559509"
"2016-04-14","14 Apr 2016","-0.562819"
"2016-04-15","15 Apr 2016","-0.544072"
"2016-04-18","18 Apr 2016","-0.565597"
"2016-04-19","19 Apr 2016","-0.566170"
"2016-04-20","20 Apr 2016","-0.555957"
"2016-04-21","21 Apr 2016","-0.550755"
"2016-04-22","22 Apr 2016","-0.556163"
"2016-04-25","25 Apr 2016","-0.553550"
"2016-04-26","26 Apr 2016","-0.554948"
"2016-04-27","27 Apr 2016","-0.567200"
"2016-04-28","28 Apr 2016","-0.568572"
"2016-04-29","29 Apr 2016","-0.530197"
"2016-05-02","02 May 2016","-0.522789"
"2016-05-03","03 May 2016","-0.525263"
"2016-05-04","04 May 2016","-0.531635"
"2016-05-05","05 May 2016","-0.524576"
"2016-05-06","06 May 2016","-0.527396"
"2016-05-09","09 May 2016","-0.527237"
"2016-05-10","10 May 2016","-0.529764"
"2016-05-11","11 May 2016","-0.531119"
"2016-05-12","12 May 2016","-0.535392"
"2016-05-13","13 May 2016","-0.538780"
"2016-05-16","16 May 2016","-0.538503"
"2016-05-17","17 May 2016","-0.539913"
"2016-05-18","18 May 2016","-0.550155"
"2016-05-19","19 May 2016","-0.549055"
"2016-05-20","20 May 2016","-0.550790"
"2016-05-23","23 May 2016","-0.553222"
"2016-05-24","24 May 2016","-0.560959"
"2016-05-25","25 May 2016","-0.564309"
"2016-05-26","26 May 2016","-0.567095"
"2016-05-27","27 May 2016","-0.563474"
"2016-05-30","30 May 2016","-0.553000"
"2016-05-31","31 May 2016","-0.549973"
"2016-06-01","01 Jun 2016","-0.558319"
"2016-06-02","02 Jun 2016","-0.558908"
"2016-06-03","03 Jun 2016","-0.558623"
"2016-06-06","06 Jun 2016","-0.560508"
"2016-06-07","07 Jun 2016","-0.554881"
"2016-06-08","08 Jun 2016","-0.554047"
"2016-06-09","09 Jun 2016","-0.565248"
"2016-06-10","10 Jun 2016","-0.561483"
"2016-06-13","13 Jun 2016","-0.563438"
"2016-06-14","14 Jun 2016","-0.570045"
"2016-06-15","15 Jun 2016","-0.568136"
"2016-06-16","16 Jun 2016","-0.570907"
"2016-06-17","17 Jun 2016","-0.567738"
"2016-06-20","20 Jun 2016","-0.558378"
"2016-06-21","21 Jun 2016","-0.560722"
"2016-06-22","22 Jun 2016","-0.563900"
"2016-06-23","23 Jun 2016","-0.562912"
"2016-06-24","24 Jun 2016","-0.625103"
"2016-06-27","27 Jun 2016","-0.611821"
"2016-06-28","28 Jun 2016","-0.621273"
"2016-06-29","29 Jun 2016","-0.636088"
"2016-06-30","30 Jun 2016","-0.645648"
"2016-07-01","01 Jul 2016","-0.655375"
"2016-07-04","04 Jul 2016","-0.657581"
"2016-07-05","05 Jul 2016","-0.643736"
"2016-07-06","06 Jul 2016","-0.674621"
"2016-07-07","07 Jul 2016","-0.671445"
"2016-07-08","08 Jul 2016","-0.668367"
"2016-07-11","11 Jul 2016","-0.666981"
"2016-07-12","12 Jul 2016","-0.654177"
"2016-07-13","13 Jul 2016","-0.660411"
"2016-07-14","14 Jul 2016","-0.653096"
"2016-07-15","15 Jul 2016","-0.653583"
"2016-07-18","18 Jul 2016","-0.648675"
"2016-07-19","19 Jul 2016","-0.646228"
"2016-07-20","20 Jul 2016","-0.642583"
"2016-07-21","21 Jul 2016","-0.637981"
"2016-07-22","22 Jul 2016","-0.631157"
"2016-07-25","25 Jul 2016","-0.634751"
"2016-07-26","26 Jul 2016","-0.627707"
"2016-07-27","27 Jul 2016","-0.650465"
"2016-07-28","28 Jul 2016","-0.652095"
"2016-07-29","29 Jul 2016","-0.638246"
"2016-08-01","01 Aug 2016","-0.635622"
"2016-08-02","02 Aug 2016","-0.642679"
"2016-08-03","03 Aug 2016","-0.650350"
"2016-08-04","04 Aug 2016","-0.645733"
"2016-08-05","05 Aug 2016","-0.644271"
"2016-08-08","08 Aug 2016","-0.644101"
"2016-08-09","09 Aug 2016","-0.641324"
"2016-08-10","10 Aug 2016","-0.640583"
"2016-08-11","11 Aug 2016","-0.627313"
"2016-08-12","12 Aug 2016","-0.643259"
"2016-08-15","15 Aug 2016","-0.636296"
"2016-08-16","16 Aug 2016","-0.633831"
"2016-08-17","17 Aug 2016","-0.642343"
"2016-08-18","18 Aug 2016","-0.632152"
"2016-08-19","19 Aug 2016","-0.629494"
"2016-08-22","22 Aug 2016","-0.636261"
"2016-08-23","23 Aug 2016","-0.645312"
"2016-08-24","24 Aug 2016","-0.640539"
"2016-08-25","25 Aug 2016","-0.637699"
"2016-08-26","26 Aug 2016","-0.631869"
"2016-08-29","29 Aug 2016","-0.642800"
"2016-08-30","30 Aug 2016","-0.643687"
"2016-08-31","31 Aug 2016","-0.645929"
"2016-09-01","01 Sep 2016","-0.643402"
"2016-09-02","02 Sep 2016","-0.647722"
"2016-09-05","05 Sep 2016","-0.644006"
"2016-09-06","06 Sep 2016","-0.650935"
"2016-09-07","07 Sep 2016","-0.658006"
"2016-09-08","08 Sep 2016","-0.644668"
"2016-09-09","09 Sep 2016","-0.634737"
"2016-09-12","12 Sep 2016","-0.624620"
"2016-09-13","13 Sep 2016","-0.631799"
"2016-09-14","14 Sep 2016","-0.637802"
"2016-09-15","15 Sep 2016","-0.637810"
"2016-09-16","16 Sep 2016","-0.642298"
"2016-09-19","19 Sep 2016","-0.639615"
"2016-09-20","20 Sep 2016","-0.636687"
"2016-09-21","21 Sep 2016","-0.646806"
"2016-09-22","22 Sep 2016","-0.656434"
"2016-09-23","23 Sep 2016","-0.676630"
"2016-09-26","26 Sep 2016","-0.687464"
"2016-09-27","27 Sep 2016","-0.711799"
"2016-09-28","28 Sep 2016","-0.725957"
"2016-09-29","29 Sep 2016","-0.735931"
"2016-09-30","30 Sep 2016","-0.732112"
"2016-10-03","03 Oct 2016","-0.739975"
"2016-10-04","04 Oct 2016","-0.738936"
"2016-10-05","05 Oct 2016","-0.747099"
"2016-10-06","06 Oct 2016","-0.753936"
"2016-10-07","07 Oct 2016","-0.762065"
"2016-10-10","10 Oct 2016","-0.750723"
"2016-10-11","11 Oct 2016","-0.744164"
"2016-10-12","12 Oct 2016","-0.751941"
"2016-10-13","13 Oct 2016","-0.761853"
"2016-10-14","14 Oct 2016","-0.752182"
"2016-10-17","17 Oct 2016","-0.747680"
"2016-10-18","18 Oct 2016","-0.768727"
"2016-10-19","19 Oct 2016","-0.762015"
"2016-10-20","20 Oct 2016","-0.780628"
"2016-10-21","21 Oct 2016","-0.772587"
"2016-10-24","24 Oct 2016","-0.761331"
"2016-10-25","25 Oct 2016","-0.771942"
"2016-10-26","26 Oct 2016","-0.774156"
"2016-10-27","27 Oct 2016","-0.778100"
"2016-10-28","28 Oct 2016","-0.785078"
"2016-10-31","31 Oct 2016","-0.789826"
"2016-11-01","01 Nov 2016","-0.731521"
"2016-11-02","02 Nov 2016","-0.725199"
"2016-11-03","03 Nov 2016","-0.772136"
"2016-11-04","04 Nov 2016","-0.778798"
"2016-11-07","07 Nov 2016","-0.777037"
"2016-11-08","08 Nov 2016","-0.781405"
"2016-11-09","09 Nov 2016","-0.792449"
"2016-11-10","10 Nov 2016","-0.798923"
"2016-11-11","11 Nov 2016","-0.792041"
"2016-11-14","14 Nov 2016","-0.787680"
"2016-11-15","15 Nov 2016","-0.769047"
"2016-11-16","16 Nov 2016","-0.766813"
"2016-11-17","17 Nov 2016","-0.749812"
"2016-11-18","18 Nov 2016","-0.765300"
"2016-11-21","21 Nov 2016","-0.768484"
"2016-11-22","22 Nov 2016","-0.782643"
"2016-11-23","23 Nov 2016","-0.774540"
"2016-11-24","24 Nov 2016","-0.787358"
"2016-11-25","25 Nov 2016","-0.793269"
"2016-11-28","28 Nov 2016","-0.792539"
"2016-11-29","29 Nov 2016","-0.805244"
"2016-11-30","30 Nov 2016","-0.794218"
"2016-12-01","01 Dec 2016","-0.798865"
"2016-12-02","02 Dec 2016","-0.804832"
"2016-12-05","05 Dec 2016","-0.793180"
"2016-12-06","06 Dec 2016","-0.798176"
"2016-12-07","07 Dec 2016","-0.790443"
"2016-12-08","08 Dec 2016","-0.798148"
"2016-12-09","09 Dec 2016","-0.808600"
"2016-12-12","12 Dec 2016","-0.801648"
"2016-12-13","13 Dec 2016","-0.788554"
"2016-12-14","14 Dec 2016","-0.736761"
"2016-12-15","15 Dec 2016","-0.763523"
"2016-12-16","16 Dec 2016","-0.795753"
"2016-12-19","19 Dec 2016","-0.780982"
"2016-12-20","20 Dec 2016","-0.804442"
"2016-12-21","21 Dec 2016","-0.815377"
"2016-12-22","22 Dec 2016","-0.839267"
"2016-12-23","23 Dec 2016","-0.867869"
"2016-12-27","27 Dec 2016","-0.866790"
"2016-12-28","28 Dec 2016","-0.877231"
"2016-12-29","29 Dec 2016","-0.879916"
"2016-12-30","30 Dec 2016","-0.871451"
"2017-01-02","02 Jan 2017","-0.780195"
"2017-01-03","03 Jan 2017","-0.769149"
"2017-01-04","04 Jan 2017","-0.794128"
"2017-01-05","05 Jan 2017","-0.779600"
"2017-01-06","06 Jan 2017","-0.764435"
"2017-01-09","09 Jan 2017","-0.752220"
"2017-01-10","10 Jan 2017","-0.780347"
"2017-01-11","11 Jan 2017","-0.778584"
"2017-01-12","12 Jan 2017","-0.784189"
"2017-01-13","13 Jan 2017","-0.788983"
"2017-01-16","16 Jan 2017","-0.746787"
"2017-01-17","17 Jan 2017","-0.744477"
"2017-01-18","18 Jan 2017","-0.740375"
"2017-01-19","19 Jan 2017","-0.748190"
"2017-01-20","20 Jan 2017","-0.731792"
"2017-01-23","23 Jan 2017","-0.622981"
"2017-01-24","24 Jan 2017","-0.643104"
"2017-01-25","25 Jan 2017","-0.630175"
"2017-01-26","26 Jan 2017","-0.645400"
"2017-01-27","27 Jan 2017","-0.641187"
"2017-01-30","30 Jan 2017","-0.683010"
"2017-01-31","31 Jan 2017","-0.695869"
"2017-02-01","01 Feb 2017","-0.710893"
"2017-02-02","02 Feb 2017","-0.743334"
"2017-02-03","03 Feb 2017","-0.751498"
"2017-02-06","06 Feb 2017","-0.742720"
"2017-02-07","07 Feb 2017","-0.734252"
"2017-02-08","08 Feb 2017","-0.766086"
"2017-02-09","09 Feb 2017","-0.761280"
"2017-02-10","10 Feb 2017","-0.752460"
"2017-02-13","13 Feb 2017","-0.771757"
"2017-02-14","14 Feb 2017","-0.776660"
"2017-02-15","15 Feb 2017","-0.778425"
"2017-02-16","16 Feb 2017","-0.793584"
"2017-02-17","17 Feb 2017","-0.798063"
"2017-02-20","20 Feb 2017","-0.806848"
"2017-02-21","21 Feb 2017","-0.819769"
"2017-02-22","22 Feb 2017","-0.841336"
"2017-02-23","23 Feb 2017","-0.844740"
"2017-02-24","24 Feb 2017","-0.875253"
"2017-02-27","27 Feb 2017","-0.883588"
"2017-02-28","28 Feb 2017","-0.866983"
"2017-03-01","01 Mar 2017","-0.854618"
"2017-03-02","02 Mar 2017","-0.869755"
"2017-03-03","03 Mar 2017","-0.864676"
"2017-03-06","06 Mar 2017","-0.862790"
"2017-03-07","07 Mar 2017","-0.891450"
"2017-03-08","08 Mar 2017","-0.897060"
"2017-03-09","09 Mar 2017","-0.908441"
"2017-03-10","10 Mar 2017","-0.914679"
"2017-03-13","13 Mar 2017","-0.906138"
"2017-03-14","14 Mar 2017","-0.885759"
"2017-03-15","15 Mar 2017","-0.892544"
"2017-03-16","16 Mar 2017","-0.868372"
"2017-03-17","17 Mar 2017","-0.869330"
"2017-03-20","20 Mar 2017","-0.827726"
"2017-03-21","21 Mar 2017","-0.827271"
"2017-03-22","22 Mar 2017","-0.837219"
"2017-03-23","23 Mar 2017","-0.829760"
"2017-03-24","24 Mar 2017","-0.818889"
"2017-03-27","27 Mar 2017","-0.808216"
"2017-03-28","28 Mar 2017","-0.804679"
"2017-03-29","29 Mar 2017","-0.813302"
"2017-03-30","30 Mar 2017","-0.765398"
"2017-03-31","31 Mar 2017","-0.744901"
"2017-04-03","03 Apr 2017","-0.757651"
"2017-04-04","04 Apr 2017","-0.778152"
"2017-04-05","05 Apr 2017","-0.800188"
"2017-04-06","06 Apr 2017","-0.793189"
"2017-04-07","07 Apr 2017","-0.800331"
"2017-04-10","10 Apr 2017","-0.797430"
"2017-04-11","11 Apr 2017","-0.807237"
"2017-04-12","12 Apr 2017","-0.798655"
"2017-04-13","13 Apr 2017","-0.802729"
"2017-04-18","18 Apr 2017","-0.800386"
"2017-04-19","19 Apr 2017","-0.807088"
"2017-04-20","20 Apr 2017","-0.776408"
"2017-04-21","21 Apr 2017","-0.808283"
"2017-04-24","24 Apr 2017","-0.753309"
"2017-04-25","25 Apr 2017","-0.766099"
"2017-04-26","26 Apr 2017","-0.767058"
"2017-04-27","27 Apr 2017","-0.781783"
"2017-04-28","28 Apr 2017","-0.775843"
"2017-05-02","02 May 2017","-0.780443"
"2017-05-03","03 May 2017","-0.782062"
"2017-05-04","04 May 2017","-0.783315"
"2017-05-05","05 May 2017","-0.741482"
"2017-05-08","08 May 2017","-0.733409"
"2017-05-09","09 May 2017","-0.724430"
"2017-05-10","10 May 2017","-0.756565"
"2017-05-11","11 May 2017","-0.749546"
"2017-05-12","12 May 2017","-0.766365"
"2017-05-15","15 May 2017","-0.741099"
"2017-05-16","16 May 2017","-0.725338"
"2017-05-17","17 May 2017","-0.713969"
"2017-05-18","18 May 2017","-0.715027"
"2017-05-19","19 May 2017","-0.687716"
"2017-05-22","22 May 2017","-0.707459"
"2017-05-23","23 May 2017","-0.698672"
"2017-05-24","24 May 2017","-0.707623"
"2017-05-25","25 May 2017","-0.710685"
"2017-05-26","26 May 2017","-0.714139"
"2017-05-29","29 May 2017","-0.726836"
"2017-05-30","30 May 2017","-0.734613"
"2017-05-31","31 May 2017","-0.732627"
"2017-06-01","01 Jun 2017","-0.739455"
"2017-06-02","02 Jun 2017","-0.746848"
"2017-06-05","05 Jun 2017","-0.728305"
"2017-06-06","06 Jun 2017","-0.734478"
"2017-06-07","07 Jun 2017","-0.739769"
"2017-06-08","08 Jun 2017","-0.730425"
"2017-06-09","09 Jun 2017","-0.732630"
"2017-06-12","12 Jun 2017","-0.737512"
"2017-06-13","13 Jun 2017","-0.711408"
"2017-06-14","14 Jun 2017","-0.716512"
"2017-06-15","15 Jun 2017","-0.672870"
"2017-06-16","16 Jun 2017","-0.707385"
"2017-06-19","19 Jun 2017","-0.693404"
"2017-06-20","20 Jun 2017","-0.687292"
"2017-06-21","21 Jun 2017","-0.688299"
"2017-06-22","22 Jun 2017","-0.693407"
"2017-06-23","23 Jun 2017","-0.688114"
"2017-06-26","26 Jun 2017","-0.694224"
"2017-06-27","27 Jun 2017","-0.678961"
"2017-06-28","28 Jun 2017","-0.679246"
"2017-06-29","29 Jun 2017","-0.687252"
"2017-06-30","30 Jun 2017","-0.675750"
"2017-07-03","03 Jul 2017","-0.679516"
"2017-07-04","04 Jul 2017","-0.688065"
"2017-07-05","05 Jul 2017","-0.674129"
"2017-07-06","06 Jul 2017","-0.667671"
"2017-07-07","07 Jul 2017","-0.670392"
"2017-07-10","10 Jul 2017","-0.661586"
"2017-07-11","11 Jul 2017","-0.671420"
"2017-07-12","12 Jul 2017","-0.680118"
"2017-07-13","13 Jul 2017","-0.699641"
"2017-07-14","14 Jul 2017","-0.695290"
"2017-07-17","17 Jul 2017","-0.692639"
"2017-07-18","18 Jul 2017","-0.697413"
"2017-07-19","19 Jul 2017","-0.702227"
"2017-07-20","20 Jul 2017","-0.707918"
"2017-07-21","21 Jul 2017","-0.705705"
"2017-07-24","24 Jul 2017","-0.690834"
"2017-07-25","25 Jul 2017","-0.693455"
"2017-07-26","26 Jul 2017","-0.703071"
"2017-07-27","27 Jul 2017","-0.698712"
"2017-07-28","28 Jul 2017","-0.697829"
"2017-07-31","31 Jul 2017","-0.710414"
"2017-08-01","01 Aug 2017","-0.666967"
"2017-08-02","02 Aug 2017","-0.693930"
"2017-08-03","03 Aug 2017","-0.709083"
"2017-08-04","04 Aug 2017","-0.721494"
"2017-08-07","07 Aug 2017","-0.703877"
"2017-08-08","08 Aug 2017","-0.700609"
"2017-08-09","09 Aug 2017","-0.706373"
"2017-08-10","10 Aug 2017","-0.703902"
"2017-08-11","11 Aug 2017","-0.718710"
"2017-08-14","14 Aug 2017","-0.722289"
"2017-08-15","15 Aug 2017","-0.725431"
"2017-08-16","16 Aug 2017","-0.716820"
"2017-08-17","17 Aug 2017","-0.708144"
"2017-08-18","18 Aug 2017","-0.721315"
"2017-08-21","21 Aug 2017","-0.723602"
"2017-08-22","22 Aug 2017","-0.721925"
"2017-08-23","23 Aug 2017","-0.735838"
"2017-08-24","24 Aug 2017","-0.746463"
"2017-08-25","25 Aug 2017","-0.750185"
"2017-08-28","28 Aug 2017","-0.738730"
"2017-08-29","29 Aug 2017","-0.745686"
"2017-08-30","30 Aug 2017","-0.756350"
"2017-08-31","31 Aug 2017","-0.771735"
"2017-09-01","01 Sep 2017","-0.742312"
"2017-09-04","04 Sep 2017","-0.753464"
"2017-09-05","05 Sep 2017","-0.771761"
"2017-09-06","06 Sep 2017","-0.761900"
"2017-09-07","07 Sep 2017","-0.773617"
"2017-09-08","08 Sep 2017","-0.777434"
"2017-09-11","11 Sep 2017","-0.769474"
"2017-09-12","12 Sep 2017","-0.759341"
"2017-09-13","13 Sep 2017","-0.742220"
"2017-09-14","14 Sep 2017","-0.761958"
"2017-09-15","15 Sep 2017","-0.731081"
"2017-09-18","18 Sep 2017","-0.756151"
"2017-09-19","19 Sep 2017","-0.749261"
"2017-09-20","20 Sep 2017","-0.756820"
"2017-09-21","21 Sep 2017","-0.764347"
"2017-09-22","22 Sep 2017","-0.771460"
"2017-09-25","25 Sep 2017","-0.755054"
"2017-09-26","26 Sep 2017","-0.778294"
"2017-09-27","27 Sep 2017","-0.769095"
"2017-09-28","28 Sep 2017","-0.773176"
"2017-09-29","29 Sep 2017","-0.758836"
"2017-10-02","02 Oct 2017","-0.762563"
"2017-10-03","03 Oct 2017","-0.761555"
"2017-10-04","04 Oct 2017","-0.755800"
"2017-10-05","05 Oct 2017","-0.744764"
"2017-10-06","06 Oct 2017","-0.732543"
"2017-10-09","09 Oct 2017","-0.734490"
"2017-10-10","10 Oct 2017","-0.763516"
"2017-10-11","11 Oct 2017","-0.756496"
"2017-10-12","12 Oct 2017","-0.772180"
"2017-10-13","13 Oct 2017","-0.780730"
"2017-10-16","16 Oct 2017","-0.789599"
"2017-10-17","17 Oct 2017","-0.790372"
"2017-10-18","18 Oct 2017","-0.782086"
"2017-10-19","19 Oct 2017","-0.793228"
"2017-10-20","20 Oct 2017","-0.776680"
"2017-10-23","23 Oct 2017","-0.783818"
"2017-10-24","24 Oct 2017","-0.761994"
"2017-10-25","25 Oct 2017","-0.764726"
"2017-10-26","26 Oct 2017","-0.779703"
"2017-10-27","27 Oct 2017","-0.796837"
"2017-10-30","30 Oct 2017","-0.802297"
"2017-10-31","31 Oct 2017","-0.788018"
"2017-11-01","01 Nov 2017","-0.776584"
"2017-11-02","02 Nov 2017","-0.783754"
"2017-11-03","03 Nov 2017","-0.795039"
"2017-11-06","06 Nov 2017","-0.782912"
"2017-11-07","07 Nov 2017","-0.785189"
"2017-11-08","08 Nov 2017","-0.782538"
"2017-11-09","09 Nov 2017","-0.783688"
"2017-11-10","10 Nov 2017","-0.785216"
"2017-11-13","13 Nov 2017","-0.777139"
"2017-11-14","14 Nov 2017","-0.777560"
"2017-11-15","15 Nov 2017","-0.782358"
"2017-11-16","16 Nov 2017","-0.770127"
"2017-11-17","17 Nov 2017","-0.771686"
"2017-11-20","20 Nov 2017","-0.769219"
"2017-11-21","21 Nov 2017","-0.780319"
"2017-11-22","22 Nov 2017","-0.780812"
"2017-11-23","23 Nov 2017","-0.789914"
"2017-11-24","24 Nov 2017","-0.780710"
"2017-11-27","27 Nov 2017","-0.773999"
"2017-11-28","28 Nov 2017","-0.783114"
"2017-11-29","29 Nov 2017","-0.784491"
"2017-11-30","30 Nov 2017","-0.777751"
"2017-12-01","01 Dec 2017","-0.795350"
"2017-12-04","04 Dec 2017","-0.797714"
"2017-12-05","05 Dec 2017","-0.806810"
"2017-12-06","06 Dec 2017","-0.805899"
"2017-12-07","07 Dec 2017","-0.826419"
"2017-12-08","08 Dec 2017","-0.828523"
"2017-12-11","11 Dec 2017","-0.833401"
"2017-12-12","12 Dec 2017","-0.836977"
"2017-12-13","13 Dec 2017","-0.836673"
"2017-12-14","14 Dec 2017","-0.853327"
"2017-12-15","15 Dec 2017","-0.852269"
"2017-12-18","18 Dec 2017","-0.853215"
"2017-12-19","19 Dec 2017","-0.869627"
"2017-12-20","20 Dec 2017","-0.855549"
"2017-12-21","21 Dec 2017","-0.830730"
"2017-12-22","22 Dec 2017","-0.813788"
"2017-12-27","27 Dec 2017","-0.825995"
"2017-12-28","28 Dec 2017","-0.746003"
"2017-12-29","29 Dec 2017","-0.769592"
"2018-01-02","02 Jan 2018","-0.738445"
"2018-01-03","03 Jan 2018","-0.699190"
"2018-01-04","04 Jan 2018","-0.677090"
"2018-01-05","05 Jan 2018","-0.672334"
"2018-01-08","08 Jan 2018","-0.664524"
"2018-01-09","09 Jan 2018","-0.677836"
"2018-01-10","10 Jan 2018","-0.655863"
"2018-01-11","11 Jan 2018","-0.617068"
"2018-01-12","12 Jan 2018","-0.642391"
"2018-01-15","15 Jan 2018","-0.653828"
"2018-01-16","16 Jan 2018","-0.643362"
"2018-01-17","17 Jan 2018","-0.647924"
"2018-01-18","18 Jan 2018","-0.646701"
"2018-01-19","19 Jan 2018","-0.650908"
"2018-01-22","22 Jan 2018","-0.642884"
"2018-01-23","23 Jan 2018","-0.633112"
"2018-01-24","24 Jan 2018","-0.639093"
"2018-01-25","25 Jan 2018","-0.632695"
"2018-01-26","26 Jan 2018","-0.630760"
"2018-01-29","29 Jan 2018","-0.620167"
"2018-01-30","30 Jan 2018","-0.643033"
"2018-01-31","31 Jan 2018","-0.643844"
"2018-02-01","01 Feb 2018","-0.650656"
"2018-02-02","02 Feb 2018","-0.654168"
"2018-02-05","05 Feb 2018","-0.663512"
"2018-02-06","06 Feb 2018","-0.658455"
"2018-02-07","07 Feb 2018","-0.660799"
"2018-02-08","08 Feb 2018","-0.647155"
"2018-02-09","09 Feb 2018","-0.664349"
"2018-02-12","12 Feb 2018","-0.663503"
"2018-02-13","13 Feb 2018","-0.665766"
"2018-02-14","14 Feb 2018","-0.654238"
"2018-02-15","15 Feb 2018","-0.644058"
"2018-02-16","16 Feb 2018","-0.651558"
"2018-02-19","19 Feb 2018","-0.662157"
"2018-02-20","20 Feb 2018","-0.658272"
"2018-02-21","21 Feb 2018","-0.657617"
"2018-02-22","22 Feb 2018","-0.666961"
"2018-02-23","23 Feb 2018","-0.660046"
"2018-02-26","26 Feb 2018","-0.670179"
"2018-02-27","27 Feb 2018","-0.689180"
"2018-02-28","28 Feb 2018","-0.678324"
"2018-03-01","01 Mar 2018","-0.675070"
"2018-03-02","02 Mar 2018","-0.685887"
"2018-03-05","05 Mar 2018","-0.697087"
"2018-03-06","06 Mar 2018","-0.704694"
"2018-03-07","07 Mar 2018","-0.683652"
"2018-03-08","08 Mar 2018","-0.686116"
"2018-03-09","09 Mar 2018","-0.694873"
"2018-03-12","12 Mar 2018","-0.689867"
"2018-03-13","13 Mar 2018","-0.700385"
"2018-03-14","14 Mar 2018","-0.696036"
"2018-03-15","15 Mar 2018","-0.698574"
"2018-03-16","16 Mar 2018","-0.701740"
"2018-03-19","19 Mar 2018","-0.692884"
"2018-03-20","20 Mar 2018","-0.674098"
"2018-03-21","21 Mar 2018","-0.689090"
"2018-03-22","22 Mar 2018","-0.703343"
"2018-03-23","23 Mar 2018","-0.709763"
"2018-03-26","26 Mar 2018","-0.698578"
"2018-03-27","27 Mar 2018","-0.703787"
"2018-03-28","28 Mar 2018","-0.698126"
"2018-03-29","29 Mar 2018","-0.693472"
"2018-04-03","03 Apr 2018","-0.681278"
"2018-04-04","04 Apr 2018","-0.684730"
"2018-04-05","05 Apr 2018","-0.677051"
"2018-04-06","06 Apr 2018","-0.681267"
"2018-04-09","09 Apr 2018","-0.673800"
"2018-04-10","10 Apr 2018","-0.667162"
"2018-04-11","11 Apr 2018","-0.670332"
"2018-04-12","12 Apr 2018","-0.680683"
"2018-04-13","13 Apr 2018","-0.679194"
"2018-04-16","16 Apr 2018","-0.677843"
"2018-04-17","17 Apr 2018","-0.668026"
"2018-04-18","18 Apr 2018","-0.661994"
"2018-04-19","19 Apr 2018","-0.658683"
"2018-04-20","20 Apr 2018","-0.658559"
"2018-04-23","23 Apr 2018","-0.655845"
"2018-04-24","24 Apr 2018","-0.654705"
"2018-04-25","25 Apr 2018","-0.652354"
"2018-04-26","26 Apr 2018","-0.663152"
"2018-04-27","27 Apr 2018","-0.664409"
"2018-04-30","30 Apr 2018","-0.651352"
"2018-05-02","02 May 2018","-0.665921"
"2018-05-03","03 May 2018","-0.654149"
"2018-05-04","04 May 2018","-0.639291"
"2018-05-07","07 May 2018","-0.643115"
"2018-05-08","08 May 2018","-0.640819"
"2018-05-09","09 May 2018","-0.638581"
"2018-05-10","10 May 2018","-0.652461"
"2018-05-11","11 May 2018","-0.642967"
"2018-05-14","14 May 2018","-0.637009"
"2018-05-15","15 May 2018","-0.633693"
"2018-05-16","16 May 2018","-0.634625"
"2018-05-17","17 May 2018","-0.646451"
"2018-05-18","18 May 2018","-0.633048"
"2018-05-21","21 May 2018","-0.644702"
"2018-05-22","22 May 2018","-0.644200"
"2018-05-23","23 May 2018","-0.642420"
"2018-05-24","24 May 2018","-0.633470"
"2018-05-25","25 May 2018","-0.649417"
"2018-05-28","28 May 2018","-0.670117"
"2018-05-29","29 May 2018","-0.666411"
"2018-05-30","30 May 2018","-0.673167"
"2018-05-31","31 May 2018","-0.672376"
"2018-06-01","01 Jun 2018","-0.637292"
"2018-06-04","04 Jun 2018","-0.637189"
"2018-06-05","05 Jun 2018","-0.648519"
"2018-06-06","06 Jun 2018","-0.637814"
"2018-06-07","07 Jun 2018","-0.651245"
"2018-06-08","08 Jun 2018","-0.667263"
"2018-06-11","11 Jun 2018","-0.657200"
"2018-06-12","12 Jun 2018","-0.640417"
"2018-06-13","13 Jun 2018","-0.644691"
"2018-06-14","14 Jun 2018","-0.651380"
"2018-06-15","15 Jun 2018","-0.651022"
"2018-06-18","18 Jun 2018","-0.661887"
"2018-06-19","19 Jun 2018","-0.664275"
"2018-06-20","20 Jun 2018","-0.664832"
"2018-06-21","21 Jun 2018","-0.663936"
"2018-06-22","22 Jun 2018","-0.668646"
"2018-06-25","25 Jun 2018","-0.685612"
"2018-06-26","26 Jun 2018","-0.690864"
"2018-06-27","27 Jun 2018","-0.687720"
"2018-06-28","28 Jun 2018","-0.677478"
"2018-06-29","29 Jun 2018","-0.664724"
"2018-07-02","02 Jul 2018","-0.671966"
"2018-07-03","03 Jul 2018","-0.666056"
"2018-07-04","04 Jul 2018","-0.674973"
"2018-07-05","05 Jul 2018","-0.674109"
"2018-07-06","06 Jul 2018","-0.669849"
"2018-07-09","09 Jul 2018","-0.651570"
"2018-07-10","10 Jul 2018","-0.660132"
"2018-07-11","11 Jul 2018","-0.646272"
"2018-07-12","12 Jul 2018","-0.660981"
"2018-07-13","13 Jul 2018","-0.656731"
"2018-07-16","16 Jul 2018","-0.656091"
"2018-07-17","17 Jul 2018","-0.666363"
"2018-07-18","18 Jul 2018","-0.655808"
"2018-07-19","19 Jul 2018","-0.668925"
"2018-07-20","20 Jul 2018","-0.667324"
"2018-07-23","23 Jul 2018","-0.659933"
"2018-07-24","24 Jul 2018","-0.655132"
"2018-07-25","25 Jul 2018","-0.662007"
"2018-07-26","26 Jul 2018","-0.667910"
"2018-07-27","27 Jul 2018","-0.691979"
"2018-07-30","30 Jul 2018","-0.658425"
"2018-07-31","31 Jul 2018","-0.640137"
"2018-08-01","01 Aug 2018","-0.662386"
"2018-08-02","02 Aug 2018","-0.648603"
"2018-08-03","03 Aug 2018","-0.669730"
"2018-08-06","06 Aug 2018","-0.652039"
"2018-08-07","07 Aug 2018","-0.647606"
"2018-08-08","08 Aug 2018","-0.627487"
"2018-08-09","09 Aug 2018","-0.644182"
"2018-08-10","10 Aug 2018","-0.653227"
"2018-08-13","13 Aug 2018","-0.657597"
"2018-08-14","14 Aug 2018","-0.653254"
"2018-08-15","15 Aug 2018","-0.655505"
"2018-08-16","16 Aug 2018","-0.651910"
"2018-08-17","17 Aug 2018","-0.655711"
"2018-08-20","20 Aug 2018","-0.666681"
"2018-08-21","21 Aug 2018","-0.655132"
"2018-08-22","22 Aug 2018","-0.656027"
"2018-08-23","23 Aug 2018","-0.652611"
"2018-08-24","24 Aug 2018","-0.640293"
"2018-08-27","27 Aug 2018","-0.650154"
"2018-08-28","28 Aug 2018","-0.637613"
"2018-08-29","29 Aug 2018","-0.637724"
"2018-08-30","30 Aug 2018","-0.656704"
"2018-08-31","31 Aug 2018","-0.651172"
"2018-09-03","03 Sep 2018","-0.643088"
"2018-09-04","04 Sep 2018","-0.630561"
"2018-09-05","05 Sep 2018","-0.617581"
"2018-09-06","06 Sep 2018","-0.626622"
"2018-09-07","07 Sep 2018","-0.626679"
"2018-09-10","10 Sep 2018","-0.612815"
"2018-09-11","11 Sep 2018","-0.620754"
"2018-09-12","12 Sep 2018","-0.627472"
"2018-09-13","13 Sep 2018","-0.623701"
"2018-09-14","14 Sep 2018","-0.612330"
"2018-09-17","17 Sep 2018","-0.623506"
"2018-09-18","18 Sep 2018","-0.622905"
"2018-09-19","19 Sep 2018","-0.613554"
"2018-09-20","20 Sep 2018","-0.627063"
"2018-09-21","21 Sep 2018","-0.626583"
"2018-09-24","24 Sep 2018","-0.630905"
"2018-09-25","25 Sep 2018","-0.630361"
"2018-09-26","26 Sep 2018","-0.629513"
"2018-09-27","27 Sep 2018","-0.638509"
"2018-09-28","28 Sep 2018","-0.635170"
"2018-10-01","01 Oct 2018","-0.636550"
"2018-10-02","02 Oct 2018","-0.635142"
"2018-10-03","03 Oct 2018","-0.636864"
"2018-10-04","04 Oct 2018","-0.648754"
"2018-10-05","05 Oct 2018","-0.647964"
"2018-10-08","08 Oct 2018","-0.654142"
"2018-10-09","09 Oct 2018","-0.650959"
"2018-10-10","10 Oct 2018","-0.660876"
"2018-10-11","11 Oct 2018","-0.677776"
"2018-10-12","12 Oct 2018","-0.690532"
"2018-10-15","15 Oct 2018","-0.710871"
"2018-10-16","16 Oct 2018","-0.725372"
"2018-10-17","17 Oct 2018","-0.720773"
"2018-10-18","18 Oct 2018","-0.729136"
"2018-10-19","19 Oct 2018","-0.747868"
"2018-10-22","22 Oct 2018","-0.740133"
"2018-10-23","23 Oct 2018","-0.748526"
"2018-10-24","24 Oct 2018","-0.742395"
"2018-10-25","25 Oct 2018","-0.752997"
"2018-10-26","26 Oct 2018","-0.762356"
"2018-10-29","29 Oct 2018","-0.764669"
"2018-10-30","30 Oct 2018","-0.769960"
"2018-10-31","31 Oct 2018","-0.751715"
"2018-11-01","01 Nov 2018","-0.737977"
"2018-11-02","02 Nov 2018","-0.723628"
"2018-11-05","05 Nov 2018","-0.700060"
"2018-11-06","06 Nov 2018","-0.724605"
"2018-11-07","07 Nov 2018","-0.706967"
"2018-11-08","08 Nov 2018","-0.704433"
"2018-11-09","09 Nov 2018","-0.709717"
"2018-11-12","12 Nov 2018","-0.710451"
"2018-11-13","13 Nov 2018","-0.708401"
"2018-11-14","14 Nov 2018","-0.703275"
"2018-11-15","15 Nov 2018","-0.700145"
"2018-11-16","16 Nov 2018","-0.699417"
"2018-11-19","19 Nov 2018","-0.715230"
"2018-11-20","20 Nov 2018","-0.714155"
"2018-11-21","21 Nov 2018","-0.721094"
"2018-11-22","22 Nov 2018","-0.708536"
"2018-11-23","23 Nov 2018","-0.696371"
"2018-11-26","26 Nov 2018","-0.696975"
"2018-11-27","27 Nov 2018","-0.701030"
"2018-11-28","28 Nov 2018","-0.705042"
"2018-11-29","29 Nov 2018","-0.708169"
"2018-11-30","30 Nov 2018","-0.688624"
"2018-12-03","03 Dec 2018","-0.688292"
"2018-12-04","04 Dec 2018","-0.697613"
"2018-12-05","05 Dec 2018","-0.696276"
"2018-12-06","06 Dec 2018","-0.705577"
"2018-12-07","07 Dec 2018","-0.711238"
"2018-12-10","10 Dec 2018","-0.711481"
"2018-12-11","11 Dec 2018","-0.716151"
"2018-12-12","12 Dec 2018","-0.724750"
"2018-12-13","13 Dec 2018","-0.733691"
"2018-12-14","14 Dec 2018","-0.756583"
"2018-12-17","17 Dec 2018","-0.788169"
"2018-12-18","18 Dec 2018","-0.794153"
"2018-12-19","19 Dec 2018","-0.787119"
"2018-12-20","20 Dec 2018","-0.790076"
"2018-12-21","21 Dec 2018","-0.789807"
"2018-12-27","27 Dec 2018","-0.784578"
"2018-12-28","28 Dec 2018","-0.785323"
"2019-01-02","02 Jan 2019","-0.656645"
"2019-01-03","03 Jan 2019","-0.641681"
"2019-01-04","04 Jan 2019","-0.644973"
"2019-01-07","07 Jan 2019","-0.627281"
"2019-01-08","08 Jan 2019","-0.636528"
"2019-01-09","09 Jan 2019","-0.621895"
"2019-01-10","10 Jan 2019","-0.621124"
"2019-01-11","11 Jan 2019","-0.619047"
"2019-01-14","14 Jan 2019","-0.606772"
"2019-01-15","15 Jan 2019","-0.615692"
"2019-01-16","16 Jan 2019","-0.605669"
"2019-01-17","17 Jan 2019","-0.597146"
"2019-01-18","18 Jan 2019","-0.604124"
"2019-01-21","21 Jan 2019","-0.599764"
"2019-01-22","22 Jan 2019","-0.606633"
"2019-01-23","23 Jan 2019","-0.601240"
"2019-01-24","24 Jan 2019","-0.594643"
"2019-01-25","25 Jan 2019","-0.601911"
"2019-01-28","28 Jan 2019","-0.594081"
"2019-01-29","29 Jan 2019","-0.585421"
"2019-01-30","30 Jan 2019","-0.589071"
"2019-01-31","31 Jan 2019","-0.593271"
"2019-02-01","01 Feb 2019","-0.585836"
"2019-02-04","04 Feb 2019","-0.572624"
"2019-02-05","05 Feb 2019","-0.570275"
"2019-02-06","06 Feb 2019","-0.558015"
"2019-02-07","07 Feb 2019","-0.553214"
"2019-02-08","08 Feb 2019","-0.546302"
"2019-02-11","11 Feb 2019","-0.549345"
"2019-02-12","12 Feb 2019","-0.549992"
"2019-02-13","13 Feb 2019","-0.558699"
"2019-02-14","14 Feb 2019","-0.556032"
"2019-02-15","15 Feb 2019","-0.556771"
"2019-02-18","18 Feb 2019","-0.559701"
"2019-02-19","19 Feb 2019","-0.581708"
"2019-02-20","20 Feb 2019","-0.573528"
"2019-02-21","21 Feb 2019","-0.568465"
"2019-02-22","22 Feb 2019","-0.580278"
"2019-02-25","25 Feb 2019","-0.562892"
"2019-02-26","26 Feb 2019","-0.572833"
"2019-02-27","27 Feb 2019","-0.563829"
"2019-02-28","28 Feb 2019","-0.569533"
"2019-03-01","01 Mar 2019","-0.568412"
"2019-03-04","04 Mar 2019","-0.561330"
"2019-03-05","05 Mar 2019","-0.567932"
"2019-03-06","06 Mar 2019","-0.559088"
"2019-03-07","07 Mar 2019","-0.572972"
"2019-03-08","08 Mar 2019","-0.567024"
"2019-03-11","11 Mar 2019","-0.568113"
"2019-03-12","12 Mar 2019","-0.569679"
"2019-03-13","13 Mar 2019","-0.569679"
"2019-03-14","14 Mar 2019","-0.571761"
"2019-03-15","15 Mar 2019","-0.568867"
"2019-03-18","18 Mar 2019","-0.560415"
"2019-03-19","19 Mar 2019","-0.564745"
"2019-03-20","20 Mar 2019","-0.561593"
"2019-03-21","21 Mar 2019","-0.565430"
"2019-03-22","22 Mar 2019","-0.577157"
"2019-03-25","25 Mar 2019","-0.582424"
"2019-03-26","26 Mar 2019","-0.573108"
"2019-03-27","27 Mar 2019","-0.597813"
"2019-03-28","28 Mar 2019","-0.590696"
"2019-03-29","29 Mar 2019","-0.586941"
"2019-04-01","01 Apr 2019","-0.586004"
"2019-04-02","02 Apr 2019","-0.585763"
"2019-04-03","03 Apr 2019","-0.582602"
"2019-04-04","04 Apr 2019","-0.581019"
"2019-04-05","05 Apr 2019","-0.576568"
"2019-04-08","08 Apr 2019","-0.576402"
"2019-04-09","09 Apr 2019","-0.571061"
"2019-04-10","10 Apr 2019","-0.571489"
"2019-04-11","11 Apr 2019","-0.569245"
"2019-04-12","12 Apr 2019","-0.568811"
"2019-04-15","15 Apr 2019","-0.568880"
"2019-04-16","16 Apr 2019","-0.573333"
"2019-04-17","17 Apr 2019","-0.575716"
"2019-04-18","18 Apr 2019","-0.564362"
"2019-04-23","23 Apr 2019","-0.565605"
"2019-04-24","24 Apr 2019","-0.567044"
"2019-04-25","25 Apr 2019","-0.569922"
"2019-04-26","26 Apr 2019","-0.568361"
"2019-04-29","29 Apr 2019","-0.574969"
"2019-04-30","30 Apr 2019","-0.576941"
"2019-05-02","02 May 2019","-0.583815"
"2019-05-03","03 May 2019","-0.583023"
"2019-05-06","06 May 2019","-0.581124"
"2019-05-07","07 May 2019","-0.591868"
"2019-05-08","08 May 2019","-0.600566"
"2019-05-09","09 May 2019","-0.601535"
"2019-05-10","10 May 2019","-0.599807"
"2019-05-13","13 May 2019","-0.595415"
"2019-05-14","14 May 2019","-0.596317"
"2019-05-15","15 May 2019","-0.593682"
"2019-05-16","16 May 2019","-0.590154"
"2019-05-17","17 May 2019","-0.596175"
"2019-05-20","20 May 2019","-0.586672"
"2019-05-21","21 May 2019","-0.583659"
"2019-05-22","22 May 2019","-0.581355"
"2019-05-23","23 May 2019","-0.582853"
"2019-05-24","24 May 2019","-0.581699"
"2019-05-27","27 May 2019","-0.574564"
"2019-05-28","28 May 2019","-0.580768"
"2019-05-29","29 May 2019","-0.584271"
"2019-05-30","30 May 2019","-0.594517"
"2019-05-31","31 May 2019","-0.597911"
"2019-06-03","03 Jun 2019","-0.595564"
"2019-06-04","04 Jun 2019","-0.588128"
"2019-06-05","05 Jun 2019","-0.588778"
"2019-06-06","06 Jun 2019","-0.583859"
"2019-06-07","07 Jun 2019","-0.590507"
"2019-06-10","10 Jun 2019","-0.582850"
"2019-06-11","11 Jun 2019","-0.590129"
"2019-06-12","12 Jun 2019","-0.590445"
"2019-06-13","13 Jun 2019","-0.592475"
"2019-06-14","14 Jun 2019","-0.592369"
"2019-06-17","17 Jun 2019","-0.587413"
"2019-06-18","18 Jun 2019","-0.623180"
"2019-06-19","19 Jun 2019","-0.617219"
"2019-06-20","20 Jun 2019","-0.647021"
"2019-06-21","21 Jun 2019","-0.623981"
"2019-06-24","24 Jun 2019","-0.628325"
"2019-06-25","25 Jun 2019","-0.636118"
"2019-06-26","26 Jun 2019","-0.634443"
"2019-06-27","27 Jun 2019","-0.645215"
"2019-06-28","28 Jun 2019","-0.637571"
"2019-07-01","01 Jul 2019","-0.638357"
"2019-07-02","02 Jul 2019","-0.646948"
"2019-07-03","03 Jul 2019","-0.650281"
"2019-07-04","04 Jul 2019","-0.659187"
"2019-07-05","05 Jul 2019","-0.653591"
"2019-07-08","08 Jul 2019","-0.646457"
"2019-07-09","09 Jul 2019","-0.644618"
"2019-07-10","10 Jul 2019","-0.639601"
"2019-07-11","11 Jul 2019","-0.656633"
"2019-07-12","12 Jul 2019","-0.654237"
"2019-07-15","15 Jul 2019","-0.658523"
"2019-07-16","16 Jul 2019","-0.665341"
"2019-07-17","17 Jul 2019","-0.664570"
"2019-07-18","18 Jul 2019","-0.658454"
"2019-07-19","19 Jul 2019","-0.681984"
"2019-07-22","22 Jul 2019","-0.682057"
"2019-07-23","23 Jul 2019","-0.689750"
"2019-07-24","24 Jul 2019","-0.685455"
"2019-07-25","25 Jul 2019","-0.680955"
"2019-07-26","26 Jul 2019","-0.681658"
"2019-07-29","29 Jul 2019","-0.687475"
"2019-07-30","30 Jul 2019","-0.687361"
"2019-07-31","31 Jul 2019","-0.698044"
"2019-08-01","01 Aug 2019","-0.696657"
"2019-08-02","02 Aug 2019","-0.711042"
"2019-08-05","05 Aug 2019","-0.724751"
"2019-08-06","06 Aug 2019","-0.732312"
"2019-08-07","07 Aug 2019","-0.753314"
"2019-08-08","08 Aug 2019","-0.746769"
"2019-08-09","09 Aug 2019","-0.767591"
"2019-08-12","12 Aug 2019","-0.769267"
"2019-08-13","13 Aug 2019","-0.765179"
"2019-08-14","14 Aug 2019","-0.780466"
"2019-08-15","15 Aug 2019","-0.791850"
"2019-08-16","16 Aug 2019","-0.802141"
"2019-08-19","19 Aug 2019","-0.795810"
"2019-08-20","20 Aug 2019","-0.813225"
"2019-08-21","21 Aug 2019","-0.794791"
"2019-08-22","22 Aug 2019","-0.786154"
"2019-08-23","23 Aug 2019","-0.804011"
"2019-08-26","26 Aug 2019","-0.812824"
"2019-08-27","27 Aug 2019","-0.816643"
"2019-08-28","28 Aug 2019","-0.825355"
"2019-08-29","29 Aug 2019","-0.832942"
"2019-08-30","30 Aug 2019","-0.854593"
"2019-09-02","02 Sep 2019","-0.831530"
"2019-09-03","03 Sep 2019","-0.823956"
"2019-09-04","04 Sep 2019","-0.812994"
"2019-09-05","05 Sep 2019","-0.818835"
"2019-09-06","06 Sep 2019","-0.808795"
"2019-09-09","09 Sep 2019","-0.779441"
"2019-09-10","10 Sep 2019","-0.762027"
"2019-09-11","11 Sep 2019","-0.765815"
"2019-09-12","12 Sep 2019","-0.743656"
"2019-09-13","13 Sep 2019","-0.683241"
"2019-09-16","16 Sep 2019","-0.683572"
"2019-09-17","17 Sep 2019","-0.673654"
"2019-09-18","18 Sep 2019","-0.697203"
"2019-09-19","19 Sep 2019","-0.672356"
"2019-09-20","20 Sep 2019","-0.683050"
"2019-09-23","23 Sep 2019","-0.686549"
"2019-09-24","24 Sep 2019","-0.686935"
"2019-09-25","25 Sep 2019","-0.688187"
"2019-09-26","26 Sep 2019","-0.706861"
"2019-09-27","27 Sep 2019","-0.710777"
"2019-09-30","30 Sep 2019","-0.720414"
"2019-10-01","01 Oct 2019","-0.718512"
"2019-10-02","02 Oct 2019","-0.721451"
"2019-10-03","03 Oct 2019","-0.732368"
"2019-10-04","04 Oct 2019","-0.705904"
"2019-10-07","07 Oct 2019","-0.698523"
"2019-10-08","08 Oct 2019","-0.686263"
"2019-10-09","09 Oct 2019","-0.695665"
"2019-10-10","10 Oct 2019","-0.669727"
"2019-10-11","11 Oct 2019","-0.659127"
"2019-10-14","14 Oct 2019","-0.647103"
"2019-10-15","15 Oct 2019","-0.648593"
"2019-10-16","16 Oct 2019","-0.642407"
"2019-10-17","17 Oct 2019","-0.645776"
"2019-10-18","18 Oct 2019","-0.647131"
"2019-10-21","21 Oct 2019","-0.629739"
"2019-10-22","22 Oct 2019","-0.636438"
"2019-10-23","23 Oct 2019","-0.638567"
"2019-10-24","24 Oct 2019","-0.655052"
"2019-10-25","25 Oct 2019","-0.664152"
"2019-10-28","28 Oct 2019","-0.674161"
"2019-10-29","29 Oct 2019","-0.671125"
"2019-10-30","30 Oct 2019","-0.658725"
"2019-10-31","31 Oct 2019","-0.679391"
"2019-11-01","01 Nov 2019","-0.659032"
"2019-11-04","04 Nov 2019","-0.629956"
"2019-11-05","05 Nov 2019","-0.624372"
"2019-11-06","06 Nov 2019","-0.615885"
"2019-11-07","07 Nov 2019","-0.633494"
"2019-11-08","08 Nov 2019","-0.636647"
"2019-11-11","11 Nov 2019","-0.612954"
"2019-11-12","12 Nov 2019","-0.616098"
"2019-11-13","13 Nov 2019","-0.619196"
"2019-11-14","14 Nov 2019","-0.637039"
"2019-11-15","15 Nov 2019","-0.644890"
"2019-11-18","18 Nov 2019","-0.614160"
"2019-11-19","19 Nov 2019","-0.622071"
"2019-11-20","20 Nov 2019","-0.630794"
"2019-11-21","21 Nov 2019","-0.638410"
"2019-11-22","22 Nov 2019","-0.621180"
"2019-11-25","25 Nov 2019","-0.631105"
"2019-11-26","26 Nov 2019","-0.638593"
"2019-11-27","27 Nov 2019","-0.635779"
"2019-11-28","28 Nov 2019","-0.627843"
"2019-11-29","29 Nov 2019","-0.620170"
"2019-12-02","02 Dec 2019","-0.625202"
"2019-12-03","03 Dec 2019","-0.660730"
"2019-12-04","04 Dec 2019","-0.662378"
"2019-12-05","05 Dec 2019","-0.649310"
"2019-12-06","06 Dec 2019","-0.658788"
"2019-12-09","09 Dec 2019","-0.654947"
"2019-12-10","10 Dec 2019","-0.663370"
"2019-12-11","11 Dec 2019","-0.662614"
"2019-12-12","12 Dec 2019","-0.663612"
"2019-12-13","13 Dec 2019","-0.660528"
"2019-12-16","16 Dec 2019","-0.661755"
"2019-12-17","17 Dec 2019","-0.668949"
"2019-12-18","18 Dec 2019","-0.674320"
"2019-12-19","19 Dec 2019","-0.678758"
"2019-12-20","20 Dec 2019","-0.665012"
"2019-12-23","23 Dec 2019","-0.685967"
"2019-12-27","27 Dec 2019","-0.685163"
"2019-12-30","30 Dec 2019","-0.676921"
"2020-01-02","02 Jan 2020","-0.629533"
"2020-01-03","03 Jan 2020","-0.610370"
"2020-01-06","06 Jan 2020","-0.614162"
"2020-01-07","07 Jan 2020","-0.620692"
"2020-01-08","08 Jan 2020","-0.612942"
"2020-01-09","09 Jan 2020","-0.605329"
"2020-01-10","10 Jan 2020","-0.603281"
"2020-01-13","13 Jan 2020","-0.584909"
"2020-01-14","14 Jan 2020","-0.593373"
"2020-01-15","15 Jan 2020","-0.595971"
"2020-01-16","16 Jan 2020","-0.600837"
"2020-01-17","17 Jan 2020","-0.598520"
"2020-01-20","20 Jan 2020","-0.579887"
"2020-01-21","21 Jan 2020","-0.578545"
"2020-01-22","22 Jan 2020","-0.585873"
"2020-01-23","23 Jan 2020","-0.598707"
"2020-01-24","24 Jan 2020","-0.598368"
"2020-01-27","27 Jan 2020","-0.591813"
"2020-01-28","28 Jan 2020","-0.596054"
"2020-01-29","29 Jan 2020","-0.610092"
"2020-01-30","30 Jan 2020","-0.616080"
"2020-01-31","31 Jan 2020","-0.630365"
"2020-02-03","03 Feb 2020","-0.627726"
"2020-02-04","04 Feb 2020","-0.618804"
"2020-02-05","05 Feb 2020","-0.617129"
"2020-02-06","06 Feb 2020","-0.609714"
"2020-02-07","07 Feb 2020","-0.616963"
"2020-02-10","10 Feb 2020","-0.614107"
"2020-02-11","11 Feb 2020","-0.619490"
"2020-02-12","12 Feb 2020","-0.618817"
"2020-02-13","13 Feb 2020","-0.624115"
"2020-02-14","14 Feb 2020","-0.622249"
"2020-02-17","17 Feb 2020","-0.613522"
"2020-02-18","18 Feb 2020","-0.605067"
"2020-02-19","19 Feb 2020","-0.608220"
"2020-02-20","20 Feb 2020","-0.601801"
"2020-02-21","21 Feb 2020","-0.607759"
"2020-02-24","24 Feb 2020","-0.636779"
"2020-02-25","25 Feb 2020","-0.642369"
"2020-02-26","26 Feb 2020","-0.658375"
"2020-02-27","27 Feb 2020","-0.689521"
"2020-02-28","28 Feb 2020","-0.697901"
"2020-03-02","02 Mar 2020","-0.703723"
"2020-03-03","03 Mar 2020","-0.677450"
"2020-03-04","04 Mar 2020","-0.702041"
"2020-03-05","05 Mar 2020","-0.720096"
"2020-03-06","06 Mar 2020","-0.738215"
"2020-03-09","09 Mar 2020","-0.827522"
"2020-03-10","10 Mar 2020","-0.792921"
"2020-03-11","11 Mar 2020","-0.825705"
"2020-03-12","12 Mar 2020","-0.855952"
"2020-03-13","13 Mar 2020","-0.828741"
"2020-03-16","16 Mar 2020","-0.851196"
"2020-03-17","17 Mar 2020","-0.822350"
"2020-03-18","18 Mar 2020","-0.791782"
"2020-03-19","19 Mar 2020","-0.740710"
"2020-03-20","20 Mar 2020","-0.711703"
"2020-03-23","23 Mar 2020","-0.682453"
"2020-03-24","24 Mar 2020","-0.642135"
"2020-03-25","25 Mar 2020","-0.642774"
"2020-03-26","26 Mar 2020","-0.652046"
"2020-03-27","27 Mar 2020","-0.704023"
"2020-03-30","30 Mar 2020","-0.688703"
"2020-03-31","31 Mar 2020","-0.695701"
"2020-04-01","01 Apr 2020","-0.646491"
"2020-04-02","02 Apr 2020","-0.645068"
"2020-04-03","03 Apr 2020","-0.655372"
"2020-04-06","06 Apr 2020","-0.614334"
"2020-04-07","07 Apr 2020","-0.610175"
"2020-04-08","08 Apr 2020","-0.611100"
"2020-04-09","09 Apr 2020","-0.610641"
"2020-04-14","14 Apr 2020","-0.610750"
"2020-04-15","15 Apr 2020","-0.625428"
"2020-04-16","16 Apr 2020","-0.630734"
"2020-04-17","17 Apr 2020","-0.615961"
"2020-04-20","20 Apr 2020","-0.580953"
"2020-04-21","21 Apr 2020","-0.585941"
"2020-04-22","22 Apr 2020","-0.587071"
"2020-04-23","23 Apr 2020","-0.577923"
"2020-04-24","24 Apr 2020","-0.569984"
"2020-04-27","27 Apr 2020","-0.553471"
"2020-04-28","28 Apr 2020","-0.566407"
"2020-04-29","29 Apr 2020","-0.586901"
"2020-04-30","30 Apr 2020","-0.559150"
"2020-05-04","04 May 2020","-0.560086"
"2020-05-05","05 May 2020","-0.570414"
"2020-05-06","06 May 2020","-0.573786"
"2020-05-07","07 May 2020","-0.573629"
"2020-05-08","08 May 2020","-0.570767"
"2020-05-11","11 May 2020","-0.562826"
"2020-05-12","12 May 2020","-0.563821"
"2020-05-13","13 May 2020","-0.566786"
"2020-05-14","14 May 2020","-0.596296"
"2020-05-15","15 May 2020","-0.583744"
"2020-05-18","18 May 2020","-0.590479"
"2020-05-19","19 May 2020","-0.572475"
"2020-05-20","20 May 2020","-0.580197"
"2020-05-21","21 May 2020","-0.577076"
"2020-05-22","22 May 2020","-0.596157"
"2020-05-25","25 May 2020","-0.581058"
"2020-05-26","26 May 2020","-0.581576"
"2020-05-27","27 May 2020","-0.584795"
"2020-05-28","28 May 2020","-0.572884"
"2020-05-29","29 May 2020","-0.579263"
"2020-06-01","01 Jun 2020","-0.587796"
"2020-06-02","02 Jun 2020","-0.579892"
"2020-06-03","03 Jun 2020","-0.574449"
"2020-06-04","04 Jun 2020","-0.582617"
"2020-06-05","05 Jun 2020","-0.576906"
"2020-06-08","08 Jun 2020","-0.563156"
"2020-06-09","09 Jun 2020","-0.562828"
"2020-06-10","10 Jun 2020","-0.558771"
"2020-06-11","11 Jun 2020","-0.564902"
"2020-06-12","12 Jun 2020","-0.568588"
"2020-06-15","15 Jun 2020","-0.567591"
"2020-06-16","16 Jun 2020","-0.566476"
"2020-06-17","17 Jun 2020","-0.560532"
"2020-06-18","18 Jun 2020","-0.570630"
"2020-06-19","19 Jun 2020","-0.580830"
"2020-06-22","22 Jun 2020","-0.580878"
"2020-06-23","23 Jun 2020","-0.582925"
"2020-06-24","24 Jun 2020","-0.587039"
"2020-06-25","25 Jun 2020","-0.606322"
"2020-06-26","26 Jun 2020","-0.608113"
"2020-06-29","29 Jun 2020","-0.598704"
"2020-06-30","30 Jun 2020","-0.595367"
"2020-07-01","01 Jul 2020","-0.593377"
"2020-07-02","02 Jul 2020","-0.599051"
"2020-07-03","03 Jul 2020","-0.599953"
"2020-07-06","06 Jul 2020","-0.597814"
"2020-07-07","07 Jul 2020","-0.594673"
"2020-07-08","08 Jul 2020","-0.590900"
"2020-07-09","09 Jul 2020","-0.594720"
"2020-07-10","10 Jul 2020","-0.604514"
"2020-07-13","13 Jul 2020","-0.604594"
"2020-07-14","14 Jul 2020","-0.604044"
"2020-07-15","15 Jul 2020","-0.607375"
"2020-07-16","16 Jul 2020","-0.612910"
"2020-07-17","17 Jul 2020","-0.609666"
"2020-07-20","20 Jul 2020","-0.607073"
"2020-07-21","21 Jul 2020","-0.600652"
"2020-07-22","22 Jul 2020","-0.602834"
"2020-07-23","23 Jul 2020","-0.602260"
"2020-07-24","24 Jul 2020","-0.604490"
"2020-07-27","27 Jul 2020","-0.602347"
"2020-07-28","28 Jul 2020","-0.592092"
"2020-07-29","29 Jul 2020","-0.597590"
"2020-07-30","30 Jul 2020","-0.602795"
"2020-07-31","31 Jul 2020","-0.606341"
"2020-08-03","03 Aug 2020","-0.608626"
"2020-08-04","04 Aug 2020","-0.608228"
"2020-08-05","05 Aug 2020","-0.608858"
"2020-08-06","06 Aug 2020","-0.607842"
"2020-08-07","07 Aug 2020","-0.605536"
"2020-08-10","10 Aug 2020","-0.596175"
"2020-08-11","11 Aug 2020","-0.593945"
"2020-08-12","12 Aug 2020","-0.595924"
"2020-08-13","13 Aug 2020","-0.596266"
"2020-08-14","14 Aug 2020","-0.596574"
"2020-08-17","17 Aug 2020","-0.587336"
"2020-08-18","18 Aug 2020","-0.593193"
"2020-08-19","19 Aug 2020","-0.594891"
"2020-08-20","20 Aug 2020","-0.606554"
"2020-08-21","21 Aug 2020","-0.608568"
"2020-08-24","24 Aug 2020","-0.596191"
"2020-08-25","25 Aug 2020","-0.590694"
"2020-08-26","26 Aug 2020","-0.593393"
"2020-08-27","27 Aug 2020","-0.603181"
"2020-08-28","28 Aug 2020","-0.609657"
"2020-08-31","31 Aug 2020","-0.596764"
"2020-09-01","01 Sep 2020","-0.599578"
"2020-09-02","02 Sep 2020","-0.611918"
"2020-09-03","03 Sep 2020","-0.617006"
"2020-09-04","04 Sep 2020","-0.617205"
"2020-09-07","07 Sep 2020","-0.619489"
"2020-09-08","08 Sep 2020","-0.607936"
"2020-09-09","09 Sep 2020","-0.613933"
"2020-09-10","10 Sep 2020","-0.619934"
"2020-09-11","11 Sep 2020","-0.613885"
"2020-09-14","14 Sep 2020","-0.606134"
"2020-09-15","15 Sep 2020","-0.600393"
"2020-09-16","16 Sep 2020","-0.602924"
"2020-09-17","17 Sep 2020","-0.609459"
"2020-09-18","18 Sep 2020","-0.604008"
"2020-09-21","21 Sep 2020","-0.602302"
"2020-09-22","22 Sep 2020","-0.609210"
"2020-09-23","23 Sep 2020","-0.608301"
"2020-09-24","24 Sep 2020","-0.620763"
"2020-09-25","25 Sep 2020","-0.622277"
"2020-09-28","28 Sep 2020","-0.617218"
"2020-09-29","29 Sep 2020","-0.621941"
"2020-09-30","30 Sep 2020","-0.625442"
"2020-10-01","01 Oct 2020","-0.627842"
"2020-10-02","02 Oct 2020","-0.634463"
"2020-10-05","05 Oct 2020","-0.635509"
"2020-10-06","06 Oct 2020","-0.638621"
"2020-10-07","07 Oct 2020","-0.636566"
"2020-10-08","08 Oct 2020","-0.647993"
"2020-10-09","09 Oct 2020","-0.644407"
"2020-10-12","12 Oct 2020","-0.650578"
"2020-10-13","13 Oct 2020","-0.672936"
"2020-10-14","14 Oct 2020","-0.680972"
"2020-10-15","15 Oct 2020","-0.695254"
"2020-10-16","16 Oct 2020","-0.702905"
"2020-10-19","19 Oct 2020","-0.715887"
"2020-10-20","20 Oct 2020","-0.719730"
"2020-10-21","21 Oct 2020","-0.717095"
"2020-10-22","22 Oct 2020","-0.719683"
"2020-10-23","23 Oct 2020","-0.713273"
"2020-10-26","26 Oct 2020","-0.717081"
"2020-10-27","27 Oct 2020","-0.728988"
"2020-10-28","28 Oct 2020","-0.731678"
"2020-10-29","29 Oct 2020","-0.723994"
"2020-10-30","30 Oct 2020","-0.723237"
"2020-11-02","02 Nov 2020","-0.730359"
"2020-11-03","03 Nov 2020","-0.724632"
"2020-11-04","04 Nov 2020","-0.730722"
"2020-11-05","05 Nov 2020","-0.734174"
"2020-11-06","06 Nov 2020","-0.730628"
"2020-11-09","09 Nov 2020","-0.700446"
"2020-11-10","10 Nov 2020","-0.696155"
"2020-11-11","11 Nov 2020","-0.695417"
"2020-11-12","12 Nov 2020","-0.696152"
"2020-11-13","13 Nov 2020","-0.700748"
"2020-11-16","16 Nov 2020","-0.681844"
"2020-11-17","17 Nov 2020","-0.688343"
"2020-11-18","18 Nov 2020","-0.693217"
"2020-11-19","19 Nov 2020","-0.679109"
"2020-11-20","20 Nov 2020","-0.699991"
"2020-11-23","23 Nov 2020","-0.702698"
"2020-11-24","24 Nov 2020","-0.709849"
"2020-11-25","25 Nov 2020","-0.711893"
"2020-11-26","26 Nov 2020","-0.718238"
"2020-11-27","27 Nov 2020","-0.717503"
"2020-11-30","30 Nov 2020","-0.715235"
"2020-12-01","01 Dec 2020","-0.710655"
"2020-12-02","02 Dec 2020","-0.714724"
"2020-12-03","03 Dec 2020","-0.722061"
"2020-12-04","04 Dec 2020","-0.728762"
"2020-12-07","07 Dec 2020","-0.738070"
"2020-12-08","08 Dec 2020","-0.740748"
"2020-12-09","09 Dec 2020","-0.752090"
"2020-12-10","10 Dec 2020","-0.749307"
"2020-12-11","11 Dec 2020","-0.756146"
"2020-12-14","14 Dec 2020","-0.759430"
"2020-12-15","15 Dec 2020","-0.759722"
"2020-12-16","16 Dec 2020","-0.749994"
"2020-12-17","17 Dec 2020","-0.758130"
"2020-12-18","18 Dec 2020","-0.747209"
"2020-12-21","21 Dec 2020","-0.754104"
"2020-12-22","22 Dec 2020","-0.754036"
"2020-12-23","23 Dec 2020","-0.749933"
"2020-12-28","28 Dec 2020","-0.760521"
"2020-12-29","29 Dec 2020","-0.743762"
"2020-12-30","30 Dec 2020","-0.751721"
"2021-01-04","04 Jan 2021","-0.649335"
"2021-01-05","05 Jan 2021","-0.652927"
"2021-01-06","06 Jan 2021","-0.650537"
"2021-01-07","07 Jan 2021","-0.658769"
"2021-01-08","08 Jan 2021","-0.665196"
"2021-01-11","11 Jan 2021","-0.650237"
"2021-01-12","12 Jan 2021","-0.647865"
"2021-01-13","13 Jan 2021","-0.651491"
"2021-01-14","14 Jan 2021","-0.654533"
"2021-01-15","15 Jan 2021","-0.643050"
"2021-01-18","18 Jan 2021","-0.645979"
"2021-01-19","19 Jan 2021","-0.643451"
"2021-01-20","20 Jan 2021","-0.644956"
"2021-01-21","21 Jan 2021","-0.646272"
"2021-01-22","22 Jan 2021","-0.640818"
"2021-01-25","25 Jan 2021","-0.643629"
"2021-01-26","26 Jan 2021","-0.645158"
"2021-01-27","27 Jan 2021","-0.653426"
"2021-01-28","28 Jan 2021","-0.655412"
"2021-01-29","29 Jan 2021","-0.653105"
"2021-02-01","01 Feb 2021","-0.651118"
"2021-02-02","02 Feb 2021","-0.651116"
"2021-02-03","03 Feb 2021","-0.643478"
"2021-02-04","04 Feb 2021","-0.645863"
"2021-02-05","05 Feb 2021","-0.638306"
"2021-02-08","08 Feb 2021","-0.646948"
"2021-02-09","09 Feb 2021","-0.644209"
"2021-02-10","10 Feb 2021","-0.644817"
"2021-02-11","11 Feb 2021","-0.640718"
"2021-02-12","12 Feb 2021","-0.644385"
"2021-02-15","15 Feb 2021","-0.645055"
"2021-02-16","16 Feb 2021","-0.640118"
"2021-02-17","17 Feb 2021","-0.636502"
"2021-02-18","18 Feb 2021","-0.635331"
"2021-02-19","19 Feb 2021","-0.637551"
"2021-02-22","22 Feb 2021","-0.634768"
"2021-02-23","23 Feb 2021","-0.637373"
"2021-02-24","24 Feb 2021","-0.639339"
"2021-02-25","25 Feb 2021","-0.632667"
"2021-02-26","26 Feb 2021","-0.629363"
"2021-03-01","01 Mar 2021","-0.635227"
"2021-03-02","02 Mar 2021","-0.630602"
"2021-03-03","03 Mar 2021","-0.629964"
"2021-03-04","04 Mar 2021","-0.640791"
"2021-03-05","05 Mar 2021","-0.636396"
"2021-03-08","08 Mar 2021","-0.631872"
"2021-03-09","09 Mar 2021","-0.635225"
"2021-03-10","10 Mar 2021","-0.629593"
"2021-03-11","11 Mar 2021","-0.629485"
"2021-03-12","12 Mar 2021","-0.628085"
"2021-03-15","15 Mar 2021","-0.626699"
"2021-03-16","16 Mar 2021","-0.631826"
"2021-03-17","17 Mar 2021","-0.631738"
"2021-03-18","18 Mar 2021","-0.633857"
"2021-03-19","19 Mar 2021","-0.640182"
"2021-03-22","22 Mar 2021","-0.643055"
"2021-03-23","23 Mar 2021","-0.640791"
"2021-03-24","24 Mar 2021","-0.642405"
"2021-03-25","25 Mar 2021","-0.652081"
"2021-03-26","26 Mar 2021","-0.654424"
"2021-03-29","29 Mar 2021","-0.656223"
"2021-03-30","30 Mar 2021","-0.642173"
"2021-03-31","31 Mar 2021","-0.659210"
"2021-04-01","01 Apr 2021","-0.655777"
"2021-04-06","06 Apr 2021","-0.652720"
"2021-04-07","07 Apr 2021","-0.657964"
"2021-04-08","08 Apr 2021","-0.665254"
"2021-04-09","09 Apr 2021","-0.655727"
"2021-04-12","12 Apr 2021","-0.658159"
"2021-04-13","13 Apr 2021","-0.656329"
"2021-04-14","14 Apr 2021","-0.660651"
"2021-04-15","15 Apr 2021","-0.665605"
"2021-04-16","16 Apr 2021","-0.662780"
"2021-04-19","19 Apr 2021","-0.653154"
"2021-04-20","20 Apr 2021","-0.648356"
"2021-04-21","21 Apr 2021","-0.650958"
"2021-04-22","22 Apr 2021","-0.657646"
"2021-04-23","23 Apr 2021","-0.660726"
"2021-04-26","26 Apr 2021","-0.651408"
"2021-04-27","27 Apr 2021","-0.656033"
"2021-04-28","28 Apr 2021","-0.662380"
"2021-04-29","29 Apr 2021","-0.654173"
"2021-04-30","30 Apr 2021","-0.650751"
"2021-05-03","03 May 2021","-0.648560"
"2021-05-04","04 May 2021","-0.646341"
"2021-05-05","05 May 2021","-0.645582"
"2021-05-06","06 May 2021","-0.650864"
"2021-05-07","07 May 2021","-0.646782"
"2021-05-10","10 May 2021","-0.645448"
"2021-05-11","11 May 2021","-0.647820"
"2021-05-12","12 May 2021","-0.647562"
"2021-05-13","13 May 2021","-0.657922"
"2021-05-14","14 May 2021","-0.651680"
"2021-05-17","17 May 2021","-0.650719"
"2021-05-18","18 May 2021","-0.653888"
"2021-05-19","19 May 2021","-0.650123"
"2021-05-20","20 May 2021","-0.652234"
"2021-05-21","21 May 2021","-0.650322"
"2021-05-24","24 May 2021","-0.647484"
"2021-05-25","25 May 2021","-0.646850"
"2021-05-26","26 May 2021","-0.648531"
"2021-05-27","27 May 2021","-0.652519"
"2021-05-28","28 May 2021","-0.648716"
"2021-05-31","31 May 2021","-0.652024"
"2021-06-01","01 Jun 2021","-0.654173"
"2021-06-02","02 Jun 2021","-0.657847"
"2021-06-03","03 Jun 2021","-0.660526"
"2021-06-04","04 Jun 2021","-0.661383"
"2021-06-07","07 Jun 2021","-0.651724"
"2021-06-08","08 Jun 2021","-0.656449"
"2021-06-09","09 Jun 2021","-0.668940"
"2021-06-10","10 Jun 2021","-0.664630"
"2021-06-11","11 Jun 2021","-0.667781"
"2021-06-14","14 Jun 2021","-0.663979"
"2021-06-15","15 Jun 2021","-0.664457"
"2021-06-16","16 Jun 2021","-0.665052"
"2021-06-17","17 Jun 2021","-0.666247"
"2021-06-18","18 Jun 2021","-0.667468"
"2021-06-21","21 Jun 2021","-0.660991"
"2021-06-22","22 Jun 2021","-0.666404"
"2021-06-23","23 Jun 2021","-0.664461"
"2021-06-24","24 Jun 2021","-0.666069"
"2021-06-25","25 Jun 2021","-0.672519"
"2021-06-28","28 Jun 2021","-0.665277"
"2021-06-29","29 Jun 2021","-0.667935"
"2021-06-30","30 Jun 2021","-0.666835"
"2021-07-01","01 Jul 2021","-0.668876"
"2021-07-02","02 Jul 2021","-0.666397"
"2021-07-05","05 Jul 2021","-0.669276"
"2021-07-06","06 Jul 2021","-0.663290"
"2021-07-07","07 Jul 2021","-0.669850"
"2021-07-08","08 Jul 2021","-0.673408"
"2021-07-09","09 Jul 2021","-0.670489"
"2021-07-12","12 Jul 2021","-0.662826"
"2021-07-13","13 Jul 2021","-0.669871"
"2021-07-14","14 Jul 2021","-0.665242"
"2021-07-15","15 Jul 2021","-0.672656"
"2021-07-16","16 Jul 2021","-0.673030"
"2021-07-19","19 Jul 2021","-0.669838"
"2021-07-20","20 Jul 2021","-0.680636"
"2021-07-21","21 Jul 2021","-0.684862"
"2021-07-22","22 Jul 2021","-0.689433"
"2021-07-23","23 Jul 2021","-0.697286"
"2021-07-26","26 Jul 2021","-0.692231"
"2021-07-27","27 Jul 2021","-0.696647"
"2021-07-28","28 Jul 2021","-0.688681"
"2021-07-29","29 Jul 2021","-0.691888"
"2021-07-30","30 Jul 2021","-0.695633"
"2021-08-02","02 Aug 2021","-0.687966"
"2021-08-03","03 Aug 2021","-0.685110"
"2021-08-04","04 Aug 2021","-0.685330"
"2021-08-05","05 Aug 2021","-0.691394"
"2021-08-06","06 Aug 2021","-0.681786"
"2021-08-09","09 Aug 2021","-0.678081"
"2021-08-10","10 Aug 2021","-0.672228"
"2021-08-11","11 Aug 2021","-0.686569"
"2021-08-12","12 Aug 2021","-0.691344"
"2021-08-13","13 Aug 2021","-0.690775"
"2021-08-16","16 Aug 2021","-0.678418"
"2021-08-17","17 Aug 2021","-0.691313"
"2021-08-18","18 Aug 2021","-0.697641"
"2021-08-19","19 Aug 2021","-0.698442"
"2021-08-20","20 Aug 2021","-0.702313"
"2021-08-23","23 Aug 2021","-0.694814"
"2021-08-24","24 Aug 2021","-0.694027"
"2021-08-25","25 Aug 2021","-0.690976"
"2021-08-26","26 Aug 2021","-0.697932"
"2021-08-27","27 Aug 2021","-0.692865"
"2021-08-30","30 Aug 2021","-0.689056"
"2021-08-31","31 Aug 2021","-0.699047"
"2021-09-01","01 Sep 2021","-0.693916"
"2021-09-02","02 Sep 2021","-0.698227"
"2021-09-03","03 Sep 2021","-0.690372"
"2021-09-06","06 Sep 2021","-0.698093"
"2021-09-07","07 Sep 2021","-0.697001"
"2021-09-08","08 Sep 2021","-0.689147"
"2021-09-09","09 Sep 2021","-0.694581"
"2021-09-10","10 Sep 2021","-0.694885"
"2021-09-13","13 Sep 2021","-0.698407"
"2021-09-14","14 Sep 2021","-0.703381"
"2021-09-15","15 Sep 2021","-0.706533"
"2021-09-16","16 Sep 2021","-0.693031"
"2021-09-17","17 Sep 2021","-0.691893"
"2021-09-20","20 Sep 2021","-0.700688"
"2021-09-21","21 Sep 2021","-0.697028"
"2021-09-22","22 Sep 2021","-0.696364"
"2021-09-23","23 Sep 2021","-0.710172"
"2021-09-24","24 Sep 2021","-0.700538"
"2021-09-27","27 Sep 2021","-0.710863"
"2021-09-28","28 Sep 2021","-0.715872"
"2021-09-29","29 Sep 2021","-0.711941"
"2021-09-30","30 Sep 2021","-0.722560"
"2021-10-01","01 Oct 2021","-0.724115"
"2021-10-04","04 Oct 2021","-0.724371"
"2021-10-05","05 Oct 2021","-0.717628"
"2021-10-06","06 Oct 2021","-0.714831"
"2021-10-07","07 Oct 2021","-0.720117"
"2021-10-08","08 Oct 2021","-0.720351"
"2021-10-11","11 Oct 2021","-0.716420"
"2021-10-12","12 Oct 2021","-0.719752"
"2021-10-13","13 Oct 2021","-0.722639"
"2021-10-14","14 Oct 2021","-0.724523"
"2021-10-15","15 Oct 2021","-0.726154"
"2021-10-18","18 Oct 2021","-0.708291"
"2021-10-19","19 Oct 2021","-0.715689"
"2021-10-20","20 Oct 2021","-0.711191"
"2021-10-21","21 Oct 2021","-0.721913"
"2021-10-22","22 Oct 2021","-0.718846"
"2021-10-25","25 Oct 2021","-0.725684"
"2021-10-26","26 Oct 2021","-0.732552"
"2021-10-27","27 Oct 2021","-0.737564"
"2021-10-28","28 Oct 2021","-0.735131"
"2021-10-29","29 Oct 2021","-0.723798"
"2021-11-01","01 Nov 2021","-0.727385"
"2021-11-02","02 Nov 2021","-0.754216"
"2021-11-03","03 Nov 2021","-0.755123"
"2021-11-04","04 Nov 2021","-0.792680"
"2021-11-05","05 Nov 2021","-0.787180"
"2021-11-08","08 Nov 2021","-0.775919"
"2021-11-09","09 Nov 2021","-0.801421"
"2021-11-10","10 Nov 2021","-0.822152"
"2021-11-11","11 Nov 2021","-0.821855"
"2021-11-12","12 Nov 2021","-0.852935"
"2021-11-15","15 Nov 2021","-0.836373"
"2021-11-16","16 Nov 2021","-0.869883"
"2021-11-17","17 Nov 2021","-0.863122"
"2021-11-18","18 Nov 2021","-0.884520"
"2021-11-19","19 Nov 2021","-0.883845"
"2021-11-22","22 Nov 2021","-0.880926"
"2021-11-23","23 Nov 2021","-0.895392"
"2021-11-24","24 Nov 2021","-0.893750"
"2021-11-25","25 Nov 2021","-0.885558"
"2021-11-26","26 Nov 2021","-0.892958"
"2021-11-29","29 Nov 2021","-0.869341"
"2021-11-30","30 Nov 2021","-0.878527"
"2021-12-01","01 Dec 2021","-0.878524"
"2021-12-02","02 Dec 2021","-0.888241"
"2021-12-03","03 Dec 2021","-0.856837"
"2021-12-06","06 Dec 2021","-0.829452"
"2021-12-07","07 Dec 2021","-0.818314"
"2021-12-08","08 Dec 2021","-0.813843"
"2021-12-09","09 Dec 2021","-0.797585"
"2021-12-10","10 Dec 2021","-0.775440"
"2021-12-13","13 Dec 2021","-0.763444"
"2021-12-15","15 Dec 2021","-0.745554"
"2021-12-16","16 Dec 2021","-0.760199"
"2021-12-17","17 Dec 2021","-0.769957"
"2021-12-20","20 Dec 2021","-0.773014"
"2021-12-21","21 Dec 2021","-0.767396"
"2021-12-22","22 Dec 2021","-0.773606"
"2021-12-23","23 Dec 2021","-0.750966"
"2021-12-24","24 Dec 2021","-0.756512"
"2021-12-27","27 Dec 2021","-0.735370"
"2021-12-28","28 Dec 2021","-0.730055"
"2021-12-29","29 Dec 2021","-0.737675"
"2021-12-30","30 Dec 2021","-0.724885"
"2021-12-31","31 Dec 2021","-0.728904"
"2022-01-03","03 Jan 2022","-0.692796"
"2022-01-04","04 Jan 2022","-0.673637"
"2022-01-05","05 Jan 2022","-0.674176"
"2022-01-06","06 Jan 2022","-0.673985"
"2022-01-07","07 Jan 2022","-0.669978"
"2022-01-10","10 Jan 2022","-0.668037"
"2022-01-11","11 Jan 2022","-0.659221"
"2022-01-12","12 Jan 2022","-0.664727"
"2022-01-13","13 Jan 2022","-0.680947"
"2022-01-14","14 Jan 2022","-0.678831"
"2022-01-17","17 Jan 2022","-0.687670"
"2022-01-18","18 Jan 2022","-0.704714"
"2022-01-19","19 Jan 2022","-0.704425"
"2022-01-20","20 Jan 2022","-0.718539"
"2022-01-21","21 Jan 2022","-0.680627"
"2022-01-24","24 Jan 2022","-0.709470"
"2022-01-25","25 Jan 2022","-0.717101"
"2022-01-26","26 Jan 2022","-0.742547"
"2022-01-27","27 Jan 2022","-0.729880"
"2022-01-28","28 Jan 2022","-0.719757"
"2022-01-31","31 Jan 2022","-0.690971"
"2022-02-01","01 Feb 2022","-0.695460"
"2022-02-02","02 Feb 2022","-0.692400"
"2022-02-03","03 Feb 2022","-0.671413"
"2022-02-04","04 Feb 2022","-0.665102"
"2022-02-07","07 Feb 2022","-0.661402"
"2022-02-08","08 Feb 2022","-0.665326"
"2022-02-09","09 Feb 2022","-0.670819"
"2022-02-10","10 Feb 2022","-0.682401"
"2022-02-11","11 Feb 2022","-0.678805"
"2022-02-14","14 Feb 2022","-0.695598"
"2022-02-15","15 Feb 2022","-0.683649"
"2022-02-16","16 Feb 2022","-0.683329"
"2022-02-17","17 Feb 2022","-0.690516"
"2022-02-18","18 Feb 2022","-0.704167"
"2022-02-21","21 Feb 2022","-0.701798"
"2022-02-22","22 Feb 2022","-0.674493"
"2022-02-23","23 Feb 2022","-0.679742"
"2022-02-24","24 Feb 2022","-0.716332"
"2022-02-25","25 Feb 2022","-0.689107"
"2022-02-28","28 Feb 2022","-0.726406"
"2022-03-01","01 Mar 2022","-0.744416"
"2022-03-02","02 Mar 2022","-0.729028"
"2022-03-03","03 Mar 2022","-0.725742"
"2022-03-04","04 Mar 2022","-0.752960"
"2022-03-07","07 Mar 2022","-0.754227"
"2022-03-08","08 Mar 2022","-0.743762"
"2022-03-09","09 Mar 2022","-0.719848"
"2022-03-10","10 Mar 2022","-0.718220"
"2022-03-11","11 Mar 2022","-0.685537"
"2022-03-14","14 Mar 2022","-0.680052"
"2022-03-15","15 Mar 2022","-0.691956"
"2022-03-16","16 Mar 2022","-0.688712"
"2022-03-17","17 Mar 2022","-0.705487"
"2022-03-18","18 Mar 2022","-0.712021"
"2022-03-21","21 Mar 2022","-0.680529"
"2022-03-22","22 Mar 2022","-0.682217"
"2022-03-23","23 Mar 2022","-0.690600"
"2022-03-24","24 Mar 2022","-0.703107"
"2022-03-25","25 Mar 2022","-0.706704"
"2022-03-28","28 Mar 2022","-0.711523"
"2022-03-29","29 Mar 2022","-0.671283"
"2022-03-30","30 Mar 2022","-0.675577"
"2022-03-31","31 Mar 2022","-0.680474"
"2022-04-01","01 Apr 2022","-0.680699"
"2022-04-04","04 Apr 2022","-0.647137"
"2022-04-05","05 Apr 2022","-0.644965"
"2022-04-06","06 Apr 2022","-0.645795"
"2022-04-07","07 Apr 2022","-0.651125"
"2022-04-08","08 Apr 2022","-0.652225"
"2022-04-11","11 Apr 2022","-0.630986"
"2022-04-12","12 Apr 2022","-0.645781"
"2022-04-13","13 Apr 2022","-0.605751"
"2022-04-14","14 Apr 2022","-0.633064"
"2022-04-19","19 Apr 2022","-0.617967"
"2022-04-20","20 Apr 2022","-0.604048"
"2022-04-21","21 Apr 2022","-0.599091"
"2022-04-22","22 Apr 2022","-0.594794"
"2022-04-25","25 Apr 2022","-0.555160"
"2022-04-26","26 Apr 2022","-0.563692"
"2022-04-27","27 Apr 2022","-0.546584"
"2022-04-28","28 Apr 2022","-0.555854"
"2022-04-29","29 Apr 2022","-0.525271"
"2022-05-02","02 May 2022","-0.500293"
"2022-05-03","03 May 2022","-0.522471"
"2022-05-04","04 May 2022","-0.529417"
"2022-05-05","05 May 2022","-0.523172"
"2022-05-06","06 May 2022","-0.504798"
"2022-05-09","09 May 2022","-0.446915"
"2022-05-10","10 May 2022","-0.457089"
"2022-05-11","11 May 2022","-0.448885"
"2022-05-12","12 May 2022","-0.434618"
"2022-05-13","13 May 2022","-0.408910"
"2022-05-16","16 May 2022","-0.401071"
"2022-05-17","17 May 2022","-0.413090"
"2022-05-18","18 May 2022","-0.424492"
"2022-05-19","19 May 2022","-0.424315"
"2022-05-20","20 May 2022","-0.392905"
"2022-05-23","23 May 2022","-0.375892"
"2022-05-24","24 May 2022","-0.376655"
"2022-05-25","25 May 2022","-0.361192"
"2022-05-26","26 May 2022","-0.345352"
"2022-05-27","27 May 2022","-0.315458"
"2022-05-30","30 May 2022","-0.301487"
"2022-05-31","31 May 2022","-0.305143"
"2022-06-01","01 Jun 2022","-0.258812"
"2022-06-02","02 Jun 2022","-0.288452"
"2022-06-03","03 Jun 2022","-0.284431"
"2022-06-06","06 Jun 2022","-0.237256"
"2022-06-07","07 Jun 2022","-0.243674"
"2022-06-08","08 Jun 2022","-0.266117"
"2022-06-09","09 Jun 2022","-0.250059"
"2022-06-10","10 Jun 2022","-0.291946"
"2022-06-13","13 Jun 2022","-0.203917"
"2022-06-14","14 Jun 2022","-0.169176"
"2022-06-15","15 Jun 2022","-0.169650"
"2022-06-16","16 Jun 2022","-0.052324"
"2022-06-17","17 Jun 2022","-0.089021"
"2022-06-20","20 Jun 2022","-0.035368"
"2022-06-21","21 Jun 2022","-0.068615"
"2022-06-22","22 Jun 2022","-0.048326"
"2022-06-23","23 Jun 2022","-0.132882"
"2022-06-24","24 Jun 2022","-0.082605"
"2022-06-27","27 Jun 2022","-0.087533"
"2022-06-28","28 Jun 2022","-0.077373"
"2022-06-29","29 Jun 2022","-0.053779"
"2022-06-30","30 Jun 2022","-0.086789"
"2022-07-01","01 Jul 2022","-0.096744"
"2022-07-04","04 Jul 2022","-0.079904"
"2022-07-05","05 Jul 2022","-0.119914"
"2022-07-06","06 Jul 2022","-0.126986"
"2022-07-07","07 Jul 2022","-0.109272"
"2022-07-08","08 Jul 2022","-0.086626"
"2022-07-11","11 Jul 2022","-0.074004"
"2022-07-12","12 Jul 2022","-0.107952"
"2022-07-13","13 Jul 2022","-0.071178"
"2022-07-14","14 Jul 2022","0.002262"
"2022-07-15","15 Jul 2022","-0.048450"
"2022-07-18","18 Jul 2022","-0.036223"
"2022-07-19","19 Jul 2022","-0.005285"
"2022-07-20","20 Jul 2022","-0.016472"
"2022-07-21","21 Jul 2022","0.097055"
"2022-07-22","22 Jul 2022","0.034351"
"2022-07-25","25 Jul 2022","0.080125"
"2022-07-26","26 Jul 2022","0.070503"
"2022-07-27","27 Jul 2022","0.103163"
"2022-07-28","28 Jul 2022","0.072816"
"2022-07-29","29 Jul 2022","0.089762"
"2022-08-01","01 Aug 2022","0.105168"
"2022-08-02","02 Aug 2022","0.083718"
"2022-08-03","03 Aug 2022","0.108956"
"2022-08-04","04 Aug 2022","0.130814"
"2022-08-05","05 Aug 2022","0.152987"
"2022-08-08","08 Aug 2022","0.149386"
"2022-08-09","09 Aug 2022","0.175839"
"2022-08-10","10 Aug 2022","0.155970"
"2022-08-11","11 Aug 2022","0.172492"
"2022-08-12","12 Aug 2022","0.171431"
"2022-08-15","15 Aug 2022","0.177800"
"2022-08-16","16 Aug 2022","0.193395"
"2022-08-17","17 Aug 2022","0.237699"
"2022-08-18","18 Aug 2022","0.262499"
"2022-08-19","19 Aug 2022","0.326956"
"2022-08-22","22 Aug 2022","0.217766"
"2022-08-23","23 Aug 2022","0.195540"
"2022-08-24","24 Aug 2022","0.156645"
"2022-08-25","25 Aug 2022","0.132455"
"2022-08-26","26 Aug 2022","0.128557"
"2022-08-29","29 Aug 2022","0.164751"
"2022-08-30","30 Aug 2022","0.191506"
"2022-08-31","31 Aug 2022","0.181182"
"2022-09-01","01 Sep 2022","0.211542"
"2022-09-02","02 Sep 2022","0.196630"
"2022-09-05","05 Sep 2022","0.225826"
"2022-09-06","06 Sep 2022","0.243379"
"2022-09-07","07 Sep 2022","0.327769"
"2022-09-08","08 Sep 2022","0.440653"
"2022-09-09","09 Sep 2022","0.508764"
"2022-09-12","12 Sep 2022","0.674887"
"2022-09-13","13 Sep 2022","0.692749"
"2022-09-14","14 Sep 2022","0.703534"
"2022-09-15","15 Sep 2022","0.741184"
"2022-09-16","16 Sep 2022","0.845344"
"2022-09-19","19 Sep 2022","1.004077"
"2022-09-20","20 Sep 2022","1.046097"
"2022-09-21","21 Sep 2022","1.061249"
"2022-09-22","22 Sep 2022","1.161781"
"2022-09-23","23 Sep 2022","1.165515"
"2022-09-26","26 Sep 2022","1.218258"
"2022-09-27","27 Sep 2022","1.176506"
"2022-09-28","28 Sep 2022","1.158372"
"2022-09-29","29 Sep 2022","1.176934"
"2022-09-30","30 Sep 2022","1.184852"
"2022-10-03","03 Oct 2022","1.197303"
"2022-10-04","04 Oct 2022","1.121038"
"2022-10-05","05 Oct 2022","1.179393"
"2022-10-06","06 Oct 2022","1.148206"
"2022-10-07","07 Oct 2022","1.169566"
"2022-10-10","10 Oct 2022","1.213271"
"2022-10-11","11 Oct 2022","1.224671"
"2022-10-12","12 Oct 2022","1.261139"
"2022-10-13","13 Oct 2022","1.294158"
"2022-10-14","14 Oct 2022","1.326504"
"2022-10-17","17 Oct 2022","1.412723"
"2022-10-18","18 Oct 2022","1.361078"
"2022-10-19","19 Oct 2022","1.356781"
"2022-10-20","20 Oct 2022","1.384628"
"2022-10-21","21 Oct 2022","1.394362"
"2022-10-24","24 Oct 2022","1.392918"
"2022-10-25","25 Oct 2022","1.374119"
"2022-10-26","26 Oct 2022","1.455180"
"2022-10-27","27 Oct 2022","1.529858"
"2022-10-28","28 Oct 2022","1.559784"
"2022-10-31","31 Oct 2022","1.585635"
"2022-11-01","01 Nov 2022","1.616271"
"2022-11-02","02 Nov 2022","1.629839"
"2022-11-03","03 Nov 2022","1.648451"
"2022-11-04","04 Nov 2022","1.721590"
"2022-11-07","07 Nov 2022","1.732343"
"2022-11-08","08 Nov 2022","1.748991"
"2022-11-09","09 Nov 2022","1.748991"
"2022-11-10","10 Nov 2022","1.797619"
"2022-11-11","11 Nov 2022","1.833207"
"2022-11-14","14 Nov 2022","1.892643"
"2022-11-15","15 Nov 2022","1.850806"
"2022-11-16","16 Nov 2022","1.780156"
"2022-11-17","17 Nov 2022","1.773997"
"2022-11-18","18 Nov 2022","1.782499"
"2022-11-21","21 Nov 2022","1.746901"
"2022-11-22","22 Nov 2022","1.712634"
"2022-11-23","23 Nov 2022","1.729943"
"2022-11-24","24 Nov 2022","1.753476"
"2022-11-25","25 Nov 2022","1.837515"
"2022-11-28","28 Nov 2022","1.804316"
"2022-11-29","29 Nov 2022","1.752173"
"2022-11-30","30 Nov 2022","1.773294"
"2022-12-01","01 Dec 2022","1.782438"
"2022-12-02","02 Dec 2022","1.760262"
"2022-12-05","05 Dec 2022","1.762681"
"2022-12-06","06 Dec 2022","1.762986"
"2022-12-07","07 Dec 2022","1.757956"
"2022-12-08","08 Dec 2022","1.810591"
"2022-12-09","09 Dec 2022","1.889386"
"2022-12-12","12 Dec 2022","1.927251"
"2022-12-13","13 Dec 2022","1.904978"
"2022-12-14","14 Dec 2022","1.901243"
"2022-12-15","15 Dec 2022","1.999189"
"2022-12-16","16 Dec 2022","1.964031"
"2022-12-19","19 Dec 2022","1.971405"
"2022-12-20","20 Dec 2022","1.972342"
"2022-12-21","21 Dec 2022","2.024245"
"2022-12-22","22 Dec 2022","2.079063"
"2022-12-23","23 Dec 2022","2.058004"
"2022-12-27","27 Dec 2022","2.089131"
"2022-12-28","28 Dec 2022","2.090595"
"2022-12-29","29 Dec 2022","2.104636"
"2022-12-30","30 Dec 2022","2.092719"
"2023-01-02","02 Jan 2023","2.180629"
"2023-01-03","03 Jan 2023","2.284315"
"2023-01-04","04 Jan 2023","2.379350"
"2023-01-05","05 Jan 2023","2.421620"
"2023-01-06","06 Jan 2023","2.429728"
"2023-01-09","09 Jan 2023","2.476794"
"2023-01-10","10 Jan 2023","2.448526"
"2023-01-11","11 Jan 2023","2.466600"
"2023-01-12","12 Jan 2023","2.459167"
"2023-01-13","13 Jan 2023","2.464881"
"2023-01-16","16 Jan 2023","2.409239"
"2023-01-17","17 Jan 2023","2.448163"
"2023-01-18","18 Jan 2023","2.412737"
"2023-01-19","19 Jan 2023","2.474326"
"2023-01-20","20 Jan 2023","2.517222"
"2023-01-23","23 Jan 2023","2.497335"
"2023-01-24","24 Jan 2023","2.452807"
"2023-01-25","25 Jan 2023","2.481280"
"2023-01-26","26 Jan 2023","2.499494"
"2023-01-27","27 Jan 2023","2.513778"
"2023-01-30","30 Jan 2023","2.537293"
"2023-01-31","31 Jan 2023","2.526772"
"2023-02-01","01 Feb 2023","2.552846"
"2023-02-02","02 Feb 2023","2.554012"
"2023-02-03","03 Feb 2023","2.567886"
"2023-02-06","06 Feb 2023","2.566615"
"2023-02-07","07 Feb 2023","2.545243"
"2023-02-08","08 Feb 2023","2.620689"
"2023-02-09","09 Feb 2023","2.666702"
"2023-02-10","10 Feb 2023","2.711810"
"2023-02-13","13 Feb 2023","2.766294"
"2023-02-14","14 Feb 2023","2.811101"
"2023-02-15","15 Feb 2023","2.824729"
"2023-02-16","16 Feb 2023","2.817211"
"2023-02-17","17 Feb 2023","2.831844"
"2023-02-20","20 Feb 2023","2.882410"
"2023-02-21","21 Feb 2023","2.853225"
"2023-02-22","22 Feb 2023","2.864409"
"2023-02-23","23 Feb 2023","2.913226"
"2023-02-24","24 Feb 2023","2.940295"
"2023-02-27","27 Feb 2023","2.959428"
"2023-02-28","28 Feb 2023","2.952997"
"2023-03-01","01 Mar 2023","2.985629"
"2023-03-02","02 Mar 2023","3.032755"
"2023-03-03","03 Mar 2023","3.056964"
"2023-03-06","06 Mar 2023","3.009685"
"2023-03-07","07 Mar 2023","3.073237"
"2023-03-08","08 Mar 2023","3.069115"
"2023-03-09","09 Mar 2023","3.078369"
"2023-03-10","10 Mar 2023","3.050594"
"2023-03-13","13 Mar 2023","2.742517"
"2023-03-14","14 Mar 2023","2.825578"
"2023-03-15","15 Mar 2023","2.605157"
"2023-03-16","16 Mar 2023","2.699405"
"2023-03-17","17 Mar 2023","2.658023"
"2023-03-20","20 Mar 2023","2.625888"
"2023-03-21","21 Mar 2023","2.755735"
"2023-03-22","22 Mar 2023","2.839285"
"2023-03-23","23 Mar 2023","2.798265"
"2023-03-24","24 Mar 2023","2.774672"
"2023-03-27","27 Mar 2023","2.777628"
"2023-03-28","28 Mar 2023","2.772524"
"2023-03-29","29 Mar 2023","2.771221"
"2023-03-30","30 Mar 2023","2.804424"
"2023-03-31","31 Mar 2023","2.811718"
"2023-04-03","03 Apr 2023","2.833540"
"2023-04-04","04 Apr 2023","2.849011"
"2023-04-05","05 Apr 2023","2.844897"
"2023-04-06","06 Apr 2023","2.811223"
"2023-04-11","11 Apr 2023","2.868012"
"2023-04-12","12 Apr 2023","2.889500"
"2023-04-13","13 Apr 2023","2.925592"
"2023-04-14","14 Apr 2023","2.981348"
"2023-04-17","17 Apr 2023","3.011531"
"2023-04-18","18 Apr 2023","3.022439"
"2023-04-19","19 Apr 2023","2.997084"
"2023-04-20","20 Apr 2023","3.039865"
"2023-04-21","21 Apr 2023","3.033987"
"2023-04-24","24 Apr 2023","3.053131"
"2023-04-25","25 Apr 2023","3.026636"
"2023-04-26","26 Apr 2023","3.017761"
"2023-04-27","27 Apr 2023","2.982101"
"2023-04-28","28 Apr 2023","2.970593"
"2023-05-02","02 May 2023","2.999416"
"2023-05-03","03 May 2023","2.992000"
"2023-05-04","04 May 2023","2.997585"
"2023-05-05","05 May 2023","2.998323"
"2023-05-08","08 May 2023","3.016372"
"2023-05-09","09 May 2023","3.021803"
"2023-05-10","10 May 2023","3.003912"
"2023-05-11","11 May 2023","3.027182"
"2023-05-12","12 May 2023","3.052114"
"2023-05-15","15 May 2023","3.025770"
"2023-05-16","16 May 2023","3.015357"
"2023-05-17","17 May 2023","3.051833"
"2023-05-18","18 May 2023","3.082158"
"2023-05-19","19 May 2023","3.100887"
"2023-05-22","22 May 2023","3.041613"
"2023-05-23","23 May 2023","3.066285"
"2023-05-24","24 May 2023","3.077776"
"2023-05-25","25 May 2023","3.140815"
"2023-05-26","26 May 2023","3.124847"
"2023-05-29","29 May 2023","3.097663"
"2023-05-30","30 May 2023","3.103220"
"2023-05-31","31 May 2023","3.130865"
"2023-06-01","01 Jun 2023","3.119042"
"2023-06-02","02 Jun 2023","3.195202"
"2023-06-05","05 Jun 2023","3.223242"
"2023-06-06","06 Jun 2023","3.247609"
"2023-06-07","07 Jun 2023","3.236372"
"2023-06-08","08 Jun 2023","3.247127"
"2023-06-09","09 Jun 2023","3.286508"
"2023-06-12","12 Jun 2023","3.261649"
"2023-06-13","13 Jun 2023","3.301262"
"2023-06-14","14 Jun 2023","3.310736"
"2023-06-15","15 Jun 2023","3.371636"
"2023-06-16","16 Jun 2023","3.398504"
"2023-06-19","19 Jun 2023","3.374549"
"2023-06-20","20 Jun 2023","3.376325"
"2023-06-21","21 Jun 2023","3.410412"
"2023-06-22","22 Jun 2023","3.442818"
"2023-06-23","23 Jun 2023","3.422346"
"2023-06-26","26 Jun 2023","3.432676"
"2023-06-27","27 Jun 2023","3.451084"
"2023-06-28","28 Jun 2023","3.448511"
"2023-06-29","29 Jun 2023","3.480061"
"2023-06-30","30 Jun 2023","3.486382"
"2023-07-03","03 Jul 2023","3.490017"
"2023-07-04","04 Jul 2023","3.497660"
"2023-07-05","05 Jul 2023","3.511486"
"2023-07-06","06 Jul 2023","3.538424"
"2023-07-07","07 Jul 2023","3.498849"
"2023-07-10","10 Jul 2023","3.529718"
"2023-07-11","11 Jul 2023","3.536897"
"2023-07-12","12 Jul 2023","3.531100"
"2023-07-13","13 Jul 2023","3.518540"
"2023-07-14","14 Jul 2023","3.551311"
"2023-07-17","17 Jul 2023","3.563613"
"2023-07-18","18 Jul 2023","3.549724"
"2023-07-19","19 Jul 2023","3.517201"
"2023-07-20","20 Jul 2023","3.534462"
"2023-07-21","21 Jul 2023","3.529985"
"2023-07-24","24 Jul 2023","3.522924"
"2023-07-25","25 Jul 2023","3.534667"
"2023-07-26","26 Jul 2023","3.503391"
"2023-07-27","27 Jul 2023","3.494335"
"2023-07-28","28 Jul 2023","3.505507"
"2023-07-31","31 Jul 2023","3.531396"
"2023-08-01","01 Aug 2023","3.535690"
"2023-08-02","02 Aug 2023","3.517826"
"2023-08-03","03 Aug 2023","3.502609"
"2023-08-04","04 Aug 2023","3.494138"
"2023-08-07","07 Aug 2023","3.489072"
"2023-08-08","08 Aug 2023","3.450925"
"2023-08-09","09 Aug 2023","3.464992"
"2023-08-10","10 Aug 2023","3.455727"
"2023-08-11","11 Aug 2023","3.471154"
"2023-08-14","14 Aug 2023","3.483118"
"2023-08-15","15 Aug 2023","3.501400"
"2023-08-16","16 Aug 2023","3.493993"
"2023-08-17","17 Aug 2023","3.479438"
"2023-08-18","18 Aug 2023","3.534216"
"2023-08-21","21 Aug 2023","3.479643"
"2023-08-22","22 Aug 2023","3.526469"
"2023-08-23","23 Aug 2023","3.529285"
"2023-08-24","24 Aug 2023","3.487517"
"2023-08-25","25 Aug 2023","3.500538"
"2023-08-28","28 Aug 2023","3.537837"
"2023-08-29","29 Aug 2023","3.539072"
"2023-08-30","30 Aug 2023","3.541825"
"2023-08-31","31 Aug 2023","3.517301"
"2023-09-01","01 Sep 2023","3.493680"
"2023-09-04","04 Sep 2023","3.542321"
"2023-09-05","05 Sep 2023","3.535197"
"2023-09-06","06 Sep 2023","3.550602"
"2023-09-07","07 Sep 2023","3.549321"
"2023-09-08","08 Sep 2023","3.555786"
"2023-09-11","11 Sep 2023","3.571926"
"2023-09-12","12 Sep 2023","3.607421"
"2023-09-13","13 Sep 2023","3.635613"
"2023-09-14","14 Sep 2023","3.695444"
"2023-09-15","15 Sep 2023","3.692097"
"2023-09-18","18 Sep 2023","3.698689"
"2023-09-19","19 Sep 2023","3.701797"
"2023-09-20","20 Sep 2023","3.694956"
"2023-09-21","21 Sep 2023","3.743835"
"2023-09-22","22 Sep 2023","3.692500"
"2023-09-25","25 Sep 2023","3.696822"
"2023-09-26","26 Sep 2023","3.685046"
"2023-09-27","27 Sep 2023","3.681706"
"2023-09-28","28 Sep 2023","3.685620"
"2023-09-29","29 Sep 2023","3.673319"
"2023-10-02","02 Oct 2023","3.683436"
"2023-10-03","03 Oct 2023","3.681496"
"2023-10-04","04 Oct 2023","3.678703"
"2023-10-05","05 Oct 2023","3.675041"
"2023-10-06","06 Oct 2023","3.678407"
"2023-10-09","09 Oct 2023","3.656111"
"2023-10-10","10 Oct 2023","3.681173"
"2023-10-11","11 Oct 2023","3.691606"
"2023-10-12","12 Oct 2023","3.693200"
"2023-10-13","13 Oct 2023","3.684181"
"2023-10-16","16 Oct 2023","3.686124"
"2023-10-17","17 Oct 2023","3.694168"
"2023-10-18","18 Oct 2023","3.704966"
"2023-10-19","19 Oct 2023","3.693930"
"2023-10-20","20 Oct 2023","3.671419"
"2023-10-23","23 Oct 2023","3.683667"
"2023-10-24","24 Oct 2023","3.689574"
"2023-10-25","25 Oct 2023","3.690259"
"2023-10-26","26 Oct 2023","3.670523"
"2023-10-27","27 Oct 2023","3.664596"
"2023-10-30","30 Oct 2023","3.661021"
"2023-10-31","31 Oct 2023","3.670634"
"2023-11-01","01 Nov 2023","3.660705"
"2023-11-02","02 Nov 2023","3.655311"
"2023-11-03","03 Nov 2023","3.664021"
"2023-11-06","06 Nov 2023","3.676929"
"2023-11-07","07 Nov 2023","3.679092"
"2023-11-08","08 Nov 2023","3.686621"
"2023-11-09","09 Nov 2023","3.690606"
"2023-11-10","10 Nov 2023","3.711205"
"2023-11-13","13 Nov 2023","3.682769"
"2023-11-14","14 Nov 2023","3.654140"
"2023-11-15","15 Nov 2023","3.668582"
"2023-11-16","16 Nov 2023","3.671246"
"2023-11-17","17 Nov 2023","3.660114"
"2023-11-20","20 Nov 2023","3.666605"
"2023-11-21","21 Nov 2023","3.646394"
"2023-11-22","22 Nov 2023","3.644578"
"2023-11-23","23 Nov 2023","3.644951"
"2023-11-24","24 Nov 2023","3.629903"
"2023-11-27","27 Nov 2023","3.647730"
"2023-11-28","28 Nov 2023","3.618973"
"2023-11-29","29 Nov 2023","3.599208"
"2023-11-30","30 Nov 2023","3.596225"
"2023-12-01","01 Dec 2023","3.530503"
"2023-12-04","04 Dec 2023","3.543283"
"2023-12-05","05 Dec 2023","3.528751"
"2023-12-06","06 Dec 2023","3.469754"
"2023-12-07","07 Dec 2023","3.470448"
"2023-12-08","08 Dec 2023","3.501966"
"2023-12-11","11 Dec 2023","3.522000"
"2023-12-12","12 Dec 2023","3.533106"
"2023-12-13","13 Dec 2023","3.552498"
"2023-12-14","14 Dec 2023","3.502769"
"2023-12-15","15 Dec 2023","3.522902"
"2023-12-18","18 Dec 2023","3.532518"
"2023-12-19","19 Dec 2023","3.504460"
"2023-12-20","20 Dec 2023","3.500899"
"2023-12-21","21 Dec 2023","3.483226"
"2023-12-22","22 Dec 2023","3.470864"
"2023-12-27","27 Dec 2023","3.475562"
"2023-12-28","28 Dec 2023","3.500330"
"2023-12-29","29 Dec 2023","3.503666"
"2024-01-02","02 Jan 2024","3.496265"
"2024-01-03","03 Jan 2024","3.527261"
"2024-01-04","04 Jan 2024","3.537217"
"2024-01-05","05 Jan 2024","3.591129"
"2024-01-08","08 Jan 2024","3.582424"
"2024-01-09","09 Jan 2024","3.578322"
"2024-01-10","10 Jan 2024","3.609857"
"2024-01-11","11 Jan 2024","3.567186"
"2024-01-12","12 Jan 2024","3.555553"
"2024-01-15","15 Jan 2024","3.561797"
"2024-01-16","16 Jan 2024","3.574131"
"2024-01-17","17 Jan 2024","3.644133"
"2024-01-18","18 Jan 2024","3.623519"
"2024-01-19","19 Jan 2024","3.601172"
"2024-01-22","22 Jan 2024","3.642026"
"2024-01-23","23 Jan 2024","3.639104"
"2024-01-24","24 Jan 2024","3.631904"
"2024-01-25","25 Jan 2024","3.566522"
"2024-01-26","26 Jan 2024","3.591469"
"2024-01-29","29 Jan 2024","3.577046"
"2024-01-30","30 Jan 2024","3.548411"
"2024-01-31","31 Jan 2024","3.516334"
"2024-02-01","01 Feb 2024","3.516939"
"2024-02-02","02 Feb 2024","3.585195"
"2024-02-05","05 Feb 2024","3.599865"
"2024-02-06","06 Feb 2024","3.585598"
"2024-02-07","07 Feb 2024","3.582612"
"2024-02-08","08 Feb 2024","3.592281"
"2024-02-09","09 Feb 2024","3.596161"
"2024-02-12","12 Feb 2024","3.621996"
"2024-02-13","13 Feb 2024","3.625057"
"2024-02-14","14 Feb 2024","3.636750"
"2024-02-15","15 Feb 2024","3.623448"
"2024-02-16","16 Feb 2024","3.642280"
"2024-02-19","19 Feb 2024","3.645141"
"2024-02-20","20 Feb 2024","3.620031"
"2024-02-21","21 Feb 2024","3.632495"
"2024-02-22","22 Feb 2024","3.652919"
"2024-02-23","23 Feb 2024","3.644674"
"2024-02-26","26 Feb 2024","3.663879"
"2024-02-27","27 Feb 2024","3.652828"
"2024-02-28","28 Feb 2024","3.647585"
"2024-02-29","29 Feb 2024","3.641072"
"2024-03-01","01 Mar 2024","3.644425"
"2024-03-04","04 Mar 2024","3.636536"
"2024-03-05","05 Mar 2024","3.611346"
"2024-03-06","06 Mar 2024","3.614231"
"2024-03-07","07 Mar 2024","3.619804"
"2024-03-08","08 Mar 2024","3.587111"
"2024-03-11","11 Mar 2024","3.597693"
"2024-03-12","12 Mar 2024","3.627204"
"2024-03-13","13 Mar 2024","3.628025"
"2024-03-14","14 Mar 2024","3.634722"
"2024-03-15","15 Mar 2024","3.655691"
"2024-03-18","18 Mar 2024","3.648065"
"2024-03-19","19 Mar 2024","3.641252"
"2024-03-20","20 Mar 2024","3.646271"
"2024-03-21","21 Mar 2024","3.643597"
"2024-03-22","22 Mar 2024","3.587084"
"2024-03-25","25 Mar 2024","3.582881"
"2024-03-26","26 Mar 2024","3.579159"
"2024-03-27","27 Mar 2024","3.568662"
"2024-03-28","28 Mar 2024","3.582271"
"2024-04-02","02 Apr 2024","3.568049"
"2024-04-03","03 Apr 2024","3.592068"
"2024-04-04","04 Apr 2024","3.590949"
"2024-04-05","05 Apr 2024","3.595910"
"2024-04-08","08 Apr 2024","3.574150"
"2024-04-09","09 Apr 2024","3.601991"
"2024-04-10","10 Apr 2024","3.617131"
"2024-04-11","11 Apr 2024","3.610716"
"2024-04-12","12 Apr 2024","3.572849"
"2024-04-15","15 Apr 2024","3.534568"
"2024-04-16","16 Apr 2024","3.549181"
"2024-04-17","17 Apr 2024","3.561847"
"2024-04-18","18 Apr 2024","3.557003"
"2024-04-19","19 Apr 2024","3.567711"
"2024-04-22","22 Apr 2024","3.553355"
"2024-04-23","23 Apr 2024","3.536881"
"2024-04-24","24 Apr 2024","3.553351"
"2024-04-25","25 Apr 2024","3.581810"
"2024-04-26","26 Apr 2024","3.563231"
"2024-04-29","29 Apr 2024","3.548007"
"2024-04-30","30 Apr 2024","3.597846"
"2024-05-02","02 May 2024","3.579710"
"2024-05-03","03 May 2024","3.525138"
"2024-05-06","06 May 2024","3.544632"
"2024-05-07","07 May 2024","3.536540"
"2024-05-08","08 May 2024","3.534530"
"2024-05-09","09 May 2024","3.536474"
"2024-05-10","10 May 2024","3.551177"
"2024-05-13","13 May 2024","3.542593"
"2024-05-14","14 May 2024","3.539071"
"2024-05-15","15 May 2024","3.533329"
"2024-05-16","16 May 2024","3.521313"
"2024-05-17","17 May 2024","3.542391"
"2024-05-20","20 May 2024","3.518309"
"2024-05-21","21 May 2024","3.512446"
"2024-05-22","22 May 2024","3.544875"
"2024-05-23","23 May 2024","3.521496"
"2024-05-24","24 May 2024","3.560842"
"2024-05-27","27 May 2024","3.515085"
"2024-05-28","28 May 2024","3.500283"
"2024-05-29","29 May 2024","3.542326"
"2024-05-30","30 May 2024","3.529344"
"2024-05-31","31 May 2024","3.549974"
"2024-06-03","03 Jun 2024","3.513123"
"2024-06-04","04 Jun 2024","3.470518"
"2024-06-05","05 Jun 2024","3.503648"
"2024-06-06","06 Jun 2024","3.483262"
"2024-06-07","07 Jun 2024","3.516415"
"2024-06-10","10 Jun 2024","3.508546"
"2024-06-11","11 Jun 2024","3.461846"
"2024-06-12","12 Jun 2024","3.459969"
"2024-06-13","13 Jun 2024","3.421097"
"2024-06-14","14 Jun 2024","3.340589"
"2024-06-17","17 Jun 2024","3.335328"
"2024-06-18","18 Jun 2024","3.343172"
"2024-06-19","19 Jun 2024","3.362468"
"2024-06-20","20 Jun 2024","3.328136"
"2024-06-21","21 Jun 2024","3.295049"
"2024-06-24","24 Jun 2024","3.332393"
"2024-06-25","25 Jun 2024","3.330604"
"2024-06-26","26 Jun 2024","3.319853"
"2024-06-27","27 Jun 2024","3.311599"
"2024-06-28","28 Jun 2024","3.299284"
"2024-07-01","01 Jul 2024","3.330563"
"2024-07-02","02 Jul 2024","3.343710"
"2024-07-03","03 Jul 2024","3.369579"
"2024-07-04","04 Jul 2024","3.348964"
"2024-07-05","05 Jul 2024","3.332659"
"2024-07-08","08 Jul 2024","3.315713"
"2024-07-09","09 Jul 2024","3.329254"
"2024-07-10","10 Jul 2024","3.344166"
"2024-07-11","11 Jul 2024","3.301912"
"2024-07-12","12 Jul 2024","3.341609"
"2024-07-15","15 Jul 2024","3.279544"
"2024-07-16","16 Jul 2024","3.287780"
"2024-07-17","17 Jul 2024","3.299133"
"2024-07-18","18 Jul 2024","3.293615"
"2024-07-19","19 Jul 2024","3.294564"
"2024-07-22","22 Jul 2024","3.288158"
"2024-07-23","23 Jul 2024","3.304953"
"2024-07-24","24 Jul 2024","3.285220"
"2024-07-25","25 Jul 2024","3.284032"
"2024-07-26","26 Jul 2024","3.254980"
"2024-07-29","29 Jul 2024","3.210886"
"2024-07-30","30 Jul 2024","3.177002"
"2024-07-31","31 Jul 2024","3.154906"
"2024-08-01","01 Aug 2024","3.162053"
"2024-08-02","02 Aug 2024","3.078175"
"2024-08-05","05 Aug 2024","3.032939"
"2024-08-06","06 Aug 2024","3.103197"
"2024-08-07","07 Aug 2024","3.139755"
"2024-08-08","08 Aug 2024","3.137303"
"2024-08-09","09 Aug 2024","3.136461"
"2024-08-12","12 Aug 2024","3.143050"
"2024-08-13","13 Aug 2024","3.121814"
"2024-08-14","14 Aug 2024","3.128799"
"2024-08-15","15 Aug 2024","3.142316"
"2024-08-16","16 Aug 2024","3.121903"
"2024-08-19","19 Aug 2024","3.125812"
"2024-08-20","20 Aug 2024","3.112144"
"2024-08-21","21 Aug 2024","3.089876"
"2024-08-22","22 Aug 2024","3.071043"
"2024-08-23","23 Aug 2024","3.082056"
"2024-08-26","26 Aug 2024","3.083988"
"2024-08-27","27 Aug 2024","3.091056"
"2024-08-28","28 Aug 2024","3.063462"
"2024-08-29","29 Aug 2024","3.041668"
"2024-08-30","30 Aug 2024","3.056212"
"2024-09-02","02 Sep 2024","3.070333"
"2024-09-03","03 Sep 2024","3.087556"
"2024-09-04","04 Sep 2024","3.088246"
"2024-09-05","05 Sep 2024","3.053445"
"2024-09-06","06 Sep 2024","3.046920"
"2024-09-09","09 Sep 2024","3.046047"
"2024-09-10","10 Sep 2024","3.044532"
"2024-09-11","11 Sep 2024","3.049275"
"2024-09-12","12 Sep 2024","3.039436"
"2024-09-13","13 Sep 2024","3.030422"
"2024-09-16","16 Sep 2024","3.025999"
"2024-09-17","17 Sep 2024","3.004749"
"2024-09-18","18 Sep 2024","3.011765"
"2024-09-19","19 Sep 2024","2.986750"
"2024-09-20","20 Sep 2024","3.006091"
"2024-09-23","23 Sep 2024","2.971153"
"2024-09-24","24 Sep 2024","2.940167"
"2024-09-25","25 Sep 2024","2.917138"
"2024-09-26","26 Sep 2024","2.875929"
"2024-09-27","27 Sep 2024","2.851985"
"2024-09-30","30 Sep 2024","2.834693"
"2024-10-01","01 Oct 2024","2.809125"
"2024-10-02","02 Oct 2024","2.813084"
"2024-10-03","03 Oct 2024","2.827448"
"2024-10-04","04 Oct 2024","2.833029"
"2024-10-07","07 Oct 2024","2.816053"
"2024-10-08","08 Oct 2024","2.826464"
"2024-10-09","09 Oct 2024","2.826440"
"2024-10-10","10 Oct 2024","2.824281"
"2024-10-11","11 Oct 2024","2.820826"
"2024-10-14","14 Oct 2024","2.807588"
"2024-10-15","15 Oct 2024","2.822351"
"2024-10-16","16 Oct 2024","2.807316"
"2024-10-17","17 Oct 2024","2.790746"
"2024-10-18","18 Oct 2024","2.744861"
"2024-10-21","21 Oct 2024","2.745412"
"2024-10-22","22 Oct 2024","2.705442"
"2024-10-23","23 Oct 2024","2.673661"
"2024-10-24","24 Oct 2024","2.670537"
"2024-10-25","25 Oct 2024","2.683044"
"2024-10-28","28 Oct 2024","2.650393"
"2024-10-29","29 Oct 2024","2.633087"
"2024-10-30","30 Oct 2024","2.659508"
"2024-10-31","31 Oct 2024","2.713882"
"2024-11-01","01 Nov 2024","2.666486"
"2024-11-04","04 Nov 2024","2.690175"
"2024-11-05","05 Nov 2024","2.707504"
"2024-11-06","06 Nov 2024","2.638518"
"2024-11-07","07 Nov 2024","2.653649"
"2024-11-08","08 Nov 2024","2.655878"
"2024-11-11","11 Nov 2024","2.677395"
"2024-11-12","12 Nov 2024","2.668684"
"2024-11-13","13 Nov 2024","2.678547"
"2024-11-14","14 Nov 2024","2.637783"
"2024-11-15","15 Nov 2024","2.635951"
"2024-11-18","18 Nov 2024","2.668301"
"2024-11-19","19 Nov 2024","2.631690"
"2024-11-20","20 Nov 2024","2.631776"
"2024-11-21","21 Nov 2024","2.616575"
"2024-11-22","22 Nov 2024","2.538080"
"2024-11-25","25 Nov 2024","2.537056"
"2024-11-26","26 Nov 2024","2.531338"
"2024-11-27","27 Nov 2024","2.547969"
"2024-11-28","28 Nov 2024","2.523385"
"2024-11-29","29 Nov 2024","2.495848"
"2024-12-02","02 Dec 2024","2.491374"
"2024-12-03","03 Dec 2024","2.463444"
"2024-12-04","04 Dec 2024","2.484196"
"2024-12-05","05 Dec 2024","2.509332"
"2024-12-06","06 Dec 2024","2.490124"
"2024-12-09","09 Dec 2024","2.469652"
"2024-12-10","10 Dec 2024","2.428752"
"2024-12-11","11 Dec 2024","2.412591"
"2024-12-12","12 Dec 2024","2.394935"
"2024-12-13","13 Dec 2024","2.423821"
"2024-12-16","16 Dec 2024","2.373906"
"2024-12-17","17 Dec 2024","2.369735"
"2024-12-18","18 Dec 2024","2.415686"
"2024-12-19","19 Dec 2024","2.434560"
"2024-12-20","20 Dec 2024","2.426582"
"2024-12-23","23 Dec 2024","2.447799"
"2024-12-24","24 Dec 2024","2.467880"
"2024-12-27","27 Dec 2024","2.445128"
"2024-12-30","30 Dec 2024","2.401606"
"2025-01-02","02 Jan 2025","2.425927"
"2025-01-03","03 Jan 2025","2.438770"
"2025-01-06","06 Jan 2025","2.502272"
"2025-01-07","07 Jan 2025","2.497428"
"2025-01-08","08 Jan 2025","2.558065"
"2025-01-09","09 Jan 2025","2.536812"
"2025-01-10","10 Jan 2025","2.528345"
"2025-01-13","13 Jan 2025","2.541135"
"2025-01-14","14 Jan 2025","2.517301"
"2025-01-15","15 Jan 2025","2.493635"
"2025-01-16","16 Jan 2025","2.494026"
"2025-01-17","17 Jan 2025","2.494952"
"2025-01-20","20 Jan 2025","2.482274"
"2025-01-21","21 Jan 2025","2.460968"
"2025-01-22","22 Jan 2025","2.460968"
"2025-01-23","23 Jan 2025","2.407086"
"2025-01-24","24 Jan 2025","2.440818"
"2025-01-27","27 Jan 2025","2.422927"
"2025-01-28","28 Jan 2025","2.415412"
"2025-01-29","29 Jan 2025","2.414961"
"2025-01-30","30 Jan 2025","2.326975"
"2025-01-31","31 Jan 2025","2.325184"
"2025-02-03","03 Feb 2025","2.275786"
"2025-02-04","04 Feb 2025","2.263225"
"2025-02-05","05 Feb 2025","2.262571"
"2025-02-06","06 Feb 2025","2.263615"
"2025-02-07","07 Feb 2025","2.280757"
"2025-02-10","10 Feb 2025","2.259428"
"2025-02-11","11 Feb 2025","2.271277"
"2025-02-12","12 Feb 2025","2.287423"
"2025-02-13","13 Feb 2025","2.277231"
"2025-02-14","14 Feb 2025","2.278935"
"2025-02-17","17 Feb 2025","2.264002"
"2025-02-18","18 Feb 2025","2.253533"
"2025-02-19","19 Feb 2025","2.260284"
"2025-02-20","20 Feb 2025","2.224810"
"2025-02-21","21 Feb 2025","2.211504"
"2025-02-24","24 Feb 2025","2.208882"
"2025-02-25","25 Feb 2025","2.205114"
"2025-02-26","26 Feb 2025","2.186328"
"2025-02-27","27 Feb 2025","2.186473"
"2025-02-28","28 Feb 2025","2.164103"
"2025-03-03","03 Mar 2025","2.207667"
"2025-03-04","04 Mar 2025","2.197556"
"2025-03-05","05 Mar 2025","2.222229"
"2025-03-06","06 Mar 2025","2.247472"
"2025-03-07","07 Mar 2025","2.238775"
"2025-03-10","10 Mar 2025","2.245754"
"2025-03-11","11 Mar 2025","2.250988"
"2025-03-12","12 Mar 2025","2.249955"
"2025-03-13","13 Mar 2025","2.227909"
"2025-03-14","14 Mar 2025","2.237439"
"2025-03-17","17 Mar 2025","2.202602"
"2025-03-18","18 Mar 2025","2.189639"
"2025-03-19","19 Mar 2025","2.204854"
"2025-03-20","20 Mar 2025","2.170649"
"2025-03-21","21 Mar 2025","2.181518"
"2025-03-24","24 Mar 2025","2.163533"
"2025-03-25","25 Mar 2025","2.164677"
"2025-03-26","26 Mar 2025","2.150408"
"2025-03-27","27 Mar 2025","2.135730"
"2025-03-28","28 Mar 2025","2.128331"
"2025-03-31","31 Mar 2025","2.116845"
"2025-04-01","01 Apr 2025","2.148110"
"2025-04-02","02 Apr 2025","2.137595"
"2025-04-03","03 Apr 2025","2.129906"
"2025-04-04","04 Apr 2025","2.088007"
"2025-04-07","07 Apr 2025","2.065690"
"2025-04-08","08 Apr 2025","2.065831"
"2025-04-09","09 Apr 2025","1.985753"
"2025-04-10","10 Apr 2025","2.034229"
"2025-04-11","11 Apr 2025","1.875316"
"2025-04-14","14 Apr 2025","1.924700"
"2025-04-15","15 Apr 2025","1.863133"
"2025-04-16","16 Apr 2025","1.864612"
"2025-04-17","17 Apr 2025","1.854912"
"2025-04-22","22 Apr 2025","1.858667"
"2025-04-23","23 Apr 2025","1.863283"
"2025-04-24","24 Apr 2025","1.850625"
"2025-04-25","25 Apr 2025","1.923425"
"2025-04-28","28 Apr 2025","1.891179"
"2025-04-29","29 Apr 2025","1.874456"
"2025-04-30","30 Apr 2025","1.822004"
"2025-05-02","02 May 2025","1.851261"
"2025-05-05","05 May 2025","1.851999"
"2025-05-06","06 May 2025","1.876058"
"2025-05-07","07 May 2025","1.878000"
"2025-05-08","08 May 2025","1.889920"
"2025-05-09","09 May 2025","1.891745"
"2025-05-12","12 May 2025","1.925418"
"2025-05-13","13 May 2025","1.913091"
"2025-05-14","14 May 2025","1.930850"
"2025-05-15","15 May 2025","1.945551"
"2025-05-16","16 May 2025","1.907636"
"2025-05-19","19 May 2025","1.916727"
"2025-05-20","20 May 2025","1.884026"
"2025-05-21","21 May 2025","1.890789"
"2025-05-22","22 May 2025","1.900732"
"2025-05-23","23 May 2025","1.872592"
"2025-05-26","26 May 2025","1.829141"
"2025-05-27","27 May 2025","1.820346"
"2025-05-28","28 May 2025","1.855190"
"2025-05-29","29 May 2025","1.827082"
"2025-05-30","30 May 2025","1.825113"
"2025-06-02","02 Jun 2025","1.855739"
"2025-06-03","03 Jun 2025","1.839683"
"2025-06-04","04 Jun 2025","1.817791"
"2025-06-05","05 Jun 2025","1.802324"
"2025-06-06","06 Jun 2025","1.850097"
"2025-06-09","09 Jun 2025","1.845640"
"2025-06-10","10 Jun 2025","1.839498"
"2025-06-11","11 Jun 2025","1.816231"
"2025-06-12","12 Jun 2025","1.814724"
"2025-06-13","13 Jun 2025","1.821133"
"2025-06-16","16 Jun 2025","1.824534"
"2025-06-17","17 Jun 2025","1.818711"
"2025-06-18","18 Jun 2025","1.819427"
"2025-06-19","19 Jun 2025","1.816506"
"2025-06-20","20 Jun 2025","1.826164"
"2025-06-23","23 Jun 2025","1.859502"
"2025-06-24","24 Jun 2025","1.861404"
"2025-06-25","25 Jun 2025","1.837958"
"2025-06-26","26 Jun 2025","1.828293"
"2025-06-27","27 Jun 2025","1.842563"
"2025-06-30","30 Jun 2025","1.840363"
"2025-07-01","01 Jul 2025","1.829201"
"2025-07-02","02 Jul 2025","1.836335"
"2025-07-03","03 Jul 2025","1.815427"
"2025-07-04","04 Jul 2025","1.828018"
"2025-07-07","07 Jul 2025","1.821283"
"2025-07-08","08 Jul 2025","1.829648"
"2025-07-09","09 Jul 2025","1.819974"
"2025-07-10","10 Jul 2025","1.813338"
"2025-07-11","11 Jul 2025","1.838533"
"2025-07-14","14 Jul 2025","1.807431"
"2025-07-15","15 Jul 2025","1.811048"
"2025-07-16","16 Jul 2025","1.824990"
"2025-07-17","17 Jul 2025","1.802657"
"2025-07-18","18 Jul 2025","1.808315"
"2025-07-21","21 Jul 2025","1.808582"
"2025-07-22","22 Jul 2025","1.820274"
"2025-07-23","23 Jul 2025","1.814331"
"2025-07-24","24 Jul 2025","1.843699"
"2025-07-25","25 Jul 2025","1.877464"
"2025-07-28","28 Jul 2025","1.859609"
"2025-07-29","29 Jul 2025","1.860157"
"2025-07-30","30 Jul 2025","1.880375"
"2025-07-31","31 Jul 2025","1.893986"
"2025-08-01","01 Aug 2025","1.847624"
"2025-08-04","04 Aug 2025","1.852534"
"2025-08-05","05 Aug 2025","1.842406"
"2025-08-06","06 Aug 2025","1.862161"
"2025-08-07","07 Aug 2025","1.863349"
"2025-08-08","08 Aug 2025","1.885235"
"2025-08-11","11 Aug 2025","1.882774"
"2025-08-12","12 Aug 2025","1.901866"
"2025-08-13","13 Aug 2025","1.897027"
"2025-08-14","14 Aug 2025","1.894763"
"2025-08-15","15 Aug 2025","1.888344"
"2025-08-18","18 Aug 2025","1.903895"
"2025-08-19","19 Aug 2025","1.887732"
"2025-08-20","20 Aug 2025","1.882792"
"2025-08-21","21 Aug 2025","1.892147"
"2025-08-22","22 Aug 2025","1.898291"
"2025-08-25","25 Aug 2025","1.911045"
"2025-08-26","26 Aug 2025","1.897437"
"2025-08-27","27 Aug 2025","1.899577"
"2025-08-28","28 Aug 2025","1.914456"
"2025-08-29","29 Aug 2025","1.916866"
"2025-09-01","01 Sep 2025","1.924846"
"2025-09-02","02 Sep 2025","1.928962"
"2025-09-03","03 Sep 2025","1.920071"
"2025-09-04","04 Sep 2025","1.918227"
"2025-09-05","05 Sep 2025","1.893185"
"2025-09-08","08 Sep 2025","1.905698"
"2025-09-09","09 Sep 2025","1.903682"
"2025-09-10","10 Sep 2025","1.919200"
"2025-09-11","11 Sep 2025","1.933502"
"2025-09-12","12 Sep 2025","1.931539"
"2025-09-15","15 Sep 2025","1.929968"
"2025-09-16","16 Sep 2025","1.943612"
"2025-09-17","17 Sep 2025","1.929643"
"2025-09-18","18 Sep 2025","1.940538"
"2025-09-19","19 Sep 2025","1.950297"
"2025-09-22","22 Sep 2025","1.948323"
"2025-09-23","23 Sep 2025","1.940306"
"2025-09-24","24 Sep 2025","1.938368"
"2025-09-25","25 Sep 2025","1.944224"
"2025-09-26","26 Sep 2025","1.940903"
"2025-09-29","29 Sep 2025","1.938084"
"2025-09-30","30 Sep 2025","1.938386"
"2025-10-01","01 Oct 2025","1.941470"
"2025-10-02","02 Oct 2025","1.944045"
"2025-10-03","03 Oct 2025","1.941788"
"2025-10-06","06 Oct 2025","1.939458"
"2025-10-07","07 Oct 2025","1.926526"
"2025-10-08","08 Oct 2025","1.927780"
"2025-10-09","09 Oct 2025","1.919304"
"2025-10-10","10 Oct 2025","1.917966"
"2025-10-13","13 Oct 2025","1.905520"
"2025-10-14","14 Oct 2025","1.888047"
"2025-10-15","15 Oct 2025","1.885054"
"2025-10-16","16 Oct 2025","1.888378"
"2025-10-17","17 Oct 2025","1.874845"
"2025-10-20","20 Oct 2025","1.869118"
"2025-10-21","21 Oct 2025","1.862584"
"2025-10-22","22 Oct 2025","1.877278"
"2025-10-23","23 Oct 2025","1.882979"
"2025-10-24","24 Oct 2025","1.904947"
"2025-10-27","27 Oct 2025","1.907022"
"2025-10-28","28 Oct 2025","1.906079"
"2025-10-29","29 Oct 2025","1.898680"
"2025-10-30","30 Oct 2025","1.911766"
"2025-10-31","31 Oct 2025","1.898676"
"2025-11-03","03 Nov 2025","1.895233"
"2025-11-04","04 Nov 2025","1.893004"
"2025-11-05","05 Nov 2025","1.885221"
"2025-11-06","06 Nov 2025","1.900663"
"2025-11-07","07 Nov 2025","1.914866"
"2025-11-10","10 Nov 2025","1.921674"
"2025-11-11","11 Nov 2025","1.922345"
"2025-11-12","12 Nov 2025","1.927677"
"2025-11-13","13 Nov 2025","1.914833"
"2025-11-14","14 Nov 2025","1.897678"
"2025-11-17","17 Nov 2025","1.916979"
"2025-11-18","18 Nov 2025","1.916307"
"2025-11-19","19 Nov 2025","1.943719"
"2025-11-20","20 Nov 2025","1.955657"
"2025-11-21","21 Nov 2025","1.941024"
"2025-11-24","24 Nov 2025","1.935487"
"2025-11-25","25 Nov 2025","1.936038"
"2025-11-26","26 Nov 2025","1.939281"
"2025-11-27","27 Nov 2025","1.945301"
"2025-11-28","28 Nov 2025","1.953157"
"2025-12-01","01 Dec 2025","1.970422"
"2025-12-02","02 Dec 2025","1.954655"
"2025-12-03","03 Dec 2025","1.956270"
"2025-12-04","04 Dec 2025","1.968019"
"2025-12-05","05 Dec 2025","1.971778"
"2025-12-08","08 Dec 2025","1.973791"
"2025-12-09","09 Dec 2025","1.983786"
"2025-12-10","10 Dec 2025","1.979949"
"2025-12-11","11 Dec 2025","1.983031"
"2025-12-12","12 Dec 2025","1.977382"
"2025-12-15","15 Dec 2025","1.978983"
"2025-12-16","16 Dec 2025","1.965994"
"2025-12-17","17 Dec 2025","1.963360"
"2025-12-18","18 Dec 2025","1.971955"
"2025-12-19","19 Dec 2025","1.979113"
"2025-12-22","22 Dec 2025","1.972105"
"2025-12-23","23 Dec 2025","1.980248"
"2025-12-24","24 Dec 2025","1.988766"
"2025-12-29","29 Dec 2025","1.985990"
"2025-12-30","30 Dec 2025","1.968564"
"2025-12-31","31 Dec 2025","1.992937"
"2026-01-02","02 Jan 2026","1.976942"
"2026-01-05","05 Jan 2026","1.979624"
"2026-01-06","06 Jan 2026","1.975938"
"2026-01-07","07 Jan 2026","1.975290"
"2026-01-08","08 Jan 2026","1.969440"
"2026-01-09","09 Jan 2026","1.986658"
"2026-01-12","12 Jan 2026","1.987433"
"2026-01-13","13 Jan 2026","1.990271"
"2026-01-14","14 Jan 2026","1.981784"
"2026-01-15","15 Jan 2026","1.985357"
"2026-01-16","16 Jan 2026","1.986746"
"2026-01-19","19 Jan 2026","1.986152"
"2026-01-20","20 Jan 2026","1.970165"
"2026-01-21","21 Jan 2026","1.962249"
"2026-01-22","22 Jan 2026","1.985890"
"2026-01-23","23 Jan 2026","1.984409"
"2026-01-26","26 Jan 2026","1.985857"
"2026-01-27","27 Jan 2026","1.987267"
"2026-01-28","28 Jan 2026","1.969460"
"2026-01-29","29 Jan 2026","1.938745"
"2026-01-30","30 Jan 2026","1.970545"
"2026-02-02","02 Feb 2026","1.970954"
"2026-02-03","03 Feb 2026","1.981620"
"2026-02-04","04 Feb 2026","1.966468"
"2026-02-05","05 Feb 2026","1.961323"
"2026-02-06","06 Feb 2026","1.969985"
"2026-02-09","09 Feb 2026","1.967387"
"2026-02-10","10 Feb 2026","1.960250"
"2026-02-11","11 Feb 2026","1.973623"
"2026-02-12","12 Feb 2026","1.977368"
"2026-02-13","13 Feb 2026","1.970778"
"2026-02-16","16 Feb 2026","1.977122"
"2026-02-17","17 Feb 2026","1.980162"
"2026-02-18","18 Feb 2026","1.974524"
"2026-02-19","19 Feb 2026","1.973856"
"2026-02-20","20 Feb 2026","1.956563"
"2026-02-23","23 Feb 2026","1.966930"
"2026-02-24","24 Feb 2026","1.973418"
"2026-02-25","25 Feb 2026","1.978650"
"2026-02-26","26 Feb 2026","1.955456"
"2026-02-27","27 Feb 2026","1.953858"
"2026-03-02","02 Mar 2026","1.983627"
"2026-03-03","03 Mar 2026","2.030727"
"2026-03-04","04 Mar 2026","2.018096"
"2026-03-05","05 Mar 2026","2.057129"
"2026-03-06","06 Mar 2026","2.085568"
"2026-03-09","09 Mar 2026","2.112559"
"2026-03-10","10 Mar 2026","2.042134"
"2026-03-11","11 Mar 2026","2.077719"
"2026-03-12","12 Mar 2026","2.111850"
"2026-03-13","13 Mar 2026","2.112979"
"2026-03-16","16 Mar 2026","2.088091"
"2026-03-17","17 Mar 2026","2.087659"
"2026-03-18","18 Mar 2026","2.126979"
"2026-03-19","19 Mar 2026","2.158183"
"2026-03-20","20 Mar 2026","2.211966"
"2026-03-23","23 Mar 2026","2.249830"
"2026-03-24","24 Mar 2026","2.271878"
"2026-03-25","25 Mar 2026","2.267141"
"2026-03-26","26 Mar 2026","2.302379"
"2026-03-27","27 Mar 2026","2.291726"
"2026-03-30","30 Mar 2026","2.272400"
"2026-03-31","31 Mar 2026","2.292539"
"2026-04-01","01 Apr 2026","2.312386"
"2026-04-02","02 Apr 2026","2.343817"
"2026-04-07","07 Apr 2026","2.362793"
"2026-04-08","08 Apr 2026","2.208344"
"2026-04-09","09 Apr 2026","2.259847"
"2026-04-10","10 Apr 2026","2.265849"
"2026-04-13","13 Apr 2026","2.314729"
"2026-04-14","14 Apr 2026","2.270737"
"2026-04-15","15 Apr 2026","2.256644"
"2026-04-16","16 Apr 2026","2.270434"
"2026-04-17","17 Apr 2026","2.245147"
"2026-04-20","20 Apr 2026","2.249165"
"2026-04-21","21 Apr 2026","2.255181"
"2026-04-22","22 Apr 2026","2.271523"
"2026-04-23","23 Apr 2026","2.304323"
"2026-04-24","24 Apr 2026","2.318746"
"2026-04-27","27 Apr 2026","2.310016"
"2026-04-28","28 Apr 2026","2.339382"
"2026-04-29","29 Apr 2026","2.393615"
"2026-04-30","30 Apr 2026","2.343782"
"2026-05-04","04 May 2026","2.336867"
"2026-05-05","05 May 2026","2.338553"
"2026-05-06","06 May 2026","2.284270"
"2026-05-07","07 May 2026","2.286005"
"2026-05-08","08 May 2026","2.291543"
"2026-05-11","11 May 2026","2.292770"
"2026-05-12","12 May 2026","2.312415"
"2026-05-13","13 May 2026","2.310579"
"2026-05-14","14 May 2026","2.313990"
"2026-05-15","15 May 2026","2.340753"
"2026-05-18","18 May 2026","2.334702"
"2026-05-19","19 May 2026","2.332583"
"2026-05-20","20 May 2026","2.336051"
"2026-05-21","21 May 2026","2.336378"
"2026-05-22","22 May 2026","2.271418"
"2026-05-25","25 May 2026","2.236603"
"2026-05-26","26 May 2026","2.257344"
"2026-05-27","27 May 2026","2.295726"
"2026-05-28","28 May 2026","2.292410"
"2026-05-29","29 May 2026","2.296480"
"2026-06-01","01 Jun 2026","2.322491"
"2026-06-02","02 Jun 2026","2.313070"
"2026-06-03","03 Jun 2026","2.331673"
"2026-06-04","04 Jun 2026","2.353691"
"2026-06-05","05 Jun 2026","2.359661"
"2026-06-08","08 Jun 2026","2.382450"
"2026-06-09","09 Jun 2026","2.395471"
"2026-06-10","10 Jun 2026","2.410178"
"2026-06-11","11 Jun 2026","2.424993"
"2026-06-12","12 Jun 2026","2.349914"
"2026-06-15","15 Jun 2026","2.324989"
"2026-06-16","16 Jun 2026","2.314406"
"2026-06-17","17 Jun 2026","2.340435"
"2026-06-18","18 Jun 2026","2.342347"
"2026-06-19","19 Jun 2026","2.340352"
"2026-06-22","22 Jun 2026","2.357273"
"2026-06-23","23 Jun 2026","2.323639"
"2026-06-24","24 Jun 2026","2.339254"
