Date,beta0_ecb,beta1_ecb,beta2_ecb
2004-09-06,5.316082114396704,-3.3277179637074346,-2.320786592576335
2004-09-07,5.285097831780332,-3.289949898561978,-2.176125344094431
2004-09-08,5.282532706434291,-3.2903077534507807,-2.0650151912938313
2004-09-09,5.254642783879333,-3.251412398663919,-2.292157591564094
2004-09-10,5.241341635080984,-3.2348833235710375,-2.4690426627521305
2004-09-13,5.235061976465495,-3.2212135663751202,-2.332772765054551
2004-09-14,5.238051120938401,-3.2253170459294,-2.3899329938030855
2004-09-15,5.231647449451463,-3.21688329199587,-2.378148954797596
2004-09-16,5.219846589463265,-3.200177327876863,-2.327369739981496
2004-09-17,5.212011818240423,-3.184361886993139,-2.4782530556714035
2004-09-20,5.187619716005655,-3.161098040730487,-2.458615783258884
2004-09-21,5.189303817442693,-3.158881232403704,-2.426907887480874
2004-09-22,5.159760598612515,-3.12499892302864,-2.415504023613633
2004-09-23,5.119615948980847,-3.0811362084216816,-2.630531615457291
2004-09-24,5.1374290829108595,-3.093169505234668,-2.476721879328571
2004-09-27,5.120687952729763,-3.0726861682068924,-2.5466897247908213
2004-09-28,5.131124068752362,-3.085826321069661,-2.569760090173144
2004-09-29,5.162187387475986,-3.1101186499707025,-2.5080717911691934
2004-09-30,5.195873116340901,-3.1659689370710637,-2.540475050116701
2004-10-01,5.242172262834154,-3.186034249764207,-2.6949987436476976
2004-10-04,5.234141145176455,-3.1933925251988153,-2.5154179592001547
2004-10-05,5.202616916290999,-3.1543974027826263,-2.5880646798747855
2004-10-06,5.1883750699936515,-3.138377767027662,-2.5771163900149814
2004-10-07,5.207967011717476,-3.1587593189627583,-2.6018687333602584
2004-10-08,5.185054455011516,-3.145241664584918,-2.792123497520458
2004-10-11,5.211517560876771,-3.1579179316221246,-2.86017449999364
2004-10-12,5.177983122511456,-3.123617234904585,-2.950885753462522
2004-10-13,5.174586620024063,-3.115640007801158,-2.880133388563141
2004-10-14,5.165339940892609,-3.1076941235519264,-2.945434459576061
2004-10-15,5.1686136670635205,-3.1108080012128214,-3.0384769209389657
2004-10-18,5.193488316760201,-3.132762038685727,-3.09351182316558
2004-10-19,5.211813426709329,-3.149959016784572,-3.0632754224287932
2004-10-20,5.188054539286819,-3.1140835681953822,-3.1970726901722157
2004-10-21,5.1734536408916965,-3.0974062574650354,-3.15076003041915
2004-10-22,5.168636749883339,-3.086575442110134,-3.1233886884691593
2004-10-25,5.15409823740585,-3.0641767999147547,-3.2743797574334677
2004-10-26,5.153412139318796,-3.0550895858341285,-3.3062315079477798
2004-10-27,5.145073807618346,-3.0430186801706993,-3.260965565349923
2004-10-28,5.178518507058059,-3.0944616450313625,-2.985681091047891
2004-10-29,5.168386773107088,-3.048247094598544,-3.2404924550456777
2004-11-01,5.203271832515387,-3.0990144663481614,-3.2452448081914365
2004-11-02,5.201965889139231,-3.1006627938286373,-3.1222882166514023
2004-11-03,5.198590135777196,-3.1419982674774616,-3.051560722811526
2004-11-04,5.197217354917822,-3.154791037597853,-3.0293570024396552
2004-11-05,5.195226935687495,-3.171158577998945,-2.998621400180156
2004-11-08,5.19399776668645,-3.190510917209928,-2.9669065498360356
2004-11-09,5.120210053523553,-2.9793240391690174,-3.0437249426523323
2004-11-10,5.103932490897582,-2.96463325141735,-3.073069812867459
2004-11-11,5.104180931156355,-2.955185322202115,-3.2091275774646655
2004-11-12,5.072894660934345,-2.931376700025006,-3.1890796338608314
2004-11-16,4.989641146774288,-2.8320520664283335,-3.10620295262028
2004-11-17,5.014619345793721,-2.8589953783305697,-3.113544182635404
2004-11-19,5.019670716456858,-2.861809515872277,-3.073250894090657
2004-11-22,4.999605605075769,-2.8384264356649735,-3.1368301382272605
2004-11-23,4.989998156613729,-2.8233583998388383,-3.148496942566241
2004-11-24,5.000602373072419,-2.8371710144155813,-3.2396586560370375
2004-11-25,4.99257048086552,-2.8460479895547914,-3.2661836219904523
2004-11-26,4.972026177985242,-2.8381410266409484,-3.1973550161849595
2004-11-29,5.002393118817696,-2.8656916923278546,-3.114540805758524
2004-11-30,4.991097569028413,-2.8598819854853,-3.1781506310196934
2004-12-01,4.969835307314918,-2.846913743534391,-3.213001736502529
2004-12-02,4.969824707658649,-2.838499197152242,-3.0600226689418055
2004-12-03,4.9676990339579765,-2.8258075411540107,-3.20113648998761
2004-12-06,4.93402346039451,-2.8037128902621706,-3.3110374676582635
2004-12-07,4.914940322216047,-2.7739188534443464,-3.372943642459785
2004-12-08,4.888900461063357,-2.7492638519847445,-3.2429956792550287
2004-12-09,4.805697527473232,-2.660634247399428,-3.2742620386515595
2004-12-10,4.7667083692580325,-2.6043219260553063,-3.2333967319844485
2004-12-13,4.764255069129806,-2.61929606432382,-3.1695365000281543
2004-12-14,4.735102382508154,-2.584058449807419,-3.1272223819658067
2004-12-15,4.670590788377392,-2.5180032330587245,-3.0927155295987467
2004-12-16,4.655285332813556,-2.515742389492305,-2.8654814537782256
2004-12-17,4.673911412079012,-2.5471508594656695,-2.685544878608528
2004-12-20,4.673752561545142,-2.5282673150725485,-2.8684461749322026
2004-12-21,4.685744728321756,-2.4961344443619238,-2.8009926309443083
2004-12-22,4.675406254649756,-2.5307794401532657,-2.6717152412562397
2004-12-23,4.677852219178019,-2.533171832828494,-2.813227966053565
2004-12-24,4.692754541248059,-2.528023037399267,-3.0216253974606944
2004-12-27,4.6963956546024646,-2.5534405064520755,-2.775439390886962
2004-12-28,4.734077590512727,-2.53895887675482,-2.9722989551573074
2004-12-29,4.7538951689414315,-2.6190027994104392,-2.612154672193792
2004-12-30,4.758663909391076,-2.6317610527183053,-2.628460343303889
2004-12-31,4.758364956132878,-2.6505080635923197,-2.6043250348047975
2005-01-03,4.768601124125354,-2.5878818578042493,-2.956415277733927
2005-01-04,4.707490320109346,-2.605469803126646,-2.5795643238144543
2005-01-05,4.721738137637859,-2.618136759215154,-2.5063450722904848
2005-01-06,4.699501340894604,-2.5953318824287006,-2.6836730774579545
2005-01-07,4.669461191009144,-2.5749777488547783,-2.713296461606819
2005-01-10,4.6630499803624454,-2.5856921786203335,-2.6728054714593346
2005-01-12,4.6465227766470925,-2.5433038015372222,-2.6137157356707843
2005-01-13,4.6263256355183895,-2.52873228154088,-2.7282822192960046
2005-01-14,4.582282404183782,-2.488400863323088,-2.5909077293667635
2005-01-17,4.552220846906718,-2.461576156956638,-2.591547833284388
2005-01-18,4.543670961702027,-2.4582186955491854,-2.4781145296040332
2005-01-19,4.468483410036221,-2.3882729362287107,-2.3836597401619555
2005-01-20,4.5320129124114805,-2.451106477028917,-2.3812737542693907
2005-01-24,4.534934837403236,-2.45372646572319,-2.511744534938365
2005-01-25,4.469626023114024,-2.4008805496887033,-2.3949812539387003
2005-01-26,4.494072188695589,-2.4384720689151407,-2.280153696974872
2005-01-27,4.500543454469613,-2.451597899816858,-2.152439991064525
2005-01-28,4.491987620184702,-2.425054274329124,-2.34775149092419
2005-01-31,4.479900351094427,-2.412455670119082,-2.3028369036356264
2005-02-01,4.477647278649127,-2.427645140978793,-2.2731278801337886
2005-02-02,4.428371900553703,-2.368830590836066,-2.1793424026746058
2005-02-03,4.391681057987816,-2.3396964606663455,-1.9669520252589838
2005-02-04,4.336334492441282,-2.2891884409005048,-1.976050694800122
2005-02-07,4.2617108000975605,-2.2255500652816322,-1.797864288590609
2005-02-08,4.269703264697962,-2.221423780501862,-1.7937219658619765
2005-02-09,4.228933982500781,-2.185279361517992,-1.826346065976866
2005-02-11,4.319113969405112,-2.2619271922786908,-2.097562966762313
2005-02-14,4.343438868445945,-2.2880106806568863,-2.0428642257132874
2005-02-15,4.336604092327768,-2.2896603948952072,-1.9499268950167212
2005-02-16,4.349082473018868,-2.2884293495363464,-2.0809440409197926
2005-02-17,4.4368652496105,-2.4033505643695583,-1.9295680737999428
2005-02-18,4.521474968839947,-2.509510727306961,-1.8850431974418673
2005-02-21,4.5384544203664205,-2.523576265385825,-1.8602722345156075
2005-02-22,4.573279230931692,-2.5520474629098207,-1.9485928241695512
2005-02-23,4.575435535698497,-2.542744100854707,-2.0489971503874576
2005-02-24,4.608763406924713,-2.5716097339059045,-2.0635969470592403
2005-02-25,4.616028656445923,-2.588765598849517,-1.9285419463801545
2005-02-28,4.587713456171027,-2.5609529760640743,-1.9402572521696193
2005-03-01,4.635274198455029,-2.6065331284095357,-2.018483274368149
2005-03-02,4.7182923906016585,-2.6904501364868856,-2.082488011907689
2005-03-03,4.730725429728784,-2.6981198651770866,-2.2290290544473
2005-03-04,4.6810342002392975,-2.6449381123948466,-2.2956898910193537
2005-03-07,4.6356666274820135,-2.6000872068986842,-2.31857305681991
2005-03-08,4.68152218072515,-2.647205914623588,-2.3496166330813777
2005-03-09,4.752284288745208,-2.7215157452136105,-2.309287713619556
2005-03-10,4.752373053060978,-2.7193954261517246,-2.3373701422164084
2005-03-11,4.790285514729859,-2.753304309414142,-2.4292971691158782
2005-03-14,4.773297291754332,-2.745489172425637,-2.312714165160411
2005-03-15,4.709038315526986,-2.6706980094323525,-2.330622345895754
2005-03-16,4.645613642864702,-2.6086547014669854,-2.099619753146971
2005-03-17,4.61520800340682,-2.563880304085325,-2.1293305055864886
2005-03-18,4.6528229920943875,-2.6101024278023703,-2.0830372494010367
2005-03-21,4.63390559528648,-2.596022593870222,-1.9576951036002375
2005-03-22,4.582812263347591,-2.5329886827209105,-1.9533789879020647
2005-03-23,4.602863757963993,-2.5566487404053224,-1.844419492125686
2005-03-24,4.588007239227498,-2.5264116718785945,-1.9120452774103485
2005-03-29,4.593262149897251,-2.539226274893944,-1.8805768178832645
2005-03-30,4.5979230828818904,-2.533772687003521,-1.97219129057858
2005-03-31,4.577339237612695,-2.5209614806762737,-2.144757307994824
2005-04-01,4.585598214420554,-2.5107337602943685,-2.425638032554916
2005-04-04,4.564094466566322,-2.490257658253517,-2.303898541961423
2005-04-05,4.550984231155102,-2.4766864868652423,-2.2855100038756855
2005-04-06,4.582941287985508,-2.500226573418275,-2.4182016157488633
2005-04-07,4.594488977171848,-2.5144195926577053,-2.549570338852804
2005-04-08,4.645158681742358,-2.556344419473876,-2.6669637609837924
2005-04-11,4.622257833031542,-2.541720578315691,-2.643249360009209
2005-04-12,4.589649789224182,-2.515146253444259,-2.5539548865483455
2005-04-13,4.567807740159825,-2.485133260748578,-2.5975528898362192
2005-04-14,4.58252144171549,-2.505603813273945,-2.5937528308913778
2005-04-15,4.576299275915136,-2.498487715336016,-2.770888184475355
2005-04-18,4.5735055052251345,-2.511708305499723,-2.7436402030909597
2005-04-19,4.53688977119467,-2.464558639299989,-2.788512041288902
2005-04-20,4.542237026649681,-2.4633139864547386,-2.818033105611296
2005-04-25,4.515005767653365,-2.444651822156979,-2.7658307752802878
2005-04-26,4.4931554779125475,-2.425820607241511,-2.767847013918791
2005-04-27,4.457331456853188,-2.393957166617931,-2.758871940249076
2005-04-28,4.471054364923688,-2.408879145879182,-2.8316302843169194
2005-04-29,4.508004502829231,-2.4459701503793014,-2.8366072762255827
2005-05-02,4.478913038936527,-2.4156825957447494,-2.8646494850105046
2005-05-03,4.48034837396614,-2.4212638693813786,-2.9316350455376123
2005-05-04,4.513229441460884,-2.455409422509616,-2.9020632686285337
2005-05-05,4.517741497363184,-2.4545806552220464,-2.972346961215881
2005-05-06,4.526491972113022,-2.4742775794017136,-2.8634602312374313
2005-05-09,4.506639341235265,-2.462264372333232,-2.781173515850988
2005-05-10,4.433251967460199,-2.378092179673106,-2.855797199994554
2005-05-11,4.391989855004816,-2.330659411909657,-2.828578047270084
2005-05-12,4.380316252912342,-2.3192321803914244,-2.7700907039331906
2005-05-13,4.342846638436377,-2.273073666189673,-2.779217397765238
2005-05-16,4.340681868288144,-2.2717826524294598,-2.734779820523
2005-05-17,4.358531585569811,-2.2912613657717045,-2.759227811653353
2005-05-18,4.292785682324058,-2.232735175057643,-2.6708612058410064
2005-05-19,4.292468715039498,-2.236087433318749,-2.6139086826160693
2005-05-20,4.315988060209772,-2.26770166039466,-2.49363078822952
2005-05-23,4.2853624652098095,-2.2277663671735937,-2.509314318693282
2005-05-24,4.269615211843976,-2.204562335623086,-2.6654144896426826
2005-05-25,4.298268067983382,-2.226182422215805,-2.8181703519733694
2005-05-26,4.351293878140356,-2.2802375378840605,-2.8219412705135167
2005-05-27,4.410631613517334,-2.324343686690405,-3.010545126346904
2005-05-30,4.416530018467644,-2.328585597611511,-3.031514148246548
2005-05-31,4.3256571233266365,-2.2574156602582693,-2.9194463386229033
2005-06-01,4.36007717607493,-2.302212365826709,-3.147473362184588
2005-06-02,4.293960644364878,-2.2026877475888087,-3.0711063043376776
2005-06-03,4.208102396954163,-2.1001499234423338,-3.0857316668654247
2005-06-06,4.245732548614106,-2.1521606043652195,-3.0354343565523165
2005-06-07,4.1739685822815575,-2.0735681862139748,-3.0522252694388543
2005-06-08,4.141585729229709,-2.042862712675648,-3.0943187976923183
2005-06-09,4.157616832245043,-2.066900704585791,-3.0101138879087115
2005-06-10,4.140591991031972,-2.061029260955375,-2.8986840741787807
2005-06-13,4.2068935875048785,-2.130429564200308,-3.0111295750565206
2005-06-14,4.220295570573169,-2.14726617945497,-3.0130745655216615
2005-06-15,4.328373781441229,-2.2626691766362006,-2.9766645138538976
2005-06-16,4.3450894377986655,-2.302546402389569,-2.7958939390636517
2005-06-17,4.299880880604379,-2.2563780189033893,-2.76379444436627
2005-06-20,4.342399363789995,-2.3027656413018067,-2.8880550059750965
2005-06-21,4.260425691234119,-2.2213546130734314,-3.03331747707709
2005-06-22,4.164018298418754,-2.120955182755039,-3.0328216504627092
2005-06-23,4.182191981069463,-2.1371173916380246,-3.0480862822304653
2005-06-24,4.146002303769486,-2.0941834852200096,-3.019003403077717
2005-06-27,4.132178686074031,-2.0738888467382246,-3.0585185010078373
2005-06-28,4.198969384059259,-2.1303913495058904,-3.11419107332598
2005-06-29,4.19254919392059,-2.113489584324736,-3.2070802415869486
2005-06-30,4.196074802781911,-2.1186609907110903,-3.1541403401536
2005-07-01,4.15928897631268,-2.084008328598292,-3.0541904321444626
2005-07-04,4.180810856669664,-2.098228945672016,-2.942096455515968
2005-07-05,4.202486189096392,-2.1329811856011314,-2.764908667011179
2005-07-06,4.196150118960134,-2.1313661304382903,-2.728063829280149
2005-07-07,4.213331850201565,-2.1440775442853424,-2.9416261364260645
2005-07-08,4.1646017599319265,-2.0843806091421455,-2.856150760461837
2005-07-11,4.2297061068288775,-2.125404322911717,-2.943339958449163
2005-07-12,4.235968568382679,-2.1339197680886333,-2.9115241468852053
2005-07-13,4.264857859153912,-2.1631179854905342,-2.9033268142448985
2005-07-14,4.31327921297274,-2.216187654025389,-2.895541969135994
2005-07-15,4.303368872463491,-2.1999996085674933,-2.8506799163080085
2005-07-18,4.261106264680516,-2.1528360829174726,-2.870381723985478
2005-07-19,4.279473052856746,-2.179488914690591,-2.8238998351827496
2005-07-20,4.274379516056686,-2.1889597297050267,-2.7052022517782897
2005-07-21,4.296513478564278,-2.187437136525862,-2.896939853388293
2005-07-22,4.24870345154501,-2.139014340319399,-2.9095259954053416
2005-07-25,4.229307381116183,-2.1165730622507652,-2.8897202860668703
2005-07-26,4.233088796131835,-2.1150883140986627,-2.827570557461285
2005-07-27,4.211809207904522,-2.086300079774564,-2.8457638423008316
2005-07-28,4.20848542769699,-2.0844291138662165,-2.7920710639909667
2005-07-29,4.2077595873507665,-2.0813893127651513,-2.773881954824234
2005-08-01,4.241018229996923,-2.1210769210940232,-2.6577633891128984
2005-08-02,4.23995897020458,-2.135818351924543,-2.6321575185365784
2005-08-03,4.279497882209031,-2.179451630839082,-2.564533126994409
2005-08-04,4.261678886054442,-2.159192945711406,-2.544945228795291
2005-08-05,4.301520420336245,-2.208810171961877,-2.4510663319302455
2005-08-08,4.288820123214275,-2.2030417545605006,-2.393855694422925
2005-08-09,4.259034417454926,-2.1699033765494007,-2.3559592163876637
2005-08-10,4.235117495229345,-2.1400090724096352,-2.3661624316191276
2005-08-11,4.246028880019013,-2.154904564236339,-2.3962867782597956
2005-08-12,4.237770435495374,-2.137191303113883,-2.541695241518532
2005-08-15,4.216465225299703,-2.1066710644812554,-2.6131309859786924
2005-08-16,4.210781005856246,-2.0912754216713867,-2.710083809007901
2005-08-17,4.1860256500664725,-2.063082000824684,-2.733669140072357
2005-08-18,4.1653391523387135,-2.044316860036265,-2.744277658299947
2005-08-19,4.145945721117123,-2.0262301649831316,-2.6996589941222293
2005-08-22,4.160412244466375,-2.0433961900897346,-2.6848075582644926
2005-08-23,4.113967671151476,-1.9919951009111139,-2.636567695099414
2005-08-24,4.090910840897792,-1.9652293147277127,-2.6168609677698753
2005-08-25,4.07367464902374,-1.9460977516234683,-2.654373615827029
2005-08-26,4.060567057713655,-1.930079257105131,-2.6035131130597833
2005-08-29,4.054980613180737,-1.926402714379809,-2.568636687690312
2005-08-30,4.062739014669273,-1.9401314078908567,-2.501409980856819
2005-08-31,4.040957365627162,-1.8993417624625328,-2.698969364369506
2005-09-01,4.018840329016483,-1.9086764330992825,-2.7243386078758673
2005-09-02,4.015905077452427,-1.9070262831944245,-2.8136910670947186
2005-09-05,4.001447885133661,-1.8934242324641986,-2.815197591989641
2005-09-06,4.009934503168508,-1.9055446762691166,-2.72476884399341
2005-09-07,4.01539647330917,-1.9101436321779541,-2.7068719667924617
2005-09-08,4.003936952430061,-1.8881445638401648,-2.746662954335594
2005-09-09,3.971174870790473,-1.848126800214252,-2.703730056510414
2005-09-12,4.032924247370062,-1.9178451574671929,-2.629177338050671
2005-09-13,4.047603741198161,-1.9217836287457044,-2.700855598437243
2005-09-14,4.0038058194293225,-1.8764638795465522,-2.6353395795493597
2005-09-15,4.018257479580069,-1.8980224723540817,-2.547903234210581
2005-09-16,4.040668143426767,-1.9240794017025173,-2.5164547732936717
2005-09-19,4.028138082004365,-1.911691756562481,-2.5323252053366954
2005-09-20,3.9757367502058245,-1.8582608706859478,-2.5378505596649203
2005-09-21,3.907533170058118,-1.7897896131945608,-2.4905503107624836
2005-09-22,3.919382096646007,-1.7997275658830625,-2.532749009818092
2005-09-23,3.9089509673285305,-1.7948923721867107,-2.358721668184853
2005-09-26,3.974583469599014,-1.8585398855415267,-2.3023837623476036
2005-09-27,3.9739480302995065,-1.8553532006477234,-2.3243533426394323
2005-09-28,3.9513483693999825,-1.8485788761824122,-2.10885042332766
2005-09-29,3.9166387350932697,-1.8146685843360766,-1.9175180074721763
2005-09-30,3.9005161364578806,-1.7996425381657208,-1.8835818023777204
2005-10-03,3.942940629135714,-1.8642341299213667,-1.7194475132342975
2005-10-04,3.9207038924819275,-1.8251014403458612,-1.8363838393122545
2005-10-05,3.907388610144202,-1.814741939415328,-1.7951358509498763
2005-10-06,3.9360291506270992,-1.8368575778837908,-1.847797718854855
2005-10-07,3.9162256878171897,-1.7860388401669938,-1.7534290143480797
2005-10-10,3.8871744629011813,-1.756945634778115,-1.7643242938431618
2005-10-11,3.908937841593994,-1.7993765810792839,-1.707655752929136
2005-10-12,3.9496000145854313,-1.8503051151815315,-1.7116363315057572
2005-10-13,4.032503957958765,-1.935052321792329,-1.7470513044335447
2005-10-14,4.035186907245853,-1.9298210835366247,-1.7778586781135577
2005-10-17,4.031615477090759,-1.9084376619882257,-1.691961096338379
2005-10-18,4.041771268210745,-1.912350604377243,-1.72702779909751
2005-10-19,4.032606011020403,-1.9153529432918854,-1.8161315007824586
2005-10-20,4.049558279498953,-1.9103551148810611,-1.7313948920819087
2005-10-21,3.9632634252646315,-1.8521582901382865,-1.6645827265499555
2005-10-24,3.9648440568536567,-1.8531318973242419,-1.697155516189756
2005-10-25,4.003934284894572,-1.8870734190729408,-1.6124483438902757
2005-10-26,4.082056872806174,-1.9424021800029894,-1.4679224756332858
2005-10-27,4.093145317413565,-1.932489858323291,-1.5379132727294125
2005-10-28,4.080644198593535,-1.8983178110039138,-1.4790126058442081
2005-10-31,4.080704691536137,-1.9036254959222472,-1.4728506094436982
2005-11-01,4.055294075072879,-1.8831238899227603,-1.3237241350828601
2005-11-02,4.096387612435307,-1.916412411854361,-1.1914128951960363
2005-11-03,4.099149545975931,-1.9309704550694105,-1.1963060432315513
2005-11-07,4.1005561203121585,-1.9128537657777889,-1.0709729504024113
2005-11-08,4.075930247972726,-1.8707308036926174,-1.08889684221363
2005-11-09,4.086711593797432,-1.8649298596768955,-1.0109439838343919
2005-11-10,4.114299281186177,-1.9063800643416138,-0.9952192034366723
2005-11-11,4.097060525064383,-1.8839857171113947,-1.0282622579459006
2005-11-14,4.094487543027715,-1.8549940007868142,-1.108035772221032
2005-11-15,4.14076896059424,-1.898868788950248,-1.1130220244732367
2005-11-21,4.082764959127357,-1.739118520049162,-1.0114557934340231
2005-11-22,4.071759746054371,-1.7200132389095262,-1.1132160516696028
2005-11-23,4.056060622200522,-1.6891226831482946,-1.2191112088309883
2005-11-24,4.013977135628022,-1.6277384313106746,-1.4575433438340484
2005-11-25,4.021844374945686,-1.6372477880557565,-1.3995389568589174
2005-11-28,4.016945529707361,-1.6208273225198409,-1.3237819724822248
2005-11-29,4.015486537183282,-1.6228464908952245,-1.316900201759214
2005-11-30,4.030410745663874,-1.6354632354262177,-1.2257375540468285
2005-12-01,3.990886227368999,-1.600528865552863,-1.4229004300916708
2005-12-02,4.022394931384641,-1.6486656977188128,-1.3990796951174753
2005-12-05,4.021313085697532,-1.649213188629076,-1.3757024725724656
2005-12-06,3.997695457734596,-1.618874770733309,-1.4179697687945216
2005-12-07,3.9731777042747787,-1.5896933389731114,-1.3708732663112897
2005-12-08,3.9779820961043684,-1.5908606606149998,-1.35347667053816
2005-12-09,3.994816592548235,-1.6058706802524711,-1.1908605198074063
2005-12-12,3.973456653980814,-1.5898933581513717,-1.1352132552656005
2005-12-13,3.9349292614193767,-1.5496459492758274,-1.0677544687451515
2005-12-14,3.9055586921335164,-1.498012989735448,-1.1200607351561764
2005-12-15,3.8967979179977585,-1.479247913250396,-1.0943150351056687
2005-12-16,3.850769823625102,-1.4250229310235343,-1.068913272474977
2005-12-19,3.8414359996820138,-1.4188703555309672,-1.005815020350082
2005-12-20,3.833254859233065,-1.418331348576101,-0.909557929886422
2005-12-21,3.8348593279599443,-1.4207646299867818,-0.7839179694751861
2005-12-22,3.812819197089228,-1.4024930738347594,-0.7109620474315265
2005-12-23,3.7847482606089153,-1.3859348550212174,-0.6114408305279833
2005-12-27,3.7756613580025866,-1.3588058644307743,-0.7267385824286858
2005-12-28,3.7381557863062076,-1.3202327922827388,-0.7758090715102502
2005-12-29,3.738742827192614,-1.3328854699977803,-0.6774994287045879
2005-12-30,3.7481778244852024,-1.273284928373208,-1.1541080668914347
2006-01-02,3.9012990193582757,-1.4674983903806806,-0.9668544183174446
2006-01-03,3.8989682365964105,-1.4649403094612865,-0.969725756529021
2006-01-04,3.787166983953451,-1.3665923357489524,-0.9895407375528933
2006-01-05,3.7557882404287612,-1.3328180876956246,-1.035973291340225
2006-01-06,3.7417418338842694,-1.3268290962103404,-0.9795909982925243
2006-01-09,3.6881361964382426,-1.2737900678236933,-0.8890102018296318
2006-01-10,3.6868052242958558,-1.2657636477998702,-0.7806160555783295
2006-01-13,3.6680411432156648,-1.241108016997133,-0.7732696060464568
2006-01-16,3.690763614003076,-1.2561579953616582,-0.8201379285139659
2006-01-17,3.6942798633278815,-1.2611029611871576,-0.8678975143545501
2006-01-18,3.674956082059326,-1.2448583766298134,-0.6921161731570439
2006-01-19,3.7515825335811965,-1.3149426976599536,-0.6644682127963781
2006-01-20,3.7561356890288975,-1.3174393347451883,-0.668346678693706
2006-01-23,3.7960126778695122,-1.3632130602416819,-0.6455205127467867
2006-01-24,3.7948192382474497,-1.3700878167888664,-0.6377153101403701
2006-01-25,3.824227726444065,-1.398464192700807,-0.6140272066870853
2006-01-26,3.9072433295380242,-1.4750605108997488,-0.7637274903927406
2006-01-27,3.917789891130755,-1.4855927263745998,-0.693302052157543
2006-01-30,3.903584502143357,-1.463113234636621,-0.583333465070256
2006-02-01,3.9011609456852057,-1.4650450605814038,-0.5133633196406611
2006-02-02,3.9163859921751527,-1.4995881439358365,-0.3581350881328422
2006-02-03,3.911382498757927,-1.486735787594125,-0.4314608677801304
2006-02-06,3.879681112156475,-1.4414745240314362,-0.5310868063564378
2006-02-07,3.9091708557662925,-1.4624591125712398,-0.6272229834625259
2006-02-08,3.935447310695171,-1.4933278562343792,-0.6036606906129091
2006-02-09,3.9278000657149383,-1.4802361504585124,-0.5826027628940846
2006-02-10,3.8694343655432393,-1.40616375892517,-0.6725631936433645
2006-02-13,3.9125972013381456,-1.4557963848130868,-0.6216943851419877
2006-02-14,3.940406357679007,-1.4827502620164699,-0.6509052060855188
2006-02-15,3.93501766734094,-1.4892327326387824,-0.6216918371962608
2006-02-16,3.9587098316951916,-1.4915948681958715,-0.689840705878398
2006-02-17,3.9329785431043285,-1.4608844953798983,-0.7655718806469423
2006-02-20,3.902408924879681,-1.4163934688551396,-0.8437242000247334
2006-02-21,3.9065846301640503,-1.4106421173526618,-0.7670856236212882
2006-02-22,3.854019817525882,-1.3505034080556404,-0.7052397876594282
2006-02-23,3.864602176199553,-1.3556733934331655,-0.5853502865081017
2006-02-24,3.887237161941951,-1.37947155445077,-0.5614148539440458
2006-02-27,3.887687400641855,-1.3785307440731174,-0.4689455654048815
2006-02-28,3.8713459351766684,-1.3596738401659172,-0.4381296157068011
2006-03-01,3.863667792999042,-1.3396563257942757,-0.4011496250434362
2006-03-02,3.8984453675145905,-1.377394077454051,-0.26759707318097437
2006-03-03,3.9038948254589827,-1.3846862568909213,-0.1263958232926764
2006-03-06,3.9041165041487034,-1.3799134354729605,-0.14869823054833015
2006-03-07,3.911932508595875,-1.3917342802523074,-0.12760496084573117
2006-03-08,3.9766154617209812,-1.4496394818906895,-0.20491116932487952
2006-03-09,4.014899904128225,-1.4825947920973295,-0.2865403052090559
2006-03-10,4.074692009881182,-1.539133820086172,-0.3126722455218313
2006-03-13,4.065797492261337,-1.5296642189838465,-0.2531260275472556
2006-03-14,4.037268339572091,-1.4959728223727007,-0.3381067637317793
2006-03-15,4.015089698494099,-1.478718268095377,-0.20357391516692255
2006-03-16,4.006810549861505,-1.4653584934004098,-0.13840589212554197
2006-03-17,4.0062875272153065,-1.463065616886379,-0.023212233354749902
2006-03-20,3.989852335388575,-1.4186658970919201,-0.14837307223676152
2006-03-21,4.010976656258203,-1.4322430939854933,-0.15082872229705016
2006-03-22,3.9701043005135395,-1.3826545406668642,-0.1927534651591398
2006-03-23,3.9990605493767615,-1.4054598584001166,-0.2553467466271191
2006-03-24,4.007999711420098,-1.4143366841246738,-0.2553697239288911
2006-03-27,3.9963766579725757,-1.3891284562296853,-0.3535127585892484
2006-03-28,4.043191869616747,-1.424149892295058,-0.11349675310123436
2006-03-29,4.079438062086994,-1.4440950157460488,-0.10927723771830643
2006-03-30,4.104264082151003,-1.4660928146258643,-0.06269473815710155
2006-03-31,4.1128843868686165,-1.4697941682658686,-0.085299755599624
2006-04-03,4.14822427646997,-1.5159978407013224,0.06579385156677386
2006-04-04,4.166123681336123,-1.5248106911090549,-0.04460802437361496
2006-04-05,4.224230760424127,-1.5606568587733007,-0.24570623584933304
2006-04-06,4.30505873027597,-1.7320497596073556,-0.3730752226092502
2006-04-07,4.39934833494632,-1.8266774292215433,-0.485327839204328
2006-04-10,4.354020587548232,-1.785006568305227,-0.34536492746895026
2006-04-13,4.369677725978215,-1.81577420630919,-0.16380614662043677
2006-04-18,4.364031707453948,-1.8311334847436211,-0.11586029275212145
2006-04-19,4.367951024167192,-1.826380821288439,-0.1598678931165399
2006-04-20,4.36271549205544,-1.8029513901550553,-0.20810430623580845
2006-04-21,4.35831703564714,-1.7948946579986245,-0.2422537795821865
2006-04-24,4.3679051694162325,-1.8057116951877823,-0.20789925867313333
2006-04-25,4.387111217362744,-1.84425712992476,0.0826170034841174
2006-04-26,4.367238753912819,-1.792872353239101,0.17653083976155612
2006-04-27,4.37424630475867,-1.7700142081481012,0.07099017025546911
2006-04-28,4.303612215380598,-1.6949125315666993,0.13874175773811978
2006-05-02,4.341391524787608,-1.7175165366976508,0.04717384642273756
2006-05-03,4.36651520207668,-1.7587995263305871,0.012056333759649917
2006-05-04,4.379376519377761,-1.7686928851813326,0.07630589137494416
2006-05-05,4.381907086299735,-1.7409124563300609,-0.10472057433530561
2006-05-08,4.376098797077704,-1.7370507599053426,-0.045886894318713234
2006-05-09,4.385070575023248,-1.7290170274813614,0.0016084886614973586
2006-05-10,4.375465179363446,-1.7157517802410895,-0.07562501929199639
2006-05-11,4.439472575556081,-1.780623238016658,-0.035936938166258814
2006-05-12,4.452852381524061,-1.7805118798433293,-0.17830040341489473
2006-05-15,4.5108020898294185,-1.8308937199082362,-0.44126066239042466
2006-05-16,4.468693358788902,-1.784622371439641,-0.48809127100754457
2006-05-17,4.551052260915168,-1.8435194376240007,-0.5970958455675425
2006-05-18,4.534489910800554,-1.812864214271931,-0.7304900824513884
2006-05-19,4.489742550718626,-1.7584228554252563,-0.7147763188845672
2006-05-22,4.427090989231514,-1.6906482708753887,-0.8101387950702649
2006-05-23,4.415992212980889,-1.6826601410146582,-0.7473641779216497
2006-05-24,4.370056255708183,-1.6400140289238767,-0.7242852856259573
2006-05-25,4.361700412828624,-1.6171129689094814,-0.7556714763321969
2006-05-26,4.3545071094764625,-1.6090269216873967,-0.7375814739245153
2006-05-29,4.374861789517061,-1.6233504833056627,-0.7053846607763143
2006-05-30,4.403742572296596,-1.6407732960282948,-0.6404436114600274
2006-05-31,4.416215931016622,-1.6546565733832508,-0.5046359324725321
2006-06-01,4.429154268337642,-1.6493563380120684,-0.47238026186527726
2006-06-02,4.361428707885753,-1.5774922133344293,-0.5073783136192929
2006-06-05,4.356673419420074,-1.5565927934485706,-0.4764639370760611
2006-06-06,4.407468512727378,-1.6082822663831238,-0.37248021051622193
2006-06-07,4.433458042187021,-1.62618373589655,-0.3846192842170802
2006-06-08,4.419153229861255,-1.650649821343841,-0.4246340670889797
2006-06-09,4.385019198847176,-1.60631086743963,-0.5978339778590733
2006-06-12,4.374838688324848,-1.5854031678547735,-0.6467044732702031
2006-06-13,4.357208228973909,-1.557593182743119,-0.7238963692223114
2006-06-14,4.337780843638162,-1.5316651100058187,-0.6192746784539727
2006-06-15,4.377958577899091,-1.5754129821652418,-0.5063834155086031
2006-06-16,4.374898415348152,-1.5664768114695806,-0.5601372417221339
2006-06-19,4.380795327025259,-1.559915562643291,-0.4489963777029853
2006-06-20,4.374929736406239,-1.5572143225830153,-0.38115520025482796
2006-06-21,4.412368158583855,-1.5979368143759163,-0.3025962391435386
2006-06-22,4.431987720044779,-1.6135424586328935,-0.30507100026274697
2006-06-23,4.4691211959784845,-1.6503851962567386,-0.24804988850194917
2006-06-26,4.471009223808994,-1.630333522131736,-0.2042917634182362
2006-06-27,4.451073655253609,-1.5886202027193608,-0.12579193135702782
2006-06-28,4.446451923431518,-1.5928920824084531,-0.10381659716586372
2006-06-29,4.42687365237031,-1.5770555935537804,-0.1613618221736196
2006-06-30,4.418840641431484,-1.5684852743258335,-0.06696141414272229
2006-07-03,4.415043163771095,-1.5655696324957737,-0.0660909135811782
2006-07-04,4.408478389099133,-1.5630084853516382,-0.07611216918849459
2006-07-05,4.444550814793633,-1.6012969081844899,0.04000411505559202
2006-07-06,4.423201767204814,-1.5508218023062204,0.018201100940281108
2006-07-07,4.387604704894525,-1.5044634347442316,-0.014148895572422918
2006-07-10,4.387959709965934,-1.5078524794805248,0.0238956431294793
2006-07-11,4.396503967476141,-1.5038906556230787,-0.1059630759655802
2006-07-12,4.413622133731337,-1.5226327971321614,-0.06588849765395982
2006-07-13,4.405271807253539,-1.4841424427470742,-0.24250355636238502
2006-07-14,4.382057597862191,-1.447692528709875,-0.4256679123756267
2006-07-17,4.394874613715473,-1.4471996173925983,-0.4522485751878485
2006-07-18,4.389536025566175,-1.4416061218243965,-0.3436644340269676
2006-07-19,4.3880351202696435,-1.434144794012554,-0.2828470833922566
2006-07-20,4.35904322013414,-1.386742031608542,-0.3734768691708884
2006-07-21,4.336705615657375,-1.3520193009042853,-0.4817123425477387
2006-07-24,4.325213092649066,-1.3330413809739972,-0.4690733513304357
2006-07-25,4.326962740144389,-1.3352555892562858,-0.49775102417196826
2006-07-26,4.361586390422089,-1.3742901252273387,-0.405867428566519
2006-07-27,4.345152705141644,-1.319449877943371,-0.6423963703971309
2006-07-28,4.305644128729304,-1.2907308257416559,-0.5769570145110373
2006-07-31,4.310280084023569,-1.2852672718923968,-0.5272848703024156
2006-08-01,4.326549101447079,-1.311446565541143,-0.49326123462786375
2006-08-02,4.317382688143128,-1.294319442706479,-0.5203209048708752
2006-08-03,4.307953511863531,-1.27860194047607,-0.34490815755682114
2006-08-04,4.242719361063056,-1.1882609566945306,-0.4541280635300549
2006-08-07,4.262566857535278,-1.195083213174989,-0.49150664920181963
2006-08-08,4.260566920510629,-1.1835947362650123,-0.5061798816913061
2006-08-09,4.284486708097785,-1.2047726744822636,-0.4704876649192278
2006-08-10,4.288389882177652,-1.1979742815282821,-0.5245788128349888
2006-08-11,4.290798359507461,-1.201349007315785,-0.36964729160058574
2006-08-15,4.295305697147805,-1.1926368726927565,-0.37452116361911636
2006-08-16,4.262779094545759,-1.1435567411942238,-0.38940756289333606
2006-08-17,4.2178432812607465,-1.089544946209299,-0.3879587518610665
2006-08-18,4.206361349864747,-1.068915632497764,-0.33487102861742807
2006-08-22,4.1597334796777865,-0.9982921693792874,-0.6605085713705707
2006-08-23,4.174233330240087,-0.9923997277645946,-0.7673162741335363
2006-08-24,4.184788043680217,-1.0146954542495112,-0.7589414273898366
2006-08-25,4.191712126871624,-1.0160172520849302,-0.7978758388104422
2006-08-28,4.192091542979119,-1.012638372189382,-0.7928199301207035
2006-08-29,4.1880527947903605,-1.0058048659425318,-0.7295361578988484
2006-08-30,4.1422524257219955,-0.9551537669653185,-0.6833466906273777
2006-08-31,4.1098518483919415,-0.8911622781491624,-0.7300838205898575
2006-09-01,4.09467934336128,-0.8753228902573644,-0.7055669853222509
2006-09-04,4.077411053313709,-0.8533904174016302,-0.6999781621827241
2006-09-05,4.097364449424322,-0.8681209600512041,-0.6571507387505184
2006-09-06,4.1394807645298135,-0.9121070507489153,-0.5430301672352621
2006-09-07,4.147883638125817,-0.9086168945440294,-0.4919671576775181
2006-09-08,4.062535461753806,-0.8053256762592891,-0.5398742741622415
2006-09-11,4.054873310785138,-0.7954794274403235,-0.4118542192920815
2006-09-12,4.098940679688484,-0.8297793501678558,-0.41876942038402815
2006-09-13,4.103931561170451,-0.8323068504021828,-0.4483220712135202
2006-09-14,4.038552251522473,-0.7598440991323453,-0.374919183612586
2006-09-15,3.994704306192529,-0.7205640607575678,-0.37243248691613284
2006-09-18,4.030342353028491,-0.771216072720315,-0.16408061407831478
2006-09-19,3.9902907306248214,-0.7195849413728749,-0.2668274773817407
2006-09-20,3.976549441492505,-0.6933345327117482,-0.3290368602852152
2006-09-21,3.9899825427592064,-0.6973174092317331,-0.3376729840818693
2006-09-22,3.9655430741177797,-0.6413212930717019,-0.6594864468132349
2006-09-25,3.9651442885011203,-0.6575733719989152,-0.7774845307108064
2006-09-26,3.9278676313184993,-0.6167582568302123,-0.6507156655249456
2006-09-27,3.9042047506537108,-0.5759061287925026,-0.6409164444686029
2006-09-28,3.9238352022449865,-0.5957467477225206,-0.5703008429136465
2006-09-29,3.9042686335107555,-0.5803615048705373,-0.47991976048435264
2006-10-02,3.946083859962134,-0.6579517546167358,-0.4608741960531565
2006-10-03,3.8980173502579816,-0.6006495450907792,-0.5637111135052169
2006-10-04,3.8768181012776344,-0.5664283513409939,-0.5719893390671228
2006-10-05,3.8718206601829848,-0.5572956710244596,-0.5793232611652613
2006-10-06,3.9188418430874625,-0.6030889148729258,-0.6049464573563296
2006-10-09,3.9176249333396784,-0.6118010251098572,-0.4785542136025489
2006-10-10,3.9381369567828357,-0.6312279761611255,-0.41501495289471513
2006-10-11,3.9365579442881002,-0.630633701549863,-0.3585840418022389
2006-10-12,3.9343944768176615,-0.6252180348952245,-0.36193293639323326
2006-10-13,3.9487629270699376,-0.638012364860176,-0.31201537569872245
2006-10-16,3.967536485306722,-0.6521231568990653,-0.36862452948335533
2006-10-17,3.9369981432467047,-0.6141750922272264,-0.40453532399480674
2006-10-18,3.949685160617264,-0.6363115467844646,-0.38822587233228956
2006-10-19,3.9795790005222296,-0.6630584412441598,-0.36042949701187116
2006-10-20,3.9600379099987895,-0.6336475600041299,-0.30224705480611797
2006-10-23,3.989474712895723,-0.665028184283534,-0.23458356627607402
2006-10-26,3.949508261585611,-0.6010754462098644,-0.17545707885792816
2006-10-27,3.8878324385469916,-0.5228257914059277,-0.21127172561739727
2006-10-30,3.8601331635163225,-0.49678155387355816,-0.17410384802149262
2006-10-31,3.8610673485657467,-0.5135169999749218,-0.018872876099797386
2006-11-01,3.85576669429114,-0.48459598008306914,-0.2587869438083494
2006-11-02,3.847471399307269,-0.4630552817648034,-0.2095461828652954
2006-11-03,3.895827954391792,-0.500360915486537,-0.20065644279148354
2006-11-07,3.8496797632778628,-0.44811562631137775,-0.1042863036031745
2006-11-08,3.8405526178721754,-0.43079590890050384,-0.08113361474888726
2006-11-09,3.8417890219147277,-0.41192314086453946,-0.08610010799972381
2006-11-10,3.8539269375214,-0.4155260559699649,-0.27878906776466306
2006-11-13,3.8624805571200564,-0.4311880625283078,-0.24689433239124767
2006-11-14,3.8393963681826233,-0.40301454421732913,-0.2662112453842508
2006-11-15,3.8587391707225605,-0.4211458559626169,-0.20713203699183916
2006-11-16,3.8503925598627653,-0.40733684341584336,-0.21605638255468304
2006-11-17,3.843226946525681,-0.40472454552169346,-0.1740726707821068
2006-11-20,3.8434805749333187,-0.3984990555267952,-0.30156337605671335
2006-11-21,3.8316604495058693,-0.38062644257952366,-0.2635014663563264
2006-11-22,3.856350942179194,-0.3981325041399755,-0.3632713706844567
2006-11-23,3.8632834211771443,-0.39179340169226684,-0.2910993993509179
2006-11-24,3.8640834603519725,-0.380733123977543,-0.4569138337708168
2006-11-27,3.8931172864724446,-0.41381847206365896,-0.45312486423588544
2006-11-28,3.874865690383607,-0.3917614468256859,-0.5462529090424122
2006-11-29,3.8643717098651784,-0.38563094299395584,-0.49170661494414836
2006-11-30,3.863025198383817,-0.3759169546937777,-0.47000394414172647
2006-12-01,3.8621896488063925,-0.36858546355604893,-0.5201370459019307
2006-12-04,3.8710804463048634,-0.3781039599721211,-0.6612127504937569
2006-12-05,3.8508298737703646,-0.3468866197610688,-0.6155632604581012
2006-12-06,3.8503327877874103,-0.3506745155320352,-0.5013195607996322
2006-12-07,3.84171130453358,-0.33298792296035806,-0.41741758861020417
2006-12-08,3.822083815225234,-0.3115265237305596,-0.35929576285106707
2006-12-11,3.8696969355789106,-0.3476350817690117,-0.3295861866461405
2006-12-12,3.855003126724773,-0.33416395554344486,-0.28316001611170494
2006-12-13,3.8372219351157453,-0.329099336549668,-0.20501430340296842
2006-12-14,3.864952882328467,-0.3630826906236528,-0.09184457358188981
2006-12-15,3.8642343728703263,-0.3607058258063554,-0.11816980542425295
2006-12-18,3.9139761686341528,-0.40697323064498814,-0.06820399923459672
2006-12-19,3.9579792897004356,-0.44376699719935303,-0.08625041089617518
2006-12-20,3.9784923821165292,-0.457749213892835,-0.0994767597445111
2006-12-21,3.9896327817781723,-0.4619210580972287,-0.08799589321023552
2006-12-22,3.9835071628863687,-0.45074100304219006,-0.06594732154268977
2006-12-27,4.009499188408742,-0.4753954824198014,-0.016980785932607996
2006-12-28,4.035809614319079,-0.5217862828488724,0.012240183785904692
2006-12-29,4.051037918296443,-0.5120031069196667,-0.01648244723852301
2007-01-02,4.042288601290973,-0.49085705000186186,-0.09724667398890252
2007-01-03,4.033594220622898,-0.48568162147513777,-0.09016609374132521
2007-01-04,4.048608248989261,-0.495618332758125,-0.0946458735310435
2007-01-05,4.081023671212311,-0.522728829946669,-0.04513069106238216
2007-01-08,4.085705676272363,-0.522050817590539,-0.0933298739403134
2007-01-09,4.108566539327307,-0.5305277723272845,-0.13732156954328908
2007-01-10,4.128767477627523,-0.5383081988556029,-0.12096250681703048
2007-01-12,4.198916886417051,-0.6119944476692388,-0.20644207441179838
2007-01-15,4.186051651659313,-0.5917082066035,-0.1804419333786342
2007-01-16,4.160348039920465,-0.5644403154461924,-0.160300733280602
2007-01-17,4.158622686528286,-0.5650333336890652,-0.14857905520835363
2007-01-18,4.213546928732576,-0.6164581383805029,-0.12304218317105238
2007-01-19,4.1423785369523465,-0.5286447697765498,-0.08207073613470513
2007-01-22,4.1269996515489655,-0.5169483658478307,-0.058061699537722396
2007-01-23,4.1011701961538,-0.48033281607756434,-0.04678653385918381
2007-01-24,4.109913407863582,-0.5117158274702998,0.031803303595651596
2007-01-25,4.136266187199251,-0.5293181840066075,0.006361955624162314
2007-01-26,4.192873198499791,-0.5772997587042619,0.020061442639114337
2007-01-29,4.2353494079411975,-0.6106544322266725,-0.06563568664031068
2007-01-30,4.223209118607054,-0.61176988090218,-0.0652260562162807
2007-01-31,4.220858891166058,-0.6053144154557165,-0.04914905893624964
2007-02-01,4.1837021692472165,-0.5588689693539245,-0.1497051637113812
2007-02-02,4.224337948800731,-0.6115894678672746,-0.1769759248181326
2007-02-05,4.202640629033641,-0.565671729554162,-0.34627524717794944
2007-02-06,4.190507363499874,-0.5456765935674924,-0.3003760528292205
2007-02-07,4.164723667446159,-0.5168400021553293,-0.2442613259269666
2007-02-08,4.149126471658708,-0.5007262577643268,-0.10833141831646283
2007-02-09,4.192499139475346,-0.5420977665710935,-0.11778303443753536
2007-02-12,4.239035671252995,-0.5896841905984184,-0.162688753190746
2007-02-13,4.248664817944873,-0.59653459394163,-0.16045318551665072
2007-02-14,4.214648116133789,-0.5756630822865005,-0.08462580914733976
2007-02-15,4.184129371867793,-0.519667627825532,-0.23053572004888662
2007-02-16,4.173431812112765,-0.5046758775689039,-0.22548002788922844
2007-02-19,4.19229255258609,-0.516090309414096,-0.1726844399305254
2007-02-20,4.207103846407727,-0.5304510459575529,-0.16764309266541222
2007-02-21,4.182501869970474,-0.502678185465281,-0.1601624361063702
2007-02-22,4.188346614722388,-0.5031121696522227,-0.13977272841008204
2007-02-23,4.152944270415114,-0.4588857653828211,-0.13546517622561002
2007-02-26,4.123319461649651,-0.4081732705326659,-0.27305725950689
2007-02-27,4.10722959987962,-0.38782539613314193,-0.348081720017023
2007-02-28,4.115824011241765,-0.39548482494102644,-0.514305341993468
2007-03-01,4.103349335670231,-0.39578495402983105,-0.4676925189300993
2007-03-02,4.131600450386341,-0.4132175337340992,-0.5906528971579009
2007-03-05,4.117026902078323,-0.38887587090144526,-0.6905266162516097
2007-03-06,4.109417741831691,-0.36969564031993263,-0.6016711707541361
2007-03-07,4.125756217104849,-0.37568558810868513,-0.6328954543289699
2007-03-08,4.123072573969951,-0.3503181153991326,-0.6358219805443691
2007-03-09,4.146267636910412,-0.35795197456049466,-0.611210523484906
2007-03-12,4.1203157805801105,-0.3278601695119375,-0.6034184414255508
2007-03-13,4.104898747086261,-0.302553381344845,-0.6414376304660567
2007-03-14,4.091814829101028,-0.28752861008655395,-0.7109473694917487
2007-03-15,4.100655478102425,-0.294448001768558,-0.6722495691035016
2007-03-16,4.0883594916219534,-0.29638735489965573,-0.5690169276259147
2007-03-19,4.088820401253276,-0.29593880533194705,-0.47273253006826865
2007-03-20,4.070669431695571,-0.2741589186442542,-0.4874884801816947
2007-03-21,4.097676981316054,-0.29336285277790164,-0.5163301540589418
2007-03-22,4.123585390982421,-0.30361146977837283,-0.6780842128125634
2007-03-23,4.212794772982595,-0.38868773266291523,-0.6693609772071579
2007-03-26,4.226839671095129,-0.41140792610842003,-0.6402560186877594
2007-03-27,4.233530333520009,-0.41819476147545775,-0.6019194400995513
2007-03-28,4.252910618007639,-0.4373601731570175,-0.6104785472054858
2007-03-29,4.25319562245927,-0.43148141916977767,-0.554121180086302
2007-03-30,4.244885227457387,-0.4253920293127491,-0.49685398031167904
2007-04-03,4.284699159195465,-0.4592000250419439,-0.4569116524613293
2007-04-04,4.2949906768550505,-0.4542074257018973,-0.573991782839031
2007-04-05,4.300408112037675,-0.45437328572584323,-0.5651886384270682
2007-04-10,4.336321109883813,-0.4896033748950289,-0.47584219504460934
2007-04-11,4.345325893705532,-0.4897903818356515,-0.46930804241170276
2007-04-12,4.384088874600541,-0.5285283520798704,-0.4556814946481471
2007-04-13,4.424474463879055,-0.5681323339210833,-0.464456648270392
2007-04-16,4.412153601184582,-0.5555329480597611,-0.44152295562211546
2007-04-17,4.398550112898649,-0.5371030336585483,-0.4681925042885868
2007-04-18,4.352375559676693,-0.48558787349708776,-0.4441314947621463
2007-04-19,4.3741731701998745,-0.5019904173848202,-0.4213636437030146
2007-04-20,4.3893313888378245,-0.5244650768609262,-0.3526698057387199
2007-04-23,4.366796583655656,-0.4945365511126094,-0.34816779551605154
2007-04-24,4.340719882173071,-0.45843731825302936,-0.3902410818029485
2007-04-25,4.352658996561262,-0.47881126459988954,-0.3398040930816663
2007-04-26,4.351460794939943,-0.47604761055351974,-0.3031266314964226
2007-04-27,4.376566681129298,-0.4901521582978078,-0.27542427185073093
2007-04-30,4.324520925404437,-0.41997767828503185,-0.350764354482935
2007-05-02,4.3546757085707934,-0.44401424370135234,-0.31709069709620946
2007-05-03,4.382491482096614,-0.4923879224092583,-0.2903792153547568
2007-05-04,4.354635445670726,-0.45722835517742266,-0.35322874790451053
2007-05-07,4.372681290587696,-0.47716646990090306,-0.2516463757425596
2007-05-08,4.349119407842389,-0.4460643502405237,-0.3079326564802346
2007-05-09,4.3705310703511255,-0.46573174933301087,-0.3031603144902784
2007-05-10,4.37386110096239,-0.46269274877517197,-0.3286195485501453
2007-05-11,4.351461236719432,-0.42892625538785367,-0.39495428530890875
2007-05-14,4.417045825196902,-0.5093054334732078,-0.25495510623661893
2007-05-15,4.432832933561454,-0.522447518529661,-0.19018743603803032
2007-05-16,4.4349971045184615,-0.5237662065652193,-0.09167893995126344
2007-05-17,4.419524489260122,-0.49960773428090904,-0.07452515249317392
2007-05-18,4.426835701764709,-0.5016008767228062,-0.07072892323438812
2007-05-21,4.448152327916094,-0.5158674519147319,-0.07755545510705755
2007-05-22,4.452016068566244,-0.5198071897461628,-0.07076375378546604
2007-05-23,4.438257971036568,-0.5062189924314249,0.04181645731470411
2007-05-24,4.471685718540768,-0.5377624404034578,-0.0024752066901707324
2007-05-25,4.46947099249274,-0.5291307465659416,0.03242670847310262
2007-05-28,4.473001895451219,-0.5014401114994163,-0.024776379242189357
2007-05-29,4.470078675577835,-0.5296994222675238,0.11585179727355574
2007-05-30,4.475064107782016,-0.5312449211679002,0.10182713052588774
2007-05-31,4.480290433113551,-0.5426477313082321,0.21234848763069272
2007-06-01,4.496744429062744,-0.5527852129044601,0.2399956391476221
2007-06-04,4.504080255978779,-0.5604848006431797,0.2513182222952603
2007-06-05,4.52667135184302,-0.589772194560878,0.28617886182987406
2007-06-06,4.550320778239455,-0.611162525588417,0.19011864140246426
2007-06-07,4.609707112390563,-0.6637110268214061,0.19321111176355157
2007-06-08,4.679067285689096,-0.728067407258496,0.09927448131278746
2007-06-11,4.665044511798159,-0.7173659750179957,0.11985673094600971
2007-06-12,4.715917637290174,-0.7751351562789501,0.19508603623342705
2007-06-13,4.7583968374433345,-0.8281904122055214,0.23934128608483304
2007-06-14,4.748061195017262,-0.801733451882421,0.11388423861237548
2007-06-15,4.808285574279875,-0.8580409482202451,0.09929065197412391
2007-06-18,4.822708461977078,-0.8616441264508486,0.03170619335880339
2007-06-19,4.787924157222055,-0.8202120612627066,-0.06665519798471164
2007-06-20,4.774743612733559,-0.8234134298582468,0.16711263025049763
2007-06-21,4.749012652230518,-0.8000007777761536,0.16905219309636393
2007-06-22,4.789485532725719,-0.8366276138153139,0.15650189897002717
2007-06-25,4.733072800701805,-0.7748487008573929,0.07956995071537172
2007-06-26,4.7235849485602115,-0.7590903839689694,0.08640406675692312
2007-06-27,4.66286362627637,-0.6847782361081072,0.03426586242134214
2007-06-28,4.657051060297149,-0.6850458380238431,0.16084561861388025
2007-06-29,4.64054718141842,-0.6701842241014968,0.21065986650011068
2007-07-02,4.6124019930422175,-0.6293224187668378,0.18195106114927884
2007-07-03,4.636746973366453,-0.6526283836179966,0.1147349786693829
2007-07-04,4.679405930936808,-0.7102086113531523,0.25240377628810023
2007-07-05,4.722402288395493,-0.7545323430903682,0.31174704767197864
2007-07-06,4.738517349154969,-0.7772475664826664,0.4403364399927067
2007-07-09,4.733754534651374,-0.763149289059899,0.3712626180736086
2007-07-10,4.682573740835951,-0.7019139520040527,0.253350537582568
2007-07-11,4.667860521278153,-0.6672891443864105,0.11661247649017654
2007-07-12,4.700723800757678,-0.7032948957947174,0.2519738916707433
2007-07-13,4.678090761088371,-0.6809030790947257,0.313277492844785
2007-07-16,4.675865120622595,-0.673810206790848,0.2758879231114364
2007-07-17,4.659558622379088,-0.654507858414287,0.3219473620419068
2007-07-18,4.661226106890857,-0.6524308475699349,0.29923430627906716
2007-07-19,4.635248280997314,-0.6199028053584198,0.33950494939307385
2007-07-20,4.532792648795906,-0.47565312833253093,0.14865309934036655
2007-07-23,4.527516957755624,-0.45659082424016867,0.04688276818498278
2007-07-24,4.536795503901231,-0.45121252668024947,-0.00621125274607199
2007-07-25,4.52682335859658,-0.4365885604207392,-0.01848108674833361
2007-07-26,4.511886509186164,-0.41898312050636527,-0.19892298516794704
2007-07-27,4.495452863859508,-0.4183590088165689,-0.26854227460373475
2007-07-31,4.507586311340835,-0.43655891752508247,-0.1714774824487383
2007-08-01,4.499212300491968,-0.42509084346129766,-0.22258095011537954
2007-08-02,4.508839987272461,-0.4426433274458305,-0.08681169877563082
2007-08-03,4.482410551706467,-0.39488316563139264,-0.21573981419942456
2007-08-06,4.492480539328702,-0.43019707201662655,-0.2438023773786743
2007-08-07,4.498486905312658,-0.4273599032346543,-0.17137768903627026
2007-08-08,4.541676500238605,-0.46399788994160435,-0.013336863453144679
2007-08-09,4.5389869125958455,-0.4573710694938483,-0.29328576499849207
2007-08-10,4.585808242935688,-0.5475053519267672,-0.4794309470712061
2007-08-13,4.604206116274958,-0.5496602012410301,-0.5035714115370566
2007-08-15,4.6090213755029605,-0.5676355068682123,-0.7753713869104341
2007-08-16,4.638086603073956,-0.5848254366185326,-1.2313104238325854
2007-08-17,4.677818179565935,-0.6784079477223732,-1.27785238588243
2007-08-22,4.674374864671473,-0.6856016512478504,-1.0888114470753416
2007-08-23,4.689412197495534,-0.6125690985318897,-1.305099273768471
2007-08-24,4.652857685487514,-0.6110621549080106,-1.2600807207644693
2007-08-27,4.637208838618482,-0.6178107929364065,-1.0473233163082
2007-08-28,4.659129902615861,-0.6619006698728107,-1.1833763698932322
2007-08-29,4.655510385274577,-0.6827866936211893,-1.2857465677951045
2007-08-30,4.673619381875704,-0.6927214255193257,-1.2537228099374806
2007-08-31,4.678493935764955,-0.7434925155104233,-0.9625248608367188
2007-09-03,4.677233466567856,-0.7137611512521664,-1.068257008833824
2007-09-04,4.6799784045964685,-0.700469845824258,-1.1749458702504374
2007-09-05,4.663939605998928,-0.6647986843083324,-1.1997434345188884
2007-09-06,4.67404820516197,-0.6652645988140045,-1.3317574106858168
2007-09-07,4.694155542575099,-0.689132074455822,-1.556782283069351
2007-09-10,4.641397545681908,-0.6209187233857802,-1.6946090873215494
2007-09-11,4.64090447785907,-0.600837985251303,-1.738495780466319
2007-09-12,4.636838728066418,-0.6194335589775357,-1.562211524830691
2007-09-13,4.609946056086285,-0.6313146873061835,-1.2252594954031715
2007-09-14,4.585440004735938,-0.6094994812482126,-1.270647864519015
2007-09-17,4.595953400568383,-0.611556490840699,-1.1878721759536364
2007-09-18,4.605921760044421,-0.6348826735914679,-1.0349739445721313
2007-09-19,4.681798712394826,-0.753226867210671,-1.01355910346614
2007-09-20,4.749746587919015,-0.8377240722092305,-0.9574296887558528
2007-09-21,4.786275487362568,-0.8714012599102439,-1.0560264858683155
2007-09-24,4.793558971663409,-0.87732418287616,-1.08403301641355
2007-09-25,4.762367902499169,-0.834531980735491,-1.1731190392293553
2007-09-26,4.820886361487864,-0.9159374760394843,-1.0035618797133876
2007-09-27,4.790343263494171,-0.9046342132101117,-0.8916251338794391
2007-09-28,4.746308427465199,-0.874431717745425,-0.9040646163274971
2007-10-01,4.768482331933756,-0.8917830575148746,-1.0325398721857464
2007-10-02,4.744359571288414,-0.8592940882698026,-1.020120311284588
2007-10-03,4.710389672526671,-0.8324132898029251,-1.071142255261941
2007-10-04,4.701410222945194,-0.8239060136513072,-1.035677721784173
2007-10-05,4.745262794615135,-0.8692092551370594,-0.9916079666771858
2007-10-08,4.727001257206918,-0.8676769503643444,-0.885268630190093
2007-10-09,4.6817386453981165,-0.8229434652969878,-0.8380455599881677
2007-10-10,4.704594548224569,-0.8610525532494187,-0.6897089321739132
2007-10-11,4.719398121580902,-0.9013818225439498,-0.5555555889082863
2007-10-12,4.719098447287219,-0.8567784682820734,-0.5075204595611582
2007-10-15,4.721722762511332,-0.8518274333749638,-0.3829294356606979
2007-10-16,4.776280864710702,-0.8890815773600245,-0.5938875464938476
2007-10-17,4.774248198662214,-0.8698314135545877,-0.7017450844031448
2007-10-18,4.714698657796178,-0.7796211880408888,-0.9410158772466519
2007-10-19,4.690055125896921,-0.7585434682237386,-1.0882736666880517
2007-10-22,4.622646393020968,-0.6834712582367994,-1.1507924986105613
2007-10-23,4.626619055366968,-0.6851456872130457,-1.1091490532693533
2007-10-24,4.605482456233215,-0.6597236268976807,-1.2326986621033873
2007-10-25,4.60693901039383,-0.6482589233795504,-1.326031442294182
2007-10-26,4.618986870120734,-0.6568267903733103,-1.2451504241366176
2007-10-29,4.610503257305613,-0.6390567706523593,-1.259861234318402
2007-10-30,4.626208526403057,-0.6447428384900817,-1.1847740180463
2007-10-31,4.624797054988641,-0.6556046594346605,-0.9270392630212428
2007-11-01,4.628210288764814,-0.6459751096360691,-1.0915989922313747
2007-11-02,4.611654374329573,-0.6167638294760878,-1.292466201577036
2007-11-05,4.610337838029986,-0.6182909910524079,-1.3230922024892988
2007-11-07,4.633235898685172,-0.6425415499854747,-1.4257956350482703
2007-11-08,4.655621762611166,-0.6637787444913004,-1.5751051548464958
2007-11-09,4.668728638586795,-0.656892503979251,-1.8544026043836592
2007-11-12,4.657838288213145,-0.6253382702597077,-1.8228901641243407
2007-11-13,4.647077030799055,-0.62233626288728,-1.7501370310505004
2007-11-14,4.664295573206816,-0.6606651356308846,-1.5459361350373262
2007-11-15,4.682855729830524,-0.6509208766289609,-1.7992701520399264
2007-11-16,4.694098354670606,-0.6568222251484892,-1.9320759697847691
2007-11-19,4.705663861406465,-0.6561066873782955,-2.0915196920610235
2007-11-20,4.712808777247753,-0.6693091878399569,-2.145219180804142
2007-11-21,4.749190954390271,-0.6886328281223302,-2.4557765044130972
2007-11-22,4.803077688114975,-0.7320174561149693,-2.6214284075983834
2007-11-23,4.79535834124703,-0.7458332539334904,-2.4910433075826233
2007-11-26,4.77905949019388,-0.7447711837055526,-2.395633927236283
2007-11-27,4.7596628693968395,-0.722227804895329,-2.4758638656430105
2007-11-28,4.835525321766755,-0.8174807943390403,-2.300772540218678
2007-11-29,4.814542388605429,-0.8019526604307459,-2.3008622467294955
2007-11-30,4.812222615156132,-0.807809356176348,-2.120551950421386
2007-12-03,4.807922465749368,-0.7884948209429228,-2.26323323681624
2007-12-04,4.765569110718217,-0.7241127149662203,-2.419803975106919
2007-12-05,4.762723904575682,-0.7444928777087727,-2.2999226666073858
2007-12-06,4.783497146695773,-0.7499744164328606,-2.2280202293870692
2007-12-07,4.825460848725506,-0.8210351098901063,-1.925790071119059
2007-12-10,4.848073706764251,-0.8367882328088458,-1.8050954854578818
2007-12-11,4.817506963228572,-0.8370604978820386,-1.6450700315921838
2007-12-12,4.8220230037877245,-0.8860464022277921,-1.3823882114998016
2007-12-13,4.827482384806143,-0.8741323867380537,-1.4087068720409184
2007-12-14,4.77537328687894,-0.829826582278677,-1.299466203680722
2007-12-17,4.791138493157972,-0.8494036806304894,-1.3355912006743647
2007-12-18,4.7689622444091695,-0.8796228058010285,-1.1246703498207469
2007-12-19,4.7640092206904825,-0.8657383497847875,-1.2510300527183909
2007-12-20,4.7349952421245405,-0.8539639680256257,-1.131843953098403
2007-12-24,4.7621435974914075,-0.8441570252958075,-1.2162423638499889
2007-12-27,4.78532853994141,-0.9013106151498007,-1.0244578124912684
2007-12-28,4.77697060830482,-0.8599952470825576,-1.144703283946804
2007-12-31,4.791765076818758,-0.8269063036534587,-1.2418617879705902
2008-01-02,4.8178523225076075,-0.8889386516328996,-1.52241744569227
2008-01-03,4.805489641266748,-0.8443802067073678,-1.8765043178960097
2008-01-04,4.797998659827794,-0.7917655431573107,-2.1820272812391535
2008-01-07,4.78963349362922,-0.7709951098511629,-2.143196242803848
2008-01-08,4.784835352379159,-0.7633481447050703,-2.059087033451371
2008-01-09,4.794066443323443,-0.7560929039314723,-2.2986565722717733
2008-01-14,4.804652032591934,-0.7570224114660953,-2.5555079079102243
2008-01-15,4.80767177858495,-0.767138641435475,-2.6606844050383254
2008-01-16,4.80966379457373,-0.7872830703832356,-2.7252617549244786
2008-01-17,4.842685782750767,-0.7967070273457866,-3.0154902521332128
2008-01-18,4.867417670865889,-0.806408407304851,-3.2412014021937474
2008-01-21,4.86805188837293,-0.8425100338177129,-3.4650359461007643
2008-01-22,4.8903210089613385,-0.9605142278962386,-3.3659748501735023
2008-01-23,4.930401051301709,-1.0332423446704753,-3.566789499677625
2008-01-24,4.939663540818553,-0.9514208688699219,-3.2833896778045366
2008-01-25,4.902930518376414,-0.9107755153942856,-2.970378393229119
2008-01-28,4.898208679803219,-0.8927901891905656,-3.397467359383755
2008-01-29,4.928019893802464,-0.910764763018836,-3.3336585423518783
2008-01-30,4.968221500059785,-0.9791972840413825,-3.247962471797409
2008-01-31,4.917920165062305,-0.9407352046750468,-3.510727740775955
2008-02-01,4.89207530977262,-0.9030126317191125,-3.455580790120785
2008-02-04,4.873960409177983,-0.8628053343772741,-3.4636322207679857
2008-02-05,4.870037023970137,-0.8645351388584372,-3.8633529497489048
2008-02-06,4.8929796190664225,-0.9050866461383005,-3.8274028854648967
2008-02-07,4.967563534787301,-1.002056516630558,-4.203333651010134
2008-02-08,4.98954253816754,-1.0701932167021901,-4.265993296769813
2008-02-11,4.997517292850937,-1.0302761826515172,-4.462253819991651
2008-02-12,5.074248892992936,-1.111682487417732,-4.377107990688971
2008-02-13,5.117981667933694,-1.128922491899473,-4.401040359880776
2008-02-14,5.108987165708085,-1.1395450592966196,-4.15648514332388
2008-02-15,5.112891324535696,-1.124306405007772,-4.3905590096310805
2008-02-18,5.133225880640548,-1.1301072113591086,-4.2200496119288085
2008-02-19,5.136937216073171,-1.1347582159240273,-4.18869439432785
2008-02-20,5.114506655322882,-1.094569294084525,-4.063139806068985
2008-02-21,5.082980293116564,-1.0557483702763104,-3.7305101360150283
2008-02-22,5.077708146809534,-1.0419974389008804,-3.892584109454201
2008-02-25,5.112416843056968,-1.0810320475010902,-3.983700859313014
2008-02-26,5.149149188005656,-1.1255688031179867,-3.8393337094215374
2008-02-27,5.199215331634019,-1.171061226256184,-4.118980635826115
2008-02-28,5.190679178351501,-1.1528850645014161,-4.284597877660683
2008-02-29,5.14891714090864,-1.120083660506296,-4.633648699291325
2008-03-03,5.126903292331414,-1.0654686059825798,-4.727689135475856
2008-03-04,5.124267021856196,-1.0332607803615104,-4.688140567638962
2008-03-05,5.163494584083574,-1.0643046566527565,-4.680066766759154
2008-03-06,5.155259724002316,-1.0103620823068722,-4.715211883238957
2008-03-07,5.164995956984333,-1.025620869197431,-4.786085961174483
2008-03-10,5.173975017468361,-1.0374190750084535,-4.944128981207791
2008-03-11,5.12702638290123,-0.9662073154809727,-4.654930160803977
2008-03-12,5.061593183813728,-0.9127660830684015,-4.496088954291572
2008-03-13,5.087329812255725,-0.9370291042612098,-4.777108528428517
2008-03-14,5.119574779433962,-0.9737116231219782,-4.743345510448808
2008-03-17,5.172830174723984,-1.0750850950479496,-5.025694090936415
2008-03-18,5.200314983626943,-1.0850689042026844,-4.8289119605828015
2008-03-19,5.061883318683934,-0.9651161571603817,-4.320048384569171
2008-03-25,4.895448036644553,-0.7990018895240691,-3.323562462082101
2008-03-26,4.9466637965797045,-0.8313741962710233,-3.4264478102190377
2008-03-27,5.065815394823924,-0.9705465028472244,-3.654978316956134
2008-03-28,5.045403110497532,-0.9714693462827557,-3.4400648546825168
2008-03-31,5.020808563548842,-0.9371135869350304,-3.4678360974963214
2008-04-01,4.990186470413096,-0.9189930812493312,-3.194778774867462
2008-04-02,4.949154690375584,-0.8665858747630226,-3.0920311302490973
2008-04-03,5.021378940954855,-0.9408412925126428,-3.2273107181362692
2008-04-04,4.964222248066964,-0.8943729315392783,-3.2270222176640218
2008-04-07,4.967289009351984,-0.9177589288312467,-2.9760659914376024
2008-04-08,4.990738150384386,-0.9274991070679257,-3.040907663461543
2008-04-09,5.008824705420938,-0.9612302462217848,-3.0451232659722653
2008-04-10,4.983624855555636,-0.8995948838080761,-3.3082405547691955
2008-04-11,4.941224493348189,-0.8515976278326489,-3.3887433538214626
2008-04-14,4.972233898697024,-0.8651114057143614,-3.370767267965515
2008-04-15,4.979549237579941,-0.8738514889461682,-3.187482874656553
2008-04-16,5.001236821186568,-0.9012664648166551,-3.0921590294723953
2008-04-17,5.049810474480022,-0.9837530811928241,-2.8427521240998126
2008-04-18,5.021574643646158,-0.9579148262748607,-2.395255811999356
2008-04-21,5.0176755696439015,-0.9553757692257112,-2.4454476342060794
2008-04-22,4.968209740313589,-0.8844294343976509,-2.129829647467402
2008-04-23,4.979842588271261,-0.9230203826437606,-2.262548984239698
2008-04-24,5.029962260456877,-0.9696068569237164,-2.350569111901864
2008-04-25,5.049069742520273,-0.9793912774377187,-2.401894246307044
2008-04-28,5.098504081889036,-1.0416392351294106,-2.4401403342992
2008-04-29,5.065204704803007,-1.0068080025917179,-2.5130430653935054
2008-04-30,4.98349931369324,-0.9224047620059093,-2.40058934839521
2008-05-02,5.010274856137599,-0.9795356770932022,-2.1947301222246263
2008-05-05,4.951489354586631,-0.9026366157198884,-2.172272428579025
2008-05-06,4.959611886504059,-0.8988160286981388,-2.4777850872280185
2008-05-07,5.010399438639526,-0.9636730490694894,-2.3896548664005985
2008-05-08,4.941854685118275,-0.8817695938954764,-2.484215424009632
2008-05-09,4.914936482316717,-0.8309961222150295,-2.7426601870346485
2008-05-12,4.898556598551964,-0.8178435356511349,-2.598959691783501
2008-05-13,4.940909297408648,-0.872666241964299,-2.3544894350637673
2008-05-14,4.985421757034247,-0.9182880832598874,-2.2514928834567947
2008-05-15,5.0197821180426585,-0.957112766130261,-2.0762431526796514
2008-05-16,4.9514131780162876,-0.8941771056486367,-1.913187884058009
2008-05-19,4.95236732688383,-0.883480938378447,-1.9682533603100667
2008-05-20,4.938214211744236,-0.8585730186108873,-1.9318239815505023
2008-05-21,4.9572749471751445,-0.8714571322560756,-1.6949116189356384
2008-05-22,4.9598838273873715,-0.8701917942492816,-1.53903898338943
2008-05-23,4.902255689188964,-0.8084217892772316,-1.4476463494624827
2008-05-26,4.921469833239333,-0.8350937121767017,-1.434111192058716
2008-05-27,4.942161268962959,-0.8688373891544103,-1.4385428800590911
2008-05-28,4.981615467001503,-0.9201732115747736,-1.354229830691942
2008-05-29,5.048088878880808,-1.0068562953814424,-1.126462910118667
2008-05-30,4.984704665805829,-0.9199433762911262,-1.1744394781786267
2008-06-02,4.9941906213095955,-0.9126904721321045,-1.3252363666477325
2008-06-03,5.0608827964128995,-0.9731732730458647,-1.2470577701137249
2008-06-04,5.020617971756995,-0.9325315068750533,-1.3498790108962748
2008-06-05,4.968913387154127,-0.8076608000592735,-0.7734788374858006
2008-06-06,4.761391154097427,-0.5405673524222078,-0.19954629276434857
2008-06-09,4.719537680110698,-0.5414625254152813,0.26562681757395507
2008-06-10,4.8267293590734015,-0.6517064527422276,0.019745019273724945
2008-06-11,4.919679787079785,-0.7325097935351957,-0.2905405337534872
2008-06-12,4.95098936491545,-0.7790630773651647,-0.1312053097134872
2008-06-13,4.921729553383955,-0.7509227592302102,0.09592212492379225
2008-06-16,4.826745575280427,-0.6542732016703021,0.621738049443494
2008-06-17,4.836322972049309,-0.6391270984755899,0.3499169444307465
2008-06-18,4.754108586284474,-0.6062619433156657,0.5792975142284145
2008-06-19,4.719825245761015,-0.5944452181801401,0.9128326498799969
2008-06-20,4.756279388362453,-0.5756488839703426,0.45653462640474357
2008-06-23,4.775452834224423,-0.5826099895632364,0.2640501285604785
2008-06-24,4.865665523828077,-0.640892058123467,-0.06157513621600259
2008-06-25,4.880876104624193,-0.6421052275131054,-0.02335646452979098
2008-06-26,4.911557335452667,-0.6108164087088533,-0.38689118679179346
2008-06-27,4.98954360124192,-0.6771317844454616,-0.7427215812298991
2008-06-30,4.9567223784414205,-0.6614461704120775,-0.21510290170949897
2008-07-01,4.9294692449756035,-0.5950790650718032,-0.43526511058500533
2008-07-02,4.928999842607221,-0.6216006959382224,-0.06040247586205697
2008-07-03,4.978622387933269,-0.6728181689721829,-0.5483874941989327
2008-07-04,5.020573893297127,-0.7006658274508144,-0.8925577739248192
2008-07-07,4.956843691155786,-0.6337506366030641,-1.0058526452495427
2008-07-08,4.95098393451021,-0.622977549994689,-1.0207417316518541
2008-07-09,4.900651312518399,-0.5639410786209147,-0.8918389244755239
2008-07-10,4.8888676275307805,-0.5408179971212941,-0.9620220953231248
2008-07-11,4.908472419313487,-0.5504711164236966,-1.0678864584804477
2008-07-14,4.939981836782365,-0.6061566899967501,-1.1142350287595346
2008-07-15,4.945057482983908,-0.6171970550027635,-1.3609535776732187
2008-07-16,4.955564937501558,-0.6461725848034021,-1.1723513615389043
2008-07-17,4.949485579192524,-0.6602930580511959,-0.921236222213296
2008-07-18,4.985861238354313,-0.7003170995291625,-0.6052808024263218
2008-07-21,4.949381788489564,-0.6808208651340586,-0.13009764039016283
2008-07-22,4.980490692790804,-0.7016614390512687,-0.322148896759665
2008-07-23,4.9876622421386285,-0.7353435799673566,-0.17331144921380015
2008-07-24,4.977150894996688,-0.6902406329443133,-0.6213345573509004
2008-07-25,5.002353668222806,-0.6721975478932417,-0.8285281638554359
2008-07-28,5.020141686947842,-0.6663586191952844,-1.068502135462323
2008-07-29,5.013283224743905,-0.6601649074532323,-1.1729550084204103
2008-07-31,4.916764448547627,-0.5801323102491014,-1.2879096830371197
2008-08-01,4.907903990314005,-0.541681913916936,-1.41454817705001
2008-08-04,4.900822091496196,-0.5196562493197334,-1.4603526150869848
2008-08-05,4.894514011540393,-0.4992614464909526,-1.5674303757364298
2008-08-06,4.916532112970904,-0.5133909664349876,-1.6283437184303748
2008-08-07,4.987417934405517,-0.5746695708593466,-2.2479386724955317
2008-08-08,5.038181031689134,-0.5737981998203674,-2.585692074581382
2008-08-11,5.047879202357677,-0.5814552808116555,-2.5045516580333542
2008-08-12,4.9901523085007105,-0.5016693850693934,-2.5632748743619542
2008-08-13,5.028120195254799,-0.521627376802537,-2.7396359719234016
2008-08-15,4.999930534833657,-0.5368988805915884,-2.672524729364293
2008-08-18,4.982700072903639,-0.5032871717848713,-2.7930824461091746
2008-08-19,4.999434964342833,-0.503658622185913,-3.070614214919276
2008-08-22,4.959320827661256,-0.5065124765635096,-2.279210862665208
2008-08-25,4.928779317489543,-0.4606703203620923,-2.5628372193428883
2008-08-26,4.963889706835655,-0.4891003082126453,-2.8601508513534606
2008-08-27,4.9895612460650955,-0.5547140509314983,-2.4256034022766455
2008-08-28,4.885958564687974,-0.48749207726515675,-1.937335506508722
2008-08-29,4.848988532967453,-0.4414911685517884,-1.9919556799405942
2008-09-01,4.869766826251209,-0.4255262807406286,-2.393802801246723
2008-09-02,4.930046621099265,-0.5040638893245262,-2.2014087164288068
2008-09-03,4.945060377459239,-0.4750555036591282,-2.4659003776496293
2008-09-04,4.961743577861771,-0.46429858548524683,-2.701199994270078
2008-09-05,4.934413393084048,-0.37566179963841595,-3.1991150072440897
2008-09-08,4.978866730556073,-0.4451491271098529,-2.9777430685082433
2008-09-09,5.014753088379702,-0.483406157342126,-3.00119553762163
2008-09-10,5.013715977905602,-0.4870664835969267,-3.0394528578050215
2008-09-11,5.048666021738356,-0.4823272770895235,-3.411363734627017
2008-09-12,5.095015962938654,-0.5615401157138646,-3.188795927384851
2008-09-15,5.169368860351675,-0.6237852088831528,-3.888970171712921
2008-09-16,5.089316443011227,-0.6503575365369438,-3.7125876379996776
2008-09-17,5.1322072186733125,-0.6689906175255351,-3.528598730494972
2008-09-18,5.225567435281059,-0.7847562624062783,-3.603667975353845
2008-09-19,5.247840173087924,-0.813634493527525,-3.0823051526939698
2008-09-22,5.282594799048146,-0.9241765396936064,-2.6957705250448116
2008-09-23,5.266166876956224,-0.9544594734231331,-2.7621027198129107
2008-09-24,5.211325315503395,-0.967102397720041,-2.8432039765905257
2008-09-25,5.2038143339522795,-1.0260342639080275,-2.616098913457337
2008-09-26,5.220595929360827,-1.124871395130954,-2.787888869768611
2008-09-29,5.246887459564441,-1.1551160102804467,-3.3277212477028897
2008-09-30,5.08965820362196,-1.3033334872187217,-2.6121304536555656
2008-10-03,4.849959814666102,-0.971122993408069,-2.7536713135361572
2008-10-06,4.8796920451734405,-0.8233441714187184,-3.541248903003417
2008-10-07,4.550138176425693,-1.1950972874588015,-1.531109176681919
2008-10-08,4.514712304977629,-1.0956824223844417,-1.8364970358683863
2008-10-09,4.763212220092916,-1.2624966262321755,-2.0680761644794723
2008-10-10,4.91134038563834,-1.3240184987876615,-2.585755417109278
2008-10-13,5.015968405472914,-1.7262047681071198,-1.9136813487393125
2008-10-14,4.956644338044247,-1.6499575712468966,-1.6322834680104101
2008-10-15,5.238299246437525,-1.825095739252761,-2.526889381403816
2008-10-16,5.357219881146206,-2.006563915341689,-2.991697710006715
2008-10-17,5.083405492993366,-1.9882246397267092,-2.3228537596235452
2008-10-20,5.128757548968311,-2.006468854966497,-2.33900804446109
2008-10-21,5.117334997904929,-2.1046149877604337,-2.3461479715654106
2008-10-22,5.062634074746133,-2.094344324787378,-2.5709697718818267
2008-10-23,4.927217458348455,-1.9969282515937077,-2.346893495746882
2008-10-24,4.848738497571765,-1.9476351674763772,-2.235207480939142
2008-10-27,4.947498290978494,-2.155890980621621,-2.382662260072599
2008-10-28,5.030210442959245,-2.261332466795444,-2.5609236492451877
2008-10-29,5.063461433444321,-2.341220266956292,-2.4704008538338806
2008-10-30,5.12701105417813,-2.3522684475885276,-2.6521955770184005
2008-10-31,5.159481227799363,-2.43240002093236,-2.6258695977854614
2008-11-03,5.188360639925046,-2.4140056292255294,-2.6295279394259827
2008-11-04,5.175584676478241,-2.4361949592287027,-2.6135940272623364
2008-11-05,5.220664050592842,-2.5399268294613297,-2.700619882170464
2008-11-07,5.2369123945007034,-2.6462088374851067,-3.12456623404238
2008-11-10,5.2049752943009056,-2.625022434709696,-3.0454260956182826
2008-11-11,5.261252744870293,-2.769275541528902,-3.2189645161114138
2008-11-12,5.271865032597004,-2.8333489888790586,-3.3398937540646383
2008-11-13,5.345781067926747,-2.91461990913216,-3.6338849608962573
2008-11-14,5.340301512135636,-2.890828895176539,-3.5653243373793515
2008-11-17,5.324370337740359,-2.971621848224869,-3.5130396430964836
2008-11-19,5.184725896107207,-2.91192261162875,-3.2884245464275788
2008-11-20,5.055067397381605,-2.936658554568467,-3.1044146408831343
2008-11-21,4.988770149815923,-2.9107786338870496,-2.8191022300291366
2008-11-24,4.9660782970413555,-2.836661501717166,-2.829625990286645
2008-11-25,4.808516814495801,-2.738157731562375,-2.268009280636444
2008-11-26,4.68141746441312,-2.708041340465042,-1.8696920295207808
2008-11-27,4.64518707369442,-2.7338833768532633,-1.6397483709995604
2008-11-28,4.578311596728183,-2.718669957973306,-1.599390252641707
2008-12-01,4.525006630398731,-2.5948950830367497,-1.8748328561120002
2008-12-02,4.397925359212634,-2.5164160387668613,-1.5427799449898314
2008-12-03,4.11946170130136,-2.3241006265365667,-0.840603984469541
2008-12-04,3.9939288280742145,-2.309239676418943,-0.3251261750087083
2008-12-05,4.168227122181591,-2.3808054970451864,-0.684227025576128
2008-12-08,4.2261605498298085,-2.4147377398087446,-0.6260221340287933
2008-12-11,4.504015373390177,-2.663841184536643,-1.071579553300177
2008-12-12,4.528142594780069,-2.6941427809527436,-1.2235390553899617
2008-12-15,4.649603054244829,-2.832955454340388,-1.3431613702403047
2008-12-16,4.539203900840245,-2.7619627277544634,-1.169376156513411
2008-12-17,4.447020381675787,-2.750145514565581,-1.32485717219977
2008-12-18,4.3835713050054075,-2.757789796648652,-1.140345437288873
2008-12-19,4.455344597261713,-2.856156526122977,-1.4407941255307806
2008-12-22,4.424277381588036,-2.861470290405837,-1.3761677347314436
2008-12-23,4.4396669510916835,-2.927232873700919,-1.3531761648732885
2008-12-24,4.446136497388944,-2.8820730020667753,-1.45299678088232
2008-12-30,4.44876354728853,-2.925952184820131,-1.4165902412111055
2008-12-31,4.4534471852306945,-2.892830926609591,-1.4879783985096673
2009-01-02,4.430509426821998,-2.9544365880751706,-1.3927130010278401
2009-01-05,4.554712209629294,-3.05928824969788,-1.760700783978551
2009-01-06,4.749998216641704,-3.271335812910881,-1.9403578151778529
2009-01-07,4.8983165561093625,-3.4665714495213082,-2.3580237072629577
2009-01-08,4.862814328485394,-3.4432876197068554,-2.409941593573424
2009-01-09,4.826912817151568,-3.5375079089092143,-2.4138133406364766
2009-01-12,4.821601584891817,-3.5803372453490576,-2.3376204562781173
2009-01-13,4.877469799093175,-3.6453296919568183,-2.553554470926545
2009-01-14,4.9374556201941395,-3.68202180075708,-2.7843170999765054
2009-01-15,4.794367906270218,-3.6117537158414112,-2.337640976583466
2009-01-16,4.88041262358799,-3.6611588500970846,-2.402879846695937
2009-01-19,4.955939756879884,-3.7705511315122617,-2.5284505036005527
2009-01-20,4.956049057904484,-3.820435227773962,-2.4360279496048105
2009-01-21,5.0065732543380275,-3.934158305648036,-2.408332930655714
2009-01-22,5.068421295044361,-4.089874521385471,-2.340336293633708
2009-01-23,5.293205810690423,-4.27808606083513,-3.10480146453864
2009-01-27,5.224129864357699,-4.260247912761295,-1.954669469578082
2009-01-28,5.073541111511247,-4.16154544413753,-1.9412456673845087
2009-01-29,4.985723498370032,-4.133179924520312,-1.647817409048077
2009-01-30,5.081599625713186,-4.2521002006165745,-1.7695607870579264
2009-02-02,5.152105609001067,-4.264144749778822,-2.17823259825356
2009-02-03,5.145066260910222,-4.309311916358837,-2.2155399962190354
2009-02-04,5.229519093655542,-4.367160307260517,-2.235933449662526
2009-02-05,5.252056098858268,-4.437563579309545,-2.553705910264611
2009-02-06,5.273776533899178,-4.556758839059889,-2.35591303598708
2009-02-09,5.207092388487406,-4.502364817928076,-2.09981885746002
2009-02-10,5.215087884061457,-4.458881188004913,-2.323179401585141
2009-02-11,5.166815672681958,-4.398866632791851,-2.476359764002967
2009-02-12,5.049527209102144,-4.2929944837957255,-2.5584894529638524
2009-02-13,5.056686559409033,-4.311106995756983,-2.3983488695514
2009-02-16,5.0417214044359255,-4.308762315963137,-2.5136238752549644
2009-02-17,5.085091608391782,-4.333612970296874,-2.8043603706955142
2009-02-18,5.113978885811959,-4.3196545769946155,-2.9197275801947558
2009-02-19,5.187935217626391,-4.411407547857721,-2.6104949953932723
2009-02-20,5.148686678350571,-4.3958501717021425,-2.6754734995042555
2009-02-23,5.122429683042648,-4.367916908606739,-2.6963747568573515
2009-02-24,5.095504333704019,-4.376758632832293,-2.7488668536362497
2009-02-25,5.111972644178533,-4.428829046289809,-2.785234461315089
2009-02-26,5.18164511343553,-4.546436189433352,-2.4206611878184257
2009-02-27,5.143750933141865,-4.520362478109571,-2.4791065243447847
2009-03-02,5.194258143870075,-4.572711583188511,-2.7300560677868484
2009-03-03,5.237370356137953,-4.673397695039762,-2.717365194151078
2009-03-04,5.371131752277598,-4.818161524386097,-2.9623920071594445
2009-03-05,5.222089651436978,-4.666096995995307,-2.798242240087516
2009-03-06,5.124201700737721,-4.579271245561673,-2.6089227098901295
2009-03-09,5.032485070750255,-4.474932477179669,-2.328768985009937
2009-03-12,5.133206445706538,-4.5504789986369465,-2.4316743399623553
2009-03-13,5.237175245911482,-4.646492786458027,-2.5905212212846895
2009-03-16,5.2804789117673705,-4.70899583140549,-2.6593009908481093
2009-03-17,5.343330881007154,-4.7841319269144815,-2.6218964870215378
2009-03-18,5.303722389443951,-4.788234782194173,-2.3495172128375397
2009-03-19,5.1661504289841815,-4.63265620169596,-2.279265026849166
2009-03-20,5.135722054322519,-4.601982732731387,-2.5472110685014164
2009-03-23,5.110137534075414,-4.5796004402649775,-2.413215994380362
2009-03-24,5.202030204187827,-4.639954150169472,-2.4613423327308754
2009-03-25,5.2091959409539115,-4.648907028874334,-2.445554987563368
2009-03-26,5.177151265952996,-4.620017383471352,-2.382269105571801
2009-03-27,5.105741798625608,-4.597720222872089,-2.381268725339063
2009-03-30,5.110638357434508,-4.633969652345783,-2.4700486527827277
2009-03-31,5.086989663164218,-4.6176077584546125,-2.458039536655726
2009-04-01,5.12571436786368,-4.681185769423835,-2.5527251180955175
2009-04-02,5.178763810622714,-4.67235502172098,-2.3972443192809005
2009-04-03,5.157574107932057,-4.654765979492667,-2.1545369019007157
2009-04-06,5.188997859184303,-4.704452931610139,-2.1316742331747087
2009-04-07,5.221261670308758,-4.768047304403225,-2.243652527081883
2009-04-08,5.19601371012088,-4.752173720752935,-2.1711514748940783
2009-04-09,5.275694982214552,-4.803254281242435,-2.321913494409412
2009-04-14,5.236890684429324,-4.740900661935988,-2.4760140604861776
2009-04-15,5.2413740518158916,-4.724713705055853,-2.712679333361286
2009-04-16,5.251494698304801,-4.701355448824297,-2.57943787024546
2009-04-17,5.247386630281445,-4.652077333907464,-2.4903492567551195
2009-04-20,5.199052775901728,-4.560672775174698,-2.6169549664149137
2009-04-21,5.132866850930839,-4.4998059743223,-2.603732812717315
2009-04-22,5.153961754970631,-4.52670222615305,-2.47525719199921
2009-04-23,5.1110012305115875,-4.541812759147688,-2.305871933861684
2009-04-24,5.146893119227237,-4.614143047843729,-2.3732007192475706
2009-04-27,5.11825431997537,-4.576113826858593,-2.5804060250533336
2009-04-28,5.104593618395519,-4.59391857602407,-2.4845365468138967
2009-04-29,5.085543083579564,-4.607236819988954,-2.4167824689840876
2009-04-30,5.048189500808752,-4.579955141966841,-2.2369821872507996
2009-05-04,5.134853418821282,-4.654884677514942,-2.4508879782849244
2009-05-05,5.103641522009285,-4.628881052003596,-2.3928259080293737
2009-05-06,5.142295084420922,-4.685278030835908,-2.4968030621128405
2009-05-07,5.292592418220329,-4.879924132493914,-2.3973751222749766
2009-05-08,5.39572978712516,-4.980718155033684,-2.733873135000064
2009-05-11,5.325481138007764,-4.887048100420183,-2.777115464979059
2009-05-12,5.346181644796082,-4.901543451679528,-2.691605305448782
2009-05-13,5.379000761245075,-4.94480341216549,-3.0366777024371894
2009-05-14,5.386631245255138,-4.95257661775922,-3.0215337490084746
2009-05-15,5.391584913336721,-4.9895917907479586,-2.8940194019747114
2009-05-18,5.404333742217943,-5.016467672243353,-2.9554437748716755
2009-05-19,5.44783632190494,-5.005614864928346,-2.8881519722960376
2009-05-20,5.432378243925172,-4.925420838337548,-2.851570695559879
2009-05-21,5.431727628454122,-4.895678566742114,-3.1110272681733337
2009-05-22,5.5161755442843505,-4.999917349612251,-3.0053404955658043
2009-05-25,5.536331418068199,-5.015953536829553,-2.7120620308613987
2009-05-26,5.478189041653317,-4.977655862598435,-2.5874721074543987
2009-05-27,5.5011298112435405,-5.014950387288498,-2.4328011019251146
2009-05-28,5.531030136637494,-5.073199385558602,-2.3549594727822645
2009-05-29,5.558665915514631,-5.129826882422467,-2.479228961896499
2009-06-01,5.622385837417732,-5.180140876113408,-2.6256562864791997
2009-06-02,5.673959105097675,-5.216642898112164,-2.835140844980974
2009-06-03,5.53687441806116,-5.065323872325074,-2.76913173857385
2009-06-04,5.548212488026698,-5.054204034811787,-2.3990242312730072
2009-06-05,5.465565475322563,-4.974422607670565,-1.8482976398498943
2009-06-08,5.3646967105274115,-4.859694171522167,-1.5907862832489499
2009-06-09,5.331595363192123,-4.837307748918614,-1.5804313239844305
2009-06-10,5.3581287855066515,-4.904646331493018,-1.5526547391640906
2009-06-11,5.434488026466292,-5.031632217181274,-1.4630021740115882
2009-06-12,5.371675961599659,-4.970343293150708,-1.6111337191002189
2009-06-15,5.361392053554691,-4.9060961762207445,-1.9203453140157933
2009-06-16,5.396819661615059,-4.929612939645973,-2.0898930939958134
2009-06-17,5.410317879641815,-4.947794714978915,-2.308284675391861
2009-06-18,5.454530092398925,-5.066258534799982,-2.1337239043688045
2009-06-19,5.522226171922938,-5.094993583702377,-2.4084477135333024
2009-06-22,5.4210359696574635,-5.005073262048808,-2.409868365004954
2009-06-23,5.437659619381614,-5.021350095881506,-2.3882931387882587
2009-06-24,5.472174395700871,-5.148812189306935,-2.5106713960621954
2009-06-25,5.482880742677593,-5.1890659952159846,-2.640290924135766
2009-06-26,5.442973678839277,-5.1155893122064064,-2.697329667913656
2009-06-29,5.392436484468529,-4.998456752381863,-2.6812822603825737
2009-06-30,5.364484357964123,-5.031354055883291,-2.385655441094123
2009-07-01,5.37460235833971,-5.021649732008957,-2.5077874013875676
2009-07-02,5.365063250156036,-5.081457056122968,-2.6721278463819456
2009-07-03,5.350706258280848,-5.087811803784243,-2.5906672793340726
2009-07-06,5.305170718163404,-5.049331812270042,-2.5780962840773487
2009-07-07,5.317021182656223,-5.081328452250058,-2.5609436229942504
2009-07-08,5.318445627431846,-5.120559509107109,-2.4888309461488003
2009-07-09,5.2876974699182195,-5.106897033813458,-2.3382126831436834
2009-07-10,5.275968115836324,-5.086623940455968,-2.4926993356857015
2009-07-13,5.208842942741354,-5.030613484706725,-2.3377751311291597
2009-07-14,5.212922100177986,-5.062857117735855,-2.0873081853505013
2009-07-15,5.2405228318665,-5.1014169849018165,-2.0463965552632253
2009-07-16,5.259460599098018,-5.155834853272526,-2.1176224666720045
2009-07-17,5.315153752395722,-5.223091350235807,-2.1313514251814105
2009-07-20,5.339247012053322,-5.232385059250282,-2.091173913350754
2009-07-21,5.340431142994492,-5.227049396224402,-2.1987331823106064
2009-07-22,5.3241396896549595,-5.19351359460419,-2.304953741588872
2009-07-23,5.327226819909826,-5.190490274390615,-2.346091365428094
2009-07-24,5.305206041338466,-5.169312682662922,-2.158671578941024
2009-07-27,5.316466738867598,-5.181532057894157,-2.0191785186121782
2009-07-28,5.249608496606841,-5.092656885355246,-2.0857368033309287
2009-07-29,5.192186061217221,-5.041483761873407,-2.0417673848317057
2009-07-31,5.0129892824028985,-4.866718890195517,-1.910976945903738
2009-08-03,5.018118482526723,-4.869545130923834,-1.8206066751469532
2009-08-04,4.989085397864004,-4.827830696564522,-1.7037409398825807
2009-08-05,4.934571962467124,-4.779699740757544,-1.36537626106421
2009-08-06,4.911192781228633,-4.771562458473018,-1.206420647987426
2009-08-07,4.942303566540606,-4.818994211450247,-0.9999980146414175
2009-08-10,4.949849219890885,-4.825300050833741,-1.0381905427699787
2009-08-11,4.909820601397563,-4.7978379088773675,-1.1824492561196192
2009-08-12,4.951659253821418,-4.861970855166975,-1.1568489166764326
2009-08-13,4.948592157848156,-4.873938953247708,-1.3100620562574803
2009-08-17,4.878968334873772,-4.782903956803399,-1.4975746492545556
2009-08-18,4.872758092543443,-4.771069472020243,-1.4704078526036413
2009-08-19,4.838198869072456,-4.737200636921033,-1.5069561690109752
2009-08-24,4.8559406371834966,-4.75146503715607,-1.353494157766027
2009-08-25,4.882917322304024,-4.772315578111359,-1.5648588697638972
2009-08-26,4.847652971042958,-4.722035777067634,-1.6342733233602904
2009-08-27,4.843906774269482,-4.730138501485254,-1.6170522764313207
2009-08-28,4.889053853708386,-4.790698221886833,-1.6262747815120513
2009-08-31,4.899063305391073,-4.804308496349195,-1.6137964389386676
2009-09-01,4.948322090241274,-4.867709163931988,-1.6773082151021335
2009-09-02,4.959650471314456,-4.8614236422680275,-1.835317275957779
2009-09-03,5.048759473910228,-4.987168558410223,-1.954198898729222
2009-09-04,4.994512022241347,-4.9293966183461615,-1.9654529928589588
2009-09-07,5.062101942925065,-5.012309861089962,-2.125351528008231
2009-09-08,5.113575598306564,-5.067686555478942,-2.1592156616003844
2009-09-09,5.201420038779285,-5.133847131391088,-2.276423860867141
2009-09-10,5.176226317410883,-5.078917446832975,-2.509477724055695
2009-09-11,5.115553162489817,-5.015916925015679,-2.4422444345327388
2009-09-14,5.0492416968086,-4.9447165136584825,-2.2942738688995883
2009-09-15,5.070400580244249,-4.965037486639315,-2.241253817107807
2009-09-16,5.107459510911408,-4.994071465933678,-2.2200946555783445
2009-09-17,5.1066077946732,-4.972810383122356,-2.122535522206436
2009-09-18,5.140542464537417,-4.989233492044764,-2.277788941419653
2009-09-23,5.152066650142557,-5.054250689047181,-2.2392131325733318
2009-09-24,5.154151127024841,-5.035141032252156,-2.4893724457655955
2009-09-25,5.021312431773849,-4.898758020717429,-2.281998761116905
2009-09-28,4.966247877122764,-4.85025368843569,-2.194447201175547
2009-09-29,4.94494916414398,-4.836968306992544,-2.038340622305834
2009-09-30,4.894314927153818,-4.780400896311018,-1.9692569937397262
2009-10-01,4.960999180254031,-4.82746306794727,-2.0745070624792574
2009-10-02,4.952127071448661,-4.794140773276667,-2.321901523547576
2009-10-05,4.9358770553698825,-4.778406647475268,-2.291724421879067
2009-10-06,4.953988737312811,-4.791140422499928,-2.235671137281108
2009-10-07,4.908618875081692,-4.7099368970372515,-2.230212606573227
2009-10-08,4.904367300380586,-4.698329298379062,-2.322393921618963
2009-10-09,4.936847478621791,-4.6913564406856025,-2.0630371170749773
2009-10-12,4.95039441249558,-4.71511981950268,-2.1423504598927896
2009-10-13,4.96684125799006,-4.7428453230885514,-2.261577919276501
2009-10-14,5.0202432312858045,-4.780441963824928,-2.26738680183247
2009-10-15,5.074208376956288,-4.845633082039849,-2.1129809461622657
2009-10-16,5.047623684167186,-4.806903749861505,-2.0647292380235607
2009-10-19,5.056706637024468,-4.817123881625219,-2.1151735823810984
2009-10-20,5.014119997479293,-4.753478339911765,-2.2348495254139107
2009-10-21,5.1037383136285115,-4.841009449684911,-2.3452002722180763
2009-10-22,5.07457229428276,-4.814545873118205,-2.3280182722918035
2009-10-23,5.131682625267503,-4.879816221205158,-2.2891863132081767
2009-10-26,5.168928045764496,-4.934878804010044,-2.312838384066676
2009-10-27,5.105971017788654,-4.859365879412727,-2.5133886897977975
2009-10-28,5.063493612160677,-4.8219862018903665,-2.503155507284676
2009-10-29,5.07490810602348,-4.825899804887719,-2.264405364090558
2009-10-30,5.025160465231141,-4.76846103408708,-2.3139564984520335
2009-11-02,5.035552563942247,-4.763000768129951,-2.4646975817470578
2009-11-03,5.0684644992111245,-4.800136249029764,-2.5780973779275316
2009-11-04,5.122262907151119,-4.8603667806203745,-2.493374094781895
2009-11-05,5.1540318905852995,-4.919582028811463,-2.440621749195327
2009-11-09,5.154780645109925,-4.925345736040252,-2.6297397420708215
2009-11-10,5.101414600926854,-4.865286825763193,-2.622942806166321
2009-11-11,5.11029891850168,-4.880057805138483,-2.5741259505025735
2009-11-12,5.127971057149128,-4.906014826825429,-2.5545585009239526
2009-11-13,5.12292351890431,-4.905312981221385,-2.593605586713493
2009-11-16,5.115679082586796,-4.886823377892219,-2.599545558317299
2009-11-17,5.05143886115455,-4.817557761121805,-2.5213763524350012
2009-11-19,5.012726038246986,-4.78560888364463,-2.4732168379199075
2009-11-20,5.0108910646344,-4.787110138398649,-2.300094102489275
2009-11-23,5.009435874444884,-4.771960574412627,-2.281466758543079
2009-11-24,5.016622043601563,-4.757477848826007,-2.4804911725760697
2009-11-25,5.0146083571889255,-4.734278288593225,-2.4595458105786268
2009-11-26,5.020186204709836,-4.735953673776694,-2.766119784346012
2009-11-27,5.02572228239315,-4.765137102355701,-2.7063464633155814
2009-11-30,4.960290417063461,-4.683943539387275,-2.6214032672582226
2009-12-01,4.968373013266845,-4.685832131860751,-2.741391232771576
2009-12-02,4.986068331028211,-4.710940801916385,-2.736782806880473
2009-12-03,4.976665224248997,-4.752014467340266,-2.5059378737892395
2009-12-04,4.992255905857341,-4.795324009688199,-2.28313796685506
2009-12-07,4.933091518437187,-4.72177457539106,-2.3708241239918952
2009-12-08,4.938562259590929,-4.732645442297567,-2.599276671266039
2009-12-09,4.959500790945827,-4.748438230228819,-2.5814522976914063
2009-12-10,5.010170501541656,-4.7837123764060605,-2.6281275748246515
2009-12-11,5.053336740620839,-4.82957102151287,-2.5961015336740085
2009-12-14,5.035091261728828,-4.811820170008967,-2.6604655189411197
2009-12-15,5.034179684719831,-4.797985862865792,-2.6241716352847186
2009-12-16,5.02066843277449,-4.803769879536746,-2.662309516274937
2009-12-17,4.970297283656178,-4.761635688654611,-2.7360050694340328
2009-12-21,4.985069869107002,-4.799126358860885,-2.596915256372555
2009-12-22,5.060384973661223,-4.8733201387443685,-2.6511617002326338
2009-12-23,5.103565705320339,-4.924292944899816,-2.6767126543865496
2009-12-24,5.100808181754398,-4.910227254133293,-2.675038144658259
2009-12-28,5.122661821470201,-4.944485074916247,-2.5363657913514506
2009-12-29,5.123258137953052,-4.955933329018789,-2.407364234205755
2009-12-30,5.1313537561754545,-4.955233012087794,-2.3509643820724757
2009-12-31,5.133090382953682,-4.945715229018321,-2.3739395678138817
2010-01-04,5.092345034606769,-4.937150875417727,-2.074782887501175
2010-01-05,5.090330905320349,-4.953144435956464,-2.168339289672611
2010-01-06,5.129328473552707,-5.0120023225440065,-2.198869748871163
2010-01-07,5.078236207076568,-4.984168926208426,-2.1430114509841123
2010-01-08,5.068578062046517,-4.973632620098693,-2.2087060550408526
2010-01-12,5.050995852430188,-4.953755240551329,-2.3495894945062634
2010-01-13,5.085079024943766,-4.984201069538552,-2.4149970729683106
2010-01-14,5.098558103139848,-5.008637007892519,-2.4193288361712106
2010-01-15,5.067640350910465,-4.998336737161057,-2.456311529969389
2010-01-18,5.037859081005314,-4.958345425209804,-2.3976365038905234
2010-01-19,5.057398153954851,-4.984616350189224,-2.3281648862034947
2010-01-20,5.082716336829381,-4.975670410913782,-2.599023956553942
2010-01-21,5.117847792993282,-5.012480746569158,-2.6619395859080033
2010-01-22,5.101683036065015,-5.017148943978083,-2.731894771862138
2010-01-25,5.07856777984329,-4.98915091670355,-2.6451058398607916
2010-01-26,5.066169554170944,-4.967259386834012,-2.695507419407224
2010-01-27,5.013479987758294,-4.907769324513056,-2.6231478479866577
2010-01-28,5.0119353725727604,-4.913881617138578,-2.5277670608267555
2010-01-29,5.02672909434277,-4.934137013668972,-2.454248931753473
2010-02-01,4.979045276755799,-4.861036385390074,-2.5212898475704546
2010-02-02,4.950437832595771,-4.8480079092750525,-2.359805711294755
2010-02-03,5.007179110389629,-4.872908305848534,-2.519055525612116
2010-02-04,4.958488236419883,-4.816551653262895,-2.494752998493493
2010-02-05,4.906994819499236,-4.777763890220897,-2.5071811662073937
2010-02-08,4.894495625742193,-4.792271158985011,-2.4751214554402554
2010-02-09,4.951578108542353,-4.833918477677147,-2.6180869274861114
2010-02-10,4.977155504644439,-4.8514443596364405,-2.691147961565581
2010-02-11,4.978673532990507,-4.85067258181657,-2.608466892565607
2010-02-12,5.004748810968656,-4.888919971187268,-2.7551559232569565
2010-02-15,5.022865294399698,-4.917199655525547,-2.742016762397618
2010-02-16,5.035204359013671,-4.918409970882645,-2.804914031025544
2010-02-17,5.039122960609784,-4.9195512200861735,-2.881662098130741
2010-02-18,5.0842794489713095,-4.958248372231883,-2.9758787785421768
2010-02-19,5.09109898428229,-4.980524807877378,-2.8202001481582
2010-02-22,5.088378506898131,-4.991131996815924,-2.778353899284348
2010-02-23,5.037365726946888,-4.911816874256159,-3.0765140641717905
2010-02-24,4.962795012848715,-4.866254535945286,-2.8751914281216533
2010-02-25,4.977310457036463,-4.863382186572473,-3.0779509173116564
2010-02-26,4.962270696645912,-4.85721556106511,-3.0973066411116057
2010-03-01,4.979850978083447,-4.850644111477077,-3.148335973312765
2010-03-02,4.989628224447367,-4.858030497208225,-3.205537700029006
2010-03-03,5.018723999628788,-4.896330102753825,-3.1097836063344295
2010-03-04,5.01749207206497,-4.888452131838854,-3.16621542619764
2010-03-05,5.020264417787929,-4.914495345707602,-3.025035280438134
2010-03-08,5.023143001286907,-4.9139436914682175,-3.060268001039658
2010-03-09,5.015055890161964,-4.88404229770354,-3.225387815610747
2010-03-10,5.019116608845359,-4.8996856287476085,-3.1129278575371706
2010-03-11,5.017945511929112,-4.890025468684243,-3.0542664365176426
2010-03-12,5.016443879296551,-4.8951166917509585,-2.9041170578234534
2010-03-15,4.9809496977859435,-4.854323727443305,-2.9555271853719542
2010-03-16,4.973909370605947,-4.835089620112888,-3.015092576151052
2010-03-17,4.981454413345629,-4.822491442187593,-3.2610593330505715
2010-03-18,4.991259259689925,-4.836715369273729,-3.1788133103277474
2010-03-19,4.989755432489145,-4.836197523648088,-3.1358262417884406
2010-03-22,4.9395722216414715,-4.787081208667848,-3.1114837022361237
2010-03-23,4.915840521726581,-4.766291794785923,-3.1331258451943897
2010-03-24,4.9238455991232675,-4.787781001090863,-3.0148786804258316
2010-03-25,4.9471865989988295,-4.820924348227803,-2.9901963072419853
2010-03-26,4.969457050535893,-4.851565171149208,-2.9242867960849117
2010-03-29,4.940724217450204,-4.8119858200415555,-3.0080569965742874
2010-03-30,4.943261426713417,-4.814427401353237,-2.9635763429557938
2010-03-31,4.891164395500733,-4.731817106605109,-3.0251383929491897
2010-04-01,4.879867459830875,-4.710485237970407,-2.9600729834279234
2010-04-06,4.874562402624634,-4.716604012486521,-2.8386557126164083
2010-04-07,4.856667828461051,-4.715173750279349,-2.831475383118306
2010-04-08,4.867712284109349,-4.713292094948879,-2.9606293618711845
2010-04-09,4.90878651608299,-4.757603191854354,-2.852407539855796
2010-04-12,4.908058008369553,-4.748839936160135,-2.8471271003926972
2010-04-13,4.915764358572698,-4.7333273034966865,-3.0472642568337593
2010-04-14,4.924946256287801,-4.764708800983798,-3.0391746110394253
2010-04-15,4.947388362847539,-4.771949679236068,-3.111036087282169
2010-04-16,4.941122744285317,-4.75779677238035,-3.251570116967117
2010-04-19,4.924820262951761,-4.756283803829745,-3.254614218433632
2010-04-20,4.928269179861967,-4.752480636684376,-3.225852986669173
2010-04-21,4.937103789777779,-4.754113424083939,-3.2843480530820495
2010-04-22,4.870392020449722,-4.702559269379105,-3.1319547947426596
2010-04-23,4.909343452243733,-4.740292840902908,-3.149197179222438
2010-04-26,4.844634589625412,-4.671718341716826,-3.0039766581533023
2010-04-27,4.797132846112847,-4.675214192339187,-2.775123287784147
2010-04-28,4.724509256190753,-4.645172748478337,-2.5623685391948423
2010-04-29,4.806263001603222,-4.668411624311519,-2.8803026559378813
2010-04-30,4.792082730412582,-4.61603855123982,-3.0991846388300197
2010-05-03,4.923544798477928,-4.709325900336231,-3.4480886571398877
2010-05-04,4.836483917824627,-4.648799881430386,-3.418754536373414
2010-05-05,4.81460913350017,-4.658498355149649,-3.756749017596582
2010-05-06,4.900485924918303,-4.718702622572209,-4.040353477269386
2010-05-07,4.915953887953776,-4.71339731721031,-4.339301624704197
2010-05-10,5.062293954875727,-4.872116949995761,-4.306517550029248
2010-05-11,5.043494954545336,-4.835094298897174,-4.326032489770525
2010-05-12,5.0353785753714595,-4.857839811236734,-4.2285819534783995
2010-05-13,5.017419427043872,-4.823377525058829,-4.289851477876921
2010-05-14,4.9302994236409425,-4.730360590021057,-4.354602285135605
2010-05-17,4.917296288307764,-4.752892528232312,-4.07537281131973
2010-05-18,4.920764003975813,-4.65900848033139,-4.350120785316537
2010-05-19,4.837523610826586,-4.6077667608060455,-4.158501420490057
2010-05-20,4.757658904158958,-4.469196926228676,-4.3520758013598275
2010-05-21,4.6490477946273705,-4.426353712427761,-3.9901989675275917
2010-05-24,4.632789325489967,-4.420797479616671,-3.988925708148347
2010-05-25,4.555065100552108,-4.316609571219645,-3.952780317134211
2010-05-26,4.634810649869367,-4.374741600401157,-3.9155041574084386
2010-05-27,4.630169071517435,-4.404400323836727,-3.6786235177392963
2010-05-28,4.510530953366141,-4.436072494764553,-3.873687613887359
2010-05-31,4.477089787360436,-4.392105452499848,-3.9020657586900573
2010-06-01,4.445707933403432,-4.369483622372921,-3.82974049928188
2010-06-02,4.469141469295457,-4.4059901375784305,-3.8082778797886143
2010-06-03,4.570351367466462,-4.521764503363939,-3.7915004210238554
2010-06-04,4.537874577217144,-4.480788555148552,-3.8458366893769598
2010-06-07,4.553130034645507,-4.528835960123178,-3.6881127659205095
2010-06-08,4.520453761676851,-4.5044750621095995,-3.6534340287751643
2010-06-09,4.540540284670373,-4.4956828862136735,-3.833304596777895
2010-06-10,4.549871198777093,-4.518578747830856,-3.742249592130688
2010-06-11,4.527135826198197,-4.4682916059410385,-3.8795501415298737
2010-06-14,4.542960592390551,-4.477010229576031,-3.8509648841370128
2010-06-15,4.584360806931023,-4.523071836974038,-3.795806153117786
2010-06-16,4.572732558755396,-4.494018817807371,-3.822052249057114
2010-06-17,4.578212936725341,-4.510758389011824,-3.757404041741299
2010-06-18,4.5810270960082935,-4.51261284630999,-3.6335377620358904
2010-06-21,4.596609040723106,-4.4913799421658185,-3.6231757379840315
2010-06-22,4.530042680940669,-4.425465387555868,-3.5579120197859955
2010-06-23,4.527411901089038,-4.406163501161248,-3.6400034963428602
2010-06-24,4.546711857987938,-4.385073890402511,-3.9097261570135533
2010-06-25,4.54691475899467,-4.37921269916122,-3.828851825786695
2010-06-28,4.49108725428457,-4.302753183138651,-3.759073083748439
2010-06-29,4.4547458000303415,-4.271381282267381,-3.83277952272557
2010-06-30,4.426008303536788,-4.199105674080718,-3.731325937290548
2010-07-01,4.4121027768031995,-4.118030663418689,-3.782154529284316
2010-07-02,4.430234955882096,-4.134772081027941,-3.860851275103982
2010-07-05,4.385013928161177,-4.0789310300937895,-3.963715928672099
2010-07-06,4.422980008365936,-4.113070738743257,-3.9046561047343737
2010-07-07,4.410722105249203,-4.09145234166685,-3.936990656584229
2010-07-08,4.413058842523517,-4.023182616498906,-3.8825282672107746
2010-07-09,4.3649554190127065,-3.9830192092966,-3.743705941710005
2010-07-12,4.342222625957315,-4.018976694587621,-3.736503666009513
2010-07-13,4.371219819382461,-4.049461369228507,-3.768338636105323
2010-07-14,4.326958144169952,-3.9957589187434452,-3.556961078547044
2010-07-15,4.377507307115519,-4.040847895158878,-3.5255202782378903
2010-07-16,4.345723527483073,-3.969881132986311,-3.597543704989826
2010-07-19,4.355052132917057,-3.9294613988773444,-3.5362565916629567
2010-07-20,4.345985953712162,-3.9495911190357464,-3.6031444882076036
2010-07-21,4.372740270739025,-3.9901159372338117,-3.7123777994924914
2010-07-22,4.399323389142707,-4.027680658476181,-3.7064559460675066
2010-07-23,4.386820163401957,-3.9881625852728453,-3.6572600037691023
2010-07-26,4.417696540995804,-4.044746748981153,-3.529281022223379
2010-07-27,4.413584641905775,-4.047697600765191,-3.3219456440624975
2010-07-28,4.426735547844912,-4.049543088795113,-3.5015646845282284
2010-07-29,4.421424606606785,-4.05265545559606,-3.482087758765543
2010-08-02,4.3980998234043165,-4.036122964051565,-3.443743304840886
2010-08-03,4.347805839440379,-3.947375203214004,-3.731464159607167
2010-08-04,4.297894686414332,-3.8910614686269085,-3.673501915278381
2010-08-05,4.245204114247979,-3.816691540905367,-3.6540775923685023
2010-08-06,4.1956130838924,-3.7406596006600905,-3.687198559107134
2010-08-09,4.2110510305201725,-3.7609047213408093,-3.7981925994396954
2010-08-10,4.27416098266559,-3.836111848713415,-3.882277699466822
2010-08-11,4.221480512814138,-3.7840375734846976,-4.122885233004362
2010-08-12,4.1920972059910495,-3.797762523761458,-4.0555120230509205
2010-08-13,4.209830559192663,-3.806866808553723,-4.11033895999232
2010-08-16,4.065281341641251,-3.6751854272214084,-3.906012102115753
2010-08-17,4.019971426040292,-3.6562224925460223,-3.6362931297150256
2010-08-18,3.9812824243749696,-3.592286398629117,-3.750031595212751
2010-08-19,3.99816523593858,-3.5934729452795793,-3.836850617876643
2010-08-23,3.900242587091681,-3.565599503573453,-3.550957725553839
2010-08-24,3.7846614581632068,-3.419889057769269,-3.6840993611748702
2010-08-25,3.6271176864529626,-3.293511542697461,-3.245969930315476
2010-08-26,3.6144992658108013,-3.301406569759706,-3.0707770643520567
2010-08-27,3.5511682343905178,-3.23527541359066,-2.955254747671005
2010-08-30,3.629301100501386,-3.2916846507965083,-3.202228953016388
2010-08-31,3.6036787382363387,-3.2541999037896456,-3.181356849287898
2010-09-01,3.717940365561225,-3.3970565917560744,-3.1774910558985563
2010-09-02,3.84196884746491,-3.509490853595122,-3.427989679586245
2010-09-03,3.959895120115007,-3.612491656982881,-3.5522123093256863
2010-09-06,3.9459799845153403,-3.5910280153175274,-3.579787861670856
2010-09-07,3.8679440200103565,-3.5037136970054377,-3.62420478612691
2010-09-08,3.8606553706599356,-3.5244707978796868,-3.3952770599374666
2010-09-09,3.8357709326940626,-3.5045694736803643,-3.1792153754304184
2010-09-13,3.989279253730996,-3.6558450695388895,-3.238519871554043
2010-09-14,3.904259220593054,-3.573267421715552,-3.1704074001457165
2010-09-15,3.959908431751345,-3.6250269243441133,-3.1484601201414186
2010-09-16,4.076916171336095,-3.734960637318445,-3.1174291461815375
2010-09-17,3.9803369604298178,-3.628756553301846,-3.111370839376911
2010-09-20,4.000454908360453,-3.6684043276413005,-2.986902725679502
2010-09-21,3.985875715322191,-3.6750013406510833,-2.9078611345144996
2010-09-22,3.9148606726620563,-3.582325734990797,-3.0039122700760736
2010-09-23,3.903862998853949,-3.5505013200353304,-3.2701332506091894
2010-09-24,3.9586808256737487,-3.588894179107367,-3.3511782618891197
2010-09-27,3.905601195736532,-3.4760715908698554,-3.4389934111185485
2010-09-28,3.8413968495819484,-3.4256812226988558,-3.291319776313842
2010-09-29,3.8020818587686027,-3.39133102353742,-3.0375251814621564
2010-09-30,3.8191376072571646,-3.302788822735259,-3.0347219721674925
2010-10-01,3.858778365022356,-3.2977613783820745,-3.048825342638964
2010-10-04,3.776447507819831,-3.255454794009962,-3.0676533973044773
2010-10-05,3.801986250752728,-3.27131680753659,-3.163853702552821
2010-10-06,3.799546423826135,-3.2578523560479393,-3.3029299357101407
2010-10-07,3.825192114031777,-3.2621850511738666,-3.307147989834332
2010-10-08,3.8633040127376184,-3.3001377122812174,-3.3646377424238527
2010-10-11,3.867790721354643,-3.290647104523705,-3.4604125460224044
2010-10-12,3.831755225507266,-3.253934282531784,-3.513585783365458
2010-10-13,3.8974576345637,-3.3331578944951357,-3.5444227892592073
2010-10-14,3.93522633258835,-3.314741239338244,-3.6805328618142314
2010-10-15,4.001988841600431,-3.3825947690402014,-3.6917309843459245
2010-10-18,3.9775706857524615,-3.3334162274036236,-3.4726113907857297
2010-10-19,3.9891607957251654,-3.33629565691362,-3.413537014096613
2010-10-20,3.9436687866257825,-3.288580383674833,-3.1827580935876707
2010-10-21,3.955698105184441,-3.309609535455162,-3.074766218449572
2010-10-22,3.9219153317394753,-3.2794753367704006,-2.9159588261182376
2010-10-25,3.913956204185973,-3.2635166528754436,-2.98961262147615
2010-10-26,3.920311210629119,-3.251018413495272,-2.8355051141454433
2010-10-27,3.9976314681371745,-3.346682239383492,-2.8135757018768697
2010-10-28,3.9705512644355236,-3.281233473707787,-2.899232443215798
2010-10-29,3.9579008676103284,-3.287135439227245,-2.9066180940446977
2010-11-01,3.9078573213973806,-3.2337668243183035,-2.8532184084798944
2010-11-02,3.853123594121276,-3.176991883577273,-2.7680634833704367
2010-11-03,3.7932349914972447,-3.1202709080380435,-2.7811145842462204
2010-11-04,3.880333600024687,-3.1695153734567922,-3.058704337568815
2010-11-05,3.9631197830788696,-3.240751951212128,-3.3304311987702873
2010-11-08,3.94550364374694,-3.195017311709945,-3.4053718900754726
2010-11-09,3.952214778847843,-3.224174435487974,-3.367966387868511
2010-11-10,3.9558958285053762,-3.235849782397077,-3.312358543320049
2010-11-11,4.0393140826387945,-3.312966502849555,-3.485824695742664
2010-11-12,4.05906578727701,-3.3878078098840225,-3.221902738573446
2010-11-15,4.092068039629509,-3.445958228888899,-3.0667832841113105
2010-11-16,4.14037859706968,-3.50700479035377,-3.14879933286247
2010-11-19,4.201816609362103,-3.618849571978733,-2.838169228559943
2010-11-22,4.188685543598781,-3.5907593404922755,-3.007828572172326
2010-11-23,4.110982294311229,-3.5342868958953133,-3.111642810844739
2010-11-24,4.191336403862186,-3.6777146632501214,-2.9646741919750994
2010-11-25,4.221575275588301,-3.7134817262592197,-2.893175569566283
2010-11-26,4.259998046095195,-3.7697816317477395,-2.907845526075012
2010-11-29,4.284977282803673,-3.8053463418138316,-2.925278851044985
2010-11-30,4.238958707091168,-3.7743523572570234,-2.8256772680910176
2010-12-01,4.307423595623696,-3.8518980792471558,-2.815078821161002
2010-12-02,4.3611245610278395,-3.9397507583860296,-2.8653550486341053
2010-12-03,4.480652149983554,-4.064907765794233,-3.014762446556232
2010-12-06,4.4981043828945015,-4.057206779181147,-3.3052336229071844
2010-12-08,4.583271495631955,-4.206983550533372,-2.946245985461219
2010-12-09,4.413427511213104,-4.07462690156049,-2.470435728406704
2010-12-10,4.404642295942119,-4.050862901200318,-2.37075772284464
2010-12-13,4.447965884854175,-4.100589079155609,-2.4213492429047876
2010-12-14,4.515778732114394,-4.185894791680739,-2.4877602500404112
2010-12-15,4.521117818125853,-4.1946778591350435,-2.4298546870733
2010-12-16,4.5553159582615566,-4.244673007272531,-2.374917456470445
2010-12-17,4.547871847765556,-4.223586975952099,-2.4790516863901426
2010-12-20,4.477985664447976,-4.141068384930788,-2.5406583425127565
2010-12-21,4.486003660813829,-4.1585991211976445,-2.524192056426216
2010-12-22,4.490078490306824,-4.244408398988591,-2.5672069367939043
2010-12-23,4.531461844703538,-4.274739774380511,-2.6993577138225966
2010-12-24,4.532577883496344,-4.268473956973622,-2.713753616946506
2010-12-27,4.5839619919790335,-4.3473556889572285,-2.622737680214665
2010-12-28,4.532317716557409,-4.274089387699566,-2.78856026897301
2010-12-29,4.607875367835809,-4.364552920175979,-2.767437095778675
2010-12-30,4.590130393207679,-4.338146650206107,-2.8898412270361695
2010-12-31,4.592044138508671,-4.325866764340874,-2.9170006347704827
2011-01-03,4.568844342501232,-4.320192162771662,-2.8845875928877374
2011-01-04,4.522273931027494,-4.237333549992094,-2.9121209536881
2011-01-05,4.520200937637996,-4.265307484016316,-2.8033070529830715
2011-01-06,4.59929442676211,-4.356126878599999,-2.8028957829900527
2011-01-07,4.565123715019001,-4.326263646646945,-2.8467770635659635
2011-01-10,4.518278011407931,-4.267314111448666,-2.8945154623620906
2011-01-12,4.639281995077524,-4.401561639761668,-2.7515372471530166
2011-01-13,4.5706209198795085,-4.324886607608504,-2.367422066526413
2011-01-14,4.467090555963394,-4.204387102390626,-2.1074336866417527
2011-01-17,4.502753733530263,-4.228006425231129,-2.156712254034189
2011-01-18,4.514928755908339,-4.212391257549204,-1.95724312441627
2011-01-19,4.545049739438737,-4.265372701946221,-2.0823736763050253
2011-01-20,4.567592722888466,-4.252817276146865,-1.8750988058141673
2011-01-21,4.5351876470041415,-4.206696827869225,-1.687963980782676
2011-01-24,4.495267135795504,-4.165053838070189,-1.702050325373181
2011-01-25,4.530486605704638,-4.10745473826209,-1.9547377176766625
2011-01-26,4.538515420528512,-4.183523313375007,-1.6762757259562255
2011-01-27,4.539785061738378,-4.176889822548319,-1.6360121415995375
2011-01-28,4.480358488874359,-4.053025047091131,-1.3815707994703748
2011-01-31,4.478703762620025,-4.03637947498113,-1.4967176092511385
2011-02-01,4.588731886731205,-4.16962362732557,-1.6065020577716966
2011-02-02,4.554520353974823,-4.097223944058748,-1.6366000870174966
2011-02-03,4.622036306012276,-4.182485699958046,-1.765793438820995
2011-02-04,4.60602626211074,-4.1739466194411685,-1.6778154302525798
2011-02-07,4.642474738484643,-4.242979340693285,-1.6515469042804556
2011-02-08,4.646124486461287,-4.185039918185749,-1.7277007557696589
2011-02-09,4.6846645826523785,-4.210555955011562,-1.7470427391171104
2011-02-10,4.671442082437299,-4.214319745274293,-1.6274550942465256
2011-02-11,4.665519703373977,-4.207387895417542,-1.7678993867010813
2011-02-14,4.699284721409779,-4.264378563561744,-1.7276899181543395
2011-02-15,4.701287544971969,-4.267159889870607,-1.68425617534486
2011-02-18,4.636838303422174,-4.192775237307543,-1.782809610345685
2011-02-21,4.586285940262534,-4.090442739030808,-1.8400645221328704
2011-02-22,4.525217238809757,-3.9924939288157733,-1.709614272123665
2011-02-23,4.451972567753943,-3.9166485174545116,-1.5709414702032687
2011-02-24,4.482726064565447,-3.961478519735728,-1.6654259528067934
2011-02-25,4.48237319794238,-3.957605475324513,-1.5938562051929785
2011-02-28,4.503129811419709,-3.9972559337035802,-1.5867689517126164
2011-03-01,4.5368116258287365,-4.037284051046624,-1.5397743004095699
2011-03-02,4.528168271693841,-4.041759496533674,-1.5340208217164892
2011-03-03,4.536293218656084,-3.8948821469728276,-1.2005626792984516
2011-03-04,4.487633411170865,-3.869432853844087,-1.0459887392391127
2011-03-07,4.508623043127084,-3.8989020747854326,-1.0060787281743897
2011-03-08,4.508274234709313,-3.9059860757959135,-1.1125180806242658
2011-03-09,4.512790092009676,-3.9135501709197493,-1.095357637278602
2011-03-10,4.468573389963313,-3.870441194682638,-1.1560871915618371
2011-03-11,4.4521462519647805,-3.8603533316123655,-1.2537451977257072
2011-03-14,4.438493273178147,-3.866886180593215,-1.2336942994605529
2011-03-15,4.400738378951295,-3.8411476988419544,-1.4739744296574606
2011-03-16,4.417405255380205,-3.8370759038444326,-1.723107515978696
2011-03-17,4.466488199666684,-3.8825936886642296,-1.5857101626027346
2011-03-18,4.497439591153682,-3.885578434707851,-1.5870281768841037
2011-03-21,4.472588058741354,-3.8464378465210785,-1.2384555149030096
2011-03-22,4.484047899105583,-3.8563713286921164,-1.2345800409020686
2011-03-23,4.481244289807925,-3.859540820956067,-1.2677775524058545
2011-03-24,4.538426846871227,-3.8855424484640118,-1.4109842657896587
2011-03-25,4.540591972310797,-3.8823192723404336,-1.3380114871988364
2011-03-28,4.573191253965549,-3.8913414336333547,-1.295358757817205
2011-03-29,4.541573470540963,-3.8726153847795426,-1.1804043099382164
2011-03-30,4.577626575901249,-3.939729818875925,-1.0983392878628653
2011-03-31,4.553285315310791,-3.899931404849253,-1.010832653204867
2011-04-01,4.568657900865473,-3.923570568409649,-0.8759877405272748
2011-04-04,4.5645526811796655,-3.9136118153032315,-0.9338345758095007
2011-04-05,4.569537078768391,-3.9130241124905347,-0.9904469784217085
2011-04-06,4.618040579686857,-3.9584857139272898,-0.9876373969639304
2011-04-07,4.646243613186825,-3.9471012164013697,-1.0948166515029394
2011-04-08,4.654093287161862,-3.9191414435738294,-0.9295624274303418
2011-04-11,4.662254853859699,-3.951466978318345,-0.9208919423650362
2011-04-12,4.660706762310245,-3.9434430337516324,-1.1103960937826867
2011-04-13,4.647656000508712,-3.9264530633581916,-0.9843120550616491
2011-04-14,4.597298986474514,-3.8765007433808027,-1.0287810329436118
2011-04-15,4.57210516195839,-3.835618695571126,-0.977569632447269
2011-04-18,4.542824517261537,-3.782344540323916,-1.2504812164170709
2011-04-19,4.488923921052477,-3.7119849569065755,-1.0807569256032263
2011-04-20,4.4961552541281256,-3.694489713410063,-1.1101118893620823
2011-04-21,4.4996798307385815,-3.7042519520937547,-1.2264936981724706
2011-04-26,4.503964642354045,-3.7234900579370063,-1.249354618212112
2011-04-27,4.510158717973687,-3.70096276397612,-1.1645490054806278
2011-04-28,4.477635474997924,-3.6348154120168585,-1.2442815872871136
2011-04-29,4.438332998480326,-3.587075012891529,-1.1514546752807036
2011-05-02,4.433328654167727,-3.5607736626228967,-1.1502550367584028
2011-05-03,4.438537847469934,-3.556579092595549,-1.1500121093411182
2011-05-04,4.456556548019321,-3.5531767892007995,-0.9916400637659779
2011-05-05,4.495510305239138,-3.6391279504629344,-1.3685787870733246
2011-05-06,4.39907537978184,-3.516998944263593,-1.3500359453435284
2011-05-12,4.4084189261732805,-3.516174724866296,-1.6921434632068146
2011-05-13,4.391706515076416,-3.4608687988063513,-1.701274434310351
2011-05-16,4.41370401777939,-3.4685363961904385,-1.6862789868470844
2011-05-17,4.4068093258032155,-3.4703406890598507,-1.6837625348007488
2011-05-18,4.390008947951651,-3.435445881467923,-1.6852641915282105
2011-05-19,4.427856981731432,-3.467908833094363,-1.5636455415481796
2011-05-20,4.371086288213075,-3.4159410066105407,-1.7083422124315493
2011-05-23,4.364242416872399,-3.422057471604485,-1.8532198880346402
2011-05-24,4.40448882351758,-3.458383761729546,-1.8914804868579709
2011-05-25,4.423887927012835,-3.4909870792665947,-2.0849629988295013
2011-05-26,4.3902357036938655,-3.4433657920332355,-2.1546567344926832
2011-05-27,4.3932803810282985,-3.4525350936746406,-2.2672048291424316
2011-05-30,4.376975036366402,-3.436591356203106,-2.221393906018759
2011-05-31,4.424566302357121,-3.483765745779875,-2.1426342906324476
2011-06-01,4.402177545470779,-3.438994422661467,-2.228327468744795
2011-06-02,4.3928775776780915,-3.397920368044886,-2.2928067645898915
2011-06-03,4.393869937058861,-3.383136521473837,-2.2899602036238895
2011-06-06,4.402316194844411,-3.385345414245558,-2.178375119900808
2011-06-07,4.459974156891687,-3.4092288449767514,-2.226835301264924
2011-06-08,4.470139825059814,-3.388621022649825,-2.364642130159677
2011-06-09,4.473702411098528,-3.366552221498237,-2.5874565239019764
2011-06-10,4.452560180256682,-3.3308076423617496,-2.737127318833419
2011-06-13,4.458378403752003,-3.3387345944110036,-2.7753149098379226
2011-06-14,4.508221572712928,-3.362396267382209,-2.7824757117537473
2011-06-15,4.546259337498281,-3.389331464817058,-2.9851597509998378
2011-06-16,4.539989649794728,-3.3702430939622614,-3.1509292453715796
2011-06-17,4.53829134455823,-3.356649867170958,-3.0663837949380173
2011-06-20,4.543773908216643,-3.381790751423533,-2.9675871802123734
2011-06-21,4.580430139722723,-3.393627857076991,-3.1029674776593805
2011-06-22,4.609459544671935,-3.4218716031526153,-3.21002989056046
2011-06-23,4.551797782992236,-3.37143984005053,-3.412402220391328
2011-06-24,4.554827642316246,-3.376875870449359,-3.4365394087071532
2011-06-27,4.595338703885522,-3.4181494176026836,-3.4732616976411834
2011-06-28,4.617300679461486,-3.412249486224023,-3.3343829085070986
2011-06-29,4.648950554274374,-3.445592384048746,-3.259751726853386
2011-06-30,4.64572022813879,-3.437291702174675,-3.1282708598389917
2011-07-01,4.579639403391088,-3.398939593670674,-2.7560741716657615
2011-07-04,4.550215161038865,-3.3550688166073366,-2.7260937540431223
2011-07-05,4.533189518229053,-3.345373110796827,-2.684800523566652
2011-07-06,4.50760018861792,-3.3088290820838786,-2.915432432266928
2011-07-07,4.5330772539631665,-3.3536160299230753,-2.795616451635052
2011-07-08,4.465083811555601,-3.238835625530161,-3.110164018657673
2011-07-11,4.340350005019731,-3.1865235856041654,-3.163413381270708
2011-07-12,4.367914246146957,-3.2756347012890865,-3.0687802496836944
2011-07-13,4.430686870904275,-3.2920326458662306,-3.3936488228960124
2011-07-14,4.4871675201666354,-3.3671764442752936,-3.3939752491151887
2011-07-15,4.392146723998418,-3.3013893973850346,-3.4020852100446732
2011-07-18,4.3421131029859374,-3.27472363968238,-3.3099226470135967
2011-07-19,4.38916493726704,-3.335724107493596,-3.2495526890489685
2011-07-20,4.4520260145410395,-3.393507517011905,-3.3470374056183094
2011-07-21,4.531685148149223,-3.4719536011592753,-3.1554595675088897
2011-07-22,4.498295894375209,-3.411282724083568,-3.25110549680976
2011-07-25,4.494882099123573,-3.395682362132593,-3.3338058690571883
2011-07-26,4.450671123072181,-3.3872495601345083,-3.2776879987819845
2011-07-27,4.356536412122895,-3.299655381825688,-3.4305459189096092
2011-07-28,4.365273868442227,-3.330908859209318,-3.387831739893428
2011-07-29,4.334698487959557,-3.314100301660619,-3.5315168248737363
2011-08-01,4.332230704912309,-3.2919822665107237,-3.6847209133839924
2011-08-02,4.292434510433144,-3.315384159182196,-3.6638117510460337
2011-08-03,4.260423203104521,-3.3004513655873975,-3.5297606225023395
2011-08-04,4.2170829762361315,-3.382403462996498,-3.491871563777907
2011-08-05,4.236215980172468,-3.541282332474342,-3.4968462512288485
2011-08-08,4.248279932308797,-3.6086397208204577,-3.624215630059734
2011-08-09,4.254877864821275,-3.617035937960697,-3.64918104668788
2011-08-10,4.282956914319181,-3.634573856717192,-4.313238585436574
2011-08-11,4.274856932626232,-3.637523975812881,-4.2599983849219365
2011-08-12,4.324483152459642,-3.617472079387869,-4.314986917063277
2011-08-15,4.356435043037538,-3.57627529574457,-4.5154295161626825
2011-08-16,4.387371054972678,-3.593524967653911,-4.635849450207353
2011-08-17,4.343884475959586,-3.5315330111099676,-4.696982532560821
2011-08-18,4.173222293333503,-3.393004932730226,-4.876471487380546
2011-08-19,4.093548481450709,-3.4018712865618825,-4.278827430729469
2011-08-22,4.096834640941318,-3.400405696870876,-4.152131383329427
2011-08-23,4.1101060329084635,-3.3890633679479887,-4.43030518023405
2011-08-24,4.16635623446586,-3.4796128528816856,-4.176189731650381
2011-08-25,4.17729448640244,-3.510354548429076,-4.241747726731797
2011-08-26,4.12807973797801,-3.4566171789799585,-4.374154860135763
2011-08-29,4.192576451239519,-3.534248761496439,-4.012815266424228
2011-08-30,4.142389586630052,-3.4914355266247457,-4.246810445770075
2011-09-02,4.137541782418134,-3.5255815024712183,-4.422148978620027
2011-09-05,4.036907940782313,-3.4778186137974547,-4.452901608994362
2011-09-06,4.039852366762416,-3.5015782380259344,-4.417875627296592
2011-09-07,4.0640294573925635,-3.4635270845467154,-4.4820729691505115
2011-09-08,3.9349234309954904,-3.35285177561273,-4.518988015156711
2011-09-09,3.9065365038907887,-3.4482981023984998,-4.438293085616069
2011-09-12,3.757892587418584,-3.3142177517849465,-4.121930778875889
2011-09-13,3.787778951785183,-3.3265855631013492,-3.8604341663432526
2011-09-14,3.8183621715150444,-3.3567829308352923,-3.7375070430330544
2011-09-15,3.928402602025253,-3.5075797332206866,-3.4481625253493524
2011-09-16,3.8231793223401365,-3.422366729440377,-3.559599950077389
2011-09-19,3.678978268099545,-3.3366403298268574,-3.442647659438561
2011-09-20,3.6826915613432774,-3.361500455086442,-3.399323395509165
2011-09-21,3.6950486465135977,-3.3975869326104915,-3.321083857573063
2011-09-22,3.5784606688762217,-3.3534174782103854,-3.0633369998137625
2011-09-23,3.5697894131131775,-3.3564211366959773,-3.1685944002977378
2011-09-26,3.6380857454196542,-3.422307408972265,-3.2415237526213283
2011-09-27,3.8024806887503737,-3.5187238101205365,-3.07949223387996
2011-09-28,3.837032349402412,-3.570727272613796,-3.15208886387205
2011-09-29,3.849446066150462,-3.60255544328757,-3.112893727864958
2011-09-30,3.7420364817499125,-3.475858060305593,-3.1558432574322746
2011-10-03,3.7032032476280423,-3.4135095908880935,-3.267091560668995
2011-10-04,3.641126527137418,-3.3102442620123123,-3.491932676281657
2011-10-05,3.753247116056758,-3.4601912135712443,-3.274903824721256
2011-10-06,3.8049391334993485,-3.4275094003052304,-3.3994381640565523
2011-10-07,3.908968556074797,-3.541593720977727,-3.334234980042969
2011-10-10,3.943603621418475,-3.600699137509605,-3.1568542925720036
2011-10-11,3.961764401905318,-3.6439597389230762,-3.1305318867071534
2011-10-12,4.08016666435057,-3.783259948023277,-3.104250145943814
2011-10-13,4.0349131589984655,-3.77050867154723,-3.1119663185496407
2011-10-14,4.145036487491967,-3.879715212313969,-3.054993373630112
2011-10-17,4.079167828647183,-3.780291767533373,-3.3090056960696184
2011-10-18,4.0527212477334675,-3.7480644530548775,-3.213612872749762
2011-10-19,4.10426619434728,-3.8060846306281286,-3.154086381314068
2011-10-20,4.0879364581419315,-3.7820378627521505,-2.990950819535651
2011-10-21,4.127537781261544,-3.8027235339075647,-3.0492678041682453
2011-10-24,4.1672277488467,-3.8246791645209566,-3.2937609043649596
2011-10-25,4.125141953063126,-3.7724900073314585,-3.3102296664631687
2011-10-26,4.102603730272925,-3.744108707645248,-3.5447946113020463
2011-10-27,4.2082876839931425,-3.85903824535784,-3.4993447319577826
2011-10-28,4.272620310637079,-3.916956319464175,-3.584084165582339
2011-10-31,4.197001966156024,-3.8341256164371424,-3.7079795232054145
2011-11-01,3.998747716175944,-3.60308658725309,-3.881983465859256
2011-11-02,4.105935284641307,-3.701673341284777,-3.9271078318900114
2011-11-03,4.247761084049876,-3.8990948074253815,-4.154467805256606
2011-11-04,4.141621008679932,-3.805897982524054,-4.041321458879164
2011-11-09,3.965771924786918,-3.6815544253184713,-3.5436859706849146
2011-11-10,4.077859213812887,-3.789805894055359,-3.4229240228957223
2011-11-11,4.150624822733841,-3.864815622509738,-3.3044299588814807
2011-11-14,4.136607156501436,-3.8227208676267725,-3.291990467819999
2011-11-15,4.1858910088844565,-3.8740457027522943,-3.0112682656650143
2011-11-16,4.147802876797505,-3.880608774435509,-2.652358605201279
2011-11-17,4.147954899651656,-3.8898001321440896,-2.6260408995549396
2011-11-21,4.023401696625909,-3.832899661261945,-2.3770108409622317
2011-11-22,4.102876892264624,-3.947569119842333,-2.3284194994694882
2011-11-23,4.150845472263207,-4.026838893170943,-1.9845628117450695
2011-11-24,4.226600264938299,-4.175298740709508,-1.877076398397732
2011-11-25,4.254652686769082,-4.239917848599512,-1.6996936832724854
2011-11-28,4.297288828238431,-4.245691997120943,-2.0587287652311663
2011-11-29,4.30103087282789,-4.280839438871511,-2.078651033496068
2011-11-30,4.361247413576645,-4.335613139241836,-2.948915583296941
2011-12-01,4.282714087111864,-4.308831806005332,-2.980896637728843
2011-12-02,4.212882498062164,-4.20350517600436,-2.9766119273968927
2011-12-05,4.162185697123187,-4.237477180117992,-2.8219968546593894
2011-12-06,4.182209250061688,-4.277498652275605,-2.6574422389354746
2011-12-07,4.049306532225028,-4.164970416926362,-2.482725395727385
2011-12-08,4.103401160773672,-4.213151071913415,-2.6445731134972217
2011-12-09,4.0181916519200325,-4.126429951993516,-2.4362749832658848
2011-12-12,3.9320372500974106,-4.050945175907846,-2.3322759252012752
2011-12-13,3.9317469607580677,-4.054158769055986,-2.2989624354699427
2011-12-14,3.7476459481389903,-3.9124406134188376,-2.028242127464127
2011-12-15,3.709224414459997,-3.92657625932409,-2.099758217549783
2011-12-16,3.7810196107576246,-3.9605911553800057,-2.575045227788494
2011-12-19,3.7749265798024103,-3.950278410724052,-2.4430896763422987
2011-12-20,3.855704268446478,-4.053070302650332,-2.472221518895215
2011-12-21,3.8469666798495457,-4.022546051856522,-2.551127988523086
2011-12-22,3.8434605794474868,-4.030575058687166,-2.4916285575138866
2011-12-23,3.846373851115848,-4.033554954325203,-2.6657335454523436
2011-12-27,3.8104962603274415,-4.028551715947437,-2.6303630767458124
2011-12-28,3.795907604998992,-4.015717093353787,-2.6247908580743196
2011-12-29,3.8119306245667843,-4.0441238042705745,-2.7013124311219165
2011-12-30,3.8328401082202395,-4.034456719525186,-2.7945066902925126
2012-01-02,3.909767561097027,-4.104615917245021,-2.6900268003315864
2012-01-03,3.975788823965999,-4.180162850979967,-2.801026370533741
2012-01-04,4.005950715505799,-4.239076400041491,-2.723199730189746
2012-01-05,3.980545499770158,-4.17319843189621,-2.6502310595409213
2012-01-06,3.9713703403230776,-4.12326133776795,-2.6047039546416246
2012-01-09,3.972658240648,-4.1125745325606315,-2.7326261874740028
2012-01-10,3.9568851996684375,-4.078594635131772,-2.765918452100472
2012-01-12,3.9195494730055036,-4.007953142960115,-3.3691128510344983
2012-01-13,3.8765194234622546,-3.939788315785517,-3.341243375321644
2012-01-16,3.9315794273682965,-3.9163361417642486,-3.670012760954839
2012-01-17,3.9420621783711756,-3.9011076743137494,-3.624105614414217
2012-01-18,3.9825314553405478,-3.9560709081028795,-3.6125891576283067
2012-01-19,4.0433021873252475,-4.010656510639626,-3.697915143176726
2012-01-20,4.07084052465086,-4.074122614813358,-3.571875176037728
2012-01-23,4.13795523469064,-4.142586332353969,-3.606294269646743
2012-01-24,4.193335287638862,-4.207889059593686,-3.611025819484418
2012-01-25,4.176782958144328,-4.171037547663011,-3.6834789654248667
2012-01-26,4.139063958351122,-4.129120605117544,-3.826254409873569
2012-01-27,4.089756036657185,-4.048535841869441,-3.870565558469265
2012-01-30,4.029452373310446,-3.959375718913437,-3.8546635485110734
2012-01-31,4.060417152171794,-4.019946513452899,-3.8330034213099546
2012-02-01,4.0270717703190835,-3.9734230682333083,-3.882688004502683
2012-02-02,4.022796517074152,-3.9930384407903583,-3.8991126572342605
2012-02-03,4.073318672208558,-4.058739758074072,-3.9260244940505764
2012-02-07,4.101320608967378,-4.021514125542107,-4.069160594710523
2012-02-08,4.112371316162372,-4.03404945947363,-4.033396794238108
2012-02-09,4.126938109209563,-4.05156884357348,-4.031329312694864
2012-02-10,4.079520459962518,-4.008908053940898,-3.9729656008213983
2012-02-13,4.0514487263913,-3.9550876936966475,-4.00593015509951
2012-02-14,4.029883932120844,-3.958265761960617,-3.8523337198511474
2012-02-15,3.989980447203898,-3.9242675406140286,-3.7421404120732813
2012-02-16,3.9708735855621775,-3.9183754505833432,-3.5983327007305497
2012-02-17,3.9946209723771737,-3.9550863639288005,-3.5026271460020126
2012-02-20,4.01273218022536,-3.9805926329009225,-3.5322981490605545
2012-02-21,4.026737073179557,-3.994703543826401,-3.549746766558694
2012-02-22,4.023189961529491,-4.000463735314784,-3.6068801652221754
2012-02-23,3.9843979128844174,-3.950539187934118,-3.6541869819174777
2012-02-24,4.005423422752697,-3.9624649224959967,-3.771984892947917
2012-02-27,3.9942767586409307,-3.9507633202857777,-3.8732540055941156
2012-02-28,3.996992153899654,-3.9570694278509597,-3.913563924760129
2012-02-29,3.9991745143295394,-3.9698733093943934,-3.9364647846708483
2012-03-01,3.9701022486732347,-3.9557705387076796,-3.916988764985158
2012-03-02,3.9607636247670084,-3.955285685679571,-4.004978393710313
2012-03-05,3.9994717980061565,-3.9863028060231365,-4.0598791963163325
2012-03-06,4.004522616684488,-3.996544781952495,-4.042679421844583
2012-03-07,3.9870346122591074,-3.983640609925266,-4.033546714621075
2012-03-08,3.9746694459575074,-3.967431163066286,-4.079124289159226
2012-03-09,3.9641541550576433,-3.9408621962178314,-4.046810342458972
2012-03-12,3.9540313399650584,-3.943959133045161,-4.022917722899148
2012-03-13,4.012594835770375,-3.9829582710113858,-4.100949677253976
2012-03-14,4.094364713165341,-4.07661744357386,-4.074971023645456
2012-03-15,4.10943142016728,-4.12259345412396,-3.8730379455125323
2012-03-16,4.172947420283282,-4.2007163255059785,-3.6721940805587248
2012-03-19,4.123559299327479,-4.1679860524679535,-3.6144818235174094
2012-03-20,4.122938528984733,-4.174296158425484,-3.5647714855354367
2012-03-21,4.09595200989939,-4.125330934586147,-3.664426945964392
2012-03-22,4.083400233163491,-4.110592750955402,-3.737234683009386
2012-03-23,4.047834898978586,-4.057890029856956,-3.83785401607809
2012-03-26,4.079048995529388,-4.096960816302644,-3.854197572450005
2012-03-27,4.08332166832865,-4.093826506038028,-3.8824500720888317
2012-03-28,4.097581305276034,-4.104074972124076,-3.985154793974821
2012-03-29,4.078553964709964,-4.071590196324383,-4.036587659684619
2012-03-30,4.028329417538398,-4.009308672401319,-4.001296403451832
2012-04-02,4.000489707072431,-3.9496721076544086,-4.103484650724782
2012-04-03,4.028212105460639,-3.9903587891071064,-4.099114699251769
2012-04-04,4.032277540201128,-4.000857026077615,-4.104862454734073
2012-04-05,4.064216318215015,-4.02602905620791,-4.177055460474727
2012-04-10,4.029265031459639,-3.993980842077244,-4.1553544962972255
2012-04-11,4.020093458049256,-3.9966049308808174,-4.131445808402618
2012-04-12,3.997686925590252,-3.9689025688496153,-4.222854105089179
2012-04-13,3.9735018147401635,-3.955565156877655,-4.156471549735216
2012-04-16,3.985552162070922,-3.9845438780446445,-4.034023140459132
2012-04-17,3.9946323348709623,-3.9877455468974246,-4.012471024653369
2012-04-18,3.966513957460586,-3.9616195299282406,-3.9702202939122877
2012-04-19,3.959756106856027,-3.960714089019132,-3.853616433694615
2012-04-20,4.007866589529663,-4.0135087652979555,-3.8651849099308953
2012-04-23,3.9903161769072706,-4.00165668850995,-3.8153894173818124
2012-04-24,4.000400514178256,-4.004769390915719,-3.9415733205942276
2012-04-25,4.001854261086556,-4.005218602380607,-4.021029946810465
2012-04-26,4.0149695005680295,-4.013845812110364,-4.147254933918513
2012-04-27,3.9723512058737094,-3.968072806306007,-4.137327347548039
2012-04-30,3.951312106372857,-3.9391032624255056,-4.225779896190926
2012-05-02,3.9513290226043027,-3.92226945060552,-4.3505250734910526
2012-05-03,3.9352171041038386,-3.891306579078732,-4.35956500923465
2012-05-04,3.8902046633632867,-3.8486376394770243,-4.396209318635417
2012-05-07,3.8725233357094413,-3.813304426466063,-4.473942648229749
2012-05-08,3.817113906283268,-3.759937012023081,-4.409666762641359
2012-05-09,3.8098192084005915,-3.7554939919478025,-4.276587030536126
2012-05-10,3.8228835328403297,-3.7576570655543007,-4.375927102196101
2012-05-11,3.712659311468469,-3.646354675922879,-4.195811207445706
2012-05-14,3.583445167940055,-3.526773854299475,-3.972007653798353
2012-05-15,3.5935174573095754,-3.5731197590657704,-3.8379273284492013
2012-05-16,3.6120458950658083,-3.603287687881344,-3.785696376006249
2012-05-17,3.5636597934677563,-3.5329813681371096,-3.8740309107636537
2012-05-18,3.550626767546526,-3.510662820212664,-3.864719244998381
2012-05-21,3.5542837320557235,-3.5197455697814783,-3.861011881238365
2012-05-22,3.5551529762649348,-3.5275008194884387,-3.879102823860365
2012-05-23,3.46740917228616,-3.4375960228493403,-3.842043899589424
2012-05-24,3.3496993862207876,-3.3185417260774317,-3.815920313689443
2012-05-25,3.3562585885768748,-3.3198397162522495,-3.902873951825214
2012-05-28,3.377816859769555,-3.326809121515253,-4.008288548745782
2012-05-29,3.3367830317138267,-3.2762846559735497,-3.921993932855841
2012-05-30,3.2335462856980386,-3.1829086583666406,-3.724788591817698
2012-05-31,3.1271690621592,-3.0447413048530736,-3.813385798651168
2012-06-01,3.00365785548718,-2.88851310949173,-3.9064899329966636
2012-06-04,3.0398094391973713,-2.970607575262486,-3.694266661249587
2012-06-05,3.0413690998483047,-2.9761534276204804,-3.6871698031865057
2012-06-06,3.163437470655115,-3.090630625530668,-3.672687310077861
2012-06-07,3.319524969780617,-3.2745850061286212,-3.639106085381011
2012-06-08,3.285825446360717,-3.2453997615837036,-3.720358901117468
2012-06-11,3.36522303038216,-3.2945353744941004,-3.8270125681965936
2012-06-12,3.4709563311869545,-3.4137887742725948,-3.7468547705944477
2012-06-13,3.5691850769490423,-3.5159869145808536,-3.8927702102918724
2012-06-14,3.590582130497219,-3.5204008900289283,-4.036720039774574
2012-06-15,3.5037057162446423,-3.4566089293294775,-3.9754992448788617
2012-06-18,3.4871455467756003,-3.452739156591811,-3.9718870781527107
2012-06-19,3.5932815239757643,-3.5763047907013394,-3.99354036355273
2012-06-20,3.6801178101074505,-3.658433935458464,-3.9357557541232207
2012-06-21,3.596854112267777,-3.5931761618457863,-3.8703912116095176
2012-06-22,3.612913422760442,-3.5980607693301234,-3.9064379213749665
2012-06-25,3.5753716144927004,-3.535494165394791,-4.080147508297646
2012-06-26,3.647940718240749,-3.6135524907948247,-4.122137868583335
2012-06-27,3.670178730910435,-3.6428621869051545,-4.107988039377446
2012-06-28,3.688488000348893,-3.6402769537577813,-4.230903108281467
2012-06-29,3.7647303476925673,-3.7289711392859504,-4.207563737157009
2012-07-02,3.716030391254252,-3.6407341420528434,-4.373324984988346
2012-07-03,3.7647809547541002,-3.6791968486030973,-4.704108065991526
2012-07-04,3.722800817379756,-3.6203556755952517,-4.739350776477017
2012-07-05,3.663208730833996,-3.6160556654750513,-4.752596369193537
2012-07-06,3.6130710817891663,-3.480407184022525,-5.1825554357713255
2012-07-09,3.6100262636763247,-3.485858529412284,-5.157223284471407
2012-07-10,3.622514127274885,-3.4896159382087637,-5.223574622085798
2012-07-11,3.5030528498902758,-3.3983146784630778,-5.059098092099728
2012-07-12,3.4950672520251365,-3.3941337100350077,-5.127808410501163
2012-07-13,3.48113874168682,-3.3806697754811825,-5.160709573161559
2012-07-16,3.451324278981507,-3.3051228857914046,-5.29445868499682
2012-07-17,3.4232775432564733,-3.278104989440136,-5.265975358989365
2012-07-18,3.3884331586546668,-3.2386149470319365,-5.213133217317237
2012-07-19,3.356789661188416,-3.2117569121686005,-5.116145182518998
2012-07-20,3.2990169318169493,-3.1681517767047245,-5.075610117929097
2012-07-23,3.3055395789301687,-3.1906248102328867,-4.848522577466102
2012-07-24,3.4281104823092168,-3.3401159769401607,-4.821397510073183
2012-07-25,3.4488459616811764,-3.357879150199868,-4.793001932148066
2012-07-26,3.436581325299148,-3.339232093476519,-4.878070707682811
2012-07-27,3.509912559915152,-3.42427673109459,-4.959808340340086
2012-07-31,3.4063429048816163,-3.313349172348487,-5.050769570453926
2012-08-01,3.453859678087694,-3.3517442664564507,-5.158483549095427
2012-08-02,3.3654363776407137,-3.2387542694665186,-5.125910795606522
2012-08-03,3.3945031126528433,-3.2533583103348978,-5.121708406217768
2012-08-06,3.4531667043347865,-3.3246277100705814,-5.150514508239986
2012-08-07,3.5241520458533198,-3.4085539445595865,-5.138403106557373
2012-08-08,3.4619670845895985,-3.35481403113564,-5.102421444528655
2012-08-09,3.482152857172031,-3.3689516537997424,-5.184533824876933
2012-08-10,3.4246432260466633,-3.303516964536821,-5.218718249844379
2012-08-13,3.484112647674929,-3.3613227562238137,-5.148863766554335
2012-08-15,3.548692520503622,-3.429953538397683,-5.094601239467765
2012-08-16,3.5202186286184225,-3.4227945678081895,-5.009029701115569
2012-08-17,3.5167871526980274,-3.414786110932914,-4.971489615313064
2012-08-22,3.4577620071357593,-3.371668725292306,-4.8211525624309655
2012-08-23,3.38950063146299,-3.279838493420571,-4.873147687078938
2012-08-24,3.3376328330178207,-3.268631152979884,-4.817560049085575
2012-08-27,3.3617576427093088,-3.2616767618948197,-4.872121047995806
2012-08-28,3.366293900418125,-3.2359297738137256,-4.920302481687355
2012-08-29,3.41179322875403,-3.2969656839933927,-4.883034695334327
2012-08-30,3.4011868893927986,-3.3011651029860296,-4.92584160683661
2012-08-31,3.4292602533988616,-3.313251185526508,-4.971911252706825
2012-09-03,3.4189106115070977,-3.290396732716152,-4.965651482269104
2012-09-04,3.47832853901064,-3.3593819575305552,-5.0188345636730505
2012-09-05,3.5296415126553,-3.4210678767006906,-5.1043583174339995
2012-09-06,3.658067108721458,-3.532688820839182,-5.23721759382563
2012-09-07,3.6588148107439142,-3.5215367186049553,-5.268463566807232
2012-09-10,3.702259122706627,-3.5650113621777324,-5.301877653980339
2012-09-11,3.677878604233926,-3.519454461113769,-5.336461121152873
2012-09-12,3.763513100593551,-3.6429764973509604,-5.3291217388556795
2012-09-13,3.669056216757093,-3.5158304788019112,-5.3355123125042265
2012-09-14,3.8057043735029064,-3.6429972431354622,-5.365556624999156
2012-09-17,3.7670354905523267,-3.6497795455476663,-5.183709416892438
2012-09-18,3.7143985137306044,-3.587227861696074,-5.196701865710583
2012-09-19,3.732046895500009,-3.6043415915275476,-5.254773396512591
2012-09-20,3.723021473318101,-3.6092184361141886,-5.247354250156705
2012-09-21,3.744863405442205,-3.6186231364238353,-5.311333245335985
2012-09-24,3.7324599909012615,-3.604087962984603,-5.31377743622529
2012-09-25,3.706358561143381,-3.564980857128556,-5.308738570100222
2012-09-26,3.606244094126821,-3.4682413947193282,-5.234090625039395
2012-09-27,3.5763372245840443,-3.426023751269841,-5.214751992078062
2012-09-28,3.5672699649715107,-3.4098042402015682,-5.265440366965812
2012-10-01,3.6017315962947056,-3.454004620145131,-5.2323190191749545
2012-10-02,3.613777658057658,-3.468781630260313,-5.2761528429677576
2012-10-03,3.6048647711050834,-3.455212477810294,-5.306048101729534
2012-10-04,3.6171728083962433,-3.4631207122159218,-5.295125934971428
2012-10-05,3.6604286771393246,-3.503339487805863,-5.309151896667757
2012-10-08,3.6238238374726324,-3.488454558767078,-5.265144275701333
2012-10-09,3.6199096671599302,-3.4732665915608845,-5.280242624960131
2012-10-10,3.596147702850886,-3.4413615708525898,-5.313042535612442
2012-10-11,3.587371991806492,-3.4285635455034287,-5.282398828931158
2012-10-12,3.5475047217820355,-3.3919804236310043,-5.271872973380765
2012-10-15,3.534497082886153,-3.3676087582188936,-5.2876874897968955
2012-10-16,3.6236279667213394,-3.469862094275875,-5.277450493178142
2012-10-17,3.698389180592794,-3.552967655622031,-5.271112280479132
2012-10-18,3.673869672142085,-3.5321554232244754,-5.1702680858759225
2012-10-19,3.632096238125939,-3.497733894505208,-5.092746106230245
2012-10-22,3.6237302110381373,-3.487025220620123,-5.031728247846606
2012-10-23,3.6132695359290734,-3.4739036740605638,-5.076090670802741
2012-10-24,3.640802053709574,-3.499751844247921,-5.177295474313435
2012-10-25,3.683286478295117,-3.546508310348341,-5.226423589893837
2012-10-29,3.5822923750498488,-3.425497518426667,-5.2411438737706995
2012-10-30,3.573830569610332,-3.4275016743713467,-5.2314637772479315
2012-10-31,3.5674923031462042,-3.423449223477861,-5.18257433681547
2012-11-01,3.5594444459741656,-3.412048501278064,-5.181640863293609
2012-11-02,3.535852768300102,-3.3890498015016712,-5.198051687414638
2012-11-05,3.525279960862921,-3.3572686972853827,-5.259442340752404
2012-11-07,3.479851355024506,-3.326187220483547,-5.317194241356128
2012-11-08,3.4936202921030794,-3.317678585089891,-5.398521971198868
2012-11-09,3.461351534924577,-3.283290918459585,-5.407806412743483
2012-11-12,3.463089070305676,-3.272671595633276,-5.432976675860797
2012-11-13,3.4354559491222476,-3.257380502023988,-5.403915753950594
2012-11-14,3.4697574660839687,-3.2799498263453764,-5.4295992757651845
2012-11-15,3.4982701243232777,-3.2955380944932546,-5.558743025297
2012-11-19,3.517563389202849,-3.304931500302459,-5.613110405608947
2012-11-20,3.5524208977997733,-3.3513473003492296,-5.539500923717085
2012-11-21,3.5922165954452727,-3.405992636463159,-5.48635506171483
2012-11-22,3.6106885288855763,-3.4194044575447986,-5.547789825777183
2012-11-23,3.6318984623543242,-3.435216381205154,-5.639395934508147
2012-11-26,3.625365963300046,-3.4053086702008226,-5.7234425404267855
2012-11-27,3.5918362263720205,-3.3854327128626815,-5.58710998811379
2012-11-28,3.4877585993844042,-3.2609311044829283,-5.616526878377572
2012-11-29,3.507724822075695,-3.283224165405934,-5.598656261987973
2012-11-30,3.490041916957352,-3.2616188781292568,-5.59470492080369
2012-12-03,3.5288762624882484,-3.3091777930817905,-5.583395113085183
2012-12-04,3.506437093885381,-3.286421720573613,-5.550249517196945
2012-12-05,3.459288513213488,-3.2266182706781406,-5.593164578248787
2012-12-06,3.446253153473062,-3.2093406085699137,-5.643300787005352
2012-12-07,3.480785820806,-3.2162168269781244,-5.931702169230939
2012-12-10,3.473384506848704,-3.2051683741576618,-5.934901995411193
2012-12-11,3.499433060101082,-3.239149473810504,-5.9164915079239115
2012-12-12,3.4791175990268104,-3.217383955728204,-5.878668624651787
2012-12-13,3.482029006605789,-3.2195741684400643,-5.8876037007845206
2012-12-14,3.4604912480387107,-3.2039938576956297,-5.8156716482333595
2012-12-17,3.4771136340199633,-3.234004639601051,-5.724371061822595
2012-12-18,3.4848717171679358,-3.2519935581730044,-5.642876432010958
2012-12-19,3.5085479568640316,-3.2821011979607846,-5.626485580631716
2012-12-20,3.4439216618701227,-3.218934472821311,-5.549614635558188
2012-12-21,3.44070541691134,-3.2070320537724477,-5.599463134590087
2012-12-24,3.4452975455814703,-3.2086612743840384,-5.624654040717335
2012-12-27,3.3889577578303665,-3.143751376468762,-5.529479819243909
2012-12-28,3.350633543007781,-3.110180452191698,-5.517141197664964
2012-12-31,3.3500949800410433,-3.111362476583178,-5.517230983872597
2013-01-02,3.4905383393966516,-3.284421205781075,-5.4864041996454995
2013-01-03,3.547083142096634,-3.337057310236121,-5.480370740045206
2013-01-04,3.5945212480762825,-3.417106848997383,-5.336773450009724
2013-01-07,3.558622368718897,-3.373917558151934,-5.297545389193834
2013-01-08,3.519747951250115,-3.3394216016579303,-5.28444750770379
2013-01-09,3.5363253067034424,-3.341416293885673,-5.388092345582884
2013-01-10,3.6169273806482605,-3.413106060997941,-5.403696594588367
2013-01-14,3.557887184058775,-3.3503907628742846,-5.244607804471523
2013-01-15,3.531741604447244,-3.34173367909393,-5.173831548873297
2013-01-16,3.529642478009477,-3.3221732411669374,-5.208141541375623
2013-01-17,3.5429041560518124,-3.3447398514756204,-4.977852241200269
2013-01-18,3.4435486998865352,-3.2638064448841666,-4.739362677373985
2013-01-21,3.426391628254077,-3.2692337370121463,-4.660704275029523
2013-01-22,3.4504469213259066,-3.284847327317048,-4.7804042318034465
2013-01-23,3.4556472281336963,-3.2704446745833557,-4.8973979856129395
2013-01-28,3.4912435183713053,-3.321412713677038,-4.331798030674268
2013-01-29,3.4811406691207014,-3.329905447516965,-4.3663070608043295
2013-01-30,3.4936438459541335,-3.3424900806495472,-4.22450932589976
2013-01-31,3.4725405569230547,-3.306382237329786,-4.292755044115676
2013-02-01,3.473207231980443,-3.3026126775988507,-4.520545942610006
2013-02-04,3.498372389552793,-3.332845149902546,-4.558169131244702
2013-02-05,3.519284437464451,-3.364307740883593,-4.507220370068139
2013-02-06,3.517697762641578,-3.352888056818909,-4.590650057190166
2013-02-07,3.560287035367176,-3.37437388171531,-4.852707284024272
2013-02-08,3.5537517401157523,-3.381023289891198,-4.844697840325629
2013-02-11,3.5650763403377033,-3.38595058478751,-4.896966845262418
2013-02-12,3.570874834293617,-3.409456051016055,-4.7743341419751335
2013-02-13,3.6176924899293623,-3.4560195688285127,-4.777432306635865
2013-02-14,3.623124908964318,-3.4566515996371763,-4.924312114010508
2013-02-15,3.618481285374287,-3.454793480008812,-4.928521670574711
2013-02-18,3.6221823729544345,-3.4508032995869646,-4.963078029428154
2013-02-19,3.633583375865143,-3.457278749246816,-4.990512049720971
2013-02-20,3.656706138173756,-3.477045518420887,-4.969979991316166
2013-02-21,3.6058574162635684,-3.4208699809235465,-5.032229684878393
2013-02-22,3.6218177584035707,-3.4368852322429504,-5.200050611264137
2013-02-25,3.666443103752456,-3.4903369716591444,-5.145584212354011
2013-02-26,3.5943752801614144,-3.3957647165594427,-5.331835348251157
2013-02-27,3.54344155562257,-3.3422946515965197,-5.383359226778272
2013-02-28,3.5615595779032168,-3.359206362547174,-5.401476759944995
2013-03-01,3.5245446333499197,-3.313516767222281,-5.46064445584623
2013-03-04,3.5258742471250417,-3.2908901922298623,-5.514183654929869
2013-03-05,3.5458662861881183,-3.3192102922671856,-5.488913314295472
2013-03-06,3.5726957461151754,-3.355603228886955,-5.525886612047562
2013-03-07,3.581578993007628,-3.358033250611258,-5.442638957381836
2013-03-08,3.58982530341256,-3.3701764924388273,-5.405514382303426
2013-03-11,3.59934526249906,-3.3650985627855103,-5.511554465465875
2013-03-12,3.5989797206849183,-3.3547938551560987,-5.566731870394992
2013-03-13,3.602457579613905,-3.3556912436331503,-5.603181239606692
2013-03-14,3.610958021023975,-3.351883880510691,-5.642874755806714
2013-03-15,3.61516302727063,-3.340980054227251,-5.745761077987627
2013-03-18,3.5685240202466333,-3.289806697664104,-5.786097561433769
2013-03-19,3.5233125320589815,-3.248235243925988,-5.712023193572806
2013-03-20,3.5230553461974474,-3.267129739356597,-5.6215689533887945
2013-03-21,3.4520493264910037,-3.197687489919258,-5.500583439742644
2013-03-22,3.4620159222269193,-3.2157313130347287,-5.458817367785838
2013-03-25,3.481393121677898,-3.223440964622859,-5.581303980522628
2013-03-26,3.5129716051488376,-3.2689199916032674,-5.568701994702121
2013-03-27,3.441950979166648,-3.1929984772488558,-5.566401545094931
2013-03-28,3.474310755668897,-3.224215030288545,-5.6125680249500345
2013-04-02,3.487249456990643,-3.243388205051466,-5.540282119368353
2013-04-03,3.4950207108449867,-3.228601673623511,-5.701361697057554
2013-04-04,3.4693307537697593,-3.1763919024042373,-5.842344231897131
2013-04-05,3.2612383522807584,-2.968221379529229,-5.565065845789302
2013-04-08,3.226332846228149,-2.9471527132326045,-5.424825205278497
2013-04-09,3.268138698420946,-3.015355521648657,-5.339536325169661
2013-04-10,3.342852407007924,-3.1046372070397084,-5.309140242743151
2013-04-11,3.3575908422948153,-3.1005311147395016,-5.431519501092985
2013-04-12,3.357162123767905,-3.089194949632068,-5.523921610179594
2013-04-15,3.3405020582929716,-3.058368950229598,-5.539479617367593
2013-04-16,3.3386089334929228,-3.0643512190161486,-5.511603532237872
2013-04-17,3.3527503913945895,-3.075914515761994,-5.591657076795667
2013-04-18,3.3341129773332465,-3.0529488331283225,-5.633210358298804
2013-04-19,3.354294131394789,-3.071273161712001,-5.592978414603277
2013-04-22,3.310979946332938,-3.0270000476350054,-5.631127694589243
2013-04-23,3.2980299069442496,-3.02139082764921,-5.566466692767312
2013-04-24,3.2964384699099796,-3.0193471073495397,-5.597453868706095
2013-04-25,3.274855062226655,-3.0138786746349684,-5.48884138957826
2013-04-26,3.2652741648155117,-2.99681063457275,-5.518710300789409
2013-04-29,3.2305490946375763,-2.971117438577851,-5.45824275904164
2013-04-30,3.1932372914018368,-2.9309588839931475,-5.410130388548998
2013-05-02,3.172880935525031,-2.914520128492664,-5.417864233057224
2013-05-03,3.274481763655453,-3.0075711293740497,-5.5939315793441695
2013-05-06,3.2783655521789874,-3.018130746556425,-5.5294616824688
2013-05-07,3.3018290517318,-3.0548955312820256,-5.472145380552029
2013-05-08,3.2886384354232554,-3.0405060279540264,-5.452424433984011
2013-05-09,3.296656038932883,-3.0370415517853067,-5.535784113155688
2013-05-10,3.389804591518971,-3.166812742972266,-5.449701050822713
2013-05-13,3.4142512310538002,-3.1704893305148456,-5.550521008471067
2013-05-14,3.4033633994625085,-3.1576237014074184,-5.541937787441904
2013-05-15,3.4166158531425417,-3.160697448342516,-5.59211709064285
2013-05-16,3.3844254903502007,-3.1266434386415307,-5.647813489334694
2013-05-17,3.371396416405176,-3.1097882766584295,-5.68135170723528
2013-05-20,3.38454447880984,-3.1215839972532873,-5.67548981102651
2013-05-21,3.4575088244675474,-3.2068557897750622,-5.6333834743485
2013-05-22,3.3834190831175626,-3.1271376084521707,-5.6328376045322415
2013-05-23,3.418229423898972,-3.1667069656422884,-5.595821163560195
2013-05-24,3.402509433683255,-3.1675576068032427,-5.441559649419191
2013-05-27,3.4498336626506614,-3.220181467561651,-5.480355199049106
2013-05-28,3.4887214042594623,-3.270100220535702,-5.482400073543167
2013-05-29,3.5018992064830816,-3.293954503428366,-5.292456239786653
2013-05-30,3.472821837783113,-3.266635849116435,-5.200395076191458
2013-05-31,3.5144731004924994,-3.3055136846153204,-5.31164538612566
2013-06-03,3.5256307750528637,-3.317522264155638,-5.242551871392607
2013-06-04,3.5277982932565983,-3.3220667803467885,-5.194371449347915
2013-06-05,3.492104729236173,-3.280897290315175,-5.188439762788615
2013-06-06,3.5347789305290966,-3.3325887560439016,-5.070242415836916
2013-06-07,3.4701930015422096,-3.2713706544797407,-4.905890672756575
2013-06-10,3.497902312355591,-3.2933422712663303,-4.895478830805507
2013-06-11,3.513028770014628,-3.3595236194794325,-4.543140401010181
2013-06-12,3.532036633029511,-3.3614481734923674,-4.72105291346519
2013-06-13,3.513085858788683,-3.318163357241459,-4.909075728301883
2013-06-14,3.467536402597327,-3.248595721589548,-5.035022580004591
2013-06-17,3.495662794516729,-3.271448562511768,-5.128292621578118
2013-06-18,3.521233322932459,-3.313506240658442,-4.9958338701629925
2013-06-19,3.511167610556605,-3.293192101062246,-5.038442672520099
2013-06-20,3.56663789883403,-3.410329518921257,-4.501994452735429
2013-06-21,3.6220651569481235,-3.476129254027322,-4.4738492205820535
2013-06-24,3.6859571824462485,-3.587992901295487,-4.013534110390167
2013-06-25,3.6780234762691664,-3.5869395343338493,-4.112159878874526
2013-06-26,3.6678246450224763,-3.5585358681288133,-4.412989587136892
2013-06-27,3.602592397168172,-3.4843311750519232,-4.493632587506929
2013-06-28,3.6437599043260116,-3.539087787069353,-4.4033238393928125
2013-07-01,3.6283124200035557,-3.516301221875559,-4.501995552794963
2013-07-02,3.6226089571423823,-3.5004360246460857,-4.6284947530899085
2013-07-03,3.5749518914244898,-3.4479097700033234,-4.579453557772781
2013-07-04,3.6074294653517702,-3.474303996655255,-4.8977358395602675
2013-07-05,3.725056758173639,-3.6101711901077724,-4.958384501282129
2013-07-08,3.739434095697359,-3.5929486963341306,-5.210467921606426
2013-07-09,3.683523256956794,-3.534455222595679,-5.156773763540512
2013-07-10,3.7014138220604704,-3.5504136254708607,-5.181671827587022
2013-07-11,3.646460373095438,-3.490353283524537,-5.057365758813251
2013-07-12,3.584557255041007,-3.4139238715462934,-5.095808022611201
2013-07-15,3.395711253865676,-3.234675988649421,-4.876113696452834
2013-07-16,3.413411697789525,-3.2461988540308173,-4.969738585269934
2013-07-17,3.405384006305606,-3.2374974588358514,-5.008574128001033
2013-07-18,3.4002911310714183,-3.2243227657667832,-5.061445605611061
2013-07-19,3.4181090987272595,-3.2088332151682026,-5.228430230859879
2013-07-22,3.3773305455009455,-3.1848735199789466,-5.0619164064595665
2013-07-23,3.383031766695268,-3.2065049586092265,-4.8304487327577075
2013-07-24,3.415470428430781,-3.2662496745383214,-4.685512137149986
2013-07-25,3.4789914360054595,-3.3368621003671812,-4.758932235994058
2013-07-26,3.4869358063721565,-3.350410366026945,-4.786393377289504
2013-07-29,3.4812356612936566,-3.360146474549719,-4.70230617737904
2013-07-31,3.4623225834581857,-3.353028287676864,-4.6006595468246
2013-08-01,3.424015589047296,-3.3104242804282364,-4.541490868698328
2013-08-02,3.422364477965187,-3.299750874103589,-4.600338533434469
2013-08-05,3.471377310802866,-3.3438364283409117,-4.670074672246688
2013-08-06,3.4676243561971702,-3.3554535666528276,-4.570055761195495
2013-08-07,3.457633905934309,-3.3364107581992037,-4.567707053163376
2013-08-08,3.456005745062581,-3.333795799705536,-4.585644501304674
2013-08-12,3.4669527505398965,-3.3444938484341247,-4.6186904894399685
2013-08-13,3.548883851117237,-3.4492026095371298,-4.475143732522606
2013-08-15,3.6708813956868718,-3.57780325838662,-4.513045668749563
2013-08-16,3.651284417286585,-3.561992935653149,-4.514229693081542
2013-08-19,3.704319154966935,-3.6215609086737786,-4.483155912609902
2013-08-22,3.704464122840475,-3.633024942062316,-4.4128468534450915
2013-08-23,3.7056837934696674,-3.6479949122217237,-4.172269958331627
2013-08-26,3.6462680117276616,-3.58195915963105,-4.271900421982503
2013-08-27,3.617554553460145,-3.5465928323206963,-4.298231427486027
2013-08-28,3.622493613357277,-3.5544136548583305,-4.275810854584661
2013-08-29,3.641319107629352,-3.5697754578075465,-4.347706556726352
2013-08-30,3.6626843195519614,-3.588964209569986,-4.366128321238633
2013-09-02,3.69086598059676,-3.62148538224735,-4.32247435128008
2013-09-03,3.7087618232963697,-3.641931885951184,-4.338358594251527
2013-09-04,3.7101837716087513,-3.6441526178838393,-4.299428902743343
2013-09-05,3.7830997873724623,-3.743888005909996,-4.06415386353525
2013-09-06,3.7250494666698315,-3.67103216288488,-4.264486009220565
2013-09-09,3.7600100440803876,-3.6994537524469724,-4.33350083987579
2013-09-10,3.8459709584658555,-3.801299667797556,-4.274280256410837
2013-09-11,3.8283029278261824,-3.7697948695036807,-4.414744269195029
2013-09-12,3.779525700749135,-3.693952113150515,-4.5446967797213365
2013-09-13,3.7466064316615126,-3.669538655537914,-4.461161851375759
2013-09-16,3.72994711636992,-3.6250886932501407,-4.591958236079539
2013-09-17,3.7525119481483125,-3.667063005850456,-4.526199453847337
2013-09-18,3.7833630558182927,-3.7074255090828423,-4.48387583842435
2013-09-19,3.783945411428487,-3.670899136174376,-4.811844178265361
2013-09-20,3.8293568421623627,-3.7207108770520287,-4.80785557006013
2013-09-23,3.8027051862775623,-3.692702293922589,-4.85585806041977
2013-09-24,3.7397134242564904,-3.621669150243232,-4.885365058771751
2013-09-25,3.672687518674561,-3.5540295539745586,-4.729779749688525
2013-09-26,3.659138069305675,-3.5488115044359745,-4.688918858299045
2013-09-27,3.6197058531520705,-3.5004970413477094,-4.756497219304959
2013-09-30,3.6149528984564108,-3.4878219078706003,-4.734725327268774
2013-10-01,3.629180845558776,-3.5078107295213377,-4.769195673326855
2013-10-02,3.644666413406715,-3.5167778058848063,-4.810543671623944
2013-10-03,3.671771309738045,-3.5548405043896265,-4.804060224109891
2013-10-04,3.7125889672587227,-3.5845793149535385,-4.869244297497711
2013-10-07,3.6900791363443455,-3.5436086039123103,-4.957880155604062
2013-10-08,3.7004030472547984,-3.544188365180844,-4.919431153533863
2013-10-09,3.685890770463407,-3.526873968087492,-4.907344232793826
2013-10-10,3.7558163933507434,-3.611491254380428,-4.916426933773979
2013-10-11,3.7525616181323995,-3.616252863098187,-4.925075910277856
2013-10-14,3.772263547369887,-3.6281479990442067,-4.981956883633616
2013-10-15,3.786665127317854,-3.6517126953923738,-4.944978601134157
2013-10-21,3.748347114869639,-3.589522753645902,-5.016412448777722
2013-10-22,3.7001224718556047,-3.529047439891867,-5.062850014824633
2013-10-23,3.6894838479210033,-3.510660469308867,-5.118529676915185
2013-10-24,3.6597902610499267,-3.4700754604130513,-5.081614158843591
2013-10-25,3.660685349460402,-3.4693597845701465,-5.0361740060749005
2013-10-28,3.641638760917923,-3.4456214300144916,-5.034866154377181
2013-10-29,3.650039284326266,-3.4578086865468265,-5.052148230677433
2013-10-30,3.6344978838878497,-3.434650670430191,-5.156503039290708
2013-10-31,3.6263303256269386,-3.4082734353897415,-5.329659702962713
2013-11-01,3.6639467990111867,-3.4284723648165345,-5.47383447520111
2013-11-04,3.6371972401461896,-3.406829177619917,-5.431125468290752
2013-11-07,3.703104054820132,-3.482148250390714,-5.596915333632412
2013-11-08,3.7441668555762706,-3.5514753597604303,-5.438460660434844
2013-11-11,3.7310636775165205,-3.530559320968413,-5.439479363398352
2013-11-12,3.785592010753261,-3.5818493423597006,-5.5129084478589
2013-11-13,3.7697826388537337,-3.5543265651673384,-5.6106344976729465
2013-11-14,3.72035718337488,-3.498113089870694,-5.55628564470142
2013-11-15,3.709733169637869,-3.4927824259645144,-5.496524511985891
2013-11-19,3.6943686194773515,-3.480398467450213,-5.455618393019754
2013-11-20,3.7108413838293623,-3.4923933785246986,-5.45757438649994
2013-11-21,3.768182360752014,-3.5499103062323387,-5.506921954475827
2013-11-22,3.71975875011247,-3.487151140614272,-5.423532127131099
2013-11-25,3.676854106062691,-3.4558736089265416,-5.378860265198506
2013-11-26,3.6744650189418926,-3.4548401946215996,-5.396504351957711
2013-11-27,3.6879065615912725,-3.449621289277337,-5.443013778949722
2013-11-28,3.6766274897652256,-3.4353785449217398,-5.447352078028177
2013-11-29,3.672679121317158,-3.433716289615023,-5.424638373730143
2013-12-02,3.6960109147245284,-3.4639253004634796,-5.373717355750546
2013-12-03,3.6825344111244855,-3.433090467837026,-5.385584177847081
2013-12-04,3.7261404382085757,-3.4807294133921154,-5.341511424326625
2013-12-05,3.758548937251549,-3.5377804427469606,-5.166044893579401
2013-12-06,3.7468948244254454,-3.5227713661847524,-5.079712846692242
2013-12-09,3.734707429632368,-3.486188790352875,-5.136931068906876
2013-12-10,3.7289667809775335,-3.4872343112999262,-5.128223506976571
2013-12-11,3.7269040842815744,-3.4523941696399376,-5.1457251464136755
2013-12-12,3.7136737248994396,-3.4379080642490036,-5.0445824143672136
2013-12-13,3.7016216223041947,-3.4343193771610654,-4.997609537836179
2013-12-16,3.7014754573865307,-3.4178322731733335,-5.03912178355869
2013-12-17,3.710523374888872,-3.425394736407421,-5.090075667700931
2013-12-18,3.6895330126837704,-3.432041254592259,-4.958394367728339
2013-12-19,3.722322356482871,-3.5073420957979,-4.869676856361856
2013-12-20,3.709239644002509,-3.496615319800825,-4.7998377362722255
2013-12-23,3.707785435947619,-3.5200393000731083,-4.76433403934602
2013-12-24,3.7090266024630405,-3.521750840114957,-4.767642458761567
2013-12-27,3.772507352348526,-3.6039384487678943,-4.680617129284699
2013-12-30,3.7808878958565058,-3.640143208519924,-4.684756790439078
2013-12-31,3.7832472060139493,-3.6481576668556635,-4.687361126686643
2014-01-02,3.801254092284402,-3.637806147027744,-4.772930142010354
2014-01-03,3.816551176917343,-3.6583193623514,-4.831831560318586
2014-01-06,3.781159884259951,-3.603223439708163,-4.87578945061909
2014-01-07,3.757177154186141,-3.5698807082495536,-4.870313953711124
2014-01-08,3.754794795605311,-3.572538662794277,-4.848863072583831
2014-01-09,3.772591850853156,-3.591347014777436,-4.84762455159796
2014-01-10,3.7788951030630398,-3.5702240939167593,-5.061494828986171
2014-01-13,3.738096319205451,-3.5314483033045594,-5.036188729338136
2014-01-16,3.696780108773646,-3.4446395840374873,-5.085198620092894
2014-01-17,3.6873277684549848,-3.442007724117265,-5.1188752711920245
2014-01-20,3.6644511629607512,-3.3904000763081363,-5.208767307765107
2014-01-21,3.659326475999456,-3.405939845849711,-5.147781127194962
2014-01-22,3.6813948103078755,-3.4390214404027466,-5.107011396384051
2014-01-23,3.6287908010182326,-3.37697403296979,-5.109530651263816
2014-01-24,3.585631026189793,-3.341024343747625,-5.137703934081142
2014-01-27,3.5758130772833803,-3.3117670848330274,-5.123555442531667
2014-01-28,3.586473404653668,-3.332123888310208,-5.1282816947546825
2014-01-29,3.5631201873735177,-3.305351863557389,-5.167082275526752
2014-01-30,3.5581551119158767,-3.2901979624432034,-5.268874866321936
2014-01-31,3.5149085712598445,-3.2710101738365953,-5.293634052133809
2014-02-03,3.5113686280499437,-3.2398875148455053,-5.37339631534299
2014-02-04,3.513815312581235,-3.2451543342323577,-5.361720566471923
2014-02-05,3.502265616033655,-3.230201080630014,-5.342224231944146
2014-02-06,3.5346606965863976,-3.2612049616928775,-5.211667148904162
2014-02-07,3.534173375137043,-3.2524200893945867,-5.3542325829053805
2014-02-10,3.548172839160119,-3.2758790080838738,-5.326954274005967
2014-02-11,3.561391190681166,-3.2936738262147163,-5.3161542952958625
2014-02-12,3.5744783856999347,-3.30991028231212,-5.336471457065453
2014-02-13,3.5599365012370088,-3.2856079569552215,-5.406484909733084
2014-02-14,3.5673892407772345,-3.3017203838610003,-5.353729814817016
2014-02-17,3.587750163993225,-3.312313260457592,-5.416174006750797
2014-02-18,3.5968618219646684,-3.298338344529159,-5.507724812321724
2014-02-19,3.5739955536297456,-3.28308814110469,-5.492235046190922
2014-02-20,3.5885778275246447,-3.3163915976090337,-5.406568674975383
2014-02-21,3.5756144337748657,-3.283221428070788,-5.459925818393783
2014-02-24,3.5971688802461923,-3.3056701334580545,-5.44154575830769
2014-02-25,3.5538721740521044,-3.2430101901058466,-5.431451738300431
2014-02-26,3.501908929070708,-3.1871633841366602,-5.450964884294255
2014-02-27,3.443138307234014,-3.1242774337268964,-5.471968341231498
2014-02-28,3.4673788040254423,-3.174043141446888,-5.1848812711409415
2014-03-03,3.4070994929647984,-3.0977316479215915,-5.2451511936370165
2014-03-04,3.4403304220062183,-3.1429933906145147,-5.287920691274559
2014-03-05,3.466410073888661,-3.181682710053135,-5.287857817260633
2014-03-06,3.4879805468645775,-3.1822696060790028,-5.199883973655708
2014-03-07,3.4906152444156047,-3.162690436278642,-5.18760608757408
2014-03-10,3.4614214486118913,-3.101433855671214,-5.287620491129909
2014-03-11,3.5228693111276996,-3.1706466290402924,-5.358613459913664
2014-03-12,3.465065968868973,-3.1067634036516134,-5.367947273124961
2014-03-13,3.4412920506917177,-3.0760604372343705,-5.388463978418304
2014-03-14,3.4101478690861353,-3.0442954018702526,-5.400479835501697
2014-03-17,3.428539285816375,-3.045989628938833,-5.419391594999932
2014-03-18,3.440764773958903,-3.0417740565952345,-5.439963893682617
2014-03-19,3.4626740707860932,-3.086364341899139,-5.365070410239183
2014-03-20,3.475684093983354,-3.1208773872194504,-5.12619565188566
2014-03-21,3.445986162276645,-3.075981753736799,-5.148099003254355
2014-03-24,3.41188038639499,-3.041650766108914,-5.1759362341578345
2014-03-25,3.4011403011703676,-3.047988111838535,-5.195903563469132
2014-03-26,3.3993974857101854,-3.041158544169596,-5.290198032425995
2014-03-27,3.392384406246219,-3.032097860977345,-5.370486314145089
2014-03-28,3.3809698658704246,-3.039858261702987,-5.25093701120079
2014-03-31,3.3962548653453095,-3.064008892906645,-5.168272367524509
2014-04-01,3.405564405103373,-3.06695279004623,-5.1825925242697695
2014-04-02,3.4398474908037073,-3.1011394359526063,-5.1761765702978195
2014-04-03,3.44969466522301,-3.0940339706253157,-5.239690293589504
2014-04-04,3.433643526829345,-3.055900677547962,-5.404734639757015
2014-04-07,3.4088579304039004,-3.045214280238291,-5.38428813842721
2014-04-08,3.4259073248919343,-3.070672638367957,-5.3260398611688675
2014-04-09,3.4059963348282123,-3.0886768786743692,-5.128429423667773
2014-04-10,3.371801485910937,-3.0435332695050272,-5.203102833764698
2014-04-11,3.329926475741385,-2.977970177007845,-5.234288761360112
2014-04-14,3.330048221689453,-2.9836741828434157,-5.209036397824131
2014-04-15,3.3280302612475086,-2.9811311245458896,-5.238219920255432
2014-04-16,3.2897110272111627,-2.9505804411721703,-5.195034089462868
2014-04-17,3.285022571184602,-2.9798887703778316,-5.036209050077912
2014-04-22,3.3243314202654384,-3.008862356574986,-5.034796550856008
2014-04-23,3.3037185442214967,-2.977892291210239,-4.9895786954470935
2014-04-24,3.278527529842451,-2.9441859866736033,-4.989670880855966
2014-04-25,3.226026127212849,-2.9044071619386473,-4.907965718152677
2014-04-28,3.232117974145168,-2.9217875193686798,-4.832350443213462
2014-04-29,3.2790566883186734,-2.9860998200934823,-4.943488299457618
2014-04-30,3.263438086548821,-2.9558855234910943,-5.033385081326734
2014-05-02,3.256007406818914,-2.93589904423074,-5.092539078675997
2014-05-05,3.2420344217382784,-2.9139108490217005,-5.12553733316831
2014-05-06,3.2462184086669232,-2.8989194315177578,-5.118783087971405
2014-05-07,3.249848357764107,-2.9338325374536947,-4.989369691101487
2014-05-08,3.249767675856208,-2.925678567097333,-5.145455577207126
2014-05-09,3.279842205588834,-2.950409978275199,-5.262497515023713
2014-05-12,3.293019121513392,-2.9448602053354813,-5.290468471715694
2014-05-13,3.270292186243765,-2.912392297772459,-5.3889342220687855
2014-05-14,3.20649779687546,-2.8486142458000794,-5.395633998918922
2014-05-15,3.1538673679713476,-2.79868714219045,-5.400277798195038
2014-05-16,3.145464106053544,-2.7972339246315974,-5.296647691046149
2014-05-19,3.1512164055050085,-2.82743079012807,-5.256252527776765
2014-05-20,3.199667745207387,-2.8501199820276764,-5.375537188119746
2014-05-21,3.2164900061325303,-2.8783486641959835,-5.325402348474693
2014-05-22,3.1748096611331205,-2.860292013438162,-5.28399497413081
2014-05-23,3.1943716133427467,-2.863782179515388,-5.365072720223113
2014-05-26,3.182156695695354,-2.875159749107185,-5.328384003503941
2014-05-27,3.1848845603637033,-2.8441949206482446,-5.457874596938725
2014-05-28,3.120627922837957,-2.795452142144489,-5.381678206347776
2014-05-29,3.1218122391880065,-2.804730569698756,-5.352574103491774
2014-05-30,3.1559120217966177,-2.8419809173260875,-5.34023092573033
2014-06-02,3.1582045511500625,-2.840628809480047,-5.386039746086674
2014-06-03,3.2221030812944047,-2.9170229478140177,-5.35339305491366
2014-06-04,3.236620815858859,-2.9694312049214675,-5.313282956906344
2014-06-05,3.2690452473140175,-2.989622995557599,-5.443742883692869
2014-06-06,3.23007773915965,-2.8490662078266427,-5.8362894309936
2014-06-09,3.2093001521444684,-2.874828303497976,-5.628596642089501
2014-06-10,3.2282691437470077,-2.933987560680662,-5.50388791276336
2014-06-11,3.237791131692838,-2.9482487221346485,-5.547780680763183
2014-06-12,3.282927264430338,-2.9791161916274325,-5.71099631656122
2014-06-13,3.245947013486461,-2.967325868458758,-5.604860427817491
2014-06-16,3.2115591617578514,-2.918310435908512,-5.6143315026395575
2014-06-17,3.2502274319742352,-2.9564486189970642,-5.5927151752251
2014-06-18,3.2257985683315336,-2.944811737311416,-5.549159021328562
2014-06-19,3.151187225162267,-2.84584375311399,-5.588970664968212
2014-06-20,3.2062444646836874,-2.9046230260938835,-5.5912050024778
2014-06-23,3.177943735590732,-2.886190506713528,-5.590036663463703
2014-06-24,3.180092127893662,-2.887981677575299,-5.578063829304345
2014-06-25,3.1135510996281113,-2.8061552414862856,-5.578064918018585
2014-06-26,3.0502781717807204,-2.756086078543494,-5.455604213044671
2014-06-27,3.0474309577172303,-2.757388686869854,-5.385472615137956
2014-06-30,3.052756139583208,-2.7538691649967193,-5.413369720032474
2014-07-01,3.0692433204569523,-2.755492934029541,-5.547242608920008
2014-07-02,3.104772660138655,-2.785285748543804,-5.5700959442746925
2014-07-03,3.1603726908295293,-2.846740177145346,-5.667862215400455
2014-07-04,3.099966999722606,-2.7726911155516865,-5.666330227634327
2014-07-07,3.104714050926486,-2.7759745967294274,-5.662731184864082
2014-07-08,3.059724076470966,-2.7296104608288356,-5.649125320809386
2014-07-09,3.043729374043732,-2.7201010140604955,-5.593318808539057
2014-07-10,2.9893338217474263,-2.6680330242532104,-5.528515078939176
2014-07-11,2.9937305713436664,-2.6811818887404266,-5.502483216145199
2014-07-14,2.9962722235709847,-2.6754809861376723,-5.486269439927781
2014-07-15,2.951038262511719,-2.6442561209274658,-5.424631795180234
2014-07-16,2.943420676664492,-2.6327891235625014,-5.384971006343608
2014-07-17,2.9027455160322875,-2.6139428579528614,-5.3005574514992215
2014-07-18,2.8597529056905064,-2.5503707827484634,-5.262830236132935
2014-07-21,2.850096048828924,-2.5530537440869923,-5.221422399325301
2014-07-22,2.872659160874579,-2.580112977840323,-5.208622219499348
2014-07-23,2.84097385395406,-2.5343194454260223,-5.228248534911053
2014-07-24,2.886219282105199,-2.599919241374253,-5.2092554733182705
2014-07-25,2.8421598974074436,-2.5628320231722137,-5.165693963131092
2014-07-31,2.8760983445226107,-2.597032275651933,-5.155616737886854
2014-08-01,2.8569186688008754,-2.579999046513917,-5.176651591393492
2014-08-04,2.8123636805881445,-2.5145647186914113,-5.170200903298418
2014-08-05,2.843212387578812,-2.5576439100396833,-5.1238338546376765
2014-08-06,2.746640755301753,-2.483840556906064,-5.007453591500342
2014-08-07,2.728543882470994,-2.4425524481548413,-5.032344014408958
2014-08-08,2.6453905984730914,-2.3753015543635927,-4.87708750836125
2014-08-11,2.6706615724066465,-2.4024825918573853,-4.926337305507895
2014-08-12,2.6915363168677633,-2.420270957595844,-4.972939881921613
2014-08-13,2.7011496712538587,-2.404534337339265,-5.082797414306902
2014-08-15,2.614575129552001,-2.323117105361322,-4.94855547266894
2014-08-18,2.6267443382305538,-2.34605653912297,-4.925006904843641
2014-08-19,2.6031619841840747,-2.323954463185096,-4.906756036291682
2014-08-22,2.5207667870295585,-2.2558967712360625,-4.713289016871949
2014-08-25,2.4968349120493096,-2.251851589621154,-4.794855096735129
2014-08-26,2.4719643703142173,-2.2248501140165935,-4.722947746180237
2014-08-27,2.4230008187822962,-2.1632426371887785,-4.757282572747792
2014-08-28,2.3719358556732555,-2.1215900312054075,-4.6033863208362025
2014-08-29,2.389583524798609,-2.151720450032462,-4.593058125279558
2014-09-01,2.429080886683203,-2.1794377589154683,-4.742229140896231
2014-09-02,2.5094651228751443,-2.257091084187185,-4.824313404121752
2014-09-03,2.5560512374154007,-2.2845306625711848,-4.922161435155586
2014-09-04,2.623543462019155,-2.377985860330128,-5.187114679112886
2014-09-05,2.6190405063792146,-2.3608210993092458,-5.2714283269885645
2014-09-08,2.5857536694425507,-2.335808954955911,-5.185400962834448
2014-09-09,2.6962212637505694,-2.453610951703377,-5.272270509044517
2014-09-10,2.7087964568812968,-2.4658059677277464,-5.24783112721423
2014-09-11,2.6790735959671936,-2.447361716075127,-5.169057720802155
2014-09-12,2.734502515660632,-2.5073645494390258,-5.15322893832581
2014-09-15,2.7010672651524956,-2.470036841956637,-5.180324461870336
2014-09-16,2.7292772069596802,-2.4811888718078166,-5.239532300190049
2014-09-17,2.7450715458566375,-2.5026972739491704,-5.310574128010535
2014-09-18,2.7656894358382704,-2.533882407199455,-5.199485542079604
2014-09-19,2.720295202910541,-2.4787943175892204,-5.249092413667951
2014-09-22,2.6771556775940244,-2.435161623598189,-5.2116014475750845
2014-09-23,2.6223938944677587,-2.381587548052871,-5.034139416578122
2014-09-24,2.6068287120586624,-2.3665211213995843,-5.063219943080193
2014-09-25,2.6020689339849064,-2.3564818935435925,-5.132213587972864
2014-09-26,2.5973468284247754,-2.3534444105826635,-5.131988180288127
2014-09-29,2.549443658687219,-2.3105137605406254,-5.033124871566649
2014-09-30,2.5397565473142842,-2.2977442748162558,-5.051520973791934
2014-10-01,2.482180480471139,-2.235794377580354,-5.0300791338326185
2014-10-02,2.502393824993771,-2.2598587835089052,-5.003714818294401
2014-10-03,2.4922851029423962,-2.2591449622097937,-4.872957945249357
2014-10-07,2.4762253702913037,-2.2387983286107405,-4.9090049500326645
2014-10-08,2.450121149561443,-2.2102680485839743,-4.883042472318103
2014-10-09,2.462090081162134,-2.2173734091391024,-4.9698727046947075
2014-10-10,2.443276800248386,-2.202113340954247,-4.8756909279802105
2014-10-13,2.455016817922583,-2.212786728878344,-4.845797078560167
2014-10-14,2.3819556376450044,-2.1380648791906642,-4.802298078296124
2014-10-15,2.2303189174117315,-1.9964075993389674,-4.579763264805647
2014-10-16,2.2323465680295427,-2.0139364903504227,-4.419011709953657
2014-10-17,2.373355791485247,-2.1481086036301615,-4.613535004446047
2014-10-20,2.360680753006057,-2.1297089290398636,-4.663783752370908
2014-10-21,2.4033778940941746,-2.168591541300934,-4.715329181421357
2014-10-22,2.412502378578743,-2.17471069490857,-4.7358428287317595
2014-10-23,2.434540201499631,-2.1947324002993787,-4.782478878570451
2014-10-24,2.415561416558267,-2.1827650713665943,-4.719804887579528
2014-10-27,2.3886791637919917,-2.1564128645068683,-4.659504685235767
2014-10-28,2.391064587045319,-2.16324307269267,-4.655856854028631
2014-10-29,2.3992688963373374,-2.1676628213010076,-4.674450675407038
2014-10-30,2.3470092151356425,-2.1148354200406914,-4.669252614661847
2014-10-31,2.3605353915339586,-2.1188925264378264,-4.754278831311401
2014-11-03,2.3742723996888975,-2.126538584957947,-4.79013989557853
2014-11-04,2.3156069031789768,-2.0675222817083796,-4.708255914500534
2014-11-05,2.3492035542599115,-2.098035057971628,-4.786696731272493
2014-11-07,2.3778932090200304,-2.1199766234349635,-4.884600933914176
2014-11-10,2.3449653893825215,-2.091487070144919,-4.796337298217947
2014-11-11,2.3475687350882963,-2.093779694205761,-4.7926584532224075
2014-11-12,2.3026110788306102,-2.051302004498866,-4.730394027726207
2014-11-13,2.2987672895511184,-2.0487364025841472,-4.709389669084048
2014-11-14,2.2848687268568795,-2.0349519297370877,-4.6969117413152475
2014-11-17,2.2871749674811963,-2.0396887012054075,-4.649447762625821
2014-11-19,2.32269907255995,-2.077038340757192,-4.58934397750187
2014-11-20,2.272558949866819,-2.026336123592778,-4.560184893076285
2014-11-21,2.237168708970376,-1.987946147817686,-4.571643404586955
2014-11-24,2.252736837427797,-2.001366551519672,-4.613192818619399
2014-11-25,2.216304662854349,-1.9614806781606768,-4.589337212408208
2014-11-26,2.174587525130046,-1.9243049544955744,-4.502790376765786
2014-11-27,2.1123572743656824,-1.8620680975667008,-4.431795794709749
2014-11-28,2.0873794400967216,-1.8371278810112806,-4.367925693267333
2014-12-01,2.0943263764368525,-1.842539474997586,-4.3556998965235145
2014-12-02,2.1478986334191776,-1.9032970593654843,-4.365575936460519
2014-12-03,2.1850366011679356,-1.9365695782969357,-4.47404430234757
2014-12-04,2.163318163229225,-1.9173851814745078,-4.428495784223226
2014-12-05,2.1862359820500985,-1.9418259754371507,-4.434719549335016
2014-12-08,2.11105186086471,-1.864933588074464,-4.368221977104914
2014-12-09,2.048335884974544,-1.8117885728349195,-4.224367174276651
2014-12-10,2.0216082887188525,-1.7887949213612209,-4.163261822821359
2014-12-11,1.9727382111434917,-1.74726944243919,-4.063785777196983
2014-12-12,1.921298986790622,-1.6975989244273832,-4.002760362433572
2014-12-15,1.9238439186746523,-1.7002837862776823,-3.9986739767938353
2014-12-16,1.813515027593938,-1.596291231416504,-3.8327937858073797
2014-12-17,1.831384510712111,-1.6124825228152235,-3.8846875168789254
2014-12-18,1.9235038472765817,-1.697104044871601,-4.068480556351038
2014-12-19,1.9192186646540295,-1.689174178454258,-4.1078835960149815
2014-12-22,1.9225066964232524,-1.688106640574261,-4.145304478533634
2014-12-23,1.9154773083517078,-1.6809508279764813,-4.147853925008139
2014-12-24,1.9172127937002603,-1.6833554338998011,-4.155862347443175
2014-12-29,1.8436045567424153,-1.610141088502329,-4.081906029116467
2014-12-30,1.8327522614494005,-1.5965018117036913,-4.118160965888361
2014-12-31,1.8347435046396947,-1.5991163512628934,-4.127185981727816
2015-01-02,1.7543387700017983,-1.5247293043290888,-3.984879205613599
2015-01-06,1.5358708683132547,-1.3332377277877456,-3.515607799033243
2015-01-07,1.584592149843663,-1.3909217385871195,-3.5710980339097618
2015-01-08,1.6423408270234887,-1.4504449363625773,-3.6466313611379473
2015-01-09,1.6701104459567058,-1.478546554570495,-3.7129978063290316
2015-01-12,1.5704193152934964,-1.3811886018513753,-3.5700156616729597
2015-01-13,1.5672857370732594,-1.3782940629576355,-3.5755865954596433
2015-01-14,1.4851322998204766,-1.28977296403311,-3.5128008325738445
2015-01-15,1.5073139863670437,-1.3155457041942338,-3.618204317793113
2015-01-16,1.5019406096171821,-1.3065813754059938,-3.6413896075771586
2015-01-19,1.486462129433612,-1.2976306892308473,-3.5971256612939944
2015-01-20,1.4880475356426968,-1.3032470037419932,-3.515608115993541
2015-01-21,1.495423465312288,-1.499351301520687,-3.1043556039571287
2015-01-22,1.6800426062152427,-1.640816219421294,-3.606751213117799
2015-01-23,1.3605324734780155,-1.3180556149525713,-3.16734351568165
2015-01-26,1.3181068076324176,-1.2747099443727081,-2.990466771244703
2015-01-27,1.3246804910347663,-1.2922051287178453,-2.9506060784186263
2015-01-28,1.2947162851784901,-1.2839046977999997,-2.866621057556986
2015-01-29,1.27285553591963,-1.2490415804702897,-2.900446417170829
2015-01-30,1.2147743004153386,-1.204044565149657,-2.764022212243659
2015-02-02,1.1422658892823099,-1.1530860382366233,-2.6661004940758763
2015-02-03,1.198758308368083,-1.2073891146922784,-2.7556456770524056
2015-02-04,1.2273593166697807,-1.2622395045228143,-2.7641362788539285
2015-02-05,1.219537571751115,-1.2652630005507168,-2.700613202702562
2015-02-06,1.205394357510141,-1.2500554273980953,-2.701074595093884
2015-02-09,1.213146738066675,-1.2455420243230364,-2.7012840539003595
2015-02-10,1.2351819536655406,-1.3089256492974695,-2.6513257587353416
2015-02-11,1.2095525444144228,-1.2895902696411876,-2.5979999133426395
2015-02-12,1.1770647430052492,-1.2256678225983024,-2.6384087928657975
2015-02-13,1.1961509378507356,-1.2047799226838722,-2.7761004015551958
2015-02-16,1.219896450594114,-1.2442252110758591,-2.807460345898984
2015-02-17,1.2292097855545925,-1.2697169188579465,-2.759940301710093
2015-02-18,1.3272362159621445,-1.3377183809212272,-3.0153362457090633
2015-02-19,1.3564802925139041,-1.343411253819768,-3.136756966587044
2015-02-20,1.3130178122242147,-1.3017487157173346,-3.1216887267285336
2015-02-23,1.37098137034433,-1.3565727843030309,-3.232933390827345
2015-02-24,1.3843756243835006,-1.3931312593018217,-3.19261730893488
2015-02-25,1.3019772777706384,-1.307511862237567,-3.1110517893159058
2015-02-26,1.218640401806431,-1.2370054325912538,-3.0036252802839063
2015-02-27,1.246274276893977,-1.2888140434556083,-2.9635061668249634
2015-03-02,1.273433515427438,-1.2851379272657408,-3.0391096261811805
2015-03-03,1.3016708561366124,-1.3401350401898502,-2.981948946202245
2015-03-04,1.3061352291751334,-1.3178236947298587,-3.0067757158135886
2015-03-05,1.2569464690977765,-1.2802764959663557,-2.934369823931844
2015-03-06,1.2527829698134876,-1.3049084053529274,-2.835902826933475
2015-03-09,1.1761913233331933,-1.2074249835593531,-2.81667366827724
2015-03-10,0.9934487167047769,-1.0401625305892765,-2.52139791403591
2015-03-11,0.9125752290787268,-0.9903580734009203,-2.3035676632489075
2015-03-12,0.9414703172091049,-1.0268030846447584,-2.3052264450012845
2015-03-13,0.9636181861854053,-1.0676118896068285,-2.2442803679801826
2015-03-16,0.9085401699471335,-1.0301160077413687,-2.0546404334717696
2015-03-17,0.9472019397035563,-1.037225765273046,-2.1049449044961417
2015-03-18,0.8803980923691144,-0.9765490005652282,-2.1253370094393613
2015-03-19,0.8541109750947077,-0.9782414131332455,-2.0377270198889916
2015-03-20,0.863074240340976,-0.9436362013288055,-2.142831863542793
2015-03-23,0.8848540686443371,-0.9981387660491305,-2.027393899875467
2015-03-24,0.879495950367166,-1.021250029167984,-1.9312875609534914
2015-03-25,0.8804309903214428,-1.0273907654885197,-1.913396033470662
2015-03-26,0.9171421633998267,-1.0406723195987142,-2.0952020517957934
2015-03-27,0.9035602319698832,-1.036398278567426,-2.06043616882626
2015-03-30,0.8647978210837789,-0.9988027481114612,-1.9842118479248188
2015-03-31,0.8476316404007623,-0.981487144358401,-1.9721981902354646
2015-04-01,0.8068555336858066,-0.9674064084518921,-1.9091605973714967
2015-04-02,0.8505336462097935,-1.0100247248380245,-1.956119104065993
2015-04-07,0.9021859209512635,-1.0403629680655917,-2.1234859177603496
2015-04-08,0.8983202274121619,-1.0496459872946107,-2.1721718379610797
2015-04-09,0.877726357326611,-1.0290145260338732,-2.154971111437087
2015-04-10,0.8695589731289772,-1.038854780453475,-2.1046390155629355
2015-04-13,0.8423815651097057,-0.9967583585093371,-2.0693976397580465
2015-04-14,0.810330480226242,-0.9757356755019702,-1.9968516467230066
2015-04-15,0.7391289709591077,-0.9154496686274651,-1.8706870577718904
2015-04-16,0.6791777779917537,-0.8917399517280284,-1.69569836630242
2015-04-17,0.6542003407522645,-0.8648699655584284,-1.6636078800693856
2015-04-20,0.6293459937830663,-0.8126032259293161,-1.6100536708024036
2015-04-21,0.6967964907762324,-0.8817638254837512,-1.7380377330693166
2015-04-22,0.7398736390567235,-0.9293477309503007,-1.733249448671523
2015-04-23,0.8113946889640837,-0.9926041803700525,-1.8984162690554562
2015-04-24,0.8210852295884674,-0.9901499852208002,-1.930554141247611
2015-04-27,0.8350631832575299,-1.0200871893357146,-1.9247057330172208
2015-04-28,0.8374071726650746,-1.0244985622828855,-1.983107372221326
2015-04-29,0.9884044354231092,-1.176050508264113,-2.0793466459035446
2015-04-30,1.1139576637505637,-1.2973100881603448,-2.151646577593533
2015-05-04,1.2242184626527843,-1.4273253235033185,-2.246416254451809
2015-05-05,1.2803536179266637,-1.5090923400996736,-2.204793680242393
2015-05-06,1.4692788958221796,-1.6709450737593592,-2.583111494585121
2015-05-07,1.4921838672316463,-1.7023916841522126,-2.5626500532909846
2015-05-08,1.4678901891395044,-1.648973963024758,-2.6545106737378528
2015-05-11,1.5493706069587831,-1.7136685816911856,-2.8138453610997485
2015-05-12,1.740408330021283,-1.9031451076671182,-3.030329655216838
2015-05-13,1.7000475904986303,-1.8428262330453045,-3.042198348755601
2015-05-14,1.815340028396106,-1.9489329393850725,-3.2388956972388794
2015-05-15,1.6870621518810542,-1.8206526353295645,-3.0332375177375503
2015-05-18,1.724643530763894,-1.8603472441648061,-3.1094790366448133
2015-05-19,1.6473943501594805,-1.7799496572259987,-3.011115215553328
2015-05-20,1.6335694312225726,-1.777595786161502,-2.987843657795041
2015-05-21,1.6965605666865868,-1.838172399503117,-3.1268552879993456
2015-05-22,1.667735645086422,-1.8066265551741125,-3.082925915735012
2015-05-25,1.6661931393969858,-1.8073148981540186,-3.0746772142393284
2015-05-26,1.627835204230264,-1.7586070714629778,-3.076440453647488
2015-05-27,1.6058917011245748,-1.7052385572953725,-3.120018596168189
2015-05-28,1.5550168978172996,-1.6873647328385917,-3.0120074606781215
2015-05-29,1.5282774761993465,-1.6245751541064393,-3.0476514992289876
2015-06-01,1.4861376915347564,-1.6104065614663972,-2.9328270511674344
2015-06-02,1.7118254365772099,-1.8549809216551743,-3.061900036887426
2015-06-03,2.0231618621733665,-2.1184718930358866,-3.509074900052336
2015-06-04,2.0115148098918265,-2.1504850047439383,-3.4534924196458245
2015-06-05,2.0470132537122976,-2.1881738120812355,-3.460559235641191
2015-06-08,2.0959212261023215,-2.2140116306393245,-3.5681224700667253
2015-06-09,2.2129412189810553,-2.3352450876890876,-3.6524826108009423
2015-06-10,2.2704858223959263,-2.3678128782987304,-3.838248652341367
2015-06-11,2.1817837552845076,-2.300672382884054,-3.71974223412857
2015-06-12,2.1194522071925146,-2.2310687812987164,-3.6666144668552705
2015-06-15,2.018990607442528,-2.154029443489081,-3.4208589106639593
2015-06-16,2.0643981451482993,-2.177396632118937,-3.5575885729493915
2015-06-17,2.0863548537108754,-2.1762567601912055,-3.65949737928651
2015-06-18,2.062176806340404,-2.1844624961969235,-3.6023659150143588
2015-06-19,2.0165801843962012,-2.123816768035258,-3.578434322470316
2015-06-22,2.209683072358202,-2.298286007654262,-3.8415943892736113
2015-06-23,2.238160276367414,-2.3270846794991114,-3.936616168141549
2015-06-24,2.155718531288657,-2.2444731075040965,-3.870251973503873
2015-06-25,2.2271171164679577,-2.3022638429582813,-4.012437447522956
2015-06-26,2.3535559138487483,-2.4322187233545582,-4.178079710568617
2015-06-29,2.214565978725901,-2.3014472577222884,-4.010307484084955
2015-06-30,2.181675220286594,-2.2675920879213116,-4.034202670981482
2015-07-01,2.303749524510315,-2.370714661535147,-4.272454412503906
2015-07-02,2.3688623862829314,-2.437427258812682,-4.42643685849096
2015-07-03,2.2881879428355063,-2.352413349449619,-4.351199852401049
2015-07-06,2.2022924783760507,-2.3022675260385004,-4.174897776902423
2015-07-07,2.003961340440009,-2.080054695885827,-3.934992440009221
2015-07-08,1.9753400336247635,-2.0911881183350256,-3.7692218248621483
2015-07-09,2.070634801629179,-2.1452206122932975,-3.9960503434628625
2015-07-10,2.2955681835578003,-2.4161245887022096,-4.0633686992676665
2015-07-13,2.3249728109626266,-2.4266865766100816,-4.186315320731869
2015-07-14,2.283952181012747,-2.3820114624023176,-4.177500297084721
2015-07-15,2.1710944828045595,-2.2519941097100076,-4.130352357979419
2015-07-16,2.2060294727192735,-2.3027330182256716,-4.083728042859912
2015-07-20,2.021690573135384,-2.1009939209816326,-3.9009683990564454
2015-07-21,2.0557822253044287,-2.1409287994470567,-3.9260129912181436
2015-07-22,2.0209218520219903,-2.103820545199894,-3.8938321874702186
2015-07-23,2.008394714468189,-2.078388046622835,-3.9020400360282768
2015-07-24,1.9299818730792226,-2.003514041907358,-3.8238251920568476
2015-07-27,1.8950130630015845,-1.9658934927737381,-3.780261808928172
2015-07-28,1.9382080090988192,-2.028744048759113,-3.793221416784329
2015-07-29,1.9519639502987467,-2.0324684260617563,-3.850910696945017
2015-07-31,1.8424736548216392,-1.9433366756383164,-3.6580835954491047
2015-08-03,1.807003539775492,-1.887436032786173,-3.6724583600008947
2015-08-04,1.8588375631677423,-1.9317987890961654,-3.7755755766019634
2015-08-05,2.0349050723712145,-2.104094814832586,-3.9958107599445984
2015-08-06,1.9944768201772376,-2.0600296585023834,-3.9767682703815157
2015-08-07,1.9479542900440143,-2.0247096656311903,-3.974403909421986
2015-08-10,1.945594092048581,-2.0235878851998823,-3.946533538867539
2015-08-11,1.867464670023172,-1.9338814871013494,-3.877946303024824
2015-08-12,1.8352037598381203,-1.912131040036352,-3.8185140743251367
2015-08-13,1.8670878626072478,-1.9446666623949835,-3.832439114303613
2015-08-17,1.8201198638630582,-1.9079849842609766,-3.700178225655842
2015-08-18,1.8563585654224921,-1.9297766060536836,-3.742308152209047
2015-08-19,1.886223925791824,-1.9501343021348432,-3.8018602534804153
2015-08-24,1.6681551726688937,-1.743138796234299,-3.4585644527020256
2015-08-25,1.9398254257549148,-2.039308901310281,-3.683476218303288
2015-08-26,1.9471335692241694,-2.024985344720477,-3.7379973561919964
2015-08-27,1.9945953259774973,-2.0745084708234502,-3.8178772899773605
2015-08-28,1.916359942303261,-2.005622878957301,-3.6821327464496805
2015-08-31,1.9677023775832045,-2.0563964362259743,-3.7244457776366096
2015-09-01,2.067324101093663,-2.1878046666978643,-3.730456911035201
2015-09-02,2.065426228056903,-2.188369896480928,-3.733404440721286
2015-09-03,2.037263520725971,-2.1233399814621223,-3.927074726522502
2015-09-04,1.9289014789227814,-2.0290284751205556,-3.761583328049362
2015-09-07,1.93060059585462,-1.9961268147000526,-3.861191222475205
2015-09-08,1.9503491371118704,-2.014941836131806,-3.8702770108221696
2015-09-09,2.028760806935792,-2.079834221821462,-4.0290992085526875
2015-09-10,1.9804418111586988,-2.042226627585307,-3.9511955381482236
2015-09-11,1.9672148920394916,-2.0152602594969595,-4.005780017139986
2015-09-14,1.936426044508319,-1.9741411415547647,-3.995749137515242
2015-09-15,2.046212689069763,-2.112545705173343,-4.035267605757894
2015-09-16,2.093289055629768,-2.1661141084938533,-4.04400484937668
2015-09-17,2.0840953082326847,-2.1603521839661677,-3.942866097799389
2015-09-18,1.88389172299672,-1.9749685852102545,-3.7545784715001638
2015-09-21,1.9476325773228518,-2.02798403421432,-3.842349609476613
2015-09-22,1.890346904698566,-1.9593541735834612,-3.916970771696885
2015-09-23,1.8469521820775745,-1.9282007136274846,-3.783658070966537
2015-09-28,1.8462092171967173,-1.9462955772529882,-3.7293695477300663
2015-09-29,1.8295812745994606,-1.9697502636672333,-3.653349895495047
2015-09-30,1.813975253585383,-1.953775338252508,-3.62323890763941
2015-10-01,1.757488722567637,-1.87193320332628,-3.683699942019048
2015-10-02,1.6831643707147006,-1.7786600735423024,-3.6574332571157564
2015-10-05,1.7764997975826191,-1.8647613793493432,-3.748543113565814
2015-10-06,1.882573524092844,-1.9485252761852996,-3.8834831155073863
2015-10-07,1.860847408644272,-1.9521970670523996,-3.8012224985636287
2015-10-08,1.8138060232565103,-1.9123204978485835,-3.748308062087621
2015-10-09,1.8622712833307273,-1.9603260688279667,-3.79938603344762
2015-10-12,1.8155927259318871,-1.9124126880309036,-3.772828057955888
2015-10-13,1.8482689679718696,-1.9339345917865391,-3.84357700162579
2015-10-14,1.8109233840526227,-1.8766229563971812,-3.8705199706023885
2015-10-16,1.79017214574869,-1.9078807432947174,-3.7451113197262345
2015-10-19,1.819707850089342,-1.9032474599142004,-3.853922761903945
2015-10-20,1.8938749757862092,-1.9794865243926831,-3.833122863769048
2015-10-21,1.8342782827125717,-1.9370024106533417,-3.784632791574792
2015-10-22,1.7457138165271937,-1.8548806886918894,-3.957928621738477
2015-10-23,1.774926416332701,-1.879765351700931,-3.937877884336658
2015-10-26,1.7441728355860304,-1.8700667547786685,-3.864026279894917
2015-10-27,1.67466058197324,-1.8182151252956151,-3.7836893282880886
2015-10-28,1.7001757028369575,-1.8341241721872308,-3.822404220941834
2015-10-29,1.7301516208518555,-1.8698092947544485,-3.770685349932394
2015-10-30,1.7609145371535453,-1.8975397088651786,-3.780126883629352
2015-11-02,1.8274075197385313,-1.951748828829222,-3.855905469419336
2015-11-03,1.8506042952246384,-1.974942260961444,-3.93626371653327
2015-11-04,1.8890146036199773,-2.010825381658229,-4.06911013652118
2015-11-05,1.951607735982773,-2.061936426925524,-4.166433229021751
2015-11-09,2.15959395949451,-2.253583311515734,-4.543614664812984
2015-11-10,2.124557103644816,-2.19338300308306,-4.658215350836837
2015-11-11,2.0856272692821545,-2.1682125525522604,-4.5820601333767845
2015-11-12,2.03872992508176,-2.124192656175749,-4.475792589427202
2015-11-13,1.9551408245659352,-2.0844444989597206,-4.341967730419892
2015-11-16,1.938078590539398,-2.0471266009349707,-4.381163935947346
2015-11-17,1.9403902220393832,-2.0539793635647694,-4.386082107375487
2015-11-19,1.8262883912247536,-1.9268883347884649,-4.225244560702165
2015-11-20,1.7777483343108762,-1.9143744716878226,-4.100562371040412
2015-11-23,1.8443361914870289,-1.9921046237076978,-4.138869253032039
2015-11-24,1.8539767571881953,-1.9774820328759053,-4.225433630501822
2015-11-25,1.8164137907567062,-1.9717497927032297,-4.235506657085493
2015-11-26,1.840118584315035,-1.996669922703516,-4.275874357520001
2015-11-27,1.8112290500986135,-1.9546735020201709,-4.30162402018268
2015-11-30,1.8548120395892256,-2.0028889976550612,-4.338688841081889
2015-12-01,1.8951224698575349,-2.061459955836034,-4.429297686061229
2015-12-02,1.90969213723324,-2.054727341699988,-4.53667003859794
2015-12-03,2.0234758016510024,-2.109354184442498,-4.413888067726534
2015-12-04,2.0558472301994746,-2.1687440855811277,-4.206552613245622
2015-12-07,1.9713751116123148,-2.06814218500781,-4.219866048198185
2015-12-08,1.9071909630840143,-2.031206534771136,-4.074377367384597
2015-12-09,1.9389025652123126,-2.066291159689059,-4.164326043019822
2015-12-10,1.9564941146446129,-2.0753683462282866,-4.264182020659894
2015-12-11,1.8969444632141002,-2.0249642870808318,-4.235965326932731
2015-12-14,1.9316601934021276,-2.0657714010832398,-4.187907612838666
2015-12-15,2.02131784314329,-2.1787680732062915,-4.181475360256396
2015-12-16,2.0336731362397087,-2.209407502507927,-4.161658912747384
2015-12-17,1.9518875874257362,-2.161392020092106,-4.011133889581945
2015-12-18,1.8622550025503748,-2.0610390157401426,-3.9510910868593436
2015-12-21,1.8645008180841725,-2.0603501154874904,-3.982708530518393
2015-12-22,1.910274533912812,-2.114024828769815,-3.96632621545704
2015-12-23,1.999924384539876,-2.211783178258514,-4.06132383182002
2015-12-28,1.9629608543588193,-2.1727017859258124,-4.002881932237967
2015-12-29,2.021998638395761,-2.2514423200262517,-4.037793000925792
2015-12-30,2.053697808074535,-2.2826579008733487,-4.1589349850252
2016-01-04,1.9612870741332733,-2.200965980357775,-4.096186498757524
2016-01-05,1.9703284712497124,-2.2032016068929314,-4.169309343154757
2016-01-06,1.9320751227781505,-2.171542816597348,-4.155572140662677
2016-01-07,1.98885602764966,-2.2265480105054967,-4.21096190528676
2016-01-08,1.949089831498192,-2.201526445876044,-4.155458678163436
2016-01-12,1.961509368491207,-2.236023796471395,-3.9847760351347548
2016-01-13,1.8910294508679617,-2.1388141678317956,-3.9743965576260267
2016-01-14,1.86184147789445,-2.091911099515148,-4.017916653052477
2016-01-15,1.8518371331050896,-2.0706777786363086,-4.062128155956181
2016-01-18,1.867802167369516,-2.082779428318262,-4.096210240329234
2016-01-19,1.9084825902383267,-2.095571903420557,-4.224901932970455
2016-01-20,1.7931452058315749,-1.9900920054981834,-4.05754085780562
2016-01-21,1.7488937873340653,-1.9595910249002508,-4.118804993569558
2016-01-22,1.8627197806493723,-2.048876148527427,-4.330428910344333
2016-01-25,1.8170170193872617,-2.0088916534391252,-4.2379819232705245
2016-01-26,1.7762862651985691,-1.967082453157047,-4.2151258593212955
2016-01-27,1.779448670845643,-1.9607736752537086,-4.199864050310858
2016-01-28,1.6962754623775749,-1.8820630216131957,-4.1092294433479895
2016-01-29,1.6237092085636065,-1.8236535954567779,-4.094268070313585
2016-02-01,1.6036827765017816,-1.7979675518198044,-4.053226157353071
2016-02-02,1.5678352334044166,-1.757679401867502,-4.033046179582564
2016-02-03,1.5668261428036847,-1.7655401546919909,-4.021755498714386
2016-02-04,1.5413098814794441,-1.754220432687629,-3.935975821027885
2016-02-05,1.5510172992489235,-1.7656668444461192,-3.9389979384370117
2016-02-08,1.4351196104317687,-1.6722236518078417,-3.7755294498440946
2016-02-09,1.4324992104473666,-1.6932374543719964,-3.684251733668957
2016-02-10,1.4622611225203404,-1.7016048128907357,-3.814054675173723
2016-02-11,1.3661271266025348,-1.6469805317907147,-3.6205129684260857
2016-02-12,1.3971250278778868,-1.6532268100372138,-3.665793386068882
2016-02-15,1.4533002537126771,-1.6929156663371536,-3.778704627556072
2016-02-16,1.509556522253696,-1.7334601774414313,-3.891023908964277
2016-02-17,1.4950808634430899,-1.7237950669194095,-3.862771247784148
2016-02-18,1.4333971432399495,-1.6678446806734293,-3.8050739653439236
2016-02-19,1.3802130425409038,-1.6275600112634718,-3.7387732153294273
2016-02-22,1.3759442085981766,-1.6158434993957655,-3.7587367405405447
2016-02-23,1.3907129850475783,-1.6424964679583933,-3.6673414861435663
2016-02-24,1.2692798908915872,-1.5164969743520835,-3.569866057700037
2016-02-25,1.3088812769732103,-1.5630744100933711,-3.6375631954881293
2016-02-26,1.3341675437337224,-1.5964092916571775,-3.7352907912138056
2016-02-29,1.2997516246657679,-1.5531004763516751,-3.786637106501568
2016-03-01,1.389068016811012,-1.641479666227856,-3.9520425415873346
2016-03-02,1.4903102037357732,-1.719562172146941,-4.1105273322349065
2016-03-03,1.4879821108087419,-1.730992569558878,-4.125740829213814
2016-03-04,1.4933325935777182,-1.7370425272642058,-4.062266047134673
2016-03-07,1.514422207056922,-1.7385158467183999,-4.142915698541704
2016-03-08,1.4802323168101899,-1.698837781038948,-4.193627308051564
2016-03-09,1.519040173240249,-1.7487826438198586,-4.08531904405382
2016-03-10,1.4707398209038864,-1.6884080272108526,-4.035862793730067
2016-03-11,1.4994833353175656,-1.708551427939124,-3.876176342323401
2016-03-14,1.4783384645608446,-1.6981716072433892,-3.8386716470500875
2016-03-15,1.542562123355708,-1.7743620369209596,-3.8424935906477558
2016-03-16,1.4941120802251833,-1.7233705114187297,-3.8015195212322945
2016-03-17,1.4133595100018366,-1.6511200982026244,-3.692954548743001
2016-03-18,1.3606676985917738,-1.6198031224621965,-3.6107062636619283
2016-03-21,1.3955831726994263,-1.6443211155937516,-3.671206690168047
2016-03-22,1.3796996983309584,-1.6344567230960236,-3.6338158787412462
2016-03-23,1.39616008050532,-1.6558662590412947,-3.6425644699290087
2016-03-24,1.315722127642056,-1.5739847760907546,-3.534737128091998
2016-03-29,1.2586261230719153,-1.5290922253562322,-3.475969232751451
2016-03-30,1.280309230964946,-1.5532130643809277,-3.4773530927253
2016-03-31,1.2742002966200559,-1.550577386862158,-3.4646682840573653
2016-04-01,1.2048494336103572,-1.4834054360221018,-3.3648385383639465
2016-04-04,1.175356191943569,-1.4639190654420058,-3.238227760594338
2016-04-05,1.1191553651606325,-1.400243889069066,-3.234905465938066
2016-04-06,1.1588653841963557,-1.50767276615403,-3.1826581651445816
2016-04-07,1.136953073350371,-1.4460587585166667,-3.2772271516376086
2016-04-08,1.1653119190837085,-1.5070766382925047,-3.295057418426185
2016-04-11,1.2516549377788475,-1.558775133887392,-3.4875468501230626
2016-04-12,1.2448708688136523,-1.5742332382464221,-3.5410693231252584
2016-04-13,1.2436984166514826,-1.5766644804207668,-3.5226851952084997
2016-04-14,1.2318160906468132,-1.57544934423467,-3.4569898293684385
2016-04-15,1.2132118579255213,-1.5215089438647178,-3.5202813657364813
2016-04-18,1.2243309342255073,-1.5685053584112865,-3.4443012458416615
2016-04-19,1.2827152187956476,-1.621286169572922,-3.5531262599047424
2016-04-20,1.2410138275545775,-1.5630221224303136,-3.528531540357286
2016-04-21,1.3109939538217794,-1.637530785892419,-3.5358457457947003
2016-04-22,1.3745069904017972,-1.7013848525559259,-3.64332216661384
2016-04-25,1.4541772049064636,-1.770894961011067,-3.7845334848060426
2016-04-26,1.4639215040523699,-1.7894406463184191,-3.7387861558403928
2016-04-27,1.4991999348445537,-1.8351859469786738,-3.799263605708315
2016-04-28,1.454150061550626,-1.7862487594071235,-3.796322726519814
2016-04-29,1.4634874627798384,-1.775292845796924,-3.74890707055056
2016-05-02,1.4202111869789458,-1.7307460436109516,-3.6443943686769953
2016-05-03,1.3114816559388773,-1.617919937877189,-3.586182256976396
2016-05-04,1.3526770463012103,-1.6663881685549735,-3.628651559190191
2016-05-05,1.3035917590121313,-1.6028224737401064,-3.6389707159157605
2016-05-06,1.2697666352155692,-1.5724185326442246,-3.5968869187407004
2016-05-09,1.2345316520605765,-1.5359474589807847,-3.5589432921175734
2016-05-10,1.1860755923979684,-1.4942526611370153,-3.4667149167165965
2016-05-11,1.2057512448813452,-1.5067526545431345,-3.5443779311635675
2016-05-12,1.2605515193475154,-1.562675930844077,-3.6359469298222917
2016-05-13,1.239057281077593,-1.5502505945797576,-3.5695528931035527
2016-05-16,1.2451329629788015,-1.5604331706632126,-3.544994600933002
2016-05-17,1.2211199480269501,-1.538960542727025,-3.5073230600470406
2016-05-18,1.29694589344392,-1.629685248086493,-3.5625428186943315
2016-05-19,1.25532308253532,-1.586529500629832,-3.515788048433292
2016-05-20,1.2832542190005716,-1.6184347822495715,-3.531488213612371
2016-05-23,1.2868068435296556,-1.6241404876949237,-3.537819182658629
2016-05-24,1.2809315397574819,-1.6267460756889758,-3.5286188245481074
2016-05-25,1.2633104355372147,-1.6076908376374517,-3.5497690552274364
2016-05-26,1.2443952078589093,-1.5966051077290961,-3.498370873027576
2016-05-27,1.2163279470584332,-1.5566965475976096,-3.519092920725255
2016-05-30,1.2833130175887488,-1.617724306230175,-3.561381114895514
2016-05-31,1.2662436983674816,-1.6030831314509308,-3.498059334624066
2016-06-01,1.1958285533223494,-1.5402748654243439,-3.4340162343065366
2016-06-02,1.179486837926232,-1.5318011273002314,-3.361157438608532
2016-06-03,1.0966247918473497,-1.4463067059220136,-3.294827753730188
2016-06-06,1.0944201134940441,-1.4512578573793697,-3.271585822235652
2016-06-07,1.0501130205979607,-1.401102674068806,-3.2138167344921085
2016-06-08,1.014131569196497,-1.372378330054293,-3.118518188787227
2016-06-09,0.9280237222244109,-1.3098303115101477,-2.9498585178570056
2016-06-10,0.8810509449912498,-1.2673741290106197,-2.846242843872969
2016-06-13,0.9016051610009246,-1.2902462033946898,-2.8614197448979835
2016-06-14,0.8605897880344651,-1.257627633224521,-2.8426431898921516
2016-06-15,0.8672979550285355,-1.2545232073867507,-2.9133454350961867
2016-06-16,0.819211253702691,-1.220304436058223,-2.8065523176816627
2016-06-17,0.8988905685807617,-1.283058359908837,-2.994384273609855
2016-06-20,0.9778212043315414,-1.3429396744307138,-3.1317365613216155
2016-06-21,0.9706960407043443,-1.3350593615067177,-3.1468308529697255
2016-06-22,0.9903139869600164,-1.36218441117469,-3.132183253005199
2016-06-23,1.0335868824747267,-1.401848289193918,-3.183739631737748
2016-06-24,0.8192158503916088,-1.2598118704209926,-2.9704874135006714
2016-06-27,0.6882254289468964,-1.1339227554212696,-2.69450538941492
2016-06-28,0.7292363857896537,-1.1756073542935623,-2.7912876724299323
2016-06-29,0.6782409435686828,-1.144685561572095,-2.7008241938315933
2016-06-30,0.6442295461291304,-1.1297656891058163,-2.597901142050322
2016-07-01,0.673166219827527,-1.1570512296104898,-2.707155063851343
2016-07-04,0.6960432160779374,-1.1744794767374511,-2.794443835424248
2016-07-05,0.6519733088843794,-1.1076593618152222,-2.813788326127215
2016-07-11,0.6476590275717479,-1.1205162859920916,-2.8628722903666413
2016-07-12,0.7500256481032955,-1.2100697761870736,-2.9674912984706756
2016-07-13,0.7049250429083534,-1.1713111633389888,-2.918222612201216
2016-07-14,0.7971262938319517,-1.2568484940150655,-3.0057171251249812
2016-07-15,0.8127235297275474,-1.2727786632976512,-3.021676069014174
2016-07-18,0.804851470650335,-1.2495271568553474,-3.078375465842508
2016-07-19,0.8100153677994212,-1.256054733433555,-3.045504409156318
2016-07-20,0.8147584879123344,-1.2596201050622349,-3.019660275953178
2016-07-21,0.836580190572815,-1.2827796944713805,-2.996848867972787
2016-07-22,0.7988230871278476,-1.2398194466187524,-2.944426719653827
2016-07-25,0.7217748883259547,-1.175647904615046,-2.7861075125257804
2016-07-26,0.7080604220503172,-1.1599461511088847,-2.7439411497544155
2016-07-27,0.6780617863291996,-1.1557958858087019,-2.7018149808494183
2016-07-28,0.6319863890930414,-1.1214543690180214,-2.5754662107777913
2016-07-29,0.5969403536188053,-1.061840040547788,-2.6096791571435807
2016-08-01,0.5945207389750243,-1.0555842711137986,-2.6112233768194293
2016-08-02,0.6973239552142553,-1.1760846716271565,-2.6545327722428986
2016-08-03,0.6743701612476549,-1.1639662662352541,-2.6030632762262482
2016-08-04,0.6408999734198123,-1.1087368248038447,-2.6911237855008503
2016-08-05,0.6857460441725193,-1.1481257723403253,-2.7742326524797294
2016-08-08,0.7349327141201829,-1.1944990413656353,-2.847449724115507
2016-08-09,0.7017108095206877,-1.1539910944073517,-2.8391226028254297
2016-08-10,0.6582725280116963,-1.1050757107620859,-2.826191428775592
2016-08-11,0.6605471819862743,-1.0882754413325966,-2.8657726087213446
2016-08-12,0.6580736708836196,-1.1068809687607795,-2.8242989131686937
2016-08-15,0.7003587679934922,-1.1477085275560115,-2.81662492507078
2016-08-16,0.7261708299433064,-1.1711904799146686,-2.843742389870884
2016-08-17,0.720993337886427,-1.1805741544029118,-2.8031394239297733
2016-08-18,0.6737627751017246,-1.115729597707861,-2.8029623293192967
2016-08-19,0.6969440012935342,-1.1402798116319581,-2.7933606812010763
2016-08-22,0.6762010328597292,-1.1270182309610575,-2.775494945482319
2016-08-23,0.6436343931556553,-1.1091970154923247,-2.6992285751130978
2016-08-24,0.6682147786424621,-1.1248550475050036,-2.751731495215343
2016-08-25,0.7150459904381398,-1.1689494582718054,-2.797166889839836
2016-08-26,0.6980241489401757,-1.1429150085404203,-2.79797984806604
2016-08-29,0.7244994805877343,-1.177656991882846,-2.848302442988733
2016-08-30,0.6767223627241509,-1.1360924533358125,-2.7649312352974857
2016-08-31,0.6875338554092894,-1.1494705524332458,-2.7809866617180936
2016-09-01,0.7771428958506884,-1.2327767718958782,-2.9065638455533955
2016-09-02,0.7880817335246753,-1.2417934271490187,-2.9698026750144075
2016-09-05,0.8050928889940396,-1.2474377642726546,-3.039098786184267
2016-09-06,0.7654742596834375,-1.2098510617270386,-3.0432354774232175
2016-09-07,0.6650911660565467,-1.124027126283996,-2.896274848311556
2016-09-08,0.7050794068574604,-1.1525898338701475,-2.897189064465636
2016-09-09,0.8987909074523829,-1.3224695569413623,-3.2023789197412404
2016-09-14,0.9355638618735166,-1.3634810462592544,-3.2526528233253633
2016-09-15,0.9941217100300755,-1.419032410317762,-3.3377145835739475
2016-09-16,0.953797991202145,-1.3763589069561095,-3.3415271560283006
2016-09-19,0.9638957917239179,-1.382145727633187,-3.3614634737817304
2016-09-20,0.876722844149758,-1.3009282239465199,-3.212654489827096
2016-09-21,0.8836083338369414,-1.3275772675857898,-3.156354844463112
2016-09-22,0.7697230887696069,-1.2240675392915774,-3.0366146285867304
2016-09-23,0.7492570930062572,-1.2342960719162397,-2.9486758764759218
2016-09-26,0.7175048494565,-1.2118337401761439,-2.929770771708171
2016-09-27,0.6934906667240295,-1.205638339585163,-2.9719902894692187
2016-09-28,0.6924024696428578,-1.2226954838831365,-2.940805784486924
2016-09-29,0.7108105113156026,-1.2631995777461675,-2.8786209787000128
2016-09-30,0.6907482482511181,-1.233096610752821,-2.894033513222848
2016-10-04,0.7596276466145871,-1.3139298292509571,-2.943881798226852
2016-10-05,0.8466213317120148,-1.4142668685451363,-3.0016361081339786
2016-10-06,0.8964823511449954,-1.4753387515905754,-3.018064607791358
2016-10-07,0.9169995212872367,-1.500283165657534,-3.07069339202573
2016-10-10,0.998428546128951,-1.5685259726390863,-3.1656226780138095
2016-10-11,0.9828535892720928,-1.548213330887101,-3.1383602360731038
2016-10-12,0.9969363354743888,-1.5765806469347377,-3.1098235150984044
2016-10-13,0.9361485517380755,-1.5311867317978098,-3.0100948788357997
2016-10-14,0.9852799007093986,-1.5662174712469286,-3.0939852101834546
2016-10-17,1.0030917062479714,-1.575023395528766,-3.145779437999507
2016-10-18,0.9839071084552136,-1.581904980014596,-3.1051599248356316
2016-10-19,0.9551636037815796,-1.5381103114836354,-3.1201742773535126
2016-10-20,0.9017778234432997,-1.5270008395173886,-2.907473066648147
2016-10-21,0.8819471737388478,-1.4934651023797505,-2.9100944346143978
2016-10-24,0.9239242743080996,-1.5157432475123547,-3.0083736704265367
2016-10-25,0.9408729305635848,-1.5519059167816733,-2.970714587837426
2016-10-26,1.0226720094925097,-1.6439627967005284,-2.9975874381958887
2016-10-27,1.148603923571481,-1.7764452598787144,-3.1223545653962765
2016-10-28,1.1341073491073972,-1.7823561108192774,-3.015151182086452
2016-10-31,1.0996451575083122,-1.7596326375515892,-2.9267246032493577
2016-11-01,1.165738157353188,-1.7445084074296515,-3.136604122024407
2016-11-02,1.1009061088747374,-1.6714201651381413,-3.098752494032164
2016-11-03,1.1270881038397544,-1.7625697394901807,-3.027519319244891
2016-11-04,1.0624079806317328,-1.703462078838962,-2.9744693909741424
2016-11-07,1.0923118278690513,-1.7352942009753538,-2.976017066207234
2016-11-08,1.0996794136595738,-1.7480629105807788,-2.9770463038912394
2016-11-09,1.1532710388108869,-1.8057709934277373,-3.1104094153828568
2016-11-10,1.3440757985937826,-2.021932897578897,-3.182259478046777
2016-11-11,1.35120001427235,-2.024008858054541,-3.166209434652784
2016-11-14,1.4014044382406678,-2.0799225532249532,-3.161057711821729
2016-11-15,1.3413625318413127,-1.9942343719523996,-3.1528926863190136
2016-11-16,1.3542739293016293,-2.007106405120324,-3.1520764251549096
2016-11-17,1.3303348684378917,-1.9611336218810447,-3.172987267936472
2016-11-21,1.337819858205583,-1.9801978725608067,-3.2711745466110473
2016-11-22,1.3086628231362125,-1.9479584257419975,-3.4053384048615243
2016-11-23,1.3897456277212614,-2.0285309849912014,-3.417261259878403
2016-11-24,1.3739770573229277,-2.0105614726246874,-3.5504282613944746
2016-11-25,1.3685867741148479,-2.0088542505700158,-3.5798099052793777
2016-11-28,1.2955327631308071,-1.933972053482914,-3.5152543266605543
2016-11-29,1.3587624529490927,-2.0093648099271304,-3.587001951987079
2016-11-30,1.3716387471002618,-2.0038778014024636,-3.6488717861869686
2016-12-01,1.478046620795759,-2.123162195396618,-3.7186802829232843
2016-12-02,1.5004774889526193,-2.162518806936663,-3.644607710124395
2016-12-05,1.4979607797624226,-2.153636543962181,-3.582976680751589
2016-12-06,1.4796164858887324,-2.1468770288026167,-3.5140247336289248
2016-12-07,1.5041043292325158,-2.160278158324277,-3.5492790931524882
2016-12-08,1.5701915384245788,-2.234582003438916,-3.6392505377627353
2016-12-09,1.6609830264973164,-2.2749262464861237,-4.2161816030148485
2016-12-14,1.6184354174159354,-2.1441167122920164,-4.266667098246866
2016-12-15,1.6858848508450195,-2.2431250102625997,-4.338452396553797
2016-12-16,1.5727818857133118,-2.1857530762621455,-4.092298619848167
2016-12-19,1.54799400999246,-2.1392192193034294,-4.125170648692258
2016-12-20,1.498600701136844,-2.1268366858002756,-3.9638676873498846
2016-12-21,1.4725846377000524,-2.117315538831719,-3.898996080561629
2016-12-22,1.4776960615484909,-2.1563211303839425,-3.8494287978658117
2016-12-23,1.4187616047416516,-2.1367798358890497,-3.7125280537894128
2016-12-27,1.3696181277365163,-2.0962552851681893,-3.616277381680197
2016-12-28,1.386963112935381,-2.1104565900985595,-3.7283945155973255
2016-12-29,1.3408863363591124,-2.082042876808288,-3.541994386014158
2016-12-30,1.4058947168962495,-2.1175803463541008,-3.7577343804305596
2017-01-02,1.395630010961579,-1.9674486719187207,-4.054404084950944
2017-01-03,1.5216559751957492,-2.0880752725787595,-4.1476221857905635
2017-01-04,1.5406446010382482,-2.1407396411836217,-4.1072210457535165
2017-01-05,1.5337741471949005,-2.129999895085934,-3.990399611301234
2017-01-06,1.5122092748094402,-2.0994658090410665,-3.8962363203058046
2017-01-09,1.5538230766165342,-2.1079245486232194,-4.0849997897884665
2017-01-10,1.5479351016036114,-2.141001776908564,-4.009668305866773
2017-01-12,1.5124294307724966,-2.107140688875554,-3.9548481655743166
2017-01-13,1.5612773417478338,-2.1488884910664536,-4.084589423868957
2017-01-16,1.5781056342447741,-2.1062296124069513,-4.229360367474956
2017-01-17,1.5133204016292159,-2.0335845746094576,-4.200862100760623
2017-01-18,1.6025705357316764,-2.128287460505401,-4.215304246794818
2017-01-19,1.6543121402257763,-2.1998820348905297,-4.193773451525695
2017-01-20,1.672730792084792,-2.1987419626982097,-4.209856159909083
2017-01-23,1.7058850979070186,-2.081162088850867,-4.491803461891898
2017-01-24,1.6881379575855207,-2.0944093246243773,-4.409639157401541
2017-01-25,1.7800396040436732,-2.180706852089621,-4.452236636380802
2017-01-26,1.748015139878261,-2.1854605022102827,-4.279134622153654
2017-01-27,1.736082332436435,-2.174188181082336,-4.238641550831821
2017-01-30,1.7024936616291972,-2.2066471930132137,-4.047847376955919
2017-01-31,1.7168619172355724,-2.2335018548830656,-4.081082461223585
2017-02-01,1.7735869470603773,-2.2965650765431036,-4.23012694341688
2017-02-02,1.7137632410436974,-2.2639386080156747,-4.226403768485463
2017-02-03,1.7575215256150425,-2.3105670108679712,-4.318360026993092
2017-02-06,1.67192997603239,-2.203758540640764,-4.323583623597719
2017-02-07,1.7535967087690758,-2.2672198477296526,-4.504007463415925
2017-02-08,1.6589896082057727,-2.205515725636775,-4.414838984679903
2017-02-09,1.6233574380553308,-2.16591660782197,-4.356321059983777
2017-02-10,1.6846650758000346,-2.2177739989401273,-4.421086573380451
2017-02-13,1.7038989621473255,-2.2535496221927716,-4.461899631774171
2017-02-14,1.7076380824808235,-2.2620150101192893,-4.469879874454336
2017-02-15,1.7953062197083838,-2.3474584996175274,-4.593320311975761
2017-02-16,1.7388102878898852,-2.3164909319232656,-4.4407721283768575
2017-02-17,1.6393871344238637,-2.2206006266018434,-4.36481287210628
2017-02-20,1.6805050501915613,-2.264862653973612,-4.4731074360277985
2017-02-21,1.72587281952901,-2.3197921688279752,-4.5612929048330875
2017-02-22,1.636021344160397,-2.239505203471949,-4.592230833294438
2017-02-23,1.6085774804202886,-2.218389123676121,-4.560153307763459
2017-02-24,1.5421741861143716,-2.1879973164087367,-4.480468642367396
2017-02-27,1.512632824316854,-2.17530465713776,-4.371670548220184
2017-02-28,1.5432679574334354,-2.1810345816642096,-4.4344846393045385
2017-03-01,1.6179647990808264,-2.246709051810079,-4.451043308517085
2017-03-02,1.667170813854687,-2.32260224207283,-4.434344612306702
2017-03-03,1.693125674873584,-2.3593826692021915,-4.32867753723609
2017-03-06,1.6523685932231216,-2.3232713080127834,-4.229027677215296
2017-03-07,1.7098844717538753,-2.3929564049040373,-4.462061384006553
2017-03-08,1.7491593096841267,-2.4576582387075856,-4.359563260306737
2017-03-09,1.7531109137525633,-2.48271456907681,-4.285284340163745
2017-03-10,1.8377037260061129,-2.589051478189286,-4.275211538948068
2017-03-13,1.7765182697379622,-2.546228619941558,-3.998526852033805
2017-03-14,1.746372763041294,-2.4935993719728753,-3.968605429402923
2017-03-15,1.7250046907269003,-2.469930696847886,-4.0186998442436686
2017-03-16,1.7483299129945653,-2.4736813201263717,-3.9821503304243886
2017-03-17,1.718105228716557,-2.4512893704946483,-3.893993473923453
2017-03-20,1.7208304596608879,-2.3973618098466245,-3.979704501889142
2017-03-21,1.7325256103420927,-2.421865273677104,-3.85375160649759
2017-03-22,1.6363788385716698,-2.3274194729366853,-3.8359176731800275
2017-03-23,1.650058781870684,-2.3283087535692717,-3.8722394678663528
2017-03-24,1.6511700105434841,-2.3221279713482432,-3.8213017206032363
2017-03-27,1.585971499073464,-2.2532129090274227,-3.667022298642032
2017-03-28,1.6020902158868398,-2.26019759494013,-3.7304292758038646
2017-03-29,1.6126374147813798,-2.257491759372119,-3.9433425586455653
2017-03-30,1.604519894670583,-2.184981091193082,-4.017765630300353
2017-03-31,1.5999937789521426,-2.1493200672517108,-4.072655102400715
2017-04-03,1.6200062305398184,-2.165755407741287,-4.27457130032001
2017-04-04,1.5411734801183201,-2.101853173823809,-4.2356639809147465
2017-04-05,1.5706455629536917,-2.162555697891031,-4.198443879742019
2017-04-06,1.532239826617248,-2.119691169500785,-4.144373073966583
2017-04-07,1.4830369834166646,-2.0762388435611063,-4.122339679686027
2017-04-10,1.4981469739397004,-2.082879712500886,-4.19890476911915
2017-04-11,1.4884516316871916,-2.0893179749204203,-4.162832640708922
2017-04-12,1.4659918076159528,-2.0590856343158555,-4.1261714069890445
2017-04-13,1.4214113015825907,-2.0134043473978154,-4.1162629525697705
2017-04-18,1.4073124242263064,-2.0090857748263873,-4.017453078282695
2017-04-19,1.3764464072081977,-2.0064533504119195,-3.777572976209817
2017-04-20,1.4337832324403246,-2.033450404572096,-3.822248480658582
2017-04-21,1.4227184784816336,-2.071207224906839,-3.7014802065388364
2017-04-24,1.547038921455849,-2.1424992360957296,-3.719910954186957
2017-04-25,1.5745939065052588,-2.182874081714428,-3.7502612344153
2017-04-26,1.5887349035315124,-2.196642609747538,-3.78093269939432
2017-04-27,1.555939553067849,-2.1703482661078795,-3.817469310618539
2017-04-28,1.5807586649851704,-2.1788499293936487,-3.9277851610634507
2017-05-02,1.5713949882853038,-2.174463956505199,-3.9195550174667146
2017-05-03,1.5689100915614307,-2.1746339741014156,-3.8990139609132153
2017-05-04,1.6454780575769448,-2.262198249252157,-3.91235534704614
2017-05-05,1.667184805298392,-2.234499478278267,-3.9634394798036117
2017-05-08,1.6812923708166085,-2.241956980205297,-3.9586656890165535
2017-05-09,1.724267027397764,-2.2749969406406945,-4.006896789287752
2017-05-10,1.6689903535584028,-2.258633428379232,-3.8988817335540222
2017-05-11,1.7073740266802813,-2.294655358253627,-3.8992467368713104
2017-05-12,1.6691212704342537,-2.2713946260714852,-3.8818793863779835
2017-05-15,1.7160940461601022,-2.2823790417224075,-3.9987516098293057
2017-05-16,1.725278566734925,-2.2762000212004265,-4.02279542939979
2017-05-17,1.6944333599646908,-2.213418154452677,-4.120599356024286
2017-05-18,1.6386164853721514,-2.1506876141414377,-4.107961758666927
2017-05-19,1.6894292567624904,-2.1662758800834707,-4.201520364478237
2017-05-22,1.7157254398093464,-2.2232001550456264,-4.151551307727028
2017-05-23,1.7164784992397033,-2.2175893565609552,-4.1495444284366005
2017-05-24,1.7173648227649208,-2.2288746045072196,-4.152823531644251
2017-05-25,1.6873380559777464,-2.19251620060983,-4.180141906846725
2017-05-26,1.6443583979129206,-2.150959313396436,-4.161696168167711
2017-05-29,1.6282037605369264,-2.137712904349248,-4.234565156958143
2017-05-30,1.6274460935858344,-2.143520370877133,-4.247119312299833
2017-05-31,1.6280126783485767,-2.136304643080291,-4.288054821001976
2017-06-01,1.6615792192386845,-2.183315171478089,-4.284352655254123
2017-06-02,1.615421653654307,-2.141122565489709,-4.262557803580499
2017-06-05,1.6389469111908415,-2.140793644614164,-4.3044471196652365
2017-06-06,1.6144036723541715,-2.1191803709708856,-4.314265192958481
2017-06-07,1.6002987080989863,-2.11316586197937,-4.281667199273361
2017-06-08,1.5997424034707972,-2.1042402965057456,-4.26537789314282
2017-06-09,1.6251322679216684,-2.126996254459853,-4.334877206701417
2017-06-12,1.5912628711353192,-2.1016349514361217,-4.269669484103821
2017-06-13,1.5873852060411242,-2.073905302825652,-4.217068809577428
2017-06-14,1.5303535931187626,-2.032197298390166,-4.076731663335691
2017-06-15,1.56271794209126,-2.0305629278161614,-3.985754865303246
2017-06-16,1.5687723980148638,-2.069016403580357,-4.030317734410557
2017-06-19,1.5759956715759063,-2.0608207201094646,-4.035116476093302
2017-06-20,1.5263057727992075,-2.0074334907961395,-3.961652846150745
2017-06-21,1.4936945968725535,-1.9885569112356083,-3.824041624055222
2017-06-22,1.4741601042043542,-1.9720437563194109,-3.8205611042945193
2017-06-23,1.4913891743758103,-1.9820730499979935,-3.8306432763581943
2017-06-28,1.5864906863833461,-2.1049053608510424,-3.662931661943011
2017-06-29,1.6670187688734874,-2.2056102091593877,-3.668847146482201
2017-06-30,1.714614534672367,-2.2411388340702456,-3.7157187769283513
2017-07-03,1.724991635164769,-2.243128542992454,-3.8286300420825534
2017-07-04,1.7703007674494655,-2.2924418611632267,-3.921701586161546
2017-07-05,1.7902009433733355,-2.29896146476693,-3.949087578616913
2017-07-06,1.8465011985390924,-2.3703914320544337,-3.8438546264350624
2017-07-07,1.884226992632879,-2.4052434020391944,-3.9492937549484117
2017-07-10,1.8673772178656312,-2.3718152038729494,-3.9987108546127947
2017-07-11,1.8725222372225123,-2.394654688570755,-3.935483206258986
2017-07-12,1.8360977541731287,-2.363640652442592,-3.927182473306848
2017-07-13,1.8432055594550507,-2.3923804199621044,-3.922508990182339
2017-07-14,1.8165372988382584,-2.35983712331249,-3.9058001018302857
2017-07-17,1.8272422869674596,-2.366676395275473,-3.925371930725778
2017-07-18,1.8089491462548861,-2.3522759840604013,-3.916291684944546
2017-07-19,1.7790989600411842,-2.3250919330659956,-3.897957318770875
2017-07-20,1.789358336517833,-2.3364580531402304,-3.9449009387424967
2017-07-21,1.7722784147581943,-2.3076357531870015,-3.9833370130096752
2017-07-24,1.773486645565167,-2.282334624174261,-4.068994316721714
2017-07-25,1.8357890559082648,-2.3585764913413794,-4.056651665797293
2017-07-26,1.8355862244342633,-2.3713565655162343,-4.055853575720649
2017-07-27,1.8205413143059879,-2.3403865950683507,-4.122571410823843
2017-07-28,1.8611511036490798,-2.3824748399768856,-4.159027154398824
2017-07-31,1.840694335489827,-2.380352363467458,-4.117438294119323
2017-08-01,1.7872490989333993,-2.269134574580728,-4.149449288844149
2017-08-02,1.7526015013765037,-2.2654244230721714,-4.1036317305891785
2017-08-03,1.7153819167232223,-2.2530619165446057,-3.983864110924764
2017-08-04,1.716718042012138,-2.271377410671078,-3.9442804836193277
2017-08-07,1.719756889339081,-2.247468456563555,-4.014687810596771
2017-08-08,1.7152919905650814,-2.2415547989139726,-3.986830480640689
2017-08-09,1.6589379991687467,-2.184013471778851,-3.9800531425307506
2017-08-10,1.6427501443207178,-2.1648034788061494,-3.962472617767734
2017-08-11,1.6121595718494517,-2.1459816457723115,-3.9697876392615816
2017-08-15,1.6845149877292775,-2.2369218195247047,-3.9625287047066133
2017-08-16,1.7068148717486202,-2.2441867704440366,-4.027916608729752
2017-08-17,1.6906088535333204,-2.2180909407426856,-4.0078643766671656
2017-08-18,1.6259856197077052,-2.165426901444594,-3.959251473219152
2017-08-22,1.656530713154789,-2.193197096461017,-4.019548410676225
2017-08-23,1.6322828286784814,-2.1812305929209486,-4.017113763020022
2017-08-24,1.6054443234763605,-2.1681435722738907,-3.9811986002124664
2017-08-25,1.6344379545690726,-2.2058367951301983,-3.962974356764036
2017-08-28,1.644552276178766,-2.1832009785124606,-4.132636187186458
2017-08-29,1.5930549836633323,-2.1372493355981934,-4.0932450581192175
2017-08-30,1.6095759493633406,-2.18249825830775,-3.986981474626505
2017-08-31,1.597651039583753,-2.1850620533831355,-3.991054993344987
2017-09-04,1.6629618251652645,-2.2140724819021673,-4.190489194401123
2017-09-05,1.6389900723304889,-2.2132815967211155,-4.1566434468220175
2017-09-06,1.6013667337387276,-2.169461579599351,-4.074229361319629
2017-09-07,1.5867869667119248,-2.1627085735950997,-4.09457496889674
2017-09-08,1.6025382924171305,-2.1799738148568872,-4.1293686194465655
2017-09-11,1.6230734333931738,-2.1889672093793933,-4.171727156656404
2017-09-12,1.6725917745690109,-2.2349113596977794,-4.16215118645319
2017-09-13,1.7206952785540586,-2.261612160407534,-4.229619762003019
2017-09-14,1.7214041623388459,-2.29405546335295,-4.147257474959557
2017-09-15,1.729757542293638,-2.2728076712941383,-4.125387159243479
2017-09-18,1.7647017880969995,-2.3447184375307932,-4.086627054716533
2017-09-19,1.7371529748942134,-2.3082474553081513,-4.064755446775853
2017-09-20,1.7201888433523889,-2.3009616691059556,-4.032867141432186
2017-09-21,1.7305117840407886,-2.3288850918813795,-3.975937986920619
2017-09-25,1.691777833479723,-2.2760380537384846,-3.9436167676041762
2017-09-26,1.699557266511219,-2.3055664042167643,-4.010799110726968
2017-09-27,1.777462375250874,-2.3791495556167677,-4.053897030704664
2017-09-28,1.7964995452072023,-2.403260858238866,-4.076755818348492
2017-09-29,1.7680413173400986,-2.358878286737035,-4.04456638181231
2017-10-02,1.73618629681594,-2.3284096072148532,-4.036950372962373
2017-10-03,1.7736500454844453,-2.364429227042903,-4.088220291945978
2017-10-04,1.7393684660556807,-2.3183353390817905,-4.088306516679471
2017-10-05,1.7395756080183147,-2.309698425102887,-4.046862807033462
2017-10-06,1.8005386838930715,-2.3670346527512294,-4.035592299651162
2017-10-09,1.7422259241511153,-2.297145949912656,-4.07360737786814
2017-10-10,1.7399092635700297,-2.3384606504129923,-3.9884559375778292
2017-10-11,1.749009529703429,-2.339507269546255,-3.9980328813882564
2017-10-12,1.7530397557116961,-2.3561145648326187,-4.040905780395097
2017-10-13,1.7181304044777934,-2.320038234264998,-4.077221872821856
2017-10-16,1.6955471219082519,-2.3007003980454988,-4.105085382207041
2017-10-17,1.662976373229538,-2.2720370406076063,-4.040233066439554
2017-10-18,1.6778370954805222,-2.284475047797752,-4.005371870519861
2017-10-19,1.685259183127918,-2.3046988174608485,-4.011010295147819
2017-10-20,1.7663505445481544,-2.3732638539046924,-4.060665221990979
2017-10-23,1.7449618162537164,-2.3539966135272428,-4.080815892595678
2017-10-24,1.787068385542782,-2.37959363054508,-4.071034505135307
2017-10-25,1.8074712643921533,-2.407915726301116,-4.051483094139007
2017-10-26,1.7770317023002071,-2.381003049559511,-4.121124990582445
2017-10-27,1.7806794582605414,-2.3861986040058483,-4.251954001360834
2017-10-30,1.7300992338358068,-2.3389446218359984,-4.211755521304673
2017-10-31,1.705123891572211,-2.3059565394366954,-4.134530128970012
2017-11-01,1.7081703707030553,-2.290737779626429,-4.186649233487452
2017-11-02,1.7189614592941287,-2.313195494856167,-4.164158091208801
2017-11-03,1.6774091148864918,-2.285244336996417,-4.113424999233488
2017-11-07,1.672625583503622,-2.259755258619103,-4.182810148407466
2017-11-08,1.6366401732689082,-2.2175285865210976,-4.164703174192308
2017-11-09,1.706599037149585,-2.2996353080455014,-4.159909747005109
2017-11-10,1.7456423347393184,-2.33990143458381,-4.206925340788225
2017-11-13,1.7648491037239993,-2.3516198375466253,-4.216990379757571
2017-11-14,1.766667695344026,-2.356277509207585,-4.1991384470092505
2017-11-15,1.6950553087455815,-2.282515086483654,-4.170651803908675
2017-11-16,1.7108118520602564,-2.2878780578778137,-4.163389551274869
2017-11-17,1.7049764595840124,-2.2851622673937237,-4.147253692309906
2017-11-20,1.679784493695028,-2.259449377127865,-4.106706202777754
2017-11-21,1.6395760735641143,-2.242095979726066,-3.993440252345528
2017-11-22,1.6204706427166577,-2.238972334686787,-3.8462891717535292
2017-11-23,1.5922091442176474,-2.2275912795185095,-3.7543857635909474
2017-11-24,1.6138239478338272,-2.236573718215523,-3.8023724528377625
2017-11-27,1.6062311569370793,-2.218901205566595,-3.835274740517008
2017-11-28,1.6033628385437693,-2.223358092329286,-3.833591617701232
2017-11-29,1.6456784950625891,-2.281329180346118,-3.7687536310437517
2017-11-30,1.604448867112609,-2.2338263436853247,-3.7126786887171557
2017-12-04,1.5699871424561362,-2.2131284480805675,-3.7262719083352724
2017-12-05,1.569459116300649,-2.2202366702033554,-3.747907415350114
2017-12-06,1.5250511532656712,-2.1666656607972747,-3.7840751632367273
2017-12-07,1.5450646962437986,-2.20994645077615,-3.8035603952339017
2017-12-08,1.5625445937180245,-2.229139900156276,-3.8149033658935165
2017-12-11,1.5248114859461148,-2.2088581354959302,-3.6730972244000015
2017-12-12,1.5438251350832883,-2.2366232285516303,-3.6563922334934014
2017-12-13,1.5624575285762459,-2.251713309614757,-3.7021097095692213
2017-12-14,1.559786236705603,-2.283583010256581,-3.5689462103185168
2017-12-15,1.5031048730770704,-2.228489528000679,-3.4840497853622447
2017-12-18,1.4837461393281532,-2.2203278310708536,-3.3732336231471964
2017-12-19,1.5748704048137951,-2.3377978945105604,-3.40136672777754
2017-12-20,1.6336847803093062,-2.3898956618901335,-3.4006259605860762
2017-12-21,1.641442475326751,-2.3744687713521366,-3.3739877816513406
2017-12-22,1.6113089779836136,-2.3264796914919783,-3.337395327497909
2017-12-27,1.6041900707046621,-2.3242563413180752,-3.393224594023971
2017-12-28,1.61354488415117,-2.2434574944583585,-3.4224018611893094
2017-12-29,1.6537050629573218,-2.313971000955084,-3.424797293765666
2018-01-02,1.6915762652747968,-2.3068526334114834,-3.538369277192531
2018-01-03,1.6718282152038015,-2.2317206181276177,-3.6225169877898935
2018-01-04,1.664619925354808,-2.206196249253894,-3.5693663951968855
2018-01-05,1.664800441382739,-2.1939760366406302,-3.6197518273004405
2018-01-08,1.6582368034864963,-2.1681285383980087,-3.695781986603318
2018-01-09,1.6818251944121028,-2.214803172911906,-3.656746838876476
2018-01-10,1.7515069269495305,-2.2529799483442376,-3.79617844371066
2018-01-12,1.7119889165873563,-2.2482477867489004,-3.3766264529190217
2018-01-15,1.7296894052670684,-2.267594197251195,-3.4765840525733678
2018-01-16,1.6786641537470801,-2.206994521024449,-3.407022579856108
2018-01-17,1.6670275702306068,-2.2064587295031224,-3.3466339345860345
2018-01-18,1.714985566786471,-2.2502322684477876,-3.4293294511413825
2018-01-19,1.7320277102969397,-2.2674425490567005,-3.486229103230881
2018-01-22,1.7425316901182335,-2.2645473075740714,-3.540395701392226
2018-01-23,1.7037842022060812,-2.2149215367508526,-3.4913198570827966
2018-01-24,1.7407407006236009,-2.2663051112969352,-3.4789526291568413
2018-01-25,1.7003085850213422,-2.260385007874972,-3.1288242418164014
2018-01-26,1.6668135223192264,-2.2344352642269443,-3.0208538396831277
2018-01-29,1.7130088887157615,-2.2909511750632334,-2.9057238637769225
2018-01-30,1.7603300792877261,-2.3549242817767633,-3.0138739816085534
2018-01-31,1.700737561340053,-2.3041653263026607,-2.9000099701388136
2018-02-01,1.7597363693872352,-2.372581872015612,-2.9633665879736144
2018-02-02,1.800578361483845,-2.4294979454695875,-2.918716063552642
2018-02-05,1.8135248445732455,-2.4346358572543245,-3.069432565658153
2018-02-06,1.7912369891233806,-2.4005767608225668,-3.0904512081340254
2018-02-07,1.7852147471649908,-2.406748452806108,-3.0175480191408655
2018-02-08,1.86337795451307,-2.488350947359311,-2.9666170195416486
2018-02-09,1.8225130928742195,-2.4563892760166413,-3.007884558118315
2018-02-12,1.8455033711224778,-2.471229112239583,-3.098616826599398
2018-02-13,1.8613217124040153,-2.4788328425002204,-3.188229630428417
2018-02-14,1.875848125965972,-2.4867620031994924,-3.156739767209968
2018-02-15,1.8827104912873276,-2.4823142122683595,-3.1622471634427507
2018-02-16,1.8328307395776244,-2.4289203533650627,-3.19143444591203
2018-02-19,1.8669215335951563,-2.483760651934075,-3.1605336159287356
2018-02-20,1.857936328831073,-2.4623174443458202,-3.2128635522496483
2018-02-21,1.8383054688382463,-2.4434690984740484,-3.1703423614223976
2018-02-22,1.8310503300011807,-2.4461794765488314,-3.1667483273578987
2018-02-23,1.7696841529201117,-2.3670066797024005,-3.179752763987195
2018-02-26,1.7370157513213909,-2.351963107023794,-3.095800840147839
2018-02-27,1.750587980316371,-2.398491732310428,-3.0130069350794675
2018-02-28,1.7558834456903945,-2.3789491034428143,-3.1185044571373832
2018-03-01,1.7312572445654673,-2.343968229614418,-3.145090662343289
2018-03-02,1.7178273036645793,-2.3434034440952702,-3.114347432495992
2018-03-05,1.7292844628484296,-2.3694524568093227,-3.106150176482217
2018-03-06,1.767155279177432,-2.4333180432414347,-3.0129857923550176
2018-03-07,1.7422907718570635,-2.381385859941249,-3.0173034140635866
2018-03-08,1.7179610327568653,-2.3608922769637437,-2.9898675078507586
2018-03-09,1.7252075645293272,-2.377827067458224,-2.9977753283002286
2018-03-12,1.714866841703653,-2.3507983987285734,-3.069921586652798
2018-03-13,1.7234314639266444,-2.3716277565491346,-3.0799049317492093
2018-03-14,1.7016727163419514,-2.3405798463524063,-3.073502837441264
2018-03-15,1.6457185200889728,-2.2853102758156307,-3.026881014748731
2018-03-16,1.6554822786669006,-2.300299417358586,-3.031222269711262
2018-03-19,1.6451262057388598,-2.2823513524679697,-3.0042713157911574
2018-03-20,1.6560983470881505,-2.2664367720555005,-3.071764665857071
2018-03-21,1.6610178119240955,-2.2955175792646165,-3.018136964210795
2018-03-22,1.5805709213145653,-2.217011388080711,-3.033264427941648
2018-03-23,1.5933809204436025,-2.241968539608499,-2.9969355163489477
2018-03-26,1.5848800155070146,-2.219649358810885,-2.999649209725703
2018-03-27,1.569417897834302,-2.2027265021229594,-3.0341133939453484
2018-03-28,1.5572842696096005,-2.180468913604401,-3.0492147751360035
2018-03-29,1.5702365102655549,-2.1805548293005708,-3.118639583561278
2018-04-03,1.5657051611999224,-2.1644934167330323,-3.099220309880863
2018-04-04,1.563839609022303,-2.164860918843916,-3.106564293605011
2018-04-05,1.5972386148020281,-2.1910322112232405,-3.1243239047101574
2018-04-06,1.584101645891399,-2.181878408236226,-3.113783257194431
2018-04-09,1.5816832793166071,-2.171828318323328,-3.1038762378045726
2018-04-10,1.5625717822552523,-2.1547196138714964,-3.010448230859536
2018-04-11,1.546326151418679,-2.1410526746575713,-2.9960691453429606
2018-04-12,1.5829453423027964,-2.1859676310444836,-3.057352633203056
2018-04-13,1.6038051488870764,-2.202674203019152,-3.1055263108469306
2018-04-16,1.6027247273365348,-2.199910117510885,-3.1045036946291633
2018-04-17,1.5958705079153286,-2.177608645303277,-3.139691255623451
2018-04-18,1.5833469094074624,-2.163965409746004,-3.0817885483880874
2018-04-19,1.6468131523760305,-2.2411380213393257,-3.0273067038747823
2018-04-20,1.6882493375801064,-2.2800271973787876,-3.0931431767977258
2018-04-23,1.70838113062234,-2.3014718052433674,-3.083081115288116
2018-04-24,1.7346000176005192,-2.3278020911185657,-3.101708844532823
2018-04-25,1.7245808944444194,-2.3149049680010956,-3.098992952912661
2018-04-26,1.6890018468106476,-2.295326337844641,-3.0262399436427763
2018-04-27,1.6442379107472234,-2.237381066665797,-3.0869236145887937
2018-04-30,1.6657231642436767,-2.236831456844725,-3.168659740744053
2018-05-02,1.670061138995494,-2.2616983693720805,-3.136542641573977
2018-05-03,1.6539003388812161,-2.2187486540744548,-3.219741028565522
2018-05-04,1.6413509702900462,-2.188901555466683,-3.21430852747932
2018-05-07,1.6206528667249656,-2.1707276853547333,-3.2029213251405455
2018-05-08,1.6543484260350692,-2.2047925726770963,-3.21987165840035
2018-05-09,1.6792013049083991,-2.228740245859028,-3.2326672982110582
2018-05-10,1.643302083783754,-2.2071538375543245,-3.20464503613468
2018-05-11,1.6544225907819778,-2.214981021643386,-3.1653322935480728
2018-05-14,1.6989928792275573,-2.266661477554961,-3.1109456747682818
2018-05-15,1.7340455214787083,-2.3029244839581957,-3.1132276562931236
2018-05-16,1.713302223573567,-2.2703683819654237,-3.1937989374042255
2018-05-17,1.7345271467233627,-2.308241383684787,-3.189933480183864
2018-05-18,1.7437623075391027,-2.292287595328757,-3.2814508905499595
2018-05-21,1.6986696472492928,-2.2419978914555942,-3.366279197957766
2018-05-22,1.676566142663765,-2.2268180262532162,-3.288845993691828
2018-05-23,1.6578996249648592,-2.1884881865062535,-3.4003134959608277
2018-05-24,1.6035471519823497,-2.1150859832706588,-3.4137654218250932
2018-05-25,1.5441839194491178,-2.053376471830112,-3.5028230525671797
2018-05-28,1.511792925537147,-2.031203802219258,-3.57856580745099
2018-05-29,1.5033454235085528,-2.005661899915707,-3.6695798652227176
2018-05-30,1.4912024275649398,-2.0021474902357475,-3.640967026894668
2018-05-31,1.44680200110268,-1.9763075868973257,-3.450079233923473
2018-06-01,1.4860672523336746,-1.995427217835132,-3.3368016691235227
2018-06-04,1.5048105460692718,-2.0186352384712714,-3.3247183113961016
2018-06-05,1.5038474633232075,-2.0172768242108683,-3.4272749093709245
2018-06-06,1.5640937252301361,-2.0892833558948065,-3.3174575669936126
2018-06-07,1.6037670312570766,-2.1568446634212366,-3.268261398550775
2018-06-08,1.57227564707058,-2.1275602093901362,-3.3690043671701035
2018-06-11,1.6251397849199885,-2.182332451168144,-3.3123164283833484
2018-06-12,1.622805074938494,-2.160678556867685,-3.307397434317061
2018-06-13,1.5780074038159684,-2.117041695204295,-3.2773672669196205
2018-06-14,1.6058029660874336,-2.127417473334403,-3.4886010985204017
2018-06-18,1.5937149131993131,-2.1020424432954865,-3.638431283206139
2018-06-19,1.549026240731734,-2.0535447172647254,-3.640860504712254
2018-06-20,1.5780415400067422,-2.082488800833443,-3.6816155835473667
2018-06-21,1.5515580471268007,-2.0418693461638067,-3.761909203840619
2018-06-22,1.5508023766680374,-2.0450826221963925,-3.7743579422431712
2018-06-25,1.5301223768723846,-2.051118754064796,-3.6782149656068177
2018-06-26,1.5349224704565994,-2.06607136051645,-3.6620734697780994
2018-06-27,1.4952033722834563,-2.027977226415533,-3.5777054815363467
2018-06-28,1.4615070550769043,-1.9803361788383689,-3.57133263243021
2018-06-29,1.4194885697849224,-1.9353106137126628,-3.44543120789197
2018-07-02,1.4162113358902642,-1.937507738114972,-3.4710552916966053
2018-07-03,1.390218213679768,-1.9120607729571644,-3.3802184008443072
2018-07-04,1.3852439213376229,-1.9213015059362992,-3.3277802682518143
2018-07-05,1.3841398365928865,-1.9240768166106865,-3.2896391726001513
2018-07-06,1.3831691283562564,-1.9102934512787972,-3.3511219454588863
2018-07-09,1.434692941422339,-1.9362258506116943,-3.43887332929956
2018-07-10,1.4260453326809863,-1.9437295715323684,-3.3749624983718824
2018-07-11,1.399379240991982,-1.9037815441220078,-3.3335308298369615
2018-07-12,1.3887964365894336,-1.907744354035064,-3.3313267400833193
2018-07-13,1.3789952619149326,-1.8846183129632377,-3.384664439676199
2018-07-16,1.4062077713459022,-1.9197927101250505,-3.3490989907415902
2018-07-17,1.3826877391267631,-1.9089635479921485,-3.3078940407217994
2018-07-18,1.3721394281645016,-1.8812198865912837,-3.337401500372748
2018-07-19,1.3708016539579344,-1.8959723314902015,-3.318384812526965
2018-07-20,1.3919140093826983,-1.9226386790153862,-3.2874209458014216
2018-07-23,1.4386725623040402,-1.9672903056191684,-3.2943839615369055
2018-07-24,1.4404585553256712,-1.967982879077704,-3.2745222661433164
2018-07-25,1.417209308800241,-1.955528689442847,-3.215059924514266
2018-07-26,1.4180117713898581,-1.9626154059633558,-3.2187054079684096
2018-07-27,1.4251542899374374,-2.0059593126064263,-3.145314216019707
2018-07-31,1.4580563030226896,-1.9830086000074938,-3.169465714649554
2018-08-01,1.4992944025852322,-2.067446683860686,-3.0685044155767223
2018-08-02,1.4948086575880017,-2.037161234785847,-3.151294676690118
2018-08-03,1.4349023714063271,-1.9922222108348757,-3.1489849524441196
2018-08-06,1.4047123991403938,-1.9369304834666914,-3.158177356776139
2018-08-07,1.4326967473178085,-1.9610722277396566,-3.187180769563446
2018-08-08,1.4386964715910184,-1.934296758457143,-3.278009467409443
2018-08-09,1.4222814475846641,-1.9277476502619662,-3.3247386795255616
2018-08-10,1.365156834150671,-1.8713656965734575,-3.338239390168313
2018-08-13,1.3687385371781247,-1.8798357571020854,-3.3436797716401374
2018-08-15,1.3548110185150204,-1.857595609109036,-3.3666952412265325
2018-08-16,1.3505700062555515,-1.85043219719623,-3.3527414066052077
2018-08-17,1.3418763101270033,-1.8435545760213081,-3.358431096506454
2018-08-24,1.3931776357329775,-1.897955345583699,-3.2490633453537936
2018-08-27,1.4160584450034643,-1.9380395547137597,-3.2210933327038664
2018-08-28,1.435625079542482,-1.9405930665813336,-3.266087446738681
2018-08-29,1.459327200702455,-1.9724470060183052,-3.2321373165898786
2018-08-30,1.4064229525947436,-1.9309487416332858,-3.2514310907709247
2018-08-31,1.379235445674208,-1.8937048928629703,-3.2516749091110984
2018-09-03,1.372742501736397,-1.8749254510686875,-3.2750178900057323
2018-09-04,1.3836624004009683,-1.8746781969689112,-3.2556220923713597
2018-09-05,1.4315647029525176,-1.9199869962484035,-3.217387517928532
2018-09-06,1.4035425161748745,-1.899551278538977,-3.201365967640425
2018-09-07,1.4223667999752854,-1.9220350123415675,-3.1879592367211163
2018-09-10,1.4469744391261756,-1.9299802076031187,-3.2227730433153012
2018-09-12,1.4404542643571143,-1.943071094525202,-3.182642913118688
2018-09-13,1.4736779931354156,-1.9770724311044585,-3.1896764522433148
2018-09-14,1.49185615280267,-1.9868617547900227,-3.18525663397665
2018-09-17,1.4768259046314152,-1.9985311056746515,-3.057776247763532
2018-09-18,1.4889573594855499,-2.0136204205317867,-3.046214934822269
2018-09-19,1.511268550531054,-2.0246100603529413,-3.0831537310081383
2018-09-20,1.5145297353774536,-2.0453498559967382,-3.062014304976113
2018-09-21,1.4885047265983544,-2.010704625118924,-3.0952201196508153
2018-09-24,1.5090127367835466,-2.061423763377133,-2.9224467253276782
2018-09-25,1.52806890131346,-2.0887527563443884,-2.88092142073928
2018-09-26,1.5130091441277929,-2.0775065448587298,-2.826967241267386
2018-09-27,1.4683457642210311,-2.052761719608338,-2.7064992854116743
2018-09-28,1.4449135131265645,-2.006198938937503,-2.838196273082721
2018-10-01,1.4911512495225452,-2.0550426078123727,-2.8886020339724316
2018-10-02,1.4377721545755846,-1.9797166221935019,-2.982652663311669
2018-10-03,1.4467523087589491,-2.001697364106284,-2.9061296890930257
2018-10-04,1.4989715999898576,-2.093005745282241,-2.7632242768675477
2018-10-05,1.546593017389668,-2.1414630193483353,-2.811477228012406
2018-10-08,1.5516359753648334,-2.143850506342939,-2.8980157996784643
2018-10-09,1.5704237617934742,-2.1547149311451363,-2.951470107254594
2018-10-10,1.5653534951126296,-2.1740079287278964,-2.8333611248971065
2018-10-11,1.5357681974221657,-2.1622269457245267,-2.8153794078622663
2018-10-12,1.5183449770628172,-2.153080848938038,-2.8399624263392576
2018-10-15,1.5238569992038584,-2.1775202329521455,-2.8720809055431724
2018-10-16,1.5056487716554252,-2.177254650504997,-2.8293121177084615
2018-10-17,1.4880552386627375,-2.146701179200334,-2.872936790495501
2018-10-18,1.4855139429922222,-2.1522742962249883,-2.8856910185608937
2018-10-19,1.4493554707767655,-2.1369849857707797,-2.851422871133236
2018-10-22,1.442845363579807,-2.12822880272904,-2.790586051386336
2018-10-23,1.4110194029905336,-2.1024247043075324,-2.778499170675394
2018-10-24,1.4158292960621157,-2.0880698616548647,-2.8853402437285207
2018-10-25,1.4123778589458185,-2.0985823076599632,-2.860129669254806
2018-10-26,1.3698845508404334,-2.059499694190503,-2.8616251028030453
2018-10-29,1.422307454025744,-2.119197293602908,-2.8755020805191354
2018-10-30,1.4020292908987815,-2.0988973663169257,-2.8954536793568746
2018-10-31,1.4032920624042915,-2.082094954375015,-2.8797938711953837
2018-11-01,1.4263429990352425,-2.092336712187502,-2.9000020847735857
2018-11-02,1.4599853894683466,-2.11071225461136,-2.945499299399017
2018-11-05,1.4615015245617882,-2.078048696710404,-3.012280985392633
2018-11-07,1.4724901782108062,-2.107543830236016,-2.91902603058277
2018-11-08,1.4846040275279673,-2.117152134953098,-2.9371340249641236
2018-11-09,1.4469156783041566,-2.078538430830831,-2.9452111652873896
2018-11-12,1.4262847312095301,-2.049210956717199,-2.991591127516796
2018-11-13,1.4420033212244925,-2.062917606894657,-3.0001492476992517
2018-11-14,1.4703698420149527,-2.0836536204921474,-3.0490679509973777
2018-11-15,1.4394685151285393,-2.0273736599063437,-3.183149440455971
2018-11-16,1.4461382456890453,-2.0356808719735646,-3.171308931176421
2018-11-19,1.457477893736262,-2.0753369065481597,-3.086529805698365
2018-11-22,1.4433817034647867,-2.0529594231938844,-3.0747310041785014
2018-11-23,1.39489193280443,-1.98370928270614,-3.0840774568628717
2018-11-26,1.4162562663106195,-2.014623475130902,-3.037188542930964
2018-11-27,1.407771192538985,-2.001853179187703,-3.0945738399540987
2018-11-28,1.4198902627319634,-2.0202678853108083,-3.0899213501684804
2018-11-29,1.3924336379991706,-1.9877926824157672,-3.12464487311073
2018-11-30,1.374289415906071,-1.9380932485170823,-3.1815773283263074
2018-12-03,1.3718583119943097,-1.938509218342853,-3.1564606335600396
2018-12-04,1.3267461056402976,-1.9049170968303888,-3.09995546997125
2018-12-05,1.3015154338967885,-1.8789832603572725,-3.066629040675327
2018-12-06,1.249421774804418,-1.8350319006077886,-3.030202374946418
2018-12-07,1.2783080037409935,-1.8847549348605832,-2.9375559918986283
2018-12-10,1.1980640285804312,-1.8256576926761667,-2.6797431057307213
2018-12-11,1.2025090975103787,-1.8268435396950315,-2.7659332274736106
2018-12-12,1.199787655502811,-1.8500049617242382,-2.6325036694522863
2018-12-13,1.2151099713208093,-1.8677513470589417,-2.7038351260043747
2018-12-14,1.2686259008088792,-1.93317739013407,-2.852732904527437
2018-12-17,1.2533917642743648,-1.9674028420300713,-2.722216224126771
2018-12-18,1.2262142175867041,-1.9512691175607402,-2.660655438859911
2018-12-19,1.2089838553521572,-1.9287072499835283,-2.6207289386349655
2018-12-20,1.1656278291174589,-1.8935617207472322,-2.5358976967206948
2018-12-21,1.1997660260265601,-1.9235910310243254,-2.61385017396582
2018-12-27,1.215315872168588,-1.92496422513946,-2.7227211596074508
2018-12-28,1.2427907964865748,-1.9504698918432264,-2.773140867638213
2019-01-02,1.1543014937414897,-1.6675693222099506,-3.083455110601305
2019-01-03,1.1841890290899202,-1.6788747395625916,-3.1248648684422484
2019-01-04,1.2146119901166135,-1.7211452164295888,-3.100591097314465
2019-01-07,1.229075252468153,-1.7166340487150737,-3.108443595119334
2019-01-08,1.2448558292576866,-1.753450731610188,-3.039153020715643
2019-01-09,1.2387889333170885,-1.7243069156784538,-3.0830696174233556
2019-01-10,1.206577067945478,-1.6812148722235545,-3.1211505502951016
2019-01-14,1.1858297462764984,-1.6331606877821772,-3.183312768216512
2019-01-15,1.197205900691783,-1.648647986151981,-3.2406111987484225
2019-01-16,1.2190743265125041,-1.6617912994490092,-3.24475305456052
2019-01-17,1.2185853659275752,-1.6567619113871639,-3.2071101387093983
2019-01-18,1.2334784607331624,-1.6841457636738357,-3.1876284252218845
2019-01-21,1.2433107026153285,-1.689372840196595,-3.193512253350014
2019-01-22,1.2095542101978312,-1.6648522034457214,-3.142691666823028
2019-01-23,1.2066230213567657,-1.6542823769229487,-3.150349177782071
2019-01-24,1.142542911462299,-1.5753450407490188,-3.12321482664684
2019-01-25,1.1296025157257765,-1.5828370497508337,-3.019701531552078
2019-01-28,1.148569632206208,-1.5879718331284134,-3.0617383191954506
2019-01-29,1.1453962429376745,-1.573869913650881,-3.0621361712303448
2019-01-30,1.112278410479405,-1.5518501646993883,-2.966977246128317
2019-01-31,1.0772231746710619,-1.5180742215639564,-2.9495680427663924
2019-02-01,1.0920132477166173,-1.5163331692369555,-3.0353293776353194
2019-02-04,1.1122709287805788,-1.5233316037145146,-3.0496237428514075
2019-02-05,1.1164517314708922,-1.529448548507053,-3.0212278992729873
2019-02-06,1.0839233584413883,-1.4815730311840887,-2.9840406957434116
2019-02-07,1.0524628710336028,-1.423942712320128,-3.104422080625906
2019-02-08,1.0246692301861513,-1.3806653247287715,-3.129515365890426
2019-02-11,1.0651740241562233,-1.4287254769461213,-3.1353015847433783
2019-02-12,1.0925366699696422,-1.4636646796490536,-3.1333960275401753
2019-02-13,1.0840465061049167,-1.4711462045008887,-3.0661921082217374
2019-02-14,1.018504979778589,-1.399399288160216,-3.0176184177239564
2019-02-15,1.040455441474206,-1.423426608327775,-3.031092814385673
2019-02-18,1.0678036697595252,-1.4483553315432767,-3.101442292197957
2019-02-19,1.0645098582568184,-1.4737208800701445,-3.061664745283836
2019-02-20,1.0494881165067875,-1.448246751915585,-3.0564124017385015
2019-02-21,1.0824345011759626,-1.4875341784954559,-3.0029183536017836
2019-02-22,1.0460179915255776,-1.4572262802970921,-3.0091938488882355
2019-02-25,1.0541648798580536,-1.4467614604842707,-3.010832933982058
2019-02-26,1.0518200166667075,-1.4598972214905905,-2.9712942109079497
2019-02-27,1.1006709057742967,-1.5021189123257366,-2.99934265095078
2019-02-28,1.1277385039356007,-1.5471980671744165,-2.9405334459824957
2019-03-01,1.1683364138493888,-1.5884374818649771,-2.966308519316677
2019-03-04,1.1311407965724718,-1.5369366064644847,-2.9695375032356077
2019-03-05,1.1244818034216495,-1.5359731891978234,-2.974243574490764
2019-03-06,1.0892351757535643,-1.4797514763713457,-3.01463584407341
2019-03-07,1.0624991251366955,-1.4483576487701617,-3.1265274167390027
2019-03-08,1.01613229836841,-1.4071404046594735,-2.9899735249574877
2019-03-11,1.012379386653917,-1.3980450681668644,-3.0282414258678965
2019-03-12,1.020140948248771,-1.408266715015996,-3.034254025708312
2019-03-13,1.020140948248771,-1.408266715015996,-3.034254025708312
2019-03-14,1.0338276891139675,-1.4293831797417584,-3.012911282196009
2019-03-15,1.0315715106963612,-1.4253609974946198,-2.995891325013946
2019-03-18,1.0298194233116615,-1.4154050010936334,-2.985902346321927
2019-03-19,1.0507765897111152,-1.4493725065480874,-2.94602664606094
2019-03-20,1.0264531342587984,-1.4174287032475954,-2.9459725878095235
2019-03-21,0.9641277040330243,-1.3552732512883607,-2.9112608687588244
2019-03-22,0.8357935254077657,-1.241553212430325,-2.766423877232085
2019-03-25,0.8582894517711906,-1.2730162911624348,-2.771228678391085
2019-03-26,0.8368623219340209,-1.2451646525691786,-2.719507530897151
2019-03-27,0.8096275947799763,-1.2171519013599137,-2.917789692360491
2019-03-28,0.8042189914254637,-1.2132272578177021,-2.8273664860172123
2019-03-29,0.8396673871034352,-1.2351091155023872,-2.9448647187350745
2019-04-01,0.8795754547945921,-1.272583970740921,-2.994289931068574
2019-04-02,0.8822568469969366,-1.275126652103153,-3.0061408987143237
2019-04-03,0.9478250619805427,-1.3410981281504397,-3.0380524593617353
2019-04-04,0.9168576492183327,-1.3127498810848657,-2.972823979894756
2019-04-05,0.918527543832802,-1.3120791953595785,-2.953344702930692
2019-04-08,0.9206084591592051,-1.3142944986237275,-2.9541295781354604
2019-04-09,0.9018820746333936,-1.2881245096804492,-2.941784854598903
2019-04-10,0.8917848235468113,-1.2640122105406713,-3.0417296290370097
2019-04-11,0.9125115453870869,-1.285422157068476,-3.044136422298931
2019-04-12,0.9696056452925746,-1.3594437486418403,-2.974422385781935
2019-04-15,1.0232519989434037,-1.408524962226529,-3.063231975199313
2019-04-16,1.0178184390840308,-1.4055241698014385,-3.0782727921206376
2019-04-17,1.0288292011700868,-1.4281460915699178,-3.0332223063016412
2019-04-18,0.9649682869095793,-1.3389303377532702,-3.0495368762754476
2019-04-23,0.9790169849905899,-1.3564895695600687,-3.0552562747803784
2019-04-24,0.9192263237673202,-1.2917894677533828,-3.0402050433351233
2019-04-25,0.9204335377191308,-1.2960026531537836,-3.045823809971747
2019-04-26,0.9165835268692784,-1.28595244010239,-3.0726983569063067
2019-04-29,0.9464364014541163,-1.3306041355018579,-3.0404242805998045
2019-04-30,0.9607050194524921,-1.3547349706624368,-3.0049960502622612
2019-05-02,0.9435954139676188,-1.3411280977057172,-3.023513438341451
2019-05-03,0.9566989600283017,-1.3515022975814435,-3.054753103626731
2019-05-06,0.9529517610633621,-1.3447415331894064,-3.0547986935675926
2019-05-07,0.9084417233745812,-1.3035624747737988,-3.067909741164451
2019-05-08,0.8793063554433865,-1.2851910231394998,-3.0349924558330135
2019-05-09,0.8757747739925699,-1.2785526799881088,-3.07061205675441
2019-05-10,0.9107116367266145,-1.3156378543809208,-3.071338349921765
2019-05-13,0.879293265129731,-1.2756195337276623,-3.07067904506379
2019-05-14,0.8516329867316847,-1.248675827391125,-3.0524902037686314
2019-05-15,0.8080339098700606,-1.1935287039208164,-3.0783490559235047
2019-05-16,0.8333287786414288,-1.22266716123436,-3.0368567561105624
2019-05-17,0.8154976720303483,-1.2086797013500785,-3.0371507203820696
2019-05-20,0.844281683498252,-1.2243589448347496,-3.091232475868797
2019-05-21,0.8749929036243509,-1.2506884053719771,-3.126088954131198
2019-05-22,0.8701403300064849,-1.2418870745548674,-3.128118924159705
2019-05-23,0.8383849968022506,-1.201814600715355,-3.160677411401513
2019-05-24,0.8360566753237864,-1.2019537703597925,-3.131129820455895
2019-05-27,0.8032451038399647,-1.1545578661630054,-3.1509142651881152
2019-05-28,0.7835291200662413,-1.1428907866772806,-3.117193203592039
2019-05-29,0.7440786991103924,-1.1072143197102662,-3.07374454069939
2019-05-30,0.7617076425007975,-1.1390134207139102,-3.0694184056319433
2019-05-31,0.7221747059732234,-1.0957700890650832,-3.1004758845513996
2019-06-03,0.6752978250885837,-1.0580092298931518,-2.9491278716972626
2019-06-04,0.6573719403113426,-1.0360070482054793,-2.9010270575580184
2019-06-10,0.6569610253842291,-1.0188400069646972,-2.9770967883817825
2019-06-11,0.6327547670831988,-1.0058804590609727,-2.928881302611712
2019-06-12,0.6247481607742162,-0.99952881473568,-2.916139987632813
2019-06-13,0.6051676193644403,-0.9847454044367678,-2.8756533272898523
2019-06-14,0.5808628196492657,-0.9630049618460794,-2.845871355925114
2019-06-17,0.6063545111594969,-0.9802810679785705,-2.8915155857174133
2019-06-18,0.543707676936305,-0.9369618679786633,-2.9981694441339486
2019-06-19,0.5611340410244388,-0.957735263141763,-2.937513832419946
2019-06-20,0.5005541022633517,-0.9394914156892726,-2.806649407782687
2019-06-21,0.5335866681619119,-0.9547024294046844,-2.789387143094294
2019-06-24,0.5260270936883907,-0.9459337704636162,-2.820026914770305
2019-06-25,0.4836585951519479,-0.9104293705296271,-2.783765190658167
2019-06-26,0.5057827835558871,-0.9294496062544084,-2.815785007832347
2019-06-27,0.5038866960793423,-0.9480581519830347,-2.744249909070602
2019-06-28,0.5127735786710833,-0.9350177129645676,-2.8601179978305775
2019-07-01,0.49539990840410336,-0.909869377577504,-2.904342358677777
2019-07-02,0.4960856537539465,-0.9135724153859504,-2.9448962057720953
2019-07-03,0.4283862298664789,-0.8597381277045262,-2.7895894020462597
2019-07-04,0.4078988691993901,-0.8493493851398739,-2.759370281172399
2019-07-05,0.47891126033550224,-0.9225884429811435,-2.781394969720236
2019-07-08,0.4266745909016183,-0.8571026264361672,-2.762334050865038
2019-07-09,0.4812449348885249,-0.911733888475736,-2.801605219004533
2019-07-10,0.5537339419924192,-0.9819546360172513,-2.8628852600806773
2019-07-11,0.6078787200887744,-1.0553741361734845,-2.911066176853818
2019-07-12,0.641025996483944,-1.0874611951100972,-2.9493099104069147
2019-07-15,0.5732385642742903,-1.0235418612710925,-2.877821710775087
2019-07-16,0.5578909722439951,-1.018887226788852,-2.8403737343019952
2019-07-17,0.5180768624746679,-0.9691162209042345,-2.8704382552853325
2019-07-18,0.5151939190927872,-0.9546275149242605,-2.9040158871158273
2019-07-19,0.5044730335342922,-0.9651226534685309,-2.922681849181438
2019-07-22,0.4879583401973172,-0.9452607467595047,-2.935410510168944
2019-07-23,0.48593121477558326,-0.9474189179303516,-2.960334327281946
2019-07-24,0.4212263924125083,-0.8788200083841704,-2.8804485595004157
2019-07-25,0.43527461458004757,-0.9102196912534772,-2.733408548457556
2019-07-26,0.42017708893010935,-0.8831027286831246,-2.7925062469810316
2019-07-29,0.37647280933462013,-0.8461789431904849,-2.748854460175063
2019-07-31,0.34197490755148985,-0.8253913022281951,-2.6985250805508585
2019-08-01,0.2776163933941485,-0.7660036251814104,-2.5829538471968414
2019-08-02,0.210155135992448,-0.7217202961873066,-2.459598870985066
2019-08-05,0.14191483845426567,-0.6719258311700884,-2.3752068437586242
2019-08-06,0.13436622847205595,-0.6680090182046061,-2.399019795757233
2019-08-07,0.025608157081123812,-0.5788292135118962,-2.328160271286042
2019-08-08,0.11686574290343599,-0.6586828575814379,-2.4610809457166196
2019-08-09,0.1170343561256059,-0.6781500750041305,-2.4871471269722982
2019-08-15,-0.1096829952399098,-0.4949036235431603,-2.129280356030572
2019-08-16,-0.13117109165962068,-0.4857915144521199,-2.1055333229501283
2019-08-19,0.033904883918514234,-0.6209781946143116,-2.4443089654841796
2019-08-22,0.012233142572035454,-0.5999153362894987,-2.311687212038855
2019-08-23,0.02426598481320605,-0.6256788581054578,-2.375401727465721
2019-08-26,-0.011870991424495284,-0.6069427004875962,-2.280428266603082
2019-08-27,-0.05813462010750926,-0.5694130832415396,-2.194150991626503
2019-08-28,-0.14302683720014792,-0.5040736878860439,-2.035983869872169
2019-08-29,-0.07972410380733362,-0.5668614887826937,-2.1765257642656497
2019-08-30,-0.06969580006650229,-0.6021205358915156,-2.1829872534069428
2019-09-02,-0.037096340316868474,-0.5962983774279256,-2.318239934231241
2019-09-03,-0.07598893308459242,-0.5580584234302866,-2.195161547415057
2019-09-04,-0.010510978003159232,-0.6134514983641239,-2.2592395006313812
2019-09-05,0.12325572353367913,-0.7487708701916442,-2.425765936420747
2019-09-06,0.03670652800204831,-0.6527754729185522,-2.313808267830013
2019-09-09,0.14496612042108162,-0.7180796695393101,-2.5065861068095634
2019-09-10,0.15039884700444248,-0.7011691670753712,-2.5354253205847
2019-09-11,0.16125955160953193,-0.7158759627651956,-2.5450694715196343
2019-09-12,0.0574977043585281,-0.6243790356562802,-2.1305587011331917
2019-09-13,0.21065867441656483,-0.6952790967872791,-2.3977453386668057
2019-09-16,0.22107826035386788,-0.7099735521192623,-2.3869769824460083
2019-09-17,0.2011795489725649,-0.6815823066460336,-2.3470084185647404
2019-09-18,0.15704377771688877,-0.6721197302419575,-2.240217650219332
2019-09-19,0.1204999406882582,-0.6178249046820001,-2.126375236720391
2019-09-20,0.09650617604744285,-0.6063105405190321,-2.0922980748932534
2019-09-23,0.001981068423203633,-0.5097415245592298,-2.039170910764998
2019-09-24,-0.020773792242116347,-0.49483987744602653,-1.9646273282235496
2019-09-25,-0.06775329948267497,-0.4542589968633395,-1.8764497976675485
2019-09-26,-0.020398156554503753,-0.5257919263443864,-1.9118730461162183
2019-09-27,-0.0057338521466310105,-0.5334051161144024,-2.021564710377487
2019-09-30,0.04756337610790148,-0.590945134207123,-2.1256094682492166
2019-10-01,0.09247529637309153,-0.6363077676235989,-2.1459422408471154
2019-10-02,0.08998793314371867,-0.6392141963694757,-2.136572282929208
2019-10-03,0.015297459194158472,-0.572047980780868,-2.0802110483480263
2019-10-04,0.026050168540935514,-0.5468113388535252,-2.1504163719053087
2019-10-07,0.04684905556635765,-0.5523847136976676,-2.2207700406631896
2019-10-08,0.04540747691374539,-0.5270916484686425,-2.308758040582404
2019-10-09,0.07363648367771687,-0.5759341671505089,-2.246414702181436
2019-10-10,0.15773242648060684,-0.6507522937894332,-2.1789597664839273
2019-10-11,0.21928296901601016,-0.6943720774168574,-2.290502524126469
2019-10-14,0.1993839022184494,-0.6627960882805821,-2.256413778572309
2019-10-15,0.18682306727821363,-0.652674425224665,-2.221302946530343
2019-10-16,0.30013339341300344,-0.7655816179082444,-2.2979223464373613
2019-10-17,0.267128407027256,-0.7423550540441695,-2.212322363910107
2019-10-18,0.2892101937386183,-0.7716759228056005,-2.193681762440854
2019-10-21,0.35200379016137034,-0.8083419092874333,-2.3247885238932673
2019-10-22,0.28687649992080694,-0.7597205603606214,-2.1832629368229335
2019-10-23,0.23813652942622215,-0.7155620054939733,-2.1120775141168493
2019-10-24,0.2376174463042692,-0.7360096566359582,-2.09059865248399
2019-10-25,0.27332649105696855,-0.7869749066438454,-2.0864607527484753
2019-10-28,0.3524444124380527,-0.8804094158431541,-2.1355209347951694
2019-10-29,0.3068360680653323,-0.8360213017503406,-2.0480540818003004
2019-10-30,0.2909368676497616,-0.8042698950859248,-2.0426059762542503
2019-10-31,0.2148155299666041,-0.7484897859291437,-1.9896459803563586
2019-11-01,0.26015720985964186,-0.7616625313685292,-2.120592235037446
2019-11-04,0.32947145486486473,-0.7924944255956996,-2.251486623515497
2019-11-05,0.3720422162622296,-0.8322515607848406,-2.265928057044022
2019-11-07,0.41869214957781736,-0.9074937482690668,-2.16941730443144
2019-11-08,0.42889083979869463,-0.9246371151977573,-2.1515283251466855
2019-11-12,0.44369209286647027,-0.9134273477931687,-2.2089757186728796
2019-11-13,0.3610855158392558,-0.8323762272536186,-2.1300626125388002
2019-11-14,0.3137384398038947,-0.8039504723081365,-2.080890823786143
2019-11-15,0.3123055880059896,-0.8131319446452161,-2.0645125472993935
2019-11-19,0.31831837246766886,-0.7888691118015758,-2.1096340106925124
2019-11-20,0.2860621370289783,-0.7632003328884049,-2.094342582956911
2019-11-21,0.3350389063895773,-0.8282058055260753,-2.0910295107069734
2019-11-22,0.3014881290074078,-0.7695925607860661,-2.093360031420429
2019-11-25,0.28877535459917947,-0.7690616640281422,-2.0705321096970977
2019-11-26,0.27163231504357627,-0.7551861784841489,-2.0789525480935476
2019-11-27,0.27669757820999163,-0.7642108611547744,-2.0368979624636654
2019-11-28,0.28235126624538776,-0.7580806333159302,-2.0704345860994393
2019-11-29,0.2951066217911696,-0.7649155885072279,-2.0613303255056796
2019-12-02,0.3799760812598518,-0.8697987170798676,-2.0543795306237533
2019-12-03,0.32662086010487457,-0.850606573024214,-2.0386728719487324
2019-12-04,0.3274124584910469,-0.8489590712633266,-2.0701750918747397
2019-12-05,0.38338100464795055,-0.9002508808663874,-2.0552284176356985
2019-12-06,0.3738357368136164,-0.9022432407969774,-2.04176540194033
2019-12-09,0.3710165883178709,-0.8861524631021376,-2.104920485324751
2019-12-10,0.3905386565511719,-0.9194998040024376,-2.1017013416660104
2019-12-11,0.3671590965964129,-0.892394648178753,-2.097155893985547
2019-12-12,0.39530412686961924,-0.922721973450773,-2.1136202981027807
2019-12-13,0.3972993948192874,-0.9357721634308112,-2.011728860908461
2019-12-16,0.3724705651779751,-0.9061274395397312,-2.0294304220486366
2019-12-17,0.37445168721489674,-0.9211009387289342,-2.000216631520001
2019-12-18,0.41614170420800656,-0.9739081412374877,-2.0073515298931603
2019-12-19,0.4633212414842011,-1.0325588860498582,-2.010692399716611
2019-12-20,0.4498322074337543,-0.9951705483200537,-2.0620340370022188
2019-12-23,0.4412114706353058,-1.0117702087354286,-2.037037987234845
2019-12-27,0.43927516426809043,-1.008902216029092,-2.0176796037571596
2019-12-30,0.486803643663349,-1.061747432858506,-1.9432916638601434
2020-01-02,0.4542195384600623,-0.9557807904949094,-2.076105533702255
2020-01-03,0.4019796854041141,-0.8655483424844843,-2.1532161338761044
2020-01-06,0.377648391175685,-0.8390847885190977,-2.1767015627361177
2020-01-07,0.40146083927966864,-0.8721478151784756,-2.187094066346004
2020-01-08,0.44332401081773853,-0.9056758234362292,-2.229721201549281
2020-01-09,0.4784913261365588,-0.941286983867182,-2.187845307384458
2020-01-10,0.47641590181360205,-0.9374692657545025,-2.1733017903017764
2020-01-13,0.5270386335338657,-0.9643482861400507,-2.255379612921983
2020-01-14,0.4946382859740502,-0.9449345123610646,-2.1874489988447037
2020-01-15,0.4568286202479581,-0.9075606990107155,-2.1693150655174347
2020-01-16,0.44055463107035614,-0.8974071628888185,-2.1410596608966217
2020-01-17,0.4543406462769147,-0.9075281460509654,-2.166074276142512
2020-01-20,0.44305832069661594,-0.8707801665475534,-2.189895770804142
2020-01-21,0.4191228038486151,-0.8510825033652827,-2.1166502470640087
2020-01-22,0.3786622775633829,-0.8106557903456546,-2.1279556282933405
2020-01-23,0.3408388335322452,-0.7819673042765607,-2.1267661271333798
2020-01-24,0.31977884757858677,-0.7598339092723119,-2.10411664195507
2020-01-27,0.24799826380674203,-0.6682386498626007,-2.1274228949815113
2020-01-28,0.2630156456224673,-0.6910307006374925,-2.123757063950613
2020-01-29,0.24891135230345876,-0.6937573007981914,-2.101841571942154
2020-01-30,0.22620315827336016,-0.6746495795973673,-2.1067119030702948
2020-01-31,0.18321465883349766,-0.6446221926863984,-2.0770032328789076
2020-02-03,0.18681882735142818,-0.6391774284776173,-2.135817153626186
2020-02-04,0.23972071347447302,-0.6900043307816746,-2.1306748646744746
2020-02-05,0.2818828887328488,-0.7337980728763422,-2.149408136597057
2020-02-06,0.29536414477469913,-0.7416927996460723,-2.1380791397927297
2020-02-07,0.2333532736607801,-0.6838148547486387,-2.1025295995784106
2020-02-10,0.2306201515566484,-0.6761189868820086,-2.107066470564789
2020-02-11,0.24296840333126973,-0.692075776785035,-2.137562771250844
2020-02-12,0.260328395295646,-0.7122752031480026,-2.129577635844226
2020-02-13,0.24065920774372235,-0.7038848232751347,-2.069601435679702
2020-02-14,0.22020231439796195,-0.6735426776058242,-2.1107659995770045
2020-02-17,0.23122457777088334,-0.6727075238572495,-2.1416415017335924
2020-02-18,0.23333347177626046,-0.6645817176068343,-2.1432851259464734
2020-02-19,0.21740020697469767,-0.6537573024533165,-2.1118675400495577
2020-02-20,0.1647585685925593,-0.5994955150999641,-2.0186239235866856
2020-02-21,0.1143459970995869,-0.5653546799580564,-1.8889198727575056
2020-02-24,0.0904140725175091,-0.5679741172581827,-1.9183545229682377
2020-02-25,0.07287628385131821,-0.5540852673182561,-1.9259407734249179
2020-02-26,0.09924340266403464,-0.5945512292226571,-1.9742256587277505
2020-02-27,0.04668670596383928,-0.5659864065854425,-2.0132618985635573
2020-02-28,-0.06661683823116982,-0.4605301490064502,-1.9263563754566966
2020-03-02,-0.0833963188227943,-0.4440287316494649,-1.986380263613967
2020-03-03,-0.046969160282056076,-0.45519807322101946,-1.9770491000611652
2020-03-04,-0.051237788445991875,-0.4628517281390867,-2.0985756525395485
2020-03-05,-0.09204672751904856,-0.4379024014018311,-2.0931576273132233
2020-03-06,-0.22103933663246103,-0.3377545583520798,-1.8903675458290443
2020-03-09,-0.3094128107888494,-0.31642970152444416,-2.0376082749577953
2020-03-10,-0.3473802244002492,-0.2950461095740815,-1.6355696576632
2020-03-11,-0.31052035998760497,-0.3835670758659262,-1.5752726965431723
2020-03-12,-0.27385579887641004,-0.4543592861923167,-1.6466043012236664
2020-03-13,-0.053173475274845984,-0.6777507816427555,-1.6265927649516014
2020-03-16,0.036153811857777766,-0.8311543002665596,-1.4420545128174829
2020-03-17,0.04797322148869461,-0.8236776678224857,-1.3747441438531602
2020-03-18,0.269175901963266,-1.0395570375553578,-1.3793542073554859
2020-03-19,0.3328693769403483,-1.066068607373391,-1.2308633953500419
2020-03-20,0.173913363045445,-0.8396462587440188,-1.2980183981164441
2020-03-23,0.1341436955495997,-0.7469643544396072,-1.4248800181310015
2020-03-24,0.16676887336019047,-0.7344539612235261,-1.423085334484259
2020-03-25,0.2198957341947426,-0.7889933686580324,-1.4401475836569095
2020-03-26,0.2613594135617492,-0.8048456924260936,-1.748444195903768
2020-03-27,0.11560904685690285,-0.6977649424747903,-1.750136892455874
2020-03-30,0.07141480877579434,-0.6142085363018055,-1.864278573079686
2020-03-31,0.13341016685057117,-0.6857005554242308,-1.9081828031259591
2020-04-01,0.14039082287178575,-0.6500126180598595,-1.8257573289018607
2020-04-02,0.10423659263566908,-0.6378961537354226,-1.608715523268656
2020-04-03,0.09457771164849466,-0.6404016171745173,-1.604728634455961
2020-04-06,0.15810413044177613,-0.6480612743750163,-1.7554570988790645
2020-04-07,0.27341185952814795,-0.7679831676116597,-1.8143500833223927
2020-04-08,0.29570882932600345,-0.8038493122557977,-1.7332108362951444
2020-04-09,0.24831495810610454,-0.75293202770109,-1.7001041205445886
2020-04-14,0.21091125580066525,-0.698335302596236,-1.7957069599994138
2020-04-15,0.1031870019641454,-0.5998915644072729,-1.744663847912042
2020-04-16,0.07319562639630178,-0.590256604748177,-1.608567044029049
2020-04-17,0.11193988450865033,-0.5949057362779826,-1.792306387354487
2020-04-20,0.15438926706694664,-0.5905948537189365,-1.8974930353923445
2020-04-21,0.11049818994236002,-0.5560905931191471,-1.811333680541353
2020-04-22,0.15394411711516726,-0.6086470850362831,-1.7987358590504823
2020-04-23,0.15071552647397785,-0.5912208312551483,-1.8464985752846281
2020-04-24,0.11640564650120076,-0.5425938923006011,-1.8469617985589941
2020-04-27,0.12095930702595539,-0.5301840861209972,-1.8244266007302148
2020-04-28,0.11865815371259436,-0.5331730619551929,-1.901675434140993
2020-04-29,0.07148599832577432,-0.5043643601704317,-1.887862412025434
2020-04-30,0.04217408868086626,-0.41760364604377886,-2.0897844834471244
2020-05-04,0.06796945366819768,-0.44269954819882806,-2.13516540087729
2020-05-05,0.09593216343738964,-0.46648158111649884,-2.3081882482022826
2020-05-06,0.13424752305014084,-0.5177215568833708,-2.255866249135246
2020-05-07,0.1472165091387476,-0.5273981327348998,-2.2884976342318084
2020-05-08,0.15096263268726207,-0.5196740831296038,-2.3775084520524685
2020-05-11,0.15445817063036438,-0.5224854876130423,-2.312284005376809
2020-05-12,0.14886612781248057,-0.5357242260453947,-2.1504618435542575
2020-05-13,0.09688654488641625,-0.4842967217312002,-2.1174005491152785
2020-05-14,0.07791031361685757,-0.49508883999280395,-2.108215157501964
2020-05-15,0.048777372386931014,-0.45369327271065596,-2.0613971710467416
2020-05-18,0.10875115854711387,-0.5277112107750788,-2.0605641265196875
2020-05-19,0.1335175594987985,-0.5493133622253499,-1.9388670212545414
2020-05-20,0.10210501311159373,-0.524845702858596,-1.8917146398129887
2020-05-21,0.08759769950720539,-0.5051027359751417,-1.9040788838941796
2020-05-22,0.1069468863249765,-0.5492114704523141,-1.8956023837164038
2020-05-26,0.1562260268921191,-0.5962223855165742,-1.8284820445432635
2020-05-27,0.1837203580086898,-0.6286645159339805,-1.8470449386108518
2020-05-28,0.1754356063998517,-0.6008809012667713,-1.888778560855055
2020-05-29,0.15350754101773986,-0.5825888080785004,-1.898776295638781
2020-06-01,0.23237294311578038,-0.6679946771140115,-2.007898292538714
2020-06-02,0.22398300506747193,-0.6430690237497401,-2.068736310234307
2020-06-03,0.2584749179088847,-0.6868704491392845,-1.9851274164670538
2020-06-04,0.347322958629678,-0.7789765532701036,-2.110507830660055
2020-06-05,0.4167367177418931,-0.8445236531010107,-2.157999497091012
2020-06-08,0.37552976782404146,-0.7750414508308474,-2.217449693754962
2020-06-09,0.32033895024864456,-0.7298680270454341,-2.0876731060048
2020-06-10,0.3376994933576515,-0.7363599394758298,-2.1362090809947305
2020-06-11,0.2121407469577789,-0.612577890826554,-2.054515651011961
2020-06-12,0.2051149903733643,-0.602517951015463,-2.1052934746698098
2020-06-15,0.18047324811295437,-0.5733741305648823,-2.103747613116058
2020-06-16,0.21621245637671135,-0.6111023278044747,-2.1060714246590857
2020-06-17,0.1940390455771208,-0.5802759601382772,-2.1051092750693225
2020-06-18,0.1568329111110259,-0.5599732419496952,-2.022480835370159
2020-06-19,0.14752773674449035,-0.5625153909999323,-2.01145107036725
2020-06-22,0.1228745596350701,-0.5226531254871303,-2.103997035695886
2020-06-23,0.1743280260696475,-0.5819794342608167,-2.105445093960985
2020-06-24,0.17202325455662193,-0.590660609165716,-2.056240628081831
2020-06-25,0.12149690382721874,-0.5488289171734086,-2.1027741860663434
2020-06-26,0.10791569807388596,-0.5431201935374914,-2.05559244658589
2020-06-29,0.1356882510526692,-0.5550044256853748,-2.118148451458384
2020-06-30,0.08982030511250186,-0.5031682968053302,-2.0805046179907487
2020-07-01,0.19659673935773891,-0.6241759232158584,-2.060806322892482
2020-07-02,0.1871445415338058,-0.6104947057218042,-2.13155442313807
2020-07-03,0.17356378779185783,-0.5935703003189701,-2.1521419397679895
2020-07-06,0.17941657178167608,-0.5999935937280254,-2.1362383434729493
2020-07-07,0.15613874063853014,-0.5797529685748892,-2.064082593159203
2020-07-08,0.12465826911023002,-0.5499341329101146,-1.9923309848409685
2020-07-09,0.10825485980080243,-0.5331520277309778,-2.004052630961649
2020-07-10,0.06032736025667293,-0.49638637536718444,-1.9616841526988842
2020-07-13,0.13559699575176706,-0.5861023801158638,-1.920123887915585
2020-07-14,0.09663102278852233,-0.5454000439396329,-1.8872951866426275
2020-07-15,0.13787162754460688,-0.5851244611578295,-1.9916556200499127
2020-07-16,0.08629691420107852,-0.5365716191421586,-1.9383019929369083
2020-07-17,0.09847937025419727,-0.543039786805315,-1.9689382584229145
2020-07-20,0.06527251083856092,-0.5085015232684615,-1.9206625153234866
2020-07-21,0.10836833468731076,-0.5370737165415009,-2.01525586720665
2020-07-22,0.049896037977085944,-0.4788374798108037,-1.9906048096122155
2020-07-23,0.042344920443239245,-0.48052999054764234,-1.8982420196218073
2020-07-24,0.06407625924845456,-0.5180004056088916,-1.821466763580336
2020-07-27,0.039047130188066916,-0.4766380780576369,-1.8991527186021377
2020-07-28,0.016780355332279274,-0.43820445251429896,-1.9304063544037138
2020-07-29,0.021124137236995535,-0.4462954154368257,-1.9404803143228062
2020-08-03,0.03420806357954349,-0.46755156756550664,-1.989511037669649
2020-08-04,-0.043535276568091315,-0.38449418653474754,-1.9425996028266195
2020-08-05,0.01463091365125889,-0.4538183942863703,-1.9246455984854742
2020-08-06,-0.01618975296070679,-0.4103238676506282,-1.9669556046843149
2020-08-07,0.002483432162804309,-0.42714931910463405,-1.9785098670325822
2020-08-10,-0.004785992772275102,-0.4097582420832604,-1.9840971344952447
2020-08-11,0.07438752432903041,-0.49122958512300396,-2.026292949512126
2020-08-12,0.08900496398281428,-0.5142567504304965,-1.994441878300249
2020-08-13,0.1448985450775646,-0.5802597228230033,-1.965178265819884
2020-08-17,0.13695043930452672,-0.5546874466839566,-2.0284945065624425
2020-08-18,0.10951154882113705,-0.5320001891142245,-2.010267043968664
2020-08-19,0.08467876541344393,-0.5033615508996916,-2.0269066569570517
2020-08-24,0.03315591632840729,-0.4531210623230326,-1.9687265359162882
2020-08-25,0.1207469837046275,-0.5441727619395316,-1.9796096163251624
2020-08-26,0.14729805991637168,-0.5779163234896951,-1.9770810892453847
2020-08-27,0.19913545003044106,-0.6320064085001531,-2.128685076497596
2020-08-28,0.1875533535111891,-0.6225709340389969,-2.1280941281511523
2020-08-31,0.21077638110373212,-0.6330658798895556,-2.1388435821687124
2020-09-01,0.2123404018918842,-0.6348311339402262,-2.1692202105284686
2020-09-02,0.12997196603763783,-0.5640138624907345,-2.1107721865093936
2020-09-03,0.06767551814321977,-0.5106710290192296,-2.0237871059121217
2020-09-04,0.09844115591652262,-0.5414540061486774,-2.055954252449592
2020-09-07,0.11195998531392021,-0.5576224252760107,-2.076518050046321
2020-09-08,0.07266864358034827,-0.4980273369902757,-2.089454672270706
2020-09-09,0.09902826883857944,-0.5427590303043897,-2.0194674066526628
2020-09-10,0.12528069873431202,-0.5855191086083309,-1.9657539636647494
2020-09-11,0.11770198593638764,-0.5545645125960057,-2.0820939813560435
2020-09-14,0.06054588354001628,-0.490241631437492,-2.023175635003637
2020-09-15,0.07396200897185508,-0.49866496513608016,-2.0218490643292926
2020-09-16,0.06186249673994173,-0.4881104265581051,-2.0174341940474623
2020-09-17,0.036590989815988705,-0.47441506007357104,-1.9580064485394628
2020-09-18,0.04734207069505764,-0.47381418575216183,-2.011570295868071
2020-09-21,0.012831312133756202,-0.4307344630709806,-2.0346995784469986
2020-09-22,0.042324174090870345,-0.4699508054522501,-2.0418688332479094
2020-09-23,0.04564577494386679,-0.47288951662277734,-2.0417145747113676
2020-09-24,0.027980812439731752,-0.4735837671013614,-1.989143618442658
2020-09-25,0.004948278974447297,-0.4568553048677626,-1.925091192298707
2020-09-28,0.0018650190567885236,-0.446782460715218,-1.9212954603126062
2020-09-29,-0.00946259823466743,-0.4445482647797865,-1.8866760470736965
2020-09-30,-0.007858937288937958,-0.45397785397468815,-1.8619990899765522
2020-10-01,0.004068260406104465,-0.471239032177037,-1.8525881674997333
2020-10-02,-0.009616283961790203,-0.4565800087067098,-1.9054121154902606
2020-10-05,0.01644065524759066,-0.4863358084614824,-1.9164666389821263
2020-10-06,0.008034263356235019,-0.4819895770617417,-1.9054319610534798
2020-10-07,0.04555004842086787,-0.5193727719325643,-1.927164631082376
2020-10-08,0.008615739504861435,-0.49571897227947215,-1.8809366108218
2020-10-09,-0.017008963008178127,-0.4579613686044155,-1.9267492336708534
2020-10-12,-0.01995133809095391,-0.4615811888783683,-1.9237166895892455
2020-10-13,-0.03701721917268213,-0.47337876631801645,-1.8763118428914474
2020-10-14,-0.0657583969562304,-0.45068268818520374,-1.8645367046471135
2020-10-15,-0.12499661207199356,-0.40664578693231235,-1.812153073416374
2020-10-16,-0.08570637506652579,-0.44066251392365063,-1.9495710091897067
2020-10-19,-0.09657258154047207,-0.456289430030016,-1.8607732274690965
2020-10-20,-0.10101925842659067,-0.4591134980095619,-1.8358903764103784
2020-10-21,-0.06803380424661445,-0.4899317550246629,-1.8607928600769008
2020-10-22,-0.057520418439465384,-0.507954188036378,-1.8400288352472585
2020-10-23,-0.04727666722098891,-0.5165271412730528,-1.8021436492728493
2020-10-26,-0.06622659990262017,-0.5050274134847239,-1.7467113470280549
2020-10-27,-0.10965953718823651,-0.4679235524613208,-1.7460911775601353
2020-10-28,-0.13311430408535388,-0.4435350284819053,-1.768449666639655
2020-11-02,-0.13130620918562488,-0.43951931848311543,-1.8128450334846111
2020-11-03,-0.12672112710699324,-0.43994269037887745,-1.8013750074480346
2020-11-04,-0.15558316455332077,-0.4169724209333703,-1.7752762576140544
2020-11-05,-0.13178476043998394,-0.4495904199146066,-1.7539651358860717
2020-11-09,0.0021795401309501867,-0.5492410219561508,-1.8725653100755133
2020-11-10,0.05245559743765502,-0.6071125824705534,-1.8343516292084674
2020-11-11,0.010588438235337895,-0.5613300557811642,-1.7995975067544485
2020-11-12,-0.025669425308048513,-0.5272330654760726,-1.751876064574875
2020-11-13,-0.047535994560827535,-0.5052776503350853,-1.7697938840100211
2020-11-16,-0.055213299432788514,-0.4742541422872042,-1.7867178106704065
2020-11-17,-0.08373738277213968,-0.45760154563538014,-1.71239434250703
2020-11-18,-0.07525777765425935,-0.47228359337369774,-1.7162217780014846
2020-11-19,-0.10146536825957275,-0.428230111429345,-1.7093606881112318
2020-11-20,-0.10339310349529059,-0.44631601308589186,-1.7304760330311015
2020-11-23,-0.0808547469319754,-0.4693375499043966,-1.7752285977472644
2020-11-24,-0.08170753577372629,-0.4777073209956535,-1.7634509368621474
2020-11-25,-0.07553274839041166,-0.4885594584795736,-1.7572324144930784
2020-11-26,-0.09982049320874144,-0.4762685718177899,-1.6945597619876627
2020-11-27,-0.09961815113734257,-0.47568407659545375,-1.6941446604111752
2020-11-30,-0.09459736052707239,-0.4816499274809287,-1.6676491703838092
2020-12-01,-0.07781404409174231,-0.5083289492587129,-1.5815609529849728
2020-12-02,-0.018184552521342816,-0.5684810371807041,-1.660369488878812
2020-12-03,-0.05887970738066525,-0.5270168362062884,-1.682668808216622
2020-12-04,-0.05226611646679939,-0.5385784859264018,-1.7114873199509044
2020-12-07,-0.08677337019403134,-0.5080975836220905,-1.7266922147662187
2020-12-08,-0.12090886415775967,-0.47259415008994576,-1.7249099667242331
2020-12-09,-0.10556478467843972,-0.501942955300863,-1.73167315287295
2020-12-10,-0.11750846466392344,-0.4892276385264993,-1.6996419248940946
2020-12-11,-0.15058078725407809,-0.45681961628709833,-1.7191102176495963
2020-12-14,-0.13805878264430885,-0.48422564374182153,-1.6412299574432045
2020-12-15,-0.15130877618323504,-0.4724139404432801,-1.6180706800863502
2020-12-16,-0.09540934446572763,-0.5307555090720342,-1.5694247403944674
2020-12-17,-0.12640379442388117,-0.5065749185563688,-1.548981382739973
2020-12-18,-0.12253842439192714,-0.500198881815892,-1.5388529015662284
2020-12-21,-0.1324390517027899,-0.4938145124544251,-1.5601022663088993
2020-12-22,-0.14198420552508229,-0.48950523373739796,-1.5120238434650837
2020-12-23,-0.09750038295508097,-0.5392039437788267,-1.4818706097532663
2020-12-28,-0.11817196311508757,-0.5380589132356428,-1.4009115580870126
2020-12-29,-0.13576502808334198,-0.4910073186910977,-1.4697802620560807
2020-12-30,-0.14353840323044587,-0.4910629452009163,-1.4571103237727898
2021-01-04,-0.11681325036136099,-0.3701370698944202,-1.755893039660505
2021-01-05,-0.1199971436939723,-0.3707826723251906,-1.7547255176702814
2021-01-06,-0.07343782259942437,-0.4190334175186272,-1.7723608252417902
2021-01-07,-0.07034582719533679,-0.4295809638887915,-1.7904051973486164
2021-01-08,-0.07611844219659102,-0.4332129898129231,-1.7679166298882993
2021-01-12,0.0014865172160335692,-0.49324375034928547,-1.8366410280823944
2021-01-13,-0.05083744558378396,-0.4435349504859769,-1.7878985672894245
2021-01-14,-0.08814193045243246,-0.3989521937046949,-1.8365211789694236
2021-01-15,-0.05213243036125762,-0.4186515925757006,-1.9009283003457522
2021-01-18,-0.03788254235112839,-0.4401872119897945,-1.8808906019166263
2021-01-19,-0.02359392684858373,-0.4538884023216341,-1.87852041895647
2021-01-20,-0.04938542298689212,-0.4292120882427044,-1.8535407730750237
2021-01-21,-0.0028456342915693577,-0.48235557885249714,-1.8657253960901026
2021-01-22,-0.009471518002401777,-0.4614522202335356,-1.9203806853028929
2021-01-25,-0.05943797120940551,-0.40996448316723444,-1.9072808802291097
2021-01-26,-0.035728037339161106,-0.4334163071280204,-1.9483309011611774
2021-01-27,-0.04857473903581979,-0.42534518273050415,-1.966113970890613
2021-01-28,-0.016812285916778098,-0.45693523339789643,-2.0207813848388168
2021-01-29,0.028579664643391834,-0.5009290798809982,-2.060750443323407
2021-02-01,0.02236594870096312,-0.49626996642263044,-2.0181195779386294
2021-02-02,0.051911236748689936,-0.5316613002317649,-2.005594431893002
2021-02-03,0.08867182089949013,-0.5567031227040811,-2.069117762366512
2021-02-04,0.11193099157882902,-0.585705276217624,-2.064947835009206
2021-02-05,0.11381845666973721,-0.5725714115728324,-2.1205390065592478
2021-02-08,0.16453488895437998,-0.6371889484717379,-2.145597909942387
2021-02-09,0.13088368676155115,-0.5991245427531176,-2.117224895085736
2021-02-10,0.1284602991402064,-0.5936920950598394,-2.1424195530857144
2021-02-11,0.13737222986947592,-0.5885574638664308,-2.228749276176083
2021-02-12,0.19351529747627946,-0.6536658267480293,-2.247070707403934
2021-02-15,0.2475871386473199,-0.7150201841720196,-2.2568134639642237
2021-02-16,0.2865737182838292,-0.7488458972387688,-2.3059316372331984
2021-02-17,0.28647043823289164,-0.7430852374413555,-2.313980630632759
2021-02-18,0.322664956233888,-0.7864940414534249,-2.2885087064500858
2021-02-19,0.3548087590777894,-0.8178576653333451,-2.350015186629099
2021-02-22,0.3231784717405726,-0.7773074796206036,-2.356069402671709
2021-02-23,0.37986187148687617,-0.8450500162077139,-2.366437817950495
2021-02-24,0.40244149834041376,-0.8755996830480317,-2.3517354140926736
2021-02-25,0.4147778889484386,-0.8969934731510165,-2.236303153880959
2021-02-26,0.35655465217283183,-0.8450054947645456,-2.106790075048131
2021-03-01,0.3005484691114762,-0.7660174180345751,-2.2661552256094577
2021-03-02,0.3350078713009431,-0.7901254271249674,-2.3428533557686264
2021-03-03,0.3738383814762841,-0.8239773064373546,-2.4095318466855833
2021-03-04,0.3593397780959402,-0.820635701644957,-2.3942108608017834
2021-03-05,0.38327206974183914,-0.8446175292397424,-2.389830080259113
2021-03-08,0.387312962068369,-0.8464284799063884,-2.3756500819323563
2021-03-09,0.3456936765014384,-0.8067544056700868,-2.3436584718033275
2021-03-10,0.34098755295302513,-0.7998017392078214,-2.3064106297733193
2021-03-11,0.3225929638461917,-0.7719883273810815,-2.3564942945568057
2021-03-12,0.3931958684591614,-0.8406356725624131,-2.4363522034457126
2021-03-15,0.4003160549087777,-0.8338549447257435,-2.538241001964492
2021-03-16,0.35565666484768327,-0.7934339464045916,-2.498730479563342
2021-03-17,0.4275720846884907,-0.8660768234404896,-2.571707416434271
2021-03-18,0.48242798658510627,-0.9249973183343565,-2.6191587826806537
2021-03-19,0.4665874308107342,-0.9055193865659223,-2.6759259237723683
2021-03-22,0.45618660135789185,-0.8929089460115427,-2.706726344336475
2021-03-23,0.41091484935016404,-0.8401208043126851,-2.694079896653854
2021-03-24,0.3964437565616882,-0.8302150323920228,-2.661689557519602
2021-03-25,0.34278282131519494,-0.7891035105539908,-2.5897906639147945
2021-03-26,0.39008121433533466,-0.8395206930198826,-2.6385375409481693
2021-03-29,0.42500300316138734,-0.8773368450676822,-2.670562120279886
2021-03-30,0.4665540736509209,-0.9178742847106007,-2.6024662356411064
2021-03-31,0.4286653360705099,-0.9044647848822183,-2.5218758552953924
2021-04-01,0.4158646411358586,-0.8744038214673089,-2.609502635308737
2021-04-06,0.42804506270712167,-0.8870755238354304,-2.5964236088220174
2021-04-07,0.4187299783710104,-0.881645284257047,-2.601106549706927
2021-04-08,0.38393381778642205,-0.8523439131520965,-2.578353860095384
2021-04-09,0.4463295371855155,-0.916202735152785,-2.561925614212675
2021-04-12,0.45176650865277196,-0.9207913328706483,-2.5960367055197997
2021-04-13,0.44893179551241813,-0.9154555322448283,-2.5961935162933036
2021-04-14,0.46014943493318633,-0.9373423498821882,-2.56412664394877
2021-04-15,0.47020529433309444,-0.9550195465661413,-2.559551587934444
2021-04-16,0.5008001196506442,-0.9823074879484919,-2.603542449948515
2021-04-19,0.528096148709743,-1.0095696735551738,-2.5494307485390215
2021-04-20,0.5126993294562525,-0.9809498195465935,-2.5918556932474788
2021-04-21,0.46342557323016004,-0.9305592666347211,-2.567103774016844
2021-04-22,0.4553096134651989,-0.9360656998155505,-2.5117248278922806
2021-04-23,0.4809103370153836,-0.9659205698441733,-2.533373052357215
2021-04-26,0.48029485838499575,-0.9501998753402132,-2.5672433765156972
2021-04-27,0.4946554587811035,-0.9742280375890098,-2.554057588644728
2021-04-28,0.5102386213996573,-1.0030076977346725,-2.525043415592186
2021-04-29,0.5868114939539578,-1.0722841810166437,-2.5939986891704843
2021-04-30,0.5693070216687688,-1.04220471524948,-2.6415218368600994
2021-05-03,0.5747344206509141,-1.0447668106453887,-2.6514850427186314
2021-05-04,0.5271080982474841,-0.985034007049522,-2.6700883148342114
2021-05-05,0.5528507552754681,-1.010262936852655,-2.6997577387492484
2021-05-06,0.5639967910184344,-1.0273057533891983,-2.7123346369217636
2021-05-07,0.5611004101296015,-1.021775123018307,-2.6936307950402325
2021-05-10,0.5886012051772276,-1.0465343676328236,-2.7331165221801874
2021-05-11,0.6416417697434191,-1.113738354153368,-2.70418093440432
2021-05-12,0.6865062976716253,-1.1669829044733557,-2.6876626298144033
2021-05-17,0.690838331619009,-1.1862795969444955,-2.6076679037937396
2021-05-18,0.692980415989029,-1.1897713430568895,-2.6230852822143658
2021-05-19,0.7077992741633659,-1.1984595950724075,-2.6631879886928225
2021-05-20,0.6866357393864135,-1.1872506818443003,-2.5776607327988192
2021-05-21,0.6595385495599837,-1.1479718240028207,-2.6231938161657755
2021-05-24,0.6711630945846913,-1.1557566009383486,-2.6406159811870733
2021-05-25,0.6255060382445919,-1.099823876280463,-2.6602578788103255
2021-05-26,0.5709806156568203,-1.0415555591642653,-2.640698155297797
2021-05-27,0.608052508073122,-1.090028317275118,-2.6288134825150435
2021-05-28,0.6121974715941018,-1.0826377972693861,-2.688085374133106
2021-05-31,0.6094291702731076,-1.090682178041312,-2.631532413484256
2021-06-01,0.6019983342150433,-1.085198956652897,-2.6262381435276767
2021-06-02,0.5875635883259249,-1.0702159567176341,-2.6460479849054304
2021-06-03,0.5980273303562923,-1.085182555656878,-2.647278880986472
2021-06-04,0.5661506750068226,-1.0501311788414256,-2.6429382638473595
2021-06-07,0.5997106517310294,-1.0747075078839572,-2.6781951362772993
2021-06-08,0.5393032164956686,-1.022361897083977,-2.5829225227736323
2021-06-09,0.49874735740857595,-0.9883484472614898,-2.5896734980044442
2021-06-10,0.5334418486048856,-1.0172544057629889,-2.6359091566062216
2021-06-11,0.47963076053816794,-0.9621914532464575,-2.5988490920679697
2021-06-14,0.5067296653777763,-0.9926726359604596,-2.5839386719102637
2021-06-15,0.518306783321779,-1.0088453397792279,-2.5656414836736996
2021-06-16,0.5208965859287817,-1.0103946023537378,-2.5822799911801817
2021-06-17,0.5242017190130315,-1.0287985138453797,-2.4894549420845817
2021-06-18,0.47641429623223885,-0.992637227553347,-2.363994819955447
2021-06-21,0.5029006727558747,-1.0191752343253984,-2.335741517421879
2021-06-22,0.5407307001347225,-1.056210029465877,-2.4221158270718894
2021-06-23,0.5131503243491665,-1.02209058571062,-2.422723358735238
2021-06-24,0.5123947879326203,-1.0231930134853076,-2.421719316456847
2021-06-25,0.5357535022321097,-1.057895238416346,-2.407400038565874
2021-06-28,0.52821457846583,-1.0393132655715802,-2.4272434886693595
2021-06-29,0.5394434023717247,-1.0551334310493035,-2.427176174617979
2021-06-30,0.4914312934683275,-1.0023766655576,-2.398512437403038
2021-07-01,0.49050826358926247,-0.9982184576667836,-2.4398235716157908
2021-07-02,0.4639752409807167,-0.9623380224411568,-2.458576911033644
2021-07-05,0.47568097982966406,-0.9855243335071329,-2.4093372497177796
2021-07-06,0.43307567967858474,-0.9241871258846066,-2.4503404316028647
2021-07-07,0.340413373375935,-0.8445245301641802,-2.3107032276395634
2021-07-08,0.3177308028859931,-0.8239267586993397,-2.3003231022800237
2021-07-09,0.3761992430083442,-0.8754086387029496,-2.38212531509258
2021-07-12,0.3712147324727202,-0.8580910720307793,-2.404112689232026
2021-07-13,0.37487796077785884,-0.8621732210691231,-2.4379015014706615
2021-07-14,0.35181657145712997,-0.841489046666817,-2.3782943193138735
2021-07-15,0.3155876124959391,-0.8134810801172081,-2.3411034827927915
2021-07-16,0.2880047110264911,-0.7893471461338417,-2.2992675370878066
2021-07-19,0.22263869755066315,-0.720529664338561,-2.2236115434348824
2021-07-20,0.20125710296435737,-0.6957928369723403,-2.320029477917112
2021-07-23,0.22211003861131595,-0.7373580192567233,-2.329471857374772
2021-07-26,0.24754081404381975,-0.7529288202283033,-2.3955120969140378
2021-07-27,0.19942262966169694,-0.7068097971025655,-2.372411257389311
2021-07-28,0.22400463979019533,-0.7136314025277528,-2.4758853352622108
2021-07-29,0.21897251646799623,-0.7144651091410874,-2.452952433524683
2021-08-02,0.18904324429314942,-0.672915987833123,-2.4735129036967862
2021-08-03,0.1454873338546047,-0.6237032636800137,-2.4522611211694785
2021-08-04,0.12168042843688474,-0.5976551418150691,-2.444196999537828
2021-08-05,0.11333606070544652,-0.6033828767866329,-2.391486556865182
2021-08-06,0.15683333449214576,-0.647271574873175,-2.352409903149926
2021-08-09,0.13743767679868069,-0.6236702252245307,-2.327886503048985
2021-08-11,0.14845033378252592,-0.6530974202300674,-2.2652609243888033
2021-08-12,0.14902735298720385,-0.6620273646201706,-2.243412048535091
2021-08-13,0.12427632922461163,-0.6407646289856928,-2.1820921307107177
2021-08-16,0.1023700293787336,-0.5933596241708734,-2.242461337456484
2021-08-17,0.11923776525848177,-0.6318059741098108,-2.2075364110676743
2021-08-18,0.11977149723901905,-0.6352541918534407,-2.2319626385823703
2021-08-19,0.10656326245672085,-0.6257207617880303,-2.1953054516478883
2021-08-23,0.12640698947021875,-0.6368824432387776,-2.254708140018431
2021-08-24,0.1225715930332049,-0.6358642486596795,-2.2220524514754945
2021-08-25,0.1874173863000905,-0.6992933985147343,-2.2831287467387438
2021-08-26,0.21652816723776977,-0.7450484506475767,-2.2485327550892036
2021-08-27,0.21917060662146018,-0.7412125703143957,-2.257299598397523
2021-08-30,0.1947102082873486,-0.7083620888401199,-2.259514421069917
2021-08-31,0.21544006456043832,-0.7501525697052835,-2.200533289220524
2021-09-01,0.2592077301646663,-0.7818568746275623,-2.296656308326265
2021-09-02,0.26155882614713544,-0.7835890362143421,-2.333710616914341
2021-09-03,0.30963269820537115,-0.8241381853228187,-2.3798812402171725
2021-09-06,0.285353818014284,-0.8150238073170939,-2.303618909587764
2021-09-07,0.34598698613597617,-0.8817189523777935,-2.314234788811147
2021-09-08,0.32657025060319694,-0.8583451376549587,-2.262763071350002
2021-09-09,0.3112328365404207,-0.8401909545337265,-2.3119052913046576
2021-09-10,0.30981771333967356,-0.8430866925838838,-2.280213710913284
2021-09-13,0.32069552107892946,-0.8575097834268661,-2.2958552411691158
2021-09-14,0.3270322747039239,-0.8693345277213504,-2.304015892429159
2021-09-15,0.34575447628229533,-0.895691868331715,-2.2875870455188565
2021-09-16,0.3903046758026772,-0.9205106061464161,-2.380217115092429
2021-09-17,0.408608511803267,-0.9414495111430801,-2.3707088767109976
2021-09-20,0.3660624346668502,-0.9034941959885665,-2.372227829282887
2021-09-21,0.3354109940264278,-0.8665481715780394,-2.3523698094527723
2021-09-22,0.34836900302925883,-0.8829933462976614,-2.3338712487308038
2021-09-23,0.3843782457514763,-0.9564677398025989,-2.2080821429632294
2021-09-24,0.4681915804712467,-1.0293080261577034,-2.303197002349648
2021-09-27,0.4495580064185381,-1.0311204412791215,-2.2164384729723614
2021-09-28,0.49152914842067624,-1.089711691149574,-2.1845017657404497
2021-09-29,0.4417417875140679,-1.0245209911048425,-2.212117216794784
2021-09-30,0.4870210337326736,-1.0912758716559399,-2.1905556084336633
2021-10-01,0.45171438979020745,-1.0423269647497277,-2.2670197487524115
2021-10-04,0.498178494986032,-1.0902073442926463,-2.310354688987746
2021-10-05,0.5060911382973448,-1.0887912243692428,-2.3408461372149323
2021-10-06,0.5044640112050645,-1.0912608179873806,-2.2861259769059985
2021-10-07,0.526731028365346,-1.113692063055625,-2.3541501646672742
2021-10-08,0.5545669662752237,-1.1500790882369927,-2.32653795118442
2021-10-11,0.5862292528288523,-1.1876730758232483,-2.283209153442699
2021-10-12,0.5989536089111573,-1.211606946645308,-2.233099640494613
2021-10-13,0.5167485581167565,-1.1454878975054932,-2.051522141547982
2021-10-14,0.4632122391644451,-1.0848511033274022,-2.062206588616069
2021-10-15,0.4719171831346811,-1.1048086468310057,-2.001866305170297
2021-10-18,0.4201260399790002,-1.0609690564128045,-1.7430873200200754
2021-10-21,0.48188097428578847,-1.152761761605789,-1.7065922115091055
2021-10-22,0.43965262774297426,-1.120509547462325,-1.5578267595533624
2021-10-25,0.4478180819966162,-1.1207205377537355,-1.6834146122413538
2021-10-26,0.427094566734013,-1.1081760213974792,-1.6547771162101632
2021-10-27,0.33463675550876915,-1.0245327597096239,-1.5252285683799058
2021-10-28,0.3133686921773152,-1.024627302797501,-1.3157823864107325
2021-10-29,0.31564991161997175,-1.0574362491092901,-1.0183924154327164
2021-11-01,0.3256909995671814,-1.058229538297935,-1.1161299601221188
2021-11-02,0.33702275476552307,-1.0558037224747654,-1.4665093725301752
2021-11-03,0.32396170867693636,-1.048707291109477,-1.4083647398469317
2021-11-04,0.33788644024017817,-1.0601319768216952,-1.763858797525759
2021-11-05,0.25458842135767407,-0.9690672176428592,-1.6867034437130195
2021-11-08,0.2954656527924863,-0.9877264145174607,-1.8093667936592541
2021-11-09,0.20113026258551522,-0.9421675649229779,-1.5665763957893255
2021-11-10,0.20099051780695543,-0.9865138080752582,-1.40430219729882
2021-11-11,0.23321477771331134,-1.032797371728762,-1.3360931803934255
2021-11-12,0.23835117321615695,-1.0578127688354138,-1.4522680103991044
2021-11-15,0.22928473580452255,-1.036243820713675,-1.398698761453136
2021-11-16,0.27943446049788206,-1.1149915456287827,-1.5103369846000598
2021-11-17,0.2678580614373899,-1.0971365571917944,-1.4901859326938824
2021-11-19,0.16623558464691324,-1.003032061575464,-1.497496803688726
2021-11-22,0.18070261069724072,-1.0141232874510024,-1.5063179808010272
2021-11-23,0.26781160986476166,-1.1403543671929874,-1.4330291489035651
2021-11-24,0.32466713585799856,-1.191612840648618,-1.5511058525765578
2021-11-25,0.2607791940720538,-1.1186513898464847,-1.44283177553543
2021-11-26,0.17078215275632122,-1.0200021649487305,-1.4768180098286026
2021-11-29,0.19587413746480095,-1.0256011908908258,-1.4593110622669074
2021-11-30,0.10084269274826133,-0.9398003296169499,-1.363356503763892
2021-12-01,0.0747292244019961,-0.9458100669838034,-1.070466509242279
2021-12-02,0.04864624827448549,-0.911628304045967,-1.1792378726429948
2021-12-03,0.052578468346899734,-0.8825140268569582,-1.1697290079931344
2021-12-06,0.026809047180970953,-0.8152962026471997,-1.2366733051523542
2021-12-07,0.013475917980438018,-0.8034340666373536,-1.1082955601186506
2021-12-08,0.05542224135847883,-0.8524010174676533,-1.0558005916879158
2021-12-09,0.05839398074304995,-0.8128669026908524,-1.249940839055687
2021-12-10,0.06575422091872717,-0.7936447033097267,-1.2731190827087122
2021-12-13,0.051232003531469845,-0.757641684298842,-1.3097448668928533
2021-12-15,0.06742057188777266,-0.7541030772113533,-1.325213043044423
2021-12-16,0.10826290192042842,-0.8053259981229333,-1.4123986667274917
2021-12-17,0.07292507879686344,-0.7767886007781348,-1.4122518783759677
2021-12-20,0.10450515987238104,-0.8053750488669167,-1.4944471700523563
2021-12-21,0.18647381811698796,-0.8833447984332194,-1.5578614241005104
2021-12-22,0.18080217765749457,-0.9052457635492084,-1.3953575181533118
2021-12-23,0.23569880674044688,-0.9314003198857093,-1.4783850055466201
2021-12-24,0.2357567775501302,-0.9386069457642743,-1.4720895361116226
2021-12-27,0.23130160438204733,-0.9129753452554346,-1.4512925758177637
2021-12-28,0.23301126280024345,-0.9087080271833337,-1.451608526620331
2021-12-29,0.27826417755175287,-0.9666307608077433,-1.470210496939106
2021-12-30,0.2807743444807667,-0.9599334198696878,-1.4335341681138483
2021-12-31,0.28176312067391657,-0.9655116393267715,-1.4337934534880392
2022-01-03,0.3847476182542652,-1.0239139296543043,-1.5801619419262922
2022-01-04,0.3867094079989359,-1.0034490127322515,-1.6098688441325855
2022-01-05,0.3954881292450651,-1.0164643106250817,-1.5788363459957597
2022-01-06,0.4075950835251802,-1.0384356575495124,-1.510032772343097
2022-01-07,0.41197833117097155,-1.0456798809510182,-1.4633162576745193
2022-01-10,0.44458171535483676,-1.0804632438147719,-1.4621155925704834
2022-01-12,0.4072688873281122,-1.03644283204894,-1.4525588300818684
2022-01-13,0.34764426852425667,-1.0070565484619496,-1.2921888954045504
2022-01-14,0.36526447515190374,-1.0271209675843254,-1.281481621234714
2022-01-17,0.3980431353341169,-1.082850038181802,-1.2063479634686836
2022-01-18,0.4086861905441334,-1.1126452152738973,-1.214141222246458
2022-01-19,0.44745549367595394,-1.1530861562614985,-1.2421922263087843
2022-01-20,0.4008455412257827,-1.1238526862267118,-1.1795768344566604
2022-01-21,0.36346672828703214,-1.0238340775563677,-1.3203447048901455
2022-01-24,0.3751729125006963,-1.0528329215356003,-1.440667325486794
2022-01-25,0.394699084974324,-1.079897000281973,-1.4737574831904379
2022-01-26,0.4253918277255216,-1.1513131449372733,-1.395878640668739
2022-01-27,0.397229713426566,-1.127862627732017,-1.2224308820915801
2022-01-28,0.41422126453449315,-1.1384875671415216,-1.2024332188696856
2022-01-31,0.44097199912372387,-1.1594311765874357,-1.0270476377411748
2022-02-01,0.4478754631639835,-1.1797602406251515,-0.9695869120452235
2022-02-02,0.4285187181680042,-1.1726902898449134,-0.828522260851128
2022-02-03,0.42203923391374937,-1.1984675362981716,-0.3505917749361797
2022-02-04,0.3987279076044606,-1.2155223135248958,0.1430176141430122
2022-02-07,0.47128560173161643,-1.2891400067064338,0.09081190682319483
2022-02-08,0.5542577803933867,-1.3739287486861966,-0.04457982174033453
2022-02-09,0.5442463832958296,-1.3491941015194413,-0.23223676311776528
2022-02-10,0.5693185692346288,-1.3995880443147775,-0.1436155350898038
2022-02-11,0.5620807414537418,-1.3935936020271964,-0.08557988702734946
2022-02-14,0.5941409025779439,-1.4281813815456936,-0.2791465007070488
2022-02-15,0.6907408494299473,-1.5192243449047913,-0.32556306598198
2022-02-16,0.6675894795577837,-1.477966602667659,-0.45789870095840735
2022-02-17,0.6542946976090414,-1.4591549641664403,-0.5611286345941723
2022-02-18,0.6593793879997126,-1.4578268153367342,-0.7548194747496857
2022-02-21,0.6380746520878562,-1.434245145955349,-0.7267755213808795
2022-02-22,0.6718461485173396,-1.4732791127212204,-0.45443447953887295
2022-02-23,0.6156685017441668,-1.4363029400000218,-0.26733050975962713
2022-02-24,0.5315737260989051,-1.3732828410012574,-0.35220764492447554
2022-02-25,0.6110404555491141,-1.4223935061200335,-0.44213097658174433
2022-02-28,0.6466253846690159,-1.4554041760010674,-0.8619037734095082
2022-03-01,0.5415507013401769,-1.2847407341272314,-1.4622177694096312
2022-03-02,0.4947750489278937,-1.2397909097459614,-1.2379169703994333
2022-03-03,0.5343264905138745,-1.307893107624089,-1.0120000529883701
2022-03-04,0.448054276237686,-1.196807478701799,-1.4203654645967707
2022-03-07,0.42351949398721483,-1.2178570251146241,-1.0799258785730463
2022-03-08,0.5806283345889872,-1.3887075830591245,-1.0309298253026444
2022-03-09,0.6635663186624564,-1.4735833513942007,-0.8621414083355307
2022-03-10,0.6523614160258077,-1.4993784175772256,-0.4670116847170468
2022-03-11,0.6490144586839854,-1.470835950037969,-0.35861076411021076
2022-03-14,0.7325561098599187,-1.559780045412037,-0.35278348739424376
2022-03-15,0.7883539023520633,-1.604831404991278,-0.6307487316990685
2022-03-16,0.8221091710392663,-1.6488197435124496,-0.5473119338910365
2022-03-17,0.7763713517295663,-1.6442103055272235,-0.28922487147484105
2022-03-18,0.7633766989305384,-1.632531735381308,-0.3310852673823034
2022-03-21,0.8537463106968831,-1.6946455265822566,-0.3724436944155746
2022-03-22,0.8673717167066882,-1.7487104749142526,-0.011450234254499331
2022-03-23,0.8456115165426198,-1.7321492853921827,-0.028493214266176684
2022-03-24,0.8377125865239168,-1.7593888280944496,0.19393463989731172
2022-03-25,0.866982754869947,-1.8150987419981732,0.401691739153039
2022-03-28,0.8212217775493831,-1.7826571886293123,0.6451962159130399
2022-03-29,0.8309498316515608,-1.7644352896339388,0.7464811773926217
2022-03-30,0.8998211626308321,-1.8649336697432082,1.03981097106316
2022-03-31,0.8085448239571966,-1.7449853249896121,0.8047041384957724
2022-04-01,0.8287329189056799,-1.7762844507590703,0.838622857077618
2022-04-04,0.7615234933949584,-1.6446144204281332,0.6500204012050163
2022-04-05,0.840722308579225,-1.7361494645539297,0.6908779700518052
2022-04-06,0.9333923761104617,-1.84517660233588,0.7446043270304044
2022-04-07,0.9534964561824825,-1.883970666909878,0.8300648134489012
2022-04-08,0.9366214525820251,-1.8701050919257198,0.9240854647741039
2022-04-11,1.0345561263717016,-1.9628551114942008,1.085621384825158
2022-04-12,1.0369504789717978,-1.9790617846001897,0.9662956480009335
2022-04-13,1.0405550645569308,-1.9353966465466055,0.8436856006995619
2022-04-14,1.1388634867472456,-2.0681660900932686,0.7039723608652009
2022-04-19,1.2792766191193183,-2.206607889939617,0.6760995061253791
2022-04-20,1.155894883875995,-2.0523429338783545,0.6970191437114774
2022-04-21,1.134333921653123,-2.0489428309181497,1.0129457382651712
2022-04-22,1.1409997426617502,-2.0558864834979076,1.3176983599314858
2022-04-25,1.099785934866225,-1.9581957366851608,0.9882204792365026
2022-04-26,1.0651235277425721,-1.92921808335234,0.9841186830550456
2022-04-27,1.0821623538627956,-1.911934796345914,0.7491562686830651
2022-04-28,1.1529822410924169,-2.0233662801837435,0.9992258072899362
2022-04-29,1.107108675274196,-1.947347077344552,1.1747978015053806
2022-05-04,1.2157982586060576,-2.0825336798699636,1.2347989999278728
2022-05-05,1.2396568865171484,-2.0954114724879123,1.1211889973367597
2022-05-06,1.3249386296776742,-2.1807836686939477,1.2594375509464868
2022-05-09,1.4398239812460305,-2.205619288535866,0.7515149602234513
2022-05-10,1.351364581146786,-2.1009855086048033,0.5786363787160195
2022-05-11,1.408673754136983,-2.143798960179417,0.4297782815238047
2022-05-12,1.3010588379562407,-1.9667201783762358,0.013650136808514582
2022-05-13,1.331687377289305,-1.9965028282768642,0.24566121637737656
2022-05-16,1.3491763080148955,-2.001480339608255,0.17646567757018713
2022-05-17,1.3456612372038799,-2.0662394574939946,0.7801509878725655
2022-05-18,1.285592353377071,-2.032969148441392,1.0853090184908905
2022-05-19,1.1921338786954034,-1.9160885730028303,0.9291477845652448
2022-05-20,1.2931690582837727,-1.9754064519202064,0.6642291321545758
2022-05-23,1.3023770540640558,-1.9679532986564274,0.6740644645965507
2022-05-24,1.3179448307570474,-1.9924911572946007,0.7589539551696844
2022-05-25,1.3379183049995598,-1.9702146464146533,0.4357014300240439
2022-05-26,1.4690864927850864,-2.054611008768239,-0.02081106871232991
2022-05-27,1.4161273281063549,-1.970816935218451,0.0620131618171649
2022-05-30,1.4575585073845734,-2.0464865230013256,0.5298270715834789
2022-05-31,1.4728505837664192,-2.0919899715535735,0.8229339177463697
2022-06-01,1.5395542427923272,-2.0886995082155595,0.49676425692579473
2022-06-02,1.5472278541180706,-2.180012240492913,1.0900272535776243
2022-06-03,1.573776723137996,-2.2114547439719705,1.1615371598342752
2022-06-06,1.599813229861148,-2.1850997828288747,1.137111800728377
2022-06-07,1.591518086282116,-2.1832500867389397,1.128063538549988
2022-06-08,1.6176583093405903,-2.2607607294708103,1.4356206642372507
2022-06-09,1.6055465526975397,-2.2570927402534453,1.8337832243623373
2022-06-10,1.5819598124052088,-2.3137466168482335,2.292435784641778
2022-06-13,1.672627493883143,-2.3483554379472285,2.572675951220775
2022-06-14,1.7743695356078957,-2.42330354067908,2.589799888532794
2022-06-15,1.7420379638742367,-2.3772825958969896,2.488353249046742
2022-06-16,1.917048413877272,-2.5020723581919695,2.4896371704783733
2022-06-17,1.9611486465745096,-2.549059623881541,1.9880482201110514
2022-06-20,2.0224806060948093,-2.5298617960050684,1.7633180636018475
2022-06-21,2.0425723378248444,-2.602343070682731,1.8545996899270685
2022-06-22,1.9408850353955724,-2.414074214185555,1.4682283743877633
2022-06-23,1.9015076951603282,-2.356268593246158,0.5947948346967203
2022-06-24,1.9618051787235458,-2.394318584116494,0.7490528858169021
2022-07-04,1.9248996962008513,-2.274171513579671,-0.05246706737393167
2022-07-05,1.8305850595894138,-2.2010802213792067,-0.32965558368595027
2022-07-06,1.8303794621077665,-2.1288717097178935,-0.8225529011329017
2022-07-07,1.8878872037405456,-2.222498990293528,-0.394666834644927
2022-07-08,1.8845179671821073,-2.215810342376637,-0.3639330157748542
2022-07-12,1.7409689065372504,-2.0156506496893103,-0.8414009296341958
2022-07-13,1.7726581550938736,-2.063691340747993,-0.5470283982694619
2022-07-14,1.6748718190054646,-1.931159289398681,-0.13054707260494589
2022-07-15,1.6808352762535312,-1.9360022789150715,-0.3696540115603617
2022-07-18,1.7581646365391836,-1.9953879213280936,-0.3312300657917392
2022-07-19,1.7213820927194863,-1.9632104394862318,-0.009427520675511124
2022-07-20,1.7098241392879385,-1.9455169170421562,-0.053569628608822875
2022-07-21,1.7677119246796333,-1.8648221545224217,-0.20861172755268712
2022-07-22,1.5670324400029172,-1.646441947410025,-0.6909259940852202
2022-07-25,1.6564831670808353,-1.6811697038794862,-0.8416053991475803
2022-07-26,1.5505431824721492,-1.5229108185518112,-1.2216075720866792
2022-07-27,1.544534998906553,-1.4871154585438884,-1.1512668187202688
2022-07-28,1.4708331148678095,-1.3923610075789845,-1.5671723993338333
2022-07-29,1.472438431757997,-1.3939068557736987,-1.4180209631992589
2022-08-01,1.4026975000902138,-1.2756723335210802,-1.587685544454126
2022-08-02,1.350710282708615,-1.2700026172244772,-1.4098384804091677
2022-08-03,1.3637782278077637,-1.3143311655911059,-0.9379755501650827
2022-08-04,1.364673178462313,-1.2531448433608168,-1.2284790984367235
2022-08-05,1.4149646186746025,-1.3138219974236804,-0.9162609450739488
2022-08-08,1.4060535989631628,-1.2953669323414438,-1.0398493494900165
2022-08-09,1.4716820376426747,-1.3492089793308353,-0.9385900627825453
2022-08-10,1.4007819238825048,-1.2828032257603605,-1.0256149181282523
2022-08-11,1.4908176932966914,-1.3614604924194877,-1.0808590706237549
2022-08-12,1.5443523009689861,-1.4149759468945817,-1.1193252836256944
2022-08-15,1.434851853716482,-1.2986486517533147,-0.9505771321947746
2022-08-16,1.563661945675376,-1.4114759263447245,-1.0986975817649833
2022-08-17,1.5624710864159623,-1.4179339569514966,-0.6010102100511571
2022-08-18,1.548454685940194,-1.3937526569138876,-0.46494066588636773
2022-08-19,1.6514511520984376,-1.484485334500391,-0.30583900812913223
2022-08-22,1.6474916095090386,-1.6518887701317944,0.19428772529199115
2022-08-23,1.703061917664487,-1.7781667531929015,0.41366236410774165
2022-08-24,1.7091752636448585,-1.8632848287321537,0.6268132575848933
2022-08-25,1.7349530785455496,-1.9161418643498198,0.4152792923514717
2022-08-26,1.8208757000573905,-2.029024796171548,0.6276482813291593
2022-08-29,1.8710564430737409,-2.067050658084144,0.879907555910719
2022-08-30,1.729466770625242,-1.8779316615058506,1.079789634330843
2022-08-31,1.7146501028009606,-1.9139848455168837,1.4428834278026317
2022-09-01,1.865968556024905,-2.0049566727015105,1.081283782288023
2022-09-02,1.830541824930511,-1.9311823088594244,0.7053869211997866
2022-09-05,1.8994580714876035,-1.9918188195645377,0.8074506282992875
2022-09-06,2.052231190470771,-2.0986965913432627,0.39319336778463637
2022-09-07,1.8780628148109613,-1.8934511059713657,0.5933322072670417
2022-09-08,1.9128451010757979,-1.8031832467906221,0.6234188335934775
2022-09-09,1.9433411798974372,-1.77535841101875,0.9116445658762268
2022-09-12,1.9439527174345665,-1.5098612228563941,0.4012865772431106
2022-09-13,1.9553787035654944,-1.5457017015793082,0.7560091435377981
2022-09-14,1.924150322023817,-1.5402270635913489,0.9674199934414233
2022-09-15,1.8553958830638912,-1.4247770852815822,1.124340540947978
2022-09-16,1.8462329104045567,-1.3825006229506416,1.425629985119416
2022-09-19,1.9225905716142344,-1.2895971494722445,1.0208202063119396
2022-09-20,2.0397167273967445,-1.3838785507659044,1.266258450877182
2022-09-21,1.924233566684532,-1.2544863933697934,1.3906029178643
2022-09-22,1.9688399335786468,-1.212293897178741,1.5484168638059672
2022-09-23,1.9460689043864636,-1.198965334437391,1.800921260154438
2022-09-26,2.0312818737918525,-1.2418972273405842,1.8025234155584735
2022-09-27,2.155486205613802,-1.4406311115729475,1.8307670558660425
2022-09-28,2.260206005384361,-1.5230217175498988,1.3684572015155556
2022-09-29,2.332192435903719,-1.572867869951406,1.3303740692173451
2022-09-30,2.253773870163758,-1.4514845997514254,0.9572415709313411
2022-10-03,2.1952339892728405,-1.329376480252298,0.6422083535970516
2022-10-04,2.1107877228821477,-1.2853588424257913,0.4509405965277207
2022-10-05,2.2160543473003482,-1.3728695263279118,0.5347755959688746
2022-10-06,2.2216608349734925,-1.4597809544437674,1.062790691049232
2022-10-07,2.342696560804289,-1.568827930909383,1.1773420159125867
2022-10-11,2.609475123006855,-1.7678984228004904,0.8500093978052441
2022-10-12,2.757101532905109,-1.8480932312971423,0.3819207725339565
2022-10-13,2.6787354851330623,-1.7126382271015377,0.49521724415716467
2022-10-14,2.6434692901320735,-1.6320800041007715,0.2826396944344936
2022-10-17,2.59325189511598,-1.5056843160958018,0.29395053780847846
2022-10-18,2.5618813600368187,-1.5096166693993163,0.49465222114385565
2022-10-19,2.5550236230091374,-1.5441999684261871,1.0178162625023142
2022-10-20,2.6392795110071705,-1.6035323740982463,0.9927268083525551
2022-10-21,2.7280493448608034,-1.6751217105403566,0.7565443133718659
2022-10-24,2.5947663066926867,-1.520214941117846,0.6521273620838979
2022-10-25,2.4081630495587505,-1.3455478157794905,0.7609552082009879
2022-10-26,2.381280340925218,-1.2370535919931167,0.6515836954353037
2022-10-27,2.3318519633571944,-1.0634209213082302,0.19769341066499926
2022-10-28,2.322981193588405,-1.0333337229537087,0.26831820188421607
2022-10-31,2.3548734996205463,-1.0419095286744233,0.3838813480230039
2022-11-01,2.405938912633535,-1.0729503969153908,0.19167366565164734
2022-11-02,2.316070993407174,-0.992328071884923,0.4375571397370652
2022-11-03,2.3894885752098993,-1.063013849168227,0.6480875140437057
2022-11-04,2.38808656730038,-1.0081719727396592,0.7479192517598178
2022-11-07,2.443265906302855,-1.0561649046475186,0.8356815705675001
2022-11-08,2.3712455101834444,-0.9545316163965438,0.9530678068226243
2022-11-09,2.3712455101834444,-0.9545316163965438,0.9530678068226243
2022-11-10,2.0969042671534033,-0.6163267068958782,0.8161386529621113
2022-11-11,2.271848899499995,-0.6819768402173563,0.5065248402811969
2022-11-14,2.2635907351742897,-0.5857132034849442,0.2739581101212962
2022-11-15,2.210096612869053,-0.5746359793869011,0.46285356161569896
2022-11-16,2.0810142443100674,-0.5073813184581069,0.6591828235203123
2022-11-17,2.1149422587313405,-0.585101203540448,0.6812973597064886
2022-11-21,2.047514124403373,-0.5057461335371014,0.5811310757628404
2022-11-22,2.0352394812607546,-0.5395283553293837,0.7932147527923269
2022-11-23,1.899100849777842,-0.373419067265532,0.9932954277883772
2022-11-24,1.831831779990857,-0.23954469711678278,0.7395210636502207
2022-11-25,1.9242627500886458,-0.2937189615507193,0.8719810707921865
2022-11-28,1.9472065693939689,-0.37024360126794603,0.9456227344079574
2022-11-29,1.9006824917063156,-0.34064690585162155,0.811955179487863
2022-11-30,1.8674448395439252,-0.27960669495822493,0.9349748150191575
2022-12-01,1.801933211281426,-0.17467104535991584,0.5678680000299433
2022-12-02,1.7852848134119226,-0.19531442738615187,0.7871215717078198
2022-12-05,1.7551318965570677,-0.18417103390212158,0.9803616358242715
2022-12-06,1.7130906318419428,-0.1250092928233236,0.8398979136856227
2022-12-07,1.730963588298235,-0.1391012940027782,0.6940251722771956
2022-12-08,1.7542452412529572,-0.11543509860779462,0.6757691451748643
2022-12-09,1.8047260532836626,-0.1168742827783491,0.8790597031603166
2022-12-12,1.7820002323905575,-0.008730567032995629,0.7579655307047238
2022-12-13,1.8130200461156265,-0.05304431677747576,0.5611863904527197
2022-12-14,1.9260642920397624,-0.16679380465016902,0.46983724105434416
2022-12-15,2.0424303800863424,-0.19636604069729355,0.39098542878194353
2022-12-16,2.0060083602868857,-0.28594145585665315,1.4742347802474223
2022-12-19,2.1204635800307368,-0.36712753900558276,1.1374458578220568
2022-12-20,2.239599579736744,-0.48448412377886496,1.1473934372037389
2022-12-21,2.230906740187287,-0.40829540734712977,1.0745644649105468
2022-12-22,2.298217366774294,-0.4336967858184294,1.1543851442083513
2022-12-23,2.3010722360079576,-0.4719566632116713,1.3309747875859614
2022-12-27,2.4099993289710926,-0.5186471954777669,1.0401494763986656
2022-12-28,2.4668881497369797,-0.5699370954265538,0.9223525991748294
2022-12-29,2.4787133886242136,-0.574459553104449,0.8906675440786599
2022-12-30,2.514195220019004,-0.6365004258360096,0.9792457594898133
2023-01-02,2.418376872639012,-0.44391035494837516,1.0348635601763783
2023-01-03,2.3304248726227357,-0.21344733815120764,0.7945870875457163
2023-01-04,2.284909616080032,-0.029252853185744138,0.38371496210435113
2023-01-05,2.33810747949083,-0.034499477347543106,0.43135827808804306
2023-01-06,2.2778336689203442,0.028648348751204034,0.4112905793202893
2023-01-09,2.2691189440796387,0.11008505777298525,0.23827601996578934
2023-01-10,2.2763402469069063,0.07720185707784,0.3538294731260845
2023-01-12,2.1464846836445015,0.2744455228619664,0.0812033127195072
2023-01-13,2.102355188971508,0.3275520730339065,0.07466741033293889
2023-01-16,2.1923048723901237,0.17709553644512066,-0.01463852114878211
2023-01-17,2.166172530602005,0.2480836339702189,-0.05340398528022227
2023-01-18,1.93473241716984,0.4601587226912211,0.041382135083773294
2023-01-19,2.028874364708043,0.4233114404683301,-0.06045586695909056
2023-01-20,2.148956458596589,0.3279037724663739,-0.040685574884567956
2023-01-23,2.2078510295765468,0.24280458545858152,-0.026067352975304863
2023-01-24,2.1946546421173863,0.2089541269532548,0.1032937652456926
2023-01-25,2.1489016053916385,0.30716899795407127,-0.1815796822367459
2023-01-26,2.1813721421176258,0.2818252664386306,-0.025429726533311547
2023-01-27,2.250480273383658,0.21094059089901582,0.01924252240583098
2023-01-30,2.2180010092579274,0.252601266738253,0.29370072558813615
2023-01-31,2.2761820732866425,0.18989321428205228,0.06570789270791608
2023-02-01,2.235781837165418,0.25830138109812145,0.17671166487104795
2023-02-02,2.1491017135021258,0.37909578466520055,-0.10858336453840194
2023-02-03,2.193784341916485,0.3554148664601997,-0.207478035087197
2023-02-06,2.319122909211217,0.21398875924105173,-0.19796560018503678
2023-02-07,2.328334066451814,0.19468442266577127,-0.09472322777564815
2023-02-08,2.361458099674921,0.22629886421647502,-0.03201854429764719
2023-02-09,2.30583438363894,0.34517291072435596,-0.1992089224789886
2023-02-10,2.3511578415945587,0.3214045743640258,-0.06294374324021852
2023-02-13,2.326268560372893,0.4001764591631592,0.0397426187404598
2023-02-14,2.361939895546408,0.4020289019714647,0.1499882745641889
2023-02-15,2.4068350556001707,0.37097132235666114,0.11516999854959083
2023-02-16,2.494436501802178,0.26983977937924764,0.1542013346105556
2023-02-17,2.4338774503498137,0.3563654047932188,0.054289050504495395
2023-02-20,2.400961085579365,0.44811251950150105,0.0031864727288072867
2023-02-21,2.490267191359184,0.32443969893626406,0.26649133740727754
2023-02-22,2.4920478778233583,0.3359269764661815,0.1296673911709946
2023-02-23,2.4637057807480742,0.41995849688016706,0.027332866311858856
2023-02-24,2.4416091117929963,0.45634080823146983,0.40058723360055654
2023-02-27,2.499646578753862,0.41971192460261797,0.2947207736505481
2023-02-28,2.609250926517539,0.26324782366175115,0.6262032481442095
2023-03-01,2.582524682658344,0.3279775136838001,0.638161326125637
2023-03-02,2.6497577635172176,0.3052879575234365,0.47382165815031907
2023-03-03,2.600476541211419,0.3818023298673886,0.5434429406633533
2023-03-06,2.583372464589162,0.31752117468864394,0.9771553075949067
2023-03-07,2.5501372051555267,0.44162567907835126,0.6612301717262862
2023-03-08,2.4369183580683518,0.5430328424991533,0.955971525384738
2023-03-09,2.4962775232882137,0.504786320490444,0.7619883354785939
2023-03-10,2.3679231412323425,0.6624806449088033,0.2162419745230385
2023-03-13,2.299406373230358,0.5374459784306431,-0.5192572454310286
2023-03-14,2.420381455547543,0.4147106261764329,0.14835181020951269
2023-03-15,2.2921604101403834,0.42628780069826233,-0.6752426196875573
2023-03-16,2.3312829622065245,0.5122476801908079,-0.8365611959527537
2023-03-17,2.250625638876572,0.5679030747333197,-0.9347288330396875
2023-03-20,2.3513216357455557,0.44358601373041306,-1.3294389914267835
2023-03-21,2.422508150792021,0.49467826837217693,-1.0761413741797854
2023-03-22,2.459110936930427,0.4975267451066754,-0.674056322697094
2023-03-23,2.444530362061599,0.5322091450038834,-1.2432537186957273
2023-03-24,2.385914558481841,0.6007911504690908,-1.6855395783967901
2023-03-27,2.4905151012418623,0.4465498093685425,-1.248236470165135
2023-03-28,2.4978264987973295,0.44223632719753747,-1.2515734555774405
2023-03-29,2.522513668327788,0.39667283887967375,-1.0791784676932437
2023-03-30,2.5229394452853624,0.3881671668988374,-0.7382139698869422
2023-03-31,2.485677173939438,0.45651088586276006,-0.8670706652735516
2023-04-03,2.4451201231894024,0.5130591871507741,-0.8239764181379992
2023-04-04,2.488151377023865,0.4888151946350235,-0.8842306835833313
2023-04-05,2.438677655788004,0.6039079125922425,-1.3511126589361682
2023-04-06,2.378107372133373,0.624113560339748,-1.3174709116499175
2023-04-11,2.467691830516751,0.5472971039138533,-0.9864846541636578
2023-04-12,2.5301084173007764,0.5044364315064707,-0.9461075522904144
2023-04-13,2.5335278895165914,0.5474280764713624,-1.027994874145452
2023-04-14,2.538199484584579,0.5925957786984652,-0.8917295627849755
2023-04-17,2.6620205220227473,0.5031621022625247,-1.0630306841619286
2023-04-18,2.6264488042059004,0.5151653667709465,-0.9237745036044707
2023-04-19,2.613071750060899,0.45861746651401447,-0.5592464021222385
2023-04-20,2.6278410134990335,0.520784872753167,-0.8303675936424545
2023-04-21,2.647210413811559,0.4982125457159286,-0.8390386974502162
2023-04-25,2.592473011353728,0.5869707700926409,-1.0672733350212105
2023-04-26,2.599536362080715,0.5884237144455255,-1.330201013927056
2023-04-27,2.6441398969184755,0.4844256023314885,-1.0942095710092117
2023-04-28,2.5590989066035212,0.5730056003300652,-1.1836857010816033
2023-05-02,2.556686183653763,0.6002691808099465,-1.2009264779580795
2023-05-03,2.517883848853296,0.6647819626881486,-1.6077266874027247
2023-05-04,2.5615813632656295,0.6559268554223623,-1.7526947957260974
2023-05-05,2.652229456924216,0.5764251509169012,-2.0295213970837622
2023-05-08,2.6699154653141477,0.5674680733595191,-1.8947626425323647
2023-05-09,2.685827730384554,0.5774282843838601,-1.9725597894454372
2023-05-10,2.6590795817280046,0.5817716414696512,-2.0642027225478845
2023-05-11,2.580730567291099,0.7128324905633461,-2.213354343815954
2023-05-12,2.621865315607557,0.7079267386302728,-2.2049577363731023
2023-05-15,2.686716750421574,0.5895472211162376,-2.102865761479649
2023-05-16,2.71349140855239,0.5438949332930003,-2.0783858143382674
2023-05-17,2.6981698556643696,0.6076706986230997,-2.0263145695561584
2023-05-18,2.8078897433249614,0.5166277486164673,-2.0094881194281964
2023-05-19,2.839508805147941,0.4975975324682953,-1.8384786809965314
2023-05-22,2.7687630034571833,0.48478663671462735,-1.5847463533426052
2023-05-23,2.7563516672976047,0.5306924974813795,-1.4630947751296743
2023-05-24,2.732159640448111,0.5550542593115013,-1.5694693054871844
2023-05-25,2.756664883283364,0.5834575632496918,-1.4914278037174216
2023-05-26,2.7950253699916052,0.5204354999282154,-1.3892059741839582
2023-05-29,2.6514168272252103,0.625070983694158,-1.164757364507645
2023-05-30,2.634330647173172,0.69236057047555,-1.5142779906793042
2023-05-31,2.6115695419604514,0.7796573614292075,-1.9707226995153821
2023-06-01,2.57637046042293,0.8152366760095571,-1.982286589203816
2023-06-02,2.615296987983272,0.8503090889767897,-1.9491361090529407
2023-06-05,2.6609251545785635,0.8149264577630481,-1.7127236215617754
2023-06-06,2.698593229891266,0.8126986154919356,-1.9787461161982587
2023-06-07,2.6556719939239897,0.83437428313196,-1.7206086406475667
2023-06-08,2.711154551871129,0.7992420371020151,-1.8430988725580448
2023-06-09,2.6671765661452724,0.8709293321534813,-1.7207355577603136
2023-06-12,2.649133128800045,0.8697403518609667,-1.7390957962802358
2023-06-13,2.652504880251583,0.9006029944085886,-1.6480298194697236
2023-06-14,2.678559680666891,0.8734210194946769,-1.5027563016765269
2023-06-15,2.605914852133723,1.0040198107929075,-1.3274725275158847
2023-06-16,2.5773913464255913,1.0399138722728805,-1.1195601177001024
2023-06-19,2.6305275983676997,0.962479804413876,-1.105803876590086
2023-06-20,2.4889609207233283,1.0976948192165525,-0.919074305397305
2023-06-21,2.51697811760341,1.1052366139831773,-1.0001515167502029
2023-06-22,2.497325127606336,1.1341978624616762,-0.7907812989093618
2023-06-23,2.3972481077499324,1.2578466359228395,-1.0934985314357981
2023-06-26,2.403363684058616,1.2660809810919549,-1.1404743936608532
2023-06-27,2.351475155452988,1.3482316982448574,-1.1464966763220645
2023-07-03,2.374765281669197,1.318609901245088,-0.7233508950544971
2023-07-04,2.4333368025605773,1.2840963378033843,-0.8240823774482409
2023-07-05,2.477379868859048,1.2741325070524545,-1.0320664100738253
2023-07-06,2.5924465525982527,1.1500573980367856,-0.787450115307598
2023-07-07,2.6784205758683033,1.0257668678068816,-0.9226664711341493
2023-07-10,2.7129641939026343,1.0205485569576198,-0.9756226921490072
2023-07-11,2.7130935648260506,1.0209510428629553,-0.9241792170875953
2023-07-12,2.658105237621484,1.0884343596250772,-0.9207663044069165
2023-07-13,2.548646627732391,1.213321779417107,-1.0899072802583396
2023-07-14,2.554632240011759,1.2698628035338322,-1.368825842125668
2023-07-17,2.5519997531911547,1.2735632034126065,-1.2919900605614205
2023-07-18,2.4795585026261646,1.3558412867822676,-1.5574388455955186
2023-07-20,2.5103239207418007,1.2612442632869234,-1.1235810524088063
2023-07-21,2.5165125824481036,1.2555084889824237,-1.2952735119292922
2023-07-24,2.5071337019532196,1.2587681722688489,-1.3297564433534825
2023-07-25,2.5429940023317115,1.258196977523457,-1.4971102821208193
2023-07-26,2.533315130305926,1.2064383405408983,-1.149641660799355
2023-07-27,2.534490556248273,1.2217547363539363,-1.4229709896549174
2023-07-28,2.640087821666849,1.13306224073331,-1.5940320441228533
2023-07-31,2.6521799200585616,1.1624062337521432,-1.705341507662563
2023-08-01,2.6862112532909435,1.148038512088259,-1.7929977799411392
2023-08-02,2.7422919179133736,1.07255973020323,-1.9746723476663672
2023-08-03,2.853392113333692,0.9148295767984848,-2.000776881516406
2023-08-04,2.784587654539933,0.96727623509639,-1.668840164173524
2023-08-07,2.8416453358611125,0.916521414963094,-1.9407611581069155
2023-08-08,2.6856911535208257,1.0603191114528145,-1.9572694748982984
2023-08-09,2.728583083413125,1.018545095149049,-1.8903627676585724
2023-08-10,2.7282695518230398,1.0017241224554654,-1.8180359076539727
2023-08-11,2.8562981420305213,0.8667876481392859,-1.824217509050816
2023-08-15,2.887376526690776,0.8523882687607388,-1.6268753500494708
2023-08-16,2.875974449426436,0.8726649337058389,-1.7129491537446961
2023-08-17,2.9191414863598286,0.8055328137589677,-1.6774641893491011
2023-08-18,2.8812561615145285,0.9275510367141226,-1.9569251297941452
2023-08-22,2.908189473105089,0.8908667249390751,-1.843349658018419
2023-08-23,2.7914074365966197,1.0414806122078155,-2.1256507064700685
2023-08-24,2.756632849647216,1.0156118535409433,-1.8896262895704468
2023-08-25,2.778952020284161,1.0051809397542433,-1.8513558984433425
2023-08-28,2.7958260900293155,1.0312823481554243,-1.9041560110512192
2023-08-29,2.7766316911378173,1.0448621564927871,-1.767709294335843
2023-08-30,2.7695248303944866,1.0577571096073202,-1.9198216979454992
2023-08-31,2.7158163133379647,1.0816273392522708,-1.8873277716788146
2023-09-01,2.7951492754648424,0.9365012801078249,-1.9013552840449295
2023-09-04,2.8322925965755092,0.9802008347011132,-2.02406441394496
2023-09-05,2.882855118054894,0.9179242119097772,-2.0548270856010626
2023-09-06,2.8676211898094786,0.9470914430182179,-1.9375256677939467
2023-09-07,2.8417188245320815,0.9546088300441947,-1.6712016766807447
2023-09-08,2.80931210137278,0.9986662840011064,-1.7069463199551949
2023-09-11,2.8795700953066556,0.9630103707355097,-1.966310312983323
2023-09-12,2.8913121560978112,0.9970203067292057,-2.005066132122756
2023-09-13,2.871266924946158,1.0328514152165642,-1.8824016316014685
2023-09-14,2.8461555022379827,1.1344958476822564,-2.006360062594685
2023-09-15,2.9192789086216195,1.0520258815131087,-1.9855367767374774
2023-09-18,2.9320772470758927,1.0286603570168382,-1.7675640861675572
2023-09-19,2.942814459625394,1.0152434034951752,-1.710491005667367
2023-09-20,2.9396680231343275,1.0615085144659937,-1.8981169045576394
2023-09-21,3.006104620493569,1.0374213112895645,-1.9875262002003824
2023-09-22,3.0309287976018946,0.9564617995781429,-2.0331475847819727
2023-09-25,3.094453030973754,0.8985568401201269,-2.0627257635981047
2023-09-26,3.1064237801593664,0.8756769105706599,-2.084638874934748
2023-09-27,3.106824965747452,0.8813296676512405,-2.1469726625282486
2023-10-02,3.2420278023083973,0.7690106749411085,-2.347367089999519
2023-10-03,3.3200943802558047,0.7057755730526354,-2.502089381861805
2023-10-04,3.3446716874068416,0.6676276570464543,-2.4254425334359664
2023-10-05,3.3235273636954665,0.7131059704598279,-2.6404384686447253
2023-10-06,3.3480715483895347,0.6980228495553312,-2.7009545490683102
2023-10-09,3.254153753971495,0.7854571275267525,-2.732752332075222
2023-10-10,3.2511446023623853,0.8271341919778491,-2.810693329487957
2023-10-11,3.0572428042639617,1.0236031326490402,-2.5524093960143963
2023-10-12,3.1199963720683073,0.9566916840309624,-2.583681811770328
2023-10-13,3.1329884776838854,0.8714669264064567,-2.335761203063147
2023-10-16,3.1942535093105935,0.8412580112184431,-2.5725106114033585
2023-10-17,3.28568297226649,0.7366237562363854,-2.508905718131044
2023-10-18,3.307378773036258,0.7260331550079837,-2.5319161266390746
2023-10-19,3.2796430271078614,0.7119303376559991,-2.191328651038367
2023-10-20,3.312310940090941,0.7046915484300318,-2.590773022113632
2023-10-23,3.3317789206720443,0.6905219965582922,-2.527827544373134
2023-10-24,3.2531466435634697,0.8064942079286392,-2.665337600144647
2023-10-25,3.3120813817599655,0.7535437640498577,-2.7613350128342957
2023-10-26,3.3276567228134484,0.7314734923728163,-2.9066396039216946
2023-10-27,3.3417242756693852,0.7193281947184498,-2.9891412164937283
2023-10-30,3.3437671188869693,0.7156469739355175,-2.9926393758847825
2023-10-31,3.2641153632356312,0.831702621393945,-3.0965049432867797
2023-11-01,3.275009301194985,0.8140967322577577,-3.1439348415941537
2023-11-02,3.184393077149345,0.9080887190520912,-3.125033212840033
2023-11-03,3.1236888577843387,0.982333167115838,-3.114389382707433
2023-11-07,3.1259851924414344,0.9744739919557828,-2.9849747816073933
2023-11-08,3.031809099322293,1.0709661846733185,-2.8679353116284525
2023-11-09,3.0655553566437543,1.0430685861426754,-2.91263051755745
2023-11-10,3.1522742815728315,0.9691449922417925,-2.9718324750100944
2023-11-13,3.1773805588701713,0.8979644789663657,-2.8407486204850994
2023-11-14,3.0333042632207627,1.0183742881007052,-2.7635340247438687
2023-11-15,3.0743338115832812,1.019254827308662,-2.9935518940807864
2023-11-16,3.0131848476050607,1.1031269326749884,-3.052279260843727
2023-11-17,3.0470369369281185,1.0623385465953263,-3.1477213344294186
2023-11-20,3.0344045042278682,1.0614583440027543,-2.965695408021049
2023-11-21,2.9805768523227427,1.0909735821634445,-2.893083444992682
2023-11-22,2.9220522958505555,1.149288340328682,-2.855137976855016
2023-11-23,3.006401898083199,1.0489270841503533,-2.7664841276911476
2023-11-24,3.0250879711396412,1.0001696609780848,-2.679600715910475
2023-11-27,2.9666159613285363,1.1049727491876036,-2.8109734784572544
2023-11-28,2.9396901477627218,1.1180011175406304,-2.914154967587965
2023-11-29,2.8754418427244155,1.2108095154462326,-3.246755273521406
2023-11-30,2.955951692162487,1.1293558666431207,-3.3309534682792994
2023-12-01,2.9471363760992717,1.0885075877189934,-3.525556933174822
2023-12-04,2.8827258227627857,1.2166086848486495,-3.804699128106973
2023-12-05,2.7681663806440246,1.3077339754819832,-3.623357245956648
2023-12-06,2.6561619866488555,1.3275336817288195,-3.2747310954364335
2023-12-07,2.675934376555462,1.3467861941377597,-3.584009382913714
2023-12-08,2.7358794378310254,1.2718393435438098,-3.2796567545991615
2023-12-11,2.736498300821418,1.31130561550729,-3.430453613292351
2023-12-12,2.6910069182232688,1.3727265696145974,-3.4008056461560674
2023-12-13,2.644977463136377,1.4628785964457842,-3.5231471015608973
2023-12-14,2.6757578992987194,1.4118342501609722,-3.8540298824990202
2023-12-15,2.524803774580964,1.5934256242446976,-3.752388988830875
2023-12-18,2.599527263509132,1.5345370398266192,-3.876027771336741
2023-12-19,2.5128582407400444,1.5937876284279138,-3.819007969876915
2023-12-20,2.4665274600344613,1.647524337710735,-3.857683553324541
2023-12-21,2.4932728927186156,1.610612694607358,-3.980231297718571
2023-12-22,2.5487740521988833,1.5825079352384277,-4.361755567151585
2023-12-27,2.4932841299134814,1.6428307764297196,-4.296160126668343
2023-12-28,2.543635246967077,1.6367278086156047,-4.493141952194561
2023-12-29,2.6711876420869958,1.5115601654607977,-4.6137124182370135
2024-01-05,2.7444377275634864,1.464969922635709,-4.141548300213619
2024-01-08,2.750857900413268,1.461127760470429,-4.240002605388989
2024-01-09,2.7606235445425527,1.433178501540813,-4.163598690843364
2024-01-12,2.763968482956219,1.4231552289701952,-4.309934595083769
2024-01-15,2.8184218048343115,1.360981725862464,-4.253539506402752
2024-01-16,2.804023633700384,1.3993128135674762,-4.306381588681318
2024-01-19,2.854384705103121,1.3164285787369736,-3.8679508773186564
2024-01-22,2.7951045291949486,1.440107086936543,-3.9643402898296256
2024-01-23,2.863951651219351,1.3578722392106424,-3.9489036168193645
2024-01-24,2.861920770745167,1.3529987361670126,-3.9596490049600805
2024-01-25,2.866729918503373,1.2788075848962515,-4.019339654529187
2024-01-26,2.8957053049363037,1.2827766780718877,-4.111456023247324
2024-01-29,2.85550829915334,1.3334859083894952,-4.289737788727065
2024-01-30,2.861278067024117,1.2871118368116878,-4.227193558675262
2024-01-31,2.7985731841233203,1.329712841739313,-4.287857739837618
2024-02-01,2.769395884719428,1.3557559254822231,-4.229704663379084
2024-02-02,2.7559453674393284,1.4332018273800764,-4.076117010662384
2024-02-05,2.8508100535598686,1.3226208510043294,-3.929228556024288
2024-02-06,2.86531799969304,1.2899623849189203,-3.9142954802912473
2024-02-07,2.8587679490783984,1.2992737610431726,-3.9611340859054107
2024-02-08,2.8831163756076745,1.2591207082536005,-3.764354101429851
2024-02-09,2.88830956684471,1.234919245184726,-3.5673281186745323
2024-02-12,2.883807819369297,1.2785551955362089,-3.650299648828007
2024-02-13,2.8638304837518493,1.2845856223553622,-3.470644018303831
2024-02-14,2.8450932733788172,1.3200279543706084,-3.451816801894405
2024-02-15,2.7819124810964757,1.3794590357398935,-3.460577593827659
2024-02-16,2.8209564279401675,1.3207876095785434,-3.177484935420934
2024-02-19,2.8388937026162027,1.312834888131262,-3.239864978283047
2024-02-20,2.8087434740560995,1.3213728806746223,-3.2763699879579966
2024-02-21,2.837263467717867,1.2963606213084915,-3.217002583834709
2024-02-22,2.783299217656043,1.3489879140120808,-2.959397091867546
2024-02-23,2.7403075081600456,1.3922213859676598,-2.9847479128632
2024-02-26,2.767934964064177,1.3776546389100341,-2.91676404354437
2024-02-27,2.8138608412878767,1.318045757823307,-2.951067912822675
2024-02-28,2.833547742438227,1.2836363323070874,-2.909457536044267
2024-02-29,2.7742214606674245,1.335448930533774,-2.8446612282721597
2024-03-01,2.830920923818676,1.2905724812502168,-2.968313064485837
2024-03-04,2.767637402923939,1.3640104445814945,-3.025925960184545
2024-03-05,2.6741518633378734,1.4342950370578351,-2.9589615617530276
2024-03-06,2.678144404319693,1.4386049454766943,-3.0041472393616764
2024-03-07,2.6538408763949968,1.4723831118755817,-2.9912273471389415
2024-03-08,2.6673069185362395,1.451737174172549,-3.265410033052345
2024-03-11,2.7089873777229303,1.4024936892388762,-3.166447635770502
2024-03-12,2.6966725897256967,1.434403933124813,-3.0446426584344968
2024-03-13,2.716343545755233,1.4075108137866923,-3.0222751166014783
2024-03-14,2.8004247911662232,1.3101030354393446,-2.958999513393133
2024-03-15,2.789323060325325,1.3364769589914827,-2.8697040871694948
2024-03-18,2.8130110225408176,1.3021879160240963,-2.8826212188180493
2024-03-19,2.8272784146171754,1.3021752120187144,-3.057253012509402
2024-03-20,2.796972406568291,1.3258174985852322,-2.9371537791398534
2024-03-21,2.8242609200242543,1.3183708646092145,-3.1441094307246535
2024-03-22,2.7389737787497865,1.3569859644839415,-3.1593429325215663
2024-03-25,2.746354382887391,1.3140232324996393,-2.936292142916617
2024-03-26,2.7382673508518076,1.3266563541998546,-2.9755020521349227
2024-03-27,2.690530074694918,1.3811823712617655,-3.090325236132955
2024-03-28,2.677867859040408,1.40165237822293,-3.035615457853024
2024-04-02,2.8561137169541313,1.1919840995028228,-3.119705423257428
2024-04-03,2.8481508678026852,1.2287855321730572,-3.1202600400231284
2024-04-04,2.7682203205270106,1.32521848143942,-3.173736205960815
2024-04-05,2.79849176584235,1.2946083190695727,-3.1415315790309015
2024-04-08,2.8169531452106162,1.2178207250277797,-2.916803205519953
2024-04-09,2.7448671254228043,1.337103124498892,-2.952720899300257
2024-04-15,2.8257775497307263,1.1548067454958484,-2.8636572938280453
2024-04-16,2.8986133194759063,1.088702022163924,-2.8696078715679576
2024-04-17,2.8585921161404744,1.1422185074258477,-2.8133800539723612
2024-04-18,2.8492324690187263,1.1331228920893024,-2.6970231650676277
2024-04-19,2.847342071650775,1.1305111596878075,-2.5495586523633826
2024-04-22,2.8768347190908705,1.1017725387574486,-2.7240929106187
2024-04-23,2.849776166719079,1.1020008315487668,-2.63296648094511
2024-04-24,2.9448556962773447,1.0080163020098674,-2.5826392000510174
2024-04-25,2.9880357462430083,0.9808475600545419,-2.4904913837404297
2024-04-26,2.900204892384508,1.059426973771401,-2.4859234168073683
2024-04-29,2.881619018664951,1.0720811436357707,-2.5573949617965916
2024-04-30,2.890667033688534,1.0984164867170405,-2.3856178069701284
2024-05-02,2.87387389404565,1.098622455405597,-2.410653627581235
2024-05-03,2.8185815298535823,1.1113886348010744,-2.495422660312242
2024-05-06,2.8103175532501274,1.161567617454511,-2.617709877245616
2024-05-07,2.7645626585865615,1.2026579943303106,-2.5961871162409675
2024-05-08,2.7924339486556486,1.157284482811788,-2.5136933799107175
2024-05-09,2.8521917973270643,1.1010974936083087,-2.581219124443672
2024-05-10,2.8391995259841787,1.1195870793279494,-2.4864752565753747
2024-05-13,2.843592270466654,1.1109994011395492,-2.5357376506328615
2024-05-14,2.8728977305912156,1.0670083883031536,-2.4913097943008284
2024-05-15,2.807656235182298,1.1581539050664054,-2.664893825316204
2024-05-16,2.795454228747244,1.1456802780714421,-2.569303917014554
2024-05-17,2.848991512868049,1.0945610121604497,-2.4652976037200665
2024-05-20,2.8650828234690104,1.0410693715909733,-2.408546220485515
2024-05-21,2.834590594382343,1.0716575817248335,-2.4251200427159825
2024-05-22,2.8580642736962543,1.0782166089738183,-2.397090906086846
2024-05-23,2.8732174819718574,1.0010811452086017,-2.105449500863559
2024-05-24,2.875797884205703,1.0427767486068287,-2.1033621415315875
2024-05-27,2.841792294472041,1.042099364415474,-2.203633543726666
2024-05-28,2.871308752430043,0.9879656854284182,-2.1803116512345033
2024-05-29,2.9849161657315855,0.9099672230364997,-2.2115898639319247
2024-05-30,3.010447277533539,0.8669502737225632,-2.2280542327034905
2024-05-31,2.9618168466712445,0.9466011496123705,-2.2311145765332903
2024-06-03,2.926507007491186,0.9482193684547314,-2.2589800488128793
2024-06-04,2.8539443642617672,0.980908520886792,-2.2492982197368283
2024-06-05,2.8248798040320784,1.0609297967221611,-2.316843434389245
2024-06-06,2.862115133414633,0.9731698078300983,-2.131856224178949
2024-06-07,2.903753048015467,0.9457489351593633,-1.994998332033854
2024-06-10,2.9906519916858794,0.8501510205467895,-2.101186497388501
2024-06-11,3.015879763955906,0.7965590540854197,-2.3126494517256035
2024-06-12,2.904129883688053,0.9347802382626613,-2.395387227647058
2024-06-13,2.8979238223662365,0.8965135939101552,-2.3880571576143765
2024-06-14,2.764304140180267,0.9947105377387655,-2.6738828727174835
2024-06-19,2.7972215658567947,0.9576590886162749,-2.493907508901942
2024-06-20,2.830682037639508,0.868748176777743,-2.3916725626251822
2024-06-21,2.8108899901225164,0.8777148612530026,-2.562892955391276
2024-06-24,2.841354879711485,0.8865380609743683,-2.562188695236593
2024-06-25,2.8144809038025556,0.9227921341649955,-2.6054656011748167
2024-06-26,2.8471327539090105,0.8599772376109804,-2.5156899803932227
2024-06-27,2.8476208863537247,0.8475224576426525,-2.4887817059188793
2024-06-28,2.8733273357551337,0.8086692829038062,-2.5288055311838167
2024-07-01,2.9835959667280174,0.6926714729186039,-2.3422256283352216
2024-07-02,2.9873459557495745,0.7118777383203477,-2.390334228740986
2024-07-03,2.982491913699363,0.746616398137798,-2.390415628866956
2024-07-04,2.9568806999488455,0.7382824147560958,-2.2854063160009592
2024-07-05,2.9454551222901313,0.7401065760822648,-2.3368206511342984
2024-07-08,2.9145029395691435,0.7582263205870396,-2.365826523306589
2024-07-09,2.924616271601599,0.7540693698711262,-2.3106129882358344
2024-07-10,2.89678950241992,0.8141228670660241,-2.3874012294389138
2024-07-11,2.8781686942656703,0.8120441428159377,-2.5770620393700114
2024-07-12,2.8931291731832682,0.8404556057060469,-2.573294785782841
2024-07-15,2.9079456049514807,0.7562491259432245,-2.6160113822299027
2024-07-16,2.852446781325582,0.8337655705304005,-2.6526779406107153
2024-07-17,2.840929787402295,0.8584470933406227,-2.651315736550353
2024-07-18,2.8354044943200236,0.8711943383413729,-2.7438124402852258
2024-07-19,2.91498390401772,0.78358487871853,-2.754765228241195
2024-07-22,2.899838161645458,0.7767356292869609,-2.645219895603411
2024-07-23,2.8965928943777595,0.8227849466734137,-2.819859740724271
2024-07-24,2.9365219208592337,0.7788561778621932,-3.006664900811369
2024-07-25,2.9255628348597913,0.8087586551806945,-3.140028506477
2024-07-26,2.891107541876639,0.7981985020266197,-3.0125118057075104
2024-07-29,2.810157372566528,0.8129662455133916,-2.801021771383375
2024-07-31,2.8136904485150915,0.7824529067104911,-3.094022452955739
2024-08-01,2.7827365800883976,0.842899365608395,-3.223450986752234
2024-08-02,2.7199017419615172,0.8307532899309432,-3.3109988128776244
2024-08-05,2.721150453714089,0.7659042428283934,-3.4092003845507146
2024-08-06,2.7182262830688524,0.8427912281026475,-3.3869742541241563
2024-08-07,2.833806688459641,0.7462825026690897,-3.31331736466991
2024-08-08,2.84871197017135,0.7354723298239874,-3.3717896008521007
2024-08-09,2.7970409543691876,0.797157235707304,-3.412799392263942
2024-08-12,2.807599125385456,0.7936115132671003,-3.4263031608358325
2024-08-13,2.7814065829880112,0.8061222542957267,-3.4825147585262637
2024-08-15,2.80985888625323,0.7715033499463109,-3.26083277641289
2024-08-16,2.7726003369721295,0.7783624147242738,-3.1648982457395505
2024-08-19,2.787721396783048,0.7645129684834723,-3.165143895124946
2024-08-22,2.7741236905092928,0.7226213286455709,-3.2067490424160345
2024-08-23,2.8017542489258496,0.699639478998256,-3.1928832547319868
2024-08-26,2.8162427627537086,0.6900817536171148,-3.2399268556604195
2024-08-27,2.8680062866710125,0.6429828507593498,-3.2632852327025685
2024-08-28,2.8236058795293255,0.6555620826733082,-3.216532834222588
2024-08-29,2.8573747350021743,0.6005804044856993,-3.2912014079156964
2024-08-30,2.846793034387962,0.6176685119332312,-3.1979507029854726
2024-09-02,2.91546221734388,0.5529202739648611,-3.1683088708759324
2024-09-03,2.821632649953286,0.6833972399854009,-3.198514117277699
2024-09-04,2.8217645654227828,0.7186774931876121,-3.4678359249487207
2024-09-05,2.8094323814779667,0.6972381465070752,-3.5169134282420886
2024-09-06,2.8168636598795627,0.6801025229947025,-3.521673360014322
2024-09-09,2.8414290804224644,0.6770140367486075,-3.7321225747779154
2024-09-10,2.838901895383881,0.6853208372738862,-3.779929378186892
2024-09-11,2.7871820992323677,0.774790565000153,-3.9899986912503627
2024-09-12,2.798619511496444,0.7345107483208546,-3.8585414762989947
2024-09-13,2.8279606623506046,0.6949609939607304,-3.8616549896996326
2024-09-18,2.8342693508781465,0.637511661658199,-3.6219029561435905
2024-09-19,2.873928953696524,0.5763118829457308,-3.7101312248039857
2024-09-20,2.8991938841408196,0.5688029500663923,-3.725454505221893
2024-09-23,2.915800674649865,0.5337809729174225,-3.9081667385166132
2024-09-24,2.9405172193545104,0.49063739726668754,-4.091145573814049
2024-09-25,2.918730019402371,0.4731939536659602,-3.935952658744882
2024-09-26,2.8914774821506697,0.46419741413261906,-3.9919856109804326
2024-09-27,2.8790834686230093,0.4468813091807926,-3.9501219708344086
2024-09-30,2.8558191826561865,0.44165711874963565,-3.863105957894732
2024-10-01,2.770560527571351,0.5161558507671967,-3.987864993080189
2024-10-02,2.86453309476177,0.41545988544937207,-3.9326238976842594
2024-10-03,2.9067724282721543,0.3724761757432935,-3.8451191352887184
2024-10-04,2.8985566192393,0.3546676283520991,-3.5732181881236116
2024-10-07,2.920418475458608,0.2825945485840029,-3.3422174892986254
2024-10-08,2.9327023531036747,0.2801921728435015,-3.3348430757753382
2024-10-09,2.911014744899325,0.30026449464214733,-3.304009948397754
2024-10-10,2.926731804684712,0.2773823146661778,-3.2759207450413896
2024-10-11,2.954896628821096,0.23826991701424394,-3.2591409480169595
2024-10-14,2.9493011493820656,0.2259782182372423,-3.2427721014841495
2024-10-15,2.890473635100674,0.3285432189843349,-3.3655295955385447
2024-10-16,2.8372350218773876,0.3762468711282464,-3.4116535674578596
2024-10-17,2.8889963646162564,0.30679418331253583,-3.473302941973841
2024-10-18,2.893953419128868,0.26330808180328713,-3.5830060951456275
2024-10-21,2.9628700772729415,0.15668893906860704,-3.3437941870195167
2024-10-22,2.9890962083081534,0.07437196067851404,-3.283694191051377
2024-10-23,3.0551109737639304,-0.023517393381776497,-3.3968142320211356
2024-10-24,2.978387301447985,0.059808354654689255,-3.3857305277898178
2024-10-25,2.973617817247467,0.060939208206522544,-3.2466311073834446
2024-10-28,2.965632125829131,0.03776805499875113,-3.277610966894649
2024-10-29,2.995861210263355,-0.04174133024949067,-3.074570754286744
2024-10-30,2.9698722479608883,-0.02214895216358803,-2.7566935479904933
2024-10-31,2.9595551252881074,0.018521444466521375,-2.5166969519809426
2024-11-01,2.9647414038369724,-0.024220929951382697,-2.638501918297889
2024-11-04,2.91739000215907,0.035401964909220984,-2.4866394823937066
2024-11-05,2.936095878151602,0.039857004487069414,-2.536801225872868
2024-11-07,3.040760229919075,-0.10611901482870412,-2.8097046464482913
2024-11-08,2.9601044642939653,-0.018678513980749933,-2.7526333502894578
2024-11-11,2.9463232906739014,0.04184363622030407,-2.9405849628859166
2024-11-12,2.89735708787311,0.07322330826597723,-2.8572252026161964
2024-11-13,2.9273613588841476,0.03765760501942528,-2.754655914290955
2024-11-14,2.9332389893857487,0.001528441298636718,-2.8406312200827113
2024-11-15,2.9465386942543392,-0.01569512946908813,-2.8068675186665994
2024-11-19,2.9034940264774565,0.014622503274581478,-2.734401225872342
2024-11-20,2.9148007297567324,-0.0016136000243256454,-2.7056916861694096
2024-11-21,2.8859574475291097,0.028459314327102803,-2.8295032291447346
2024-11-22,2.8734362914804605,-0.02920705844254945,-2.896009497874934
2024-11-25,2.7754469180727552,0.0627115148627706,-2.8016390656482058
2024-11-26,2.7479877533483332,0.06939653744928842,-2.6411373170855454
2024-11-27,2.6847583718629284,0.15348927265574974,-2.6274649050189667
2024-11-28,2.667256091100298,0.15727357300967193,-2.683486121824091
2024-11-29,2.6371647124729094,0.1693740297921127,-2.774285365606161
2024-12-02,2.625494957852704,0.20301729936890567,-3.011037604517134
2024-12-04,2.607557217965764,0.19300008710990946,-2.7463816261651712
2024-12-05,2.6025455540780422,0.19851678907609538,-2.555577158693766
2024-12-06,2.580907801562721,0.20355593821758,-2.5601476284111713
2024-12-09,2.618280750321913,0.13981627392271534,-2.6014091449874095
2024-12-10,2.6488752943156904,0.05953857649451533,-2.6367279565441386
2024-12-11,2.6781417925644693,0.01613957372016972,-2.7101928671491806
2024-12-12,2.7219006560216257,-0.07245016572065355,-2.497381896451372
2024-12-13,2.789004535718343,-0.12251076531707827,-2.502597102746599
2024-12-16,2.7921197558613255,-0.19151669549875416,-2.4152723749939216
2024-12-17,2.7588823403428733,-0.16492763327773696,-2.3612016096590924
2024-12-18,2.8003858472259346,-0.14325361440586604,-2.5025295656401796
2024-12-19,2.86518199356347,-0.20175044822532273,-2.4462461258785266
2024-12-20,2.866460941608034,-0.188671455991418,-2.6392612528026307
2024-12-23,2.8747609600686554,-0.18580050949553728,-2.542818684722799
2024-12-24,2.876669647276273,-0.1615834830310945,-2.5682828708566943
2024-12-27,2.895519068120835,-0.21554035472349975,-2.4655177043852463
2024-12-30,2.9168585331325647,-0.3015648750311326,-2.3906081490356326
2025-01-02,2.919995656512073,-0.26299037674715686,-2.5119072023920133
2025-01-03,2.9460101127738434,-0.3074207009265464,-2.2909883408242013
2025-01-06,2.983684952880259,-0.2847395054078079,-2.235993515701984
2025-01-07,3.020475414881426,-0.3095413398646498,-2.41330963205198
2025-01-08,3.110499315777915,-0.33428299314343946,-2.5486592232132184
2025-01-09,3.1066653070838983,-0.3613455824648286,-2.4419029842935274
2025-01-10,3.1261412454550364,-0.4153752983326544,-2.2403115157217486
2025-01-13,3.137931398843773,-0.42380614441724807,-2.1667888088806877
2025-01-15,3.101390665525528,-0.42959110746492346,-2.214585872141987
2025-01-16,3.1311087369139816,-0.46659772834225866,-2.1816054017503315
2025-01-17,3.0646910197198984,-0.38522756184794194,-2.2310934433857468
2025-01-20,3.0738456652416057,-0.40894168599859926,-2.2212447269782993
2025-01-21,3.0550609657327796,-0.4181017500918687,-2.187615408539098
2025-01-22,3.0550609657327796,-0.4181017500918687,-2.187615408539098
2025-01-23,3.0681898180783076,-0.5160600105775772,-1.977543020113776
2025-01-24,3.0822341413782492,-0.5064147330688904,-1.8763857524156176
2025-01-27,3.048239517018048,-0.47922498156424753,-1.9584174711788296
2025-01-28,3.061162486787433,-0.5058389556566574,-1.9351922407602369
2025-01-29,3.075027632465891,-0.5072669161349561,-2.0276538165528684
2025-01-30,3.0282090598855906,-0.5631452298347615,-1.9631917706925408
2025-01-31,3.0162228072426163,-0.5237823692111034,-2.1786700723824377
2025-02-03,2.9293622175244836,-0.477615627667914,-2.2069986377748188
2025-02-04,2.9527826366735197,-0.5253942178486755,-2.1225643299828216
2025-02-05,2.8702635037637827,-0.44352482627673995,-2.042221543733659
2025-02-06,2.8826543682128696,-0.45360928641557474,-2.059485331683076
2025-02-07,2.9261992040133307,-0.48684234088756373,-2.090337338605454
2025-02-10,2.917004097092628,-0.48486758820456455,-2.224085988706679
2025-02-11,2.983383011217784,-0.5558116582416286,-2.133269009661151
2025-02-12,3.0251162812148733,-0.596974016086685,-2.0199493414947214
2025-02-13,2.9578011014548706,-0.5266226933838207,-2.076584966183753
2025-02-14,2.957913196837453,-0.5336660837090534,-2.013546595712251
2025-02-17,3.023130484658126,-0.624670330192495,-1.9885076983532433
2025-02-18,3.0291204303213757,-0.6491490876722195,-1.945260058585469
2025-02-19,3.071912729934813,-0.7044745933091234,-1.8212463649123778
2025-02-20,3.0755917331721445,-0.7473773139716233,-1.8280807583385414
2025-02-21,3.01434659129401,-0.6809784814371393,-1.9389708888284012
2025-02-24,3.0334263368763663,-0.6928343789738223,-2.0416224915880425
2025-02-25,3.0318220126285578,-0.6906868388631202,-2.0750998134548535
2025-02-26,3.002799879016494,-0.6845755152049275,-2.0211611903567395
2025-02-27,3.01734268934463,-0.6843424643857352,-2.1815618434627235
2025-02-28,2.9974701743987966,-0.6841611140218926,-2.1896848379371554
2025-03-03,3.144092957243421,-0.7902450282335076,-2.27590690818662
2025-03-04,3.204113179003963,-0.8246480879399676,-2.6477611294805476
2025-03-05,3.359709147723072,-1.0521187266339695,-2.007334633284978
2025-03-06,3.46652125476049,-1.1827256558918344,-1.7297026267012376
2025-03-07,3.4284759462524868,-1.1221056377068883,-1.9256144590965567
2025-03-10,3.4552013462810427,-1.1237465503005288,-2.110104156893878
2025-03-11,3.5344232689283146,-1.2055919161381037,-2.145698760638415
2025-03-12,3.528222431239603,-1.2058831840804025,-2.0682001760194106
2025-03-13,3.536090376132404,-1.2269255336749247,-2.1809167281737003
2025-03-14,3.580674001586661,-1.2620484076613452,-2.228590736912379
2025-03-17,3.4545713615733527,-1.1811215614733874,-2.031715664416751
2025-03-18,3.504661896990211,-1.249452651916005,-2.024287029379901
2025-03-19,3.4395358202203066,-1.1669332520882216,-2.0145597109939857
2025-03-20,3.4093891598951793,-1.1660015670986938,-2.011843261757728
2025-03-21,3.4766514257933916,-1.203092416498293,-2.2547712519039984
2025-03-24,3.4988565707807173,-1.2510242831321756,-2.239027974361994
2025-03-25,3.5118269214752007,-1.2679428911456543,-2.210857280632767
2025-03-26,3.5107438195015295,-1.2778696868247343,-2.2442935928277308
2025-03-27,3.5321956106251946,-1.3041657198629446,-2.3843084947345723
2025-03-28,3.4978570019840554,-1.2582038304527452,-2.5018138980081424
2025-03-31,3.4733492351199975,-1.2369145991656487,-2.555999489353578
2025-04-02,3.431862018997296,-1.1705800136355529,-2.5325013108505936
2025-04-07,3.502291079991358,-1.240007934392628,-3.3224461253662074
2025-04-08,3.542721364774356,-1.3195467430268928,-2.997717703502801
2025-04-09,3.50650356753216,-1.3495445663964443,-3.2086595146888652
2025-04-10,3.4234122981451787,-1.2351367322617004,-2.9112352863777966
2025-04-14,3.3056879066564275,-1.2528684391627483,-2.661214905601184
2025-04-15,3.362272930990398,-1.3924968092201033,-2.6050650834785087
2025-04-16,3.3288995965605386,-1.3462254094573933,-2.6861638555358307
2025-04-17,3.353736470865934,-1.3577925487052376,-2.880847256453223
2025-04-22,3.3149440956776313,-1.3117483667214707,-2.8833696090676306
2025-04-23,3.3480654506981278,-1.3626976836808327,-2.709578285389933
2025-04-24,3.326514858261595,-1.3283325598042417,-2.9167714816746395
2025-04-25,3.3323079100014947,-1.246276742111013,-2.9746241680165046
2025-04-28,3.3965120935620776,-1.3582968131758406,-2.940648702466021
2025-04-29,3.370849741367926,-1.353074134438073,-2.8868573151860004
2025-04-30,3.347269890682572,-1.3847999273737233,-2.8927020098212526
2025-05-02,3.3792334226786864,-1.394272078192607,-2.828441815781849
2025-05-05,3.4344538886660523,-1.4425249635430575,-2.93901550519262
2025-05-06,3.479172133350094,-1.4609324982020606,-2.9816219327710685
2025-05-07,3.404015580162984,-1.3704153472005163,-3.0175507971954727
2025-05-08,3.4183813179824143,-1.3751498602481838,-3.0035877923984775
2025-05-09,3.4675404298702914,-1.4414183381008354,-2.906590033936906
2025-05-12,3.4548555087325306,-1.4480093530637719,-2.43687989413216
2025-05-13,3.49100771732688,-1.5036155312778385,-2.4560312724763627
2025-05-14,3.522624988697518,-1.5007443325275291,-2.5487387846794873
2025-05-15,3.501830295267859,-1.4453477760147933,-2.6780002444475164
2025-05-16,3.4261481233421196,-1.4075040576351805,-2.625734534877776
2025-05-19,3.4635683471974827,-1.4255278129913123,-2.749604501191943
2025-05-20,3.5152316375868877,-1.5176169677117262,-2.7471021200733343
2025-05-21,3.5515418421417038,-1.5457632047615775,-2.7835823123098575
2025-05-22,3.5962758576833798,-1.5668414373557447,-2.943981848871398
2025-05-23,3.527901359282167,-1.5049982204586323,-3.0879017916633567
2025-05-26,3.4895225574487427,-1.544181273252856,-2.8044652469241145
2025-05-27,3.4197838801951717,-1.490302246227814,-2.676154737455733
2025-05-28,3.427425277372253,-1.4561955583778254,-2.7035994110813224
2025-05-29,3.3946039855511123,-1.4502060006598683,-2.703699718914115
2025-05-30,3.3959852280227696,-1.4538797616082815,-2.691047709535128
2025-06-02,3.4189769983549922,-1.436544816764329,-2.754860362701451
2025-06-03,3.395978709788932,-1.4218694025085248,-2.8272478460928765
2025-06-04,3.4041464676831557,-1.4783198455292745,-2.629045878602529
2025-06-05,3.357859941636894,-1.491286082648934,-2.2528030525758598
2025-06-06,3.3760761913040835,-1.446854493781201,-2.331854516375647
2025-06-10,3.3266557814475934,-1.3999817385746898,-2.3658248037322576
2025-06-11,3.348205072469986,-1.44660586756358,-2.3977409227083677
2025-06-12,3.314493564177491,-1.3995932802985402,-2.463718102517281
2025-06-13,3.314832497147657,-1.4089157802855432,-2.336868147371496
2025-06-16,3.342128671881206,-1.4319359424029483,-2.3809563425849825
2025-06-17,3.3454571121760543,-1.445280776698159,-2.3263262813652434
2025-06-18,3.320319737123342,-1.414169958052478,-2.3489186201425376
2025-06-19,3.324097505419847,-1.4201568388035088,-2.366818598546423
2025-06-20,3.3452171433320137,-1.428680450217414,-2.4011149190258445
2025-06-23,3.3397979392741233,-1.377772986874764,-2.4523423980875196
2025-06-24,3.40046734735438,-1.4387622129996505,-2.516270305697927
2025-06-25,3.429323595727817,-1.4979094286280157,-2.5009785729917384
2025-06-26,3.456632239615494,-1.5200763284801857,-2.6685791386527735
2025-06-27,3.4642414642666823,-1.526470203068253,-2.561598507393076
2025-06-30,3.4369782293193607,-1.5076609527774907,-2.4909823905842163
2025-07-01,3.399738346158254,-1.4815563949925772,-2.4698007936980533
2025-07-02,3.503130021033997,-1.5828103246526468,-2.5282878130091917
2025-07-03,3.4561437107360713,-1.5570239170487432,-2.4901579425122424
2025-07-04,3.44311751069127,-1.507961349587612,-2.656588479426339
2025-07-07,3.485427402782941,-1.5731845573557055,-2.5737355773657695
2025-07-08,3.5347094132481383,-1.6246475650171366,-2.5261075508902215
2025-07-09,3.540424647050542,-1.6339873845977309,-2.5884392149061872
2025-07-10,3.563872509550186,-1.6743652761299654,-2.526421117259809
2025-07-11,3.5978178315056644,-1.6836216519450091,-2.52504360044767
2025-07-14,3.616352671958179,-1.7348880240465618,-2.572080209763324
2025-07-15,3.566187692326229,-1.6696532283019523,-2.613952435309437
2025-07-16,3.591080872407843,-1.6659325372022136,-2.747953319081392
2025-07-17,3.588410241784535,-1.6870739001872388,-2.7446855722337395
2025-07-18,3.605403905585214,-1.704252591953646,-2.710195463404352
2025-07-21,3.5254343444233394,-1.6005292628833239,-2.8069005514022067
2025-07-22,3.5168577693876113,-1.5679172715458467,-2.8885038256621316
2025-07-23,3.529168793546065,-1.5870702248077793,-2.9009285902805897
2025-07-24,3.5814963995872833,-1.6436204215975732,-2.6420421729197145
2025-07-25,3.6112915693399272,-1.6456586530969783,-2.590910524953284
2025-07-28,3.5862730892321286,-1.6264189453350064,-2.687563113133476
2025-07-29,3.5832309965108373,-1.6342346687843832,-2.5843941181084844
2025-07-30,3.582800238361547,-1.6152504314209994,-2.5485706070397005
2025-07-31,3.5488704887954197,-1.5672573259357292,-2.4999606380875066
2025-08-01,3.5421799534653244,-1.5993621649385816,-2.6012761970269835
2025-08-04,3.5198782291143225,-1.5619282264432721,-2.645969469778879
2025-08-05,3.508187680207421,-1.5634786095413826,-2.6085506666442826
2025-08-06,3.5283585752571867,-1.5553139175635544,-2.688485335892259
2025-08-07,3.513472469903968,-1.5475742829566994,-2.6043702381003966
2025-08-08,3.5666700538551486,-1.5867253794264156,-2.565483788098461
2025-08-11,3.5740745713750077,-1.5977247780632151,-2.5601874353824132
2025-08-12,3.6471709315515444,-1.6542791212012542,-2.6232132694233976
2025-08-13,3.6235883414547554,-1.6057676487123023,-2.8242211050680064
2025-08-14,3.641713278989931,-1.6321700089851605,-2.798963204186688
2025-08-15,3.7217988501401154,-1.7325532426650332,-2.786006970398882
2025-08-18,3.7264167780214223,-1.708569591154395,-2.87570778251403
2025-08-19,3.711811470072827,-1.713350410143474,-2.8416493224753414
2025-08-20,3.68643383135907,-1.6809029352767375,-2.920362206345926
2025-08-21,3.707114275901538,-1.7051025968563902,-2.8185013262403413
2025-08-22,3.6851037529454462,-1.6754748573400926,-2.7971711207677936
2025-08-25,3.7313935318861793,-1.7095489555036787,-2.8315313229590533
2025-08-26,3.727507333819129,-1.697120398380139,-3.013507319456587
2025-08-27,3.7345833504631867,-1.6908645727765284,-3.1122592405763374
2025-08-28,3.6966638858542273,-1.6353869719188614,-3.0707804978021165
2025-08-29,3.719073268332295,-1.6552161588621601,-3.089323219786874
2025-09-01,3.7657312808143204,-1.6954196615581028,-3.128446466124457
2025-09-02,3.8077270093205513,-1.7425516918561743,-3.0870352997629262
2025-09-03,3.7702155955547023,-1.7057155250362221,-3.1207661514886396
2025-09-04,3.7208203798058403,-1.6564704916235002,-3.080485722863509
2025-09-05,3.697073464767054,-1.6473952239177985,-3.142028351289828
2025-09-08,3.6642767461900347,-1.5933842157326485,-3.1712203037553572
2025-09-09,3.675011812349639,-1.6144529301658967,-3.115931226941187
2025-09-10,3.6682253878128344,-1.5887795446434891,-3.118295512291312
2025-09-11,3.639492036772996,-1.5617539532484703,-2.9332042835682834
2025-09-12,3.645147610909927,-1.5926170514951563,-2.7628881069003315
2025-09-15,3.6341161596583893,-1.5791423069835195,-2.783279597969914
2025-09-16,3.6291473316920855,-1.5560259166861372,-2.7989831970304833
2025-09-17,3.5824796244927763,-1.532796663895482,-2.699046421090252
2025-09-18,3.661852548820323,-1.5961792194803741,-2.814670237082652
2025-09-19,3.6852045104128424,-1.6125419485560202,-2.8101866857501956
2025-09-22,3.720397341183293,-1.6416309574107313,-2.908451832651362
2025-09-23,3.693478351652219,-1.6366644016561964,-2.7721954853768263
2025-09-24,3.7039477623551087,-1.644985921313494,-2.822517526539155
2025-09-25,3.693042425106097,-1.6440397926822903,-2.6838758516914716
2025-09-26,3.6775357857865174,-1.6269611784916327,-2.707995332353851
2025-09-29,3.6250127779766306,-1.577096715504851,-2.650759983497524
2025-09-30,3.6213923723594332,-1.5694715399044874,-2.6739000661128025
2025-10-01,3.633362349257254,-1.5649456387025507,-2.7911993729359574
2025-10-02,3.6413459213882917,-1.5781252737390252,-2.732061628062171
2025-10-03,3.6127351974646675,-1.5534281304324433,-2.683073967071218
2025-10-06,3.6545836078728104,-1.5916780658405583,-2.7889098880236025
2025-10-07,3.6731470251749783,-1.6313616204952024,-2.7520835713469274
2025-10-08,3.6256151933175604,-1.5690907075745675,-2.808969923914105
2025-10-09,3.6300397514452363,-1.5949124555176253,-2.7198349770357195
2025-10-10,3.5987850684571074,-1.556779035017351,-2.7507131572091117
2025-10-13,3.576208180457348,-1.534581900645914,-2.8377130158524513
2025-10-14,3.5318438534302965,-1.512141546706545,-2.7682191617775262
2025-10-15,3.5071024091763525,-1.4801295688756544,-2.827457298979305
2025-10-16,3.5314697382045783,-1.4999766699809096,-2.85996663499294
2025-10-17,3.5340739748007635,-1.5177236827783607,-2.8570728953300035
2025-10-20,3.53545784989373,-1.5296355013340466,-2.828793430258282
2025-10-21,3.483523430019718,-1.48447666643818,-2.776245515316361
2025-10-22,3.4991772214127406,-1.4840264868404311,-2.7928729855488235
2025-10-23,3.5177485111811486,-1.4971680972454924,-2.802239696579043
2025-10-24,3.553716926989847,-1.52621178269417,-2.698328472157605
2025-10-27,3.539947240343384,-1.511642955973957,-2.6693726265486024
2025-10-28,3.5294465584813106,-1.50200410182355,-2.660301919811594
2025-10-29,3.537933280822062,-1.5197588871179883,-2.6655114817599923
2025-10-30,3.5295187546911557,-1.5074083309674258,-2.5707504295269437
2025-10-31,3.5599809548477523,-1.5453894327708575,-2.6627692767141267
2025-11-03,3.5584731282554083,-1.5545300231552863,-2.599108164120851
2025-11-04,3.565231050986276,-1.5595385338271757,-2.6388644688600547
2025-11-05,3.57354955586516,-1.5816118026546144,-2.6134510489948255
2025-11-07,3.617104021549395,-1.5806953581825676,-2.7379161737278084
2025-11-10,3.6002254504019655,-1.5578382346151884,-2.7136334653900476
2025-11-11,3.5780329969574938,-1.5363397193537889,-2.677473938622721
2025-11-12,3.5644304506320137,-1.5137606861971018,-2.679453000100215
2025-11-13,3.5789431595549996,-1.5590553091617942,-2.556764176210809
2025-11-14,3.617593084130697,-1.624261961139255,-2.548810203426014
2025-11-17,3.6284787878844518,-1.610530783090287,-2.5807556731997945
2025-11-19,3.66727518755081,-1.5951222732916963,-2.822157284279559
2025-11-20,3.7163276006453287,-1.62777328261893,-2.888731525629463
2025-11-21,3.6919729672839225,-1.613506405661823,-2.922524590699314
2025-11-24,3.677491094319059,-1.6154058847332409,-2.80974235212487
2025-11-25,3.6352966316009794,-1.569656059860074,-2.7811722146536666
2025-11-26,3.6529422963246074,-1.58251594617741,-2.8075662032135793
2025-11-27,3.6474056606735634,-1.5697068527595004,-2.804847204694142
2025-11-28,3.653781451078828,-1.5699015294971965,-2.7909054233137764
2025-12-01,3.7373543416097954,-1.6420853879503325,-2.8224673122186346
2025-12-02,3.7171323774585687,-1.6510506670614302,-2.7169059123901853
2025-12-03,3.718417788930614,-1.640077365393743,-2.7927803899975223
2025-12-04,3.72841703906857,-1.6464197321820624,-2.7289969829059824
2025-12-05,3.7501437247834315,-1.6701760573138147,-2.7057842809941026
2025-12-08,3.7764411045581134,-1.730898987321471,-2.435588528233622
2025-12-09,3.7730117423048632,-1.7122495305722234,-2.461647416254625
2025-12-10,3.761405986188541,-1.7210801717188455,-2.319449116714883
2025-12-11,3.7499653442643095,-1.6965687896918196,-2.3834854202175237
2025-12-12,3.7962640657264144,-1.7505019491730325,-2.421735965607456
2025-12-15,3.7603143386184668,-1.7056125039243217,-2.4384705835204548
2025-12-16,3.7929882451812977,-1.7562011083102091,-2.4481881981788467
2025-12-17,3.801749444380546,-1.7645760215696158,-2.492419237742942
2025-12-18,3.8191870371421195,-1.7656313696815156,-2.562740979708954
2025-12-19,3.858381643572184,-1.8017058777336028,-2.559924435559267
2025-12-22,3.8645907428267443,-1.8253366658410628,-2.499600033593791
2025-12-23,3.809101382156525,-1.757619701512422,-2.4618481894030477
2025-12-24,3.8137799490959363,-1.7509150075960158,-2.4858839025718535
2025-12-29,3.7942290828879233,-1.713963439459956,-2.634501056358613
2025-12-30,3.8079985427941243,-1.7631801825529787,-2.5174417298670586
2025-12-31,3.8143726520388483,-1.7343943325657154,-2.5838825143104476
2026-01-02,3.8466175466460095,-1.792741201251372,-2.556939525063016
2026-01-05,3.8404580895368117,-1.7787968653230517,-2.5733850280314003
2026-01-06,3.8045320031685197,-1.7333146205656758,-2.656727591170169
2026-01-07,3.7881830290947875,-1.7092861253194847,-2.7060921051731444
2026-01-08,3.79739971627179,-1.7359822690469615,-2.6300790832726713
2026-01-09,3.830631539236068,-1.7374146675833688,-2.7509371198180403
2026-01-12,3.760268603541923,-1.6707682036886933,-2.6514985136707354
2026-01-13,3.786891956126753,-1.6926282320470327,-2.692301518497811
2026-01-15,3.715532205935121,-1.6304837408075001,-2.5886345586111923
2026-01-16,3.736995178638946,-1.6593349194694413,-2.5374878249048005
2026-01-19,3.768267273363196,-1.6742935335410971,-2.716277711157527
2026-01-20,3.8379137952674247,-1.7619005025238113,-2.789934535654782
2026-01-21,3.844006199215191,-1.7794613598411395,-2.776016728675926
2026-01-22,3.8210634432251247,-1.7391061909914414,-2.6722832897537487
2026-01-23,3.823803753536787,-1.751673729336483,-2.599148702290938
2026-01-26,3.7917917982787697,-1.7092379837840488,-2.6381104549477983
2026-01-27,3.808191637447026,-1.7192134815037163,-2.696833473444832
2026-01-28,3.8170565783521937,-1.740069562912005,-2.7756080938762553
2026-01-29,3.8134343392265913,-1.7651345981315192,-2.8020250929722175
2026-01-30,3.8265231678542087,-1.7387917903629289,-2.8534801311579647
2026-02-02,3.831232591504299,-1.750165767843721,-2.7950451078217715
2026-02-03,3.870048059074908,-1.78161143961167,-2.798669408903158
2026-02-04,3.8694830742175563,-1.7883841538552998,-2.871282499820609
2026-02-05,3.8548220810491065,-1.7820855453113755,-2.838202236325653
2026-02-06,3.8426088339526103,-1.749195541657707,-2.914947127394605
2026-02-09,3.8689434134667846,-1.7691938678378425,-3.0125589168870595
2026-02-10,3.817718977203931,-1.7224800945684229,-2.981055216642233
2026-02-11,3.806604783093224,-1.6987723436664997,-2.953816571639178
2026-02-12,3.7695557361985945,-1.655151207506607,-2.9338640604546007
2026-02-13,3.7398865071742513,-1.6201470424761597,-3.009704639529226
2026-02-16,3.743242303532106,-1.6178435927596144,-3.000498749757971
2026-02-17,3.73145924023956,-1.5965728741364607,-3.0349056344751393
2026-02-18,3.72367849669272,-1.6038214336420933,-2.9510860343035388
2026-02-19,3.7238907544638367,-1.608331735796424,-2.9218358485371665
2026-02-20,3.688061860017716,-1.6000587020973334,-2.819607425604067
2026-02-23,3.7098677321250233,-1.593992466153114,-2.9648630216474037
2026-02-24,3.691040059904272,-1.5646659526641287,-2.969264819018664
2026-02-25,3.6971156115598807,-1.563037654655123,-2.9893798733698973
2026-02-26,3.65319225582698,-1.55039830136629,-2.887309536336246
2026-02-27,3.6596312767078056,-1.541308831972378,-3.0330208475578466
2026-03-02,3.667440386481001,-1.532346495244679,-2.898440686913775
2026-03-03,3.6753521008656502,-1.5352414661476121,-2.51451041594988
2026-03-04,3.6886385776005794,-1.5422355798868472,-2.6931352125542602
2026-03-05,3.704872059189464,-1.5494038408501307,-2.444122251236331
2026-03-06,3.646620555693538,-1.4950453752499677,-2.1022578958472145
2026-03-09,3.6552719251942447,-1.4768525530328667,-2.0782577555237753
2026-03-10,3.6850426193571013,-1.5651884395998028,-2.2800225160240375
2026-03-11,3.713716858768717,-1.599301316697051,-1.9703648884670921
2026-03-12,3.72837210912701,-1.5845447246018654,-1.9463342162682657
2026-03-13,3.736797591951924,-1.5952160775868802,-1.9017231344629337
2026-03-16,3.7222497390155844,-1.6044145742050668,-1.9295658692855169
2026-03-17,3.69298584016676,-1.5734478898632434,-1.924677734675244
2026-03-18,3.6746253226527505,-1.5358930339093182,-1.6860209835518207
2026-03-19,3.644101472417585,-1.4893972356624854,-1.4962412058028838
2026-03-24,3.6317159986248253,-1.3759801688999354,-1.302246110294832
2026-03-25,3.566674744966854,-1.308818552586802,-1.3110996255903389
2026-03-26,3.639050188703617,-1.3631294113097776,-1.2104291764098472
2026-03-27,3.7049166804944176,-1.4540353151417762,-1.1704801629752777
2026-03-30,3.6658001967129037,-1.4232653610987738,-1.2909436241926273
2026-03-31,3.6477437878090626,-1.3723712585977546,-1.3708545130260856
2026-04-01,3.648605737339971,-1.321783144766817,-1.568079519934274
2026-04-02,3.6715401622100585,-1.316977727251879,-1.530728718750193
2026-04-07,3.6707256523028957,-1.313292247566737,-1.3370227300303437
2026-04-08,3.6431306679996935,-1.4028148864685033,-1.76903883656692
2026-04-09,3.726673058358869,-1.452058983770422,-1.6766622386866201
2026-04-10,3.7746283001948497,-1.4894481778255635,-1.7311751452857966
2026-04-13,3.781044660239693,-1.451548465534929,-1.6841548863178974
2026-04-14,3.793222473540767,-1.5078801577157481,-1.7472699162856244
2026-04-15,3.791132664496503,-1.5044176943097423,-1.8809711318871931
2026-04-16,3.785720593092597,-1.4703769727508456,-1.9495393075814993
2026-04-17,3.7751519172422956,-1.4624430686720187,-2.181267671987264
2026-04-20,3.7849604516506283,-1.4715234942409188,-2.163261192508145
2026-04-21,3.7408516624464827,-1.4373246065345087,-1.9649335754211845
2026-04-22,3.7325105553602613,-1.4204502550694702,-1.8522639952557765
2026-04-23,3.729085290316218,-1.390816173844378,-1.7699719334536221
2026-04-24,3.729819988024759,-1.3769906165345853,-1.7845233678401997
2026-04-27,3.758433140904667,-1.411196782608184,-1.8449710419155958
2026-04-28,3.7654196277544036,-1.4105062384313425,-1.6684268583239183
2026-04-29,3.7425223976900552,-1.337939027505758,-1.4971473873063117
2026-04-30,3.7162082277301707,-1.3514859556102494,-1.5849164854975692
2026-05-04,3.7086762751921305,-1.3675816315299694,-1.4458428758755042
2026-05-05,3.7438424465994387,-1.3996698642413614,-1.4987665441067015
2026-05-06,3.707681308034867,-1.4004692848877238,-1.7280642056479163
2026-05-07,3.704301547718017,-1.3854705099474374,-1.8040035790255895
2026-05-08,3.712106226285246,-1.3991195037724964,-1.736926367161961
2026-05-11,3.716324815509213,-1.415132019158597,-1.5616321219269427
2026-05-12,3.770641022827151,-1.4699386229894569,-1.4134027127547926
2026-05-13,3.7699322459805007,-1.4715708561117702,-1.400623764470828
2026-05-14,3.73577890628937,-1.4070872285363272,-1.5639377700038377
2026-05-15,3.8075323441429387,-1.4816289310861928,-1.3688690284229856
2026-05-18,3.8215638066959245,-1.4799981935437243,-1.5752369866651112
2026-05-19,3.8507147436594655,-1.5340658710560477,-1.401189667491421
2026-05-20,3.815687705949037,-1.4900875109969174,-1.427314080143622
2026-05-21,3.776540070018179,-1.4318987785202335,-1.5656703800326717
2026-05-22,3.717657497237731,-1.4357915767023668,-1.5163182058307658
2026-05-25,3.637779851197842,-1.3634424148710336,-1.6975789776241867
2026-05-26,3.6671074513848336,-1.3864689411869557,-1.5834725216041772
2026-06-01,3.706313379657988,-1.3517596677506436,-1.6289742153888387
2026-06-02,3.6564623624947568,-1.3025623950337613,-1.6628311715545825
2026-06-03,3.697026922245441,-1.3311376051934085,-1.6235761861956068
2026-06-04,3.714963291425231,-1.3165837860846625,-1.7097131278561044
2026-06-05,3.7285638387744813,-1.329218518121411,-1.6633345815294203
2026-06-08,3.727423032881121,-1.3035119543863194,-1.6559471258531449
2026-06-09,3.751063375265441,-1.3072306871494768,-1.7567591055821605
2026-06-10,3.7578915213645363,-1.303067884642165,-1.7167328437612175
2026-06-11,3.7294278981847913,-1.242442946561483,-1.834553362965281
2026-06-12,3.7229905041807037,-1.3253401652735244,-1.7365163940645065
2026-06-15,3.691317001452218,-1.2984570177388237,-1.913091806989989
2026-06-16,3.6589475210921867,-1.2805756906893104,-1.8409486527256815
2026-06-18,3.611074125017896,-1.2145135373433198,-1.6935507714571287
