Date,beta0,beta1,beta2
2004-09-06,7.170181459909417,-4.896730522867219,-0.4134629016927052
2004-09-07,7.1876634095556415,-4.891795549643764,-0.5250186808612193
2004-09-08,7.196706154040863,-4.908999363639583,-0.5815706239253483
2004-09-09,7.2077151557434,-4.924679380996485,-0.6124536005916623
2004-09-10,7.21742158528336,-4.936411161809686,-0.6684074209861398
2004-09-13,7.229559704406786,-4.945169494155151,-0.7157123348308698
2004-09-14,7.237247494704754,-4.958826003179179,-0.7409650331809652
2004-09-15,7.250667078753111,-4.974624181166638,-0.7551811158397109
2004-09-16,7.260463890543114,-4.984811292216567,-0.7512410887382799
2004-09-17,7.2684338950398635,-4.9961224609351875,-0.7683294716956488
2004-09-20,7.276621450391132,-5.006115715181231,-0.7983883461113721
2004-09-21,7.284194654722217,-5.0158451805062265,-0.8073153951854245
2004-09-22,7.292938680623369,-5.026601244883944,-0.8417600645180302
2004-09-23,7.302240207457485,-5.036604465355717,-0.8915718399872369
2004-09-24,7.313677492486928,-5.041377057812975,-0.9304427457662816
2004-09-27,7.323088157136114,-5.0450216237077115,-0.9079747343794962
2004-09-28,7.330381140085189,-5.049477049650126,-0.9483450168921483
2004-09-29,7.3307186703969025,-5.049359997227492,-0.9963167121417165
2004-09-30,7.332646389596015,-5.049826978954176,-1.0160802610948656
2004-10-01,7.335601007873171,-5.05109575062282,-1.0457302201631327
2004-10-04,7.339397958265156,-5.053354060590436,-1.0921761242982868
2004-10-05,7.343522399310715,-5.056290702965013,-1.0892218536851508
2004-10-06,7.343183274257936,-5.060858277169317,-1.0851550442911175
2004-10-07,7.343408833289177,-5.06446478609989,-1.0836869114339365
2004-10-08,7.342291459996642,-5.067894318633318,-1.064060178091615
2004-10-11,7.339428242995466,-5.071376658945502,-1.0290486769015488
2004-10-12,7.338293124843841,-5.0757242445818465,-1.044237575452016
2004-10-13,7.340760787322193,-5.079751434954491,-1.0367506136950262
2004-10-14,7.340522104999271,-5.079721969101532,-1.01900757735246
2004-10-15,7.33996834634438,-5.078591054141056,-1.02063475621585
2004-10-18,7.340708940360355,-5.078814327407739,-1.0410663087379783
2004-10-19,7.342104565842145,-5.079218170973197,-1.0511661576619895
2004-10-20,7.340079873041849,-5.082769983946827,-1.034955959416619
2004-10-21,7.338583119876646,-5.0853577363733296,-1.0255277160888778
2004-10-22,7.339191118272201,-5.085298437083065,-1.0214639038669129
2004-10-25,7.339548078028128,-5.0858655997955,-1.0229730253472236
2004-10-26,7.340118660048558,-5.086656108859631,-1.0309490066717877
2004-10-27,7.340540621305077,-5.086387606167236,-1.0247037040345288
2004-10-28,7.3388809652472835,-5.087912953802066,-1.0089722774704422
2004-10-29,7.336958188509604,-5.089795120126475,-0.9923768710880354
2004-11-01,7.338123455670549,-5.0903037814561065,-1.0554023653874798
2004-11-02,7.3392431931959,-5.0937063003061045,-1.0803624530968237
2004-11-03,7.340710517701102,-5.095629443016438,-1.0324904815345435
2004-11-04,7.342233975953392,-5.101189875838116,-1.0478030288607176
2004-11-05,7.342355040767688,-5.101314912807056,-0.9964846072398388
2004-11-08,7.342362091232697,-5.09761139298134,-0.970415749090402
2004-11-09,7.340347662144194,-5.096264854545837,-0.9666570677038163
2004-11-10,7.338607863486819,-5.095409315737426,-0.9648913969572822
2004-11-11,7.33863259742567,-5.099615411162935,-1.015900318192854
2004-11-12,7.341012225624132,-5.103155108604842,-1.0745652471610943
2004-11-16,7.344877138076647,-5.105960615454955,-1.1001966191728232
2004-11-17,7.348453001436235,-5.107879049217666,-1.0692737672612447
2004-11-19,7.349832792820837,-5.11047898812044,-1.0721324460632091
2004-11-22,7.351279824460772,-5.112955121299223,-1.073648956817259
2004-11-23,7.352639869972527,-5.11508966947998,-1.0765159508454738
2004-11-24,7.35414908354246,-5.11714709212869,-1.0907315116047402
2004-11-25,7.3637509687998985,-5.109860340232468,-1.124318118403077
2004-11-26,7.370767401501264,-5.109212679640268,-1.1860309235391764
2004-11-29,7.378161845017068,-5.110199189846791,-1.2362216131940893
2004-11-30,7.385766414450583,-5.112484554621447,-1.2878710306050125
2004-12-01,7.394661555702405,-5.1133397350754315,-1.2666460834441382
2004-12-02,7.400244399868619,-5.1007195482119325,-1.1858965136565551
2004-12-03,7.401318464310399,-5.092631677878979,-1.2099556806260845
2004-12-06,7.404880140703209,-5.084886757619708,-1.2659897678262453
2004-12-07,7.409295008063665,-5.071507511321487,-1.2303285625908187
2004-12-08,7.409614388516035,-5.060010559843226,-1.253207163877242
2004-12-09,7.407205669151144,-5.054092992065389,-1.2723476480988731
2004-12-10,7.404941591022016,-5.047641310717309,-1.276287194124656
2004-12-13,7.4055397964399585,-5.037549290118857,-1.2723596190626618
2004-12-14,7.4059812906709075,-5.033481888759852,-1.3370276085429647
2004-12-15,7.406576993508304,-5.026643943743649,-1.3106778103448837
2004-12-16,7.405021878139556,-5.01990940889171,-1.306888601927964
2004-12-17,7.403642052798496,-5.015986889643364,-1.3303663505290633
2004-12-20,7.401778042050826,-5.008670167332953,-1.2919512422898838
2004-12-21,7.39846991697659,-5.005034151663581,-1.2957783252338733
2004-12-22,7.396283106563291,-5.00569573585755,-1.3168021826274798
2004-12-23,7.394427746521353,-5.006786642875284,-1.3246291281963987
2004-12-24,7.389805657458201,-5.006087324985933,-1.2796079446433888
2004-12-27,7.3893382531436815,-4.9986545145715615,-1.2571220496047668
2004-12-28,7.396971501875253,-4.989090362169718,-1.3263290141973392
2004-12-29,7.4009105882675685,-4.984095485235384,-1.3615108587342915
2004-12-30,7.398023418282757,-4.988098285489561,-1.33488610071099
2004-12-31,7.395880630385611,-4.984020869885327,-1.3181100282884208
2005-01-03,7.393218771771363,-4.980310325606762,-1.3096743310067478
2005-01-04,7.392296305248825,-4.980310278603106,-1.34778228482647
2005-01-05,7.390769390866014,-4.975955976479792,-1.3099523116708334
2005-01-06,7.384727645177394,-4.976691646122328,-1.2956012934818897
2005-01-07,7.383555842639526,-4.977194168555345,-1.2779847468281234
2005-01-10,7.391591298712385,-4.983818780334145,-1.2444972224013087
2005-01-12,7.384957388001868,-4.980522017298106,-1.26503509374205
2005-01-13,7.381133070445804,-4.976336712395872,-1.2454932954488183
2005-01-14,7.37640819760552,-4.972540975657669,-1.2315281524384574
2005-01-17,7.371615930428105,-4.968763301971642,-1.2173064898398644
2005-01-18,7.366751589902893,-4.96470437294359,-1.2070015852466789
2005-01-19,7.362992788712826,-4.9594159711331045,-1.1955762513204427
2005-01-20,7.359665087292601,-4.95962201037101,-1.2340436663176064
2005-01-24,7.354908836272289,-4.965566763516257,-1.2402447505037109
2005-01-25,7.351346597788211,-4.963040208006755,-1.1739848731097178
2005-01-26,7.3464722686433355,-4.959128893080417,-1.1482622944539356
2005-01-27,7.337072805518672,-4.961470771147307,-1.1389470377303317
2005-01-28,7.333291302492246,-4.9627639266431345,-1.1534510740271247
2005-01-31,7.329323318323118,-4.962550048918785,-1.1309381656169386
2005-02-01,7.324508750834147,-4.961745720957655,-1.1097591503797133
2005-02-02,7.319554248320488,-4.961713067639643,-1.0939468184440424
2005-02-03,7.315636584798761,-4.963112631319066,-1.0949513024570208
2005-02-04,7.312583345094551,-4.961715533298563,-1.0720291820013992
2005-02-07,7.3092471708825935,-4.962001499184268,-1.154050964873683
2005-02-08,7.308496552169332,-4.961476774984675,-1.1622491593206887
2005-02-09,7.308209636961611,-4.960987260291402,-1.1803372499488585
2005-02-11,7.307885371685605,-4.957624986223604,-1.1039972800779418
2005-02-14,7.312950848750852,-4.953617689420587,-1.11598438374986
2005-02-15,7.313116941127134,-4.948157776304682,-1.1139097496379489
2005-02-16,7.312524137379039,-4.943744203364035,-1.1457670831134248
2005-02-17,7.313623998425952,-4.942194362294247,-1.1791502932261353
2005-02-18,7.314395674708537,-4.939544773338868,-1.1676621057954883
2005-02-21,7.316929907898268,-4.932516775733308,-1.175462381953373
2005-02-22,7.320034499751791,-4.927587730937192,-1.1965575265294328
2005-02-23,7.322052429365429,-4.923371417125647,-1.2193716632253522
2005-02-24,7.331900330340408,-4.9255785422428,-1.2229716966697295
2005-02-25,7.341110943628525,-4.928611111095271,-1.250504342090914
2005-02-28,7.349464099767473,-4.930433052043498,-1.2673034114769997
2005-03-01,7.356079990406592,-4.9347040853950395,-1.3076154305659502
2005-03-02,7.363058449936295,-4.938931475649569,-1.343035327927278
2005-03-03,7.36825364777028,-4.942252227785721,-1.371649904036438
2005-03-04,7.369477967007,-4.948369245492832,-1.389531048648693
2005-03-07,7.372518669806864,-4.957311030434632,-1.4227357320126068
2005-03-08,7.375255586108267,-4.962336538889416,-1.396584876513109
2005-03-09,7.374806147787468,-4.965842546380003,-1.445350535143228
2005-03-10,7.376452695128637,-4.969440798531515,-1.4613390370382453
2005-03-11,7.378678137010869,-4.972776547670981,-1.470438503394304
2005-03-14,7.381214059651026,-4.976214468599688,-1.5054684640509102
2005-03-15,7.384284032970104,-4.979099364212467,-1.4998160041153523
2005-03-16,7.386722448773121,-4.981240457051074,-1.505816522190904
2005-03-17,7.386852260582886,-4.9848066052940725,-1.4960445171482906
2005-03-18,7.38872333212495,-4.990870666466887,-1.5310934272577486
2005-03-21,7.390572812562679,-4.997587207130168,-1.5368596289489271
2005-03-22,7.391897718729031,-5.000135383893867,-1.5167642016174123
2005-03-23,7.392320481017178,-5.002172210244729,-1.5077678956117142
2005-03-24,7.393432978891821,-5.0068829622055695,-1.5424709938477754
2005-03-29,7.395675471603258,-5.01156602662434,-1.533927163855149
2005-03-30,7.397576897559985,-5.015735665041789,-1.5306286121744381
2005-03-31,7.390890986771837,-5.01295567409754,-1.5758465061773423
2005-04-01,7.394699811119598,-5.015434784255067,-1.6171055680034414
2005-04-04,7.3924189125847795,-5.012095520857006,-1.6124390765674301
2005-04-05,7.38768212387515,-5.006131316745017,-1.605848193363131
2005-04-06,7.382825608350529,-5.0008466855023075,-1.6235863513222464
2005-04-07,7.380944956439468,-4.995543382347343,-1.6520845944519698
2005-04-08,7.379796103938633,-4.990695818824409,-1.6535366674859056
2005-04-11,7.379212867085972,-4.986329626581694,-1.6592426582962772
2005-04-12,7.379504100277133,-4.981448150298602,-1.6592717422667023
2005-04-13,7.381123327130685,-4.975164849398301,-1.6716751186514218
2005-04-14,7.381388214596414,-4.969187404227043,-1.7014475352402274
2005-04-15,7.381489013083942,-4.965138464469611,-1.7228452477734504
2005-04-18,7.379586768814675,-4.959851436314292,-1.751043733877478
2005-04-19,7.378283480751037,-4.954757148061849,-1.755026025566831
2005-04-20,7.376924640779339,-4.952103352537929,-1.8060625250194386
2005-04-25,7.374406311335195,-4.948502154032465,-1.822102161533722
2005-04-26,7.371843984437537,-4.942661621965362,-1.7965967414615132
2005-04-27,7.370046342624331,-4.938297397756534,-1.7820320183374303
2005-04-28,7.369557377601299,-4.935555783872622,-1.753316038982256
2005-04-29,7.367320297164389,-4.932679301020908,-1.7378809854995847
2005-05-02,7.366237575919715,-4.931438742083665,-1.7260635919374858
2005-05-03,7.36304375670856,-4.928440891624414,-1.7380871854326594
2005-05-04,7.359881290434189,-4.92528158868479,-1.7311229151920706
2005-05-05,7.358924889335723,-4.92178816655052,-1.7225055366971587
2005-05-06,7.361038207523598,-4.917298964255166,-1.7404003184920231
2005-05-09,7.362267158319053,-4.914711277382847,-1.7531172276771736
2005-05-10,7.363184885544209,-4.915742126920455,-1.741172008931746
2005-05-11,7.363405478253566,-4.915939793317928,-1.7382153854557418
2005-05-12,7.360940010444319,-4.9124256466192975,-1.7236452675014742
2005-05-13,7.358640529389585,-4.91031804543186,-1.7273437848980582
2005-05-16,7.357490516541806,-4.9105208805693055,-1.762478739653027
2005-05-17,7.357645428276535,-4.909370583762329,-1.7708208399681165
2005-05-18,7.358578329175923,-4.907586366126338,-1.7821517521759895
2005-05-19,7.359790012316649,-4.905150783362151,-1.798132667306533
2005-05-20,7.359772973390112,-4.904165527653553,-1.790982590981185
2005-05-23,7.359550587219722,-4.903238854885199,-1.8036683670124751
2005-05-24,7.360247733723273,-4.901596428934836,-1.812018654119815
2005-05-25,7.359884865686226,-4.901003029601739,-1.8166553402919543
2005-05-26,7.360528150544366,-4.9000593204997385,-1.823728083184395
2005-05-27,7.361202576706983,-4.899698616786254,-1.8284693366404603
2005-05-30,7.3631111702133705,-4.898919732413432,-1.811304636931201
2005-05-31,7.364613022263667,-4.898985735089324,-1.8026228808302653
2005-06-01,7.363080686979685,-4.8989654864502805,-1.8203565450880983
2005-06-02,7.356620117555559,-4.891468081027778,-1.8242481688446108
2005-06-03,7.354132591826807,-4.886708833299684,-1.812569147685619
2005-06-06,7.349123659213279,-4.883085456458288,-1.859380561500155
2005-06-07,7.345313457255811,-4.875828785568913,-1.82115970512522
2005-06-08,7.340535053555194,-4.872459028352387,-1.834198555177896
2005-06-09,7.336797113277815,-4.867297199886233,-1.8263451996513536
2005-06-10,7.3319143383166585,-4.861871871174126,-1.8186296593579632
2005-06-13,7.3271919251150015,-4.856894880441021,-1.8084864569186747
2005-06-14,7.322956978798336,-4.852665962167241,-1.8012273872836324
2005-06-15,7.318838045730425,-4.847537583006426,-1.7821032227547604
2005-06-16,7.314656335606798,-4.843340648985907,-1.7474249757285147
2005-06-17,7.309899691246892,-4.840413222130352,-1.7342386851145073
2005-06-20,7.30608123016479,-4.839679201682198,-1.7494911508503814
2005-06-21,7.303315416684627,-4.837681413556077,-1.7371413164474268
2005-06-22,7.299869259635769,-4.833783799787726,-1.6903478437243724
2005-06-23,7.295306120247533,-4.829760039088195,-1.6861918548270942
2005-06-24,7.301153819761876,-4.817756194656008,-1.7204551655087463
2005-06-27,7.3110592722000325,-4.799499645420369,-1.7631036188810085
2005-06-28,7.319391524221176,-4.781263693125932,-1.8089573268297616
2005-06-29,7.324843739623912,-4.764871657001136,-1.8431790383089572
2005-06-30,7.32821636741598,-4.750961141479626,-1.8771930292007313
2005-07-01,7.330265271297357,-4.740675520711595,-1.8917686203185733
2005-07-04,7.330878537873395,-4.731799133921197,-1.9050389101073002
2005-07-05,7.328936709302022,-4.7259357761634515,-1.9065470856509152
2005-07-06,7.326113967661617,-4.718557590226632,-1.8970570103580195
2005-07-07,7.3227868397324665,-4.712052133457096,-1.8977341793954259
2005-07-08,7.319896611941693,-4.706208882748972,-1.911388369706928
2005-07-11,7.3171005749849,-4.700671407429476,-1.9061279625158816
2005-07-12,7.314629245768696,-4.696445873416727,-1.9053244280743988
2005-07-13,7.312976425718408,-4.691543821813768,-1.9045851617424039
2005-07-14,7.312118487256166,-4.691973777002444,-1.9209782900966235
2005-07-15,7.312261094530749,-4.692801121577265,-1.939051598318799
2005-07-18,7.312922793160955,-4.693513833873987,-1.9452326159361486
2005-07-19,7.313224330084774,-4.692770535334435,-1.930196584644227
2005-07-20,7.304393566496102,-4.700758800952052,-1.8978580919969064
2005-07-21,7.296997515901459,-4.705953965565258,-1.8509565510220687
2005-07-22,7.291363895255568,-4.711604722290692,-1.8363395618406524
2005-07-25,7.2872043559950646,-4.71585216887753,-1.820216052852304
2005-07-26,7.28397194507778,-4.719121371662596,-1.8040198964134277
2005-07-27,7.2813820464494095,-4.721923510015591,-1.7892694346406806
2005-07-28,7.278967025552812,-4.723173024450283,-1.7529025855445761
2005-07-29,7.273922863243296,-4.728915751078738,-1.7367821981293854
2005-08-01,7.269856272214402,-4.73330805343357,-1.7187633778946625
2005-08-02,7.26681043391115,-4.737327168881009,-1.707242435979282
2005-08-03,7.26433380175967,-4.74036213109098,-1.6949207875459953
2005-08-04,7.263435667026878,-4.740452822942745,-1.668989791269668
2005-08-05,7.292477162157183,-4.712116924844586,-1.7765090225704212
2005-08-08,7.313497891271861,-4.688586465426979,-1.8888487801988227
2005-08-09,7.330260387076805,-4.670309907614184,-1.9891889863891659
2005-08-10,7.344386351598391,-4.655192272877875,-2.0959708638140917
2005-08-11,7.338357163764593,-4.661703201161808,-2.049896104158628
2005-08-12,7.332528314144198,-4.667483221238036,-2.014943989069378
2005-08-15,7.32845970545518,-4.673232416067308,-2.0065826648090836
2005-08-16,7.335425632006882,-4.666028210586793,-2.0353412649410525
2005-08-17,7.342502505396157,-4.658761751757197,-2.071439388829914
2005-08-18,7.335471541838515,-4.663893264512493,-2.04953301517535
2005-08-19,7.335805239490938,-4.662415737091257,-2.0554231850569677
2005-08-22,7.335986078382925,-4.661073259316783,-2.0583491972038814
2005-08-23,7.3352920660846745,-4.658212773727122,-2.047780249848286
2005-08-24,7.333384807487116,-4.653813068512117,-2.0128193044172886
2005-08-25,7.332023793886651,-4.652337832761434,-1.9969730917114972
2005-08-26,7.330240326181699,-4.650840905173463,-1.9905684584905528
2005-08-29,7.330998846701487,-4.643319375165805,-1.9789752093330326
2005-08-30,7.33066381461566,-4.63724368873799,-1.975398843835586
2005-08-31,7.329479676914604,-4.631982323103332,-1.9712499147524474
2005-09-01,7.328460437668068,-4.626622731789627,-1.9604885627282904
2005-09-02,7.325420891322971,-4.622331927706351,-1.9522014921078175
2005-09-05,7.322398839223489,-4.61823181898076,-1.9475718508895414
2005-09-06,7.319389663534688,-4.614341077717699,-1.9426332682210747
2005-09-07,7.316405379198644,-4.611010866887674,-1.9361083455493076
2005-09-08,7.312699485044785,-4.601060032290814,-1.8825047591612296
2005-09-09,7.306086396475021,-4.599888940627282,-1.90454174385627
2005-09-12,7.301459806203501,-4.598240921272399,-1.9027900318562097
2005-09-13,7.301697452854526,-4.594256778972027,-1.908276662130601
2005-09-14,7.301525372515055,-4.590315476988464,-1.9092966746186923
2005-09-15,7.302404041304919,-4.587872285559528,-1.930097691181446
2005-09-16,7.303367943045253,-4.5860516433942236,-1.9400104115326533
2005-09-19,7.303642160854354,-4.585263617951874,-1.9435955463089287
2005-09-20,7.303295546469821,-4.5842682672928765,-1.947405831021375
2005-09-21,7.302277419740923,-4.580937067567173,-1.9320500452702638
2005-09-22,7.301025357854413,-4.581578218070985,-1.9600274809283085
2005-09-23,7.301383128877886,-4.581200154979752,-1.9686306366873123
2005-09-26,7.300872115480451,-4.5789417686371685,-1.9458855113615894
2005-09-27,7.298785453796536,-4.577661179964421,-1.9277794566967366
2005-09-28,7.296708742386803,-4.5768669719109685,-1.9373255641651574
2005-09-29,7.300214278065835,-4.580837882963862,-1.9066026162117065
2005-09-30,7.304141306150659,-4.581509609779524,-1.8970293041111728
2005-10-03,7.306680588406413,-4.581903642877067,-1.8955406893432487
2005-10-04,7.309128804563079,-4.582503921677905,-1.8991539427346142
2005-10-05,7.311129041941906,-4.58439252156518,-1.9119702825728946
2005-10-06,7.31189312724731,-4.586289776591006,-1.9212980285139298
2005-10-07,7.315391666855985,-4.590621111821006,-1.9992622471502122
2005-10-10,7.3207722885503275,-4.594918829690271,-2.022094121421195
2005-10-11,7.327086563412333,-4.59577789185238,-2.040249598726239
2005-10-12,7.332438859259255,-4.5971419839262015,-2.0560464761901778
2005-10-13,7.336179505817237,-4.59706105588995,-2.041026559095414
2005-10-14,7.3370418783219185,-4.599647819247401,-2.034611096163872
2005-10-17,7.337849067978814,-4.601955329555038,-2.032364726991158
2005-10-18,7.338636651311885,-4.60426888709333,-2.0303888758818642
2005-10-19,7.338874222472219,-4.607703292588786,-2.0376197794020485
2005-10-20,7.340385203360723,-4.611853261300725,-2.068547313742896
2005-10-21,7.342898083184577,-4.615721508272791,-2.068175443200328
2005-10-24,7.345237766376552,-4.6174226045421785,-2.0817989091092355
2005-10-25,7.3462233909112795,-4.61737837037018,-2.0656110993936463
2005-10-26,7.346533664672647,-4.617992389363205,-2.0592021264182834
2005-10-27,7.346691112585041,-4.619854242201645,-2.0514305792784255
2005-10-28,7.341231626580406,-4.618866502427374,-2.062060434164395
2005-10-31,7.33700709289827,-4.616860545915805,-2.056405481021588
2005-11-01,7.333504293380929,-4.6148704951430695,-2.0463943429462206
2005-11-02,7.330047380820667,-4.612927346600212,-2.034868777673967
2005-11-03,7.32551973744989,-4.610582724871832,-2.0362071815955187
2005-11-07,7.321717555589615,-4.608336197588943,-2.0305717488131516
2005-11-08,7.321874554216219,-4.603529142735581,-2.0360738407135535
2005-11-09,7.32298793781832,-4.605532268522009,-2.0924383989665447
2005-11-10,7.321718262630296,-4.603024001552569,-2.126808543781251
2005-11-11,7.321493471007295,-4.599218582293142,-2.116107815836202
2005-11-14,7.320132461034355,-4.595477143572173,-2.1150613852621896
2005-11-15,7.317996423562991,-4.5916870478606135,-2.1150530576493267
2005-11-21,7.3155985914944655,-4.5891669074861285,-2.112267518869028
2005-11-22,7.314654270989586,-4.588135656136037,-2.107369549700912
2005-11-23,7.313816723581676,-4.587028604470127,-2.104884933754889
2005-11-24,7.311758788428325,-4.586911823333382,-2.0844131581374468
2005-11-25,7.308287995549576,-4.5900607820867085,-2.0829061561295563
2005-11-28,7.3058121831660685,-4.592626873499715,-2.0726814275045538
2005-11-29,7.304132081989622,-4.595090794558142,-2.0624948245101935
2005-11-30,7.302608095106534,-4.596933865568578,-2.0542607577605305
2005-12-01,7.301357275033905,-4.598738854557281,-2.0455905013792566
2005-12-02,7.3006589040619625,-4.598626705811931,-2.040649046868331
2005-12-05,7.303704954737816,-4.594268181583157,-2.047650033046203
2005-12-06,7.300260868268258,-4.586445821696783,-2.015786891192931
2005-12-07,7.295842211571286,-4.579355504755359,-2.0031408628860032
2005-12-08,7.2921337037201095,-4.576518254758885,-2.029558053248799
2005-12-09,7.2898007698845495,-4.573626402908725,-2.0344798392265075
2005-12-12,7.2884935063665655,-4.567925620151564,-2.0177255638330287
2005-12-13,7.28495640103725,-4.564906683350653,-1.998137607354329
2005-12-14,7.2811113962130305,-4.562141189619434,-2.003711033681991
2005-12-15,7.280722202027321,-4.556425812770893,-2.000865344034172
2005-12-16,7.279595847351063,-4.551496685495497,-2.002183594279216
2005-12-19,7.277599793314077,-4.546564008733306,-2.0262356717102707
2005-12-20,7.279571856486233,-4.539540640658602,-2.046683869487629
2005-12-21,7.280349658964959,-4.532442966991414,-2.048106278733129
2005-12-22,7.280054343844012,-4.526648009369606,-2.0519773022254104
2005-12-23,7.279556879515895,-4.521609918183498,-2.0519228143525106
2005-12-27,7.27831752437638,-4.5171161519441085,-2.055992875004938
2005-12-28,7.277267562021272,-4.513117026076635,-2.0618864073031284
2005-12-29,7.278208216640067,-4.511052101964695,-2.07812637188425
2005-12-30,7.27898187947477,-4.5093680697306935,-2.0850816113099357
2006-01-02,7.280201344742654,-4.510894242901373,-2.1220163118238453
2006-01-03,7.282241468918809,-4.513315578639902,-2.1438617463977594
2006-01-04,7.284310113252566,-4.514236180724106,-2.142181775350203
2006-01-05,7.285366677944917,-4.514059816862334,-2.1433770613188416
2006-01-06,7.285988758118753,-4.510746091947134,-2.1345556794498117
2006-01-09,7.2864825749462625,-4.5074462545126925,-2.1538125130819905
2006-01-10,7.287102120737896,-4.503194373387374,-2.158357833267829
2006-01-13,7.287348862793015,-4.499998156326316,-2.186134174209812
2006-01-16,7.28795429660975,-4.497114772619373,-2.199710150757198
2006-01-17,7.286671231763088,-4.493189742571727,-2.2066909320050874
2006-01-18,7.2860822478000635,-4.492972259340979,-2.2671502837607704
2006-01-19,7.287258331711005,-4.492421369702948,-2.2865134670508094
2006-01-20,7.2888555347682304,-4.493177989812521,-2.3021429938290585
2006-01-23,7.289843598378617,-4.493255258606976,-2.3144209764741124
2006-01-24,7.291531856573811,-4.492648423037222,-2.3297140137139274
2006-01-25,7.291092032553263,-4.493943633769467,-2.3406846495690665
2006-01-26,7.268690184834519,-4.478753992769752,-2.432964840724625
2006-01-27,7.2525469710971615,-4.464227828516302,-2.4460995790487803
2006-01-30,7.2387729042965905,-4.450786290552689,-2.4306590196423183
2006-02-01,7.2252896552989645,-4.438031204935162,-2.3996972730720016
2006-02-02,7.211101149638213,-4.42772547515876,-2.366026933367408
2006-02-03,7.19804392044734,-4.416094750704076,-2.340410375665604
2006-02-06,7.175868639493696,-4.39977615695622,-2.336502403967565
2006-02-07,7.156866944011722,-4.383824204748705,-2.308409721935434
2006-02-08,7.137051776658063,-4.367486245592697,-2.2817326826136073
2006-02-09,7.117426890856083,-4.354781848966708,-2.2511712619376345
2006-02-10,7.1010595466112685,-4.339469803798206,-2.210402049772121
2006-02-13,7.086606096188113,-4.328406297031291,-2.2151444189721015
2006-02-14,7.075652919373767,-4.318026946372629,-2.2064076841624263
2006-02-15,7.06586820457867,-4.308549672354275,-2.1904403996675956
2006-02-16,7.055463291187509,-4.2964852865494025,-2.1382052812465133
2006-02-17,7.044731006341852,-4.286090240331666,-2.1089314595211226
2006-02-20,7.033552626443982,-4.276564022849881,-2.081768132756051
2006-02-21,7.027410724323515,-4.266141015538088,-2.18659756830668
2006-02-22,7.014658467814266,-4.263890665587136,-2.178389949077393
2006-02-23,6.993060509718297,-4.253488491255486,-2.1767124312845887
2006-02-24,6.972787421700506,-4.2404432839824295,-2.151875681093105
2006-02-27,6.957159217423374,-4.230947293518363,-2.114840328399264
2006-02-28,6.938297531987144,-4.2201128422683185,-2.0788811502295736
2006-03-01,6.921260557362136,-4.2093287738025955,-2.0391049689548146
2006-03-02,6.906185054777408,-4.201161201227023,-2.0513220810565658
2006-03-03,6.893817325760398,-4.194033837431077,-2.0337010684557306
2006-03-06,6.8705805648255325,-4.178881301339113,-2.030433104916994
2006-03-07,6.844144490984263,-4.156287771424945,-2.0112204435300187
2006-03-08,6.808993579607076,-4.1283829165764265,-2.1351587198871633
2006-03-09,6.7863808530293435,-4.102826394699577,-2.142823182188806
2006-03-10,6.765480804463843,-4.078821648400641,-2.133836309030004
2006-03-13,6.746545721720851,-4.0571634031728925,-2.107901311728412
2006-03-14,6.727079855282271,-4.036216505144865,-2.0751138638481144
2006-03-15,6.716279059373012,-4.01036162907744,-2.074468556277496
2006-03-16,6.703326449999933,-3.991738075263336,-2.082969863516304
2006-03-17,6.690423333888309,-3.9722221153773205,-2.049472400128383
2006-03-20,6.676809882422235,-3.9538399237703774,-2.0128525765604386
2006-03-21,6.6674308620925355,-3.932690789123408,-2.0014497324722442
2006-03-22,6.658957838656485,-3.9151373507980365,-1.9896437964519553
2006-03-23,6.64762708103909,-3.8988517500241944,-2.005338389530819
2006-03-24,6.637556726058264,-3.884154991914843,-1.996944400927868
2006-03-27,6.627855285992073,-3.8708945748827466,-1.984434957420791
2006-03-28,6.619064313862676,-3.857129587501489,-1.9709225378295188
2006-03-29,6.597266347059494,-3.857214758699652,-1.9021837350542676
2006-03-30,6.580010035150088,-3.8548104912458743,-1.841601973703695
2006-03-31,6.565181594125952,-3.850858235770725,-1.7870671076337463
2006-04-03,6.553591896593953,-3.848401543506129,-1.77261508002236
2006-04-04,6.5425463144428875,-3.8453466789146997,-1.741090965139278
2006-04-05,6.532989726937433,-3.8420882727192227,-1.7156471825999213
2006-04-06,6.522694555898491,-3.8403063068619083,-1.673183479407061
2006-04-07,6.52127009684179,-3.8316141354335187,-1.6653421148299565
2006-04-10,6.51960790558387,-3.8246696584120965,-1.6955653370771837
2006-04-13,6.518582867576849,-3.81824106980849,-1.683035793925723
2006-04-18,6.508534747417287,-3.8199540128212646,-1.6432089763684044
2006-04-19,6.499163161664931,-3.8211862858991306,-1.606419708915648
2006-04-20,6.4889400913453645,-3.818846003462399,-1.5831910894529804
2006-04-21,6.47987320283447,-3.8182096734172775,-1.581402672052139
2006-04-24,6.47279732276398,-3.816936272671664,-1.5660960038935134
2006-04-25,6.4668176840581655,-3.8135882949781688,-1.5711895295914644
2006-04-26,6.461570491818822,-3.8107513328007157,-1.5584615670353006
2006-04-27,6.455244727024689,-3.8061362688801736,-1.5491065127254307
2006-04-28,6.449620455191341,-3.802587100495677,-1.541220781268566
2006-05-02,6.444812885520433,-3.7989188397302844,-1.5664008645681147
2006-05-03,6.448374139048825,-3.7906693385896184,-1.5854303892806019
2006-05-04,6.447186070028939,-3.7806788248853995,-1.6446822130545058
2006-05-05,6.4445602563812665,-3.7727066239802522,-1.6631799054163476
2006-05-08,6.442597406604334,-3.766499389475937,-1.6794715306361516
2006-05-09,6.436531750752665,-3.7642709242229664,-1.668376376348692
2006-05-10,6.4285545704291875,-3.7668604086015938,-1.6317672952174214
2006-05-11,6.421532487857751,-3.766926314013354,-1.705177203128248
2006-05-12,6.408141375847693,-3.7596294060258617,-1.744826764855152
2006-05-15,6.3986531952751315,-3.752832984880645,-1.810454864885554
2006-05-16,6.391939714015148,-3.746855536271149,-1.7640275885228807
2006-05-17,6.380126370137135,-3.7457927203853854,-1.7238971459047951
2006-05-18,6.369913950599316,-3.744695039894156,-1.6633861077455323
2006-05-19,6.356174839147368,-3.739953062053303,-1.7159894371936215
2006-05-22,6.346487318014956,-3.734485863270725,-1.7163400674851639
2006-05-23,6.338385081421173,-3.728420476152336,-1.7095738578720194
2006-05-24,6.330401979242396,-3.7232859486104966,-1.692302595995979
2006-05-25,6.322333441196312,-3.7172601301644677,-1.6155861275060017
2006-05-26,6.313545529168584,-3.7120175543208376,-1.6023123599151219
2006-05-29,6.3059002027124516,-3.706462455774329,-1.5829097892055768
2006-05-30,6.2989268402128,-3.7015683810466613,-1.5695359710250196
2006-05-31,6.292657546582227,-3.697370057353926,-1.553980164562365
2006-06-01,6.277781232449742,-3.6889978006903843,-1.5895469665995516
2006-06-02,6.266560966213226,-3.682689640201971,-1.6429601158513025
2006-06-05,6.258599569489642,-3.6756879848849455,-1.6461310877510478
2006-06-06,6.252946660327043,-3.6683063734128747,-1.6426557413699279
2006-06-07,6.247374478891585,-3.6613938424215005,-1.5921764851141103
2006-06-08,6.240905108124937,-3.655433462921257,-1.566401354451901
2006-06-09,6.233752195564018,-3.6502094228930138,-1.555077486841628
2006-06-12,6.227442157020473,-3.6460472253358125,-1.5744529978523047
2006-06-13,6.22260792317344,-3.641792478717755,-1.565642152269074
2006-06-14,6.217975083647764,-3.637402212354927,-1.5536249100270734
2006-06-15,6.213437515170174,-3.633406161814527,-1.54192542138284
2006-06-16,6.209179141479204,-3.630451373843036,-1.532019816218265
2006-06-19,6.205320412172117,-3.627539602028706,-1.5231792506563488
2006-06-20,6.2015895254397115,-3.6259910263514774,-1.516705590489583
2006-06-21,6.19791207966179,-3.6258043193656464,-1.522132356609075
2006-06-22,6.194343249200294,-3.6265013089474056,-1.506619038698761
2006-06-23,6.191289278031796,-3.627078648033577,-1.4938579615360001
2006-06-26,6.187593151081153,-3.6266410101477753,-1.5035956133623283
2006-06-27,6.183968650471626,-3.627590869729396,-1.496676543442446
2006-06-28,6.180315949438853,-3.6294280158350825,-1.4974262407720014
2006-06-29,6.177670574276266,-3.630661380296301,-1.489848581022978
2006-06-30,6.1753614732944,-3.631414466169191,-1.4668144609825435
2006-07-03,6.172864691169791,-3.632031907172233,-1.4513589643490954
2006-07-04,6.170284890468029,-3.6326632592494033,-1.4327847055859582
2006-07-05,6.168035690508386,-3.6346079089517502,-1.4341272822978572
2006-07-06,6.166744795064321,-3.635981442363365,-1.4262510809598088
2006-07-07,6.165372607320212,-3.6374617883818776,-1.419668014199663
2006-07-10,6.164282235706568,-3.638361218059392,-1.4148160899940565
2006-07-11,6.165414591316069,-3.637554627501221,-1.4247986086907165
2006-07-12,6.166727686977051,-3.63689938936843,-1.4341192835041008
2006-07-13,6.167964291044329,-3.636647132791051,-1.4399824378719086
2006-07-14,6.169256658552131,-3.636321312663486,-1.4476678159880132
2006-07-17,6.170605919676564,-3.6357349566455692,-1.457414050522992
2006-07-18,6.172033877983415,-3.635621765723984,-1.465872220164764
2006-07-19,6.173690800744977,-3.636229119447068,-1.507157697830126
2006-07-20,6.1774913096260065,-3.6428107235499554,-1.5784936590226644
2006-07-21,6.183332770505463,-3.648307737571463,-1.6118503641788111
2006-07-24,6.188687984290581,-3.649875696542568,-1.6186006151517736
2006-07-25,6.193150885034331,-3.6515619527624477,-1.6293652475311462
2006-07-26,6.196273143955053,-3.6541083534001357,-1.6377111736773682
2006-07-27,6.199820801657594,-3.660621158992315,-1.67370247025722
2006-07-28,6.204706994178264,-3.6661478900254822,-1.6955980162260773
2006-07-31,6.209474524112358,-3.6708278110030483,-1.7078219203831326
2006-08-01,6.227620232803554,-3.6626217870240017,-1.7698741539495657
2006-08-02,6.242640317611583,-3.6590398874172982,-1.8363471659230959
2006-08-03,6.257142843899485,-3.660234129672969,-1.9876150004299677
2006-08-04,6.272488504858391,-3.662303751463805,-2.027692068734246
2006-08-07,6.285735382038593,-3.664524435972787,-2.071579641284995
2006-08-08,6.29909047466991,-3.664724878563255,-2.091605934994608
2006-08-09,6.310137828248837,-3.6652326171196092,-2.15133261245851
2006-08-10,6.321318924766666,-3.6683515897823793,-2.2446790838850896
2006-08-11,6.320172891631249,-3.6739353327897,-2.2773724994279396
2006-08-15,6.329049357866824,-3.6709551598022556,-2.314236668905361
2006-08-16,6.3366966537582385,-3.6691181771737993,-2.3464973310024457
2006-08-17,6.344526527334856,-3.665516097492965,-2.3983762387323413
2006-08-18,6.351077015589007,-3.660924396998685,-2.4184003036957074
2006-08-22,6.3570452879305845,-3.6506545329463997,-2.407625731073537
2006-08-23,6.3602342668010285,-3.641354551908357,-2.423976257459743
2006-08-24,6.359919395158912,-3.6315642149010947,-2.4721895352110628
2006-08-25,6.359774689139341,-3.622951734368125,-2.4947843790812683
2006-08-28,6.36003358237161,-3.618919724311129,-2.561526730624718
2006-08-29,6.354357179944594,-3.627227754687307,-2.58920123617297
2006-08-30,6.351730474385851,-3.63401459731166,-2.583794007562624
2006-08-31,6.332640573422483,-3.663289400927219,-2.5463378918674104
2006-09-01,6.3206922979047695,-3.687267936493891,-2.4993557256367906
2006-09-04,6.314420494344835,-3.7015882073627755,-2.4297298331870483
2006-09-05,6.311342491353189,-3.7086506095678837,-2.387452498716639
2006-09-06,6.308597856385991,-3.71488799012334,-2.3605011455476337
2006-09-07,6.261434385700307,-3.688327174080144,-2.4717504836577437
2006-09-08,6.225361514990101,-3.662190913421265,-2.450414347416621
2006-09-11,6.19335916079546,-3.636597832005229,-2.513202432196135
2006-09-12,6.168178546152763,-3.6109597709073022,-2.4954539555306035
2006-09-13,6.1459041224530395,-3.5877952992702107,-2.467183506515709
2006-09-14,6.1250119732349235,-3.567059848578326,-2.4399242848918306
2006-09-15,6.105632809113337,-3.5488283786909887,-2.414923613276115
2006-09-18,6.088327107909167,-3.5328657819431553,-2.4150752766433428
2006-09-19,6.073016307162947,-3.523145133944346,-2.4889292424343017
2006-09-20,6.062460262978424,-3.512247286996161,-2.497309190244404
2006-09-21,6.053365562282426,-3.501965585904703,-2.4899655530585094
2006-09-22,6.0452124560493665,-3.4918562179405774,-2.4787502692831636
2006-09-25,6.03813274667775,-3.4806671291089955,-2.4689393100279
2006-09-26,6.031016510687748,-3.4701216760439237,-2.459687922027902
2006-09-27,6.0214098459592424,-3.4599345560427803,-2.417704381452851
2006-09-28,6.011663225570081,-3.4505722120863807,-2.391041347637123
2006-09-29,6.002362030297376,-3.4477364162880875,-2.4047068634727986
2006-10-02,5.994792964163508,-3.443198757900332,-2.4027575810680997
2006-10-03,5.988020850148027,-3.4405520577571322,-2.3949355531341436
2006-10-04,5.984108376233876,-3.4376083372292947,-2.4444838769039596
2006-10-05,5.985646236585032,-3.433720517497097,-2.4909570105098346
2006-10-06,5.987028786175161,-3.4331424200915213,-2.5212249387646075
2006-10-09,5.9889934275018275,-3.4330284215099267,-2.5356964560249082
2006-10-10,5.98989757192323,-3.4302098758442927,-2.5123303561159367
2006-10-11,5.989513148958677,-3.4283948620707285,-2.5052110023319725
2006-10-12,5.988600741211106,-3.4266513183316163,-2.493109454875219
2006-10-13,5.987317845280477,-3.425092863653167,-2.487480108341198
2006-10-16,5.985146236643588,-3.425259743580731,-2.482243990617934
2006-10-17,5.985356834171671,-3.426621650145232,-2.5119328716655223
2006-10-18,5.986494262928954,-3.427444032879567,-2.524033201946918
2006-10-19,5.987500662440649,-3.427170938460706,-2.523167670446148
2006-10-20,5.985171771279449,-3.430728396554494,-2.5179856531939926
2006-10-23,5.982159377430656,-3.429688367138065,-2.441103850897294
2006-10-26,5.977460023498367,-3.4290984835945975,-2.4041225820674157
2006-10-27,5.9725849417092105,-3.428254700689088,-2.3808027496015027
2006-10-30,5.969872008773881,-3.4275304107038815,-2.367782435574464
2006-10-31,5.965892151279779,-3.4221909252191516,-2.313213201924597
2006-11-01,5.960510329871117,-3.4176584856790506,-2.2854939878152147
2006-11-02,5.8837595778496965,-3.3618355472342984,-2.7321787784126763
2006-11-03,5.831335323702496,-3.3076474384592727,-2.8122593105364797
2006-11-07,5.7885947587993725,-3.26770801899956,-2.865658779374118
2006-11-08,5.740555186949145,-3.2244960940623035,-2.858167808861704
2006-11-09,5.698698710864591,-3.1850191332176636,-2.8178799716085927
2006-11-10,5.66318795370759,-3.1454911016108347,-2.72804115270609
2006-11-13,5.628812409712321,-3.1089509134302395,-2.6562388652766566
2006-11-14,5.592591784255853,-3.072905656978097,-2.5789133715139925
2006-11-15,5.558174292745493,-3.039254572802685,-2.5061054740499977
2006-11-16,5.528154700136478,-3.016889714136663,-2.5744501535711404
2006-11-17,5.499084551440535,-2.996499547085263,-2.5907919035674922
2006-11-20,5.4746921933298704,-2.976802246108993,-2.557841234570749
2006-11-21,5.4482965919510455,-2.9611190248201384,-2.5383541968600554
2006-11-22,5.4259129958669705,-2.943866919081077,-2.4858174390760124
2006-11-23,5.405294219242113,-2.927621270040112,-2.4374966284403725
2006-11-24,5.377673410277284,-2.917147982692594,-2.399053989151303
2006-11-27,5.353074009163181,-2.908441135088573,-2.34631768583862
2006-11-28,5.334630130775992,-2.8921411376503006,-2.2833381836376483
2006-11-29,5.316807100438769,-2.873793277485446,-2.232846172385542
2006-11-30,5.292682634234653,-2.860864764183765,-2.275228391739438
2006-12-01,5.275446529391741,-2.8478592099622397,-2.281893886630957
2006-12-04,5.260922901482066,-2.835382360189176,-2.2632885173223376
2006-12-05,5.249197506703722,-2.82102535939682,-2.2427828368834093
2006-12-06,5.237832131193889,-2.8078768206216314,-2.221964539577632
2006-12-07,5.226647932492427,-2.797042641568492,-2.238034310958805
2006-12-08,5.218662304025465,-2.789492366109246,-2.229602648139222
2006-12-11,5.210611328606238,-2.7811738780296302,-2.2212595986821073
2006-12-12,5.2035768290548345,-2.7750111063933964,-2.197605536859078
2006-12-13,5.196903229433352,-2.7702342501788118,-2.182682500616185
2006-12-14,5.188751140130944,-2.7641589071113333,-2.189832302937183
2006-12-15,5.181655484017286,-2.758516208935981,-2.201536096836089
2006-12-18,5.175901437890038,-2.7530885852603477,-2.197684321085504
2006-12-19,5.170799515665128,-2.7483119097546362,-2.1768629848380194
2006-12-20,5.165870027120612,-2.744312367533421,-2.162731050258483
2006-12-21,5.155498832888356,-2.7453848930543123,-2.1564741254313433
2006-12-22,5.157140742794969,-2.738528893995077,-2.1601332739306978
2006-12-27,5.159410774984534,-2.729791012474761,-2.178841848596413
2006-12-28,5.1607705868257,-2.7227881355936137,-2.194850787557164
2006-12-29,5.1639739915265315,-2.7141920526673182,-2.1714125406584803
2007-01-02,5.165338436862179,-2.707632752003839,-2.172554487496403
2007-01-03,5.165700926383622,-2.701935093953442,-2.180197441523206
2007-01-04,5.165519813848945,-2.6972909316719442,-2.1905074841261785
2007-01-05,5.17533250100214,-2.681718328060069,-2.2224752387329083
2007-01-08,5.187089341690351,-2.6619329755285257,-2.261092653532431
2007-01-09,5.179816207742354,-2.6604627145104316,-2.2921958780638363
2007-01-10,5.177202020846736,-2.655294309493142,-2.226377295116073
2007-01-12,5.172727521338577,-2.651106849462138,-2.1980467848177696
2007-01-15,5.16819744062135,-2.637941846716877,-2.2015032578607046
2007-01-16,5.163208514974964,-2.62627155707907,-2.201985979500844
2007-01-17,5.162041800777396,-2.619107863990989,-2.171123902867378
2007-01-18,5.163104275128198,-2.6069452182318216,-2.174174348421201
2007-01-19,5.156369246290213,-2.604960347883831,-2.2020492907307636
2007-01-22,5.147227002616623,-2.6058360653284725,-2.2141327994121847
2007-01-23,5.152099490447983,-2.5978341366454876,-2.22609137197373
2007-01-24,5.155161400583216,-2.5911245064531983,-2.2433031714874963
2007-01-25,5.154773739921617,-2.585852233970489,-2.2684248882077553
2007-01-26,5.155382978809576,-2.582238049153449,-2.279941198143051
2007-01-29,5.1545207381059015,-2.581722332603502,-2.2905590959841473
2007-01-30,5.154394423638174,-2.581861542972897,-2.2967788114624463
2007-01-31,5.154437873441834,-2.5817532387324444,-2.2990025047148617
2007-02-01,5.157275824245989,-2.579570374024636,-2.3105333628268374
2007-02-02,5.159408440174947,-2.573918178495434,-2.299003067814782
2007-02-05,5.164439948870728,-2.5654812018303037,-2.3259786443449926
2007-02-06,5.169728228563356,-2.5584921873971003,-2.3449658547165773
2007-02-07,5.1739044068283135,-2.5531198654059337,-2.369387121880599
2007-02-08,5.176434453018192,-2.54867519460575,-2.394967608544709
2007-02-09,5.179150808782514,-2.543559979824378,-2.405037471109551
2007-02-12,5.180103202899285,-2.538364818774147,-2.4109182724697766
2007-02-13,5.179647549596868,-2.534243286175374,-2.4177483833488544
2007-02-14,5.178388108116085,-2.5310415562645012,-2.416131898980721
2007-02-15,5.176710138816718,-2.5278744682332572,-2.412998037436084
2007-02-16,5.176304680256219,-2.525116621491692,-2.407469686263048
2007-02-19,5.1762392498179155,-2.5213780074364815,-2.4111414551976615
2007-02-20,5.177870011006856,-2.519693587544066,-2.4023454792203736
2007-02-21,5.178703414807125,-2.518527557416312,-2.4023858614012474
2007-02-22,5.179350423578309,-2.5170983420947692,-2.4002828601003916
2007-02-23,5.17908191717331,-2.5181557363060825,-2.413665223307742
2007-02-26,5.178531341330977,-2.517352901658506,-2.4146635217317782
2007-02-27,5.178259550078526,-2.5148723643122515,-2.414975814464188
2007-02-28,5.178240542209245,-2.5123054784154406,-2.4213110315056183
2007-03-01,5.17991533452879,-2.511075569843063,-2.4309803070755374
2007-03-02,5.1810324828555165,-2.5097107948080146,-2.425575382999948
2007-03-05,5.181813241952412,-2.5087544585397734,-2.428340401869037
2007-03-06,5.1807325882062925,-2.507279029540376,-2.4248803389114113
2007-03-07,5.18027478263734,-2.5038439962375465,-2.4005354611481735
2007-03-08,5.1793630913835536,-2.5024964921420683,-2.3976879389101122
2007-03-09,5.178026706432723,-2.5008938544182757,-2.3853549049848968
2007-03-12,5.176894427400859,-2.4994742550056848,-2.37808662623195
2007-03-13,5.175938122629063,-2.498750366695812,-2.3947258084511276
2007-03-14,5.176046712509126,-2.4980314077455015,-2.3981032418280184
2007-03-15,5.176138088681492,-2.497145736465384,-2.401639588743453
2007-03-16,5.1762022557151575,-2.496552863098915,-2.403062685714896
2007-03-19,5.176677054034485,-2.495596119383825,-2.392430346213243
2007-03-20,5.175899267270525,-2.4947626450843,-2.388441092040388
2007-03-21,5.181706575910393,-2.4885251089727607,-2.411967198256218
2007-03-22,5.1863901469508775,-2.485268871663848,-2.4384475289023593
2007-03-23,5.1977407026909415,-2.476447961022838,-2.4901561032265063
2007-03-26,5.207198595257642,-2.470439639544518,-2.5321419101245843
2007-03-27,5.214992150758889,-2.4659917303311936,-2.5680474909932616
2007-03-28,5.224125304160877,-2.461672941355317,-2.5990242684561684
2007-03-29,5.231599272644004,-2.458710849302009,-2.6295141072549906
2007-03-30,5.23716518782897,-2.4553491536265084,-2.6680162129644263
2007-04-03,5.241577564456505,-2.453460720879879,-2.692595122993209
2007-04-04,5.245525105205467,-2.4526682521420944,-2.7103993007826492
2007-04-05,5.249194068863925,-2.4522469027221163,-2.7271017574378926
2007-04-10,5.256391724685633,-2.44203613918534,-2.7292811180918433
2007-04-11,5.2605532593881685,-2.437138384944985,-2.757299892131029
2007-04-12,5.264057609509988,-2.4333461309808073,-2.7785410506187396
2007-04-13,5.267497281945531,-2.4311019556208913,-2.765028603183637
2007-04-16,5.269179975061292,-2.427370086429732,-2.716571717346271
2007-04-17,5.267849086797256,-2.4260568765990684,-2.6990965589163496
2007-04-18,5.266157437841415,-2.424729520262502,-2.6910322241487
2007-04-19,5.264036222932715,-2.4234070944000017,-2.684235866483274
2007-04-20,5.262722008669175,-2.4219833417827603,-2.6810177611349286
2007-04-23,5.262695645146687,-2.4220328036789405,-2.6383879337292075
2007-04-24,5.261350796310393,-2.4219955988424386,-2.620879069716579
2007-04-25,5.25978394083781,-2.4216567619123586,-2.6123416469434413
2007-04-26,5.2582632703598176,-2.421414813915143,-2.6055496500990962
2007-04-27,5.256825135075695,-2.4211757997983727,-2.5996724527009203
2007-04-30,5.255580276707748,-2.4212387203166115,-2.594430081204424
2007-05-02,5.254489436443549,-2.4207626403682267,-2.5921094761490306
2007-05-03,5.253601774832986,-2.420670916655368,-2.5890396595770735
2007-05-04,5.253396739990843,-2.4211187644217005,-2.5837631614930885
2007-05-07,5.25233573938836,-2.420575631481693,-2.587351239268049
2007-05-08,5.252623144332258,-2.4212375811778792,-2.575166052314471
2007-05-09,5.252589795557658,-2.421578139118722,-2.5714299481057346
2007-05-10,5.258640943395228,-2.416933581606119,-2.594967455528199
2007-05-11,5.263808218495314,-2.411785904911249,-2.6134543988343837
2007-05-14,5.276235326437546,-2.409931455520736,-2.5618871676532544
2007-05-15,5.281767463322499,-2.4003289701484625,-2.526103484013868
2007-05-16,5.290241017472318,-2.380774702636036,-2.512631685618759
2007-05-17,5.2939865174002305,-2.364818496115578,-2.5310219454056404
2007-05-18,5.290298108570786,-2.346757611872048,-2.6104609718216594
2007-05-21,5.28933729054596,-2.328426419677419,-2.6453316288789446
2007-05-22,5.290919258655388,-2.3121221502737295,-2.66085829177325
2007-05-23,5.290425584480333,-2.299262890785775,-2.6814087859268145
2007-05-24,5.2959790354097365,-2.282527654977909,-2.7241127768697546
2007-05-25,5.303417231562381,-2.2708278721748805,-2.73467519852195
2007-05-28,5.308053336947321,-2.2613826821723793,-2.757698483749751
2007-05-29,5.314894688108176,-2.2580953455851343,-2.789178088429101
2007-05-30,5.320508228468605,-2.255716638220936,-2.8131122862363145
2007-05-31,5.325281277854086,-2.25407292646789,-2.833922397060813
2007-06-01,5.317940273603619,-2.260181027405292,-2.811222322801303
2007-06-04,5.314478517867594,-2.2682196611772767,-2.768368726397389
2007-06-05,5.315873549712125,-2.2637208703708125,-2.7999243788315193
2007-06-06,5.318244439306407,-2.259206574546044,-2.7992990269907096
2007-06-07,5.316584202337451,-2.251598459302426,-2.977105463986224
2007-06-08,5.319852859632052,-2.245222101442499,-3.050435245701965
2007-06-11,5.323195138760928,-2.2392739746788983,-3.0133120616256175
2007-06-12,5.326058939244895,-2.236423516929768,-2.9788115744436086
2007-06-13,5.32592185044893,-2.2356591833607204,-2.965467790993146
2007-06-14,5.329521460920585,-2.231388005592708,-2.774608105653732
2007-06-15,5.326302063044497,-2.2281364717302794,-2.708348631231572
2007-06-18,5.318357653254666,-2.2292779141987986,-2.8763388713907387
2007-06-19,5.322762689795906,-2.23371265644555,-2.9112643075341214
2007-06-20,5.3276905854439836,-2.2373090069638915,-2.9320466294492418
2007-06-21,5.329196522191048,-2.238909497631602,-2.951111811334814
2007-06-22,5.323133505939469,-2.233735075112478,-2.9173818952387722
2007-06-25,5.317019187030516,-2.2293041187538334,-2.8965450531086705
2007-06-26,5.312094074790932,-2.222350778360549,-2.88037177484398
2007-06-27,5.306933784638347,-2.2159706889163835,-2.8700321256878696
2007-06-28,5.301332366175128,-2.21006006456633,-2.8598905104938703
2007-06-29,5.294357251428077,-2.197757576573107,-2.8402842426555908
2007-07-02,5.286889116948408,-2.1866600649236334,-2.826641810887122
2007-07-03,5.280121715533797,-2.1849398434150578,-2.887631426780881
2007-07-04,5.275649501120918,-2.1848637115975946,-2.895089404338461
2007-07-05,5.2779431094715,-2.1895117914317366,-2.6746810798894614
2007-07-06,5.2756844899858315,-2.1927464648257473,-2.592662012050657
2007-07-09,5.271628285923564,-2.1958355012707647,-2.5518777710253526
2007-07-10,5.2709139750179945,-2.200653431284304,-2.493527775716578
2007-07-11,5.286051911482175,-2.215281782325695,-2.620153085589318
2007-07-12,5.3197935113263775,-2.241251954213435,-2.603759524392929
2007-07-13,5.315680741301749,-2.243391510921194,-2.7338629037156
2007-07-16,5.316465737556947,-2.2445842677457044,-2.7771039974474774
2007-07-17,5.318664457899798,-2.2456494402641853,-2.7949026676931386
2007-07-18,5.338317778914788,-2.2581288012728864,-2.81218392476464
2007-07-19,5.355384327197961,-2.2697518823740217,-2.8419390908326694
2007-07-20,5.385025543320697,-2.2879173187301727,-2.615677954062736
2007-07-23,5.403253333242798,-2.30508783159821,-2.5682886241958593
2007-07-24,5.419876808641155,-2.319655443620529,-2.5808177607654676
2007-07-25,5.434934103339228,-2.329379317646362,-2.5802900778273172
2007-07-26,5.447606722480305,-2.338720668071424,-2.600398202689635
2007-07-27,5.425783599439615,-2.320846676173886,-2.7648304352717905
2007-07-31,5.411197621460031,-2.302088058448727,-2.775985722994439
2007-08-01,5.398530019029307,-2.2846512460636403,-2.766111648038841
2007-08-02,5.384122731436723,-2.267325724008495,-2.7697621954230542
2007-08-03,5.378549028054262,-2.257519004318841,-2.714348933593937
2007-08-06,5.371534613246289,-2.248448263089778,-2.689893798846838
2007-08-07,5.36532964609337,-2.240887432157887,-2.7463733248153916
2007-08-08,5.361292726725491,-2.234088034887667,-2.7615320996552395
2007-08-09,5.359943658442254,-2.224706046741705,-2.759953007511934
2007-08-10,5.357986530249535,-2.2160100241194596,-2.7666815629136416
2007-08-13,5.355122712875012,-2.2086621083589275,-2.7702068892051797
2007-08-15,5.3547530743352585,-2.2014754137297023,-2.701064428092943
2007-08-16,5.353357790495477,-2.189677540537724,-2.669221921674376
2007-08-17,5.350335850493351,-2.1789009305955918,-2.666726777149339
2007-08-22,5.346845221393211,-2.169423642870278,-2.6846940657280443
2007-08-23,5.344643118451484,-2.162014984108892,-2.7048127576638077
2007-08-24,5.343066871452925,-2.1558176626392873,-2.716953626164987
2007-08-27,5.327444728587893,-2.122366210648329,-2.267097480514606
2007-08-28,5.321984840192814,-2.1098049418231057,-1.9418923469049045
2007-08-29,5.303363333821557,-2.101086365755108,-1.5482792694527945
2007-08-30,5.275824009715496,-2.0888548152394146,-1.3418685689676149
2007-08-31,5.247168169304005,-2.077043769705998,-1.2176154283372544
2007-09-03,5.219910880451474,-2.0654284000052114,-1.121875326645209
2007-09-04,5.1981696599414215,-2.0643086554580874,-1.1539451487460448
2007-09-05,5.182415901046071,-2.061677445962463,-1.1323033821278785
2007-09-06,5.166770924848025,-2.054027290048006,-1.0387450145241
2007-09-07,5.177419527058254,-2.0692638757088777,-0.6950593738519989
2007-09-10,5.174352115546423,-2.0812778346989345,-0.5850813377444013
2007-09-11,5.170208152761377,-2.090868197613769,-0.5293369212192369
2007-09-12,5.1669213569857595,-2.098463954969445,-0.49538515990921067
2007-09-13,5.164062416905341,-2.1049429928822976,-0.4687394333792458
2007-09-14,5.204499668636324,-2.1329859740284167,-0.5462255278644487
2007-09-17,5.241575511651935,-2.1609966952459354,-0.6470091685143186
2007-09-18,5.276341947281369,-2.187870195032919,-0.7343676501929981
2007-09-19,5.308891764326743,-2.214253187030815,-0.8184887751488172
2007-09-20,5.339595469582818,-2.23945894201173,-0.8924015479139744
2007-09-21,5.368450928304341,-2.2637920104745826,-0.9595461373669051
2007-09-24,5.374441119743704,-2.2694218962699386,-1.0501135038555969
2007-09-25,5.389693691221722,-2.262479321379077,-0.9762997136667987
2007-09-26,5.398458848032276,-2.257384512412065,-0.9781216346507343
2007-09-27,5.404580322637477,-2.254294983127089,-0.9932957692284907
2007-09-28,5.405563873237791,-2.2546679601630646,-0.9882335063887528
2007-10-01,5.406067582468902,-2.25453426989602,-0.9878699498839563
2007-10-02,5.4072421897874,-2.2546720014472355,-0.9994889544409618
2007-10-03,5.426041709789361,-2.269915289756472,-0.9470919724823026
2007-10-04,5.441405726357465,-2.283309735996878,-0.9533043546447338
2007-10-05,5.45488356422307,-2.2958698595801375,-0.9737068142514025
2007-10-08,5.467413085048065,-2.3080733266715328,-0.9972174615855086
2007-10-09,5.462526807000279,-2.306729386860493,-1.0984608490110828
2007-10-10,5.468306397461375,-2.3099711501095292,-1.0981511623527878
2007-10-11,5.466550362619466,-2.320518663042269,-1.0826698169278477
2007-10-12,5.465846946486797,-2.3296839824202684,-1.065120374795627
2007-10-15,5.466018391048092,-2.338027094247187,-1.0520662483212668
2007-10-16,5.4796906545770305,-2.355480218723782,-0.98077877909479
2007-10-17,5.490997647012477,-2.371492128873403,-0.9711509065499582
2007-10-18,5.501405251825821,-2.3859798020279,-0.9793899153453698
2007-10-19,5.502352333661636,-2.3913578527727006,-1.0449303192399073
2007-10-22,5.509768672510107,-2.398563783024229,-1.0375332478150892
2007-10-23,5.516039891558573,-2.4046629699032924,-1.0468658243090023
2007-10-24,5.526799537100832,-2.4141199768399475,-1.0329541103358886
2007-10-25,5.519866118174035,-2.4157521593499434,-1.098764873082221
2007-10-26,5.516709266310545,-2.4164134177528824,-1.114326334434341
2007-10-29,5.514791738311284,-2.4170185462115996,-1.1135449741210868
2007-10-30,5.513412058953869,-2.4173902150912348,-1.1102729747734439
2007-10-31,5.512310184287309,-2.4179861119261488,-1.105275219870632
2007-11-01,5.513552042762019,-2.4196871645401976,-1.0858008378847561
2007-11-02,5.514689402678375,-2.421420659586368,-1.0362728366544751
2007-11-05,5.515646924663398,-2.4236709762726845,-1.0278650848548285
2007-11-07,5.51959558960781,-2.4212735385651967,-1.032077171029528
2007-11-08,5.522365306407265,-2.4188574057233008,-1.0203889601273837
2007-11-09,5.520960600752249,-2.420887547131591,-1.0219542695676578
2007-11-12,5.519809455338121,-2.42056869416214,-0.8453758649204359
2007-11-13,5.514221985233948,-2.4243023670476074,-0.8015486599073566
2007-11-14,5.508907115131805,-2.4271246692253663,-0.7703569772839702
2007-11-15,5.532651084334986,-2.4476789137203614,-0.723379920884549
2007-11-16,5.529184137162012,-2.4473601669304212,-0.8598126613244652
2007-11-19,5.530658329965355,-2.446469458778874,-0.9113651260445675
2007-11-20,5.545795762984821,-2.4539677322514724,-0.8029749386858039
2007-11-21,5.555178496503084,-2.461621302706112,-0.7816952391438524
2007-11-22,5.563902986016157,-2.472288798821895,-0.8228235814999701
2007-11-23,5.563092301161675,-2.4732247582660873,-0.940706902510754
2007-11-26,5.565909384875899,-2.4737913773736184,-0.9846263687943624
2007-11-27,5.571586488257331,-2.4708296447676177,-1.0049294774445148
2007-11-28,5.576166706927217,-2.4683081969725653,-1.025324043090949
2007-11-29,5.5800819845317084,-2.4673631799846265,-1.040345419765325
2007-11-30,5.583317170749666,-2.4665464321012704,-1.0533271686836874
2007-12-03,5.585963276480952,-2.466348246191035,-1.0621048442745258
2007-12-04,5.58835779137891,-2.466138593226967,-1.0724984971994056
2007-12-05,5.591978675466339,-2.4609910712846355,-1.0200705614923586
2007-12-06,5.59238669906155,-2.456913486509984,-1.0052860140131488
2007-12-07,5.59179685148092,-2.453896604365205,-1.0009646391378972
2007-12-10,5.590688242725494,-2.452037065144923,-0.9950705918376903
2007-12-11,5.593440357812659,-2.424323257451597,-0.7848842306075452
2007-12-12,5.585752762618632,-2.4008530553350322,-0.7168433297806487
2007-12-13,5.574608559969102,-2.380367292725416,-0.6833141777124061
2007-12-14,5.587980398045256,-2.338261981087509,-0.8569752462687374
2007-12-17,5.590664161374623,-2.3083106870361854,-0.9390527631313207
2007-12-18,5.591673731153068,-2.282642527561911,-0.9938976258792944
2007-12-19,5.604834850916245,-2.2464805958614265,-1.0911243235087762
2007-12-20,5.61361178493994,-2.2158959344455833,-1.174551705451235
2007-12-24,5.612493110476593,-2.1942347475457993,-1.2830610654464731
2007-12-27,5.609121087015984,-2.1724289778242674,-1.3006195338999935
2007-12-28,5.604296726002431,-2.153731991895887,-1.3106963598605548
2007-12-31,5.588286384132323,-2.161769685742353,-1.3493374516025498
2008-01-02,5.588195477403192,-2.1640666957247627,-1.428450429686328
2008-01-03,5.588027863529122,-2.15768149795,-1.3777816062954578
2008-01-04,5.586075180175363,-2.1517784771111423,-1.367241303732741
2008-01-07,5.57998007523434,-2.154510414915507,-1.4143629523236094
2008-01-08,5.577067645114968,-2.1564837360651685,-1.4218169993089003
2008-01-09,5.608000894831434,-2.1860331953550105,-1.1747926086440532
2008-01-14,5.6150543702996885,-2.2036335330130794,-1.171841216113657
2008-01-15,5.625964986787999,-2.224915515990817,-1.1468342708636092
2008-01-16,5.63615415629035,-2.2437775546618415,-1.144694110698613
2008-01-17,5.650313392571214,-2.2624108047200426,-1.0798925266491226
2008-01-18,5.656882636110589,-2.283756085972239,-1.0514904403460463
2008-01-21,5.66389646570927,-2.3025293530327966,-1.0429205822638612
2008-01-22,5.674081230301159,-2.3277948244898528,-1.1418780622250861
2008-01-23,5.6857050191708405,-2.350584104853946,-1.1712353610339614
2008-01-24,5.697871837220584,-2.370220918796225,-1.1258401980114567
2008-01-25,5.708545314517767,-2.3876528639895778,-1.141527892184793
2008-01-28,5.719584735013775,-2.4061334997405077,-1.1746235290727458
2008-01-29,5.73153077453418,-2.4219367980599213,-1.2028469476939174
2008-01-30,5.742690998963702,-2.4328762039326253,-1.2403135348135153
2008-01-31,5.7536889045661646,-2.4433620400247844,-1.2672798874168834
2008-02-01,5.762380284200168,-2.4542689597465603,-1.298847142685698
2008-02-04,5.771222570361268,-2.464195312871317,-1.3224859160342826
2008-02-05,5.780524228470283,-2.4770076909827305,-1.4066246568780818
2008-02-06,5.789984973197395,-2.4920619150303707,-1.4592217099814744
2008-02-07,5.800530380405831,-2.505699395967083,-1.4871186710161994
2008-02-08,5.81108100078845,-2.515879776448409,-1.502050575132324
2008-02-11,5.820207506027188,-2.5222040543142787,-1.5191594124367769
2008-02-12,5.8295613611772445,-2.5313035850639407,-1.5657746893147353
2008-02-13,5.838453572196748,-2.5414695661013793,-1.5950780417374741
2008-02-14,5.848782887931263,-2.5540886013968747,-1.6784644716325812
2008-02-15,5.858770358849867,-2.5665447885585375,-1.6830301041381273
2008-02-18,5.868246476003733,-2.5776521858583425,-1.6983286159488833
2008-02-19,5.877995070271638,-2.5892802139678603,-1.7486992289200882
2008-02-20,5.888261463369067,-2.5982895206284704,-1.7416993742550766
2008-02-21,5.898129211055383,-2.612658269358927,-1.7340858412530988
2008-02-22,5.9069322409717895,-2.6262020706158227,-1.7356368908050515
2008-02-25,5.900221101998733,-2.627787299822701,-1.8746610107038761
2008-02-26,5.899192036300632,-2.626705924247859,-1.903559218137036
2008-02-27,5.899400925358905,-2.6330630250310754,-1.9886872406993767
2008-02-28,5.908566640288351,-2.6427225135527617,-2.032226084421506
2008-02-29,5.918149976773716,-2.6512618102987577,-2.0626449201511985
2008-03-03,5.927546692980184,-2.6580891143858505,-2.091931049659612
2008-03-04,5.936481771495499,-2.664004666245105,-2.112794184531073
2008-03-05,5.944793544828982,-2.6700330398478034,-2.1337406479640233
2008-03-06,5.950899387911295,-2.6777712474632427,-2.1459529424635697
2008-03-07,5.9546168837331495,-2.683191412803443,-2.216549696237832
2008-03-10,5.963330489236881,-2.690284669906657,-2.2402313225712924
2008-03-11,5.968898283803405,-2.6945008863270976,-2.280837087565971
2008-03-12,5.976845618342342,-2.6981441061875344,-2.3233937299629335
2008-03-13,5.983650512887357,-2.7019743540505505,-2.3495942596379096
2008-03-14,5.9903626422534995,-2.7053756311469916,-2.3736003013873925
2008-03-17,5.996770430585742,-2.709148361563304,-2.3943359081303432
2008-03-18,6.0031084674770065,-2.7132813815205035,-2.4230624274593127
2008-03-19,6.0094152322225085,-2.718094527087166,-2.441510188991281
2008-03-25,6.000178080378502,-2.713472898961923,-2.5868095166275666
2008-03-26,5.996929931187133,-2.7060435225079855,-2.615744275496706
2008-03-27,5.994721617390684,-2.6997930851895315,-2.6199563376400907
2008-03-28,5.989163511061015,-2.6982718652091107,-2.6109702942686943
2008-03-31,5.984114308114461,-2.6966191422049883,-2.594749315908779
2008-04-01,5.979409381550802,-2.6937432793788947,-2.5739528626858315
2008-04-02,5.974454910976052,-2.691096801233193,-2.5543513120637806
2008-04-03,5.970369354410999,-2.6875070368189338,-2.5404096118515564
2008-04-04,5.966745151399572,-2.6845672880049283,-2.532118688795871
2008-04-07,5.963171585112227,-2.6811837044774856,-2.5241798933489035
2008-04-08,5.960018086160323,-2.6767393886856734,-2.5084287384945196
2008-04-09,5.957307511005549,-2.673396448011489,-2.4942057503728234
2008-04-10,5.9529228929394264,-2.671297737702458,-2.48975172808321
2008-04-11,5.949517009937688,-2.6687955670502954,-2.4871477035101597
2008-04-14,5.946842730620416,-2.666083359153638,-2.487844744383399
2008-04-15,5.944559350867026,-2.6637075351060373,-2.476822797964017
2008-04-16,5.940042436872004,-2.6653505686274643,-2.4660404512213123
2008-04-17,5.937647063472794,-2.6640291650316406,-2.447997941897054
2008-04-18,5.933867739713319,-2.665549223548769,-2.4335557811181827
2008-04-21,5.930431172199828,-2.6673120109698725,-2.414913691832767
2008-04-22,5.927531917550391,-2.668101136656546,-2.4002165264312803
2008-04-23,5.9247910757696385,-2.668539650714795,-2.383846592204658
2008-04-24,5.921710798229139,-2.6689248470556706,-2.3707100753368087
2008-04-25,5.919111128070905,-2.6688859792164714,-2.350394228369555
2008-04-28,5.915629724829913,-2.66894101392833,-2.353021158445921
2008-04-29,5.913099207491698,-2.6689661055022125,-2.3477576548322023
2008-04-30,5.913560957319768,-2.66810858940167,-2.3092449605712995
2008-05-02,5.911937714133058,-2.667062561354978,-2.300679811142464
2008-05-05,5.90998618336632,-2.665693128406525,-2.2840690411883133
2008-05-06,5.9075753057407,-2.6639709593347316,-2.273562067001233
2008-05-07,5.905885051439446,-2.663333173270353,-2.2683968607173632
2008-05-08,5.904354038444312,-2.663177379773566,-2.2617693489466606
2008-05-09,5.9028649523475405,-2.6622246161807963,-2.2581729249780618
2008-05-12,5.9018468928789485,-2.6606110279119677,-2.259638293090482
2008-05-13,5.900742023819842,-2.6588010563782056,-2.252993589750723
2008-05-14,5.899666995673432,-2.65858919926981,-2.2523068462881097
2008-05-15,5.8990140145107395,-2.659049147702455,-2.2502808268381087
2008-05-16,5.898593248394076,-2.658047917481406,-2.234656952305805
2008-05-19,5.897310501570245,-2.656831376317078,-2.2248964172908865
2008-05-20,5.895919302496408,-2.6556703416622223,-2.2199065420823407
2008-05-21,5.895957795026231,-2.6529953429416064,-2.219135432279506
2008-05-22,5.894439765322089,-2.6523891798780217,-2.21274822303988
2008-05-23,5.892498973665017,-2.6517875728398566,-2.1626083033298564
2008-05-26,5.889322873779709,-2.6509644636911878,-2.1389544058809435
2008-05-27,5.886060304264625,-2.6501902844198124,-2.1256765285177432
2008-05-28,5.88182179350848,-2.650699974120915,-2.1105258897148627
2008-05-29,5.879241069368471,-2.6494813835237236,-2.095882121199585
2008-05-30,5.876658719359885,-2.6491914568089574,-2.0825663357829196
2008-06-02,5.8744766014461085,-2.6493790997077666,-2.0851624020865183
2008-06-03,5.873077721384128,-2.6492945344281176,-2.08475076432352
2008-06-04,5.871320552547562,-2.6468185841981966,-2.0494984560140552
2008-06-05,5.8676883719877075,-2.6447736438146423,-2.0312294888521762
2008-06-06,5.864073728047049,-2.644023920260442,-2.0132988160331005
2008-06-09,5.859385902654919,-2.6425695785042955,-1.9885501469934872
2008-06-10,5.853825607416952,-2.640661358967464,-1.9429637487888878
2008-06-11,5.8489581078960455,-2.640171509417571,-1.9325163872157933
2008-06-12,5.845222965565091,-2.6400711238897188,-1.9256001204899762
2008-06-13,5.841888155307313,-2.6396820492199486,-1.9097542407603119
2008-06-16,5.838665826809344,-2.639193551954903,-1.8948868818157905
2008-06-17,5.834654330697244,-2.6391760983140937,-1.875444406658043
2008-06-18,5.831087435883152,-2.6389997590629966,-1.8649012502404858
2008-06-19,5.827325073571269,-2.6378281822608587,-1.8494573428717107
2008-06-20,5.82334137457462,-2.636693501330537,-1.8313980403097778
2008-06-23,5.820306627271043,-2.635484482982384,-1.8266033134800153
2008-06-24,5.817410721862386,-2.631577937798968,-1.7774969502540179
2008-06-25,5.8140728248835805,-2.6291585487427436,-1.7664684046481498
2008-06-26,5.81463233823573,-2.629838094811671,-1.7241379281607099
2008-06-27,5.814753306181767,-2.630836287839249,-1.7341136633143537
2008-06-30,5.8137197481781095,-2.6299317234158135,-1.7708921384443799
2008-07-01,5.813377853114699,-2.6295734447656547,-1.7752052485657805
2008-07-02,5.814076989367972,-2.628310049722961,-1.783804332590533
2008-07-03,5.814227937805602,-2.6276955870445105,-1.7818462889534157
2008-07-04,5.814579174349001,-2.6265678516097672,-1.7875992048354452
2008-07-07,5.815187544368948,-2.625311275327046,-1.8009160372083155
2008-07-08,5.815954773357919,-2.623555565627821,-1.8112817680441933
2008-07-09,5.81665787041575,-2.6220412184714337,-1.818110847138336
2008-07-10,5.817078470527946,-2.6206853583685477,-1.8218617432836242
2008-07-11,5.817364395440038,-2.6193590680133227,-1.8256868758424625
2008-07-14,5.819635928235956,-2.620013286839833,-1.712371806398806
2008-07-15,5.818205753216932,-2.62097818048882,-1.6707220166881704
2008-07-16,5.816142392747176,-2.6212718384255043,-1.6542443135226828
2008-07-17,5.814516631193889,-2.6143912270096243,-1.7515216708614185
2008-07-18,5.813568062151891,-2.603750470638335,-1.7387477645148015
2008-07-21,5.811025199232798,-2.5954673096817786,-1.732601694041007
2008-07-22,5.807253155410391,-2.588550777924154,-1.7216439296028863
2008-07-23,5.806093386833786,-2.5793108359848285,-1.7250040110616776
2008-07-24,5.804028455696677,-2.5714196737372914,-1.7267955050951036
2008-07-25,5.8018648746812,-2.5637049585072766,-1.7345716842565513
2008-07-28,5.799931350697113,-2.5571047956798667,-1.7424271211530196
2008-07-29,5.7981975292778,-2.551152658997684,-1.7498274260586069
2008-07-31,5.796553988185566,-2.545697191974586,-1.7558522230874904
2008-08-01,5.793631281717592,-2.54196821590008,-1.7603424055739287
2008-08-04,5.791318310547058,-2.5385021372209358,-1.7623256417963782
2008-08-05,5.789202840241555,-2.535286586038387,-1.7615563728678247
2008-08-06,5.787316773712323,-2.5322384758617797,-1.761580975007206
2008-08-07,5.785690234245327,-2.529660510744181,-1.7615072690613072
2008-08-08,5.784907122279863,-2.5268783299100366,-1.770204212792189
2008-08-11,5.784940166026182,-2.524724777358531,-1.7810329195595445
2008-08-12,5.784980938774902,-2.5231074513991314,-1.7852246277869896
2008-08-13,5.784819726965783,-2.521103485712072,-1.7873142278776541
2008-08-15,5.784784364178964,-2.5194888050561985,-1.7915085580027115
2008-08-18,5.784113933288489,-2.5165187197380345,-1.7778733264375857
2008-08-19,5.78243518617045,-2.515715539248556,-1.6130735605333317
2008-08-22,5.777459171632667,-2.514395192652708,-1.5824401114936348
2008-08-25,5.771710263419904,-2.513801067681256,-1.5495991565295133
2008-08-26,5.766417543986888,-2.512213566981123,-1.53130947405032
2008-08-27,5.762147706877808,-2.5104354610322286,-1.519692995550366
2008-08-28,5.757966300393635,-2.509419058327162,-1.5018056282087462
2008-08-29,5.752776200566289,-2.507212939873357,-1.4279454223079895
2008-09-01,5.7460010498743115,-2.505003166551079,-1.4040218323801463
2008-09-02,5.740240995239512,-2.502313791752947,-1.3899508752484389
2008-09-03,5.734013207224755,-2.5014575472303466,-1.3693037979969436
2008-09-04,5.729008485758126,-2.5003570980592413,-1.3564414232335313
2008-09-05,5.725021930998665,-2.499003431415556,-1.3457380710612308
2008-09-08,5.7221066280541795,-2.496918889804818,-1.3450844332708876
2008-09-09,5.7213259948107416,-2.4922852135826874,-1.3376076844334377
2008-09-10,5.720249044678029,-2.489213110515899,-1.342878748819111
2008-09-11,5.719256113278467,-2.486381830831812,-1.3456841190836135
2008-09-12,5.7220177998117965,-2.486624845006301,-1.3905611385152918
2008-09-15,5.725288062296934,-2.487507320646898,-1.4087415475663854
2008-09-16,5.7290744001596146,-2.487164418620443,-1.4251834060005553
2008-09-17,5.731563361907423,-2.4857488135967514,-1.432897291487167
2008-09-18,5.7296940930307025,-2.4889110304823636,-1.4220409930640037
2008-09-19,5.728457654004676,-2.4911495755360153,-1.3909453684114008
2008-09-22,5.7264307965024965,-2.494181955768528,-1.3662757099807608
2008-09-23,5.72425805505308,-2.497283328939313,-1.3459316218234543
2008-09-24,5.723648172662406,-2.496256231811354,-1.331575719197969
2008-09-25,5.725648540672505,-2.491579730526852,-1.341149007076593
2008-09-26,5.726407382297503,-2.487457575087714,-1.3456554998095192
2008-09-29,5.726566433977144,-2.4831153780100057,-1.3525798956340527
2008-09-30,5.7355778257410766,-2.4624672314626292,-1.3490586607217012
2008-10-03,5.766645545653361,-2.4661238067308946,-1.144187180340749
2008-10-06,5.787003055434262,-2.4619393083919623,-1.0541949481463764
2008-10-07,5.817492454403495,-2.4401565011065474,-1.1152735168466512
2008-10-08,5.835809927155146,-2.418967792794378,-1.1675665316054622
2008-10-09,5.848892466108429,-2.4004200659713932,-1.2256591808102733
2008-10-10,5.860185280131259,-2.387406959807921,-1.2206488630938184
2008-10-13,5.870416010131341,-2.380196084156005,-1.0680412611277126
2008-10-14,5.870962182474382,-2.375248051227891,-1.0206271913238045
2008-10-15,5.8697244775053194,-2.371831951257761,-1.0181500485587534
2008-10-16,5.870355039784234,-2.370653573296664,-1.0336943365535274
2008-10-17,5.86836709328296,-2.3736800838105814,-1.0435266780930772
2008-10-20,5.866787771740611,-2.3702804937408697,-1.0293823845850747
2008-10-21,5.865065251220075,-2.3679302280241634,-1.0241602933371974
2008-10-22,5.862530811551669,-2.366963380483513,-1.0312975190964953
2008-10-23,5.8622781052561335,-2.363801777173187,-1.0644172075713154
2008-10-24,5.8598184779141205,-2.362319150331916,-1.0686447603048044
2008-10-27,5.858344245649798,-2.3516867888937045,-1.046002510054476
2008-10-28,5.855467715142825,-2.342297671644621,-1.0419584405376334
2008-10-29,5.852299658640274,-2.3342333448728056,-1.0425492313870044
2008-10-30,5.848501235248078,-2.3269245959416245,-1.0531925821027321
2008-10-31,5.842241267476206,-2.319812589634826,-1.0876848423495538
2008-11-03,5.837527813379527,-2.31334656110028,-1.0955369720489723
2008-11-04,5.833622046908476,-2.307891926334109,-1.0936626330783918
2008-11-05,5.829798217303453,-2.3025801479419674,-1.088897484884019
2008-11-07,5.826318227957315,-2.297973879990741,-1.0871952825149371
2008-11-10,5.823378599586959,-2.2925076161903997,-1.0905966923044015
2008-11-11,5.820357601684516,-2.2873647547587623,-1.0884701709087086
2008-11-12,5.817549719533143,-2.2823028437127215,-1.088195221270784
2008-11-13,5.814735370692952,-2.277599032864748,-1.0901389033276785
2008-11-14,5.812577890400509,-2.2734416110943627,-1.0945291483591522
2008-11-17,5.810813310943287,-2.270110430111792,-1.0966676923153469
2008-11-19,5.80877497608727,-2.266155913483504,-1.093995837383495
2008-11-20,5.8020235266485525,-2.265287004200679,-1.092686045626864
2008-11-21,5.795744467725106,-2.2618123029865016,-1.0762522975817181
2008-11-24,5.789210796756274,-2.2588189462232666,-1.0571973665912846
2008-11-25,5.783226673228176,-2.255839382241921,-1.039228534976004
2008-11-26,5.776730346617142,-2.2520946826915313,-1.0148119113581393
2008-11-27,5.769501446653326,-2.2472207598522953,-0.9878003958213554
2008-11-28,5.764675090361112,-2.2572852380102804,-1.0955392395681902
2008-12-01,5.766085103097004,-2.2631646888403205,-1.1277874667740735
2008-12-02,5.769422252295003,-2.2674570757794976,-1.1463049678505395
2008-12-03,5.768243526180942,-2.257139510615844,-1.015823231556166
2008-12-04,5.760751727116746,-2.2459789526637954,-0.9539966307236738
2008-12-05,5.749163020835951,-2.2338319425625155,-0.8978801476209332
2008-12-08,5.739085594410265,-2.2246461930499573,-0.8754808500470395
2008-12-11,5.729911216744881,-2.2170013932675614,-0.8548444157880043
2008-12-12,5.723027084914608,-2.212019903806579,-0.8459911294951754
2008-12-15,5.717081903400214,-2.207198923587114,-0.8360821693274249
2008-12-16,5.7137045273665885,-2.208401574080684,-0.8410100052698811
2008-12-17,5.71049561806584,-2.2084027274761873,-0.8321421517115112
2008-12-18,5.707091603524038,-2.206201530090934,-0.8218739209762043
2008-12-19,5.7000181832244134,-2.2104413427346024,-0.9142288724201257
2008-12-22,5.699315700658205,-2.2075471789122445,-0.9182678424823281
2008-12-23,5.69912239729816,-2.206728923425265,-0.9639853655613743
2008-12-24,5.700773234202797,-2.2043125420067886,-0.9806882072580608
2008-12-30,5.702150485308467,-2.2035342065722148,-0.9682181565547542
2008-12-31,5.704608463860152,-2.2019753920718292,-0.9829294365969238
2009-01-02,5.703644895107472,-2.20274696395328,-0.9924916459752875
2009-01-05,5.702881692697042,-2.2026212680610877,-0.991788770024354
2009-01-06,5.701372205968011,-2.2018490781573963,-1.0022618520336912
2009-01-07,5.70133568976255,-2.202537754009641,-1.0089503955504198
2009-01-08,5.702692000978699,-2.203610070629126,-1.0214691987849662
2009-01-09,5.7040082856040994,-2.2045180279300935,-1.0342072998794603
2009-01-12,5.705432727867759,-2.201379713842382,-1.029348405728878
2009-01-13,5.705971201648545,-2.198441415240336,-1.0308233112738967
2009-01-14,5.7066348040979085,-2.1961323647330713,-1.039459734937809
2009-01-15,5.706487827293971,-2.204970908706689,-1.1066769382112975
2009-01-16,5.708210061260642,-2.2112706154051667,-1.1191912569385911
2009-01-19,5.711176459051907,-2.217826004911507,-1.1261593887230092
2009-01-20,5.71564530283918,-2.2229861424087822,-1.1359059211044562
2009-01-21,5.718976500416182,-2.2254017879262324,-1.1205018781810814
2009-01-22,5.716314819992857,-2.2300732087460853,-1.1367932454552678
2009-01-23,5.714687135438263,-2.233523662931761,-1.1295685955365056
2009-01-27,5.71627384133951,-2.2397098701985008,-1.1597622810028863
2009-01-28,5.717253937262792,-2.2456877130678867,-1.1463096982974992
2009-01-29,5.718258852021446,-2.249300391915971,-1.1460745746681522
2009-01-30,5.7177338563794065,-2.251034791717443,-1.1074336879994406
2009-02-02,5.715961385404576,-2.2537845757082295,-1.0893588026378107
2009-02-03,5.7150604173560735,-2.2552087676316876,-1.0775226209925208
2009-02-04,5.701192992740326,-2.2542412288418805,-1.125637659611219
2009-02-05,5.6934709487671045,-2.252238601258762,-1.1280390718289581
2009-02-06,5.687579830922327,-2.2499621197907564,-1.1920007283013405
2009-02-09,5.684153077970426,-2.2471870695452214,-1.2034857894952098
2009-02-10,5.680830978563247,-2.2443903194661394,-1.1981383763552644
2009-02-11,5.678529428204739,-2.2421855252581504,-1.2321148068336074
2009-02-12,5.673100355323898,-2.23594629561183,-1.2868705560728981
2009-02-13,5.670533591881231,-2.228678250624762,-1.3116986632049892
2009-02-16,5.668081931336402,-2.222352307951246,-1.316715661298057
2009-02-17,5.666057878949732,-2.21628754380263,-1.3254107141876488
2009-02-18,5.663932898666445,-2.211410606475653,-1.3316014456799714
2009-02-19,5.662529711345228,-2.207524227137876,-1.33806118125713
2009-02-20,5.661436006790852,-2.205436478704123,-1.3384856196504167
2009-02-23,5.655226207796242,-2.1989277039396944,-1.369788856115769
2009-02-24,5.649109193345312,-2.192263544201903,-1.3838549276290042
2009-02-25,5.644665235438486,-2.186065349315255,-1.3761838043810954
2009-02-26,5.637950372532818,-2.181296028787858,-1.3946396657433924
2009-02-27,5.63333662282341,-2.1784749075247856,-1.4578312740628678
2009-03-02,5.631527286553211,-2.1759316401351945,-1.4896448416703671
2009-03-03,5.631019246663883,-2.172846525216663,-1.5037433482948979
2009-03-04,5.6305702984753845,-2.170059713447591,-1.508799494318822
2009-03-05,5.628702386823555,-2.167617297052148,-1.5010257978736905
2009-03-06,5.6262916314529505,-2.1644219213540423,-1.4940628037065091
2009-03-09,5.623869226704397,-2.1616376023483577,-1.4994660351370603
2009-03-12,5.621492572389859,-2.158920567120613,-1.4960138071268003
2009-03-13,5.620828420454922,-2.1580404848920836,-1.5118762763076494
2009-03-16,5.621387467496022,-2.1581046885337414,-1.5225201126018948
2009-03-17,5.621144148670881,-2.1597882967332573,-1.5259482716984563
2009-03-18,5.621039009570238,-2.1620836516060145,-1.523884887546086
2009-03-19,5.613090519001191,-2.170083070063234,-1.484236854116775
2009-03-20,5.607117397805535,-2.1747652508258266,-1.452341023259637
2009-03-23,5.603461966729391,-2.176755688037733,-1.4479056850079697
2009-03-24,5.599689219714094,-2.179099713183174,-1.4336496916382389
2009-03-25,5.59718854495913,-2.1819728456259075,-1.4224955081745627
2009-03-26,5.593663944719864,-2.1860070716113853,-1.403150550266641
2009-03-27,5.583030073424295,-2.1899377486205482,-1.470341201807032
2009-03-30,5.575993845234147,-2.1925207338554626,-1.4747251510712212
2009-03-31,5.5664180999627,-2.1981369271647258,-1.4462235963439942
2009-04-01,5.558720029608057,-2.202041012466688,-1.4144253338103345
2009-04-02,5.51475624917734,-2.1896136727174955,-1.4978890675292178
2009-04-03,5.520074582422349,-2.192228895583358,-1.3548303488722997
2009-04-06,5.520013113375957,-2.1953914966649535,-1.3010547993392272
2009-04-07,5.524853334659811,-2.211180881970311,-1.4461320456383935
2009-04-08,5.493602179249027,-2.199316860418983,-1.4804581361939766
2009-04-09,5.498163258801681,-2.2214219809443554,-1.4183106870755895
2009-04-14,5.501710720966176,-2.2555249077657176,-1.5437321914119257
2009-04-15,5.512254064371868,-2.2844015471533554,-1.5850523547363455
2009-04-16,5.523089765996842,-2.3131758867133163,-1.605735808093466
2009-04-17,5.53587408843382,-2.338749237103764,-1.616308051606481
2009-04-20,5.548377495512088,-2.362723203067789,-1.6244718968226168
2009-04-21,5.5613679071428,-2.3840491374206234,-1.6659770281770574
2009-04-22,5.573862281483817,-2.405327989307644,-1.7066760392856257
2009-04-23,5.5870796138730485,-2.4249008237334198,-1.7305095118304894
2009-04-24,5.600409546118422,-2.4406070959628354,-1.746885528576338
2009-04-27,5.612947290787054,-2.454881229277054,-1.7672130033931237
2009-04-28,5.624399844557366,-2.469627339675355,-1.794496009051814
2009-04-29,5.623252501025023,-2.4693772465037194,-1.9371255719948053
2009-04-30,5.637627747812281,-2.4784897036689473,-1.8314727845992458
2009-05-04,5.63488101235201,-2.477156836171112,-1.9461591083105452
2009-05-05,5.637353496333548,-2.4766109571177655,-2.0039203999469897
2009-05-06,5.632403735045986,-2.4692515248083344,-2.0833183740306302
2009-05-07,5.628703223134653,-2.4647680658493045,-2.1105295474017223
2009-05-08,5.62675180904484,-2.461158169974838,-2.1156180923594863
2009-05-11,5.625218831308066,-2.4572489198682326,-2.111325657441349
2009-05-12,5.623260120413198,-2.452947303077825,-2.105104118057565
2009-05-13,5.622372015041119,-2.450872106653875,-2.0549863145866993
2009-05-14,5.620037558399189,-2.451205150506918,-2.050700046310107
2009-05-15,5.616604517172681,-2.4532430361237285,-2.040316603169655
2009-05-18,5.6135872984157125,-2.454922512758564,-2.0274417147434303
2009-05-19,5.611472243219458,-2.455508630275249,-2.0090078159854987
2009-05-20,5.6092970030010525,-2.4571391468567207,-1.9960973902619539
2009-05-21,5.607013099551452,-2.459746012831225,-1.9858714737940524
2009-05-22,5.606318646924816,-2.460829782153712,-1.9837044567704047
2009-05-25,5.605910859537867,-2.4628306411574523,-1.9831681068748515
2009-05-26,5.605792712821707,-2.465405273778238,-1.9779091867556737
2009-05-27,5.606246961485382,-2.4661058523330017,-1.9689996347315504
2009-05-28,5.605669003500173,-2.467282848965467,-1.9576629739320053
2009-05-29,5.604761509802837,-2.4683411552534262,-1.9478489058526038
2009-06-01,5.603860317754641,-2.468899546301902,-1.9420190545886822
2009-06-02,5.603355700796872,-2.469551694968969,-1.9298722754375457
2009-06-03,5.603075484513296,-2.4703045502274907,-1.9273560060947283
2009-06-04,5.604255238658379,-2.4681288598743905,-1.9111956404664947
2009-06-05,5.604600884611361,-2.4654523624817024,-1.895148682934048
2009-06-08,5.616429027405668,-2.4760887145144355,-1.723213290600624
2009-06-09,5.607438069077705,-2.47329223010304,-1.8358119515329248
2009-06-10,5.604292680879633,-2.4683305175912817,-1.8686666681446396
2009-06-11,5.599754588664857,-2.4668335117750106,-1.8868153817283744
2009-06-12,5.599008973267657,-2.4618473770744354,-1.8888800838084352
2009-06-15,5.596564534618164,-2.4557241639274046,-1.8669605936486011
2009-06-16,5.593393939143736,-2.4511127622383553,-1.8600172220254314
2009-06-17,5.590813198466563,-2.4472531875500088,-1.8563259197874034
2009-06-18,5.5878926303822,-2.4447651360690537,-1.8562466347515694
2009-06-19,5.586890096117046,-2.443701925873475,-1.8248277906755268
2009-06-22,5.585727912122488,-2.443228630076442,-1.8172438015842387
2009-06-23,5.584399528174888,-2.441405612812237,-1.8125422778184752
2009-06-24,5.583188144649823,-2.4399244015289985,-1.8098013356346914
2009-06-25,5.581522641989232,-2.438350951273123,-1.8069133061726357
2009-06-26,5.58007741315852,-2.4364571022236645,-1.8056779949610935
2009-06-29,5.578681954124324,-2.4344801174461037,-1.8046124961884722
2009-06-30,5.581950543313345,-2.4288915163156455,-1.822637286335034
2009-07-01,5.579953828014271,-2.4354478778470448,-1.874139700903681
2009-07-02,5.579084952912821,-2.4350733886178775,-1.8316473595660527
2009-07-03,5.576958678175863,-2.4338588514660073,-1.81469408545334
2009-07-06,5.574233873300317,-2.4323728417195207,-1.8007295946276862
2009-07-07,5.57133366202853,-2.4304375327909904,-1.7905184224393849
2009-07-08,5.567993815966766,-2.4292652814258697,-1.7796962684072761
2009-07-09,5.565112061586786,-2.4279340201500017,-1.7713475920513617
2009-07-10,5.561866386358913,-2.4267899291798507,-1.7597702389134822
2009-07-13,5.558230046650612,-2.4247628147468663,-1.7541529422203987
2009-07-14,5.555698365404641,-2.418628754148035,-1.736618152034645
2009-07-15,5.552112002643045,-2.4134259553728445,-1.7231338559412352
2009-07-16,5.546051102572141,-2.4123649978859305,-1.7100970765817198
2009-07-17,5.542078996052791,-2.4102285236328225,-1.7043136576245062
2009-07-20,5.541344445816408,-2.4099745109709727,-1.6969141429734906
2009-07-21,5.540758217109201,-2.4102971406062923,-1.7004900499354536
2009-07-22,5.538525606392613,-2.4085930074131596,-1.69108991898616
2009-07-23,5.536220483744862,-2.4078656593690604,-1.6894322637349097
2009-07-24,5.534414331577848,-2.4071017467274753,-1.6863239378374097
2009-07-27,5.532283114321031,-2.4053083927396477,-1.6869314812205585
2009-07-28,5.532729124684606,-2.4063313687624905,-1.6700655860997546
2009-07-29,5.532585195177151,-2.4066397255389758,-1.664354494668798
2009-07-31,5.531420051384024,-2.4070967560391416,-1.658349281755377
2009-08-03,5.530780749796801,-2.405145707474847,-1.656274737624147
2009-08-04,5.530889472892146,-2.4030345038091734,-1.6527036207820842
2009-08-05,5.529855660593432,-2.402600389536227,-1.6516378146188295
2009-08-06,5.529032070427024,-2.403931472280118,-1.6699766638565865
2009-08-07,5.528896889167256,-2.4049815723353922,-1.6730079308784909
2009-08-10,5.529209700807584,-2.4072223766211502,-1.6801386362037294
2009-08-11,5.529854928696396,-2.4081256805764077,-1.669740781928187
2009-08-12,5.5295269777380796,-2.4092656216090327,-1.6667434989948988
2009-08-13,5.52927872572956,-2.410436624109652,-1.6628649114862155
2009-08-17,5.530932815010347,-2.407070336288495,-1.6210044765499565
2009-08-18,5.5265657817746465,-2.405302856922825,-1.6689874240034361
2009-08-19,5.529698056725673,-2.4108258843175245,-1.5970358770855975
2009-08-24,5.530516982453371,-2.4155068046132917,-1.5704040009199063
2009-08-25,5.5296543040737625,-2.414631806646536,-1.4899955071549442
2009-08-26,5.527721434393668,-2.413151311463959,-1.4641898110346514
2009-08-27,5.525124238531681,-2.4113089706849276,-1.4539646098899524
2009-08-28,5.523923368907525,-2.413354155590113,-1.499674764936168
2009-08-31,5.525067638266283,-2.4146898430158905,-1.5156644714221608
2009-09-01,5.5264881997716735,-2.4148378327272173,-1.5029963040427177
2009-09-02,5.526833030905756,-2.4139019244545175,-1.4928533922790796
2009-09-03,5.525561287808703,-2.4191948992695163,-1.5172765070663272
2009-09-04,5.525903887577219,-2.4245568931715034,-1.524066367419866
2009-09-07,5.526798623433828,-2.4286418524153186,-1.5241320095585633
2009-09-08,5.52828985328803,-2.4324347490621308,-1.5260045998686438
2009-09-09,5.532274070826462,-2.433551329376769,-1.526861487576394
2009-09-10,5.536023087216318,-2.435626906044455,-1.5364444566866402
2009-09-11,5.54012665563683,-2.436832323833431,-1.5516793594993261
2009-09-14,5.542422267595631,-2.4376440712865,-1.5498805538728337
2009-09-15,5.543929339105996,-2.4381042504478456,-1.5498717132844697
2009-09-16,5.544299290728528,-2.4372419959631553,-1.5293565340136013
2009-09-17,5.541823619998369,-2.4398306712765656,-1.55351577211377
2009-09-18,5.540265033123522,-2.439113696649613,-1.5291960892673047
2009-09-23,5.538075542951018,-2.4392992396154773,-1.518882644333125
2009-09-24,5.536296033587558,-2.4410108768266885,-1.5255492517948035
2009-09-25,5.535249531686388,-2.4424244061326736,-1.5268170995405124
2009-09-28,5.534565491889765,-2.4441217209499237,-1.5471174045519265
2009-09-29,5.534896214801025,-2.4445584274972885,-1.5521365662111803
2009-09-30,5.535074299628284,-2.4429589033278756,-1.5355867312279972
2009-10-01,5.534296879279179,-2.441307154572316,-1.5286593930589913
2009-10-02,5.533650139148073,-2.441302922037276,-1.5323372505492703
2009-10-05,5.53338675369198,-2.4407973229694675,-1.535765736731378
2009-10-06,5.532570527698206,-2.439394488087717,-1.5152079988671332
2009-10-07,5.531864213693899,-2.4367548416956533,-1.5032333923606191
2009-10-08,5.531211231650048,-2.4336086681116065,-1.5007006814104284
2009-10-09,5.530813997553018,-2.4303842890192997,-1.5041382460736124
2009-10-12,5.531336082038886,-2.4323440835974988,-1.531650434219632
2009-10-13,5.531399512335954,-2.4371311958808164,-1.5461478214263893
2009-10-14,5.533090314112111,-2.4425248215370776,-1.5818265000078637
2009-10-15,5.536665343019827,-2.441279099607608,-1.560197985623946
2009-10-16,5.538356305392118,-2.440991287688407,-1.5564526605946407
2009-10-19,5.5391768128228955,-2.4458074242051095,-1.5840490460796923
2009-10-20,5.5415489012760055,-2.4448017239261532,-1.5659606388706753
2009-10-21,5.543976985000768,-2.447887924995628,-1.5898899017052852
2009-10-22,5.548155371582003,-2.450643861883146,-1.6076483455176211
2009-10-23,5.5517240140879895,-2.4479958976131355,-1.5825157931062472
2009-10-26,5.553730321182329,-2.4473508233321373,-1.5745784484684433
2009-10-27,5.553534587963291,-2.448546261396648,-1.5696169849472061
2009-10-28,5.553543181311161,-2.4484222215659552,-1.551800548148442
2009-10-29,5.553634338344424,-2.443983005760904,-1.530289296282951
2009-10-30,5.552031434061858,-2.441151909709282,-1.5179906359076873
2009-11-02,5.550788786331351,-2.4374771740548025,-1.5159982150551732
2009-11-03,5.550168095532664,-2.4355774912022463,-1.5335757143146296
2009-11-04,5.548053537808812,-2.430716126719699,-1.5563177788045781
2009-11-05,5.549036999425597,-2.427467894643784,-1.5536912460561039
2009-11-09,5.547255310785483,-2.423485857746907,-1.558054451906343
2009-11-10,5.54563949164048,-2.420316161318677,-1.571496566845494
2009-11-11,5.5451172362342795,-2.4161912235489633,-1.5789216409810778
2009-11-12,5.543254297306237,-2.4092011430246325,-1.5457445318578866
2009-11-13,5.539947967998365,-2.4032499060866224,-1.5319669080190936
2009-11-16,5.536202830928868,-2.397908726419878,-1.5081782093943967
2009-11-17,5.533685975958398,-2.3920032467617562,-1.486355986195715
2009-11-19,5.530011827483,-2.388711311371298,-1.4873069880283385
2009-11-20,5.52625034789857,-2.3850686033879964,-1.4783571358286234
2009-11-23,5.5227051111345915,-2.3816190470773595,-1.4674848980053208
2009-11-24,5.520094847270942,-2.3770943220025162,-1.4589028368301884
2009-11-25,5.5168514573904535,-2.3733876449788407,-1.4499234614725125
2009-11-26,5.517638929438465,-2.365748638743271,-1.4553992676206777
2009-11-27,5.5174891249051825,-2.3597554213578515,-1.4702346511515512
2009-11-30,5.513841131262962,-2.3579439959830037,-1.4682144243963158
2009-12-01,5.510703163374335,-2.3562341240561753,-1.4655139460244677
2009-12-02,5.51068536055254,-2.362049328019978,-1.4940698444262606
2009-12-03,5.512217847449175,-2.3671025165483823,-1.5021026504123194
2009-12-04,5.5129671131493625,-2.3687381872279967,-1.4636479947584164
2009-12-07,5.511391419282325,-2.367003037366245,-1.4008923783544427
2009-12-08,5.508906268397352,-2.364497984533563,-1.3574733063110436
2009-12-09,5.506942790010752,-2.3599526994768008,-1.3461631677804957
2009-12-10,5.504350836397759,-2.35411770962484,-1.3240512290806947
2009-12-11,5.501367155827255,-2.349216993889067,-1.3139588679749878
2009-12-14,5.499356966163118,-2.34912680189034,-1.3595561281107538
2009-12-15,5.498045589281555,-2.3449134050542195,-1.3368661477585386
2009-12-16,5.495770145371019,-2.3413125341087078,-1.3262154767189271
2009-12-17,5.494250223489403,-2.3373112219873895,-1.3165257775591097
2009-12-21,5.493451185228333,-2.3333006944052452,-1.3170824116025224
2009-12-22,5.4949729509947085,-2.328364169622593,-1.329936155682114
2009-12-23,5.496757941684602,-2.32517090581535,-1.3394172496906902
2009-12-24,5.49814875550151,-2.322818416031069,-1.3482374279716238
2009-12-28,5.497826771756198,-2.3198872191925712,-1.3563454064568616
2009-12-29,5.4984045589269925,-2.3207666151535884,-1.3511231839057292
2009-12-30,5.4982377872319805,-2.3199324939404935,-1.3297137040698626
2009-12-31,5.49671624255646,-2.3215062431557696,-1.321546885085163
2010-01-04,5.496237140736341,-2.3238165649327813,-1.3302275006280004
2010-01-05,5.497362340378924,-2.3245837266910887,-1.332847609169551
2010-01-06,5.498331315641434,-2.325885610925517,-1.342032870684984
2010-01-07,5.498719319924009,-2.3252438068514016,-1.3310464092153276
2010-01-08,5.499109703287902,-2.3241318939958178,-1.3355569954494628
2010-01-12,5.499189623046002,-2.323411583422394,-1.33972131788224
2010-01-13,5.500195669085255,-2.3211841631809844,-1.3455660328190049
2010-01-14,5.501371519978245,-2.314362677032342,-1.322310923496296
2010-01-15,5.501420100240726,-2.307381412940181,-1.3185808365252298
2010-01-18,5.500354083989515,-2.300835785646254,-1.320941474024753
2010-01-19,5.49949761560669,-2.2937815589879564,-1.3317902044122594
2010-01-20,5.503981555545326,-2.282477604785175,-1.3585687361377548
2010-01-21,5.508249335561001,-2.2738137290317604,-1.3813979288077745
2010-01-22,5.511089968341748,-2.2666349408864965,-1.403728991228218
2010-01-25,5.510824332459677,-2.2614081894262883,-1.408158019908688
2010-01-26,5.512729260194574,-2.25463348192403,-1.4201285472425091
2010-01-27,5.517149916601496,-2.2442133374379027,-1.4181651065806107
2010-01-28,5.517812523432687,-2.2364670423461774,-1.424896434046817
2010-01-29,5.516972279404295,-2.22942692716081,-1.3967070943624667
2010-02-01,5.5143842917201225,-2.223442040373178,-1.3841750768599603
2010-02-02,5.512508015275685,-2.2154613200822264,-1.3737877728607981
2010-02-03,5.515171369411801,-2.207894789394841,-1.426284415252692
2010-02-04,5.518478647962215,-2.202104270607508,-1.4611041456740408
2010-02-05,5.518772842568035,-2.1945206310209806,-1.4411859529171427
2010-02-08,5.517895952102926,-2.1894424865484066,-1.4585482039380047
2010-02-09,5.516657334242459,-2.184494513099798,-1.4628927444494497
2010-02-10,5.518174676455181,-2.1723637578575534,-1.4448900959563418
2010-02-11,5.516355172955685,-2.158022059084798,-1.4370133823197133
2010-02-12,5.51377763144116,-2.1484912490631842,-1.46340493481548
2010-02-15,5.511615362565123,-2.1399267053255575,-1.4771364175615591
2010-02-16,5.511167563865339,-2.134193735709467,-1.3658842436731746
2010-02-17,5.507468626322318,-2.1276410412316578,-1.3003390163453352
2010-02-18,5.501849258676146,-2.121675598955211,-1.2708743482140838
2010-02-19,5.493278994793441,-2.1122723055833887,-1.2944382774537748
2010-02-22,5.486728946329819,-2.1025137416069604,-1.2941574675383996
2010-02-23,5.480180035947005,-2.0920513833423007,-1.3150518105437974
2010-02-24,5.474702600561131,-2.0817213109446175,-1.323204028081832
2010-02-25,5.464108380539826,-2.0624028793605995,-1.4519479455733924
2010-02-26,5.4578563455551325,-2.044994605889156,-1.50348542828699
2010-03-01,5.451930380768031,-2.031006060288259,-1.527646174315109
2010-03-02,5.447306425830521,-2.0173267846091334,-1.535194549518367
2010-03-03,5.440363923449175,-2.0077842726928052,-1.520653104042026
2010-03-04,5.440475426952209,-2.0059873348470973,-1.361108860957383
2010-03-05,5.436288611901224,-2.00488929182709,-1.2801984141035485
2010-03-08,5.430302552940971,-2.0042311220177496,-1.2380521286095154
2010-03-09,5.42625015450799,-2.00175664768764,-1.2207712373980253
2010-03-10,5.415844377690796,-2.00016710000658,-1.253909807696889
2010-03-11,5.408493303364347,-1.998139544930441,-1.2482062564907075
2010-03-12,5.400674815064432,-1.9977441806322036,-1.227216636617256
2010-03-15,5.396186253300598,-1.9995554916349259,-1.1862072764537368
2010-03-16,5.389603143714837,-1.9980027315906688,-1.1798516395961929
2010-03-17,5.3835766029382,-1.9973188524629544,-1.1679081721142706
2010-03-18,5.379527225390377,-1.9948040605597093,-1.1644374532125357
2010-03-19,5.37601839208428,-1.9926093409396293,-1.1566665249665986
2010-03-22,5.372301076605324,-1.9895790627082914,-1.1162086389299635
2010-03-23,5.37003492211589,-1.9887969442668187,-1.095252323425708
2010-03-24,5.367076205954077,-1.987192679141069,-1.0555542344551396
2010-03-25,5.363303681006214,-1.9857631601077117,-1.0328458408376373
2010-03-26,5.360651139538307,-1.9849410921790223,-1.0546243967977758
2010-03-29,5.358626310442755,-1.9842538659669322,-1.0530250769732823
2010-03-30,5.356979701906374,-1.9831821036548827,-1.0499525165636596
2010-03-31,5.355380777629018,-1.9821724190822052,-1.0418503957383636
2010-04-01,5.353998193232854,-1.9805077155785962,-1.038089702658827
2010-04-06,5.351681263937958,-1.9789816790654338,-1.0347939432563469
2010-04-07,5.349442076587658,-1.9793316119157172,-1.037468529539554
2010-04-08,5.348005131808696,-1.9785815070110349,-1.0337517179683402
2010-04-09,5.346217354216755,-1.9786728009894554,-1.0310245014996189
2010-04-12,5.344152080527327,-1.9818126305686437,-1.036183335640029
2010-04-13,5.343285156536862,-1.9841709928491582,-1.033292198989056
2010-04-14,5.344053911222305,-1.9887964940977807,-1.0821644527704104
2010-04-15,5.346605724772778,-1.9926730401058763,-1.100457494277032
2010-04-16,5.34788561848199,-1.9960688445058947,-1.0885366012808877
2010-04-19,5.349487151050753,-1.9982245667745144,-1.09157938207535
2010-04-20,5.352102974213922,-2.00137402833792,-1.1125307192711056
2010-04-21,5.352338014306766,-2.009155315344039,-1.1278086345321106
2010-04-22,5.35421693010582,-2.0157449033166617,-1.132511684807644
2010-04-23,5.354945799497414,-2.0247428423837674,-1.173890556250744
2010-04-26,5.3576026651598205,-2.031736414488021,-1.1581144609630258
2010-04-27,5.360682489795107,-2.0348416628772648,-1.1851619772661204
2010-04-28,5.360642551967365,-2.039139020636304,-1.1994867009457526
2010-04-29,5.360756799378538,-2.042412532266833,-1.1978450887842909
2010-04-30,5.361698045855479,-2.0461105904427246,-1.201690414002697
2010-05-03,5.362863229813022,-2.049170318734025,-1.1921163590677541
2010-05-04,5.365919083207476,-2.0521258896924537,-1.2068246562654938
2010-05-05,5.368505133964739,-2.0542475250079733,-1.2152817730432803
2010-05-06,5.370991489423693,-2.0550511739483235,-1.225778216570184
2010-05-07,5.374188620382665,-2.058143356714764,-1.2550196818344972
2010-05-10,5.3781488448053905,-2.0606544845463337,-1.2748164359247336
2010-05-11,5.383795646106104,-2.0636645606381245,-1.295115672593843
2010-05-12,5.3894581176264325,-2.0652964688934854,-1.3046588669535353
2010-05-13,5.394221749327726,-2.067041807641672,-1.3166367250619235
2010-05-14,5.39449941711551,-2.072057063039386,-1.315468030322151
2010-05-17,5.393160507686723,-2.073831525847262,-1.334929720939163
2010-05-18,5.3914062768479765,-2.0766474224603417,-1.3304676618605298
2010-05-19,5.391741532524031,-2.078381407968108,-1.3330652753316279
2010-05-20,5.392124498055343,-2.0801708102556344,-1.3369722180925414
2010-05-21,5.392831377817577,-2.0811423277972754,-1.3492519769299034
2010-05-24,5.392754909837976,-2.081471188072072,-1.3475971647416567
2010-05-25,5.392656039455745,-2.0815439101156645,-1.342080834408411
2010-05-26,5.3923861822810695,-2.081731409780618,-1.3442284872712797
2010-05-27,5.392944934032393,-2.0823848409283445,-1.347060591736136
2010-05-28,5.39327408097274,-2.083156050678323,-1.345108704869769
2010-05-31,5.390663842523043,-2.0807234252962084,-1.3544388453965606
2010-06-01,5.3881509295627295,-2.0791135564904977,-1.3546846844345397
2010-06-02,5.382394325811155,-2.0767504758884034,-1.3698109811814754
2010-06-03,5.378109737674719,-2.0741456533953753,-1.3655750763777115
2010-06-04,5.374010759809759,-2.072189256308072,-1.3488349033247162
2010-06-07,5.370110628444886,-2.0699106223862453,-1.3367670456782101
2010-06-08,5.365855489274772,-2.0674063141638324,-1.3181339838429977
2010-06-09,5.365082502449578,-2.067205895803606,-1.2722749373677962
2010-06-10,5.363609767024238,-2.0676833632048663,-1.261464874134598
2010-06-11,5.361730902901547,-2.0688759070182656,-1.2519183396294047
2010-06-14,5.361009070996608,-2.069108732950566,-1.25026558502306
2010-06-15,5.360963898093887,-2.06815554208747,-1.236852512314148
2010-06-16,5.359893793996744,-2.070328663842967,-1.228875262515364
2010-06-17,5.3589139881480135,-2.0714754331099727,-1.2156363462906037
2010-06-18,5.358049188553589,-2.0729144793976246,-1.21139944903193
2010-06-21,5.3565389473675475,-2.0728488223637704,-1.1862511229564068
2010-06-22,5.355534483962417,-2.0725880227633913,-1.1771702984278911
2010-06-23,5.354604475862247,-2.0728910501838476,-1.1826633624951843
2010-06-24,5.35445309976156,-2.0741902349376407,-1.1945969446899438
2010-06-25,5.3539013519284575,-2.0733624254202234,-1.208632447583607
2010-06-28,5.354004167168482,-2.0735326843837423,-1.2210452641817187
2010-06-29,5.353512638761241,-2.072955985169498,-1.2146332807903364
2010-06-30,5.353017090875107,-2.072591234206723,-1.2196096482707408
2010-07-01,5.35335108395769,-2.0730671755744075,-1.2072179559963456
2010-07-02,5.353493477296584,-2.073966061583171,-1.204592136800178
2010-07-05,5.354763716953147,-2.074106751922382,-1.209395013609251
2010-07-06,5.355268587571692,-2.0736336450649206,-1.2001720704702692
2010-07-07,5.3557689327475115,-2.0730726600157023,-1.1964036278689614
2010-07-08,5.355947129715021,-2.0723918703429423,-1.1958484244578347
2010-07-09,5.356586995661635,-2.0706266349523132,-1.1897928394995319
2010-07-12,5.356311993005469,-2.0709454974444887,-1.1966239548418982
2010-07-13,5.355828205896675,-2.0700941240475257,-1.1931675133160329
2010-07-14,5.355328816780503,-2.0703880748880796,-1.1968752111591057
2010-07-15,5.354810848903283,-2.0705153497200195,-1.1932994449943228
2010-07-16,5.354284179786155,-2.0718758111393125,-1.192167317157562
2010-07-19,5.354886663621855,-2.0720879576334053,-1.1946160025009935
2010-07-20,5.355691289622256,-2.07202526500318,-1.1922716210400857
2010-07-21,5.356028923083748,-2.07307923544611,-1.2001299855421537
2010-07-22,5.356455731067398,-2.07365868927453,-1.2059604455553505
2010-07-23,5.353065931465932,-2.0777821667722827,-1.1921730614107202
2010-07-26,5.349118529961676,-2.0827726230072328,-1.1730615628684946
2010-07-27,5.348856277610605,-2.0845427469648246,-1.1627256024195332
2010-07-28,5.349298068154647,-2.0850319441635135,-1.1484232993228016
2010-07-29,5.349541152351284,-2.085405675804611,-1.1465337211642792
2010-08-02,5.349756829486876,-2.085729173676717,-1.1464849258504148
2010-08-03,5.349318142304979,-2.0839401519210883,-1.1278773703496499
2010-08-04,5.348901179790816,-2.080421971966035,-1.1229210478076113
2010-08-05,5.347665656238053,-2.0804610610294203,-1.1401586018401972
2010-08-06,5.347116525754255,-2.08009533648621,-1.145694915516861
2010-08-09,5.346983660500251,-2.079779940130032,-1.1521669359396622
2010-08-10,5.3468288697739155,-2.079606077863836,-1.154857774277816
2010-08-11,5.346842817016146,-2.0787875481362508,-1.1490387396833623
2010-08-12,5.346580175849262,-2.0771122430474254,-1.1506106463384598
2010-08-13,5.345881698813295,-2.074865495915462,-1.1474564632442463
2010-08-16,5.3453256347984395,-2.0722754116067104,-1.1473397754936174
2010-08-17,5.343552366234946,-2.0696907030408784,-1.1432569393016827
2010-08-18,5.341515472810729,-2.0659467295457574,-1.1314155577666687
2010-08-19,5.339283306847408,-2.062271991855885,-1.1280428270605551
2010-08-23,5.336904714405378,-2.0604505893628287,-1.1306956614320658
2010-08-24,5.334498001135261,-2.0564350937171185,-1.1199738231845586
2010-08-25,5.332939757902026,-2.050250619123765,-1.1181714491017303
2010-08-26,5.330088597977481,-2.0438835467266685,-1.1111362540117884
2010-08-27,5.3264149929388545,-2.038090789897123,-1.1012554973410593
2010-08-30,5.322646578912525,-2.0328575163076352,-1.1209916180219885
2010-08-31,5.320440037801936,-2.028222660470309,-1.1302339547563636
2010-09-01,5.318513844345669,-2.0235706037639387,-1.1085128347395785
2010-09-02,5.316275192831187,-2.020327552215801,-1.0997738689202987
2010-09-03,5.313808860926864,-2.018364599243592,-1.0970201244213986
2010-09-06,5.312186543659194,-2.0175377035723288,-1.0956579269023061
2010-09-07,5.31125904636823,-2.0161920099193145,-1.095125533951005
2010-09-08,5.309892031709969,-2.0146042346920505,-1.0942820008135892
2010-09-09,5.308425416380523,-2.013353423349267,-1.0893833442883625
2010-09-13,5.305417120527487,-2.0137369894374166,-1.0777906205947538
2010-09-14,5.304218612075914,-2.014648962564606,-1.0736285884883894
2010-09-15,5.302428494765493,-2.0144287749694683,-1.0611973402445474
2010-09-16,5.30084067949551,-2.0147394828937135,-1.0530860609788983
2010-09-17,5.299940719406132,-2.01685712111023,-1.0509338185601955
2010-09-20,5.299027903581682,-2.0178319829742457,-1.046576095096252
2010-09-21,5.298602704731285,-2.017699677503888,-1.0374091301401958
2010-09-22,5.298354656070582,-2.017228445181853,-1.0351775454808314
2010-09-23,5.298096544943433,-2.0162385572859813,-1.0384759675991617
2010-09-24,5.2981272763857055,-2.0149250568185044,-1.0462275053201737
2010-09-27,5.298564770606578,-2.0143071523478135,-1.0521588143362068
2010-09-28,5.299133036680414,-2.013634498927848,-1.0581828280218792
2010-09-29,5.299325035656965,-2.0126717733830852,-1.0596212218408856
2010-09-30,5.299147740775822,-2.0119987504479693,-1.0578545312825203
2010-10-01,5.299367644876902,-2.012867444167155,-1.0574654558697338
2010-10-04,5.300037735795948,-2.0146861422759237,-1.0630115493919443
2010-10-05,5.300489185175779,-2.014604497535926,-1.0605601200267472
2010-10-06,5.299011858201632,-2.016448308346804,-1.063368888173592
2010-10-07,5.299046669267112,-2.0171578973505655,-1.0673977847786846
2010-10-08,5.299384299508972,-2.018140655877069,-1.0686660286467504
2010-10-11,5.300045205652561,-2.0193078638941406,-1.0709100250101917
2010-10-12,5.297667597232724,-2.0205240090695296,-1.066038963752374
2010-10-13,5.297730342289504,-2.0240913548811594,-1.0642785627353586
2010-10-14,5.298358565464168,-2.0276286052213233,-1.0622420642686412
2010-10-15,5.299555618354227,-2.031231792807056,-1.0630066867408348
2010-10-18,5.299806817287302,-2.0360390443531164,-1.0567852663464226
2010-10-19,5.300572593081496,-2.041607461324483,-1.0593378149572088
2010-10-20,5.2998389451106185,-2.048422467140873,-1.0495063841177814
2010-10-21,5.2984207026369186,-2.0573160735852887,-1.0420091989767815
2010-10-22,5.298595012494186,-2.0624444733256064,-1.020072985564383
2010-10-25,5.298344457958181,-2.0667994557803033,-1.0051187888710424
2010-10-26,5.298262406802204,-2.072219321792374,-1.0086075145036828
2010-10-27,5.298361865206694,-2.076282227979655,-1.0106260308946209
2010-10-28,5.2990902142890945,-2.0803641569124536,-1.0082902354816654
2010-10-29,5.300417308802848,-2.08472165141045,-1.0174773744384966
2010-11-01,5.302257557622791,-2.0876060803762466,-1.0191282459685427
2010-11-02,5.304149787347836,-2.0900055787606076,-1.0221126741243167
2010-11-03,5.305265053956457,-2.0931310246056807,-1.0257020375882187
2010-11-04,5.306082144866217,-2.095579978384865,-1.0261327590335287
2010-11-05,5.307077079606776,-2.097816329732684,-1.021135384139922
2010-11-08,5.3085037931410515,-2.100181052088739,-1.0243221390018724
2010-11-09,5.310955692038733,-2.101825353112752,-1.0681244758024004
2010-11-10,5.313383827538403,-2.1050432417009683,-1.0917215520315373
2010-11-11,5.3157818818444165,-2.1081566234347373,-1.09842052144381
2010-11-12,5.318233198600828,-2.1125556166701824,-1.1103182253523702
2010-11-15,5.320192869700648,-2.1175959110293916,-1.1119009631241394
2010-11-16,5.32199307858057,-2.1210284489535725,-1.097323733653544
2010-11-19,5.323451211458137,-2.1237727987047945,-1.0908011735937486
2010-11-22,5.324502714613746,-2.1273671399454934,-1.0867997041523978
2010-11-23,5.327039627048139,-2.1292961731094815,-1.0938712470722582
2010-11-24,5.327046141581182,-2.1291734011801933,-1.107660400999766
2010-11-25,5.326681271739867,-2.12907353720401,-1.1099982760378413
2010-11-26,5.327226482899945,-2.129592797476819,-1.1186106543629912
2010-11-29,5.328028551398746,-2.1302247556670837,-1.1225425525150179
2010-11-30,5.328086239384138,-2.1311280027942194,-1.1180067945569214
2010-12-01,5.330770667902925,-2.1303079533793117,-1.094641269220615
2010-12-02,5.330565816782445,-2.132059386606488,-1.0838220882146639
2010-12-03,5.3302932728477685,-2.1336857526604405,-1.0772645004753651
2010-12-06,5.33256078132557,-2.1336332441654373,-1.081912071701433
2010-12-08,5.33402460033199,-2.1341097034912715,-1.0890278430529872
2010-12-09,5.334502056301952,-2.1365915538140885,-1.0866511175106488
2010-12-10,5.335403543869899,-2.1360634995120145,-1.0780331430654302
2010-12-13,5.335544841779299,-2.134926007050473,-1.066248269571323
2010-12-14,5.336523894518844,-2.1343505420097832,-1.0764974727404582
2010-12-15,5.337246097375543,-2.134652510363582,-1.080857391903331
2010-12-16,5.34021691945608,-2.13325658876729,-1.0924319284777586
2010-12-17,5.341520529858715,-2.13322360698954,-1.1010582671340974
2010-12-20,5.341468095223085,-2.134484176689483,-1.1033611317756469
2010-12-21,5.3413925771669755,-2.1349462198116975,-1.1035779444305545
2010-12-22,5.342601631892081,-2.134237894077875,-1.1076839147741282
2010-12-23,5.342943250844295,-2.1331550302577913,-1.1085169460078654
2010-12-24,5.342620392116413,-2.132347246237687,-1.1279706993279763
2010-12-27,5.341910618187504,-2.132430445755501,-1.1359429829095318
2010-12-28,5.3413670252549075,-2.1329749937838627,-1.1348752010854621
2010-12-29,5.341938812515564,-2.1315485401234735,-1.1250314983212848
2010-12-30,5.341920529461209,-2.131472099100385,-1.1237411500459296
2010-12-31,5.34219235215854,-2.1308527382142324,-1.1263308468346285
2011-01-03,5.3429147073686645,-2.129904437404302,-1.1299942502363536
2011-01-04,5.3431993507953,-2.1290243764168495,-1.1324909366312357
2011-01-05,5.341600137808992,-2.129619396808778,-1.1278912452290375
2011-01-06,5.3422395803975675,-2.126941127077616,-1.1254484567841456
2011-01-07,5.341048558747984,-2.1279278182951744,-1.1365730101278733
2011-01-10,5.340217804198913,-2.1275713808031362,-1.1312566767884986
2011-01-12,5.3398119120967555,-2.1275804067333213,-1.147630741661349
2011-01-13,5.340892224908317,-2.129202979743392,-1.1267688710290733
2011-01-14,5.341521304915658,-2.130322290288967,-1.1167967417603761
2011-01-17,5.341442714000068,-2.1310715896323544,-1.110094198551575
2011-01-18,5.341467579553265,-2.1320626164591814,-1.1078399516262094
2011-01-19,5.34099816479401,-2.1338309926424217,-1.1016261522249413
2011-01-20,5.341172383368868,-2.1360782185564444,-1.1087026366617296
2011-01-21,5.3418846667584905,-2.139114846956589,-1.109093608601377
2011-01-24,5.3426749127771025,-2.1420012171842715,-1.1068099409678547
2011-01-25,5.342963960897828,-2.143546718358901,-1.0977192936260616
2011-01-26,5.342239918788529,-2.1461351220691056,-1.1043185100380968
2011-01-27,5.342791715944605,-2.1474593466320786,-1.1029426969801006
2011-01-28,5.343488702126174,-2.1501237575344088,-1.1124851696497615
2011-01-31,5.3443700644138215,-2.1528337753798863,-1.1122440946403884
2011-02-01,5.3455753348476245,-2.1550498479663656,-1.114813436705572
2011-02-02,5.346721491909405,-2.156478797881841,-1.107107187881663
2011-02-03,5.3478369330402655,-2.157716202162778,-1.1079539930916509
2011-02-04,5.349168826997675,-2.1586795672888037,-1.1101716912689201
2011-02-07,5.350031332057219,-2.159539816454807,-1.1131720159572989
2011-02-08,5.35100961414984,-2.160063593607475,-1.1139820213165432
2011-02-09,5.348948833604207,-2.159280632131064,-1.1404452926230233
2011-02-10,5.3486916720121656,-2.1601138139508334,-1.1618745880917611
2011-02-11,5.348882576294252,-2.1611259595858288,-1.167918839573729
2011-02-14,5.349216806050031,-2.1610415991013934,-1.1650229332162192
2011-02-15,5.350128532799288,-2.160089898234187,-1.164302120984662
2011-02-18,5.3503205480682405,-2.159650220885842,-1.1635936819681245
2011-02-21,5.350422836929764,-2.1584808088841037,-1.1671217205716284
2011-02-22,5.350503606704649,-2.1574774310298275,-1.171585706301137
2011-02-23,5.350096522303854,-2.1570288894732905,-1.1692324260849927
2011-02-24,5.350738227234781,-2.1557907860962926,-1.1767142463253468
2011-02-25,5.351346816307629,-2.154713142619787,-1.182188564059658
2011-02-28,5.351957461740765,-2.153294221316936,-1.1832617928469402
2011-03-01,5.351320911250654,-2.152953849579691,-1.1827375730408534
2011-03-02,5.350431761996761,-2.153464928998384,-1.1779949788238677
2011-03-03,5.35074455316772,-2.152674982365343,-1.1787111210837475
2011-03-04,5.3515786807784735,-2.1531886882588647,-1.175291731414408
2011-03-07,5.352130652617368,-2.1535050823101143,-1.1750564977068187
2011-03-08,5.352565152936095,-2.1540057727658666,-1.1747391650775139
2011-03-09,5.352798708969052,-2.154267453116987,-1.1632901222952927
2011-03-10,5.351781169229708,-2.1541782349909364,-1.175771639164913
2011-03-11,5.351349644014697,-2.153303163715442,-1.1800821157161203
2011-03-14,5.350884277615105,-2.152543142759057,-1.183583812741648
2011-03-15,5.3513595319918466,-2.1511592622597395,-1.168237877484266
2011-03-16,5.351079519179675,-2.1489406233845574,-1.1660958756184479
2011-03-17,5.350924700073351,-2.1466278353245167,-1.1684829791370885
2011-03-18,5.349981667229246,-2.147093216504612,-1.170501544523705
2011-03-21,5.348602652198561,-2.147736921283045,-1.1742854619102423
2011-03-22,5.348554372897443,-2.149361706110127,-1.166247893073622
2011-03-23,5.347548764172101,-2.1515462060559734,-1.1573561529097638
2011-03-24,5.346830879863906,-2.152788224338001,-1.1499831796318836
2011-03-25,5.346476644070472,-2.1542301652133826,-1.1375816983851503
2011-03-28,5.345538589564372,-2.1570251096134223,-1.131582955364777
2011-03-29,5.345188932226536,-2.1606252461385598,-1.170946959349633
2011-03-30,5.344702059372359,-2.164755252239243,-1.1756445030368878
2011-03-31,5.3456643605261505,-2.164687798568056,-1.1537955855415305
2011-04-01,5.345057893012973,-2.1649697356969986,-1.129218874332426
2011-04-04,5.3439352999766925,-2.165795673767103,-1.1179003306515556
2011-04-05,5.345591365583806,-2.1668837916033716,-1.1435703037638096
2011-04-06,5.34758920261003,-2.169313320376152,-1.1534500137373076
2011-04-07,5.349914645941594,-2.171963730633873,-1.1595845045889175
2011-04-08,5.352634812983074,-2.1746655457981836,-1.1674306642516237
2011-04-11,5.355115968403177,-2.1783802729801325,-1.173520431533728
2011-04-12,5.357268593100309,-2.181915917794269,-1.1744311599940036
2011-04-13,5.359314028147183,-2.185060174658265,-1.1791885262901005
2011-04-14,5.361257365259849,-2.1880495049417195,-1.1808416081412436
2011-04-15,5.363083463244004,-2.1898829013376577,-1.1830049162933853
2011-04-18,5.364632139255808,-2.191805353527849,-1.1858239937797306
2011-04-19,5.366444271386431,-2.193917935243391,-1.2019294828214668
2011-04-20,5.368378285833938,-2.1947005799883055,-1.1931541035855273
2011-04-21,5.369390017944778,-2.1961860689312194,-1.1917564718627696
2011-04-26,5.370387398560499,-2.1974221549674278,-1.194535175644552
2011-04-27,5.371477255496411,-2.198414089750819,-1.1979747072177922
2011-04-28,5.372607588091464,-2.200050816209978,-1.2022168980279586
2011-04-29,5.373646834703742,-2.2019982975067713,-1.2077323368811346
2011-05-02,5.3747697722926,-2.203935582729889,-1.212406543837367
2011-05-03,5.376171947209822,-2.204995113312167,-1.2119514190122096
2011-05-04,5.377680244733389,-2.2046607088560504,-1.2032516019549773
2011-05-05,5.378750682946593,-2.2049611575727575,-1.199745754291663
2011-05-06,5.379654430514477,-2.205589152050076,-1.2125242865659385
2011-05-12,5.3812544528575375,-2.20520048510149,-1.2152259048137282
2011-05-13,5.38291450893388,-2.204271945784434,-1.2248894519316598
2011-05-16,5.383622514990653,-2.2063649191204853,-1.2378553312097622
2011-05-17,5.384499117676835,-2.207772495546085,-1.233274354099596
2011-05-18,5.38608453230485,-2.2059230422723655,-1.226167359084201
2011-05-19,5.386642839052624,-2.2057128436878997,-1.2310036551800085
2011-05-20,5.387223488999306,-2.206197218314393,-1.2321842051246203
2011-05-23,5.387886940622332,-2.2035254564548015,-1.2280101385730684
2011-05-24,5.387938939763882,-2.2007374120021446,-1.2265071509566576
2011-05-25,5.3878494629902995,-2.1987034550533195,-1.2318187572730646
2011-05-26,5.38827905907176,-2.198349762982837,-1.2486051565309562
2011-05-27,5.388760615696563,-2.197996818845509,-1.2484739310744775
2011-05-30,5.389099296728528,-2.1974437715850286,-1.2504807925498447
2011-05-31,5.390241428631982,-2.194930571920267,-1.2490509282227233
2011-06-01,5.3899547730585935,-2.195229262579878,-1.2506595140933212
2011-06-02,5.389856140077232,-2.1952464451444,-1.2520085169770518
2011-06-03,5.389847848616405,-2.1950188108499677,-1.2425285646770798
2011-06-06,5.389501997465512,-2.194756311950937,-1.2361900582575331
2011-06-07,5.389074391532594,-2.194982541626095,-1.2407254522222053
2011-06-08,5.389026919040574,-2.1960751440952677,-1.242256183869229
2011-06-09,5.389250448492193,-2.197300289560535,-1.2415532844519646
2011-06-10,5.390262429957974,-2.1970740526057377,-1.2410865344186723
2011-06-13,5.391100993694479,-2.1965810700069945,-1.245293862015816
2011-06-14,5.391220627645875,-2.1965446183950967,-1.241451493271385
2011-06-15,5.391377040684624,-2.1973251955289688,-1.2451640775432344
2011-06-16,5.392566164720436,-2.19679146318759,-1.2575886111374772
2011-06-17,5.394897000063937,-2.197241322119679,-1.248419734448074
2011-06-20,5.396469517373508,-2.1980028727037455,-1.2463340759768398
2011-06-21,5.3965925438920195,-2.2002992072055347,-1.2466635956033543
2011-06-22,5.3975042245906195,-2.2026043619554785,-1.250085786865201
2011-06-23,5.398848782318558,-2.204784120593628,-1.257727647948135
2011-06-24,5.399727964922059,-2.2047573812905887,-1.2404941614182772
2011-06-27,5.4000064313589515,-2.2048553909765363,-1.2381348130137844
2011-06-28,5.400284389241632,-2.205245933761165,-1.2378806580541586
2011-06-29,5.399819141904258,-2.2059552387583268,-1.2544737539555568
2011-06-30,5.4002259760635996,-2.2069503328923945,-1.2584954704794433
2011-07-01,5.40009495594471,-2.2112448285962025,-1.2780857261971863
2011-07-04,5.4003254969530605,-2.2148271352070332,-1.2761968970980992
2011-07-05,5.400697452205688,-2.2177388459683027,-1.270309742655353
2011-07-06,5.401638267681116,-2.219481229205095,-1.2680847289552788
2011-07-07,5.402505823595666,-2.220360121832534,-1.2702850722603065
2011-07-08,5.403521279675295,-2.218956294367296,-1.2580357491894392
2011-07-11,5.404120356451287,-2.216377573053046,-1.2592420439526733
2011-07-12,5.403727706230203,-2.212774505785059,-1.2657624588293013
2011-07-13,5.40299292337359,-2.2093658308535793,-1.2653573060136836
2011-07-14,5.4027682725964254,-2.2068143229356103,-1.2730139017868445
2011-07-15,5.4007726037528805,-2.2080569496924127,-1.2756174629975603
2011-07-18,5.399548868749427,-2.2064753879411256,-1.2746483746617943
2011-07-19,5.39925195994224,-2.2035257280130724,-1.2759665460393452
2011-07-20,5.3989120802199135,-2.201505641865169,-1.277868625053546
2011-07-21,5.398910248434444,-2.2002895742680413,-1.2822709234493381
2011-07-22,5.399047680736053,-2.200833153717595,-1.284046421330497
2011-07-25,5.399174210101643,-2.2013991644742776,-1.2954744608918678
2011-07-26,5.399852812668657,-2.201841826250844,-1.3067066644164835
2011-07-27,5.398831266152109,-2.202227893357145,-1.298012634786431
2011-07-28,5.39755939274885,-2.2017792732426615,-1.2970070246915173
2011-07-29,5.396369008423298,-2.201212685023864,-1.2930389260525852
2011-08-01,5.395409041657227,-2.200614779911546,-1.2973360698357734
2011-08-02,5.395025491533829,-2.1980884806088583,-1.292527164036491
2011-08-03,5.393991355791795,-2.1949122230750224,-1.2898493901483365
2011-08-04,5.392354717578403,-2.191578125333773,-1.2839544032557106
2011-08-05,5.38999275761478,-2.187272889017538,-1.2784903325776145
2011-08-08,5.386936959820838,-2.1823249557022044,-1.2709174856112202
2011-08-09,5.383806292864163,-2.1775024650616706,-1.267887234984966
2011-08-10,5.381151881458678,-2.1735456367085306,-1.2695681146763262
2011-08-11,5.379311327986793,-2.1689790249858087,-1.2780914545125366
2011-08-12,5.378337856157117,-2.1644690860634137,-1.2845776509777822
2011-08-15,5.377965862612059,-2.1621043539546148,-1.3080710039247714
2011-08-16,5.378717831074545,-2.1599575868016556,-1.3191339083002163
2011-08-17,5.379530187234262,-2.1584857750706457,-1.328334333044607
2011-08-18,5.380452038019752,-2.156673647275156,-1.3359798009147688
2011-08-19,5.380829748163169,-2.152850504825261,-1.3447874229086254
2011-08-22,5.37996116272192,-2.1495957632229556,-1.3435981265899264
2011-08-23,5.378174698643869,-2.148220088296038,-1.3420843574204229
2011-08-24,5.376739506330972,-2.1468023502115647,-1.342874008975508
2011-08-25,5.375476314929259,-2.1462750003828597,-1.338142602523093
2011-08-26,5.374555261527653,-2.145121750513573,-1.335106055630583
2011-08-29,5.37358218423865,-2.1438046119969343,-1.336923304736501
2011-08-30,5.372850160938072,-2.144111621657938,-1.3392246704043376
2011-09-02,5.370735458437562,-2.140864570999858,-1.3352958527900496
2011-09-05,5.368746820391527,-2.137312675284467,-1.3353520554241964
2011-09-06,5.366087545024971,-2.132892394290015,-1.3320452416003468
2011-09-07,5.364050055945329,-2.1273510693234794,-1.3261882512146457
2011-09-08,5.361430833939156,-2.1236827440981934,-1.3235582145544855
2011-09-09,5.35878195478187,-2.119261477525413,-1.320325555788876
2011-09-12,5.355314809271395,-2.1148901409712875,-1.3140505454941318
2011-09-13,5.352840523086644,-2.109697641464174,-1.29892775567547
2011-09-14,5.350339454136317,-2.1038805858039917,-1.2947815539519845
2011-09-15,5.347607539303236,-2.099238448202237,-1.2942155338405403
2011-09-16,5.345180065341728,-2.0958284451298583,-1.2825777527743916
2011-09-19,5.342321515426659,-2.0914131283576025,-1.277556876745425
2011-09-20,5.338767714964998,-2.0855393406800857,-1.266180906323163
2011-09-21,5.3340247321188885,-2.081773322791615,-1.2575073515711985
2011-09-22,5.329547857736782,-2.078268025730924,-1.2461347862282348
2011-09-23,5.324137189302249,-2.073456226501014,-1.203798344771566
2011-09-26,5.318240803712246,-2.0686837829529665,-1.1988548381141446
2011-09-27,5.313310090477604,-2.064551407294216,-1.1900400289398618
2011-09-28,5.309350213899894,-2.0630583381811447,-1.1791533560241192
2011-09-29,5.306035860948847,-2.0614832672351846,-1.167764342568407
2011-09-30,5.302713227376042,-2.059602361497923,-1.1330275478150442
2011-10-03,5.298921122245879,-2.0570348727377645,-1.1374961847581282
2011-10-04,5.295823044867806,-2.054090321210754,-1.1355034100053532
2011-10-05,5.2926764480028154,-2.051250868731827,-1.1487892838636293
2011-10-06,5.290602998199872,-2.0495971103197546,-1.1481395236136482
2011-10-07,5.289641994730423,-2.0481435538736616,-1.1462160195094109
2011-10-10,5.288999979525484,-2.048173100554727,-1.1467271148199287
2011-10-11,5.28828557710166,-2.0485241426186094,-1.1415755380458308
2011-10-12,5.288018048950816,-2.047500402242792,-1.1342782798528144
2011-10-13,5.287640922554293,-2.047538382846243,-1.1315100534567402
2011-10-14,5.286496012972962,-2.0463898072499616,-1.1075552234267472
2011-10-17,5.284946849887034,-2.046435168179614,-1.0944960502753864
2011-10-18,5.2833014643301315,-2.0461439406800497,-1.0929117872374654
2011-10-19,5.283674409066256,-2.0440081802234733,-1.0952898763536456
2011-10-20,5.283925134112008,-2.042768903709881,-1.0860590798463272
2011-10-21,5.282816159247428,-2.0430162008847534,-1.0794405484398315
2011-10-24,5.2825806747632225,-2.042728782326032,-1.0768098207069547
2011-10-25,5.282130568561759,-2.043633376518516,-1.0858634531008131
2011-10-26,5.284943145351526,-2.0394693577783447,-1.0916458450891258
2011-10-27,5.286764748118916,-2.0353587618673843,-1.1036836603960438
2011-10-28,5.289682069185642,-2.035316189418663,-1.0933469688820658
2011-10-31,5.291899660504799,-2.0369066708229893,-1.1114269405489439
2011-11-01,5.294820443909806,-2.035550017020628,-1.1025288442305488
2011-11-02,5.297751332488859,-2.0315435946666818,-1.1179064413402324
2011-11-03,5.300204200614806,-2.029474284435618,-1.1316671520787698
2011-11-04,5.3024647038359936,-2.0281850489015936,-1.1295793340003641
2011-11-09,5.303698551027531,-2.0259976510038076,-1.1514608486780729
2011-11-10,5.303808927635777,-2.0228025841661386,-1.1527556883459318
2011-11-11,5.302966698845476,-2.019451728640693,-1.10508360059754
2011-11-14,5.300608601474191,-2.0174832663124707,-1.0903143389952388
2011-11-15,5.298761196700731,-2.0155108943710465,-1.0797938483580387
2011-11-16,5.29891678936252,-2.016400519461819,-1.0365292966566642
2011-11-17,5.29670971522072,-2.0175092711399594,-1.0091429954183582
2011-11-21,5.294935961788307,-2.017511785148947,-0.9945318889987012
2011-11-22,5.292179459643732,-2.016261128281615,-0.9764681844738934
2011-11-23,5.288477671390927,-2.0156242532941184,-0.9632061095269263
2011-11-24,5.284777784511275,-2.015598274354761,-0.9445322976350166
2011-11-25,5.2825464933499005,-2.015895350002584,-0.9056041524590436
2011-11-28,5.279203189541013,-2.015752690794204,-0.8829052438292351
2011-11-29,5.27672094913914,-2.0153968456163662,-0.8759716414935889
2011-11-30,5.274382478501313,-2.0145792622028136,-0.870200009525246
2011-12-01,5.272938610300365,-2.012202793035395,-0.873305423893995
2011-12-02,5.271471044295762,-2.008931980634621,-0.8790108984980234
2011-12-05,5.270044401031781,-2.0056675157011647,-0.8821487512723611
2011-12-06,5.268358191884803,-2.000856068251284,-0.8517642172994957
2011-12-07,5.26704925600645,-1.9964203635585656,-0.8497396206733552
2011-12-08,5.26481374443287,-1.9914284362720638,-0.8458184231753001
2011-12-09,5.2621595410148565,-1.9879917788678618,-0.8600595738009942
2011-12-12,5.260154791242594,-1.9814412205311365,-0.8517349578269208
2011-12-13,5.257924975772087,-1.9733540642474108,-0.8455370979463972
2011-12-14,5.2569827327589485,-1.9652542927556758,-0.7898919030375514
2011-12-15,5.252816061565344,-1.9568361664090006,-0.7661238536804815
2011-12-16,5.248601919246053,-1.9485241444631551,-0.7605519062006201
2011-12-19,5.244739050496402,-1.9419976062140303,-0.7657501220678321
2011-12-20,5.241356310124955,-1.9363277360096884,-0.770985426107996
2011-12-21,5.238075356019501,-1.9303571920691105,-0.7560945836189465
2011-12-22,5.234012684365985,-1.9254044352758448,-0.7472980794393227
2011-12-23,5.229943256036209,-1.9203808012848245,-0.7334877748585805
2011-12-27,5.225315400983545,-1.9155790538332398,-0.7356482760196094
2011-12-28,5.236973692012852,-1.9196722032407711,-0.6920366019852207
2011-12-29,5.244042290434605,-1.9265536938780161,-0.6950626976199269
2011-12-30,5.2495879031128565,-1.9337664285931249,-0.7069459929112444
2012-01-02,5.25481516884495,-1.940168655067676,-0.7126881634103226
2012-01-03,5.260628658646083,-1.9462066269666844,-0.7310196208533702
2012-01-04,5.266439513702465,-1.952694609408309,-0.7477597214077687
2012-01-05,5.272329178818786,-1.9586812743353634,-0.7602207469815789
2012-01-06,5.277502470908925,-1.9646863833721504,-0.7692232134931148
2012-01-09,5.281932092194374,-1.969905552202894,-0.7875853415723549
2012-01-10,5.287133415010704,-1.9733382136704714,-0.7977663037872764
2012-01-12,5.292614811695173,-1.9752990792086698,-0.809860342978261
2012-01-13,5.298241955536103,-1.9761804160116034,-0.8369914541935537
2012-01-16,5.305218806856207,-1.973745373950057,-0.8567015237357886
2012-01-17,5.311318847998,-1.971890342425483,-0.8797881111308833
2012-01-18,5.316597055604047,-1.9706363673155296,-0.893054072372058
2012-01-19,5.321423540675227,-1.969840184176644,-0.8956382283466394
2012-01-20,5.325896745210361,-1.9673078006696063,-0.8983231930909376
2012-01-23,5.3286212029902575,-1.9649130633936742,-0.8960555023975805
2012-01-24,5.330978676749037,-1.964624778618797,-0.9161805073093684
2012-01-25,5.33335744693674,-1.9653218288307028,-0.929521512253428
2012-01-26,5.3363188560094965,-1.9640008267668225,-0.9358919924235698
2012-01-27,5.338619487210139,-1.9651664672783218,-0.9680815241926456
2012-01-30,5.342157154847862,-1.9641180400813876,-0.9499853137844098
2012-01-31,5.3435929613980075,-1.9630446998587026,-0.9416381188698031
2012-02-01,5.344457115187058,-1.9675787710451538,-0.9187862717108679
2012-02-02,5.345323113104223,-1.9711125295195173,-0.9114691278732955
2012-02-03,5.345683772018382,-1.9720080312883714,-0.9228802922078864
2012-02-07,5.346899295243542,-1.9731093357989868,-0.9315507332773036
2012-02-08,5.352343902191514,-1.9698419581700557,-0.9122398546500907
2012-02-09,5.355598565647934,-1.9676352661652543,-0.915183904706294
2012-02-10,5.35592170819141,-1.968636975148073,-0.9101761106017134
2012-02-13,5.3568500993064125,-1.968677292466287,-0.9086724727826565
2012-02-14,5.355785431249792,-1.9720170546276587,-0.9111686376249372
2012-02-15,5.355202205527886,-1.970968640110156,-0.8420228121657211
2012-02-16,5.357165752354563,-1.9701889417825869,-0.8598208974157319
2012-02-17,5.358706743209343,-1.9690260232168537,-0.8622681554085435
2012-02-20,5.359671060397646,-1.9682979648636445,-0.8635255976811254
2012-02-21,5.362372521380994,-1.9638002250372506,-0.8597325426156991
2012-02-22,5.361818091107173,-1.95780475742714,-0.8628640328735516
2012-02-23,5.36171521451678,-1.9551418423482694,-0.8908660758854465
2012-02-24,5.3644278634428195,-1.951446064860803,-0.907330730586171
2012-02-27,5.366932574201538,-1.9483517518276778,-0.923586278474661
2012-02-28,5.366131535725972,-1.9480128876904905,-0.9173084141634134
2012-02-29,5.366266225140966,-1.945868127513037,-0.8705959039630403
2012-03-01,5.364997777075988,-1.9431611062269796,-0.8539914023094317
2012-03-02,5.363930548437673,-1.9371799858368393,-0.8275945781202734
2012-03-05,5.361594336009515,-1.9304473471166204,-0.8183381914180821
2012-03-06,5.359150756936171,-1.9236563148231491,-0.8102336935570069
2012-03-07,5.35599378450195,-1.9182066378791383,-0.8068680888993381
2012-03-08,5.352737187295085,-1.9131108002578443,-0.8028150631336325
2012-03-09,5.349382009282879,-1.9082137549246918,-0.7888765377098794
2012-03-12,5.346787549008287,-1.9029853089524256,-0.7837391491665724
2012-03-13,5.344153601235748,-1.8949606305172861,-0.7621535247708593
2012-03-14,5.3398133092196565,-1.8917298691944588,-0.7643996016728866
2012-03-15,5.337354194968504,-1.8894405956475897,-0.7484505606314573
2012-03-16,5.339732265059145,-1.891962109143527,-0.7046960993897988
2012-03-19,5.340229697778336,-1.8951555942618052,-0.6836447564588315
2012-03-20,5.339420811610392,-1.8987247357183634,-0.6720491434248997
2012-03-21,5.339049942337483,-1.9013389191194012,-0.6631699433721878
2012-03-22,5.339290541173152,-1.9029648150397158,-0.6611070174159019
2012-03-23,5.340393469052213,-1.903664730338751,-0.6639450540776151
2012-03-26,5.342959362819703,-1.904974662417705,-0.6542590073349168
2012-03-27,5.343972767233336,-1.9070409775220027,-0.6493873099709686
2012-03-28,5.34563103122604,-1.909213294627626,-0.6560498076974406
2012-03-29,5.339477498502375,-1.9249166716379036,-0.7379748615421636
2012-03-30,5.327784918087884,-1.9404735475522925,-0.7062365780319471
2012-04-02,5.3213749800348085,-1.960643033100695,-0.7622929683060137
2012-04-03,5.319125060247279,-1.9785229291998905,-0.7590926840996929
2012-04-04,5.31388688330168,-1.9990459558797953,-0.7198071787891916
2012-04-05,5.310999435469002,-2.016627603163815,-0.6838296120801701
2012-04-10,5.3071805855657415,-2.031344501313359,-0.7250235398315855
2012-04-11,5.307062299679663,-2.043338345476018,-0.7266316425342718
2012-04-12,5.308429534568343,-2.0539219681181824,-0.7248159637404266
2012-04-13,5.3117048332198635,-2.0639934113711127,-0.7893291554658963
2012-04-16,5.3151436495767825,-2.0743003882169253,-0.7936105449172259
2012-04-17,5.317260593861855,-2.077352177115676,-0.7276778905768049
2012-04-18,5.320568360574973,-2.084353311026707,-0.7773563690847518
2012-04-19,5.331670879070508,-2.085091403078989,-0.8258813950400573
2012-04-20,5.34152122883876,-2.0861726159735716,-0.8586175216942724
2012-04-23,5.351009990248971,-2.086617328425421,-0.8730249144140925
2012-04-24,5.355800428249725,-2.08999018734465,-0.882077542426952
2012-04-25,5.36311548906102,-2.0955080539129765,-0.8092050786312595
2012-04-26,5.363830702879909,-2.098462431927692,-0.8087433157343454
2012-04-27,5.364839524038364,-2.100755714710378,-0.8092186294266589
2012-04-30,5.3671522023526075,-2.1021734153511065,-0.8288776681293861
2012-05-02,5.369248449334748,-2.1024911207769237,-0.8226440196607514
2012-05-03,5.3645164705630854,-2.1081527999282272,-0.7992505328001959
2012-05-04,5.367277977462265,-2.1084416078248926,-0.8224658986195599
2012-05-07,5.369850834116006,-2.107679558272189,-0.829895343710428
2012-05-08,5.372355933732088,-2.108260757686204,-0.8473467050353594
2012-05-09,5.3755455193172805,-2.105066348893764,-0.8295874519011324
2012-05-10,5.376766728407577,-2.1028669601908336,-0.8265367384666513
2012-05-11,5.379610609556341,-2.098902990157712,-0.8372492405958253
2012-05-14,5.381334676802373,-2.0948417157561634,-0.8391977904533747
2012-05-15,5.380524276975378,-2.090541816502516,-0.8304604564808262
2012-05-16,5.3804706089228285,-2.085866092596169,-0.8329300627941086
2012-05-17,5.37898830225536,-2.0827516595716764,-0.8309448162604846
2012-05-18,5.37613867061037,-2.0829754972231793,-0.8577940376468407
2012-05-21,5.378973474765616,-2.079394172909201,-0.8814740303467128
2012-05-22,5.378832983991832,-2.074283123098049,-0.858477977247895
2012-05-23,5.376209380190933,-2.0707255213173297,-0.8274764996991233
2012-05-24,5.3726878846572,-2.066366747237763,-0.8109542101817081
2012-05-25,5.367719745867047,-2.0622338005036465,-0.8767080515353841
2012-05-28,5.365565199291282,-2.058199441971206,-0.8995319432661338
2012-05-29,5.364559247056458,-2.0543295724017807,-0.9098827499809228
2012-05-30,5.355658358207587,-2.0561630517936353,-0.839058796010625
2012-05-31,5.346356495327782,-2.056520899851855,-0.790209274937356
2012-06-01,5.337487740740581,-2.056804722006032,-0.76095927255695
2012-06-04,5.3293115908604065,-2.055823223207554,-0.7347760583164353
2012-06-05,5.322010676315857,-2.054396744556645,-0.7058371058469399
2012-06-06,5.318456475292667,-2.049093337601908,-0.6910981214837346
2012-06-07,5.314777114279051,-2.044709012485593,-0.6732986463885022
2012-06-08,5.310132921621664,-2.042921032832626,-0.6563353162782388
2012-06-11,5.305325948899388,-2.0411968698463245,-0.6425546854651234
2012-06-12,5.303383610755202,-2.0388150261129976,-0.6600971973227638
2012-06-13,5.306591556006215,-2.037631979734953,-0.5971258081313459
2012-06-14,5.307435216413784,-2.0377403001429126,-0.5803959857547274
2012-06-15,5.307903163349106,-2.038024303280462,-0.5781133314343729
2012-06-18,5.307283766610911,-2.037294199166358,-0.5468520947293477
2012-06-19,5.305878804861811,-2.036842415643368,-0.5378210850679458
2012-06-20,5.303502380835568,-2.0376189219722067,-0.5240665369703328
2012-06-21,5.302833201419558,-2.0382212001208506,-0.5188840166788314
2012-06-22,5.299742866859092,-2.038570964952256,-0.4942024898368313
2012-06-25,5.298474261883369,-2.037373376919387,-0.47860006561959323
2012-06-26,5.294325153810986,-2.0380402320630964,-0.46256064305380773
2012-06-27,5.290882162094435,-2.038812837485718,-0.4371264303522159
2012-06-28,5.287578624251951,-2.0394352239972537,-0.4198973327230453
2012-06-29,5.288241859882909,-2.037065199780231,-0.43052072962403454
2012-07-02,5.2897650243749945,-2.034498244224328,-0.4207370171881872
2012-07-03,5.2908094454666195,-2.0317433254487742,-0.43608062180350915
2012-07-04,5.292336538882208,-2.02930702925657,-0.4434586640652788
2012-07-05,5.293302928523167,-2.0275053141230366,-0.4526744728410417
2012-07-06,5.293755267337891,-2.0249537099445742,-0.4550052085920482
2012-07-09,5.294693249963394,-2.021446609354016,-0.4678781451210846
2012-07-10,5.2950403202543015,-2.018003176318845,-0.4712374417497175
2012-07-11,5.296874829604464,-2.0140015278489876,-0.4860095998664674
2012-07-12,5.297482458077766,-2.009523754640737,-0.49268698499559405
2012-07-13,5.301508069032184,-2.007576256625976,-0.47586229260750684
2012-07-16,5.304384312263349,-2.0052550223004326,-0.47830799790551065
2012-07-17,5.3066039504757905,-2.00332415148654,-0.4887061957119898
2012-07-18,5.302696369253495,-2.0046147999797506,-0.47120487542773076
2012-07-19,5.299157425915665,-2.0052683511269294,-0.4556305111354756
2012-07-20,5.294892094313221,-2.007338835597455,-0.44158331411301743
2012-07-23,5.291448020744063,-2.009553577141511,-0.4383025724606354
2012-07-24,5.292729409099647,-2.012842801269983,-0.39608017042173294
2012-07-25,5.293069293174705,-2.016785120577537,-0.37800669455959485
2012-07-26,5.2993773415834715,-2.014825641692854,-0.3732913908127136
2012-07-27,5.30342501855702,-2.013769784658531,-0.3969123935055522
2012-07-31,5.307160270878608,-2.0134043711528427,-0.3910552118268986
2012-08-01,5.313339008569159,-2.0156341735675145,-0.3111499528709018
2012-08-02,5.316721656767118,-2.0186086909606913,-0.3352957838889815
2012-08-03,5.31927470822223,-2.020254091803388,-0.26238659044545676
2012-08-06,5.319561254964447,-2.0215208181380424,-0.23556455351455058
2012-08-07,5.31978906000813,-2.0237972264184254,-0.2716363527859504
2012-08-08,5.324615291473638,-2.0221319375800655,-0.2907576797776212
2012-08-09,5.328446263365785,-2.020430114696526,-0.30698378941712706
2012-08-10,5.3319627420976365,-2.0193841449561507,-0.3237959447446989
2012-08-13,5.335074858224364,-2.018103369330019,-0.338770079239002
2012-08-15,5.336944829207139,-2.0181235164390494,-0.3436020137588536
2012-08-16,5.352239410018132,-2.022486505312116,-0.21432900562078305
2012-08-17,5.360717322629903,-2.028225164040778,-0.19372254919730464
2012-08-22,5.367186284979281,-2.0338229223867543,-0.19529639501422683
2012-08-23,5.3725312540847,-2.0387188860853493,-0.20147863506882924
2012-08-24,5.38253394756941,-2.0293210728380195,-0.15886637126292924
2012-08-27,5.38755052489939,-2.0213332319836455,-0.15589710714705846
2012-08-28,5.389817848358515,-2.014384472788832,-0.15388366687365293
2012-08-29,5.393268926928716,-1.999286537296444,-0.016655810020694328
2012-08-30,5.390078305754687,-1.9871330386498052,0.026121296513260117
2012-08-31,5.386336614199575,-1.977296551786632,-0.03792319912015518
2012-09-03,5.383981925357165,-1.967571636261598,-0.05164269209585359
2012-09-04,5.3820247577793685,-1.9608535092147061,-0.06950001908680536
2012-09-05,5.38077352710634,-1.954873349007448,-0.0786845056110636
2012-09-06,5.37967266406289,-1.9499213134172295,-0.08573536542506019
2012-09-07,5.378989634471408,-1.9466392926289067,-0.09161743700848649
2012-09-10,5.375701045568682,-1.946794109315823,-0.08715212415777285
2012-09-11,5.375036419273034,-1.9451842813243014,-0.0866221917757346
2012-09-12,5.3726824548987,-1.9301432377414613,0.02741112849428451
2012-09-13,5.363794966649666,-1.919999221257693,0.07688160012061113
2012-09-14,5.354143465328784,-1.9101147909857394,0.1057160913859744
2012-09-17,5.344731313309058,-1.9033546406553945,0.1265479472669639
2012-09-18,5.336643145724853,-1.891417763173068,0.1689327261828089
2012-09-19,5.327496044707657,-1.880584963635912,0.19249492117385472
2012-09-20,5.317495993959088,-1.8741024031329017,0.20465022760318932
2012-09-21,5.308079647850013,-1.8707166867883465,0.24594523757313824
2012-09-24,5.299388568345099,-1.8673936858127564,0.2756183953190059
2012-09-25,5.291460600403732,-1.8638987374110252,0.30008498867841304
2012-09-26,5.288359977143099,-1.8565498124674533,0.2993945077416239
2012-09-27,5.285341557689683,-1.8527100348907446,0.27191088314483913
2012-09-28,5.281629913044323,-1.8492392404770506,0.28156408202409133
2012-10-01,5.2781716120180455,-1.8458955360443765,0.28856770707430945
2012-10-02,5.276371659477083,-1.8405750127959755,0.2958646192304525
2012-10-03,5.2747969242153845,-1.8362118127254394,0.2854724488463175
2012-10-04,5.273402023512901,-1.8322327462246308,0.28088683697513467
2012-10-05,5.270911515352682,-1.8317423110587399,0.2755242918161275
2012-10-08,5.269349150360327,-1.8313697401017894,0.27706849011905227
2012-10-09,5.267850340871036,-1.8305130253897257,0.2810683512209359
2012-10-10,5.265589252162477,-1.8243613742360674,0.3479695318730035
2012-10-11,5.261133327167019,-1.8188166636031005,0.37483955422193627
2012-10-12,5.257674575286731,-1.812467171171764,0.3850875607483403
2012-10-15,5.254743433266132,-1.8125063516383,0.316997245666614
2012-10-16,5.250634526525711,-1.810753883569927,0.39500019997516334
2012-10-17,5.247922467131755,-1.8050268447369897,0.43393883612686857
2012-10-18,5.24419198275979,-1.8006130851505584,0.45155861163507327
2012-10-19,5.240094737103819,-1.7964966343480158,0.4682585381521639
2012-10-22,5.235759941556269,-1.7924007817467196,0.48097802347306234
2012-10-23,5.231623184158648,-1.7886342336976506,0.4911465237861894
2012-10-24,5.227495412164455,-1.7854506590736074,0.48563507819856255
2012-10-25,5.225879921568145,-1.7851920711030818,0.49793167645283365
2012-10-29,5.224639356755296,-1.783966473770381,0.5080785663962294
2012-10-30,5.223153589129795,-1.783327876347676,0.5029283070537359
2012-10-31,5.223119112181178,-1.7833284367578661,0.6549322988135526
2012-11-01,5.218401546604417,-1.7834914038845846,0.7191159890568688
2012-11-02,5.212846030880585,-1.7833408952241152,0.7535813205190418
2012-11-05,5.207453452035779,-1.782603163449243,0.7769327933899939
2012-11-07,5.2024211408079895,-1.7813980142666033,0.772545824758302
2012-11-08,5.198921017053735,-1.7787112825849003,0.7768182409305325
2012-11-09,5.196020652833208,-1.776345517009786,0.7809280142955506
2012-11-12,5.193393261108469,-1.7738657457276858,0.7852250078463048
2012-11-13,5.191584116398018,-1.7708587309743025,0.788156704715298
2012-11-14,5.197128930180016,-1.765110112134809,0.9735696999347718
2012-11-15,5.195656550461607,-1.760831898637053,1.0353299005007004
2012-11-19,5.1923870260532174,-1.7572351448866645,1.0686465992596224
2012-11-20,5.189620271530345,-1.75495880943046,1.062031646691584
2012-11-21,5.185062196657334,-1.7557723816271507,1.0791839819789222
2012-11-22,5.1811771363612875,-1.7565306054354362,1.0954383744026899
2012-11-23,5.181970035756732,-1.7599857936101437,1.1275181544511619
2012-11-26,5.181801007228339,-1.7632406389702133,1.1733270426105868
2012-11-27,5.1808752973527845,-1.7661091619974425,1.1918355628449224
2012-11-28,5.179671200127036,-1.7683660791037514,1.2050940008694264
2012-11-29,5.1825015478909595,-1.7631032907086615,1.210668092591502
2012-11-30,5.183963041218268,-1.7590151773003981,1.2051862172115888
2012-12-03,5.184309056553118,-1.757853217386359,1.1888840563587382
2012-12-04,5.182813934641804,-1.75799278181838,1.204160201787075
2012-12-05,5.181178302879553,-1.7579191207234266,1.2130812632133003
2012-12-06,5.17956995998584,-1.7573272510752638,1.218675729375221
2012-12-07,5.181977996699635,-1.7597833039809951,1.2453409698506446
2012-12-10,5.183889115485416,-1.7611157264922233,1.250288795268792
2012-12-11,5.18585429539085,-1.7619344643685038,1.2476334562353384
2012-12-12,5.191459293621175,-1.7651198297917157,1.2695491704497563
2012-12-13,5.195954955522277,-1.767635732127533,1.269235859172051
2012-12-14,5.198644021353497,-1.773134130927979,1.2629805137511432
2012-12-17,5.202632306068776,-1.7749217148396537,1.2622628074048814
2012-12-18,5.205863084403699,-1.7750737829949956,1.270838382641283
2012-12-19,5.209941018596169,-1.7759411039449875,1.3101292106976177
2012-12-20,5.210458262302579,-1.775837104304792,1.2805370133851803
2012-12-21,5.209531052212563,-1.7791413105952985,1.265903764222275
2012-12-24,5.210518384280631,-1.7840257209007098,1.2387329129828337
2012-12-27,5.2269560508512685,-1.7748412481026303,1.1227373270192413
2012-12-28,5.238949062876366,-1.7786247858715043,0.9666114452665574
2012-12-31,5.253311847655631,-1.7816869058221994,0.8811692219816629
2013-01-02,5.267208453658249,-1.7851571325822182,0.8239669107060654
2013-01-03,5.280302533308907,-1.7901459855539101,0.7798533038817632
2013-01-04,5.293694685894859,-1.7952056546076638,0.7337798620339676
2013-01-07,5.305825567214475,-1.801554865316623,0.6961631572334103
2013-01-08,5.316865873506916,-1.807595456952581,0.6644875037255893
2013-01-09,5.326856403277487,-1.8131466819186695,0.6364226749658349
2013-01-10,5.336214695012203,-1.818663202389681,0.6091112714172324
2013-01-14,5.375139897150516,-1.8014293053534274,0.7714596535701276
2013-01-15,5.398401149620667,-1.7811671757823155,0.8079959123785514
2013-01-16,5.412029208963857,-1.7642529636166482,0.7869942432919117
2013-01-17,5.42630434532111,-1.755172704206807,0.8186185047912298
2013-01-18,5.435405899534758,-1.7480166047560115,0.8078998525956358
2013-01-21,5.441294806334479,-1.74186668544048,0.7882632247846244
2013-01-22,5.4448470981451305,-1.7362666721712523,0.8202758940467054
2013-01-23,5.454040152464827,-1.720510411079167,0.808326365284006
2013-01-28,5.459379625356612,-1.7072529544855173,0.8166746437805545
2013-01-29,5.461560373955795,-1.6972154957353398,0.8118697250727092
2013-01-30,5.463671961135895,-1.6870210004852588,0.7942583035530866
2013-01-31,5.46269053664818,-1.6813920692937006,0.7831913134667761
2013-02-01,5.462531008365747,-1.6763758757516265,0.7662629939225828
2013-02-04,5.464526999656209,-1.665451332228117,0.7641221535162197
2013-02-05,5.467134436594434,-1.6543331049964805,0.7446184381888776
2013-02-06,5.469309276469141,-1.6443681653065414,0.7231818851095819
2013-02-07,5.470224761485448,-1.636404984488374,0.7056135616981571
2013-02-08,5.470864629303131,-1.6296167055389497,0.6886196901079322
2013-02-11,5.466064961818203,-1.6196166373018683,0.6277448583158578
2013-02-12,5.463417106508351,-1.6105178164602438,0.602858847699878
2013-02-13,5.462381601871202,-1.6009789779526677,0.5899679282521446
2013-02-14,5.460948109692848,-1.593088510158146,0.5815592895039525
2013-02-15,5.459460774564488,-1.5861041360757362,0.5631872072531576
2013-02-18,5.456981603294074,-1.5808685350008043,0.5582871781705759
2013-02-19,5.455492079980015,-1.5758205977179758,0.5521077728779543
2013-02-20,5.452371131104045,-1.573843335730935,0.6254768569788409
2013-02-21,5.448131604694069,-1.5719482099610056,0.6575334844944976
2013-02-22,5.443656202112634,-1.5695484768460641,0.6752430553126756
2013-02-25,5.439661887677608,-1.566914439693177,0.6859864390643442
2013-02-26,5.436330104306419,-1.5645909168928187,0.6953799730328291
2013-02-27,5.429660831078493,-1.5628028412293034,0.7896389206712473
2013-02-28,5.422985824037948,-1.5604138957327147,0.765809706795374
2013-03-01,5.417612175524858,-1.5594755699819853,0.7652317454168074
2013-03-04,5.413386638294591,-1.5579161184703905,0.7722488778360572
2013-03-05,5.4092865104214685,-1.5568824836249853,0.7827025917947781
2013-03-06,5.407847258523302,-1.553646924799136,0.787344375404452
2013-03-07,5.406300225448771,-1.5508696296212132,0.7894825048911571
2013-03-08,5.404755609321078,-1.548708718395921,0.7921430520147328
2013-03-11,5.404225814396591,-1.5461081384270252,0.7907418812674435
2013-03-12,5.402968851975845,-1.5444085138480002,0.7920683547794001
2013-03-13,5.402513160729594,-1.5408923435538153,0.7959680418110211
2013-03-14,5.420727642785021,-1.5512174414779323,1.0271597127482732
2013-03-15,5.429221734332926,-1.5619287949284113,1.0945510541987997
2013-03-18,5.4347439694362105,-1.5722538738141845,1.1129913905447466
2013-03-19,5.438967975015473,-1.5823082385081737,1.1156310626944004
2013-03-20,5.4416731280696204,-1.591372991730947,1.14031902045994
2013-03-21,5.443232212452111,-1.5999569679957317,1.1557288196494813
2013-03-22,5.444586448611949,-1.6065972879945274,1.1665564991783517
2013-03-25,5.445828293845132,-1.6126757779801177,1.1742464935525923
2013-03-26,5.446016219217117,-1.618011662416211,1.2134571680773645
2013-03-27,5.449046676966578,-1.6197717765353392,1.2196578275607506
2013-03-28,5.451220392898133,-1.6209088018792355,1.2177014554333336
2013-04-02,5.450505354084935,-1.6244998094188692,1.3157238191957328
2013-04-03,5.449722087812661,-1.6240728097578079,1.35882510118094
2013-04-04,5.447065646957603,-1.6246668261992618,1.377881561694727
2013-04-05,5.444201221301809,-1.6249508184018775,1.3937523550084303
2013-04-08,5.440764039429994,-1.6236683571400528,1.4091582956794924
2013-04-09,5.438093580222056,-1.6210162461173003,1.4332116981340615
2013-04-10,5.435587705878504,-1.6169183269884382,1.4520264464767967
2013-04-11,5.4325382622565,-1.6144337740574024,1.4616472482961984
2013-04-12,5.428787749926233,-1.6120209296108075,1.4809606195819878
2013-04-15,5.425186173436138,-1.6094488239056928,1.4936983088929545
2013-04-16,5.422856940653052,-1.606824721178467,1.4926176955898989
2013-04-17,5.39913501088712,-1.5843690620287652,1.2713502359680524
2013-04-18,5.384929319669783,-1.562973484615885,1.208262517769826
2013-04-19,5.374729016089281,-1.544895819644732,1.1950102671418514
2013-04-22,5.364781876762716,-1.5309359939141842,1.1869121373061136
2013-04-23,5.356570156741429,-1.5169741991619397,1.1881987944152093
2013-04-24,5.350746855002865,-1.4999613592912455,1.1971570400228397
2013-04-25,5.3439528976102295,-1.484819201433062,1.2014481265284478
2013-04-26,5.3365596071741885,-1.4711767380964065,1.2087898010571454
2013-04-29,5.328240353157783,-1.4595344673056965,1.2212665972853405
2013-04-30,5.320907012377263,-1.4476200426934536,1.2319540842645909
2013-05-02,5.31364875807408,-1.4365796307438872,1.241278508626691
2013-05-03,5.307120850973822,-1.425602824145105,1.2486860285268118
2013-05-06,5.300728881951544,-1.4167783524102477,1.2549534575338002
2013-05-07,5.293971948150681,-1.4104158826833049,1.262364010761989
2013-05-08,5.287269659106962,-1.3991641225733096,1.1904962246458288
2013-05-09,5.28360925511291,-1.3881624107764836,1.163792331133151
2013-05-10,5.278536187842897,-1.3724004562548469,1.2134119062930973
2013-05-13,5.270634659944985,-1.3599603316274185,1.238618778227495
2013-05-14,5.263491582611919,-1.3482847038531258,1.2962188315757452
2013-05-15,5.256021746226138,-1.3365200602118528,1.3232665726660375
2013-05-16,5.2470195270249445,-1.327113696375753,1.3442058935970562
2013-05-17,5.238722649223062,-1.3171290455706846,1.3641362880786159
2013-05-20,5.2306636781517355,-1.3076799119791742,1.3801455738889121
2013-05-21,5.222050068847747,-1.3002787062146166,1.397210007502048
2013-05-22,5.214302649421201,-1.2935900182406095,1.4165194555900111
2013-05-23,5.206527140247793,-1.2870276621174672,1.4343282664529675
2013-05-24,5.198080326284759,-1.2844850949863726,1.4390737516425984
2013-05-27,5.191174210193565,-1.2805993940323754,1.4595041103096773
2013-05-28,5.18638133121671,-1.2738124497975625,1.4737719664463569
2013-05-29,5.178427523377396,-1.2717372023544309,1.492361186139017
2013-05-30,5.171822269823728,-1.2694099142299515,1.5136975832361608
2013-05-31,5.165235942914037,-1.2671743420158668,1.5358272933314778
2013-06-03,5.159214841094813,-1.2659804212470762,1.5457803899335425
2013-06-04,5.15403953681711,-1.265209080920403,1.5593979075028965
2013-06-05,5.148268079166343,-1.2635505749535245,1.6184292522515498
2013-06-06,5.143341735331513,-1.26031435528693,1.6361237284695846
2013-06-07,5.138229236914404,-1.2571662151701712,1.65771579978766
2013-06-10,5.131341713147896,-1.2558959777574044,1.679532273941248
2013-06-11,5.126041119094589,-1.2532421022579576,1.7005260341477366
2013-06-12,5.141856163057798,-1.2746760383353009,2.071287599807063
2013-06-13,5.144552614534174,-1.2985652524258486,2.1953482716818615
2013-06-14,5.144431720247751,-1.3206806200682375,2.2565352153684124
2013-06-17,5.143891256088311,-1.3408124552703709,2.295179925057179
2013-06-18,5.146400116319536,-1.357187251852204,2.3143899762719364
2013-06-19,5.146304181575785,-1.3733393756769219,2.348715310753381
2013-06-20,5.150941287076967,-1.3898412721990214,2.3114544008103595
2013-06-21,5.155482017019094,-1.4095928481777313,2.334533601679736
2013-06-24,5.160935685791243,-1.4271051012610108,2.3451706490914024
2013-06-25,5.165226969639883,-1.4444006781167025,2.364715822293481
2013-06-26,5.168879312331914,-1.460650672456333,2.376572265479388
2013-06-27,5.1709504070068055,-1.482379157383499,2.364611940941571
2013-06-28,5.174789506312021,-1.50110042964533,2.3687572186814063
2013-07-01,5.1797033268868935,-1.5178413970952511,2.3771404327420753
2013-07-02,5.188291104797357,-1.5277167877362514,2.3765074716097865
2013-07-03,5.194990187188745,-1.5368320616541917,2.3732686652183177
2013-07-04,5.201277613374226,-1.5437146901262337,2.370026410323752
2013-07-05,5.2079536901699,-1.5492968233589661,2.3422192888043294
2013-07-08,5.214973897537072,-1.5551092720581636,2.3224372271262315
2013-07-09,5.222079738565465,-1.5603958348154119,2.3009156872015364
2013-07-10,5.2260436556082235,-1.5651943370130112,2.270704194362105
2013-07-11,5.229970791453315,-1.5709210658844597,2.2511460100026497
2013-07-12,5.23320276455771,-1.5769321834265118,2.244098798220625
2013-07-15,5.235729836690817,-1.582938086864481,2.2394848207049836
2013-07-16,5.232190189173437,-1.5977687762028796,2.2328134920776423
2013-07-17,5.231578008994335,-1.6102945814713454,2.2427066389352848
2013-07-18,5.239605960347631,-1.6095884139951253,2.245385338308127
2013-07-19,5.239253227898194,-1.615418399682201,2.256403443152255
2013-07-22,5.239706428274927,-1.6205805510150184,2.2609785799869013
2013-07-23,5.24203541163795,-1.6231572641573946,2.2293213232532683
2013-07-24,5.244857737692754,-1.6257806460863993,2.217983321591094
2013-07-25,5.245216467334702,-1.6297082099115594,2.227666320053744
2013-07-26,5.245840942703035,-1.6334824430538821,2.2326819350546687
2013-07-29,5.245353055191798,-1.6380750147294587,2.2400010697074633
2013-07-31,5.245320745689521,-1.6413724271271282,2.2695503295457176
2013-08-01,5.245037192248412,-1.6454827797306726,2.292221183421448
2013-08-02,5.2438700596707095,-1.6493098944334437,2.3077198022086733
2013-08-05,5.24305122332846,-1.6524969232841882,2.316932644753045
2013-08-06,5.24269941460715,-1.6556548145183603,2.3226754518002672
2013-08-07,5.242007380394099,-1.6572461987539773,2.3410939554437107
2013-08-08,5.240537817719733,-1.6589840690774884,2.3532475358198552
2013-08-12,5.2401731984587405,-1.6595401365340352,2.357715996128624
2013-08-13,5.239441842157402,-1.6603071288143805,2.362389765597432
2013-08-15,5.238948569355918,-1.6638688742852084,2.384038137025766
2013-08-16,5.23861252053085,-1.6679448231705234,2.3960188109972553
2013-08-19,5.238930884293107,-1.6707503541938031,2.401700751375757
2013-08-22,5.239344351267585,-1.6737750706617833,2.405509446804465
2013-08-23,5.241180368592703,-1.6743384197829736,2.4077284612198246
2013-08-26,5.24228423830768,-1.6752699419114427,2.4105056847545656
2013-08-27,5.243383094839153,-1.6751750400895473,2.407472799969804
2013-08-28,5.240607770288659,-1.678137939598387,2.417727472238428
2013-08-29,5.239957311502494,-1.6793999456432365,2.4224289867383004
2013-08-30,5.2396139875937076,-1.6805239814406148,2.4247810931322835
2013-09-02,5.2384093473746445,-1.682495052400438,2.431464798016018
2013-09-03,5.237020108964513,-1.6846952447141088,2.44102013485448
2013-09-04,5.235551807767545,-1.688201512177435,2.440828180297549
2013-09-05,5.234812880814028,-1.6911931559253204,2.4458227888103985
2013-09-06,5.234027430618045,-1.694378497677714,2.4705158977943755
2013-09-09,5.232307909168743,-1.697015636534356,2.491714611729012
2013-09-10,5.229185604199184,-1.7009822892589237,2.5101557938245107
2013-09-11,5.226749602868601,-1.7049122425572825,2.527501767608559
2013-09-12,5.2271800886428075,-1.704653776547819,2.589569135864674
2013-09-13,5.22581001441488,-1.7044017718383604,2.6090572213169163
2013-09-16,5.223653497000851,-1.704218244989848,2.6216538768541193
2013-09-17,5.222857723031074,-1.7019881952722264,2.6271117031057645
2013-09-18,5.219477983260759,-1.7021057758046432,2.640304714080929
2013-09-19,5.217740504131497,-1.7021532635277468,2.640929048056758
2013-09-20,5.216613864744198,-1.702303132442367,2.6376048555319636
2013-09-23,5.216589052348868,-1.7022759752837064,2.635722429471723
2013-09-24,5.21440695362342,-1.7090559105242489,2.6185708800518372
2013-09-25,5.214191886006953,-1.7126538115945298,2.6870417248106033
2013-09-26,5.212080120957252,-1.7155262154616429,2.719737083869682
2013-09-27,5.2086420993068145,-1.7186571491811702,2.743656459215802
2013-09-30,5.206512622525016,-1.7167191532355899,2.770447482476455
2013-10-01,5.203049819290546,-1.7156947224286854,2.7891395308865214
2013-10-02,5.200416275697986,-1.7136872226664925,2.8002337375846933
2013-10-03,5.19716360952419,-1.7126100782025098,2.8106297071947264
2013-10-04,5.1967796405958735,-1.7095859874337083,2.809374611651773
2013-10-07,5.194495298855662,-1.712694805877269,2.7980679275018714
2013-10-08,5.192772006465967,-1.7116999739237144,2.8204731522439928
2013-10-09,5.189728864405535,-1.7014572252788231,2.881276781048162
2013-10-10,5.183783215758949,-1.6929586575493587,2.9077339351490648
2013-10-11,5.178584866877593,-1.6851455866850924,2.9192166652644618
2013-10-14,5.17323121693889,-1.6781626885612733,2.928183066895305
2013-10-15,5.1682404022057735,-1.6726036094437307,2.9306629423307946
2013-10-21,5.16591980423263,-1.6638775548795552,2.936031868090684
2013-10-22,5.162096167953462,-1.6567154064483405,2.9394359130027645
2013-10-23,5.159320423045021,-1.6486429452192095,2.938439615156984
2013-10-24,5.155710611858951,-1.6434550536173433,2.932928175911598
2013-10-25,5.151371872982039,-1.6396073296817577,2.938270312065577
2013-10-28,5.146910915469994,-1.6367730505871596,2.9313124254810807
2013-10-29,5.145354551430612,-1.63247883606545,2.9229792524074205
2013-10-30,5.14323698772478,-1.628648466907921,2.9897605111608048
2013-10-31,5.139120410723532,-1.6257804316991213,3.0143449653584664
2013-11-01,5.135220050245504,-1.6230001763758528,3.024579759076586
2013-11-04,5.131899063425476,-1.6205750610370024,3.031148530433625
2013-11-07,5.128849447273688,-1.6188264243517982,3.03547520454564
2013-11-08,5.126564078472449,-1.6164532961874043,3.0446423031467136
2013-11-11,5.123267298524155,-1.6155928060771263,3.0570789079461607
2013-11-12,5.12053301553846,-1.6142370594170288,3.0662263509607346
2013-11-13,5.118222257350988,-1.6136316065531908,3.074492879193965
2013-11-14,5.117617683759882,-1.611699594507236,3.153902473918553
2013-11-15,5.114397898385712,-1.6100184591657787,3.1862371801355636
2013-11-19,5.11010077807364,-1.6090257891165072,3.206622965994937
2013-11-20,5.109141257539931,-1.6081386936606605,3.224840007608445
2013-11-21,5.107122628390012,-1.6082793103173052,3.2354124060642375
2013-11-22,5.1049951242057094,-1.612767686338222,3.218778529683712
2013-11-25,5.10313155125972,-1.6177139489128938,3.2216665189355127
2013-11-26,5.100632225791446,-1.6217417941823797,3.241917686131633
2013-11-27,5.097732298258449,-1.6208340084829016,3.3484311775180635
2013-11-28,5.092372323537849,-1.6201001367272996,3.3957069504921575
2013-11-29,5.0885302549109825,-1.6170159487235294,3.4184067558232334
2013-12-02,5.084482015169492,-1.61410504562941,3.4330560768100975
2013-12-03,5.08061748571511,-1.6105646426570712,3.4619299260969294
2013-12-04,5.0778353485214085,-1.6060787797789706,3.4714784544157964
2013-12-05,5.073593017840851,-1.6041312588436651,3.4821916454774082
2013-12-06,5.069261773943043,-1.6026049155896507,3.499016094660986
2013-12-09,5.065484701193365,-1.6006926199112579,3.5127845665166397
2013-12-10,5.065022204509555,-1.5983520944591973,3.5223190341024946
2013-12-11,5.063892122431353,-1.5965839655865957,3.5253997620132074
2013-12-12,5.062957883869371,-1.5949464125304758,3.526948778404125
2013-12-13,5.061876438763059,-1.598388916822722,3.4958822320905685
2013-12-16,5.058883152040942,-1.6052358600655745,3.5101905059472713
2013-12-17,5.057031852175957,-1.6109713053224488,3.524204958410319
2013-12-18,5.056984254860071,-1.6149415182911768,3.530967466003882
2013-12-19,5.055882103952293,-1.6198951461211146,3.5395704275015567
2013-12-20,5.05201785906195,-1.6297363285365605,3.5515153688394925
2013-12-23,5.047843501610107,-1.63993244203827,3.575855380484918
2013-12-24,5.044523490523348,-1.649702741034611,3.5970664934910124
2013-12-27,5.042887390630524,-1.667238547304852,3.547747611260474
2013-12-30,5.04298470936,-1.6844530992298763,3.552220891600142
2013-12-31,5.04799613212527,-1.6968729719364506,3.5480509964862814
2014-01-02,5.053400725476676,-1.7078547499056713,3.5449894002789866
2014-01-03,5.062237439086364,-1.725370926594688,3.5899551020983584
2014-01-06,5.068734254954113,-1.742183560668673,3.6061829283998987
2014-01-07,5.073990772802898,-1.7606334189117618,3.616224289500198
2014-01-08,5.07371935010605,-1.7843497408646565,3.6368648949318656
2014-01-09,5.073951282596962,-1.8067330795662933,3.664266344964986
2014-01-10,5.078182269376301,-1.8265127755125137,3.6621484930447425
2014-01-13,5.08483898892577,-1.84392242000124,3.6528846387718445
2014-01-16,5.092216244307078,-1.8596468921837557,3.6302764644429293
2014-01-17,5.098582054629326,-1.8692392749237232,3.644106411763874
2014-01-20,5.104200270239801,-1.8777352548486215,3.643631541187358
2014-01-21,5.109922154062059,-1.8862999944250654,3.6252976924752716
2014-01-22,5.109943398963622,-1.9004873343496698,3.631461292370499
2014-01-23,5.1114249181806795,-1.912876528255571,3.6428334470815864
2014-01-24,5.112757507516318,-1.9258372034000144,3.6466351330675852
2014-01-27,5.115887261730858,-1.93572461606284,3.649815369593074
2014-01-28,5.118948018055895,-1.945010605385969,3.65266021368345
2014-01-29,5.122823286434056,-1.954050176580218,3.5854875834791313
2014-01-30,5.126975599319455,-1.9674947467725528,3.533416837858085
2014-01-31,5.134707810879788,-1.9839972407478974,3.4600797820367184
2014-02-03,5.143036641393312,-2.000535658944208,3.4272100199287925
2014-02-04,5.151344607234767,-2.0170725601489576,3.4028072933218794
2014-02-05,5.162049219801485,-2.0345788350550023,3.3515035207625417
2014-02-06,5.1728348166739515,-2.05100702094233,3.326924690488351
2014-02-07,5.183754746621542,-2.0664045045789243,3.310004582387591
2014-02-10,5.195045583814409,-2.0798326861772463,3.2886611708760265
2014-02-11,5.205274034320081,-2.096790529027392,3.2454804791385743
2014-02-12,5.215127966828527,-2.1155118921904164,3.1636470120396427
2014-02-13,5.227118646867708,-2.134317369242008,3.1152962889782017
2014-02-14,5.2405294180445186,-2.150238522440253,3.0592919745042577
2014-02-17,5.252910339999059,-2.169443722777769,3.006116899464615
2014-02-18,5.264858757489445,-2.1856216929613956,2.9854464496667292
2014-02-19,5.276394658524717,-2.2051327199532005,2.9389694210998734
2014-02-20,5.287350482000152,-2.2241039026036096,2.9127580262696022
2014-02-21,5.300835192817334,-2.239100077696262,2.8879854370951876
2014-02-24,5.311166539046135,-2.257236216193997,2.864241114967505
2014-02-25,5.320579852608657,-2.2795437710501347,2.8177901738264537
2014-02-26,5.331716000500878,-2.2990664927134645,2.7953766327659064
2014-02-27,5.340286955528707,-2.314466962367946,2.7613304562625407
2014-02-28,5.349621332616356,-2.3278268426973545,2.7399509503668926
2014-03-03,5.357154067606327,-2.340246303668421,2.7460922290187337
2014-03-04,5.364471450286644,-2.3503298251622335,2.729208472360762
2014-03-05,5.372236278888449,-2.3617310199921704,2.6585209553447426
2014-03-06,5.381936612426581,-2.370165062856789,2.6295719309587198
2014-03-07,5.391779337936011,-2.3824573043858948,2.576417034980505
2014-03-10,5.401127446129223,-2.3977833133905375,2.5253191971597833
2014-03-11,5.413403699428259,-2.411917023401777,2.442821681720296
2014-03-12,5.42193173259112,-2.422970161307068,2.3484802577914934
2014-03-13,5.432004629992041,-2.4338094674069906,2.298899144913615
2014-03-14,5.4426385166907485,-2.4464108959037367,2.2459691791670844
2014-03-17,5.452575890373305,-2.462280143691676,2.1775185152750876
2014-03-18,5.464219936576275,-2.4767706299959173,2.141220352223213
2014-03-19,5.4688692684510345,-2.48787448071419,1.9419795649673877
2014-03-20,5.464999240007839,-2.487726515079743,1.655666836917447
2014-03-21,5.484663261341141,-2.49693688239797,1.7570820241672997
2014-03-24,5.497905262127119,-2.5062914157792267,1.76854054824111
2014-03-25,5.508295452129465,-2.5200835414128693,1.6115998056777139
2014-03-26,5.575645655827868,-2.571751289506353,1.6669325594010904
2014-03-27,5.632008812475501,-2.620962917384955,1.6010020047088867
2014-03-28,5.679439184557849,-2.6657680472605283,1.4420246981265188
2014-03-31,5.725629722766943,-2.707323372585114,1.3241751532052337
2014-04-01,5.769448251088596,-2.7463558590105848,1.2222451304697723
2014-04-02,5.801016204131904,-2.7889246140698734,1.1217554165374484
2014-04-03,5.832405434746233,-2.8271718502048055,1.0639748567629996
2014-04-04,5.859446961509264,-2.859858371909751,0.9692751851257182
2014-04-07,5.887075085002511,-2.8922258853275595,0.883115419937545
2014-04-08,5.915324230076866,-2.924335954929656,0.7917956774792541
2014-04-09,5.948939565085798,-2.954520815932983,0.6556647140638187
2014-04-10,5.979437443608862,-2.9848982529025885,0.5733276287282358
2014-04-11,6.006256705080792,-3.012995090838143,0.4499359775147871
2014-04-14,6.035379498486417,-3.0419432166070095,0.2835989591248741
2014-04-15,6.065515772817713,-3.068227781565129,0.17101279775166556
2014-04-16,6.096314448702738,-3.093390132457171,0.02950591527189564
2014-04-17,6.124577254348633,-3.1166979925250082,-0.0803414107238648
2014-04-22,6.146171640598383,-3.1347345900103303,-0.20283892804610248
2014-04-23,6.1685087658072835,-3.1521810071523775,-0.27888234878196816
2014-04-24,6.190284846699064,-3.1705420037157177,-0.35476414236796955
2014-04-25,6.210550802300322,-3.1875183132511125,-0.36315270405135947
2014-04-28,6.227304109074017,-3.202677927437779,-0.37848650126517375
2014-04-29,6.242471599993002,-3.2174901595605068,-0.4067635049383336
2014-04-30,6.255893585237201,-3.2316349291343487,-0.525392954207528
2014-05-02,6.264255853737171,-3.245937003713208,-0.6541514411743726
2014-05-05,6.276321989548871,-3.2584276449745655,-0.7140494831185913
2014-05-06,6.288838207096515,-3.2697825392800564,-0.7525169667717001
2014-05-07,6.297755427684713,-3.288037780737294,-0.8238177679565235
2014-05-08,6.306965305032023,-3.300589227386295,-0.9333758033797167
2014-05-09,6.318770335632626,-3.32069265372521,-1.027894534857636
2014-05-12,6.326700941387897,-3.3337587634014216,-1.143164874261487
2014-05-13,6.337831833803672,-3.345546324679119,-1.1965269437695507
2014-05-14,6.349591210118954,-3.3557555144247995,-1.238321562162818
2014-05-15,6.363270190558835,-3.35779809270186,-1.258421989722175
2014-05-16,6.37425142890839,-3.359788623323644,-1.2917767883545803
2014-05-19,6.38630768276776,-3.364841569488312,-1.2883704444929456
2014-05-20,6.394435489862108,-3.3633522655011716,-1.3993057554496315
2014-05-21,6.4034664314533,-3.363549242836211,-1.4591528242966436
2014-05-22,6.412114565003261,-3.364458012847203,-1.497505295902374
2014-05-23,6.416937756052638,-3.3676906832418876,-1.4898359470994713
2014-05-26,6.42175260262156,-3.3694086082483716,-1.4904968798826908
2014-05-27,6.42498967415217,-3.371728379669042,-1.4997533888617485
2014-05-28,6.429385027132191,-3.374885380896098,-1.5473596124678857
2014-05-29,6.4353342087841465,-3.3760165135273734,-1.5704567322273641
2014-05-30,6.440722057021659,-3.378489254846464,-1.60010910444258
2014-06-02,6.445615846446755,-3.3806777648304087,-1.5996899962227444
2014-06-03,6.450741094198276,-3.3841905351303505,-1.594242590025155
2014-06-04,6.453859102476057,-3.3877480376873823,-1.6041739872332692
2014-06-05,6.459220218105413,-3.394200126298213,-1.5812592090079138
2014-06-06,6.464607971296887,-3.4032336926958955,-1.6101580478485407
2014-06-09,6.4715067766927925,-3.4112348337669247,-1.6366721766350192
2014-06-10,6.478095332387832,-3.419421950668053,-1.6572197599440488
2014-06-11,6.484215961372609,-3.431038539249004,-1.692314909442757
2014-06-12,6.490910168184188,-3.441903091997424,-1.7098648702007573
2014-06-13,6.498255105066678,-3.4517941380775503,-1.7252476742317784
2014-06-16,6.5050712131750545,-3.460908925789039,-1.7371395447605387
2014-06-17,6.51190056087123,-3.4685698814680253,-1.7487374980827806
2014-06-18,6.516709231893676,-3.477701198681046,-1.7536375569775342
2014-06-19,6.522846695155399,-3.4850833704671116,-1.7661434227553512
2014-06-20,6.529431707777931,-3.4903256068122257,-1.7801378176512526
2014-06-23,6.534271960221185,-3.4978957574560074,-1.7921872879025118
2014-06-24,6.538447731164404,-3.50531643286095,-1.8000962154973554
2014-06-25,6.541323947274159,-3.5110305771944614,-1.8267882550238423
2014-06-26,6.544609197943993,-3.5159342206505415,-1.8380683648080665
2014-06-27,6.547822373382193,-3.5193369580881093,-1.8417994262141226
2014-06-30,6.552122316650845,-3.5201051767534066,-1.8472006039739397
2014-07-01,6.5573546292209635,-3.521861928142425,-1.8688388796822943
2014-07-02,6.560104287047446,-3.524554121139415,-1.8700377892743671
2014-07-03,6.56450706530216,-3.5258854701253806,-1.8816448737683056
2014-07-04,6.56862444153772,-3.527607245498301,-1.8945899242064432
2014-07-07,6.571884849846308,-3.5291606567124436,-1.904333059958396
2014-07-08,6.572526875061993,-3.5332834554478465,-1.905440908405923
2014-07-09,6.573483965441606,-3.536546718747079,-1.9053582138275023
2014-07-10,6.573538017963709,-3.5398354341066938,-1.8979758467552839
2014-07-11,6.572673739019767,-3.543857701948326,-1.8923024414471221
2014-07-14,6.571710139715936,-3.548889967326418,-1.8900554311412352
2014-07-15,6.572220174140914,-3.5523137285477193,-1.8867668479115032
2014-07-16,6.572664386712447,-3.555105550016436,-1.8840035866762879
2014-07-17,6.572774419842717,-3.557280981563876,-1.8639359856171995
2014-07-18,6.572490704961232,-3.5583808387573996,-1.8527626333624334
2014-07-21,6.571676313395096,-3.5599733297567338,-1.8480733391951447
2014-07-22,6.570799471647804,-3.5612604612150034,-1.8422649014164107
2014-07-23,6.570729419355516,-3.564557908482794,-1.8582180382971283
2014-07-24,6.573979675600832,-3.5661246489955762,-1.8149458137013754
2014-07-25,6.575078257226891,-3.568321013420409,-1.7997524634144455
2014-07-31,6.575449594878708,-3.567549854085951,-1.7754905354108734
2014-08-01,6.554336392654236,-3.5524974197807047,-1.9135852371564395
2014-08-04,6.540191906786565,-3.5376935683938626,-1.941782939117723
2014-08-05,6.528677756607201,-3.5234798184609524,-1.938870149208703
2014-08-06,6.516945297969688,-3.511440883320086,-1.9202632329585179
2014-08-07,6.506656191485045,-3.4979791316582607,-1.8994749678306482
2014-08-08,6.496425103661953,-3.4862045581347907,-1.8827317872696832
2014-08-11,6.48607294918225,-3.473289432084476,-1.850395375421046
2014-08-12,6.475821113190907,-3.4616229894484634,-1.8280672769426793
2014-08-13,6.466709730259699,-3.453157163314618,-1.8307118846537647
2014-08-15,6.458828163383533,-3.4452798253458075,-1.8208725907992167
2014-08-18,6.450556885101869,-3.4379601300084066,-1.8032598333199568
2014-08-19,6.442168385145208,-3.4290741569694005,-1.7644299914996313
2014-08-22,6.4323778620941185,-3.4216356577529248,-1.7352826431457526
2014-08-25,6.422338369829727,-3.413848456493004,-1.7082853288489919
2014-08-26,6.412759155027551,-3.4055089296222896,-1.6813004273947747
2014-08-27,6.403452103358639,-3.3976543488802973,-1.658699348827117
2014-08-28,6.394465796785708,-3.389519305820612,-1.6179005235476753
2014-08-29,6.385038501353871,-3.3816745048791175,-1.5875836650368198
2014-09-01,6.380394188403885,-3.3768063064886964,-1.513373835979152
2014-09-02,6.374352483506797,-3.3726093946538356,-1.4807360058734027
2014-09-03,6.369536703438888,-3.371010349571128,-1.4896031077922025
2014-09-04,6.368233713293974,-3.369397605729614,-1.467075997880533
2014-09-05,6.366495112007669,-3.368570768326217,-1.4615421552870427
2014-09-08,6.365234702994406,-3.36745062852577,-1.4592014685728487
2014-09-09,6.36035295836903,-3.3640311789708806,-1.3991709082612478
2014-09-10,6.357703721103857,-3.3670558100582,-1.4421088830847246
2014-09-11,6.355880732486805,-3.3685023304085266,-1.4668113859995353
2014-09-12,6.353863703199431,-3.366314803741051,-1.50268320058654
2014-09-15,6.35190327339926,-3.364771029006087,-1.5203807756448553
2014-09-16,6.35065960505227,-3.3622656080592255,-1.5204527842837103
2014-09-17,6.349557774459429,-3.360411934469725,-1.5209829773748682
2014-09-18,6.348442168065442,-3.3589299983662753,-1.5210825622817283
2014-09-19,6.347257794073428,-3.357837678870043,-1.5172446034666935
2014-09-22,6.340806129471865,-3.354751739609792,-1.5622976963877127
2014-09-23,6.3375601943037125,-3.351894679573625,-1.5675434312212633
2014-09-24,6.324340722661719,-3.3574329039856896,-1.5193319555347122
2014-09-25,6.313456045753751,-3.3611780786036047,-1.475310255702907
2014-09-26,6.296976760973169,-3.36418546734852,-1.4748260371333504
2014-09-29,6.284132326563387,-3.3666468699483474,-1.4451746417175815
2014-09-30,6.273402813640976,-3.367583958417991,-1.4079851025198746
2014-10-01,6.291284929473754,-3.395919729013636,-1.4001172418574395
2014-10-02,6.30166861558954,-3.415596594064886,-1.4883766895332715
2014-10-03,6.316549682729079,-3.4467557823384545,-1.7273691031429297
2014-10-07,6.3384679995394,-3.474236901457507,-1.8293915710382758
2014-10-08,6.363038733929202,-3.4968700403246493,-1.8957538104803406
2014-10-09,6.38650342004757,-3.5178173825731274,-1.95205776221227
2014-10-10,6.403264282147046,-3.5329977399352686,-2.0279318768665107
2014-10-13,6.4200218462817435,-3.547078927804828,-2.0772168778051503
2014-10-14,6.434861934956827,-3.5617026310024067,-2.1134708973763394
2014-10-15,6.436245694248562,-3.5686244069972455,-2.3361414143108568
2014-10-16,6.445101654427129,-3.5740836160324623,-2.524803978446706
2014-10-17,6.4577970243692295,-3.579169037855476,-2.6090856198611974
2014-10-20,6.473071411555585,-3.5876448228824036,-2.755509924185748
2014-10-21,6.489766865046867,-3.595690744414115,-2.8334831902188022
2014-10-22,6.501620610751414,-3.6083064810514256,-2.874017556014556
2014-10-23,6.513505265567987,-3.6200177409247174,-2.904360296210018
2014-10-24,6.52634086479215,-3.6353509539021625,-2.975619496366882
2014-10-27,6.538348231634323,-3.649263750996302,-3.13971706612268
2014-10-28,6.553338478654631,-3.661121850436272,-3.2248003351181973
2014-10-29,6.525192690470966,-3.642587739988947,-3.5356625314768477
2014-10-30,6.510634032750715,-3.6241580624330805,-3.6243851322337575
2014-10-31,6.499025617383829,-3.6061588091988486,-3.652660701469881
2014-11-03,6.488970435572237,-3.5899501789982073,-3.656220454749865
2014-11-04,6.478396492754495,-3.5748171149333783,-3.6704549768218633
2014-11-05,6.461519738180209,-3.5549617368183775,-3.7472687517004575
2014-11-07,6.447569071911015,-3.5359567193407573,-3.7836754438579816
2014-11-10,6.434396501009721,-3.5192069911611137,-3.842211042320228
2014-11-11,6.423686356111161,-3.503159425496274,-3.846831842204179
2014-11-12,6.412777045528368,-3.499385212831087,-3.8286638590298243
2014-11-13,6.403292062007161,-3.4932849368120062,-3.8098282248639417
2014-11-14,6.394683858934657,-3.4873852980335855,-3.7889577687794045
2014-11-17,6.385882974394194,-3.480949290496498,-3.834899033651015
2014-11-19,6.382291302947616,-3.476943207400575,-3.815905849230942
2014-11-20,6.376463506465725,-3.4757639798983564,-3.7958521598729575
2014-11-21,6.365957576437849,-3.4684959618748703,-3.805564293701124
2014-11-24,6.357255793004845,-3.4611710860081555,-3.7961376559124367
2014-11-25,6.349524358860806,-3.45435812624556,-3.7823140844041863
2014-11-26,6.342570557955004,-3.4496349342232824,-3.8297142439740512
2014-11-27,6.338271528418452,-3.44520529945373,-3.8613031966849336
2014-11-28,6.334548422734604,-3.4418967545746315,-3.8690889959348116
2014-12-01,6.331715730569028,-3.438213152398416,-3.865424286145587
2014-12-02,6.328558726571943,-3.434893344779643,-3.846298391388159
2014-12-03,6.324424441817599,-3.433965947661648,-3.835428572531434
2014-12-04,6.321733693595578,-3.432811108396848,-3.8418074214576
2014-12-05,6.318976600318748,-3.430630306915619,-3.80116808814341
2014-12-08,6.316031817076655,-3.4296285765636294,-3.7872211386274994
2014-12-09,6.312674093215713,-3.4275664360348492,-3.7758291755854976
2014-12-10,6.312360477261834,-3.4291793287708625,-3.740110559437138
2014-12-11,6.311764640513972,-3.429723036007696,-3.725273064557698
2014-12-12,6.307181308346684,-3.4274075238727075,-3.736074785427844
2014-12-15,6.303217345479556,-3.4241960366265523,-3.7617903387724163
2014-12-16,6.300554010887095,-3.4211340581954897,-3.7671394630793653
2014-12-17,6.301901086255803,-3.4243600974256836,-3.727090238806007
2014-12-18,6.296890771398599,-3.4335993184338016,-3.6971638291558118
2014-12-19,6.2941915305104565,-3.4421960267800378,-3.7086166476335682
2014-12-22,6.293986832943368,-3.4510246323769542,-3.7499855185230806
2014-12-23,6.294652188272745,-3.4614609368911924,-3.762976569988115
2014-12-24,6.281955130873421,-3.4764073993843003,-3.7843443528608423
2014-12-29,6.267365458178589,-3.4821492000164382,-3.843315778323338
2014-12-30,6.259657987370118,-3.4891501323668725,-3.81504223452668
2014-12-31,6.2148930289216535,-3.4770116279807666,-3.8048004916774394
2015-01-02,6.179715362810847,-3.463126719092197,-3.759393913341173
2015-01-06,6.148742375700341,-3.447736057398605,-3.692187184348591
2015-01-07,6.128655808901941,-3.4438444386733607,-3.5679635589596104
2015-01-08,6.110253375117636,-3.4369428896126686,-3.4825672755011663
2015-01-09,6.0774816310872,-3.4184493096942004,-3.4909343995172937
2015-01-12,6.0515268209843995,-3.4038274510014914,-3.4854850599682026
2015-01-13,6.028313908163356,-3.3915744647884014,-3.4497133379937663
2015-01-14,6.003845297781036,-3.3834049125095156,-3.5445200667478955
2015-01-15,5.9866934110576375,-3.373864845483922,-3.545495597147315
2015-01-16,5.972421467768121,-3.3642966352088055,-3.5220406352687794
2015-01-19,5.95916950240927,-3.355861675464317,-3.4937200988903716
2015-01-20,5.9474448301852405,-3.347711847517658,-3.4676948346123995
2015-01-21,5.935502577482242,-3.3442996509568808,-3.453002646223463
2015-01-22,5.9201684876351965,-3.3374089541887133,-3.439505911571416
2015-01-23,5.902253621993774,-3.326165207900399,-3.4450174092109758
2015-01-26,5.8864341222685095,-3.312485283590413,-3.4166816779224543
2015-01-27,5.868134401069757,-3.2956642513135703,-3.3939251506338675
2015-01-28,5.8486085727968975,-3.28086668214304,-3.4629458087596583
2015-01-29,5.833576040422545,-3.2662709826585505,-3.46330289599901
2015-01-30,5.816189476594264,-3.249316713756407,-3.562418491963708
2015-02-02,5.803116472072245,-3.233124042072329,-3.5784363370196695
2015-02-03,5.791611044948372,-3.2174390883965422,-3.5722189920193825
2015-02-04,5.7735964199633,-3.206557541368945,-3.6147733605939636
2015-02-05,5.75845021759906,-3.192663396064604,-3.6396169099804117
2015-02-06,5.745448605801041,-3.1770681148626663,-3.6147330399940847
2015-02-09,5.732812983949186,-3.16330171823044,-3.597802233071151
2015-02-10,5.719371509026484,-3.152671274295296,-3.573494538219194
2015-02-11,5.709157783561932,-3.1436198987195407,-3.533564361829676
2015-02-12,5.695070628730588,-3.135074010873054,-3.5392247454632737
2015-02-13,5.68373498417043,-3.1250689467749346,-3.515922645939679
2015-02-16,5.6736328215031095,-3.1128925924710087,-3.498467955263799
2015-02-17,5.664631206828886,-3.1038064852346277,-3.472585135666856
2015-02-18,5.65515970480327,-3.0972525966141724,-3.453394859249707
2015-02-19,5.647683727403858,-3.0902743904633097,-3.4360627094011624
2015-02-20,5.64043997886909,-3.0845635351579515,-3.4213821588400957
2015-02-23,5.633890369361392,-3.0782282963566816,-3.405796312430498
2015-02-24,5.6273178644670345,-3.0748404062984367,-3.398074243572647
2015-02-25,5.624521909967716,-3.067283545195519,-3.386227409172399
2015-02-26,5.620863213809902,-3.060049050011885,-3.3800042755181425
2015-02-27,5.616586243724772,-3.052876064638299,-3.3729704228999253
2015-03-02,5.61300089738713,-3.0450462272324117,-3.3582812645599396
2015-03-03,5.61314797828383,-3.042830243421242,-3.3006623346205215
2015-03-04,5.6139711608898555,-3.038898075694397,-3.2887665710015055
2015-03-05,5.610751945473697,-3.0334445287109615,-3.300285679292382
2015-03-06,5.607770623165493,-3.0279992707093286,-3.301177294690534
2015-03-09,5.605466346922636,-3.0176893601688675,-3.273953510250172
2015-03-10,5.602577850626458,-3.0075912717689333,-3.2848392396904207
2015-03-11,5.597069959237426,-2.9972123605813694,-3.2643614217116284
2015-03-12,5.592406942195369,-2.9848766139611844,-3.253300084334664
2015-03-13,5.593959335652188,-2.978750994009261,-3.2105427828295534
2015-03-16,5.594001950036029,-2.9722801114917945,-3.1979168109671745
2015-03-17,5.591896236947438,-2.966526492580415,-3.1854656183194527
2015-03-18,5.587307668997902,-2.9568974484053863,-3.2096906674820636
2015-03-19,5.583420726163387,-2.947041705534929,-3.217150837416042
2015-03-20,5.5799618929654455,-2.9372017545767375,-3.21894423461916
2015-03-23,5.576526547138922,-2.9284568016186823,-3.220963059347733
2015-03-24,5.570540550696964,-2.924711291538846,-3.2174339308237747
2015-03-25,5.566778894377935,-2.918095828553387,-3.206041958004615
2015-03-26,5.5566711844968175,-2.9047760837386885,-3.184612265942971
2015-03-27,5.551731350511046,-2.8933427981229785,-3.0944244986911285
2015-03-30,5.543360508240435,-2.8828224951690986,-3.0471527727462733
2015-03-31,5.534111872370094,-2.8734770079038285,-3.0174631760620714
2015-04-01,5.526397991426111,-2.8616797478967095,-2.9928736746242004
2015-04-02,5.516756545598538,-2.8537197038475997,-2.9780990662649094
2015-04-07,5.508636268814665,-2.845317070086563,-2.9575258096177346
2015-04-08,5.505119576420782,-2.8308404517685464,-2.92975738402847
2015-04-09,5.501188321297298,-2.8193596158856384,-2.948444567330457
2015-04-10,5.505298618198762,-2.812021097817509,-2.8350696593830462
2015-04-13,5.510307673300763,-2.811090867044168,-2.782487467130283
2015-04-14,5.5126516249375035,-2.8102864674170576,-2.7700403300819603
2015-04-15,5.517573270809496,-2.8123972308596294,-2.5500058547593385
2015-04-16,5.514762194362634,-2.814467991565325,-2.466003560408718
2015-04-17,5.511119082550165,-2.8129624644972027,-2.420454573022148
2015-04-20,5.505622243325659,-2.8125819767038536,-2.3432936428648397
2015-04-21,5.498502262046229,-2.8105116220798614,-2.2777911508153426
2015-04-22,5.492025403981565,-2.8148307422611314,-2.3379770327272906
2015-04-23,5.491068925372649,-2.817442097381244,-2.2088217237199412
2015-04-24,5.491709328370724,-2.825587077591776,-2.126145156779465
2015-04-27,5.494676061780947,-2.8363283113221227,-2.048851999393131
2015-04-28,5.4979906683805,-2.8403445599898607,-2.008149543445346
2015-04-29,5.503306634295572,-2.847715425161661,-1.947450655252819
2015-04-30,5.506424374497206,-2.855871433903721,-1.923066241132864
2015-05-04,5.512893059162907,-2.8655236935352546,-1.8830282610129627
2015-05-05,5.517893086700408,-2.8714788682416037,-1.84821796478793
2015-05-06,5.520158984695749,-2.878525328833809,-1.8328231285289576
2015-05-07,5.515526262933582,-2.879269945905411,-1.9182701378285225
2015-05-08,5.518231553161931,-2.884277590320091,-1.8868021568255013
2015-05-11,5.519968872274436,-2.8879904523602677,-1.8849656105055135
2015-05-12,5.522108079693668,-2.892161228378186,-1.8889723860999406
2015-05-13,5.522838193089673,-2.8967418360503943,-1.924604688857148
2015-05-14,5.523632598185721,-2.901837176633181,-1.9338188239458731
2015-05-15,5.526866389756525,-2.9062092510109596,-1.904978724445093
2015-05-18,5.529253481294783,-2.909875517906136,-1.9057023349466549
2015-05-19,5.531175588937087,-2.9138999686170393,-1.918317695835456
2015-05-20,5.531485513535409,-2.9184017200735983,-1.9143938730218133
2015-05-21,5.531963300667641,-2.9218856111739786,-1.9078489899530247
2015-05-22,5.535015775054818,-2.9256351187093723,-1.9006014178179658
2015-05-25,5.5380363088474,-2.93075538407384,-1.918888467172422
2015-05-26,5.537717243708039,-2.937235343904196,-1.9006779100901157
2015-05-27,5.537403964521436,-2.9429668424723605,-1.8995555207393202
2015-05-28,5.537749772897352,-2.9478903601331767,-1.8957410313501506
2015-05-29,5.539358610217814,-2.9515576642046835,-1.9016128540244157
2015-06-01,5.541840637387933,-2.9549930295979068,-1.9014993023538294
2015-06-02,5.543431934604027,-2.958209759150544,-1.8985315909029656
2015-06-03,5.544051359580965,-2.964011024682026,-1.8925611028616696
2015-06-04,5.54415280108135,-2.9694291791984186,-1.9197479593346722
2015-06-05,5.5454525612986965,-2.9773343087691413,-1.965720337798874
2015-06-08,5.54731734915617,-2.9876802247475234,-1.984647283832433
2015-06-09,5.551512571155778,-2.9959239570976135,-1.9918711637819468
2015-06-10,5.555909238944472,-3.006512681344914,-2.033496321473703
2015-06-11,5.5619091401837935,-3.017422901899323,-2.0583023922886907
2015-06-12,5.57005849346842,-3.030518663877502,-2.0877784329478986
2015-06-15,5.578200612824719,-3.041899554475981,-2.103183696320887
2015-06-16,5.58397271430109,-3.046302574011935,-2.0908226967954824
2015-06-17,5.587975214718769,-3.0520619746441406,-2.0935837410804887
2015-06-18,5.591966590823234,-3.0574210508777084,-2.096144828172195
2015-06-19,5.595982028983326,-3.064995091015894,-2.194519116809148
2015-06-22,5.599850131276395,-3.0750927428247894,-2.2317966625103267
2015-06-23,5.606427654120279,-3.0848589482898334,-2.245999018995095
2015-06-24,5.613021986774442,-3.0958721404531433,-2.268120339044721
2015-06-25,5.619665163683333,-3.1059088336418865,-2.254236120429792
2015-06-26,5.625348551070285,-3.1137491491281892,-2.2695226106091932
2015-06-29,5.633607628630529,-3.1203275881803676,-2.2756425810180616
2015-06-30,5.640296645251518,-3.1275168843530743,-2.260546131404374
2015-07-01,5.6458036648524645,-3.133884725610588,-2.262656286153257
2015-07-02,5.649675001715698,-3.1416174263358245,-2.3330408020264217
2015-07-03,5.653765535516823,-3.142353243729282,-2.3900688432786894
2015-07-06,5.658339296739808,-3.1425702346013544,-2.418182644203162
2015-07-07,5.658509412118683,-3.1373181508910837,-2.4066421057166236
2015-07-08,5.655730580864131,-3.134673378142821,-2.4057092379160903
2015-07-09,5.653072305020932,-3.131455317122819,-2.3982373049607446
2015-07-10,5.651269764883014,-3.1312060790722973,-2.438042971647078
2015-07-13,5.651899796726557,-3.130847189417215,-2.4471630458643445
2015-07-14,5.653197487314366,-3.1309219662343732,-2.4602245713926694
2015-07-15,5.654495580491006,-3.1307360830291016,-2.4678663812233643
2015-07-16,5.655588941318055,-3.129704551992125,-2.4996073641567795
2015-07-20,5.660756618728477,-3.1301423636910055,-2.4663710161259824
2015-07-21,5.663215142750584,-3.130082509936602,-2.4599562166964994
2015-07-22,5.666474749549257,-3.1319153060406983,-2.482857246483746
2015-07-23,5.665287346541197,-3.131055821361952,-2.5211731902294985
2015-07-24,5.665842959261706,-3.132078163957724,-2.552401622166128
2015-07-27,5.66777922053281,-3.1313260629814126,-2.5659875916239163
2015-07-28,5.668755806662015,-3.1296766608731907,-2.5599449910980567
2015-07-29,5.67176801748088,-3.1287015568648906,-2.496620572265835
2015-07-31,5.6731851795076125,-3.1293622191240247,-2.4952286148967744
2015-08-03,5.674139053453628,-3.1262499237074386,-2.5197572531098325
2015-08-04,5.675057388836103,-3.122742764131593,-2.4812733110387644
2015-08-05,5.677295513901713,-3.1184685604394398,-2.4876523649546307
2015-08-06,5.679242489386944,-3.1156475289999865,-2.49427037524639
2015-08-07,5.680789796252932,-3.1133351097029798,-2.5283058124867672
2015-08-10,5.680076795670394,-3.112627693225204,-2.5095461047699894
2015-08-11,5.682037542259859,-3.1118697192687255,-2.4988381192001143
2015-08-12,5.685100526758478,-3.111461062878121,-2.4477984903584598
2015-08-13,5.68453105921886,-3.1102707010063586,-2.4352907616572654
2015-08-17,5.684870300480246,-3.11241796515174,-2.4846132470208397
2015-08-18,5.683461590565683,-3.108455504828785,-2.4710748954158808
2015-08-19,5.6800938837602555,-3.1080791096795646,-2.4688277866912283
2015-08-24,5.679040471918418,-3.109042931977121,-2.487901244130184
2015-08-25,5.679115437004645,-3.10917493883702,-2.4814727847210594
2015-08-26,5.683000731236189,-3.1066483031057786,-2.4754757342912406
2015-08-27,5.684527354099751,-3.1055298858609826,-2.472430396063051
2015-08-28,5.687234241232566,-3.1054420611274267,-2.4988748795892417
2015-08-31,5.684872049203458,-3.098495989071358,-2.491054731894854
2015-09-01,5.6799718320353945,-3.095014638948422,-2.4830583257509655
2015-09-02,5.67611250323093,-3.091238707997595,-2.4709872059746156
2015-09-03,5.672365943197367,-3.0880021491355643,-2.4633218511405133
2015-09-04,5.670143451542713,-3.0843867848980904,-2.46778828133433
2015-09-07,5.667524204351851,-3.079731200224191,-2.4585283216201868
2015-09-08,5.664907050148607,-3.0753263682443346,-2.4535619580919654
2015-09-09,5.66441404963123,-3.0730364021249,-2.4209033654889986
2015-09-10,5.665322698560164,-3.0733835774533462,-2.464708182975636
2015-09-11,5.66579977429616,-3.073430805766769,-2.5127375887967345
2015-09-14,5.667941823358571,-3.074083640032146,-2.5324234441784808
2015-09-15,5.6704092762907,-3.0714689438729255,-2.4912680220211922
2015-09-16,5.671559163583755,-3.0689827177951163,-2.479262840527623
2015-09-17,5.669926093225324,-3.069460796964112,-2.473355976282896
2015-09-18,5.668309956512962,-3.0698246558458018,-2.46504756755425
2015-09-21,5.666126324290283,-3.068459608826448,-2.456288792237446
2015-09-22,5.6645473237331725,-3.0685842936842573,-2.46049872119256
2015-09-23,5.663939886016474,-3.067678192276407,-2.46356735267157
2015-09-28,5.663162400159418,-3.066595137477247,-2.4618778511722117
2015-09-29,5.661971262918162,-3.065918175297846,-2.455343713778106
2015-09-30,5.663429265200094,-3.0660789317688195,-2.4028881500494714
2015-10-01,5.662865190545502,-3.066631566607284,-2.385925974357516
2015-10-02,5.662162745245666,-3.0641608394873994,-2.437686752910352
2015-10-05,5.662735094813859,-3.061442976417136,-2.45929189685746
2015-10-06,5.662951193889711,-3.058076358292928,-2.4293071123529337
2015-10-07,5.661682367966543,-3.0582474981296186,-2.429707750811545
2015-10-08,5.6615883733725765,-3.0571935331883986,-2.4305373457229735
2015-10-09,5.662315367733298,-3.0567391012423917,-2.44609759647304
2015-10-12,5.6628672717685085,-3.055566945525974,-2.460469597589932
2015-10-13,5.6635825524170045,-3.053855915821194,-2.4672893793891166
2015-10-14,5.664407536694499,-3.052910348718594,-2.475871723416488
2015-10-16,5.665178175195085,-3.051916518092632,-2.4822174436181847
2015-10-19,5.665621385994787,-3.0510696267387827,-2.4874257436322442
2015-10-20,5.665853248917879,-3.0508036815958555,-2.4888852241469204
2015-10-21,5.666327069156416,-3.0521812571523452,-2.4965864360627417
2015-10-22,5.663285255918185,-3.0518675149885035,-2.5219823498201803
2015-10-23,5.663014569623241,-3.049685850958175,-2.540300198843545
2015-10-26,5.663110767086498,-3.0480830652430804,-2.5476654986823104
2015-10-27,5.6607338233454305,-3.049962837858401,-2.5498331835066477
2015-10-28,5.660664599781927,-3.0485350735266663,-2.5396427512654074
2015-10-29,5.660218672067256,-3.0468037662377245,-2.5317753861958283
2015-10-30,5.659816042155252,-3.0460704799777956,-2.561024838369045
2015-11-02,5.663867293837584,-3.047460128098344,-2.49483894746087
2015-11-03,5.665495111417416,-3.049640811102191,-2.475542305092619
2015-11-04,5.666221575327389,-3.053412786133418,-2.483671186095943
2015-11-05,5.6665268186988795,-3.0581851988236624,-2.489513496624928
2015-11-09,5.666020049744903,-3.0615770967028646,-2.5541933664101104
2015-11-10,5.670287570804604,-3.063289822941065,-2.5813560761010352
2015-11-11,5.676926137722489,-3.065630845651337,-2.5484151140216675
2015-11-12,5.6806322505067035,-3.0682216957473405,-2.5416275270462743
2015-11-13,5.680445517050825,-3.068449122086196,-2.5726020229718167
2015-11-16,5.683190775878056,-3.0700828812374255,-2.5387542733577817
2015-11-17,5.684558978260061,-3.071688492887752,-2.5299353142637235
2015-11-19,5.683890223390343,-3.0745446742479885,-2.5195337892532126
2015-11-20,5.682892532824549,-3.076274367940144,-2.5095624399238607
2015-11-23,5.679373141653602,-3.075298518245932,-2.5611440618829757
2015-11-24,5.675631629967526,-3.0730779101442165,-2.5922087481210045
2015-11-25,5.673724543580383,-3.0710513736204406,-2.602631318990361
2015-11-26,5.674767781392004,-3.0689255054120923,-2.5358034207401348
2015-11-27,5.673662821740502,-3.067322732286435,-2.513517811269555
2015-11-30,5.672960239688712,-3.063729713699709,-2.474770794385387
2015-12-01,5.671033994271043,-3.0609811688799446,-2.46069755817462
2015-12-02,5.670907849151761,-3.0622981479962124,-2.451151472855077
2015-12-03,5.671660019383875,-3.0626715072101036,-2.4508985854870184
2015-12-04,5.67260897177698,-3.0657595591388196,-2.455183448622819
2015-12-07,5.674117963310673,-3.0697262654129354,-2.4437530257014806
2015-12-08,5.6752316443334845,-3.0732518597885212,-2.4433948301797033
2015-12-09,5.674939564693394,-3.075056159312135,-2.462233374835104
2015-12-10,5.676071777749999,-3.0771349582128,-2.5179619241444207
2015-12-11,5.677391987808743,-3.078272581102026,-2.569708341385128
2015-12-14,5.677898742293833,-3.0769971216734087,-2.6158749152257013
2015-12-15,5.679583160703877,-3.07797811326774,-2.5733216056679336
2015-12-16,5.6806562438428605,-3.0831151391836986,-2.618373284046087
2015-12-17,5.6789327359114,-3.087124550085305,-2.648960356836488
2015-12-18,5.6768895928742875,-3.0891222725531056,-2.7127094306572395
2015-12-21,5.677379333360418,-3.0900988060813552,-2.737498862225338
2015-12-22,5.677588478193088,-3.0942022803256637,-2.805484196887401
2015-12-23,5.673778132722663,-3.095655942644101,-2.900932203670512
2015-12-28,5.6745963941917585,-3.0952236202858576,-2.830244556540015
2015-12-29,5.672903773770335,-3.094806985832303,-2.8020986797326892
2015-12-30,5.67494197298795,-3.0905867192287664,-2.7208350471817195
2016-01-04,5.673901896132647,-3.0868414986952577,-2.6949804803595234
2016-01-05,5.671556412361626,-3.0827835403906003,-2.683947811058853
2016-01-06,5.669252465439787,-3.0795227225762973,-2.6789338888614993
2016-01-07,5.666960055299911,-3.076241213398413,-2.676463142723344
2016-01-08,5.665109357797895,-3.073503721295776,-2.674619944881197
2016-01-12,5.662721381500692,-3.0714021281241486,-2.6714812770302094
2016-01-13,5.660196093207071,-3.0695832400270757,-2.6626051702284568
2016-01-14,5.661340528250836,-3.0701321568164195,-2.63803800903774
2016-01-15,5.6618409023030365,-3.069909371583924,-2.61453676415077
2016-01-18,5.658913150107953,-3.0672321984752005,-2.6381340654317125
2016-01-19,5.657183012331214,-3.064824757134763,-2.6452416729899295
2016-01-20,5.656216978300568,-3.071534779339231,-2.642622337570486
2016-01-21,5.654167892370538,-3.07689868226248,-2.632921153136555
2016-01-22,5.651177324944558,-3.0815560323526783,-2.6635969282763554
2016-01-25,5.649668231467101,-3.0892061608957055,-2.6757701817477937
2016-01-26,5.6491142704208785,-3.0944236342834834,-2.663570223039945
2016-01-27,5.64701066586778,-3.096165637567682,-2.7652587345614226
2016-01-28,5.6468217505144125,-3.099020627845498,-2.7943174129503103
2016-01-29,5.647393310893062,-3.100918762822401,-2.8022546980387006
2016-02-01,5.648027395155243,-3.101822735793646,-2.805117295506964
2016-02-02,5.63911027693464,-3.0965798470501698,-2.893687919361763
2016-02-03,5.634869675832109,-3.091877979923355,-2.898853074245101
2016-02-04,5.63138424274408,-3.0885761568622274,-2.931682007335484
2016-02-05,5.621476101464474,-3.0803362196213064,-3.007378923144955
2016-02-08,5.614785621411435,-3.072886039916847,-3.025674850543452
2016-02-09,5.608686135531073,-3.0649821641374375,-3.0223582153033206
2016-02-10,5.604322787751374,-3.058144491856504,-3.056211362237737
2016-02-11,5.600280266101704,-3.052126063710713,-3.0614187953238976
2016-02-12,5.59334716410356,-3.0436337098821555,-3.07195234367364
2016-02-15,5.587239163546752,-3.036371954040285,-3.068538685563995
2016-02-16,5.58298212925528,-3.0309012768775614,-3.0764415314762337
2016-02-17,5.576862127210511,-3.0268632913789077,-3.0754608182652157
2016-02-18,5.570250724381052,-3.021681689999705,-3.0810020421315976
2016-02-19,5.559872260771561,-3.0130584803476625,-3.109289371377734
2016-02-22,5.551029433254331,-3.0044888710553237,-3.1238982406042326
2016-02-23,5.543096645916389,-2.998077362475684,-3.13289549707939
2016-02-24,5.533152567361561,-2.9899270709183505,-3.178533115695677
2016-02-25,5.52317568852105,-2.979012555917252,-3.253097951308433
2016-02-26,5.516872157312636,-2.9687255674852286,-3.274566193993768
2016-02-29,5.511616025475189,-2.959396407085096,-3.27997274470255
2016-03-01,5.507409994656993,-2.9511534984219443,-3.269851516521105
2016-03-02,5.499364216899843,-2.9426923537644387,-3.262574757638507
2016-03-03,5.489522525799077,-2.9382220985981937,-3.254292171948059
2016-03-04,5.480294361617405,-2.9360058608833515,-3.253654265904864
2016-03-07,5.4698850467382485,-2.931804099972317,-3.2626428877696765
2016-03-08,5.465233058937219,-2.925956223753478,-3.2486290834742153
2016-03-09,5.455939957497018,-2.918100832654012,-3.24035696982448
2016-03-10,5.446344147574647,-2.9121702219761496,-3.2179547712444934
2016-03-11,5.43741324217759,-2.906140039057265,-3.194770279441847
2016-03-14,5.428078137693642,-2.9015367733860526,-3.179345428360793
2016-03-15,5.420407085041992,-2.902114270566323,-3.1061230520180154
2016-03-16,5.407001713728766,-2.9064447986006487,-3.0430203211684144
2016-03-17,5.399748058923826,-2.903808693008093,-3.0034906761075164
2016-03-18,5.388178753668371,-2.897498839737906,-3.016706066902229
2016-03-21,5.378514812051236,-2.8900555618262445,-3.0046646106542654
2016-03-22,5.370065412458104,-2.8849702506510098,-2.9969026177756364
2016-03-23,5.362587655012274,-2.8798470787702826,-2.9809512493829518
2016-03-24,5.343480665748566,-2.8755998534106957,-3.026513541881834
2016-03-29,5.30841584739575,-2.867409299040264,-3.089365550647199
2016-03-30,5.278609679784478,-2.8674719007530443,-3.095666010789734
2016-03-31,5.250684387895358,-2.8771076361937116,-3.109301747075788
2016-04-01,5.220338521029411,-2.8726503610120484,-3.259237474453389
2016-04-04,5.203020666521206,-2.863287350993999,-3.272016540314835
2016-04-05,5.179881681016851,-2.8530193761795126,-3.3070975135397354
2016-04-06,5.161785531407697,-2.8420236047487553,-3.2877035408333386
2016-04-07,5.15511552772988,-2.833459105443881,-3.2767588866034996
2016-04-08,5.13886094223829,-2.818110912819954,-3.292231058664337
2016-04-11,5.123783395243087,-2.814446853938678,-3.3681269171431456
2016-04-12,5.115060747081416,-2.812342466953513,-3.386339791346169
2016-04-13,5.10719777859539,-2.8082209048678104,-3.394701923810618
2016-04-14,5.103033374517868,-2.8119701554199676,-3.4322441004240054
2016-04-15,5.101243635384022,-2.814745854528266,-3.4369222197506417
2016-04-18,5.093168435050773,-2.816874401306658,-3.426928026033546
2016-04-19,5.080034507740648,-2.820573539377962,-3.4524050618001496
2016-04-20,5.0714260761830525,-2.8231553440047197,-3.440152096608985
2016-04-21,5.046886991186306,-2.8396631244493284,-3.376664642933746
2016-04-22,5.029883585613354,-2.855790586314916,-3.3928147202951635
2016-04-25,5.02613098388839,-2.870049200386657,-3.279369939727513
2016-04-26,5.018071041320058,-2.8787738436250763,-3.3462705711920027
2016-04-27,5.010987074863182,-2.892061968145143,-3.434389616468193
2016-04-28,5.0088156284723295,-2.9017757905715333,-3.453356193715199
2016-04-29,5.004342728780765,-2.90925560746991,-3.4489908951540027
2016-05-02,5.00911563484032,-2.9138235951110314,-3.393221518338746
2016-05-03,5.011222378258441,-2.9238113201872546,-3.4384366943468034
2016-05-04,5.000172461160981,-2.944083664911357,-3.3919193440363005
2016-05-05,4.992850933559019,-2.9610612453080694,-3.343693633896651
2016-05-06,5.000659878851369,-2.9602475128831647,-3.3369917050841837
2016-05-09,5.005476201169562,-2.9591563216194356,-3.328074916927684
2016-05-10,5.008570953853737,-2.955019197682698,-3.3091178410162088
2016-05-11,5.006578942086526,-2.954626131114132,-3.2903590082923366
2016-05-12,5.003779038570969,-2.955956995221801,-3.2862988370539488
2016-05-13,5.006196080662201,-2.954102038821502,-3.2808579876111894
2016-05-16,5.007310480795097,-2.952568682184481,-3.368542437480982
2016-05-17,5.010531271131054,-2.951220520018689,-3.4060710307926616
2016-05-18,5.01675442531668,-2.9506562509944128,-3.2801295129930206
2016-05-19,5.0153933930957555,-2.948278451791026,-3.2126235117821462
2016-05-20,5.007611229346553,-2.948677637172787,-3.2318894291776483
2016-05-23,5.002690652044493,-2.9501014520149087,-3.2400449947932795
2016-05-24,5.00401875955881,-2.9551974962462055,-3.2172751973158986
2016-05-25,5.003618666222612,-2.958654473892203,-3.217534634265352
2016-05-26,5.003842139834594,-2.9612666972613906,-3.2159731188678835
2016-05-27,4.998944792832919,-2.9581127711831345,-3.18215260102455
2016-05-30,4.991714705294178,-2.9531216574507346,-3.1859537521833676
2016-05-31,4.986731416957004,-2.948271590502823,-3.1643751040055266
2016-06-01,4.980671983571829,-2.945056832160908,-3.148434417991719
2016-06-02,4.975580162845292,-2.9395576246273842,-3.1303044139065506
2016-06-03,4.968874900091088,-2.9335272165495585,-3.0582897558860083
2016-06-06,4.961027018071675,-2.926494653318669,-3.025751846705508
2016-06-07,4.951124004330848,-2.9235302385236803,-3.0049576844980255
2016-06-08,4.924649814160939,-2.9329243707651145,-2.895802070080337
2016-06-09,4.9020841108476,-2.9396099349230194,-2.804685751418942
2016-06-10,4.882176930786914,-2.9428059227164827,-2.7179997776663027
2016-06-13,4.864404742528107,-2.9440377069898327,-2.6447733030759077
2016-06-14,4.848828364836104,-2.9441253776086307,-2.5846159917694966
2016-06-15,4.832949031575118,-2.9444142231520827,-2.50502960570905
2016-06-16,4.821723950039518,-2.940497419214884,-2.457071878981484
2016-06-17,4.810791092053728,-2.940394724627321,-2.4780343839861123
2016-06-20,4.8077594783753685,-2.941912195799619,-2.403251257238178
2016-06-21,4.801021723536421,-2.9461780313720083,-2.3578268001551628
2016-06-22,4.791292117043267,-2.9512462929170833,-2.3011947308485214
2016-06-23,4.782324289540881,-2.9563151301827046,-2.2600397388073583
2016-06-24,4.779742615961897,-2.9439706215419124,-2.1731858804953106
2016-06-27,4.7758390363558725,-2.9246086563619236,-2.1300153048551382
2016-06-28,4.768492862343862,-2.9069395115201186,-2.1108357941324076
2016-06-29,4.786308207788713,-2.871888469722128,-2.218871898366437
2016-06-30,4.799740615545281,-2.8432178532156644,-2.3002268294928103
2016-07-01,4.811916848785558,-2.8172339756437834,-2.3892775866051537
2016-07-04,4.820795599996899,-2.797921344264155,-2.469830518520433
2016-07-05,4.828547143411695,-2.7787846206869604,-2.5492687672013323
2016-07-11,4.834512699141232,-2.7624538894151773,-2.6055898542865634
2016-07-12,4.835762819834555,-2.7450641239099838,-2.6094120901405335
2016-07-13,4.840690900604356,-2.7255224404409857,-2.626900767801332
2016-07-14,4.84017592268077,-2.7109477335129397,-2.6438224863685265
2016-07-15,4.841585287308991,-2.6963451258372806,-2.6686167890265446
2016-07-18,4.8417510613770816,-2.6839670512641685,-2.6895283360661533
2016-07-19,4.8401169914254805,-2.6615428577520754,-2.5051362188021082
2016-07-20,4.830771533268575,-2.64259916442721,-2.439733583167646
2016-07-21,4.819760787555012,-2.624036479131769,-2.3965337428060653
2016-07-22,4.807838743227834,-2.6075831674311503,-2.369799493716888
2016-07-25,4.805188169545502,-2.5874848034559728,-2.4375638784659586
2016-07-26,4.802248369077642,-2.569366136842111,-2.467902408465252
2016-07-27,4.799630022275766,-2.552909438905852,-2.498587400891361
2016-07-28,4.796426172748541,-2.538102801534444,-2.5149884755318057
2016-07-29,4.800428467085287,-2.5306437204411196,-2.472446649231524
2016-08-01,4.801420370287668,-2.5239443117769484,-2.4654171258666175
2016-08-02,4.801144472844928,-2.519739196605186,-2.470897207540013
2016-08-03,4.797053878231668,-2.509480729813819,-2.3838818250475575
2016-08-04,4.792236775368887,-2.5025331254346908,-2.35164756429564
2016-08-05,4.786265977293374,-2.495523029416211,-2.282190586084699
2016-08-08,4.777949973998415,-2.481146905815055,-2.1926702357396355
2016-08-09,4.768924366225926,-2.4758932122024317,-2.218018919374935
2016-08-10,4.76231248547975,-2.468848620943128,-2.2080168710090655
2016-08-11,4.754747923446438,-2.4541804858416594,-2.101669417405634
2016-08-12,4.752641716130392,-2.447022045016523,-2.0316077828717325
2016-08-15,4.747726380228404,-2.440718003854523,-1.999223313833521
2016-08-16,4.742373692913474,-2.4354269324499542,-1.9810838827793842
2016-08-17,4.74024791741909,-2.427711078612659,-1.9786760274192294
2016-08-18,4.737511611836022,-2.420825575949452,-1.9772591446820582
2016-08-19,4.734461507548098,-2.4144120219006497,-1.976048682566942
2016-08-22,4.731374807517561,-2.4089008839706225,-1.9736497651167744
2016-08-23,4.727872767228225,-2.4034586044475676,-1.965083475298291
2016-08-24,4.725709010290183,-2.3967837223363944,-1.9636979364194291
2016-08-25,4.722723124387859,-2.3905881460415355,-1.903576974214282
2016-08-26,4.7233728957282395,-2.3895688223306712,-1.8537951705002993
2016-08-29,4.722285257383635,-2.3886787338556283,-1.835376368885957
2016-08-30,4.720284577576596,-2.3888061256847393,-1.825862384759044
2016-08-31,4.718195125108454,-2.388421233346344,-1.816639012916677
2016-09-01,4.7167513381441015,-2.3866074235396835,-1.7518380275809255
2016-09-02,4.711293127128515,-2.384561869634347,-1.7048797923814663
2016-09-05,4.705557538275408,-2.383547100547096,-1.6828630539004448
2016-09-06,4.707280641745198,-2.385978645057613,-1.608267907900629
2016-09-07,4.707811733176464,-2.390327163520711,-1.5636883032946467
2016-09-08,4.7069192548322345,-2.393334843279354,-1.5276547297091385
2016-09-09,4.709189471384067,-2.3994937240683254,-1.5751138156153905
2016-09-14,4.713882350630945,-2.4062903083927494,-1.5965808058095083
2016-09-15,4.7190805281928405,-2.4118645385323463,-1.6060946040873119
2016-09-16,4.723451421377801,-2.417802462417515,-1.5607929173722557
2016-09-19,4.724994833997983,-2.423095088625932,-1.5358534005465545
2016-09-20,4.727184020901289,-2.4280567185118267,-1.550491867576903
2016-09-21,4.729320739894896,-2.4322226645054745,-1.5570823109953387
2016-09-22,4.730150901091109,-2.437478190391798,-1.5562251572860042
2016-09-23,4.736625105352321,-2.4462795269576394,-1.5132239666129699
2016-09-26,4.740674904438177,-2.454901955522457,-1.5066573124059526
2016-09-27,4.744479018772442,-2.4624350964569808,-1.506153871758113
2016-09-28,4.748269274356714,-2.468708498926067,-1.5091918384989955
2016-09-29,4.752354784200297,-2.476631104703499,-1.5872390718874316
2016-09-30,4.759086430212857,-2.4823236057862292,-1.617623037816118
2016-10-04,4.765175251931493,-2.4883696263947512,-1.6142857846171648
2016-10-05,4.767304489354492,-2.497840168789992,-1.6254391543364088
2016-10-06,4.771752583386888,-2.507619376418026,-1.6472149957523203
2016-10-07,4.779096093833651,-2.516290238073655,-1.6653262784272709
2016-10-10,4.7842668171880725,-2.523737015305442,-1.7091424325225513
2016-10-11,4.7878389609040495,-2.5302972326275857,-1.7793313861394737
2016-10-12,4.794004539599992,-2.5427568656800794,-1.7458928953312483
2016-10-13,4.800162532084507,-2.5543984395370205,-1.804211794293566
2016-10-14,4.8020289876229265,-2.5642200778980544,-1.787440162401274
2016-10-17,4.805195430690459,-2.5746793763789775,-1.8540387920703043
2016-10-18,4.8104608990853075,-2.5884335768606395,-1.9048597680970785
2016-10-19,4.817106980248555,-2.5997041582836222,-1.9176127622961427
2016-10-20,4.823260112034141,-2.610212993235601,-1.924911294550733
2016-10-21,4.827397115471907,-2.619239737567779,-2.018492317991407
2016-10-24,4.832663095228609,-2.6269394054793835,-2.0834948106214313
2016-10-25,4.843961287521652,-2.6370716363354796,-2.069641776298449
2016-10-26,4.8534069960243595,-2.647428768381816,-2.0695381450665864
2016-10-27,4.861310167023893,-2.657919483847323,-2.080659108318877
2016-10-28,4.8642786007354,-2.665415708667598,-2.152342047833467
2016-10-31,4.872750647508277,-2.6711545254244027,-2.108374568215203
2016-11-01,4.878022697985328,-2.678581245672877,-2.1174411029133973
2016-11-02,4.884971205717065,-2.684805204919211,-2.129703076801358
2016-11-03,4.890955794125234,-2.6906241033896054,-2.1574341707977696
2016-11-04,4.892860169641291,-2.6934876975312543,-2.1963743413395993
2016-11-07,4.894239487241436,-2.696108233299374,-2.2162745297999824
2016-11-08,4.897731466095908,-2.6971815859977353,-2.2302606448216733
2016-11-09,4.901055720572949,-2.6949575997274193,-2.238066135486133
2016-11-10,4.903868168029621,-2.693212514854985,-2.2419562055609528
2016-11-11,4.9066807855316625,-2.6949975151238243,-2.218414133501329
2016-11-14,4.90815885495723,-2.6979258073521204,-2.253562659293428
2016-11-15,4.909993249108093,-2.6985730684034355,-2.243643279362805
2016-11-16,4.909355299739458,-2.696494847803639,-2.2678280461278306
2016-11-17,4.910145728103106,-2.696903643642046,-2.3010331518642877
2016-11-21,4.911475191998119,-2.696838752395298,-2.3116318089509833
2016-11-22,4.9124820400744476,-2.6954387004331974,-2.307822283177798
2016-11-23,4.9042178210635985,-2.6899411823049553,-2.3319541466052556
2016-11-24,4.897393847160002,-2.6835813821475343,-2.31813879011884
2016-11-25,4.890964667355527,-2.6764672316236218,-2.2978252629786806
2016-11-28,4.886351165231261,-2.669937126287186,-2.304083526426156
2016-11-29,4.882398533003322,-2.6631089038315827,-2.3034718151132485
2016-11-30,4.879206152819083,-2.659976385633948,-2.3231130963055997
2016-12-01,4.876734066626259,-2.6575945173848625,-2.327390885721062
2016-12-02,4.874668540534434,-2.655843844311491,-2.321832605278813
2016-12-05,4.872101428004053,-2.653038568835826,-2.2999192623207065
2016-12-06,4.868767794603587,-2.6512961185293347,-2.2869778963504324
2016-12-07,4.865984366796725,-2.6480618266583615,-2.2355162474173675
2016-12-08,4.862301675173132,-2.647038535360833,-2.2476333633055154
2016-12-09,4.8707596604587415,-2.652910823715707,-2.1839705590164624
2016-12-14,4.877184265459148,-2.658783364339029,-2.1710494239472586
2016-12-15,4.88054552326711,-2.659335704502734,-2.062062698058052
2016-12-16,4.888009983239977,-2.665222738558965,-1.940266940339904
2016-12-19,4.892496238439711,-2.666244090472245,-1.9015106292086021
2016-12-20,4.8947272859124435,-2.6671289345083364,-1.870643166824273
2016-12-21,4.89810710900233,-2.6654758902067814,-1.923423999786348
2016-12-22,4.9029060636129325,-2.6603578249181097,-1.9329920321585687
2016-12-23,4.907846872361807,-2.6542756540211783,-1.9287916499528148
2016-12-27,4.91075090689136,-2.648343723171681,-1.9274621458806411
2016-12-28,4.911451592645901,-2.6434088934341338,-1.930745433025722
2016-12-29,4.912186067971801,-2.63945010669934,-1.9704487540227353
2016-12-30,4.909195642126502,-2.634657243918828,-1.951330309338769
2017-01-02,4.907970749274641,-2.634340793346411,-2.0084131192534893
2017-01-03,4.909116042415892,-2.6346161124362952,-2.0359236365438615
2017-01-04,4.911827258305358,-2.633596501648169,-2.0448414934268286
2017-01-05,4.912945975339201,-2.63119931950185,-2.0612606040391492
2017-01-06,4.912257169311208,-2.625606947635517,-2.02376075254786
2017-01-09,4.914516797040833,-2.6222885423741076,-2.0216589407476735
2017-01-10,4.915741069622968,-2.61801162160176,-2.010227026056806
2017-01-12,4.916199244245757,-2.612226340514388,-2.000649762992432
2017-01-13,4.915560578393011,-2.605633684730925,-1.9916949818579976
2017-01-16,4.913739413276724,-2.5995390511737337,-1.9368048724010363
2017-01-17,4.910930432966565,-2.593787352239311,-1.9827975983975614
2017-01-18,4.908111532361182,-2.5862610389831793,-1.908816661749646
2017-01-19,4.8991901667098325,-2.57637382583307,-1.879503093012011
2017-01-20,4.894704816493174,-2.5724215105820982,-1.813035523795851
2017-01-23,4.889282468777498,-2.572350534165402,-1.8135445760727147
2017-01-24,4.885501739938887,-2.5683885661960506,-1.7768889686555942
2017-01-25,4.877347003385316,-2.560960495237967,-1.6721979729414502
2017-01-26,4.8687522381905515,-2.558942623453367,-1.6621068713904712
2017-01-27,4.862817485595718,-2.553940055292389,-1.6408073181519396
2017-01-30,4.851384263012896,-2.5468051051238088,-1.662289106237122
2017-01-31,4.841989355385262,-2.540168646452483,-1.6592895100988128
2017-02-01,4.836150436374641,-2.528380232030595,-1.6370087042928456
2017-02-02,4.828506532503128,-2.5210164484926727,-1.6402058986545374
2017-02-03,4.821917480668203,-2.513995129162067,-1.6571044826982495
2017-02-06,4.8167543576369924,-2.5076734337501274,-1.658236983443922
2017-02-07,4.811179631426833,-2.50068928779756,-1.6448404231387967
2017-02-08,4.805054170126685,-2.4962019992086595,-1.6341710384391206
2017-02-09,4.7985198958949695,-2.4917058952766924,-1.6192850867789612
2017-02-10,4.791887254777389,-2.487973097542265,-1.576534513575294
2017-02-13,4.7849748934369885,-2.486527652254032,-1.598266886975326
2017-02-14,4.780030512079511,-2.484582160906388,-1.5947136271320506
2017-02-15,4.792774856068289,-2.499497158585408,-1.4324683944658165
2017-02-16,4.792243004299971,-2.5087601332046305,-1.419307324862114
2017-02-17,4.792132804710647,-2.516760654071249,-1.406639806913856
2017-02-20,4.790874362798207,-2.5260870925951107,-1.4092812642096904
2017-02-21,4.788901581032278,-2.531055786768907,-1.4075590151587551
2017-02-22,4.786050287092391,-2.54108700660261,-1.4143574214604353
2017-02-23,4.785270680153766,-2.548855127965082,-1.4400801117035347
2017-02-24,4.7861304175868105,-2.5553283802807307,-1.445866639935287
2017-02-27,4.787245038620352,-2.559584824449652,-1.427040419043967
2017-02-28,4.787207037499834,-2.5641507283057163,-1.4248368365468946
2017-03-01,4.797845061226845,-2.5767006415883604,-1.397694175185748
2017-03-02,4.8057884541004965,-2.59163803509358,-1.3785847482563958
2017-03-03,4.80978334603716,-2.6016782185301994,-1.4839243083421332
2017-03-06,4.81668372094002,-2.612100283415227,-1.5310360811220651
2017-03-07,4.830047339300371,-2.624933352572617,-1.5033200685733996
2017-03-08,4.841145109441606,-2.637950632669781,-1.5222116168931943
2017-03-09,4.855328429055464,-2.6529551427637186,-1.5707130824295137
2017-03-10,4.863672749829291,-2.6622994063675116,-1.6156235351859134
2017-03-13,4.872058065191671,-2.67252128265436,-1.659889183265847
2017-03-14,4.880295886594133,-2.6811019123910675,-1.6850884337603167
2017-03-15,4.887498258809994,-2.689264381575698,-1.673078311875667
2017-03-16,4.8934888249653925,-2.6972470203566243,-1.678505421850863
2017-03-17,4.90257097837469,-2.700204885043451,-1.6863570227516227
2017-03-20,4.907055718304645,-2.707192156122439,-1.671373644718394
2017-03-21,4.910587559215956,-2.7152885560190976,-1.6844850732397643
2017-03-22,4.913272548322088,-2.723145364536881,-1.6586582530379195
2017-03-23,4.915136048174779,-2.7292870551143364,-1.6479590576457332
2017-03-24,4.913733116992225,-2.7314265064208834,-1.6578763110259926
2017-03-27,4.914480042283789,-2.7322087405203788,-1.6533949341627945
2017-03-28,4.914691619907801,-2.7332214790969864,-1.67486937068194
2017-03-29,4.919787111963547,-2.7350207520175918,-1.6981512858427532
2017-03-30,4.925062039165757,-2.7373012208856555,-1.722884049497868
2017-03-31,4.9296952426332545,-2.737874785520291,-1.7482388693359783
2017-04-03,4.936994350283584,-2.7397509898814816,-1.8322526658679574
2017-04-04,4.944495243221718,-2.7415185882594426,-1.7952314822488307
2017-04-05,4.950618895131811,-2.7401885249311575,-1.7920104430220563
2017-04-06,4.955103336439986,-2.7395394164221276,-1.7947243201091525
2017-04-07,4.957488089952758,-2.738825835889226,-1.8266932922403276
2017-04-10,4.959966577583618,-2.738142226706011,-1.8368349274505105
2017-04-11,4.962460903460269,-2.736463896289899,-1.8324159220823697
2017-04-12,4.963877457564439,-2.7372416146816767,-1.8481577573728436
2017-04-13,4.964336042120615,-2.733363132575217,-1.8141455438014635
2017-04-18,4.9650799459406745,-2.7353538497755174,-1.8755197549436518
2017-04-19,4.965075151448006,-2.736576481448557,-1.903120638300458
2017-04-20,4.965974724645677,-2.736283905003051,-1.9064816226902432
2017-04-21,4.965215979733574,-2.7369575327748636,-1.8956245780001986
2017-04-24,4.963931031373351,-2.7374626860117885,-1.886589937865655
2017-04-25,4.963763010482381,-2.739305813103054,-1.8688050817781308
2017-04-26,4.972256915139652,-2.7472827134406748,-1.8194859962825558
2017-04-27,4.977037379477198,-2.7542886402776667,-1.7916014318769706
2017-04-28,4.9802818284206465,-2.760717016986853,-1.7864406549586693
2017-05-02,4.993742069251848,-2.775470252747146,-1.70230721789151
2017-05-03,5.000959265840299,-2.789019412068397,-1.665778902599876
2017-05-04,5.0107649152508955,-2.800547129007234,-1.6838862186176182
2017-05-05,5.015247594841736,-2.8066347192890473,-1.759987004305163
2017-05-08,5.023277758338823,-2.8136104505732646,-1.7758739959052139
2017-05-09,5.026524391954047,-2.8234345551961018,-1.77213522240621
2017-05-10,5.037233284841182,-2.83258201572617,-1.7392548014273104
2017-05-11,5.041129114221282,-2.8420686176082817,-1.7563979003010572
2017-05-12,5.047138699514467,-2.8515847590020984,-1.709642252049345
2017-05-15,5.0535620160627515,-2.8597861763515313,-1.724134205925172
2017-05-16,5.061153294732578,-2.8696261770534126,-1.6710271305503421
2017-05-17,5.065832715160084,-2.8782649140884082,-1.645387034795726
2017-05-18,5.074983436669608,-2.8897927456718713,-1.6664507959203612
2017-05-19,5.083244146664116,-2.9001642634252343,-1.7118292141177254
2017-05-22,5.092226474131026,-2.9105733436205554,-1.7326298836496918
2017-05-23,5.100293330210242,-2.921273811082925,-1.7242508597980513
2017-05-24,5.106420655800344,-2.9318269551123146,-1.7121487335254044
2017-05-25,5.113005534027221,-2.939906528120897,-1.7093415433975605
2017-05-26,5.120381421318085,-2.9505085652120098,-1.7329471444735403
2017-05-29,5.128419257600646,-2.9587857729973983,-1.7505455659885298
2017-05-30,5.13610810612314,-2.9662522079639935,-1.769510628280326
2017-05-31,5.143464056877716,-2.973113325665097,-1.7864536632846777
2017-06-01,5.144890482658711,-2.972708020171254,-1.8410276491296231
2017-06-02,5.154104377949553,-2.977492039100443,-1.8069528052040276
2017-06-05,5.160606817682567,-2.981238587132819,-1.8291798958968755
2017-06-06,5.166845412914127,-2.985840290579499,-1.8506148259404465
2017-06-07,5.176548107909665,-2.9929978490746705,-1.847907703752439
2017-06-08,5.184645954154783,-2.9996950783560896,-1.8573079730385091
2017-06-09,5.184954237842482,-3.0002008771733393,-1.9183735732209821
2017-06-12,5.187943033257076,-2.9994794739554176,-1.9468813602776973
2017-06-13,5.191297673482728,-2.9980026345554847,-1.963305456300623
2017-06-14,5.1950599667553155,-2.9954913211345806,-1.9731883901857192
2017-06-15,5.197907725321507,-2.993058118568532,-1.9853151897687171
2017-06-16,5.197075786912039,-2.991462685720132,-2.0081731008594885
2017-06-19,5.20244594852248,-2.989502158823208,-1.9880219793452627
2017-06-20,5.206563300640985,-2.988641083233904,-2.0002016234972055
2017-06-21,5.209720350772242,-2.987753504521704,-2.0105185795397755
2017-06-22,5.213448165213784,-2.9841810275635177,-2.0150090659862765
2017-06-23,5.218245843928158,-2.9822167447800685,-1.938223643794304
2017-06-28,5.222694030991011,-2.9795398572191227,-1.9316706316937917
2017-06-29,5.2254844303854115,-2.9784382610459663,-1.9332812739698506
2017-06-30,5.22398416579699,-2.974271790473438,-2.0002379243916466
2017-07-03,5.224525602940145,-2.9709023721694803,-2.027872445928096
2017-07-04,5.230444558071555,-2.9713826297974286,-2.0400593527075643
2017-07-05,5.2345444669942145,-2.967592730203998,-2.0111207591950375
2017-07-06,5.236403962404743,-2.964916874205204,-2.0081877516532884
2017-07-07,5.233217951261191,-2.9628043034583555,-2.017192635147189
2017-07-10,5.230970694559966,-2.9608980064015573,-2.018021311391591
2017-07-11,5.23579837302089,-2.9591710562307507,-2.0088569367276166
2017-07-12,5.23894700999735,-2.959195722313528,-1.991593239815864
2017-07-13,5.241647341985102,-2.959354997738518,-2.0222695568541185
2017-07-14,5.245421607712843,-2.9573541529258147,-2.0353617375000113
2017-07-17,5.246734843023496,-2.95489276400125,-2.020607658191831
2017-07-18,5.247074979508113,-2.952988552279266,-2.0185613039523367
2017-07-19,5.244741148822577,-2.9507070768006396,-2.0375647601867186
2017-07-20,5.2435596923755785,-2.949234296366092,-2.0533826514764493
2017-07-21,5.241765939383806,-2.9451779522431614,-2.0662646669877205
2017-07-24,5.238731625864036,-2.9449354350735355,-2.087497724716685
2017-07-25,5.240411591983534,-2.94626665666893,-2.068134912245817
2017-07-26,5.242119319905409,-2.945580550970923,-2.0521115619550474
2017-07-27,5.242450208461718,-2.945951839500093,-2.0679353922791606
2017-07-28,5.243307835940099,-2.9461688116060376,-2.0765041755117983
2017-07-31,5.2432599544090825,-2.9460329177644837,-2.0759846754694724
2017-08-01,5.243009674448784,-2.9456364696146675,-2.0745964993670065
2017-08-02,5.243586879260176,-2.9466898104547523,-2.0589427261079853
2017-08-03,5.242420327598739,-2.948090030509566,-2.0613497284030267
2017-08-04,5.2415134528434075,-2.9489033443642643,-2.057692877926956
2017-08-07,5.241648373493702,-2.950282811180964,-2.0578568015360883
2017-08-08,5.241990938502271,-2.951553312019033,-2.057881002161399
2017-08-09,5.2411602176203225,-2.9501608630212908,-2.0680862732072276
2017-08-10,5.240657176625118,-2.949691635342973,-2.0790516548421363
2017-08-11,5.240468386336684,-2.9491610830556474,-2.078639869389976
2017-08-15,5.240162290104267,-2.947936051346853,-2.0768661521464002
2017-08-16,5.239868629594509,-2.9473922739547995,-2.075742929815312
2017-08-17,5.239290724371206,-2.946952631902134,-2.0713272671573995
2017-08-18,5.238303861984968,-2.9467622660402646,-2.066884705042825
2017-08-22,5.237494341780538,-2.9453935853258066,-2.0635798121114552
2017-08-23,5.236772354446079,-2.9443611349062775,-2.0626761322811014
2017-08-24,5.232948156859345,-2.9458768739077623,-2.053291758400273
2017-08-25,5.22938280804552,-2.9467672551150486,-2.0388178312943004
2017-08-28,5.226124440816379,-2.9480435510689054,-2.02628210406681
2017-08-29,5.2236751251489215,-2.949137112072032,-2.018904442579308
2017-08-30,5.222111389854821,-2.9485022099061444,-2.009684745893204
2017-08-31,5.221526269102341,-2.9478956466949526,-2.012297408185221
2017-09-04,5.220296120646804,-2.9461944505766384,-2.0306119899234734
2017-09-05,5.222626132554388,-2.9442532810046425,-2.0575070489741174
2017-09-06,5.2228752567799015,-2.943173877235928,-2.059395759500529
2017-09-07,5.22312770792219,-2.9423342457538086,-2.0655648411146474
2017-09-08,5.222310457026183,-2.9426576095373393,-2.066250941113698
2017-09-11,5.222165290539967,-2.942347108757046,-2.066458865001274
2017-09-12,5.222434280869999,-2.941670332487738,-2.0666486004988274
2017-09-13,5.2227033652602195,-2.9416059879525025,-2.067275191387739
2017-09-14,5.2223479642565875,-2.9410312462179227,-2.081961879714224
2017-09-15,5.220037297051196,-2.9418063327062476,-2.1067663783174186
2017-09-18,5.219079425773143,-2.9413365941126925,-2.100738305029627
2017-09-19,5.217461377096635,-2.942571444769751,-2.100233747364411
2017-09-20,5.214517514160154,-2.942634638218315,-2.1036928408978817
2017-09-21,5.212526193085561,-2.9437359001560974,-2.104914758627392
2017-09-25,5.211877731009511,-2.9449028864332467,-2.108423848801666
2017-09-26,5.211849458491828,-2.946956716934179,-2.129157095172706
2017-09-27,5.205294120924702,-2.944173589133696,-2.16767771765467
2017-09-28,5.202332138155436,-2.9434630828283836,-2.170308214680569
2017-09-29,5.199734639875383,-2.943101015259303,-2.2046870314615115
2017-10-02,5.1986424489829925,-2.9424627952219464,-2.2140468032714136
2017-10-03,5.194247902486764,-2.9380614494331874,-2.2265542134961023
2017-10-04,5.189976297993893,-2.935205814456744,-2.229180383384069
2017-10-05,5.185816053041495,-2.9317317206667046,-2.231036972588749
2017-10-06,5.179188655923958,-2.925992511857219,-2.2606278163628426
2017-10-09,5.174912601546516,-2.9220534680369425,-2.271033677057187
2017-10-10,5.1703564548773615,-2.919419314806315,-2.2835711935017002
2017-10-11,5.166724423816085,-2.916611589458716,-2.280613851781129
2017-10-12,5.165508886092819,-2.9159929643111795,-2.2577595033627498
2017-10-13,5.162940375742237,-2.9148737444344595,-2.2714852567631185
2017-10-16,5.160776687425604,-2.912343962140465,-2.2675062694301626
2017-10-17,5.1598873045643305,-2.9103022483538177,-2.2791857102768778
2017-10-18,5.155480403635579,-2.91015325144903,-2.2821113686215817
2017-10-19,5.151849699509478,-2.9100932521568152,-2.261901295798419
2017-10-20,5.148153022364167,-2.9068847708143863,-2.2741005277791952
2017-10-23,5.144925902075301,-2.9055632223963612,-2.27003076721986
2017-10-24,5.14151833386027,-2.9043323901110956,-2.2568948031047644
2017-10-25,5.13855172583878,-2.9032424519229507,-2.242389627651178
2017-10-26,5.135962459227964,-2.902244903163395,-2.2250811945434026
2017-10-27,5.135354591817106,-2.9012361058598994,-2.200981448104132
2017-10-30,5.132711586302721,-2.899775110518261,-2.180113028986211
2017-10-31,5.129149542408102,-2.8984887557647685,-2.165351436402702
2017-11-01,5.125941163420618,-2.8961104648904157,-2.1245023335606628
2017-11-02,5.122071151211356,-2.8939696044570757,-2.104626320920248
2017-11-03,5.118851529230468,-2.8921353841194963,-2.1014225100995345
2017-11-07,5.115844006420958,-2.8899271906688964,-2.094565087801577
2017-11-08,5.11256158309013,-2.8883365329879895,-2.0870601503940325
2017-11-09,5.109986693595468,-2.886904847190594,-2.119412207859006
2017-11-10,5.109187140109042,-2.885049971824999,-2.103993310313026
2017-11-13,5.106663095966772,-2.8824511431152002,-2.1026237253952273
2017-11-14,5.103855582126788,-2.8805254025170135,-2.095316592316149
2017-11-15,5.101759866037901,-2.8780763595633077,-2.0920953928343478
2017-11-16,5.099528068720064,-2.875439564349805,-2.089190890224376
2017-11-17,5.100597805413475,-2.875314751661845,-2.0542224554393664
2017-11-20,5.100565977242351,-2.8746782748371995,-2.029917790366941
2017-11-21,5.100390645973574,-2.8724485788267917,-2.016949168886204
2017-11-22,5.098296159786459,-2.8725882941227034,-2.0158687585670165
2017-11-23,5.096684523809628,-2.8713808708215938,-2.0044087389063954
2017-11-24,5.095502999056697,-2.870233278482197,-1.9988270951961207
2017-11-27,5.094511454627177,-2.8690044887545882,-1.9969555545297766
2017-11-28,5.094047405620247,-2.867361155176617,-1.9974781419630432
2017-11-29,5.093513368948877,-2.865853824516825,-1.998006232465715
2017-11-30,5.09290902116131,-2.8642368339332323,-1.9792556737708211
2017-12-04,5.090790167947927,-2.861828094554281,-1.9751860155233658
2017-12-05,5.088825020649211,-2.859424895752007,-1.985136653430307
2017-12-06,5.08565887061763,-2.8543397909053274,-1.9908064070808296
2017-12-07,5.082528293614253,-2.849911113539165,-1.9951820961548898
2017-12-08,5.0813045426234025,-2.845834187029001,-1.9728560738720347
2017-12-11,5.079323637547149,-2.842438041803482,-1.9645436079397718
2017-12-12,5.077229468495409,-2.837375450914194,-1.9594391508281568
2017-12-13,5.073026234718578,-2.833723932702541,-1.9572328656074014
2017-12-14,5.070226960718893,-2.828380788812556,-1.9508564411032552
2017-12-15,5.067366060855428,-2.8224614516734516,-1.956134770998049
2017-12-18,5.06442617092389,-2.814617125429764,-1.9435508925869307
2017-12-19,5.063035939502352,-2.804430520812268,-1.9297041414129783
2017-12-20,5.05839832300185,-2.7957770340781996,-1.890850435192933
2017-12-21,5.054233717043024,-2.7877901148843396,-1.9073553794307336
2017-12-22,5.053137986631866,-2.7834809053625307,-1.8724444680015246
2017-12-27,5.050123617195884,-2.774608165702628,-1.8144560551646995
2017-12-28,5.046524139033151,-2.7620971663474445,-1.8432117710908222
2017-12-29,5.0492212272717465,-2.76011017402243,-1.8402964303413396
2018-01-02,5.051063096260719,-2.75876413479718,-1.8450001476889808
2018-01-03,5.050426093307567,-2.756373194554573,-1.9017208749881143
2018-01-04,5.0498255776688765,-2.7503642952865293,-1.8694427953940276
2018-01-05,5.047637719856922,-2.745362498027304,-1.857561824806004
2018-01-08,5.045544390376584,-2.7393819289178913,-1.8066606259481477
2018-01-09,5.041845159847553,-2.7341417911697965,-1.787408782450812
2018-01-10,5.037826247968077,-2.730352186708205,-1.8269939260974537
2018-01-12,5.036287402692343,-2.727036915116001,-1.813704987730378
2018-01-15,5.032825989616606,-2.7240504438019926,-1.7992996394394034
2018-01-16,5.029514244896338,-2.7221096573736236,-1.76063400119553
2018-01-17,5.0258462005632,-2.7168098637513016,-1.7355575837065362
2018-01-18,5.025644191334616,-2.712003041408949,-1.6889590834948975
2018-01-19,5.024058587993489,-2.706090088645649,-1.6485812334909917
2018-01-22,5.0172729705998655,-2.6992039873683393,-1.6579843618760195
2018-01-23,5.012552959904942,-2.69353938298924,-1.6701563588644577
2018-01-24,5.009001671758318,-2.68809025633381,-1.6734535457370716
2018-01-25,5.0042647263065305,-2.6852767272632603,-1.6673834142620776
2018-01-26,5.002699254301208,-2.69012389211174,-1.7154712763960607
2018-01-29,5.001890389726095,-2.688396940800299,-1.6623020204888825
2018-01-30,4.999298993560016,-2.6867353394610958,-1.6106582621281167
2018-01-31,4.996377755230518,-2.6860125174873892,-1.6270568068916842
2018-02-01,4.9936894877863836,-2.687739603734827,-1.6443555961775167
2018-02-02,4.992780364875664,-2.6889915040665393,-1.6470730136920433
2018-02-05,4.992081560796947,-2.6927455849234314,-1.6661075205595692
2018-02-06,4.99294459294028,-2.694680923370702,-1.6697737232034777
2018-02-07,4.9927618195969705,-2.6983075891751866,-1.671800554607956
2018-02-08,4.992903181447386,-2.7014115264293332,-1.6698899403456582
2018-02-09,4.995003346235786,-2.7075663660040727,-1.7007901947041897
2018-02-12,4.998490606089678,-2.7128722865971104,-1.713481168336865
2018-02-13,5.00254181486277,-2.717206917333513,-1.7223495311987227
2018-02-14,5.006655532527473,-2.721298686156643,-1.732729200751533
2018-02-15,5.0135047422105234,-2.7298153074676237,-1.7623765328956076
2018-02-16,5.0205478070316385,-2.7374094277055843,-1.7661784698031227
2018-02-19,5.027579326598574,-2.744791138383852,-1.8151837261209287
2018-02-20,5.034502467974525,-2.752517441488754,-1.8366592217364663
2018-02-21,5.039899368857114,-2.7566868449333994,-1.8372921141397598
2018-02-22,5.044570318035856,-2.7613441139779216,-1.850364637178714
2018-02-23,5.0488105869780115,-2.7674016789749256,-1.8852151608402075
2018-02-26,5.054141936802292,-2.772864864374088,-1.8969505767525616
2018-02-27,5.05437957824029,-2.774975259013185,-1.9449113394209212
2018-02-28,5.05611156901402,-2.7767479874384,-1.9619333966393169
2018-03-01,5.058232594726928,-2.778157937854109,-1.9751349797157838
2018-03-02,5.063832085394154,-2.783621975034605,-1.96325233828943
2018-03-05,5.066341365089125,-2.7895853758208444,-1.9804837664576058
2018-03-06,5.066796844395661,-2.796870599357426,-1.976709818756203
2018-03-07,5.065933814465581,-2.8036883976138185,-1.9493882585353555
2018-03-08,5.065445661363455,-2.807880887219724,-1.9218784424122557
2018-03-09,5.060492767306074,-2.81051626334015,-1.9158740310897315
2018-03-12,5.058986135491106,-2.8107008970936502,-1.912999704419351
2018-03-13,5.055549349786211,-2.8156101185578484,-1.9235929691696867
2018-03-14,5.053607576621217,-2.819471604848918,-1.9356789273045374
2018-03-15,5.0511791871093905,-2.8213065969308326,-1.9422372472185652
2018-03-16,5.050977314331133,-2.821232425588113,-1.8957285666943113
2018-03-19,5.049315686931896,-2.8183260316171324,-1.9480696764066119
2018-03-20,5.048719902281146,-2.8184138557766074,-1.9424127846689443
2018-03-21,5.045601071033015,-2.818650876647415,-1.970435584232029
2018-03-22,5.044898051915833,-2.817294919908217,-1.9761434763612118
2018-03-23,5.04700640656447,-2.8165363508898005,-1.9585807956561028
2018-03-26,5.049889238385122,-2.8174814230687923,-1.9495458820200589
2018-03-27,5.052450077408084,-2.8176284303616232,-1.915587612295111
2018-03-28,5.054560742066592,-2.820034734909399,-1.9506201674370298
2018-03-29,5.05750022427891,-2.8221196712556424,-1.9634114563593372
2018-04-03,5.0606861063220725,-2.823164119882067,-1.9846158736685677
2018-04-04,5.064445463341801,-2.8236557113736227,-1.9874115921122824
2018-04-05,5.066795680282261,-2.825226308544241,-1.998253738429279
2018-04-06,5.069067992369165,-2.8232987442914417,-1.9714768178313924
2018-04-09,5.069841608195899,-2.822770948800894,-1.9742289293309445
2018-04-10,5.07117354411875,-2.8216528789225626,-1.9830721472583885
2018-04-11,5.072213966667234,-2.8209474121670146,-1.9898941644467063
2018-04-12,5.073066954494195,-2.8201327793010322,-1.992360027637604
2018-04-13,5.0732410735771065,-2.81615508961687,-1.9817124473206056
2018-04-16,5.073690005557079,-2.814540801008449,-2.0089122833682214
2018-04-17,5.074714805353494,-2.813011800839427,-2.0163522167284014
2018-04-18,5.074585409479214,-2.8100706794189168,-2.021979694633538
2018-04-19,5.074043681798987,-2.8079138332815052,-2.031414183871914
2018-04-20,5.073442662239972,-2.805879933461166,-2.0252371340355237
2018-04-23,5.0731743635405975,-2.8041167440756287,-2.024019145238023
2018-04-24,5.07235171418349,-2.8006609685411603,-2.0089593976062488
2018-04-25,5.071504390080796,-2.7983313042045146,-2.054853044848195
2018-04-26,5.071995494123221,-2.7966244258601107,-2.080134217746337
2018-04-27,5.074181426031801,-2.797041299268177,-2.0704467114657223
2018-04-30,5.075357452141606,-2.797033083551421,-2.0805793174690415
2018-05-02,5.07682845897146,-2.7972002512955076,-2.0883193064566448
2018-05-03,5.078215746055227,-2.7973490067432203,-2.094060606593404
2018-05-04,5.080370578603654,-2.7966829022188335,-2.102866174791473
2018-05-07,5.0819784040880185,-2.7956835199555705,-2.1037919279493464
2018-05-08,5.083018016606307,-2.7950296045225147,-2.1096195206757944
2018-05-09,5.083976588107796,-2.7948083728254947,-2.1138481285299537
2018-05-10,5.085265020420146,-2.7932645545469437,-2.12873797800311
2018-05-11,5.0857492773340764,-2.7919560529508725,-2.120309712597349
2018-05-14,5.0861911257069465,-2.7911919072939657,-2.1352782378057777
2018-05-15,5.087243203382822,-2.7894623817398903,-2.134410736225672
2018-05-16,5.087771783699196,-2.788513665821714,-2.129212975209848
2018-05-17,5.088227899429311,-2.7881758837780377,-2.1393025637383207
2018-05-18,5.088980314747563,-2.787895122097217,-2.1451092547532946
2018-05-21,5.089683577432454,-2.786608210420409,-2.1411798881769797
2018-05-22,5.090633961255597,-2.785450185402847,-2.152549076931008
2018-05-23,5.091489254147492,-2.783650049100789,-2.1444765397089647
2018-05-24,5.092093071147297,-2.7813895325061213,-2.144348963665491
2018-05-25,5.09184336802563,-2.778688013480872,-2.1375193036938094
2018-05-28,5.091204352890417,-2.775486203743664,-2.1409656329080304
2018-05-29,5.090021017774695,-2.772736223912232,-2.143876633738568
2018-05-30,5.08981790906689,-2.7692746785758096,-2.164074176455884
2018-05-31,5.089805406767412,-2.7662138229169715,-2.1742052864200394
2018-06-01,5.088990231967979,-2.7607214470580375,-2.1358420275396566
2018-06-04,5.086724493713038,-2.7568782694260165,-2.148918872650042
2018-06-05,5.085070267070045,-2.7538123052567895,-2.1544601630425397
2018-06-06,5.08231916308489,-2.751974780078242,-2.1512339298253864
2018-06-07,5.077943593795438,-2.751632760399922,-2.0912595610919817
2018-06-08,5.072714543854279,-2.7513455818516985,-2.0580690665322847
2018-06-11,5.06890153983345,-2.75131918505617,-2.07207821367749
2018-06-12,5.066732266950463,-2.7514526928464935,-2.0719942720928457
2018-06-13,5.06756131521834,-2.7525028601931587,-2.061741976921219
2018-06-14,5.067647822935714,-2.7518785676018083,-2.047373716106293
2018-06-18,5.066137733527775,-2.74968058309593,-2.112004948468689
2018-06-19,5.066959672972229,-2.747401444365394,-2.1413229251483026
2018-06-20,5.0700535019077355,-2.7468817455196346,-2.138950218529917
2018-06-21,5.0723140250175955,-2.747141232398457,-2.1446158141841507
2018-06-22,5.072751366792157,-2.746706449212747,-2.1265100851021432
2018-06-25,5.073425117661897,-2.7449387190099737,-2.1207456633564425
2018-06-26,5.073476611278772,-2.7433052841448227,-2.116675142662348
2018-06-27,5.070965417445512,-2.7389971475610664,-2.1419297757775615
2018-06-28,5.068824385701113,-2.7348132930836373,-2.1450576874378213
2018-06-29,5.06850060463544,-2.732438166782271,-2.143075417246204
2018-07-02,5.067614772793427,-2.730203235104982,-2.140377439722797
2018-07-03,5.065079661771584,-2.72671730752678,-2.135998688244564
2018-07-04,5.062438707175339,-2.72347847989085,-2.130430494519643
2018-07-05,5.06131787870486,-2.72196673511008,-2.1345795674405736
2018-07-06,5.060560472529969,-2.7196879908091067,-2.1262675568672234
2018-07-09,5.059738449883562,-2.7180030918147655,-2.1279411010933567
2018-07-10,5.0593034115707285,-2.717034799894149,-2.130223955760056
2018-07-11,5.061218393933657,-2.717722246092784,-2.09401275689107
2018-07-12,5.061532618257514,-2.7185332242012197,-2.0814133004496433
2018-07-13,5.058599429155327,-2.7171059439599574,-2.10763408136584
2018-07-16,5.057033521570447,-2.715551129826039,-2.1153211389968662
2018-07-17,5.056074435244139,-2.7149663389407706,-2.1243864276063524
2018-07-18,5.0563112602764075,-2.7125084728203537,-2.1228087143173457
2018-07-19,5.056104301177121,-2.7104890403883584,-2.124257801284043
2018-07-20,5.055627740284198,-2.708050388946393,-2.1187365405574115
2018-07-23,5.054978580508792,-2.7069765872499683,-2.126336135631416
2018-07-24,5.054658800269401,-2.706413904921208,-2.128396062151248
2018-07-25,5.053462229354693,-2.7028787402549295,-2.1002185385349033
2018-07-26,5.052056542394332,-2.7025699666630274,-2.1179446084547475
2018-07-27,5.0511888276478,-2.7018266000738387,-2.0911075209475958
2018-07-31,5.049499444424546,-2.7011348762088296,-2.077723813090215
2018-08-01,5.04794833737099,-2.7011103388101585,-2.0702724484715627
2018-08-02,5.04694011643671,-2.7022788893441243,-2.0731787293661528
2018-08-03,5.046378367494746,-2.7021873206447875,-2.0643523518035876
2018-08-06,5.0457294538726,-2.7015088347388447,-2.0628783600306275
2018-08-07,5.044746784145215,-2.7013692236747033,-2.0615911651332532
2018-08-08,5.04036847807904,-2.7023016405907203,-2.0318495289763137
2018-08-09,5.041105152758164,-2.699376157325705,-2.035250835478733
2018-08-10,5.038107893501932,-2.7004586783875957,-2.049917554511837
2018-08-13,5.03859305805145,-2.6983351781177807,-2.056719494348347
2018-08-15,5.039829868698013,-2.695023000314871,-2.0297637428325555
2018-08-16,5.0397282640266265,-2.6920342493169667,-2.023457367184503
2018-08-17,5.040520069952351,-2.6896916506233697,-2.0410013825368223
2018-08-24,5.040808331868108,-2.685421887893497,-2.0155001520818825
2018-08-27,5.039554939081144,-2.683963966382927,-2.011662126274926
2018-08-28,5.03866046028588,-2.68161293222336,-2.0057500916708184
2018-08-29,5.037550387721625,-2.6797606980071076,-2.0037761254327062
2018-08-30,5.035881481988,-2.67840908033537,-2.003159847357902
2018-08-31,5.034354097781579,-2.6771736804669293,-1.9803832850842755
2018-09-03,5.032691502034595,-2.6751946661406123,-1.9694503615559273
2018-09-04,5.03093208641657,-2.6735195062618713,-1.9652601848392186
2018-09-05,5.0294874118344906,-2.6719836729021202,-1.9877959480682756
2018-09-06,5.02906785621773,-2.6708055895695666,-1.988213923954965
2018-09-07,5.027942866961332,-2.6693155313183348,-1.9733648581417123
2018-09-10,5.027187055360471,-2.6680232909019557,-1.963865353710565
2018-09-12,5.026724091805837,-2.6668919568614795,-1.9710353092491688
2018-09-13,5.022395853263065,-2.6636056127900702,-1.9789771973244115
2018-09-14,5.02087240001342,-2.661312699749997,-1.9677706578428147
2018-09-17,5.01889602053236,-2.660513791834844,-1.9639935183151973
2018-09-18,5.016893706626788,-2.659697773302028,-1.96250479118652
2018-09-19,5.016308618099997,-2.6565691661762645,-1.9566522540027405
2018-09-20,5.014813246100839,-2.656037597011922,-1.9597225573384751
2018-09-21,5.014566535223016,-2.653784957293141,-1.9499303550069438
2018-09-24,5.013064880234089,-2.650981392045173,-1.950538515135237
2018-09-25,5.012801961710369,-2.6516288087911257,-1.9685407282924472
2018-09-26,5.012079986962658,-2.6491147164415056,-1.9435566747238866
2018-09-27,5.010214308642571,-2.647537991482216,-1.946281774654383
2018-09-28,5.007305637456832,-2.6446011533333933,-1.9564489727538321
2018-10-01,5.0046795068441545,-2.6406341946339436,-1.94873626056902
2018-10-02,5.006027240286805,-2.634042567919931,-1.9602381109033633
2018-10-03,5.00421067254098,-2.6297202974291363,-1.9613706934196178
2018-10-04,5.001873134800887,-2.6263659844522134,-1.957673852907857
2018-10-05,5.000683200435369,-2.6266092416104594,-1.941645331153926
2018-10-08,4.999025301046221,-2.6266217161153143,-1.9172951057342686
2018-10-09,4.997161397962886,-2.6264157195537994,-1.90607422309283
2018-10-10,4.995177886843489,-2.6251347305804766,-1.8880684216018193
2018-10-11,4.992873260952524,-2.6238561162644545,-1.8763824892642538
2018-10-12,4.990278021331964,-2.6223869058878004,-1.8651218915162977
2018-10-15,4.987879364545675,-2.621098725110354,-1.8731324822727322
2018-10-16,4.986291070146553,-2.619304617834633,-1.8721429327964023
2018-10-17,4.984811632597274,-2.6174131169528296,-1.866404441940149
2018-10-18,4.983340193511585,-2.6156591328440824,-1.8745324997387576
2018-10-19,4.981483674974361,-2.6137991336980835,-1.833151679665144
2018-10-22,4.979250387009094,-2.611581307719043,-1.8532028886240208
2018-10-23,4.977657507415506,-2.6100909349723374,-1.8590387065959564
2018-10-24,4.976188779270395,-2.6089657632750423,-1.8213751150079864
2018-10-25,4.973488203267532,-2.60650338997763,-1.7853839650817633
2018-10-26,4.969660181741023,-2.6026756417173713,-1.7478934257675098
2018-10-29,4.965742659909869,-2.600795329716437,-1.7526147229572804
2018-10-30,4.962836681188343,-2.5993056337015354,-1.7493947695702046
2018-10-31,4.9623823777945635,-2.6006108524461777,-1.7501396274461967
2018-11-01,4.963053554304048,-2.6029632726070586,-1.7810650778799741
2018-11-02,4.964401907163014,-2.6053678722522347,-1.77178107006543
2018-11-05,4.965518424134542,-2.6065030262498197,-1.7671087515923318
2018-11-07,4.96672536440103,-2.6079533215060557,-1.7709487678581741
2018-11-08,4.967553319596843,-2.6103176787736397,-1.7608838359021406
2018-11-09,4.96767738269834,-2.6108792328764934,-1.7303929745571052
2018-11-12,4.966492326187997,-2.610671625646592,-1.7138662665747713
2018-11-13,4.965622931278492,-2.610491125220247,-1.713557270354447
2018-11-14,4.965012135066191,-2.610438141481742,-1.7124594296334235
2018-11-15,4.965568602566729,-2.611017629285516,-1.702962230325234
2018-11-16,4.9661293182494,-2.6127362319698335,-1.7226086450713558
2018-11-19,4.9667466599271926,-2.6120077315568024,-1.7080956301149353
2018-11-22,4.966580904823879,-2.611796516139097,-1.701810373777951
2018-11-23,4.966522890131683,-2.6116250806007746,-1.6983225978684537
2018-11-26,4.966399751419429,-2.610988875828132,-1.6976623885485438
2018-11-27,4.966146556518068,-2.6104123922362685,-1.694769024590217
2018-11-28,4.9656731135362495,-2.6097901193960835,-1.6878000866005978
2018-11-29,4.965396855264977,-2.6094647401386384,-1.6886494568250827
2018-11-30,4.965840625502861,-2.609204801113395,-1.710899777264409
2018-12-03,4.967350143546256,-2.6098408280013405,-1.744922340501628
2018-12-04,4.969309786750434,-2.6099795872763627,-1.732092652536042
2018-12-05,4.970192065794662,-2.6097567061564724,-1.7281390577488758
2018-12-06,4.970578802742942,-2.609655263390225,-1.7314788543832729
2018-12-07,4.97004327712997,-2.606461003690616,-1.705728841987301
2018-12-10,4.968756146154061,-2.6040617608066876,-1.7158047226132516
2018-12-11,4.9673016342247704,-2.6027063594610245,-1.7065748466655728
2018-12-12,4.965935701492333,-2.6015106249558233,-1.7048185039804105
2018-12-13,4.9644008476570205,-2.600480188138334,-1.6995410768708763
2018-12-14,4.96304156091788,-2.5993366972520207,-1.6959894839528111
2018-12-17,4.9622110400563875,-2.5983203219487288,-1.6963366172632288
2018-12-18,4.96142352211775,-2.597025070433345,-1.6950335920342843
2018-12-19,4.960872626597493,-2.5949875066164108,-1.6932709746382955
2018-12-20,4.959954378571263,-2.594662994830867,-1.7011490864596401
2018-12-21,4.95933941703772,-2.5924956771724124,-1.6633586044523239
2018-12-27,4.958483560952979,-2.590927121203847,-1.6929104315973151
2018-12-28,4.960897496431709,-2.591732206217946,-1.6664692415600724
2019-01-02,4.959650254710635,-2.5889222360848168,-1.6930314045530581
2019-01-03,4.9595094304524485,-2.5859959821444582,-1.7023232287663255
2019-01-04,4.959469852782099,-2.584195747505163,-1.6887598971879014
2019-01-07,4.959802547446979,-2.583920451996854,-1.7247507537505198
2019-01-08,4.961123738873136,-2.5839297707028863,-1.7380758952344515
2019-01-09,4.961509337436321,-2.583865880183695,-1.7625098007042281
2019-01-10,4.961516042262904,-2.583500246075477,-1.7497477216674084
2019-01-14,4.961301463475937,-2.583373050929665,-1.7606464249604592
2019-01-15,4.962315680718996,-2.5835493726464818,-1.7764775059649665
2019-01-16,4.963057783133413,-2.584103218742409,-1.7816348255781111
2019-01-17,4.964115586160141,-2.5849173327975827,-1.783492776966768
2019-01-18,4.965932515365743,-2.5850926045727163,-1.775521573239792
2019-01-21,4.967929153643968,-2.5857270000244417,-1.7881682221661557
2019-01-22,4.9693881056675675,-2.5867849061776873,-1.792410541642225
2019-01-23,4.970934015060841,-2.5886137644924876,-1.806612080991622
2019-01-24,4.972237924185041,-2.590845751156638,-1.8026394740687932
2019-01-25,4.973257766468142,-2.5924668400944197,-1.803177232028301
2019-01-28,4.974004083620743,-2.593915043777182,-1.802258288283341
2019-01-29,4.974588721140002,-2.5960895127245474,-1.803928262133601
2019-01-30,4.975817719119722,-2.5986389349299763,-1.852731453032342
2019-01-31,4.978669471275084,-2.5993661233679495,-1.8670234363639362
2019-02-01,4.9811641972944205,-2.600563029886957,-1.880637376869562
2019-02-04,4.985336276587579,-2.6025905310519386,-1.8834746327538427
2019-02-05,4.987034942519618,-2.6041441535839307,-1.8938120763529545
2019-02-06,4.9885668874789,-2.605841894966969,-1.8984150603407473
2019-02-07,4.990615424064727,-2.6076518106305993,-1.927027248838134
2019-02-08,4.993431562443956,-2.609354472881903,-1.9463677884473556
2019-02-11,4.994465421714293,-2.6115195734729344,-1.94354582448724
2019-02-12,4.995559578115849,-2.613780939007135,-1.9431607312990045
2019-02-13,4.989227482802828,-2.6141043074153725,-2.121937650599503
2019-02-14,4.98589044944069,-2.61414766883057,-2.1804449962967785
2019-02-15,4.98483933395547,-2.613371407664248,-2.197763230520668
2019-02-18,4.985631510128466,-2.6143926926358563,-2.2252863425634546
2019-02-19,4.9842798869231535,-2.6143811385109443,-2.255831597362333
2019-02-20,4.984084448527997,-2.614287006433285,-2.2704803303036405
2019-02-21,4.983934609130298,-2.6161281597590267,-2.3043446645467798
2019-02-22,4.985893946172916,-2.6197030755288404,-2.3664332298845627
2019-02-25,4.989026216492124,-2.622513887859534,-2.372495200621262
2019-02-26,4.989379757465161,-2.6249399926372883,-2.3679122152569967
2019-02-27,4.990005132091497,-2.6275725743116083,-2.384951421413852
2019-02-28,4.990842629198764,-2.629250788921612,-2.3896202822526535
2019-03-01,4.9895757715371545,-2.6305344853726496,-2.408379239444026
2019-03-04,4.992135925898532,-2.6314040946494806,-2.4005314685995427
2019-03-05,4.993559250811653,-2.6317748100314966,-2.4149334109515044
2019-03-06,4.994572934630342,-2.6342903233047146,-2.4304607259938935
2019-03-07,4.995756685625507,-2.6346613915673407,-2.422902251800564
2019-03-08,4.998771992278176,-2.637456743007891,-2.4304773064832066
2019-03-11,5.001447046289106,-2.6386791414343445,-2.4075461711033146
2019-03-12,5.003346240764245,-2.639945495710037,-2.406517679015144
2019-03-13,5.004130966366004,-2.640089182707427,-2.420959881534732
2019-03-14,5.004957592834163,-2.640470659320628,-2.427297765250959
2019-03-15,5.0064555562230835,-2.6415555562925106,-2.441653890826814
2019-03-18,5.007924353688358,-2.6425499771004106,-2.4462192332840202
2019-03-19,5.008782795965872,-2.642714852745575,-2.4402640704538023
2019-03-20,5.007997959851983,-2.6443966047894327,-2.4494077463965316
2019-03-21,5.0085879249616,-2.643885293923102,-2.449312945102767
2019-03-22,5.009412943093165,-2.6453693451097995,-2.4548660141855434
2019-03-25,5.0098069494890165,-2.6451937996788977,-2.4465517301642468
2019-03-26,5.004996532178933,-2.6425992798209137,-2.4886822937591977
2019-03-27,5.002211828487797,-2.640035260239476,-2.507561879374274
2019-03-28,5.000988500140346,-2.6375070845520607,-2.521959277782153
2019-03-29,4.998334602927898,-2.634524744908695,-2.51096679503684
2019-04-01,4.9976563181221385,-2.632474075501775,-2.4948538402198785
2019-04-02,4.996614766365359,-2.631006861811004,-2.4893742605539115
2019-04-03,4.994299294754496,-2.629483076235722,-2.5032856441273594
2019-04-04,4.993058708196424,-2.627525740514433,-2.497247022145391
2019-04-05,4.990534228792911,-2.624114440753917,-2.491348438489905
2019-04-08,4.989120598507145,-2.6228466756037374,-2.493816317668217
2019-04-09,4.9879586059206575,-2.6216644616355347,-2.493064519201069
2019-04-10,4.985991411080737,-2.6204104704514557,-2.5076809915609317
2019-04-11,4.984068625029865,-2.6201345449940128,-2.5193280155828925
2019-04-12,4.9838276976222655,-2.620514191673771,-2.5251109273273418
2019-04-15,4.983665584238679,-2.6208324514292642,-2.5158606385862887
2019-04-16,4.983374071455698,-2.6222416843501164,-2.5351319277674373
2019-04-17,4.9841663053117795,-2.6239890048934895,-2.54942193677025
2019-04-18,4.98435845284851,-2.6243701498441494,-2.551612349597294
2019-04-23,4.98480573736132,-2.625787521670193,-2.561889465445603
2019-04-24,4.985420055054608,-2.6271590609079456,-2.5643890089662817
2019-04-25,4.985539331351734,-2.6281922254697245,-2.563606893238849
2019-04-26,4.985975909836006,-2.6311633540846815,-2.5786102486778844
2019-04-29,4.987159134415889,-2.6336991407491435,-2.584525965271183
2019-04-30,4.9892479603592905,-2.633464670730954,-2.5771950646577717
2019-05-02,4.98736767272788,-2.6337347402151443,-2.650945312390308
2019-05-03,4.987454606465424,-2.6331881394305143,-2.6820138035873775
2019-05-06,4.988384472905998,-2.6325516203762547,-2.6964533872780625
2019-05-07,4.988758331811361,-2.6312444335595955,-2.7207619822519855
2019-05-08,4.988964069757398,-2.6303312492972455,-2.7312062508056214
2019-05-09,4.988253938565353,-2.6305573830558746,-2.754424650927092
2019-05-10,4.985410897008078,-2.627538570782265,-2.80962816442079
2019-05-13,4.9846764150271605,-2.62406956607814,-2.8239895307077463
2019-05-14,4.9844534986815825,-2.621821014701528,-2.8267816424572803
2019-05-15,4.983589176135188,-2.619508790812861,-2.8376473578282138
2019-05-16,4.981399568033555,-2.6156734048109396,-2.840629493120265
2019-05-17,4.974633788302401,-2.6107080595812686,-2.8473292888192607
2019-05-20,4.969613000783822,-2.604304876971746,-2.83844082490411
2019-05-21,4.964572518679187,-2.6001956131340234,-2.8378425932046105
2019-05-22,4.959444979994374,-2.5963914848830782,-2.8209938015272513
2019-05-23,4.953489680479402,-2.5932219172773245,-2.8224585127291353
2019-05-24,4.948591226780733,-2.589810794375941,-2.8157898588660357
2019-05-27,4.942821538874813,-2.5842643506282603,-2.7899572960893826
2019-05-28,4.937202767012799,-2.5796128011742256,-2.7758916890177177
2019-05-29,4.933554263245261,-2.5762991939066855,-2.7693804324634375
2019-05-30,4.925061192362511,-2.5715635701731077,-2.7712907503246758
2019-05-31,4.918050805729185,-2.5669487389267873,-2.760055787627749
2019-06-03,4.911406002175843,-2.5634662135497677,-2.7706167721469406
2019-06-04,4.908102584724484,-2.558502692903215,-2.734962099566366
2019-06-10,4.903806213636829,-2.553999370066275,-2.7165827613366793
2019-06-11,4.898529270631034,-2.5499390515449765,-2.735025201933477
2019-06-12,4.894375187251899,-2.5458034737779065,-2.7346822757364344
2019-06-13,4.893329570620224,-2.542528876547068,-2.7171322103261386
2019-06-14,4.887995109708199,-2.536468195811804,-2.7376619364590673
2019-06-17,4.884917431827244,-2.531392502256857,-2.7130383833983744
2019-06-18,4.883315444728322,-2.528538651452245,-2.7119275635832567
2019-06-19,4.881290689518547,-2.5257336331563,-2.7145209298915804
2019-06-20,4.874763589683344,-2.5206565976663278,-2.7177804601666766
2019-06-21,4.867980702195415,-2.512073028417573,-2.706125307835986
2019-06-24,4.861781047338929,-2.5053482624652488,-2.70181762442839
2019-06-25,4.8604771783833804,-2.5017577708796113,-2.6790421290923856
2019-06-26,4.853808864308911,-2.494355040641633,-2.6784199839504486
2019-06-27,4.845523235076702,-2.485091568801307,-2.6741140048325516
2019-06-28,4.838664916398863,-2.479931881421927,-2.661353149656937
2019-07-01,4.832617805072742,-2.4750769694589643,-2.649648806565874
2019-07-02,4.82875954090209,-2.4698033493131994,-2.6453235120617156
2019-07-03,4.8254164839262845,-2.465769316683502,-2.6315125929079533
2019-07-04,4.821431036660255,-2.4599564928671795,-2.6067540688892095
2019-07-05,4.814982116746165,-2.4535572164791284,-2.589903588727
2019-07-08,4.812238164368728,-2.449890075036764,-2.571178705973239
2019-07-09,4.80904298682638,-2.446886830243807,-2.563570787504269
2019-07-10,4.806204188752428,-2.4438882542864393,-2.5548655315446127
2019-07-11,4.803664217018689,-2.4423170082050536,-2.55130862316915
2019-07-12,4.7984440144724605,-2.4411087005138223,-2.5519963482058734
2019-07-15,4.797829423432033,-2.4416842819292675,-2.5517628654277624
2019-07-16,4.797161296719494,-2.4416231618427697,-2.549333869648191
2019-07-17,4.7984944122598145,-2.4441467641579653,-2.5374581792862516
2019-07-18,4.795041821315705,-2.442179271856478,-2.548406277950956
2019-07-19,4.790502435748098,-2.4386327702141224,-2.5632743519211334
2019-07-22,4.790239693710104,-2.435535393234004,-2.551426638185581
2019-07-23,4.789010014516932,-2.4338417151204497,-2.551649311954621
2019-07-24,4.787182669168861,-2.432097269464905,-2.5449927505549277
2019-07-25,4.785212378554295,-2.4307167529534017,-2.5427769811274916
2019-07-26,4.77980961855014,-2.4278546724813355,-2.542610283540964
2019-07-29,4.78009275466961,-2.427939192084178,-2.535449967297279
2019-07-31,4.776205115460733,-2.423799188001552,-2.547534344206735
2019-08-01,4.772888080569052,-2.419598889801978,-2.547036665867234
2019-08-02,4.7710865339206565,-2.4160191318629747,-2.523199543887327
2019-08-05,4.768162807608752,-2.4122565355984054,-2.5098920026810614
2019-08-06,4.765302115030953,-2.409598607230529,-2.50758472254937
2019-08-07,4.763058126697896,-2.40724678412307,-2.5093829504396004
2019-08-08,4.760604009631615,-2.4039890930223313,-2.505713485994362
2019-08-09,4.756928957429661,-2.400037157938164,-2.49855993438142
2019-08-15,4.7534396713306535,-2.3962182278210227,-2.492215159262617
2019-08-16,4.748634174217432,-2.390432705586611,-2.448485851885717
2019-08-19,4.741475735128273,-2.383190385403556,-2.445467176519196
2019-08-22,4.736365974302003,-2.378705056264137,-2.415356747514973
2019-08-23,4.721162757119516,-2.375115635591508,-2.4141665906700838
2019-08-26,4.709049926695344,-2.3707920609659405,-2.3903191452447783
2019-08-27,4.703144460291409,-2.3619639698735595,-2.3796070024791875
2019-08-28,4.695572095174513,-2.3624744518383043,-2.3215511979034793
2019-08-29,4.6838744944475605,-2.360205116631243,-2.323132184707403
2019-08-30,4.678188766835878,-2.358636480223087,-2.2737516469487344
2019-09-02,4.67194032764074,-2.3574816791867277,-2.2471308494002242
2019-09-03,4.668252089937132,-2.3561600812994192,-2.227206103147566
2019-09-04,4.663005361225334,-2.355470723259604,-2.2046057916853368
2019-09-05,4.6589546494218625,-2.3546121734370895,-2.1850217894949564
2019-09-06,4.653930319123956,-2.3520968282000685,-2.18930478868527
2019-09-09,4.650213342095212,-2.3488439948399513,-2.1863000984750784
2019-09-10,4.645343547968687,-2.344023973790342,-2.1967341360329424
2019-09-11,4.6426173869371254,-2.3410541574626054,-2.1888493361256116
2019-09-12,4.639995152499277,-2.3384769754162154,-2.183889215340068
2019-09-13,4.637007111003821,-2.3366199270603563,-2.169511450266051
2019-09-16,4.635961614804192,-2.336587966530216,-2.1567259963093606
2019-09-17,4.634742648489934,-2.336564564099381,-2.1491356941602198
2019-09-18,4.632926357697934,-2.337812481203898,-2.1598042930973205
2019-09-19,4.631987405866683,-2.337832057400137,-2.1614575335637594
2019-09-20,4.632061651598501,-2.336503579486482,-2.141210290082954
2019-09-23,4.629874901790751,-2.3354380541586286,-2.1491901056984246
2019-09-24,4.627854417858685,-2.33314676260124,-2.1441422113739175
2019-09-25,4.623878295362334,-2.329424311033642,-2.1823485459749667
2019-09-26,4.619069690815563,-2.3244254045403365,-2.2197371342729295
2019-09-27,4.618759217340261,-2.322109947840403,-2.2276777847517897
2019-09-30,4.618652276434031,-2.3200725650211336,-2.2336007546498595
2019-10-01,4.618883723917963,-2.318383591394073,-2.2379441331668253
2019-10-02,4.617374383079258,-2.3153814097775753,-2.2518025589234316
2019-10-03,4.615861321130258,-2.3131040388477353,-2.255485702797021
2019-10-04,4.6120855622719334,-2.3096672760416666,-2.2524753361667953
2019-10-07,4.60904784321737,-2.3071857688618493,-2.2474622548250984
2019-10-08,4.608148249520752,-2.305723237397312,-2.2549521292663353
2019-10-09,4.607616427231045,-2.304376072565154,-2.2586788492130574
2019-10-10,4.606495449762869,-2.3025722572601497,-2.268241207438073
2019-10-11,4.6043257519550025,-2.3009766542432475,-2.2757936038609246
2019-10-14,4.603657871852275,-2.299988358361207,-2.309398678999032
2019-10-15,4.598884201687396,-2.2956092587588235,-2.407590247942765
2019-10-16,4.593378138493612,-2.2925071409189166,-2.4071160037365744
2019-10-17,4.590464641221138,-2.2924401508400267,-2.432240881821942
2019-10-18,4.582268322717349,-2.288299778151804,-2.4644932835216387
2019-10-21,4.583186063961132,-2.285515599720765,-2.4667286250067133
2019-10-22,4.583970654482986,-2.2837017251069676,-2.472783670312969
2019-10-23,4.575263761241984,-2.280912025711065,-2.442107868172046
2019-10-24,4.56714821457484,-2.2771483634328287,-2.4114329977274895
2019-10-25,4.563830013259178,-2.27218157821439,-2.395101455096961
2019-10-28,4.560493617689824,-2.2689322002933996,-2.408084275539491
2019-10-29,4.5585108026131245,-2.264594099107662,-2.4695708265095595
2019-10-30,4.558912696400682,-2.2605702980888362,-2.482478757398352
2019-10-31,4.560574807588396,-2.2585308655184666,-2.492620638803681
2019-11-01,4.558777673066078,-2.251056940596056,-2.5321958001594873
2019-11-04,4.5529560431592335,-2.2431013142207563,-2.496145307250423
2019-11-05,4.55041497297888,-2.2392967078276436,-2.5086291207010456
2019-11-07,4.545180669098271,-2.236039277464107,-2.523124495769674
2019-11-08,4.543542645892869,-2.2283990577455866,-2.533931274546016
2019-11-12,4.540017487698283,-2.2239679726583277,-2.553407462876636
2019-11-13,4.535483924913979,-2.221020304137123,-2.574984890348836
2019-11-14,4.532202693182395,-2.2158989563796316,-2.5673842293547295
2019-11-15,4.527551594818943,-2.2072499593011496,-2.5556369377787083
2019-11-19,4.5216779151577855,-2.1986475086306307,-2.5650110353477795
2019-11-20,4.514385516429467,-2.1932526302843267,-2.578697641605086
2019-11-21,4.509430864447744,-2.185347415640652,-2.57198040827838
2019-11-22,4.502694460826768,-2.1790274807997574,-2.604316948398283
2019-11-25,4.498423650902701,-2.171446692727378,-2.6208502234778415
2019-11-26,4.495237271938686,-2.1640461637883335,-2.6276283747338143
2019-11-27,4.491199357204627,-2.1564782672395983,-2.6386313819459506
2019-11-28,4.485784139893319,-2.149306830793559,-2.6351914727768713
2019-11-29,4.482535839014968,-2.1445180415609624,-2.636222309822306
2019-12-02,4.479262073539771,-2.1394725602981124,-2.6294237991038707
2019-12-03,4.4757920017055115,-2.135796579338341,-2.6196999077538194
2019-12-04,4.470803100340761,-2.13311032956621,-2.6065776646579497
2019-12-05,4.468206700116278,-2.13006242468941,-2.612838003834801
2019-12-06,4.466184115218702,-2.126736622865681,-2.623009531740292
2019-12-09,4.46444766947142,-2.1235487652628735,-2.625021246142373
2019-12-10,4.463435009964742,-2.117815618408519,-2.6542077980374374
2019-12-11,4.461191400180575,-2.115594454988382,-2.674286761955192
2019-12-12,4.460007520147696,-2.1119661350407766,-2.6721871042845877
2019-12-13,4.45616625495231,-2.1090515162916295,-2.7050484024299806
2019-12-16,4.452852692578583,-2.107291693236995,-2.7122461790102426
2019-12-17,4.452189475935821,-2.104665659201749,-2.7183741290219836
2019-12-18,4.442020707302874,-2.1090627818237335,-2.683926020247887
2019-12-19,4.435649521629929,-2.1121509180224667,-2.639809168329916
2019-12-20,4.43569636657171,-2.1103459693685016,-2.6474865897491786
2019-12-23,4.435686808522686,-2.1078309153208545,-2.6493637877220846
2019-12-27,4.427876283981711,-2.1104931470021016,-2.6727384372778884
2019-12-30,4.426054630759369,-2.11056407238749,-2.673999317256729
2020-01-02,4.429418267853162,-2.1104354352276777,-2.6948027930922844
2020-01-03,4.431553543232101,-2.1149980949873135,-2.682626029195752
2020-01-06,4.43790632701902,-2.11735361586418,-2.680030327015852
2020-01-07,4.440197448626363,-2.116697983224122,-2.7167820256393114
2020-01-08,4.442154295294543,-2.117034237288541,-2.7313302408878872
2020-01-09,4.444372972418493,-2.1178720868897503,-2.740590403183764
2020-01-10,4.447255988577442,-2.120962193603143,-2.731289329590407
2020-01-13,4.450694969430376,-2.123264852028103,-2.75248904629499
2020-01-14,4.454405224607477,-2.125450120116278,-2.765310997087204
2020-01-15,4.453857684197837,-2.1225978792246827,-2.8341157912602593
2020-01-16,4.454879684273464,-2.119143211240127,-2.8549394801815997
2020-01-17,4.454968641789639,-2.1144495173880586,-2.879749987125599
2020-01-20,4.455845696451007,-2.1085049594112615,-2.886075383115287
2020-01-21,4.456062960164837,-2.103495168125971,-2.8940906421354198
2020-01-22,4.456455481767492,-2.098517621184678,-2.8993370036766475
2020-01-23,4.454737128585785,-2.0924759556412904,-2.908959115185565
2020-01-24,4.452336520836284,-2.0864265415369063,-2.914344545177383
2020-01-27,4.4498607208387435,-2.0799854173988734,-2.9087515319489494
2020-01-28,4.447514905242146,-2.0745784455197316,-2.9054147434816007
2020-01-29,4.441085276757995,-2.065162414687998,-2.916222351879151
2020-01-30,4.435517398140393,-2.0554891399515114,-2.911096013763348
2020-01-31,4.427074068719172,-2.0423842202674174,-2.913735443758931
2020-02-03,4.419066349124551,-2.0304228996365317,-2.896562485627704
2020-02-04,4.411060977101614,-2.0195783166136456,-2.8834340160159155
2020-02-05,4.4042255013932,-2.0103858641715586,-2.8596573715382827
2020-02-06,4.3980786442101945,-2.0033103115764073,-2.842176267304177
2020-02-07,4.389679682613967,-1.9944143235287866,-2.8511907772841316
2020-02-10,4.382279793622166,-1.987676361579232,-2.8163520411530354
2020-02-11,4.3746153513671295,-1.9810294624001903,-2.7937567028195014
2020-02-12,4.367757605654883,-1.9750827528513568,-2.7732794082856995
2020-02-13,4.358237470571129,-1.9674040761127602,-2.788772203785703
2020-02-14,4.351657259094465,-1.9615352463896722,-2.747957974677745
2020-02-17,4.345485771270701,-1.9556467131579978,-2.720085536394622
2020-02-18,4.340242905317492,-1.95016963888428,-2.704242345679671
2020-02-19,4.329908561736384,-1.9491832122954156,-2.6444273430105025
2020-02-20,4.319378536755437,-1.9483017629598693,-2.6020106234945435
2020-02-21,4.314919734516277,-1.9412882280515265,-2.5926849662837035
2020-02-24,4.310194174871563,-1.9347911757580256,-2.57073331281017
2020-02-25,4.305297092664077,-1.927619538218015,-2.5573410665712877
2020-02-26,4.300663667934779,-1.922666246334609,-2.562602114098349
2020-02-27,4.29459507628269,-1.9174479139300502,-2.559245128627987
2020-02-28,4.29148357383807,-1.9128834086983433,-2.5573807108871476
2020-03-02,4.284874753530655,-1.904610552011915,-2.5236901521693733
2020-03-03,4.278902514326259,-1.8943953011610413,-2.479452732895438
2020-03-04,4.273448626689398,-1.8872510323619345,-2.4595735587382173
2020-03-05,4.267419624897672,-1.8798756142982742,-2.4493869165053517
2020-03-06,4.263978027570949,-1.8740923890290584,-2.4551710295612903
2020-03-09,4.258561338058108,-1.866831183451524,-2.416599230945744
2020-03-10,4.253174539663242,-1.8579142391544752,-2.397329516043776
2020-03-11,4.245818903861352,-1.852061535505858,-2.3919774041207176
2020-03-12,4.2393505587421405,-1.8464455837549647,-2.3796456356086324
2020-03-13,4.231854033024794,-1.8403488724682597,-2.3643680681542887
2020-03-16,4.22448518764886,-1.8402282830642944,-2.360955043979814
2020-03-17,4.217352751748343,-1.8392565820366142,-2.346339546528302
2020-03-18,4.2087944387290674,-1.836785249365221,-2.34819047300084
2020-03-19,4.196991348018633,-1.8369030178658639,-2.3843577601073984
2020-03-20,4.193755974104412,-1.8386649295947797,-2.344799066804299
2020-03-23,4.193051998587833,-1.8377048598504608,-2.351521992356466
2020-03-24,4.194421718425801,-1.8351215320148726,-2.3439415277297653
2020-03-25,4.199618813404158,-1.8248299937771197,-2.307937905352301
2020-03-26,4.201721970444965,-1.817155453604035,-2.3119355809283593
2020-03-27,4.200741181633497,-1.8129943508783044,-2.311856995703616
2020-03-30,4.201233372468513,-1.8046904224494797,-2.3163999568202027
2020-03-31,4.201146820931855,-1.798948863229055,-2.334261317537655
2020-04-01,4.201177975971265,-1.7944247998800504,-2.345570738987709
2020-04-02,4.201382096253906,-1.7891749960563594,-2.3350763070112683
2020-04-03,4.200004500363949,-1.7857781801599029,-2.320879378696967
2020-04-06,4.198013027030422,-1.7825774318441128,-2.3140367371888138
2020-04-07,4.198653545977049,-1.7795718903912323,-2.3197325811229526
2020-04-08,4.193920169467232,-1.7839635192341279,-2.299492326619687
2020-04-09,4.188663539676806,-1.7889517081753676,-2.2731150420077957
2020-04-14,4.1864003335756985,-1.7931567902143057,-2.2490816054474045
2020-04-15,4.1752768496295305,-1.8057805567087617,-2.206053570107958
2020-04-16,4.1714991641712444,-1.8102532663913697,-2.183951623180876
2020-04-17,4.167912580589115,-1.8149061960803183,-2.167554427365363
2020-04-20,4.164665074713096,-1.820046715120549,-2.161252191269415
2020-04-21,4.157154510964367,-1.8282023122777205,-2.0592994314046935
2020-04-22,4.151796492020924,-1.8327206516342442,-2.0157414578578066
2020-04-23,4.1473680072820365,-1.835507729043321,-1.9838566240322655
2020-04-24,4.14299792464048,-1.8382883027007653,-1.9768768045895282
2020-04-27,4.134837588395345,-1.8444748306262362,-1.9475695007793885
2020-04-28,4.1282326857432805,-1.8503369477130205,-1.9199290205411113
2020-04-29,4.1217090636630935,-1.8565264762986358,-1.8920898128200192
2020-04-30,4.114343143849137,-1.8614619293459764,-1.896341595340289
2020-05-04,4.1116774094990935,-1.8643672467941195,-1.8560456252493713
2020-05-05,4.106832701652133,-1.8674865525059516,-1.8646514734688406
2020-05-06,4.103160570919918,-1.8732257684459113,-1.8054488108397784
2020-05-07,4.0992470391390015,-1.8763802557049807,-1.7532996069897875
2020-05-08,4.098286385626956,-1.8802857579219805,-1.730500496209407
2020-05-11,4.096906052711016,-1.8825499064184759,-1.7064404888142288
2020-05-12,4.0954116515479315,-1.8846393691359202,-1.6925470121950426
2020-05-13,4.094189376653477,-1.8872850399366412,-1.6867363578727261
2020-05-14,4.093133977967724,-1.88911119125222,-1.6802853574816117
2020-05-15,4.089567830265962,-1.8877446427960374,-1.6760635117064495
2020-05-18,4.084775205999555,-1.8886078354937479,-1.6686691271701908
2020-05-19,4.082585510707639,-1.893094363760743,-1.6414544815259564
2020-05-20,4.07727378719029,-1.9015336349837608,-1.6162701950988005
2020-05-21,4.073296565979308,-1.9074944183186273,-1.5843707136683718
2020-05-22,4.068252885818206,-1.9113129903510722,-1.6195709465857353
2020-05-26,4.06980662655012,-1.9193661720818698,-1.5833410391147702
2020-05-27,4.071033969033574,-1.9286831367224915,-1.578965207878042
2020-05-28,4.071350366850836,-1.9363255649130073,-1.585494686229867
2020-05-29,4.070148419928908,-1.9403630263397906,-1.6183649096266677
2020-06-01,4.069028531020589,-1.9438207118867665,-1.638434271086665
2020-06-02,4.0736954383785315,-1.9505919838676735,-1.5992065045773571
2020-06-03,4.076968780251699,-1.956737177597869,-1.5884384858070235
2020-06-04,4.076253038056135,-1.9661497143354747,-1.5965181574702285
2020-06-05,4.073544472634076,-1.9737040398699919,-1.63138182279748
2020-06-08,4.069413904142822,-1.9806601882751502,-1.6227541202257538
2020-06-09,4.069415955018866,-1.9884508178871552,-1.590230384602034
2020-06-10,4.06390191874931,-1.993881137732894,-1.5854139543972885
2020-06-11,4.063353454848731,-1.9985891714009298,-1.554522400488548
2020-06-12,4.061056720936179,-2.0013165413253713,-1.5775565792163355
2020-06-15,4.0603311664111175,-2.00332019961051,-1.5823729039503767
2020-06-16,4.06084964241024,-2.010119503534658,-1.6149682391688382
2020-06-17,4.062576500548154,-2.0145358953561234,-1.5821046457256756
2020-06-18,4.062736618852719,-2.0172711228670583,-1.55130615614757
2020-06-19,4.05829937618828,-2.018077488913694,-1.5719570380439392
2020-06-22,4.054707721357959,-2.017398322654699,-1.5847853935941618
2020-06-23,4.04618557311705,-2.012219878641307,-1.6229891064979933
2020-06-24,4.040321903600903,-2.007524938740782,-1.6270234374002657
2020-06-25,3.986393775556619,-2.059548333527795,-1.4794352663136585
2020-06-26,3.9271800358231843,-2.093463991862194,-2.016401318762254
2020-06-29,3.904956532694587,-2.1174892626441792,-2.034864105077217
2020-06-30,3.881605250919799,-2.14217779256574,-1.9678583469326139
2020-07-01,3.8728202017584406,-2.150070277773261,-1.974093783069312
2020-07-02,3.8651854435101116,-2.1619667176534376,-1.9035112801793455
2020-07-03,3.861777523480102,-2.1729203382527817,-1.8940924469072666
2020-07-06,3.8548450575461435,-2.1836191034824446,-1.8322915159884159
2020-07-07,3.847901235565857,-2.1910459031608704,-1.8113745756082722
2020-07-08,3.8426436490548426,-2.196845042327793,-1.7853866781409933
2020-07-09,3.838303596488681,-2.2021100888686433,-1.7597011997688747
2020-07-10,3.83831059654606,-2.206390052683794,-1.751463717365953
2020-07-13,3.837642046020271,-2.207366231445049,-1.7212134347037693
2020-07-14,3.839699091215661,-2.210830596604068,-1.67386605277592
2020-07-15,3.8392082373231524,-2.2135950342473905,-1.6672732007832949
2020-07-16,3.840320389615537,-2.2147800118220764,-1.658467359145559
2020-07-17,3.8407531311318177,-2.215351063664914,-1.7061889649804611
2020-07-20,3.842639141579406,-2.2158834643535683,-1.7264612377343793
2020-07-21,3.8464092150136047,-2.216052699384322,-1.713821930100803
2020-07-22,3.8452203898364723,-2.220927926769771,-1.7031765443456128
2020-07-23,3.842102156758935,-2.22276605773597,-1.7106994299916536
2020-07-24,3.845348468201734,-2.222476760711147,-1.7105132274364103
2020-07-27,3.8449736075210046,-2.2232931106671616,-1.689465197395756
2020-07-28,3.8444751618522437,-2.2235780546791224,-1.6827304769890477
2020-07-29,3.8435589896311133,-2.221120095962617,-1.6761948272740514
2020-08-03,3.839506470404552,-2.220219132423716,-1.7159764539584559
2020-08-04,3.8399065030863375,-2.2179599224226347,-1.673808546226921
2020-08-05,3.8414765993830526,-2.212879962050519,-1.6779307654969717
2020-08-06,3.8427151056793223,-2.2097872155853,-1.6917733336824115
2020-08-07,3.843483897064973,-2.206386817018347,-1.6599035714155512
2020-08-10,3.8446256697905423,-2.2056692641463918,-1.6940886162260937
2020-08-11,3.8450656064980295,-2.2044252826580406,-1.6844414110801071
2020-08-12,3.8463767856208047,-2.2012639865531693,-1.6855408386153912
2020-08-13,3.8472498694663524,-2.198926842274811,-1.6962366836802725
2020-08-17,3.847815558889127,-2.1971045441138215,-1.693197468931466
2020-08-18,3.8472814120331504,-2.1953318198938803,-1.686649885995744
2020-08-19,3.8473047694429665,-2.191988244618587,-1.6531516966901076
2020-08-24,3.847144755188737,-2.1911050106782493,-1.7070077825317882
2020-08-25,3.848734848554943,-2.189521840212747,-1.7301620944072287
2020-08-26,3.8508404703840045,-2.1897714119283496,-1.7485822479500865
2020-08-27,3.8530199328756956,-2.1903151967045456,-1.7602513072563606
2020-08-28,3.8542177659996155,-2.189920388026306,-1.7638458054314667
2020-08-31,3.856420961493242,-2.1895043076426375,-1.7491549466138072
2020-09-01,3.857537355223284,-2.1897214032216166,-1.7460385764947044
2020-09-02,3.8580127876344665,-2.190004044901063,-1.7444553111520693
2020-09-03,3.857031155771069,-2.190832761398765,-1.741339112262085
2020-09-04,3.8543621777386643,-2.188990362626823,-1.7501119744540417
2020-09-07,3.851872043962549,-2.187846957258448,-1.745419693228709
2020-09-08,3.8514867167761486,-2.187753631680811,-1.6894032743291967
2020-09-09,3.8485951415020714,-2.1877215070553313,-1.6572942222883942
2020-09-10,3.8453578059569784,-2.1878092820214388,-1.6379135249225594
2020-09-11,3.840952045449873,-2.185860488538297,-1.629971377411307
2020-09-14,3.839499001723349,-2.185794488751875,-1.6021985881142469
2020-09-15,3.8369750705978,-2.185469908448197,-1.585402215969935
2020-09-16,3.828114812285291,-2.1855465242766523,-1.5767217635627861
2020-09-17,3.82338684071755,-2.183302699578457,-1.5802761622184425
2020-09-18,3.8144010918302707,-2.1802753547674856,-1.5594635486662887
2020-09-21,3.8062163474060338,-2.1781502661465386,-1.5339673227251591
2020-09-22,3.7997275425373336,-2.1746611739108292,-1.5257317429158834
2020-09-23,3.793533763876693,-2.173606446464837,-1.5055713134189452
2020-09-24,3.788709997660349,-2.175516859146721,-1.4524600037237154
2020-09-25,3.7867825354998605,-2.1796057775289617,-1.437418050708972
2020-09-28,3.7867857234555795,-2.1810555119604165,-1.4265200928192823
2020-09-29,3.7866103227650165,-2.1825631135700174,-1.421910949026304
2020-09-30,3.7877770168712424,-2.182480254862244,-1.4234166880715906
2020-10-01,3.783728938802403,-2.1800446528368025,-1.4352572346717078
2020-10-02,3.7805211105725585,-2.1786356907748314,-1.438193842265863
2020-10-05,3.7815375930545363,-2.1799224824145447,-1.412710612112561
2020-10-06,3.775872412426422,-2.177233849277762,-1.411904286902623
2020-10-07,3.7712304978105853,-2.1744539387257285,-1.404111267053079
2020-10-08,3.76720883254873,-2.17193327753615,-1.3914796632945807
2020-10-09,3.7640922846893514,-2.169780085581536,-1.3760112098817587
2020-10-12,3.7600208915271174,-2.1697857247998327,-1.3684741147529937
2020-10-13,3.7567951719935473,-2.1695681745953794,-1.3760526946197968
2020-10-14,3.756038507267397,-2.166132234439548,-1.375044912956391
2020-10-15,3.754869767355123,-2.162946569542328,-1.3751668094768188
2020-10-16,3.75732215736821,-2.1620259959435937,-1.336513367589909
2020-10-19,3.7583322788104665,-2.1620514490866154,-1.3322994288288732
2020-10-20,3.758762757053882,-2.162502890378667,-1.3341183917975608
2020-10-21,3.757716115917811,-2.1643260214307825,-1.3301947583661384
2020-10-22,3.7613454229333474,-2.1697531002101225,-1.3057335986458205
2020-10-23,3.7640192373785064,-2.1747849420454903,-1.2983423889606156
2020-10-26,3.7647132541324093,-2.177988530427556,-1.2659875233619897
2020-10-27,3.768108016426175,-2.181932491646841,-1.2403695016551195
2020-10-28,3.7668495680327783,-2.1820143081696703,-1.252058412507761
2020-11-02,3.7659138510845604,-2.1842935103010883,-1.2490379958583717
2020-11-03,3.7668136146086715,-2.18645026103054,-1.2799883896789472
2020-11-04,3.769691514298879,-2.185309546540499,-1.2826845397387743
2020-11-05,3.773303101614927,-2.1822083285405878,-1.2925145591491458
2020-11-09,3.7779734163298833,-2.1835025308501756,-1.2741484156319645
2020-11-10,3.781776241997101,-2.186275107585645,-1.2761757344697857
2020-11-11,3.785973332235966,-2.1884795593540973,-1.2832709361699484
2020-11-12,3.7958480045107486,-2.1863846461427645,-1.2114243452655375
2020-11-13,3.799942082130025,-2.188094925819205,-1.1934878882800886
2020-11-16,3.8027215069358333,-2.18966082144226,-1.1926724463664953
2020-11-17,3.8080482852726694,-2.1881323695041353,-1.2068517707463902
2020-11-18,3.813728911184902,-2.178487501161433,-1.2737862161418736
2020-11-19,3.8183905602982047,-2.178402101113449,-1.2703419357480004
2020-11-20,3.8223505272751317,-2.1706572259730423,-1.3223327169593713
2020-11-23,3.8262579860935513,-2.164446136529214,-1.3604601637409064
2020-11-24,3.8297663829498934,-2.159440683451735,-1.386781382322405
2020-11-25,3.833050613482377,-2.1546551378628727,-1.4060385454332238
2020-11-26,3.846945682490185,-2.1440532708865456,-1.2735167258402544
2020-11-27,3.851150588952272,-2.131473546313276,-1.1991325591653348
2020-11-30,3.849521415579447,-2.12084520420189,-1.1847264296733195
2020-12-01,3.8465903224177467,-2.111714938495989,-1.181664368139821
2020-12-02,3.844769239134596,-2.102140157438314,-1.1665807772006518
2020-12-03,3.841375272658356,-2.0903608997123735,-1.1755898719201088
2020-12-04,3.843073208987656,-2.0772369574137395,-1.0982568953291338
2020-12-07,3.8405837204404416,-2.0661898459966976,-1.077588861909863
2020-12-08,3.835377603097656,-2.05533445776592,-1.050251334425227
2020-12-09,3.827586262564285,-2.0460389690092087,-1.0296251245117056
2020-12-10,3.8153375310848237,-2.0412754379877436,-1.1280236768206302
2020-12-11,3.8083710086982987,-2.039155460306692,-1.1778068308197391
2020-12-14,3.804612332965613,-2.035529311616456,-1.1954174366860777
2020-12-15,3.801735580446232,-2.032253207394207,-1.1966307708041322
2020-12-16,3.7927175854399415,-2.04939050823049,-1.299714856203463
2020-12-17,3.78587949604394,-2.0721299717746584,-1.2988501226003173
2020-12-18,3.7785252414157653,-2.0857769407238775,-1.306828351085051
2020-12-21,3.771391516640313,-2.1039912327573154,-1.3539593986393308
2020-12-22,3.7730559392404013,-2.1158618226640904,-1.3665373880495226
2020-12-23,3.775991812831663,-2.126105007489843,-1.366774054225704
2020-12-28,3.766979849884165,-2.143158862967249,-1.3554810801505783
2020-12-29,3.7614329509782456,-2.151136398334821,-1.3415602320141211
2020-12-30,3.752795215560734,-2.15875579835656,-1.3508299271502946
2021-01-04,3.7479709725906716,-2.1633686145903037,-1.3562052318515978
2021-01-05,3.7456324077808225,-2.16776363489551,-1.3531698483769388
2021-01-06,3.7469382969921647,-2.175948817255746,-1.2974542004908907
2021-01-07,3.748465703120564,-2.1833950409340988,-1.282529123293467
2021-01-08,3.750447457691629,-2.1923140853776104,-1.2952698015742994
2021-01-12,3.7519571895954074,-2.199800139029372,-1.2981130113925825
2021-01-13,3.7525370545287853,-2.2082046513165774,-1.3521811828358392
2021-01-14,3.7553669718957967,-2.2151018509022995,-1.3707464442422286
2021-01-15,3.7579736801693597,-2.220749812635263,-1.3823037692799116
2021-01-18,3.7634431376122115,-2.2254572085115902,-1.3867448521732928
2021-01-19,3.766209464350831,-2.2322465012253363,-1.3947316823876696
2021-01-20,3.7694112673376163,-2.238406259815493,-1.3988459943860763
2021-01-21,3.770167207848818,-2.2474990514633424,-1.3963359238325306
2021-01-22,3.771878694807671,-2.254039808820066,-1.4438387556688406
2021-01-25,3.773604066315602,-2.2596092134167773,-1.4442084140386637
2021-01-26,3.7754229199271263,-2.2640799116737202,-1.4438832465722147
2021-01-27,3.7746168729308316,-2.271074198890836,-1.4862510744825486
2021-01-28,3.7715840533398364,-2.274058768363686,-1.5120141819849473
2021-01-29,3.7706887257784425,-2.278553792236506,-1.5319375208708566
2021-02-01,3.7742901907987627,-2.2845074841230506,-1.5056126905722316
2021-02-02,3.77689950879868,-2.290083924078058,-1.4973553267863526
2021-02-03,3.776657121613067,-2.294018337988014,-1.4851962725547272
2021-02-04,3.7760800188818844,-2.294554084246854,-1.5312831704427765
2021-02-05,3.7770772314996006,-2.2974328440684446,-1.590445282457724
2021-02-08,3.7795480882202455,-2.2985976409210003,-1.6043166161316649
2021-02-09,3.779437232544038,-2.301918273417427,-1.5940994851346895
2021-02-10,3.780065481495768,-2.304091183556342,-1.5931397313204059
2021-02-11,3.7808507302284244,-2.30610664753381,-1.594639463645864
2021-02-12,3.7815769436314053,-2.30748486511173,-1.6218394497509454
2021-02-15,3.7833305608856493,-2.307752136382095,-1.6247827993429904
2021-02-16,3.7849045756995823,-2.3088021633774725,-1.6324720083990887
2021-02-17,3.7840393378687245,-2.3122374356433886,-1.6366834531572512
2021-02-18,3.783764037968945,-2.314020062865282,-1.6252611234962735
2021-02-19,3.7824768500686146,-2.3149119566869594,-1.646907707722113
2021-02-22,3.781814600249112,-2.3158632059201523,-1.6567610295505457
2021-02-23,3.7817303235553354,-2.3159917680561213,-1.6639574036087417
2021-02-24,3.781357451179263,-2.3175675411625494,-1.6610124436342308
2021-02-25,3.781768492406841,-2.3168156145356527,-1.645563284958985
2021-02-26,3.77983824792179,-2.316557168247064,-1.6478756193494934
2021-03-01,3.7768617045864947,-2.316268768914219,-1.6484644320286042
2021-03-02,3.7747127802196863,-2.3152408042145645,-1.6478047838308691
2021-03-03,3.772220596070728,-2.315430867548067,-1.6408186630526431
2021-03-04,3.7716323221438914,-2.314469163771863,-1.6411628281854842
2021-03-05,3.7713064420229165,-2.3143868630086875,-1.6304313960682877
2021-03-08,3.7713100373241057,-2.313993565522703,-1.627502684370301
2021-03-09,3.7708990258868824,-2.3128781015992814,-1.621132393564781
2021-03-10,3.7703865192307533,-2.3119769759973106,-1.599152078818807
2021-03-11,3.7697039682789124,-2.3122478902887686,-1.6012419469553867
2021-03-12,3.769698452131613,-2.31288773849254,-1.609673065406178
2021-03-15,3.770089371669092,-2.3135656870198025,-1.5915370298128395
2021-03-16,3.769440324570246,-2.312258893031337,-1.5696731090579414
2021-03-17,3.7682455542256656,-2.3116550274581242,-1.57274395852959
2021-03-18,3.768429101932285,-2.312576282895315,-1.5973955643275433
2021-03-19,3.768490320725149,-2.312779900464458,-1.5602642915521159
2021-03-22,3.7654345465005625,-2.309783147372461,-1.5446854656032807
2021-03-23,3.7626192578408117,-2.3081888753153224,-1.548235674162897
2021-03-24,3.759607868824327,-2.305535500075114,-1.5329528409116875
2021-03-25,3.7548550200487174,-2.3024284485905384,-1.505259454523196
2021-03-26,3.752327988546669,-2.300674052069516,-1.447729965328419
2021-03-29,3.7511944804330364,-2.2977350743359426,-1.4347941097944181
2021-03-30,3.750677574897514,-2.295542625452098,-1.4626321173922312
2021-03-31,3.750915308626247,-2.293805920386105,-1.4659750972258563
2021-04-01,3.7496582154256304,-2.2909484641248685,-1.4781945342779828
2021-04-06,3.749699425194582,-2.2853967820661114,-1.4354870377645907
2021-04-07,3.7463554505677163,-2.2826282922660805,-1.4278805204540725
2021-04-08,3.743203881117718,-2.2802395921309793,-1.4237314180289293
2021-04-09,3.7406620750310333,-2.276816397495506,-1.4322962179230625
2021-04-12,3.7386360123320586,-2.274144047776489,-1.4313474670669266
2021-04-13,3.7369934702519982,-2.27165290089049,-1.4303971883785134
2021-04-14,3.7360274938708997,-2.2714553252210163,-1.449564980836928
2021-04-15,3.7358289201250883,-2.271483574273687,-1.4583032609229678
2021-04-16,3.7357614061094866,-2.268412588095773,-1.4386960003798195
2021-04-19,3.7348463155175295,-2.2661241481716234,-1.4327106717424765
2021-04-20,3.734066916292306,-2.266469703131054,-1.4484567594428563
2021-04-21,3.733814321171237,-2.2673903411768173,-1.4569311854249267
2021-04-22,3.7331293633474423,-2.2688939871292186,-1.4608323138574542
2021-04-23,3.733316080313542,-2.2702115758749097,-1.452442513550643
2021-04-26,3.7338404336970474,-2.2714204879880304,-1.4504118876227545
2021-04-27,3.7343457020088366,-2.272214397166285,-1.4476649924750071
2021-04-28,3.7344129520920255,-2.2722893526901915,-1.4726160172413203
2021-04-29,3.734995947833747,-2.272212616935045,-1.4847659391658508
2021-04-30,3.73688235752609,-2.2736751582930865,-1.4931220242920822
2021-05-03,3.738799141185733,-2.2749127456057354,-1.5000579131942138
2021-05-04,3.7412276749366153,-2.275245031760716,-1.5116495574239
2021-05-05,3.742263993647944,-2.275895575130709,-1.5126523589657268
2021-05-06,3.7444414888484108,-2.2752677859446524,-1.5024450331613846
2021-05-07,3.744155970016252,-2.27538791654927,-1.5093404529959136
2021-05-10,3.7441040396815817,-2.2750788959071153,-1.5137244397613838
2021-05-11,3.7451573509232414,-2.274873676830611,-1.5199330285893375
2021-05-12,3.746747094603157,-2.2756541963083614,-1.5101721618244766
2021-05-17,3.7468398720944616,-2.2761368783565925,-1.5146094960669623
2021-05-18,3.7473187189861354,-2.2789196733883514,-1.5097209992449387
2021-05-19,3.7452295141847047,-2.2826593170862592,-1.4940613322476612
2021-05-20,3.743832901919261,-2.2853642216267205,-1.487063819562764
2021-05-21,3.7426567634449497,-2.285079507322067,-1.5080749424246365
2021-05-24,3.742157430661762,-2.285926645094444,-1.5201553832123276
2021-05-25,3.7433604732557133,-2.2852509945967996,-1.5237584757673535
2021-05-26,3.7438264651652897,-2.2854097598699052,-1.5303082017606413
2021-05-27,3.744974946173047,-2.2841348192105526,-1.5351000300561901
2021-05-28,3.7457090292889057,-2.282796138873011,-1.53188701297423
2021-05-31,3.7464428747662986,-2.2809736402792593,-1.5357815161975608
2021-06-01,3.7468312652233053,-2.280650773348272,-1.543824335819934
2021-06-02,3.746768747579614,-2.2798772078359306,-1.5347817173475304
2021-06-03,3.746806736877615,-2.2785130081508234,-1.5368468151726875
2021-06-04,3.747506924001174,-2.277781641021284,-1.5355137732951458
2021-06-07,3.7475703390371082,-2.2763169419516225,-1.5290734735909484
2021-06-08,3.7473684736337076,-2.2762993262443394,-1.5335585163180525
2021-06-09,3.746517307622456,-2.275426448736442,-1.5262982954894166
2021-06-10,3.746291503738227,-2.272979358056534,-1.5224464647734472
2021-06-11,3.745355063002178,-2.27140609670199,-1.5201251408235086
2021-06-14,3.7447860159256217,-2.269503214365513,-1.5221298704126154
2021-06-15,3.742131559461935,-2.2685923022463554,-1.5217380162349396
2021-06-16,3.740937135731341,-2.26815626419962,-1.5125922897788766
2021-06-17,3.7399562657517618,-2.267271306727705,-1.5067340944442371
2021-06-18,3.738518109695846,-2.266680992828797,-1.4974016491702868
2021-06-21,3.737191432006291,-2.265821829146181,-1.494924293341047
2021-06-22,3.7362878246872935,-2.2648769585219877,-1.4894179368899023
2021-06-23,3.7352342257657973,-2.26440336293106,-1.4859888580900102
2021-06-24,3.7334788585629672,-2.26300671648224,-1.4784774193708277
2021-06-25,3.7317341931590713,-2.2616741747815814,-1.473173084406048
2021-06-28,3.7297060552237533,-2.2597884923905296,-1.4728684586638836
2021-06-29,3.7283922410377732,-2.2588949257264224,-1.4716008795663365
2021-06-30,3.7275768288399207,-2.2571356414240764,-1.447355352020952
2021-07-01,3.7252745116152206,-2.255928194439317,-1.4553894989763532
2021-07-02,3.723749736947616,-2.2542895268886065,-1.4518893619126008
2021-07-05,3.7224663592134752,-2.2522488291345666,-1.450245725535657
2021-07-06,3.721750987015286,-2.2503159139687057,-1.4314629150997131
2021-07-07,3.721064163044222,-2.2478774962185204,-1.4497103721768667
2021-07-08,3.7199879235859004,-2.246107685026738,-1.473182647604146
2021-07-09,3.7191285375035905,-2.2438917655452375,-1.4730296121139983
2021-07-12,3.7190217397402816,-2.2432923350106204,-1.4862013696592462
2021-07-13,3.7205139737246133,-2.2417962698845786,-1.497258432189904
2021-07-14,3.7234262837549426,-2.240676904477649,-1.4654694785476023
2021-07-15,3.7226273593762493,-2.2375624233388036,-1.4775442270372476
2021-07-16,3.7224124516550234,-2.233341980117118,-1.4807971518850473
2021-07-19,3.7213887254336497,-2.23120327994215,-1.492327448786492
2021-07-20,3.722118430793823,-2.2275848906448164,-1.4494260817243958
2021-07-23,3.7185115881444775,-2.2211423698688915,-1.4497766051110663
2021-07-26,3.714168576961564,-2.2174223359644256,-1.4493273998621923
2021-07-27,3.7109619308132014,-2.2131998489217235,-1.4443514608151446
2021-07-28,3.7082433884697594,-2.209149310622421,-1.4462800938161768
2021-07-29,3.7058248816578163,-2.2035982589995857,-1.4144968777928455
2021-08-02,3.703887896292885,-2.198397040477496,-1.4122034212927954
2021-08-03,3.701921039881305,-2.192696325563256,-1.4087721929570116
2021-08-04,3.6992684702379877,-2.1873333299982662,-1.4050658718359117
2021-08-05,3.696529081902555,-2.1824075218338916,-1.4029904421698962
2021-08-06,3.69353760737404,-2.178026812297777,-1.405942461519006
2021-08-09,3.691121707530042,-2.1742533636875336,-1.4079352214546679
2021-08-11,3.689204834129018,-2.170651412873577,-1.4165259110546553
2021-08-12,3.686215203162452,-2.172136340366601,-1.374246648796759
2021-08-13,3.6839931533605603,-2.1724479111974606,-1.3588930489014224
2021-08-16,3.681312414591254,-2.172947043051473,-1.3469258607220518
2021-08-17,3.678173448239755,-2.172971399893879,-1.3185516720991644
2021-08-18,3.6748669901614712,-2.172861727995105,-1.3007043698331224
2021-08-19,3.6727820855607574,-2.17180210079978,-1.2944684454144946
2021-08-23,3.6691004447921345,-2.1703587153032857,-1.312911689814613
2021-08-24,3.6663532792408393,-2.1679630613524647,-1.3047461116814878
2021-08-25,3.6632630452579336,-2.167354493551896,-1.3049808081898713
2021-08-26,3.6624474387477632,-2.166358446953853,-1.3040145491275337
2021-08-27,3.6606476198882345,-2.1635621817239783,-1.291197843707388
2021-08-30,3.658508020943515,-2.161042727539506,-1.2815773877004082
2021-08-31,3.656464042281111,-2.1602617064561334,-1.2925900911511217
2021-09-01,3.6546573902104065,-2.1609160166847006,-1.2742561015262162
2021-09-02,3.6545937994376576,-2.160988710188947,-1.2682990578945177
2021-09-03,3.656085875797305,-2.161847152708379,-1.251685903621205
2021-09-06,3.656359020731531,-2.1635397106323664,-1.2621123923835798
2021-09-07,3.657916870942966,-2.165225707481607,-1.2544488786130112
2021-09-08,3.657396827588143,-2.1687270234587315,-1.2492752894224521
2021-09-09,3.659661931288199,-2.1694839121721556,-1.2516260832775472
2021-09-10,3.661651838604325,-2.1700068934572516,-1.2633337595005003
2021-09-13,3.6638129130919097,-2.1707310112632134,-1.2776131945391365
2021-09-14,3.666857279779916,-2.1702099310513447,-1.2831409758045866
2021-09-15,3.666150777736186,-2.1705201180956673,-1.2599266236589264
2021-09-16,3.667106171893455,-2.1706110453737306,-1.2862486580349983
2021-09-17,3.6683813552806854,-2.1690406707034833,-1.2803229943855914
2021-09-20,3.6706674877070657,-2.1673644253363467,-1.2928973274768134
2021-09-21,3.672817566338535,-2.1637451130781002,-1.2933648376402018
2021-09-22,3.66874369318406,-2.1643302702288767,-1.2696849062006168
2021-09-23,3.669141294286786,-2.1612401248487516,-1.2720730327214556
2021-09-24,3.6692318174591105,-2.1575997489244356,-1.284340816654128
2021-09-27,3.6685978076941024,-2.156143807951198,-1.2873780812579239
2021-09-28,3.6688555184809553,-2.154178945380373,-1.292912361711959
2021-09-29,3.6696122848671724,-2.152849203594025,-1.2846652296642889
2021-09-30,3.668940785779252,-2.1509029913320905,-1.284894448308765
2021-10-01,3.6677445159247846,-2.1500071948662813,-1.2770686103249025
2021-10-04,3.666809580412932,-2.1487368320061084,-1.2782716837672237
2021-10-05,3.666644886233909,-2.1490896877534653,-1.286972172704733
2021-10-06,3.666080657765043,-2.1486740571087704,-1.2773987761739887
2021-10-07,3.665705791402655,-2.1481033969601393,-1.2753213817693816
2021-10-08,3.66720892610239,-2.148799099738446,-1.2847788480371247
2021-10-11,3.667811376570637,-2.1489543924484726,-1.2742696935783278
2021-10-12,3.6666068827246083,-2.1496053740314545,-1.2946229051013098
2021-10-13,3.6684406908640934,-2.1521924067537057,-1.2850487656160643
2021-10-14,3.669214841208918,-2.1552246747473203,-1.284580774875271
2021-10-15,3.6702996828845262,-2.1570014042326515,-1.288619985072172
2021-10-18,3.6708748284137855,-2.1594897331134453,-1.2922959024857354
2021-10-21,3.670854362663749,-2.1609764993243252,-1.277610445095749
2021-10-22,3.669932330419923,-2.163478938256621,-1.277498314922987
2021-10-25,3.669609020947553,-2.1656999994548474,-1.2727825649490807
2021-10-26,3.670392244877537,-2.166754301673823,-1.2616848654735846
2021-10-27,3.6682925477360766,-2.170486867459132,-1.2916576528810237
2021-10-28,3.665927658658731,-2.1724349426093044,-1.2866068900494827
2021-10-29,3.6672291333058062,-2.1705150706085896,-1.2902792672365089
2021-11-01,3.6677858079878236,-2.168999023159148,-1.2887870868499103
2021-11-02,3.668794024529108,-2.1677841642113065,-1.3149643117396612
2021-11-03,3.670193578530985,-2.1674224577482373,-1.339887695646747
2021-11-04,3.671803740778517,-2.167155309143876,-1.3497812135195704
2021-11-05,3.674909111144816,-2.168965407734175,-1.3157011383242336
2021-11-08,3.6763139341302726,-2.170930790026408,-1.341762812886749
2021-11-09,3.6788661158043623,-2.1734496589521313,-1.354263569981621
2021-11-10,3.681578488176269,-2.175913381820054,-1.3541994113329696
2021-11-11,3.6836938590604853,-2.1783655500635892,-1.3524905038207578
2021-11-12,3.6849639383584867,-2.179201645935469,-1.3478592876979723
2021-11-15,3.6856134840833485,-2.1802382959722446,-1.346849280343889
2021-11-16,3.6867792344146166,-2.1806769644192343,-1.3485009108093249
2021-11-17,3.6874339891960157,-2.1817148320088795,-1.3640493574528525
2021-11-19,3.687684110911042,-2.1818821164473614,-1.337065467482044
2021-11-22,3.687373956932325,-2.1808362878710743,-1.3626370113736543
2021-11-23,3.6878546644544596,-2.1800297218470943,-1.3734650688290424
2021-11-24,3.6832187866361887,-2.1848121736154615,-1.3551130109363696
2021-11-25,3.6803728729266623,-2.189474328046512,-1.3385651477426672
2021-11-26,3.6764239905815757,-2.190873849880574,-1.2829697079255475
2021-11-29,3.6717392169588696,-2.1862249381394823,-1.3327846333190843
2021-11-30,3.671424147147176,-2.179473324436796,-1.363564035682032
2021-12-01,3.6713158353895596,-2.1712804328301196,-1.3864277377109528
2021-12-02,3.670566576204862,-2.164372086360668,-1.3910686922107798
2021-12-03,3.671056286669192,-2.160393066431927,-1.3862359511614286
2021-12-06,3.669331700584051,-2.1556178816237614,-1.393186109105058
2021-12-07,3.6677266228060916,-2.1513232131802384,-1.3970767775697215
2021-12-08,3.6619690446351782,-2.151212881527432,-1.3686026182801876
2021-12-09,3.656820561442348,-2.151185647402417,-1.3465444384357284
2021-12-10,3.653320692964156,-2.151685435097914,-1.3072452157629806
2021-12-13,3.65633462589126,-2.1470396936442784,-1.3284426225125123
2021-12-15,3.6532104193675914,-2.146708147824784,-1.3417150182193238
2021-12-16,3.6586226557278105,-2.1436837708002696,-1.3395115688499581
2021-12-17,3.6635028164046903,-2.1412478430133697,-1.361471258403094
2021-12-20,3.66427364235674,-2.1352586062846446,-1.3977671236694165
2021-12-21,3.6611230911218655,-2.1274877445561327,-1.455120732178877
2021-12-22,3.661700014821035,-2.1217874303975477,-1.4672120140110736
2021-12-23,3.666275461245353,-2.1216039314906157,-1.4673523235495902
2021-12-24,3.6692288299857947,-2.1222467756274233,-1.462129127785185
2021-12-27,3.6711791388625286,-2.122462881262634,-1.4537584448211336
2021-12-28,3.6739712049280806,-2.1230461867878794,-1.4581950731090998
2021-12-29,3.676344777103734,-2.123805214518835,-1.4645547216233403
2021-12-30,3.6787083186087646,-2.124889198178922,-1.4734904040812657
2021-12-31,3.6812310852958348,-2.1245173719845094,-1.4946607938254601
2022-01-03,3.683743580319616,-2.12431291904923,-1.5077175678917367
2022-01-04,3.6873976242470774,-2.1268988772058464,-1.515323271866893
2022-01-05,3.6906435962417823,-2.128288350976808,-1.525274446308523
2022-01-06,3.693296436886526,-2.1304703686481816,-1.534079981071803
2022-01-07,3.6934981258431936,-2.1318531713696895,-1.5544160299526748
2022-01-10,3.693150831497403,-2.1317654075068395,-1.5534031276309301
2022-01-12,3.6932450866435946,-2.132957692667644,-1.5503569582408327
2022-01-13,3.6989365578392843,-2.1370186458260747,-1.498248785909094
2022-01-14,3.705345263654435,-2.144296837054552,-1.4636089660993343
2022-01-17,3.7037987415425815,-2.145976240229676,-1.5048642924101512
2022-01-18,3.704807340964513,-2.144198029556107,-1.5005658128357668
2022-01-19,3.710038352808961,-2.14024655061788,-1.410966636311976
2022-01-20,3.7044117194227986,-2.1320509458285755,-1.4418611121700131
2022-01-21,3.7003454504924536,-2.1278972229378255,-1.4420619032717714
2022-01-24,3.698696711720538,-2.121425989874373,-1.4325688850716198
2022-01-25,3.69596435786855,-2.114622183978945,-1.4279036198829929
2022-01-26,3.690239227924841,-2.1069583171427784,-1.3893011545940537
2022-01-27,3.68453606496139,-2.099834897902108,-1.4143779629380728
2022-01-28,3.679726529508488,-2.093237900116932,-1.4151587430176191
2022-01-31,3.6764713215206513,-2.087602527367062,-1.3932496187793646
2022-02-01,3.670706004446338,-2.0816789569620413,-1.3626480975515742
2022-02-02,3.664920391824238,-2.0783198356309347,-1.3122922952965275
2022-02-03,3.658428552225488,-2.0728893735211598,-1.2690528451565277
2022-02-04,3.6557919620740966,-2.0734707569877338,-1.228509929961686
2022-02-07,3.6489315036726278,-2.0720992655895096,-1.1771206067802025
2022-02-08,3.6440149531545347,-2.071327737767188,-1.1471391030889824
2022-02-09,3.6385183826632197,-2.0726126874975073,-1.1722294341904753
2022-02-10,3.6355270114182345,-2.074415478819836,-1.1663845992456676
2022-02-11,3.640455360004666,-2.0804314067228797,-1.1248091828697455
2022-02-14,3.6437700120643153,-2.08595662999884,-1.1512452851502992
2022-02-15,3.6479941952217336,-2.090795659929566,-1.1675131228448419
2022-02-16,3.649400789332111,-2.093989145778245,-1.1366843741887198
2022-02-17,3.6502337186268985,-2.097385960011379,-1.1231172996766245
2022-02-18,3.651245690557791,-2.103218564827573,-1.1201826730651367
2022-02-21,3.6566529736489737,-2.107403073355151,-1.0840591441493137
2022-02-22,3.656247342372166,-2.1099132354881416,-1.1070700664553468
2022-02-23,3.656733701004154,-2.113080624157536,-1.104981066940448
2022-02-24,3.657538131203262,-2.115327142698824,-1.102661608618952
2022-02-25,3.654766657635672,-2.1118364052036616,-1.1069964409899833
2022-02-28,3.652367661311675,-2.109600084172941,-1.0989192490313229
2022-03-01,3.650696878535235,-2.106571121771081,-1.1056127082652376
2022-03-02,3.6489287487984847,-2.102128868036952,-1.1253251492723597
2022-03-03,3.646459874005278,-2.0973011217306095,-1.1361077299638496
2022-03-04,3.6443744629752266,-2.0947710284577306,-1.137337495135756
2022-03-07,3.641643826217891,-2.0877544240434043,-1.1347166173818493
2022-03-08,3.639656595471683,-2.081659139082019,-1.1253909806931235
2022-03-09,3.636791942171202,-2.0823655043600633,-1.1177259602721348
2022-03-10,3.634651352175259,-2.083931362061704,-1.1075367110395669
2022-03-11,3.63870938517342,-2.0888602824499722,-1.0537019921378856
2022-03-14,3.639646277444629,-2.0915986793223986,-0.970280345426153
2022-03-15,3.6358531245520114,-2.0923335977576945,-0.963286358856285
2022-03-16,3.6331189099378776,-2.093152837223805,-0.9598458543796231
2022-03-17,3.6314619064270746,-2.0946096002151426,-0.9850822754287112
2022-03-18,3.6300793276711483,-2.0944978513551833,-0.9943687726767714
2022-03-21,3.6302997475981424,-2.0938544963471606,-1.0119842131527885
2022-03-22,3.6302705580389545,-2.0889544936978943,-0.9824230268937599
2022-03-23,3.628616916605212,-2.087806598989066,-0.9863213955344947
2022-03-24,3.62780057610794,-2.0865751940707646,-0.976200835496519
2022-03-25,3.6299759502826157,-2.086102946701489,-0.9574734012060363
2022-03-28,3.629540447109661,-2.086157470658209,-0.9480169949733046
2022-03-29,3.6294949498860625,-2.0881358682778988,-0.9535335086910411
2022-03-30,3.6309822359025485,-2.0899263721086947,-0.9588762927891945
2022-03-31,3.6314915237762206,-2.0917250706467825,-0.9598628772575504
2022-04-01,3.6350975505894456,-2.094274546117792,-0.9527273378970419
2022-04-04,3.6356393822779123,-2.0926833090938874,-0.9340000289385955
2022-04-05,3.635455308977773,-2.091237723541215,-0.9412560709719499
2022-04-06,3.6355832154253864,-2.0899399935010594,-0.9338645194588616
2022-04-07,3.635014172653747,-2.0901601696579,-0.9300253762646004
2022-04-08,3.6362261273905254,-2.091147835253715,-0.9179541413046948
2022-04-11,3.6355262314797265,-2.092126123372101,-0.9464048418176938
2022-04-12,3.635296709864472,-2.0936723262823906,-0.9540919333176527
2022-04-13,3.635714567993359,-2.0943787898970947,-0.9430611520571677
2022-04-14,3.6367348334393816,-2.0931569898388864,-0.9156102248469639
2022-04-19,3.6397369812481775,-2.0974813584950347,-0.9227342244479029
2022-04-20,3.643059313407812,-2.102496320854294,-0.9394665453211608
2022-04-21,3.6459291606581457,-2.106616869705091,-0.9497975495728102
2022-04-22,3.6523532661038125,-2.1041404484897415,-0.8954625637292842
2022-04-25,3.653324050572614,-2.1082909440437296,-0.946800961053292
2022-04-26,3.6558120723616616,-2.1098948195317107,-0.9506538655168806
2022-04-27,3.656882762516569,-2.112363297655505,-0.9529659582897112
2022-04-28,3.6579008481060735,-2.109993733454032,-0.8706706048037514
2022-04-29,3.660683880417166,-2.1120553244438396,-0.8230586798178147
2022-05-04,3.661526288858941,-2.1143063582449204,-0.8055726397316094
2022-05-05,3.6575087673392006,-2.1151314379589707,-0.7485673770652809
2022-05-06,3.6612114398999474,-2.1168390875853453,-0.759296525701937
2022-05-09,3.664501710020817,-2.1193363463387196,-0.6904828870251618
2022-05-10,3.6656456800560178,-2.1252754444871873,-0.7792772198503329
2022-05-11,3.670653255742848,-2.125226970407132,-0.759927907443656
2022-05-12,3.6727266475176674,-2.1265683334133456,-0.8152549004143818
2022-05-13,3.6795001222263086,-2.1244941927733576,-0.8638559806023925
2022-05-16,3.6917378863330876,-2.123857160784638,-0.9489105367272055
2022-05-17,3.704045333127199,-2.1163191162945245,-0.9588709828455544
2022-05-18,3.701885499381514,-2.1170289696208515,-0.9485239445659784
2022-05-19,3.6996209531914115,-2.1186912045997057,-0.9462537095727221
2022-05-20,3.6983837191534095,-2.1186580728398052,-0.9355487896892996
2022-05-23,3.6972909313657483,-2.1171171302183867,-0.9552264429374128
2022-05-24,3.6961297833907074,-2.1142975381768347,-0.9537691631628112
2022-05-25,3.6931892878602284,-2.1160177723012366,-0.9561808165624421
2022-05-26,3.6946568640719684,-2.114042672128698,-0.9580970832787767
2022-05-27,3.6977980179185757,-2.1126841632584035,-0.976429061208849
2022-05-30,3.700430189096354,-2.1099175251272473,-0.9926712615192029
2022-05-31,3.7022276097435074,-2.1099160078838866,-0.9848424273489601
2022-06-01,3.7041622415599473,-2.105901789370066,-0.9626940091356875
2022-06-02,3.7047137012183375,-2.1031084444674737,-0.9594636814742297
2022-06-03,3.708878550574952,-2.106802376457761,-0.9635608207322363
2022-06-06,3.712437684363467,-2.108736609891827,-0.9605792209686951
2022-06-07,3.7126510352699893,-2.1046540227317463,-0.9002104023056029
2022-06-08,3.7102741388979252,-2.1077974282824243,-0.9103262754145302
2022-06-09,3.7109334583024665,-2.110633491678903,-0.918037737790423
2022-06-10,3.710610301958489,-2.1116164626586573,-0.8136520616820561
2022-06-13,3.707439462807514,-2.1116642598125854,-0.7632943225125759
2022-06-14,3.7045583942962326,-2.1144138497846297,-0.8078214204425815
2022-06-15,3.7043484245697353,-2.113956540406029,-0.8287543910569873
2022-06-16,3.7044241862537195,-2.11559446824331,-0.8522157275848503
2022-06-17,3.7056705067468276,-2.118344224239397,-0.8538949881754805
2022-06-20,3.7073735461320587,-2.1084799302487522,-0.7985248421107847
2022-06-21,3.7135134737280975,-2.1098001449363846,-0.7624073449805765
2022-06-22,3.7158786955917047,-2.1159723901621517,-0.8496712624460061
2022-06-23,3.7202720963828892,-2.1243386248680225,-0.8549374029787488
2022-06-24,3.7303217602576577,-2.124223230003972,-0.8528358014939993
2022-07-04,3.737072211975294,-2.1262729942072225,-0.7986825652564207
2022-07-05,3.7406352296632956,-2.123887097891839,-0.8110369538641349
2022-07-06,3.746185757200794,-2.127972053705053,-0.8850149842867022
2022-07-07,3.753560153329119,-2.1329112792709943,-0.9829423132250295
2022-07-08,3.7585708877254524,-2.131678309470537,-0.9268586667436687
2022-07-12,3.764517870903458,-2.130156211284236,-0.939627607278759
2022-07-13,3.7713361247771937,-2.1262165451812853,-0.9565924837826882
2022-07-14,3.78012592898565,-2.1202400814299307,-0.9842544427206084
2022-07-15,3.78834963397514,-2.1153291328704023,-1.0771521780650417
2022-07-18,3.7955067270593603,-2.114102090132049,-1.1332393543321522
2022-07-19,3.802670882305918,-2.1131274723719295,-1.1007445770021504
2022-07-20,3.8015024589696953,-2.113511000421408,-1.0234475194519261
2022-07-21,3.798333491853649,-2.113721125240321,-0.9902151104138911
2022-07-22,3.8002569822857195,-2.120177518961732,-1.1288015005600833
2022-07-25,3.805075293387578,-2.1244161111769184,-1.1155915859366388
2022-07-26,3.8093747760878793,-2.129876101867765,-1.1171026083573883
2022-07-27,3.80989094892079,-2.1310648103146597,-1.1350445383307126
2022-07-28,3.815741524040024,-2.1330798777243856,-1.1372593763316072
2022-07-29,3.8226903198272195,-2.1300634592248167,-1.2125299746273361
2022-08-01,3.8286577500868484,-2.1294583817818276,-1.2648141141410871
2022-08-02,3.8371885215236508,-2.126055210233291,-1.302301229864861
2022-08-03,3.8453394921419957,-2.1213500614148737,-1.3403430467817232
2022-08-04,3.8523083647149674,-2.1203433720764737,-1.37675149816921
2022-08-05,3.86019260063328,-2.1178873562858413,-1.4001498540252535
2022-08-08,3.8662452395770845,-2.1201401317149995,-1.4421701354811316
2022-08-09,3.8724630890392446,-2.122157409374447,-1.4699250692869832
2022-08-10,3.881724516357129,-2.1224735250690454,-1.5006583752165163
2022-08-11,3.8858842032296246,-2.1257854531029112,-1.5146990031806162
2022-08-12,3.8914850644951766,-2.129918867159236,-1.5570774163057193
2022-08-15,3.8977823560984706,-2.132181332850575,-1.5688640250300823
2022-08-16,3.906815792781385,-2.1278760634371237,-1.5847037723537971
2022-08-17,3.915894850974843,-2.1215770778159753,-1.6091004876592205
2022-08-18,3.9213785004985517,-2.1168694556579313,-1.6021542941229772
2022-08-19,3.9267361849690023,-2.120187228930608,-1.6660494399045411
2022-08-22,3.934924469704839,-2.1205948898281406,-1.6917573289777739
2022-08-23,3.9462211392991455,-2.111502925982095,-1.7049227308960637
2022-08-24,3.9569197383004817,-2.1009335452936186,-1.7414111628893592
2022-08-25,3.9644622070368185,-2.0926176972012542,-1.775970408969612
2022-08-26,3.9674892362426246,-2.0900121931984286,-1.805067530586159
2022-08-29,3.9706322301582366,-2.0868929931987954,-1.809265104531603
2022-08-30,3.9748363289995794,-2.0821209370767084,-1.8119966611730618
2022-08-31,3.978583806578232,-2.0745429515852996,-1.818038418048415
2022-09-01,3.981588912485306,-2.067553907225698,-1.830937779768023
2022-09-02,3.9813266790960244,-2.069421188909239,-1.8556876083647884
2022-09-05,3.986887051854427,-2.062739948227491,-1.8734697895441832
2022-09-06,3.9885285147423715,-2.0559795724181607,-1.9194016634765412
2022-09-07,3.991838916526529,-2.0492593463345816,-1.9473472526487587
2022-09-08,3.9990929161405133,-2.0453606978103385,-1.9307457052037804
2022-09-09,4.0088106804030215,-2.044839450101852,-1.9155716769265692
2022-09-12,4.014986081864836,-2.047386986809797,-1.9200210606490862
2022-09-13,4.023118753194302,-2.0482277198306584,-1.9433208736333778
2022-09-14,4.022365323600846,-2.034473830967098,-1.7641784446977755
2022-09-15,4.014994904282017,-2.0213785706995933,-1.678657432351419
2022-09-16,4.0042357786580824,-2.0119255536388936,-1.6093257210195446
2022-09-19,3.991889273701824,-2.00260529007371,-1.578513092426056
2022-09-20,3.9831856083649293,-1.993459676582614,-1.5207945110194816
2022-09-21,3.974484303653207,-1.9871567415778535,-1.4302176904954345
2022-09-22,3.968279740478468,-1.9851332095938874,-1.3385391554929014
2022-09-23,3.969840791670782,-1.9922608634676486,-1.280726896493588
2022-09-26,3.970509093554555,-1.9964569392021743,-1.244999032349077
2022-09-27,3.9721803588887323,-1.9934192723514848,-1.1651582229791675
2022-09-28,3.9711075086798706,-1.9935867303088768,-1.1210046684270452
2022-09-29,3.9651651209052634,-1.9774876140003133,-0.8548920832623982
2022-09-30,4.0155789082817925,-1.9977740915503437,-0.24353325830570727
2022-10-03,4.038844211566578,-2.0190536987917755,-0.08470509111964464
2022-10-04,4.061599192041712,-2.032170199270987,-0.06503248586654517
2022-10-05,4.078878034430377,-2.046985264625513,-0.1131291095124374
2022-10-06,4.094375272453233,-2.0601626228206635,-0.13545894744000708
2022-10-07,4.1146854127811565,-2.0709575462082803,-0.1920103595615587
2022-10-11,4.133384023710909,-2.0826339886896084,-0.2436331420582335
2022-10-12,4.151799025699246,-2.0870540878759622,-0.19010960794844284
2022-10-13,4.166490152045981,-2.0924896001153144,-0.20433621345562097
2022-10-14,4.182738883996154,-2.1051341434606283,-0.37155565394279044
2022-10-17,4.20187013442724,-2.1186949646429385,-0.5250333502210777
2022-10-18,4.223089492688252,-2.130600832744264,-0.5917036991920466
2022-10-19,4.2450939294136205,-2.1438263005604705,-0.6735768185762631
2022-10-20,4.262598946273929,-2.1597493113446395,-0.7169316174078898
2022-10-21,4.277014782255922,-2.1769893450652127,-0.7313107282859762
2022-10-24,4.290348711224259,-2.192952506035351,-0.7666995247542642
2022-10-25,4.308131955279064,-2.2018691272162796,-0.7664125935564736
2022-10-26,4.322528871211875,-2.209857496263794,-0.8105480789629786
2022-10-27,4.337295399971805,-2.21684656334151,-0.8324900518725826
2022-10-28,4.356828388046922,-2.2159612808510882,-0.9362276495500461
2022-10-31,4.376532676758266,-2.21358107604142,-0.9794032732807324
2022-11-01,4.392441551571409,-2.2124250591179995,-1.018626034081061
2022-11-02,4.407294233142597,-2.2129228959315923,-1.091150093870148
2022-11-03,4.420751698006701,-2.210132918327642,-1.152505395257229
2022-11-04,4.431652814735558,-2.2104188138103154,-1.2051252145298696
2022-11-07,4.442365368722713,-2.2078751323018517,-1.2327890571281677
2022-11-08,4.4607443972925225,-2.202605138445835,-1.3652496600837207
2022-11-09,4.474603242117601,-2.202813169325449,-1.441677988886247
2022-11-10,4.489611278938056,-2.2013646363178068,-1.480605107274218
2022-11-11,4.500021510084567,-2.196375545297674,-1.5051462144843564
2022-11-14,4.514187413535351,-2.187770622451103,-1.5392151710010462
2022-11-15,4.52515515513943,-2.1808543679732875,-1.5837982074098178
2022-11-16,4.534989844402551,-2.168756590138792,-1.561758414640829
2022-11-17,4.545093320770658,-2.150293298034362,-1.582962666192027
2022-11-21,4.5508226408659365,-2.132915899299657,-1.5811216151902383
2022-11-22,4.549352720183675,-2.120749280075284,-1.5713169962766411
2022-11-23,4.557327783419933,-2.0976180854659336,-1.6423295829184468
2022-11-24,4.562915204886653,-2.0779181492977066,-1.7016867261943316
2022-11-25,4.569643751631958,-2.0593992614852294,-1.7596122494265114
2022-11-28,4.569753680694409,-2.048342535509658,-1.7781690820897378
2022-11-29,4.5693577921553565,-2.0396871515491317,-1.797260506076427
2022-11-30,4.57093740032141,-2.021250982837006,-1.7708116218516867
2022-12-01,4.567025570956789,-2.0050269429894105,-1.7397368542189358
2022-12-02,4.360400983285497,-2.1236633506205806,-3.157129532114582
2022-12-05,4.45942195173521,-2.0738440679695067,-1.9030333782362934
2022-12-06,4.492649344168424,-2.0405243618235027,-1.588947599614523
2022-12-07,4.5157244237057546,-2.0003526164628114,-1.5600560929250598
2022-12-08,4.527940487560436,-1.9674813531177804,-1.6060741461364312
2022-12-09,4.531788144837084,-1.950771587351651,-1.711381650906985
2022-12-12,4.535864381315766,-1.9376453710937103,-1.765782314488025
2022-12-13,4.543527377174401,-1.9202837834125888,-1.7933818124118641
2022-12-14,4.55304769297617,-1.9010592741274872,-1.8539325307696253
2022-12-15,4.560252304574709,-1.88592689496906,-1.9062290939090583
2022-12-16,4.562851974818776,-1.8809243197209016,-1.948431261888484
2022-12-19,4.563831403320699,-1.8772912210708828,-1.9512358129800003
2022-12-20,4.568724906207115,-1.8683935160767875,-1.9743989962245134
2022-12-21,4.5725679150966405,-1.8626244856603038,-2.003083343230018
2022-12-22,4.578355899777962,-1.8566501036227674,-2.0306309658237027
2022-12-23,4.583144502188523,-1.8520461083418849,-2.051995217677181
2022-12-27,4.586114701108998,-1.8494156035023726,-2.069240114372842
2022-12-28,4.598140581267506,-1.841247294063645,-2.1219783217672985
2022-12-29,4.604622101351665,-1.841270536457796,-2.1187907075671006
2022-12-30,4.618395471655836,-1.8391557759655992,-2.1253170831023787
2023-01-02,4.624754761604274,-1.8359520674757868,-2.168196553468499
2023-01-03,4.631061884453801,-1.8338824727936593,-2.2052873682169687
2023-01-04,4.658320990586322,-1.800817256966221,-2.2633005094822325
2023-01-05,4.671995570724222,-1.7781724646391877,-2.329543012719554
2023-01-06,4.866958711124052,-1.8127073978851416,-0.4030821921537606
2023-01-09,4.963997480383748,-1.8594175465856455,0.061411762580151685
2023-01-10,5.030547099830378,-1.9074315539084166,0.10764676624424968
2023-01-12,5.086039718166262,-1.9537665390385943,0.03970328967802579
2023-01-13,5.136257422874744,-1.9974148934322677,-0.06613390362238382
2023-01-16,5.183007691686603,-2.037970809980357,-0.17054995831942843
2023-01-17,5.227262519150639,-2.0763583692764516,-0.27351477801122454
2023-01-18,5.268795301455746,-2.1122866367018713,-0.3693385148919197
2023-01-19,5.3041071411118175,-2.1452454018041545,-0.4419153964574466
2023-01-20,5.338050673507802,-2.177260705552329,-0.5177807711918435
2023-01-23,5.370507618452407,-2.208382138407154,-0.5879565283295253
2023-01-24,5.401264776627462,-2.237684135672408,-0.6537344485694702
2023-01-25,5.42264341646274,-2.2713408411281377,-0.6846971488106688
2023-01-26,5.444172728549782,-2.3011627688183696,-0.719865503908225
2023-01-27,5.465127240930493,-2.328847168409562,-0.7505870654912673
2023-01-30,5.485530136511962,-2.3547784544190016,-0.7822746424712093
2023-01-31,5.504853620408843,-2.378738470762775,-0.8108093347302981
2023-02-01,5.523586332923898,-2.3971946940460365,-0.8268594276393326
2023-02-02,5.540404144181118,-2.4143686364713393,-0.8527483532977578
2023-02-03,5.556204287552568,-2.4292061608471256,-0.8874795305602031
2023-02-06,5.571446940970005,-2.4434494943778824,-0.9224995600992836
2023-02-07,5.586238170744896,-2.4578034203606656,-0.954748616104632
2023-02-08,5.598822290317709,-2.47329190305009,-0.9808761644254831
2023-02-09,5.611459129568469,-2.4884878968480044,-1.0053216160155993
2023-02-10,5.623809851331876,-2.502051120459787,-1.031491156432607
2023-02-13,5.635635446030318,-2.5153209091948607,-1.052510115937761
2023-02-14,5.646882542482552,-2.5279148912552,-1.0726273887911906
2023-02-15,5.654423770143985,-2.533077558462498,-1.0050152273294422
2023-02-16,5.658915908763148,-2.5385624216368283,-0.987184753011516
2023-02-17,5.6626699752435625,-2.544408991923665,-0.9836520230799022
2023-02-20,5.6661937560747875,-2.5492091623438333,-0.9880471777417976
2023-02-21,5.669691991017046,-2.5536284280037598,-0.994502635982189
2023-02-22,5.676414012106687,-2.562182879507443,-0.7124407581480926
2023-02-23,5.674413993954497,-2.5703921378132555,-0.6072504010500839
2023-02-24,5.670901645563317,-2.5774558060834454,-0.558511712458412
2023-02-27,5.667354399866554,-2.5840570606042736,-0.5240034520750396
2023-02-28,5.664784262543871,-2.590094563386614,-0.5028909485859047
2023-03-01,5.684773825955679,-2.6126428870793217,-0.3992297062840727
2023-03-02,5.6998440958059895,-2.6337813729692465,-0.3799745089447792
2023-03-03,5.713621564046677,-2.6536004115487186,-0.3873761346517161
2023-03-06,5.726731519768667,-2.671561673243633,-0.40300989032368717
2023-03-07,5.738821746011221,-2.6879974323269704,-0.41470991142705893
2023-03-08,5.750784302630083,-2.7028774386192307,-0.4371545492652803
2023-03-09,5.761754226162915,-2.7158908816433343,-0.4534494290615177
2023-03-10,5.77259095895563,-2.72817107507316,-0.4747288009501599
2023-03-13,5.783116557108989,-2.737426287983989,-0.5038157529823147
2023-03-14,5.792915994092466,-2.742430616860258,-0.5371113471794304
2023-03-15,5.842504907915,-2.779898242479346,-0.3552587196864991
2023-03-16,5.879408163490108,-2.8121369184976657,-0.355212959486916
2023-03-17,5.912270621602718,-2.8435915493472685,-0.4050780810351494
2023-03-20,5.942298923510689,-2.871635914907346,-0.46354165389164875
2023-03-21,5.965057209348154,-2.895573367199825,-0.5176696073345501
2023-03-22,5.987403740428551,-2.9196680961502715,-0.5620580351764871
2023-03-23,6.021151308084135,-2.9469257013337455,-0.4982405949386516
2023-03-24,6.038895972829,-2.9677408959853446,-0.6189030748852186
2023-03-27,6.060724130549274,-2.9781098427863837,-0.6606379183100769
2023-03-28,6.0792227080846395,-2.994567657958448,-0.7195165020718178
2023-03-29,6.097284476829836,-3.009949327477903,-0.7661083763877417
2023-03-30,6.114353261890339,-3.024706035703293,-0.8044540155581473
2023-03-31,6.135589822104169,-3.0291210837484623,-0.8295930836534301
2023-04-03,6.1482305932066295,-3.043327387260777,-0.8800268310351946
2023-04-04,6.160938810732453,-3.0551559259283483,-0.9057588239236101
2023-04-05,6.174485612819619,-3.0564251715471262,-0.8870519093545393
2023-04-06,6.197390152553764,-3.061015787147425,-0.775728768272403
2023-04-11,6.214619412082284,-3.072271009135592,-0.7434406232023343
2023-04-12,6.226676208734853,-3.087706997910596,-0.747021462716172
2023-04-13,6.2432468452691925,-3.0968440363257286,-0.7757156121874386
2023-04-14,6.258082295667727,-3.105827930443615,-0.8107265809661733
2023-04-17,6.266311250764998,-3.12106529232568,-0.8151685208355064
2023-04-18,6.275402392489557,-3.1361226021117794,-0.8293581691904042
2023-04-19,6.285144499740044,-3.14887440446481,-0.8469161861070909
2023-04-20,6.2923211227271985,-3.1631881758214,-0.8518137399569625
2023-04-21,6.3017273416371715,-3.1715257874933336,-0.8520055007843583
2023-04-25,6.308948789711102,-3.183702320354825,-0.8795074715179312
2023-04-26,6.314998436346364,-3.192150149964896,-0.867981395007065
2023-04-27,6.322761279390645,-3.2010109260304818,-0.9057799438721864
2023-04-28,6.330856531809514,-3.209398048440198,-0.9254813534001303
2023-05-02,6.337829670850558,-3.216465796515475,-0.9169881089092002
2023-05-03,6.345594454935689,-3.2201281323599775,-0.9127314162412196
2023-05-04,6.351328572727345,-3.2258544174904213,-0.9190262429551705
2023-05-05,6.355499689470602,-3.232236582706582,-0.936047464098791
2023-05-08,6.3599110357652116,-3.24217209100156,-0.9583135916518839
2023-05-09,6.365251149203827,-3.251357741566103,-0.9674644865363645
2023-05-10,6.3678533022828345,-3.2587868030069838,-0.9852792711948462
2023-05-11,6.374528961772719,-3.2655047737755902,-0.985723312736861
2023-05-12,6.379295232082242,-3.2722617321765863,-0.991324279809559
2023-05-15,6.38311607520168,-3.2833327621368396,-1.0314948533510842
2023-05-16,6.3859019135184685,-3.2970375297343084,-1.0422029737301983
2023-05-17,6.389931902522561,-3.3072658483671513,-1.0393603443157082
2023-05-18,6.393195609685401,-3.319906674037888,-1.0622208019912678
2023-05-19,6.394313335561765,-3.336044783927235,-1.1595660117186901
2023-05-22,6.399330825460412,-3.351649416694717,-1.2252462031521625
2023-05-23,6.406011435858177,-3.3649664135466706,-1.242375115088859
2023-05-24,6.415797180411047,-3.373714916477453,-1.2589959687438825
2023-05-25,6.423081515936841,-3.384200539974658,-1.2753299280842851
2023-05-26,6.429334447803754,-3.391307849306221,-1.2115753204752022
2023-05-29,6.435956822521307,-3.400915428199635,-1.274388908182979
2023-05-30,6.4429119347779755,-3.4091093797568432,-1.3006910007044976
2023-05-31,6.442381481078495,-3.4104725324441594,-1.3217012242645072
2023-06-01,6.441247777461174,-3.409068476455227,-1.378533914246693
2023-06-02,6.440375553813498,-3.405988996889815,-1.411415629064008
2023-06-05,6.44684956886779,-3.4080168344716903,-1.4140465164341531
2023-06-06,6.44786101590957,-3.4083193941770586,-1.421688416000914
2023-06-07,6.453943788412799,-3.4111095227753765,-1.430209346046469
2023-06-08,6.449128032870259,-3.4071320858633167,-1.4329956337441905
2023-06-09,6.455603624378155,-3.4099502992252657,-1.4363189209233194
2023-06-12,6.461098048943919,-3.412557303115211,-1.4445500319276683
2023-06-13,6.465956359870476,-3.414720386779788,-1.4562975299098473
2023-06-14,6.47280672956816,-3.4087594940439705,-1.4426122360513098
2023-06-15,6.477084236063417,-3.405722643698178,-1.4583893472047027
2023-06-16,6.4802856520493455,-3.4065652606810306,-1.4844854104251246
2023-06-19,6.487683487711052,-3.398478512787193,-1.4874443351848776
2023-06-20,6.4899126027381975,-3.399228127776373,-1.5729907616304666
2023-06-21,6.454286292061749,-3.3966203334342695,-2.085129359952079
2023-06-22,6.436414654161906,-3.396992838588269,-2.2326500930153017
2023-06-23,6.4229871371527025,-3.4047280444661103,-2.2437403619349565
2023-06-26,6.412717478715219,-3.412245995457128,-2.299237088957794
2023-06-27,6.407401658180616,-3.4179328187981115,-2.3125120824990373
2023-07-03,6.4032277388185825,-3.422235490669845,-2.3558660523630865
2023-07-04,6.402954086000484,-3.4243020064656675,-2.35861828035381
2023-07-05,6.40451333431435,-3.4192794509518687,-2.3554119465033763
2023-07-06,6.4062069933524635,-3.4133073995604244,-2.35561780101805
2023-07-07,6.410498873484833,-3.411406373636733,-2.3510387422972308
2023-07-10,6.413575835386576,-3.41024345885574,-2.3580504688725323
2023-07-11,6.412213525714167,-3.4078378738074893,-2.393184061293294
2023-07-12,6.413179238037681,-3.406582793774333,-2.374757483856588
2023-07-13,6.412043566272644,-3.4042644052143407,-2.395846744993611
2023-07-14,6.411418186664093,-3.400763945846122,-2.4063694153345607
2023-07-17,6.4110795317580545,-3.3983439249561194,-2.4111498111196736
2023-07-18,6.411140677855491,-3.395961132631901,-2.4143876787228415
2023-07-20,6.41306697819222,-3.3906468150138758,-2.4304478824648132
2023-07-21,6.411937423292322,-3.3886388230830855,-2.4357453019442388
2023-07-24,6.40961256167493,-3.388186357841053,-2.432753710465271
2023-07-25,6.407149483887648,-3.3874448640160626,-2.424599954441615
2023-07-26,6.405904810934792,-3.387169140209403,-2.4349561706398113
2023-07-27,6.404543946263625,-3.3867838970029434,-2.4194398859193615
2023-07-28,6.4023318553502335,-3.385469362592207,-2.4668093865051657
2023-07-31,6.396061950328267,-3.380712868598201,-2.532917002320971
2023-08-01,6.392898070605715,-3.376148070143455,-2.5534982110028386
2023-08-02,6.389491417064579,-3.3732531928711618,-2.5526166564086736
2023-08-03,6.3859609107620185,-3.3725958257334523,-2.553602116182168
2023-08-04,6.379061802555098,-3.37661949488145,-2.544927908975506
2023-08-07,6.372422857491862,-3.380390159938038,-2.516185296910499
2023-08-08,6.367473316160595,-3.383208240506259,-2.4957252448694427
2023-08-09,6.364277619714914,-3.384577695738356,-2.4396223292307333
2023-08-10,6.359887367783109,-3.3847937975790714,-2.45078032762592
2023-08-11,6.3591229696198575,-3.3822890921019315,-2.4535021547909914
2023-08-15,6.3610294322074425,-3.378156912111399,-2.4578539419365804
2023-08-16,6.365513076946137,-3.370068931595769,-2.462626416021146
2023-08-17,6.366703964458698,-3.3656285849205916,-2.4772494722710197
2023-08-18,6.3651777947825074,-3.3650323937948787,-2.4809535244230694
2023-08-22,6.364162702587219,-3.3641596085194503,-2.4816925406847123
2023-08-23,6.36441660289735,-3.362147749439388,-2.480122456609881
2023-08-24,6.3639901882984855,-3.360226085956956,-2.487879589073945
2023-08-25,6.36294867394641,-3.3585860612527494,-2.4862441984479466
2023-08-28,6.361899721376929,-3.3573873870813666,-2.487817624756026
2023-08-29,6.3619822090641875,-3.357135958707819,-2.4838818415458257
2023-08-30,6.363599632657864,-3.35787415830586,-2.471977585711602
2023-08-31,6.3630690812116395,-3.3573242627897693,-2.4807003892139377
2023-09-01,6.365821534934098,-3.3592489978289617,-2.453994754115956
2023-09-04,6.362825824071748,-3.3571654527966044,-2.4749540954921283
2023-09-05,6.361613272204002,-3.3559173885406057,-2.483871157243653
2023-09-06,6.360047087397627,-3.3556466290780325,-2.4847781214108586
2023-09-07,6.362023791397671,-3.3566925643994643,-2.4496255722622884
2023-09-08,6.360032941162655,-3.3558513746087812,-2.465074447361765
2023-09-11,6.3591382401819025,-3.35516171728117,-2.466249171819284
2023-09-12,6.35916656634973,-3.3545230594690594,-2.468347345498628
2023-09-13,6.360840085674876,-3.3555003032439856,-2.4506884439208445
2023-09-14,6.360273799103938,-3.3553556389048276,-2.4633505022650777
2023-09-15,6.360588223840734,-3.355686123022761,-2.47368613629398
2023-09-18,6.362197590781945,-3.354268005405137,-2.452583352820029
2023-09-19,6.359606738719016,-3.351905338207999,-2.4925530605577486
2023-09-20,6.357848938237452,-3.348916478237111,-2.498392627286613
2023-09-21,6.357116645296413,-3.347053920170723,-2.46419086574205
2023-09-22,6.356255228974366,-3.3424604476272766,-2.427867939530496
2023-09-25,6.353984782013465,-3.338250307657513,-2.414831153001487
2023-09-26,6.357348359902814,-3.3389092087306236,-2.3612404933040514
2023-09-27,6.354988444964626,-3.3406077862209242,-2.4498766817429214
2023-10-02,6.357317892538713,-3.3490774054435635,-2.482813430064743
2023-10-03,6.354112212386528,-3.3568929983057108,-2.50867782841956
2023-10-04,6.352395315491067,-3.3688048701240247,-2.5169533761153544
2023-10-05,6.347420646504567,-3.380632156999898,-2.5014777210800734
2023-10-06,6.350895807295068,-3.3916706680765927,-2.479347098985199
2023-10-09,6.351477996183263,-3.3977812340424864,-2.489368444701514
2023-10-10,6.355236606219451,-3.399931529261768,-2.4454254264263406
2023-10-11,6.357254588785135,-3.4022617673666518,-2.434593385334856
2023-10-12,6.357023423670679,-3.403828412571073,-2.456090839362315
2023-10-13,6.358065349889561,-3.4055923205296823,-2.464697717106207
2023-10-16,6.3576680281470415,-3.4066177996800655,-2.450672492030415
2023-10-17,6.357805684371036,-3.409038192011614,-2.4537897351054228
2023-10-18,6.359225969176673,-3.411518363373492,-2.4557557834520094
2023-10-19,6.360924172648945,-3.4147754452459704,-2.4553115889800865
2023-10-20,6.361323086607919,-3.4171105536804833,-2.447788515060681
2023-10-23,6.357845318630259,-3.424647757624143,-2.457612456927189
2023-10-24,6.354171091940149,-3.432736754198496,-2.4381054250127097
2023-10-25,6.354678325986184,-3.434682506247812,-2.425893415216813
2023-10-26,6.354401958402948,-3.438712023447126,-2.4003163372947616
2023-10-27,6.360852195092195,-3.447493684702883,-2.3798743980918124
2023-10-30,6.360652232328468,-3.448118505195369,-2.4044396169618882
2023-10-31,6.361339233695096,-3.4485044962931823,-2.4130895532344656
2023-11-01,6.363319537555992,-3.4485824779689747,-2.414260798658365
2023-11-02,6.363968194079326,-3.4482977648404787,-2.4243363814710834
2023-11-03,6.364570993778044,-3.4472621473808807,-2.4296116277362296
2023-11-07,6.365565154213019,-3.4464590819617675,-2.4520161549736983
2023-11-08,6.366841101204653,-3.4466819747092527,-2.464561557882106
2023-11-09,6.367145829400947,-3.4467416438901086,-2.465224323952547
2023-11-10,6.367687213415214,-3.4470527500395716,-2.466913380644064
2023-11-13,6.369393159094625,-3.448350124533087,-2.4622469095762622
2023-11-14,6.370658526296469,-3.449670310560755,-2.459916765556221
2023-11-15,6.3704966050969425,-3.451254224043489,-2.47479250064969
2023-11-16,6.371717023726933,-3.4559394838896895,-2.4997451261408825
2023-11-17,6.372110509012256,-3.458008334092771,-2.545134831912136
2023-11-20,6.373915761766445,-3.459307991760608,-2.5711281947890154
2023-11-21,6.373538916301787,-3.4627696259416565,-2.5702351901655414
2023-11-22,6.372378036011083,-3.465843764788274,-2.560533057335376
2023-11-23,6.373925986759226,-3.467961383670181,-2.5994243203224046
2023-11-24,6.375982998319814,-3.4701028184861706,-2.6663338659000746
2023-11-27,6.380889652930266,-3.4733582009990323,-2.6720331315058026
2023-11-28,6.381108567043069,-3.4734391070670974,-2.7888850564782146
2023-11-29,6.379092567947305,-3.47045017179613,-2.8733630302147257
2023-11-30,6.381049216423811,-3.4675326109844256,-2.896062143138237
2023-12-01,6.382487071773993,-3.465046885729897,-2.9302382159631444
2023-12-04,6.383062164439852,-3.461089189908494,-2.9592705682949645
2023-12-05,6.383709183467233,-3.4566105548903536,-2.981724537477529
2023-12-06,6.385104365965979,-3.452844265852032,-2.991296327019868
2023-12-07,6.3851895711163404,-3.447838194360926,-2.9875648368381813
2023-12-08,6.385196007279571,-3.4434765390867828,-2.995293380492975
2023-12-11,6.383752572757945,-3.4396246446848404,-2.9973285965365313
2023-12-12,6.3812755314573,-3.433946914133734,-3.0334012353877284
2023-12-13,6.379040283457122,-3.4293826290515392,-3.0799065587630508
2023-12-14,6.375962724892095,-3.4288683977614993,-3.1440032894103043
2023-12-15,6.372768571161839,-3.422734821630706,-3.221011939151438
2023-12-18,6.3582796109819,-3.409738271860522,-3.2966075902962455
2023-12-19,6.347656028091728,-3.39853496686858,-3.309080297653789
2023-12-20,6.338861357146679,-3.385311648159582,-3.29604982056735
2023-12-21,6.319509038048715,-3.3658059295764273,-3.2945941529444536
2023-12-22,6.300574868893125,-3.3473786942134995,-3.3688980549263206
2023-12-27,6.293452159597311,-3.332218986174271,-3.4095272982899782
2023-12-28,6.280649381803094,-3.3137384616903405,-3.371242259708512
2023-12-29,6.268265714100928,-3.2976113777641114,-3.3733097222673183
2024-01-05,6.265466840419352,-3.3073816259527566,-3.4526717638037847
2024-01-08,6.263608807862934,-3.318617846799896,-3.5803666700035013
2024-01-09,6.264503497544236,-3.328622386264158,-3.7106654875697975
2024-01-12,6.25969861171668,-3.330740308301352,-3.935594588811256
2024-01-15,6.247102265123659,-3.3276453238445267,-4.058595558665664
2024-01-16,6.244666763339897,-3.316193496186981,-4.015800523236304
2024-01-19,6.242944869676131,-3.292651655508494,-4.00300842544544
2024-01-22,6.240219770418695,-3.2726348456272563,-4.0145760259632945
2024-01-23,6.236949630643542,-3.252896266971893,-3.9991806143844144
2024-01-24,6.234800936776681,-3.2353565222657488,-3.972850995029853
2024-01-25,6.231804302191223,-3.2154624042401676,-3.889175313266063
2024-01-26,6.224492879245773,-3.197643135709999,-3.860844617297143
2024-01-29,6.21428201671622,-3.173324018679866,-3.8293245783432237
2024-01-30,6.202376209255478,-3.150596417273302,-3.8212846854926688
2024-01-31,6.183925253337327,-3.1255584479264376,-3.8151445977229006
2024-02-01,6.166047237095607,-3.1015236393920733,-3.8138933261845587
2024-02-02,6.14941298044008,-3.079281538975148,-3.7952371129912326
2024-02-05,6.132699788049679,-3.058906961583605,-3.784565740608961
2024-02-06,6.117801759867255,-3.0403805488137987,-3.7460696483518006
2024-02-07,6.103448901218736,-3.0259152804516343,-3.7344589312973553
2024-02-08,6.090057118593767,-3.010199189692511,-3.6926089005739824
2024-02-09,6.07694373353203,-2.99468640321505,-3.6583293628787286
2024-02-12,6.062693742118228,-2.9792384924821644,-3.6338537099216692
2024-02-13,6.050994134183369,-2.9659477347026852,-3.552439646140215
2024-02-14,6.038914542414363,-2.959215365959146,-3.519813831938351
2024-02-15,6.027714097676213,-2.95347572259656,-3.5142159209490154
2024-02-16,6.018359836521497,-2.9471197553850623,-3.503775816895212
2024-02-19,6.008687592736987,-2.9455337073300174,-3.44225241845313
2024-02-20,6.00033677509062,-2.9431266839747354,-3.413087330859572
2024-02-21,5.985149676322116,-2.9438232912621536,-3.3711305954629642
2024-02-22,5.977334687662778,-2.9398996835711784,-3.373005033565964
2024-02-23,5.97015707773152,-2.9355825450654742,-3.3657256764654955
2024-02-26,5.958168066105234,-2.9299025016269185,-3.382078617360439
2024-02-27,5.949005920006388,-2.9246285289820766,-3.371212151290087
2024-02-28,5.94036140684521,-2.9193253332397453,-3.3616053684366225
2024-02-29,5.932586157210872,-2.9169965965401157,-3.369712910707253
2024-03-01,5.926518998159605,-2.9156019716706085,-3.321838542762108
2024-03-04,5.916510731306053,-2.911326912133186,-3.331786493298168
2024-03-05,5.9086189427808575,-2.907809698810803,-3.320066592581301
2024-03-06,5.901827212519376,-2.9018527937916287,-3.2900174902827852
2024-03-07,5.895251323785293,-2.8978652202699005,-3.2810695657177997
2024-03-08,5.8895968998833705,-2.8940051543298755,-3.27091811458173
2024-03-11,5.883664588265594,-2.888900744061931,-3.2624942028191044
2024-03-12,5.878166777428418,-2.884466026114542,-3.2491049126928426
2024-03-13,5.866741920022703,-2.890200228693934,-3.1767428473315977
2024-03-14,5.863029569113052,-2.8849871582432747,-3.1811713168324474
2024-03-15,5.8598390621790575,-2.8809314407081685,-3.1772401620223816
2024-03-18,5.856699074679139,-2.8785403128784792,-3.176104387612315
2024-03-19,5.854096601389887,-2.8766180384415083,-3.172706055979094
2024-03-20,5.85292833782409,-2.873248578333917,-3.171196802666812
2024-03-21,5.85201423266165,-2.8697676300396973,-3.171799737749606
2024-03-22,5.851648124001186,-2.8672676799087173,-3.184803381991776
2024-03-25,5.85157188885076,-2.8637693002858815,-3.2084661856050745
2024-03-26,5.8514946305637086,-2.8608142618253773,-3.2146023278616096
2024-03-27,5.84193135927224,-2.8667610289658016,-3.1711678690508873
2024-03-28,5.841773258473836,-2.8613698921023447,-3.1846348203639847
2024-04-02,5.844075445807874,-2.857078732720337,-3.1273199979855315
2024-04-03,5.83566215847983,-2.862360178393603,-3.0773619154523626
2024-04-04,5.835630173208661,-2.858003649138994,-3.086051146535863
2024-04-05,5.834713193976401,-2.853126305789975,-3.0995731567622236
2024-04-08,5.833325542112938,-2.849766513170607,-3.106279760326286
2024-04-09,5.831753230308243,-2.8468312244312624,-3.1094946954182623
2024-04-15,5.833185385538499,-2.8453946828688608,-3.084124630239605
2024-04-16,5.832304500302312,-2.8411434259825707,-3.101002607585424
2024-04-17,5.832198037657049,-2.838047224666028,-3.110948985372093
2024-04-18,5.832197528542819,-2.834465138954233,-3.113819216058907
2024-04-19,5.835182952780786,-2.8351469449809383,-3.1006998542102995
2024-04-22,5.833283731288754,-2.832863829520051,-3.1266396787554873
2024-04-23,5.8324270458652965,-2.8310826467603727,-3.138097281806848
2024-04-24,5.826023505308804,-2.8336529661057157,-3.1151845655118566
2024-04-25,5.8270257554296325,-2.831414033123424,-3.117622113809946
2024-04-26,5.829484705141481,-2.8325831441047837,-3.0935065726563455
2024-04-29,5.8263714322902915,-2.829907879881453,-3.1091177078592898
2024-04-30,5.8251409330883215,-2.827484442310759,-3.1131026871717316
2024-05-02,5.8242189599995715,-2.826005737995602,-3.102556091664671
2024-05-03,5.819658274638634,-2.825574804757061,-3.1060935009134165
2024-05-06,5.8101217305172606,-2.8334131078537577,-3.0999254444342315
2024-05-07,5.803137702586414,-2.8393999328214967,-3.058853690105532
2024-05-08,5.798993342435177,-2.839664562223148,-3.019282219750348
2024-05-09,5.794618076904068,-2.8413456098197893,-3.002380225052871
2024-05-10,5.792344991089137,-2.842061419358757,-2.9926508822604543
2024-05-13,5.790750207037086,-2.8427012009962236,-2.98677427519584
2024-05-14,5.7909666504666,-2.8413364069824025,-2.9841112769362907
2024-05-15,5.794808237729849,-2.839555538799894,-2.9452759929048193
2024-05-16,5.795324274558663,-2.834548381173184,-2.977485889848248
2024-05-17,5.795556687549824,-2.8296841134762536,-2.992038994206984
2024-05-20,5.794641600042559,-2.8253433438592435,-3.009107969077804
2024-05-21,5.792356261308897,-2.822605424705531,-3.008434794923161
2024-05-22,5.783841124479437,-2.8249263436135177,-2.9725482786823596
2024-05-23,5.7836920032577455,-2.8218915239392626,-2.9759914697344643
2024-05-24,5.78199997204161,-2.819775818990289,-2.9712784300338217
2024-05-27,5.782081357826047,-2.8193933356627765,-2.9628439326625493
2024-05-28,5.781854782055559,-2.818280945754084,-2.961248350918807
2024-05-29,5.782711978568962,-2.815299090789586,-2.9412463223986953
2024-05-30,5.783306085606044,-2.8143183398183216,-2.952938910316267
2024-05-31,5.787194789728984,-2.8147866512711612,-2.9231764585289497
2024-06-03,5.788656160571716,-2.8106786753322845,-2.967760384974462
2024-06-04,5.790143177835344,-2.8067915468366986,-2.9889934633284727
2024-06-05,5.783196112667921,-2.8083164141617045,-2.9624847498840907
2024-06-06,5.786129467793886,-2.8037528793624724,-2.9783646635744354
2024-06-07,5.789302648141025,-2.797858835976533,-2.994588410835182
2024-06-10,5.790329386005726,-2.7941693025995615,-2.9981688921749376
2024-06-11,5.7927713105346275,-2.789677399592876,-3.01255975101682
2024-06-12,5.794805375618784,-2.7856250497797475,-3.028942218701361
2024-06-13,5.797468293146721,-2.7819622479625674,-3.039379773445997
2024-06-14,5.79932638854556,-2.77852855912494,-3.049425143573885
2024-06-19,5.800322516237075,-2.7748777678433405,-3.0724121925392702
2024-06-20,5.793016739410303,-2.7777284156066973,-3.038210151209086
2024-06-21,5.794841840559785,-2.7743118050957025,-3.05086118216349
2024-06-24,5.7964107173611605,-2.7709742870177316,-3.064972554472633
2024-06-25,5.795410040927512,-2.772926912398092,-3.13966713341705
2024-06-26,5.761649611570787,-2.7985800516962454,-3.296401036322492
2024-06-27,5.733637625504422,-2.813552915501687,-3.2852737295142465
2024-06-28,5.71243953890908,-2.826230607970645,-3.2448293504693693
2024-07-01,5.701198151797678,-2.845597975241171,-3.1822535461998043
2024-07-02,5.693014125847366,-2.8627524759816674,-3.121937785101056
2024-07-03,5.685964765890623,-2.880519269969577,-3.088637005702334
2024-07-04,5.680792949136751,-2.894015309133971,-3.03291374991734
2024-07-05,5.67589907880213,-2.905385956091602,-2.9891246740444632
2024-07-08,5.672881510858676,-2.9203434077769583,-3.038404526598187
2024-07-09,5.669216287918484,-2.934522312012474,-3.0689806118835663
2024-07-10,5.671824777195756,-2.9444587060472256,-3.056380933190081
2024-07-11,5.671532048707816,-2.9552798670119858,-3.074749336033472
2024-07-12,5.673173281351835,-2.964141786763604,-3.0675863438228115
2024-07-15,5.675647216895954,-2.9723916205922767,-3.0698436976164105
2024-07-16,5.6784088747392,-2.979076166399451,-3.069129871251069
2024-07-17,5.682907188817837,-2.9909085405983244,-3.1291204323962787
2024-07-18,5.687969172670538,-2.9953628495970475,-3.099022741871249
2024-07-19,5.68558314677557,-3.007205641078293,-3.17331154272791
2024-07-22,5.6827841317661845,-3.0231317942948976,-3.160684881255526
2024-07-23,5.681569416072749,-3.0331550296219443,-3.0973446452973246
2024-07-24,5.6802993609574655,-3.041833757847617,-3.068214881418085
2024-07-25,5.679686652831578,-3.0501059522889,-3.069136916667918
2024-07-26,5.672205882285117,-3.0497320909728614,-3.0359054800536582
2024-07-29,5.673757723750711,-3.054013659257904,-3.0411754851596053
2024-07-31,5.664517030289718,-3.050318377244033,-3.032481676273042
2024-08-01,5.656776232203363,-3.048448055141416,-3.0327138854860176
2024-08-02,5.651237014375024,-3.0442846961566037,-3.023914778365495
2024-08-05,5.647430497437641,-3.0363372536470736,-3.0178330083165785
2024-08-06,5.644051833515066,-3.0268533960389803,-3.008482091661926
2024-08-07,5.63633554930202,-3.0246528441781684,-3.0017647401419505
2024-08-08,5.634308545828394,-3.0183230759337705,-2.991383393398026
2024-08-09,5.631889657728008,-3.0127902947326026,-2.988299845786015
2024-08-12,5.627638123671856,-3.0067353290176366,-2.9913547295392693
2024-08-13,5.623837893656085,-3.0012876012221166,-2.98853627054603
2024-08-15,5.619943813742801,-2.9960171662366926,-2.988061541835402
2024-08-16,5.616096930489587,-2.991337094268625,-2.976796520159074
2024-08-19,5.612582999747212,-2.986843779448861,-2.9658773334760964
2024-08-22,5.609150771835628,-2.984851049572377,-2.969813430145385
2024-08-23,5.606073162246155,-2.9842217723724134,-3.0197080225002866
2024-08-26,5.605190925216518,-2.9832317921623135,-3.025066871927523
2024-08-27,5.607979420965088,-2.9845504568182073,-3.037791286840127
2024-08-28,5.604670310571163,-2.9833195079004104,-3.158492389554857
2024-08-29,5.601638882274072,-2.9811567707172575,-3.2367217457498496
2024-08-30,5.603835089068284,-2.9806659665979947,-3.2539624089911166
2024-09-02,5.604391237391059,-2.979140169450556,-3.270422407598242
2024-09-03,5.605265800610244,-2.979116393133928,-3.280712439166037
2024-09-04,5.593836972897616,-2.9838110546597356,-3.241935809280455
2024-09-05,5.593494946988434,-2.980738937539708,-3.2526155129776018
2024-09-06,5.583649974600878,-2.970946658387955,-3.390712271203406
2024-09-09,5.584004002990796,-2.9637874854614488,-3.439738336617011
2024-09-10,5.585327001193949,-2.959067759576595,-3.478519944091002
2024-09-11,5.583158356171139,-2.9570745722315412,-3.498043205762976
2024-09-12,5.579501255144967,-2.953589804800219,-3.523863522490081
2024-09-13,5.5771156711709935,-2.950299380466073,-3.5281873151564334
2024-09-18,5.575488946989283,-2.9477648213218908,-3.5296448143986345
2024-09-19,5.5639901094452044,-2.9553404462310198,-3.498937843601176
2024-09-20,5.560309906016061,-2.9582969161565567,-3.6156563350607605
2024-09-23,5.557646596573417,-2.9673792626323223,-3.7294267222006345
2024-09-24,5.559709937027024,-2.974184936499075,-3.7792677642004238
2024-09-25,5.584504871133842,-2.9592023632466744,-3.503923521469303
2024-09-26,5.586201172099948,-2.9426947159077557,-3.5384896768145677
2024-09-27,5.583333287777979,-2.9277470230542355,-3.562839857936196
2024-09-30,5.582815572311706,-2.9145416874473247,-3.5624938850152192
2024-10-01,5.580986249439537,-2.903365939733548,-3.584988424777129
2024-10-02,5.568216449889051,-2.9008502863639585,-3.5575230662575597
2024-10-03,5.567693553103694,-2.890435070566125,-3.5688335661048263
2024-10-04,5.566345698017336,-2.8818490790826217,-3.5750445764328465
2024-10-07,5.5642160465244555,-2.8755169612871354,-3.578719582297608
2024-10-08,5.563714870787434,-2.868333038394473,-3.584141398520056
2024-10-09,5.553819152945281,-2.867334317884048,-3.584140717495596
2024-10-10,5.554661632111508,-2.860101053548269,-3.607741279089013
2024-10-11,5.553284156947976,-2.852766619019862,-3.6152221360746877
2024-10-14,5.551812372900425,-2.8464381720062,-3.618681817117349
2024-10-15,5.550067066139997,-2.8409063963894705,-3.622535233274113
2024-10-16,5.546897708242165,-2.837697415744988,-3.6355511190058025
2024-10-17,5.544741818212777,-2.8340889203069914,-3.6424282312245686
2024-10-18,5.540008846642296,-2.833651506981704,-3.641551363333603
2024-10-21,5.5349451547128865,-2.83526804878139,-3.6593882747062803
2024-10-22,5.531778001721166,-2.8371270207122326,-3.653141237207062
2024-10-23,5.5156538191899,-2.849206463429815,-3.580892623640985
2024-10-24,5.514755941212182,-2.847579299253892,-3.5793759083418295
2024-10-25,5.512861346447619,-2.8470624513240304,-3.5800719503712983
2024-10-28,5.509310224264073,-2.849497919553879,-3.572210553244953
2024-10-29,5.506641824308886,-2.851197514038731,-3.5637044944790177
2024-10-30,5.493716077371672,-2.849028416654309,-3.561713769160183
2024-10-31,5.486546039297194,-2.845601826136039,-3.554794179056834
2024-11-01,5.4821885283261045,-2.8424345087397964,-3.518521832120466
2024-11-04,5.4741238614249275,-2.8387520364560554,-3.529914228731176
2024-11-05,5.466111287178154,-2.834235376441892,-3.523658894195572
2024-11-07,5.459681876078382,-2.829867409541366,-3.511176936346436
2024-11-08,5.454142593104007,-2.825953858663403,-3.5003929285115922
2024-11-11,5.448431494480726,-2.821178809238595,-3.4901774969517567
2024-11-12,5.44329631212707,-2.816478562206338,-3.481232156922652
2024-11-13,5.431939452722698,-2.817419882693779,-3.4489611356115235
2024-11-14,5.42439908824723,-2.8171250676932837,-3.4283790753109242
2024-11-15,5.419264832650976,-2.814704366371141,-3.4121592001405303
2024-11-19,5.414090803725911,-2.8114317080552733,-3.3606174691816695
2024-11-20,5.407873732372106,-2.8104020895520105,-3.3601052249293923
2024-11-21,5.405075697090895,-2.805710729350598,-3.3504220536802594
2024-11-22,5.4054636961850475,-2.7967838862358527,-3.3124333984091594
2024-11-25,5.4041566893022726,-2.7876296939976455,-3.3027652643547767
2024-11-26,5.401573052024186,-2.778647049732364,-3.299984040114408
2024-11-27,5.396980971246053,-2.7696328903773058,-3.304013030043376
2024-11-28,5.394380446420318,-2.7625118510934543,-3.275378555783029
2024-11-29,5.393518130514709,-2.7580849470452504,-3.2120713210484686
2024-12-02,5.535706492016058,-2.763238667806747,-2.0474684629734736
2024-12-04,5.468093402725291,-2.7723146589847016,-2.9489193262186437
2024-12-05,5.444387288612814,-2.767323140031565,-3.187560376444583
2024-12-06,5.436513632501781,-2.7631565288995636,-3.178276173448814
2024-12-09,5.4300299212766285,-2.7580457439978727,-3.197503761709538
2024-12-10,5.426254651248253,-2.75091051288849,-3.195281824502696
2024-12-11,5.42418432657077,-2.7467207559830733,-3.226771433402513
2024-12-12,5.424539420236212,-2.740869841047669,-3.174439801976613
2024-12-13,5.420662599666844,-2.7353618854911788,-3.1541165593382305
2024-12-16,5.419258413452469,-2.7329812455858358,-3.1453740943374924
2024-12-17,5.41424945722936,-2.7280187673453784,-3.18570207830529
2024-12-18,5.381055302457209,-2.7497625947385234,-3.3201715006824957
2024-12-19,5.34572616922209,-2.777686557318557,-3.323038695961894
2024-12-20,5.334263367994112,-2.7896775219910346,-3.297872307843143
2024-12-23,5.3260975936670185,-2.799582581577415,-3.2938452123345057
2024-12-24,5.321609836386789,-2.8051927278521087,-3.256036772587352
2024-12-27,5.317910798365201,-2.8089123087490213,-3.230372303824256
2024-12-30,5.319096639620146,-2.812619089375332,-3.2036423030597243
2025-01-02,5.3075048298397585,-2.810197428182023,-3.242881034715613
2025-01-03,5.3043072996893805,-2.810809009157535,-3.2382076793432524
2025-01-06,5.300390616950138,-2.810644671411868,-3.2266470151319426
2025-01-07,5.297340228397876,-2.811161068737221,-3.2150954088527133
2025-01-08,5.292402161774925,-2.814007998539133,-3.208816949341512
2025-01-09,5.2882511023982435,-2.818083627490449,-3.192979402178992
2025-01-10,5.284522731891711,-2.820891619316241,-3.180168303801974
2025-01-13,5.281666118858565,-2.8236847927644493,-3.165855362094352
2025-01-15,5.275217050534753,-2.823607265000227,-3.156433588804849
2025-01-16,5.270640091502981,-2.8228002509909604,-3.130945563485066
2025-01-17,5.2652569497891495,-2.821465108404532,-3.1239778983444015
2025-01-20,5.258547811680214,-2.817901673708669,-3.1137111311098433
2025-01-21,5.253112299425904,-2.814738783793051,-3.100471186185933
2025-01-22,5.2342722668492705,-2.8234236891453635,-3.030411527214147
2025-01-23,5.2321606461184444,-2.8176951032889352,-3.018507082334129
2025-01-24,5.228808641693036,-2.8122555232243576,-3.0086970447439723
2025-01-27,5.226261718695015,-2.8073381308421435,-3.000256690873284
2025-01-28,5.223452955340216,-2.802374649831487,-2.9960331394903648
2025-01-29,5.216279016030082,-2.801556468871185,-2.9984213811147407
2025-01-30,5.216705354439203,-2.795678789590143,-3.0066452987884897
2025-01-31,5.219570354699232,-2.785430421743983,-3.0210848824340144
2025-02-03,5.222770156655982,-2.7739486663083777,-3.04512904047091
2025-02-04,5.222937258718233,-2.7639461625533257,-3.0489109043688902
2025-02-05,5.21442404364864,-2.762381913568821,-3.0249391035359454
2025-02-06,5.214078944480822,-2.753726930924673,-3.032052496149735
2025-02-07,5.213051587047952,-2.7458164476196205,-3.040422356510831
2025-02-10,5.212153714633656,-2.7393535864550533,-3.0386685591963087
2025-02-11,5.2103468194399865,-2.7330347461278244,-3.0413135285166493
2025-02-12,5.20297145074379,-2.732038847376099,-3.010801391766833
2025-02-13,5.200750515293823,-2.727420945874856,-3.002207393106957
2025-02-14,5.197879874180825,-2.7228585626965893,-2.997354363956367
2025-02-17,5.195071990445637,-2.718706352016363,-2.9912127955005023
2025-02-18,5.1927559655150075,-2.7151228247301447,-2.9869960597900325
2025-02-19,5.178142561840963,-2.7217990791395863,-2.9292888294324277
2025-02-20,5.176511274820464,-2.719147444039383,-2.922248188161843
2025-02-21,5.174722088800986,-2.716470322182244,-2.917828109733394
2025-02-24,5.173302619730846,-2.7128319322964556,-2.916633846820827
2025-02-25,5.171574511445935,-2.7099798817939607,-2.915744351768953
2025-02-26,5.162766510319586,-2.7141565966185923,-2.886567161150945
2025-02-27,5.162331918311469,-2.7103516105581256,-2.8828553844046896
2025-02-28,5.162233747639149,-2.7057733317361015,-2.884271717777645
2025-03-03,5.16312753553137,-2.699997848717763,-2.8914464804168114
2025-03-04,5.163564079922225,-2.6969450774099744,-2.8986982623674513
2025-03-05,5.164291755404747,-2.694616377232383,-2.91069931824129
2025-03-06,5.166259202623925,-2.6926115125290147,-2.9098422295795046
2025-03-07,5.167797878501302,-2.6918266039869887,-2.9086965893446144
2025-03-10,5.1699901528007866,-2.6918606995794416,-2.9045582826592873
2025-03-11,5.170911276732869,-2.6912466425539323,-2.919395959532343
2025-03-12,5.170793127012274,-2.6945342736836153,-2.9153968369151246
2025-03-13,5.170489679927139,-2.696077371860758,-2.9155727357197083
2025-03-14,5.170630472856581,-2.697139934343863,-2.916204775728672
2025-03-17,5.17257787457669,-2.699539321520038,-2.8937426430761164
2025-03-18,5.172984281573462,-2.6999308820801446,-2.8898421290486094
2025-03-19,5.136575408942841,-2.7300182374282533,-3.068096220141449
2025-03-20,5.110384289783255,-2.7576427404456525,-3.1694736228278293
2025-03-21,5.095965239691581,-2.7817904323336076,-3.17633130291961
2025-03-24,5.087112582763183,-2.7981524342924855,-3.1632923444010688
2025-03-25,5.080973082235908,-2.81197931590338,-3.141707877963501
2025-03-26,5.061074505774936,-2.818735873433987,-3.1722262099118517
2025-03-27,5.054563624903453,-2.8134947093855027,-3.15768007488464
2025-03-28,5.050552678937327,-2.8021843400639947,-3.073526044488971
2025-03-31,5.04373857921049,-2.791913027585986,-3.04147046153054
2025-04-02,5.03127753168137,-2.788804216506335,-3.0831239666654477
2025-04-07,5.024801475208808,-2.787813354063874,-3.0511123721759925
2025-04-08,5.016347384922514,-2.78837444889127,-3.0533958362413967
2025-04-09,5.008915749288965,-2.7890175343052404,-3.0376438488246764
2025-04-10,5.002427573300081,-2.7872122970990865,-3.01424733448304
2025-04-14,4.997282235850609,-2.783610695726233,-2.996509455731925
2025-04-15,4.991432907825415,-2.7791567688495644,-2.9813522188657084
2025-04-16,4.982927554644732,-2.7790624089187705,-2.959878864809318
2025-04-17,4.977108637755675,-2.7759240151621816,-2.975043923218862
2025-04-22,4.972813718634435,-2.772979026463264,-2.9911072696619283
2025-04-23,4.9679649822612,-2.773213194419024,-2.9962292155237136
2025-04-24,4.964465671780124,-2.774020067996773,-2.996367222514183
2025-04-25,4.961160363160868,-2.7715014536411267,-2.9985595025784635
2025-04-28,4.952528745901729,-2.7694627535222276,-3.0209050811547558
2025-04-29,4.947025965735582,-2.766964978667643,-3.018503979397399
2025-04-30,4.941281274453037,-2.765833431931768,-3.0221969045059103
2025-05-02,4.93629601989182,-2.764967859989022,-3.0154433443763375
2025-05-05,4.934210720741655,-2.7621293216519605,-3.0137059097396808
2025-05-06,4.931591828738321,-2.7613389338290233,-3.0112887422278085
2025-05-07,4.925462795245298,-2.770190111294332,-3.048483926452
2025-05-08,4.925250766253808,-2.773270034000708,-3.0605636879069364
2025-05-09,4.9259190463408995,-2.7760997719516474,-3.0630231690693592
2025-05-12,4.926953527660158,-2.7789928445698258,-3.060539547536894
2025-05-13,4.92553494533057,-2.782279818225831,-3.116693964606957
2025-05-14,4.916801199150355,-2.7948654602858576,-3.126138722589452
2025-05-15,4.921482202203773,-2.797068331625761,-3.179419695344944
2025-05-16,4.924923277123578,-2.80178602554375,-3.2049897852674416
2025-05-19,4.928472317038388,-2.805526470009404,-3.223272398829127
2025-05-20,4.9319497011687705,-2.810369733471694,-3.23910715421649
2025-05-21,4.929085305047649,-2.824395890116691,-3.236955878885254
2025-05-22,4.9279476803856905,-2.8287177989938566,-3.2566845890336094
2025-05-23,4.922551266804055,-2.834136879423453,-3.284539259964064
2025-05-26,4.918698687763153,-2.8368200069232827,-3.299221645882435
2025-05-27,4.914137950504005,-2.8389772843883274,-3.324855401664918
2025-05-28,4.904758902127731,-2.8362799133471333,-3.3852168796534094
2025-05-29,4.896937491100078,-2.8342346217088332,-3.3747232601800365
2025-05-30,4.891512632370217,-2.8283980050123896,-3.370560036144985
2025-06-02,4.88348303593823,-2.828377194312327,-3.318705920043953
2025-06-03,4.876624738615985,-2.8247490019054338,-3.273336019049898
2025-06-04,4.857828358012386,-2.8334315494947364,-3.225544348878395
2025-06-05,4.854114980461194,-2.8265183496512845,-3.194086532750816
2025-06-06,4.848567138353907,-2.8204626519664853,-3.1702295036381396
2025-06-10,4.843420162840568,-2.8153256309040375,-3.155403832459483
2025-06-11,4.831198194305756,-2.82325491256582,-3.1769287369970702
2025-06-12,4.830591461468078,-2.8158106879439244,-3.127023858436478
2025-06-13,4.827931487490881,-2.8091704758321625,-3.111902353292571
2025-06-16,4.826966138573332,-2.8005507593197767,-3.058964874418646
2025-06-17,4.824203986294077,-2.792752360977304,-3.0234295316603146
2025-06-18,4.800312742289808,-2.8069073077215436,-2.9365348088529153
2025-06-19,4.812954382836962,-2.78625064118024,-2.804941497189851
2025-06-20,4.823474527784087,-2.7631040322730884,-2.732714708636575
2025-06-23,4.828837030266267,-2.742145931550066,-2.7072213590485243
2025-06-24,4.828788314250071,-2.7285893619406525,-2.7434942176073442
2025-06-25,4.83168357006347,-2.7229740495401376,-2.809922285935101
2025-06-26,4.8343707261125575,-2.720986906434129,-2.8711865227002566
2025-06-27,4.8382389124681096,-2.719323779838292,-2.9043079150045594
2025-06-30,4.839209897254886,-2.7168686328337364,-2.9362229699607862
2025-07-01,4.840025347302708,-2.7176186188173577,-2.979117556070654
2025-07-02,4.837847935089221,-2.7229310893702157,-3.018427590496966
2025-07-03,4.8358747880423225,-2.729447217462185,-3.03310128434605
2025-07-04,4.836122896067332,-2.7302628035369905,-3.0654937780993743
2025-07-07,4.8352818452914095,-2.7357435600850515,-3.06502678994221
2025-07-08,4.835301225197774,-2.7407592821388804,-3.05855472361285
2025-07-09,4.832751347518343,-2.7432960918881277,-3.1013045047862065
2025-07-10,4.83202832597411,-2.7446740864752206,-3.111134875234452
2025-07-11,4.831763074364391,-2.7464758810721244,-3.112434264722987
2025-07-14,4.832149063784792,-2.7487212160779606,-3.11336475461128
2025-07-15,4.832782542355531,-2.7504957876086356,-3.113354459202822
2025-07-16,4.833491498883875,-2.7518793840701123,-3.116368164837565
2025-07-17,4.8345371910554915,-2.75304978673808,-3.1178852221018762
2025-07-18,4.835526479790332,-2.753941004735507,-3.1195148907869967
2025-07-21,4.836549816232541,-2.754957489287397,-3.1199048617479668
2025-07-22,4.838641024039788,-2.7537551221825534,-3.1265274374300054
2025-07-23,4.836270592949988,-2.756663833912706,-3.1380810956133085
2025-07-24,4.838582459977425,-2.754417373585115,-3.1435177375314254
2025-07-25,4.8402393336408265,-2.753829031299745,-3.14850319182812
2025-07-28,4.841935630572927,-2.753863872478066,-3.152691387949295
2025-07-29,4.843279744123642,-2.7536200388164147,-3.157999935896546
2025-07-30,4.844315700318164,-2.7535823415830976,-3.160827870657459
2025-07-31,4.833928390624513,-2.763427141992184,-3.1325109308873755
2025-08-01,4.8375787437826006,-2.7614411577429396,-3.1274321065232806
2025-08-04,4.839715747801374,-2.759058769503244,-3.1383915333939902
2025-08-05,4.840841930585194,-2.7564776916820373,-3.1518318045648535
2025-08-06,4.837968796969632,-2.758189583331828,-3.1464649649822465
2025-08-07,4.839828397535529,-2.755675760895048,-3.1530135524722476
2025-08-08,4.841042179543744,-2.7535731376135977,-3.1584050631015117
2025-08-11,4.842186714136369,-2.752476363392419,-3.162675222525962
2025-08-12,4.843145380484182,-2.7516623418263615,-3.16690846155432
2025-08-13,4.846322761677873,-2.7507705359323196,-3.165435463473662
2025-08-14,4.848922623282174,-2.7499133797409008,-3.1755671409428237
2025-08-15,4.850402478872215,-2.7487427661182173,-3.192658331519218
2025-08-18,4.849040490080512,-2.7472208502658093,-3.213244527079122
2025-08-19,4.848594401153493,-2.7458602531768674,-3.2213698428533966
2025-08-20,4.848262308331914,-2.7444586060137257,-3.22446514932252
2025-08-21,4.847940479406531,-2.7428902828205826,-3.227257289935478
2025-08-22,4.826674548119476,-2.759124350725794,-3.1369774487367024
2025-08-25,4.831192793901604,-2.7547980637301266,-3.139912247473371
2025-08-26,4.834518868654523,-2.7518791200009423,-3.152023488793525
2025-08-27,4.837328000530204,-2.749624182720284,-3.1706605835919324
2025-08-28,4.839294672461089,-2.7469895604920422,-3.185576403808672
2025-08-29,4.841335431776169,-2.7453820083982623,-3.188663792641517
2025-09-01,4.842557046317559,-2.7436485740533825,-3.2012713940689927
2025-09-02,4.842378370254142,-2.7441380142468623,-3.204586807279056
2025-09-03,4.820691652233064,-2.7637402693441016,-3.1142495481430204
2025-09-04,4.827138612022173,-2.757313809329393,-3.122126002324425
2025-09-05,4.831383633277442,-2.7518506500821833,-3.139254027314875
2025-09-08,4.8347819306498225,-2.7469073632195173,-3.157715098697402
2025-09-09,4.868318700400574,-2.7461622048505214,-2.53327122327498
2025-09-10,4.843091940570263,-2.7466427811997645,-2.964431794467644
2025-09-11,4.835189917817108,-2.744954198512195,-3.100871433360984
2025-09-12,4.832754903077068,-2.742736752912035,-3.140518788705088
2025-09-15,4.829129144180817,-2.743675069104007,-3.1431030648262333
2025-09-16,4.823402881311158,-2.747313806319501,-3.12660976839311
2025-09-17,4.791819683318069,-2.773366326456471,-2.995012345855539
2025-09-18,4.793640175403271,-2.7700141423423994,-2.984236866313445
2025-09-19,4.794690048614272,-2.767870757424171,-2.9860826807443392
2025-09-22,4.795315401869004,-2.766437556110247,-2.98826036391772
2025-09-23,4.7959663337506,-2.7654268552482044,-2.9926818129653294
2025-09-24,4.801258336447399,-2.758345865913457,-2.9715165009426117
2025-09-25,4.812564902695749,-2.7499566282100463,-2.9231092591780636
2025-09-26,4.818452609630999,-2.7482043281751154,-2.893948305682919
2025-09-29,4.821740329556054,-2.739820656019643,-2.9431036507204054
2025-09-30,4.824568003780866,-2.7323341404737134,-2.9721265539932102
2025-10-01,4.819793528729886,-2.73018603882446,-2.972634134094449
2025-10-02,4.824500621183551,-2.7248348780978615,-2.9822620019966344
2025-10-03,4.828966461832987,-2.7217118892279233,-2.981203934597446
2025-10-06,4.83015893066931,-2.718657270755663,-2.9945249780267997
2025-10-07,4.831273584760791,-2.716197404372105,-2.9978695077004174
2025-10-08,4.83073567493131,-2.7143971492746704,-2.993518184078735
2025-10-09,4.831142971583271,-2.710568519065029,-2.992510810693959
2025-10-10,4.832539069538901,-2.707607286958096,-2.975740024471984
2025-10-13,4.829699579683599,-2.7023542901113204,-2.997267590696269
2025-10-14,4.831015007866925,-2.6982882795613654,-2.9631479872185515
2025-10-15,4.832641071284663,-2.691204013447857,-2.896106200683606
2025-10-16,4.834958273557158,-2.687575573386339,-2.8297124210321782
2025-10-17,4.833147146368386,-2.683767256512514,-2.792840037685257
2025-10-20,4.831907724113586,-2.682472372045653,-2.7452929154566283
2025-10-21,4.828824832575369,-2.6791216609317576,-2.737447854653549
2025-10-22,4.826336622070106,-2.67319872102405,-2.70567481397436
2025-10-23,4.822643557395753,-2.668709509005902,-2.6913140361302794
2025-10-24,4.826347866930459,-2.6689891894783786,-2.6696761726884315
2025-10-27,4.831394032880133,-2.669128213596401,-2.6650700087092845
2025-10-28,4.836913330616145,-2.6708078965859277,-2.6649026906074815
2025-10-29,4.841303692915085,-2.6725576906723663,-2.673145579468546
2025-10-30,4.840457215315109,-2.6733601375416516,-2.737552409604391
2025-10-31,4.841480443097559,-2.675283077333152,-2.7721960115358506
2025-11-03,4.843946367643486,-2.677081952061216,-2.7995234310147623
2025-11-04,4.84640028935719,-2.678930654325882,-2.8282132608516912
2025-11-05,4.84496067774128,-2.6844876729124696,-2.8851336913617445
2025-11-07,4.844043292720401,-2.6900458097126876,-2.8866167339892694
2025-11-10,4.845147159379042,-2.6946521975963798,-2.886996455038585
2025-11-11,4.846066704264183,-2.69707191199558,-2.8649372526663845
2025-11-12,4.823220334888702,-2.6904540290419416,-2.7677061273269357
2025-11-13,4.8242400672216394,-2.688112687590075,-2.728845732522843
2025-11-14,4.823699740961985,-2.6880970206285193,-2.67494934158388
2025-11-17,4.821665651526894,-2.6880956238077007,-2.637518218770939
2025-11-19,4.822771358622832,-2.681114526601202,-2.6114197816918145
2025-11-20,4.822566645699848,-2.6753170303965077,-2.5726426577520014
2025-11-21,4.827183593123681,-2.668387006531865,-2.4849799251505735
2025-11-24,4.812100689485986,-2.653142696985152,-2.4028415207325735
2025-11-25,4.8123620440840265,-2.6486925307405187,-2.3647037199431695
2025-11-26,4.807480884322681,-2.6468185380957223,-2.3294407058254016
2025-11-27,4.8067547044972345,-2.641362743159372,-2.324637300901877
2025-11-28,4.8154263698380655,-2.6415797896385333,-2.259922850995311
2025-12-01,4.814073693022327,-2.6394539412743225,-2.3296035848731567
2025-12-02,4.813408626903955,-2.637277045127887,-2.323651281040069
2025-12-03,4.80501461700884,-2.622279954754593,-2.2504926729991084
2025-12-04,4.808307083149166,-2.6172607957865597,-2.245712154214085
2025-12-05,4.8166920900299655,-2.615709260250566,-2.228211957692136
2025-12-08,4.817663406421886,-2.613226501637641,-2.265007184176644
2025-12-09,4.81970681058178,-2.611885051859126,-2.281782448323489
2025-12-10,4.820240670505511,-2.6194379843767663,-2.3583902352564827
2025-12-11,4.821697825257693,-2.624482776055052,-2.402225092475528
2025-12-12,4.827098674283387,-2.6302636046650156,-2.4211183393304125
2025-12-15,4.832877532260094,-2.6356923655060074,-2.4352682143110553
2025-12-16,4.83898445948453,-2.6409128104994015,-2.44441874180974
2025-12-17,4.844497148748665,-2.6499750268005964,-2.4635371457362076
2025-12-18,4.846484802112655,-2.6561195580904484,-2.5295657281497657
2025-12-19,4.847916583265176,-2.662578395567364,-2.5997518513366153
2025-12-22,4.852022092350154,-2.6697788556047,-2.612882042889611
2025-12-23,4.855930498632887,-2.6758887721047135,-2.624354882648241
2025-12-24,4.8594958708807345,-2.680710896083043,-2.6368037309338694
2025-12-29,4.860951166589528,-2.685217841186627,-2.6295115557653395
2025-12-30,4.862587711100556,-2.6888894903737417,-2.629415530545087
2025-12-31,4.860564699583498,-2.691738133426952,-2.6024197367341175
2026-01-02,4.866387201854346,-2.6970831937917934,-2.5671740805556995
2026-01-05,4.8705557467337695,-2.702187132546063,-2.558289967976656
2026-01-06,4.876704746435373,-2.706880521315541,-2.530421818734776
2026-01-07,4.882937815596655,-2.7059579600871446,-2.526800849980005
2026-01-08,4.890120510183388,-2.7083092815632646,-2.5263794782150297
2026-01-09,4.893455391453763,-2.705309252129483,-2.5018718741747525
2026-01-12,4.895691079730892,-2.701669087833666,-2.489054208429304
2026-01-13,4.901769863321651,-2.696964704841402,-2.436336515518162
2026-01-15,4.909910517274469,-2.692480636217437,-2.386458653335734
2026-01-16,4.9147848354003365,-2.685643298769789,-2.358737012104554
2026-01-19,4.917231783533948,-2.679383936197244,-2.354447190174969
2026-01-20,4.920057777297181,-2.671189608177451,-2.3483782582133648
2026-01-21,4.92691587974507,-2.654984551734934,-2.286630234634399
2026-01-22,4.927381422755066,-2.6416778997370787,-2.2575379766305677
2026-01-23,4.925286213747405,-2.630599820002387,-2.2538501409440643
2026-01-26,4.922483888659325,-2.620798733839753,-2.2540033100267634
2026-01-27,4.919384617873505,-2.610953907668205,-2.241536878730513
2026-01-28,4.914254976831444,-2.6046962795023756,-2.2447976114376473
2026-01-29,4.908533961288856,-2.6007504892212614,-2.246211123970759
2026-01-30,4.9057938534453545,-2.59686746895065,-2.2379460750484625
2026-02-02,4.905177767643941,-2.595812893592835,-2.225693029389606
2026-02-03,4.904706810097799,-2.5951978239691327,-2.2196523450231074
2026-02-04,4.903151005029443,-2.596184224562916,-2.2135816627403844
2026-02-05,4.900735908187288,-2.5996223929743225,-2.2115576392781318
2026-02-06,4.896506542009885,-2.603060104390219,-2.229556072752667
2026-02-09,4.8955198043070824,-2.6079833837724453,-2.20843885149221
2026-02-10,4.8957941194516135,-2.611167779097334,-2.1781115353911424
2026-02-11,4.892168265878886,-2.620177390638351,-2.1917529203292254
2026-02-12,4.8892567684350725,-2.635472021138964,-2.2523903418476983
2026-02-13,4.8876742127776645,-2.6471200844999085,-2.2735446835837627
2026-02-16,4.8891976888588715,-2.655823189090819,-2.2554410928380015
2026-02-17,4.892215925178413,-2.6636879878575934,-2.261110562598785
2026-02-18,4.880604458771114,-2.6652165708967055,-2.3217773179239
2026-02-19,4.879770886799726,-2.6772407367728244,-2.4453906592558967
2026-02-20,4.881744116985129,-2.6818151645095822,-2.50675966312853
2026-02-23,4.8852240783996885,-2.686637303669909,-2.529045488021069
2026-02-24,4.890093801861509,-2.690062780267767,-2.544382887269893
2026-02-25,4.895062955875759,-2.691375518884615,-2.548772363036599
2026-02-26,4.898453928115028,-2.6950340606970853,-2.591900487479772
2026-02-27,4.902573521599993,-2.6979050752614855,-2.6116276294012035
2026-03-02,4.9131517920606695,-2.7051323448726055,-2.5592976664451914
2026-03-03,4.925380304513104,-2.705899858967505,-2.4473033781874722
2026-03-04,4.931644869515885,-2.7051188384289713,-2.346350312706192
2026-03-05,4.935183975343845,-2.704114108085354,-2.3034140132298053
2026-03-06,4.936106867683465,-2.7070658167945343,-2.342227954982103
2026-03-09,4.940364156362282,-2.704926235006415,-2.267152753767063
2026-03-10,4.9437209915890366,-2.7022474715976696,-2.2133681717168345
2026-03-11,4.943786249264511,-2.7014522723829955,-2.212285470790663
2026-03-12,4.94419934527676,-2.6993077553196874,-2.180470098571613
2026-03-13,4.945601710234414,-2.696973956276702,-2.1145465918671267
2026-03-16,4.944823043624905,-2.6911395999845014,-2.049056122476964
2026-03-17,4.941917078713548,-2.6846079001916214,-1.9567769489806064
2026-03-18,4.936163455422284,-2.682129026054192,-1.9557735234388172
2026-03-19,4.915627326665319,-2.666250118423554,-1.89004943988645
2026-03-24,4.919453797106463,-2.6619634711682623,-1.721177457964566
2026-03-25,4.917136775673583,-2.66098173849375,-1.7017971770100233
2026-03-26,4.914485116789639,-2.6566913973631414,-1.6568190777188627
2026-03-27,4.912470369817831,-2.6579885274236026,-1.658452805541482
2026-03-30,4.914531820902817,-2.6592025195885305,-1.5874986934125395
2026-03-31,4.918165716722492,-2.6624711976301856,-1.537808962375037
2026-04-01,4.9178836649846245,-2.665886392326037,-1.5532527544901311
2026-04-02,4.917797899976775,-2.665159230439923,-1.571183500228472
2026-04-07,4.909240617755237,-2.69733958004103,-1.7061206898429897
2026-04-08,4.910335910662231,-2.72456445077558,-1.725709084008779
2026-04-09,4.914969521914768,-2.746033140982695,-1.7265635712507628
2026-04-10,4.921313802134937,-2.7660166553468977,-1.7213239760955517
2026-04-13,4.944544828747772,-2.773479325176575,-1.729264119187834
2026-04-14,4.954981583491563,-2.7754208942562673,-1.818928575396803
2026-04-15,4.96630200157426,-2.7805529373742686,-1.9007340564597779
2026-04-16,4.9776928997744685,-2.7791133187630184,-1.9390812600924876
2026-04-17,5.051128339781658,-2.8349919888786896,-2.000249856243984
2026-04-20,5.044026874931425,-2.850800506144343,-2.138240682332579
2026-04-21,5.040633361970876,-2.870343393147984,-2.1724977130204155
2026-04-22,5.0413527306126165,-2.8876858287815415,-2.183126121576919
2026-04-23,5.044713136993917,-2.9015012761346224,-2.2022270244466537
2026-04-24,5.050637615253738,-2.9099824573425637,-2.209532130646791
2026-04-27,5.05644515498813,-2.9165569628836145,-2.2031203909930532
2026-04-28,5.062663261112097,-2.922857818878965,-2.2053422833613485
2026-04-29,5.064913623469679,-2.933303655816012,-2.227719580226714
2026-04-30,5.071347653449642,-2.938232973125425,-2.230805122790767
2026-05-04,5.076909535333617,-2.9422370539123275,-2.2418805857794886
2026-05-05,5.0826862837573135,-2.9456980196367297,-2.24792356964293
2026-05-06,5.0876116696566305,-2.9512719256178266,-2.29957810150712
2026-05-07,5.094129088802314,-2.953351568123222,-2.2902084189468797
2026-05-08,5.096280452268474,-2.9540731679678367,-2.2363568370155016
2026-05-11,5.0968583845500985,-2.9537312153689284,-2.2259103540339296
2026-05-12,5.09453488624078,-2.9564656188074245,-2.237735760836678
2026-05-13,5.092951196167251,-2.958522156951539,-2.2306960121842665
2026-05-14,5.094181623818524,-2.9618430693313127,-2.2076806259538007
2026-05-15,5.091649136659981,-2.9344772172551985,-2.344599696175734
2026-05-18,5.117123920515313,-2.916362489774959,-2.040039638926661
2026-05-19,5.107818807839791,-2.9308412176045047,-2.096086327633886
2026-05-20,5.106145605751117,-2.940353131459794,-2.081116086385126
2026-05-21,5.097468662588449,-2.9522933237185653,-2.155988238338744
2026-05-22,5.09786162931515,-2.961094407551595,-2.1346113730096015
2026-05-25,5.100611994112785,-2.966459175725262,-2.0757430273666353
2026-05-26,5.098495528039606,-2.9688577525844186,-2.252297360876272
2026-06-01,5.102920278321729,-2.96907074648888,-2.2779469604972533
2026-06-02,5.1121646277159405,-2.971075670356324,-2.129721719393633
2026-06-03,5.118170428673064,-2.968428127424916,-2.00066718513516
2026-06-04,5.1119432189435825,-2.971118440892428,-2.2027241788218475
2026-06-05,5.11367416566629,-2.9702032112478425,-2.23113768831364
2026-06-08,5.116047499098072,-2.97338756001905,-2.202773307106999
2026-06-09,5.109202235537815,-2.975915271304123,-2.258186661274985
2026-06-10,5.110519705546405,-2.978605138581194,-2.245405757070999
2026-06-11,5.111669775934283,-2.9799703552161305,-2.2439763297476207
2026-06-12,5.1222440595277545,-2.967177909164985,-1.975945260448185
2026-06-15,5.117485358171464,-2.963707282142189,-1.9232438568618593
2026-06-16,5.11223565942573,-2.9620560147179447,-1.9054381535204057
2026-06-18,5.107024112348231,-2.971194111733824,-1.9035371165627033
